sessionId,blockIndex,unityApplicationFps,testMode,closeRadius,weapon,phase,phaseStartIso,roundNumber,frameIndex,timeSinceStartSec,unscaledDeltaMs,mouseX,mouseY,mouseDeltaX,mouseDeltaY,ufoX,ufoY,towerX,side,leftButtonDown,leftButtonPressed,fireKeyDown,shotFired,shotHitX,stimulusMs,spikeFired,stutterMs,windowOpen,threshEstimateMs,sd,slopeEstimate,lapseEstimate,accuracy,score,cfg_weapon,cfg_unityApplicationFps,cfg_practiceStuttersMs,cfg_swSpikeDelayMinSec,cfg_swSpikeDelayMaxSec,cfg_swWindowSec,cfg_swRespikeMinSec,cfg_swRespikeMaxSec,cfg_swMaxEarlyPerRound,cfg_maxSpikesPerRound,cfg_roundTimeoutSec,cfg_hitPoints,cfg_missPoints,cfg_stimMinMs,cfg_stimMaxMs,cfg_stimCount,cfg_threshMinMs,cfg_threshMaxMs,cfg_threshCount,cfg_slopeMin,cfg_slopeMax,cfg_slopeCount,cfg_lapseMin,cfg_lapseMax,cfg_lapseCount,cfg_guessRate,cfg_maxTrials,cfg_minTrials,cfg_stopSD
58,1,60,FrameTimeStutter,5.000,shockwave,practice,2026-09-16T14:19:09.4690318-04:00,0,0,0.00000,16.9095,579.82,1294.02,-175.000,4.000,-2.4283,9.0029,-8.7543,Right,0,0,0,0,0.0000,450.000,0,0.000,0,127.500,71.914,4.500,0.0300,0.0000,0.00,shockwave,60,450;300;200;100;50,1.5,3,0.5,1,2,1,10,0,100,-10,5,250,40,5,250,60,1,8,11,0,0.06,4,0.556,50,8,5
58,1,60,FrameTimeStutter,5.000,shockwave,practice,2026-09-16T14:19:09.4690318-04:00,0,1,0.01579,15.7898,318.50,1301.23,-145.000,4.000,-5.0797,9.0760,-8.7543,Right,0,0,0,0,0.0000,450.000,0,0.000,0,127.500,71.914,4.500,0.0300,0.0000,0.00,shockwave,60,450;300;200;100;50,1.5,3,0.5,1,2,1,10,0,100,-10,5,250,40,5,250,60,1,8,11,0,0.06,4,0.556,50,8,5
58,1,60,FrameTimeStutter,5.000,shockwave,practice,2026-09-16T14:19:09.4690318-04:00,0,2,0.03289,17.0961,136.47,1310.24,-101.000,5.000,-6.9265,9.1674,-8.7543,Right,0,0,0,0,0.0000,450.000,0,0.000,0,127.500,71.914,4.500,0.0300,0.0000,0.00,shockwave,60,450;300;200;100;50,1.5,3,0.5,1,2,1,10,0,100,-10,5,250,40,5,250,60,1,8,11,0,0.06,4,0.556,50,8,5
58,1,60,FrameTimeStutter,5.000,shockwave,practice,2026-09-16T14:19:09.4690318-04:00,0,3,0.05033,17.4403,31.94,1317.45,-58.000,4.000,-7.9870,9.2406,-8.7543,Right,0,0,0,0,0.0000,450.000,0,0.000,0,127.500,71.914,4.500,0.0300,0.0000,0.00,shockwave,60,450;300;200;100;50,1.5,3,0.5,1,2,1,10,0,100,-10,5,250,40,5,250,60,1,8,11,0,0.06,4,0.556,50,8,5
58,1,60,FrameTimeStutter,5.000,shockwave,practice,2026-09-16T14:19:09.4690318-04:00,0,4,0.06987,19.5479,33.74,1317.45,1.000,0.000,-7.9688,9.2406,-8.7543,Right,0,0,0,0,0.0000,450.000,0,0.000,0,127.500,71.914,4.500,0.0300,0.0000,0.00,shockwave,60,450;300;200;100;50,1.5,3,0.5,1,2,1,10,0,100,-10,5,250,40,5,250,60,1,8,11,0,0.06,4,0.556,50,8,5
58,1,60,FrameTimeStutter,5.000,shockwave,practice,2026-09-16T14:19:09.4690318-04:00,0,5,0.08308,13.2060,40.95,1317.45,4.000,0.000,-7.8956,9.2406,-8.7543,Right,0,0,0,0,0.0000,450.000,0,0.000,0,127.500,71.914,4.500,0.0300,0.0000,0.00,shockwave,60,450;300;200;100;50,1.5,3,0.5,1,2,1,10,0,100,-10,5,250,40,5,250,60,1,8,11,0,0.06,4,0.556,50,8,5
58,1,60,FrameTimeStutter,5.000,shockwave,practice,2026-09-16T14:19:09.4690318-04:00,0,6,0.09977,16.6911,84.21,1321.05,24.000,2.000,-7.4568,9.2771,-8.7543,Right,0,0,0,0,0.0000,450.000,0,0.000,0,127.500,71.914,4.500,0.0300,0.0000,0.00,shockwave,60,450;300;200;100;50,1.5,3,0.5,1,2,1,10,0,100,-10,5,250,40,5,250,60,1,8,11,0,0.06,4,0.556,50,8,5
58,1,60,FrameTimeStutter,5.000,shockwave,practice,2026-09-16T14:19:09.4690318-04:00,0,7,0.11662,16.8482,192.34,1321.05,60.000,0.000,-6.3597,9.2771,-8.7543,Right,0,0,0,0,0.0000,450.000,0,0.000,0,127.500,71.914,4.500,0.0300,0.0000,0.00,shockwave,60,450;300;200;100;50,1.5,3,0.5,1,2,1,10,0,100,-10,5,250,40,5,250,60,1,8,11,0,0.06,4,0.556,50,8,5
58,1,60,FrameTimeStutter,5.000,shockwave,practice,2026-09-16T14:19:09.4690318-04:00,0,8,0.13321,16.5915,376.17,1322.85,102.000,1.000,-4.4946,9.2954,-8.7543,Right,0,0,0,0,0.0000,450.000,0,0.000,0,127.500,71.914,4.500,0.0300,0.0000,0.00,shockwave,60,450;300;200;100;50,1.5,3,0.5,1,2,1,10,0,100,-10,5,250,40,5,250,60,1,8,11,0,0.06,4,0.556,50,8,5
58,1,60,FrameTimeStutter,5.000,shockwave,practice,2026-09-16T14:19:09.4690318-04:00,0,9,0.14963,16.4157,646.51,1319.25,150.000,-2.000,-1.7518,9.2588,-8.7543,Right,0,0,0,0,0.0000,450.000,0,0.000,0,127.500,71.914,4.500,0.0300,0.0000,0.00,shockwave,60,450;300;200;100;50,1.5,3,0.5,1,2,1,10,0,100,-10,5,250,40,5,250,60,1,8,11,0,0.06,4,0.556,50,8,5
58,1,60,FrameTimeStutter,5.000,shockwave,practice,2026-09-16T14:19:09.4690318-04:00,0,10,0.16675,17.1251,931.26,1315.65,158.000,-2.000,1.1373,9.2223,-8.7543,Right,0,0,0,0,0.0000,450.000,0,0.000,0,127.500,71.914,4.500,0.0300,0.0000,0.00,shockwave,60,450;300;200;100;50,1.5,3,0.5,1,2,1,10,0,100,-10,5,250,40,5,250,60,1,8,11,0,0.06,4,0.556,50,8,5
58,1,60,FrameTimeStutter,5.000,shockwave,practice,2026-09-16T14:19:09.4690318-04:00,0,11,0.18318,16.4252,1230.44,1312.04,166.000,-2.000,4.1726,9.1857,-8.7543,Right,0,0,0,0,0.0000,450.000,0,0.000,0,127.500,71.914,4.500,0.0300,0.0000,0.00,shockwave,60,450;300;200;100;50,1.5,3,0.5,1,2,1,10,0,100,-10,5,250,40,5,250,60,1,8,11,0,0.06,4,0.556,50,8,5
58,1,60,FrameTimeStutter,5.000,shockwave,practice,2026-09-16T14:19:09.4690318-04:00,0,12,0.20030,17.1200,1497.17,1310.24,148.000,-1.000,6.8789,9.1674,-8.7543,Right,0,0,0,0,0.0000,450.000,0,0.000,0,127.500,71.914,4.500,0.0300,0.0000,0.00,shockwave,60,450;300;200;100;50,1.5,3,0.5,1,2,1,10,0,100,-10,5,250,40,5,250,60,1,8,11,0,0.06,4,0.556,50,8,5
58,1,60,FrameTimeStutter,5.000,shockwave,practice,2026-09-16T14:19:09.4690318-04:00,0,13,0.21701,16.7127,1724.26,1308.44,126.000,-1.000,9.1828,9.1491,-8.7543,Right,0,0,0,0,0.0000,450.000,0,0.000,0,127.500,71.914,4.500,0.0300,0.0000,0.00,shockwave,60,450;300;200;100;50,1.5,3,0.5,1,2,1,10,0,100,-10,5,250,40,5,250,60,1,8,11,0,0.06,4,0.556,50,8,5
58,1,60,FrameTimeStutter,5.000,shockwave,practice,2026-09-16T14:19:09.4690318-04:00,0,14,0.23349,16.4840,1967.56,1310.24,135.000,1.000,11.6513,9.1674,-8.7543,Right,0,0,0,0,0.0000,450.000,0,0.000,0,127.500,71.914,4.500,0.0300,0.0000,0.00,shockwave,60,450;300;200;100;50,1.5,3,0.5,1,2,1,10,0,100,-10,5,250,40,5,250,60,1,8,11,0,0.06,4,0.556,50,8,5
58,1,60,FrameTimeStutter,5.000,shockwave,practice,2026-09-16T14:19:09.4690318-04:00,0,15,0.25037,16.8728,2055.87,1312.04,49.000,1.000,12.5473,9.1857,-8.7543,Right,0,0,0,0,0.0000,450.000,0,0.000,0,127.500,71.914,4.500,0.0300,0.0000,0.00,shockwave,60,450;300;200;100;50,1.5,3,0.5,1,2,1,10,0,100,-10,5,250,40,5,250,60,1,8,11,0,0.06,4,0.556,50,8,5
58,1,60,FrameTimeStutter,5.000,shockwave,practice,2026-09-16T14:19:09.4690318-04:00,0,16,0.26636,15.9933,2072.09,1312.04,9.000,0.000,12.7119,9.1857,-8.7543,Right,0,0,0,0,0.0000,450.000,0,0.000,0,127.500,71.914,4.500,0.0300,0.0000,0.00,shockwave,60,450;300;200;100;50,1.5,3,0.5,1,2,1,10,0,100,-10,5,250,40,5,250,60,1,8,11,0,0.06,4,0.556,50,8,5
58,1,60,FrameTimeStutter,5.000,shockwave,practice,2026-09-16T14:19:09.4690318-04:00,0,17,0.28366,17.3039,2032.44,1306.63,-22.000,-3.000,12.3096,9.1308,-8.7543,Right,0,0,0,0,0.0000,450.000,0,0.000,0,127.500,71.914,4.500,0.0300,0.0000,0.00,shockwave,60,450;300;200;100;50,1.5,3,0.5,1,2,1,10,0,100,-10,5,250,40,5,250,60,1,8,11,0,0.06,4,0.556,50,8,5
58,1,60,FrameTimeStutter,5.000,shockwave,practice,2026-09-16T14:19:09.4690318-04:00,0,18,0.29969,16.0234,1890.06,1290.41,-79.000,-9.000,10.8651,8.9663,-8.7543,Right,0,0,0,0,0.0000,450.000,0,0.000,0,127.500,71.914,4.500,0.0300,0.0000,0.00,shockwave,60,450;300;200;100;50,1.5,3,0.5,1,2,1,10,0,100,-10,5,250,40,5,250,60,1,8,11,0,0.06,4,0.556,50,8,5
58,1,60,FrameTimeStutter,5.000,shockwave,practice,2026-09-16T14:19:09.4690318-04:00,0,19,0.31705,17.3614,1621.53,1268.79,-149.000,-12.000,8.1405,8.7468,-8.7543,Right,0,0,0,0,0.0000,450.000,0,0.000,0,127.500,71.914,4.500,0.0300,0.0000,0.00,shockwave,60,450;300;200;100;50,1.5,3,0.5,1,2,1,10,0,100,-10,5,250,40,5,250,60,1,8,11,0,0.06,4,0.556,50,8,5
58,1,60,FrameTimeStutter,5.000,shockwave,practice,2026-09-16T14:19:09.4690318-04:00,0,20,0.33388,16.8285,1277.30,1261.58,-191.000,-4.000,4.6481,8.6737,-8.7543,Right,0,0,0,0,0.0000,450.000,0,0.000,0,127.500,71.914,4.500,0.0300,0.0000,0.00,shockwave,60,450;300;200;100;50,1.5,3,0.5,1,2,1,10,0,100,-10,5,250,40,5,250,60,1,8,11,0,0.06,4,0.556,50,8,5
58,1,60,FrameTimeStutter,5.000,shockwave,practice,2026-09-16T14:19:09.4690318-04:00,0,21,0.35046,16.5859,907.83,1265.18,-205.000,2.000,0.8996,8.7102,-8.7543,Right,0,0,0,0,0.0000,450.000,0,0.000,0,127.500,71.914,4.500,0.0300,0.0000,0.00,shockwave,60,450;300;200;100;50,1.5,3,0.5,1,2,1,10,0,100,-10,5,250,40,5,250,60,1,8,11,0,0.06,4,0.556,50,8,5
58,1,60,FrameTimeStutter,5.000,shockwave,practice,2026-09-16T14:19:09.4690318-04:00,0,22,0.36712,16.6524,543.78,1272.39,-202.000,4.000,-2.7940,8.7834,-8.7543,Right,0,0,0,0,0.0000,450.000,0,0.000,0,127.500,71.914,4.500,0.0300,0.0000,0.00,shockwave,60,450;300;200;100;50,1.5,3,0.5,1,2,1,10,0,100,-10,5,250,40,5,250,60,1,8,11,0,0.06,4,0.556,50,8,5
58,1,60,FrameTimeStutter,5.000,shockwave,practice,2026-09-16T14:19:09.4690318-04:00,0,23,0.38368,16.5627,231.99,1279.60,-173.000,4.000,-5.9574,8.8565,-8.7543,Right,0,0,0,0,0.0000,450.000,0,0.000,0,127.500,71.914,4.500,0.0300,0.0000,0.00,shockwave,60,450;300;200;100;50,1.5,3,0.5,1,2,1,10,0,100,-10,5,250,40,5,250,60,1,8,11,0,0.06,4,0.556,50,8,5
58,1,60,FrameTimeStutter,5.000,shockwave,practice,2026-09-16T14:19:09.4690318-04:00,0,24,0.40046,16.7842,1.30,1283.20,-128.000,2.000,-8.2979,8.8931,-8.7543,Right,0,0,0,0,0.0000,450.000,0,0.000,0,127.500,71.914,4.500,0.0300,0.0000,0.00,shockwave,60,450;300;200;100;50,1.5,3,0.5,1,2,1,10,0,100,-10,5,250,40,5,250,60,1,8,11,0,0.06,4,0.556,50,8,5
58,1,60,FrameTimeStutter,5.000,shockwave,practice,2026-09-16T14:19:09.4690318-04:00,0,25,0.41691,16.4471,-0.50,1286.81,-82.000,2.000,-9.7973,8.9296,-8.7543,Right,0,0,0,0,0.0000,450.000,0,0.000,0,127.500,71.914,4.500,0.0300,0.0000,0.00,shockwave,60,450;300;200;100;50,1.5,3,0.5,1,2,1,10,0,100,-10,5,250,40,5,250,60,1,8,11,0,0.06,4,0.556,50,8,5
58,1,60,FrameTimeStutter,5.000,shockwave,practice,2026-09-16T14:19:09.4690318-04:00,0,26,0.43328,16.3691,-0.50,1286.81,-34.000,0.000,-10.4190,8.9296,-8.7543,Left,0,0,0,0,0.0000,450.000,0,0.000,0,127.500,71.914,4.500,0.0300,0.0000,0.00,shockwave,60,450;300;200;100;50,1.5,3,0.5,1,2,1,10,0,100,-10,5,250,40,5,250,60,1,8,11,0,0.06,4,0.556,50,8,5
58,1,60,FrameTimeStutter,5.000,shockwave,practice,2026-09-16T14:19:09.4690318-04:00,0,27,0.45001,16.7332,15.72,1286.81,9.000,0.000,-10.2544,8.9296,-8.7543,Left,0,0,0,0,0.0000,450.000,0,0.000,0,127.500,71.914,4.500,0.0300,0.0000,0.00,shockwave,60,450;300;200;100;50,1.5,3,0.5,1,2,1,10,0,100,-10,5,250,40,5,250,60,1,8,11,0,0.06,4,0.556,50,8,5
58,1,60,FrameTimeStutter,5.000,shockwave,practice,2026-09-16T14:19:09.4690318-04:00,0,28,0.46688,16.8735,102.23,1279.60,48.000,-4.000,-9.3767,8.8565,-8.7543,Left,0,0,0,0,0.0000,450.000,0,0.000,0,127.500,71.914,4.500,0.0300,0.0000,0.00,shockwave,60,450;300;200;100;50,1.5,3,0.5,1,2,1,10,0,100,-10,5,250,40,5,250,60,1,8,11,0,0.06,4,0.556,50,8,5
58,1,60,FrameTimeStutter,5.000,shockwave,practice,2026-09-16T14:19:09.4690318-04:00,0,29,0.48339,16.5037,291.46,1261.58,105.000,-10.000,-7.4568,8.6736,-8.7543,Left,0,0,0,0,0.0000,450.000,0,0.000,0,127.500,71.914,4.500,0.0300,0.0000,0.00,shockwave,60,450;300;200;100;50,1.5,3,0.5,1,2,1,10,0,100,-10,5,250,40,5,250,60,1,8,11,0,0.06,4,0.556,50,8,5
58,1,60,FrameTimeStutter,5.000,shockwave,practice,2026-09-16T14:19:09.4690318-04:00,0,30,0.49977,16.3838,587.03,1236.35,164.000,-14.000,-4.4580,8.4176,-8.7543,Right,0,0,0,0,0.0000,450.000,0,0.000,0,127.500,71.914,4.500,0.0300,0.0000,0.00,shockwave,60,450;300;200;100;50,1.5,3,0.5,1,2,1,10,0,100,-10,5,250,40,5,250,60,1,8,11,0,0.06,4,0.556,50,8,5
58,1,60,FrameTimeStutter,5.000,shockwave,practice,2026-09-16T14:19:09.4690318-04:00,0,31,0.51651,16.7361,942.08,1216.52,197.000,-11.000,-0.8558,8.2165,-8.7543,Right,0,0,0,0,0.0000,450.000,0,0.000,0,127.500,71.914,4.500,0.0300,0.0000,0.00,shockwave,60,450;300;200;100;50,1.5,3,0.5,1,2,1,10,0,100,-10,5,250,40,5,250,60,1,8,11,0,0.06,4,0.556,50,8,5
58,1,60,FrameTimeStutter,5.000,shockwave,practice,2026-09-16T14:19:09.4690318-04:00,0,32,0.53378,17.2666,1311.54,1205.71,205.000,-6.000,2.8927,8.1068,-8.7543,Right,0,0,0,0,0.0000,450.000,0,0.000,0,127.500,71.914,4.500,0.0300,0.0000,0.00,shockwave,60,450;300;200;100;50,1.5,3,0.5,1,2,1,10,0,100,-10,5,250,40,5,250,60,1,8,11,0,0.06,4,0.556,50,8,5
58,1,60,FrameTimeStutter,5.000,shockwave,practice,2026-09-16T14:19:09.4690318-04:00,0,33,0.55039,16.6195,1623.33,1200.30,173.000,-3.000,6.0560,8.0519,-8.7543,Right,0,0,0,0,0.0000,450.000,0,0.000,0,127.500,71.914,4.500,0.0300,0.0000,0.00,shockwave,60,450;300;200;100;50,1.5,3,0.5,1,2,1,10,0,100,-10,5,250,40,5,250,60,1,8,11,0,0.06,4,0.556,50,8,5
58,1,60,FrameTimeStutter,5.000,shockwave,practice,2026-09-16T14:19:09.4690318-04:00,0,34,0.56647,16.0746,1890.06,1196.70,148.000,-2.000,8.7622,8.0153,-8.7543,Right,0,0,0,0,0.0000,450.000,0,0.000,0,127.500,71.914,4.500,0.0300,0.0000,0.00,shockwave,60,450;300;200;100;50,1.5,3,0.5,1,2,1,10,0,100,-10,5,250,40,5,250,60,1,8,11,0,0.06,4,0.556,50,8,5
58,1,60,FrameTimeStutter,5.000,shockwave,practice,2026-09-16T14:19:09.4690318-04:00,0,35,0.58297,16.5056,2075.70,1194.89,103.000,-1.000,10.6456,7.9971,-8.7543,Right,0,0,0,0,0.0000,450.000,0,0.000,0,127.500,71.914,4.500,0.0300,0.0000,0.00,shockwave,60,450;300;200;100;50,1.5,3,0.5,1,2,1,10,0,100,-10,5,250,40,5,250,60,1,8,11,0,0.06,4,0.556,50,8,5
58,1,60,FrameTimeStutter,5.000,shockwave,practice,2026-09-16T14:19:09.4690318-04:00,0,36,0.60037,17.3905,2167.61,1193.09,51.000,-1.000,11.5782,7.9788,-8.7543,Right,0,0,0,0,0.0000,450.000,0,0.000,0,127.500,71.914,4.500,0.0300,0.0000,0.00,shockwave,60,450;300;200;100;50,1.5,3,0.5,1,2,1,10,0,100,-10,5,250,40,5,250,60,1,8,11,0,0.06,4,0.556,50,8,5
58,1,60,FrameTimeStutter,5.000,shockwave,practice,2026-09-16T14:19:09.4690318-04:00,0,37,0.61710,16.7373,2153.19,1189.49,-29.000,-6.000,11.0479,7.8691,-8.7543,Right,0,0,0,0,0.0000,450.000,0,0.000,0,127.500,71.914,4.500,0.0300,0.0000,0.00,shockwave,60,450;300;200;100;50,1.5,3,0.5,1,2,1,10,0,100,-10,5,250,40,5,250,60,1,8,11,0,0.06,4,0.556,50,8,5
58,1,60,FrameTimeStutter,5.000,shockwave,practice,2026-09-16T14:19:09.4690318-04:00,0,38,0.63398,16.8740,1931.51,1164.26,-102.000,-10.000,9.1828,7.6862,-8.7543,Right,0,0,0,0,0.0000,450.000,0,0.000,0,127.500,71.914,4.500,0.0300,0.0000,0.00,shockwave,60,450;300;200;100;50,1.5,3,0.5,1,2,1,10,0,100,-10,5,250,40,5,250,60,1,8,11,0,0.06,4,0.556,50,8,5
58,1,60,FrameTimeStutter,5.000,shockwave,practice,2026-09-16T14:19:09.4690318-04:00,0,39,0.65025,16.2774,1632.34,1157.05,-166.000,-4.000,6.1475,7.6130,-8.7543,Right,0,0,0,0,0.0000,450.000,0,0.000,0,127.500,71.914,4.500,0.0300,0.0000,0.00,shockwave,60,450;300;200;100;50,1.5,3,0.5,1,2,1,10,0,100,-10,5,250,40,5,250,60,1,8,11,0,0.06,4,0.556,50,8,5
58,1,60,FrameTimeStutter,5.000,shockwave,practice,2026-09-16T14:19:09.4690318-04:00,0,40,0.66696,16.7020,1239.45,1164.26,-218.000,4.000,2.1613,7.6862,-8.7543,Right,0,0,0,0,0.0000,450.000,0,0.000,0,127.500,71.914,4.500,0.0300,0.0000,0.00,shockwave,60,450;300;200;100;50,1.5,3,0.5,1,2,1,10,0,100,-10,5,250,40,5,250,60,1,8,11,0,0.06,4,0.556,50,8,5
58,1,60,FrameTimeStutter,5.000,shockwave,practice,2026-09-16T14:19:09.4690318-04:00,0,41,0.68371,16.7530,817.72,1187.69,-234.000,13.000,-2.1175,7.9239,-8.7543,Right,0,0,0,0,0.0000,450.000,0,0.000,0,127.500,71.914,4.500,0.0300,0.0000,0.00,shockwave,60,450;300;200;100;50,1.5,3,0.5,1,2,1,10,0,100,-10,5,250,40,5,250,60,1,8,11,0,0.06,4,0.556,50,8,5
58,1,60,FrameTimeStutter,5.000,shockwave,practice,2026-09-16T14:19:09.4690318-04:00,0,42,0.69980,16.0910,428.44,1207.51,-216.000,11.000,-6.0671,8.1250,-8.7543,Right,0,0,0,0,0.0000,450.000,0,0.000,0,127.500,71.914,4.500,0.0300,0.0000,0.00,shockwave,60,450;300;200;100;50,1.5,3,0.5,1,2,1,10,0,100,-10,5,250,40,5,250,60,1,8,11,0,0.06,4,0.556,50,8,5
58,1,60,FrameTimeStutter,5.000,shockwave,practice,2026-09-16T14:19:09.4690318-04:00,0,43,0.71687,17.0728,82.40,1221.93,-192.000,8.000,-9.5779,8.2713,-8.7543,Right,0,0,0,0,0.0000,450.000,0,0.000,0,127.500,71.914,4.500,0.0300,0.0000,0.00,shockwave,60,450;300;200;100;50,1.5,3,0.5,1,2,1,10,0,100,-10,5,250,40,5,250,60,1,8,11,0,0.06,4,0.556,50,8,5
58,1,60,FrameTimeStutter,5.000,shockwave,practice,2026-09-16T14:19:09.4690318-04:00,0,44,0.73383,16.9531,-0.50,1230.94,-158.000,5.000,-12.4669,8.3627,-8.7543,Left,0,0,0,0,0.0000,450.000,0,0.000,0,127.500,71.914,4.500,0.0300,0.0000,0.00,shockwave,60,450;300;200;100;50,1.5,3,0.5,1,2,1,10,0,100,-10,5,250,40,5,250,60,1,8,11,0,0.06,4,0.556,50,8,5
58,1,60,FrameTimeStutter,5.000,shockwave,practice,2026-09-16T14:19:09.4690318-04:00,0,45,0.75050,16.6785,-0.50,1239.95,-95.000,5.000,-14.2040,8.4541,-8.7543,Left,0,0,0,0,0.0000,450.000,0,0.000,0,127.500,71.914,4.500,0.0300,0.0000,0.00,shockwave,60,450;300;200;100;50,1.5,3,0.5,1,2,1,10,0,100,-10,5,250,40,5,250,60,1,8,11,0,0.06,4,0.556,50,8,5
58,1,60,FrameTimeStutter,5.000,shockwave,practice,2026-09-16T14:19:09.4690318-04:00,0,46,0.76636,15.8547,-0.50,1247.16,-31.000,4.000,-14.7709,8.5273,-8.7543,Left,0,0,0,0,0.0000,450.000,0,0.000,0,127.500,71.914,4.500,0.0300,0.0000,0.00,shockwave,60,450;300;200;100;50,1.5,3,0.5,1,2,1,10,0,100,-10,5,250,40,5,250,60,1,8,11,0,0.06,4,0.556,50,8,5
58,1,60,FrameTimeStutter,5.000,shockwave,practice,2026-09-16T14:19:09.4690318-04:00,0,47,0.78313,16.7675,19.32,1247.16,11.000,0.000,-14.5697,8.5273,-8.7543,Left,0,0,0,0,0.0000,450.000,0,0.000,0,127.500,71.914,4.500,0.0300,0.0000,0.00,shockwave,60,450;300;200;100;50,1.5,3,0.5,1,2,1,10,0,100,-10,5,250,40,5,250,60,1,8,11,0,0.06,4,0.556,50,8,5
58,1,60,FrameTimeStutter,5.000,shockwave,practice,2026-09-16T14:19:09.4690318-04:00,0,48,0.80008,16.9569,136.47,1247.16,65.000,0.000,-13.3812,8.5273,-8.7543,Left,0,0,0,0,0.0000,450.000,0,0.000,0,127.500,71.914,4.500,0.0300,0.0000,0.00,shockwave,60,450;300;200;100;50,1.5,3,0.5,1,2,1,10,0,100,-10,5,250,40,5,250,60,1,8,11,0,0.06,4,0.556,50,8,5
58,1,60,FrameTimeStutter,5.000,shockwave,practice,2026-09-16T14:19:09.4690318-04:00,0,49,0.81723,17.1452,596.05,1232.74,255.000,-8.000,-8.7185,8.3810,-8.7543,Left,0,0,0,0,0.0000,450.000,0,0.000,0,127.500,71.914,4.500,0.0300,0.0000,0.00,shockwave,60,450;300;200;100;50,1.5,3,0.5,1,2,1,10,0,100,-10,5,250,40,5,250,60,1,8,11,0,0.06,4,0.556,50,8,5
58,1,60,FrameTimeStutter,5.000,shockwave,practice,2026-09-16T14:19:09.4690318-04:00,0,50,0.83333,16.0982,1068.24,1211.11,262.000,-12.000,-3.9277,8.1616,-8.7543,Left,0,0,0,0,0.0000,450.000,0,0.000,0,127.500,71.914,4.500,0.0300,0.0000,0.00,shockwave,60,450;300;200;100;50,1.5,3,0.5,1,2,1,10,0,100,-10,5,250,40,5,250,60,1,8,11,0,0.06,4,0.556,50,8,5
58,1,60,FrameTimeStutter,5.000,shockwave,practice,2026-09-16T14:19:09.4690318-04:00,0,51,0.85020,16.8770,1592.69,1198.50,291.000,-7.000,1.3933,8.0336,-8.7543,Right,0,0,0,0,0.0000,450.000,0,0.000,0,127.500,71.914,4.500,0.0300,0.0000,0.00,shockwave,60,450;300;200;100;50,1.5,3,0.5,1,2,1,10,0,100,-10,5,250,40,5,250,60,1,8,11,0,0.06,4,0.556,50,8,5
58,1,60,FrameTimeStutter,5.000,shockwave,practice,2026-09-16T14:19:09.4690318-04:00,0,52,0.86642,16.2110,2073.89,1196.70,267.000,-1.000,6.2755,8.0153,-8.7543,Right,0,0,0,0,0.0000,450.000,0,0.000,0,127.500,71.914,4.500,0.0300,0.0000,0.00,shockwave,60,450;300;200;100;50,1.5,3,0.5,1,2,1,10,0,100,-10,5,250,40,5,250,60,1,8,11,0,0.06,4,0.556,50,8,5
58,1,60,FrameTimeStutter,5.000,shockwave,practice,2026-09-16T14:19:09.4690318-04:00,0,53,0.88369,17.2761,2477.60,1196.70,224.000,0.000,10.3713,8.0153,-8.7543,Right,0,0,0,0,0.0000,450.000,0,0.000,0,127.500,71.914,4.500,0.0300,0.0000,0.00,shockwave,60,450;300;200;100;50,1.5,3,0.5,1,2,1,10,0,100,-10,5,250,40,5,250,60,1,8,11,0,0.06,4,0.556,50,8,5
58,1,60,FrameTimeStutter,5.000,shockwave,practice,2026-09-16T14:19:09.4690318-04:00,0,54,0.89977,16.0741,2558.70,1202.10,185.000,3.000,13.7541,8.0701,-8.7543,Right,0,0,0,0,0.0000,450.000,0,0.000,0,127.500,71.914,4.500,0.0300,0.0000,0.00,shockwave,60,450;300;200;100;50,1.5,3,0.5,1,2,1,10,0,100,-10,5,250,40,5,250,60,1,8,11,0,0.06,4,0.556,50,8,5
58,1,60,FrameTimeStutter,5.000,shockwave,practice,2026-09-16T14:19:09.4690318-04:00,0,55,0.91681,17.0453,2558.70,1205.71,106.000,2.000,15.6924,8.1067,-8.7543,Right,0,0,0,0,0.0000,450.000,0,0.000,0,127.500,71.914,4.500,0.0300,0.0000,0.00,shockwave,60,450;300;200;100;50,1.5,3,0.5,1,2,1,10,0,100,-10,5,250,40,5,250,60,1,8,11,0,0.06,4,0.556,50,8,5
58,1,60,FrameTimeStutter,5.000,shockwave,practice,2026-09-16T14:19:09.4690318-04:00,0,56,0.93306,16.2483,2558.70,1202.10,31.000,-2.000,16.2592,8.0701,-8.7543,Right,0,0,0,0,0.0000,450.000,0,0.000,0,127.500,71.914,4.500,0.0300,0.0000,0.00,shockwave,60,450;300;200;100;50,1.5,3,0.5,1,2,1,10,0,100,-10,5,250,40,5,250,60,1,8,11,0,0.06,4,0.556,50,8,5
58,1,60,FrameTimeStutter,5.000,shockwave,practice,2026-09-16T14:19:09.4690318-04:00,0,57,0.95036,17.3059,2490.21,1193.09,-38.000,-5.000,15.5644,7.9787,-8.7543,Right,0,0,0,0,0.0000,450.000,0,0.000,0,127.500,71.914,4.500,0.0300,0.0000,0.00,shockwave,60,450;300;200;100;50,1.5,3,0.5,1,2,1,10,0,100,-10,5,250,40,5,250,60,1,8,11,0,0.06,4,0.556,50,8,5
58,1,60,FrameTimeStutter,5.000,shockwave,practice,2026-09-16T14:19:09.4690318-04:00,0,58,0.96712,16.7568,2277.55,1178.67,-118.000,-8.000,13.4067,7.8324,-8.7543,Right,0,0,0,0,0.0000,450.000,0,0.000,0,127.500,71.914,4.500,0.0300,0.0000,0.00,shockwave,60,450;300;200;100;50,1.5,3,0.5,1,2,1,10,0,100,-10,5,250,40,5,250,60,1,8,11,0,0.06,4,0.556,50,8,5
58,1,60,FrameTimeStutter,5.000,shockwave,practice,2026-09-16T14:19:09.4690318-04:00,0,59,0.98379,16.6728,1918.90,1178.67,-199.000,0.000,9.7679,7.8324,-8.7543,Right,0,0,0,0,0.0000,450.000,0,0.000,0,127.500,71.914,4.500,0.0300,0.0000,0.00,shockwave,60,450;300;200;100;50,1.5,3,0.5,1,2,1,10,0,100,-10,5,250,40,5,250,60,1,8,11,0,0.06,4,0.556,50,8,5
58,1,60,FrameTimeStutter,5.000,shockwave,practice,2026-09-16T14:19:09.4690318-04:00,0,60,1.00018,16.3865,1466.53,1198.50,-251.000,11.000,5.1783,8.0335,-8.7543,Right,0,0,0,0,0.0000,450.000,0,0.000,0,127.500,71.914,4.500,0.0300,0.0000,0.00,shockwave,60,450;300;200;100;50,1.5,3,0.5,1,2,1,10,0,100,-10,5,250,40,5,250,60,1,8,11,0,0.06,4,0.556,50,8,5
58,1,60,FrameTimeStutter,5.000,shockwave,practice,2026-09-16T14:19:09.4690318-04:00,0,61,1.01637,16.1896,997.95,1229.14,-260.000,17.000,0.4242,8.3444,-8.7543,Right,0,0,0,0,0.0000,450.000,0,0.000,0,127.500,71.914,4.500,0.0300,0.0000,0.00,shockwave,60,450;300;200;100;50,1.5,3,0.5,1,2,1,10,0,100,-10,5,250,40,5,250,60,1,8,11,0,0.06,4,0.556,50,8,5
58,1,60,FrameTimeStutter,5.000,shockwave,practice,2026-09-16T14:19:09.4690318-04:00,0,62,1.03399,17.6200,363.55,1268.79,-352.000,22.000,-6.0122,8.7467,-8.7543,Right,0,0,0,0,0.0000,450.000,0,0.000,0,127.500,71.914,4.500,0.0300,0.0000,0.00,shockwave,60,450;300;200;100;50,1.5,3,0.5,1,2,1,10,0,100,-10,5,250,40,5,250,60,1,8,11,0,0.06,4,0.556,50,8,5
58,1,60,FrameTimeStutter,5.000,shockwave,practice,2026-09-16T14:19:09.4690318-04:00,0,63,1.05067,16.6846,44.56,1279.60,-177.000,6.000,-9.2487,8.8564,-8.7543,Right,0,0,0,0,0.0000,450.000,0,0.000,0,127.500,71.914,4.500,0.0300,0.0000,0.00,shockwave,60,450;300;200;100;50,1.5,3,0.5,1,2,1,10,0,100,-10,5,250,40,5,250,60,1,8,11,0,0.06,4,0.556,50,8,5
58,1,60,FrameTimeStutter,5.000,shockwave,practice,2026-09-16T14:19:09.4690318-04:00,0,64,1.06667,15.9946,-0.50,1286.81,-128.000,4.000,-11.5892,8.9295,-8.7543,Left,0,0,0,0,0.0000,450.000,0,0.000,0,127.500,71.914,4.500,0.0300,0.0000,0.00,shockwave,60,450;300;200;100;50,1.5,3,0.5,1,2,1,10,0,100,-10,5,250,40,5,250,60,1,8,11,0,0.06,4,0.556,50,8,5
58,1,60,FrameTimeStutter,5.000,shockwave,practice,2026-09-16T14:19:09.4690318-04:00,0,65,1.08349,16.8195,-0.50,1288.61,-53.000,1.000,-12.5584,8.9478,-8.7543,Left,0,0,0,0,0.0000,450.000,0,0.000,0,127.500,71.914,4.500,0.0300,0.0000,0.00,shockwave,60,450;300;200;100;50,1.5,3,0.5,1,2,1,10,0,100,-10,5,250,40,5,250,60,1,8,11,0,0.06,4,0.556,50,8,5
58,1,60,FrameTimeStutter,5.000,shockwave,practice,2026-09-16T14:19:09.4690318-04:00,0,66,1.10003,16.5391,4.91,1288.61,0.000,0.000,-12.5584,8.9478,-8.7543,Left,0,0,0,0,0.0000,450.000,0,0.000,0,127.500,71.914,4.500,0.0300,0.0000,0.00,shockwave,60,450;300;200;100;50,1.5,3,0.5,1,2,1,10,0,100,-10,5,250,40,5,250,60,1,8,11,0,0.06,4,0.556,50,8,5
58,1,60,FrameTimeStutter,5.000,shockwave,practice,2026-09-16T14:19:09.4690318-04:00,0,67,1.11667,16.6365,69.79,1286.81,36.000,-1.000,-11.9001,8.9295,-8.7543,Left,0,0,0,0,0.0000,450.000,0,0.000,0,127.500,71.914,4.500,0.0300,0.0000,0.00,shockwave,60,450;300;200;100;50,1.5,3,0.5,1,2,1,10,0,100,-10,5,250,40,5,250,60,1,8,11,0,0.06,4,0.556,50,8,5
58,1,60,FrameTimeStutter,5.000,shockwave,practice,2026-09-16T14:19:09.4690318-04:00,0,68,1.13337,16.7053,251.81,1272.39,101.000,-8.000,-10.0533,8.7832,-8.7543,Left,0,0,0,0,0.0000,450.000,0,0.000,0,127.500,71.914,4.500,0.0300,0.0000,0.00,shockwave,60,450;300;200;100;50,1.5,3,0.5,1,2,1,10,0,100,-10,5,250,40,5,250,60,1,8,11,0,0.06,4,0.556,50,8,5
58,1,60,FrameTimeStutter,5.000,shockwave,practice,2026-09-16T14:19:09.4690318-04:00,0,69,1.15011,16.7387,560.00,1245.36,171.000,-15.000,-6.9265,8.5089,-8.7543,Left,0,0,0,0,0.0000,450.000,0,0.000,0,127.500,71.914,4.500,0.0300,0.0000,0.00,shockwave,60,450;300;200;100;50,1.5,3,0.5,1,2,1,10,0,100,-10,5,250,40,5,250,60,1,8,11,0,0.06,4,0.556,50,8,5
58,1,60,FrameTimeStutter,5.000,shockwave,practice,2026-09-16T14:19:09.4690318-04:00,0,70,1.16677,16.6645,951.09,1218.32,217.000,-15.000,-2.9586,8.2347,-8.7543,Right,0,0,0,0,0.0000,450.000,0,0.000,0,127.500,71.914,4.500,0.0300,0.0000,0.00,shockwave,60,450;300;200;100;50,1.5,3,0.5,1,2,1,10,0,100,-10,5,250,40,5,250,60,1,8,11,0,0.06,4,0.556,50,8,5
58,1,60,FrameTimeStutter,5.000,shockwave,practice,2026-09-16T14:19:09.4690318-04:00,0,71,1.18371,16.9371,1354.79,1198.50,224.000,-11.000,1.1373,8.0335,-8.7543,Right,0,0,0,0,0.0000,450.000,0,0.000,0,127.500,71.914,4.500,0.0300,0.0000,0.00,shockwave,60,450;300;200;100;50,1.5,3,0.5,1,2,1,10,0,100,-10,5,250,40,5,250,60,1,8,11,0,0.06,4,0.556,50,8,5
58,1,60,FrameTimeStutter,5.000,shockwave,practice,2026-09-16T14:19:09.4690318-04:00,0,72,1.19976,16.0472,1756.70,1187.69,223.000,-6.000,5.2149,7.9238,-8.7543,Right,0,0,0,0,0.0000,450.000,0,0.000,0,127.500,71.914,4.500,0.0300,0.0000,0.00,shockwave,60,450;300;200;100;50,1.5,3,0.5,1,2,1,10,0,100,-10,5,250,40,5,250,60,1,8,11,0,0.06,4,0.556,50,8,5
58,1,60,FrameTimeStutter,5.000,shockwave,practice,2026-09-16T14:19:09.4690318-04:00,0,73,1.21668,16.9260,2079.30,1180.48,179.000,-4.000,8.4880,7.8507,-8.7543,Right,0,0,0,0,0.0000,450.000,0,0.000,0,127.500,71.914,4.500,0.0300,0.0000,0.00,shockwave,60,450;300;200;100;50,1.5,3,0.5,1,2,1,10,0,100,-10,5,250,40,5,250,60,1,8,11,0,0.06,4,0.556,50,8,5
58,1,60,FrameTimeStutter,5.000,shockwave,practice,2026-09-16T14:19:09.4690318-04:00,0,74,1.23367,16.9847,2392.89,1173.27,174.000,-4.000,11.6696,7.7775,-8.7543,Right,0,0,0,0,0.0000,450.000,0,0.000,0,127.500,71.914,4.500,0.0300,0.0000,0.00,shockwave,60,450;300;200;100;50,1.5,3,0.5,1,2,1,10,0,100,-10,5,250,40,5,250,60,1,8,11,0,0.06,4,0.556,50,8,5
58,1,60,FrameTimeStutter,5.000,shockwave,practice,2026-09-16T14:19:09.4690318-04:00,0,75,1.25051,16.8417,2443.35,1157.05,28.000,-9.000,12.1816,7.6129,-8.7543,Right,0,0,0,0,0.0000,450.000,0,0.000,0,127.500,71.914,4.500,0.0300,0.0000,0.00,shockwave,60,450;300;200;100;50,1.5,3,0.5,1,2,1,10,0,100,-10,5,250,40,5,250,60,1,8,11,0,0.06,4,0.556,50,8,5
58,1,60,FrameTimeStutter,5.000,shockwave,practice,2026-09-16T14:19:09.4690318-04:00,0,76,1.26685,16.3421,2371.26,1133.62,-40.000,-13.000,11.4502,7.3752,-8.7543,Right,0,0,0,0,0.0000,450.000,0,0.000,0,127.500,71.914,4.500,0.0300,0.0000,0.00,shockwave,60,450;300;200;100;50,1.5,3,0.5,1,2,1,10,0,100,-10,5,250,40,5,250,60,1,8,11,0,0.06,4,0.556,50,8,5
58,1,60,FrameTimeStutter,5.000,shockwave,practice,2026-09-16T14:19:09.4690318-04:00,0,77,1.28368,16.8235,2151.39,1102.98,-122.000,-17.000,9.2194,7.0644,-8.7543,Right,0,0,0,0,0.0000,450.000,0,0.000,0,127.500,71.914,4.500,0.0300,0.0000,0.00,shockwave,60,450;300;200;100;50,1.5,3,0.5,1,2,1,10,0,100,-10,5,250,40,5,250,60,1,8,11,0,0.06,4,0.556,50,8,5
58,1,60,FrameTimeStutter,5.000,shockwave,practice,2026-09-16T14:19:09.4690318-04:00,0,78,1.30027,16.5931,1751.29,1090.36,-222.000,-7.000,5.1601,6.9364,-8.7543,Right,0,0,0,0,0.0000,450.000,0,0.000,0,127.500,71.914,4.500,0.0300,0.0000,0.00,shockwave,60,450;300;200;100;50,1.5,3,0.5,1,2,1,10,0,100,-10,5,250,40,5,250,60,1,8,11,0,0.06,4,0.556,50,8,5
58,1,60,FrameTimeStutter,5.000,shockwave,practice,2026-09-16T14:19:09.4690318-04:00,0,79,1.31638,16.1122,1270.09,1097.57,-267.000,4.000,0.2779,7.0095,-8.7543,Right,0,0,0,0,0.0000,450.000,0,0.000,0,127.500,71.914,4.500,0.0300,0.0000,0.00,shockwave,60,450;300;200;100;50,1.5,3,0.5,1,2,1,10,0,100,-10,5,250,40,5,250,60,1,8,11,0,0.06,4,0.556,50,8,5
58,1,60,FrameTimeStutter,5.000,shockwave,practice,2026-09-16T14:19:09.4690318-04:00,0,80,1.33304,16.6598,747.43,1128.21,-290.000,17.000,-5.0248,7.3203,-8.7543,Right,0,0,0,0,0.0000,450.000,0,0.000,0,127.500,71.914,4.500,0.0300,0.0000,0.00,shockwave,60,450;300;200;100;50,1.5,3,0.5,1,2,1,10,0,100,-10,5,250,40,5,250,60,1,8,11,0,0.06,4,0.556,50,8,5
58,1,60,FrameTimeStutter,5.000,shockwave,practice,2026-09-16T14:19:09.4690318-04:00,0,81,1.34977,16.7337,300.48,1166.06,-248.000,21.000,-9.5596,7.7043,-8.7543,Right,0,0,0,0,0.0000,450.000,0,0.000,0,127.500,71.914,4.500,0.0300,0.0000,0.00,shockwave,60,450;300;200;100;50,1.5,3,0.5,1,2,1,10,0,100,-10,5,250,40,5,250,60,1,8,11,0,0.06,4,0.556,50,8,5
58,1,60,FrameTimeStutter,5.000,shockwave,practice,2026-09-16T14:19:09.4690318-04:00,0,82,1.36671,16.9406,-0.50,1203.91,-203.000,21.000,-13.2715,8.0883,-8.7543,Left,0,0,0,0,0.0000,450.000,0,0.000,0,127.500,71.914,4.500,0.0300,0.0000,0.00,shockwave,60,450;300;200;100;50,1.5,3,0.5,1,2,1,10,0,100,-10,5,250,40,5,250,60,1,8,11,0,0.06,4,0.556,50,8,5
58,1,60,FrameTimeStutter,5.000,shockwave,practice,2026-09-16T14:19:09.4690318-04:00,0,83,1.38373,17.0179,-0.50,1230.94,-129.000,15.000,-15.6303,8.3626,-8.7543,Left,0,0,0,0,0.0000,450.000,0,0.000,0,127.500,71.914,4.500,0.0300,0.0000,0.00,shockwave,60,450;300;200;100;50,1.5,3,0.5,1,2,1,10,0,100,-10,5,250,40,5,250,60,1,8,11,0,0.06,4,0.556,50,8,5
58,1,60,FrameTimeStutter,5.000,shockwave,practice,2026-09-16T14:19:09.4690318-04:00,0,84,1.39965,15.9197,-0.50,1241.75,-51.000,6.000,-16.5628,8.4723,-8.7543,Left,0,0,0,0,0.0000,450.000,0,0.000,0,127.500,71.914,4.500,0.0300,0.0000,0.00,shockwave,60,450;300;200;100;50,1.5,3,0.5,1,2,1,10,0,100,-10,5,250,40,5,250,60,1,8,11,0,0.06,4,0.556,50,8,5
58,1,60,FrameTimeStutter,5.000,shockwave,practice,2026-09-16T14:19:09.4690318-04:00,0,85,1.41732,17.6648,33.74,1243.55,17.000,1.000,-16.2520,8.4906,-8.7543,Left,0,0,0,0,0.0000,450.000,0,0.000,0,127.500,71.914,4.500,0.0300,0.0000,0.00,shockwave,60,450;300;200;100;50,1.5,3,0.5,1,2,1,10,0,100,-10,5,250,40,5,250,60,1,8,11,0,0.06,4,0.556,50,8,5
58,1,60,FrameTimeStutter,5.000,shockwave,practice,2026-09-16T14:19:09.4690318-04:00,0,86,1.43343,16.1146,140.08,1243.55,59.000,0.000,-15.1731,8.4906,-8.7543,Left,0,0,0,0,0.0000,450.000,0,0.000,0,127.500,71.914,4.500,0.0300,0.0000,0.00,shockwave,60,450;300;200;100;50,1.5,3,0.5,1,2,1,10,0,100,-10,5,250,40,5,250,60,1,8,11,0,0.06,4,0.556,50,8,5
58,1,60,FrameTimeStutter,5.000,shockwave,practice,2026-09-16T14:19:09.4690318-04:00,0,87,1.45010,16.6685,365.36,1230.94,125.000,-7.000,-12.8875,8.3626,-8.7543,Left,0,0,0,0,0.0000,450.000,0,0.000,0,127.500,71.914,4.500,0.0300,0.0000,0.00,shockwave,60,450;300;200;100;50,1.5,3,0.5,1,2,1,10,0,100,-10,5,250,40,5,250,60,1,8,11,0,0.06,4,0.556,50,8,5
58,1,60,FrameTimeStutter,5.000,shockwave,practice,2026-09-16T14:19:09.4690318-04:00,0,88,1.46701,16.9102,716.80,1203.91,195.000,-15.000,-9.3219,8.0883,-8.7543,Left,0,0,0,0,0.0000,450.000,0,0.000,0,127.500,71.914,4.500,0.0300,0.0000,0.00,shockwave,60,450;300;200;100;50,1.5,3,0.5,1,2,1,10,0,100,-10,5,250,40,5,250,60,1,8,11,0,0.06,4,0.556,50,8,5
58,1,60,FrameTimeStutter,5.000,shockwave,practice,2026-09-16T14:19:09.4690318-04:00,0,89,1.48293,15.9160,1187.18,1169.66,261.000,-19.000,-4.5494,7.7409,-8.7543,Left,0,0,0,0,0.0000,450.000,0,0.000,0,127.500,71.914,4.500,0.0300,0.0000,0.00,shockwave,60,450;300;200;100;50,1.5,3,0.5,1,2,1,10,0,100,-10,5,250,40,5,250,60,1,8,11,0,0.06,4,0.556,50,8,5
58,1,60,FrameTimeStutter,5.000,shockwave,practice,2026-09-16T14:19:09.4690318-04:00,0,90,1.50044,17.5168,1657.57,1146.23,261.000,-13.000,0.2230,7.5032,-8.7543,Right,0,0,0,0,0.0000,450.000,0,0.000,0,127.500,71.914,4.500,0.0300,0.0000,0.00,shockwave,60,450;300;200;100;50,1.5,3,0.5,1,2,1,10,0,100,-10,5,250,40,5,250,60,1,8,11,0,0.06,4,0.556,50,8,5
58,1,60,FrameTimeStutter,5.000,shockwave,practice,2026-09-16T14:19:09.4690318-04:00,0,91,1.51702,16.5813,2127.96,1137.22,261.000,-5.000,4.9955,7.4118,-8.7543,Right,0,0,0,0,0.0000,450.000,0,0.000,0,127.500,71.914,4.500,0.0300,0.0000,0.00,shockwave,60,450;300;200;100;50,1.5,3,0.5,1,2,1,10,0,100,-10,5,250,40,5,250,60,1,8,11,0,0.06,4,0.556,50,8,5
58,1,60,FrameTimeStutter,5.000,shockwave,practice,2026-09-16T14:19:09.4690318-04:00,0,92,1.53302,15.9924,2510.04,1137.22,212.000,0.000,8.8720,7.4118,-8.7543,Right,0,0,0,0,0.0000,450.000,0,0.000,0,127.500,71.914,4.500,0.0300,0.0000,0.00,shockwave,60,450;300;200;100;50,1.5,3,0.5,1,2,1,10,0,100,-10,5,250,40,5,250,60,1,8,11,0,0.06,4,0.556,50,8,5
58,1,60,FrameTimeStutter,5.000,shockwave,practice,2026-09-16T14:19:09.4690318-04:00,0,93,1.55031,17.2897,2558.70,1144.43,146.000,4.000,11.5416,7.4849,-8.7543,Right,0,0,0,0,0.0000,450.000,0,0.000,0,127.500,71.914,4.500,0.0300,0.0000,0.00,shockwave,60,450;300;200;100;50,1.5,3,0.5,1,2,1,10,0,100,-10,5,250,40,5,250,60,1,8,11,0,0.06,4,0.556,50,8,5
58,1,60,FrameTimeStutter,5.000,shockwave,practice,2026-09-16T14:19:09.4690318-04:00,0,94,1.56682,16.5159,2558.70,1149.84,82.000,3.000,13.0410,7.5397,-8.7543,Right,0,0,0,0,0.0000,450.000,0,0.000,0,127.500,71.914,4.500,0.0300,0.0000,0.00,shockwave,60,450;300;200;100;50,1.5,3,0.5,1,2,1,10,0,100,-10,5,250,40,5,250,60,1,8,11,0,0.06,4,0.556,50,8,5
58,1,60,FrameTimeStutter,5.000,shockwave,practice,2026-09-16T14:19:09.4690318-04:00,0,95,1.58367,16.8438,2549.69,1148.04,7.000,-1.000,13.1690,7.5214,-8.7543,Right,0,0,0,0,0.0000,450.000,0,0.000,0,127.500,71.914,4.500,0.0300,0.0000,0.00,shockwave,60,450;300;200;100;50,1.5,3,0.5,1,2,1,10,0,100,-10,5,250,40,5,250,60,1,8,11,0,0.06,4,0.556,50,8,5
58,1,60,FrameTimeStutter,5.000,shockwave,practice,2026-09-16T14:19:09.4690318-04:00,0,96,1.59976,16.0915,2452.37,1142.63,-54.000,-3.000,12.1816,7.4666,-8.7543,Right,0,0,0,0,0.0000,450.000,0,0.000,0,127.500,71.914,4.500,0.0300,0.0000,0.00,shockwave,60,450;300;200;100;50,1.5,3,0.5,1,2,1,10,0,100,-10,5,250,40,5,250,60,1,8,11,0,0.06,4,0.556,50,8,5
58,1,60,FrameTimeStutter,5.000,shockwave,practice,2026-09-16T14:19:09.4690318-04:00,0,97,1.61634,16.5817,2228.89,1140.83,-124.000,-1.000,9.9142,7.4483,-8.7543,Right,0,0,0,0,0.0000,450.000,0,0.000,0,127.500,71.914,4.500,0.0300,0.0000,0.00,shockwave,60,450;300;200;100;50,1.5,3,0.5,1,2,1,10,0,100,-10,5,250,40,5,250,60,1,8,11,0,0.06,4,0.556,50,8,5
58,1,60,FrameTimeStutter,5.000,shockwave,practice,2026-09-16T14:19:09.4690318-04:00,0,98,1.63415,17.8056,1673.79,1169.66,-308.000,16.000,4.2824,7.7409,-8.7543,Right,0,0,0,0,0.0000,450.000,0,0.000,0,127.500,71.914,4.500,0.0300,0.0000,0.00,shockwave,60,450;300;200;100;50,1.5,3,0.5,1,2,1,10,0,100,-10,5,250,40,5,250,60,1,8,11,0,0.06,4,0.556,50,8,5
58,1,60,FrameTimeStutter,5.000,shockwave,practice,2026-09-16T14:19:09.4690318-04:00,0,99,1.65062,16.4729,1282.70,1196.70,-217.000,15.000,0.3145,8.0151,-8.7543,Right,0,0,0,0,0.0000,450.000,0,0.000,0,127.500,71.914,4.500,0.0300,0.0000,0.00,shockwave,60,450;300;200;100;50,1.5,3,0.5,1,2,1,10,0,100,-10,5,250,40,5,250,60,1,8,11,0,0.06,4,0.556,50,8,5
58,1,60,FrameTimeStutter,5.000,shockwave,practice,2026-09-16T14:19:09.4690318-04:00,0,100,1.66756,16.9455,882.60,1223.73,-222.000,15.000,-3.7449,8.2894,-8.7543,Right,0,0,0,0,0.0000,450.000,0,0.000,0,127.500,71.914,4.500,0.0300,0.0000,0.00,shockwave,60,450;300;200;100;50,1.5,3,0.5,1,2,1,10,0,100,-10,5,250,40,5,250,60,1,8,11,0,0.06,4,0.556,50,8,5
58,1,60,FrameTimeStutter,5.000,shockwave,practice,2026-09-16T14:19:09.4690318-04:00,0,101,1.68323,15.6647,540.18,1250.76,-190.000,15.000,-7.2191,8.5637,-8.7543,Right,0,0,0,0,0.0000,450.000,0,0.000,0,127.500,71.914,4.500,0.0300,0.0000,0.00,shockwave,60,450;300;200;100;50,1.5,3,0.5,1,2,1,10,0,100,-10,5,250,40,5,250,60,1,8,11,0,0.06,4,0.556,50,8,5
58,1,60,FrameTimeStutter,5.000,shockwave,practice,2026-09-16T14:19:09.4690318-04:00,0,102,1.69988,16.6547,271.64,1266.98,-149.000,9.000,-9.9436,8.7283,-8.7543,Right,0,0,0,0,0.0000,450.000,0,0.000,0,127.500,71.914,4.500,0.0300,0.0000,0.00,shockwave,60,450;300;200;100;50,1.5,3,0.5,1,2,1,10,0,100,-10,5,250,40,5,250,60,1,8,11,0,0.06,4,0.556,50,8,5
58,1,60,FrameTimeStutter,5.000,shockwave,practice,2026-09-16T14:19:09.4690318-04:00,0,103,1.71719,17.3055,105.83,1276.00,-92.000,5.000,-11.6258,8.8197,-8.7543,Left,0,0,0,0,0.0000,450.000,0,0.000,0,127.500,71.914,4.500,0.0300,0.0000,0.00,shockwave,60,450;300;200;100;50,1.5,3,0.5,1,2,1,10,0,100,-10,5,250,40,5,250,60,1,8,11,0,0.06,4,0.556,50,8,5
58,1,60,FrameTimeStutter,5.000,shockwave,practice,2026-09-16T14:19:09.4690318-04:00,0,104,1.73322,16.0311,55.37,1277.80,-28.000,1.000,-12.1378,8.8380,-8.7543,Left,0,0,0,0,0.0000,450.000,0,0.000,0,127.500,71.914,4.500,0.0300,0.0000,0.00,shockwave,60,450;300;200;100;50,1.5,3,0.5,1,2,1,10,0,100,-10,5,250,40,5,250,60,1,8,11,0,0.06,4,0.556,50,8,5
58,1,60,FrameTimeStutter,5.000,shockwave,practice,2026-09-16T14:19:09.4690318-04:00,0,105,1.74985,16.6338,64.38,1277.80,5.000,0.000,-12.0464,8.8380,-8.7543,Left,0,0,0,0,0.0000,450.000,0,0.000,0,127.500,71.914,4.500,0.0300,0.0000,0.00,shockwave,60,450;300;200;100;50,1.5,3,0.5,1,2,1,10,0,100,-10,5,250,40,5,250,60,1,8,11,0,0.06,4,0.556,50,8,5
58,1,60,FrameTimeStutter,5.000,shockwave,practice,2026-09-16T14:19:09.4690318-04:00,0,106,1.76637,16.5113,114.84,1274.19,28.000,-2.000,-11.5344,8.8014,-8.7543,Left,0,0,0,0,0.0000,450.000,0,0.000,0,127.500,71.914,4.500,0.0300,0.0000,0.00,shockwave,60,450;300;200;100;50,1.5,3,0.5,1,2,1,10,0,100,-10,5,250,40,5,250,60,1,8,11,0,0.06,4,0.556,50,8,5
58,1,60,FrameTimeStutter,5.000,shockwave,practice,2026-09-16T14:19:09.4690318-04:00,0,107,1.78307,16.7008,250.01,1263.38,75.000,-6.000,-10.1630,8.6917,-8.7543,Left,0,0,0,0,0.0000,450.000,0,0.000,0,127.500,71.914,4.500,0.0300,0.0000,0.00,shockwave,60,450;300;200;100;50,1.5,3,0.5,1,2,1,10,0,100,-10,5,250,40,5,250,60,1,8,11,0,0.06,4,0.556,50,8,5
58,1,60,FrameTimeStutter,5.000,shockwave,practice,2026-09-16T14:19:09.4690318-04:00,0,108,1.79987,16.8037,520.35,1239.95,150.000,-13.000,-7.4202,8.4540,-8.7543,Left,0,0,0,0,0.0000,450.000,0,0.000,0,127.500,71.914,4.500,0.0300,0.0000,0.00,shockwave,60,450;300;200;100;50,1.5,3,0.5,1,2,1,10,0,100,-10,5,250,40,5,250,60,1,8,11,0,0.06,4,0.556,50,8,5
58,1,60,FrameTimeStutter,5.000,shockwave,practice,2026-09-16T14:19:09.4690318-04:00,0,109,1.81649,16.6189,918.65,1214.72,221.000,-14.000,-3.3792,8.1980,-8.7543,Right,0,0,0,0,0.0000,450.000,0,0.000,0,127.500,71.914,4.500,0.0300,0.0000,0.00,shockwave,60,450;300;200;100;50,1.5,3,0.5,1,2,1,10,0,100,-10,5,250,40,5,250,60,1,8,11,0,0.06,4,0.556,50,8,5
58,1,60,FrameTimeStutter,5.000,shockwave,practice,2026-09-16T14:19:09.4690318-04:00,0,110,1.83356,17.0747,1549.44,1205.71,350.000,-5.000,3.0207,8.1065,-8.7543,Right,0,0,0,0,0.0000,450.000,0,0.000,0,127.500,71.914,4.500,0.0300,0.0000,0.00,shockwave,60,450;300;200;100;50,1.5,3,0.5,1,2,1,10,0,100,-10,5,250,40,5,250,60,1,8,11,0,0.06,4,0.556,50,8,5
58,1,60,FrameTimeStutter,5.000,shockwave,practice,2026-09-16T14:19:09.4690318-04:00,0,111,1.85054,16.9757,1953.14,1207.51,224.000,1.000,7.1166,8.1248,-8.7543,Right,0,0,0,0,0.0000,450.000,0,0.000,0,127.500,71.914,4.500,0.0300,0.0000,0.00,shockwave,60,450;300;200;100;50,1.5,3,0.5,1,2,1,10,0,100,-10,5,250,40,5,250,60,1,8,11,0,0.06,4,0.556,50,8,5
58,1,60,FrameTimeStutter,5.000,shockwave,practice,2026-09-16T14:19:09.4690318-04:00,0,112,1.86674,16.2016,2279.35,1216.52,181.000,5.000,10.4262,8.2163,-8.7543,Right,0,0,0,0,0.0000,450.000,0,0.000,0,127.500,71.914,4.500,0.0300,0.0000,0.00,shockwave,60,450;300;200;100;50,1.5,3,0.5,1,2,1,10,0,100,-10,5,250,40,5,250,60,1,8,11,0,0.06,4,0.556,50,8,5
58,1,60,FrameTimeStutter,5.000,shockwave,practice,2026-09-16T14:19:09.4690318-04:00,0,113,1.88293,16.1874,2501.03,1221.93,123.000,3.000,12.6753,8.2711,-8.7543,Right,0,0,0,0,0.0000,450.000,0,0.000,0,127.500,71.914,4.500,0.0300,0.0000,0.00,shockwave,60,450;300;200;100;50,1.5,3,0.5,1,2,1,10,0,100,-10,5,250,40,5,250,60,1,8,11,0,0.06,4,0.556,50,8,5
58,1,60,FrameTimeStutter,5.000,shockwave,practice,2026-09-16T14:19:09.4690318-04:00,0,114,1.90038,17.4517,2558.70,1221.93,73.000,0.000,14.0101,8.2711,-8.7543,Right,0,0,0,0,0.0000,450.000,0,0.000,0,127.500,71.914,4.500,0.0300,0.0000,0.00,shockwave,60,450;300;200;100;50,1.5,3,0.5,1,2,1,10,0,100,-10,5,250,40,5,250,60,1,8,11,0,0.06,4,0.556,50,8,5
58,1,60,FrameTimeStutter,5.000,shockwave,practice,2026-09-16T14:19:09.4690318-04:00,0,115,1.91684,16.4583,2555.09,1212.92,10.000,-5.000,14.1930,8.1797,-8.7543,Right,0,0,0,0,0.0000,450.000,0,0.000,0,127.500,71.914,4.500,0.0300,0.0000,0.00,shockwave,60,450;300;200;100;50,1.5,3,0.5,1,2,1,10,0,100,-10,5,250,40,5,250,60,1,8,11,0,0.06,4,0.556,50,8,5
58,1,60,FrameTimeStutter,5.000,shockwave,practice,2026-09-16T14:19:09.4690318-04:00,0,116,1.93300,16.1620,2470.39,1200.30,-47.000,-7.000,13.3336,8.0517,-8.7543,Right,0,0,0,0,0.0000,450.000,0,0.000,0,127.500,71.914,4.500,0.0300,0.0000,0.00,shockwave,60,450;300;200;100;50,1.5,3,0.5,1,2,1,10,0,100,-10,5,250,40,5,250,60,1,8,11,0,0.06,4,0.556,50,8,5
58,1,60,FrameTimeStutter,5.000,shockwave,practice,2026-09-16T14:19:09.4690318-04:00,0,117,1.95016,17.1621,2257.72,1191.29,-118.000,-5.000,11.1759,7.9603,-8.7543,Right,0,0,0,0,0.0000,450.000,0,0.000,0,127.500,71.914,4.500,0.0300,0.0000,0.00,shockwave,60,450;300;200;100;50,1.5,3,0.5,1,2,1,10,0,100,-10,5,250,40,5,250,60,1,8,11,0,0.06,4,0.556,50,8,5
58,1,60,FrameTimeStutter,5.000,shockwave,practice,2026-09-16T14:19:09.4690318-04:00,0,118,1.96690,16.7421,1929.71,1200.30,-182.000,5.000,7.8480,8.0517,-8.7543,Right,0,0,0,0,0.0000,450.000,0,0.000,0,127.500,71.914,4.500,0.0300,0.0000,0.00,shockwave,60,450;300;200;100;50,1.5,3,0.5,1,2,1,10,0,100,-10,5,250,40,5,250,60,1,8,11,0,0.06,4,0.556,50,8,5
58,1,60,FrameTimeStutter,5.000,shockwave,practice,2026-09-16T14:19:09.4690318-04:00,0,119,1.98374,16.8396,1506.18,1225.53,-235.000,14.000,3.5509,8.3077,-8.7543,Right,0,0,0,0,0.0000,450.000,0,0.000,0,127.500,71.914,4.500,0.0300,0.0000,0.00,shockwave,60,450;300;200;100;50,1.5,3,0.5,1,2,1,10,0,100,-10,5,250,40,5,250,60,1,8,11,0,0.06,4,0.556,50,8,5
58,1,60,FrameTimeStutter,5.000,shockwave,practice,2026-09-16T14:19:09.4690318-04:00,0,120,2.00037,16.6261,1093.47,1254.37,-229.000,16.000,-0.6364,8.6002,-8.7543,Right,0,0,0,0,0.0000,450.000,0,0.000,0,127.500,71.914,4.500,0.0300,0.0000,0.00,shockwave,60,450;300;200;100;50,1.5,3,0.5,1,2,1,10,0,100,-10,5,250,40,5,250,60,1,8,11,0,0.06,4,0.556,50,8,5
58,1,60,FrameTimeStutter,5.000,shockwave,practice,2026-09-16T14:19:09.4690318-04:00,0,121,2.01747,17.1036,534.77,1290.41,-310.000,20.000,-6.3048,8.9659,-8.7543,Right,0,0,0,0,0.0000,450.000,0,0.000,0,127.500,71.914,4.500,0.0300,0.0000,0.00,shockwave,60,450;300;200;100;50,1.5,3,0.5,1,2,1,10,0,100,-10,5,250,40,5,250,60,1,8,11,0,0.06,4,0.556,50,8,5
58,1,60,FrameTimeStutter,5.000,shockwave,practice,2026-09-16T14:19:09.4690318-04:00,0,122,2.03297,15.5014,383.38,1294.02,-84.000,2.000,-7.8408,9.0025,-8.7543,Right,0,0,0,0,0.0000,450.000,0,0.000,0,127.500,71.914,4.500,0.0300,0.0000,0.00,shockwave,60,450;300;200;100;50,1.5,3,0.5,1,2,1,10,0,100,-10,5,250,40,5,250,60,1,8,11,0,0.06,4,0.556,50,8,5
58,1,60,FrameTimeStutter,5.000,shockwave,practice,2026-09-16T14:19:09.4690318-04:00,0,123,2.04999,17.0111,57.17,1299.42,-181.000,3.000,-11.1504,9.0573,-8.7543,Right,0,0,0,0,0.0000,450.000,0,0.000,0,127.500,71.914,4.500,0.0300,0.0000,0.00,shockwave,60,450;300;200;100;50,1.5,3,0.5,1,2,1,10,0,100,-10,5,250,40,5,250,60,1,8,11,0,0.06,4,0.556,50,8,5
58,1,60,FrameTimeStutter,5.000,shockwave,practice,2026-09-16T14:19:09.4690318-04:00,0,124,2.06697,16.9872,-0.50,1299.42,-59.000,0.000,-12.2292,9.0573,-8.7543,Left,0,0,0,0,0.0000,450.000,0,0.000,0,127.500,71.914,4.500,0.0300,0.0000,0.00,shockwave,60,450;300;200;100;50,1.5,3,0.5,1,2,1,10,0,100,-10,5,250,40,5,250,60,1,8,11,0,0.06,4,0.556,50,8,5
58,1,60,FrameTimeStutter,5.000,shockwave,practice,2026-09-16T14:19:09.4690318-04:00,0,125,2.08347,16.4941,1.30,1297.62,-6.000,-1.000,-12.3389,9.0391,-8.7543,Left,0,0,0,0,0.0000,450.000,0,0.000,0,127.500,71.914,4.500,0.0300,0.0000,0.00,shockwave,60,450;300;200;100;50,1.5,3,0.5,1,2,1,10,0,100,-10,5,250,40,5,250,60,1,8,11,0,0.06,4,0.556,50,8,5
58,1,60,FrameTimeStutter,5.000,shockwave,practice,2026-09-16T14:19:09.4690318-04:00,0,126,2.10002,16.5574,40.95,1294.02,22.000,-2.000,-11.9367,9.0025,-8.7543,Left,0,0,0,0,0.0000,450.000,0,0.000,0,127.500,71.914,4.500,0.0300,0.0000,0.00,shockwave,60,450;300;200;100;50,1.5,3,0.5,1,2,1,10,0,100,-10,5,250,40,5,250,60,1,8,11,0,0.06,4,0.556,50,8,5
58,1,60,FrameTimeStutter,5.000,shockwave,practice,2026-09-16T14:19:09.4690318-04:00,0,127,2.11694,16.9163,181.53,1281.40,78.000,-7.000,-10.5104,8.8745,-8.7543,Left,0,0,0,0,0.0000,450.000,0,0.000,0,127.500,71.914,4.500,0.0300,0.0000,0.00,shockwave,60,450;300;200;100;50,1.5,3,0.5,1,2,1,10,0,100,-10,5,250,40,5,250,60,1,8,11,0,0.06,4,0.556,50,8,5
58,1,60,FrameTimeStutter,5.000,shockwave,practice,2026-09-16T14:19:09.4690318-04:00,0,128,2.13382,16.8771,468.09,1259.78,159.000,-12.000,-7.6031,8.6551,-8.7543,Left,0,0,0,0,0.0000,450.000,0,0.000,0,127.500,71.914,4.500,0.0300,0.0000,0.00,shockwave,60,450;300;200;100;50,1.5,3,0.5,1,2,1,10,0,100,-10,5,250,40,5,250,60,1,8,11,0,0.06,4,0.556,50,8,5
58,1,60,FrameTimeStutter,5.000,shockwave,practice,2026-09-16T14:19:09.4690318-04:00,0,129,2.14991,16.0890,814.12,1243.55,192.000,-9.000,-4.0923,8.4905,-8.7543,Right,0,0,0,0,0.0000,450.000,0,0.000,0,127.500,71.914,4.500,0.0300,0.0000,0.00,shockwave,60,450;300;200;100;50,1.5,3,0.5,1,2,1,10,0,100,-10,5,250,40,5,250,60,1,8,11,0,0.06,4,0.556,50,8,5
58,1,60,FrameTimeStutter,5.000,shockwave,practice,2026-09-16T14:19:09.4690318-04:00,0,130,2.16652,16.6126,1216.02,1234.54,223.000,-5.000,-0.0147,8.3991,-8.7543,Right,0,0,0,0,0.0000,450.000,0,0.000,0,127.500,71.914,4.500,0.0300,0.0000,0.00,shockwave,60,450;300;200;100;50,1.5,3,0.5,1,2,1,10,0,100,-10,5,250,40,5,250,60,1,8,11,0,0.06,4,0.556,50,8,5
58,1,60,FrameTimeStutter,5.000,shockwave,practice,2026-09-16T14:19:09.4690318-04:00,0,131,2.18333,16.8057,1601.70,1229.14,214.000,-3.000,3.8984,8.3442,-8.7543,Right,0,0,0,0,0.0000,450.000,0,0.000,0,127.500,71.914,4.500,0.0300,0.0000,0.00,shockwave,60,450;300;200;100;50,1.5,3,0.5,1,2,1,10,0,100,-10,5,250,40,5,250,60,1,8,11,0,0.06,4,0.556,50,8,5
58,1,60,FrameTimeStutter,5.000,shockwave,practice,2026-09-16T14:19:09.4690318-04:00,0,132,2.20003,16.7078,1915.29,1229.14,174.000,0.000,7.0800,8.3442,-8.7543,Right,0,0,0,0,0.0000,450.000,0,0.000,0,127.500,71.914,4.500,0.0300,0.0000,0.00,shockwave,60,450;300;200;100;50,1.5,3,0.5,1,2,1,10,0,100,-10,5,250,40,5,250,60,1,8,11,0,0.06,4,0.556,50,8,5
58,1,60,FrameTimeStutter,5.000,shockwave,practice,2026-09-16T14:19:09.4690318-04:00,0,133,2.21651,16.4779,2162.20,1229.14,137.000,0.000,9.5851,8.3442,-8.7543,Right,0,0,0,0,0.0000,450.000,0,0.000,0,127.500,71.914,4.500,0.0300,0.0000,0.00,shockwave,60,450;300;200;100;50,1.5,3,0.5,1,2,1,10,0,100,-10,5,250,40,5,250,60,1,8,11,0,0.06,4,0.556,50,8,5
58,1,60,FrameTimeStutter,5.000,shockwave,practice,2026-09-16T14:19:09.4690318-04:00,0,134,2.23298,16.4645,2308.19,1227.33,81.000,-1.000,11.0662,8.3259,-8.7543,Right,0,0,0,0,0.0000,450.000,0,0.000,0,127.500,71.914,4.500,0.0300,0.0000,0.00,shockwave,60,450;300;200;100;50,1.5,3,0.5,1,2,1,10,0,100,-10,5,250,40,5,250,60,1,8,11,0,0.06,4,0.556,50,8,5
58,1,60,FrameTimeStutter,5.000,shockwave,practice,2026-09-16T14:19:09.4690318-04:00,0,135,2.25067,17.6987,2311.79,1214.72,2.000,-7.000,11.1028,8.1979,-8.7543,Right,0,0,0,0,0.0000,450.000,0,0.000,0,127.500,71.914,4.500,0.0300,0.0000,0.00,shockwave,60,450;300;200;100;50,1.5,3,0.5,1,2,1,10,0,100,-10,5,250,40,5,250,60,1,8,11,0,0.06,4,0.556,50,8,5
58,1,60,FrameTimeStutter,5.000,shockwave,practice,2026-09-16T14:19:09.4690318-04:00,0,136,2.26628,15.6090,2183.83,1202.10,-71.000,-7.000,9.8045,8.0699,-8.7543,Right,0,0,0,0,0.0000,450.000,0,0.000,0,127.500,71.914,4.500,0.0300,0.0000,0.00,shockwave,60,450;300;200;100;50,1.5,3,0.5,1,2,1,10,0,100,-10,5,250,40,5,250,60,1,8,11,0,0.06,4,0.556,50,8,5
58,1,60,FrameTimeStutter,5.000,shockwave,practice,2026-09-16T14:19:09.4690318-04:00,0,137,2.28316,16.8724,1936.92,1200.30,-137.000,-1.000,7.2994,8.0516,-8.7543,Right,0,0,0,0,0.0000,450.000,0,0.000,0,127.500,71.914,4.500,0.0300,0.0000,0.00,shockwave,60,450;300;200;100;50,1.5,3,0.5,1,2,1,10,0,100,-10,5,250,40,5,250,60,1,8,11,0,0.06,4,0.556,50,8,5
58,1,60,FrameTimeStutter,5.000,shockwave,practice,2026-09-16T14:19:09.4690318-04:00,0,138,2.29976,16.6000,1610.71,1211.11,-181.000,6.000,3.9898,8.1613,-8.7543,Right,0,0,0,0,0.0000,450.000,0,0.000,0,127.500,71.914,4.500,0.0300,0.0000,0.00,shockwave,60,450;300;200;100;50,1.5,3,0.5,1,2,1,10,0,100,-10,5,250,40,5,250,60,1,8,11,0,0.06,4,0.556,50,8,5
58,1,60,FrameTimeStutter,5.000,shockwave,practice,2026-09-16T14:19:09.4690318-04:00,0,139,2.31692,17.1647,1219.63,1238.15,-217.000,15.000,0.0219,8.4356,-8.7543,Right,0,0,0,0,0.0000,450.000,0,0.000,0,127.500,71.914,4.500,0.0300,0.0000,0.00,shockwave,60,450;300;200;100;50,1.5,3,0.5,1,2,1,10,0,100,-10,5,250,40,5,250,60,1,8,11,0,0.06,4,0.556,50,8,5
58,1,60,FrameTimeStutter,5.000,shockwave,practice,2026-09-16T14:19:09.4690318-04:00,0,140,2.33308,16.1647,851.97,1265.18,-204.000,15.000,-3.7083,8.7099,-8.7543,Right,0,0,0,0,0.0000,450.000,0,0.000,0,127.500,71.914,4.500,0.0300,0.0000,0.00,shockwave,60,450;300;200;100;50,1.5,3,0.5,1,2,1,10,0,100,-10,5,250,40,5,250,60,1,8,11,0,0.06,4,0.556,50,8,5
58,1,60,FrameTimeStutter,5.000,shockwave,practice,2026-09-16T14:19:09.4690318-04:00,0,141,2.35074,17.6560,541.98,1290.41,-172.000,14.000,-6.8534,8.9659,-8.7543,Right,0,0,0,0,0.0000,450.000,0,0.000,0,127.500,71.914,4.500,0.0300,0.0000,0.00,shockwave,60,450;300;200;100;50,1.5,3,0.5,1,2,1,10,0,100,-10,5,250,40,5,250,60,1,8,11,0,0.06,4,0.556,50,8,5
58,1,60,FrameTimeStutter,5.000,shockwave,practice,2026-09-16T14:19:09.4690318-04:00,0,142,2.36678,16.0431,313.09,1304.83,-127.000,8.000,-9.1756,9.1122,-8.7543,Right,0,0,0,0,0.0000,450.000,0,0.000,0,127.500,71.914,4.500,0.0300,0.0000,0.00,shockwave,60,450;300;200;100;50,1.5,3,0.5,1,2,1,10,0,100,-10,5,250,40,5,250,60,1,8,11,0,0.06,4,0.556,50,8,5
58,1,60,FrameTimeStutter,5.000,shockwave,practice,2026-09-16T14:19:09.4690318-04:00,0,143,2.38349,16.7106,168.91,1312.04,-80.000,4.000,-10.6384,9.1853,-8.7543,Left,0,0,0,0,0.0000,450.000,0,0.000,0,127.500,71.914,4.500,0.0300,0.0000,0.00,shockwave,60,450;300;200;100;50,1.5,3,0.5,1,2,1,10,0,100,-10,5,250,40,5,250,60,1,8,11,0,0.06,4,0.556,50,8,5
58,1,60,FrameTimeStutter,5.000,shockwave,practice,2026-09-16T14:19:09.4690318-04:00,0,144,2.40033,16.8336,113.04,1313.84,-31.000,1.000,-11.2053,9.2036,-8.7543,Left,0,0,0,0,0.0000,450.000,0,0.000,0,127.500,71.914,4.500,0.0300,0.0000,0.00,shockwave,60,450;300;200;100;50,1.5,3,0.5,1,2,1,10,0,100,-10,5,250,40,5,250,60,1,8,11,0,0.06,4,0.556,50,8,5
58,1,60,FrameTimeStutter,5.000,shockwave,practice,2026-09-16T14:19:09.4690318-04:00,0,145,2.41700,16.6734,116.65,1315.65,2.000,1.000,-11.1687,9.2219,-8.7543,Left,0,0,0,0,0.0000,450.000,0,0.000,0,127.500,71.914,4.500,0.0300,0.0000,0.00,shockwave,60,450;300;200;100;50,1.5,3,0.5,1,2,1,10,0,100,-10,5,250,40,5,250,60,1,8,11,0,0.06,4,0.556,50,8,5
58,1,60,FrameTimeStutter,5.000,shockwave,practice,2026-09-16T14:19:09.4690318-04:00,0,146,2.43373,16.7291,219.37,1310.24,57.000,-3.000,-10.1264,9.1670,-8.7543,Left,0,0,0,0,0.0000,450.000,0,0.000,0,127.500,71.914,4.500,0.0300,0.0000,0.00,shockwave,60,450;300;200;100;50,1.5,3,0.5,1,2,1,10,0,100,-10,5,250,40,5,250,60,1,8,11,0,0.06,4,0.556,50,8,5
58,1,60,FrameTimeStutter,5.000,shockwave,practice,2026-09-16T14:19:09.4690318-04:00,0,147,2.45076,17.0246,401.40,1294.02,101.000,-9.000,-8.2796,9.0025,-8.7543,Left,0,0,0,0,0.0000,450.000,0,0.000,0,127.500,71.914,4.500,0.0300,0.0000,0.00,shockwave,60,450;300;200;100;50,1.5,3,0.5,1,2,1,10,0,100,-10,5,250,40,5,250,60,1,8,11,0,0.06,4,0.556,50,8,5
58,1,60,FrameTimeStutter,5.000,shockwave,practice,2026-09-16T14:19:09.4690318-04:00,0,148,2.46690,16.1468,713.19,1268.79,173.000,-14.000,-5.1163,8.7465,-8.7543,Right,0,0,0,0,0.0000,450.000,0,0.000,0,127.500,71.914,4.500,0.0300,0.0000,0.00,shockwave,60,450;300;200;100;50,1.5,3,0.5,1,2,1,10,0,100,-10,5,250,40,5,250,60,1,8,11,0,0.06,4,0.556,50,8,5
58,1,60,FrameTimeStutter,5.000,shockwave,practice,2026-09-16T14:19:09.4690318-04:00,0,149,2.48307,16.1729,1091.67,1250.76,210.000,-10.000,-1.2764,8.5636,-8.7543,Right,0,0,0,0,0.0000,450.000,0,0.000,0,127.500,71.914,4.500,0.0300,0.0000,0.00,shockwave,60,450;300;200;100;50,1.5,3,0.5,1,2,1,10,0,100,-10,5,250,40,5,250,60,1,8,11,0,0.06,4,0.556,50,8,5
58,1,60,FrameTimeStutter,5.000,shockwave,practice,2026-09-16T14:19:09.4690318-04:00,0,150,2.49995,16.8764,1482.75,1245.36,217.000,-3.000,2.6915,8.5087,-8.7543,Right,0,0,0,0,0.0000,450.000,0,0.000,0,127.500,71.914,4.500,0.0300,0.0000,0.00,shockwave,60,450;300;200;100;50,1.5,3,0.5,1,2,1,10,0,100,-10,5,250,40,5,250,60,1,8,11,0,0.06,4,0.556,50,8,5
58,1,60,FrameTimeStutter,5.000,shockwave,practice,2026-09-16T14:19:09.4690318-04:00,0,151,2.51679,16.8401,1830.59,1245.36,193.000,0.000,6.2206,8.5087,-8.7543,Right,0,0,0,0,0.0000,450.000,0,0.000,0,127.500,71.914,4.500,0.0300,0.0000,0.00,shockwave,60,450;300;200;100;50,1.5,3,0.5,1,2,1,10,0,100,-10,5,250,40,5,250,60,1,8,11,0,0.06,4,0.556,50,8,5
58,1,60,FrameTimeStutter,5.000,shockwave,practice,2026-09-16T14:19:09.4690318-04:00,0,152,2.53380,17.0105,2115.34,1248.96,158.000,2.000,9.1096,8.5453,-8.7543,Right,0,0,0,0,0.0000,450.000,0,0.000,0,127.500,71.914,4.500,0.0300,0.0000,0.00,shockwave,60,450;300;200;100;50,1.5,3,0.5,1,2,1,10,0,100,-10,5,250,40,5,250,60,1,8,11,0,0.06,4,0.556,50,8,5
58,1,60,FrameTimeStutter,5.000,shockwave,practice,2026-09-16T14:19:09.4690318-04:00,0,153,2.54991,16.1132,2299.17,1250.76,102.000,1.000,10.9747,8.5636,-8.7543,Right,0,0,0,0,0.0000,450.000,0,0.000,0,127.500,71.914,4.500,0.0300,0.0000,0.00,shockwave,60,450;300;200;100;50,1.5,3,0.5,1,2,1,10,0,100,-10,5,250,40,5,250,60,1,8,11,0,0.06,4,0.556,50,8,5
58,1,60,FrameTimeStutter,5.000,shockwave,practice,2026-09-16T14:19:09.4690318-04:00,0,154,2.56699,17.0727,2362.25,1243.55,35.000,-4.000,11.6147,8.4904,-8.7543,Right,0,0,0,0,0.0000,450.000,0,0.000,0,127.500,71.914,4.500,0.0300,0.0000,0.00,shockwave,60,450;300;200;100;50,1.5,3,0.5,1,2,1,10,0,100,-10,5,250,40,5,250,60,1,8,11,0,0.06,4,0.556,50,8,5
58,1,60,FrameTimeStutter,5.000,shockwave,practice,2026-09-16T14:19:09.4690318-04:00,0,155,2.58313,16.1405,2320.80,1236.35,-23.000,-4.000,11.1942,8.4173,-8.7543,Right,0,0,0,0,0.0000,450.000,0,0.000,0,127.500,71.914,4.500,0.0300,0.0000,0.00,shockwave,60,450;300;200;100;50,1.5,3,0.5,1,2,1,10,0,100,-10,5,250,40,5,250,60,1,8,11,0,0.06,4,0.556,50,8,5
58,1,60,FrameTimeStutter,5.000,shockwave,practice,2026-09-16T14:19:09.4690318-04:00,0,156,2.59993,16.7979,2165.81,1223.73,-86.000,-7.000,9.6216,8.2893,-8.7543,Right,0,0,0,0,0.0000,450.000,0,0.000,0,127.500,71.914,4.500,0.0300,0.0000,0.00,shockwave,60,450;300;200;100;50,1.5,3,0.5,1,2,1,10,0,100,-10,5,250,40,5,250,60,1,8,11,0,0.06,4,0.556,50,8,5
58,1,60,FrameTimeStutter,5.000,shockwave,practice,2026-09-16T14:19:09.4690318-04:00,0,157,2.61729,17.3606,1709.84,1223.73,-253.000,0.000,4.9955,8.2893,-8.7543,Right,0,0,0,0,0.0000,450.000,0,0.000,0,127.500,71.914,4.500,0.0300,0.0000,0.00,shockwave,60,450;300;200;100;50,1.5,3,0.5,1,2,1,10,0,100,-10,5,250,40,5,250,60,1,8,11,0,0.06,4,0.556,50,8,5
58,1,60,FrameTimeStutter,5.000,shockwave,practice,2026-09-16T14:19:09.4690318-04:00,0,158,2.63343,16.1432,1307.94,1241.75,-223.000,10.000,0.9179,8.4721,-8.7543,Right,0,0,0,0,0.0000,450.000,0,0.000,0,127.500,71.914,4.500,0.0300,0.0000,0.00,shockwave,60,450;300;200;100;50,1.5,3,0.5,1,2,1,10,0,100,-10,5,250,40,5,250,60,1,8,11,0,0.06,4,0.556,50,8,5
58,1,60,FrameTimeStutter,5.000,shockwave,practice,2026-09-16T14:19:09.4690318-04:00,0,159,2.65072,17.2885,906.03,1265.18,-223.000,13.000,-3.1597,8.7098,-8.7543,Right,0,0,0,0,0.0000,450.000,0,0.000,0,127.500,71.914,4.500,0.0300,0.0000,0.00,shockwave,60,450;300;200;100;50,1.5,3,0.5,1,2,1,10,0,100,-10,5,250,40,5,250,60,1,8,11,0,0.06,4,0.556,50,8,5
58,1,60,FrameTimeStutter,5.000,shockwave,practice,2026-09-16T14:19:09.4690318-04:00,0,160,2.66741,16.6896,504.13,1290.41,-223.000,14.000,-7.2374,8.9658,-8.7543,Right,0,0,0,0,0.0000,450.000,0,0.000,0,127.500,71.914,4.500,0.0300,0.0000,0.00,shockwave,60,450;300;200;100;50,1.5,3,0.5,1,2,1,10,0,100,-10,5,250,40,5,250,60,1,8,11,0,0.06,4,0.556,50,8,5
58,1,60,FrameTimeStutter,5.000,shockwave,practice,2026-09-16T14:19:09.4690318-04:00,0,161,2.68281,15.4061,176.12,1308.44,-182.000,10.000,-10.5653,9.1487,-8.7543,Right,0,0,0,0,0.0000,450.000,0,0.000,0,127.500,71.914,4.500,0.0300,0.0000,0.00,shockwave,60,450;300;200;100;50,1.5,3,0.5,1,2,1,10,0,100,-10,5,250,40,5,250,60,1,8,11,0,0.06,4,0.556,50,8,5
58,1,60,FrameTimeStutter,5.000,shockwave,practice,2026-09-16T14:19:09.4690318-04:00,0,162,2.69975,16.9401,-0.50,1313.84,-130.000,3.000,-12.9424,9.2035,-8.7543,Left,0,0,0,0,0.0000,450.000,0,0.000,0,127.500,71.914,4.500,0.0300,0.0000,0.00,shockwave,60,450;300;200;100;50,1.5,3,0.5,1,2,1,10,0,100,-10,5,250,40,5,250,60,1,8,11,0,0.06,4,0.556,50,8,5
58,1,60,FrameTimeStutter,5.000,shockwave,practice,2026-09-16T14:19:09.4690318-04:00,0,163,2.71684,17.0857,-0.50,1317.45,-73.000,2.000,-14.2772,9.2401,-8.7543,Left,0,0,0,0,0.0000,450.000,0,0.000,0,127.500,71.914,4.500,0.0300,0.0000,0.00,shockwave,60,450;300;200;100;50,1.5,3,0.5,1,2,1,10,0,100,-10,5,250,40,5,250,60,1,8,11,0,0.06,4,0.556,50,8,5
58,1,60,FrameTimeStutter,5.000,shockwave,practice,2026-09-16T14:19:09.4690318-04:00,0,164,2.73352,16.6765,-0.50,1317.45,-13.000,0.000,-14.5149,9.2401,-8.7543,Left,0,0,0,0,0.0000,450.000,0,0.000,0,127.500,71.914,4.500,0.0300,0.0000,0.00,shockwave,60,450;300;200;100;50,1.5,3,0.5,1,2,1,10,0,100,-10,5,250,40,5,250,60,1,8,11,0,0.06,4,0.556,50,8,5
58,1,60,FrameTimeStutter,5.000,shockwave,practice,2026-09-16T14:19:09.4690318-04:00,0,165,2.75024,16.7227,37.35,1317.45,21.000,0.000,-14.1309,9.2401,-8.7543,Left,0,0,0,0,0.0000,450.000,0,0.000,0,127.500,71.914,4.500,0.0300,0.0000,0.00,shockwave,60,450;300;200;100;50,1.5,3,0.5,1,2,1,10,0,100,-10,5,250,40,5,250,60,1,8,11,0,0.06,4,0.556,50,8,5
58,1,60,FrameTimeStutter,5.000,shockwave,practice,2026-09-16T14:19:09.4690318-04:00,0,166,2.76652,16.2770,179.72,1303.03,79.000,-8.000,-12.6864,9.0938,-8.7543,Left,0,0,0,0,0.0000,450.000,0,0.000,0,127.500,71.914,4.500,0.0300,0.0000,0.00,shockwave,60,450;300;200;100;50,1.5,3,0.5,1,2,1,10,0,100,-10,5,250,40,5,250,60,1,8,11,0,0.06,4,0.556,50,8,5
58,1,60,FrameTimeStutter,5.000,shockwave,practice,2026-09-16T14:19:09.4690318-04:00,0,167,2.78309,16.5688,424.83,1285.01,136.000,-10.000,-10.1996,8.9110,-8.7543,Left,0,0,0,0,0.0000,450.000,0,0.000,0,127.500,71.914,4.500,0.0300,0.0000,0.00,shockwave,60,450;300;200;100;50,1.5,3,0.5,1,2,1,10,0,100,-10,5,250,40,5,250,60,1,8,11,0,0.06,4,0.556,50,8,5
58,1,60,FrameTimeStutter,5.000,shockwave,practice,2026-09-16T14:19:09.4690318-04:00,0,168,2.79993,16.8399,769.06,1272.39,191.000,-7.000,-6.7071,8.7830,-8.7543,Left,0,0,0,0,0.0000,450.000,0,0.000,0,127.500,71.914,4.500,0.0300,0.0000,0.00,shockwave,60,450;300;200;100;50,1.5,3,0.5,1,2,1,10,0,100,-10,5,250,40,5,250,60,1,8,11,0,0.06,4,0.556,50,8,5
58,1,60,FrameTimeStutter,5.000,shockwave,practice,2026-09-16T14:19:09.4690318-04:00,0,169,2.81655,16.6222,1133.12,1270.59,202.000,-1.000,-3.0135,8.7647,-8.7543,Right,0,0,0,0,0.0000,450.000,1,450.024,0,127.500,71.914,4.500,0.0300,0.0000,0.00,shockwave,60,450;300;200;100;50,1.5,3,0.5,1,2,1,10,0,100,-10,5,250,40,5,250,60,1,8,11,0,0.06,4,0.556,50,8,5
58,1,60,FrameTimeStutter,5.000,shockwave,practice,2026-09-16T14:19:09.4690318-04:00,0,170,3.27182,455.2698,1774.72,1301.23,273.000,17.000,1.9784,9.0755,-8.7543,Right,0,0,0,0,0.0000,450.000,0,0.000,1,127.500,71.914,4.500,0.0300,0.0000,0.00,shockwave,60,450;300;200;100;50,1.5,3,0.5,1,2,1,10,0,100,-10,5,250,40,5,250,60,1,8,11,0,0.06,4,0.556,50,8,5
58,1,60,FrameTimeStutter,5.000,shockwave,practice,2026-09-16T14:19:09.4690318-04:00,0,171,3.28752,15.6992,1774.72,1303.03,0.000,1.000,1.9784,9.0938,-8.7543,Right,0,0,0,0,0.0000,450.000,0,0.000,1,127.500,71.914,4.500,0.0300,0.0000,0.00,shockwave,60,450;300;200;100;50,1.5,3,0.5,1,2,1,10,0,100,-10,5,250,40,5,250,60,1,8,11,0,0.06,4,0.556,50,8,5
58,1,60,FrameTimeStutter,5.000,shockwave,practice,2026-09-16T14:19:09.4690318-04:00,0,172,3.30461,17.0911,1774.72,1303.03,0.000,0.000,1.9784,9.0938,-8.7543,Right,0,0,0,0,0.0000,450.000,0,0.000,1,127.500,71.914,4.500,0.0300,0.0000,0.00,shockwave,60,450;300;200;100;50,1.5,3,0.5,1,2,1,10,0,100,-10,5,250,40,5,250,60,1,8,11,0,0.06,4,0.556,50,8,5
58,1,60,FrameTimeStutter,5.000,shockwave,practice,2026-09-16T14:19:09.4690318-04:00,0,173,3.32107,16.4603,1771.11,1303.03,-2.000,0.000,1.9418,9.0938,-8.7543,Right,0,0,0,0,0.0000,450.000,0,0.000,1,127.500,71.914,4.500,0.0300,0.0000,0.00,shockwave,60,450;300;200;100;50,1.5,3,0.5,1,2,1,10,0,100,-10,5,250,40,5,250,60,1,8,11,0,0.06,4,0.556,50,8,5
58,1,60,FrameTimeStutter,5.000,shockwave,practice,2026-09-16T14:19:09.4690318-04:00,0,174,3.33792,16.8540,1771.11,1303.03,0.000,0.000,1.9418,9.0938,-8.7543,Right,0,0,0,0,0.0000,450.000,0,0.000,1,127.500,71.914,4.500,0.0300,0.0000,0.00,shockwave,60,450;300;200;100;50,1.5,3,0.5,1,2,1,10,0,100,-10,5,250,40,5,250,60,1,8,11,0,0.06,4,0.556,50,8,5
58,1,60,FrameTimeStutter,5.000,shockwave,practice,2026-09-16T14:19:09.4690318-04:00,0,175,3.35425,16.3283,1769.31,1303.03,-1.000,0.000,1.9236,9.0938,-8.7543,Right,0,0,0,0,0.0000,450.000,0,0.000,1,127.500,71.914,4.500,0.0300,0.0000,0.00,shockwave,60,450;300;200;100;50,1.5,3,0.5,1,2,1,10,0,100,-10,5,250,40,5,250,60,1,8,11,0,0.06,4,0.556,50,8,5
58,1,60,FrameTimeStutter,5.000,shockwave,practice,2026-09-16T14:19:09.4690318-04:00,0,176,3.37055,16.2958,1769.31,1303.03,0.000,0.000,1.9236,9.0938,-8.7543,Right,0,0,0,0,0.0000,450.000,0,0.000,1,127.500,71.914,4.500,0.0300,0.0000,0.00,shockwave,60,450;300;200;100;50,1.5,3,0.5,1,2,1,10,0,100,-10,5,250,40,5,250,60,1,8,11,0,0.06,4,0.556,50,8,5
58,1,60,FrameTimeStutter,5.000,shockwave,practice,2026-09-16T14:19:09.4690318-04:00,0,177,3.38756,17.0172,1769.31,1303.03,0.000,0.000,1.9236,9.0938,-8.7543,Right,0,0,0,0,0.0000,450.000,0,0.000,1,127.500,71.914,4.500,0.0300,0.0000,0.00,shockwave,60,450;300;200;100;50,1.5,3,0.5,1,2,1,10,0,100,-10,5,250,40,5,250,60,1,8,11,0,0.06,4,0.556,50,8,5
58,1,60,FrameTimeStutter,5.000,shockwave,practice,2026-09-16T14:19:09.4690318-04:00,1,178,3.40424,16.6824,1769.31,1303.03,0.000,0.000,1.9236,9.0938,-8.7543,Right,1,1,0,1,1.9236,300.000,0,0.000,0,127.500,71.914,4.500,0.0300,1.0000,100.00,shockwave,60,450;300;200;100;50,1.5,3,0.5,1,2,1,10,0,100,-10,5,250,40,5,250,60,1,8,11,0,0.06,4,0.556,50,8,5
58,1,60,FrameTimeStutter,5.000,shockwave,practice,2026-09-16T14:19:09.4690318-04:00,1,179,3.42497,20.7292,1769.31,1303.03,0.000,0.000,1.9236,9.0938,-8.7543,Right,1,0,0,0,0.0000,300.000,0,0.000,0,127.500,71.914,4.500,0.0300,1.0000,100.00,shockwave,60,450;300;200;100;50,1.5,3,0.5,1,2,1,10,0,100,-10,5,250,40,5,250,60,1,8,11,0,0.06,4,0.556,50,8,5
58,1,60,FrameTimeStutter,5.000,shockwave,practice,2026-09-16T14:19:09.4690318-04:00,1,180,3.44159,16.6199,1769.31,1304.83,0.000,1.000,1.9231,9.1120,-8.7543,Right,1,0,0,0,0.0000,300.000,0,0.000,0,127.500,71.914,4.500,0.0300,1.0000,100.00,shockwave,60,450;300;200;100;50,1.5,3,0.5,1,2,1,10,0,100,-10,5,250,40,5,250,60,1,8,11,0,0.06,4,0.556,50,8,5
58,1,60,FrameTimeStutter,5.000,shockwave,practice,2026-09-16T14:19:09.4690318-04:00,1,181,3.45785,16.2589,1769.31,1304.83,0.000,0.000,1.9231,9.1120,-8.7543,Right,1,0,0,0,0.0000,300.000,0,0.000,0,127.500,71.914,4.500,0.0300,1.0000,100.00,shockwave,60,450;300;200;100;50,1.5,3,0.5,1,2,1,10,0,100,-10,5,250,40,5,250,60,1,8,11,0,0.06,4,0.556,50,8,5
58,1,60,FrameTimeStutter,5.000,shockwave,practice,2026-09-16T14:19:09.4690318-04:00,1,182,3.47309,15.2340,1769.31,1304.83,0.000,0.000,1.9231,9.1120,-8.7543,Right,1,0,0,0,0.0000,300.000,0,0.000,0,127.500,71.914,4.500,0.0300,1.0000,100.00,shockwave,60,450;300;200;100;50,1.5,3,0.5,1,2,1,10,0,100,-10,5,250,40,5,250,60,1,8,11,0,0.06,4,0.556,50,8,5
58,1,60,FrameTimeStutter,5.000,shockwave,practice,2026-09-16T14:19:09.4690318-04:00,1,183,3.49127,18.1855,1769.31,1304.83,0.000,0.000,1.9231,9.1120,-8.7543,Right,1,0,0,0,0.0000,300.000,0,0.000,0,127.500,71.914,4.500,0.0300,1.0000,100.00,shockwave,60,450;300;200;100;50,1.5,3,0.5,1,2,1,10,0,100,-10,5,250,40,5,250,60,1,8,11,0,0.06,4,0.556,50,8,5
58,1,60,FrameTimeStutter,5.000,shockwave,practice,2026-09-16T14:19:09.4690318-04:00,1,184,3.50862,17.3421,1769.31,1304.83,0.000,0.000,1.9231,9.1120,-8.7543,Right,1,0,0,0,0.0000,300.000,0,0.000,0,127.500,71.914,4.500,0.0300,1.0000,100.00,shockwave,60,450;300;200;100;50,1.5,3,0.5,1,2,1,10,0,100,-10,5,250,40,5,250,60,1,8,11,0,0.06,4,0.556,50,8,5
58,1,60,FrameTimeStutter,5.000,shockwave,practice,2026-09-16T14:19:09.4690318-04:00,1,185,3.52473,16.1161,1769.31,1304.83,0.000,0.000,1.9231,9.1120,-8.7543,Right,1,0,0,0,0.0000,300.000,0,0.000,0,127.500,71.914,4.500,0.0300,1.0000,100.00,shockwave,60,450;300;200;100;50,1.5,3,0.5,1,2,1,10,0,100,-10,5,250,40,5,250,60,1,8,11,0,0.06,4,0.556,50,8,5
58,1,60,FrameTimeStutter,5.000,shockwave,practice,2026-09-16T14:19:09.4690318-04:00,1,186,3.54185,17.1151,1769.31,1304.83,0.000,0.000,1.9231,9.1120,-8.7543,Right,0,0,0,0,0.0000,300.000,0,0.000,0,127.500,71.914,4.500,0.0300,1.0000,100.00,shockwave,60,450;300;200;100;50,1.5,3,0.5,1,2,1,10,0,100,-10,5,250,40,5,250,60,1,8,11,0,0.06,4,0.556,50,8,5
58,1,60,FrameTimeStutter,5.000,shockwave,practice,2026-09-16T14:19:09.4690318-04:00,1,187,3.55866,16.8101,1769.31,1304.83,0.000,0.000,1.9231,9.1120,-8.7543,Right,0,0,0,0,0.0000,300.000,0,0.000,0,127.500,71.914,4.500,0.0300,1.0000,100.00,shockwave,60,450;300;200;100;50,1.5,3,0.5,1,2,1,10,0,100,-10,5,250,40,5,250,60,1,8,11,0,0.06,4,0.556,50,8,5
58,1,60,FrameTimeStutter,5.000,shockwave,practice,2026-09-16T14:19:09.4690318-04:00,1,188,3.57437,15.7146,1769.31,1304.83,0.000,0.000,1.9231,9.1120,-8.7543,Right,0,0,0,0,0.0000,300.000,0,0.000,0,127.500,71.914,4.500,0.0300,1.0000,100.00,shockwave,60,450;300;200;100;50,1.5,3,0.5,1,2,1,10,0,100,-10,5,250,40,5,250,60,1,8,11,0,0.06,4,0.556,50,8,5
58,1,60,FrameTimeStutter,5.000,shockwave,practice,2026-09-16T14:19:09.4690318-04:00,1,189,3.59127,16.9026,1769.31,1304.83,0.000,0.000,1.9231,9.1120,-8.7543,Right,0,0,0,0,0.0000,300.000,0,0.000,0,127.500,71.914,4.500,0.0300,1.0000,100.00,shockwave,60,450;300;200;100;50,1.5,3,0.5,1,2,1,10,0,100,-10,5,250,40,5,250,60,1,8,11,0,0.06,4,0.556,50,8,5
58,1,60,FrameTimeStutter,5.000,shockwave,practice,2026-09-16T14:19:09.4690318-04:00,1,190,3.60807,16.7996,1769.31,1304.83,0.000,0.000,1.9231,9.1120,-8.7543,Right,0,0,0,0,0.0000,300.000,0,0.000,0,127.500,71.914,4.500,0.0300,1.0000,100.00,shockwave,60,450;300;200;100;50,1.5,3,0.5,1,2,1,10,0,100,-10,5,250,40,5,250,60,1,8,11,0,0.06,4,0.556,50,8,5
58,1,60,FrameTimeStutter,5.000,shockwave,practice,2026-09-16T14:19:09.4690318-04:00,1,191,3.62443,16.3568,1769.31,1304.83,0.000,0.000,1.9231,9.1120,-8.7543,Right,0,0,0,0,0.0000,300.000,0,0.000,0,127.500,71.914,4.500,0.0300,1.0000,100.00,shockwave,60,450;300;200;100;50,1.5,3,0.5,1,2,1,10,0,100,-10,5,250,40,5,250,60,1,8,11,0,0.06,4,0.556,50,8,5
58,1,60,FrameTimeStutter,5.000,shockwave,practice,2026-09-16T14:19:09.4690318-04:00,1,192,3.64143,17.0029,1769.31,1304.83,0.000,0.000,1.9231,9.1120,-8.7543,Right,0,0,0,0,0.0000,300.000,0,0.000,0,127.500,71.914,4.500,0.0300,1.0000,100.00,shockwave,60,450;300;200;100;50,1.5,3,0.5,1,2,1,10,0,100,-10,5,250,40,5,250,60,1,8,11,0,0.06,4,0.556,50,8,5
58,1,60,FrameTimeStutter,5.000,shockwave,practice,2026-09-16T14:19:09.4690318-04:00,1,193,3.65846,17.0240,1769.31,1304.83,0.000,0.000,1.9231,9.1120,-8.7543,Right,0,0,0,0,0.0000,300.000,0,0.000,0,127.500,71.914,4.500,0.0300,1.0000,100.00,shockwave,60,450;300;200;100;50,1.5,3,0.5,1,2,1,10,0,100,-10,5,250,40,5,250,60,1,8,11,0,0.06,4,0.556,50,8,5
58,1,60,FrameTimeStutter,5.000,shockwave,practice,2026-09-16T14:19:09.4690318-04:00,1,194,3.67485,16.3961,1769.31,1304.83,0.000,0.000,1.9231,9.1120,-8.7543,Right,0,0,0,0,0.0000,300.000,0,0.000,0,127.500,71.914,4.500,0.0300,1.0000,100.00,shockwave,60,450;300;200;100;50,1.5,3,0.5,1,2,1,10,0,100,-10,5,250,40,5,250,60,1,8,11,0,0.06,4,0.556,50,8,5
58,1,60,FrameTimeStutter,5.000,shockwave,practice,2026-09-16T14:19:09.4690318-04:00,1,195,3.69188,17.0321,1769.31,1304.83,0.000,0.000,1.9231,9.1120,-8.7543,Right,0,0,0,0,0.0000,300.000,0,0.000,0,127.500,71.914,4.500,0.0300,1.0000,100.00,shockwave,60,450;300;200;100;50,1.5,3,0.5,1,2,1,10,0,100,-10,5,250,40,5,250,60,1,8,11,0,0.06,4,0.556,50,8,5
58,1,60,FrameTimeStutter,5.000,shockwave,practice,2026-09-16T14:19:09.4690318-04:00,1,196,3.70843,16.5407,1769.31,1304.83,0.000,0.000,1.9231,9.1120,-8.7543,Right,0,0,0,0,0.0000,300.000,0,0.000,0,127.500,71.914,4.500,0.0300,1.0000,100.00,shockwave,60,450;300;200;100;50,1.5,3,0.5,1,2,1,10,0,100,-10,5,250,40,5,250,60,1,8,11,0,0.06,4,0.556,50,8,5
58,1,60,FrameTimeStutter,5.000,shockwave,practice,2026-09-16T14:19:09.4690318-04:00,1,197,3.72504,16.6105,1769.31,1304.83,0.000,0.000,1.9231,9.1120,-8.7543,Right,0,0,0,0,0.0000,300.000,0,0.000,0,127.500,71.914,4.500,0.0300,1.0000,100.00,shockwave,60,450;300;200;100;50,1.5,3,0.5,1,2,1,10,0,100,-10,5,250,40,5,250,60,1,8,11,0,0.06,4,0.556,50,8,5
58,1,60,FrameTimeStutter,5.000,shockwave,practice,2026-09-16T14:19:09.4690318-04:00,1,198,3.74150,16.4606,1769.31,1304.83,0.000,0.000,1.9231,9.1120,-8.7543,Right,0,0,0,0,0.0000,300.000,0,0.000,0,127.500,71.914,4.500,0.0300,1.0000,100.00,shockwave,60,450;300;200;100;50,1.5,3,0.5,1,2,1,10,0,100,-10,5,250,40,5,250,60,1,8,11,0,0.06,4,0.556,50,8,5
58,1,60,FrameTimeStutter,5.000,shockwave,practice,2026-09-16T14:19:09.4690318-04:00,1,199,3.75863,17.1360,1769.31,1304.83,0.000,0.000,1.9231,9.1120,-8.7543,Right,0,0,0,0,0.0000,300.000,0,0.000,0,127.500,71.914,4.500,0.0300,1.0000,100.00,shockwave,60,450;300;200;100;50,1.5,3,0.5,1,2,1,10,0,100,-10,5,250,40,5,250,60,1,8,11,0,0.06,4,0.556,50,8,5
58,1,60,FrameTimeStutter,5.000,shockwave,practice,2026-09-16T14:19:09.4690318-04:00,1,200,3.77489,16.2544,1769.31,1304.83,0.000,0.000,1.9231,9.1120,-8.7543,Right,0,0,0,0,0.0000,300.000,0,0.000,0,127.500,71.914,4.500,0.0300,1.0000,100.00,shockwave,60,450;300;200;100;50,1.5,3,0.5,1,2,1,10,0,100,-10,5,250,40,5,250,60,1,8,11,0,0.06,4,0.556,50,8,5
58,1,60,FrameTimeStutter,5.000,shockwave,practice,2026-09-16T14:19:09.4690318-04:00,1,201,3.79136,16.4726,1769.31,1304.83,0.000,0.000,1.9231,9.1120,-8.7543,Right,0,0,0,0,0.0000,300.000,0,0.000,0,127.500,71.914,4.500,0.0300,1.0000,100.00,shockwave,60,450;300;200;100;50,1.5,3,0.5,1,2,1,10,0,100,-10,5,250,40,5,250,60,1,8,11,0,0.06,4,0.556,50,8,5
58,1,60,FrameTimeStutter,5.000,shockwave,practice,2026-09-16T14:19:09.4690318-04:00,1,202,3.80785,16.4915,1769.31,1304.83,0.000,0.000,1.9231,9.1120,-8.7543,Right,0,0,0,0,0.0000,300.000,0,0.000,0,127.500,71.914,4.500,0.0300,1.0000,100.00,shockwave,60,450;300;200;100;50,1.5,3,0.5,1,2,1,10,0,100,-10,5,250,40,5,250,60,1,8,11,0,0.06,4,0.556,50,8,5
58,1,60,FrameTimeStutter,5.000,shockwave,practice,2026-09-16T14:19:09.4690318-04:00,1,203,3.82500,17.1442,1769.31,1304.83,0.000,0.000,1.9231,9.1120,-8.7543,Right,0,0,0,0,0.0000,300.000,0,0.000,0,127.500,71.914,4.500,0.0300,1.0000,100.00,shockwave,60,450;300;200;100;50,1.5,3,0.5,1,2,1,10,0,100,-10,5,250,40,5,250,60,1,8,11,0,0.06,4,0.556,50,8,5
58,1,60,FrameTimeStutter,5.000,shockwave,practice,2026-09-16T14:19:09.4690318-04:00,1,204,3.84152,16.5194,1769.31,1304.83,0.000,0.000,1.9231,9.1120,-8.7543,Right,0,0,0,0,0.0000,300.000,0,0.000,0,127.500,71.914,4.500,0.0300,1.0000,100.00,shockwave,60,450;300;200;100;50,1.5,3,0.5,1,2,1,10,0,100,-10,5,250,40,5,250,60,1,8,11,0,0.06,4,0.556,50,8,5
58,1,60,FrameTimeStutter,5.000,shockwave,practice,2026-09-16T14:19:09.4690318-04:00,1,205,3.85843,16.9107,1769.31,1304.83,0.000,0.000,1.9231,9.1120,-8.7543,Right,0,0,0,0,0.0000,300.000,0,0.000,0,127.500,71.914,4.500,0.0300,1.0000,100.00,shockwave,60,450;300;200;100;50,1.5,3,0.5,1,2,1,10,0,100,-10,5,250,40,5,250,60,1,8,11,0,0.06,4,0.556,50,8,5
58,1,60,FrameTimeStutter,5.000,shockwave,practice,2026-09-16T14:19:09.4690318-04:00,1,206,3.87481,16.3863,1769.31,1304.83,0.000,0.000,1.9231,9.1120,-8.7543,Right,0,0,0,0,0.0000,300.000,0,0.000,0,127.500,71.914,4.500,0.0300,1.0000,100.00,shockwave,60,450;300;200;100;50,1.5,3,0.5,1,2,1,10,0,100,-10,5,250,40,5,250,60,1,8,11,0,0.06,4,0.556,50,8,5
58,1,60,FrameTimeStutter,5.000,shockwave,practice,2026-09-16T14:19:09.4690318-04:00,1,207,3.89114,16.3251,1769.31,1304.83,0.000,0.000,1.9231,9.1120,-8.7543,Right,0,0,0,0,0.0000,300.000,0,0.000,0,127.500,71.914,4.500,0.0300,1.0000,100.00,shockwave,60,450;300;200;100;50,1.5,3,0.5,1,2,1,10,0,100,-10,5,250,40,5,250,60,1,8,11,0,0.06,4,0.556,50,8,5
58,1,60,FrameTimeStutter,5.000,shockwave,practice,2026-09-16T14:19:09.4690318-04:00,1,208,3.90787,16.7288,1769.31,1304.83,0.000,0.000,1.9231,9.1120,-8.7543,Right,0,0,0,0,0.0000,300.000,0,0.000,0,127.500,71.914,4.500,0.0300,1.0000,100.00,shockwave,60,450;300;200;100;50,1.5,3,0.5,1,2,1,10,0,100,-10,5,250,40,5,250,60,1,8,11,0,0.06,4,0.556,50,8,5
58,1,60,FrameTimeStutter,5.000,shockwave,practice,2026-09-16T14:19:09.4690318-04:00,1,209,3.92522,17.3511,1769.31,1304.83,0.000,0.000,1.9231,9.1120,-8.7543,Right,0,0,0,0,0.0000,300.000,0,0.000,0,127.500,71.914,4.500,0.0300,1.0000,100.00,shockwave,60,450;300;200;100;50,1.5,3,0.5,1,2,1,10,0,100,-10,5,250,40,5,250,60,1,8,11,0,0.06,4,0.556,50,8,5
58,1,60,FrameTimeStutter,5.000,shockwave,practice,2026-09-16T14:19:09.4690318-04:00,1,210,3.94184,16.6230,1769.31,1304.83,0.000,0.000,1.9231,9.1120,-8.7543,Right,0,0,0,0,0.0000,300.000,0,0.000,0,127.500,71.914,4.500,0.0300,1.0000,100.00,shockwave,60,450;300;200;100;50,1.5,3,0.5,1,2,1,10,0,100,-10,5,250,40,5,250,60,1,8,11,0,0.06,4,0.556,50,8,5
58,1,60,FrameTimeStutter,5.000,shockwave,practice,2026-09-16T14:19:09.4690318-04:00,1,211,3.95842,16.5799,1769.31,1304.83,0.000,0.000,1.9231,9.1120,-8.7543,Right,0,0,0,0,0.0000,300.000,0,0.000,0,127.500,71.914,4.500,0.0300,1.0000,100.00,shockwave,60,450;300;200;100;50,1.5,3,0.5,1,2,1,10,0,100,-10,5,250,40,5,250,60,1,8,11,0,0.06,4,0.556,50,8,5
58,1,60,FrameTimeStutter,5.000,shockwave,practice,2026-09-16T14:19:09.4690318-04:00,1,212,3.97502,16.6047,1769.31,1304.83,0.000,0.000,1.9231,9.1120,-8.7543,Right,0,0,0,0,0.0000,300.000,0,0.000,0,127.500,71.914,4.500,0.0300,1.0000,100.00,shockwave,60,450;300;200;100;50,1.5,3,0.5,1,2,1,10,0,100,-10,5,250,40,5,250,60,1,8,11,0,0.06,4,0.556,50,8,5
58,1,60,FrameTimeStutter,5.000,shockwave,practice,2026-09-16T14:19:09.4690318-04:00,1,213,3.99192,16.8965,1769.31,1304.83,0.000,0.000,1.9231,9.1120,-8.7543,Right,0,0,0,0,0.0000,300.000,0,0.000,0,127.500,71.914,4.500,0.0300,1.0000,100.00,shockwave,60,450;300;200;100;50,1.5,3,0.5,1,2,1,10,0,100,-10,5,250,40,5,250,60,1,8,11,0,0.06,4,0.556,50,8,5
58,1,60,FrameTimeStutter,5.000,shockwave,practice,2026-09-16T14:19:09.4690318-04:00,1,214,4.00855,16.6322,1769.31,1304.83,0.000,0.000,1.9231,9.1120,-8.7543,Right,0,0,0,0,0.0000,300.000,0,0.000,0,127.500,71.914,4.500,0.0300,1.0000,100.00,shockwave,60,450;300;200;100;50,1.5,3,0.5,1,2,1,10,0,100,-10,5,250,40,5,250,60,1,8,11,0,0.06,4,0.556,50,8,5
58,1,60,FrameTimeStutter,5.000,shockwave,practice,2026-09-16T14:19:09.4690318-04:00,1,215,4.02498,16.4318,1769.31,1304.83,0.000,0.000,1.9231,9.1120,-8.7543,Right,0,0,0,0,0.0000,300.000,0,0.000,0,127.500,71.914,4.500,0.0300,1.0000,100.00,shockwave,60,450;300;200;100;50,1.5,3,0.5,1,2,1,10,0,100,-10,5,250,40,5,250,60,1,8,11,0,0.06,4,0.556,50,8,5
58,1,60,FrameTimeStutter,5.000,shockwave,practice,2026-09-16T14:19:09.4690318-04:00,1,216,4.04132,16.3324,1769.31,1304.83,0.000,0.000,1.9231,9.1120,-8.7543,Right,0,0,0,0,0.0000,300.000,0,0.000,0,127.500,71.914,4.500,0.0300,1.0000,100.00,shockwave,60,450;300;200;100;50,1.5,3,0.5,1,2,1,10,0,100,-10,5,250,40,5,250,60,1,8,11,0,0.06,4,0.556,50,8,5
58,1,60,FrameTimeStutter,5.000,shockwave,practice,2026-09-16T14:19:09.4690318-04:00,1,217,4.05785,16.5312,1769.31,1304.83,0.000,0.000,1.9231,9.1120,-8.7543,Right,0,0,0,0,0.0000,300.000,0,0.000,0,127.500,71.914,4.500,0.0300,1.0000,100.00,shockwave,60,450;300;200;100;50,1.5,3,0.5,1,2,1,10,0,100,-10,5,250,40,5,250,60,1,8,11,0,0.06,4,0.556,50,8,5
58,1,60,FrameTimeStutter,5.000,shockwave,practice,2026-09-16T14:19:09.4690318-04:00,1,218,4.07446,16.6070,1769.31,1304.83,0.000,0.000,1.9231,9.1120,-8.7543,Right,0,0,0,0,0.0000,300.000,0,0.000,0,127.500,71.914,4.500,0.0300,1.0000,100.00,shockwave,60,450;300;200;100;50,1.5,3,0.5,1,2,1,10,0,100,-10,5,250,40,5,250,60,1,8,11,0,0.06,4,0.556,50,8,5
58,1,60,FrameTimeStutter,5.000,shockwave,practice,2026-09-16T14:19:09.4690318-04:00,1,219,4.09162,17.1678,1769.31,1304.83,0.000,0.000,1.9231,9.1120,-8.7543,Right,0,0,0,0,0.0000,300.000,0,0.000,0,127.500,71.914,4.500,0.0300,1.0000,100.00,shockwave,60,450;300;200;100;50,1.5,3,0.5,1,2,1,10,0,100,-10,5,250,40,5,250,60,1,8,11,0,0.06,4,0.556,50,8,5
58,1,60,FrameTimeStutter,5.000,shockwave,practice,2026-09-16T14:19:09.4690318-04:00,1,220,4.10789,16.2662,1769.31,1304.83,0.000,0.000,1.9231,9.1120,-8.7543,Right,0,0,0,0,0.0000,300.000,0,0.000,0,127.500,71.914,4.500,0.0300,1.0000,100.00,shockwave,60,450;300;200;100;50,1.5,3,0.5,1,2,1,10,0,100,-10,5,250,40,5,250,60,1,8,11,0,0.06,4,0.556,50,8,5
58,1,60,FrameTimeStutter,5.000,shockwave,practice,2026-09-16T14:19:09.4690318-04:00,1,221,4.12524,17.3458,1769.31,1304.83,0.000,0.000,1.9231,9.1120,-8.7543,Right,0,0,0,0,0.0000,300.000,0,0.000,0,127.500,71.914,4.500,0.0300,1.0000,100.00,shockwave,60,450;300;200;100;50,1.5,3,0.5,1,2,1,10,0,100,-10,5,250,40,5,250,60,1,8,11,0,0.06,4,0.556,50,8,5
58,1,60,FrameTimeStutter,5.000,shockwave,practice,2026-09-16T14:19:09.4690318-04:00,1,222,4.14179,16.5568,1769.31,1304.83,0.000,0.000,1.9231,9.1120,-8.7543,Right,0,0,0,0,0.0000,300.000,0,0.000,0,127.500,71.914,4.500,0.0300,1.0000,100.00,shockwave,60,450;300;200;100;50,1.5,3,0.5,1,2,1,10,0,100,-10,5,250,40,5,250,60,1,8,11,0,0.06,4,0.556,50,8,5
58,1,60,FrameTimeStutter,5.000,shockwave,practice,2026-09-16T14:19:09.4690318-04:00,1,223,4.15813,16.3416,1769.31,1304.83,0.000,0.000,1.9231,9.1120,-8.7543,Right,0,0,0,0,0.0000,300.000,0,0.000,0,127.500,71.914,4.500,0.0300,1.0000,100.00,shockwave,60,450;300;200;100;50,1.5,3,0.5,1,2,1,10,0,100,-10,5,250,40,5,250,60,1,8,11,0,0.06,4,0.556,50,8,5
58,1,60,FrameTimeStutter,5.000,shockwave,practice,2026-09-16T14:19:09.4690318-04:00,1,224,4.17471,16.5803,1769.31,1304.83,0.000,0.000,1.9231,9.1120,-8.7543,Right,0,0,0,0,0.0000,300.000,0,0.000,0,127.500,71.914,4.500,0.0300,1.0000,100.00,shockwave,60,450;300;200;100;50,1.5,3,0.5,1,2,1,10,0,100,-10,5,250,40,5,250,60,1,8,11,0,0.06,4,0.556,50,8,5
58,1,60,FrameTimeStutter,5.000,shockwave,practice,2026-09-16T14:19:09.4690318-04:00,1,225,4.19160,16.8901,1769.31,1304.83,0.000,0.000,1.9231,9.1120,-8.7543,Right,0,0,0,0,0.0000,300.000,0,0.000,0,127.500,71.914,4.500,0.0300,1.0000,100.00,shockwave,60,450;300;200;100;50,1.5,3,0.5,1,2,1,10,0,100,-10,5,250,40,5,250,60,1,8,11,0,0.06,4,0.556,50,8,5
58,1,60,FrameTimeStutter,5.000,shockwave,practice,2026-09-16T14:19:09.4690318-04:00,1,226,4.20850,16.8940,1769.31,1304.83,0.000,0.000,1.9231,9.1120,-8.7543,Right,0,0,0,0,0.0000,300.000,0,0.000,0,127.500,71.914,4.500,0.0300,1.0000,100.00,shockwave,60,450;300;200;100;50,1.5,3,0.5,1,2,1,10,0,100,-10,5,250,40,5,250,60,1,8,11,0,0.06,4,0.556,50,8,5
58,1,60,FrameTimeStutter,5.000,shockwave,practice,2026-09-16T14:19:09.4690318-04:00,1,227,4.22497,16.4759,1769.31,1304.83,0.000,0.000,1.9231,9.1120,-8.7543,Right,0,0,0,0,0.0000,300.000,0,0.000,0,127.500,71.914,4.500,0.0300,1.0000,100.00,shockwave,60,450;300;200;100;50,1.5,3,0.5,1,2,1,10,0,100,-10,5,250,40,5,250,60,1,8,11,0,0.06,4,0.556,50,8,5
58,1,60,FrameTimeStutter,5.000,shockwave,practice,2026-09-16T14:19:09.4690318-04:00,1,228,4.24171,16.7309,1769.31,1304.83,0.000,0.000,1.9231,9.1120,-8.7543,Right,0,0,0,0,0.0000,300.000,0,0.000,0,127.500,71.914,4.500,0.0300,1.0000,100.00,shockwave,60,450;300;200;100;50,1.5,3,0.5,1,2,1,10,0,100,-10,5,250,40,5,250,60,1,8,11,0,0.06,4,0.556,50,8,5
58,1,60,FrameTimeStutter,5.000,shockwave,practice,2026-09-16T14:19:09.4690318-04:00,1,229,4.25852,16.8188,1769.31,1304.83,0.000,0.000,1.9231,9.1120,-8.7543,Right,0,0,0,0,0.0000,300.000,0,0.000,0,127.500,71.914,4.500,0.0300,1.0000,100.00,shockwave,60,450;300;200;100;50,1.5,3,0.5,1,2,1,10,0,100,-10,5,250,40,5,250,60,1,8,11,0,0.06,4,0.556,50,8,5
58,1,60,FrameTimeStutter,5.000,shockwave,practice,2026-09-16T14:19:09.4690318-04:00,1,230,4.27479,16.2619,1769.31,1304.83,0.000,0.000,1.9231,9.1120,-8.7543,Right,0,0,0,0,0.0000,300.000,0,0.000,0,127.500,71.914,4.500,0.0300,1.0000,100.00,shockwave,60,450;300;200;100;50,1.5,3,0.5,1,2,1,10,0,100,-10,5,250,40,5,250,60,1,8,11,0,0.06,4,0.556,50,8,5
58,1,60,FrameTimeStutter,5.000,shockwave,practice,2026-09-16T14:19:09.4690318-04:00,1,231,4.29120,16.4180,1769.31,1304.83,0.000,0.000,1.9231,9.1120,-8.7543,Right,0,0,0,0,0.0000,300.000,0,0.000,0,127.500,71.914,4.500,0.0300,1.0000,100.00,shockwave,60,450;300;200;100;50,1.5,3,0.5,1,2,1,10,0,100,-10,5,250,40,5,250,60,1,8,11,0,0.06,4,0.556,50,8,5
58,1,60,FrameTimeStutter,5.000,shockwave,practice,2026-09-16T14:19:09.4690318-04:00,1,232,4.30859,17.3894,1769.31,1304.83,0.000,0.000,1.9231,9.1120,-8.7543,Right,0,0,0,0,0.0000,300.000,0,0.000,0,127.500,71.914,4.500,0.0300,1.0000,100.00,shockwave,60,450;300;200;100;50,1.5,3,0.5,1,2,1,10,0,100,-10,5,250,40,5,250,60,1,8,11,0,0.06,4,0.556,50,8,5
58,1,60,FrameTimeStutter,5.000,shockwave,practice,2026-09-16T14:19:09.4690318-04:00,1,233,4.32489,16.2933,1769.31,1304.83,0.000,0.000,1.9231,9.1120,-8.7543,Right,0,0,0,0,0.0000,300.000,0,0.000,0,127.500,71.914,4.500,0.0300,1.0000,100.00,shockwave,60,450;300;200;100;50,1.5,3,0.5,1,2,1,10,0,100,-10,5,250,40,5,250,60,1,8,11,0,0.06,4,0.556,50,8,5
58,1,60,FrameTimeStutter,5.000,shockwave,practice,2026-09-16T14:19:09.4690318-04:00,1,234,4.34113,16.2479,1769.31,1304.83,0.000,0.000,1.9231,9.1120,-8.7543,Right,0,0,0,0,0.0000,300.000,0,0.000,0,127.500,71.914,4.500,0.0300,1.0000,100.00,shockwave,60,450;300;200;100;50,1.5,3,0.5,1,2,1,10,0,100,-10,5,250,40,5,250,60,1,8,11,0,0.06,4,0.556,50,8,5
58,1,60,FrameTimeStutter,5.000,shockwave,practice,2026-09-16T14:19:09.4690318-04:00,1,235,4.35809,16.9542,1769.31,1304.83,0.000,0.000,1.9231,9.1120,-8.7543,Right,0,0,0,0,0.0000,300.000,0,0.000,0,127.500,71.914,4.500,0.0300,1.0000,100.00,shockwave,60,450;300;200;100;50,1.5,3,0.5,1,2,1,10,0,100,-10,5,250,40,5,250,60,1,8,11,0,0.06,4,0.556,50,8,5
58,1,60,FrameTimeStutter,5.000,shockwave,practice,2026-09-16T14:19:09.4690318-04:00,1,236,4.37523,17.1423,1769.31,1304.83,0.000,0.000,1.9231,9.1120,-8.7543,Right,0,0,0,0,0.0000,300.000,0,0.000,0,127.500,71.914,4.500,0.0300,1.0000,100.00,shockwave,60,450;300;200;100;50,1.5,3,0.5,1,2,1,10,0,100,-10,5,250,40,5,250,60,1,8,11,0,0.06,4,0.556,50,8,5
58,1,60,FrameTimeStutter,5.000,shockwave,practice,2026-09-16T14:19:09.4690318-04:00,1,237,4.39135,16.1161,1769.31,1304.83,0.000,0.000,1.9231,9.1120,-8.7543,Right,0,0,0,0,0.0000,300.000,0,0.000,0,127.500,71.914,4.500,0.0300,1.0000,100.00,shockwave,60,450;300;200;100;50,1.5,3,0.5,1,2,1,10,0,100,-10,5,250,40,5,250,60,1,8,11,0,0.06,4,0.556,50,8,5
58,1,60,FrameTimeStutter,5.000,shockwave,practice,2026-09-16T14:19:09.4690318-04:00,1,238,4.40777,16.4228,1769.31,1304.83,0.000,0.000,1.9231,9.1120,-8.7543,Right,0,0,0,0,0.0000,300.000,0,0.000,0,127.500,71.914,4.500,0.0300,1.0000,100.00,shockwave,60,450;300;200;100;50,1.5,3,0.5,1,2,1,10,0,100,-10,5,250,40,5,250,60,1,8,11,0,0.06,4,0.556,50,8,5
58,1,60,FrameTimeStutter,5.000,shockwave,practice,2026-09-16T14:19:09.4690318-04:00,1,239,4.42516,17.3945,1769.31,1304.83,0.000,0.000,1.9231,9.1120,-8.7543,Right,0,0,0,0,0.0000,300.000,0,0.000,0,127.500,71.914,4.500,0.0300,1.0000,100.00,shockwave,60,450;300;200;100;50,1.5,3,0.5,1,2,1,10,0,100,-10,5,250,40,5,250,60,1,8,11,0,0.06,4,0.556,50,8,5
58,1,60,FrameTimeStutter,5.000,shockwave,practice,2026-09-16T14:19:09.4690318-04:00,1,240,4.44110,15.9348,1769.31,1304.83,0.000,0.000,1.9231,9.1120,-8.7543,Right,0,0,0,0,0.0000,300.000,0,0.000,0,127.500,71.914,4.500,0.0300,1.0000,100.00,shockwave,60,450;300;200;100;50,1.5,3,0.5,1,2,1,10,0,100,-10,5,250,40,5,250,60,1,8,11,0,0.06,4,0.556,50,8,5
58,1,60,FrameTimeStutter,5.000,shockwave,practice,2026-09-16T14:19:09.4690318-04:00,1,241,4.45779,16.6871,1769.31,1304.83,0.000,0.000,1.9231,9.1120,-8.7543,Right,0,0,0,0,0.0000,300.000,0,0.000,0,127.500,71.914,4.500,0.0300,1.0000,100.00,shockwave,60,450;300;200;100;50,1.5,3,0.5,1,2,1,10,0,100,-10,5,250,40,5,250,60,1,8,11,0,0.06,4,0.556,50,8,5
58,1,60,FrameTimeStutter,5.000,shockwave,practice,2026-09-16T14:19:09.4690318-04:00,1,242,4.47527,17.4875,1769.31,1304.83,0.000,0.000,1.9231,9.1120,-8.7543,Right,0,0,0,0,0.0000,300.000,0,0.000,0,127.500,71.914,4.500,0.0300,1.0000,100.00,shockwave,60,450;300;200;100;50,1.5,3,0.5,1,2,1,10,0,100,-10,5,250,40,5,250,60,1,8,11,0,0.06,4,0.556,50,8,5
58,1,60,FrameTimeStutter,5.000,shockwave,practice,2026-09-16T14:19:09.4690318-04:00,1,243,4.49172,16.4505,1769.31,1304.83,0.000,0.000,1.9231,9.1120,-8.7543,Right,0,0,0,0,0.0000,300.000,0,0.000,0,127.500,71.914,4.500,0.0300,1.0000,100.00,shockwave,60,450;300;200;100;50,1.5,3,0.5,1,2,1,10,0,100,-10,5,250,40,5,250,60,1,8,11,0,0.06,4,0.556,50,8,5
58,1,60,FrameTimeStutter,5.000,shockwave,practice,2026-09-16T14:19:09.4690318-04:00,1,244,4.50778,16.0540,1769.31,1304.83,0.000,0.000,1.9231,9.1120,-8.7543,Right,0,0,0,0,0.0000,300.000,0,0.000,0,127.500,71.914,4.500,0.0300,1.0000,100.00,shockwave,60,450;300;200;100;50,1.5,3,0.5,1,2,1,10,0,100,-10,5,250,40,5,250,60,1,8,11,0,0.06,4,0.556,50,8,5
58,1,60,FrameTimeStutter,5.000,shockwave,practice,2026-09-16T14:19:09.4690318-04:00,1,245,4.52445,16.6755,1769.31,1304.83,0.000,0.000,1.9231,9.1120,-8.7543,Right,0,0,0,0,0.0000,300.000,0,0.000,0,127.500,71.914,4.500,0.0300,1.0000,100.00,shockwave,60,450;300;200;100;50,1.5,3,0.5,1,2,1,10,0,100,-10,5,250,40,5,250,60,1,8,11,0,0.06,4,0.556,50,8,5
58,1,60,FrameTimeStutter,5.000,shockwave,practice,2026-09-16T14:19:09.4690318-04:00,1,246,4.54179,17.3358,1769.31,1304.83,0.000,0.000,1.9231,9.1120,-8.7543,Right,0,0,0,0,0.0000,300.000,0,0.000,0,127.500,71.914,4.500,0.0300,1.0000,100.00,shockwave,60,450;300;200;100;50,1.5,3,0.5,1,2,1,10,0,100,-10,5,250,40,5,250,60,1,8,11,0,0.06,4,0.556,50,8,5
58,1,60,FrameTimeStutter,5.000,shockwave,practice,2026-09-16T14:19:09.4690318-04:00,1,247,4.55847,16.6777,1769.31,1304.83,0.000,0.000,1.9231,9.1120,-8.7543,Right,0,0,0,0,0.0000,300.000,0,0.000,0,127.500,71.914,4.500,0.0300,1.0000,100.00,shockwave,60,450;300;200;100;50,1.5,3,0.5,1,2,1,10,0,100,-10,5,250,40,5,250,60,1,8,11,0,0.06,4,0.556,50,8,5
58,1,60,FrameTimeStutter,5.000,shockwave,practice,2026-09-16T14:19:09.4690318-04:00,1,248,4.57521,16.7393,1769.31,1304.83,0.000,0.000,1.9231,9.1120,-8.7543,Right,0,0,0,0,0.0000,300.000,0,0.000,0,127.500,71.914,4.500,0.0300,1.0000,100.00,shockwave,60,450;300;200;100;50,1.5,3,0.5,1,2,1,10,0,100,-10,5,250,40,5,250,60,1,8,11,0,0.06,4,0.556,50,8,5
58,1,60,FrameTimeStutter,5.000,shockwave,practice,2026-09-16T14:19:09.4690318-04:00,1,249,4.59168,16.4760,1769.31,1304.83,0.000,0.000,1.9231,9.1120,-8.7543,Right,0,0,0,0,0.0000,300.000,0,0.000,0,127.500,71.914,4.500,0.0300,1.0000,100.00,shockwave,60,450;300;200;100;50,1.5,3,0.5,1,2,1,10,0,100,-10,5,250,40,5,250,60,1,8,11,0,0.06,4,0.556,50,8,5
58,1,60,FrameTimeStutter,5.000,shockwave,practice,2026-09-16T14:19:09.4690318-04:00,1,250,4.60821,16.5255,1769.31,1304.83,0.000,0.000,1.9231,9.1120,-8.7543,Right,0,0,0,0,0.0000,300.000,0,0.000,0,127.500,71.914,4.500,0.0300,1.0000,100.00,shockwave,60,450;300;200;100;50,1.5,3,0.5,1,2,1,10,0,100,-10,5,250,40,5,250,60,1,8,11,0,0.06,4,0.556,50,8,5
58,1,60,FrameTimeStutter,5.000,shockwave,practice,2026-09-16T14:19:09.4690318-04:00,1,251,4.62462,16.4082,1769.31,1304.83,0.000,0.000,1.9231,9.1120,-8.7543,Right,0,0,0,0,0.0000,300.000,0,0.000,0,127.500,71.914,4.500,0.0300,1.0000,100.00,shockwave,60,450;300;200;100;50,1.5,3,0.5,1,2,1,10,0,100,-10,5,250,40,5,250,60,1,8,11,0,0.06,4,0.556,50,8,5
58,1,60,FrameTimeStutter,5.000,shockwave,practice,2026-09-16T14:19:09.4690318-04:00,1,252,4.64230,17.6876,1769.31,1304.83,0.000,0.000,1.9231,9.1120,-8.7543,Right,0,0,0,0,0.0000,300.000,0,0.000,0,127.500,71.914,4.500,0.0300,1.0000,100.00,shockwave,60,450;300;200;100;50,1.5,3,0.5,1,2,1,10,0,100,-10,5,250,40,5,250,60,1,8,11,0,0.06,4,0.556,50,8,5
58,1,60,FrameTimeStutter,5.000,shockwave,practice,2026-09-16T14:19:09.4690318-04:00,1,253,4.65849,16.1876,1769.31,1304.83,0.000,0.000,1.9231,9.1120,-8.7543,Right,0,0,0,0,0.0000,300.000,0,0.000,0,127.500,71.914,4.500,0.0300,1.0000,100.00,shockwave,60,450;300;200;100;50,1.5,3,0.5,1,2,1,10,0,100,-10,5,250,40,5,250,60,1,8,11,0,0.06,4,0.556,50,8,5
58,1,60,FrameTimeStutter,5.000,shockwave,practice,2026-09-16T14:19:09.4690318-04:00,1,254,4.67429,15.7990,1769.31,1304.83,0.000,0.000,1.9231,9.1120,-8.7543,Right,0,0,0,0,0.0000,300.000,0,0.000,0,127.500,71.914,4.500,0.0300,1.0000,100.00,shockwave,60,450;300;200;100;50,1.5,3,0.5,1,2,1,10,0,100,-10,5,250,40,5,250,60,1,8,11,0,0.06,4,0.556,50,8,5
58,1,60,FrameTimeStutter,5.000,shockwave,practice,2026-09-16T14:19:09.4690318-04:00,1,255,4.69121,16.9148,1769.31,1304.83,0.000,0.000,1.9231,9.1120,-8.7543,Right,0,0,0,0,0.0000,300.000,0,0.000,0,127.500,71.914,4.500,0.0300,1.0000,100.00,shockwave,60,450;300;200;100;50,1.5,3,0.5,1,2,1,10,0,100,-10,5,250,40,5,250,60,1,8,11,0,0.06,4,0.556,50,8,5
58,1,60,FrameTimeStutter,5.000,shockwave,practice,2026-09-16T14:19:09.4690318-04:00,1,256,4.70785,16.6425,1769.31,1304.83,0.000,0.000,1.9231,9.1120,-8.7543,Right,0,0,0,0,0.0000,300.000,0,0.000,0,127.500,71.914,4.500,0.0300,1.0000,100.00,shockwave,60,450;300;200;100;50,1.5,3,0.5,1,2,1,10,0,100,-10,5,250,40,5,250,60,1,8,11,0,0.06,4,0.556,50,8,5
58,1,60,FrameTimeStutter,5.000,shockwave,practice,2026-09-16T14:19:09.4690318-04:00,1,257,4.72508,17.2317,1769.31,1304.83,0.000,0.000,1.9231,9.1120,-8.7543,Right,0,0,0,0,0.0000,300.000,0,0.000,0,127.500,71.914,4.500,0.0300,1.0000,100.00,shockwave,60,450;300;200;100;50,1.5,3,0.5,1,2,1,10,0,100,-10,5,250,40,5,250,60,1,8,11,0,0.06,4,0.556,50,8,5
58,1,60,FrameTimeStutter,5.000,shockwave,practice,2026-09-16T14:19:09.4690318-04:00,1,258,4.74171,16.6361,1769.31,1304.83,0.000,0.000,1.9231,9.1120,-8.7543,Right,0,0,0,0,0.0000,300.000,0,0.000,0,127.500,71.914,4.500,0.0300,1.0000,100.00,shockwave,60,450;300;200;100;50,1.5,3,0.5,1,2,1,10,0,100,-10,5,250,40,5,250,60,1,8,11,0,0.06,4,0.556,50,8,5
58,1,60,FrameTimeStutter,5.000,shockwave,practice,2026-09-16T14:19:09.4690318-04:00,1,259,4.75836,16.6436,1769.31,1304.83,0.000,0.000,1.9231,9.1120,-8.7543,Right,0,0,0,0,0.0000,300.000,0,0.000,0,127.500,71.914,4.500,0.0300,1.0000,100.00,shockwave,60,450;300;200;100;50,1.5,3,0.5,1,2,1,10,0,100,-10,5,250,40,5,250,60,1,8,11,0,0.06,4,0.556,50,8,5
58,1,60,FrameTimeStutter,5.000,shockwave,practice,2026-09-16T14:19:09.4690318-04:00,1,260,4.77499,16.6307,1769.31,1304.83,0.000,0.000,1.9231,9.1120,-8.7543,Right,0,0,0,0,0.0000,300.000,0,0.000,0,127.500,71.914,4.500,0.0300,1.0000,100.00,shockwave,60,450;300;200;100;50,1.5,3,0.5,1,2,1,10,0,100,-10,5,250,40,5,250,60,1,8,11,0,0.06,4,0.556,50,8,5
58,1,60,FrameTimeStutter,5.000,shockwave,practice,2026-09-16T14:19:09.4690318-04:00,1,261,4.79122,16.2262,1769.31,1304.83,0.000,0.000,1.9231,9.1120,-8.7543,Right,0,0,0,0,0.0000,300.000,0,0.000,0,127.500,71.914,4.500,0.0300,1.0000,100.00,shockwave,60,450;300;200;100;50,1.5,3,0.5,1,2,1,10,0,100,-10,5,250,40,5,250,60,1,8,11,0,0.06,4,0.556,50,8,5
58,1,60,FrameTimeStutter,5.000,shockwave,practice,2026-09-16T14:19:09.4690318-04:00,1,262,4.80785,16.6305,1769.31,1304.83,0.000,0.000,1.9231,9.1120,-8.7543,Right,0,0,0,0,0.0000,300.000,0,0.000,0,127.500,71.914,4.500,0.0300,1.0000,100.00,shockwave,60,450;300;200;100;50,1.5,3,0.5,1,2,1,10,0,100,-10,5,250,40,5,250,60,1,8,11,0,0.06,4,0.556,50,8,5
58,1,60,FrameTimeStutter,5.000,shockwave,practice,2026-09-16T14:19:09.4690318-04:00,1,263,4.82506,17.2151,1769.31,1304.83,0.000,0.000,1.9231,9.1120,-8.7543,Right,0,0,0,0,0.0000,300.000,0,0.000,0,127.500,71.914,4.500,0.0300,1.0000,100.00,shockwave,60,450;300;200;100;50,1.5,3,0.5,1,2,1,10,0,100,-10,5,250,40,5,250,60,1,8,11,0,0.06,4,0.556,50,8,5
58,1,60,FrameTimeStutter,5.000,shockwave,practice,2026-09-16T14:19:09.4690318-04:00,1,264,4.84159,16.5283,1769.31,1304.83,0.000,0.000,1.9231,9.1120,-8.7543,Right,0,0,0,0,0.0000,300.000,0,0.000,0,127.500,71.914,4.500,0.0300,1.0000,100.00,shockwave,60,450;300;200;100;50,1.5,3,0.5,1,2,1,10,0,100,-10,5,250,40,5,250,60,1,8,11,0,0.06,4,0.556,50,8,5
58,1,60,FrameTimeStutter,5.000,shockwave,practice,2026-09-16T14:19:09.4690318-04:00,1,265,4.85836,16.7681,1769.31,1304.83,0.000,0.000,1.9231,9.1120,-8.7543,Right,0,0,0,0,0.0000,300.000,0,0.000,0,127.500,71.914,4.500,0.0300,1.0000,100.00,shockwave,60,450;300;200;100;50,1.5,3,0.5,1,2,1,10,0,100,-10,5,250,40,5,250,60,1,8,11,0,0.06,4,0.556,50,8,5
58,1,60,FrameTimeStutter,5.000,shockwave,practice,2026-09-16T14:19:09.4690318-04:00,1,266,4.87468,16.3236,1769.31,1304.83,0.000,0.000,1.9231,9.1120,-8.7543,Right,0,0,0,0,0.0000,300.000,0,0.000,0,127.500,71.914,4.500,0.0300,1.0000,100.00,shockwave,60,450;300;200;100;50,1.5,3,0.5,1,2,1,10,0,100,-10,5,250,40,5,250,60,1,8,11,0,0.06,4,0.556,50,8,5
58,1,60,FrameTimeStutter,5.000,shockwave,practice,2026-09-16T14:19:09.4690318-04:00,1,267,4.89185,17.1737,1769.31,1304.83,0.000,0.000,1.9231,9.1120,-8.7543,Right,0,0,0,0,0.0000,300.000,0,0.000,0,127.500,71.914,4.500,0.0300,1.0000,100.00,shockwave,60,450;300;200;100;50,1.5,3,0.5,1,2,1,10,0,100,-10,5,250,40,5,250,60,1,8,11,0,0.06,4,0.556,50,8,5
58,1,60,FrameTimeStutter,5.000,shockwave,practice,2026-09-16T14:19:09.4690318-04:00,1,268,4.90803,16.1726,1769.31,1304.83,0.000,0.000,1.9231,9.1120,-8.7543,Right,0,0,0,0,0.0000,300.000,0,0.000,0,127.500,71.914,4.500,0.0300,1.0000,100.00,shockwave,60,450;300;200;100;50,1.5,3,0.5,1,2,1,10,0,100,-10,5,250,40,5,250,60,1,8,11,0,0.06,4,0.556,50,8,5
58,1,60,FrameTimeStutter,5.000,shockwave,practice,2026-09-16T14:19:09.4690318-04:00,1,269,4.92519,17.1607,1769.31,1304.83,0.000,0.000,1.9231,9.1120,-8.7543,Right,0,0,0,0,0.0000,300.000,0,0.000,0,127.500,71.914,4.500,0.0300,1.0000,100.00,shockwave,60,450;300;200;100;50,1.5,3,0.5,1,2,1,10,0,100,-10,5,250,40,5,250,60,1,8,11,0,0.06,4,0.556,50,8,5
58,1,60,FrameTimeStutter,5.000,shockwave,practice,2026-09-16T14:19:09.4690318-04:00,1,270,4.94160,16.4107,1769.31,1304.83,0.000,0.000,1.9231,9.1120,-8.7543,Right,0,0,0,0,0.0000,300.000,0,0.000,0,127.500,71.914,4.500,0.0300,1.0000,100.00,shockwave,60,450;300;200;100;50,1.5,3,0.5,1,2,1,10,0,100,-10,5,250,40,5,250,60,1,8,11,0,0.06,4,0.556,50,8,5
58,1,60,FrameTimeStutter,5.000,shockwave,practice,2026-09-16T14:19:09.4690318-04:00,1,271,4.95788,16.2821,1769.31,1304.83,0.000,0.000,1.9231,9.1120,-8.7543,Right,0,0,0,0,0.0000,300.000,0,0.000,0,127.500,71.914,4.500,0.0300,1.0000,100.00,shockwave,60,450;300;200;100;50,1.5,3,0.5,1,2,1,10,0,100,-10,5,250,40,5,250,60,1,8,11,0,0.06,4,0.556,50,8,5
58,1,60,FrameTimeStutter,5.000,shockwave,practice,2026-09-16T14:19:09.4690318-04:00,1,272,4.97452,16.6349,1769.31,1304.83,0.000,0.000,1.9231,9.1120,-8.7543,Right,0,0,0,0,0.0000,300.000,0,0.000,0,127.500,71.914,4.500,0.0300,1.0000,100.00,shockwave,60,450;300;200;100;50,1.5,3,0.5,1,2,1,10,0,100,-10,5,250,40,5,250,60,1,8,11,0,0.06,4,0.556,50,8,5
58,1,60,FrameTimeStutter,5.000,shockwave,practice,2026-09-16T14:19:09.4690318-04:00,1,273,4.99126,16.7400,1769.31,1304.83,0.000,0.000,1.9231,9.1120,-8.7543,Right,0,0,0,0,0.0000,300.000,0,0.000,0,127.500,71.914,4.500,0.0300,1.0000,100.00,shockwave,60,450;300;200;100;50,1.5,3,0.5,1,2,1,10,0,100,-10,5,250,40,5,250,60,1,8,11,0,0.06,4,0.556,50,8,5
58,1,60,FrameTimeStutter,5.000,shockwave,practice,2026-09-16T14:19:09.4690318-04:00,1,274,5.00810,16.8387,1769.31,1304.83,0.000,0.000,1.9231,9.1120,-8.7543,Right,0,0,0,0,0.0000,300.000,0,0.000,0,127.500,71.914,4.500,0.0300,1.0000,100.00,shockwave,60,450;300;200;100;50,1.5,3,0.5,1,2,1,10,0,100,-10,5,250,40,5,250,60,1,8,11,0,0.06,4,0.556,50,8,5
58,1,60,FrameTimeStutter,5.000,shockwave,practice,2026-09-16T14:19:09.4690318-04:00,1,275,5.02491,16.8123,1769.31,1304.83,0.000,0.000,1.9231,9.1120,-8.7543,Right,0,0,0,0,0.0000,300.000,0,0.000,0,127.500,71.914,4.500,0.0300,1.0000,100.00,shockwave,60,450;300;200;100;50,1.5,3,0.5,1,2,1,10,0,100,-10,5,250,40,5,250,60,1,8,11,0,0.06,4,0.556,50,8,5
58,1,60,FrameTimeStutter,5.000,shockwave,practice,2026-09-16T14:19:09.4690318-04:00,1,276,5.04116,16.2514,1769.31,1304.83,0.000,0.000,1.9231,9.1120,-8.7543,Right,0,0,0,0,0.0000,300.000,0,0.000,0,127.500,71.914,4.500,0.0300,1.0000,100.00,shockwave,60,450;300;200;100;50,1.5,3,0.5,1,2,1,10,0,100,-10,5,250,40,5,250,60,1,8,11,0,0.06,4,0.556,50,8,5
58,1,60,FrameTimeStutter,5.000,shockwave,practice,2026-09-16T14:19:09.4690318-04:00,1,277,5.05813,16.9731,1769.31,1304.83,0.000,0.000,1.9231,9.1120,-8.7543,Right,0,0,0,0,0.0000,300.000,0,0.000,0,127.500,71.914,4.500,0.0300,1.0000,100.00,shockwave,60,450;300;200;100;50,1.5,3,0.5,1,2,1,10,0,100,-10,5,250,40,5,250,60,1,8,11,0,0.06,4,0.556,50,8,5
58,1,60,FrameTimeStutter,5.000,shockwave,practice,2026-09-16T14:19:09.4690318-04:00,1,278,5.07455,16.4157,1769.31,1304.83,0.000,0.000,1.9231,9.1120,-8.7543,Right,0,0,0,0,0.0000,300.000,0,0.000,0,127.500,71.914,4.500,0.0300,1.0000,100.00,shockwave,60,450;300;200;100;50,1.5,3,0.5,1,2,1,10,0,100,-10,5,250,40,5,250,60,1,8,11,0,0.06,4,0.556,50,8,5
58,1,60,FrameTimeStutter,5.000,shockwave,practice,2026-09-16T14:19:09.4690318-04:00,1,279,5.09163,17.0783,1769.31,1304.83,0.000,0.000,1.9231,9.1120,-8.7543,Right,0,0,0,0,0.0000,300.000,0,0.000,0,127.500,71.914,4.500,0.0300,1.0000,100.00,shockwave,60,450;300;200;100;50,1.5,3,0.5,1,2,1,10,0,100,-10,5,250,40,5,250,60,1,8,11,0,0.06,4,0.556,50,8,5
58,1,60,FrameTimeStutter,5.000,shockwave,practice,2026-09-16T14:19:09.4690318-04:00,1,280,5.10850,16.8702,1769.31,1304.83,0.000,0.000,1.9231,9.1120,-8.7543,Right,0,0,0,0,0.0000,300.000,0,0.000,0,127.500,71.914,4.500,0.0300,1.0000,100.00,shockwave,60,450;300;200;100;50,1.5,3,0.5,1,2,1,10,0,100,-10,5,250,40,5,250,60,1,8,11,0,0.06,4,0.556,50,8,5
58,1,60,FrameTimeStutter,5.000,shockwave,practice,2026-09-16T14:19:09.4690318-04:00,1,281,5.12545,16.9512,1769.31,1304.83,0.000,0.000,1.9231,9.1120,-8.7543,Right,0,0,0,0,0.0000,300.000,0,0.000,0,127.500,71.914,4.500,0.0300,1.0000,100.00,shockwave,60,450;300;200;100;50,1.5,3,0.5,1,2,1,10,0,100,-10,5,250,40,5,250,60,1,8,11,0,0.06,4,0.556,50,8,5
58,1,60,FrameTimeStutter,5.000,shockwave,practice,2026-09-16T14:19:09.4690318-04:00,1,282,5.14096,15.5101,1769.31,1304.83,0.000,0.000,1.7637,9.1120,-8.7543,Right,0,0,0,0,0.0000,300.000,0,0.000,0,127.500,71.914,4.500,0.0300,1.0000,100.00,shockwave,60,450;300;200;100;50,1.5,3,0.5,1,2,1,10,0,100,-10,5,250,40,5,250,60,1,8,11,0,0.06,4,0.556,50,8,5
58,1,60,FrameTimeStutter,5.000,shockwave,practice,2026-09-16T14:19:09.4690318-04:00,1,283,5.15774,16.7817,1769.31,1304.83,0.000,0.000,1.6041,9.1120,-8.7543,Right,0,0,0,0,0.0000,300.000,0,0.000,0,127.500,71.914,4.500,0.0300,1.0000,100.00,shockwave,60,450;300;200;100;50,1.5,3,0.5,1,2,1,10,0,100,-10,5,250,40,5,250,60,1,8,11,0,0.06,4,0.556,50,8,5
58,1,60,FrameTimeStutter,5.000,shockwave,practice,2026-09-16T14:19:09.4690318-04:00,1,284,5.17468,16.9434,1769.31,1304.83,0.000,0.000,1.4560,9.1120,-8.7543,Right,0,0,0,0,0.0000,300.000,0,0.000,0,127.500,71.914,4.500,0.0300,1.0000,100.00,shockwave,60,450;300;200;100;50,1.5,3,0.5,1,2,1,10,0,100,-10,5,250,40,5,250,60,1,8,11,0,0.06,4,0.556,50,8,5
58,1,60,FrameTimeStutter,5.000,shockwave,practice,2026-09-16T14:19:09.4690318-04:00,1,285,5.19162,16.9349,1769.31,1304.83,0.000,0.000,1.3205,9.1120,-8.7543,Right,0,0,0,0,0.0000,300.000,0,0.000,0,127.500,71.914,4.500,0.0300,1.0000,100.00,shockwave,60,450;300;200;100;50,1.5,3,0.5,1,2,1,10,0,100,-10,5,250,40,5,250,60,1,8,11,0,0.06,4,0.556,50,8,5
58,1,60,FrameTimeStutter,5.000,shockwave,practice,2026-09-16T14:19:09.4690318-04:00,1,286,5.20791,16.2948,1769.31,1304.83,0.000,0.000,1.2013,9.1120,-8.7543,Right,0,0,0,0,0.0000,300.000,0,0.000,0,127.500,71.914,4.500,0.0300,1.0000,100.00,shockwave,60,450;300;200;100;50,1.5,3,0.5,1,2,1,10,0,100,-10,5,250,40,5,250,60,1,8,11,0,0.06,4,0.556,50,8,5
58,1,60,FrameTimeStutter,5.000,shockwave,practice,2026-09-16T14:19:09.4690318-04:00,1,287,5.22453,16.6136,1769.31,1304.83,0.000,0.000,1.0908,9.1120,-8.7543,Right,0,0,0,0,0.0000,300.000,0,0.000,0,127.500,71.914,4.500,0.0300,1.0000,100.00,shockwave,60,450;300;200;100;50,1.5,3,0.5,1,2,1,10,0,100,-10,5,250,40,5,250,60,1,8,11,0,0.06,4,0.556,50,8,5
58,1,60,FrameTimeStutter,5.000,shockwave,practice,2026-09-16T14:19:09.4690318-04:00,1,288,5.24196,17.4306,1769.31,1304.83,0.000,0.000,0.9860,9.1120,-8.7543,Right,0,0,0,0,0.0000,300.000,0,0.000,0,127.500,71.914,4.500,0.0300,1.0000,100.00,shockwave,60,450;300;200;100;50,1.5,3,0.5,1,2,1,10,0,100,-10,5,250,40,5,250,60,1,8,11,0,0.06,4,0.556,50,8,5
58,1,60,FrameTimeStutter,5.000,shockwave,practice,2026-09-16T14:19:09.4690318-04:00,1,289,5.25835,16.3988,1769.31,1304.83,0.000,0.000,0.8974,9.1120,-8.7543,Right,0,0,0,0,0.0000,300.000,0,0.000,0,127.500,71.914,4.500,0.0300,1.0000,100.00,shockwave,60,450;300;200;100;50,1.5,3,0.5,1,2,1,10,0,100,-10,5,250,40,5,250,60,1,8,11,0,0.06,4,0.556,50,8,5
58,1,60,FrameTimeStutter,5.000,shockwave,practice,2026-09-16T14:19:09.4690318-04:00,1,290,5.27472,16.3660,1769.31,1304.83,0.000,0.000,0.8181,9.1120,-8.7543,Right,0,0,0,0,0.0000,300.000,0,0.000,0,127.500,71.914,4.500,0.0300,1.0000,100.00,shockwave,60,450;300;200;100;50,1.5,3,0.5,1,2,1,10,0,100,-10,5,250,40,5,250,60,1,8,11,0,0.06,4,0.556,50,8,5
58,1,60,FrameTimeStutter,5.000,shockwave,practice,2026-09-16T14:19:09.4690318-04:00,1,291,5.29178,17.0611,1769.31,1304.83,0.000,0.000,0.7447,9.1120,-8.7543,Right,0,0,0,0,0.0000,300.000,0,0.000,0,127.500,71.914,4.500,0.0300,1.0000,100.00,shockwave,60,450;300;200;100;50,1.5,3,0.5,1,2,1,10,0,100,-10,5,250,40,5,250,60,1,8,11,0,0.06,4,0.556,50,8,5
58,1,60,FrameTimeStutter,5.000,shockwave,practice,2026-09-16T14:19:09.4690318-04:00,1,292,5.30794,16.1548,1769.31,1304.83,0.000,0.000,0.6833,9.1120,-8.7543,Right,0,0,0,0,0.0000,300.000,0,0.000,0,127.500,71.914,4.500,0.0300,1.0000,100.00,shockwave,60,450;300;200;100;50,1.5,3,0.5,1,2,1,10,0,100,-10,5,250,40,5,250,60,1,8,11,0,0.06,4,0.556,50,8,5
58,1,60,FrameTimeStutter,5.000,shockwave,practice,2026-09-16T14:19:09.4690318-04:00,1,293,5.32473,16.7967,1769.31,1304.83,0.000,0.000,0.6273,9.1120,-8.7543,Right,0,0,0,0,0.0000,300.000,0,0.000,0,127.500,71.914,4.500,0.0300,1.0000,100.00,shockwave,60,450;300;200;100;50,1.5,3,0.5,1,2,1,10,0,100,-10,5,250,40,5,250,60,1,8,11,0,0.06,4,0.556,50,8,5
58,1,60,FrameTimeStutter,5.000,shockwave,practice,2026-09-16T14:19:09.4690318-04:00,1,294,5.34112,16.3855,1769.31,1304.83,0.000,0.000,0.5799,9.1120,-8.7543,Right,0,0,0,0,0.0000,300.000,0,0.000,0,127.500,71.914,4.500,0.0300,1.0000,100.00,shockwave,60,450;300;200;100;50,1.5,3,0.5,1,2,1,10,0,100,-10,5,250,40,5,250,60,1,8,11,0,0.06,4,0.556,50,8,5
58,1,60,FrameTimeStutter,5.000,shockwave,practice,2026-09-16T14:19:09.4690318-04:00,1,295,5.35851,17.3894,1769.31,1304.83,0.000,0.000,0.5369,9.1120,-8.7543,Right,0,0,0,0,0.0000,300.000,0,0.000,0,127.500,71.914,4.500,0.0300,1.0000,100.00,shockwave,60,450;300;200;100;50,1.5,3,0.5,1,2,1,10,0,100,-10,5,250,40,5,250,60,1,8,11,0,0.06,4,0.556,50,8,5
58,1,60,FrameTimeStutter,5.000,shockwave,practice,2026-09-16T14:19:09.4690318-04:00,1,296,5.37506,16.5537,1769.31,1304.83,0.000,0.000,0.5023,9.1120,-8.7543,Right,0,0,0,0,0.0000,300.000,0,0.000,0,127.500,71.914,4.500,0.0300,1.0000,100.00,shockwave,60,450;300;200;100;50,1.5,3,0.5,1,2,1,10,0,100,-10,5,250,40,5,250,60,1,8,11,0,0.06,4,0.556,50,8,5
58,1,60,FrameTimeStutter,5.000,shockwave,practice,2026-09-16T14:19:09.4690318-04:00,1,297,5.39176,16.6929,1769.31,1304.83,0.000,0.000,0.4732,9.1120,-8.7543,Right,0,0,0,0,0.0000,300.000,0,0.000,0,127.500,71.914,4.500,0.0300,1.0000,100.00,shockwave,60,450;300;200;100;50,1.5,3,0.5,1,2,1,10,0,100,-10,5,250,40,5,250,60,1,8,11,0,0.06,4,0.556,50,8,5
58,1,60,FrameTimeStutter,5.000,shockwave,practice,2026-09-16T14:19:09.4690318-04:00,1,298,5.40822,16.4688,1769.31,1304.83,0.000,0.000,0.4497,9.1120,-8.7543,Right,0,0,0,0,0.0000,300.000,0,0.000,0,127.500,71.914,4.500,0.0300,1.0000,100.00,shockwave,60,450;300;200;100;50,1.5,3,0.5,1,2,1,10,0,100,-10,5,250,40,5,250,60,1,8,11,0,0.06,4,0.556,50,8,5
58,1,60,FrameTimeStutter,5.000,shockwave,practice,2026-09-16T14:19:09.4690318-04:00,1,299,5.42506,16.8313,1769.31,1304.83,0.000,0.000,0.4304,9.1120,-8.7543,Right,0,0,0,0,0.0000,300.000,0,0.000,0,127.500,71.914,4.500,0.0300,1.0000,100.00,shockwave,60,450;300;200;100;50,1.5,3,0.5,1,2,1,10,0,100,-10,5,250,40,5,250,60,1,8,11,0,0.06,4,0.556,50,8,5
58,1,60,FrameTimeStutter,5.000,shockwave,practice,2026-09-16T14:19:09.4690318-04:00,1,300,5.44126,16.2020,1769.31,1304.83,0.000,0.000,0.4160,9.1120,-8.7543,Right,0,0,0,0,0.0000,300.000,0,0.000,0,127.500,71.914,4.500,0.0300,1.0000,100.00,shockwave,60,450;300;200;100;50,1.5,3,0.5,1,2,1,10,0,100,-10,5,250,40,5,250,60,1,8,11,0,0.06,4,0.556,50,8,5
58,1,60,FrameTimeStutter,5.000,shockwave,practice,2026-09-16T14:19:09.4690318-04:00,1,301,5.45854,17.2779,1769.31,1304.83,0.000,0.000,0.4044,9.1120,-8.7543,Right,0,0,0,0,0.0000,300.000,0,0.000,0,127.500,71.914,4.500,0.0300,1.0000,100.00,shockwave,60,450;300;200;100;50,1.5,3,0.5,1,2,1,10,0,100,-10,5,250,40,5,250,60,1,8,11,0,0.06,4,0.556,50,8,5
58,1,60,FrameTimeStutter,5.000,shockwave,practice,2026-09-16T14:19:09.4690318-04:00,1,302,5.47446,15.9279,1769.31,1304.83,0.000,0.000,0.3967,9.1120,-8.7543,Right,0,0,0,0,0.0000,300.000,0,0.000,0,127.500,71.914,4.500,0.0300,1.0000,100.00,shockwave,60,450;300;200;100;50,1.5,3,0.5,1,2,1,10,0,100,-10,5,250,40,5,250,60,1,8,11,0,0.06,4,0.556,50,8,5
58,1,60,FrameTimeStutter,5.000,shockwave,practice,2026-09-16T14:19:09.4690318-04:00,1,303,5.49115,16.6893,1769.31,1304.83,0.000,0.000,0.3912,9.1120,-8.7543,Right,0,0,0,0,0.0000,300.000,0,0.000,0,127.500,71.914,4.500,0.0300,1.0000,100.00,shockwave,60,450;300;200;100;50,1.5,3,0.5,1,2,1,10,0,100,-10,5,250,40,5,250,60,1,8,11,0,0.06,4,0.556,50,8,5
58,1,60,FrameTimeStutter,5.000,shockwave,practice,2026-09-16T14:19:09.4690318-04:00,1,304,5.50859,17.4376,1769.31,1304.83,0.000,0.000,0.3878,9.1120,-8.7543,Right,0,0,0,0,0.0000,300.000,0,0.000,0,127.500,71.914,4.500,0.0300,1.0000,100.00,shockwave,60,450;300;200;100;50,1.5,3,0.5,1,2,1,10,0,100,-10,5,250,40,5,250,60,1,8,11,0,0.06,4,0.556,50,8,5
58,1,60,FrameTimeStutter,5.000,shockwave,practice,2026-09-16T14:19:09.4690318-04:00,1,305,5.52486,16.2723,1769.31,1304.83,0.000,0.000,0.3862,9.1120,-8.7543,Right,0,0,0,0,0.0000,300.000,0,0.000,0,127.500,71.914,4.500,0.0300,1.0000,100.00,shockwave,60,450;300;200;100;50,1.5,3,0.5,1,2,1,10,0,100,-10,5,250,40,5,250,60,1,8,11,0,0.06,4,0.556,50,8,5
58,1,60,FrameTimeStutter,5.000,shockwave,practice,2026-09-16T14:19:09.4690318-04:00,1,306,5.54193,17.0662,1769.31,1304.83,0.000,0.000,0.3855,9.1120,-8.7543,Right,0,0,0,0,0.0000,300.000,0,0.000,0,127.500,71.914,4.500,0.0300,1.0000,100.00,shockwave,60,450;300;200;100;50,1.5,3,0.5,1,2,1,10,0,100,-10,5,250,40,5,250,60,1,8,11,0,0.06,4,0.556,50,8,5
58,1,60,FrameTimeStutter,5.000,shockwave,practice,2026-09-16T14:19:09.4690318-04:00,1,307,5.55816,16.2299,1769.31,1304.83,0.000,0.000,0.3855,9.1120,-8.7543,Right,0,0,0,0,0.0000,300.000,0,0.000,0,127.500,71.914,4.500,0.0300,1.0000,100.00,shockwave,60,450;300;200;100;50,1.5,3,0.5,1,2,1,10,0,100,-10,5,250,40,5,250,60,1,8,11,0,0.06,4,0.556,50,8,5
58,1,60,FrameTimeStutter,5.000,shockwave,practice,2026-09-16T14:19:09.4690318-04:00,1,308,5.57490,16.7410,1769.31,1304.83,0.000,0.000,0.3855,9.1120,-8.7543,Right,0,0,0,0,0.0000,300.000,0,0.000,0,127.500,71.914,4.500,0.0300,1.0000,100.00,shockwave,60,450;300;200;100;50,1.5,3,0.5,1,2,1,10,0,100,-10,5,250,40,5,250,60,1,8,11,0,0.06,4,0.556,50,8,5
58,1,60,FrameTimeStutter,5.000,shockwave,practice,2026-09-16T14:19:09.4690318-04:00,1,309,5.59177,16.8683,1769.31,1304.83,0.000,0.000,0.3855,9.1120,-0.4717,Right,0,0,0,0,0.0000,300.000,0,0.000,0,127.500,71.914,4.500,0.0300,1.0000,100.00,shockwave,60,450;300;200;100;50,1.5,3,0.5,1,2,1,10,0,100,-10,5,250,40,5,250,60,1,8,11,0,0.06,4,0.556,50,8,5
58,1,60,FrameTimeStutter,5.000,shockwave,practice,2026-09-16T14:19:09.4690318-04:00,1,310,5.60364,11.8768,1769.31,1304.83,0.000,0.000,0.3855,9.1120,-0.4717,Right,0,0,0,0,0.0000,300.000,0,0.000,0,127.500,71.914,4.500,0.0300,1.0000,100.00,shockwave,60,450;300;200;100;50,1.5,3,0.5,1,2,1,10,0,100,-10,5,250,40,5,250,60,1,8,11,0,0.06,4,0.556,50,8,5
58,1,60,FrameTimeStutter,5.000,shockwave,practice,2026-09-16T14:19:09.4690318-04:00,1,311,5.62521,21.5666,1769.31,1304.83,0.000,0.000,0.3855,9.1120,-0.4717,Right,0,0,0,0,0.0000,300.000,0,0.000,0,127.500,71.914,4.500,0.0300,1.0000,100.00,shockwave,60,450;300;200;100;50,1.5,3,0.5,1,2,1,10,0,100,-10,5,250,40,5,250,60,1,8,11,0,0.06,4,0.556,50,8,5
58,1,60,FrameTimeStutter,5.000,shockwave,practice,2026-09-16T14:19:09.4690318-04:00,1,312,5.64121,15.9975,1769.31,1304.83,0.000,0.000,0.3855,9.1120,-0.4717,Right,0,0,0,0,0.0000,300.000,0,0.000,0,127.500,71.914,4.500,0.0300,1.0000,100.00,shockwave,60,450;300;200;100;50,1.5,3,0.5,1,2,1,10,0,100,-10,5,250,40,5,250,60,1,8,11,0,0.06,4,0.556,50,8,5
58,1,60,FrameTimeStutter,5.000,shockwave,practice,2026-09-16T14:19:09.4690318-04:00,1,313,5.65845,17.2384,1769.31,1304.83,0.000,0.000,0.3855,9.1120,-0.4717,Right,0,0,0,0,0.0000,300.000,0,0.000,0,127.500,71.914,4.500,0.0300,1.0000,100.00,shockwave,60,450;300;200;100;50,1.5,3,0.5,1,2,1,10,0,100,-10,5,250,40,5,250,60,1,8,11,0,0.06,4,0.556,50,8,5
58,1,60,FrameTimeStutter,5.000,shockwave,practice,2026-09-16T14:19:09.4690318-04:00,1,314,5.67487,16.4234,1769.31,1304.83,0.000,0.000,0.3855,9.1120,-0.4717,Right,0,0,0,0,0.0000,300.000,0,0.000,0,127.500,71.914,4.500,0.0300,1.0000,100.00,shockwave,60,450;300;200;100;50,1.5,3,0.5,1,2,1,10,0,100,-10,5,250,40,5,250,60,1,8,11,0,0.06,4,0.556,50,8,5
58,1,60,FrameTimeStutter,5.000,shockwave,practice,2026-09-16T14:19:09.4690318-04:00,1,315,5.69186,16.9861,1769.31,1304.83,0.000,0.000,0.3855,9.1120,-0.4717,Right,0,0,0,0,0.0000,300.000,0,0.000,0,127.500,71.914,4.500,0.0300,1.0000,100.00,shockwave,60,450;300;200;100;50,1.5,3,0.5,1,2,1,10,0,100,-10,5,250,40,5,250,60,1,8,11,0,0.06,4,0.556,50,8,5
58,1,60,FrameTimeStutter,5.000,shockwave,practice,2026-09-16T14:19:09.4690318-04:00,1,316,5.70784,15.9815,1769.31,1304.83,0.000,0.000,0.3855,9.1120,-0.4717,Right,0,0,0,0,0.0000,300.000,0,0.000,0,127.500,71.914,4.500,0.0300,1.0000,100.00,shockwave,60,450;300;200;100;50,1.5,3,0.5,1,2,1,10,0,100,-10,5,250,40,5,250,60,1,8,11,0,0.06,4,0.556,50,8,5
58,1,60,FrameTimeStutter,5.000,shockwave,practice,2026-09-16T14:19:09.4690318-04:00,1,317,5.72504,17.2048,1769.31,1304.83,0.000,0.000,0.3855,9.1120,-0.4717,Right,0,0,0,0,0.0000,300.000,0,0.000,0,127.500,71.914,4.500,0.0300,1.0000,100.00,shockwave,60,450;300;200;100;50,1.5,3,0.5,1,2,1,10,0,100,-10,5,250,40,5,250,60,1,8,11,0,0.06,4,0.556,50,8,5
58,1,60,FrameTimeStutter,5.000,shockwave,practice,2026-09-16T14:19:09.4690318-04:00,1,318,5.74185,16.8043,1769.31,1304.83,0.000,0.000,0.3855,9.1120,-0.4717,Right,0,0,0,0,0.0000,300.000,0,0.000,0,127.500,71.914,4.500,0.0300,1.0000,100.00,shockwave,60,450;300;200;100;50,1.5,3,0.5,1,2,1,10,0,100,-10,5,250,40,5,250,60,1,8,11,0,0.06,4,0.556,50,8,5
58,1,60,FrameTimeStutter,5.000,shockwave,practice,2026-09-16T14:19:09.4690318-04:00,1,319,5.75827,16.4188,1769.31,1304.83,0.000,0.000,0.3855,9.1120,-0.4717,Right,0,0,0,0,0.0000,300.000,0,0.000,0,127.500,71.914,4.500,0.0300,1.0000,100.00,shockwave,60,450;300;200;100;50,1.5,3,0.5,1,2,1,10,0,100,-10,5,250,40,5,250,60,1,8,11,0,0.06,4,0.556,50,8,5
58,1,60,FrameTimeStutter,5.000,shockwave,practice,2026-09-16T14:19:09.4690318-04:00,1,320,5.77448,16.2143,1769.31,1304.83,0.000,0.000,0.3855,9.1120,-0.4717,Right,0,0,0,0,0.0000,300.000,0,0.000,0,127.500,71.914,4.500,0.0300,1.0000,100.00,shockwave,60,450;300;200;100;50,1.5,3,0.5,1,2,1,10,0,100,-10,5,250,40,5,250,60,1,8,11,0,0.06,4,0.556,50,8,5
58,1,60,FrameTimeStutter,5.000,shockwave,practice,2026-09-16T14:19:09.4690318-04:00,1,321,5.79167,17.1921,1769.31,1304.83,0.000,0.000,0.3855,9.1120,-0.4717,Right,0,0,0,0,0.0000,300.000,0,0.000,0,127.500,71.914,4.500,0.0300,1.0000,100.00,shockwave,60,450;300;200;100;50,1.5,3,0.5,1,2,1,10,0,100,-10,5,250,40,5,250,60,1,8,11,0,0.06,4,0.556,50,8,5
58,1,60,FrameTimeStutter,5.000,shockwave,practice,2026-09-16T14:19:09.4690318-04:00,1,322,5.80824,16.5727,1769.31,1304.83,0.000,0.000,0.3855,9.1120,-0.4717,Right,0,0,0,0,0.0000,300.000,0,0.000,0,127.500,71.914,4.500,0.0300,1.0000,100.00,shockwave,60,450;300;200;100;50,1.5,3,0.5,1,2,1,10,0,100,-10,5,250,40,5,250,60,1,8,11,0,0.06,4,0.556,50,8,5
58,1,60,FrameTimeStutter,5.000,shockwave,practice,2026-09-16T14:19:09.4690318-04:00,1,323,5.82470,16.4527,1769.31,1304.83,0.000,0.000,0.3855,9.1120,-0.4717,Right,0,0,0,0,0.0000,300.000,0,0.000,0,127.500,71.914,4.500,0.0300,1.0000,100.00,shockwave,60,450;300;200;100;50,1.5,3,0.5,1,2,1,10,0,100,-10,5,250,40,5,250,60,1,8,11,0,0.06,4,0.556,50,8,5
58,1,60,FrameTimeStutter,5.000,shockwave,practice,2026-09-16T14:19:09.4690318-04:00,1,324,5.84120,16.4995,1769.31,1304.83,0.000,0.000,0.3855,9.1120,-0.4717,Right,0,0,0,0,0.0000,300.000,0,0.000,0,127.500,71.914,4.500,0.0300,1.0000,100.00,shockwave,60,450;300;200;100;50,1.5,3,0.5,1,2,1,10,0,100,-10,5,250,40,5,250,60,1,8,11,0,0.06,4,0.556,50,8,5
58,1,60,FrameTimeStutter,5.000,shockwave,practice,2026-09-16T14:19:09.4690318-04:00,1,325,5.85838,17.1884,1767.51,1304.83,-1.000,0.000,0.3855,9.1120,-0.4717,Right,0,0,0,0,0.0000,300.000,0,0.000,0,127.500,71.914,4.500,0.0300,1.0000,100.00,shockwave,60,450;300;200;100;50,1.5,3,0.5,1,2,1,10,0,100,-10,5,250,40,5,250,60,1,8,11,0,0.06,4,0.556,50,8,5
58,1,60,FrameTimeStutter,5.000,shockwave,practice,2026-09-16T14:19:09.4690318-04:00,1,326,5.87520,16.8120,1735.07,1304.83,-18.000,0.000,0.3855,9.1120,-0.4717,Right,0,0,0,0,0.0000,300.000,0,0.000,0,127.500,71.914,4.500,0.0300,1.0000,100.00,shockwave,60,450;300;200;100;50,1.5,3,0.5,1,2,1,10,0,100,-10,5,250,40,5,250,60,1,8,11,0,0.06,4,0.556,50,8,5
58,1,60,FrameTimeStutter,5.000,shockwave,practice,2026-09-16T14:19:09.4690318-04:00,1,327,5.89119,15.9949,1659.37,1301.23,-42.000,-2.000,0.3855,9.1120,-0.4717,Right,0,0,0,0,0.0000,300.000,0,0.000,0,127.500,71.914,4.500,0.0300,1.0000,100.00,shockwave,60,450;300;200;100;50,1.5,3,0.5,1,2,1,10,0,100,-10,5,250,40,5,250,60,1,8,11,0,0.06,4,0.556,50,8,5
58,1,60,FrameTimeStutter,5.000,shockwave,practice,2026-09-16T14:19:09.4690318-04:00,1,328,5.90790,16.7035,1567.46,1286.81,-51.000,-8.000,0.3855,9.1120,-0.4717,Right,0,0,0,0,0.0000,300.000,0,0.000,0,127.500,71.914,4.500,0.0300,1.0000,100.00,shockwave,60,450;300;200;100;50,1.5,3,0.5,1,2,1,10,0,100,-10,5,250,40,5,250,60,1,8,11,0,0.06,4,0.556,50,8,5
58,1,60,FrameTimeStutter,5.000,shockwave,practice,2026-09-16T14:19:09.4690318-04:00,1,329,5.92453,16.6297,1479.15,1263.38,-49.000,-13.000,0.3855,9.1120,-0.4717,Right,0,0,0,0,0.0000,300.000,0,0.000,0,127.500,71.914,4.500,0.0300,1.0000,100.00,shockwave,60,450;300;200;100;50,1.5,3,0.5,1,2,1,10,0,100,-10,5,250,40,5,250,60,1,8,11,0,0.06,4,0.556,50,8,5
58,1,60,FrameTimeStutter,5.000,shockwave,practice,2026-09-16T14:19:09.4690318-04:00,1,330,5.94139,16.8650,1417.87,1247.16,-34.000,-9.000,0.3855,9.1120,-0.4717,Right,0,0,0,0,0.0000,300.000,0,0.000,0,127.500,71.914,4.500,0.0300,1.0000,100.00,shockwave,60,450;300;200;100;50,1.5,3,0.5,1,2,1,10,0,100,-10,5,250,40,5,250,60,1,8,11,0,0.06,4,0.556,50,8,5
58,1,60,FrameTimeStutter,5.000,shockwave,practice,2026-09-16T14:19:09.4690318-04:00,1,331,5.95809,16.7019,1381.83,1238.15,-20.000,-5.000,0.3855,9.1120,-0.4717,Right,0,0,0,0,0.0000,300.000,0,0.000,0,127.500,71.914,4.500,0.0300,1.0000,100.00,shockwave,60,450;300;200;100;50,1.5,3,0.5,1,2,1,10,0,100,-10,5,250,40,5,250,60,1,8,11,0,0.06,4,0.556,50,8,5
58,1,60,FrameTimeStutter,5.000,shockwave,practice,2026-09-16T14:19:09.4690318-04:00,1,332,5.97444,16.3434,1376.42,1238.15,-3.000,0.000,0.3855,9.1120,-0.4717,Right,0,0,0,0,0.0000,300.000,0,0.000,0,127.500,71.914,4.500,0.0300,1.0000,100.00,shockwave,60,450;300;200;100;50,1.5,3,0.5,1,2,1,10,0,100,-10,5,250,40,5,250,60,1,8,11,0,0.06,4,0.556,50,8,5
58,1,60,FrameTimeStutter,5.000,shockwave,practice,2026-09-16T14:19:09.4690318-04:00,1,333,5.99182,17.3856,1378.22,1238.15,1.000,0.000,0.3855,9.1120,-0.4717,Right,0,0,0,0,0.0000,300.000,0,0.000,0,127.500,71.914,4.500,0.0300,1.0000,100.00,shockwave,60,450;300;200;100;50,1.5,3,0.5,1,2,1,10,0,100,-10,5,250,40,5,250,60,1,8,11,0,0.06,4,0.556,50,8,5
58,1,60,FrameTimeStutter,5.000,shockwave,practice,2026-09-16T14:19:09.4690318-04:00,1,334,6.00805,16.2295,1394.44,1236.35,9.000,-1.000,0.3855,9.1120,-0.4717,Right,0,0,0,0,0.0000,300.000,0,0.000,0,127.500,71.914,4.500,0.0300,1.0000,100.00,shockwave,60,450;300;200;100;50,1.5,3,0.5,1,2,1,10,0,100,-10,5,250,40,5,250,60,1,8,11,0,0.06,4,0.556,50,8,5
58,1,60,FrameTimeStutter,5.000,shockwave,practice,2026-09-16T14:19:09.4690318-04:00,1,335,6.02454,16.4880,1471.94,1229.14,43.000,-4.000,0.3855,9.1120,-0.4717,Right,0,0,0,0,0.0000,300.000,0,0.000,0,127.500,71.914,4.500,0.0300,1.0000,100.00,shockwave,60,450;300;200;100;50,1.5,3,0.5,1,2,1,10,0,100,-10,5,250,40,5,250,60,1,8,11,0,0.06,4,0.556,50,8,5
58,1,60,FrameTimeStutter,5.000,shockwave,practice,2026-09-16T14:19:09.4690318-04:00,1,336,6.04148,16.9427,1702.63,1207.51,128.000,-12.000,0.3855,9.1120,-0.4717,Right,0,0,0,0,0.0000,300.000,0,0.000,0,127.500,71.914,4.500,0.0300,1.0000,100.00,shockwave,60,450;300;200;100;50,1.5,3,0.5,1,2,1,10,0,100,-10,5,250,40,5,250,60,1,8,11,0,0.06,4,0.556,50,8,5
58,1,60,FrameTimeStutter,5.000,shockwave,practice,2026-09-16T14:19:09.4690318-04:00,1,337,6.05847,16.9844,1882.85,1196.70,100.000,-6.000,0.3855,9.1120,-0.4717,Right,0,0,0,0,0.0000,300.000,0,0.000,0,127.500,71.914,4.500,0.0300,1.0000,100.00,shockwave,60,450;300;200;100;50,1.5,3,0.5,1,2,1,10,0,100,-10,5,250,40,5,250,60,1,8,11,0,0.06,4,0.556,50,8,5
58,1,60,FrameTimeStutter,5.000,shockwave,practice,2026-09-16T14:19:09.4690318-04:00,1,338,6.07508,16.6185,2041.45,1193.09,88.000,-2.000,0.3855,9.1120,-0.4717,Right,0,0,0,0,0.0000,300.000,0,0.000,0,127.500,71.914,4.500,0.0300,1.0000,100.00,shockwave,60,450;300;200;100;50,1.5,3,0.5,1,2,1,10,0,100,-10,5,250,40,5,250,60,1,8,11,0,0.06,4,0.556,50,8,5
58,1,60,FrameTimeStutter,5.000,shockwave,practice,2026-09-16T14:19:09.4690318-04:00,1,339,6.09157,16.4866,2153.19,1189.49,62.000,-2.000,0.3855,9.1120,-0.4717,Right,0,0,0,0,0.0000,300.000,0,0.000,0,127.500,71.914,4.500,0.0300,1.0000,100.00,shockwave,60,450;300;200;100;50,1.5,3,0.5,1,2,1,10,0,100,-10,5,250,40,5,250,60,1,8,11,0,0.06,4,0.556,50,8,5
58,1,60,FrameTimeStutter,5.000,shockwave,practice,2026-09-16T14:19:09.4690318-04:00,1,340,6.10822,16.6486,2180.23,1187.69,15.000,-1.000,0.6597,9.0937,-0.4717,Right,0,0,0,0,0.0000,300.000,0,0.000,0,127.500,71.914,4.500,0.0300,1.0000,100.00,shockwave,60,450;300;200;100;50,1.5,3,0.5,1,2,1,10,0,100,-10,5,250,40,5,250,60,1,8,11,0,0.06,4,0.556,50,8,5
58,1,60,FrameTimeStutter,5.000,shockwave,practice,2026-09-16T14:19:09.4690318-04:00,1,341,6.12454,16.3216,2180.23,1187.69,0.000,0.000,0.6597,9.0937,-0.4717,Right,0,0,0,0,0.0000,300.000,0,0.000,0,127.500,71.914,4.500,0.0300,1.0000,100.00,shockwave,60,450;300;200;100;50,1.5,3,0.5,1,2,1,10,0,100,-10,5,250,40,5,250,60,1,8,11,0,0.06,4,0.556,50,8,5
58,1,60,FrameTimeStutter,5.000,shockwave,practice,2026-09-16T14:19:09.4690318-04:00,1,342,6.14109,16.5467,2180.23,1187.69,0.000,0.000,0.6597,9.0937,-0.4717,Right,0,0,0,0,0.0000,300.000,0,0.000,0,127.500,71.914,4.500,0.0300,1.0000,100.00,shockwave,60,450;300;200;100;50,1.5,3,0.5,1,2,1,10,0,100,-10,5,250,40,5,250,60,1,8,11,0,0.06,4,0.556,50,8,5
58,1,60,FrameTimeStutter,5.000,shockwave,practice,2026-09-16T14:19:09.4690318-04:00,1,343,6.15822,17.1329,2180.23,1187.69,0.000,0.000,0.6597,9.0937,-0.4717,Right,0,0,0,0,0.0000,300.000,0,0.000,0,127.500,71.914,4.500,0.0300,1.0000,100.00,shockwave,60,450;300;200;100;50,1.5,3,0.5,1,2,1,10,0,100,-10,5,250,40,5,250,60,1,8,11,0,0.06,4,0.556,50,8,5
58,1,60,FrameTimeStutter,5.000,shockwave,practice,2026-09-16T14:19:09.4690318-04:00,1,344,6.17468,16.4640,2180.23,1187.69,0.000,0.000,0.6597,9.0937,-0.4717,Right,0,0,0,0,0.0000,300.000,0,0.000,0,127.500,71.914,4.500,0.0300,1.0000,100.00,shockwave,60,450;300;200;100;50,1.5,3,0.5,1,2,1,10,0,100,-10,5,250,40,5,250,60,1,8,11,0,0.06,4,0.556,50,8,5
58,1,60,FrameTimeStutter,5.000,shockwave,practice,2026-09-16T14:19:09.4690318-04:00,1,345,6.19124,16.5523,2180.23,1187.69,0.000,0.000,0.6597,9.0937,-0.4717,Right,0,0,0,0,0.0000,300.000,0,0.000,0,127.500,71.914,4.500,0.0300,1.0000,100.00,shockwave,60,450;300;200;100;50,1.5,3,0.5,1,2,1,10,0,100,-10,5,250,40,5,250,60,1,8,11,0,0.06,4,0.556,50,8,5
58,1,60,FrameTimeStutter,5.000,shockwave,practice,2026-09-16T14:19:09.4690318-04:00,1,346,6.20859,17.3582,2180.23,1187.69,0.000,0.000,0.6597,9.0937,-0.4717,Right,0,0,0,0,0.0000,300.000,0,0.000,0,127.500,71.914,4.500,0.0300,1.0000,100.00,shockwave,60,450;300;200;100;50,1.5,3,0.5,1,2,1,10,0,100,-10,5,250,40,5,250,60,1,8,11,0,0.06,4,0.556,50,8,5
58,1,60,FrameTimeStutter,5.000,shockwave,practice,2026-09-16T14:19:09.4690318-04:00,1,347,6.22502,16.4256,2180.23,1187.69,0.000,0.000,0.6597,9.0937,-0.4717,Right,0,0,0,0,0.0000,300.000,0,0.000,0,127.500,71.914,4.500,0.0300,1.0000,100.00,shockwave,60,450;300;200;100;50,1.5,3,0.5,1,2,1,10,0,100,-10,5,250,40,5,250,60,1,8,11,0,0.06,4,0.556,50,8,5
58,1,60,FrameTimeStutter,5.000,shockwave,practice,2026-09-16T14:19:09.4690318-04:00,1,348,6.24142,16.3980,2180.23,1187.69,0.000,0.000,0.6597,9.0937,-0.4717,Right,0,0,0,0,0.0000,300.000,0,0.000,0,127.500,71.914,4.500,0.0300,1.0000,100.00,shockwave,60,450;300;200;100;50,1.5,3,0.5,1,2,1,10,0,100,-10,5,250,40,5,250,60,1,8,11,0,0.06,4,0.556,50,8,5
58,1,60,FrameTimeStutter,5.000,shockwave,practice,2026-09-16T14:19:09.4690318-04:00,1,349,6.25815,16.7278,2180.23,1187.69,0.000,0.000,0.6597,9.0937,-0.4717,Right,0,0,0,0,0.0000,300.000,0,0.000,0,127.500,71.914,4.500,0.0300,1.0000,100.00,shockwave,60,450;300;200;100;50,1.5,3,0.5,1,2,1,10,0,100,-10,5,250,40,5,250,60,1,8,11,0,0.06,4,0.556,50,8,5
58,1,60,FrameTimeStutter,5.000,shockwave,practice,2026-09-16T14:19:09.4690318-04:00,1,350,6.27454,16.3896,2182.03,1187.69,1.000,0.000,0.6780,9.0937,-0.4717,Right,0,0,0,0,0.0000,300.000,0,0.000,0,127.500,71.914,4.500,0.0300,1.0000,100.00,shockwave,60,450;300;200;100;50,1.5,3,0.5,1,2,1,10,0,100,-10,5,250,40,5,250,60,1,8,11,0,0.06,4,0.556,50,8,5
58,1,60,FrameTimeStutter,5.000,shockwave,practice,2026-09-16T14:19:09.4690318-04:00,1,351,6.29129,16.7513,2183.83,1187.69,1.000,0.000,0.6963,9.0937,-0.4717,Right,0,0,0,0,0.0000,300.000,0,0.000,0,127.500,71.914,4.500,0.0300,1.0000,100.00,shockwave,60,450;300;200;100;50,1.5,3,0.5,1,2,1,10,0,100,-10,5,250,40,5,250,60,1,8,11,0,0.06,4,0.556,50,8,5
58,1,60,FrameTimeStutter,5.000,shockwave,practice,2026-09-16T14:19:09.4690318-04:00,1,352,6.30820,16.9143,2192.84,1187.69,5.000,0.000,0.7877,9.0937,-0.4717,Right,0,0,0,0,0.0000,300.000,0,0.000,0,127.500,71.914,4.500,0.0300,1.0000,100.00,shockwave,60,450;300;200;100;50,1.5,3,0.5,1,2,1,10,0,100,-10,5,250,40,5,250,60,1,8,11,0,0.06,4,0.556,50,8,5
58,1,60,FrameTimeStutter,5.000,shockwave,practice,2026-09-16T14:19:09.4690318-04:00,1,353,6.32455,16.3496,2205.46,1185.88,7.000,-1.000,0.9157,9.0754,-0.4717,Right,0,0,0,0,0.0000,300.000,0,0.000,0,127.500,71.914,4.500,0.0300,1.0000,100.00,shockwave,60,450;300;200;100;50,1.5,3,0.5,1,2,1,10,0,100,-10,5,250,40,5,250,60,1,8,11,0,0.06,4,0.556,50,8,5
58,1,60,FrameTimeStutter,5.000,shockwave,practice,2026-09-16T14:19:09.4690318-04:00,1,354,6.34172,17.1685,2216.27,1185.88,6.000,0.000,1.0254,9.0754,-0.4717,Right,0,0,0,0,0.0000,300.000,0,0.000,0,127.500,71.914,4.500,0.0300,1.0000,100.00,shockwave,60,450;300;200;100;50,1.5,3,0.5,1,2,1,10,0,100,-10,5,250,40,5,250,60,1,8,11,0,0.06,4,0.556,50,8,5
58,1,60,FrameTimeStutter,5.000,shockwave,practice,2026-09-16T14:19:09.4690318-04:00,1,355,6.35811,16.3872,2218.07,1185.88,1.000,0.000,1.0437,9.0754,-0.4717,Right,0,0,0,0,0.0000,300.000,0,0.000,0,127.500,71.914,4.500,0.0300,1.0000,100.00,shockwave,60,450;300;200;100;50,1.5,3,0.5,1,2,1,10,0,100,-10,5,250,40,5,250,60,1,8,11,0,0.06,4,0.556,50,8,5
58,1,60,FrameTimeStutter,5.000,shockwave,practice,2026-09-16T14:19:09.4690318-04:00,1,356,6.37501,16.8975,2218.07,1185.88,0.000,0.000,1.0437,9.0754,-0.4717,Right,0,0,0,0,0.0000,300.000,0,0.000,0,127.500,71.914,4.500,0.0300,1.0000,100.00,shockwave,60,450;300;200;100;50,1.5,3,0.5,1,2,1,10,0,100,-10,5,250,40,5,250,60,1,8,11,0,0.06,4,0.556,50,8,5
58,1,60,FrameTimeStutter,5.000,shockwave,practice,2026-09-16T14:19:09.4690318-04:00,1,357,6.39147,16.4600,2218.07,1185.88,0.000,0.000,1.0437,9.0754,-0.4717,Right,0,0,0,0,0.0000,300.000,0,0.000,0,127.500,71.914,4.500,0.0300,1.0000,100.00,shockwave,60,450;300;200;100;50,1.5,3,0.5,1,2,1,10,0,100,-10,5,250,40,5,250,60,1,8,11,0,0.06,4,0.556,50,8,5
58,1,60,FrameTimeStutter,5.000,shockwave,practice,2026-09-16T14:19:09.4690318-04:00,1,358,6.40794,16.4705,2218.07,1185.88,0.000,0.000,1.0437,9.0754,-0.4717,Right,0,0,0,0,0.0000,300.000,0,0.000,0,127.500,71.914,4.500,0.0300,1.0000,100.00,shockwave,60,450;300;200;100;50,1.5,3,0.5,1,2,1,10,0,100,-10,5,250,40,5,250,60,1,8,11,0,0.06,4,0.556,50,8,5
58,1,60,FrameTimeStutter,5.000,shockwave,practice,2026-09-16T14:19:09.4690318-04:00,1,359,6.42457,16.6360,2218.07,1185.88,0.000,0.000,1.0437,9.0754,-0.4717,Right,0,0,0,0,0.0000,300.000,0,0.000,0,127.500,71.914,4.500,0.0300,1.0000,100.00,shockwave,60,450;300;200;100;50,1.5,3,0.5,1,2,1,10,0,100,-10,5,250,40,5,250,60,1,8,11,0,0.06,4,0.556,50,8,5
58,1,60,FrameTimeStutter,5.000,shockwave,practice,2026-09-16T14:19:09.4690318-04:00,1,360,6.44179,17.2211,2218.07,1185.88,0.000,0.000,1.0437,9.0754,-0.4717,Right,0,0,0,0,0.0000,300.000,0,0.000,0,127.500,71.914,4.500,0.0300,1.0000,100.00,shockwave,60,450;300;200;100;50,1.5,3,0.5,1,2,1,10,0,100,-10,5,250,40,5,250,60,1,8,11,0,0.06,4,0.556,50,8,5
58,1,60,FrameTimeStutter,5.000,shockwave,practice,2026-09-16T14:19:09.4690318-04:00,1,361,6.45858,16.7904,2218.07,1185.88,0.000,0.000,1.0437,9.0754,-0.4717,Right,1,1,0,1,1.0437,300.000,0,0.000,0,127.500,71.914,4.500,0.0300,0.5000,90.00,shockwave,60,450;300;200;100;50,1.5,3,0.5,1,2,1,10,0,100,-10,5,250,40,5,250,60,1,8,11,0,0.06,4,0.556,50,8,5
58,1,60,FrameTimeStutter,5.000,shockwave,practice,2026-09-16T14:19:09.4690318-04:00,1,362,6.47475,16.1673,2218.07,1185.88,0.000,0.000,1.0437,9.0754,-0.4717,Right,1,0,0,0,0.0000,300.000,0,0.000,0,127.500,71.914,4.500,0.0300,0.5000,90.00,shockwave,60,450;300;200;100;50,1.5,3,0.5,1,2,1,10,0,100,-10,5,250,40,5,250,60,1,8,11,0,0.06,4,0.556,50,8,5
58,1,60,FrameTimeStutter,5.000,shockwave,practice,2026-09-16T14:19:09.4690318-04:00,1,363,6.49148,16.7332,2218.07,1185.88,0.000,0.000,1.0437,9.0754,-0.4717,Right,1,0,0,0,0.0000,300.000,0,0.000,0,127.500,71.914,4.500,0.0300,0.5000,90.00,shockwave,60,450;300;200;100;50,1.5,3,0.5,1,2,1,10,0,100,-10,5,250,40,5,250,60,1,8,11,0,0.06,4,0.556,50,8,5
58,1,60,FrameTimeStutter,5.000,shockwave,practice,2026-09-16T14:19:09.4690318-04:00,1,364,6.50836,16.8742,2218.07,1185.88,0.000,0.000,1.0437,9.0754,-0.4717,Right,1,0,0,0,0.0000,300.000,0,0.000,0,127.500,71.914,4.500,0.0300,0.5000,90.00,shockwave,60,450;300;200;100;50,1.5,3,0.5,1,2,1,10,0,100,-10,5,250,40,5,250,60,1,8,11,0,0.06,4,0.556,50,8,5
58,1,60,FrameTimeStutter,5.000,shockwave,practice,2026-09-16T14:19:09.4690318-04:00,1,365,6.52495,16.5893,2218.07,1185.88,0.000,0.000,1.0437,9.0754,-0.4717,Right,1,0,0,0,0.0000,300.000,0,0.000,0,127.500,71.914,4.500,0.0300,0.5000,90.00,shockwave,60,450;300;200;100;50,1.5,3,0.5,1,2,1,10,0,100,-10,5,250,40,5,250,60,1,8,11,0,0.06,4,0.556,50,8,5
58,1,60,FrameTimeStutter,5.000,shockwave,practice,2026-09-16T14:19:09.4690318-04:00,1,366,6.54180,16.8479,2218.07,1185.88,0.000,0.000,1.0437,9.0754,-0.4717,Right,1,0,0,0,0.0000,300.000,0,0.000,0,127.500,71.914,4.500,0.0300,0.5000,90.00,shockwave,60,450;300;200;100;50,1.5,3,0.5,1,2,1,10,0,100,-10,5,250,40,5,250,60,1,8,11,0,0.06,4,0.556,50,8,5
58,1,60,FrameTimeStutter,5.000,shockwave,practice,2026-09-16T14:19:09.4690318-04:00,1,367,6.55850,16.7026,2218.07,1185.88,0.000,0.000,1.0437,9.0754,-0.4717,Right,1,0,0,0,0.0000,300.000,0,0.000,0,127.500,71.914,4.500,0.0300,0.5000,90.00,shockwave,60,450;300;200;100;50,1.5,3,0.5,1,2,1,10,0,100,-10,5,250,40,5,250,60,1,8,11,0,0.06,4,0.556,50,8,5
58,1,60,FrameTimeStutter,5.000,shockwave,practice,2026-09-16T14:19:09.4690318-04:00,1,368,6.57498,16.4859,2218.07,1185.88,0.000,0.000,1.0437,9.0754,-0.4717,Right,0,0,0,0,0.0000,300.000,0,0.000,0,127.500,71.914,4.500,0.0300,0.5000,90.00,shockwave,60,450;300;200;100;50,1.5,3,0.5,1,2,1,10,0,100,-10,5,250,40,5,250,60,1,8,11,0,0.06,4,0.556,50,8,5
58,1,60,FrameTimeStutter,5.000,shockwave,practice,2026-09-16T14:19:09.4690318-04:00,1,369,6.59195,16.9716,2218.07,1185.88,0.000,0.000,1.0437,9.0754,-0.4717,Right,0,0,0,0,0.0000,300.000,0,0.000,0,127.500,71.914,4.500,0.0300,0.5000,90.00,shockwave,60,450;300;200;100;50,1.5,3,0.5,1,2,1,10,0,100,-10,5,250,40,5,250,60,1,8,11,0,0.06,4,0.556,50,8,5
58,1,60,FrameTimeStutter,5.000,shockwave,practice,2026-09-16T14:19:09.4690318-04:00,1,370,6.60831,16.3517,2218.07,1185.88,0.000,0.000,1.0437,9.0754,-0.4717,Right,0,0,0,0,0.0000,300.000,0,0.000,0,127.500,71.914,4.500,0.0300,0.5000,90.00,shockwave,60,450;300;200;100;50,1.5,3,0.5,1,2,1,10,0,100,-10,5,250,40,5,250,60,1,8,11,0,0.06,4,0.556,50,8,5
58,1,60,FrameTimeStutter,5.000,shockwave,practice,2026-09-16T14:19:09.4690318-04:00,1,371,6.62499,16.6796,2218.07,1185.88,0.000,0.000,1.0437,9.0754,-0.4717,Right,0,0,0,0,0.0000,300.000,0,0.000,0,127.500,71.914,4.500,0.0300,0.5000,90.00,shockwave,60,450;300;200;100;50,1.5,3,0.5,1,2,1,10,0,100,-10,5,250,40,5,250,60,1,8,11,0,0.06,4,0.556,50,8,5
58,1,60,FrameTimeStutter,5.000,shockwave,practice,2026-09-16T14:19:09.4690318-04:00,1,372,6.64166,16.6755,2218.07,1185.88,0.000,0.000,1.0437,9.0754,-0.4717,Right,0,0,0,0,0.0000,300.000,0,0.000,0,127.500,71.914,4.500,0.0300,0.5000,90.00,shockwave,60,450;300;200;100;50,1.5,3,0.5,1,2,1,10,0,100,-10,5,250,40,5,250,60,1,8,11,0,0.06,4,0.556,50,8,5
58,1,60,FrameTimeStutter,5.000,shockwave,practice,2026-09-16T14:19:09.4690318-04:00,1,373,6.65860,16.9386,2218.07,1185.88,0.000,0.000,1.0437,9.0754,-0.4717,Right,0,0,0,0,0.0000,300.000,0,0.000,0,127.500,71.914,4.500,0.0300,0.5000,90.00,shockwave,60,450;300;200;100;50,1.5,3,0.5,1,2,1,10,0,100,-10,5,250,40,5,250,60,1,8,11,0,0.06,4,0.556,50,8,5
58,1,60,FrameTimeStutter,5.000,shockwave,practice,2026-09-16T14:19:09.4690318-04:00,1,374,6.67438,15.7758,2218.07,1185.88,0.000,0.000,1.0437,9.0754,-0.4717,Right,0,0,0,0,0.0000,300.000,0,0.000,0,127.500,71.914,4.500,0.0300,0.5000,90.00,shockwave,60,450;300;200;100;50,1.5,3,0.5,1,2,1,10,0,100,-10,5,250,40,5,250,60,1,8,11,0,0.06,4,0.556,50,8,5
58,1,60,FrameTimeStutter,5.000,shockwave,practice,2026-09-16T14:19:09.4690318-04:00,1,375,6.69195,17.5777,2218.07,1185.88,0.000,0.000,1.0437,9.0754,-0.4717,Right,0,0,0,0,0.0000,300.000,0,0.000,0,127.500,71.914,4.500,0.0300,0.5000,90.00,shockwave,60,450;300;200;100;50,1.5,3,0.5,1,2,1,10,0,100,-10,5,250,40,5,250,60,1,8,11,0,0.06,4,0.556,50,8,5
58,1,60,FrameTimeStutter,5.000,shockwave,practice,2026-09-16T14:19:09.4690318-04:00,1,376,6.70789,15.9399,2218.07,1185.88,0.000,0.000,1.0437,9.0754,-0.4717,Right,0,0,0,0,0.0000,300.000,0,0.000,0,127.500,71.914,4.500,0.0300,0.5000,90.00,shockwave,60,450;300;200;100;50,1.5,3,0.5,1,2,1,10,0,100,-10,5,250,40,5,250,60,1,8,11,0,0.06,4,0.556,50,8,5
58,1,60,FrameTimeStutter,5.000,shockwave,practice,2026-09-16T14:19:09.4690318-04:00,1,377,6.72523,17.3358,2218.07,1185.88,0.000,0.000,1.0437,9.0754,-0.4717,Right,0,0,0,0,0.0000,300.000,0,0.000,0,127.500,71.914,4.500,0.0300,0.5000,90.00,shockwave,60,450;300;200;100;50,1.5,3,0.5,1,2,1,10,0,100,-10,5,250,40,5,250,60,1,8,11,0,0.06,4,0.556,50,8,5
58,1,60,FrameTimeStutter,5.000,shockwave,practice,2026-09-16T14:19:09.4690318-04:00,1,378,6.74149,16.2649,2218.07,1185.88,0.000,0.000,1.0437,9.0754,-0.4717,Right,0,0,0,0,0.0000,300.000,0,0.000,0,127.500,71.914,4.500,0.0300,0.5000,90.00,shockwave,60,450;300;200;100;50,1.5,3,0.5,1,2,1,10,0,100,-10,5,250,40,5,250,60,1,8,11,0,0.06,4,0.556,50,8,5
58,1,60,FrameTimeStutter,5.000,shockwave,practice,2026-09-16T14:19:09.4690318-04:00,1,379,6.75807,16.5771,2218.07,1185.88,0.000,0.000,1.0437,9.0754,-0.4717,Right,0,0,0,0,0.0000,300.000,0,0.000,0,127.500,71.914,4.500,0.0300,0.5000,90.00,shockwave,60,450;300;200;100;50,1.5,3,0.5,1,2,1,10,0,100,-10,5,250,40,5,250,60,1,8,11,0,0.06,4,0.556,50,8,5
58,1,60,FrameTimeStutter,5.000,shockwave,practice,2026-09-16T14:19:09.4690318-04:00,1,380,6.77500,16.9303,2218.07,1185.88,0.000,0.000,1.0437,9.0754,-0.4717,Right,0,0,0,0,0.0000,300.000,0,0.000,0,127.500,71.914,4.500,0.0300,0.5000,90.00,shockwave,60,450;300;200;100;50,1.5,3,0.5,1,2,1,10,0,100,-10,5,250,40,5,250,60,1,8,11,0,0.06,4,0.556,50,8,5
58,1,60,FrameTimeStutter,5.000,shockwave,practice,2026-09-16T14:19:09.4690318-04:00,1,381,6.79195,16.9512,2218.07,1185.88,0.000,0.000,1.0437,9.0754,-0.4717,Right,0,0,0,0,0.0000,300.000,0,0.000,0,127.500,71.914,4.500,0.0300,0.5000,90.00,shockwave,60,450;300;200;100;50,1.5,3,0.5,1,2,1,10,0,100,-10,5,250,40,5,250,60,1,8,11,0,0.06,4,0.556,50,8,5
58,1,60,FrameTimeStutter,5.000,shockwave,practice,2026-09-16T14:19:09.4690318-04:00,1,382,6.80840,16.4503,2218.07,1185.88,0.000,0.000,1.0437,9.0754,-0.4717,Right,0,0,0,0,0.0000,300.000,0,0.000,0,127.500,71.914,4.500,0.0300,0.5000,90.00,shockwave,60,450;300;200;100;50,1.5,3,0.5,1,2,1,10,0,100,-10,5,250,40,5,250,60,1,8,11,0,0.06,4,0.556,50,8,5
58,1,60,FrameTimeStutter,5.000,shockwave,practice,2026-09-16T14:19:09.4690318-04:00,1,383,6.82470,16.2941,2218.07,1185.88,0.000,0.000,1.0437,9.0754,-0.4717,Right,0,0,0,0,0.0000,300.000,0,0.000,0,127.500,71.914,4.500,0.0300,0.5000,90.00,shockwave,60,450;300;200;100;50,1.5,3,0.5,1,2,1,10,0,100,-10,5,250,40,5,250,60,1,8,11,0,0.06,4,0.556,50,8,5
58,1,60,FrameTimeStutter,5.000,shockwave,practice,2026-09-16T14:19:09.4690318-04:00,1,384,6.84118,16.4796,2218.07,1185.88,0.000,0.000,1.0437,9.0754,-0.4717,Right,0,0,0,0,0.0000,300.000,0,0.000,0,127.500,71.914,4.500,0.0300,0.5000,90.00,shockwave,60,450;300;200;100;50,1.5,3,0.5,1,2,1,10,0,100,-10,5,250,40,5,250,60,1,8,11,0,0.06,4,0.556,50,8,5
58,1,60,FrameTimeStutter,5.000,shockwave,practice,2026-09-16T14:19:09.4690318-04:00,1,385,6.85838,17.2063,2218.07,1185.88,0.000,0.000,1.0437,9.0754,-0.4717,Right,0,0,0,0,0.0000,300.000,0,0.000,0,127.500,71.914,4.500,0.0300,0.5000,90.00,shockwave,60,450;300;200;100;50,1.5,3,0.5,1,2,1,10,0,100,-10,5,250,40,5,250,60,1,8,11,0,0.06,4,0.556,50,8,5
58,1,60,FrameTimeStutter,5.000,shockwave,practice,2026-09-16T14:19:09.4690318-04:00,1,386,6.87525,16.8696,2218.07,1185.88,0.000,0.000,1.0437,9.0754,-0.4717,Right,0,0,0,0,0.0000,300.000,0,0.000,0,127.500,71.914,4.500,0.0300,0.5000,90.00,shockwave,60,450;300;200;100;50,1.5,3,0.5,1,2,1,10,0,100,-10,5,250,40,5,250,60,1,8,11,0,0.06,4,0.556,50,8,5
58,1,60,FrameTimeStutter,5.000,shockwave,practice,2026-09-16T14:19:09.4690318-04:00,1,387,6.89153,16.2789,2218.07,1185.88,0.000,0.000,1.0437,9.0754,-0.4717,Right,0,0,0,0,0.0000,300.000,0,0.000,0,127.500,71.914,4.500,0.0300,0.5000,90.00,shockwave,60,450;300;200;100;50,1.5,3,0.5,1,2,1,10,0,100,-10,5,250,40,5,250,60,1,8,11,0,0.06,4,0.556,50,8,5
58,1,60,FrameTimeStutter,5.000,shockwave,practice,2026-09-16T14:19:09.4690318-04:00,1,388,6.90824,16.7080,2218.07,1185.88,0.000,0.000,1.0437,9.0754,-0.4717,Right,0,0,0,0,0.0000,300.000,0,0.000,0,127.500,71.914,4.500,0.0300,0.5000,90.00,shockwave,60,450;300;200;100;50,1.5,3,0.5,1,2,1,10,0,100,-10,5,250,40,5,250,60,1,8,11,0,0.06,4,0.556,50,8,5
58,1,60,FrameTimeStutter,5.000,shockwave,practice,2026-09-16T14:19:09.4690318-04:00,1,389,6.92526,17.0211,2218.07,1185.88,0.000,0.000,1.0437,9.0754,-0.4717,Right,0,0,0,0,0.0000,300.000,0,0.000,0,127.500,71.914,4.500,0.0300,0.5000,90.00,shockwave,60,450;300;200;100;50,1.5,3,0.5,1,2,1,10,0,100,-10,5,250,40,5,250,60,1,8,11,0,0.06,4,0.556,50,8,5
58,1,60,FrameTimeStutter,5.000,shockwave,practice,2026-09-16T14:19:09.4690318-04:00,1,390,6.94124,15.9829,2218.07,1185.88,0.000,0.000,1.0437,9.0754,-0.4717,Right,0,0,0,0,0.0000,300.000,0,0.000,0,127.500,71.914,4.500,0.0300,0.5000,90.00,shockwave,60,450;300;200;100;50,1.5,3,0.5,1,2,1,10,0,100,-10,5,250,40,5,250,60,1,8,11,0,0.06,4,0.556,50,8,5
58,1,60,FrameTimeStutter,5.000,shockwave,practice,2026-09-16T14:19:09.4690318-04:00,1,391,6.95809,16.8451,2218.07,1185.88,0.000,0.000,1.0437,9.0754,-0.4717,Right,0,0,0,0,0.0000,300.000,0,0.000,0,127.500,71.914,4.500,0.0300,0.5000,90.00,shockwave,60,450;300;200;100;50,1.5,3,0.5,1,2,1,10,0,100,-10,5,250,40,5,250,60,1,8,11,0,0.06,4,0.556,50,8,5
58,1,60,FrameTimeStutter,5.000,shockwave,practice,2026-09-16T14:19:09.4690318-04:00,1,392,6.97443,16.3441,2218.07,1185.88,0.000,0.000,1.0437,9.0754,-0.4717,Right,0,0,0,0,0.0000,300.000,0,0.000,0,127.500,71.914,4.500,0.0300,0.5000,90.00,shockwave,60,450;300;200;100;50,1.5,3,0.5,1,2,1,10,0,100,-10,5,250,40,5,250,60,1,8,11,0,0.06,4,0.556,50,8,5
58,1,60,FrameTimeStutter,5.000,shockwave,practice,2026-09-16T14:19:09.4690318-04:00,1,393,6.99194,17.5083,2218.07,1185.88,0.000,0.000,1.0437,9.0754,-0.4717,Right,0,0,0,0,0.0000,300.000,0,0.000,0,127.500,71.914,4.500,0.0300,0.5000,90.00,shockwave,60,450;300;200;100;50,1.5,3,0.5,1,2,1,10,0,100,-10,5,250,40,5,250,60,1,8,11,0,0.06,4,0.556,50,8,5
58,1,60,FrameTimeStutter,5.000,shockwave,practice,2026-09-16T14:19:09.4690318-04:00,1,394,7.00827,16.3272,2218.07,1185.88,0.000,0.000,1.0437,9.0754,-0.4717,Right,0,0,0,0,0.0000,300.000,0,0.000,0,127.500,71.914,4.500,0.0300,0.5000,90.00,shockwave,60,450;300;200;100;50,1.5,3,0.5,1,2,1,10,0,100,-10,5,250,40,5,250,60,1,8,11,0,0.06,4,0.556,50,8,5
58,1,60,FrameTimeStutter,5.000,shockwave,practice,2026-09-16T14:19:09.4690318-04:00,1,395,7.02511,16.8392,2218.07,1185.88,0.000,0.000,1.0437,9.0754,-0.4717,Right,0,0,0,0,0.0000,300.000,0,0.000,0,127.500,71.914,4.500,0.0300,0.5000,90.00,shockwave,60,450;300;200;100;50,1.5,3,0.5,1,2,1,10,0,100,-10,5,250,40,5,250,60,1,8,11,0,0.06,4,0.556,50,8,5
58,1,60,FrameTimeStutter,5.000,shockwave,practice,2026-09-16T14:19:09.4690318-04:00,1,396,7.04142,16.3118,2218.07,1185.88,0.000,0.000,1.0437,9.0754,-0.4717,Right,0,0,0,0,0.0000,300.000,0,0.000,0,127.500,71.914,4.500,0.0300,0.5000,90.00,shockwave,60,450;300;200;100;50,1.5,3,0.5,1,2,1,10,0,100,-10,5,250,40,5,250,60,1,8,11,0,0.06,4,0.556,50,8,5
58,1,60,FrameTimeStutter,5.000,shockwave,practice,2026-09-16T14:19:09.4690318-04:00,1,397,7.05846,17.0446,2218.07,1185.88,0.000,0.000,1.0437,9.0754,-0.4717,Right,0,0,0,0,0.0000,300.000,0,0.000,0,127.500,71.914,4.500,0.0300,0.5000,90.00,shockwave,60,450;300;200;100;50,1.5,3,0.5,1,2,1,10,0,100,-10,5,250,40,5,250,60,1,8,11,0,0.06,4,0.556,50,8,5
58,1,60,FrameTimeStutter,5.000,shockwave,practice,2026-09-16T14:19:09.4690318-04:00,1,398,7.07507,16.6104,2218.07,1185.88,0.000,0.000,1.0437,9.0754,-0.4717,Right,0,0,0,0,0.0000,300.000,0,0.000,0,127.500,71.914,4.500,0.0300,0.5000,90.00,shockwave,60,450;300;200;100;50,1.5,3,0.5,1,2,1,10,0,100,-10,5,250,40,5,250,60,1,8,11,0,0.06,4,0.556,50,8,5
58,1,60,FrameTimeStutter,5.000,shockwave,practice,2026-09-16T14:19:09.4690318-04:00,1,399,7.09133,16.2535,2218.07,1185.88,0.000,0.000,1.0437,9.0754,-0.4717,Right,0,0,0,0,0.0000,300.000,0,0.000,0,127.500,71.914,4.500,0.0300,0.5000,90.00,shockwave,60,450;300;200;100;50,1.5,3,0.5,1,2,1,10,0,100,-10,5,250,40,5,250,60,1,8,11,0,0.06,4,0.556,50,8,5
58,1,60,FrameTimeStutter,5.000,shockwave,practice,2026-09-16T14:19:09.4690318-04:00,1,400,7.10837,17.0408,2218.07,1185.88,0.000,0.000,1.0437,9.0754,-0.4717,Right,0,0,0,0,0.0000,300.000,0,0.000,0,127.500,71.914,4.500,0.0300,0.5000,90.00,shockwave,60,450;300;200;100;50,1.5,3,0.5,1,2,1,10,0,100,-10,5,250,40,5,250,60,1,8,11,0,0.06,4,0.556,50,8,5
58,1,60,FrameTimeStutter,5.000,shockwave,practice,2026-09-16T14:19:09.4690318-04:00,1,401,7.12502,16.6486,2218.07,1185.88,0.000,0.000,1.0437,9.0754,-0.4717,Right,0,0,0,0,0.0000,300.000,0,0.000,0,127.500,71.914,4.500,0.0300,0.5000,90.00,shockwave,60,450;300;200;100;50,1.5,3,0.5,1,2,1,10,0,100,-10,5,250,40,5,250,60,1,8,11,0,0.06,4,0.556,50,8,5
58,1,60,FrameTimeStutter,5.000,shockwave,practice,2026-09-16T14:19:09.4690318-04:00,1,402,7.14155,16.5364,2218.07,1185.88,0.000,0.000,1.0437,9.0754,-0.4717,Right,0,0,0,0,0.0000,300.000,0,0.000,0,127.500,71.914,4.500,0.0300,0.5000,90.00,shockwave,60,450;300;200;100;50,1.5,3,0.5,1,2,1,10,0,100,-10,5,250,40,5,250,60,1,8,11,0,0.06,4,0.556,50,8,5
58,1,60,FrameTimeStutter,5.000,shockwave,practice,2026-09-16T14:19:09.4690318-04:00,1,403,7.15791,16.3504,2218.07,1185.88,0.000,0.000,1.0437,9.0754,-0.4717,Right,0,0,0,0,0.0000,300.000,0,0.000,0,127.500,71.914,4.500,0.0300,0.5000,90.00,shockwave,60,450;300;200;100;50,1.5,3,0.5,1,2,1,10,0,100,-10,5,250,40,5,250,60,1,8,11,0,0.06,4,0.556,50,8,5
58,1,60,FrameTimeStutter,5.000,shockwave,practice,2026-09-16T14:19:09.4690318-04:00,1,404,7.17487,16.9637,2218.07,1185.88,0.000,0.000,1.0437,9.0754,-0.4717,Right,0,0,0,0,0.0000,300.000,0,0.000,0,127.500,71.914,4.500,0.0300,0.5000,90.00,shockwave,60,450;300;200;100;50,1.5,3,0.5,1,2,1,10,0,100,-10,5,250,40,5,250,60,1,8,11,0,0.06,4,0.556,50,8,5
58,1,60,FrameTimeStutter,5.000,shockwave,practice,2026-09-16T14:19:09.4690318-04:00,1,405,7.19108,16.2150,2218.07,1185.88,0.000,0.000,1.0437,9.0754,-0.4717,Right,0,0,0,0,0.0000,300.000,0,0.000,0,127.500,71.914,4.500,0.0300,0.5000,90.00,shockwave,60,450;300;200;100;50,1.5,3,0.5,1,2,1,10,0,100,-10,5,250,40,5,250,60,1,8,11,0,0.06,4,0.556,50,8,5
58,1,60,FrameTimeStutter,5.000,shockwave,practice,2026-09-16T14:19:09.4690318-04:00,1,406,7.20822,17.1403,2218.07,1185.88,0.000,0.000,1.0437,9.0754,-0.4717,Right,0,0,0,0,0.0000,300.000,0,0.000,0,127.500,71.914,4.500,0.0300,0.5000,90.00,shockwave,60,450;300;200;100;50,1.5,3,0.5,1,2,1,10,0,100,-10,5,250,40,5,250,60,1,8,11,0,0.06,4,0.556,50,8,5
58,1,60,FrameTimeStutter,5.000,shockwave,practice,2026-09-16T14:19:09.4690318-04:00,1,407,7.22531,17.0828,2218.07,1185.88,0.000,0.000,1.0437,9.0754,-0.4717,Right,0,0,0,0,0.0000,300.000,0,0.000,0,127.500,71.914,4.500,0.0300,0.5000,90.00,shockwave,60,450;300;200;100;50,1.5,3,0.5,1,2,1,10,0,100,-10,5,250,40,5,250,60,1,8,11,0,0.06,4,0.556,50,8,5
58,1,60,FrameTimeStutter,5.000,shockwave,practice,2026-09-16T14:19:09.4690318-04:00,1,408,7.24106,15.7569,2218.07,1185.88,0.000,0.000,1.0437,9.0754,-0.4717,Right,0,0,0,0,0.0000,300.000,0,0.000,0,127.500,71.914,4.500,0.0300,0.5000,90.00,shockwave,60,450;300;200;100;50,1.5,3,0.5,1,2,1,10,0,100,-10,5,250,40,5,250,60,1,8,11,0,0.06,4,0.556,50,8,5
58,1,60,FrameTimeStutter,5.000,shockwave,practice,2026-09-16T14:19:09.4690318-04:00,1,409,7.25808,17.0161,2218.07,1185.88,0.000,0.000,1.0437,9.0754,-0.4717,Right,0,0,0,0,0.0000,300.000,0,0.000,0,127.500,71.914,4.500,0.0300,0.5000,90.00,shockwave,60,450;300;200;100;50,1.5,3,0.5,1,2,1,10,0,100,-10,5,250,40,5,250,60,1,8,11,0,0.06,4,0.556,50,8,5
58,1,60,FrameTimeStutter,5.000,shockwave,practice,2026-09-16T14:19:09.4690318-04:00,1,410,7.27494,16.8645,2218.07,1185.88,0.000,0.000,1.0437,9.0754,-0.4717,Right,0,0,0,0,0.0000,300.000,0,0.000,0,127.500,71.914,4.500,0.0300,0.5000,90.00,shockwave,60,450;300;200;100;50,1.5,3,0.5,1,2,1,10,0,100,-10,5,250,40,5,250,60,1,8,11,0,0.06,4,0.556,50,8,5
58,1,60,FrameTimeStutter,5.000,shockwave,practice,2026-09-16T14:19:09.4690318-04:00,1,411,7.29169,16.7477,2218.07,1185.88,0.000,0.000,1.0437,9.0754,-0.4717,Right,0,0,0,0,0.0000,300.000,0,0.000,0,127.500,71.914,4.500,0.0300,0.5000,90.00,shockwave,60,450;300;200;100;50,1.5,3,0.5,1,2,1,10,0,100,-10,5,250,40,5,250,60,1,8,11,0,0.06,4,0.556,50,8,5
58,1,60,FrameTimeStutter,5.000,shockwave,practice,2026-09-16T14:19:09.4690318-04:00,1,412,7.30744,15.7437,2218.07,1185.88,0.000,0.000,1.0437,9.0754,-0.4717,Right,0,0,0,0,0.0000,300.000,0,0.000,0,127.500,71.914,4.500,0.0300,0.5000,90.00,shockwave,60,450;300;200;100;50,1.5,3,0.5,1,2,1,10,0,100,-10,5,250,40,5,250,60,1,8,11,0,0.06,4,0.556,50,8,5
58,1,60,FrameTimeStutter,5.000,shockwave,practice,2026-09-16T14:19:09.4690318-04:00,1,413,7.32515,17.7133,2218.07,1185.88,0.000,0.000,1.0437,9.0754,-0.4717,Right,0,0,0,0,0.0000,300.000,0,0.000,0,127.500,71.914,4.500,0.0300,0.5000,90.00,shockwave,60,450;300;200;100;50,1.5,3,0.5,1,2,1,10,0,100,-10,5,250,40,5,250,60,1,8,11,0,0.06,4,0.556,50,8,5
58,1,60,FrameTimeStutter,5.000,shockwave,practice,2026-09-16T14:19:09.4690318-04:00,1,414,7.34241,17.2641,2218.07,1185.88,0.000,0.000,1.0437,9.0754,-0.4717,Right,0,0,0,0,0.0000,300.000,0,0.000,0,127.500,71.914,4.500,0.0300,0.5000,90.00,shockwave,60,450;300;200;100;50,1.5,3,0.5,1,2,1,10,0,100,-10,5,250,40,5,250,60,1,8,11,0,0.06,4,0.556,50,8,5
58,1,60,FrameTimeStutter,5.000,shockwave,practice,2026-09-16T14:19:09.4690318-04:00,1,415,7.35789,15.4765,2218.07,1185.88,0.000,0.000,1.0437,9.0754,-0.4717,Right,0,0,0,0,0.0000,300.000,0,0.000,0,127.500,71.914,4.500,0.0300,0.5000,90.00,shockwave,60,450;300;200;100;50,1.5,3,0.5,1,2,1,10,0,100,-10,5,250,40,5,250,60,1,8,11,0,0.06,4,0.556,50,8,5
58,1,60,FrameTimeStutter,5.000,shockwave,practice,2026-09-16T14:19:09.4690318-04:00,1,416,7.37541,17.5211,2218.07,1185.88,0.000,0.000,1.0437,9.0754,-0.4717,Right,0,0,0,0,0.0000,300.000,0,0.000,0,127.500,71.914,4.500,0.0300,0.5000,90.00,shockwave,60,450;300;200;100;50,1.5,3,0.5,1,2,1,10,0,100,-10,5,250,40,5,250,60,1,8,11,0,0.06,4,0.556,50,8,5
58,1,60,FrameTimeStutter,5.000,shockwave,practice,2026-09-16T14:19:09.4690318-04:00,1,417,7.39094,15.5338,2218.07,1185.88,0.000,0.000,1.0437,9.0754,-0.4717,Right,0,0,0,0,0.0000,300.000,0,0.000,0,127.500,71.914,4.500,0.0300,0.5000,90.00,shockwave,60,450;300;200;100;50,1.5,3,0.5,1,2,1,10,0,100,-10,5,250,40,5,250,60,1,8,11,0,0.06,4,0.556,50,8,5
58,1,60,FrameTimeStutter,5.000,shockwave,practice,2026-09-16T14:19:09.4690318-04:00,1,418,7.41776,26.8130,2218.07,1185.88,0.000,0.000,1.0437,9.0754,-0.4717,Right,0,0,0,0,0.0000,300.000,0,0.000,0,127.500,71.914,4.500,0.0300,0.5000,90.00,shockwave,60,450;300;200;100;50,1.5,3,0.5,1,2,1,10,0,100,-10,5,250,40,5,250,60,1,8,11,0,0.06,4,0.556,50,8,5
58,1,60,FrameTimeStutter,5.000,shockwave,practice,2026-09-16T14:19:09.4690318-04:00,1,419,7.42951,11.7573,2218.07,1185.88,0.000,0.000,1.0437,9.0754,-0.4717,Right,0,0,0,0,0.0000,300.000,0,0.000,0,127.500,71.914,4.500,0.0300,0.5000,90.00,shockwave,60,450;300;200;100;50,1.5,3,0.5,1,2,1,10,0,100,-10,5,250,40,5,250,60,1,8,11,0,0.06,4,0.556,50,8,5
58,1,60,FrameTimeStutter,5.000,shockwave,practice,2026-09-16T14:19:09.4690318-04:00,1,420,7.44584,16.3281,2218.07,1185.88,0.000,0.000,1.0437,9.0754,-0.4717,Right,0,0,0,0,0.0000,300.000,0,0.000,0,127.500,71.914,4.500,0.0300,0.5000,90.00,shockwave,60,450;300;200;100;50,1.5,3,0.5,1,2,1,10,0,100,-10,5,250,40,5,250,60,1,8,11,0,0.06,4,0.556,50,8,5
58,1,60,FrameTimeStutter,5.000,shockwave,practice,2026-09-16T14:19:09.4690318-04:00,1,421,7.46235,16.5070,2218.07,1185.88,0.000,0.000,1.0437,9.0754,-0.4717,Right,0,0,0,0,0.0000,300.000,0,0.000,0,127.500,71.914,4.500,0.0300,0.5000,90.00,shockwave,60,450;300;200;100;50,1.5,3,0.5,1,2,1,10,0,100,-10,5,250,40,5,250,60,1,8,11,0,0.06,4,0.556,50,8,5
58,1,60,FrameTimeStutter,5.000,shockwave,practice,2026-09-16T14:19:09.4690318-04:00,1,422,7.47942,17.0755,2218.07,1185.88,0.000,0.000,1.0437,9.0754,-0.4717,Right,0,0,0,0,0.0000,300.000,0,0.000,0,127.500,71.914,4.500,0.0300,0.5000,90.00,shockwave,60,450;300;200;100;50,1.5,3,0.5,1,2,1,10,0,100,-10,5,250,40,5,250,60,1,8,11,0,0.06,4,0.556,50,8,5
58,1,60,FrameTimeStutter,5.000,shockwave,practice,2026-09-16T14:19:09.4690318-04:00,1,423,7.49545,16.0225,2218.07,1185.88,0.000,0.000,1.0437,9.0754,-0.4717,Right,0,0,0,0,0.0000,300.000,0,0.000,0,127.500,71.914,4.500,0.0300,0.5000,90.00,shockwave,60,450;300;200;100;50,1.5,3,0.5,1,2,1,10,0,100,-10,5,250,40,5,250,60,1,8,11,0,0.06,4,0.556,50,8,5
58,1,60,FrameTimeStutter,5.000,shockwave,practice,2026-09-16T14:19:09.4690318-04:00,1,424,7.51270,17.2520,2218.07,1185.88,0.000,0.000,1.0437,9.0754,-0.4717,Right,0,0,0,0,0.0000,300.000,0,0.000,0,127.500,71.914,4.500,0.0300,0.5000,90.00,shockwave,60,450;300;200;100;50,1.5,3,0.5,1,2,1,10,0,100,-10,5,250,40,5,250,60,1,8,11,0,0.06,4,0.556,50,8,5
58,1,60,FrameTimeStutter,5.000,shockwave,practice,2026-09-16T14:19:09.4690318-04:00,1,425,7.52945,16.7543,2218.07,1185.88,0.000,0.000,1.0437,9.0754,-0.4717,Right,0,0,0,0,0.0000,300.000,0,0.000,0,127.500,71.914,4.500,0.0300,0.5000,90.00,shockwave,60,450;300;200;100;50,1.5,3,0.5,1,2,1,10,0,100,-10,5,250,40,5,250,60,1,8,11,0,0.06,4,0.556,50,8,5
58,1,60,FrameTimeStutter,5.000,shockwave,practice,2026-09-16T14:19:09.4690318-04:00,1,426,7.54603,16.5790,2218.07,1185.88,0.000,0.000,1.0437,9.0754,-0.4717,Right,0,0,0,0,0.0000,300.000,0,0.000,0,127.500,71.914,4.500,0.0300,0.5000,90.00,shockwave,60,450;300;200;100;50,1.5,3,0.5,1,2,1,10,0,100,-10,5,250,40,5,250,60,1,8,11,0,0.06,4,0.556,50,8,5
58,1,60,FrameTimeStutter,5.000,shockwave,practice,2026-09-16T14:19:09.4690318-04:00,1,427,7.56283,16.7983,2218.07,1185.88,0.000,0.000,1.0437,9.0754,-0.4717,Right,0,0,0,0,0.0000,300.000,0,0.000,0,127.500,71.914,4.500,0.0300,0.5000,90.00,shockwave,60,450;300;200;100;50,1.5,3,0.5,1,2,1,10,0,100,-10,5,250,40,5,250,60,1,8,11,0,0.06,4,0.556,50,8,5
58,1,60,FrameTimeStutter,5.000,shockwave,practice,2026-09-16T14:19:09.4690318-04:00,1,428,7.57895,16.1209,2218.07,1185.88,0.000,0.000,1.0437,9.0754,-0.4717,Right,0,0,0,0,0.0000,300.000,0,0.000,0,127.500,71.914,4.500,0.0300,0.5000,90.00,shockwave,60,450;300;200;100;50,1.5,3,0.5,1,2,1,10,0,100,-10,5,250,40,5,250,60,1,8,11,0,0.06,4,0.556,50,8,5
58,1,60,FrameTimeStutter,5.000,shockwave,practice,2026-09-16T14:19:09.4690318-04:00,1,429,7.59568,16.7281,2218.07,1185.88,0.000,0.000,1.0437,9.0754,-0.4717,Right,0,0,0,0,0.0000,300.000,0,0.000,0,127.500,71.914,4.500,0.0300,0.5000,90.00,shockwave,60,450;300;200;100;50,1.5,3,0.5,1,2,1,10,0,100,-10,5,250,40,5,250,60,1,8,11,0,0.06,4,0.556,50,8,5
58,1,60,FrameTimeStutter,5.000,shockwave,practice,2026-09-16T14:19:09.4690318-04:00,1,430,7.61238,16.7044,2218.07,1185.88,0.000,0.000,1.0437,9.0754,-0.4717,Right,0,0,0,0,0.0000,300.000,0,0.000,0,127.500,71.914,4.500,0.0300,0.5000,90.00,shockwave,60,450;300;200;100;50,1.5,3,0.5,1,2,1,10,0,100,-10,5,250,40,5,250,60,1,8,11,0,0.06,4,0.556,50,8,5
58,1,60,FrameTimeStutter,5.000,shockwave,practice,2026-09-16T14:19:09.4690318-04:00,1,431,7.62905,16.6714,2218.07,1185.88,0.000,0.000,1.0437,9.0754,-0.4717,Right,0,0,0,0,0.0000,300.000,0,0.000,0,127.500,71.914,4.500,0.0300,0.5000,90.00,shockwave,60,450;300;200;100;50,1.5,3,0.5,1,2,1,10,0,100,-10,5,250,40,5,250,60,1,8,11,0,0.06,4,0.556,50,8,5
58,1,60,FrameTimeStutter,5.000,shockwave,practice,2026-09-16T14:19:09.4690318-04:00,1,432,7.64552,16.4614,2218.07,1185.88,0.000,0.000,1.0437,9.0754,-0.4717,Right,0,0,0,0,0.0000,300.000,0,0.000,0,127.500,71.914,4.500,0.0300,0.5000,90.00,shockwave,60,450;300;200;100;50,1.5,3,0.5,1,2,1,10,0,100,-10,5,250,40,5,250,60,1,8,11,0,0.06,4,0.556,50,8,5
58,1,60,FrameTimeStutter,5.000,shockwave,practice,2026-09-16T14:19:09.4690318-04:00,1,433,7.66220,16.6845,2218.07,1185.88,0.000,0.000,1.0437,9.0754,-0.4717,Right,0,0,0,0,0.0000,300.000,0,0.000,0,127.500,71.914,4.500,0.0300,0.5000,90.00,shockwave,60,450;300;200;100;50,1.5,3,0.5,1,2,1,10,0,100,-10,5,250,40,5,250,60,1,8,11,0,0.06,4,0.556,50,8,5
58,1,60,FrameTimeStutter,5.000,shockwave,practice,2026-09-16T14:19:09.4690318-04:00,1,434,8.59129,929.0933,1783.73,1546.33,0.000,0.000,1.0437,9.0754,-0.4717,Right,0,0,0,0,0.0000,300.000,1,300.000,0,127.500,71.914,4.500,0.0300,0.5000,90.00,shockwave,60,450;300;200;100;50,1.5,3,0.5,1,2,1,10,0,100,-10,5,250,40,5,250,60,1,8,11,0,0.06,4,0.556,50,8,5
58,1,60,FrameTimeStutter,5.000,shockwave,practice,2026-09-16T14:19:09.4690318-04:00,1,435,8.90515,313.8577,0.00,0.00,0.000,0.000,1.0437,9.0754,-0.4717,Right,0,0,0,0,0.0000,300.000,0,0.000,1,127.500,71.914,4.500,0.0300,0.5000,90.00,shockwave,60,450;300;200;100;50,1.5,3,0.5,1,2,1,10,0,100,-10,5,250,40,5,250,60,1,8,11,0,0.06,4,0.556,50,8,5
