sessionId,blockIndex,unityApplicationFps,testMode,closeRadius,weapon,phase,phaseStartIso,roundNumber,frameIndex,timeSinceStartSec,unscaledDeltaMs,mouseX,mouseY,mouseDeltaX,mouseDeltaY,ufoX,ufoY,towerX,side,leftButtonDown,leftButtonPressed,fireKeyDown,shotFired,shotHitX,stimulusMs,spikeFired,stutterMs,windowOpen,threshEstimateMs,sd,slopeEstimate,lapseEstimate,accuracy,score,cfg_weapon,cfg_unityApplicationFps,cfg_practiceStuttersMs,cfg_swSpikeDelayMinSec,cfg_swSpikeDelayMaxSec,cfg_swWindowMinSec,cfg_swWindowMaxSec,cfg_hitPoints,cfg_missPoints,cfg_stimMinMs,cfg_stimMaxMs,cfg_stimCount,cfg_threshMinMs,cfg_threshMaxMs,cfg_threshCount,cfg_slopeMin,cfg_slopeMax,cfg_slopeCount,cfg_lapseMin,cfg_lapseMax,cfg_lapseCount,cfg_guessRate,cfg_maxTrials,cfg_minTrials,cfg_stopSD
46,1,60,FrameTimeStutter,5.000,shockwave,practice,2026-09-08T15:22:26.1967969-04:00,0,0,0.00000,16.5316,2558.70,1440.00,4.000,2.000,3.9350,7.5402,1.1089,Right,0,0,0,0,0.0000,450.000,0,0.000,0,127.500,71.914,4.500,0.0300,0.0000,0.00,shockwave,60,450;300;200;100;50,2,6,1.5,2.5,100,-10,5,250,40,5,250,60,1,8,11,0,0.06,4,0.5,50,8,5
46,1,60,FrameTimeStutter,5.000,shockwave,practice,2026-09-08T15:22:26.1967969-04:00,0,1,0.01460,14.6036,2558.70,1440.00,1.000,1.000,3.9533,7.5585,1.1089,Right,0,0,0,0,0.0000,450.000,0,0.000,0,127.500,71.914,4.500,0.0300,0.0000,0.00,shockwave,60,450;300;200;100;50,2,6,1.5,2.5,100,-10,5,250,40,5,250,60,1,8,11,0,0.06,4,0.5,50,8,5
46,1,60,FrameTimeStutter,5.000,shockwave,practice,2026-09-08T15:22:26.1967969-04:00,0,2,0.03350,18.8958,2558.70,1440.00,1.000,1.000,3.9715,7.5768,1.1089,Right,0,0,0,0,0.0000,450.000,0,0.000,0,127.500,71.914,4.500,0.0300,0.0000,0.00,shockwave,60,450;300;200;100;50,2,6,1.5,2.5,100,-10,5,250,40,5,250,60,1,8,11,0,0.06,4,0.5,50,8,5
46,1,60,FrameTimeStutter,5.000,shockwave,practice,2026-09-08T15:22:26.1967969-04:00,0,3,0.04998,16.4786,2558.70,1440.00,2.000,0.000,4.0081,7.5768,1.1089,Right,0,0,0,0,0.0000,450.000,0,0.000,0,127.500,71.914,4.500,0.0300,0.0000,0.00,shockwave,60,450;300;200;100;50,2,6,1.5,2.5,100,-10,5,250,40,5,250,60,1,8,11,0,0.06,4,0.5,50,8,5
46,1,60,FrameTimeStutter,5.000,shockwave,practice,2026-09-08T15:22:26.1967969-04:00,0,4,0.06690,16.9222,2558.70,1440.00,0.000,1.000,4.0081,7.5951,1.1089,Right,0,0,0,0,0.0000,450.000,0,0.000,0,127.500,71.914,4.500,0.0300,0.0000,0.00,shockwave,60,450;300;200;100;50,2,6,1.5,2.5,100,-10,5,250,40,5,250,60,1,8,11,0,0.06,4,0.5,50,8,5
46,1,60,FrameTimeStutter,5.000,shockwave,practice,2026-09-08T15:22:26.1967969-04:00,0,5,0.08369,16.7851,2558.70,1440.00,0.000,0.000,4.0081,7.5951,1.1089,Right,0,0,0,0,0.0000,450.000,0,0.000,0,127.500,71.914,4.500,0.0300,0.0000,0.00,shockwave,60,450;300;200;100;50,2,6,1.5,2.5,100,-10,5,250,40,5,250,60,1,8,11,0,0.06,4,0.5,50,8,5
46,1,60,FrameTimeStutter,5.000,shockwave,practice,2026-09-08T15:22:26.1967969-04:00,0,6,0.09959,15.9002,2558.70,1440.00,0.000,0.000,4.0081,7.5951,1.1089,Right,0,0,0,0,0.0000,450.000,0,0.000,0,127.500,71.914,4.500,0.0300,0.0000,0.00,shockwave,60,450;300;200;100;50,2,6,1.5,2.5,100,-10,5,250,40,5,250,60,1,8,11,0,0.06,4,0.5,50,8,5
46,1,60,FrameTimeStutter,5.000,shockwave,practice,2026-09-08T15:22:26.1967969-04:00,0,7,0.11716,17.5703,2558.70,1440.00,0.000,0.000,4.0081,7.5951,1.1089,Right,0,0,0,0,0.0000,450.000,0,0.000,0,127.500,71.914,4.500,0.0300,0.0000,0.00,shockwave,60,450;300;200;100;50,2,6,1.5,2.5,100,-10,5,250,40,5,250,60,1,8,11,0,0.06,4,0.5,50,8,5
46,1,60,FrameTimeStutter,5.000,shockwave,practice,2026-09-08T15:22:26.1967969-04:00,0,8,0.13331,16.1541,2558.70,1440.00,1.000,0.000,4.0264,7.5951,1.1089,Right,0,0,0,0,0.0000,450.000,0,0.000,0,127.500,71.914,4.500,0.0300,0.0000,0.00,shockwave,60,450;300;200;100;50,2,6,1.5,2.5,100,-10,5,250,40,5,250,60,1,8,11,0,0.06,4,0.5,50,8,5
46,1,60,FrameTimeStutter,5.000,shockwave,practice,2026-09-08T15:22:26.1967969-04:00,0,9,0.14970,16.3932,2558.70,1440.00,0.000,2.000,4.0264,7.6316,1.1089,Right,0,0,0,0,0.0000,450.000,0,0.000,0,127.500,71.914,4.500,0.0300,0.0000,0.00,shockwave,60,450;300;200;100;50,2,6,1.5,2.5,100,-10,5,250,40,5,250,60,1,8,11,0,0.06,4,0.5,50,8,5
46,1,60,FrameTimeStutter,5.000,shockwave,practice,2026-09-08T15:22:26.1967969-04:00,0,10,0.16642,16.7143,2558.70,1440.00,2.000,2.000,4.0630,7.6682,1.1089,Right,0,0,0,0,0.0000,450.000,0,0.000,0,127.500,71.914,4.500,0.0300,0.0000,0.00,shockwave,60,450;300;200;100;50,2,6,1.5,2.5,100,-10,5,250,40,5,250,60,1,8,11,0,0.06,4,0.5,50,8,5
46,1,60,FrameTimeStutter,5.000,shockwave,practice,2026-09-08T15:22:26.1967969-04:00,0,11,0.18331,16.8977,2558.70,1440.00,1.000,2.000,4.0813,7.7048,1.1089,Right,0,0,0,0,0.0000,450.000,0,0.000,0,127.500,71.914,4.500,0.0300,0.0000,0.00,shockwave,60,450;300;200;100;50,2,6,1.5,2.5,100,-10,5,250,40,5,250,60,1,8,11,0,0.06,4,0.5,50,8,5
46,1,60,FrameTimeStutter,5.000,shockwave,practice,2026-09-08T15:22:26.1967969-04:00,0,12,0.20004,16.7280,2558.70,1440.00,2.000,2.000,4.1178,7.7413,1.1089,Right,0,0,0,0,0.0000,450.000,0,0.000,0,127.500,71.914,4.500,0.0300,0.0000,0.00,shockwave,60,450;300;200;100;50,2,6,1.5,2.5,100,-10,5,250,40,5,250,60,1,8,11,0,0.06,4,0.5,50,8,5
46,1,60,FrameTimeStutter,5.000,shockwave,practice,2026-09-08T15:22:26.1967969-04:00,0,13,0.21622,16.1770,2558.70,1440.00,1.000,2.000,4.1361,7.7779,1.1089,Right,0,0,0,0,0.0000,450.000,0,0.000,0,127.500,71.914,4.500,0.0300,0.0000,0.00,shockwave,60,450;300;200;100;50,2,6,1.5,2.5,100,-10,5,250,40,5,250,60,1,8,11,0,0.06,4,0.5,50,8,5
46,1,60,FrameTimeStutter,5.000,shockwave,practice,2026-09-08T15:22:26.1967969-04:00,0,14,0.23365,17.4320,2558.70,1440.00,2.000,3.000,4.1727,7.8327,1.1089,Right,0,0,0,0,0.0000,450.000,0,0.000,0,127.500,71.914,4.500,0.0300,0.0000,0.00,shockwave,60,450;300;200;100;50,2,6,1.5,2.5,100,-10,5,250,40,5,250,60,1,8,11,0,0.06,4,0.5,50,8,5
46,1,60,FrameTimeStutter,5.000,shockwave,practice,2026-09-08T15:22:26.1967969-04:00,0,15,0.24987,16.2223,2558.70,1440.00,1.000,2.000,4.1910,7.8693,1.1089,Right,0,0,0,0,0.0000,450.000,0,0.000,0,127.500,71.914,4.500,0.0300,0.0000,0.00,shockwave,60,450;300;200;100;50,2,6,1.5,2.5,100,-10,5,250,40,5,250,60,1,8,11,0,0.06,4,0.5,50,8,5
46,1,60,FrameTimeStutter,5.000,shockwave,practice,2026-09-08T15:22:26.1967969-04:00,0,16,0.26670,16.8288,2558.70,1440.00,1.000,2.000,4.2093,7.9059,1.1089,Right,0,0,0,0,0.0000,450.000,0,0.000,0,127.500,71.914,4.500,0.0300,0.0000,0.00,shockwave,60,450;300;200;100;50,2,6,1.5,2.5,100,-10,5,250,40,5,250,60,1,8,11,0,0.06,4,0.5,50,8,5
46,1,60,FrameTimeStutter,5.000,shockwave,practice,2026-09-08T15:22:26.1967969-04:00,0,17,0.28322,16.5173,2558.70,1440.00,0.000,1.000,4.2093,7.9241,1.1089,Right,0,0,0,0,0.0000,450.000,0,0.000,0,127.500,71.914,4.500,0.0300,0.0000,0.00,shockwave,60,450;300;200;100;50,2,6,1.5,2.5,100,-10,5,250,40,5,250,60,1,8,11,0,0.06,4,0.5,50,8,5
46,1,60,FrameTimeStutter,5.000,shockwave,practice,2026-09-08T15:22:26.1967969-04:00,0,18,0.29972,16.5036,2558.70,1440.00,0.000,0.000,4.2093,7.9241,1.1089,Right,0,0,0,0,0.0000,450.000,0,0.000,0,127.500,71.914,4.500,0.0300,0.0000,0.00,shockwave,60,450;300;200;100;50,2,6,1.5,2.5,100,-10,5,250,40,5,250,60,1,8,11,0,0.06,4,0.5,50,8,5
46,1,60,FrameTimeStutter,5.000,shockwave,practice,2026-09-08T15:22:26.1967969-04:00,0,19,0.31647,16.7490,2558.70,1440.00,0.000,0.000,4.2093,7.9241,1.1089,Right,0,0,0,0,0.0000,450.000,0,0.000,0,127.500,71.914,4.500,0.0300,0.0000,0.00,shockwave,60,450;300;200;100;50,2,6,1.5,2.5,100,-10,5,250,40,5,250,60,1,8,11,0,0.06,4,0.5,50,8,5
46,1,60,FrameTimeStutter,5.000,shockwave,practice,2026-09-08T15:22:26.1967969-04:00,0,20,0.33290,16.4224,2558.70,1440.00,0.000,0.000,4.2093,7.9241,1.1089,Right,0,0,0,0,0.0000,450.000,0,0.000,0,127.500,71.914,4.500,0.0300,0.0000,0.00,shockwave,60,450;300;200;100;50,2,6,1.5,2.5,100,-10,5,250,40,5,250,60,1,8,11,0,0.06,4,0.5,50,8,5
46,1,60,FrameTimeStutter,5.000,shockwave,practice,2026-09-08T15:22:26.1967969-04:00,0,21,0.35035,17.4513,2558.70,1440.00,0.000,0.000,4.2093,7.9241,1.1089,Right,0,0,0,0,0.0000,450.000,0,0.000,0,127.500,71.914,4.500,0.0300,0.0000,0.00,shockwave,60,450;300;200;100;50,2,6,1.5,2.5,100,-10,5,250,40,5,250,60,1,8,11,0,0.06,4,0.5,50,8,5
46,1,60,FrameTimeStutter,5.000,shockwave,practice,2026-09-08T15:22:26.1967969-04:00,0,22,0.36680,16.4502,2558.70,1440.00,0.000,0.000,4.2093,7.9241,1.1089,Right,0,0,0,0,0.0000,450.000,0,0.000,0,127.500,71.914,4.500,0.0300,0.0000,0.00,shockwave,60,450;300;200;100;50,2,6,1.5,2.5,100,-10,5,250,40,5,250,60,1,8,11,0,0.06,4,0.5,50,8,5
46,1,60,FrameTimeStutter,5.000,shockwave,practice,2026-09-08T15:22:26.1967969-04:00,0,23,0.38309,16.2974,2558.70,1440.00,0.000,0.000,4.2093,7.9241,1.1089,Right,0,0,0,0,0.0000,450.000,0,0.000,0,127.500,71.914,4.500,0.0300,0.0000,0.00,shockwave,60,450;300;200;100;50,2,6,1.5,2.5,100,-10,5,250,40,5,250,60,1,8,11,0,0.06,4,0.5,50,8,5
46,1,60,FrameTimeStutter,5.000,shockwave,practice,2026-09-08T15:22:26.1967969-04:00,0,24,0.39994,16.8432,2558.70,1440.00,1.000,0.000,4.2275,7.9241,1.1089,Right,0,0,0,0,0.0000,450.000,0,0.000,0,127.500,71.914,4.500,0.0300,0.0000,0.00,shockwave,60,450;300;200;100;50,2,6,1.5,2.5,100,-10,5,250,40,5,250,60,1,8,11,0,0.06,4,0.5,50,8,5
46,1,60,FrameTimeStutter,5.000,shockwave,practice,2026-09-08T15:22:26.1967969-04:00,0,25,0.41647,16.5324,2558.70,1440.00,5.000,2.000,4.3190,7.9607,1.1089,Right,0,0,0,0,0.0000,450.000,0,0.000,0,127.500,71.914,4.500,0.0300,0.0000,0.00,shockwave,60,450;300;200;100;50,2,6,1.5,2.5,100,-10,5,250,40,5,250,60,1,8,11,0,0.06,4,0.5,50,8,5
46,1,60,FrameTimeStutter,5.000,shockwave,practice,2026-09-08T15:22:26.1967969-04:00,0,26,0.43374,17.2682,2558.70,1440.00,20.000,6.000,4.6847,8.0704,1.1089,Right,0,0,0,0,0.0000,450.000,0,0.000,0,127.500,71.914,4.500,0.0300,0.0000,0.00,shockwave,60,450;300;200;100;50,2,6,1.5,2.5,100,-10,5,250,40,5,250,60,1,8,11,0,0.06,4,0.5,50,8,5
46,1,60,FrameTimeStutter,5.000,shockwave,practice,2026-09-08T15:22:26.1967969-04:00,0,27,0.45019,16.4559,2558.70,1440.00,15.000,5.000,4.9589,8.1618,1.1089,Right,0,0,0,0,0.0000,450.000,0,0.000,0,127.500,71.914,4.500,0.0300,0.0000,0.00,shockwave,60,450;300;200;100;50,2,6,1.5,2.5,100,-10,5,250,40,5,250,60,1,8,11,0,0.06,4,0.5,50,8,5
46,1,60,FrameTimeStutter,5.000,shockwave,practice,2026-09-08T15:22:26.1967969-04:00,0,28,0.46663,16.4335,2558.70,1440.00,18.000,5.000,5.2881,8.2532,1.1089,Right,0,0,0,0,0.0000,450.000,0,0.000,0,127.500,71.914,4.500,0.0300,0.0000,0.00,shockwave,60,450;300;200;100;50,2,6,1.5,2.5,100,-10,5,250,40,5,250,60,1,8,11,0,0.06,4,0.5,50,8,5
46,1,60,FrameTimeStutter,5.000,shockwave,practice,2026-09-08T15:22:26.1967969-04:00,0,29,0.48328,16.6562,2558.70,1440.00,20.000,4.000,5.6538,8.3264,1.1089,Right,0,0,0,0,0.0000,450.000,0,0.000,0,127.500,71.914,4.500,0.0300,0.0000,0.00,shockwave,60,450;300;200;100;50,2,6,1.5,2.5,100,-10,5,250,40,5,250,60,1,8,11,0,0.06,4,0.5,50,8,5
46,1,60,FrameTimeStutter,5.000,shockwave,practice,2026-09-08T15:22:26.1967969-04:00,0,30,0.49968,16.3935,2558.70,1440.00,28.000,4.000,6.1658,8.3995,1.1089,Right,0,0,0,0,0.0000,450.000,0,0.000,0,127.500,71.914,4.500,0.0300,0.0000,0.00,shockwave,60,450;300;200;100;50,2,6,1.5,2.5,100,-10,5,250,40,5,250,60,1,8,11,0,0.06,4,0.5,50,8,5
46,1,60,FrameTimeStutter,5.000,shockwave,practice,2026-09-08T15:22:26.1967969-04:00,0,31,0.51639,16.7126,2558.70,1440.00,48.000,9.000,7.0435,8.5641,1.1089,Right,0,0,0,0,0.0000,450.000,0,0.000,0,127.500,71.914,4.500,0.0300,0.0000,0.00,shockwave,60,450;300;200;100;50,2,6,1.5,2.5,100,-10,5,250,40,5,250,60,1,8,11,0,0.06,4,0.5,50,8,5
46,1,60,FrameTimeStutter,5.000,shockwave,practice,2026-09-08T15:22:26.1967969-04:00,0,32,0.53326,16.8663,2558.70,1440.00,67.000,10.000,8.2686,8.7469,1.1089,Right,0,0,0,0,0.0000,450.000,0,0.000,0,127.500,71.914,4.500,0.0300,0.0000,0.00,shockwave,60,450;300;200;100;50,2,6,1.5,2.5,100,-10,5,250,40,5,250,60,1,8,11,0,0.06,4,0.5,50,8,5
46,1,60,FrameTimeStutter,5.000,shockwave,practice,2026-09-08T15:22:26.1967969-04:00,0,33,0.55013,16.8734,2558.70,1440.00,85.000,5.000,9.8228,8.8384,1.1089,Right,0,0,0,0,0.0000,450.000,0,0.000,0,127.500,71.914,4.500,0.0300,0.0000,0.00,shockwave,60,450;300;200;100;50,2,6,1.5,2.5,100,-10,5,250,40,5,250,60,1,8,11,0,0.06,4,0.5,50,8,5
46,1,60,FrameTimeStutter,5.000,shockwave,practice,2026-09-08T15:22:26.1967969-04:00,0,34,0.56671,16.5771,2558.70,1440.00,78.000,0.000,11.2491,8.8384,1.1089,Right,0,0,0,0,0.0000,450.000,0,0.000,0,127.500,71.914,4.500,0.0300,0.0000,0.00,shockwave,60,450;300;200;100;50,2,6,1.5,2.5,100,-10,5,250,40,5,250,60,1,8,11,0,0.06,4,0.5,50,8,5
46,1,60,FrameTimeStutter,5.000,shockwave,practice,2026-09-08T15:22:26.1967969-04:00,0,35,0.58347,16.7627,2558.70,1440.00,58.000,0.000,12.3096,8.8384,1.1089,Right,0,0,0,0,0.0000,450.000,0,0.000,0,127.500,71.914,4.500,0.0300,0.0000,0.00,shockwave,60,450;300;200;100;50,2,6,1.5,2.5,100,-10,5,250,40,5,250,60,1,8,11,0,0.06,4,0.5,50,8,5
46,1,60,FrameTimeStutter,5.000,shockwave,practice,2026-09-08T15:22:26.1967969-04:00,0,36,0.60002,16.5534,2558.70,1440.00,43.000,0.000,13.0959,8.8384,1.1089,Right,0,0,0,0,0.0000,450.000,0,0.000,0,127.500,71.914,4.500,0.0300,0.0000,0.00,shockwave,60,450;300;200;100;50,2,6,1.5,2.5,100,-10,5,250,40,5,250,60,1,8,11,0,0.06,4,0.5,50,8,5
46,1,60,FrameTimeStutter,5.000,shockwave,practice,2026-09-08T15:22:26.1967969-04:00,0,37,0.61658,16.5581,2558.70,1440.00,20.000,0.000,13.4616,8.8384,1.1089,Right,0,0,0,0,0.0000,450.000,0,0.000,0,127.500,71.914,4.500,0.0300,0.0000,0.00,shockwave,60,450;300;200;100;50,2,6,1.5,2.5,100,-10,5,250,40,5,250,60,1,8,11,0,0.06,4,0.5,50,8,5
46,1,60,FrameTimeStutter,5.000,shockwave,practice,2026-09-08T15:22:26.1967969-04:00,0,38,0.63289,16.3101,2558.70,1440.00,2.000,0.000,13.4982,8.8384,1.1089,Right,0,0,0,0,0.0000,450.000,0,0.000,0,127.500,71.914,4.500,0.0300,0.0000,0.00,shockwave,60,450;300;200;100;50,2,6,1.5,2.5,100,-10,5,250,40,5,250,60,1,8,11,0,0.06,4,0.5,50,8,5
46,1,60,FrameTimeStutter,5.000,shockwave,practice,2026-09-08T15:22:26.1967969-04:00,0,39,0.65093,18.0385,2556.90,1440.00,-1.000,0.000,13.4799,8.8383,1.1089,Right,0,0,0,0,0.0000,450.000,0,0.000,0,127.500,71.914,4.500,0.0300,0.0000,0.00,shockwave,60,450;300;200;100;50,2,6,1.5,2.5,100,-10,5,250,40,5,250,60,1,8,11,0,0.06,4,0.5,50,8,5
46,1,60,FrameTimeStutter,5.000,shockwave,practice,2026-09-08T15:22:26.1967969-04:00,0,40,0.66647,15.5366,2546.08,1440.00,-6.000,0.000,13.3702,8.8383,1.1089,Right,0,0,0,0,0.0000,450.000,0,0.000,0,127.500,71.914,4.500,0.0300,0.0000,0.00,shockwave,60,450;300;200;100;50,2,6,1.5,2.5,100,-10,5,250,40,5,250,60,1,8,11,0,0.06,4,0.5,50,8,5
46,1,60,FrameTimeStutter,5.000,shockwave,practice,2026-09-08T15:22:26.1967969-04:00,0,41,0.68320,16.7319,2524.46,1438.20,-12.000,-1.000,13.1507,8.8201,1.1089,Right,0,0,0,0,0.0000,450.000,0,0.000,0,127.500,71.914,4.500,0.0300,0.0000,0.00,shockwave,60,450;300;200;100;50,2,6,1.5,2.5,100,-10,5,250,40,5,250,60,1,8,11,0,0.06,4,0.5,50,8,5
46,1,60,FrameTimeStutter,5.000,shockwave,practice,2026-09-08T15:22:26.1967969-04:00,0,42,0.69987,16.6771,2486.61,1438.20,-21.000,0.000,12.7668,8.8201,1.1089,Right,0,0,0,0,0.0000,450.000,0,0.000,0,127.500,71.914,4.500,0.0300,0.0000,0.00,shockwave,60,450;300;200;100;50,2,6,1.5,2.5,100,-10,5,250,40,5,250,60,1,8,11,0,0.06,4,0.5,50,8,5
46,1,60,FrameTimeStutter,5.000,shockwave,practice,2026-09-08T15:22:26.1967969-04:00,0,43,0.71683,16.9516,2423.53,1438.20,-35.000,0.000,12.1268,8.8201,1.1089,Right,0,0,0,0,0.0000,450.000,0,0.000,0,127.500,71.914,4.500,0.0300,0.0000,0.00,shockwave,60,450;300;200;100;50,2,6,1.5,2.5,100,-10,5,250,40,5,250,60,1,8,11,0,0.06,4,0.5,50,8,5
46,1,60,FrameTimeStutter,5.000,shockwave,practice,2026-09-08T15:22:26.1967969-04:00,0,44,0.73358,16.7539,2340.63,1440.00,-46.000,1.000,11.2856,8.8383,1.1089,Right,0,0,0,0,0.0000,450.000,0,0.000,0,127.500,71.914,4.500,0.0300,0.0000,0.00,shockwave,60,450;300;200;100;50,2,6,1.5,2.5,100,-10,5,250,40,5,250,60,1,8,11,0,0.06,4,0.5,50,8,5
46,1,60,FrameTimeStutter,5.000,shockwave,practice,2026-09-08T15:22:26.1967969-04:00,0,45,0.74960,16.0221,2239.70,1440.00,-56.000,1.000,10.2617,8.8566,1.1089,Right,0,0,0,0,0.0000,450.000,0,0.000,0,127.500,71.914,4.500,0.0300,0.0000,0.00,shockwave,60,450;300;200;100;50,2,6,1.5,2.5,100,-10,5,250,40,5,250,60,1,8,11,0,0.06,4,0.5,50,8,5
46,1,60,FrameTimeStutter,5.000,shockwave,practice,2026-09-08T15:22:26.1967969-04:00,0,46,0.76696,17.3549,2118.95,1440.00,-67.000,2.000,9.0366,8.8932,1.1089,Right,0,0,0,0,0.0000,450.000,0,0.000,0,127.500,71.914,4.500,0.0300,0.0000,0.00,shockwave,60,450;300;200;100;50,2,6,1.5,2.5,100,-10,5,250,40,5,250,60,1,8,11,0,0.06,4,0.5,50,8,5
46,1,60,FrameTimeStutter,5.000,shockwave,practice,2026-09-08T15:22:26.1967969-04:00,0,47,0.78309,16.1338,1983.78,1440.00,-75.000,4.000,7.6652,8.9663,1.1089,Right,0,0,0,0,0.0000,450.000,0,0.000,0,127.500,71.914,4.500,0.0300,0.0000,0.00,shockwave,60,450;300;200;100;50,2,6,1.5,2.5,100,-10,5,250,40,5,250,60,1,8,11,0,0.06,4,0.5,50,8,5
46,1,60,FrameTimeStutter,5.000,shockwave,practice,2026-09-08T15:22:26.1967969-04:00,0,48,0.80025,17.1567,1834.19,1440.00,-83.000,8.000,6.1475,9.1126,1.1089,Right,0,0,0,0,0.0000,450.000,0,0.000,0,127.500,71.914,4.500,0.0300,0.0000,0.00,shockwave,60,450;300;200;100;50,2,6,1.5,2.5,100,-10,5,250,40,5,250,60,1,8,11,0,0.06,4,0.5,50,8,5
46,1,60,FrameTimeStutter,5.000,shockwave,practice,2026-09-08T15:22:26.1967969-04:00,0,49,0.81673,16.4780,1686.41,1440.00,-128.000,17.000,3.8070,9.4235,1.1089,Right,0,0,0,0,0.0000,450.000,0,0.000,0,127.500,71.914,4.500,0.0300,0.0000,0.00,shockwave,60,450;300;200;100;50,2,6,1.5,2.5,100,-10,5,250,40,5,250,60,1,8,11,0,0.06,4,0.5,50,8,5
46,1,60,FrameTimeStutter,5.000,shockwave,practice,2026-09-08T15:22:26.1967969-04:00,0,50,0.83414,17.4187,1450.31,1440.00,-85.000,11.000,2.2527,9.6246,1.1089,Right,0,0,0,0,0.0000,450.000,0,0.000,0,127.500,71.914,4.500,0.0300,0.0000,0.00,shockwave,60,450;300;200;100;50,2,6,1.5,2.5,100,-10,5,250,40,5,250,60,1,8,11,0,0.06,4,0.5,50,8,5
46,1,60,FrameTimeStutter,5.000,shockwave,practice,2026-09-08T15:22:26.1967969-04:00,0,51,0.85056,16.4151,1309.74,1440.00,-78.000,8.000,0.8265,9.7709,1.1089,Right,0,0,0,0,0.0000,450.000,0,0.000,0,127.500,71.914,4.500,0.0300,0.0000,0.00,shockwave,60,450;300;200;100;50,2,6,1.5,2.5,100,-10,5,250,40,5,250,60,1,8,11,0,0.06,4,0.5,50,8,5
46,1,60,FrameTimeStutter,5.000,shockwave,practice,2026-09-08T15:22:26.1967969-04:00,0,52,0.86655,15.9945,1192.59,1440.00,-65.000,5.000,-0.3621,9.8623,1.1089,Left,0,0,0,0,0.0000,450.000,0,0.000,0,127.500,71.914,4.500,0.0300,0.0000,0.00,shockwave,60,450;300;200;100;50,2,6,1.5,2.5,100,-10,5,250,40,5,250,60,1,8,11,0,0.06,4,0.5,50,8,5
46,1,60,FrameTimeStutter,5.000,shockwave,practice,2026-09-08T15:22:26.1967969-04:00,0,53,0.88312,16.5661,1097.07,1440.00,-53.000,2.000,-1.3312,9.8988,1.1089,Left,0,0,0,0,0.0000,450.000,0,0.000,0,127.500,71.914,4.500,0.0300,0.0000,0.00,shockwave,60,450;300;200;100;50,2,6,1.5,2.5,100,-10,5,250,40,5,250,60,1,8,11,0,0.06,4,0.5,50,8,5
46,1,60,FrameTimeStutter,5.000,shockwave,practice,2026-09-08T15:22:26.1967969-04:00,0,54,0.90036,17.2411,1012.37,1440.00,-47.000,0.000,-2.1906,9.8988,1.1089,Left,0,0,0,0,0.0000,450.000,0,0.000,0,127.500,71.914,4.500,0.0300,0.0000,0.00,shockwave,60,450;300;200;100;50,2,6,1.5,2.5,100,-10,5,250,40,5,250,60,1,8,11,0,0.06,4,0.5,50,8,5
46,1,60,FrameTimeStutter,5.000,shockwave,practice,2026-09-08T15:22:26.1967969-04:00,0,55,0.91660,16.2397,925.86,1438.20,-48.000,-1.000,-3.0683,9.8806,1.1089,Left,0,0,0,0,0.0000,450.000,0,0.000,0,127.500,71.914,4.500,0.0300,0.0000,0.00,shockwave,60,450;300;200;100;50,2,6,1.5,2.5,100,-10,5,250,40,5,250,60,1,8,11,0,0.06,4,0.5,50,8,5
46,1,60,FrameTimeStutter,5.000,shockwave,practice,2026-09-08T15:22:26.1967969-04:00,0,56,0.93352,16.9228,837.55,1436.40,-49.000,-1.000,-3.9643,9.8623,1.1089,Left,0,0,0,0,0.0000,450.000,0,0.000,0,127.500,71.914,4.500,0.0300,0.0000,0.00,shockwave,60,450;300;200;100;50,2,6,1.5,2.5,100,-10,5,250,40,5,250,60,1,8,11,0,0.06,4,0.5,50,8,5
46,1,60,FrameTimeStutter,5.000,shockwave,practice,2026-09-08T15:22:26.1967969-04:00,0,57,0.94932,15.7978,747.43,1434.59,-50.000,-1.000,-4.8785,9.8440,1.1089,Left,0,0,0,0,0.0000,450.000,0,0.000,0,127.500,71.914,4.500,0.0300,0.0000,0.00,shockwave,60,450;300;200;100;50,2,6,1.5,2.5,100,-10,5,250,40,5,250,60,1,8,11,0,0.06,4,0.5,50,8,5
46,1,60,FrameTimeStutter,5.000,shockwave,practice,2026-09-08T15:22:26.1967969-04:00,0,58,0.96699,17.6685,641.10,1429.19,-59.000,-3.000,-5.9573,9.7891,1.1089,Left,0,0,0,0,0.0000,450.000,0,0.000,0,127.500,71.914,4.500,0.0300,0.0000,0.00,shockwave,60,450;300;200;100;50,2,6,1.5,2.5,100,-10,5,250,40,5,250,60,1,8,11,0,0.06,4,0.5,50,8,5
46,1,60,FrameTimeStutter,5.000,shockwave,practice,2026-09-08T15:22:26.1967969-04:00,0,59,0.98359,16.6038,525.76,1420.18,-64.000,-5.000,-7.1276,9.6977,1.1089,Left,0,0,0,0,0.0000,450.000,0,0.000,0,127.500,71.914,4.500,0.0300,0.0000,0.00,shockwave,60,450;300;200;100;50,2,6,1.5,2.5,100,-10,5,250,40,5,250,60,1,8,11,0,0.06,4,0.5,50,8,5
46,1,60,FrameTimeStutter,5.000,shockwave,practice,2026-09-08T15:22:26.1967969-04:00,0,60,1.00019,16.5926,412.22,1416.57,-63.000,-2.000,-8.2796,9.6611,1.1089,Left,0,0,0,0,0.0000,450.000,0,0.000,0,127.500,71.914,4.500,0.0300,0.0000,0.00,shockwave,60,450;300;200;100;50,2,6,1.5,2.5,100,-10,5,250,40,5,250,60,1,8,11,0,0.06,4,0.5,50,8,5
46,1,60,FrameTimeStutter,5.000,shockwave,practice,2026-09-08T15:22:26.1967969-04:00,0,61,1.01659,16.4076,307.68,1416.57,-58.000,0.000,-9.3401,9.6611,1.1089,Left,0,0,0,0,0.0000,450.000,0,0.000,0,127.500,71.914,4.500,0.0300,0.0000,0.00,shockwave,60,450;300;200;100;50,2,6,1.5,2.5,100,-10,5,250,40,5,250,60,1,8,11,0,0.06,4,0.5,50,8,5
46,1,60,FrameTimeStutter,5.000,shockwave,practice,2026-09-08T15:22:26.1967969-04:00,0,62,1.03411,17.5123,158.10,1416.57,-83.000,0.000,-10.8578,9.6611,1.1089,Left,0,0,0,0,0.0000,450.000,0,0.000,0,127.500,71.914,4.500,0.0300,0.0000,0.00,shockwave,60,450;300;200;100;50,2,6,1.5,2.5,100,-10,5,250,40,5,250,60,1,8,11,0,0.06,4,0.5,50,8,5
46,1,60,FrameTimeStutter,5.000,shockwave,practice,2026-09-08T15:22:26.1967969-04:00,0,63,1.05079,16.6798,64.38,1416.57,-52.000,0.000,-11.8086,9.6611,1.1089,Left,0,0,0,0,0.0000,450.000,0,0.000,0,127.500,71.914,4.500,0.0300,0.0000,0.00,shockwave,60,450;300;200;100;50,2,6,1.5,2.5,100,-10,5,250,40,5,250,60,1,8,11,0,0.06,4,0.5,50,8,5
46,1,60,FrameTimeStutter,5.000,shockwave,practice,2026-09-08T15:22:26.1967969-04:00,0,64,1.06681,16.0197,-0.50,1416.57,-47.000,0.000,-12.6680,9.6611,1.1089,Left,0,0,0,0,0.0000,450.000,0,0.000,0,127.500,71.914,4.500,0.0300,0.0000,0.00,shockwave,60,450;300;200;100;50,2,6,1.5,2.5,100,-10,5,250,40,5,250,60,1,8,11,0,0.06,4,0.5,50,8,5
46,1,60,FrameTimeStutter,5.000,shockwave,practice,2026-09-08T15:22:26.1967969-04:00,0,65,1.08327,16.4597,-0.50,1414.77,-42.000,-1.000,-13.4360,9.6428,1.1089,Left,0,0,0,0,0.0000,450.000,0,0.000,0,127.500,71.914,4.500,0.0300,0.0000,0.00,shockwave,60,450;300;200;100;50,2,6,1.5,2.5,100,-10,5,250,40,5,250,60,1,8,11,0,0.06,4,0.5,50,8,5
46,1,60,FrameTimeStutter,5.000,shockwave,practice,2026-09-08T15:22:26.1967969-04:00,0,66,1.10042,17.1585,-0.50,1414.77,-34.000,0.000,-14.0577,9.6428,1.1089,Left,0,0,0,0,0.0000,450.000,0,0.000,0,127.500,71.914,4.500,0.0300,0.0000,0.00,shockwave,60,450;300;200;100;50,2,6,1.5,2.5,100,-10,5,250,40,5,250,60,1,8,11,0,0.06,4,0.5,50,8,5
46,1,60,FrameTimeStutter,5.000,shockwave,practice,2026-09-08T15:22:26.1967969-04:00,0,67,1.11662,16.1928,-0.50,1414.77,-25.000,0.000,-14.5148,9.6428,1.1089,Left,0,0,0,0,0.0000,450.000,0,0.000,0,127.500,71.914,4.500,0.0300,0.0000,0.00,shockwave,60,450;300;200;100;50,2,6,1.5,2.5,100,-10,5,250,40,5,250,60,1,8,11,0,0.06,4,0.5,50,8,5
46,1,60,FrameTimeStutter,5.000,shockwave,practice,2026-09-08T15:22:26.1967969-04:00,0,68,1.13359,16.9701,-0.50,1414.77,-22.000,0.000,-14.9171,9.6428,1.1089,Left,0,0,0,0,0.0000,450.000,0,0.000,0,127.500,71.914,4.500,0.0300,0.0000,0.00,shockwave,60,450;300;200;100;50,2,6,1.5,2.5,100,-10,5,250,40,5,250,60,1,8,11,0,0.06,4,0.5,50,8,5
46,1,60,FrameTimeStutter,5.000,shockwave,practice,2026-09-08T15:22:26.1967969-04:00,0,69,1.14981,16.2268,-0.50,1416.57,-22.000,1.000,-15.3194,9.6611,1.1089,Left,0,0,0,0,0.0000,450.000,0,0.000,0,127.500,71.914,4.500,0.0300,0.0000,0.00,shockwave,60,450;300;200;100;50,2,6,1.5,2.5,100,-10,5,250,40,5,250,60,1,8,11,0,0.06,4,0.5,50,8,5
46,1,60,FrameTimeStutter,5.000,shockwave,practice,2026-09-08T15:22:26.1967969-04:00,0,70,1.16639,16.5756,-0.50,1418.37,-19.000,1.000,-15.6668,9.6794,1.1089,Left,0,0,0,0,0.0000,450.000,0,0.000,0,127.500,71.914,4.500,0.0300,0.0000,0.00,shockwave,60,450;300;200;100;50,2,6,1.5,2.5,100,-10,5,250,40,5,250,60,1,8,11,0,0.06,4,0.5,50,8,5
46,1,60,FrameTimeStutter,5.000,shockwave,practice,2026-09-08T15:22:26.1967969-04:00,0,71,1.18318,16.7855,-0.50,1421.98,-15.000,2.000,-15.9411,9.7160,1.1089,Left,0,0,0,0,0.0000,450.000,0,0.000,0,127.500,71.914,4.500,0.0300,0.0000,0.00,shockwave,60,450;300;200;100;50,2,6,1.5,2.5,100,-10,5,250,40,5,250,60,1,8,11,0,0.06,4,0.5,50,8,5
46,1,60,FrameTimeStutter,5.000,shockwave,practice,2026-09-08T15:22:26.1967969-04:00,0,72,1.20027,17.0970,-0.50,1423.78,-5.000,1.000,-16.0325,9.7343,1.1089,Left,0,0,0,0,0.0000,450.000,0,0.000,0,127.500,71.914,4.500,0.0300,0.0000,0.00,shockwave,60,450;300;200;100;50,2,6,1.5,2.5,100,-10,5,250,40,5,250,60,1,8,11,0,0.06,4,0.5,50,8,5
46,1,60,FrameTimeStutter,5.000,shockwave,practice,2026-09-08T15:22:26.1967969-04:00,0,73,1.21624,15.9688,-0.50,1423.78,-1.000,0.000,-16.0508,9.7343,1.1089,Left,0,0,0,0,0.0000,450.000,0,0.000,0,127.500,71.914,4.500,0.0300,0.0000,0.00,shockwave,60,450;300;200;100;50,2,6,1.5,2.5,100,-10,5,250,40,5,250,60,1,8,11,0,0.06,4,0.5,50,8,5
46,1,60,FrameTimeStutter,5.000,shockwave,practice,2026-09-08T15:22:26.1967969-04:00,0,74,1.23385,17.6087,1.30,1423.78,1.000,0.000,-16.0325,9.7343,1.1089,Left,0,0,0,0,0.0000,450.000,0,0.000,0,127.500,71.914,4.500,0.0300,0.0000,0.00,shockwave,60,450;300;200;100;50,2,6,1.5,2.5,100,-10,5,250,40,5,250,60,1,8,11,0,0.06,4,0.5,50,8,5
46,1,60,FrameTimeStutter,5.000,shockwave,practice,2026-09-08T15:22:26.1967969-04:00,0,75,1.25118,17.3278,10.31,1425.58,5.000,1.000,-15.9411,9.7525,1.1089,Left,0,0,0,0,0.0000,450.000,0,0.000,0,127.500,71.914,4.500,0.0300,0.0000,0.00,shockwave,60,450;300;200;100;50,2,6,1.5,2.5,100,-10,5,250,40,5,250,60,1,8,11,0,0.06,4,0.5,50,8,5
46,1,60,FrameTimeStutter,5.000,shockwave,practice,2026-09-08T15:22:26.1967969-04:00,0,76,1.26632,15.1409,40.95,1429.19,17.000,2.000,-15.6302,9.7891,1.1089,Left,0,0,0,0,0.0000,450.000,0,0.000,0,127.500,71.914,4.500,0.0300,0.0000,0.00,shockwave,60,450;300;200;100;50,2,6,1.5,2.5,100,-10,5,250,40,5,250,60,1,8,11,0,0.06,4,0.5,50,8,5
46,1,60,FrameTimeStutter,5.000,shockwave,practice,2026-09-08T15:22:26.1967969-04:00,0,77,1.28329,16.9692,100.43,1432.79,33.000,2.000,-15.0268,9.8257,1.1089,Left,0,0,0,0,0.0000,450.000,0,0.000,0,127.500,71.914,4.500,0.0300,0.0000,0.00,shockwave,60,450;300;200;100;50,2,6,1.5,2.5,100,-10,5,250,40,5,250,60,1,8,11,0,0.06,4,0.5,50,8,5
46,1,60,FrameTimeStutter,5.000,shockwave,practice,2026-09-08T15:22:26.1967969-04:00,0,78,1.29970,16.4091,194.14,1436.40,52.000,2.000,-14.0760,9.8622,1.1089,Left,0,0,0,0,0.0000,450.000,0,0.000,0,127.500,71.914,4.500,0.0300,0.0000,0.00,shockwave,60,450;300;200;100;50,2,6,1.5,2.5,100,-10,5,250,40,5,250,60,1,8,11,0,0.06,4,0.5,50,8,5
46,1,60,FrameTimeStutter,5.000,shockwave,practice,2026-09-08T15:22:26.1967969-04:00,0,79,1.31647,16.7707,329.31,1440.00,75.000,3.000,-12.7046,9.9171,1.1089,Left,0,0,0,0,0.0000,450.000,0,0.000,0,127.500,71.914,4.500,0.0300,0.0000,0.00,shockwave,60,450;300;200;100;50,2,6,1.5,2.5,100,-10,5,250,40,5,250,60,1,8,11,0,0.06,4,0.5,50,8,5
46,1,60,FrameTimeStutter,5.000,shockwave,practice,2026-09-08T15:22:26.1967969-04:00,0,80,1.33295,16.4791,505.93,1440.00,98.000,3.000,-10.9126,9.9719,1.1089,Left,0,0,0,0,0.0000,450.000,0,0.000,0,127.500,71.914,4.500,0.0300,0.0000,0.00,shockwave,60,450;300;200;100;50,2,6,1.5,2.5,100,-10,5,250,40,5,250,60,1,8,11,0,0.06,4,0.5,50,8,5
46,1,60,FrameTimeStutter,5.000,shockwave,practice,2026-09-08T15:22:26.1967969-04:00,0,81,1.35033,17.3867,700.58,1440.00,108.000,1.000,-8.9378,9.9902,1.1089,Left,0,0,0,0,0.0000,450.000,0,0.000,0,127.500,71.914,4.500,0.0300,0.0000,0.00,shockwave,60,450;300;200;100;50,2,6,1.5,2.5,100,-10,5,250,40,5,250,60,1,8,11,0,0.06,4,0.5,50,8,5
46,1,60,FrameTimeStutter,5.000,shockwave,practice,2026-09-08T15:22:26.1967969-04:00,0,82,1.36697,16.6381,929.46,1440.00,127.000,0.000,-6.6156,9.9902,1.1089,Left,0,0,0,0,0.0000,450.000,0,0.000,0,127.500,71.914,4.500,0.0300,0.0000,0.00,shockwave,60,450;300;200;100;50,2,6,1.5,2.5,100,-10,5,250,40,5,250,60,1,8,11,0,0.06,4,0.5,50,8,5
46,1,60,FrameTimeStutter,5.000,shockwave,practice,2026-09-08T15:22:26.1967969-04:00,0,83,1.38330,16.3268,1161.95,1436.40,129.000,-2.000,-4.2568,9.9536,1.1089,Left,0,0,0,0,0.0000,450.000,0,0.000,0,127.500,71.914,4.500,0.0300,0.0000,0.00,shockwave,60,450;300;200;100;50,2,6,1.5,2.5,100,-10,5,250,40,5,250,60,1,8,11,0,0.06,4,0.5,50,8,5
46,1,60,FrameTimeStutter,5.000,shockwave,practice,2026-09-08T15:22:26.1967969-04:00,0,84,1.39999,16.6957,1414.27,1425.58,140.000,-6.000,-1.6969,9.8439,1.1089,Left,0,0,0,0,0.0000,450.000,0,0.000,0,127.500,71.914,4.500,0.0300,0.0000,0.00,shockwave,60,450;300;200;100;50,2,6,1.5,2.5,100,-10,5,250,40,5,250,60,1,8,11,0,0.06,4,0.5,50,8,5
46,1,60,FrameTimeStutter,5.000,shockwave,practice,2026-09-08T15:22:26.1967969-04:00,0,85,1.41716,17.1658,1749.49,1409.36,186.000,-9.000,1.7042,9.6794,1.1089,Left,0,0,0,0,0.0000,450.000,0,0.000,0,127.500,71.914,4.500,0.0300,0.0000,0.00,shockwave,60,450;300;200;100;50,2,6,1.5,2.5,100,-10,5,250,40,5,250,60,1,8,11,0,0.06,4,0.5,50,8,5
46,1,60,FrameTimeStutter,5.000,shockwave,practice,2026-09-08T15:22:26.1967969-04:00,0,86,1.43375,16.5903,1933.32,1402.15,102.000,-4.000,3.5693,9.6062,1.1089,Right,0,0,0,0,0.0000,450.000,0,0.000,0,127.500,71.914,4.500,0.0300,0.0000,0.00,shockwave,60,450;300;200;100;50,2,6,1.5,2.5,100,-10,5,250,40,5,250,60,1,8,11,0,0.06,4,0.5,50,8,5
46,1,60,FrameTimeStutter,5.000,shockwave,practice,2026-09-08T15:22:26.1967969-04:00,0,87,1.45060,16.8474,2088.31,1393.14,86.000,-5.000,5.1418,9.5148,1.1089,Right,0,0,0,0,0.0000,450.000,0,0.000,0,127.500,71.914,4.500,0.0300,0.0000,0.00,shockwave,60,450;300;200;100;50,2,6,1.5,2.5,100,-10,5,250,40,5,250,60,1,8,11,0,0.06,4,0.5,50,8,5
46,1,60,FrameTimeStutter,5.000,shockwave,practice,2026-09-08T15:22:26.1967969-04:00,0,88,1.46623,15.6320,2246.91,1382.33,88.000,-6.000,6.7509,9.4051,1.1089,Right,0,0,0,0,0.0000,450.000,0,0.000,0,127.500,71.914,4.500,0.0300,0.0000,0.00,shockwave,60,450;300;200;100;50,2,6,1.5,2.5,100,-10,5,250,40,5,250,60,1,8,11,0,0.06,4,0.5,50,8,5
46,1,60,FrameTimeStutter,5.000,shockwave,practice,2026-09-08T15:22:26.1967969-04:00,0,89,1.48328,17.0495,2392.89,1373.32,81.000,-5.000,8.2320,9.3137,1.1089,Right,0,0,0,0,0.0000,450.000,0,0.000,0,127.500,71.914,4.500,0.0300,0.0000,0.00,shockwave,60,450;300;200;100;50,2,6,1.5,2.5,100,-10,5,250,40,5,250,60,1,8,11,0,0.06,4,0.5,50,8,5
46,1,60,FrameTimeStutter,5.000,shockwave,practice,2026-09-08T15:22:26.1967969-04:00,0,90,1.49958,16.2999,2533.47,1367.91,78.000,-3.000,9.6583,9.2588,1.1089,Right,0,0,0,0,0.0000,450.000,0,0.000,0,127.500,71.914,4.500,0.0300,0.0000,0.00,shockwave,60,450;300;200;100;50,2,6,1.5,2.5,100,-10,5,250,40,5,250,60,1,8,11,0,0.06,4,0.5,50,8,5
46,1,60,FrameTimeStutter,5.000,shockwave,practice,2026-09-08T15:22:26.1967969-04:00,0,91,1.51696,17.3772,2558.70,1366.11,62.000,-1.000,10.7920,9.2405,1.1089,Right,0,0,0,0,0.0000,450.000,0,0.000,0,127.500,71.914,4.500,0.0300,0.0000,0.00,shockwave,60,450;300;200;100;50,2,6,1.5,2.5,100,-10,5,250,40,5,250,60,1,8,11,0,0.06,4,0.5,50,8,5
46,1,60,FrameTimeStutter,5.000,shockwave,practice,2026-09-08T15:22:26.1967969-04:00,0,92,1.53306,16.1076,2558.70,1364.31,54.000,-1.000,11.7794,9.2222,1.1089,Right,0,0,0,0,0.0000,450.000,0,0.000,0,127.500,71.914,4.500,0.0300,0.0000,0.00,shockwave,60,450;300;200;100;50,2,6,1.5,2.5,100,-10,5,250,40,5,250,60,1,8,11,0,0.06,4,0.5,50,8,5
46,1,60,FrameTimeStutter,5.000,shockwave,practice,2026-09-08T15:22:26.1967969-04:00,0,93,1.55021,17.1500,2558.70,1362.50,37.000,-1.000,12.4559,9.2039,1.1089,Right,0,0,0,0,0.0000,450.000,0,0.000,0,127.500,71.914,4.500,0.0300,0.0000,0.00,shockwave,60,450;300;200;100;50,2,6,1.5,2.5,100,-10,5,250,40,5,250,60,1,8,11,0,0.06,4,0.5,50,8,5
46,1,60,FrameTimeStutter,5.000,shockwave,practice,2026-09-08T15:22:26.1967969-04:00,0,94,1.56683,16.6188,2558.70,1360.70,27.000,-1.000,12.9496,9.1856,1.1089,Right,0,0,0,0,0.0000,450.000,0,0.000,0,127.500,71.914,4.500,0.0300,0.0000,0.00,shockwave,60,450;300;200;100;50,2,6,1.5,2.5,100,-10,5,250,40,5,250,60,1,8,11,0,0.06,4,0.5,50,8,5
46,1,60,FrameTimeStutter,5.000,shockwave,practice,2026-09-08T15:22:26.1967969-04:00,0,95,1.58359,16.7567,2558.70,1358.90,18.000,-1.000,13.2787,9.1674,1.1089,Right,0,0,0,0,0.0000,450.000,0,0.000,0,127.500,71.914,4.500,0.0300,0.0000,0.00,shockwave,60,450;300;200;100;50,2,6,1.5,2.5,100,-10,5,250,40,5,250,60,1,8,11,0,0.06,4,0.5,50,8,5
46,1,60,FrameTimeStutter,5.000,shockwave,practice,2026-09-08T15:22:26.1967969-04:00,0,96,1.60006,16.4749,2558.70,1357.10,7.000,-1.000,13.4067,9.1491,1.1089,Right,0,0,0,0,0.0000,450.000,0,0.000,0,127.500,71.914,4.500,0.0300,0.0000,0.00,shockwave,60,450;300;200;100;50,2,6,1.5,2.5,100,-10,5,250,40,5,250,60,1,8,11,0,0.06,4,0.5,50,8,5
46,1,60,FrameTimeStutter,5.000,shockwave,practice,2026-09-08T15:22:26.1967969-04:00,0,97,1.61623,16.1703,2558.70,1357.10,0.000,0.000,13.4067,9.1491,1.1089,Right,0,0,0,0,0.0000,450.000,0,0.000,0,127.500,71.914,4.500,0.0300,0.0000,0.00,shockwave,60,450;300;200;100;50,2,6,1.5,2.5,100,-10,5,250,40,5,250,60,1,8,11,0,0.06,4,0.5,50,8,5
46,1,60,FrameTimeStutter,5.000,shockwave,practice,2026-09-08T15:22:26.1967969-04:00,0,98,1.63345,17.2158,2558.70,1357.10,0.000,0.000,13.4067,9.1491,1.1089,Right,0,0,0,0,0.0000,450.000,0,0.000,0,127.500,71.914,4.500,0.0300,0.0000,0.00,shockwave,60,450;300;200;100;50,2,6,1.5,2.5,100,-10,5,250,40,5,250,60,1,8,11,0,0.06,4,0.5,50,8,5
46,1,60,FrameTimeStutter,5.000,shockwave,practice,2026-09-08T15:22:26.1967969-04:00,0,99,1.65007,16.6183,2556.90,1355.29,-1.000,-1.000,13.3885,9.1308,1.1089,Right,0,0,0,0,0.0000,450.000,0,0.000,0,127.500,71.914,4.500,0.0300,0.0000,0.00,shockwave,60,450;300;200;100;50,2,6,1.5,2.5,100,-10,5,250,40,5,250,60,1,8,11,0,0.06,4,0.5,50,8,5
46,1,60,FrameTimeStutter,5.000,shockwave,practice,2026-09-08T15:22:26.1967969-04:00,0,100,1.66607,16.0026,2549.69,1355.29,-4.000,0.000,13.3153,9.1308,1.1089,Right,0,0,0,0,0.0000,450.000,0,0.000,0,127.500,71.914,4.500,0.0300,0.0000,0.00,shockwave,60,450;300;200;100;50,2,6,1.5,2.5,100,-10,5,250,40,5,250,60,1,8,11,0,0.06,4,0.5,50,8,5
46,1,60,FrameTimeStutter,5.000,shockwave,practice,2026-09-08T15:22:26.1967969-04:00,0,101,1.68275,16.6790,2502.83,1351.69,-26.000,-2.000,12.8399,9.0942,1.1089,Right,0,0,0,0,0.0000,450.000,0,0.000,0,127.500,71.914,4.500,0.0300,0.0000,0.00,shockwave,60,450;300;200;100;50,2,6,1.5,2.5,100,-10,5,250,40,5,250,60,1,8,11,0,0.06,4,0.5,50,8,5
46,1,60,FrameTimeStutter,5.000,shockwave,practice,2026-09-08T15:22:26.1967969-04:00,0,102,1.70005,17.3019,2412.72,1349.89,-50.000,-1.000,11.9256,9.0759,1.1089,Right,0,0,0,0,0.0000,450.000,0,0.000,0,127.500,71.914,4.500,0.0300,0.0000,0.00,shockwave,60,450;300;200;100;50,2,6,1.5,2.5,100,-10,5,250,40,5,250,60,1,8,11,0,0.06,4,0.5,50,8,5
46,1,60,FrameTimeStutter,5.000,shockwave,practice,2026-09-08T15:22:26.1967969-04:00,0,103,1.71656,16.5072,2281.15,1349.89,-73.000,0.000,10.5908,9.0759,1.1089,Right,0,0,0,0,0.0000,450.000,0,0.000,0,127.500,71.914,4.500,0.0300,0.0000,0.00,shockwave,60,450;300;200;100;50,2,6,1.5,2.5,100,-10,5,250,40,5,250,60,1,8,11,0,0.06,4,0.5,50,8,5
46,1,60,FrameTimeStutter,5.000,shockwave,practice,2026-09-08T15:22:26.1967969-04:00,0,104,1.73293,16.3720,2117.15,1351.69,-91.000,1.000,8.9268,9.0942,1.1089,Right,0,0,0,0,0.0000,450.000,0,0.000,0,127.500,71.914,4.500,0.0300,0.0000,0.00,shockwave,60,450;300;200;100;50,2,6,1.5,2.5,100,-10,5,250,40,5,250,60,1,8,11,0,0.06,4,0.5,50,8,5
46,1,60,FrameTimeStutter,5.000,shockwave,practice,2026-09-08T15:22:26.1967969-04:00,0,105,1.75003,17.0951,1918.90,1355.29,-110.000,2.000,6.9155,9.1308,1.1089,Right,0,0,0,0,0.0000,450.000,0,0.000,0,127.500,71.914,4.500,0.0300,0.0000,0.00,shockwave,60,450;300;200;100;50,2,6,1.5,2.5,100,-10,5,250,40,5,250,60,1,8,11,0,0.06,4,0.5,50,8,5
46,1,60,FrameTimeStutter,5.000,shockwave,practice,2026-09-08T15:22:26.1967969-04:00,0,106,1.76703,17.0043,1708.04,1358.90,-117.000,2.000,4.7761,9.1673,1.1089,Right,0,0,0,0,0.0000,450.000,0,0.000,0,127.500,71.914,4.500,0.0300,0.0000,0.00,shockwave,60,450;300;200;100;50,2,6,1.5,2.5,100,-10,5,250,40,5,250,60,1,8,11,0,0.06,4,0.5,50,8,5
46,1,60,FrameTimeStutter,5.000,shockwave,practice,2026-09-08T15:22:26.1967969-04:00,0,107,1.78325,16.2148,1464.73,1362.50,-135.000,2.000,2.3076,9.2039,1.1089,Right,0,0,0,0,0.0000,450.000,0,0.000,0,127.500,71.914,4.500,0.0300,0.0000,0.00,shockwave,60,450;300;200;100;50,2,6,1.5,2.5,100,-10,5,250,40,5,250,60,1,8,11,0,0.06,4,0.5,50,8,5
46,1,60,FrameTimeStutter,5.000,shockwave,practice,2026-09-08T15:22:26.1967969-04:00,0,108,1.80032,17.0766,1199.80,1367.91,-147.000,3.000,-0.3803,9.2587,1.1089,Right,0,0,0,0,0.0000,450.000,0,0.000,0,127.500,71.914,4.500,0.0300,0.0000,0.00,shockwave,60,450;300;200;100;50,2,6,1.5,2.5,100,-10,5,250,40,5,250,60,1,8,11,0,0.06,4,0.5,50,8,5
46,1,60,FrameTimeStutter,5.000,shockwave,practice,2026-09-08T15:22:26.1967969-04:00,0,109,1.81734,17.0154,833.94,1373.32,-203.000,3.000,-4.0923,9.3136,1.1089,Left,0,0,0,0,0.0000,450.000,0,0.000,0,127.500,71.914,4.500,0.0300,0.0000,0.00,shockwave,60,450;300;200;100;50,2,6,1.5,2.5,100,-10,5,250,40,5,250,60,1,8,11,0,0.06,4,0.5,50,8,5
46,1,60,FrameTimeStutter,5.000,shockwave,practice,2026-09-08T15:22:26.1967969-04:00,0,110,1.83353,16.1939,617.67,1375.12,-120.000,1.000,-6.2865,9.3319,1.1089,Left,0,0,0,0,0.0000,450.000,0,0.000,0,127.500,71.914,4.500,0.0300,0.0000,0.00,shockwave,60,450;300;200;100;50,2,6,1.5,2.5,100,-10,5,250,40,5,250,60,1,8,11,0,0.06,4,0.5,50,8,5
46,1,60,FrameTimeStutter,5.000,shockwave,practice,2026-09-08T15:22:26.1967969-04:00,0,111,1.85023,16.6942,423.03,1376.92,-108.000,1.000,-8.2613,9.3502,1.1089,Left,0,0,0,0,0.0000,450.000,0,0.000,0,127.500,71.914,4.500,0.0300,0.0000,0.00,shockwave,60,450;300;200;100;50,2,6,1.5,2.5,100,-10,5,250,40,5,250,60,1,8,11,0,0.06,4,0.5,50,8,5
46,1,60,FrameTimeStutter,5.000,shockwave,practice,2026-09-08T15:22:26.1967969-04:00,0,112,1.86636,16.1380,257.22,1378.72,-92.000,1.000,-9.9435,9.3685,1.1089,Left,0,0,0,0,0.0000,450.000,0,0.000,0,127.500,71.914,4.500,0.0300,0.0000,0.00,shockwave,60,450;300;200;100;50,2,6,1.5,2.5,100,-10,5,250,40,5,250,60,1,8,11,0,0.06,4,0.5,50,8,5
46,1,60,FrameTimeStutter,5.000,shockwave,practice,2026-09-08T15:22:26.1967969-04:00,0,113,1.88296,16.5934,102.23,1376.92,-86.000,-1.000,-11.5161,9.3502,1.1089,Left,0,0,0,0,0.0000,450.000,0,0.000,0,127.500,71.914,4.500,0.0300,0.0000,0.00,shockwave,60,450;300;200;100;50,2,6,1.5,2.5,100,-10,5,250,40,5,250,60,1,8,11,0,0.06,4,0.5,50,8,5
46,1,60,FrameTimeStutter,5.000,shockwave,practice,2026-09-08T15:22:26.1967969-04:00,0,114,1.89983,16.8692,-0.50,1375.12,-81.000,-1.000,-12.9972,9.3319,1.1089,Left,0,0,0,0,0.0000,450.000,0,0.000,0,127.500,71.914,4.500,0.0300,0.0000,0.00,shockwave,60,450;300;200;100;50,2,6,1.5,2.5,100,-10,5,250,40,5,250,60,1,8,11,0,0.06,4,0.5,50,8,5
46,1,60,FrameTimeStutter,5.000,shockwave,practice,2026-09-08T15:22:26.1967969-04:00,0,115,1.91650,16.6771,-0.50,1376.92,-67.000,1.000,-14.2223,9.3502,1.1089,Left,0,0,0,0,0.0000,450.000,0,0.000,0,127.500,71.914,4.500,0.0300,0.0000,0.00,shockwave,60,450;300;200;100;50,2,6,1.5,2.5,100,-10,5,250,40,5,250,60,1,8,11,0,0.06,4,0.5,50,8,5
46,1,60,FrameTimeStutter,5.000,shockwave,practice,2026-09-08T15:22:26.1967969-04:00,0,116,1.93293,16.4247,-0.50,1378.72,-61.000,1.000,-15.3377,9.3685,1.1089,Left,0,0,0,0,0.0000,450.000,0,0.000,0,127.500,71.914,4.500,0.0300,0.0000,0.00,shockwave,60,450;300;200;100;50,2,6,1.5,2.5,100,-10,5,250,40,5,250,60,1,8,11,0,0.06,4,0.5,50,8,5
46,1,60,FrameTimeStutter,5.000,shockwave,practice,2026-09-08T15:22:26.1967969-04:00,0,117,1.95008,17.1521,-0.50,1380.53,-49.000,1.000,-16.2337,9.3867,1.1089,Left,0,0,0,0,0.0000,450.000,0,0.000,0,127.500,71.914,4.500,0.0300,0.0000,0.00,shockwave,60,450;300;200;100;50,2,6,1.5,2.5,100,-10,5,250,40,5,250,60,1,8,11,0,0.06,4,0.5,50,8,5
46,1,60,FrameTimeStutter,5.000,shockwave,practice,2026-09-08T15:22:26.1967969-04:00,0,118,1.96644,16.3652,-0.50,1385.93,-44.000,3.000,-17.0382,9.4416,1.1089,Left,0,0,0,0,0.0000,450.000,0,0.000,0,127.500,71.914,4.500,0.0300,0.0000,0.00,shockwave,60,450;300;200;100;50,2,6,1.5,2.5,100,-10,5,250,40,5,250,60,1,8,11,0,0.06,4,0.5,50,8,5
46,1,60,FrameTimeStutter,5.000,shockwave,practice,2026-09-08T15:22:26.1967969-04:00,0,119,1.98356,17.1173,-0.50,1391.34,-46.000,3.000,-17.8793,9.4964,1.1089,Left,0,0,0,0,0.0000,450.000,0,0.000,0,127.500,71.914,4.500,0.0300,0.0000,0.00,shockwave,60,450;300;200;100;50,2,6,1.5,2.5,100,-10,5,250,40,5,250,60,1,8,11,0,0.06,4,0.5,50,8,5
46,1,60,FrameTimeStutter,5.000,shockwave,practice,2026-09-08T15:22:26.1967969-04:00,0,120,1.99996,16.3925,-0.50,1394.94,-41.000,2.000,-18.6290,9.5330,1.1089,Left,0,0,0,0,0.0000,450.000,0,0.000,0,127.500,71.914,4.500,0.0300,0.0000,0.00,shockwave,60,450;300;200;100;50,2,6,1.5,2.5,100,-10,5,250,40,5,250,60,1,8,11,0,0.06,4,0.5,50,8,5
46,1,60,FrameTimeStutter,5.000,shockwave,practice,2026-09-08T15:22:26.1967969-04:00,0,121,2.01715,17.1980,-0.50,1402.15,-48.000,4.000,-19.5067,9.6061,1.1089,Left,0,0,0,0,0.0000,450.000,0,0.000,0,127.500,71.914,4.500,0.0300,0.0000,0.00,shockwave,60,450;300;200;100;50,2,6,1.5,2.5,100,-10,5,250,40,5,250,60,1,8,11,0,0.06,4,0.5,50,8,5
46,1,60,FrameTimeStutter,5.000,shockwave,practice,2026-09-08T15:22:26.1967969-04:00,0,122,2.03328,16.1287,-0.50,1405.76,-12.000,2.000,-19.7262,9.6427,1.1089,Left,0,0,0,0,0.0000,450.000,0,0.000,0,127.500,71.914,4.500,0.0300,0.0000,0.00,shockwave,60,450;300;200;100;50,2,6,1.5,2.5,100,-10,5,250,40,5,250,60,1,8,11,0,0.06,4,0.5,50,8,5
46,1,60,FrameTimeStutter,5.000,shockwave,practice,2026-09-08T15:22:26.1967969-04:00,0,123,2.04981,16.5317,-0.50,1407.56,0.000,1.000,-19.7262,9.6610,1.1089,Left,0,0,0,0,0.0000,450.000,0,0.000,0,127.500,71.914,4.500,0.0300,0.0000,0.00,shockwave,60,450;300;200;100;50,2,6,1.5,2.5,100,-10,5,250,40,5,250,60,1,8,11,0,0.06,4,0.5,50,8,5
46,1,60,FrameTimeStutter,5.000,shockwave,practice,2026-09-08T15:22:26.1967969-04:00,0,124,2.06712,17.3095,1.30,1407.56,1.000,0.000,-19.7079,9.6610,1.1089,Left,0,0,0,0,0.0000,450.000,0,0.000,0,127.500,71.914,4.500,0.0300,0.0000,0.00,shockwave,60,450;300;200;100;50,2,6,1.5,2.5,100,-10,5,250,40,5,250,60,1,8,11,0,0.06,4,0.5,50,8,5
46,1,60,FrameTimeStutter,5.000,shockwave,practice,2026-09-08T15:22:26.1967969-04:00,0,125,2.08311,15.9860,12.12,1407.56,6.000,0.000,-19.5982,9.6610,1.1089,Left,0,0,0,0,0.0000,450.000,0,0.000,0,127.500,71.914,4.500,0.0300,0.0000,0.00,shockwave,60,450;300;200;100;50,2,6,1.5,2.5,100,-10,5,250,40,5,250,60,1,8,11,0,0.06,4,0.5,50,8,5
46,1,60,FrameTimeStutter,5.000,shockwave,practice,2026-09-08T15:22:26.1967969-04:00,0,126,2.09942,16.3080,55.37,1407.56,24.000,0.000,-19.1593,9.6610,1.1089,Left,0,0,0,0,0.0000,450.000,0,0.000,0,127.500,71.914,4.500,0.0300,0.0000,0.00,shockwave,60,450;300;200;100;50,2,6,1.5,2.5,100,-10,5,250,40,5,250,60,1,8,11,0,0.06,4,0.5,50,8,5
46,1,60,FrameTimeStutter,5.000,shockwave,practice,2026-09-08T15:22:26.1967969-04:00,0,127,2.11685,17.4360,138.27,1403.96,46.000,-2.000,-18.3182,9.6244,1.1089,Left,0,0,0,0,0.0000,450.000,0,0.000,0,127.500,71.914,4.500,0.0300,0.0000,0.00,shockwave,60,450;300;200;100;50,2,6,1.5,2.5,100,-10,5,250,40,5,250,60,1,8,11,0,0.06,4,0.5,50,8,5
46,1,60,FrameTimeStutter,5.000,shockwave,practice,2026-09-08T15:22:26.1967969-04:00,0,128,2.13350,16.6520,266.23,1396.75,71.000,-4.000,-17.0199,9.5513,1.1089,Left,0,0,0,0,0.0000,450.000,0,0.000,0,127.500,71.914,4.500,0.0300,0.0000,0.00,shockwave,60,450;300;200;100;50,2,6,1.5,2.5,100,-10,5,250,40,5,250,60,1,8,11,0,0.06,4,0.5,50,8,5
46,1,60,FrameTimeStutter,5.000,shockwave,practice,2026-09-08T15:22:26.1967969-04:00,0,129,2.15089,17.3812,441.05,1387.74,97.000,-5.000,-15.2463,9.4598,1.1089,Left,0,0,0,0,0.0000,450.000,0,0.000,0,127.500,71.914,4.500,0.0300,0.0000,0.00,shockwave,60,450;300;200;100;50,2,6,1.5,2.5,100,-10,5,250,40,5,250,60,1,8,11,0,0.06,4,0.5,50,8,5
46,1,60,FrameTimeStutter,5.000,shockwave,practice,2026-09-08T15:22:26.1967969-04:00,0,130,2.16626,15.3698,650.11,1376.92,116.000,-6.000,-13.1252,9.3501,1.1089,Left,0,0,0,0,0.0000,450.000,0,0.000,0,127.500,71.914,4.500,0.0300,0.0000,0.00,shockwave,60,450;300;200;100;50,2,6,1.5,2.5,100,-10,5,250,40,5,250,60,1,8,11,0,0.06,4,0.5,50,8,5
46,1,60,FrameTimeStutter,5.000,shockwave,practice,2026-09-08T15:22:26.1967969-04:00,0,131,2.18320,16.9463,897.02,1360.70,137.000,-9.000,-10.6201,9.1856,1.1089,Left,0,0,0,0,0.0000,450.000,0,0.000,0,127.500,71.914,4.500,0.0300,0.0000,0.00,shockwave,60,450;300;200;100;50,2,6,1.5,2.5,100,-10,5,250,40,5,250,60,1,8,11,0,0.06,4,0.5,50,8,5
46,1,60,FrameTimeStutter,5.000,shockwave,practice,2026-09-08T15:22:26.1967969-04:00,0,132,2.20011,16.9111,1149.34,1340.88,140.000,-11.000,-8.0602,8.9844,1.1089,Left,0,0,0,0,0.0000,450.000,0,0.000,0,127.500,71.914,4.500,0.0300,0.0000,0.00,shockwave,60,450;300;200;100;50,2,6,1.5,2.5,100,-10,5,250,40,5,250,60,1,8,11,0,0.06,4,0.5,50,8,5
46,1,60,FrameTimeStutter,5.000,shockwave,practice,2026-09-08T15:22:26.1967969-04:00,0,133,2.21652,16.4104,1416.07,1319.25,148.000,-12.000,-5.3539,8.7650,1.1089,Left,0,0,0,0,0.0000,450.000,0,0.000,0,127.500,71.914,4.500,0.0300,0.0000,0.00,shockwave,60,450;300;200;100;50,2,6,1.5,2.5,100,-10,5,250,40,5,250,60,1,8,11,0,0.06,4,0.5,50,8,5
46,1,60,FrameTimeStutter,5.000,shockwave,practice,2026-09-08T15:22:26.1967969-04:00,0,134,2.23350,16.9779,1796.35,1281.40,211.000,-21.000,-1.4958,8.3810,1.1089,Left,0,0,0,0,0.0000,450.000,0,0.000,0,127.500,71.914,4.500,0.0300,0.0000,0.00,shockwave,60,450;300;200;100;50,2,6,1.5,2.5,100,-10,5,250,40,5,250,60,1,8,11,0,0.06,4,0.5,50,8,5
46,1,60,FrameTimeStutter,5.000,shockwave,practice,2026-09-08T15:22:26.1967969-04:00,0,135,2.25043,16.9292,2027.03,1256.17,128.000,-14.000,0.8448,8.1250,1.1089,Left,0,0,0,0,0.0000,450.000,0,0.000,0,127.500,71.914,4.500,0.0300,0.0000,0.00,shockwave,60,450;300;200;100;50,2,6,1.5,2.5,100,-10,5,250,40,5,250,60,1,8,11,0,0.06,4,0.5,50,8,5
46,1,60,FrameTimeStutter,5.000,shockwave,practice,2026-09-08T15:22:26.1967969-04:00,0,136,2.26670,16.2675,2255.92,1236.35,127.000,-11.000,3.1670,7.9239,1.1089,Left,0,0,0,0,0.0000,450.000,0,0.000,0,127.500,71.914,4.500,0.0300,0.0000,0.00,shockwave,60,450;300;200;100;50,2,6,1.5,2.5,100,-10,5,250,40,5,250,60,1,8,11,0,0.06,4,0.5,50,8,5
46,1,60,FrameTimeStutter,5.000,shockwave,practice,2026-09-08T15:22:26.1967969-04:00,0,137,2.28305,16.3485,2450.56,1223.73,108.000,-7.000,5.1418,7.7959,1.1089,Right,0,0,0,0,0.0000,450.000,0,0.000,0,127.500,71.914,4.500,0.0300,0.0000,0.00,shockwave,60,450;300;200;100;50,2,6,1.5,2.5,100,-10,5,250,40,5,250,60,1,8,11,0,0.06,4,0.5,50,8,5
46,1,60,FrameTimeStutter,5.000,shockwave,practice,2026-09-08T15:22:26.1967969-04:00,0,138,2.30017,17.1238,2558.70,1216.52,91.000,-4.000,6.8057,7.7227,1.1089,Right,0,0,0,0,0.0000,450.000,0,0.000,0,127.500,71.914,4.500,0.0300,0.0000,0.00,shockwave,60,450;300;200;100;50,2,6,1.5,2.5,100,-10,5,250,40,5,250,60,1,8,11,0,0.06,4,0.5,50,8,5
46,1,60,FrameTimeStutter,5.000,shockwave,practice,2026-09-08T15:22:26.1967969-04:00,0,139,2.31679,16.6161,2558.70,1212.92,68.000,-2.000,8.0491,7.6861,1.1089,Right,0,0,0,0,0.0000,450.000,0,0.000,0,127.500,71.914,4.500,0.0300,0.0000,0.00,shockwave,60,450;300;200;100;50,2,6,1.5,2.5,100,-10,5,250,40,5,250,60,1,8,11,0,0.06,4,0.5,50,8,5
46,1,60,FrameTimeStutter,5.000,shockwave,practice,2026-09-08T15:22:26.1967969-04:00,0,140,2.33279,16.0062,2558.70,1212.92,57.000,0.000,9.0914,7.6861,1.1089,Right,0,0,0,0,0.0000,450.000,0,0.000,0,127.500,71.914,4.500,0.0300,0.0000,0.00,shockwave,60,450;300;200;100;50,2,6,1.5,2.5,100,-10,5,250,40,5,250,60,1,8,11,0,0.06,4,0.5,50,8,5
46,1,60,FrameTimeStutter,5.000,shockwave,practice,2026-09-08T15:22:26.1967969-04:00,0,141,2.34962,16.8256,2558.70,1216.52,43.000,2.000,9.8777,7.7227,1.1089,Right,0,0,0,0,0.0000,450.000,0,0.000,0,127.500,71.914,4.500,0.0300,0.0000,0.00,shockwave,60,450;300;200;100;50,2,6,1.5,2.5,100,-10,5,250,40,5,250,60,1,8,11,0,0.06,4,0.5,50,8,5
46,1,60,FrameTimeStutter,5.000,shockwave,practice,2026-09-08T15:22:26.1967969-04:00,0,142,2.36701,17.3868,2558.70,1218.32,27.000,1.000,10.3714,7.7410,1.1089,Right,0,0,0,0,0.0000,450.000,0,0.000,0,127.500,71.914,4.500,0.0300,0.0000,0.00,shockwave,60,450;300;200;100;50,2,6,1.5,2.5,100,-10,5,250,40,5,250,60,1,8,11,0,0.06,4,0.5,50,8,5
46,1,60,FrameTimeStutter,5.000,shockwave,practice,2026-09-08T15:22:26.1967969-04:00,0,143,2.38333,16.3283,2558.70,1218.32,19.000,0.000,10.7188,7.7410,1.1089,Right,0,0,0,0,0.0000,450.000,0,0.000,0,127.500,71.914,4.500,0.0300,0.0000,0.00,shockwave,60,450;300;200;100;50,2,6,1.5,2.5,100,-10,5,250,40,5,250,60,1,8,11,0,0.06,4,0.5,50,8,5
46,1,60,FrameTimeStutter,5.000,shockwave,practice,2026-09-08T15:22:26.1967969-04:00,0,144,2.39973,16.4011,2558.70,1218.32,8.000,0.000,10.8651,7.7410,1.1089,Right,0,0,0,0,0.0000,450.000,0,0.000,0,127.500,71.914,4.500,0.0300,0.0000,0.00,shockwave,60,450;300;200;100;50,2,6,1.5,2.5,100,-10,5,250,40,5,250,60,1,8,11,0,0.06,4,0.5,50,8,5
46,1,60,FrameTimeStutter,5.000,shockwave,practice,2026-09-08T15:22:26.1967969-04:00,0,145,2.41642,16.6886,2558.70,1218.32,1.000,0.000,10.8834,7.7410,1.1089,Right,0,0,0,0,0.0000,450.000,0,0.000,0,127.500,71.914,4.500,0.0300,0.0000,0.00,shockwave,60,450;300;200;100;50,2,6,1.5,2.5,100,-10,5,250,40,5,250,60,1,8,11,0,0.06,4,0.5,50,8,5
46,1,60,FrameTimeStutter,5.000,shockwave,practice,2026-09-08T15:22:26.1967969-04:00,0,146,2.43346,17.0324,2558.70,1218.32,0.000,0.000,10.8834,7.7410,1.1089,Right,0,0,0,0,0.0000,450.000,0,0.000,0,127.500,71.914,4.500,0.0300,0.0000,0.00,shockwave,60,450;300;200;100;50,2,6,1.5,2.5,100,-10,5,250,40,5,250,60,1,8,11,0,0.06,4,0.5,50,8,5
46,1,60,FrameTimeStutter,5.000,shockwave,practice,2026-09-08T15:22:26.1967969-04:00,0,147,2.44946,16.0013,2558.70,1218.32,0.000,0.000,10.8834,7.7410,1.1089,Right,0,0,0,0,0.0000,450.000,0,0.000,0,127.500,71.914,4.500,0.0300,0.0000,0.00,shockwave,60,450;300;200;100;50,2,6,1.5,2.5,100,-10,5,250,40,5,250,60,1,8,11,0,0.06,4,0.5,50,8,5
46,1,60,FrameTimeStutter,5.000,shockwave,practice,2026-09-08T15:22:26.1967969-04:00,0,148,2.46651,17.0566,2556.90,1218.32,-1.000,0.000,10.8651,7.7410,1.1089,Right,0,0,0,0,0.0000,450.000,0,0.000,0,127.500,71.914,4.500,0.0300,0.0000,0.00,shockwave,60,450;300;200;100;50,2,6,1.5,2.5,100,-10,5,250,40,5,250,60,1,8,11,0,0.06,4,0.5,50,8,5
46,1,60,FrameTimeStutter,5.000,shockwave,practice,2026-09-08T15:22:26.1967969-04:00,0,149,2.48296,16.4470,2537.07,1218.32,-11.000,0.000,10.6639,7.7410,1.1089,Right,0,0,0,0,0.0000,450.000,0,0.000,0,127.500,71.914,4.500,0.0300,0.0000,0.00,shockwave,60,450;300;200;100;50,2,6,1.5,2.5,100,-10,5,250,40,5,250,60,1,8,11,0,0.06,4,0.5,50,8,5
46,1,60,FrameTimeStutter,5.000,shockwave,practice,2026-09-08T15:22:26.1967969-04:00,0,150,2.49962,16.6564,2461.38,1214.72,-42.000,-2.000,9.8959,7.7044,1.1089,Right,0,0,0,0,0.0000,450.000,0,0.000,0,127.500,71.914,4.500,0.0300,0.0000,0.00,shockwave,60,450;300;200;100;50,2,6,1.5,2.5,100,-10,5,250,40,5,250,60,1,8,11,0,0.06,4,0.5,50,8,5
46,1,60,FrameTimeStutter,5.000,shockwave,practice,2026-09-08T15:22:26.1967969-04:00,0,151,2.51702,17.4050,2328.01,1212.92,-74.000,-1.000,8.5428,7.6861,1.1089,Right,0,0,0,0,0.0000,450.000,0,0.000,0,127.500,71.914,4.500,0.0300,0.0000,0.00,shockwave,60,450;300;200;100;50,2,6,1.5,2.5,100,-10,5,250,40,5,250,60,1,8,11,0,0.06,4,0.5,50,8,5
46,1,60,FrameTimeStutter,5.000,shockwave,practice,2026-09-08T15:22:26.1967969-04:00,0,152,2.53298,15.9601,2140.58,1211.11,-104.000,-1.000,6.6412,7.6678,1.1089,Right,0,0,0,0,0.0000,450.000,0,0.000,0,127.500,71.914,4.500,0.0300,0.0000,0.00,shockwave,60,450;300;200;100;50,2,6,1.5,2.5,100,-10,5,250,40,5,250,60,1,8,11,0,0.06,4,0.5,50,8,5
46,1,60,FrameTimeStutter,5.000,shockwave,practice,2026-09-08T15:22:26.1967969-04:00,0,153,2.55034,17.3542,1926.11,1216.52,-119.000,3.000,4.4652,7.7227,1.1089,Right,0,0,0,0,0.0000,450.000,0,0.000,0,127.500,71.914,4.500,0.0300,0.0000,0.00,shockwave,60,450;300;200;100;50,2,6,1.5,2.5,100,-10,5,250,40,5,250,60,1,8,11,0,0.06,4,0.5,50,8,5
46,1,60,FrameTimeStutter,5.000,shockwave,practice,2026-09-08T15:22:26.1967969-04:00,0,154,2.56677,16.4323,1686.41,1227.33,-133.000,6.000,2.0333,7.8324,1.1089,Right,0,0,0,0,0.0000,450.000,0,0.000,0,127.500,71.914,4.500,0.0300,0.0000,0.00,shockwave,60,450;300;200;100;50,2,6,1.5,2.5,100,-10,5,250,40,5,250,60,1,8,11,0,0.06,4,0.5,50,8,5
46,1,60,FrameTimeStutter,5.000,shockwave,practice,2026-09-08T15:22:26.1967969-04:00,0,155,2.58353,16.7565,1432.29,1245.36,-141.000,10.000,-0.5449,8.0152,1.1089,Right,0,0,0,0,0.0000,450.000,0,0.000,0,127.500,71.914,4.500,0.0300,0.0000,0.00,shockwave,60,450;300;200;100;50,2,6,1.5,2.5,100,-10,5,250,40,5,250,60,1,8,11,0,0.06,4,0.5,50,8,5
46,1,60,FrameTimeStutter,5.000,shockwave,practice,2026-09-08T15:22:26.1967969-04:00,0,156,2.59960,16.0765,1154.74,1266.98,-154.000,12.000,-3.3609,8.2347,1.1089,Left,0,0,0,0,0.0000,450.000,0,0.000,0,127.500,71.914,4.500,0.0300,0.0000,0.00,shockwave,60,450;300;200;100;50,2,6,1.5,2.5,100,-10,5,250,40,5,250,60,1,8,11,0,0.06,4,0.5,50,8,5
46,1,60,FrameTimeStutter,5.000,shockwave,practice,2026-09-08T15:22:26.1967969-04:00,0,157,2.61746,17.8609,738.42,1292.22,-231.000,14.000,-7.5848,8.4906,1.1089,Left,0,0,0,0,0.0000,450.000,0,0.000,0,127.500,71.914,4.500,0.0300,0.0000,0.00,shockwave,60,450;300;200;100;50,2,6,1.5,2.5,100,-10,5,250,40,5,250,60,1,8,11,0,0.06,4,0.5,50,8,5
46,1,60,FrameTimeStutter,5.000,shockwave,practice,2026-09-08T15:22:26.1967969-04:00,0,158,2.63330,15.8413,514.94,1295.82,-124.000,2.000,-9.8521,8.5272,1.1089,Left,0,0,0,0,0.0000,450.000,0,0.000,0,127.500,71.914,4.500,0.0300,0.0000,0.00,shockwave,60,450;300;200;100;50,2,6,1.5,2.5,100,-10,5,250,40,5,250,60,1,8,11,0,0.06,4,0.5,50,8,5
46,1,60,FrameTimeStutter,5.000,shockwave,practice,2026-09-08T15:22:26.1967969-04:00,0,159,2.65106,17.7544,341.93,1294.02,-96.000,-1.000,-11.6075,8.5089,1.1089,Left,0,0,0,0,0.0000,450.000,0,0.000,0,127.500,71.914,4.500,0.0300,0.0000,0.00,shockwave,60,450;300;200;100;50,2,6,1.5,2.5,100,-10,5,250,40,5,250,60,1,8,11,0,0.06,4,0.5,50,8,5
46,1,60,FrameTimeStutter,5.000,shockwave,practice,2026-09-08T15:22:26.1967969-04:00,0,160,2.66630,15.2467,197.75,1285.01,-80.000,-5.000,-13.0703,8.4175,1.1089,Left,0,0,0,0,0.0000,450.000,0,0.000,0,127.500,71.914,4.500,0.0300,0.0000,0.00,shockwave,60,450;300;200;100;50,2,6,1.5,2.5,100,-10,5,250,40,5,250,60,1,8,11,0,0.06,4,0.5,50,8,5
46,1,60,FrameTimeStutter,5.000,shockwave,practice,2026-09-08T15:22:26.1967969-04:00,0,161,2.68269,16.3872,73.39,1283.20,-69.000,-1.000,-14.3320,8.3992,1.1089,Left,0,0,0,0,0.0000,450.000,0,0.000,0,127.500,71.914,4.500,0.0300,0.0000,0.00,shockwave,60,450;300;200;100;50,2,6,1.5,2.5,100,-10,5,250,40,5,250,60,1,8,11,0,0.06,4,0.5,50,8,5
46,1,60,FrameTimeStutter,5.000,shockwave,practice,2026-09-08T15:22:26.1967969-04:00,0,162,2.69986,17.1654,-0.50,1283.20,-50.000,0.000,-15.2463,8.3992,1.1089,Left,0,0,0,0,0.0000,450.000,0,0.000,0,127.500,71.914,4.500,0.0300,0.0000,0.00,shockwave,60,450;300;200;100;50,2,6,1.5,2.5,100,-10,5,250,40,5,250,60,1,8,11,0,0.06,4,0.5,50,8,5
46,1,60,FrameTimeStutter,5.000,shockwave,practice,2026-09-08T15:22:26.1967969-04:00,0,163,2.71674,16.8839,-0.50,1285.01,-31.000,1.000,-15.8131,8.4175,1.1089,Left,0,0,0,0,0.0000,450.000,0,0.000,0,127.500,71.914,4.500,0.0300,0.0000,0.00,shockwave,60,450;300;200;100;50,2,6,1.5,2.5,100,-10,5,250,40,5,250,60,1,8,11,0,0.06,4,0.5,50,8,5
46,1,60,FrameTimeStutter,5.000,shockwave,practice,2026-09-08T15:22:26.1967969-04:00,0,164,2.73312,16.3807,-0.50,1288.61,-8.000,2.000,-15.9594,8.4541,1.1089,Left,0,0,0,0,0.0000,450.000,0,0.000,0,127.500,71.914,4.500,0.0300,0.0000,0.00,shockwave,60,450;300;200;100;50,2,6,1.5,2.5,100,-10,5,250,40,5,250,60,1,8,11,0,0.06,4,0.5,50,8,5
46,1,60,FrameTimeStutter,5.000,shockwave,practice,2026-09-08T15:22:26.1967969-04:00,0,165,2.74990,16.7774,-0.50,1288.61,0.000,0.000,-15.9594,8.4541,1.1089,Left,0,0,0,0,0.0000,450.000,0,0.000,0,127.500,71.914,4.500,0.0300,0.0000,0.00,shockwave,60,450;300;200;100;50,2,6,1.5,2.5,100,-10,5,250,40,5,250,60,1,8,11,0,0.06,4,0.5,50,8,5
46,1,60,FrameTimeStutter,5.000,shockwave,practice,2026-09-08T15:22:26.1967969-04:00,0,166,2.76645,16.5539,-0.50,1288.61,0.000,0.000,-15.9594,8.4541,1.1089,Left,0,0,0,0,0.0000,450.000,0,0.000,0,127.500,71.914,4.500,0.0300,0.0000,0.00,shockwave,60,450;300;200;100;50,2,6,1.5,2.5,100,-10,5,250,40,5,250,60,1,8,11,0,0.06,4,0.5,50,8,5
46,1,60,FrameTimeStutter,5.000,shockwave,practice,2026-09-08T15:22:26.1967969-04:00,0,167,2.78357,17.1149,3.10,1288.61,2.000,0.000,-15.9228,8.4541,1.1089,Left,0,0,0,0,0.0000,450.000,0,0.000,0,127.500,71.914,4.500,0.0300,0.0000,0.00,shockwave,60,450;300;200;100;50,2,6,1.5,2.5,100,-10,5,250,40,5,250,60,1,8,11,0,0.06,4,0.5,50,8,5
46,1,60,FrameTimeStutter,5.000,shockwave,practice,2026-09-08T15:22:26.1967969-04:00,0,168,2.80036,16.7884,30.14,1288.61,15.000,0.000,-15.6486,8.4541,1.1089,Left,0,0,0,0,0.0000,450.000,0,0.000,0,127.500,71.914,4.500,0.0300,0.0000,0.00,shockwave,60,450;300;200;100;50,2,6,1.5,2.5,100,-10,5,250,40,5,250,60,1,8,11,0,0.06,4,0.5,50,8,5
46,1,60,FrameTimeStutter,5.000,shockwave,practice,2026-09-08T15:22:26.1967969-04:00,0,169,2.81717,16.8093,167.11,1286.81,76.000,-1.000,-14.2589,8.4358,1.1089,Left,0,0,0,0,0.0000,450.000,0,0.000,0,127.500,71.914,4.500,0.0300,0.0000,0.00,shockwave,60,450;300;200;100;50,2,6,1.5,2.5,100,-10,5,250,40,5,250,60,1,8,11,0,0.06,4,0.5,50,8,5
46,1,60,FrameTimeStutter,5.000,shockwave,practice,2026-09-08T15:22:26.1967969-04:00,0,170,2.83376,16.5897,334.72,1286.81,93.000,0.000,-12.5584,8.4358,1.1089,Left,0,0,0,0,0.0000,450.000,0,0.000,0,127.500,71.914,4.500,0.0300,0.0000,0.00,shockwave,60,450;300;200;100;50,2,6,1.5,2.5,100,-10,5,250,40,5,250,60,1,8,11,0,0.06,4,0.5,50,8,5
46,1,60,FrameTimeStutter,5.000,shockwave,practice,2026-09-08T15:22:26.1967969-04:00,0,171,2.85053,16.7741,561.80,1286.81,126.000,0.000,-10.2544,8.4358,1.1089,Left,0,0,0,0,0.0000,450.000,0,0.000,0,127.500,71.914,4.500,0.0300,0.0000,0.00,shockwave,60,450;300;200;100;50,2,6,1.5,2.5,100,-10,5,250,40,5,250,60,1,8,11,0,0.06,4,0.5,50,8,5
46,1,60,FrameTimeStutter,5.000,shockwave,practice,2026-09-08T15:22:26.1967969-04:00,0,172,2.86666,16.1296,828.54,1285.01,148.000,-1.000,-7.5482,8.4175,1.1089,Left,0,0,0,0,0.0000,450.000,0,0.000,0,127.500,71.914,4.500,0.0300,0.0000,0.00,shockwave,60,450;300;200;100;50,2,6,1.5,2.5,100,-10,5,250,40,5,250,60,1,8,11,0,0.06,4,0.5,50,8,5
46,1,60,FrameTimeStutter,5.000,shockwave,practice,2026-09-08T15:22:26.1967969-04:00,0,173,2.88330,16.6412,1149.34,1276.00,178.000,-5.000,-4.2934,8.3261,1.1089,Left,0,0,0,0,0.0000,450.000,0,0.000,0,127.500,71.914,4.500,0.0300,0.0000,0.00,shockwave,60,450;300;200;100;50,2,6,1.5,2.5,100,-10,5,250,40,5,250,60,1,8,11,0,0.06,4,0.5,50,8,5
46,1,60,FrameTimeStutter,5.000,shockwave,practice,2026-09-08T15:22:26.1967969-04:00,0,174,2.89988,16.5819,1486.36,1263.38,187.000,-7.000,-0.8741,8.1981,1.1089,Left,0,0,0,0,0.0000,450.000,0,0.000,0,127.500,71.914,4.500,0.0300,0.0000,0.00,shockwave,60,450;300;200;100;50,2,6,1.5,2.5,100,-10,5,250,40,5,250,60,1,8,11,0,0.06,4,0.5,50,8,5
46,1,60,FrameTimeStutter,5.000,shockwave,practice,2026-09-08T15:22:26.1967969-04:00,0,175,2.91707,17.1875,1839.60,1247.16,196.000,-9.000,2.7098,8.0335,1.1089,Left,0,0,0,0,0.0000,450.000,0,0.000,0,127.500,71.914,4.500,0.0300,0.0000,0.00,shockwave,60,450;300;200;100;50,2,6,1.5,2.5,100,-10,5,250,40,5,250,60,1,8,11,0,0.06,4,0.5,50,8,5
46,1,60,FrameTimeStutter,5.000,shockwave,practice,2026-09-08T15:22:26.1967969-04:00,0,176,2.93352,16.4482,2165.81,1236.35,181.000,-6.000,6.0195,7.9238,1.1089,Right,0,0,0,0,0.0000,450.000,0,0.000,0,127.500,71.914,4.500,0.0300,0.0000,0.00,shockwave,60,450;300;200;100;50,2,6,1.5,2.5,100,-10,5,250,40,5,250,60,1,8,11,0,0.06,4,0.5,50,8,5
46,1,60,FrameTimeStutter,5.000,shockwave,practice,2026-09-08T15:22:26.1967969-04:00,0,177,2.94966,16.1391,2466.78,1229.14,167.000,-4.000,9.0731,7.8506,1.1089,Right,0,0,0,0,0.0000,450.000,0,0.000,0,127.500,71.914,4.500,0.0300,0.0000,0.00,shockwave,60,450;300;200;100;50,2,6,1.5,2.5,100,-10,5,250,40,5,250,60,1,8,11,0,0.06,4,0.5,50,8,5
46,1,60,FrameTimeStutter,5.000,shockwave,practice,2026-09-08T15:22:26.1967969-04:00,0,178,2.96699,17.3278,2558.70,1225.53,139.000,-2.000,11.6148,7.8141,1.1089,Right,0,0,0,0,0.0000,450.000,0,0.000,0,127.500,71.914,4.500,0.0300,0.0000,0.00,shockwave,60,450;300;200;100;50,2,6,1.5,2.5,100,-10,5,250,40,5,250,60,1,8,11,0,0.06,4,0.5,50,8,5
46,1,60,FrameTimeStutter,5.000,shockwave,practice,2026-09-08T15:22:26.1967969-04:00,0,179,2.98290,15.9137,2558.70,1221.93,108.000,-2.000,13.5896,7.7775,1.1089,Right,0,0,0,0,0.0000,450.000,0,0.000,0,127.500,71.914,4.500,0.0300,0.0000,0.00,shockwave,60,450;300;200;100;50,2,6,1.5,2.5,100,-10,5,250,40,5,250,60,1,8,11,0,0.06,4,0.5,50,8,5
46,1,60,FrameTimeStutter,5.000,shockwave,practice,2026-09-08T15:22:26.1967969-04:00,0,180,3.00037,17.4724,2558.70,1221.93,85.000,0.000,15.1438,7.7775,1.1089,Right,0,0,0,0,0.0000,450.000,0,0.000,0,127.500,71.914,4.500,0.0300,0.0000,0.00,shockwave,60,450;300;200;100;50,2,6,1.5,2.5,100,-10,5,250,40,5,250,60,1,8,11,0,0.06,4,0.5,50,8,5
46,1,60,FrameTimeStutter,5.000,shockwave,practice,2026-09-08T15:22:26.1967969-04:00,0,181,3.01727,16.9021,2558.70,1227.33,80.000,3.000,16.6066,7.8323,1.1089,Right,0,0,0,0,0.0000,450.000,0,0.000,0,127.500,71.914,4.500,0.0300,0.0000,0.00,shockwave,60,450;300;200;100;50,2,6,1.5,2.5,100,-10,5,250,40,5,250,60,1,8,11,0,0.06,4,0.5,50,8,5
46,1,60,FrameTimeStutter,5.000,shockwave,practice,2026-09-08T15:22:26.1967969-04:00,0,182,3.03352,16.2427,2558.70,1229.14,17.000,1.000,16.9175,7.8506,1.1089,Right,0,0,0,0,0.0000,450.000,0,0.000,0,127.500,71.914,4.500,0.0300,0.0000,0.00,shockwave,60,450;300;200;100;50,2,6,1.5,2.5,100,-10,5,250,40,5,250,60,1,8,11,0,0.06,4,0.5,50,8,5
46,1,60,FrameTimeStutter,5.000,shockwave,practice,2026-09-08T15:22:26.1967969-04:00,0,183,3.04955,16.0358,2558.70,1229.14,1.000,0.000,16.9358,7.8506,1.1089,Right,0,0,0,0,0.0000,450.000,0,0.000,0,127.500,71.914,4.500,0.0300,0.0000,0.00,shockwave,60,450;300;200;100;50,2,6,1.5,2.5,100,-10,5,250,40,5,250,60,1,8,11,0,0.06,4,0.5,50,8,5
46,1,60,FrameTimeStutter,5.000,shockwave,practice,2026-09-08T15:22:26.1967969-04:00,0,184,3.06660,17.0489,2556.90,1229.14,-1.000,0.000,16.9175,7.8506,1.1089,Right,0,0,0,0,0.0000,450.000,0,0.000,0,127.500,71.914,4.500,0.0300,0.0000,0.00,shockwave,60,450;300;200;100;50,2,6,1.5,2.5,100,-10,5,250,40,5,250,60,1,8,11,0,0.06,4,0.5,50,8,5
46,1,60,FrameTimeStutter,5.000,shockwave,practice,2026-09-08T15:22:26.1967969-04:00,0,185,3.08322,16.6199,2531.66,1229.14,-14.000,0.000,16.6615,7.8506,1.1089,Right,0,0,0,0,0.0000,450.000,0,0.000,0,127.500,71.914,4.500,0.0300,0.0000,0.00,shockwave,60,450;300;200;100;50,2,6,1.5,2.5,100,-10,5,250,40,5,250,60,1,8,11,0,0.06,4,0.5,50,8,5
46,1,60,FrameTimeStutter,5.000,shockwave,practice,2026-09-08T15:22:26.1967969-04:00,0,186,3.10016,16.9413,2439.75,1223.73,-51.000,-3.000,15.7289,7.7958,1.1089,Right,0,0,0,0,0.0000,450.000,0,0.000,0,127.500,71.914,4.500,0.0300,0.0000,0.00,shockwave,60,450;300;200;100;50,2,6,1.5,2.5,100,-10,5,250,40,5,250,60,1,8,11,0,0.06,4,0.5,50,8,5
46,1,60,FrameTimeStutter,5.000,shockwave,practice,2026-09-08T15:22:26.1967969-04:00,0,187,3.11683,16.6671,2270.34,1220.13,-94.000,-2.000,14.0101,7.7592,1.1089,Right,0,0,0,0,0.0000,450.000,0,0.000,0,127.500,71.914,4.500,0.0300,0.0000,0.00,shockwave,60,450;300;200;100;50,2,6,1.5,2.5,100,-10,5,250,40,5,250,60,1,8,11,0,0.06,4,0.5,50,8,5
46,1,60,FrameTimeStutter,5.000,shockwave,practice,2026-09-08T15:22:26.1967969-04:00,0,188,3.13321,16.3808,1994.59,1221.93,-153.000,1.000,11.2125,7.7775,1.1089,Right,0,0,0,0,0.0000,450.000,0,0.000,0,127.500,71.914,4.500,0.0300,0.0000,0.00,shockwave,60,450;300;200;100;50,2,6,1.5,2.5,100,-10,5,250,40,5,250,60,1,8,11,0,0.06,4,0.5,50,8,5
46,1,60,FrameTimeStutter,5.000,shockwave,practice,2026-09-08T15:22:26.1967969-04:00,0,189,3.15029,17.0755,1688.21,1234.54,-170.000,7.000,8.1040,7.9055,1.1089,Right,0,0,0,0,0.0000,450.000,0,0.000,0,127.500,71.914,4.500,0.0300,0.0000,0.00,shockwave,60,450;300;200;100;50,2,6,1.5,2.5,100,-10,5,250,40,5,250,60,1,8,11,0,0.06,4,0.5,50,8,5
46,1,60,FrameTimeStutter,5.000,shockwave,practice,2026-09-08T15:22:26.1967969-04:00,0,190,3.16636,16.0732,1345.78,1252.57,-190.000,10.000,4.6298,8.0883,1.1089,Right,0,0,0,0,0.0000,450.000,0,0.000,0,127.500,71.914,4.500,0.0300,0.0000,0.00,shockwave,60,450;300;200;100;50,2,6,1.5,2.5,100,-10,5,250,40,5,250,60,1,8,11,0,0.06,4,0.5,50,8,5
46,1,60,FrameTimeStutter,5.000,shockwave,practice,2026-09-08T15:22:26.1967969-04:00,0,191,3.18370,17.3444,994.34,1268.79,-195.000,9.000,1.0642,8.2529,1.1089,Right,0,0,0,0,0.0000,450.000,0,0.000,0,127.500,71.914,4.500,0.0300,0.0000,0.00,shockwave,60,450;300;200;100;50,2,6,1.5,2.5,100,-10,5,250,40,5,250,60,1,8,11,0,0.06,4,0.5,50,8,5
46,1,60,FrameTimeStutter,5.000,shockwave,practice,2026-09-08T15:22:26.1967969-04:00,0,192,3.20013,16.4242,666.33,1277.80,-182.000,5.000,-2.2637,8.3443,1.1089,Right,0,0,0,0,0.0000,450.000,0,0.000,0,127.500,71.914,4.500,0.0300,0.0000,0.00,shockwave,60,450;300;200;100;50,2,6,1.5,2.5,100,-10,5,250,40,5,250,60,1,8,11,0,0.06,4,0.5,50,8,5
46,1,60,FrameTimeStutter,5.000,shockwave,practice,2026-09-08T15:22:26.1967969-04:00,0,193,3.21653,16.3980,340.13,1279.60,-181.000,1.000,-5.5734,8.3626,1.1089,Left,0,0,0,0,0.0000,450.000,0,0.000,0,127.500,71.914,4.500,0.0300,0.0000,0.00,shockwave,60,450;300;200;100;50,2,6,1.5,2.5,100,-10,5,250,40,5,250,60,1,8,11,0,0.06,4,0.5,50,8,5
46,1,60,FrameTimeStutter,5.000,shockwave,practice,2026-09-08T15:22:26.1967969-04:00,0,194,3.23397,17.4486,-0.50,1277.80,-237.000,-1.000,-9.9070,8.3443,1.1089,Left,0,0,0,0,0.0000,450.000,0,0.000,0,127.500,71.914,4.500,0.0300,0.0000,0.00,shockwave,60,450;300;200;100;50,2,6,1.5,2.5,100,-10,5,250,40,5,250,60,1,8,11,0,0.06,4,0.5,50,8,5
46,1,60,FrameTimeStutter,5.000,shockwave,practice,2026-09-08T15:22:26.1967969-04:00,0,195,3.25041,16.4381,-0.50,1270.59,-135.000,-4.000,-12.3755,8.2712,1.1089,Left,0,0,0,0,0.0000,450.000,0,0.000,0,127.500,71.914,4.500,0.0300,0.0000,0.00,shockwave,60,450;300;200;100;50,2,6,1.5,2.5,100,-10,5,250,40,5,250,60,1,8,11,0,0.06,4,0.5,50,8,5
46,1,60,FrameTimeStutter,5.000,shockwave,practice,2026-09-08T15:22:26.1967969-04:00,0,196,3.26619,15.7771,-0.50,1266.98,-111.000,-2.000,-14.4052,8.2346,1.1089,Left,0,0,0,0,0.0000,450.000,0,0.000,0,127.500,71.914,4.500,0.0300,0.0000,0.00,shockwave,60,450;300;200;100;50,2,6,1.5,2.5,100,-10,5,250,40,5,250,60,1,8,11,0,0.06,4,0.5,50,8,5
46,1,60,FrameTimeStutter,5.000,shockwave,practice,2026-09-08T15:22:26.1967969-04:00,0,197,3.28315,16.9604,-0.50,1266.98,-79.000,0.000,-15.8497,8.2346,1.1089,Left,0,0,0,0,0.0000,450.000,0,0.000,0,127.500,71.914,4.500,0.0300,0.0000,0.00,shockwave,60,450;300;200;100;50,2,6,1.5,2.5,100,-10,5,250,40,5,250,60,1,8,11,0,0.06,4,0.5,50,8,5
46,1,60,FrameTimeStutter,5.000,shockwave,practice,2026-09-08T15:22:26.1967969-04:00,0,198,3.30034,17.1878,-0.50,1270.59,-53.000,2.000,-16.8188,8.2711,1.1089,Left,0,0,0,0,0.0000,450.000,0,0.000,0,127.500,71.914,4.500,0.0300,0.0000,0.00,shockwave,60,450;300;200;100;50,2,6,1.5,2.5,100,-10,5,250,40,5,250,60,1,8,11,0,0.06,4,0.5,50,8,5
46,1,60,FrameTimeStutter,5.000,shockwave,practice,2026-09-08T15:22:26.1967969-04:00,0,199,3.31658,16.2450,-0.50,1277.80,-27.000,4.000,-17.3125,8.3443,1.1089,Left,0,0,0,0,0.0000,450.000,0,0.000,0,127.500,71.914,4.500,0.0300,0.0000,0.00,shockwave,60,450;300;200;100;50,2,6,1.5,2.5,100,-10,5,250,40,5,250,60,1,8,11,0,0.06,4,0.5,50,8,5
46,1,60,FrameTimeStutter,5.000,shockwave,practice,2026-09-08T15:22:26.1967969-04:00,0,200,3.33340,16.8123,-0.50,1279.60,-4.000,1.000,-17.3857,8.3626,1.1089,Left,0,0,0,0,0.0000,450.000,0,0.000,0,127.500,71.914,4.500,0.0300,0.0000,0.00,shockwave,60,450;300;200;100;50,2,6,1.5,2.5,100,-10,5,250,40,5,250,60,1,8,11,0,0.06,4,0.5,50,8,5
46,1,60,FrameTimeStutter,5.000,shockwave,practice,2026-09-08T15:22:26.1967969-04:00,0,201,3.35012,16.7230,-0.50,1279.60,0.000,0.000,-17.3857,8.3626,1.1089,Left,0,0,0,0,0.0000,450.000,0,0.000,0,127.500,71.914,4.500,0.0300,0.0000,0.00,shockwave,60,450;300;200;100;50,2,6,1.5,2.5,100,-10,5,250,40,5,250,60,1,8,11,0,0.06,4,0.5,50,8,5
46,1,60,FrameTimeStutter,5.000,shockwave,practice,2026-09-08T15:22:26.1967969-04:00,0,202,3.36633,16.2129,3.10,1279.60,2.000,0.000,-17.3491,8.3626,1.1089,Left,0,0,0,0,0.0000,450.000,0,0.000,0,127.500,71.914,4.500,0.0300,0.0000,0.00,shockwave,60,450;300;200;100;50,2,6,1.5,2.5,100,-10,5,250,40,5,250,60,1,8,11,0,0.06,4,0.5,50,8,5
46,1,60,FrameTimeStutter,5.000,shockwave,practice,2026-09-08T15:22:26.1967969-04:00,0,203,3.38359,17.2597,28.34,1283.20,14.000,2.000,-17.0931,8.3991,1.1089,Left,0,0,0,0,0.0000,450.000,0,0.000,0,127.500,71.914,4.500,0.0300,0.0000,0.00,shockwave,60,450;300;200;100;50,2,6,1.5,2.5,100,-10,5,250,40,5,250,60,1,8,11,0,0.06,4,0.5,50,8,5
46,1,60,FrameTimeStutter,5.000,shockwave,practice,2026-09-08T15:22:26.1967969-04:00,0,204,3.39983,16.2423,86.01,1285.01,32.000,1.000,-16.5080,8.4174,1.1089,Left,0,0,0,0,0.0000,450.000,0,0.000,0,127.500,71.914,4.500,0.0300,0.0000,0.00,shockwave,60,450;300;200;100;50,2,6,1.5,2.5,100,-10,5,250,40,5,250,60,1,8,11,0,0.06,4,0.5,50,8,5
46,1,60,FrameTimeStutter,5.000,shockwave,practice,2026-09-08T15:22:26.1967969-04:00,0,205,3.41721,17.3737,284.26,1285.01,110.000,0.000,-14.4966,8.4174,1.1089,Left,0,0,0,0,0.0000,450.000,0,0.000,0,127.500,71.914,4.500,0.0300,0.0000,0.00,shockwave,60,450;300;200;100;50,2,6,1.5,2.5,100,-10,5,250,40,5,250,60,1,8,11,0,0.06,4,0.5,50,8,5
46,1,60,FrameTimeStutter,5.000,shockwave,practice,2026-09-08T15:22:26.1967969-04:00,0,206,3.43403,16.8272,509.54,1279.60,125.000,-3.000,-12.2109,8.3625,1.1089,Left,0,0,0,0,0.0000,450.000,0,0.000,0,127.500,71.914,4.500,0.0300,0.0000,0.00,shockwave,60,450;300;200;100;50,2,6,1.5,2.5,100,-10,5,250,40,5,250,60,1,8,11,0,0.06,4,0.5,50,8,5
46,1,60,FrameTimeStutter,5.000,shockwave,practice,2026-09-08T15:22:26.1967969-04:00,0,207,3.45003,15.9994,814.12,1261.58,169.000,-10.000,-9.1207,8.1797,1.1089,Left,0,0,0,0,0.0000,450.000,0,0.000,0,127.500,71.914,4.500,0.0300,0.0000,0.00,shockwave,60,450;300;200;100;50,2,6,1.5,2.5,100,-10,5,250,40,5,250,60,1,8,11,0,0.06,4,0.5,50,8,5
46,1,60,FrameTimeStutter,5.000,shockwave,practice,2026-09-08T15:22:26.1967969-04:00,0,208,3.46674,16.7075,1158.35,1232.74,191.000,-16.000,-5.6282,7.8871,1.1089,Left,0,0,0,0,0.0000,450.000,0,0.000,0,127.500,71.914,4.500,0.0300,0.0000,0.00,shockwave,60,450;300;200;100;50,2,6,1.5,2.5,100,-10,5,250,40,5,250,60,1,8,11,0,0.06,4,0.5,50,8,5
46,1,60,FrameTimeStutter,5.000,shockwave,practice,2026-09-08T15:22:26.1967969-04:00,0,209,3.48329,16.5526,1527.81,1196.70,205.000,-20.000,-1.8798,7.5214,1.1089,Left,0,0,0,0,0.0000,450.000,0,0.000,0,127.500,71.914,4.500,0.0300,0.0000,0.00,shockwave,60,450;300;200;100;50,2,6,1.5,2.5,100,-10,5,250,40,5,250,60,1,8,11,0,0.06,4,0.5,50,8,5
46,1,60,FrameTimeStutter,5.000,shockwave,practice,2026-09-08T15:22:26.1967969-04:00,0,210,3.49992,16.6253,1913.49,1160.65,214.000,-20.000,2.0333,7.1557,1.1089,Left,0,0,0,0,0.0000,450.000,0,0.000,0,127.500,71.914,4.500,0.0300,0.0000,0.00,shockwave,60,450;300;200;100;50,2,6,1.5,2.5,100,-10,5,250,40,5,250,60,1,8,11,0,0.06,4,0.5,50,8,5
46,1,60,FrameTimeStutter,5.000,shockwave,practice,2026-09-08T15:22:26.1967969-04:00,0,211,3.51706,17.1437,2290.16,1130.01,209.000,-17.000,5.8549,6.8449,1.1089,Right,0,0,0,0,0.0000,450.000,0,0.000,0,127.500,71.914,4.500,0.0300,0.0000,0.00,shockwave,60,450;300;200;100;50,2,6,1.5,2.5,100,-10,5,250,40,5,250,60,1,8,11,0,0.06,4,0.5,50,8,5
46,1,60,FrameTimeStutter,5.000,shockwave,practice,2026-09-08T15:22:26.1967969-04:00,0,212,3.53338,16.3161,2558.70,1106.58,205.000,-13.000,9.6034,6.6071,1.1089,Right,0,0,0,0,0.0000,450.000,0,0.000,0,127.500,71.914,4.500,0.0300,0.0000,0.00,shockwave,60,450;300;200;100;50,2,6,1.5,2.5,100,-10,5,250,40,5,250,60,1,8,11,0,0.06,4,0.5,50,8,5
46,1,60,FrameTimeStutter,5.000,shockwave,practice,2026-09-08T15:22:26.1967969-04:00,0,213,3.54973,16.3509,2558.70,1097.57,172.000,-5.000,12.7484,6.5157,1.1089,Right,0,0,0,0,0.0000,450.000,0,0.000,0,127.500,71.914,4.500,0.0300,0.0000,0.00,shockwave,60,450;300;200;100;50,2,6,1.5,2.5,100,-10,5,250,40,5,250,60,1,8,11,0,0.06,4,0.5,50,8,5
46,1,60,FrameTimeStutter,5.000,shockwave,practice,2026-09-08T15:22:26.1967969-04:00,0,214,3.56651,16.7836,2558.70,1097.57,140.000,0.000,15.3084,6.5157,1.1089,Right,0,0,0,0,0.0000,450.000,0,0.000,0,127.500,71.914,4.500,0.0300,0.0000,0.00,shockwave,60,450;300;200;100;50,2,6,1.5,2.5,100,-10,5,250,40,5,250,60,1,8,11,0,0.06,4,0.5,50,8,5
46,1,60,FrameTimeStutter,5.000,shockwave,practice,2026-09-08T15:22:26.1967969-04:00,0,215,3.58367,17.1596,2558.70,1108.39,98.000,6.000,17.1003,6.6254,1.1089,Right,0,0,0,0,0.0000,450.000,0,0.000,0,127.500,71.914,4.500,0.0300,0.0000,0.00,shockwave,60,450;300;200;100;50,2,6,1.5,2.5,100,-10,5,250,40,5,250,60,1,8,11,0,0.06,4,0.5,50,8,5
46,1,60,FrameTimeStutter,5.000,shockwave,practice,2026-09-08T15:22:26.1967969-04:00,0,216,3.60015,16.4735,2558.70,1117.40,53.000,5.000,18.0695,6.7169,1.1089,Right,0,0,0,0,0.0000,450.000,0,0.000,0,127.500,71.914,4.500,0.0300,0.0000,0.00,shockwave,60,450;300;200;100;50,2,6,1.5,2.5,100,-10,5,250,40,5,250,60,1,8,11,0,0.06,4,0.5,50,8,5
46,1,60,FrameTimeStutter,5.000,shockwave,practice,2026-09-08T15:22:26.1967969-04:00,0,217,3.61734,17.1918,2556.90,1121.00,13.000,2.000,18.3072,6.7534,1.1089,Right,0,0,0,0,0.0000,450.000,0,0.000,0,127.500,71.914,4.500,0.0300,0.0000,0.00,shockwave,60,450;300;200;100;50,2,6,1.5,2.5,100,-10,5,250,40,5,250,60,1,8,11,0,0.06,4,0.5,50,8,5
46,1,60,FrameTimeStutter,5.000,shockwave,practice,2026-09-08T15:22:26.1967969-04:00,0,218,3.63333,15.9878,2528.06,1122.80,-16.000,1.000,18.0146,6.7717,1.1089,Right,0,0,0,0,0.0000,450.000,0,0.000,0,127.500,71.914,4.500,0.0300,0.0000,0.00,shockwave,60,450;300;200;100;50,2,6,1.5,2.5,100,-10,5,250,40,5,250,60,1,8,11,0,0.06,4,0.5,50,8,5
46,1,60,FrameTimeStutter,5.000,shockwave,practice,2026-09-08T15:22:26.1967969-04:00,0,219,3.64994,16.6112,2416.32,1122.80,-62.000,0.000,16.8809,6.7717,1.1089,Right,0,0,0,0,0.0000,450.000,0,0.000,0,127.500,71.914,4.500,0.0300,0.0000,0.00,shockwave,60,450;300;200;100;50,2,6,1.5,2.5,100,-10,5,250,40,5,250,60,1,8,11,0,0.06,4,0.5,50,8,5
46,1,60,FrameTimeStutter,5.000,shockwave,practice,2026-09-08T15:22:26.1967969-04:00,0,220,3.66623,16.2892,2225.28,1122.80,-106.000,0.000,14.9427,6.7717,1.1089,Right,0,0,0,0,0.0000,450.000,0,0.000,0,127.500,71.914,4.500,0.0300,0.0000,0.00,shockwave,60,450;300;200;100;50,2,6,1.5,2.5,100,-10,5,250,40,5,250,60,1,8,11,0,0.06,4,0.5,50,8,5
46,1,60,FrameTimeStutter,5.000,shockwave,practice,2026-09-08T15:22:26.1967969-04:00,0,221,3.68337,17.1413,1954.94,1119.20,-150.000,-2.000,12.1999,6.7351,1.1089,Right,0,0,0,0,0.0000,450.000,0,0.000,0,127.500,71.914,4.500,0.0300,0.0000,0.00,shockwave,60,450;300;200;100;50,2,6,1.5,2.5,100,-10,5,250,40,5,250,60,1,8,11,0,0.06,4,0.5,50,8,5
46,1,60,FrameTimeStutter,5.000,shockwave,practice,2026-09-08T15:22:26.1967969-04:00,0,222,3.70026,16.8948,1626.93,1119.20,-182.000,0.000,8.8720,6.7351,1.1089,Right,0,0,0,0,0.0000,450.000,0,0.000,0,127.500,71.914,4.500,0.0300,0.0000,0.00,shockwave,60,450;300;200;100;50,2,6,1.5,2.5,100,-10,5,250,40,5,250,60,1,8,11,0,0.06,4,0.5,50,8,5
46,1,60,FrameTimeStutter,5.000,shockwave,practice,2026-09-08T15:22:26.1967969-04:00,0,223,3.71727,17.0113,1250.26,1121.00,-209.000,1.000,5.0503,6.7534,1.1089,Right,0,0,0,0,0.0000,450.000,0,0.000,0,127.500,71.914,4.500,0.0300,0.0000,0.00,shockwave,60,450;300;200;100;50,2,6,1.5,2.5,100,-10,5,250,40,5,250,60,1,8,11,0,0.06,4,0.5,50,8,5
46,1,60,FrameTimeStutter,5.000,shockwave,practice,2026-09-08T15:22:26.1967969-04:00,0,224,3.73287,15.5937,855.57,1130.01,-219.000,5.000,1.0459,6.8448,1.1089,Right,0,0,0,0,0.0000,450.000,0,0.000,0,127.500,71.914,4.500,0.0300,0.0000,0.00,shockwave,60,450;300;200;100;50,2,6,1.5,2.5,100,-10,5,250,40,5,250,60,1,8,11,0,0.06,4,0.5,50,8,5
46,1,60,FrameTimeStutter,5.000,shockwave,practice,2026-09-08T15:22:26.1967969-04:00,0,225,3.75011,17.2478,469.89,1144.43,-214.000,8.000,-2.8672,6.9911,1.1089,Right,0,0,0,0,0.0000,450.000,0,0.000,0,127.500,71.914,4.500,0.0300,0.0000,0.00,shockwave,60,450;300;200;100;50,2,6,1.5,2.5,100,-10,5,250,40,5,250,60,1,8,11,0,0.06,4,0.5,50,8,5
46,1,60,FrameTimeStutter,5.000,shockwave,practice,2026-09-08T15:22:26.1967969-04:00,0,226,3.76686,16.7415,102.23,1162.45,-204.000,10.000,-6.5974,7.1740,1.1089,Left,0,0,0,0,0.0000,450.000,0,0.000,0,127.500,71.914,4.500,0.0300,0.0000,0.00,shockwave,60,450;300;200;100;50,2,6,1.5,2.5,100,-10,5,250,40,5,250,60,1,8,11,0,0.06,4,0.5,50,8,5
46,1,60,FrameTimeStutter,5.000,shockwave,practice,2026-09-08T15:22:26.1967969-04:00,0,227,3.78372,16.8589,-0.50,1173.27,-167.000,6.000,-9.6510,7.2837,1.1089,Left,0,0,0,0,0.0000,450.000,0,0.000,0,127.500,71.914,4.500,0.0300,0.0000,0.00,shockwave,60,450;300;200;100;50,2,6,1.5,2.5,100,-10,5,250,40,5,250,60,1,8,11,0,0.06,4,0.5,50,8,5
46,1,60,FrameTimeStutter,5.000,shockwave,practice,2026-09-08T15:22:26.1967969-04:00,0,228,3.79981,16.0984,-0.50,1175.07,-116.000,1.000,-11.7721,7.3020,1.1089,Left,0,0,0,0,0.0000,450.000,0,0.000,0,127.500,71.914,4.500,0.0300,0.0000,0.00,shockwave,60,450;300;200;100;50,2,6,1.5,2.5,100,-10,5,250,40,5,250,60,1,8,11,0,0.06,4,0.5,50,8,5
46,1,60,FrameTimeStutter,5.000,shockwave,practice,2026-09-08T15:22:26.1967969-04:00,0,229,3.81658,16.7673,-0.50,1175.07,-70.000,0.000,-13.0521,7.3020,1.1089,Left,0,0,0,0,0.0000,450.000,0,0.000,0,127.500,71.914,4.500,0.0300,0.0000,0.00,shockwave,60,450;300;200;100;50,2,6,1.5,2.5,100,-10,5,250,40,5,250,60,1,8,11,0,0.06,4,0.5,50,8,5
46,1,60,FrameTimeStutter,5.000,shockwave,practice,2026-09-08T15:22:26.1967969-04:00,0,230,3.83406,17.4758,1.30,1175.07,-18.000,0.000,-13.3812,7.3020,1.1089,Left,0,0,0,0,0.0000,450.000,0,0.000,0,127.500,71.914,4.500,0.0300,0.0000,0.00,shockwave,60,450;300;200;100;50,2,6,1.5,2.5,100,-10,5,250,40,5,250,60,1,8,11,0,0.06,4,0.5,50,8,5
46,1,60,FrameTimeStutter,5.000,shockwave,practice,2026-09-08T15:22:26.1967969-04:00,0,231,3.85018,16.1255,15.72,1175.07,8.000,0.000,-13.2349,7.3020,1.1089,Left,0,0,0,0,0.0000,450.000,0,0.000,0,127.500,71.914,4.500,0.0300,0.0000,0.00,shockwave,60,450;300;200;100;50,2,6,1.5,2.5,100,-10,5,250,40,5,250,60,1,8,11,0,0.06,4,0.5,50,8,5
46,1,60,FrameTimeStutter,5.000,shockwave,practice,2026-09-08T15:22:26.1967969-04:00,0,232,3.86627,16.0859,67.98,1175.07,29.000,0.000,-12.7046,7.3020,1.1089,Left,0,0,0,0,0.0000,450.000,0,0.000,0,127.500,71.914,4.500,0.0300,0.0000,0.00,shockwave,60,450;300;200;100;50,2,6,1.5,2.5,100,-10,5,250,40,5,250,60,1,8,11,0,0.06,4,0.5,50,8,5
46,1,60,FrameTimeStutter,5.000,shockwave,practice,2026-09-08T15:22:26.1967969-04:00,0,233,3.88335,17.0798,174.32,1169.66,59.000,-3.000,-11.6258,7.2471,1.1089,Left,0,0,0,0,0.0000,450.000,0,0.000,0,127.500,71.914,4.500,0.0300,0.0000,0.00,shockwave,60,450;300;200;100;50,2,6,1.5,2.5,100,-10,5,250,40,5,250,60,1,8,11,0,0.06,4,0.5,50,8,5
46,1,60,FrameTimeStutter,5.000,shockwave,practice,2026-09-08T15:22:26.1967969-04:00,0,234,3.89983,16.4819,368.96,1151.64,108.000,-10.000,-9.6510,7.0642,1.1089,Left,0,0,0,0,0.0000,450.000,0,0.000,0,127.500,71.914,4.500,0.0300,0.0000,0.00,shockwave,60,450;300;200;100;50,2,6,1.5,2.5,100,-10,5,250,40,5,250,60,1,8,11,0,0.06,4,0.5,50,8,5
46,1,60,FrameTimeStutter,5.000,shockwave,practice,2026-09-08T15:22:26.1967969-04:00,0,235,3.91707,17.2415,660.93,1124.61,162.000,-15.000,-6.6888,6.7900,1.1089,Left,0,0,0,0,0.0000,450.000,0,0.000,0,127.500,71.914,4.500,0.0300,0.0000,0.00,shockwave,60,450;300;200;100;50,2,6,1.5,2.5,100,-10,5,250,40,5,250,60,1,8,11,0,0.06,4,0.5,50,8,5
46,1,60,FrameTimeStutter,5.000,shockwave,practice,2026-09-08T15:22:26.1967969-04:00,0,236,3.93337,16.3000,1046.61,1093.97,214.000,-17.000,-2.7757,6.4791,1.1089,Left,0,0,0,0,0.0000,450.000,0,0.000,0,127.500,71.914,4.500,0.0300,0.0000,0.00,shockwave,60,450;300;200;100;50,2,6,1.5,2.5,100,-10,5,250,40,5,250,60,1,8,11,0,0.06,4,0.5,50,8,5
46,1,60,FrameTimeStutter,5.000,shockwave,practice,2026-09-08T15:22:26.1967969-04:00,0,237,3.94990,16.5258,1464.73,1066.93,232.000,-15.000,1.4664,6.2048,1.1089,Left,0,0,0,0,0.0000,450.000,0,0.000,0,127.500,71.914,4.500,0.0300,0.0000,0.00,shockwave,60,450;300;200;100;50,2,6,1.5,2.5,100,-10,5,250,40,5,250,60,1,8,11,0,0.06,4,0.5,50,8,5
46,1,60,FrameTimeStutter,5.000,shockwave,practice,2026-09-08T15:22:26.1967969-04:00,0,238,3.96629,16.3891,1877.45,1048.91,229.000,-10.000,5.6538,6.0220,1.1089,Right,0,0,0,0,0.0000,450.000,0,0.000,0,127.500,71.914,4.500,0.0300,0.0000,0.00,shockwave,60,450;300;200;100;50,2,6,1.5,2.5,100,-10,5,250,40,5,250,60,1,8,11,0,0.06,4,0.5,50,8,5
46,1,60,FrameTimeStutter,5.000,shockwave,practice,2026-09-08T15:22:26.1967969-04:00,0,239,3.98343,17.1456,2237.90,1043.50,200.000,-3.000,9.3108,5.9671,1.1089,Right,0,0,0,0,0.0000,450.000,0,0.000,0,127.500,71.914,4.500,0.0300,0.0000,0.00,shockwave,60,450;300;200;100;50,2,6,1.5,2.5,100,-10,5,250,40,5,250,60,1,8,11,0,0.06,4,0.5,50,8,5
46,1,60,FrameTimeStutter,5.000,shockwave,practice,2026-09-08T15:22:26.1967969-04:00,0,240,3.99980,16.3696,2540.68,1039.90,168.000,-2.000,12.3827,5.9305,1.1089,Right,0,0,0,0,0.0000,450.000,0,0.000,0,127.500,71.914,4.500,0.0300,0.0000,0.00,shockwave,60,450;300;200;100;50,2,6,1.5,2.5,100,-10,5,250,40,5,250,60,1,8,11,0,0.06,4,0.5,50,8,5
46,1,60,FrameTimeStutter,5.000,shockwave,practice,2026-09-08T15:22:26.1967969-04:00,0,241,4.01724,17.4419,2558.70,1039.90,186.000,0.000,15.7838,5.9305,1.1089,Right,0,0,0,0,0.0000,450.000,0,0.000,0,127.500,71.914,4.500,0.0300,0.0000,0.00,shockwave,60,450;300;200;100;50,2,6,1.5,2.5,100,-10,5,250,40,5,250,60,1,8,11,0,0.06,4,0.5,50,8,5
46,1,60,FrameTimeStutter,5.000,shockwave,practice,2026-09-08T15:22:26.1967969-04:00,0,242,4.03390,16.6552,2558.70,1045.31,72.000,3.000,17.1003,5.9854,1.1089,Right,0,0,0,0,0.0000,450.000,0,0.000,0,127.500,71.914,4.500,0.0300,0.0000,0.00,shockwave,60,450;300;200;100;50,2,6,1.5,2.5,100,-10,5,250,40,5,250,60,1,8,11,0,0.06,4,0.5,50,8,5
46,1,60,FrameTimeStutter,5.000,shockwave,practice,2026-09-08T15:22:26.1967969-04:00,0,243,4.04968,15.7832,2558.70,1047.11,16.000,1.000,17.3929,6.0037,1.1089,Right,0,0,0,0,0.0000,450.000,0,0.000,0,127.500,71.914,4.500,0.0300,0.0000,0.00,shockwave,60,450;300;200;100;50,2,6,1.5,2.5,100,-10,5,250,40,5,250,60,1,8,11,0,0.06,4,0.5,50,8,5
46,1,60,FrameTimeStutter,5.000,shockwave,practice,2026-09-08T15:22:26.1967969-04:00,0,244,4.06633,16.6482,2513.64,1045.31,-25.000,-1.000,16.9358,5.9854,1.1089,Right,0,0,0,0,0.0000,450.000,0,0.000,0,127.500,71.914,4.500,0.0300,0.0000,0.00,shockwave,60,450;300;200;100;50,2,6,1.5,2.5,100,-10,5,250,40,5,250,60,1,8,11,0,0.06,4,0.5,50,8,5
46,1,60,FrameTimeStutter,5.000,shockwave,practice,2026-09-08T15:22:26.1967969-04:00,0,245,4.08306,16.7291,2382.08,1043.50,-73.000,-1.000,15.6009,5.9671,1.1089,Right,0,0,0,0,0.0000,450.000,0,0.000,0,127.500,71.914,4.500,0.0300,0.0000,0.00,shockwave,60,450;300;200;100;50,2,6,1.5,2.5,100,-10,5,250,40,5,250,60,1,8,11,0,0.06,4,0.5,50,8,5
46,1,60,FrameTimeStutter,5.000,shockwave,practice,2026-09-08T15:22:26.1967969-04:00,0,246,4.09973,16.6702,2169.41,1045.31,-118.000,1.000,13.4433,5.9854,1.1089,Right,0,0,0,0,0.0000,450.000,0,0.000,0,127.500,71.914,4.500,0.0300,0.0000,0.00,shockwave,60,450;300;200;100;50,2,6,1.5,2.5,100,-10,5,250,40,5,250,60,1,8,11,0,0.06,4,0.5,50,8,5
46,1,60,FrameTimeStutter,5.000,shockwave,practice,2026-09-08T15:22:26.1967969-04:00,0,247,4.11626,16.5321,1893.67,1061.53,-153.000,9.000,10.6456,6.1499,1.1089,Right,0,0,0,0,0.0000,450.000,0,0.000,0,127.500,71.914,4.500,0.0300,0.0000,0.00,shockwave,60,450;300;200;100;50,2,6,1.5,2.5,100,-10,5,250,40,5,250,60,1,8,11,0,0.06,4,0.5,50,8,5
46,1,60,FrameTimeStutter,5.000,shockwave,practice,2026-09-08T15:22:26.1967969-04:00,0,248,4.13368,17.4158,1583.68,1086.76,-172.000,14.000,7.5006,6.4059,1.1089,Right,0,0,0,0,0.0000,450.000,0,0.000,0,127.500,71.914,4.500,0.0300,0.0000,0.00,shockwave,60,450;300;200;100;50,2,6,1.5,2.5,100,-10,5,250,40,5,250,60,1,8,11,0,0.06,4,0.5,50,8,5
46,1,60,FrameTimeStutter,5.000,shockwave,practice,2026-09-08T15:22:26.1967969-04:00,0,249,4.15009,16.4150,1232.24,1117.40,-195.000,17.000,3.9349,6.7168,1.1089,Right,0,0,0,0,0.0000,450.000,0,0.000,0,127.500,71.914,4.500,0.0300,0.0000,0.00,shockwave,60,450;300;200;100;50,2,6,1.5,2.5,100,-10,5,250,40,5,250,60,1,8,11,0,0.06,4,0.5,50,8,5
46,1,60,FrameTimeStutter,5.000,shockwave,practice,2026-09-08T15:22:26.1967969-04:00,0,250,4.16654,16.4450,864.58,1146.23,-204.000,16.000,0.2048,7.0093,1.1089,Right,0,0,0,0,0.0000,450.000,0,0.000,0,127.500,71.914,4.500,0.0300,0.0000,0.00,shockwave,60,450;300;200;100;50,2,6,1.5,2.5,100,-10,5,250,40,5,250,60,1,8,11,0,0.06,4,0.5,50,8,5
46,1,60,FrameTimeStutter,5.000,shockwave,practice,2026-09-08T15:22:26.1967969-04:00,0,251,4.18361,17.0782,531.16,1173.27,-185.000,15.000,-3.1780,7.2836,1.1089,Left,0,0,0,0,0.0000,450.000,0,0.000,0,127.500,71.914,4.500,0.0300,0.0000,0.00,shockwave,60,450;300;200;100;50,2,6,1.5,2.5,100,-10,5,250,40,5,250,60,1,8,11,0,0.06,4,0.5,50,8,5
46,1,60,FrameTimeStutter,5.000,shockwave,practice,2026-09-08T15:22:26.1967969-04:00,0,252,4.19982,16.2005,228.39,1196.70,-168.000,13.000,-6.2499,7.5213,1.1089,Left,0,0,0,0,0.0000,450.000,0,0.000,0,127.500,71.914,4.500,0.0300,0.0000,0.00,shockwave,60,450;300;200;100;50,2,6,1.5,2.5,100,-10,5,250,40,5,250,60,1,8,11,0,0.06,4,0.5,50,8,5
46,1,60,FrameTimeStutter,5.000,shockwave,practice,2026-09-08T15:22:26.1967969-04:00,0,253,4.21666,16.8458,-0.50,1209.31,-139.000,7.000,-8.7916,7.6493,1.1089,Left,0,0,0,0,0.0000,450.000,0,0.000,0,127.500,71.914,4.500,0.0300,0.0000,0.00,shockwave,60,450;300;200;100;50,2,6,1.5,2.5,100,-10,5,250,40,5,250,60,1,8,11,0,0.06,4,0.5,50,8,5
46,1,60,FrameTimeStutter,5.000,shockwave,practice,2026-09-08T15:22:26.1967969-04:00,0,254,4.23318,16.5139,-0.50,1211.11,-137.000,1.000,-11.2967,7.6676,1.1089,Left,0,0,0,0,0.0000,450.000,0,0.000,0,127.500,71.914,4.500,0.0300,0.0000,0.00,shockwave,60,450;300;200;100;50,2,6,1.5,2.5,100,-10,5,250,40,5,250,60,1,8,11,0,0.06,4,0.5,50,8,5
46,1,60,FrameTimeStutter,5.000,shockwave,practice,2026-09-08T15:22:26.1967969-04:00,0,255,4.25005,16.8725,-0.50,1211.11,-50.000,0.000,-12.2109,7.6676,1.1089,Left,0,0,0,0,0.0000,450.000,0,0.000,0,127.500,71.914,4.500,0.0300,0.0000,0.00,shockwave,60,450;300;200;100;50,2,6,1.5,2.5,100,-10,5,250,40,5,250,60,1,8,11,0,0.06,4,0.5,50,8,5
46,1,60,FrameTimeStutter,5.000,shockwave,practice,2026-09-08T15:22:26.1967969-04:00,0,256,4.26644,16.3900,-0.50,1212.92,-13.000,1.000,-12.4486,7.6859,1.1089,Left,0,0,0,0,0.0000,450.000,0,0.000,0,127.500,71.914,4.500,0.0300,0.0000,0.00,shockwave,60,450;300;200;100;50,2,6,1.5,2.5,100,-10,5,250,40,5,250,60,1,8,11,0,0.06,4,0.5,50,8,5
46,1,60,FrameTimeStutter,5.000,shockwave,practice,2026-09-08T15:22:26.1967969-04:00,0,257,4.28332,16.8847,3.10,1212.92,2.000,0.000,-12.4121,7.6859,1.1089,Left,0,0,0,0,0.0000,450.000,0,0.000,0,127.500,71.914,4.500,0.0300,0.0000,0.00,shockwave,60,450;300;200;100;50,2,6,1.5,2.5,100,-10,5,250,40,5,250,60,1,8,11,0,0.06,4,0.5,50,8,5
46,1,60,FrameTimeStutter,5.000,shockwave,practice,2026-09-08T15:22:26.1967969-04:00,0,258,4.30010,16.7784,37.35,1214.72,19.000,1.000,-12.0647,7.7042,1.1089,Left,0,0,0,0,0.0000,450.000,0,0.000,0,127.500,71.914,4.500,0.0300,0.0000,0.00,shockwave,60,450;300;200;100;50,2,6,1.5,2.5,100,-10,5,250,40,5,250,60,1,8,11,0,0.06,4,0.5,50,8,5
46,1,60,FrameTimeStutter,5.000,shockwave,practice,2026-09-08T15:22:26.1967969-04:00,0,259,4.31635,16.2440,134.67,1214.72,54.000,0.000,-11.0773,7.7042,1.1089,Left,0,0,0,0,0.0000,450.000,0,0.000,0,127.500,71.914,4.500,0.0300,0.0000,0.00,shockwave,60,450;300;200;100;50,2,6,1.5,2.5,100,-10,5,250,40,5,250,60,1,8,11,0,0.06,4,0.5,50,8,5
46,1,60,FrameTimeStutter,5.000,shockwave,practice,2026-09-08T15:22:26.1967969-04:00,0,260,4.33357,17.2238,316.70,1212.92,101.000,-1.000,-9.2304,7.6859,1.1089,Left,0,0,0,0,0.0000,450.000,0,0.000,0,127.500,71.914,4.500,0.0300,0.0000,0.00,shockwave,60,450;300;200;100;50,2,6,1.5,2.5,100,-10,5,250,40,5,250,60,1,8,11,0,0.06,4,0.5,50,8,5
46,1,60,FrameTimeStutter,5.000,shockwave,practice,2026-09-08T15:22:26.1967969-04:00,0,261,4.35014,16.5677,565.41,1205.71,138.000,-4.000,-6.7071,7.6127,1.1089,Left,0,0,0,0,0.0000,450.000,0,0.000,0,127.500,71.914,4.500,0.0300,0.0000,0.00,shockwave,60,450;300;200;100;50,2,6,1.5,2.5,100,-10,5,250,40,5,250,60,1,8,11,0,0.06,4,0.5,50,8,5
46,1,60,FrameTimeStutter,5.000,shockwave,practice,2026-09-08T15:22:26.1967969-04:00,0,262,4.36645,16.3162,886.21,1187.69,178.000,-10.000,-3.4523,7.4299,1.1089,Left,0,0,0,0,0.0000,450.000,1,450.012,0,127.500,71.914,4.500,0.0300,0.0000,0.00,shockwave,60,450;300;200;100;50,2,6,1.5,2.5,100,-10,5,250,40,5,250,60,1,8,11,0,0.06,4,0.5,50,8,5
46,1,60,FrameTimeStutter,5.000,shockwave,practice,2026-09-08T15:22:26.1967969-04:00,0,263,4.82126,454.8092,401.40,1122.80,-126.000,-36.000,-5.7562,6.7716,1.1089,Left,0,0,0,0,0.0000,450.000,0,0.000,1,127.500,71.914,4.500,0.0300,0.0000,0.00,shockwave,60,450;300;200;100;50,2,6,1.5,2.5,100,-10,5,250,40,5,250,60,1,8,11,0,0.06,4,0.5,50,8,5
46,1,60,FrameTimeStutter,5.000,shockwave,practice,2026-09-08T15:22:26.1967969-04:00,0,264,4.83612,14.8578,401.40,1122.80,0.000,0.000,-5.7562,6.7716,1.1089,Left,0,0,0,0,0.0000,450.000,0,0.000,1,127.500,71.914,4.500,0.0300,0.0000,0.00,shockwave,60,450;300;200;100;50,2,6,1.5,2.5,100,-10,5,250,40,5,250,60,1,8,11,0,0.06,4,0.5,50,8,5
46,1,60,FrameTimeStutter,5.000,shockwave,practice,2026-09-08T15:22:26.1967969-04:00,0,265,4.85370,17.5785,401.40,1122.80,0.000,0.000,-5.7562,6.7716,1.1089,Left,0,0,0,0,0.0000,450.000,0,0.000,1,127.500,71.914,4.500,0.0300,0.0000,0.00,shockwave,60,450;300;200;100;50,2,6,1.5,2.5,100,-10,5,250,40,5,250,60,1,8,11,0,0.06,4,0.5,50,8,5
46,1,60,FrameTimeStutter,5.000,shockwave,practice,2026-09-08T15:22:26.1967969-04:00,0,266,4.87231,18.6106,401.40,1122.80,0.000,0.000,-5.7562,6.7716,1.1089,Left,0,0,0,0,0.0000,450.000,0,0.000,1,127.500,71.914,4.500,0.0300,0.0000,0.00,shockwave,60,450;300;200;100;50,2,6,1.5,2.5,100,-10,5,250,40,5,250,60,1,8,11,0,0.06,4,0.5,50,8,5
46,1,60,FrameTimeStutter,5.000,shockwave,practice,2026-09-08T15:22:26.1967969-04:00,0,267,4.88733,15.0226,401.40,1122.80,0.000,0.000,-5.7562,6.7716,1.1089,Left,0,0,0,0,0.0000,450.000,0,0.000,1,127.500,71.914,4.500,0.0300,0.0000,0.00,shockwave,60,450;300;200;100;50,2,6,1.5,2.5,100,-10,5,250,40,5,250,60,1,8,11,0,0.06,4,0.5,50,8,5
46,1,60,FrameTimeStutter,5.000,shockwave,practice,2026-09-08T15:22:26.1967969-04:00,0,268,4.90389,16.5585,401.40,1122.80,0.000,0.000,-5.7562,6.7716,1.1089,Left,0,0,0,0,0.0000,450.000,0,0.000,1,127.500,71.914,4.500,0.0300,0.0000,0.00,shockwave,60,450;300;200;100;50,2,6,1.5,2.5,100,-10,5,250,40,5,250,60,1,8,11,0,0.06,4,0.5,50,8,5
46,1,60,FrameTimeStutter,5.000,shockwave,practice,2026-09-08T15:22:26.1967969-04:00,0,269,4.92059,16.6992,401.40,1122.80,0.000,0.000,-5.7562,6.7716,1.1089,Left,0,0,0,0,0.0000,450.000,0,0.000,1,127.500,71.914,4.500,0.0300,0.0000,0.00,shockwave,60,450;300;200;100;50,2,6,1.5,2.5,100,-10,5,250,40,5,250,60,1,8,11,0,0.06,4,0.5,50,8,5
46,1,60,FrameTimeStutter,5.000,shockwave,practice,2026-09-08T15:22:26.1967969-04:00,0,270,4.93740,16.8156,401.40,1122.80,0.000,0.000,-5.7562,6.7716,1.1089,Left,0,0,0,0,0.0000,450.000,0,0.000,1,127.500,71.914,4.500,0.0300,0.0000,0.00,shockwave,60,450;300;200;100;50,2,6,1.5,2.5,100,-10,5,250,40,5,250,60,1,8,11,0,0.06,4,0.5,50,8,5
46,1,60,FrameTimeStutter,5.000,shockwave,practice,2026-09-08T15:22:26.1967969-04:00,0,271,4.95403,16.6292,401.40,1122.80,0.000,0.000,-5.7562,6.7716,1.1089,Left,0,0,0,0,0.0000,450.000,0,0.000,1,127.500,71.914,4.500,0.0300,0.0000,0.00,shockwave,60,450;300;200;100;50,2,6,1.5,2.5,100,-10,5,250,40,5,250,60,1,8,11,0,0.06,4,0.5,50,8,5
46,1,60,FrameTimeStutter,5.000,shockwave,practice,2026-09-08T15:22:26.1967969-04:00,0,272,4.97033,16.2953,403.20,1122.80,1.000,0.000,-5.7380,6.7716,1.1089,Left,0,0,0,0,0.0000,450.000,0,0.000,1,127.500,71.914,4.500,0.0300,0.0000,0.00,shockwave,60,450;300;200;100;50,2,6,1.5,2.5,100,-10,5,250,40,5,250,60,1,8,11,0,0.06,4,0.5,50,8,5
46,1,60,FrameTimeStutter,5.000,shockwave,practice,2026-09-08T15:22:26.1967969-04:00,0,273,4.98732,16.9910,403.20,1122.80,0.000,0.000,-5.7380,6.7716,1.1089,Left,0,0,0,0,0.0000,450.000,0,0.000,1,127.500,71.914,4.500,0.0300,0.0000,0.00,shockwave,60,450;300;200;100;50,2,6,1.5,2.5,100,-10,5,250,40,5,250,60,1,8,11,0,0.06,4,0.5,50,8,5
46,1,60,FrameTimeStutter,5.000,shockwave,practice,2026-09-08T15:22:26.1967969-04:00,0,274,5.00392,16.6018,403.20,1122.80,0.000,0.000,-5.7380,6.7716,1.1089,Left,0,0,0,0,0.0000,450.000,0,0.000,1,127.500,71.914,4.500,0.0300,0.0000,0.00,shockwave,60,450;300;200;100;50,2,6,1.5,2.5,100,-10,5,250,40,5,250,60,1,8,11,0,0.06,4,0.5,50,8,5
46,1,60,FrameTimeStutter,5.000,shockwave,practice,2026-09-08T15:22:26.1967969-04:00,0,275,5.02109,17.1681,403.20,1121.00,0.000,-1.000,-5.7380,6.7533,1.1089,Left,0,0,0,0,0.0000,450.000,0,0.000,1,127.500,71.914,4.500,0.0300,0.0000,0.00,shockwave,60,450;300;200;100;50,2,6,1.5,2.5,100,-10,5,250,40,5,250,60,1,8,11,0,0.06,4,0.5,50,8,5
46,1,60,FrameTimeStutter,5.000,shockwave,practice,2026-09-08T15:22:26.1967969-04:00,0,276,5.03751,16.4164,408.61,1121.00,3.000,0.000,-5.6831,6.7533,1.1089,Left,0,0,0,0,0.0000,450.000,0,0.000,1,127.500,71.914,4.500,0.0300,0.0000,0.00,shockwave,60,450;300;200;100;50,2,6,1.5,2.5,100,-10,5,250,40,5,250,60,1,8,11,0,0.06,4,0.5,50,8,5
46,1,60,FrameTimeStutter,5.000,shockwave,practice,2026-09-08T15:22:26.1967969-04:00,0,277,5.05403,16.5207,430.24,1117.40,12.000,-2.000,-5.4637,6.7167,1.1089,Left,0,0,0,0,0.0000,450.000,0,0.000,1,127.500,71.914,4.500,0.0300,0.0000,0.00,shockwave,60,450;300;200;100;50,2,6,1.5,2.5,100,-10,5,250,40,5,250,60,1,8,11,0,0.06,4,0.5,50,8,5
46,1,60,FrameTimeStutter,5.000,shockwave,practice,2026-09-08T15:22:26.1967969-04:00,0,278,5.07080,16.7716,453.67,1115.59,13.000,-1.000,-5.2260,6.6985,1.1089,Left,0,0,0,0,0.0000,450.000,0,0.000,1,127.500,71.914,4.500,0.0300,0.0000,0.00,shockwave,60,450;300;200;100;50,2,6,1.5,2.5,100,-10,5,250,40,5,250,60,1,8,11,0,0.06,4,0.5,50,8,5
46,1,60,FrameTimeStutter,5.000,shockwave,practice,2026-09-08T15:22:26.1967969-04:00,0,279,5.08726,16.4595,468.09,1113.79,8.000,-1.000,-5.0797,6.6802,1.1089,Left,0,0,0,0,0.0000,450.000,0,0.000,1,127.500,71.914,4.500,0.0300,0.0000,0.00,shockwave,60,450;300;200;100;50,2,6,1.5,2.5,100,-10,5,250,40,5,250,60,1,8,11,0,0.06,4,0.5,50,8,5
46,1,60,FrameTimeStutter,5.000,shockwave,practice,2026-09-08T15:22:26.1967969-04:00,0,280,5.10425,16.9883,471.69,1111.99,2.000,-1.000,-5.0431,6.6619,1.1089,Left,0,0,0,0,0.0000,450.000,0,0.000,1,127.500,71.914,4.500,0.0300,0.0000,0.00,shockwave,60,450;300;200;100;50,2,6,1.5,2.5,100,-10,5,250,40,5,250,60,1,8,11,0,0.06,4,0.5,50,8,5
46,1,60,FrameTimeStutter,5.000,shockwave,practice,2026-09-08T15:22:26.1967969-04:00,1,281,5.12115,16.9035,471.69,1111.99,0.000,0.000,-5.0431,6.6619,1.1089,Left,1,1,0,1,-5.0431,300.000,0,0.000,0,127.500,71.914,4.500,0.0300,1.0000,100.00,shockwave,60,450;300;200;100;50,2,6,1.5,2.5,100,-10,5,250,40,5,250,60,1,8,11,0,0.06,4,0.5,50,8,5
46,1,60,FrameTimeStutter,5.000,shockwave,practice,2026-09-08T15:22:26.1967969-04:00,1,282,5.14050,19.3480,471.69,1111.99,0.000,0.000,-5.0431,6.6619,1.1089,Left,1,0,0,0,0.0000,300.000,0,0.000,0,127.500,71.914,4.500,0.0300,1.0000,100.00,shockwave,60,450;300;200;100;50,2,6,1.5,2.5,100,-10,5,250,40,5,250,60,1,8,11,0,0.06,4,0.5,50,8,5
46,1,60,FrameTimeStutter,5.000,shockwave,practice,2026-09-08T15:22:26.1967969-04:00,1,283,5.15680,16.3035,471.69,1111.99,0.000,0.000,-5.0431,6.6619,1.1089,Left,1,0,0,0,0.0000,300.000,0,0.000,0,127.500,71.914,4.500,0.0300,1.0000,100.00,shockwave,60,450;300;200;100;50,2,6,1.5,2.5,100,-10,5,250,40,5,250,60,1,8,11,0,0.06,4,0.5,50,8,5
46,1,60,FrameTimeStutter,5.000,shockwave,practice,2026-09-08T15:22:26.1967969-04:00,1,284,5.17312,16.3155,471.69,1111.99,0.000,0.000,-5.0431,6.6619,1.1089,Left,1,0,0,0,0.0000,300.000,0,0.000,0,127.500,71.914,4.500,0.0300,1.0000,100.00,shockwave,60,450;300;200;100;50,2,6,1.5,2.5,100,-10,5,250,40,5,250,60,1,8,11,0,0.06,4,0.5,50,8,5
46,1,60,FrameTimeStutter,5.000,shockwave,practice,2026-09-08T15:22:26.1967969-04:00,1,285,5.18795,14.8303,471.69,1111.99,0.000,0.000,-5.0431,6.6619,1.1089,Left,1,0,0,0,0.0000,300.000,0,0.000,0,127.500,71.914,4.500,0.0300,1.0000,100.00,shockwave,60,450;300;200;100;50,2,6,1.5,2.5,100,-10,5,250,40,5,250,60,1,8,11,0,0.06,4,0.5,50,8,5
46,1,60,FrameTimeStutter,5.000,shockwave,practice,2026-09-08T15:22:26.1967969-04:00,1,286,5.20665,18.7017,471.69,1111.99,0.000,0.000,-5.0431,6.6619,1.1089,Left,1,0,0,0,0.0000,300.000,0,0.000,0,127.500,71.914,4.500,0.0300,1.0000,100.00,shockwave,60,450;300;200;100;50,2,6,1.5,2.5,100,-10,5,250,40,5,250,60,1,8,11,0,0.06,4,0.5,50,8,5
46,1,60,FrameTimeStutter,5.000,shockwave,practice,2026-09-08T15:22:26.1967969-04:00,1,287,5.22346,16.8063,471.69,1111.99,0.000,0.000,-5.0431,6.6619,1.1089,Left,0,0,0,0,0.0000,300.000,0,0.000,0,127.500,71.914,4.500,0.0300,1.0000,100.00,shockwave,60,450;300;200;100;50,2,6,1.5,2.5,100,-10,5,250,40,5,250,60,1,8,11,0,0.06,4,0.5,50,8,5
46,1,60,FrameTimeStutter,5.000,shockwave,practice,2026-09-08T15:22:26.1967969-04:00,1,288,5.23957,16.1132,471.69,1111.99,0.000,0.000,-5.0431,6.6619,1.1089,Left,0,0,0,0,0.0000,300.000,0,0.000,0,127.500,71.914,4.500,0.0300,1.0000,100.00,shockwave,60,450;300;200;100;50,2,6,1.5,2.5,100,-10,5,250,40,5,250,60,1,8,11,0,0.06,4,0.5,50,8,5
46,1,60,FrameTimeStutter,5.000,shockwave,practice,2026-09-08T15:22:26.1967969-04:00,1,289,5.25664,17.0749,471.69,1111.99,0.000,0.000,-5.0431,6.6619,1.1089,Left,0,0,0,0,0.0000,300.000,0,0.000,0,127.500,71.914,4.500,0.0300,1.0000,100.00,shockwave,60,450;300;200;100;50,2,6,1.5,2.5,100,-10,5,250,40,5,250,60,1,8,11,0,0.06,4,0.5,50,8,5
46,1,60,FrameTimeStutter,5.000,shockwave,practice,2026-09-08T15:22:26.1967969-04:00,1,290,5.27333,16.6910,471.69,1111.99,0.000,0.000,-5.0431,6.6619,1.1089,Left,0,0,0,0,0.0000,300.000,0,0.000,0,127.500,71.914,4.500,0.0300,1.0000,100.00,shockwave,60,450;300;200;100;50,2,6,1.5,2.5,100,-10,5,250,40,5,250,60,1,8,11,0,0.06,4,0.5,50,8,5
46,1,60,FrameTimeStutter,5.000,shockwave,practice,2026-09-08T15:22:26.1967969-04:00,1,291,5.29018,16.8428,471.69,1111.99,0.000,0.000,-5.0431,6.6619,1.1089,Left,0,0,0,0,0.0000,300.000,0,0.000,0,127.500,71.914,4.500,0.0300,1.0000,100.00,shockwave,60,450;300;200;100;50,2,6,1.5,2.5,100,-10,5,250,40,5,250,60,1,8,11,0,0.06,4,0.5,50,8,5
46,1,60,FrameTimeStutter,5.000,shockwave,practice,2026-09-08T15:22:26.1967969-04:00,1,292,5.30666,16.4851,471.69,1111.99,0.000,0.000,-5.0431,6.6619,1.1089,Left,0,0,0,0,0.0000,300.000,0,0.000,0,127.500,71.914,4.500,0.0300,1.0000,100.00,shockwave,60,450;300;200;100;50,2,6,1.5,2.5,100,-10,5,250,40,5,250,60,1,8,11,0,0.06,4,0.5,50,8,5
46,1,60,FrameTimeStutter,5.000,shockwave,practice,2026-09-08T15:22:26.1967969-04:00,1,293,5.32342,16.7615,471.69,1111.99,0.000,0.000,-5.0431,6.6619,1.1089,Left,0,0,0,0,0.0000,300.000,0,0.000,0,127.500,71.914,4.500,0.0300,1.0000,100.00,shockwave,60,450;300;200;100;50,2,6,1.5,2.5,100,-10,5,250,40,5,250,60,1,8,11,0,0.06,4,0.5,50,8,5
46,1,60,FrameTimeStutter,5.000,shockwave,practice,2026-09-08T15:22:26.1967969-04:00,1,294,5.34031,16.8912,471.69,1111.99,0.000,0.000,-5.0431,6.6619,1.1089,Left,0,0,0,0,0.0000,300.000,0,0.000,0,127.500,71.914,4.500,0.0300,1.0000,100.00,shockwave,60,450;300;200;100;50,2,6,1.5,2.5,100,-10,5,250,40,5,250,60,1,8,11,0,0.06,4,0.5,50,8,5
46,1,60,FrameTimeStutter,5.000,shockwave,practice,2026-09-08T15:22:26.1967969-04:00,1,295,5.35655,16.2343,471.69,1111.99,0.000,0.000,-5.0431,6.6619,1.1089,Left,0,0,0,0,0.0000,300.000,0,0.000,0,127.500,71.914,4.500,0.0300,1.0000,100.00,shockwave,60,450;300;200;100;50,2,6,1.5,2.5,100,-10,5,250,40,5,250,60,1,8,11,0,0.06,4,0.5,50,8,5
46,1,60,FrameTimeStutter,5.000,shockwave,practice,2026-09-08T15:22:26.1967969-04:00,1,296,5.37315,16.5985,471.69,1111.99,0.000,0.000,-5.0431,6.6619,1.1089,Left,0,0,0,0,0.0000,300.000,0,0.000,0,127.500,71.914,4.500,0.0300,1.0000,100.00,shockwave,60,450;300;200;100;50,2,6,1.5,2.5,100,-10,5,250,40,5,250,60,1,8,11,0,0.06,4,0.5,50,8,5
46,1,60,FrameTimeStutter,5.000,shockwave,practice,2026-09-08T15:22:26.1967969-04:00,1,297,5.39000,16.8486,471.69,1111.99,0.000,0.000,-5.0431,6.6619,1.1089,Left,0,0,0,0,0.0000,300.000,0,0.000,0,127.500,71.914,4.500,0.0300,1.0000,100.00,shockwave,60,450;300;200;100;50,2,6,1.5,2.5,100,-10,5,250,40,5,250,60,1,8,11,0,0.06,4,0.5,50,8,5
46,1,60,FrameTimeStutter,5.000,shockwave,practice,2026-09-08T15:22:26.1967969-04:00,1,298,5.40705,17.0551,471.69,1111.99,0.000,0.000,-5.0431,6.6619,1.1089,Left,0,0,0,0,0.0000,300.000,0,0.000,0,127.500,71.914,4.500,0.0300,1.0000,100.00,shockwave,60,450;300;200;100;50,2,6,1.5,2.5,100,-10,5,250,40,5,250,60,1,8,11,0,0.06,4,0.5,50,8,5
46,1,60,FrameTimeStutter,5.000,shockwave,practice,2026-09-08T15:22:26.1967969-04:00,1,299,5.42327,16.2227,471.69,1111.99,0.000,0.000,-5.0431,6.6619,1.1089,Left,0,0,0,0,0.0000,300.000,0,0.000,0,127.500,71.914,4.500,0.0300,1.0000,100.00,shockwave,60,450;300;200;100;50,2,6,1.5,2.5,100,-10,5,250,40,5,250,60,1,8,11,0,0.06,4,0.5,50,8,5
46,1,60,FrameTimeStutter,5.000,shockwave,practice,2026-09-08T15:22:26.1967969-04:00,1,300,5.43950,16.2290,471.69,1111.99,0.000,0.000,-5.0431,6.6619,1.1089,Left,0,0,0,0,0.0000,300.000,0,0.000,0,127.500,71.914,4.500,0.0300,1.0000,100.00,shockwave,60,450;300;200;100;50,2,6,1.5,2.5,100,-10,5,250,40,5,250,60,1,8,11,0,0.06,4,0.5,50,8,5
46,1,60,FrameTimeStutter,5.000,shockwave,practice,2026-09-08T15:22:26.1967969-04:00,1,301,5.45706,17.5540,471.69,1111.99,0.000,0.000,-5.0431,6.6619,1.1089,Left,0,0,0,0,0.0000,300.000,0,0.000,0,127.500,71.914,4.500,0.0300,1.0000,100.00,shockwave,60,450;300;200;100;50,2,6,1.5,2.5,100,-10,5,250,40,5,250,60,1,8,11,0,0.06,4,0.5,50,8,5
46,1,60,FrameTimeStutter,5.000,shockwave,practice,2026-09-08T15:22:26.1967969-04:00,1,302,5.47346,16.4069,471.69,1111.99,0.000,0.000,-5.0431,6.6619,1.1089,Left,0,0,0,0,0.0000,300.000,0,0.000,0,127.500,71.914,4.500,0.0300,1.0000,100.00,shockwave,60,450;300;200;100;50,2,6,1.5,2.5,100,-10,5,250,40,5,250,60,1,8,11,0,0.06,4,0.5,50,8,5
46,1,60,FrameTimeStutter,5.000,shockwave,practice,2026-09-08T15:22:26.1967969-04:00,1,303,5.48961,16.1449,471.69,1111.99,0.000,0.000,-5.0431,6.6619,1.1089,Left,0,0,0,0,0.0000,300.000,0,0.000,0,127.500,71.914,4.500,0.0300,1.0000,100.00,shockwave,60,450;300;200;100;50,2,6,1.5,2.5,100,-10,5,250,40,5,250,60,1,8,11,0,0.06,4,0.5,50,8,5
46,1,60,FrameTimeStutter,5.000,shockwave,practice,2026-09-08T15:22:26.1967969-04:00,1,304,5.50637,16.7609,471.69,1111.99,0.000,0.000,-5.0431,6.6619,1.1089,Left,0,0,0,0,0.0000,300.000,0,0.000,0,127.500,71.914,4.500,0.0300,1.0000,100.00,shockwave,60,450;300;200;100;50,2,6,1.5,2.5,100,-10,5,250,40,5,250,60,1,8,11,0,0.06,4,0.5,50,8,5
46,1,60,FrameTimeStutter,5.000,shockwave,practice,2026-09-08T15:22:26.1967969-04:00,1,305,5.52327,16.8959,471.69,1111.99,0.000,0.000,-5.0431,6.6619,1.1089,Left,0,0,0,0,0.0000,300.000,0,0.000,0,127.500,71.914,4.500,0.0300,1.0000,100.00,shockwave,60,450;300;200;100;50,2,6,1.5,2.5,100,-10,5,250,40,5,250,60,1,8,11,0,0.06,4,0.5,50,8,5
46,1,60,FrameTimeStutter,5.000,shockwave,practice,2026-09-08T15:22:26.1967969-04:00,1,306,5.53996,16.6921,471.69,1111.99,0.000,0.000,-5.0431,6.6619,1.1089,Left,0,0,0,0,0.0000,300.000,0,0.000,0,127.500,71.914,4.500,0.0300,1.0000,100.00,shockwave,60,450;300;200;100;50,2,6,1.5,2.5,100,-10,5,250,40,5,250,60,1,8,11,0,0.06,4,0.5,50,8,5
46,1,60,FrameTimeStutter,5.000,shockwave,practice,2026-09-08T15:22:26.1967969-04:00,1,307,5.55701,17.0560,471.69,1111.99,0.000,0.000,-5.0431,6.6619,1.1089,Left,0,0,0,0,0.0000,300.000,0,0.000,0,127.500,71.914,4.500,0.0300,1.0000,100.00,shockwave,60,450;300;200;100;50,2,6,1.5,2.5,100,-10,5,250,40,5,250,60,1,8,11,0,0.06,4,0.5,50,8,5
46,1,60,FrameTimeStutter,5.000,shockwave,practice,2026-09-08T15:22:26.1967969-04:00,1,308,5.57356,16.5452,471.69,1111.99,0.000,0.000,-5.0431,6.6619,1.1089,Left,0,0,0,0,0.0000,300.000,0,0.000,0,127.500,71.914,4.500,0.0300,1.0000,100.00,shockwave,60,450;300;200;100;50,2,6,1.5,2.5,100,-10,5,250,40,5,250,60,1,8,11,0,0.06,4,0.5,50,8,5
46,1,60,FrameTimeStutter,5.000,shockwave,practice,2026-09-08T15:22:26.1967969-04:00,1,309,5.59002,16.4632,471.69,1111.99,0.000,0.000,-5.0431,6.6619,1.1089,Left,0,0,0,0,0.0000,300.000,0,0.000,0,127.500,71.914,4.500,0.0300,1.0000,100.00,shockwave,60,450;300;200;100;50,2,6,1.5,2.5,100,-10,5,250,40,5,250,60,1,8,11,0,0.06,4,0.5,50,8,5
46,1,60,FrameTimeStutter,5.000,shockwave,practice,2026-09-08T15:22:26.1967969-04:00,1,310,5.60686,16.8419,471.69,1111.99,0.000,0.000,-5.0431,6.6619,1.1089,Left,0,0,0,0,0.0000,300.000,0,0.000,0,127.500,71.914,4.500,0.0300,1.0000,100.00,shockwave,60,450;300;200;100;50,2,6,1.5,2.5,100,-10,5,250,40,5,250,60,1,8,11,0,0.06,4,0.5,50,8,5
46,1,60,FrameTimeStutter,5.000,shockwave,practice,2026-09-08T15:22:26.1967969-04:00,1,311,5.62317,16.3015,471.69,1111.99,0.000,0.000,-5.0431,6.6619,1.1089,Left,0,0,0,0,0.0000,300.000,0,0.000,0,127.500,71.914,4.500,0.0300,1.0000,100.00,shockwave,60,450;300;200;100;50,2,6,1.5,2.5,100,-10,5,250,40,5,250,60,1,8,11,0,0.06,4,0.5,50,8,5
46,1,60,FrameTimeStutter,5.000,shockwave,practice,2026-09-08T15:22:26.1967969-04:00,1,312,5.64023,17.0642,471.69,1111.99,0.000,0.000,-5.0431,6.6619,1.1089,Left,0,0,0,0,0.0000,300.000,0,0.000,0,127.500,71.914,4.500,0.0300,1.0000,100.00,shockwave,60,450;300;200;100;50,2,6,1.5,2.5,100,-10,5,250,40,5,250,60,1,8,11,0,0.06,4,0.5,50,8,5
46,1,60,FrameTimeStutter,5.000,shockwave,practice,2026-09-08T15:22:26.1967969-04:00,1,313,5.65645,16.2217,471.69,1111.99,0.000,0.000,-5.0431,6.6619,1.1089,Left,0,0,0,0,0.0000,300.000,0,0.000,0,127.500,71.914,4.500,0.0300,1.0000,100.00,shockwave,60,450;300;200;100;50,2,6,1.5,2.5,100,-10,5,250,40,5,250,60,1,8,11,0,0.06,4,0.5,50,8,5
46,1,60,FrameTimeStutter,5.000,shockwave,practice,2026-09-08T15:22:26.1967969-04:00,1,314,5.67304,16.5925,471.69,1111.99,0.000,0.000,-5.0431,6.6619,1.1089,Left,0,0,0,0,0.0000,300.000,0,0.000,0,127.500,71.914,4.500,0.0300,1.0000,100.00,shockwave,60,450;300;200;100;50,2,6,1.5,2.5,100,-10,5,250,40,5,250,60,1,8,11,0,0.06,4,0.5,50,8,5
46,1,60,FrameTimeStutter,5.000,shockwave,practice,2026-09-08T15:22:26.1967969-04:00,1,315,5.69004,16.9959,471.69,1111.99,0.000,0.000,-5.0431,6.6619,1.1089,Left,0,0,0,0,0.0000,300.000,0,0.000,0,127.500,71.914,4.500,0.0300,1.0000,100.00,shockwave,60,450;300;200;100;50,2,6,1.5,2.5,100,-10,5,250,40,5,250,60,1,8,11,0,0.06,4,0.5,50,8,5
46,1,60,FrameTimeStutter,5.000,shockwave,practice,2026-09-08T15:22:26.1967969-04:00,1,316,5.70665,16.6134,471.69,1111.99,0.000,0.000,-5.0431,6.6619,1.1089,Left,0,0,0,0,0.0000,300.000,0,0.000,0,127.500,71.914,4.500,0.0300,1.0000,100.00,shockwave,60,450;300;200;100;50,2,6,1.5,2.5,100,-10,5,250,40,5,250,60,1,8,11,0,0.06,4,0.5,50,8,5
46,1,60,FrameTimeStutter,5.000,shockwave,practice,2026-09-08T15:22:26.1967969-04:00,1,317,5.72310,16.4491,471.69,1111.99,0.000,0.000,-5.0431,6.6619,1.1089,Left,0,0,0,0,0.0000,300.000,0,0.000,0,127.500,71.914,4.500,0.0300,1.0000,100.00,shockwave,60,450;300;200;100;50,2,6,1.5,2.5,100,-10,5,250,40,5,250,60,1,8,11,0,0.06,4,0.5,50,8,5
46,1,60,FrameTimeStutter,5.000,shockwave,practice,2026-09-08T15:22:26.1967969-04:00,1,318,5.73992,16.8208,471.69,1111.99,0.000,0.000,-5.0431,6.6619,1.1089,Left,0,0,0,0,0.0000,300.000,0,0.000,0,127.500,71.914,4.500,0.0300,1.0000,100.00,shockwave,60,450;300;200;100;50,2,6,1.5,2.5,100,-10,5,250,40,5,250,60,1,8,11,0,0.06,4,0.5,50,8,5
46,1,60,FrameTimeStutter,5.000,shockwave,practice,2026-09-08T15:22:26.1967969-04:00,1,319,5.75673,16.8029,471.69,1111.99,0.000,0.000,-5.0431,6.6619,1.1089,Left,0,0,0,0,0.0000,300.000,0,0.000,0,127.500,71.914,4.500,0.0300,1.0000,100.00,shockwave,60,450;300;200;100;50,2,6,1.5,2.5,100,-10,5,250,40,5,250,60,1,8,11,0,0.06,4,0.5,50,8,5
46,1,60,FrameTimeStutter,5.000,shockwave,practice,2026-09-08T15:22:26.1967969-04:00,1,320,5.77287,16.1475,471.69,1111.99,0.000,0.000,-5.0431,6.6619,1.1089,Left,0,0,0,0,0.0000,300.000,0,0.000,0,127.500,71.914,4.500,0.0300,1.0000,100.00,shockwave,60,450;300;200;100;50,2,6,1.5,2.5,100,-10,5,250,40,5,250,60,1,8,11,0,0.06,4,0.5,50,8,5
46,1,60,FrameTimeStutter,5.000,shockwave,practice,2026-09-08T15:22:26.1967969-04:00,1,321,5.78967,16.7928,471.69,1111.99,0.000,0.000,-5.0431,6.6619,1.1089,Left,0,0,0,0,0.0000,300.000,0,0.000,0,127.500,71.914,4.500,0.0300,1.0000,100.00,shockwave,60,450;300;200;100;50,2,6,1.5,2.5,100,-10,5,250,40,5,250,60,1,8,11,0,0.06,4,0.5,50,8,5
46,1,60,FrameTimeStutter,5.000,shockwave,practice,2026-09-08T15:22:26.1967969-04:00,1,322,5.80684,17.1755,471.69,1111.99,0.000,0.000,-5.0431,6.6619,1.1089,Left,0,0,0,0,0.0000,300.000,0,0.000,0,127.500,71.914,4.500,0.0300,1.0000,100.00,shockwave,60,450;300;200;100;50,2,6,1.5,2.5,100,-10,5,250,40,5,250,60,1,8,11,0,0.06,4,0.5,50,8,5
46,1,60,FrameTimeStutter,5.000,shockwave,practice,2026-09-08T15:22:26.1967969-04:00,1,323,5.82348,16.6411,471.69,1111.99,0.000,0.000,-5.0431,6.6619,1.1089,Left,0,0,0,0,0.0000,300.000,0,0.000,0,127.500,71.914,4.500,0.0300,1.0000,100.00,shockwave,60,450;300;200;100;50,2,6,1.5,2.5,100,-10,5,250,40,5,250,60,1,8,11,0,0.06,4,0.5,50,8,5
46,1,60,FrameTimeStutter,5.000,shockwave,practice,2026-09-08T15:22:26.1967969-04:00,1,324,5.84008,16.5988,471.69,1111.99,0.000,0.000,-5.0431,6.6619,1.1089,Left,0,0,0,0,0.0000,300.000,0,0.000,0,127.500,71.914,4.500,0.0300,1.0000,100.00,shockwave,60,450;300;200;100;50,2,6,1.5,2.5,100,-10,5,250,40,5,250,60,1,8,11,0,0.06,4,0.5,50,8,5
46,1,60,FrameTimeStutter,5.000,shockwave,practice,2026-09-08T15:22:26.1967969-04:00,1,325,5.85664,16.5587,471.69,1111.99,0.000,0.000,-5.0431,6.6619,1.1089,Left,0,0,0,0,0.0000,300.000,0,0.000,0,127.500,71.914,4.500,0.0300,1.0000,100.00,shockwave,60,450;300;200;100;50,2,6,1.5,2.5,100,-10,5,250,40,5,250,60,1,8,11,0,0.06,4,0.5,50,8,5
46,1,60,FrameTimeStutter,5.000,shockwave,practice,2026-09-08T15:22:26.1967969-04:00,1,326,5.87329,16.6545,471.69,1111.99,0.000,0.000,-5.0431,6.6619,1.1089,Left,0,0,0,0,0.0000,300.000,0,0.000,0,127.500,71.914,4.500,0.0300,1.0000,100.00,shockwave,60,450;300;200;100;50,2,6,1.5,2.5,100,-10,5,250,40,5,250,60,1,8,11,0,0.06,4,0.5,50,8,5
46,1,60,FrameTimeStutter,5.000,shockwave,practice,2026-09-08T15:22:26.1967969-04:00,1,327,5.88968,16.3855,471.69,1111.99,0.000,0.000,-5.0431,6.6619,1.1089,Left,0,0,0,0,0.0000,300.000,0,0.000,0,127.500,71.914,4.500,0.0300,1.0000,100.00,shockwave,60,450;300;200;100;50,2,6,1.5,2.5,100,-10,5,250,40,5,250,60,1,8,11,0,0.06,4,0.5,50,8,5
46,1,60,FrameTimeStutter,5.000,shockwave,practice,2026-09-08T15:22:26.1967969-04:00,1,328,5.90622,16.5441,471.69,1111.99,0.000,0.000,-5.0431,6.6619,1.1089,Left,0,0,0,0,0.0000,300.000,0,0.000,0,127.500,71.914,4.500,0.0300,1.0000,100.00,shockwave,60,450;300;200;100;50,2,6,1.5,2.5,100,-10,5,250,40,5,250,60,1,8,11,0,0.06,4,0.5,50,8,5
46,1,60,FrameTimeStutter,5.000,shockwave,practice,2026-09-08T15:22:26.1967969-04:00,1,329,5.92353,17.3078,471.69,1111.99,0.000,0.000,-5.0431,6.6619,1.1089,Left,0,0,0,0,0.0000,300.000,0,0.000,0,127.500,71.914,4.500,0.0300,1.0000,100.00,shockwave,60,450;300;200;100;50,2,6,1.5,2.5,100,-10,5,250,40,5,250,60,1,8,11,0,0.06,4,0.5,50,8,5
46,1,60,FrameTimeStutter,5.000,shockwave,practice,2026-09-08T15:22:26.1967969-04:00,1,330,5.94017,16.6389,471.69,1111.99,0.000,0.000,-5.0431,6.6619,1.1089,Left,0,0,0,0,0.0000,300.000,0,0.000,0,127.500,71.914,4.500,0.0300,1.0000,100.00,shockwave,60,450;300;200;100;50,2,6,1.5,2.5,100,-10,5,250,40,5,250,60,1,8,11,0,0.06,4,0.5,50,8,5
46,1,60,FrameTimeStutter,5.000,shockwave,practice,2026-09-08T15:22:26.1967969-04:00,1,331,5.95650,16.3325,471.69,1111.99,0.000,0.000,-5.0431,6.6619,1.1089,Left,0,0,0,0,0.0000,300.000,0,0.000,0,127.500,71.914,4.500,0.0300,1.0000,100.00,shockwave,60,450;300;200;100;50,2,6,1.5,2.5,100,-10,5,250,40,5,250,60,1,8,11,0,0.06,4,0.5,50,8,5
46,1,60,FrameTimeStutter,5.000,shockwave,practice,2026-09-08T15:22:26.1967969-04:00,1,332,5.97345,16.9441,471.69,1111.99,0.000,0.000,-5.0431,6.6619,1.1089,Left,0,0,0,0,0.0000,300.000,0,0.000,0,127.500,71.914,4.500,0.0300,1.0000,100.00,shockwave,60,450;300;200;100;50,2,6,1.5,2.5,100,-10,5,250,40,5,250,60,1,8,11,0,0.06,4,0.5,50,8,5
46,1,60,FrameTimeStutter,5.000,shockwave,practice,2026-09-08T15:22:26.1967969-04:00,1,333,5.99027,16.8178,471.69,1111.99,0.000,0.000,-5.0431,6.6619,1.1089,Left,0,0,0,0,0.0000,300.000,0,0.000,0,127.500,71.914,4.500,0.0300,1.0000,100.00,shockwave,60,450;300;200;100;50,2,6,1.5,2.5,100,-10,5,250,40,5,250,60,1,8,11,0,0.06,4,0.5,50,8,5
46,1,60,FrameTimeStutter,5.000,shockwave,practice,2026-09-08T15:22:26.1967969-04:00,1,334,6.00635,16.0832,471.69,1111.99,0.000,0.000,-5.0431,6.6619,1.1089,Left,0,0,0,0,0.0000,300.000,0,0.000,0,127.500,71.914,4.500,0.0300,1.0000,100.00,shockwave,60,450;300;200;100;50,2,6,1.5,2.5,100,-10,5,250,40,5,250,60,1,8,11,0,0.06,4,0.5,50,8,5
46,1,60,FrameTimeStutter,5.000,shockwave,practice,2026-09-08T15:22:26.1967969-04:00,1,335,6.02312,16.7749,471.69,1111.99,0.000,0.000,-5.0431,6.6619,1.1089,Left,0,0,0,0,0.0000,300.000,0,0.000,0,127.500,71.914,4.500,0.0300,1.0000,100.00,shockwave,60,450;300;200;100;50,2,6,1.5,2.5,100,-10,5,250,40,5,250,60,1,8,11,0,0.06,4,0.5,50,8,5
46,1,60,FrameTimeStutter,5.000,shockwave,practice,2026-09-08T15:22:26.1967969-04:00,1,336,6.03980,16.6787,471.69,1111.99,0.000,0.000,-5.0431,6.6619,1.1089,Left,0,0,0,0,0.0000,300.000,0,0.000,0,127.500,71.914,4.500,0.0300,1.0000,100.00,shockwave,60,450;300;200;100;50,2,6,1.5,2.5,100,-10,5,250,40,5,250,60,1,8,11,0,0.06,4,0.5,50,8,5
46,1,60,FrameTimeStutter,5.000,shockwave,practice,2026-09-08T15:22:26.1967969-04:00,1,337,6.05656,16.7568,471.69,1111.99,0.000,0.000,-5.0431,6.6619,1.1089,Left,0,0,0,0,0.0000,300.000,0,0.000,0,127.500,71.914,4.500,0.0300,1.0000,100.00,shockwave,60,450;300;200;100;50,2,6,1.5,2.5,100,-10,5,250,40,5,250,60,1,8,11,0,0.06,4,0.5,50,8,5
46,1,60,FrameTimeStutter,5.000,shockwave,practice,2026-09-08T15:22:26.1967969-04:00,1,338,6.07309,16.5286,471.69,1111.99,0.000,0.000,-5.0431,6.6619,1.1089,Left,0,0,0,0,0.0000,300.000,0,0.000,0,127.500,71.914,4.500,0.0300,1.0000,100.00,shockwave,60,450;300;200;100;50,2,6,1.5,2.5,100,-10,5,250,40,5,250,60,1,8,11,0,0.06,4,0.5,50,8,5
46,1,60,FrameTimeStutter,5.000,shockwave,practice,2026-09-08T15:22:26.1967969-04:00,1,339,6.08977,16.6826,471.69,1111.99,0.000,0.000,-5.0431,6.6619,1.1089,Left,0,0,0,0,0.0000,300.000,0,0.000,0,127.500,71.914,4.500,0.0300,1.0000,100.00,shockwave,60,450;300;200;100;50,2,6,1.5,2.5,100,-10,5,250,40,5,250,60,1,8,11,0,0.06,4,0.5,50,8,5
46,1,60,FrameTimeStutter,5.000,shockwave,practice,2026-09-08T15:22:26.1967969-04:00,1,340,6.10681,17.0428,471.69,1111.99,0.000,0.000,-5.0431,6.6619,1.1089,Left,0,0,0,0,0.0000,300.000,0,0.000,0,127.500,71.914,4.500,0.0300,1.0000,100.00,shockwave,60,450;300;200;100;50,2,6,1.5,2.5,100,-10,5,250,40,5,250,60,1,8,11,0,0.06,4,0.5,50,8,5
46,1,60,FrameTimeStutter,5.000,shockwave,practice,2026-09-08T15:22:26.1967969-04:00,1,341,6.12319,16.3752,471.69,1111.99,0.000,0.000,-5.0431,6.6619,1.1089,Left,0,0,0,0,0.0000,300.000,0,0.000,0,127.500,71.914,4.500,0.0300,1.0000,100.00,shockwave,60,450;300;200;100;50,2,6,1.5,2.5,100,-10,5,250,40,5,250,60,1,8,11,0,0.06,4,0.5,50,8,5
46,1,60,FrameTimeStutter,5.000,shockwave,practice,2026-09-08T15:22:26.1967969-04:00,1,342,6.14037,17.1806,471.69,1111.99,0.000,0.000,-5.0431,6.6619,1.1089,Left,0,0,0,0,0.0000,300.000,0,0.000,0,127.500,71.914,4.500,0.0300,1.0000,100.00,shockwave,60,450;300;200;100;50,2,6,1.5,2.5,100,-10,5,250,40,5,250,60,1,8,11,0,0.06,4,0.5,50,8,5
46,1,60,FrameTimeStutter,5.000,shockwave,practice,2026-09-08T15:22:26.1967969-04:00,1,343,6.15685,16.4851,471.69,1111.99,0.000,0.000,-5.0431,6.6619,1.1089,Left,0,0,0,0,0.0000,300.000,0,0.000,0,127.500,71.914,4.500,0.0300,1.0000,100.00,shockwave,60,450;300;200;100;50,2,6,1.5,2.5,100,-10,5,250,40,5,250,60,1,8,11,0,0.06,4,0.5,50,8,5
46,1,60,FrameTimeStutter,5.000,shockwave,practice,2026-09-08T15:22:26.1967969-04:00,1,344,6.17320,16.3500,471.69,1111.99,0.000,0.000,-5.0431,6.6619,1.1089,Left,0,0,0,0,0.0000,300.000,0,0.000,0,127.500,71.914,4.500,0.0300,1.0000,100.00,shockwave,60,450;300;200;100;50,2,6,1.5,2.5,100,-10,5,250,40,5,250,60,1,8,11,0,0.06,4,0.5,50,8,5
46,1,60,FrameTimeStutter,5.000,shockwave,practice,2026-09-08T15:22:26.1967969-04:00,1,345,6.18967,16.4688,471.69,1111.99,0.000,0.000,-5.0431,6.6619,1.1089,Left,0,0,0,0,0.0000,300.000,0,0.000,0,127.500,71.914,4.500,0.0300,1.0000,100.00,shockwave,60,450;300;200;100;50,2,6,1.5,2.5,100,-10,5,250,40,5,250,60,1,8,11,0,0.06,4,0.5,50,8,5
46,1,60,FrameTimeStutter,5.000,shockwave,practice,2026-09-08T15:22:26.1967969-04:00,1,346,6.20687,17.1962,471.69,1111.99,0.000,0.000,-5.0431,6.6619,1.1089,Left,0,0,0,0,0.0000,300.000,0,0.000,0,127.500,71.914,4.500,0.0300,1.0000,100.00,shockwave,60,450;300;200;100;50,2,6,1.5,2.5,100,-10,5,250,40,5,250,60,1,8,11,0,0.06,4,0.5,50,8,5
46,1,60,FrameTimeStutter,5.000,shockwave,practice,2026-09-08T15:22:26.1967969-04:00,1,347,6.22315,16.2853,471.69,1111.99,0.000,0.000,-5.0431,6.6619,1.1089,Left,0,0,0,0,0.0000,300.000,0,0.000,0,127.500,71.914,4.500,0.0300,1.0000,100.00,shockwave,60,450;300;200;100;50,2,6,1.5,2.5,100,-10,5,250,40,5,250,60,1,8,11,0,0.06,4,0.5,50,8,5
46,1,60,FrameTimeStutter,5.000,shockwave,practice,2026-09-08T15:22:26.1967969-04:00,1,348,6.24038,17.2261,471.69,1111.99,0.000,0.000,-5.0431,6.6619,1.1089,Left,0,0,0,0,0.0000,300.000,0,0.000,0,127.500,71.914,4.500,0.0300,1.0000,100.00,shockwave,60,450;300;200;100;50,2,6,1.5,2.5,100,-10,5,250,40,5,250,60,1,8,11,0,0.06,4,0.5,50,8,5
46,1,60,FrameTimeStutter,5.000,shockwave,practice,2026-09-08T15:22:26.1967969-04:00,1,349,6.25673,16.3480,471.69,1111.99,0.000,0.000,-5.0431,6.6619,1.1089,Left,0,0,0,0,0.0000,300.000,0,0.000,0,127.500,71.914,4.500,0.0300,1.0000,100.00,shockwave,60,450;300;200;100;50,2,6,1.5,2.5,100,-10,5,250,40,5,250,60,1,8,11,0,0.06,4,0.5,50,8,5
46,1,60,FrameTimeStutter,5.000,shockwave,practice,2026-09-08T15:22:26.1967969-04:00,1,350,6.27295,16.2208,471.69,1111.99,0.000,0.000,-5.0431,6.6619,1.1089,Left,0,0,0,0,0.0000,300.000,0,0.000,0,127.500,71.914,4.500,0.0300,1.0000,100.00,shockwave,60,450;300;200;100;50,2,6,1.5,2.5,100,-10,5,250,40,5,250,60,1,8,11,0,0.06,4,0.5,50,8,5
46,1,60,FrameTimeStutter,5.000,shockwave,practice,2026-09-08T15:22:26.1967969-04:00,1,351,6.29027,17.3155,471.69,1111.99,0.000,0.000,-5.0431,6.6619,1.1089,Left,0,0,0,0,0.0000,300.000,0,0.000,0,127.500,71.914,4.500,0.0300,1.0000,100.00,shockwave,60,450;300;200;100;50,2,6,1.5,2.5,100,-10,5,250,40,5,250,60,1,8,11,0,0.06,4,0.5,50,8,5
46,1,60,FrameTimeStutter,5.000,shockwave,practice,2026-09-08T15:22:26.1967969-04:00,1,352,6.30635,16.0895,471.69,1111.99,0.000,0.000,-5.0431,6.6619,1.1089,Left,0,0,0,0,0.0000,300.000,0,0.000,0,127.500,71.914,4.500,0.0300,1.0000,100.00,shockwave,60,450;300;200;100;50,2,6,1.5,2.5,100,-10,5,250,40,5,250,60,1,8,11,0,0.06,4,0.5,50,8,5
46,1,60,FrameTimeStutter,5.000,shockwave,practice,2026-09-08T15:22:26.1967969-04:00,1,353,6.32335,16.9998,471.69,1111.99,0.000,0.000,-5.0431,6.6619,1.1089,Left,0,0,0,0,0.0000,300.000,0,0.000,0,127.500,71.914,4.500,0.0300,1.0000,100.00,shockwave,60,450;300;200;100;50,2,6,1.5,2.5,100,-10,5,250,40,5,250,60,1,8,11,0,0.06,4,0.5,50,8,5
46,1,60,FrameTimeStutter,5.000,shockwave,practice,2026-09-08T15:22:26.1967969-04:00,1,354,6.33977,16.4130,471.69,1111.99,0.000,0.000,-5.0431,6.6619,1.1089,Left,0,0,0,0,0.0000,300.000,0,0.000,0,127.500,71.914,4.500,0.0300,1.0000,100.00,shockwave,60,450;300;200;100;50,2,6,1.5,2.5,100,-10,5,250,40,5,250,60,1,8,11,0,0.06,4,0.5,50,8,5
46,1,60,FrameTimeStutter,5.000,shockwave,practice,2026-09-08T15:22:26.1967969-04:00,1,355,6.35656,16.7942,471.69,1111.99,0.000,0.000,-5.0431,6.6619,1.1089,Left,0,0,0,0,0.0000,300.000,0,0.000,0,127.500,71.914,4.500,0.0300,1.0000,100.00,shockwave,60,450;300;200;100;50,2,6,1.5,2.5,100,-10,5,250,40,5,250,60,1,8,11,0,0.06,4,0.5,50,8,5
46,1,60,FrameTimeStutter,5.000,shockwave,practice,2026-09-08T15:22:26.1967969-04:00,1,356,6.37351,16.9514,471.69,1111.99,0.000,0.000,-5.0431,6.6619,1.1089,Left,0,0,0,0,0.0000,300.000,0,0.000,0,127.500,71.914,4.500,0.0300,1.0000,100.00,shockwave,60,450;300;200;100;50,2,6,1.5,2.5,100,-10,5,250,40,5,250,60,1,8,11,0,0.06,4,0.5,50,8,5
46,1,60,FrameTimeStutter,5.000,shockwave,practice,2026-09-08T15:22:26.1967969-04:00,1,357,6.38957,16.0554,471.69,1111.99,0.000,0.000,-5.0431,6.6619,1.1089,Left,0,0,0,0,0.0000,300.000,0,0.000,0,127.500,71.914,4.500,0.0300,1.0000,100.00,shockwave,60,450;300;200;100;50,2,6,1.5,2.5,100,-10,5,250,40,5,250,60,1,8,11,0,0.06,4,0.5,50,8,5
46,1,60,FrameTimeStutter,5.000,shockwave,practice,2026-09-08T15:22:26.1967969-04:00,1,358,6.40641,16.8463,471.69,1111.99,0.000,0.000,-5.0431,6.6619,1.1089,Left,0,0,0,0,0.0000,300.000,0,0.000,0,127.500,71.914,4.500,0.0300,1.0000,100.00,shockwave,60,450;300;200;100;50,2,6,1.5,2.5,100,-10,5,250,40,5,250,60,1,8,11,0,0.06,4,0.5,50,8,5
46,1,60,FrameTimeStutter,5.000,shockwave,practice,2026-09-08T15:22:26.1967969-04:00,1,359,6.98856,582.1459,1810.76,1544.53,0.000,0.000,-5.0431,6.6619,1.1089,Left,0,0,0,0,0.0000,300.000,0,0.000,0,127.500,71.914,4.500,0.0300,1.0000,100.00,shockwave,60,450;300;200;100;50,2,6,1.5,2.5,100,-10,5,250,40,5,250,60,1,8,11,0,0.06,4,0.5,50,8,5
46,1,60,FrameTimeStutter,5.000,shockwave,practice,2026-09-08T15:22:26.1967969-04:00,1,360,6.99564,7.0793,1810.76,1544.53,0.000,0.000,-5.0431,6.6619,1.1089,Left,0,0,0,0,0.0000,300.000,0,0.000,0,127.500,71.914,4.500,0.0300,1.0000,100.00,shockwave,60,450;300;200;100;50,2,6,1.5,2.5,100,-10,5,250,40,5,250,60,1,8,11,0,0.06,4,0.5,50,8,5
46,1,60,FrameTimeStutter,5.000,shockwave,practice,2026-09-08T15:22:26.1967969-04:00,1,361,7.00110,5.4610,1810.76,1544.53,0.000,0.000,-5.1139,6.6619,1.1089,Left,0,0,0,0,0.0000,300.000,0,0.000,0,127.500,71.914,4.500,0.0300,1.0000,100.00,shockwave,60,450;300;200;100;50,2,6,1.5,2.5,100,-10,5,250,40,5,250,60,1,8,11,0,0.06,4,0.5,50,8,5
46,1,60,FrameTimeStutter,5.000,shockwave,practice,2026-09-08T15:22:26.1967969-04:00,1,362,7.00580,4.6956,1810.76,1544.53,0.000,0.000,-5.1736,6.6619,1.1089,Left,0,0,0,0,0.0000,300.000,0,0.000,0,127.500,71.914,4.500,0.0300,1.0000,100.00,shockwave,60,450;300;200;100;50,2,6,1.5,2.5,100,-10,5,250,40,5,250,60,1,8,11,0,0.06,4,0.5,50,8,5
46,1,60,FrameTimeStutter,5.000,shockwave,practice,2026-09-08T15:22:26.1967969-04:00,1,363,7.01593,10.1303,1810.76,1544.53,0.000,0.000,-5.2989,6.6619,1.1089,Left,0,0,0,0,0.0000,300.000,0,0.000,0,127.500,71.914,4.500,0.0300,1.0000,100.00,shockwave,60,450;300;200;100;50,2,6,1.5,2.5,100,-10,5,250,40,5,250,60,1,8,11,0,0.06,4,0.5,50,8,5
46,1,60,FrameTimeStutter,5.000,shockwave,practice,2026-09-08T15:22:26.1967969-04:00,1,364,7.02890,12.9694,1810.76,1544.53,0.000,0.000,-5.4523,6.6619,1.1089,Left,0,0,0,0,0.0000,300.000,0,0.000,0,127.500,71.914,4.500,0.0300,1.0000,100.00,shockwave,60,450;300;200;100;50,2,6,1.5,2.5,100,-10,5,250,40,5,250,60,1,8,11,0,0.06,4,0.5,50,8,5
46,1,60,FrameTimeStutter,5.000,shockwave,practice,2026-09-08T15:22:26.1967969-04:00,1,365,7.04226,13.3602,1810.76,1544.53,0.000,0.000,-5.6025,6.6619,1.1089,Left,0,0,0,0,0.0000,300.000,0,0.000,0,127.500,71.914,4.500,0.0300,1.0000,100.00,shockwave,60,450;300;200;100;50,2,6,1.5,2.5,100,-10,5,250,40,5,250,60,1,8,11,0,0.06,4,0.5,50,8,5
46,1,60,FrameTimeStutter,5.000,shockwave,practice,2026-09-08T15:22:26.1967969-04:00,1,366,7.05994,17.6836,1810.76,1544.53,0.000,0.000,-5.7891,6.6619,1.1089,Left,0,0,0,0,0.0000,300.000,0,0.000,0,127.500,71.914,4.500,0.0300,1.0000,100.00,shockwave,60,450;300;200;100;50,2,6,1.5,2.5,100,-10,5,250,40,5,250,60,1,8,11,0,0.06,4,0.5,50,8,5
