sessionId,blockIndex,blockOrdinal,latinRow,latinOrder,weaponRun,unityApplicationFps,testMode,closeRadius,weapon,phase,phaseStartIso,roundNumber,frameIndex,timeSinceStartSec,unscaledDeltaMs,mouseX,mouseY,mouseDeltaX,mouseDeltaY,ufoX,ufoY,towerX,side,leftButtonDown,leftButtonPressed,fireKeyDown,shotFired,shotHitX,stimulusMs,spikeFired,stutterMs,windowOpen,threshEstimateMs,sd,slopeEstimate,lapseEstimate,accuracy,score,cfg_weapon,cfg_unityApplicationFps,cfg_practiceStuttersMs,cfg_practiceRepeatStuttersMs,cfg_swSpikeDelayMinSec,cfg_swSpikeDelayMaxSec,cfg_swWindowSec,cfg_swRespikeMinSec,cfg_swRespikeMaxSec,cfg_swMaxEarlyPerRound,cfg_maxSpikesPerRound,cfg_roundTimeoutSec,cfg_hitPoints,cfg_missPoints,cfg_stimMinMs,cfg_stimMaxMs,cfg_stimCount,cfg_threshMinMs,cfg_threshMaxMs,cfg_threshCount,cfg_slopeMin,cfg_slopeMax,cfg_slopeCount,cfg_lapseMin,cfg_lapseMax,cfg_lapseCount,cfg_guessRate,cfg_maxTrials,cfg_minTrials,cfg_stopSD
6,2,1,2,2;3;1;4,1,60,FrameTimeStutter,5.000,laser,practice,2026-09-21T19:06:24.6042923-04:00,1,0,0.00000,16.4466,2558.70,1440.00,0.000,0.000,0.3693,10.8134,-2.7661,Right,0,0,0,0,0.0000,450.000,0,0.000,0,127.500,71.914,4.000,0.0300,0.0000,0.00,laser,60,450;300;200;100;50,450,1.5,3,0.4,1.5,3,1,10,20,100,-10,5,250,40,5,250,60,1,7,10,0,0.06,4,0.222,50,8,5
6,2,1,2,2;3;1;4,1,60,FrameTimeStutter,5.000,laser,practice,2026-09-21T19:06:24.6042923-04:00,1,1,0.01627,16.2682,2558.70,1440.00,0.000,0.000,0.3693,10.8134,-2.7661,Right,0,0,0,0,0.0000,450.000,0,0.000,0,127.500,71.914,4.000,0.0300,0.0000,0.00,laser,60,450;300;200;100;50,450,1.5,3,0.4,1.5,3,1,10,20,100,-10,5,250,40,5,250,60,1,7,10,0,0.06,4,0.222,50,8,5
6,2,1,2,2;3;1;4,1,60,FrameTimeStutter,5.000,laser,practice,2026-09-21T19:06:24.6042923-04:00,1,2,0.03326,16.9943,2558.70,1440.00,0.000,0.000,0.3693,10.8134,-2.7661,Right,0,0,0,0,0.0000,450.000,0,0.000,0,127.500,71.914,4.000,0.0300,0.0000,0.00,laser,60,450;300;200;100;50,450,1.5,3,0.4,1.5,3,1,10,20,100,-10,5,250,40,5,250,60,1,7,10,0,0.06,4,0.222,50,8,5
6,2,1,2,2;3;1;4,1,60,FrameTimeStutter,5.000,laser,practice,2026-09-21T19:06:24.6042923-04:00,1,3,0.05025,16.9855,2558.70,1440.00,0.000,0.000,0.3693,10.8134,-2.7661,Right,0,0,0,0,0.0000,450.000,0,0.000,0,127.500,71.914,4.000,0.0300,0.0000,0.00,laser,60,450;300;200;100;50,450,1.5,3,0.4,1.5,3,1,10,20,100,-10,5,250,40,5,250,60,1,7,10,0,0.06,4,0.222,50,8,5
6,2,1,2,2;3;1;4,1,60,FrameTimeStutter,5.000,laser,practice,2026-09-21T19:06:24.6042923-04:00,1,4,0.06710,16.8480,2558.70,1440.00,0.000,0.000,0.3693,10.8134,-2.7661,Right,0,0,0,0,0.0000,450.000,0,0.000,0,127.500,71.914,4.000,0.0300,0.0000,0.00,laser,60,450;300;200;100;50,450,1.5,3,0.4,1.5,3,1,10,20,100,-10,5,250,40,5,250,60,1,7,10,0,0.06,4,0.222,50,8,5
6,2,1,2,2;3;1;4,1,60,FrameTimeStutter,5.000,laser,practice,2026-09-21T19:06:24.6042923-04:00,1,5,0.08424,17.1402,2558.70,1440.00,0.000,0.000,0.3693,10.8134,-2.7661,Right,0,0,0,0,0.0000,450.000,0,0.000,0,127.500,71.914,4.000,0.0300,0.0000,0.00,laser,60,450;300;200;100;50,450,1.5,3,0.4,1.5,3,1,10,20,100,-10,5,250,40,5,250,60,1,7,10,0,0.06,4,0.222,50,8,5
6,2,1,2,2;3;1;4,1,60,FrameTimeStutter,5.000,laser,practice,2026-09-21T19:06:24.6042923-04:00,1,6,0.10054,16.3064,2558.70,1440.00,0.000,0.000,0.3693,10.8134,-2.7661,Right,0,0,0,0,0.0000,450.000,0,0.000,0,127.500,71.914,4.000,0.0300,0.0000,0.00,laser,60,450;300;200;100;50,450,1.5,3,0.4,1.5,3,1,10,20,100,-10,5,250,40,5,250,60,1,7,10,0,0.06,4,0.222,50,8,5
6,2,1,2,2;3;1;4,1,60,FrameTimeStutter,5.000,laser,practice,2026-09-21T19:06:24.6042923-04:00,1,7,0.11730,16.7557,2558.70,1440.00,0.000,0.000,0.3693,10.8134,-2.7661,Right,0,0,0,0,0.0000,450.000,0,0.000,0,127.500,71.914,4.000,0.0300,0.0000,0.00,laser,60,450;300;200;100;50,450,1.5,3,0.4,1.5,3,1,10,20,100,-10,5,250,40,5,250,60,1,7,10,0,0.06,4,0.222,50,8,5
6,2,1,2,2;3;1;4,1,60,FrameTimeStutter,5.000,laser,practice,2026-09-21T19:06:24.6042923-04:00,1,8,0.13365,16.3518,2558.70,1440.00,0.000,0.000,0.3693,10.8134,-2.7661,Right,0,0,0,0,0.0000,450.000,0,0.000,0,127.500,71.914,4.000,0.0300,0.0000,0.00,laser,60,450;300;200;100;50,450,1.5,3,0.4,1.5,3,1,10,20,100,-10,5,250,40,5,250,60,1,7,10,0,0.06,4,0.222,50,8,5
6,2,1,2,2;3;1;4,1,60,FrameTimeStutter,5.000,laser,practice,2026-09-21T19:06:24.6042923-04:00,1,9,0.15067,17.0214,2558.70,1440.00,0.000,0.000,0.3693,10.8134,-2.7661,Right,0,0,0,0,0.0000,450.000,0,0.000,0,127.500,71.914,4.000,0.0300,0.0000,0.00,laser,60,450;300;200;100;50,450,1.5,3,0.4,1.5,3,1,10,20,100,-10,5,250,40,5,250,60,1,7,10,0,0.06,4,0.222,50,8,5
6,2,1,2,2;3;1;4,1,60,FrameTimeStutter,5.000,laser,practice,2026-09-21T19:06:24.6042923-04:00,1,10,0.16728,16.6125,2558.70,1440.00,0.000,0.000,0.3693,10.8134,-2.7661,Right,0,0,0,0,0.0000,450.000,0,0.000,0,127.500,71.914,4.000,0.0300,0.0000,0.00,laser,60,450;300;200;100;50,450,1.5,3,0.4,1.5,3,1,10,20,100,-10,5,250,40,5,250,60,1,7,10,0,0.06,4,0.222,50,8,5
6,2,1,2,2;3;1;4,1,60,FrameTimeStutter,5.000,laser,practice,2026-09-21T19:06:24.6042923-04:00,1,11,0.18368,16.3943,2558.70,1440.00,0.000,0.000,0.3693,10.8134,-2.7661,Right,0,0,0,0,0.0000,450.000,0,0.000,0,127.500,71.914,4.000,0.0300,0.0000,0.00,laser,60,450;300;200;100;50,450,1.5,3,0.4,1.5,3,1,10,20,100,-10,5,250,40,5,250,60,1,7,10,0,0.06,4,0.222,50,8,5
6,2,1,2,2;3;1;4,1,60,FrameTimeStutter,5.000,laser,practice,2026-09-21T19:06:24.6042923-04:00,1,12,0.19994,16.2668,2558.70,1440.00,0.000,0.000,0.3693,10.8134,-2.7661,Right,0,0,0,0,0.0000,450.000,0,0.000,0,127.500,71.914,4.000,0.0300,0.0000,0.00,laser,60,450;300;200;100;50,450,1.5,3,0.4,1.5,3,1,10,20,100,-10,5,250,40,5,250,60,1,7,10,0,0.06,4,0.222,50,8,5
6,2,1,2,2;3;1;4,1,60,FrameTimeStutter,5.000,laser,practice,2026-09-21T19:06:24.6042923-04:00,1,13,0.21657,16.6298,2558.70,1440.00,0.000,0.000,0.3693,10.8134,-2.7661,Right,1,1,0,1,0.3693,300.000,0,0.000,0,127.500,71.914,4.000,0.0300,1.0000,100.00,laser,60,450;300;200;100;50,450,1.5,3,0.4,1.5,3,1,10,20,100,-10,5,250,40,5,250,60,1,7,10,0,0.06,4,0.222,50,8,5
6,2,1,2,2;3;1;4,1,60,FrameTimeStutter,5.000,laser,practice,2026-09-21T19:06:24.6042923-04:00,2,14,0.28197,65.3939,2558.70,1440.00,0.000,0.000,0.3693,10.8134,-2.7661,Right,1,0,0,0,0.0000,300.000,0,0.000,0,127.500,71.914,4.000,0.0300,1.0000,100.00,laser,60,450;300;200;100;50,450,1.5,3,0.4,1.5,3,1,10,20,100,-10,5,250,40,5,250,60,1,7,10,0,0.06,4,0.222,50,8,5
6,2,1,2,2;3;1;4,1,60,FrameTimeStutter,5.000,laser,practice,2026-09-21T19:06:24.6042923-04:00,2,15,0.29934,17.3735,2558.70,1440.00,0.000,0.000,0.3693,10.8134,-2.7661,Right,1,0,0,0,0.0000,300.000,0,0.000,0,127.500,71.914,4.000,0.0300,1.0000,100.00,laser,60,450;300;200;100;50,450,1.5,3,0.4,1.5,3,1,10,20,100,-10,5,250,40,5,250,60,1,7,10,0,0.06,4,0.222,50,8,5
6,2,1,2,2;3;1;4,1,60,FrameTimeStutter,5.000,laser,practice,2026-09-21T19:06:24.6042923-04:00,2,16,0.31560,16.2584,2558.70,1440.00,0.000,0.000,0.3693,10.8134,-2.7661,Right,0,0,0,0,0.0000,300.000,0,0.000,0,127.500,71.914,4.000,0.0300,1.0000,100.00,laser,60,450;300;200;100;50,450,1.5,3,0.4,1.5,3,1,10,20,100,-10,5,250,40,5,250,60,1,7,10,0,0.06,4,0.222,50,8,5
6,2,1,2,2;3;1;4,1,60,FrameTimeStutter,5.000,laser,practice,2026-09-21T19:06:24.6042923-04:00,2,17,0.33141,15.8078,2558.70,1440.00,0.000,0.000,0.3693,10.8134,-2.7661,Right,0,0,0,0,0.0000,300.000,0,0.000,0,127.500,71.914,4.000,0.0300,1.0000,100.00,laser,60,450;300;200;100;50,450,1.5,3,0.4,1.5,3,1,10,20,100,-10,5,250,40,5,250,60,1,7,10,0,0.06,4,0.222,50,8,5
6,2,1,2,2;3;1;4,1,60,FrameTimeStutter,5.000,laser,practice,2026-09-21T19:06:24.6042923-04:00,2,18,0.34884,17.4273,2558.70,1440.00,0.000,0.000,0.3693,10.8134,-2.7661,Right,0,0,0,0,0.0000,300.000,0,0.000,0,127.500,71.914,4.000,0.0300,1.0000,100.00,laser,60,450;300;200;100;50,450,1.5,3,0.4,1.5,3,1,10,20,100,-10,5,250,40,5,250,60,1,7,10,0,0.06,4,0.222,50,8,5
6,2,1,2,2;3;1;4,1,60,FrameTimeStutter,5.000,laser,practice,2026-09-21T19:06:24.6042923-04:00,2,19,0.36561,16.7792,2558.70,1440.00,0.000,0.000,0.3693,10.8134,-2.7661,Right,0,0,0,0,0.0000,300.000,0,0.000,0,127.500,71.914,4.000,0.0300,1.0000,100.00,laser,60,450;300;200;100;50,450,1.5,3,0.4,1.5,3,1,10,20,100,-10,5,250,40,5,250,60,1,7,10,0,0.06,4,0.222,50,8,5
6,2,1,2,2;3;1;4,1,60,FrameTimeStutter,5.000,laser,practice,2026-09-21T19:06:24.6042923-04:00,2,20,0.38240,16.7867,2558.70,1440.00,0.000,0.000,0.3693,10.8134,-2.7661,Right,0,0,0,0,0.0000,300.000,0,0.000,0,127.500,71.914,4.000,0.0300,1.0000,100.00,laser,60,450;300;200;100;50,450,1.5,3,0.4,1.5,3,1,10,20,100,-10,5,250,40,5,250,60,1,7,10,0,0.06,4,0.222,50,8,5
6,2,1,2,2;3;1;4,1,60,FrameTimeStutter,5.000,laser,practice,2026-09-21T19:06:24.6042923-04:00,2,21,0.39885,16.4465,2558.70,1440.00,0.000,0.000,0.3693,10.8134,-2.7661,Right,0,0,0,0,0.0000,300.000,0,0.000,0,127.500,71.914,4.000,0.0300,1.0000,100.00,laser,60,450;300;200;100;50,450,1.5,3,0.4,1.5,3,1,10,20,100,-10,5,250,40,5,250,60,1,7,10,0,0.06,4,0.222,50,8,5
6,2,1,2,2;3;1;4,1,60,FrameTimeStutter,5.000,laser,practice,2026-09-21T19:06:24.6042923-04:00,2,22,0.41590,17.0499,2558.70,1440.00,0.000,0.000,0.3693,10.8134,-2.7661,Right,0,0,0,0,0.0000,300.000,0,0.000,0,127.500,71.914,4.000,0.0300,1.0000,100.00,laser,60,450;300;200;100;50,450,1.5,3,0.4,1.5,3,1,10,20,100,-10,5,250,40,5,250,60,1,7,10,0,0.06,4,0.222,50,8,5
6,2,1,2,2;3;1;4,1,60,FrameTimeStutter,5.000,laser,practice,2026-09-21T19:06:24.6042923-04:00,2,23,0.43211,16.2099,2558.70,1440.00,0.000,0.000,0.3693,10.8134,-2.7661,Right,0,0,0,0,0.0000,300.000,0,0.000,0,127.500,71.914,4.000,0.0300,1.0000,100.00,laser,60,450;300;200;100;50,450,1.5,3,0.4,1.5,3,1,10,20,100,-10,5,250,40,5,250,60,1,7,10,0,0.06,4,0.222,50,8,5
6,2,1,2,2;3;1;4,1,60,FrameTimeStutter,5.000,laser,practice,2026-09-21T19:06:24.6042923-04:00,2,24,0.44858,16.4755,2558.70,1440.00,0.000,0.000,0.3693,10.8134,-2.7661,Right,0,0,0,0,0.0000,300.000,0,0.000,0,127.500,71.914,4.000,0.0300,1.0000,100.00,laser,60,450;300;200;100;50,450,1.5,3,0.4,1.5,3,1,10,20,100,-10,5,250,40,5,250,60,1,7,10,0,0.06,4,0.222,50,8,5
6,2,1,2,2;3;1;4,1,60,FrameTimeStutter,5.000,laser,practice,2026-09-21T19:06:24.6042923-04:00,2,25,0.46571,17.1308,2558.70,1440.00,0.000,0.000,0.3693,10.8134,-2.7661,Right,0,0,0,0,0.0000,300.000,0,0.000,0,127.500,71.914,4.000,0.0300,1.0000,100.00,laser,60,450;300;200;100;50,450,1.5,3,0.4,1.5,3,1,10,20,100,-10,5,250,40,5,250,60,1,7,10,0,0.06,4,0.222,50,8,5
6,2,1,2,2;3;1;4,1,60,FrameTimeStutter,5.000,laser,practice,2026-09-21T19:06:24.6042923-04:00,2,26,0.48187,16.1550,2558.70,1440.00,0.000,0.000,0.3693,10.8134,-2.7661,Right,0,0,0,0,0.0000,300.000,0,0.000,0,127.500,71.914,4.000,0.0300,1.0000,100.00,laser,60,450;300;200;100;50,450,1.5,3,0.4,1.5,3,1,10,20,100,-10,5,250,40,5,250,60,1,7,10,0,0.06,4,0.222,50,8,5
6,2,1,2,2;3;1;4,1,60,FrameTimeStutter,5.000,laser,practice,2026-09-21T19:06:24.6042923-04:00,2,27,0.49905,17.1823,2558.70,1440.00,0.000,0.000,0.3693,10.8134,-2.7661,Right,0,0,0,0,0.0000,300.000,0,0.000,0,127.500,71.914,4.000,0.0300,1.0000,100.00,laser,60,450;300;200;100;50,450,1.5,3,0.4,1.5,3,1,10,20,100,-10,5,250,40,5,250,60,1,7,10,0,0.06,4,0.222,50,8,5
6,2,1,2,2;3;1;4,1,60,FrameTimeStutter,5.000,laser,practice,2026-09-21T19:06:24.6042923-04:00,2,28,0.51592,16.8659,2558.70,1440.00,0.000,0.000,0.3693,10.8134,-2.7661,Right,0,0,0,0,0.0000,300.000,0,0.000,0,127.500,71.914,4.000,0.0300,1.0000,100.00,laser,60,450;300;200;100;50,450,1.5,3,0.4,1.5,3,1,10,20,100,-10,5,250,40,5,250,60,1,7,10,0,0.06,4,0.222,50,8,5
6,2,1,2,2;3;1;4,1,60,FrameTimeStutter,5.000,laser,practice,2026-09-21T19:06:24.6042923-04:00,2,29,0.53260,16.6830,2558.70,1440.00,0.000,0.000,0.3693,10.8134,-2.7661,Right,0,0,0,0,0.0000,300.000,0,0.000,0,127.500,71.914,4.000,0.0300,1.0000,100.00,laser,60,450;300;200;100;50,450,1.5,3,0.4,1.5,3,1,10,20,100,-10,5,250,40,5,250,60,1,7,10,0,0.06,4,0.222,50,8,5
6,2,1,2,2;3;1;4,1,60,FrameTimeStutter,5.000,laser,practice,2026-09-21T19:06:24.6042923-04:00,2,30,0.54932,16.7226,2558.70,1440.00,0.000,0.000,0.3693,10.8134,-2.7661,Right,0,0,0,0,0.0000,300.000,0,0.000,0,127.500,71.914,4.000,0.0300,1.0000,100.00,laser,60,450;300;200;100;50,450,1.5,3,0.4,1.5,3,1,10,20,100,-10,5,250,40,5,250,60,1,7,10,0,0.06,4,0.222,50,8,5
6,2,1,2,2;3;1;4,1,60,FrameTimeStutter,5.000,laser,practice,2026-09-21T19:06:24.6042923-04:00,2,31,0.56530,15.9724,2558.70,1440.00,0.000,0.000,0.3693,10.8134,-2.7661,Right,0,0,0,0,0.0000,300.000,0,0.000,0,127.500,71.914,4.000,0.0300,1.0000,100.00,laser,60,450;300;200;100;50,450,1.5,3,0.4,1.5,3,1,10,20,100,-10,5,250,40,5,250,60,1,7,10,0,0.06,4,0.222,50,8,5
6,2,1,2,2;3;1;4,1,60,FrameTimeStutter,5.000,laser,practice,2026-09-21T19:06:24.6042923-04:00,2,32,0.58233,17.0362,2558.70,1440.00,0.000,0.000,0.3693,10.8134,-2.7661,Right,0,0,0,0,0.0000,300.000,0,0.000,0,127.500,71.914,4.000,0.0300,1.0000,100.00,laser,60,450;300;200;100;50,450,1.5,3,0.4,1.5,3,1,10,20,100,-10,5,250,40,5,250,60,1,7,10,0,0.06,4,0.222,50,8,5
6,2,1,2,2;3;1;4,1,60,FrameTimeStutter,5.000,laser,practice,2026-09-21T19:06:24.6042923-04:00,2,33,0.59908,16.7462,2558.70,1440.00,0.000,0.000,0.3693,10.8134,-2.7661,Right,0,0,0,0,0.0000,300.000,0,0.000,0,127.500,71.914,4.000,0.0300,1.0000,100.00,laser,60,450;300;200;100;50,450,1.5,3,0.4,1.5,3,1,10,20,100,-10,5,250,40,5,250,60,1,7,10,0,0.06,4,0.222,50,8,5
6,2,1,2,2;3;1;4,1,60,FrameTimeStutter,5.000,laser,practice,2026-09-21T19:06:24.6042923-04:00,2,34,0.61592,16.8450,2558.70,1440.00,0.000,0.000,0.3693,10.8134,-2.7661,Right,0,0,0,0,0.0000,300.000,0,0.000,0,127.500,71.914,4.000,0.0300,1.0000,100.00,laser,60,450;300;200;100;50,450,1.5,3,0.4,1.5,3,1,10,20,100,-10,5,250,40,5,250,60,1,7,10,0,0.06,4,0.222,50,8,5
6,2,1,2,2;3;1;4,1,60,FrameTimeStutter,5.000,laser,practice,2026-09-21T19:06:24.6042923-04:00,2,35,0.63188,15.9556,2558.70,1440.00,0.000,0.000,0.3693,10.8134,-2.7661,Right,0,0,0,0,0.0000,300.000,0,0.000,0,127.500,71.914,4.000,0.0300,1.0000,100.00,laser,60,450;300;200;100;50,450,1.5,3,0.4,1.5,3,1,10,20,100,-10,5,250,40,5,250,60,1,7,10,0,0.06,4,0.222,50,8,5
6,2,1,2,2;3;1;4,1,60,FrameTimeStutter,5.000,laser,practice,2026-09-21T19:06:24.6042923-04:00,2,36,0.64861,16.7277,2558.70,1440.00,0.000,0.000,0.3693,10.8134,-2.7661,Right,0,0,0,0,0.0000,300.000,0,0.000,0,127.500,71.914,4.000,0.0300,1.0000,100.00,laser,60,450;300;200;100;50,450,1.5,3,0.4,1.5,3,1,10,20,100,-10,5,250,40,5,250,60,1,7,10,0,0.06,4,0.222,50,8,5
6,2,1,2,2;3;1;4,1,60,FrameTimeStutter,5.000,laser,practice,2026-09-21T19:06:24.6042923-04:00,2,37,0.66536,16.7557,2558.70,1440.00,0.000,0.000,0.3693,10.8134,-2.7661,Right,0,0,0,0,0.0000,300.000,0,0.000,0,127.500,71.914,4.000,0.0300,1.0000,100.00,laser,60,450;300;200;100;50,450,1.5,3,0.4,1.5,3,1,10,20,100,-10,5,250,40,5,250,60,1,7,10,0,0.06,4,0.222,50,8,5
6,2,1,2,2;3;1;4,1,60,FrameTimeStutter,5.000,laser,practice,2026-09-21T19:06:24.6042923-04:00,2,38,0.68195,16.5871,2558.70,1440.00,0.000,0.000,0.3693,10.8134,-2.7661,Right,0,0,0,0,0.0000,300.000,0,0.000,0,127.500,71.914,4.000,0.0300,1.0000,100.00,laser,60,450;300;200;100;50,450,1.5,3,0.4,1.5,3,1,10,20,100,-10,5,250,40,5,250,60,1,7,10,0,0.06,4,0.222,50,8,5
6,2,1,2,2;3;1;4,1,60,FrameTimeStutter,5.000,laser,practice,2026-09-21T19:06:24.6042923-04:00,2,39,0.69867,16.7247,2558.70,1440.00,0.000,0.000,0.3693,10.8134,-2.7661,Right,0,0,0,0,0.0000,300.000,0,0.000,0,127.500,71.914,4.000,0.0300,1.0000,100.00,laser,60,450;300;200;100;50,450,1.5,3,0.4,1.5,3,1,10,20,100,-10,5,250,40,5,250,60,1,7,10,0,0.06,4,0.222,50,8,5
6,2,1,2,2;3;1;4,1,60,FrameTimeStutter,5.000,laser,practice,2026-09-21T19:06:24.6042923-04:00,2,40,0.71551,16.8327,2558.70,1440.00,0.000,0.000,0.3693,10.8134,-2.7661,Right,0,0,0,0,0.0000,300.000,0,0.000,0,127.500,71.914,4.000,0.0300,1.0000,100.00,laser,60,450;300;200;100;50,450,1.5,3,0.4,1.5,3,1,10,20,100,-10,5,250,40,5,250,60,1,7,10,0,0.06,4,0.222,50,8,5
6,2,1,2,2;3;1;4,1,60,FrameTimeStutter,5.000,laser,practice,2026-09-21T19:06:24.6042923-04:00,2,41,0.73206,16.5585,2558.70,1440.00,0.000,0.000,0.3693,10.8134,-2.7661,Right,0,0,0,0,0.0000,300.000,0,0.000,0,127.500,71.914,4.000,0.0300,1.0000,100.00,laser,60,450;300;200;100;50,450,1.5,3,0.4,1.5,3,1,10,20,100,-10,5,250,40,5,250,60,1,7,10,0,0.06,4,0.222,50,8,5
6,2,1,2,2;3;1;4,1,60,FrameTimeStutter,5.000,laser,practice,2026-09-21T19:06:24.6042923-04:00,2,42,0.74922,17.1514,2558.70,1440.00,0.000,0.000,0.3693,10.8134,-2.7661,Right,0,0,0,0,0.0000,300.000,0,0.000,0,127.500,71.914,4.000,0.0300,1.0000,100.00,laser,60,450;300;200;100;50,450,1.5,3,0.4,1.5,3,1,10,20,100,-10,5,250,40,5,250,60,1,7,10,0,0.06,4,0.222,50,8,5
6,2,1,2,2;3;1;4,1,60,FrameTimeStutter,5.000,laser,practice,2026-09-21T19:06:24.6042923-04:00,2,43,0.76603,16.8173,2558.70,1440.00,0.000,0.000,0.3693,10.8134,-2.7661,Right,0,0,0,0,0.0000,300.000,0,0.000,0,127.500,71.914,4.000,0.0300,1.0000,100.00,laser,60,450;300;200;100;50,450,1.5,3,0.4,1.5,3,1,10,20,100,-10,5,250,40,5,250,60,1,7,10,0,0.06,4,0.222,50,8,5
6,2,1,2,2;3;1;4,1,60,FrameTimeStutter,5.000,laser,practice,2026-09-21T19:06:24.6042923-04:00,2,44,0.78253,16.4931,2558.70,1440.00,0.000,0.000,0.3693,10.8134,-2.7661,Right,0,0,0,0,0.0000,300.000,0,0.000,0,127.500,71.914,4.000,0.0300,1.0000,100.00,laser,60,450;300;200;100;50,450,1.5,3,0.4,1.5,3,1,10,20,100,-10,5,250,40,5,250,60,1,7,10,0,0.06,4,0.222,50,8,5
6,2,1,2,2;3;1;4,1,60,FrameTimeStutter,5.000,laser,practice,2026-09-21T19:06:24.6042923-04:00,2,45,0.79904,16.5094,2558.70,1440.00,0.000,0.000,0.3693,10.8134,-2.7661,Right,0,0,0,0,0.0000,300.000,0,0.000,0,127.500,71.914,4.000,0.0300,1.0000,100.00,laser,60,450;300;200;100;50,450,1.5,3,0.4,1.5,3,1,10,20,100,-10,5,250,40,5,250,60,1,7,10,0,0.06,4,0.222,50,8,5
6,2,1,2,2;3;1;4,1,60,FrameTimeStutter,5.000,laser,practice,2026-09-21T19:06:24.6042923-04:00,2,46,0.81550,16.4635,2558.70,1440.00,0.000,0.000,0.3693,10.8134,-2.7661,Right,0,0,0,0,0.0000,300.000,0,0.000,0,127.500,71.914,4.000,0.0300,1.0000,100.00,laser,60,450;300;200;100;50,450,1.5,3,0.4,1.5,3,1,10,20,100,-10,5,250,40,5,250,60,1,7,10,0,0.06,4,0.222,50,8,5
6,2,1,2,2;3;1;4,1,60,FrameTimeStutter,5.000,laser,practice,2026-09-21T19:06:24.6042923-04:00,2,47,0.83218,16.6786,2558.70,1440.00,0.000,0.000,0.3693,10.8134,-2.7661,Right,0,0,0,0,0.0000,300.000,0,0.000,0,127.500,71.914,4.000,0.0300,1.0000,100.00,laser,60,450;300;200;100;50,450,1.5,3,0.4,1.5,3,1,10,20,100,-10,5,250,40,5,250,60,1,7,10,0,0.06,4,0.222,50,8,5
6,2,1,2,2;3;1;4,1,60,FrameTimeStutter,5.000,laser,practice,2026-09-21T19:06:24.6042923-04:00,2,48,0.84878,16.5987,2558.70,1440.00,0.000,0.000,0.3693,10.8134,-2.7661,Right,0,0,0,0,0.0000,300.000,0,0.000,0,127.500,71.914,4.000,0.0300,1.0000,100.00,laser,60,450;300;200;100;50,450,1.5,3,0.4,1.5,3,1,10,20,100,-10,5,250,40,5,250,60,1,7,10,0,0.06,4,0.222,50,8,5
6,2,1,2,2;3;1;4,1,60,FrameTimeStutter,5.000,laser,practice,2026-09-21T19:06:24.6042923-04:00,2,49,0.86519,16.4085,2558.70,1440.00,0.000,0.000,0.3693,10.8134,-2.7661,Right,0,0,0,0,0.0000,300.000,0,0.000,0,127.500,71.914,4.000,0.0300,1.0000,100.00,laser,60,450;300;200;100;50,450,1.5,3,0.4,1.5,3,1,10,20,100,-10,5,250,40,5,250,60,1,7,10,0,0.06,4,0.222,50,8,5
6,2,1,2,2;3;1;4,1,60,FrameTimeStutter,5.000,laser,practice,2026-09-21T19:06:24.6042923-04:00,2,50,0.88246,17.2727,2558.70,1440.00,0.000,0.000,0.3693,10.8134,-2.7661,Right,0,0,0,0,0.0000,300.000,0,0.000,0,127.500,71.914,4.000,0.0300,1.0000,100.00,laser,60,450;300;200;100;50,450,1.5,3,0.4,1.5,3,1,10,20,100,-10,5,250,40,5,250,60,1,7,10,0,0.06,4,0.222,50,8,5
6,2,1,2,2;3;1;4,1,60,FrameTimeStutter,5.000,laser,practice,2026-09-21T19:06:24.6042923-04:00,2,51,0.89912,16.6621,2558.70,1440.00,0.000,0.000,0.3693,10.8134,-2.7661,Right,0,0,0,0,0.0000,300.000,0,0.000,0,127.500,71.914,4.000,0.0300,1.0000,100.00,laser,60,450;300;200;100;50,450,1.5,3,0.4,1.5,3,1,10,20,100,-10,5,250,40,5,250,60,1,7,10,0,0.06,4,0.222,50,8,5
6,2,1,2,2;3;1;4,1,60,FrameTimeStutter,5.000,laser,practice,2026-09-21T19:06:24.6042923-04:00,2,52,0.91550,16.3754,2558.70,1440.00,0.000,0.000,0.3693,10.8134,-2.7661,Right,0,0,0,0,0.0000,300.000,0,0.000,0,127.500,71.914,4.000,0.0300,1.0000,100.00,laser,60,450;300;200;100;50,450,1.5,3,0.4,1.5,3,1,10,20,100,-10,5,250,40,5,250,60,1,7,10,0,0.06,4,0.222,50,8,5
6,2,1,2,2;3;1;4,1,60,FrameTimeStutter,5.000,laser,practice,2026-09-21T19:06:24.6042923-04:00,2,53,0.93196,16.4667,2558.70,1440.00,0.000,0.000,0.3693,10.8134,-2.7661,Right,0,0,0,0,0.0000,300.000,0,0.000,0,127.500,71.914,4.000,0.0300,1.0000,100.00,laser,60,450;300;200;100;50,450,1.5,3,0.4,1.5,3,1,10,20,100,-10,5,250,40,5,250,60,1,7,10,0,0.06,4,0.222,50,8,5
6,2,1,2,2;3;1;4,1,60,FrameTimeStutter,5.000,laser,practice,2026-09-21T19:06:24.6042923-04:00,2,54,0.94915,17.1871,2558.70,1440.00,0.000,0.000,0.3693,10.8134,-2.7661,Right,0,0,0,0,0.0000,300.000,0,0.000,0,127.500,71.914,4.000,0.0300,1.0000,100.00,laser,60,450;300;200;100;50,450,1.5,3,0.4,1.5,3,1,10,20,100,-10,5,250,40,5,250,60,1,7,10,0,0.06,4,0.222,50,8,5
6,2,1,2,2;3;1;4,1,60,FrameTimeStutter,5.000,laser,practice,2026-09-21T19:06:24.6042923-04:00,2,55,0.96551,16.3646,2558.70,1440.00,0.000,0.000,0.3693,10.8134,-2.7661,Right,0,0,0,0,0.0000,300.000,0,0.000,0,127.500,71.914,4.000,0.0300,1.0000,100.00,laser,60,450;300;200;100;50,450,1.5,3,0.4,1.5,3,1,10,20,100,-10,5,250,40,5,250,60,1,7,10,0,0.06,4,0.222,50,8,5
6,2,1,2,2;3;1;4,1,60,FrameTimeStutter,5.000,laser,practice,2026-09-21T19:06:24.6042923-04:00,2,56,0.98187,16.3577,2558.70,1440.00,0.000,0.000,0.3693,10.8134,-2.7661,Right,0,0,0,0,0.0000,300.000,0,0.000,0,127.500,71.914,4.000,0.0300,1.0000,100.00,laser,60,450;300;200;100;50,450,1.5,3,0.4,1.5,3,1,10,20,100,-10,5,250,40,5,250,60,1,7,10,0,0.06,4,0.222,50,8,5
6,2,1,2,2;3;1;4,1,60,FrameTimeStutter,5.000,laser,practice,2026-09-21T19:06:24.6042923-04:00,2,57,0.99904,17.1663,2558.70,1440.00,0.000,0.000,0.3693,10.8134,-2.7661,Right,0,0,0,0,0.0000,300.000,0,0.000,0,127.500,71.914,4.000,0.0300,1.0000,100.00,laser,60,450;300;200;100;50,450,1.5,3,0.4,1.5,3,1,10,20,100,-10,5,250,40,5,250,60,1,7,10,0,0.06,4,0.222,50,8,5
6,2,1,2,2;3;1;4,1,60,FrameTimeStutter,5.000,laser,practice,2026-09-21T19:06:24.6042923-04:00,2,58,1.01596,16.9236,2558.70,1440.00,0.000,0.000,0.3693,10.8134,-2.7661,Right,0,0,0,0,0.0000,300.000,0,0.000,0,127.500,71.914,4.000,0.0300,1.0000,100.00,laser,60,450;300;200;100;50,450,1.5,3,0.4,1.5,3,1,10,20,100,-10,5,250,40,5,250,60,1,7,10,0,0.06,4,0.222,50,8,5
6,2,1,2,2;3;1;4,1,60,FrameTimeStutter,5.000,laser,practice,2026-09-21T19:06:24.6042923-04:00,2,59,1.03249,16.5322,2558.70,1440.00,0.000,0.000,0.3693,10.8134,-2.7661,Right,0,0,0,0,0.0000,300.000,0,0.000,0,127.500,71.914,4.000,0.0300,1.0000,100.00,laser,60,450;300;200;100;50,450,1.5,3,0.4,1.5,3,1,10,20,100,-10,5,250,40,5,250,60,1,7,10,0,0.06,4,0.222,50,8,5
6,2,1,2,2;3;1;4,1,60,FrameTimeStutter,5.000,laser,practice,2026-09-21T19:06:24.6042923-04:00,2,60,1.04929,16.7931,2558.70,1440.00,1.000,0.000,0.3876,10.8134,-2.7661,Right,0,0,0,0,0.0000,300.000,0,0.000,0,127.500,71.914,4.000,0.0300,1.0000,100.00,laser,60,450;300;200;100;50,450,1.5,3,0.4,1.5,3,1,10,20,100,-10,5,250,40,5,250,60,1,7,10,0,0.06,4,0.222,50,8,5
6,2,1,2,2;3;1;4,1,60,FrameTimeStutter,5.000,laser,practice,2026-09-21T19:06:24.6042923-04:00,2,61,1.06585,16.5591,2558.70,1440.00,11.000,0.000,0.5888,10.8134,-2.7661,Right,0,0,0,0,0.0000,300.000,0,0.000,0,127.500,71.914,4.000,0.0300,1.0000,100.00,laser,60,450;300;200;100;50,450,1.5,3,0.4,1.5,3,1,10,20,100,-10,5,250,40,5,250,60,1,7,10,0,0.06,4,0.222,50,8,5
6,2,1,2,2;3;1;4,1,60,FrameTimeStutter,5.000,laser,practice,2026-09-21T19:06:24.6042923-04:00,2,62,1.08214,16.2975,2558.70,1440.00,28.000,0.000,1.1008,10.8134,-2.7661,Right,0,0,0,0,0.0000,300.000,0,0.000,0,127.500,71.914,4.000,0.0300,1.0000,100.00,laser,60,450;300;200;100;50,450,1.5,3,0.4,1.5,3,1,10,20,100,-10,5,250,40,5,250,60,1,7,10,0,0.06,4,0.222,50,8,5
6,2,1,2,2;3;1;4,1,60,FrameTimeStutter,5.000,laser,practice,2026-09-21T19:06:24.6042923-04:00,2,63,1.09930,17.1541,2558.70,1440.00,41.000,4.000,1.8505,10.8865,-2.7661,Right,0,0,0,0,0.0000,300.000,0,0.000,0,127.500,71.914,4.000,0.0300,1.0000,100.00,laser,60,450;300;200;100;50,450,1.5,3,0.4,1.5,3,1,10,20,100,-10,5,250,40,5,250,60,1,7,10,0,0.06,4,0.222,50,8,5
6,2,1,2,2;3;1;4,1,60,FrameTimeStutter,5.000,laser,practice,2026-09-21T19:06:24.6042923-04:00,2,64,1.11575,16.4536,2558.70,1440.00,44.000,3.000,2.6550,10.9414,-2.7661,Right,0,0,0,0,0.0000,300.000,0,0.000,0,127.500,71.914,4.000,0.0300,1.0000,100.00,laser,60,450;300;200;100;50,450,1.5,3,0.4,1.5,3,1,10,20,100,-10,5,250,40,5,250,60,1,7,10,0,0.06,4,0.222,50,8,5
6,2,1,2,2;3;1;4,1,60,FrameTimeStutter,5.000,laser,practice,2026-09-21T19:06:24.6042923-04:00,2,65,1.13223,16.4782,2558.70,1440.00,49.000,1.000,3.5510,10.9597,-2.7661,Right,0,0,0,0,0.0000,300.000,0,0.000,0,127.500,71.914,4.000,0.0300,1.0000,100.00,laser,60,450;300;200;100;50,450,1.5,3,0.4,1.5,3,1,10,20,100,-10,5,250,40,5,250,60,1,7,10,0,0.06,4,0.222,50,8,5
6,2,1,2,2;3;1;4,1,60,FrameTimeStutter,5.000,laser,practice,2026-09-21T19:06:24.6042923-04:00,2,66,1.14889,16.6575,2558.70,1440.00,47.000,1.000,4.4104,10.9779,-2.7661,Right,0,0,0,0,0.0000,300.000,0,0.000,0,127.500,71.914,4.000,0.0300,1.0000,100.00,laser,60,450;300;200;100;50,450,1.5,3,0.4,1.5,3,1,10,20,100,-10,5,250,40,5,250,60,1,7,10,0,0.06,4,0.222,50,8,5
6,2,1,2,2;3;1;4,1,60,FrameTimeStutter,5.000,laser,practice,2026-09-21T19:06:24.6042923-04:00,2,67,1.16591,17.0200,2558.70,1440.00,59.000,1.000,5.4892,10.9962,-2.7661,Right,0,0,0,0,0.0000,300.000,0,0.000,0,127.500,71.914,4.000,0.0300,1.0000,100.00,laser,60,450;300;200;100;50,450,1.5,3,0.4,1.5,3,1,10,20,100,-10,5,250,40,5,250,60,1,7,10,0,0.06,4,0.222,50,8,5
6,2,1,2,2;3;1;4,1,60,FrameTimeStutter,5.000,laser,practice,2026-09-21T19:06:24.6042923-04:00,2,68,1.18209,16.1872,2558.70,1440.00,38.000,2.000,6.1841,11.0328,-2.7661,Right,0,0,0,0,0.0000,300.000,0,0.000,0,127.500,71.914,4.000,0.0300,1.0000,100.00,laser,60,450;300;200;100;50,450,1.5,3,0.4,1.5,3,1,10,20,100,-10,5,250,40,5,250,60,1,7,10,0,0.06,4,0.222,50,8,5
6,2,1,2,2;3;1;4,1,60,FrameTimeStutter,5.000,laser,practice,2026-09-21T19:06:24.6042923-04:00,2,69,1.19854,16.4480,2558.70,1440.00,45.000,3.000,7.0069,11.0876,-2.7661,Right,0,0,0,0,0.0000,300.000,0,0.000,0,127.500,71.914,4.000,0.0300,1.0000,100.00,laser,60,450;300;200;100;50,450,1.5,3,0.4,1.5,3,1,10,20,100,-10,5,250,40,5,250,60,1,7,10,0,0.06,4,0.222,50,8,5
6,2,1,2,2;3;1;4,1,60,FrameTimeStutter,5.000,laser,practice,2026-09-21T19:06:24.6042923-04:00,2,70,1.21558,17.0356,2558.70,1440.00,47.000,3.000,7.8663,11.1425,-2.7661,Right,0,0,0,0,0.0000,300.000,0,0.000,0,127.500,71.914,4.000,0.0300,1.0000,100.00,laser,60,450;300;200;100;50,450,1.5,3,0.4,1.5,3,1,10,20,100,-10,5,250,40,5,250,60,1,7,10,0,0.06,4,0.222,50,8,5
6,2,1,2,2;3;1;4,1,60,FrameTimeStutter,5.000,laser,practice,2026-09-21T19:06:24.6042923-04:00,2,71,1.23189,16.3074,2558.70,1440.00,51.000,2.000,8.7989,11.1790,-2.7661,Right,0,0,0,0,0.0000,300.000,0,0.000,0,127.500,71.914,4.000,0.0300,1.0000,100.00,laser,60,450;300;200;100;50,450,1.5,3,0.4,1.5,3,1,10,20,100,-10,5,250,40,5,250,60,1,7,10,0,0.06,4,0.222,50,8,5
6,2,1,2,2;3;1;4,1,60,FrameTimeStutter,5.000,laser,practice,2026-09-21T19:06:24.6042923-04:00,2,72,1.24863,16.7459,2558.70,1440.00,42.000,0.000,9.5668,11.1790,-2.7661,Right,0,0,0,0,0.0000,300.000,0,0.000,0,127.500,71.914,4.000,0.0300,1.0000,100.00,laser,60,450;300;200;100;50,450,1.5,3,0.4,1.5,3,1,10,20,100,-10,5,250,40,5,250,60,1,7,10,0,0.06,4,0.222,50,8,5
6,2,1,2,2;3;1;4,1,60,FrameTimeStutter,5.000,laser,practice,2026-09-21T19:06:24.6042923-04:00,2,73,1.26593,17.3024,2558.70,1440.00,39.000,1.000,10.2800,11.1973,-2.7661,Right,0,0,0,0,0.0000,300.000,0,0.000,0,127.500,71.914,4.000,0.0300,1.0000,100.00,laser,60,450;300;200;100;50,450,1.5,3,0.4,1.5,3,1,10,20,100,-10,5,250,40,5,250,60,1,7,10,0,0.06,4,0.222,50,8,5
6,2,1,2,2;3;1;4,1,60,FrameTimeStutter,5.000,laser,practice,2026-09-21T19:06:24.6042923-04:00,2,74,1.28197,16.0381,2558.70,1440.00,34.000,0.000,10.9017,11.1973,-2.7661,Right,0,0,0,0,0.0000,300.000,0,0.000,0,127.500,71.914,4.000,0.0300,1.0000,100.00,laser,60,450;300;200;100;50,450,1.5,3,0.4,1.5,3,1,10,20,100,-10,5,250,40,5,250,60,1,7,10,0,0.06,4,0.222,50,8,5
6,2,1,2,2;3;1;4,1,60,FrameTimeStutter,5.000,laser,practice,2026-09-21T19:06:24.6042923-04:00,2,75,1.29886,16.8918,2558.70,1440.00,33.000,0.000,11.5051,11.1973,-2.7661,Right,0,0,0,0,0.0000,300.000,0,0.000,0,127.500,71.914,4.000,0.0300,1.0000,100.00,laser,60,450;300;200;100;50,450,1.5,3,0.4,1.5,3,1,10,20,100,-10,5,250,40,5,250,60,1,7,10,0,0.06,4,0.222,50,8,5
6,2,1,2,2;3;1;4,1,60,FrameTimeStutter,5.000,laser,practice,2026-09-21T19:06:24.6042923-04:00,2,76,1.31526,16.3928,2558.70,1436.40,34.000,-2.000,12.1268,11.1608,-2.7661,Right,0,0,0,0,0.0000,300.000,0,0.000,0,127.500,71.914,4.000,0.0300,1.0000,100.00,laser,60,450;300;200;100;50,450,1.5,3,0.4,1.5,3,1,10,20,100,-10,5,250,40,5,250,60,1,7,10,0,0.06,4,0.222,50,8,5
6,2,1,2,2;3;1;4,1,60,FrameTimeStutter,5.000,laser,practice,2026-09-21T19:06:24.6042923-04:00,2,77,1.33203,16.7708,2558.70,1434.59,29.000,-1.000,12.6571,11.1425,-2.7661,Right,0,0,0,0,0.0000,300.000,0,0.000,0,127.500,71.914,4.000,0.0300,1.0000,100.00,laser,60,450;300;200;100;50,450,1.5,3,0.4,1.5,3,1,10,20,100,-10,5,250,40,5,250,60,1,7,10,0,0.06,4,0.222,50,8,5
6,2,1,2,2;3;1;4,1,60,FrameTimeStutter,5.000,laser,practice,2026-09-21T19:06:24.6042923-04:00,2,78,1.34858,16.5567,2558.70,1430.99,24.000,-2.000,13.0959,11.1059,-2.7661,Right,0,0,0,0,0.0000,300.000,0,0.000,0,127.500,71.914,4.000,0.0300,1.0000,100.00,laser,60,450;300;200;100;50,450,1.5,3,0.4,1.5,3,1,10,20,100,-10,5,250,40,5,250,60,1,7,10,0,0.06,4,0.222,50,8,5
6,2,1,2,2;3;1;4,1,60,FrameTimeStutter,5.000,laser,practice,2026-09-21T19:06:24.6042923-04:00,2,79,1.36592,17.3331,2558.70,1430.99,17.000,0.000,13.4067,11.1059,-2.7661,Right,0,0,0,0,0.0000,300.000,0,0.000,0,127.500,71.914,4.000,0.0300,1.0000,100.00,laser,60,450;300;200;100;50,450,1.5,3,0.4,1.5,3,1,10,20,100,-10,5,250,40,5,250,60,1,7,10,0,0.06,4,0.222,50,8,5
6,2,1,2,2;3;1;4,1,60,FrameTimeStutter,5.000,laser,practice,2026-09-21T19:06:24.6042923-04:00,2,80,1.38265,16.7351,2558.70,1430.99,1.000,0.000,13.4250,11.1059,-2.7661,Right,0,0,0,0,0.0000,300.000,0,0.000,0,127.500,71.914,4.000,0.0300,1.0000,100.00,laser,60,450;300;200;100;50,450,1.5,3,0.4,1.5,3,1,10,20,100,-10,5,250,40,5,250,60,1,7,10,0,0.06,4,0.222,50,8,5
6,2,1,2,2;3;1;4,1,60,FrameTimeStutter,5.000,laser,practice,2026-09-21T19:06:24.6042923-04:00,2,81,1.39906,16.4046,2558.70,1430.99,0.000,0.000,13.4250,11.1059,-2.7661,Right,0,0,0,0,0.0000,300.000,0,0.000,0,127.500,71.914,4.000,0.0300,1.0000,100.00,laser,60,450;300;200;100;50,450,1.5,3,0.4,1.5,3,1,10,20,100,-10,5,250,40,5,250,60,1,7,10,0,0.06,4,0.222,50,8,5
6,2,1,2,2;3;1;4,1,60,FrameTimeStutter,5.000,laser,practice,2026-09-21T19:06:24.6042923-04:00,2,82,1.41527,16.2134,2558.70,1430.99,0.000,0.000,13.4250,11.1059,-2.7661,Right,0,0,0,0,0.0000,300.000,0,0.000,0,127.500,71.914,4.000,0.0300,1.0000,100.00,laser,60,450;300;200;100;50,450,1.5,3,0.4,1.5,3,1,10,20,100,-10,5,250,40,5,250,60,1,7,10,0,0.06,4,0.222,50,8,5
6,2,1,2,2;3;1;4,1,60,FrameTimeStutter,5.000,laser,practice,2026-09-21T19:06:24.6042923-04:00,2,83,1.43253,17.2581,2558.70,1430.99,0.000,0.000,13.4250,11.1059,-2.7661,Right,0,0,0,0,0.0000,300.000,0,0.000,0,127.500,71.914,4.000,0.0300,1.0000,100.00,laser,60,450;300;200;100;50,450,1.5,3,0.4,1.5,3,1,10,20,100,-10,5,250,40,5,250,60,1,7,10,0,0.06,4,0.222,50,8,5
6,2,1,2,2;3;1;4,1,60,FrameTimeStutter,5.000,laser,practice,2026-09-21T19:06:24.6042923-04:00,2,84,1.44889,16.3635,2558.70,1430.99,0.000,0.000,13.4250,11.1059,-2.7661,Right,0,0,0,0,0.0000,300.000,0,0.000,0,127.500,71.914,4.000,0.0300,1.0000,100.00,laser,60,450;300;200;100;50,450,1.5,3,0.4,1.5,3,1,10,20,100,-10,5,250,40,5,250,60,1,7,10,0,0.06,4,0.222,50,8,5
6,2,1,2,2;3;1;4,1,60,FrameTimeStutter,5.000,laser,practice,2026-09-21T19:06:24.6042923-04:00,2,85,1.46597,17.0758,2558.70,1430.99,0.000,0.000,13.4250,11.1059,-2.7661,Right,0,0,0,0,0.0000,300.000,0,0.000,0,127.500,71.914,4.000,0.0300,1.0000,100.00,laser,60,450;300;200;100;50,450,1.5,3,0.4,1.5,3,1,10,20,100,-10,5,250,40,5,250,60,1,7,10,0,0.06,4,0.222,50,8,5
6,2,1,2,2;3;1;4,1,60,FrameTimeStutter,5.000,laser,practice,2026-09-21T19:06:24.6042923-04:00,2,86,1.48265,16.6860,2558.70,1430.99,0.000,0.000,13.4250,11.1059,-2.7661,Right,0,0,0,0,0.0000,300.000,0,0.000,0,127.500,71.914,4.000,0.0300,1.0000,100.00,laser,60,450;300;200;100;50,450,1.5,3,0.4,1.5,3,1,10,20,100,-10,5,250,40,5,250,60,1,7,10,0,0.06,4,0.222,50,8,5
6,2,1,2,2;3;1;4,1,60,FrameTimeStutter,5.000,laser,practice,2026-09-21T19:06:24.6042923-04:00,2,87,1.49896,16.3082,2558.70,1430.99,0.000,0.000,13.4250,11.1059,-2.7661,Right,0,0,0,0,0.0000,300.000,0,0.000,0,127.500,71.914,4.000,0.0300,1.0000,100.00,laser,60,450;300;200;100;50,450,1.5,3,0.4,1.5,3,1,10,20,100,-10,5,250,40,5,250,60,1,7,10,0,0.06,4,0.222,50,8,5
6,2,1,2,2;3;1;4,1,60,FrameTimeStutter,5.000,laser,practice,2026-09-21T19:06:24.6042923-04:00,2,88,1.51602,17.0548,2558.70,1430.99,0.000,0.000,13.4250,11.1059,-2.7661,Right,0,0,0,0,0.0000,300.000,0,0.000,0,127.500,71.914,4.000,0.0300,1.0000,100.00,laser,60,450;300;200;100;50,450,1.5,3,0.4,1.5,3,1,10,20,100,-10,5,250,40,5,250,60,1,7,10,0,0.06,4,0.222,50,8,5
6,2,1,2,2;3;1;4,1,60,FrameTimeStutter,5.000,laser,practice,2026-09-21T19:06:24.6042923-04:00,2,89,1.53260,16.5813,2558.70,1430.99,0.000,0.000,13.4250,11.1059,-2.7661,Right,0,0,0,0,0.0000,300.000,0,0.000,0,127.500,71.914,4.000,0.0300,1.0000,100.00,laser,60,450;300;200;100;50,450,1.5,3,0.4,1.5,3,1,10,20,100,-10,5,250,40,5,250,60,1,7,10,0,0.06,4,0.222,50,8,5
6,2,1,2,2;3;1;4,1,60,FrameTimeStutter,5.000,laser,practice,2026-09-21T19:06:24.6042923-04:00,2,90,1.54918,16.5839,2558.70,1430.99,0.000,0.000,13.4250,11.1059,-2.7661,Right,0,0,0,0,0.0000,300.000,0,0.000,0,127.500,71.914,4.000,0.0300,1.0000,100.00,laser,60,450;300;200;100;50,450,1.5,3,0.4,1.5,3,1,10,20,100,-10,5,250,40,5,250,60,1,7,10,0,0.06,4,0.222,50,8,5
6,2,1,2,2;3;1;4,1,60,FrameTimeStutter,5.000,laser,practice,2026-09-21T19:06:24.6042923-04:00,2,91,1.56591,16.7256,2558.70,1430.99,0.000,0.000,13.4250,11.1059,-2.7661,Right,0,0,0,0,0.0000,300.000,0,0.000,0,127.500,71.914,4.000,0.0300,1.0000,100.00,laser,60,450;300;200;100;50,450,1.5,3,0.4,1.5,3,1,10,20,100,-10,5,250,40,5,250,60,1,7,10,0,0.06,4,0.222,50,8,5
6,2,1,2,2;3;1;4,1,60,FrameTimeStutter,5.000,laser,practice,2026-09-21T19:06:24.6042923-04:00,2,92,1.58207,16.1615,2558.70,1430.99,0.000,0.000,13.4250,11.1059,-2.7661,Right,0,0,0,0,0.0000,300.000,0,0.000,0,127.500,71.914,4.000,0.0300,1.0000,100.00,laser,60,450;300;200;100;50,450,1.5,3,0.4,1.5,3,1,10,20,100,-10,5,250,40,5,250,60,1,7,10,0,0.06,4,0.222,50,8,5
6,2,1,2,2;3;1;4,1,60,FrameTimeStutter,5.000,laser,practice,2026-09-21T19:06:24.6042923-04:00,2,93,1.59907,16.9992,2558.70,1430.99,0.000,0.000,13.4250,11.1059,-2.7661,Right,0,0,0,0,0.0000,300.000,0,0.000,0,127.500,71.914,4.000,0.0300,1.0000,100.00,laser,60,450;300;200;100;50,450,1.5,3,0.4,1.5,3,1,10,20,100,-10,5,250,40,5,250,60,1,7,10,0,0.06,4,0.222,50,8,5
6,2,1,2,2;3;1;4,1,60,FrameTimeStutter,5.000,laser,practice,2026-09-21T19:06:24.6042923-04:00,2,94,1.61518,16.1168,2558.70,1430.99,0.000,0.000,13.4250,11.1059,-2.7661,Right,0,0,0,0,0.0000,300.000,0,0.000,0,127.500,71.914,4.000,0.0300,1.0000,100.00,laser,60,450;300;200;100;50,450,1.5,3,0.4,1.5,3,1,10,20,100,-10,5,250,40,5,250,60,1,7,10,0,0.06,4,0.222,50,8,5
6,2,1,2,2;3;1;4,1,60,FrameTimeStutter,5.000,laser,practice,2026-09-21T19:06:24.6042923-04:00,2,95,1.63241,17.2228,2558.70,1430.99,0.000,0.000,13.4250,11.1059,-2.7661,Right,0,0,0,0,0.0000,300.000,0,0.000,0,127.500,71.914,4.000,0.0300,1.0000,100.00,laser,60,450;300;200;100;50,450,1.5,3,0.4,1.5,3,1,10,20,100,-10,5,250,40,5,250,60,1,7,10,0,0.06,4,0.222,50,8,5
6,2,1,2,2;3;1;4,1,60,FrameTimeStutter,5.000,laser,practice,2026-09-21T19:06:24.6042923-04:00,2,96,1.64878,16.3698,2558.70,1430.99,0.000,0.000,13.4250,11.1059,-2.7661,Right,0,0,0,0,0.0000,300.000,0,0.000,0,127.500,71.914,4.000,0.0300,1.0000,100.00,laser,60,450;300;200;100;50,450,1.5,3,0.4,1.5,3,1,10,20,100,-10,5,250,40,5,250,60,1,7,10,0,0.06,4,0.222,50,8,5
6,2,1,2,2;3;1;4,1,60,FrameTimeStutter,5.000,laser,practice,2026-09-21T19:06:24.6042923-04:00,2,97,1.66548,16.6999,2558.70,1430.99,0.000,0.000,13.4250,11.1059,-2.7661,Right,0,0,0,0,0.0000,300.000,0,0.000,0,127.500,71.914,4.000,0.0300,1.0000,100.00,laser,60,450;300;200;100;50,450,1.5,3,0.4,1.5,3,1,10,20,100,-10,5,250,40,5,250,60,1,7,10,0,0.06,4,0.222,50,8,5
6,2,1,2,2;3;1;4,1,60,FrameTimeStutter,5.000,laser,practice,2026-09-21T19:06:24.6042923-04:00,2,98,1.68213,16.6569,2558.70,1430.99,0.000,0.000,13.4250,11.1059,-2.7661,Right,0,0,0,0,0.0000,300.000,0,0.000,0,127.500,71.914,4.000,0.0300,1.0000,100.00,laser,60,450;300;200;100;50,450,1.5,3,0.4,1.5,3,1,10,20,100,-10,5,250,40,5,250,60,1,7,10,0,0.06,4,0.222,50,8,5
6,2,1,2,2;3;1;4,1,60,FrameTimeStutter,5.000,laser,practice,2026-09-21T19:06:24.6042923-04:00,2,99,1.69849,16.3541,2558.70,1430.99,0.000,0.000,13.4250,11.1059,-2.7661,Right,0,0,0,0,0.0000,300.000,0,0.000,0,127.500,71.914,4.000,0.0300,1.0000,100.00,laser,60,450;300;200;100;50,450,1.5,3,0.4,1.5,3,1,10,20,100,-10,5,250,40,5,250,60,1,7,10,0,0.06,4,0.222,50,8,5
6,2,1,2,2;3;1;4,1,60,FrameTimeStutter,5.000,laser,practice,2026-09-21T19:06:24.6042923-04:00,2,100,1.71554,17.0533,2558.70,1430.99,0.000,0.000,13.4250,11.1059,-2.7661,Right,0,0,0,0,0.0000,300.000,0,0.000,0,127.500,71.914,4.000,0.0300,1.0000,100.00,laser,60,450;300;200;100;50,450,1.5,3,0.4,1.5,3,1,10,20,100,-10,5,250,40,5,250,60,1,7,10,0,0.06,4,0.222,50,8,5
6,2,1,2,2;3;1;4,1,60,FrameTimeStutter,5.000,laser,practice,2026-09-21T19:06:24.6042923-04:00,2,101,1.73183,16.2853,2558.70,1430.99,0.000,0.000,13.4250,11.1059,-2.7661,Right,0,0,0,0,0.0000,300.000,0,0.000,0,127.500,71.914,4.000,0.0300,1.0000,100.00,laser,60,450;300;200;100;50,450,1.5,3,0.4,1.5,3,1,10,20,100,-10,5,250,40,5,250,60,1,7,10,0,0.06,4,0.222,50,8,5
6,2,1,2,2;3;1;4,1,60,FrameTimeStutter,5.000,laser,practice,2026-09-21T19:06:24.6042923-04:00,2,102,1.74913,17.3028,2558.70,1430.99,0.000,0.000,13.4250,11.1059,-2.7661,Right,0,0,0,0,0.0000,300.000,0,0.000,0,127.500,71.914,4.000,0.0300,1.0000,100.00,laser,60,450;300;200;100;50,450,1.5,3,0.4,1.5,3,1,10,20,100,-10,5,250,40,5,250,60,1,7,10,0,0.06,4,0.222,50,8,5
6,2,1,2,2;3;1;4,1,60,FrameTimeStutter,5.000,laser,practice,2026-09-21T19:06:24.6042923-04:00,2,103,1.76581,16.6830,2558.70,1430.99,0.000,0.000,13.4250,11.1059,-2.7661,Right,0,0,0,0,0.0000,300.000,0,0.000,0,127.500,71.914,4.000,0.0300,1.0000,100.00,laser,60,450;300;200;100;50,450,1.5,3,0.4,1.5,3,1,10,20,100,-10,5,250,40,5,250,60,1,7,10,0,0.06,4,0.222,50,8,5
6,2,1,2,2;3;1;4,1,60,FrameTimeStutter,5.000,laser,practice,2026-09-21T19:06:24.6042923-04:00,2,104,1.78220,16.3835,2558.70,1430.99,0.000,0.000,13.4250,11.1059,-2.7661,Right,0,0,0,0,0.0000,300.000,0,0.000,0,127.500,71.914,4.000,0.0300,1.0000,100.00,laser,60,450;300;200;100;50,450,1.5,3,0.4,1.5,3,1,10,20,100,-10,5,250,40,5,250,60,1,7,10,0,0.06,4,0.222,50,8,5
6,2,1,2,2;3;1;4,1,60,FrameTimeStutter,5.000,laser,practice,2026-09-21T19:06:24.6042923-04:00,2,105,1.79925,17.0584,2558.70,1430.99,0.000,0.000,13.4250,11.1059,-2.7661,Right,0,0,0,0,0.0000,300.000,0,0.000,0,127.500,71.914,4.000,0.0300,1.0000,100.00,laser,60,450;300;200;100;50,450,1.5,3,0.4,1.5,3,1,10,20,100,-10,5,250,40,5,250,60,1,7,10,0,0.06,4,0.222,50,8,5
6,2,1,2,2;3;1;4,1,60,FrameTimeStutter,5.000,laser,practice,2026-09-21T19:06:24.6042923-04:00,2,106,1.81533,16.0738,2558.70,1430.99,0.000,0.000,13.4250,11.1059,-2.7661,Right,0,0,0,0,0.0000,300.000,0,0.000,0,127.500,71.914,4.000,0.0300,1.0000,100.00,laser,60,450;300;200;100;50,450,1.5,3,0.4,1.5,3,1,10,20,100,-10,5,250,40,5,250,60,1,7,10,0,0.06,4,0.222,50,8,5
6,2,1,2,2;3;1;4,1,60,FrameTimeStutter,5.000,laser,practice,2026-09-21T19:06:24.6042923-04:00,2,107,1.83247,17.1445,2558.70,1430.99,0.000,0.000,13.4250,11.1059,-2.7661,Right,0,0,0,0,0.0000,300.000,0,0.000,0,127.500,71.914,4.000,0.0300,1.0000,100.00,laser,60,450;300;200;100;50,450,1.5,3,0.4,1.5,3,1,10,20,100,-10,5,250,40,5,250,60,1,7,10,0,0.06,4,0.222,50,8,5
6,2,1,2,2;3;1;4,1,60,FrameTimeStutter,5.000,laser,practice,2026-09-21T19:06:24.6042923-04:00,2,108,1.84900,16.5303,2558.70,1430.99,0.000,0.000,13.4250,11.1059,-2.7661,Right,0,0,0,0,0.0000,300.000,0,0.000,0,127.500,71.914,4.000,0.0300,1.0000,100.00,laser,60,450;300;200;100;50,450,1.5,3,0.4,1.5,3,1,10,20,100,-10,5,250,40,5,250,60,1,7,10,0,0.06,4,0.222,50,8,5
6,2,1,2,2;3;1;4,1,60,FrameTimeStutter,5.000,laser,practice,2026-09-21T19:06:24.6042923-04:00,2,109,1.86533,16.3303,2558.70,1430.99,0.000,0.000,13.4250,11.1059,-2.7661,Right,0,0,0,0,0.0000,300.000,0,0.000,0,127.500,71.914,4.000,0.0300,1.0000,100.00,laser,60,450;300;200;100;50,450,1.5,3,0.4,1.5,3,1,10,20,100,-10,5,250,40,5,250,60,1,7,10,0,0.06,4,0.222,50,8,5
6,2,1,2,2;3;1;4,1,60,FrameTimeStutter,5.000,laser,practice,2026-09-21T19:06:24.6042923-04:00,2,110,1.88246,17.1268,2558.70,1430.99,0.000,0.000,13.4250,11.1059,-2.7661,Right,0,0,0,0,0.0000,300.000,0,0.000,0,127.500,71.914,4.000,0.0300,1.0000,100.00,laser,60,450;300;200;100;50,450,1.5,3,0.4,1.5,3,1,10,20,100,-10,5,250,40,5,250,60,1,7,10,0,0.06,4,0.222,50,8,5
6,2,1,2,2;3;1;4,1,60,FrameTimeStutter,5.000,laser,practice,2026-09-21T19:06:24.6042923-04:00,2,111,1.89881,16.3484,2558.70,1430.99,0.000,0.000,13.4250,11.1059,-2.7661,Right,0,0,0,0,0.0000,300.000,0,0.000,0,127.500,71.914,4.000,0.0300,1.0000,100.00,laser,60,450;300;200;100;50,450,1.5,3,0.4,1.5,3,1,10,20,100,-10,5,250,40,5,250,60,1,7,10,0,0.06,4,0.222,50,8,5
6,2,1,2,2;3;1;4,1,60,FrameTimeStutter,5.000,laser,practice,2026-09-21T19:06:24.6042923-04:00,2,112,1.91600,17.1937,2558.70,1430.99,0.000,0.000,13.4250,11.1059,-2.7661,Right,0,0,0,0,0.0000,300.000,0,0.000,0,127.500,71.914,4.000,0.0300,1.0000,100.00,laser,60,450;300;200;100;50,450,1.5,3,0.4,1.5,3,1,10,20,100,-10,5,250,40,5,250,60,1,7,10,0,0.06,4,0.222,50,8,5
6,2,1,2,2;3;1;4,1,60,FrameTimeStutter,5.000,laser,practice,2026-09-21T19:06:24.6042923-04:00,2,113,1.93225,16.2451,2558.70,1430.99,0.000,0.000,13.4250,11.1059,-2.7661,Right,0,0,0,0,0.0000,300.000,0,0.000,0,127.500,71.914,4.000,0.0300,1.0000,100.00,laser,60,450;300;200;100;50,450,1.5,3,0.4,1.5,3,1,10,20,100,-10,5,250,40,5,250,60,1,7,10,0,0.06,4,0.222,50,8,5
6,2,1,2,2;3;1;4,1,60,FrameTimeStutter,5.000,laser,practice,2026-09-21T19:06:24.6042923-04:00,2,114,1.94934,17.0961,2558.70,1430.99,0.000,0.000,13.4250,11.1059,-2.7661,Right,0,0,0,0,0.0000,300.000,0,0.000,0,127.500,71.914,4.000,0.0300,1.0000,100.00,laser,60,450;300;200;100;50,450,1.5,3,0.4,1.5,3,1,10,20,100,-10,5,250,40,5,250,60,1,7,10,0,0.06,4,0.222,50,8,5
6,2,1,2,2;3;1;4,1,60,FrameTimeStutter,5.000,laser,practice,2026-09-21T19:06:24.6042923-04:00,2,115,1.96520,15.8562,2558.70,1430.99,0.000,0.000,13.4250,11.1059,-2.7661,Right,0,0,0,0,0.0000,300.000,0,0.000,0,127.500,71.914,4.000,0.0300,1.0000,100.00,laser,60,450;300;200;100;50,450,1.5,3,0.4,1.5,3,1,10,20,100,-10,5,250,40,5,250,60,1,7,10,0,0.06,4,0.222,50,8,5
6,2,1,2,2;3;1;4,1,60,FrameTimeStutter,5.000,laser,practice,2026-09-21T19:06:24.6042923-04:00,2,116,1.98134,16.1374,2558.70,1430.99,0.000,0.000,13.1495,11.1059,-2.7661,Right,0,0,0,0,0.0000,300.000,0,0.000,0,127.500,71.914,4.000,0.0300,1.0000,100.00,laser,60,450;300;200;100;50,450,1.5,3,0.4,1.5,3,1,10,20,100,-10,5,250,40,5,250,60,1,7,10,0,0.06,4,0.222,50,8,5
6,2,1,2,2;3;1;4,1,60,FrameTimeStutter,5.000,laser,practice,2026-09-21T19:06:24.6042923-04:00,2,117,1.99915,17.8142,2558.70,1430.99,0.000,0.000,12.8691,11.1059,-2.7661,Right,0,0,0,0,0.0000,300.000,0,0.000,0,127.500,71.914,4.000,0.0300,1.0000,100.00,laser,60,450;300;200;100;50,450,1.5,3,0.4,1.5,3,1,10,20,100,-10,5,250,40,5,250,60,1,7,10,0,0.06,4,0.222,50,8,5
6,2,1,2,2;3;1;4,1,60,FrameTimeStutter,5.000,laser,practice,2026-09-21T19:06:24.6042923-04:00,2,118,2.01604,16.8936,2558.70,1430.99,0.000,0.000,12.6253,11.1059,-2.7661,Right,0,0,0,0,0.0000,300.000,0,0.000,0,127.500,71.914,4.000,0.0300,1.0000,100.00,laser,60,450;300;200;100;50,450,1.5,3,0.4,1.5,3,1,10,20,100,-10,5,250,40,5,250,60,1,7,10,0,0.06,4,0.222,50,8,5
6,2,1,2,2;3;1;4,1,60,FrameTimeStutter,5.000,laser,practice,2026-09-21T19:06:24.6042923-04:00,2,119,2.03206,16.0168,2558.70,1430.99,0.000,0.000,12.4131,11.1059,-2.7661,Right,0,0,0,0,0.0000,300.000,0,0.000,0,127.500,71.914,4.000,0.0300,1.0000,100.00,laser,60,450;300;200;100;50,450,1.5,3,0.4,1.5,3,1,10,20,100,-10,5,250,40,5,250,60,1,7,10,0,0.06,4,0.222,50,8,5
6,2,1,2,2;3;1;4,1,60,FrameTimeStutter,5.000,laser,practice,2026-09-21T19:06:24.6042923-04:00,2,120,2.04880,16.7357,2558.70,1430.99,0.000,0.000,12.2104,11.1059,-2.7661,Right,0,0,0,0,0.0000,300.000,0,0.000,0,127.500,71.914,4.000,0.0300,1.0000,100.00,laser,60,450;300;200;100;50,450,1.5,3,0.4,1.5,3,1,10,20,100,-10,5,250,40,5,250,60,1,7,10,0,0.06,4,0.222,50,8,5
6,2,1,2,2;3;1;4,1,60,FrameTimeStutter,5.000,laser,practice,2026-09-21T19:06:24.6042923-04:00,2,121,2.06577,16.9752,2558.70,1430.99,0.000,0.000,12.0236,11.1059,-2.7661,Right,0,0,0,0,0.0000,300.000,0,0.000,0,127.500,71.914,4.000,0.0300,1.0000,100.00,laser,60,450;300;200;100;50,450,1.5,3,0.4,1.5,3,1,10,20,100,-10,5,250,40,5,250,60,1,7,10,0,0.06,4,0.222,50,8,5
6,2,1,2,2;3;1;4,1,60,FrameTimeStutter,5.000,laser,practice,2026-09-21T19:06:24.6042923-04:00,2,122,2.08267,16.8926,2558.70,1430.99,0.000,0.000,11.8556,11.1059,-2.7661,Right,0,0,0,0,0.0000,300.000,0,0.000,0,127.500,71.914,4.000,0.0300,1.0000,100.00,laser,60,450;300;200;100;50,450,1.5,3,0.4,1.5,3,1,10,20,100,-10,5,250,40,5,250,60,1,7,10,0,0.06,4,0.222,50,8,5
6,2,1,2,2;3;1;4,1,60,FrameTimeStutter,5.000,laser,practice,2026-09-21T19:06:24.6042923-04:00,2,123,2.09785,15.1839,2558.70,1430.99,0.000,0.000,11.7192,11.1059,-2.7661,Right,0,0,0,0,0.0000,300.000,0,0.000,0,127.500,71.914,4.000,0.0300,1.0000,100.00,laser,60,450;300;200;100;50,450,1.5,3,0.4,1.5,3,1,10,20,100,-10,5,250,40,5,250,60,1,7,10,0,0.06,4,0.222,50,8,5
6,2,1,2,2;3;1;4,1,60,FrameTimeStutter,5.000,laser,practice,2026-09-21T19:06:24.6042923-04:00,2,124,2.11538,17.5256,2558.70,1430.99,0.000,0.000,11.5779,11.1059,-2.7661,Right,0,0,0,0,0.0000,300.000,0,0.000,0,127.500,71.914,4.000,0.0300,1.0000,100.00,laser,60,450;300;200;100;50,450,1.5,3,0.4,1.5,3,1,10,20,100,-10,5,250,40,5,250,60,1,7,10,0,0.06,4,0.222,50,8,5
6,2,1,2,2;3;1;4,1,60,FrameTimeStutter,5.000,laser,practice,2026-09-21T19:06:24.6042923-04:00,2,125,2.13178,16.4035,2558.70,1430.99,0.000,0.000,11.4606,11.1059,-2.7661,Right,0,0,0,0,0.0000,300.000,0,0.000,0,127.500,71.914,4.000,0.0300,1.0000,100.00,laser,60,450;300;200;100;50,450,1.5,3,0.4,1.5,3,1,10,20,100,-10,5,250,40,5,250,60,1,7,10,0,0.06,4,0.222,50,8,5
6,2,1,2,2;3;1;4,1,60,FrameTimeStutter,5.000,laser,practice,2026-09-21T19:06:24.6042923-04:00,2,126,2.14874,16.9618,2558.70,1430.99,0.000,0.000,11.3535,11.1059,-2.7661,Right,0,0,0,0,0.0000,300.000,0,0.000,0,127.500,71.914,4.000,0.0300,1.0000,100.00,laser,60,450;300;200;100;50,450,1.5,3,0.4,1.5,3,1,10,20,100,-10,5,250,40,5,250,60,1,7,10,0,0.06,4,0.222,50,8,5
6,2,1,2,2;3;1;4,1,60,FrameTimeStutter,5.000,laser,practice,2026-09-21T19:06:24.6042923-04:00,2,127,2.16523,16.4927,2558.70,1430.99,0.000,0.000,11.2624,11.1059,-2.7661,Right,0,0,0,0,0.0000,300.000,0,0.000,0,127.500,71.914,4.000,0.0300,1.0000,100.00,laser,60,450;300;200;100;50,450,1.5,3,0.4,1.5,3,1,10,20,100,-10,5,250,40,5,250,60,1,7,10,0,0.06,4,0.222,50,8,5
6,2,1,2,2;3;1;4,1,60,FrameTimeStutter,5.000,laser,practice,2026-09-21T19:06:24.6042923-04:00,2,128,2.18216,16.9233,2558.70,1430.99,0.000,0.000,11.1813,11.1059,-2.7661,Right,0,0,0,0,0.0000,300.000,0,0.000,0,127.500,71.914,4.000,0.0300,1.0000,100.00,laser,60,450;300;200;100;50,450,1.5,3,0.4,1.5,3,1,10,20,100,-10,5,250,40,5,250,60,1,7,10,0,0.06,4,0.222,50,8,5
6,2,1,2,2;3;1;4,1,60,FrameTimeStutter,5.000,laser,practice,2026-09-21T19:06:24.6042923-04:00,2,129,2.19915,16.9936,2558.70,1430.99,0.000,0.000,11.1117,11.1059,-2.7661,Right,0,0,0,0,0.0000,300.000,0,0.000,0,127.500,71.914,4.000,0.0300,1.0000,100.00,laser,60,450;300;200;100;50,450,1.5,3,0.4,1.5,3,1,10,20,100,-10,5,250,40,5,250,60,1,7,10,0,0.06,4,0.222,50,8,5
6,2,1,2,2;3;1;4,1,60,FrameTimeStutter,5.000,laser,practice,2026-09-21T19:06:24.6042923-04:00,2,130,2.21603,16.8790,2558.70,1430.99,0.000,0.000,11.0533,11.1059,-2.7661,Right,0,0,0,0,0.0000,300.000,0,0.000,0,127.500,71.914,4.000,0.0300,1.0000,100.00,laser,60,450;300;200;100;50,450,1.5,3,0.4,1.5,3,1,10,20,100,-10,5,250,40,5,250,60,1,7,10,0,0.06,4,0.222,50,8,5
6,2,1,2,2;3;1;4,1,60,FrameTimeStutter,5.000,laser,practice,2026-09-21T19:06:24.6042923-04:00,2,131,2.23255,16.5187,2558.70,1430.99,0.000,0.000,11.0057,11.1059,-2.7661,Right,0,0,0,0,0.0000,300.000,0,0.000,0,127.500,71.914,4.000,0.0300,1.0000,100.00,laser,60,450;300;200;100;50,450,1.5,3,0.4,1.5,3,1,10,20,100,-10,5,250,40,5,250,60,1,7,10,0,0.06,4,0.222,50,8,5
6,2,1,2,2;3;1;4,1,60,FrameTimeStutter,5.000,laser,practice,2026-09-21T19:06:24.6042923-04:00,2,132,2.24871,16.1630,2558.70,1430.99,0.000,0.000,10.9673,11.1059,-2.7661,Right,0,0,0,0,0.0000,300.000,0,0.000,0,127.500,71.914,4.000,0.0300,1.0000,100.00,laser,60,450;300;200;100;50,450,1.5,3,0.4,1.5,3,1,10,20,100,-10,5,250,40,5,250,60,1,7,10,0,0.06,4,0.222,50,8,5
6,2,1,2,2;3;1;4,1,60,FrameTimeStutter,5.000,laser,practice,2026-09-21T19:06:24.6042923-04:00,2,133,2.26563,16.9235,2558.70,1430.99,0.000,0.000,10.9351,11.1059,-2.7661,Right,0,0,0,0,0.0000,300.000,0,0.000,0,127.500,71.914,4.000,0.0300,1.0000,100.00,laser,60,450;300;200;100;50,450,1.5,3,0.4,1.5,3,1,10,20,100,-10,5,250,40,5,250,60,1,7,10,0,0.06,4,0.222,50,8,5
6,2,1,2,2;3;1;4,1,60,FrameTimeStutter,5.000,laser,practice,2026-09-21T19:06:24.6042923-04:00,2,134,2.28199,16.3562,2558.70,1430.99,0.000,0.000,10.9109,11.1059,-2.7661,Right,0,0,0,0,0.0000,300.000,0,0.000,0,127.500,71.914,4.000,0.0300,1.0000,100.00,laser,60,450;300;200;100;50,450,1.5,3,0.4,1.5,3,1,10,20,100,-10,5,250,40,5,250,60,1,7,10,0,0.06,4,0.222,50,8,5
6,2,1,2,2;3;1;4,1,60,FrameTimeStutter,5.000,laser,practice,2026-09-21T19:06:24.6042923-04:00,2,135,2.29897,16.9818,2558.70,1430.99,0.000,0.000,10.8919,11.1059,-2.7661,Right,0,0,0,0,0.0000,300.000,0,0.000,0,127.500,71.914,4.000,0.0300,1.0000,100.00,laser,60,450;300;200;100;50,450,1.5,3,0.4,1.5,3,1,10,20,100,-10,5,250,40,5,250,60,1,7,10,0,0.06,4,0.222,50,8,5
6,2,1,2,2;3;1;4,1,60,FrameTimeStutter,5.000,laser,practice,2026-09-21T19:06:24.6042923-04:00,2,136,2.31597,16.9948,2558.70,1430.99,0.000,0.000,10.8784,11.1059,-2.7661,Right,0,0,0,0,0.0000,300.000,0,0.000,0,127.500,71.914,4.000,0.0300,1.0000,100.00,laser,60,450;300;200;100;50,450,1.5,3,0.4,1.5,3,1,10,20,100,-10,5,250,40,5,250,60,1,7,10,0,0.06,4,0.222,50,8,5
6,2,1,2,2;3;1;4,1,60,FrameTimeStutter,5.000,laser,practice,2026-09-21T19:06:24.6042923-04:00,2,137,2.33205,16.0838,2558.70,1430.99,0.000,0.000,10.8698,11.1059,-2.7661,Right,0,0,0,0,0.0000,300.000,0,0.000,0,127.500,71.914,4.000,0.0300,1.0000,100.00,laser,60,450;300;200;100;50,450,1.5,3,0.4,1.5,3,1,10,20,100,-10,5,250,40,5,250,60,1,7,10,0,0.06,4,0.222,50,8,5
6,2,1,2,2;3;1;4,1,60,FrameTimeStutter,5.000,laser,practice,2026-09-21T19:06:24.6042923-04:00,2,138,2.34935,17.3031,2556.90,1430.99,-1.000,0.000,10.8641,11.1059,-2.7661,Right,0,0,0,0,0.0000,300.000,0,0.000,0,127.500,71.914,4.000,0.0300,1.0000,100.00,laser,60,450;300;200;100;50,450,1.5,3,0.4,1.5,3,1,10,20,100,-10,5,250,40,5,250,60,1,7,10,0,0.06,4,0.222,50,8,5
6,2,1,2,2;3;1;4,1,60,FrameTimeStutter,5.000,laser,practice,2026-09-21T19:06:24.6042923-04:00,2,139,2.36538,16.0235,2546.08,1430.99,-6.000,0.000,10.8614,11.1059,-2.7661,Right,0,0,0,0,0.0000,300.000,0,0.000,0,127.500,71.914,4.000,0.0300,1.0000,100.00,laser,60,450;300;200;100;50,450,1.5,3,0.4,1.5,3,1,10,20,100,-10,5,250,40,5,250,60,1,7,10,0,0.06,4,0.222,50,8,5
6,2,1,2,2;3;1;4,1,60,FrameTimeStutter,5.000,laser,practice,2026-09-21T19:06:24.6042923-04:00,2,140,2.38209,16.7091,2501.03,1436.40,-25.000,3.000,10.8604,11.1059,-2.7661,Right,0,0,0,0,0.0000,300.000,0,0.000,0,127.500,71.914,4.000,0.0300,1.0000,100.00,laser,60,450;300;200;100;50,450,1.5,3,0.4,1.5,3,1,10,20,100,-10,5,250,40,5,250,60,1,7,10,0,0.06,4,0.222,50,8,5
6,2,1,2,2;3;1;4,1,60,FrameTimeStutter,5.000,laser,practice,2026-09-21T19:06:24.6042923-04:00,2,141,2.39955,17.4590,2475.80,1440.00,-14.000,2.000,10.8602,11.1059,-2.7661,Right,0,0,0,0,0.0000,300.000,0,0.000,0,127.500,71.914,4.000,0.0300,1.0000,100.00,laser,60,450;300;200;100;50,450,1.5,3,0.4,1.5,3,1,10,20,100,-10,5,250,40,5,250,60,1,7,10,0,0.06,4,0.222,50,8,5
6,2,1,2,2;3;1;4,1,60,FrameTimeStutter,5.000,laser,practice,2026-09-21T19:06:24.6042923-04:00,2,142,2.41576,16.2117,2459.57,1440.00,-9.000,2.000,10.8602,11.1059,4.0151,Right,0,0,0,0,0.0000,300.000,0,0.000,0,127.500,71.914,4.000,0.0300,1.0000,100.00,laser,60,450;300;200;100;50,450,1.5,3,0.4,1.5,3,1,10,20,100,-10,5,250,40,5,250,60,1,7,10,0,0.06,4,0.222,50,8,5
6,2,1,2,2;3;1;4,1,60,FrameTimeStutter,5.000,laser,practice,2026-09-21T19:06:24.6042923-04:00,2,143,2.42775,11.9893,2454.17,1440.00,-3.000,0.000,10.8602,11.1059,4.0151,Right,0,0,0,0,0.0000,300.000,0,0.000,0,127.500,71.914,4.000,0.0300,1.0000,100.00,laser,60,450;300;200;100;50,450,1.5,3,0.4,1.5,3,1,10,20,100,-10,5,250,40,5,250,60,1,7,10,0,0.06,4,0.222,50,8,5
6,2,1,2,2;3;1;4,1,60,FrameTimeStutter,5.000,laser,practice,2026-09-21T19:06:24.6042923-04:00,2,144,2.44893,21.1821,2441.55,1440.00,-7.000,2.000,10.8602,11.1059,4.0151,Right,0,0,0,0,0.0000,300.000,0,0.000,0,127.500,71.914,4.000,0.0300,1.0000,100.00,laser,60,450;300;200;100;50,450,1.5,3,0.4,1.5,3,1,10,20,100,-10,5,250,40,5,250,60,1,7,10,0,0.06,4,0.222,50,8,5
6,2,1,2,2;3;1;4,1,60,FrameTimeStutter,5.000,laser,practice,2026-09-21T19:06:24.6042923-04:00,2,145,2.46575,16.8200,2432.54,1440.00,-5.000,2.000,10.8602,11.1059,4.0151,Right,0,0,0,0,0.0000,300.000,0,0.000,0,127.500,71.914,4.000,0.0300,1.0000,100.00,laser,60,450;300;200;100;50,450,1.5,3,0.4,1.5,3,1,10,20,100,-10,5,250,40,5,250,60,1,7,10,0,0.06,4,0.222,50,8,5
6,2,1,2,2;3;1;4,1,60,FrameTimeStutter,5.000,laser,practice,2026-09-21T19:06:24.6042923-04:00,2,146,2.48234,16.5875,2425.33,1440.00,-4.000,2.000,10.8602,11.1059,4.0151,Right,0,0,0,0,0.0000,300.000,0,0.000,0,127.500,71.914,4.000,0.0300,1.0000,100.00,laser,60,450;300;200;100;50,450,1.5,3,0.4,1.5,3,1,10,20,100,-10,5,250,40,5,250,60,1,7,10,0,0.06,4,0.222,50,8,5
6,2,1,2,2;3;1;4,1,60,FrameTimeStutter,5.000,laser,practice,2026-09-21T19:06:24.6042923-04:00,2,147,2.49922,16.8821,2412.72,1440.00,-7.000,2.000,10.8602,11.1059,4.0151,Right,0,0,0,0,0.0000,300.000,0,0.000,0,127.500,71.914,4.000,0.0300,1.0000,100.00,laser,60,450;300;200;100;50,450,1.5,3,0.4,1.5,3,1,10,20,100,-10,5,250,40,5,250,60,1,7,10,0,0.06,4,0.222,50,8,5
6,2,1,2,2;3;1;4,1,60,FrameTimeStutter,5.000,laser,practice,2026-09-21T19:06:24.6042923-04:00,2,148,2.51519,15.9736,2383.88,1440.00,-16.000,4.000,10.8602,11.1059,4.0151,Right,0,0,0,0,0.0000,300.000,0,0.000,0,127.500,71.914,4.000,0.0300,1.0000,100.00,laser,60,450;300;200;100;50,450,1.5,3,0.4,1.5,3,1,10,20,100,-10,5,250,40,5,250,60,1,7,10,0,0.06,4,0.222,50,8,5
6,2,1,2,2;3;1;4,1,60,FrameTimeStutter,5.000,laser,practice,2026-09-21T19:06:24.6042923-04:00,2,149,2.53196,16.7683,2344.23,1440.00,-22.000,4.000,10.8602,11.1059,4.0151,Right,0,0,0,0,0.0000,300.000,0,0.000,0,127.500,71.914,4.000,0.0300,1.0000,100.00,laser,60,450;300;200;100;50,450,1.5,3,0.4,1.5,3,1,10,20,100,-10,5,250,40,5,250,60,1,7,10,0,0.06,4,0.222,50,8,5
6,2,1,2,2;3;1;4,1,60,FrameTimeStutter,5.000,laser,practice,2026-09-21T19:06:24.6042923-04:00,2,150,2.54957,17.6075,2291.97,1440.00,-29.000,5.000,10.8602,11.1059,4.0151,Right,0,0,0,0,0.0000,300.000,0,0.000,0,127.500,71.914,4.000,0.0300,1.0000,100.00,laser,60,450;300;200;100;50,450,1.5,3,0.4,1.5,3,1,10,20,100,-10,5,250,40,5,250,60,1,7,10,0,0.06,4,0.222,50,8,5
6,2,1,2,2;3;1;4,1,60,FrameTimeStutter,5.000,laser,practice,2026-09-21T19:06:24.6042923-04:00,2,151,2.56562,16.0563,2239.70,1440.00,-29.000,5.000,10.8602,11.1059,4.0151,Right,0,0,0,0,0.0000,300.000,0,0.000,0,127.500,71.914,4.000,0.0300,1.0000,100.00,laser,60,450;300;200;100;50,450,1.5,3,0.4,1.5,3,1,10,20,100,-10,5,250,40,5,250,60,1,7,10,0,0.06,4,0.222,50,8,5
6,2,1,2,2;3;1;4,1,60,FrameTimeStutter,5.000,laser,practice,2026-09-21T19:06:24.6042923-04:00,2,152,2.58205,16.4235,2174.82,1440.00,-36.000,4.000,10.8602,11.1059,4.0151,Right,0,0,0,0,0.0000,300.000,0,0.000,0,127.500,71.914,4.000,0.0300,1.0000,100.00,laser,60,450;300;200;100;50,450,1.5,3,0.4,1.5,3,1,10,20,100,-10,5,250,40,5,250,60,1,7,10,0,0.06,4,0.222,50,8,5
6,2,1,2,2;3;1;4,1,60,FrameTimeStutter,5.000,laser,practice,2026-09-21T19:06:24.6042923-04:00,2,153,2.59865,16.6003,2131.56,1440.00,-24.000,2.000,10.8602,11.1059,4.0151,Right,0,0,0,0,0.0000,300.000,0,0.000,0,127.500,71.914,4.000,0.0300,1.0000,100.00,laser,60,450;300;200;100;50,450,1.5,3,0.4,1.5,3,1,10,20,100,-10,5,250,40,5,250,60,1,7,10,0,0.06,4,0.222,50,8,5
6,2,1,2,2;3;1;4,1,60,FrameTimeStutter,5.000,laser,practice,2026-09-21T19:06:24.6042923-04:00,2,154,2.61543,16.7862,2072.09,1440.00,-33.000,2.000,10.8602,11.1059,4.0151,Right,0,0,0,0,0.0000,300.000,0,0.000,0,127.500,71.914,4.000,0.0300,1.0000,100.00,laser,60,450;300;200;100;50,450,1.5,3,0.4,1.5,3,1,10,20,100,-10,5,250,40,5,250,60,1,7,10,0,0.06,4,0.222,50,8,5
6,2,1,2,2;3;1;4,1,60,FrameTimeStutter,5.000,laser,practice,2026-09-21T19:06:24.6042923-04:00,2,155,2.63185,16.4113,2000.00,1440.00,-40.000,3.000,10.8602,11.1059,4.0151,Right,0,0,0,0,0.0000,300.000,0,0.000,0,127.500,71.914,4.000,0.0300,1.0000,100.00,laser,60,450;300;200;100;50,450,1.5,3,0.4,1.5,3,1,10,20,100,-10,5,250,40,5,250,60,1,7,10,0,0.06,4,0.222,50,8,5
6,2,1,2,2;3;1;4,1,60,FrameTimeStutter,5.000,laser,practice,2026-09-21T19:06:24.6042923-04:00,2,156,2.64923,17.3892,1920.70,1440.00,-44.000,3.000,10.8602,11.1059,4.0151,Right,0,0,0,0,0.0000,300.000,0,0.000,0,127.500,71.914,4.000,0.0300,1.0000,100.00,laser,60,450;300;200;100;50,450,1.5,3,0.4,1.5,3,1,10,20,100,-10,5,250,40,5,250,60,1,7,10,0,0.06,4,0.222,50,8,5
6,2,1,2,2;3;1;4,1,60,FrameTimeStutter,5.000,laser,practice,2026-09-21T19:06:24.6042923-04:00,2,157,2.66579,16.5529,1841.40,1440.00,-44.000,3.000,10.8602,11.1059,4.0151,Right,0,0,0,0,0.0000,300.000,0,0.000,0,127.500,71.914,4.000,0.0300,1.0000,100.00,laser,60,450;300;200;100;50,450,1.5,3,0.4,1.5,3,1,10,20,100,-10,5,250,40,5,250,60,1,7,10,0,0.06,4,0.222,50,8,5
6,2,1,2,2;3;1;4,1,60,FrameTimeStutter,5.000,laser,practice,2026-09-21T19:06:24.6042923-04:00,2,158,2.68242,16.6322,1769.31,1440.00,-40.000,4.000,10.8602,11.1059,4.0151,Right,0,0,0,0,0.0000,300.000,0,0.000,0,127.500,71.914,4.000,0.0300,1.0000,100.00,laser,60,450;300;200;100;50,450,1.5,3,0.4,1.5,3,1,10,20,100,-10,5,250,40,5,250,60,1,7,10,0,0.06,4,0.222,50,8,5
6,2,1,2,2;3;1;4,1,60,FrameTimeStutter,5.000,laser,practice,2026-09-21T19:06:24.6042923-04:00,2,159,2.69895,16.5347,1695.42,1440.00,-41.000,4.000,10.8602,11.1059,4.0151,Right,0,0,0,0,0.0000,300.000,0,0.000,0,127.500,71.914,4.000,0.0300,1.0000,100.00,laser,60,450;300;200;100;50,450,1.5,3,0.4,1.5,3,1,10,20,100,-10,5,250,40,5,250,60,1,7,10,0,0.06,4,0.222,50,8,5
6,2,1,2,2;3;1;4,1,60,FrameTimeStutter,5.000,laser,practice,2026-09-21T19:06:24.6042923-04:00,2,160,2.71536,16.4031,1614.32,1440.00,-45.000,7.000,10.8602,11.1059,4.0151,Right,0,0,0,0,0.0000,300.000,0,0.000,0,127.500,71.914,4.000,0.0300,1.0000,100.00,laser,60,450;300;200;100;50,450,1.5,3,0.4,1.5,3,1,10,20,100,-10,5,250,40,5,250,60,1,7,10,0,0.06,4,0.222,50,8,5
6,2,1,2,2;3;1;4,1,60,FrameTimeStutter,5.000,laser,practice,2026-09-21T19:06:24.6042923-04:00,2,161,2.73245,17.0936,1531.41,1440.00,-46.000,7.000,10.8602,11.1059,4.0151,Right,0,0,0,0,0.0000,300.000,0,0.000,0,127.500,71.914,4.000,0.0300,1.0000,100.00,laser,60,450;300;200;100;50,450,1.5,3,0.4,1.5,3,1,10,20,100,-10,5,250,40,5,250,60,1,7,10,0,0.06,4,0.222,50,8,5
6,2,1,2,2;3;1;4,1,60,FrameTimeStutter,5.000,laser,practice,2026-09-21T19:06:24.6042923-04:00,2,162,2.74895,16.5046,1448.51,1440.00,-46.000,7.000,10.8602,11.1059,4.0151,Right,0,0,0,0,0.0000,300.000,0,0.000,0,127.500,71.914,4.000,0.0300,1.0000,100.00,laser,60,450;300;200;100;50,450,1.5,3,0.4,1.5,3,1,10,20,100,-10,5,250,40,5,250,60,1,7,10,0,0.06,4,0.222,50,8,5
6,2,1,2,2;3;1;4,1,60,FrameTimeStutter,5.000,laser,practice,2026-09-21T19:06:24.6042923-04:00,2,163,2.76548,16.5262,1381.83,1440.00,-37.000,6.000,10.8602,11.1059,4.0151,Right,0,0,0,0,0.0000,300.000,0,0.000,0,127.500,71.914,4.000,0.0300,1.0000,100.00,laser,60,450;300;200;100;50,450,1.5,3,0.4,1.5,3,1,10,20,100,-10,5,250,40,5,250,60,1,7,10,0,0.06,4,0.222,50,8,5
6,2,1,2,2;3;1;4,1,60,FrameTimeStutter,5.000,laser,practice,2026-09-21T19:06:24.6042923-04:00,2,164,2.78315,17.6745,1322.35,1440.00,-33.000,3.000,10.8602,11.1059,4.0151,Right,0,0,0,0,0.0000,300.000,0,0.000,0,127.500,71.914,4.000,0.0300,1.0000,100.00,laser,60,450;300;200;100;50,450,1.5,3,0.4,1.5,3,1,10,20,100,-10,5,250,40,5,250,60,1,7,10,0,0.06,4,0.222,50,8,5
6,2,1,2,2;3;1;4,1,60,FrameTimeStutter,5.000,laser,practice,2026-09-21T19:06:24.6042923-04:00,2,165,2.79959,16.4386,1300.73,1440.00,-12.000,0.000,10.8602,11.1059,4.0151,Right,0,0,0,0,0.0000,300.000,0,0.000,0,127.500,71.914,4.000,0.0300,1.0000,100.00,laser,60,450;300;200;100;50,450,1.5,3,0.4,1.5,3,1,10,20,100,-10,5,250,40,5,250,60,1,7,10,0,0.06,4,0.222,50,8,5
6,2,1,2,2;3;1;4,1,60,FrameTimeStutter,5.000,laser,practice,2026-09-21T19:06:24.6042923-04:00,2,166,2.81560,16.0067,1275.49,1440.00,-14.000,2.000,10.8602,11.1059,4.0151,Right,0,0,0,0,0.0000,300.000,0,0.000,0,127.500,71.914,4.000,0.0300,1.0000,100.00,laser,60,450;300;200;100;50,450,1.5,3,0.4,1.5,3,1,10,20,100,-10,5,250,40,5,250,60,1,7,10,0,0.06,4,0.222,50,8,5
6,2,1,2,2;3;1;4,1,60,FrameTimeStutter,5.000,laser,practice,2026-09-21T19:06:24.6042923-04:00,2,167,2.83252,16.9196,1246.66,1440.00,-16.000,4.000,10.8602,11.1059,4.0151,Right,0,0,0,0,0.0000,300.000,0,0.000,0,127.500,71.914,4.000,0.0300,1.0000,100.00,laser,60,450;300;200;100;50,450,1.5,3,0.4,1.5,3,1,10,20,100,-10,5,250,40,5,250,60,1,7,10,0,0.06,4,0.222,50,8,5
6,2,1,2,2;3;1;4,1,60,FrameTimeStutter,5.000,laser,practice,2026-09-21T19:06:24.6042923-04:00,2,168,2.84927,16.7485,1208.81,1440.00,-21.000,5.000,10.8602,11.1059,4.0151,Right,0,0,0,0,0.0000,300.000,0,0.000,0,127.500,71.914,4.000,0.0300,1.0000,100.00,laser,60,450;300;200;100;50,450,1.5,3,0.4,1.5,3,1,10,20,100,-10,5,250,40,5,250,60,1,7,10,0,0.06,4,0.222,50,8,5
6,2,1,2,2;3;1;4,1,60,FrameTimeStutter,5.000,laser,practice,2026-09-21T19:06:24.6042923-04:00,2,169,2.86563,16.3627,1158.35,1440.00,-28.000,7.000,10.8602,11.1059,4.0151,Right,0,0,0,0,0.0000,300.000,0,0.000,0,127.500,71.914,4.000,0.0300,1.0000,100.00,laser,60,450;300;200;100;50,450,1.5,3,0.4,1.5,3,1,10,20,100,-10,5,250,40,5,250,60,1,7,10,0,0.06,4,0.222,50,8,5
6,2,1,2,2;3;1;4,1,60,FrameTimeStutter,5.000,laser,practice,2026-09-21T19:06:24.6042923-04:00,2,170,2.88236,16.7252,1102.48,1440.00,-31.000,5.000,10.8602,11.1059,4.0151,Right,0,0,0,0,0.0000,300.000,0,0.000,0,127.500,71.914,4.000,0.0300,1.0000,100.00,laser,60,450;300;200;100;50,450,1.5,3,0.4,1.5,3,1,10,20,100,-10,5,250,40,5,250,60,1,7,10,0,0.06,4,0.222,50,8,5
6,2,1,2,2;3;1;4,1,60,FrameTimeStutter,5.000,laser,practice,2026-09-21T19:06:24.6042923-04:00,2,171,2.89853,16.1719,1055.62,1440.00,-26.000,3.000,10.8602,11.1059,4.0151,Right,0,0,0,0,0.0000,300.000,0,0.000,0,127.500,71.914,4.000,0.0300,1.0000,100.00,laser,60,450;300;200;100;50,450,1.5,3,0.4,1.5,3,1,10,20,100,-10,5,250,40,5,250,60,1,7,10,0,0.06,4,0.222,50,8,5
6,2,1,2,2;3;1;4,1,60,FrameTimeStutter,5.000,laser,practice,2026-09-21T19:06:24.6042923-04:00,2,172,2.91559,17.0639,1024.98,1440.00,-17.000,2.000,10.8602,11.1059,4.0151,Right,0,0,0,0,0.0000,300.000,0,0.000,0,127.500,71.914,4.000,0.0300,1.0000,100.00,laser,60,450;300;200;100;50,450,1.5,3,0.4,1.5,3,1,10,20,100,-10,5,250,40,5,250,60,1,7,10,0,0.06,4,0.222,50,8,5
6,2,1,2,2;3;1;4,1,60,FrameTimeStutter,5.000,laser,practice,2026-09-21T19:06:24.6042923-04:00,2,173,2.93254,16.9507,999.75,1440.00,-14.000,1.000,10.8602,11.1059,4.0151,Right,0,0,0,0,0.0000,300.000,0,0.000,0,127.500,71.914,4.000,0.0300,1.0000,100.00,laser,60,450;300;200;100;50,450,1.5,3,0.4,1.5,3,1,10,20,100,-10,5,250,40,5,250,60,1,7,10,0,0.06,4,0.222,50,8,5
6,2,1,2,2;3;1;4,1,60,FrameTimeStutter,5.000,laser,practice,2026-09-21T19:06:24.6042923-04:00,2,174,2.94892,16.3716,958.30,1440.00,-23.000,1.000,10.4396,11.1242,4.0151,Right,0,0,0,0,0.0000,300.000,0,0.000,0,127.500,71.914,4.000,0.0300,1.0000,100.00,laser,60,450;300;200;100;50,450,1.5,3,0.4,1.5,3,1,10,20,100,-10,5,250,40,5,250,60,1,7,10,0,0.06,4,0.222,50,8,5
6,2,1,2,2;3;1;4,1,60,FrameTimeStutter,5.000,laser,practice,2026-09-21T19:06:24.6042923-04:00,2,175,2.96539,16.4799,891.61,1440.00,-37.000,1.000,9.7631,11.1425,4.0151,Right,0,0,0,0,0.0000,300.000,0,0.000,0,127.500,71.914,4.000,0.0300,1.0000,100.00,laser,60,450;300;200;100;50,450,1.5,3,0.4,1.5,3,1,10,20,100,-10,5,250,40,5,250,60,1,7,10,0,0.06,4,0.222,50,8,5
6,2,1,2,2;3;1;4,1,60,FrameTimeStutter,5.000,laser,practice,2026-09-21T19:06:24.6042923-04:00,2,176,2.98260,17.2080,754.64,1440.00,-76.000,4.000,8.3734,11.2156,4.0151,Right,0,0,0,0,0.0000,300.000,0,0.000,0,127.500,71.914,4.000,0.0300,1.0000,100.00,laser,60,450;300;200;100;50,450,1.5,3,0.4,1.5,3,1,10,20,100,-10,5,250,40,5,250,60,1,7,10,0,0.06,4,0.222,50,8,5
6,2,1,2,2;3;1;4,1,60,FrameTimeStutter,5.000,laser,practice,2026-09-21T19:06:24.6042923-04:00,2,177,3.00024,17.6410,659.12,1440.00,-53.000,4.000,7.4043,11.2887,4.0151,Right,0,0,0,0,0.0000,300.000,0,0.000,0,127.500,71.914,4.000,0.0300,1.0000,100.00,laser,60,450;300;200;100;50,450,1.5,3,0.4,1.5,3,1,10,20,100,-10,5,250,40,5,250,60,1,7,10,0,0.06,4,0.222,50,8,5
6,2,1,2,2;3;1;4,1,60,FrameTimeStutter,5.000,laser,practice,2026-09-21T19:06:24.6042923-04:00,2,178,3.01540,15.1573,574.42,1440.00,-47.000,5.000,6.5449,11.3802,4.0151,Right,0,0,0,0,0.0000,300.000,0,0.000,0,127.500,71.914,4.000,0.0300,1.0000,100.00,laser,60,450;300;200;100;50,450,1.5,3,0.4,1.5,3,1,10,20,100,-10,5,250,40,5,250,60,1,7,10,0,0.06,4,0.222,50,8,5
6,2,1,2,2;3;1;4,1,60,FrameTimeStutter,5.000,laser,practice,2026-09-21T19:06:24.6042923-04:00,2,179,3.03208,16.6747,496.92,1440.00,-43.000,5.000,5.7586,11.4716,4.0151,Right,0,0,0,0,0.0000,300.000,0,0.000,0,127.500,71.914,4.000,0.0300,1.0000,100.00,laser,60,450;300;200;100;50,450,1.5,3,0.4,1.5,3,1,10,20,100,-10,5,250,40,5,250,60,1,7,10,0,0.06,4,0.222,50,8,5
6,2,1,2,2;3;1;4,1,60,FrameTimeStutter,5.000,laser,practice,2026-09-21T19:06:24.6042923-04:00,2,180,3.04716,15.0804,419.42,1440.00,-43.000,4.000,4.9724,11.5447,4.0151,Right,0,0,0,0,0.0000,300.000,0,0.000,0,127.500,71.914,4.000,0.0300,1.0000,100.00,laser,60,450;300;200;100;50,450,1.5,3,0.4,1.5,3,1,10,20,100,-10,5,250,40,5,250,60,1,7,10,0,0.06,4,0.222,50,8,5
6,2,1,2,2;3;1;4,1,60,FrameTimeStutter,5.000,laser,practice,2026-09-21T19:06:24.6042923-04:00,2,181,3.06552,18.3611,336.52,1440.00,-46.000,4.000,4.1312,11.6179,4.0151,Right,0,0,0,0,0.0000,300.000,0,0.000,0,127.500,71.914,4.000,0.0300,1.0000,100.00,laser,60,450;300;200;100;50,450,1.5,3,0.4,1.5,3,1,10,20,100,-10,5,250,40,5,250,60,1,7,10,0,0.06,4,0.222,50,8,5
6,2,1,2,2;3;1;4,1,60,FrameTimeStutter,5.000,laser,practice,2026-09-21T19:06:24.6042923-04:00,2,182,3.08126,15.7432,253.62,1440.00,-46.000,5.000,3.2901,11.7093,4.0151,Right,0,0,0,0,0.0000,300.000,0,0.000,0,127.500,71.914,4.000,0.0300,1.0000,100.00,laser,60,450;300;200;100;50,450,1.5,3,0.4,1.5,3,1,10,20,100,-10,5,250,40,5,250,60,1,7,10,0,0.06,4,0.222,50,8,5
6,2,1,2,2;3;1;4,1,60,FrameTimeStutter,5.000,laser,practice,2026-09-21T19:06:24.6042923-04:00,2,183,3.09965,18.3925,186.93,1440.00,-37.000,6.000,2.6135,11.8190,4.0151,Left,0,0,0,0,0.0000,300.000,1,300.000,0,127.500,71.914,4.000,0.0300,1.0000,100.00,laser,60,450;300;200;100;50,450,1.5,3,0.4,1.5,3,1,10,20,100,-10,5,250,40,5,250,60,1,7,10,0,0.06,4,0.222,50,8,5
6,2,1,2,2;3;1;4,1,60,FrameTimeStutter,5.000,laser,practice,2026-09-21T19:06:24.6042923-04:00,2,184,3.43091,331.2612,-0.50,1440.00,-578.000,8.000,-7.9553,11.9653,4.0151,Left,0,0,0,0,0.0000,300.000,0,0.000,0,127.500,71.914,4.000,0.0300,1.0000,100.00,laser,60,450;300;200;100;50,450,1.5,3,0.4,1.5,3,1,10,20,100,-10,5,250,40,5,250,60,1,7,10,0,0.06,4,0.222,50,8,5
6,2,1,2,2;3;1;4,1,60,FrameTimeStutter,5.000,laser,practice,2026-09-21T19:06:24.6042923-04:00,2,185,3.44667,15.7558,-0.50,1432.79,-84.000,-4.000,-9.4913,11.8921,4.0151,Left,0,0,0,0,0.0000,300.000,0,0.000,0,127.500,71.914,4.000,0.0300,1.0000,100.00,laser,60,450;300;200;100;50,450,1.5,3,0.4,1.5,3,1,10,20,100,-10,5,250,40,5,250,60,1,7,10,0,0.06,4,0.222,50,8,5
6,2,1,2,2;3;1;4,1,60,FrameTimeStutter,5.000,laser,practice,2026-09-21T19:06:24.6042923-04:00,2,186,3.46323,16.5602,-0.50,1421.98,-70.000,-6.000,-10.7713,11.7824,4.0151,Left,0,0,0,0,0.0000,300.000,0,0.000,0,127.500,71.914,4.000,0.0300,1.0000,100.00,laser,60,450;300;200;100;50,450,1.5,3,0.4,1.5,3,1,10,20,100,-10,5,250,40,5,250,60,1,7,10,0,0.06,4,0.222,50,8,5
6,2,1,2,2;3;1;4,1,60,FrameTimeStutter,5.000,laser,practice,2026-09-21T19:06:24.6042923-04:00,2,187,3.47967,16.4389,-0.50,1418.37,-45.000,-2.000,-11.5941,11.7458,4.0151,Left,0,0,0,0,0.0000,300.000,0,0.000,0,127.500,71.914,4.000,0.0300,1.0000,100.00,laser,60,450;300;200;100;50,450,1.5,3,0.4,1.5,3,1,10,20,100,-10,5,250,40,5,250,60,1,7,10,0,0.06,4,0.222,50,8,5
6,2,1,2,2;3;1;4,1,60,FrameTimeStutter,5.000,laser,practice,2026-09-21T19:06:24.6042923-04:00,2,188,3.49657,16.9002,-0.50,1416.57,-16.000,-1.000,-11.8867,11.7276,4.0151,Left,0,0,0,0,0.0000,300.000,0,0.000,0,127.500,71.914,4.000,0.0300,1.0000,100.00,laser,60,450;300;200;100;50,450,1.5,3,0.4,1.5,3,1,10,20,100,-10,5,250,40,5,250,60,1,7,10,0,0.06,4,0.222,50,8,5
6,2,1,2,2;3;1;4,1,60,FrameTimeStutter,5.000,laser,practice,2026-09-21T19:06:24.6042923-04:00,2,189,3.51262,16.0493,-0.50,1416.57,0.000,0.000,-11.8867,11.7276,4.0151,Left,0,0,0,0,0.0000,300.000,0,0.000,0,127.500,71.914,4.000,0.0300,1.0000,100.00,laser,60,450;300;200;100;50,450,1.5,3,0.4,1.5,3,1,10,20,100,-10,5,250,40,5,250,60,1,7,10,0,0.06,4,0.222,50,8,5
6,2,1,2,2;3;1;4,1,60,FrameTimeStutter,5.000,laser,practice,2026-09-21T19:06:24.6042923-04:00,2,190,3.52964,17.0181,-0.50,1416.57,0.000,0.000,-11.8867,11.7276,4.0151,Left,0,0,0,0,0.0000,300.000,0,0.000,0,127.500,71.914,4.000,0.0300,1.0000,100.00,laser,60,450;300;200;100;50,450,1.5,3,0.4,1.5,3,1,10,20,100,-10,5,250,40,5,250,60,1,7,10,0,0.06,4,0.222,50,8,5
6,2,1,2,2;3;1;4,1,60,FrameTimeStutter,5.000,laser,practice,2026-09-21T19:06:24.6042923-04:00,2,191,3.54655,16.9160,-0.50,1416.57,0.000,0.000,-11.8867,11.7276,4.0151,Left,0,0,0,0,0.0000,300.000,0,0.000,0,127.500,71.914,4.000,0.0300,1.0000,100.00,laser,60,450;300;200;100;50,450,1.5,3,0.4,1.5,3,1,10,20,100,-10,5,250,40,5,250,60,1,7,10,0,0.06,4,0.222,50,8,5
6,2,1,2,2;3;1;4,1,60,FrameTimeStutter,5.000,laser,practice,2026-09-21T19:06:24.6042923-04:00,2,192,3.56322,16.6664,-0.50,1416.57,0.000,0.000,-11.8867,11.7276,4.0151,Left,0,0,0,0,0.0000,300.000,0,0.000,0,127.500,71.914,4.000,0.0300,1.0000,100.00,laser,60,450;300;200;100;50,450,1.5,3,0.4,1.5,3,1,10,20,100,-10,5,250,40,5,250,60,1,7,10,0,0.06,4,0.222,50,8,5
6,2,1,2,2;3;1;4,1,60,FrameTimeStutter,5.000,laser,practice,2026-09-21T19:06:24.6042923-04:00,2,193,3.57990,16.6797,-0.50,1416.57,0.000,0.000,-11.8867,11.7276,4.0151,Left,0,0,0,0,0.0000,300.000,0,0.000,0,127.500,71.914,4.000,0.0300,1.0000,100.00,laser,60,450;300;200;100;50,450,1.5,3,0.4,1.5,3,1,10,20,100,-10,5,250,40,5,250,60,1,7,10,0,0.06,4,0.222,50,8,5
6,2,1,2,2;3;1;4,1,60,FrameTimeStutter,5.000,laser,practice,2026-09-21T19:06:24.6042923-04:00,2,194,3.59647,16.5687,-0.50,1416.57,0.000,0.000,-11.8867,11.7276,4.0151,Left,0,0,0,0,0.0000,300.000,0,0.000,0,127.500,71.914,4.000,0.0300,1.0000,100.00,laser,60,450;300;200;100;50,450,1.5,3,0.4,1.5,3,1,10,20,100,-10,5,250,40,5,250,60,1,7,10,0,0.06,4,0.222,50,8,5
6,2,1,2,2;3;1;4,1,60,FrameTimeStutter,5.000,laser,practice,2026-09-21T19:06:24.6042923-04:00,2,195,3.61242,15.9536,-0.50,1416.57,0.000,0.000,-11.8867,11.7276,4.0151,Left,0,0,0,0,0.0000,300.000,0,0.000,0,127.500,71.914,4.000,0.0300,1.0000,100.00,laser,60,450;300;200;100;50,450,1.5,3,0.4,1.5,3,1,10,20,100,-10,5,250,40,5,250,60,1,7,10,0,0.06,4,0.222,50,8,5
6,2,1,2,2;3;1;4,1,60,FrameTimeStutter,5.000,laser,practice,2026-09-21T19:06:24.6042923-04:00,2,196,3.62913,16.7051,-0.50,1416.57,0.000,0.000,-11.8867,11.7276,4.0151,Left,0,0,0,0,0.0000,300.000,0,0.000,0,127.500,71.914,4.000,0.0300,1.0000,100.00,laser,60,450;300;200;100;50,450,1.5,3,0.4,1.5,3,1,10,20,100,-10,5,250,40,5,250,60,1,7,10,0,0.06,4,0.222,50,8,5
6,2,1,2,2;3;1;4,1,60,FrameTimeStutter,5.000,laser,practice,2026-09-21T19:06:24.6042923-04:00,2,197,3.64585,16.7278,-0.50,1416.57,0.000,0.000,-11.8867,11.7276,4.0151,Left,0,0,0,0,0.0000,300.000,0,0.000,0,127.500,71.914,4.000,0.0300,1.0000,100.00,laser,60,450;300;200;100;50,450,1.5,3,0.4,1.5,3,1,10,20,100,-10,5,250,40,5,250,60,1,7,10,0,0.06,4,0.222,50,8,5
6,2,1,2,2;3;1;4,1,60,FrameTimeStutter,5.000,laser,practice,2026-09-21T19:06:24.6042923-04:00,2,198,3.66279,16.9357,-0.50,1416.57,0.000,0.000,-11.8867,11.7276,4.0151,Left,0,0,0,0,0.0000,300.000,0,0.000,0,127.500,71.914,4.000,0.0300,1.0000,100.00,laser,60,450;300;200;100;50,450,1.5,3,0.4,1.5,3,1,10,20,100,-10,5,250,40,5,250,60,1,7,10,0,0.06,4,0.222,50,8,5
6,2,1,2,2;3;1;4,1,60,FrameTimeStutter,5.000,laser,practice,2026-09-21T19:06:24.6042923-04:00,2,199,3.67986,17.0702,-0.50,1416.57,0.000,0.000,-11.8867,11.7276,4.0151,Left,0,0,0,0,0.0000,300.000,0,0.000,0,127.500,71.914,4.000,0.0300,1.0000,100.00,laser,60,450;300;200;100;50,450,1.5,3,0.4,1.5,3,1,10,20,100,-10,5,250,40,5,250,60,1,7,10,0,0.06,4,0.222,50,8,5
6,2,1,2,2;3;1;4,1,60,FrameTimeStutter,5.000,laser,practice,2026-09-21T19:06:24.6042923-04:00,2,200,3.69661,16.7473,-0.50,1416.57,0.000,0.000,-11.8867,11.7276,4.0151,Left,0,0,0,0,0.0000,300.000,0,0.000,0,127.500,71.914,4.000,0.0300,1.0000,100.00,laser,60,450;300;200;100;50,450,1.5,3,0.4,1.5,3,1,10,20,100,-10,5,250,40,5,250,60,1,7,10,0,0.06,4,0.222,50,8,5
6,2,1,2,2;3;1;4,1,60,FrameTimeStutter,5.000,laser,practice,2026-09-21T19:06:24.6042923-04:00,2,201,3.71252,15.9169,-0.50,1416.57,0.000,0.000,-11.8867,11.7276,4.0151,Left,0,0,0,0,0.0000,300.000,0,0.000,0,127.500,71.914,4.000,0.0300,1.0000,100.00,laser,60,450;300;200;100;50,450,1.5,3,0.4,1.5,3,1,10,20,100,-10,5,250,40,5,250,60,1,7,10,0,0.06,4,0.222,50,8,5
6,2,1,2,2;3;1;4,1,60,FrameTimeStutter,5.000,laser,practice,2026-09-21T19:06:24.6042923-04:00,2,202,3.72917,16.6495,-0.50,1416.57,0.000,0.000,-11.8867,11.7276,4.0151,Left,0,0,0,0,0.0000,300.000,0,0.000,0,127.500,71.914,4.000,0.0300,1.0000,100.00,laser,60,450;300;200;100;50,450,1.5,3,0.4,1.5,3,1,10,20,100,-10,5,250,40,5,250,60,1,7,10,0,0.06,4,0.222,50,8,5
6,2,1,2,2;3;1;4,1,60,FrameTimeStutter,5.000,laser,practice,2026-09-21T19:06:24.6042923-04:00,2,203,3.74586,16.6880,-0.50,1416.57,0.000,0.000,-11.8867,11.7276,4.0151,Left,0,0,0,0,0.0000,300.000,0,0.000,0,127.500,71.914,4.000,0.0300,1.0000,100.00,laser,60,450;300;200;100;50,450,1.5,3,0.4,1.5,3,1,10,20,100,-10,5,250,40,5,250,60,1,7,10,0,0.06,4,0.222,50,8,5
6,2,1,2,2;3;1;4,1,60,FrameTimeStutter,5.000,laser,practice,2026-09-21T19:06:24.6042923-04:00,2,204,3.76253,16.6668,-0.50,1416.57,0.000,0.000,-11.8867,11.7276,4.0151,Left,0,0,0,0,0.0000,300.000,0,0.000,0,127.500,71.914,4.000,0.0300,1.0000,100.00,laser,60,450;300;200;100;50,450,1.5,3,0.4,1.5,3,1,10,20,100,-10,5,250,40,5,250,60,1,7,10,0,0.06,4,0.222,50,8,5
6,2,1,2,2;3;1;4,1,60,FrameTimeStutter,5.000,laser,practice,2026-09-21T19:06:24.6042923-04:00,2,205,3.77940,16.8661,-0.50,1416.57,0.000,0.000,-11.8867,11.7276,4.0151,Left,0,0,0,0,0.0000,300.000,0,0.000,0,127.500,71.914,4.000,0.0300,1.0000,100.00,laser,60,450;300;200;100;50,450,1.5,3,0.4,1.5,3,1,10,20,100,-10,5,250,40,5,250,60,1,7,10,0,0.06,4,0.222,50,8,5
6,2,1,2,2;3;1;4,1,60,FrameTimeStutter,5.000,laser,practice,2026-09-21T19:06:24.6042923-04:00,2,206,3.79617,16.7765,-0.50,1416.57,0.000,0.000,-11.8867,11.7276,4.0151,Left,0,0,0,0,0.0000,300.000,0,0.000,0,127.500,71.914,4.000,0.0300,1.0000,100.00,laser,60,450;300;200;100;50,450,1.5,3,0.4,1.5,3,1,10,20,100,-10,5,250,40,5,250,60,1,7,10,0,0.06,4,0.222,50,8,5
6,2,1,2,2;3;1;4,1,60,FrameTimeStutter,5.000,laser,practice,2026-09-21T19:06:24.6042923-04:00,2,207,3.81296,16.7872,-0.50,1416.57,0.000,0.000,-11.8867,11.7276,4.0151,Left,0,0,0,0,0.0000,300.000,0,0.000,0,127.500,71.914,4.000,0.0300,1.0000,100.00,laser,60,450;300;200;100;50,450,1.5,3,0.4,1.5,3,1,10,20,100,-10,5,250,40,5,250,60,1,7,10,0,0.06,4,0.222,50,8,5
6,2,1,2,2;3;1;4,1,60,FrameTimeStutter,5.000,laser,practice,2026-09-21T19:06:24.6042923-04:00,2,208,3.82961,16.6541,-0.50,1416.57,0.000,0.000,-11.8867,11.7276,4.0151,Left,0,0,0,0,0.0000,300.000,0,0.000,0,127.500,71.914,4.000,0.0300,1.0000,100.00,laser,60,450;300;200;100;50,450,1.5,3,0.4,1.5,3,1,10,20,100,-10,5,250,40,5,250,60,1,7,10,0,0.06,4,0.222,50,8,5
6,2,1,2,2;3;1;4,1,60,FrameTimeStutter,5.000,laser,practice,2026-09-21T19:06:24.6042923-04:00,2,209,3.84642,16.8050,-0.50,1416.57,0.000,0.000,-11.8867,11.7276,4.0151,Left,0,0,0,0,0.0000,300.000,0,0.000,0,127.500,71.914,4.000,0.0300,1.0000,100.00,laser,60,450;300;200;100;50,450,1.5,3,0.4,1.5,3,1,10,20,100,-10,5,250,40,5,250,60,1,7,10,0,0.06,4,0.222,50,8,5
6,2,1,2,2;3;1;4,1,60,FrameTimeStutter,5.000,laser,practice,2026-09-21T19:06:24.6042923-04:00,2,210,3.86319,16.7698,-0.50,1416.57,0.000,0.000,-11.8867,11.7276,4.0151,Left,0,0,0,0,0.0000,300.000,0,0.000,0,127.500,71.914,4.000,0.0300,1.0000,100.00,laser,60,450;300;200;100;50,450,1.5,3,0.4,1.5,3,1,10,20,100,-10,5,250,40,5,250,60,1,7,10,0,0.06,4,0.222,50,8,5
6,2,1,2,2;3;1;4,1,60,FrameTimeStutter,5.000,laser,practice,2026-09-21T19:06:24.6042923-04:00,2,211,3.87978,16.5882,-0.50,1416.57,0.000,0.000,-11.8867,11.7276,4.0151,Left,0,0,0,0,0.0000,300.000,0,0.000,0,127.500,71.914,4.000,0.0300,1.0000,100.00,laser,60,450;300;200;100;50,450,1.5,3,0.4,1.5,3,1,10,20,100,-10,5,250,40,5,250,60,1,7,10,0,0.06,4,0.222,50,8,5
6,2,1,2,2;3;1;4,1,60,FrameTimeStutter,5.000,laser,practice,2026-09-21T19:06:24.6042923-04:00,2,212,3.89645,16.6697,-0.50,1416.57,0.000,0.000,-11.8867,11.7276,4.0151,Left,0,0,0,0,0.0000,300.000,0,0.000,0,127.500,71.914,4.000,0.0300,1.0000,100.00,laser,60,450;300;200;100;50,450,1.5,3,0.4,1.5,3,1,10,20,100,-10,5,250,40,5,250,60,1,7,10,0,0.06,4,0.222,50,8,5
6,2,1,2,2;3;1;4,1,60,FrameTimeStutter,5.000,laser,practice,2026-09-21T19:06:24.6042923-04:00,2,213,3.91299,16.5424,-0.50,1416.57,0.000,0.000,-11.8867,11.7276,4.0151,Left,0,0,0,0,0.0000,300.000,0,0.000,0,127.500,71.914,4.000,0.0300,1.0000,100.00,laser,60,450;300;200;100;50,450,1.5,3,0.4,1.5,3,1,10,20,100,-10,5,250,40,5,250,60,1,7,10,0,0.06,4,0.222,50,8,5
6,2,1,2,2;3;1;4,1,60,FrameTimeStutter,5.000,laser,practice,2026-09-21T19:06:24.6042923-04:00,2,214,3.92963,16.6415,-0.50,1416.57,0.000,0.000,-11.8867,11.7276,4.0151,Left,0,0,0,0,0.0000,300.000,0,0.000,0,127.500,71.914,4.000,0.0300,1.0000,100.00,laser,60,450;300;200;100;50,450,1.5,3,0.4,1.5,3,1,10,20,100,-10,5,250,40,5,250,60,1,7,10,0,0.06,4,0.222,50,8,5
6,2,1,2,2;3;1;4,1,60,FrameTimeStutter,5.000,laser,practice,2026-09-21T19:06:24.6042923-04:00,2,215,3.94647,16.8366,-0.50,1416.57,0.000,0.000,-11.8867,11.7276,4.0151,Left,0,0,0,0,0.0000,300.000,0,0.000,0,127.500,71.914,4.000,0.0300,1.0000,100.00,laser,60,450;300;200;100;50,450,1.5,3,0.4,1.5,3,1,10,20,100,-10,5,250,40,5,250,60,1,7,10,0,0.06,4,0.222,50,8,5
6,2,1,2,2;3;1;4,1,60,FrameTimeStutter,5.000,laser,practice,2026-09-21T19:06:24.6042923-04:00,2,216,3.96323,16.7657,-0.50,1416.57,0.000,0.000,-11.8867,11.7276,4.0151,Left,0,0,0,0,0.0000,300.000,0,0.000,0,127.500,71.914,4.000,0.0300,1.0000,100.00,laser,60,450;300;200;100;50,450,1.5,3,0.4,1.5,3,1,10,20,100,-10,5,250,40,5,250,60,1,7,10,0,0.06,4,0.222,50,8,5
6,2,1,2,2;3;1;4,1,60,FrameTimeStutter,5.000,laser,practice,2026-09-21T19:06:24.6042923-04:00,2,217,3.97954,16.3095,-0.50,1416.57,0.000,0.000,-11.8867,11.7276,4.0151,Left,0,0,0,0,0.0000,300.000,0,0.000,0,127.500,71.914,4.000,0.0300,1.0000,100.00,laser,60,450;300;200;100;50,450,1.5,3,0.4,1.5,3,1,10,20,100,-10,5,250,40,5,250,60,1,7,10,0,0.06,4,0.222,50,8,5
6,2,1,2,2;3;1;4,1,60,FrameTimeStutter,5.000,laser,practice,2026-09-21T19:06:24.6042923-04:00,2,218,3.99614,16.5994,-0.50,1416.57,0.000,0.000,-11.8867,11.7276,4.0151,Left,0,0,0,0,0.0000,300.000,0,0.000,0,127.500,71.914,4.000,0.0300,1.0000,100.00,laser,60,450;300;200;100;50,450,1.5,3,0.4,1.5,3,1,10,20,100,-10,5,250,40,5,250,60,1,7,10,0,0.06,4,0.222,50,8,5
6,2,1,2,2;3;1;4,1,60,FrameTimeStutter,5.000,laser,practice,2026-09-21T19:06:24.6042923-04:00,2,219,4.01272,16.5790,-0.50,1416.57,0.000,0.000,-11.8867,11.7276,4.0151,Left,0,0,0,0,0.0000,300.000,0,0.000,0,127.500,71.914,4.000,0.0300,1.0000,100.00,laser,60,450;300;200;100;50,450,1.5,3,0.4,1.5,3,1,10,20,100,-10,5,250,40,5,250,60,1,7,10,0,0.06,4,0.222,50,8,5
6,2,1,2,2;3;1;4,1,60,FrameTimeStutter,5.000,laser,practice,2026-09-21T19:06:24.6042923-04:00,2,220,4.02991,17.1876,-0.50,1416.57,0.000,0.000,-11.8867,11.7276,4.0151,Left,0,0,0,0,0.0000,300.000,0,0.000,0,127.500,71.914,4.000,0.0300,1.0000,100.00,laser,60,450;300;200;100;50,450,1.5,3,0.4,1.5,3,1,10,20,100,-10,5,250,40,5,250,60,1,7,10,0,0.06,4,0.222,50,8,5
6,2,1,2,2;3;1;4,1,60,FrameTimeStutter,5.000,laser,practice,2026-09-21T19:06:24.6042923-04:00,2,221,4.04602,16.1142,-0.50,1416.57,0.000,0.000,-11.8867,11.7276,4.0151,Left,0,0,0,0,0.0000,300.000,0,0.000,0,127.500,71.914,4.000,0.0300,1.0000,100.00,laser,60,450;300;200;100;50,450,1.5,3,0.4,1.5,3,1,10,20,100,-10,5,250,40,5,250,60,1,7,10,0,0.06,4,0.222,50,8,5
6,2,1,2,2;3;1;4,1,60,FrameTimeStutter,5.000,laser,practice,2026-09-21T19:06:24.6042923-04:00,2,222,4.06345,17.4250,4.91,1418.37,3.000,1.000,-11.8319,11.7458,4.0151,Left,0,0,0,0,0.0000,300.000,0,0.000,0,127.500,71.914,4.000,0.0300,1.0000,100.00,laser,60,450;300;200;100;50,450,1.5,3,0.4,1.5,3,1,10,20,100,-10,5,250,40,5,250,60,1,7,10,0,0.06,4,0.222,50,8,5
6,2,1,2,2;3;1;4,1,60,FrameTimeStutter,5.000,laser,practice,2026-09-21T19:06:24.6042923-04:00,2,223,4.07935,15.9065,46.36,1420.18,23.000,1.000,-11.4113,11.7641,4.0151,Left,0,0,0,0,0.0000,300.000,0,0.000,0,127.500,71.914,4.000,0.0300,1.0000,100.00,laser,60,450;300;200;100;50,450,1.5,3,0.4,1.5,3,1,10,20,100,-10,5,250,40,5,250,60,1,7,10,0,0.06,4,0.222,50,8,5
6,2,1,2,2;3;1;4,1,60,FrameTimeStutter,5.000,laser,practice,2026-09-21T19:06:24.6042923-04:00,2,224,4.09597,16.6186,143.68,1421.98,54.000,1.000,-10.4239,11.7824,4.0151,Left,0,0,0,0,0.0000,300.000,0,0.000,0,127.500,71.914,4.000,0.0300,1.0000,100.00,laser,60,450;300;200;100;50,450,1.5,3,0.4,1.5,3,1,10,20,100,-10,5,250,40,5,250,60,1,7,10,0,0.06,4,0.222,50,8,5
6,2,1,2,2;3;1;4,1,60,FrameTimeStutter,5.000,laser,practice,2026-09-21T19:06:24.6042923-04:00,2,225,4.11285,16.8795,293.27,1427.38,83.000,3.000,-8.9062,11.8373,4.0151,Left,0,0,0,0,0.0000,300.000,0,0.000,0,127.500,71.914,4.000,0.0300,1.0000,100.00,laser,60,450;300;200;100;50,450,1.5,3,0.4,1.5,3,1,10,20,100,-10,5,250,40,5,250,60,1,7,10,0,0.06,4,0.222,50,8,5
6,2,1,2,2;3;1;4,1,60,FrameTimeStutter,5.000,laser,practice,2026-09-21T19:06:24.6042923-04:00,2,226,4.12996,17.1058,466.28,1434.59,96.000,4.000,-7.1508,11.9104,4.0151,Left,0,0,0,0,0.0000,300.000,0,0.000,0,127.500,71.914,4.000,0.0300,1.0000,100.00,laser,60,450;300;200;100;50,450,1.5,3,0.4,1.5,3,1,10,20,100,-10,5,250,40,5,250,60,1,7,10,0,0.06,4,0.222,50,8,5
6,2,1,2,2;3;1;4,1,60,FrameTimeStutter,5.000,laser,practice,2026-09-21T19:06:24.6042923-04:00,2,227,4.14646,16.5014,632.09,1440.00,92.000,9.000,-5.4685,12.0750,4.0151,Left,0,0,0,0,0.0000,300.000,0,0.000,0,127.500,71.914,4.000,0.0300,1.0000,100.00,laser,60,450;300;200;100;50,450,1.5,3,0.4,1.5,3,1,10,20,100,-10,5,250,40,5,250,60,1,7,10,0,0.06,4,0.222,50,8,5
6,2,1,2,2;3;1;4,1,60,FrameTimeStutter,5.000,laser,practice,2026-09-21T19:06:24.6042923-04:00,2,228,4.16327,16.8101,769.06,1440.00,76.000,9.000,-4.0789,12.2395,4.0151,Left,0,0,0,0,0.0000,300.000,0,0.000,0,127.500,71.914,4.000,0.0300,1.0000,100.00,laser,60,450;300;200;100;50,450,1.5,3,0.4,1.5,3,1,10,20,100,-10,5,250,40,5,250,60,1,7,10,0,0.06,4,0.222,50,8,5
6,2,1,2,2;3;1;4,1,60,FrameTimeStutter,5.000,laser,practice,2026-09-21T19:06:24.6042923-04:00,2,229,4.17968,16.4104,884.41,1440.00,64.000,8.000,-2.9086,12.3858,4.0151,Left,0,0,0,0,0.0000,300.000,0,0.000,0,127.500,71.914,4.000,0.0300,1.0000,100.00,laser,60,450;300;200;100;50,450,1.5,3,0.4,1.5,3,1,10,20,100,-10,5,250,40,5,250,60,1,7,10,0,0.06,4,0.222,50,8,5
6,2,1,2,2;3;1;4,1,60,FrameTimeStutter,5.000,laser,practice,2026-09-21T19:06:24.6042923-04:00,2,230,4.19636,16.6762,978.12,1440.00,52.000,7.000,-1.9578,12.5138,4.0151,Left,0,0,0,0,0.0000,300.000,0,0.000,0,127.500,71.914,4.000,0.0300,1.0000,100.00,laser,60,450;300;200;100;50,450,1.5,3,0.4,1.5,3,1,10,20,100,-10,5,250,40,5,250,60,1,7,10,0,0.06,4,0.222,50,8,5
6,2,1,2,2;3;1;4,1,60,FrameTimeStutter,5.000,laser,practice,2026-09-21T19:06:24.6042923-04:00,2,231,4.21313,16.7787,1050.21,1440.00,40.000,6.000,-1.2263,12.6235,4.0151,Left,0,0,0,0,0.0000,300.000,0,0.000,0,127.500,71.914,4.000,0.0300,1.0000,100.00,laser,60,450;300;200;100;50,450,1.5,3,0.4,1.5,3,1,10,20,100,-10,5,250,40,5,250,60,1,7,10,0,0.06,4,0.222,50,8,5
6,2,1,2,2;3;1;4,1,60,FrameTimeStutter,5.000,laser,practice,2026-09-21T19:06:24.6042923-04:00,2,232,4.22947,16.3317,1111.49,1440.00,34.000,5.000,-0.6046,12.7150,4.0151,Left,0,0,0,0,0.0000,300.000,0,0.000,0,127.500,71.914,4.000,0.0300,1.0000,100.00,laser,60,450;300;200;100;50,450,1.5,3,0.4,1.5,3,1,10,20,100,-10,5,250,40,5,250,60,1,7,10,0,0.06,4,0.222,50,8,5
6,2,1,2,2;3;1;4,1,60,FrameTimeStutter,5.000,laser,practice,2026-09-21T19:06:24.6042923-04:00,2,233,4.24673,17.2657,1170.96,1440.00,33.000,4.000,-0.0012,12.7881,4.0151,Left,0,0,0,0,0.0000,300.000,0,0.000,0,127.500,71.914,4.000,0.0300,1.0000,100.00,laser,60,450;300;200;100;50,450,1.5,3,0.4,1.5,3,1,10,20,100,-10,5,250,40,5,250,60,1,7,10,0,0.06,4,0.222,50,8,5
6,2,1,2,2;3;1;4,1,60,FrameTimeStutter,5.000,laser,practice,2026-09-21T19:06:24.6042923-04:00,2,234,4.26327,16.5424,1196.20,1440.00,14.000,1.000,0.2548,12.8064,4.0151,Left,0,0,0,0,0.0000,300.000,0,0.000,0,127.500,71.914,4.000,0.0300,1.0000,100.00,laser,60,450;300;200;100;50,450,1.5,3,0.4,1.5,3,1,10,20,100,-10,5,250,40,5,250,60,1,7,10,0,0.06,4,0.222,50,8,5
6,2,1,2,2;3;1;4,1,60,FrameTimeStutter,5.000,laser,practice,2026-09-21T19:06:24.6042923-04:00,2,235,4.27987,16.5949,1216.02,1440.00,11.000,1.000,0.4559,12.8247,4.0151,Left,0,0,0,0,0.0000,300.000,0,0.000,0,127.500,71.914,4.000,0.0300,1.0000,100.00,laser,60,450;300;200;100;50,450,1.5,3,0.4,1.5,3,1,10,20,100,-10,5,250,40,5,250,60,1,7,10,0,0.06,4,0.222,50,8,5
6,2,1,2,2;3;1;4,1,60,FrameTimeStutter,5.000,laser,practice,2026-09-21T19:06:24.6042923-04:00,2,236,4.29633,16.4615,1235.85,1440.00,11.000,1.000,0.6570,12.8430,4.0151,Left,0,0,0,0,0.0000,300.000,0,0.000,0,127.500,71.914,4.000,0.0300,1.0000,100.00,laser,60,450;300;200;100;50,450,1.5,3,0.4,1.5,3,1,10,20,100,-10,5,250,40,5,250,60,1,7,10,0,0.06,4,0.222,50,8,5
6,2,1,2,2;3;1;4,1,60,FrameTimeStutter,5.000,laser,practice,2026-09-21T19:06:24.6042923-04:00,2,237,4.31288,16.5502,1255.67,1440.00,11.000,1.000,0.8582,12.8612,4.0151,Left,0,0,0,0,0.0000,300.000,0,0.000,0,127.500,71.914,4.000,0.0300,1.0000,100.00,laser,60,450;300;200;100;50,450,1.5,3,0.4,1.5,3,1,10,20,100,-10,5,250,40,5,250,60,1,7,10,0,0.06,4,0.222,50,8,5
6,2,1,2,2;3;1;4,1,60,FrameTimeStutter,5.000,laser,practice,2026-09-21T19:06:24.6042923-04:00,2,238,4.32932,16.4433,1275.49,1440.00,11.000,0.000,1.0593,12.8612,4.0151,Left,0,0,0,0,0.0000,300.000,0,0.000,0,127.500,71.914,4.000,0.0300,1.0000,100.00,laser,60,450;300;200;100;50,450,1.5,3,0.4,1.5,3,1,10,20,100,-10,5,250,40,5,250,60,1,7,10,0,0.06,4,0.222,50,8,5
6,2,1,2,2;3;1;4,1,60,FrameTimeStutter,5.000,laser,practice,2026-09-21T19:06:24.6042923-04:00,2,239,4.34592,16.5951,1293.52,1440.00,10.000,0.000,1.2422,12.8612,4.0151,Left,0,0,0,0,0.0000,300.000,0,0.000,0,127.500,71.914,4.000,0.0300,1.0000,100.00,laser,60,450;300;200;100;50,450,1.5,3,0.4,1.5,3,1,10,20,100,-10,5,250,40,5,250,60,1,7,10,0,0.06,4,0.222,50,8,5
6,2,1,2,2;3;1;4,1,60,FrameTimeStutter,5.000,laser,practice,2026-09-21T19:06:24.6042923-04:00,2,240,4.36302,17.1025,1307.94,1440.00,8.000,0.000,1.3885,12.8612,4.0151,Left,0,0,0,0,0.0000,300.000,0,0.000,0,127.500,71.914,4.000,0.0300,1.0000,100.00,laser,60,450;300;200;100;50,450,1.5,3,0.4,1.5,3,1,10,20,100,-10,5,250,40,5,250,60,1,7,10,0,0.06,4,0.222,50,8,5
6,2,1,2,2;3;1;4,1,60,FrameTimeStutter,5.000,laser,practice,2026-09-21T19:06:24.6042923-04:00,2,241,4.37951,16.4853,1322.35,1440.00,8.000,0.000,1.5348,12.8612,4.0151,Left,0,0,0,0,0.0000,300.000,0,0.000,0,127.500,71.914,4.000,0.0300,1.0000,100.00,laser,60,450;300;200;100;50,450,1.5,3,0.4,1.5,3,1,10,20,100,-10,5,250,40,5,250,60,1,7,10,0,0.06,4,0.222,50,8,5
6,2,1,2,2;3;1;4,1,60,FrameTimeStutter,5.000,laser,practice,2026-09-21T19:06:24.6042923-04:00,2,242,4.39651,17.0071,1336.77,1440.00,8.000,0.000,1.6811,12.8612,4.0151,Left,0,0,0,0,0.0000,300.000,0,0.000,0,127.500,71.914,4.000,0.0300,1.0000,100.00,laser,60,450;300;200;100;50,450,1.5,3,0.4,1.5,3,1,10,20,100,-10,5,250,40,5,250,60,1,7,10,0,0.06,4,0.222,50,8,5
6,2,1,2,2;3;1;4,1,60,FrameTimeStutter,5.000,laser,practice,2026-09-21T19:06:24.6042923-04:00,2,243,4.41268,16.1725,1349.39,1438.20,7.000,-1.000,1.8090,12.8430,4.0151,Left,0,0,0,0,0.0000,300.000,0,0.000,0,127.500,71.914,4.000,0.0300,1.0000,100.00,laser,60,450;300;200;100;50,450,1.5,3,0.4,1.5,3,1,10,20,100,-10,5,250,40,5,250,60,1,7,10,0,0.06,4,0.222,50,8,5
6,2,1,2,2;3;1;4,1,60,FrameTimeStutter,5.000,laser,practice,2026-09-21T19:06:24.6042923-04:00,2,244,4.43006,17.3750,1362.00,1438.20,7.000,0.000,1.9370,12.8430,4.0151,Left,0,0,0,0,0.0000,300.000,0,0.000,0,127.500,71.914,4.000,0.0300,1.0000,100.00,laser,60,450;300;200;100;50,450,1.5,3,0.4,1.5,3,1,10,20,100,-10,5,250,40,5,250,60,1,7,10,0,0.06,4,0.222,50,8,5
6,2,1,2,2;3;1;4,1,60,FrameTimeStutter,5.000,laser,practice,2026-09-21T19:06:24.6042923-04:00,2,245,4.44660,16.5435,1371.01,1436.40,5.000,-1.000,2.0284,12.8247,4.0151,Left,0,0,0,0,0.0000,300.000,0,0.000,0,127.500,71.914,4.000,0.0300,1.0000,100.00,laser,60,450;300;200;100;50,450,1.5,3,0.4,1.5,3,1,10,20,100,-10,5,250,40,5,250,60,1,7,10,0,0.06,4,0.222,50,8,5
6,2,1,2,2;3;1;4,1,60,FrameTimeStutter,5.000,laser,practice,2026-09-21T19:06:24.6042923-04:00,2,246,4.46338,16.7736,1383.63,1434.59,7.000,-1.000,2.1564,12.8064,4.0151,Left,0,0,0,0,0.0000,300.000,0,0.000,0,127.500,71.914,4.000,0.0300,1.0000,100.00,laser,60,450;300;200;100;50,450,1.5,3,0.4,1.5,3,1,10,20,100,-10,5,250,40,5,250,60,1,7,10,0,0.06,4,0.222,50,8,5
6,2,1,2,2;3;1;4,1,60,FrameTimeStutter,5.000,laser,practice,2026-09-21T19:06:24.6042923-04:00,2,247,4.47926,15.8865,1394.44,1434.59,6.000,0.000,2.2662,12.8064,4.0151,Left,0,0,0,0,0.0000,300.000,0,0.000,0,127.500,71.914,4.000,0.0300,1.0000,100.00,laser,60,450;300;200;100;50,450,1.5,3,0.4,1.5,3,1,10,20,100,-10,5,250,40,5,250,60,1,7,10,0,0.06,4,0.222,50,8,5
6,2,1,2,2;3;1;4,1,60,FrameTimeStutter,5.000,laser,practice,2026-09-21T19:06:24.6042923-04:00,2,248,4.49585,16.5836,1401.65,1432.79,4.000,-1.000,2.3393,12.7881,4.0151,Left,0,0,0,0,0.0000,300.000,0,0.000,0,127.500,71.914,4.000,0.0300,1.0000,100.00,laser,60,450;300;200;100;50,450,1.5,3,0.4,1.5,3,1,10,20,100,-10,5,250,40,5,250,60,1,7,10,0,0.06,4,0.222,50,8,5
6,2,1,2,2;3;1;4,1,60,FrameTimeStutter,5.000,laser,practice,2026-09-21T19:06:24.6042923-04:00,2,249,4.51251,16.6595,1405.26,1432.79,2.000,0.000,2.3759,12.7881,4.0151,Left,0,0,0,0,0.0000,300.000,0,0.000,0,127.500,71.914,4.000,0.0300,1.0000,100.00,laser,60,450;300;200;100;50,450,1.5,3,0.4,1.5,3,1,10,20,100,-10,5,250,40,5,250,60,1,7,10,0,0.06,4,0.222,50,8,5
6,2,1,2,2;3;1;4,1,60,FrameTimeStutter,5.000,laser,practice,2026-09-21T19:06:24.6042923-04:00,2,250,4.52970,17.1907,1408.86,1432.79,2.000,0.000,2.4125,12.7881,4.0151,Left,0,0,0,0,0.0000,300.000,0,0.000,0,127.500,71.914,4.000,0.0300,1.0000,100.00,laser,60,450;300;200;100;50,450,1.5,3,0.4,1.5,3,1,10,20,100,-10,5,250,40,5,250,60,1,7,10,0,0.06,4,0.222,50,8,5
6,2,1,2,2;3;1;4,1,60,FrameTimeStutter,5.000,laser,practice,2026-09-21T19:06:24.6042923-04:00,2,251,4.54584,16.1466,1417.87,1430.99,5.000,-1.000,2.5039,12.7698,4.0151,Left,0,0,0,0,0.0000,300.000,0,0.000,0,127.500,71.914,4.000,0.0300,1.0000,100.00,laser,60,450;300;200;100;50,450,1.5,3,0.4,1.5,3,1,10,20,100,-10,5,250,40,5,250,60,1,7,10,0,0.06,4,0.222,50,8,5
6,2,1,2,2;3;1;4,1,60,FrameTimeStutter,5.000,laser,practice,2026-09-21T19:06:24.6042923-04:00,2,252,4.56295,17.1058,1434.09,1427.38,9.000,-2.000,2.6684,12.7332,4.0151,Left,0,0,0,0,0.0000,300.000,0,0.000,0,127.500,71.914,4.000,0.0300,1.0000,100.00,laser,60,450;300;200;100;50,450,1.5,3,0.4,1.5,3,1,10,20,100,-10,5,250,40,5,250,60,1,7,10,0,0.06,4,0.222,50,8,5
6,2,1,2,2;3;1;4,1,60,FrameTimeStutter,5.000,laser,practice,2026-09-21T19:06:24.6042923-04:00,2,253,4.57940,16.4463,1452.12,1423.78,10.000,-2.000,2.8513,12.6967,4.0151,Left,0,0,0,0,0.0000,300.000,0,0.000,0,127.500,71.914,4.000,0.0300,1.0000,100.00,laser,60,450;300;200;100;50,450,1.5,3,0.4,1.5,3,1,10,20,100,-10,5,250,40,5,250,60,1,7,10,0,0.06,4,0.222,50,8,5
6,2,1,2,2;3;1;4,1,60,FrameTimeStutter,5.000,laser,practice,2026-09-21T19:06:24.6042923-04:00,2,254,4.59582,16.4244,1459.32,1421.98,4.000,-1.000,2.9245,12.6784,4.0151,Left,0,0,0,0,0.0000,300.000,0,0.000,0,127.500,71.914,4.000,0.0300,1.0000,100.00,laser,60,450;300;200;100;50,450,1.5,3,0.4,1.5,3,1,10,20,100,-10,5,250,40,5,250,60,1,7,10,0,0.06,4,0.222,50,8,5
6,2,1,2,2;3;1;4,1,60,FrameTimeStutter,5.000,laser,practice,2026-09-21T19:06:24.6042923-04:00,2,255,4.61300,17.1779,1461.13,1421.98,1.000,0.000,2.9427,12.6784,4.0151,Left,0,0,0,0,0.0000,300.000,0,0.000,0,127.500,71.914,4.000,0.0300,1.0000,100.00,laser,60,450;300;200;100;50,450,1.5,3,0.4,1.5,3,1,10,20,100,-10,5,250,40,5,250,60,1,7,10,0,0.06,4,0.222,50,8,5
6,2,1,2,2;3;1;4,1,60,FrameTimeStutter,5.000,laser,practice,2026-09-21T19:06:24.6042923-04:00,2,256,4.62951,16.5152,1461.13,1421.98,0.000,0.000,2.9427,12.6784,4.0151,Left,0,0,0,0,0.0000,300.000,0,0.000,0,127.500,71.914,4.000,0.0300,1.0000,100.00,laser,60,450;300;200;100;50,450,1.5,3,0.4,1.5,3,1,10,20,100,-10,5,250,40,5,250,60,1,7,10,0,0.06,4,0.222,50,8,5
6,2,1,2,2;3;1;4,1,60,FrameTimeStutter,5.000,laser,practice,2026-09-21T19:06:24.6042923-04:00,2,257,4.64600,16.4825,1461.13,1421.98,0.000,0.000,2.9427,12.6784,4.0151,Left,0,0,0,0,0.0000,300.000,0,0.000,0,127.500,71.914,4.000,0.0300,1.0000,100.00,laser,60,450;300;200;100;50,450,1.5,3,0.4,1.5,3,1,10,20,100,-10,5,250,40,5,250,60,1,7,10,0,0.06,4,0.222,50,8,5
6,2,1,2,2;3;1;4,1,60,FrameTimeStutter,5.000,laser,practice,2026-09-21T19:06:24.6042923-04:00,2,258,4.66309,17.0954,1461.13,1421.98,0.000,0.000,2.9427,12.6784,4.0151,Left,0,0,0,0,0.0000,300.000,0,0.000,0,127.500,71.914,4.000,0.0300,1.0000,100.00,laser,60,450;300;200;100;50,450,1.5,3,0.4,1.5,3,1,10,20,100,-10,5,250,40,5,250,60,1,7,10,0,0.06,4,0.222,50,8,5
6,2,1,2,2;3;1;4,1,60,FrameTimeStutter,5.000,laser,practice,2026-09-21T19:06:24.6042923-04:00,2,259,4.67940,16.3083,1461.13,1421.98,0.000,0.000,2.9427,12.6784,4.0151,Left,0,0,0,0,0.0000,300.000,0,0.000,0,127.500,71.914,4.000,0.0300,1.0000,100.00,laser,60,450;300;200;100;50,450,1.5,3,0.4,1.5,3,1,10,20,100,-10,5,250,40,5,250,60,1,7,10,0,0.06,4,0.222,50,8,5
6,2,1,2,2;3;1;4,1,60,FrameTimeStutter,5.000,laser,practice,2026-09-21T19:06:24.6042923-04:00,2,260,4.69603,16.6274,1461.13,1421.98,0.000,0.000,2.9427,12.6784,4.0151,Left,0,0,0,0,0.0000,300.000,0,0.000,0,127.500,71.914,4.000,0.0300,1.0000,100.00,laser,60,450;300;200;100;50,450,1.5,3,0.4,1.5,3,1,10,20,100,-10,5,250,40,5,250,60,1,7,10,0,0.06,4,0.222,50,8,5
6,2,1,2,2;3;1;4,1,60,FrameTimeStutter,5.000,laser,practice,2026-09-21T19:06:24.6042923-04:00,2,261,4.71290,16.8756,1464.73,1421.98,2.000,0.000,2.9793,12.6784,4.0151,Left,0,0,0,0,0.0000,300.000,0,0.000,0,127.500,71.914,4.000,0.0300,1.0000,100.00,laser,60,450;300;200;100;50,450,1.5,3,0.4,1.5,3,1,10,20,100,-10,5,250,40,5,250,60,1,7,10,0,0.06,4,0.222,50,8,5
6,2,1,2,2;3;1;4,1,60,FrameTimeStutter,5.000,laser,practice,2026-09-21T19:06:24.6042923-04:00,2,262,4.72961,16.7093,1468.34,1421.98,2.000,0.000,3.0159,12.6784,4.0151,Left,0,0,0,0,0.0000,300.000,0,0.000,0,127.500,71.914,4.000,0.0300,1.0000,100.00,laser,60,450;300;200;100;50,450,1.5,3,0.4,1.5,3,1,10,20,100,-10,5,250,40,5,250,60,1,7,10,0,0.06,4,0.222,50,8,5
6,2,1,2,2;3;1;4,1,60,FrameTimeStutter,5.000,laser,practice,2026-09-21T19:06:24.6042923-04:00,2,263,4.74659,16.9728,1471.94,1421.98,2.000,0.000,3.0525,12.6784,4.0151,Left,0,0,0,0,0.0000,300.000,0,0.000,0,127.500,71.914,4.000,0.0300,1.0000,100.00,laser,60,450;300;200;100;50,450,1.5,3,0.4,1.5,3,1,10,20,100,-10,5,250,40,5,250,60,1,7,10,0,0.06,4,0.222,50,8,5
6,2,1,2,2;3;1;4,1,60,FrameTimeStutter,5.000,laser,practice,2026-09-21T19:06:24.6042923-04:00,2,264,4.76304,16.4505,1471.94,1421.98,0.000,0.000,3.0525,12.6784,4.0151,Left,0,0,0,0,0.0000,300.000,0,0.000,0,127.500,71.914,4.000,0.0300,1.0000,100.00,laser,60,450;300;200;100;50,450,1.5,3,0.4,1.5,3,1,10,20,100,-10,5,250,40,5,250,60,1,7,10,0,0.06,4,0.222,50,8,5
6,2,1,2,2;3;1;4,1,60,FrameTimeStutter,5.000,laser,practice,2026-09-21T19:06:24.6042923-04:00,2,265,4.77933,16.2933,1471.94,1421.98,0.000,0.000,3.0525,12.6784,4.0151,Left,0,0,0,0,0.0000,300.000,0,0.000,0,127.500,71.914,4.000,0.0300,1.0000,100.00,laser,60,450;300;200;100;50,450,1.5,3,0.4,1.5,3,1,10,20,100,-10,5,250,40,5,250,60,1,7,10,0,0.06,4,0.222,50,8,5
6,2,1,2,2;3;1;4,1,60,FrameTimeStutter,5.000,laser,practice,2026-09-21T19:06:24.6042923-04:00,2,266,4.79658,17.2500,1471.94,1421.98,0.000,0.000,3.0525,12.6784,4.0151,Left,0,0,0,0,0.0000,300.000,0,0.000,0,127.500,71.914,4.000,0.0300,1.0000,100.00,laser,60,450;300;200;100;50,450,1.5,3,0.4,1.5,3,1,10,20,100,-10,5,250,40,5,250,60,1,7,10,0,0.06,4,0.222,50,8,5
6,2,1,2,2;3;1;4,1,60,FrameTimeStutter,5.000,laser,practice,2026-09-21T19:06:24.6042923-04:00,2,267,4.81324,16.6560,1471.94,1421.98,0.000,0.000,3.0525,12.6784,4.0151,Left,0,0,0,0,0.0000,300.000,0,0.000,0,127.500,71.914,4.000,0.0300,1.0000,100.00,laser,60,450;300;200;100;50,450,1.5,3,0.4,1.5,3,1,10,20,100,-10,5,250,40,5,250,60,1,7,10,0,0.06,4,0.222,50,8,5
6,2,1,2,2;3;1;4,1,60,FrameTimeStutter,5.000,laser,practice,2026-09-21T19:06:24.6042923-04:00,2,268,4.82968,16.4421,1471.94,1421.98,0.000,0.000,3.0525,12.6784,4.0151,Left,0,0,0,0,0.0000,300.000,0,0.000,0,127.500,71.914,4.000,0.0300,1.0000,100.00,laser,60,450;300;200;100;50,450,1.5,3,0.4,1.5,3,1,10,20,100,-10,5,250,40,5,250,60,1,7,10,0,0.06,4,0.222,50,8,5
6,2,1,2,2;3;1;4,1,60,FrameTimeStutter,5.000,laser,practice,2026-09-21T19:06:24.6042923-04:00,2,269,4.84634,16.6625,1471.94,1421.98,0.000,0.000,3.0525,12.6784,4.0151,Left,0,0,0,0,0.0000,300.000,0,0.000,0,127.500,71.914,4.000,0.0300,1.0000,100.00,laser,60,450;300;200;100;50,450,1.5,3,0.4,1.5,3,1,10,20,100,-10,5,250,40,5,250,60,1,7,10,0,0.06,4,0.222,50,8,5
6,2,1,2,2;3;1;4,1,60,FrameTimeStutter,5.000,laser,practice,2026-09-21T19:06:24.6042923-04:00,2,270,4.86286,16.5238,1471.94,1421.98,0.000,0.000,3.0525,12.6784,4.0151,Left,0,0,0,0,0.0000,300.000,0,0.000,0,127.500,71.914,4.000,0.0300,1.0000,100.00,laser,60,450;300;200;100;50,450,1.5,3,0.4,1.5,3,1,10,20,100,-10,5,250,40,5,250,60,1,7,10,0,0.06,4,0.222,50,8,5
6,2,1,2,2;3;1;4,1,60,FrameTimeStutter,5.000,laser,practice,2026-09-21T19:06:24.6042923-04:00,2,271,4.87939,16.5249,1471.94,1421.98,0.000,0.000,3.0525,12.6784,4.0151,Left,0,0,0,0,0.0000,300.000,0,0.000,0,127.500,71.914,4.000,0.0300,1.0000,100.00,laser,60,450;300;200;100;50,450,1.5,3,0.4,1.5,3,1,10,20,100,-10,5,250,40,5,250,60,1,7,10,0,0.06,4,0.222,50,8,5
6,2,1,2,2;3;1;4,1,60,FrameTimeStutter,5.000,laser,practice,2026-09-21T19:06:24.6042923-04:00,2,272,4.89657,17.1799,1471.94,1421.98,0.000,0.000,3.0525,12.6784,4.0151,Left,0,0,0,0,0.0000,300.000,0,0.000,0,127.500,71.914,4.000,0.0300,1.0000,100.00,laser,60,450;300;200;100;50,450,1.5,3,0.4,1.5,3,1,10,20,100,-10,5,250,40,5,250,60,1,7,10,0,0.06,4,0.222,50,8,5
6,2,1,2,2;3;1;4,1,60,FrameTimeStutter,5.000,laser,practice,2026-09-21T19:06:24.6042923-04:00,2,273,4.91306,16.4881,1471.94,1421.98,0.000,0.000,3.0525,12.6784,4.0151,Left,0,0,0,0,0.0000,300.000,0,0.000,0,127.500,71.914,4.000,0.0300,1.0000,100.00,laser,60,450;300;200;100;50,450,1.5,3,0.4,1.5,3,1,10,20,100,-10,5,250,40,5,250,60,1,7,10,0,0.06,4,0.222,50,8,5
6,2,1,2,2;3;1;4,1,60,FrameTimeStutter,5.000,laser,practice,2026-09-21T19:06:24.6042923-04:00,2,274,4.92931,16.2554,1471.94,1421.98,0.000,0.000,3.0525,12.6784,4.0151,Left,0,0,0,0,0.0000,300.000,0,0.000,0,127.500,71.914,4.000,0.0300,1.0000,100.00,laser,60,450;300;200;100;50,450,1.5,3,0.4,1.5,3,1,10,20,100,-10,5,250,40,5,250,60,1,7,10,0,0.06,4,0.222,50,8,5
6,2,1,2,2;3;1;4,1,60,FrameTimeStutter,5.000,laser,practice,2026-09-21T19:06:24.6042923-04:00,2,275,4.94581,16.4964,1471.94,1421.98,0.000,0.000,3.0525,12.6784,4.0151,Left,0,0,0,0,0.0000,300.000,0,0.000,0,127.500,71.914,4.000,0.0300,1.0000,100.00,laser,60,450;300;200;100;50,450,1.5,3,0.4,1.5,3,1,10,20,100,-10,5,250,40,5,250,60,1,7,10,0,0.06,4,0.222,50,8,5
6,2,1,2,2;3;1;4,1,60,FrameTimeStutter,5.000,laser,practice,2026-09-21T19:06:24.6042923-04:00,2,276,4.96289,17.0800,1471.94,1421.98,0.000,0.000,3.0525,12.6784,4.0151,Left,0,0,0,0,0.0000,300.000,0,0.000,0,127.500,71.914,4.000,0.0300,1.0000,100.00,laser,60,450;300;200;100;50,450,1.5,3,0.4,1.5,3,1,10,20,100,-10,5,250,40,5,250,60,1,7,10,0,0.06,4,0.222,50,8,5
6,2,1,2,2;3;1;4,1,60,FrameTimeStutter,5.000,laser,practice,2026-09-21T19:06:24.6042923-04:00,2,277,4.97967,16.7776,1471.94,1421.98,0.000,0.000,3.0525,12.6784,4.0151,Left,0,0,0,0,0.0000,300.000,0,0.000,0,127.500,71.914,4.000,0.0300,1.0000,100.00,laser,60,450;300;200;100;50,450,1.5,3,0.4,1.5,3,1,10,20,100,-10,5,250,40,5,250,60,1,7,10,0,0.06,4,0.222,50,8,5
6,2,1,2,2;3;1;4,1,60,FrameTimeStutter,5.000,laser,practice,2026-09-21T19:06:24.6042923-04:00,2,278,4.99621,16.5428,1470.14,1421.98,-1.000,0.000,3.0342,12.6784,4.0151,Left,0,0,0,0,0.0000,300.000,0,0.000,0,127.500,71.914,4.000,0.0300,1.0000,100.00,laser,60,450;300;200;100;50,450,1.5,3,0.4,1.5,3,1,10,20,100,-10,5,250,40,5,250,60,1,7,10,0,0.06,4,0.222,50,8,5
6,2,1,2,2;3;1;4,1,60,FrameTimeStutter,5.000,laser,practice,2026-09-21T19:06:24.6042923-04:00,2,279,5.01314,16.9311,1468.34,1421.98,-1.000,0.000,3.0159,12.6784,4.0151,Left,0,0,0,0,0.0000,300.000,0,0.000,0,127.500,71.914,4.000,0.0300,1.0000,100.00,laser,60,450;300;200;100;50,450,1.5,3,0.4,1.5,3,1,10,20,100,-10,5,250,40,5,250,60,1,7,10,0,0.06,4,0.222,50,8,5
6,2,1,2,2;3;1;4,1,60,FrameTimeStutter,5.000,laser,practice,2026-09-21T19:06:24.6042923-04:00,2,280,5.03015,17.0091,1464.73,1421.98,-2.000,0.000,2.9793,12.6784,4.0151,Left,0,0,0,0,0.0000,300.000,0,0.000,0,127.500,71.914,4.000,0.0300,1.0000,100.00,laser,60,450;300;200;100;50,450,1.5,3,0.4,1.5,3,1,10,20,100,-10,5,250,40,5,250,60,1,7,10,0,0.06,4,0.222,50,8,5
6,2,1,2,2;3;1;4,1,60,FrameTimeStutter,5.000,laser,practice,2026-09-21T19:06:24.6042923-04:00,2,281,5.04686,16.7095,1462.93,1421.98,-1.000,0.000,2.9610,12.6784,4.0151,Left,0,0,0,0,0.0000,300.000,0,0.000,0,127.500,71.914,4.000,0.0300,1.0000,100.00,laser,60,450;300;200;100;50,450,1.5,3,0.4,1.5,3,1,10,20,100,-10,5,250,40,5,250,60,1,7,10,0,0.06,4,0.222,50,8,5
6,2,1,2,2;3;1;4,1,60,FrameTimeStutter,5.000,laser,practice,2026-09-21T19:06:24.6042923-04:00,2,282,5.06263,15.7722,1459.32,1423.78,-2.000,1.000,2.9244,12.6967,4.0151,Left,0,0,0,0,0.0000,300.000,0,0.000,0,127.500,71.914,4.000,0.0300,1.0000,100.00,laser,60,450;300;200;100;50,450,1.5,3,0.4,1.5,3,1,10,20,100,-10,5,250,40,5,250,60,1,7,10,0,0.06,4,0.222,50,8,5
6,2,1,2,2;3;1;4,1,60,FrameTimeStutter,5.000,laser,practice,2026-09-21T19:06:24.6042923-04:00,2,283,5.07969,17.0646,1452.12,1425.58,-4.000,1.000,2.8513,12.7150,4.0151,Left,0,0,0,0,0.0000,300.000,0,0.000,0,127.500,71.914,4.000,0.0300,1.0000,100.00,laser,60,450;300;200;100;50,450,1.5,3,0.4,1.5,3,1,10,20,100,-10,5,250,40,5,250,60,1,7,10,0,0.06,4,0.222,50,8,5
6,2,1,2,2;3;1;4,1,60,FrameTimeStutter,5.000,laser,practice,2026-09-21T19:06:24.6042923-04:00,2,284,5.09583,16.1364,1443.10,1427.38,-5.000,1.000,2.7599,12.7332,4.0151,Left,0,0,0,0,0.0000,300.000,0,0.000,0,127.500,71.914,4.000,0.0300,1.0000,100.00,laser,60,450;300;200;100;50,450,1.5,3,0.4,1.5,3,1,10,20,100,-10,5,250,40,5,250,60,1,7,10,0,0.06,4,0.222,50,8,5
6,2,1,2,2;3;1;4,1,60,FrameTimeStutter,5.000,laser,practice,2026-09-21T19:06:24.6042923-04:00,2,285,5.11238,16.5537,1439.50,1427.38,-2.000,0.000,2.7233,12.7332,4.0151,Left,0,0,0,0,0.0000,300.000,0,0.000,0,127.500,71.914,4.000,0.0300,1.0000,100.00,laser,60,450;300;200;100;50,450,1.5,3,0.4,1.5,3,1,10,20,100,-10,5,250,40,5,250,60,1,7,10,0,0.06,4,0.222,50,8,5
6,2,1,2,2;3;1;4,1,60,FrameTimeStutter,5.000,laser,practice,2026-09-21T19:06:24.6042923-04:00,2,286,5.12962,17.2300,1437.70,1429.19,-1.000,1.000,2.7050,12.7515,4.0151,Left,0,0,0,0,0.0000,300.000,0,0.000,0,127.500,71.914,4.000,0.0300,1.0000,100.00,laser,60,450;300;200;100;50,450,1.5,3,0.4,1.5,3,1,10,20,100,-10,5,250,40,5,250,60,1,7,10,0,0.06,4,0.222,50,8,5
6,2,1,2,2;3;1;4,1,60,FrameTimeStutter,5.000,laser,practice,2026-09-21T19:06:24.6042923-04:00,2,287,5.14625,16.6313,1437.70,1429.19,0.000,0.000,2.7050,12.7515,4.0151,Left,0,0,0,0,0.0000,300.000,0,0.000,0,127.500,71.914,4.000,0.0300,1.0000,100.00,laser,60,450;300;200;100;50,450,1.5,3,0.4,1.5,3,1,10,20,100,-10,5,250,40,5,250,60,1,7,10,0,0.06,4,0.222,50,8,5
6,2,1,2,2;3;1;4,1,60,FrameTimeStutter,5.000,laser,practice,2026-09-21T19:06:24.6042923-04:00,2,288,5.16287,16.6201,1437.70,1429.19,0.000,0.000,2.7050,12.7515,4.0151,Left,0,0,0,0,0.0000,300.000,0,0.000,0,127.500,71.914,4.000,0.0300,1.0000,100.00,laser,60,450;300;200;100;50,450,1.5,3,0.4,1.5,3,1,10,20,100,-10,5,250,40,5,250,60,1,7,10,0,0.06,4,0.222,50,8,5
6,2,1,2,2;3;1;4,1,60,FrameTimeStutter,5.000,laser,practice,2026-09-21T19:06:24.6042923-04:00,2,289,5.17933,16.4593,1437.70,1429.19,0.000,0.000,2.7050,12.7515,4.0151,Left,0,0,0,0,0.0000,300.000,0,0.000,0,127.500,71.914,4.000,0.0300,1.0000,100.00,laser,60,450;300;200;100;50,450,1.5,3,0.4,1.5,3,1,10,20,100,-10,5,250,40,5,250,60,1,7,10,0,0.06,4,0.222,50,8,5
6,2,1,2,2;3;1;4,1,60,FrameTimeStutter,5.000,laser,practice,2026-09-21T19:06:24.6042923-04:00,2,290,5.19627,16.9408,1437.70,1429.19,0.000,0.000,2.7050,12.7515,4.0151,Left,0,0,0,0,0.0000,300.000,0,0.000,0,127.500,71.914,4.000,0.0300,1.0000,100.00,laser,60,450;300;200;100;50,450,1.5,3,0.4,1.5,3,1,10,20,100,-10,5,250,40,5,250,60,1,7,10,0,0.06,4,0.222,50,8,5
6,2,1,2,2;3;1;4,1,60,FrameTimeStutter,5.000,laser,practice,2026-09-21T19:06:24.6042923-04:00,2,291,5.21252,16.2500,1437.70,1429.19,0.000,0.000,2.7050,12.7515,4.0151,Left,0,0,0,0,0.0000,300.000,0,0.000,0,127.500,71.914,4.000,0.0300,1.0000,100.00,laser,60,450;300;200;100;50,450,1.5,3,0.4,1.5,3,1,10,20,100,-10,5,250,40,5,250,60,1,7,10,0,0.06,4,0.222,50,8,5
6,2,1,2,2;3;1;4,1,60,FrameTimeStutter,5.000,laser,practice,2026-09-21T19:06:24.6042923-04:00,2,292,5.22980,17.2811,1437.70,1429.19,0.000,0.000,2.7050,12.7515,4.0151,Left,0,0,0,0,0.0000,300.000,0,0.000,0,127.500,71.914,4.000,0.0300,1.0000,100.00,laser,60,450;300;200;100;50,450,1.5,3,0.4,1.5,3,1,10,20,100,-10,5,250,40,5,250,60,1,7,10,0,0.06,4,0.222,50,8,5
6,2,1,2,2;3;1;4,1,60,FrameTimeStutter,5.000,laser,practice,2026-09-21T19:06:24.6042923-04:00,2,293,5.24616,16.3610,1437.70,1429.19,0.000,0.000,2.7050,12.7515,4.0151,Left,0,0,0,0,0.0000,300.000,0,0.000,0,127.500,71.914,4.000,0.0300,1.0000,100.00,laser,60,450;300;200;100;50,450,1.5,3,0.4,1.5,3,1,10,20,100,-10,5,250,40,5,250,60,1,7,10,0,0.06,4,0.222,50,8,5
6,2,1,2,2;3;1;4,1,60,FrameTimeStutter,5.000,laser,practice,2026-09-21T19:06:24.6042923-04:00,2,294,5.26320,17.0408,1437.70,1429.19,0.000,0.000,2.7050,12.7515,4.0151,Left,0,0,0,0,0.0000,300.000,0,0.000,0,127.500,71.914,4.000,0.0300,1.0000,100.00,laser,60,450;300;200;100;50,450,1.5,3,0.4,1.5,3,1,10,20,100,-10,5,250,40,5,250,60,1,7,10,0,0.06,4,0.222,50,8,5
6,2,1,2,2;3;1;4,1,60,FrameTimeStutter,5.000,laser,practice,2026-09-21T19:06:24.6042923-04:00,2,295,5.27957,16.3668,1437.70,1429.19,0.000,0.000,2.7050,12.7515,4.0151,Left,0,0,0,0,0.0000,300.000,0,0.000,0,127.500,71.914,4.000,0.0300,1.0000,100.00,laser,60,450;300;200;100;50,450,1.5,3,0.4,1.5,3,1,10,20,100,-10,5,250,40,5,250,60,1,7,10,0,0.06,4,0.222,50,8,5
6,2,1,2,2;3;1;4,1,60,FrameTimeStutter,5.000,laser,practice,2026-09-21T19:06:24.6042923-04:00,2,296,5.29596,16.3933,1437.70,1429.19,0.000,0.000,2.7050,12.7515,4.0151,Left,0,0,0,0,0.0000,300.000,0,0.000,0,127.500,71.914,4.000,0.0300,1.0000,100.00,laser,60,450;300;200;100;50,450,1.5,3,0.4,1.5,3,1,10,20,100,-10,5,250,40,5,250,60,1,7,10,0,0.06,4,0.222,50,8,5
6,2,1,2,2;3;1;4,1,60,FrameTimeStutter,5.000,laser,practice,2026-09-21T19:06:24.6042923-04:00,2,297,5.31244,16.4850,1437.70,1429.19,0.000,0.000,2.7050,12.7515,4.0151,Left,0,0,0,0,0.0000,300.000,0,0.000,0,127.500,71.914,4.000,0.0300,1.0000,100.00,laser,60,450;300;200;100;50,450,1.5,3,0.4,1.5,3,1,10,20,100,-10,5,250,40,5,250,60,1,7,10,0,0.06,4,0.222,50,8,5
6,2,1,2,2;3;1;4,1,60,FrameTimeStutter,5.000,laser,practice,2026-09-21T19:06:24.6042923-04:00,2,298,5.32911,16.6664,1437.70,1429.19,0.000,0.000,2.7050,12.7515,4.0151,Left,0,0,0,0,0.0000,300.000,0,0.000,0,127.500,71.914,4.000,0.0300,1.0000,100.00,laser,60,450;300;200;100;50,450,1.5,3,0.4,1.5,3,1,10,20,100,-10,5,250,40,5,250,60,1,7,10,0,0.06,4,0.222,50,8,5
6,2,1,2,2;3;1;4,1,60,FrameTimeStutter,5.000,laser,practice,2026-09-21T19:06:24.6042923-04:00,2,299,5.34624,17.1254,1437.70,1429.19,0.000,0.000,2.7050,12.7515,4.0151,Left,0,0,0,0,0.0000,300.000,0,0.000,0,127.500,71.914,4.000,0.0300,1.0000,100.00,laser,60,450;300;200;100;50,450,1.5,3,0.4,1.5,3,1,10,20,100,-10,5,250,40,5,250,60,1,7,10,0,0.06,4,0.222,50,8,5
6,2,1,2,2;3;1;4,1,60,FrameTimeStutter,5.000,laser,practice,2026-09-21T19:06:24.6042923-04:00,2,300,5.36326,17.0202,1437.70,1429.19,0.000,0.000,2.7050,12.7515,4.0151,Left,0,0,0,0,0.0000,300.000,0,0.000,0,127.500,71.914,4.000,0.0300,1.0000,100.00,laser,60,450;300;200;100;50,450,1.5,3,0.4,1.5,3,1,10,20,100,-10,5,250,40,5,250,60,1,7,10,0,0.06,4,0.222,50,8,5
6,2,1,2,2;3;1;4,1,60,FrameTimeStutter,5.000,laser,practice,2026-09-21T19:06:24.6042923-04:00,2,301,5.37931,16.0524,1437.70,1429.19,0.000,0.000,2.7050,12.7515,4.0151,Left,0,0,0,0,0.0000,300.000,0,0.000,0,127.500,71.914,4.000,0.0300,1.0000,100.00,laser,60,450;300;200;100;50,450,1.5,3,0.4,1.5,3,1,10,20,100,-10,5,250,40,5,250,60,1,7,10,0,0.06,4,0.222,50,8,5
6,2,1,2,2;3;1;4,1,60,FrameTimeStutter,5.000,laser,practice,2026-09-21T19:06:24.6042923-04:00,2,302,5.39643,17.1243,1437.70,1429.19,0.000,0.000,2.7050,12.7515,4.0151,Left,1,1,0,1,2.7050,200.000,0,0.000,0,127.500,71.914,4.000,0.0300,1.0000,200.00,laser,60,450;300;200;100;50,450,1.5,3,0.4,1.5,3,1,10,20,100,-10,5,250,40,5,250,60,1,7,10,0,0.06,4,0.222,50,8,5
6,2,1,2,2;3;1;4,1,60,FrameTimeStutter,5.000,laser,practice,2026-09-21T19:06:24.6042923-04:00,3,303,5.41254,16.1033,1437.70,1429.19,0.000,0.000,2.7050,12.7515,4.0151,Left,1,0,0,0,0.0000,200.000,0,0.000,0,127.500,71.914,4.000,0.0300,1.0000,200.00,laser,60,450;300;200;100;50,450,1.5,3,0.4,1.5,3,1,10,20,100,-10,5,250,40,5,250,60,1,7,10,0,0.06,4,0.222,50,8,5
6,2,1,2,2;3;1;4,1,60,FrameTimeStutter,5.000,laser,practice,2026-09-21T19:06:24.6042923-04:00,3,304,5.42969,17.1582,1437.70,1429.19,0.000,0.000,2.7050,12.7515,4.0151,Left,1,0,0,0,0.0000,200.000,0,0.000,0,127.500,71.914,4.000,0.0300,1.0000,200.00,laser,60,450;300;200;100;50,450,1.5,3,0.4,1.5,3,1,10,20,100,-10,5,250,40,5,250,60,1,7,10,0,0.06,4,0.222,50,8,5
6,2,1,2,2;3;1;4,1,60,FrameTimeStutter,5.000,laser,practice,2026-09-21T19:06:24.6042923-04:00,3,305,5.44612,16.4199,1437.70,1429.19,0.000,0.000,2.7050,12.7515,4.0151,Left,1,0,0,0,0.0000,200.000,0,0.000,0,127.500,71.914,4.000,0.0300,1.0000,200.00,laser,60,450;300;200;100;50,450,1.5,3,0.4,1.5,3,1,10,20,100,-10,5,250,40,5,250,60,1,7,10,0,0.06,4,0.222,50,8,5
6,2,1,2,2;3;1;4,1,60,FrameTimeStutter,5.000,laser,practice,2026-09-21T19:06:24.6042923-04:00,3,306,5.46320,17.0896,1437.70,1429.19,0.000,0.000,2.7050,12.7515,4.0151,Left,1,0,0,0,0.0000,200.000,0,0.000,0,127.500,71.914,4.000,0.0300,1.0000,200.00,laser,60,450;300;200;100;50,450,1.5,3,0.4,1.5,3,1,10,20,100,-10,5,250,40,5,250,60,1,7,10,0,0.06,4,0.222,50,8,5
6,2,1,2,2;3;1;4,1,60,FrameTimeStutter,5.000,laser,practice,2026-09-21T19:06:24.6042923-04:00,3,307,5.47941,16.2018,1437.70,1429.19,0.000,0.000,2.7050,12.7515,4.0151,Left,1,0,0,0,0.0000,200.000,0,0.000,0,127.500,71.914,4.000,0.0300,1.0000,200.00,laser,60,450;300;200;100;50,450,1.5,3,0.4,1.5,3,1,10,20,100,-10,5,250,40,5,250,60,1,7,10,0,0.06,4,0.222,50,8,5
6,2,1,2,2;3;1;4,1,60,FrameTimeStutter,5.000,laser,practice,2026-09-21T19:06:24.6042923-04:00,3,308,5.49651,17.1066,1437.70,1429.19,0.000,0.000,2.7050,12.7515,4.0151,Left,1,0,0,0,0.0000,200.000,0,0.000,0,127.500,71.914,4.000,0.0300,1.0000,200.00,laser,60,450;300;200;100;50,450,1.5,3,0.4,1.5,3,1,10,20,100,-10,5,250,40,5,250,60,1,7,10,0,0.06,4,0.222,50,8,5
6,2,1,2,2;3;1;4,1,60,FrameTimeStutter,5.000,laser,practice,2026-09-21T19:06:24.6042923-04:00,3,309,5.51258,16.0690,1437.70,1429.19,0.000,0.000,2.7050,12.7515,4.0151,Left,0,0,0,0,0.0000,200.000,0,0.000,0,127.500,71.914,4.000,0.0300,1.0000,200.00,laser,60,450;300;200;100;50,450,1.5,3,0.4,1.5,3,1,10,20,100,-10,5,250,40,5,250,60,1,7,10,0,0.06,4,0.222,50,8,5
6,2,1,2,2;3;1;4,1,60,FrameTimeStutter,5.000,laser,practice,2026-09-21T19:06:24.6042923-04:00,3,310,5.52977,17.1866,1437.70,1429.19,0.000,0.000,2.7050,12.7515,4.0151,Left,0,0,0,0,0.0000,200.000,0,0.000,0,127.500,71.914,4.000,0.0300,1.0000,200.00,laser,60,450;300;200;100;50,450,1.5,3,0.4,1.5,3,1,10,20,100,-10,5,250,40,5,250,60,1,7,10,0,0.06,4,0.222,50,8,5
6,2,1,2,2;3;1;4,1,60,FrameTimeStutter,5.000,laser,practice,2026-09-21T19:06:24.6042923-04:00,3,311,5.54518,15.4106,1437.70,1429.19,0.000,0.000,2.7050,12.7515,4.0151,Left,0,0,0,0,0.0000,200.000,0,0.000,0,127.500,71.914,4.000,0.0300,1.0000,200.00,laser,60,450;300;200;100;50,450,1.5,3,0.4,1.5,3,1,10,20,100,-10,5,250,40,5,250,60,1,7,10,0,0.06,4,0.222,50,8,5
6,2,1,2,2;3;1;4,1,60,FrameTimeStutter,5.000,laser,practice,2026-09-21T19:06:24.6042923-04:00,3,312,5.56283,17.6537,1437.70,1429.19,0.000,0.000,2.7050,12.7515,4.0151,Left,0,0,0,0,0.0000,200.000,0,0.000,0,127.500,71.914,4.000,0.0300,1.0000,200.00,laser,60,450;300;200;100;50,450,1.5,3,0.4,1.5,3,1,10,20,100,-10,5,250,40,5,250,60,1,7,10,0,0.06,4,0.222,50,8,5
6,2,1,2,2;3;1;4,1,60,FrameTimeStutter,5.000,laser,practice,2026-09-21T19:06:24.6042923-04:00,3,313,5.57964,16.8049,1437.70,1429.19,0.000,0.000,2.7050,12.7515,4.0151,Left,0,0,0,0,0.0000,200.000,0,0.000,0,127.500,71.914,4.000,0.0300,1.0000,200.00,laser,60,450;300;200;100;50,450,1.5,3,0.4,1.5,3,1,10,20,100,-10,5,250,40,5,250,60,1,7,10,0,0.06,4,0.222,50,8,5
6,2,1,2,2;3;1;4,1,60,FrameTimeStutter,5.000,laser,practice,2026-09-21T19:06:24.6042923-04:00,3,314,5.59652,16.8774,1437.70,1429.19,0.000,0.000,2.7050,12.7515,4.0151,Left,0,0,0,0,0.0000,200.000,0,0.000,0,127.500,71.914,4.000,0.0300,1.0000,200.00,laser,60,450;300;200;100;50,450,1.5,3,0.4,1.5,3,1,10,20,100,-10,5,250,40,5,250,60,1,7,10,0,0.06,4,0.222,50,8,5
6,2,1,2,2;3;1;4,1,60,FrameTimeStutter,5.000,laser,practice,2026-09-21T19:06:24.6042923-04:00,3,315,5.61277,16.2507,1437.70,1429.19,0.000,0.000,2.7050,12.7515,4.0151,Left,0,0,0,0,0.0000,200.000,0,0.000,0,127.500,71.914,4.000,0.0300,1.0000,200.00,laser,60,450;300;200;100;50,450,1.5,3,0.4,1.5,3,1,10,20,100,-10,5,250,40,5,250,60,1,7,10,0,0.06,4,0.222,50,8,5
6,2,1,2,2;3;1;4,1,60,FrameTimeStutter,5.000,laser,practice,2026-09-21T19:06:24.6042923-04:00,3,316,5.62964,16.8754,1437.70,1429.19,0.000,0.000,2.7050,12.7515,4.0151,Left,0,0,0,0,0.0000,200.000,0,0.000,0,127.500,71.914,4.000,0.0300,1.0000,200.00,laser,60,450;300;200;100;50,450,1.5,3,0.4,1.5,3,1,10,20,100,-10,5,250,40,5,250,60,1,7,10,0,0.06,4,0.222,50,8,5
6,2,1,2,2;3;1;4,1,60,FrameTimeStutter,5.000,laser,practice,2026-09-21T19:06:24.6042923-04:00,3,317,5.64634,16.7026,1437.70,1429.19,0.000,0.000,2.7050,12.7515,4.0151,Left,0,0,0,0,0.0000,200.000,0,0.000,0,127.500,71.914,4.000,0.0300,1.0000,200.00,laser,60,450;300;200;100;50,450,1.5,3,0.4,1.5,3,1,10,20,100,-10,5,250,40,5,250,60,1,7,10,0,0.06,4,0.222,50,8,5
6,2,1,2,2;3;1;4,1,60,FrameTimeStutter,5.000,laser,practice,2026-09-21T19:06:24.6042923-04:00,3,318,5.66328,16.9336,1437.70,1429.19,0.000,0.000,2.7050,12.7515,4.0151,Left,0,0,0,0,0.0000,200.000,0,0.000,0,127.500,71.914,4.000,0.0300,1.0000,200.00,laser,60,450;300;200;100;50,450,1.5,3,0.4,1.5,3,1,10,20,100,-10,5,250,40,5,250,60,1,7,10,0,0.06,4,0.222,50,8,5
6,2,1,2,2;3;1;4,1,60,FrameTimeStutter,5.000,laser,practice,2026-09-21T19:06:24.6042923-04:00,3,319,5.67943,16.1501,1437.70,1429.19,0.000,0.000,2.7050,12.7515,4.0151,Left,0,0,0,0,0.0000,200.000,0,0.000,0,127.500,71.914,4.000,0.0300,1.0000,200.00,laser,60,450;300;200;100;50,450,1.5,3,0.4,1.5,3,1,10,20,100,-10,5,250,40,5,250,60,1,7,10,0,0.06,4,0.222,50,8,5
6,2,1,2,2;3;1;4,1,60,FrameTimeStutter,5.000,laser,practice,2026-09-21T19:06:24.6042923-04:00,3,320,5.69593,16.5049,1437.70,1429.19,0.000,0.000,2.7050,12.7515,4.0151,Left,0,0,0,0,0.0000,200.000,0,0.000,0,127.500,71.914,4.000,0.0300,1.0000,200.00,laser,60,450;300;200;100;50,450,1.5,3,0.4,1.5,3,1,10,20,100,-10,5,250,40,5,250,60,1,7,10,0,0.06,4,0.222,50,8,5
6,2,1,2,2;3;1;4,1,60,FrameTimeStutter,5.000,laser,practice,2026-09-21T19:06:24.6042923-04:00,3,321,5.71305,17.1179,1437.70,1429.19,0.000,0.000,2.7050,12.7515,4.0151,Left,0,0,0,0,0.0000,200.000,0,0.000,0,127.500,71.914,4.000,0.0300,1.0000,200.00,laser,60,450;300;200;100;50,450,1.5,3,0.4,1.5,3,1,10,20,100,-10,5,250,40,5,250,60,1,7,10,0,0.06,4,0.222,50,8,5
6,2,1,2,2;3;1;4,1,60,FrameTimeStutter,5.000,laser,practice,2026-09-21T19:06:24.6042923-04:00,3,322,5.72950,16.4468,1437.70,1429.19,0.000,0.000,2.7050,12.7515,4.0151,Left,0,0,0,0,0.0000,200.000,0,0.000,0,127.500,71.914,4.000,0.0300,1.0000,200.00,laser,60,450;300;200;100;50,450,1.5,3,0.4,1.5,3,1,10,20,100,-10,5,250,40,5,250,60,1,7,10,0,0.06,4,0.222,50,8,5
6,2,1,2,2;3;1;4,1,60,FrameTimeStutter,5.000,laser,practice,2026-09-21T19:06:24.6042923-04:00,3,323,5.74626,16.7606,1437.70,1429.19,0.000,0.000,2.7050,12.7515,4.0151,Left,0,0,0,0,0.0000,200.000,0,0.000,0,127.500,71.914,4.000,0.0300,1.0000,200.00,laser,60,450;300;200;100;50,450,1.5,3,0.4,1.5,3,1,10,20,100,-10,5,250,40,5,250,60,1,7,10,0,0.06,4,0.222,50,8,5
6,2,1,2,2;3;1;4,1,60,FrameTimeStutter,5.000,laser,practice,2026-09-21T19:06:24.6042923-04:00,3,324,5.76307,16.8104,1437.70,1429.19,0.000,0.000,2.7050,12.7515,4.0151,Left,0,0,0,0,0.0000,200.000,0,0.000,0,127.500,71.914,4.000,0.0300,1.0000,200.00,laser,60,450;300;200;100;50,450,1.5,3,0.4,1.5,3,1,10,20,100,-10,5,250,40,5,250,60,1,7,10,0,0.06,4,0.222,50,8,5
6,2,1,2,2;3;1;4,1,60,FrameTimeStutter,5.000,laser,practice,2026-09-21T19:06:24.6042923-04:00,3,325,5.77911,16.0449,1437.70,1429.19,0.000,0.000,2.7050,12.7515,4.0151,Left,0,0,0,0,0.0000,200.000,0,0.000,0,127.500,71.914,4.000,0.0300,1.0000,200.00,laser,60,450;300;200;100;50,450,1.5,3,0.4,1.5,3,1,10,20,100,-10,5,250,40,5,250,60,1,7,10,0,0.06,4,0.222,50,8,5
6,2,1,2,2;3;1;4,1,60,FrameTimeStutter,5.000,laser,practice,2026-09-21T19:06:24.6042923-04:00,3,326,5.79599,16.8795,1437.70,1429.19,0.000,0.000,2.7050,12.7515,4.0151,Left,0,0,0,0,0.0000,200.000,0,0.000,0,127.500,71.914,4.000,0.0300,1.0000,200.00,laser,60,450;300;200;100;50,450,1.5,3,0.4,1.5,3,1,10,20,100,-10,5,250,40,5,250,60,1,7,10,0,0.06,4,0.222,50,8,5
6,2,1,2,2;3;1;4,1,60,FrameTimeStutter,5.000,laser,practice,2026-09-21T19:06:24.6042923-04:00,3,327,5.81315,17.1577,1437.70,1429.19,0.000,0.000,2.7050,12.7515,4.0151,Left,0,0,0,0,0.0000,200.000,0,0.000,0,127.500,71.914,4.000,0.0300,1.0000,200.00,laser,60,450;300;200;100;50,450,1.5,3,0.4,1.5,3,1,10,20,100,-10,5,250,40,5,250,60,1,7,10,0,0.06,4,0.222,50,8,5
6,2,1,2,2;3;1;4,1,60,FrameTimeStutter,5.000,laser,practice,2026-09-21T19:06:24.6042923-04:00,3,328,5.82980,16.6452,1437.70,1429.19,0.000,0.000,2.7050,12.7515,4.0151,Left,0,0,0,0,0.0000,200.000,0,0.000,0,127.500,71.914,4.000,0.0300,1.0000,200.00,laser,60,450;300;200;100;50,450,1.5,3,0.4,1.5,3,1,10,20,100,-10,5,250,40,5,250,60,1,7,10,0,0.06,4,0.222,50,8,5
6,2,1,2,2;3;1;4,1,60,FrameTimeStutter,5.000,laser,practice,2026-09-21T19:06:24.6042923-04:00,3,329,5.84656,16.7647,1437.70,1429.19,0.000,0.000,2.7050,12.7515,4.0151,Left,0,0,0,0,0.0000,200.000,0,0.000,0,127.500,71.914,4.000,0.0300,1.0000,200.00,laser,60,450;300;200;100;50,450,1.5,3,0.4,1.5,3,1,10,20,100,-10,5,250,40,5,250,60,1,7,10,0,0.06,4,0.222,50,8,5
6,2,1,2,2;3;1;4,1,60,FrameTimeStutter,5.000,laser,practice,2026-09-21T19:06:24.6042923-04:00,3,330,5.86286,16.3058,1437.70,1429.19,0.000,0.000,2.7050,12.7515,4.0151,Left,0,0,0,0,0.0000,200.000,0,0.000,0,127.500,71.914,4.000,0.0300,1.0000,200.00,laser,60,450;300;200;100;50,450,1.5,3,0.4,1.5,3,1,10,20,100,-10,5,250,40,5,250,60,1,7,10,0,0.06,4,0.222,50,8,5
6,2,1,2,2;3;1;4,1,60,FrameTimeStutter,5.000,laser,practice,2026-09-21T19:06:24.6042923-04:00,3,331,5.87943,16.5601,1437.70,1429.19,0.000,0.000,2.7050,12.7515,4.0151,Left,0,0,0,0,0.0000,200.000,0,0.000,0,127.500,71.914,4.000,0.0300,1.0000,200.00,laser,60,450;300;200;100;50,450,1.5,3,0.4,1.5,3,1,10,20,100,-10,5,250,40,5,250,60,1,7,10,0,0.06,4,0.222,50,8,5
6,2,1,2,2;3;1;4,1,60,FrameTimeStutter,5.000,laser,practice,2026-09-21T19:06:24.6042923-04:00,3,332,5.89629,16.8605,1437.70,1429.19,0.000,0.000,2.7050,12.7515,4.0151,Left,0,0,0,0,0.0000,200.000,0,0.000,0,127.500,71.914,4.000,0.0300,1.0000,200.00,laser,60,450;300;200;100;50,450,1.5,3,0.4,1.5,3,1,10,20,100,-10,5,250,40,5,250,60,1,7,10,0,0.06,4,0.222,50,8,5
6,2,1,2,2;3;1;4,1,60,FrameTimeStutter,5.000,laser,practice,2026-09-21T19:06:24.6042923-04:00,3,333,5.91312,16.8356,1437.70,1429.19,0.000,0.000,2.7050,12.7515,4.0151,Left,0,0,0,0,0.0000,200.000,0,0.000,0,127.500,71.914,4.000,0.0300,1.0000,200.00,laser,60,450;300;200;100;50,450,1.5,3,0.4,1.5,3,1,10,20,100,-10,5,250,40,5,250,60,1,7,10,0,0.06,4,0.222,50,8,5
6,2,1,2,2;3;1;4,1,60,FrameTimeStutter,5.000,laser,practice,2026-09-21T19:06:24.6042923-04:00,3,334,5.93007,16.9497,1437.70,1429.19,0.000,0.000,2.7050,12.7515,4.0151,Left,0,0,0,0,0.0000,200.000,0,0.000,0,127.500,71.914,4.000,0.0300,1.0000,200.00,laser,60,450;300;200;100;50,450,1.5,3,0.4,1.5,3,1,10,20,100,-10,5,250,40,5,250,60,1,7,10,0,0.06,4,0.222,50,8,5
6,2,1,2,2;3;1;4,1,60,FrameTimeStutter,5.000,laser,practice,2026-09-21T19:06:24.6042923-04:00,3,335,5.94590,15.8246,1437.70,1429.19,0.000,0.000,2.7050,12.7515,4.0151,Left,0,0,0,0,0.0000,200.000,0,0.000,0,127.500,71.914,4.000,0.0300,1.0000,200.00,laser,60,450;300;200;100;50,450,1.5,3,0.4,1.5,3,1,10,20,100,-10,5,250,40,5,250,60,1,7,10,0,0.06,4,0.222,50,8,5
6,2,1,2,2;3;1;4,1,60,FrameTimeStutter,5.000,laser,practice,2026-09-21T19:06:24.6042923-04:00,3,336,5.96254,16.6412,1437.70,1429.19,0.000,0.000,2.7050,12.7515,4.0151,Left,0,0,0,0,0.0000,200.000,0,0.000,0,127.500,71.914,4.000,0.0300,1.0000,200.00,laser,60,450;300;200;100;50,450,1.5,3,0.4,1.5,3,1,10,20,100,-10,5,250,40,5,250,60,1,7,10,0,0.06,4,0.222,50,8,5
6,2,1,2,2;3;1;4,1,60,FrameTimeStutter,5.000,laser,practice,2026-09-21T19:06:24.6042923-04:00,3,337,5.97919,16.6556,1437.70,1429.19,0.000,0.000,2.7050,12.7515,4.0151,Left,0,0,0,0,0.0000,200.000,0,0.000,0,127.500,71.914,4.000,0.0300,1.0000,200.00,laser,60,450;300;200;100;50,450,1.5,3,0.4,1.5,3,1,10,20,100,-10,5,250,40,5,250,60,1,7,10,0,0.06,4,0.222,50,8,5
6,2,1,2,2;3;1;4,1,60,FrameTimeStutter,5.000,laser,practice,2026-09-21T19:06:24.6042923-04:00,3,338,5.99615,16.9590,1437.70,1429.19,0.000,0.000,2.7050,12.7515,4.0151,Left,0,0,0,0,0.0000,200.000,0,0.000,0,127.500,71.914,4.000,0.0300,1.0000,200.00,laser,60,450;300;200;100;50,450,1.5,3,0.4,1.5,3,1,10,20,100,-10,5,250,40,5,250,60,1,7,10,0,0.06,4,0.222,50,8,5
6,2,1,2,2;3;1;4,1,60,FrameTimeStutter,5.000,laser,practice,2026-09-21T19:06:24.6042923-04:00,3,339,6.01281,16.6588,1437.70,1429.19,0.000,0.000,2.7050,12.7515,4.0151,Left,0,0,0,0,0.0000,200.000,0,0.000,0,127.500,71.914,4.000,0.0300,1.0000,200.00,laser,60,450;300;200;100;50,450,1.5,3,0.4,1.5,3,1,10,20,100,-10,5,250,40,5,250,60,1,7,10,0,0.06,4,0.222,50,8,5
6,2,1,2,2;3;1;4,1,60,FrameTimeStutter,5.000,laser,practice,2026-09-21T19:06:24.6042923-04:00,3,340,6.02941,16.5990,1437.70,1429.19,0.000,0.000,2.7050,12.7515,4.0151,Left,0,0,0,0,0.0000,200.000,0,0.000,0,127.500,71.914,4.000,0.0300,1.0000,200.00,laser,60,450;300;200;100;50,450,1.5,3,0.4,1.5,3,1,10,20,100,-10,5,250,40,5,250,60,1,7,10,0,0.06,4,0.222,50,8,5
6,2,1,2,2;3;1;4,1,60,FrameTimeStutter,5.000,laser,practice,2026-09-21T19:06:24.6042923-04:00,3,341,6.04638,16.9690,1437.70,1429.19,0.000,0.000,2.7050,12.7515,4.0151,Left,0,0,0,0,0.0000,200.000,0,0.000,0,127.500,71.914,4.000,0.0300,1.0000,200.00,laser,60,450;300;200;100;50,450,1.5,3,0.4,1.5,3,1,10,20,100,-10,5,250,40,5,250,60,1,7,10,0,0.06,4,0.222,50,8,5
6,2,1,2,2;3;1;4,1,60,FrameTimeStutter,5.000,laser,practice,2026-09-21T19:06:24.6042923-04:00,3,342,6.06304,16.6627,1437.70,1429.19,0.000,0.000,2.7050,12.7515,4.0151,Left,0,0,0,0,0.0000,200.000,0,0.000,0,127.500,71.914,4.000,0.0300,1.0000,200.00,laser,60,450;300;200;100;50,450,1.5,3,0.4,1.5,3,1,10,20,100,-10,5,250,40,5,250,60,1,7,10,0,0.06,4,0.222,50,8,5
6,2,1,2,2;3;1;4,1,60,FrameTimeStutter,5.000,laser,practice,2026-09-21T19:06:24.6042923-04:00,3,343,6.07956,16.5217,1437.70,1429.19,0.000,0.000,2.7050,12.7515,4.0151,Left,0,0,0,0,0.0000,200.000,0,0.000,0,127.500,71.914,4.000,0.0300,1.0000,200.00,laser,60,450;300;200;100;50,450,1.5,3,0.4,1.5,3,1,10,20,100,-10,5,250,40,5,250,60,1,7,10,0,0.06,4,0.222,50,8,5
6,2,1,2,2;3;1;4,1,60,FrameTimeStutter,5.000,laser,practice,2026-09-21T19:06:24.6042923-04:00,3,344,6.09613,16.5643,1437.70,1429.19,0.000,0.000,2.7050,12.7515,4.0151,Left,0,0,0,0,0.0000,200.000,0,0.000,0,127.500,71.914,4.000,0.0300,1.0000,200.00,laser,60,450;300;200;100;50,450,1.5,3,0.4,1.5,3,1,10,20,100,-10,5,250,40,5,250,60,1,7,10,0,0.06,4,0.222,50,8,5
6,2,1,2,2;3;1;4,1,60,FrameTimeStutter,5.000,laser,practice,2026-09-21T19:06:24.6042923-04:00,3,345,6.11251,16.3795,1437.70,1429.19,0.000,0.000,2.7050,12.7515,4.0151,Left,0,0,0,0,0.0000,200.000,0,0.000,0,127.500,71.914,4.000,0.0300,1.0000,200.00,laser,60,450;300;200;100;50,450,1.5,3,0.4,1.5,3,1,10,20,100,-10,5,250,40,5,250,60,1,7,10,0,0.06,4,0.222,50,8,5
6,2,1,2,2;3;1;4,1,60,FrameTimeStutter,5.000,laser,practice,2026-09-21T19:06:24.6042923-04:00,3,346,6.12916,16.6529,1437.70,1429.19,0.000,0.000,2.7050,12.7515,4.0151,Left,0,0,0,0,0.0000,200.000,0,0.000,0,127.500,71.914,4.000,0.0300,1.0000,200.00,laser,60,450;300;200;100;50,450,1.5,3,0.4,1.5,3,1,10,20,100,-10,5,250,40,5,250,60,1,7,10,0,0.06,4,0.222,50,8,5
6,2,1,2,2;3;1;4,1,60,FrameTimeStutter,5.000,laser,practice,2026-09-21T19:06:24.6042923-04:00,3,347,6.14657,17.4090,1437.70,1429.19,0.000,0.000,2.7050,12.7515,4.0151,Left,0,0,0,0,0.0000,200.000,0,0.000,0,127.500,71.914,4.000,0.0300,1.0000,200.00,laser,60,450;300;200;100;50,450,1.5,3,0.4,1.5,3,1,10,20,100,-10,5,250,40,5,250,60,1,7,10,0,0.06,4,0.222,50,8,5
6,2,1,2,2;3;1;4,1,60,FrameTimeStutter,5.000,laser,practice,2026-09-21T19:06:24.6042923-04:00,3,348,6.16257,16.0048,1434.09,1429.19,-2.000,0.000,2.6684,12.7515,4.0151,Left,0,0,0,0,0.0000,200.000,0,0.000,0,127.500,71.914,4.000,0.0300,1.0000,200.00,laser,60,450;300;200;100;50,450,1.5,3,0.4,1.5,3,1,10,20,100,-10,5,250,40,5,250,60,1,7,10,0,0.06,4,0.222,50,8,5
6,2,1,2,2;3;1;4,1,60,FrameTimeStutter,5.000,laser,practice,2026-09-21T19:06:24.6042923-04:00,3,349,6.17976,17.1865,1407.06,1421.98,-15.000,-4.000,2.3941,12.6784,4.0151,Left,0,0,0,0,0.0000,200.000,0,0.000,0,127.500,71.914,4.000,0.0300,1.0000,200.00,laser,60,450;300;200;100;50,450,1.5,3,0.4,1.5,3,1,10,20,100,-10,5,250,40,5,250,60,1,7,10,0,0.06,4,0.222,50,8,5
6,2,1,2,2;3;1;4,1,60,FrameTimeStutter,5.000,laser,practice,2026-09-21T19:06:24.6042923-04:00,3,350,6.19656,16.7999,1365.61,1411.16,-23.000,-6.000,1.9736,12.5687,4.0151,Left,0,0,0,0,0.0000,200.000,0,0.000,0,127.500,71.914,4.000,0.0300,1.0000,200.00,laser,60,450;300;200;100;50,450,1.5,3,0.4,1.5,3,1,10,20,100,-10,5,250,40,5,250,60,1,7,10,0,0.06,4,0.222,50,8,5
6,2,1,2,2;3;1;4,1,60,FrameTimeStutter,5.000,laser,practice,2026-09-21T19:06:24.6042923-04:00,3,351,6.21254,15.9840,1298.92,1400.35,-37.000,-6.000,1.2970,12.4590,4.0151,Left,0,0,0,0,0.0000,200.000,0,0.000,0,127.500,71.914,4.000,0.0300,1.0000,200.00,laser,60,450;300;200;100;50,450,1.5,3,0.4,1.5,3,1,10,20,100,-10,5,250,40,5,250,60,1,7,10,0,0.06,4,0.222,50,8,5
6,2,1,2,2;3;1;4,1,60,FrameTimeStutter,5.000,laser,practice,2026-09-21T19:06:24.6042923-04:00,3,352,6.22944,16.9000,1198.00,1387.74,-56.000,-7.000,0.2730,12.3310,4.0151,Left,0,0,0,0,0.0000,200.000,0,0.000,0,127.500,71.914,4.000,0.0300,1.0000,200.00,laser,60,450;300;200;100;50,450,1.5,3,0.4,1.5,3,1,10,20,100,-10,5,250,40,5,250,60,1,7,10,0,0.06,4,0.222,50,8,5
6,2,1,2,2;3;1;4,1,60,FrameTimeStutter,5.000,laser,practice,2026-09-21T19:06:24.6042923-04:00,3,353,6.24675,17.3025,992.54,1367.91,-114.000,-11.000,-1.8115,12.1298,4.0151,Left,0,0,0,0,0.0000,200.000,0,0.000,0,127.500,71.914,4.000,0.0300,1.0000,200.00,laser,60,450;300;200;100;50,450,1.5,3,0.4,1.5,3,1,10,20,100,-10,5,250,40,5,250,60,1,7,10,0,0.06,4,0.222,50,8,5
6,2,1,2,2;3;1;4,1,60,FrameTimeStutter,5.000,laser,practice,2026-09-21T19:06:24.6042923-04:00,3,354,6.26346,16.7085,821.33,1357.10,-95.000,-6.000,-3.5486,12.0201,4.0151,Left,0,0,0,0,0.0000,200.000,0,0.000,0,127.500,71.914,4.000,0.0300,1.0000,200.00,laser,60,450;300;200;100;50,450,1.5,3,0.4,1.5,3,1,10,20,100,-10,5,250,40,5,250,60,1,7,10,0,0.06,4,0.222,50,8,5
6,2,1,2,2;3;1;4,1,60,FrameTimeStutter,5.000,laser,practice,2026-09-21T19:06:24.6042923-04:00,3,355,6.27929,15.8374,653.72,1349.89,-93.000,-4.000,-5.2491,11.9470,4.0151,Left,0,0,0,0,0.0000,200.000,0,0.000,0,127.500,71.914,4.000,0.0300,1.0000,200.00,laser,60,450;300;200;100;50,450,1.5,3,0.4,1.5,3,1,10,20,100,-10,5,250,40,5,250,60,1,7,10,0,0.06,4,0.222,50,8,5
6,2,1,2,2;3;1;4,1,60,FrameTimeStutter,5.000,laser,practice,2026-09-21T19:06:24.6042923-04:00,3,356,6.29581,16.5218,500.53,1353.49,-85.000,2.000,-6.8033,11.9835,4.0151,Left,0,0,0,0,0.0000,200.000,0,0.000,0,127.500,71.914,4.000,0.0300,1.0000,200.00,laser,60,450;300;200;100;50,450,1.5,3,0.4,1.5,3,1,10,20,100,-10,5,250,40,5,250,60,1,7,10,0,0.06,4,0.222,50,8,5
6,2,1,2,2;3;1;4,1,60,FrameTimeStutter,5.000,laser,practice,2026-09-21T19:06:24.6042923-04:00,3,357,6.31286,17.0458,377.97,1367.91,-68.000,8.000,-8.0467,12.1298,4.0151,Left,0,0,0,0,0.0000,200.000,0,0.000,0,127.500,71.914,4.000,0.0300,1.0000,200.00,laser,60,450;300;200;100;50,450,1.5,3,0.4,1.5,3,1,10,20,100,-10,5,250,40,5,250,60,1,7,10,0,0.06,4,0.222,50,8,5
6,2,1,2,2;3;1;4,1,60,FrameTimeStutter,5.000,laser,practice,2026-09-21T19:06:24.6042923-04:00,3,358,6.32910,16.2387,295.07,1382.33,-46.000,8.000,-8.8879,12.2761,4.0151,Left,0,0,0,0,0.0000,200.000,0,0.000,0,127.500,71.914,4.000,0.0300,1.0000,200.00,laser,60,450;300;200;100;50,450,1.5,3,0.4,1.5,3,1,10,20,100,-10,5,250,40,5,250,60,1,7,10,0,0.06,4,0.222,50,8,5
6,2,1,2,2;3;1;4,1,60,FrameTimeStutter,5.000,laser,practice,2026-09-21T19:06:24.6042923-04:00,3,359,6.34597,16.8721,241.00,1393.14,-30.000,6.000,-9.4364,12.3858,4.0151,Left,0,0,0,0,0.0000,200.000,0,0.000,0,127.500,71.914,4.000,0.0300,1.0000,200.00,laser,60,450;300;200;100;50,450,1.5,3,0.4,1.5,3,1,10,20,100,-10,5,250,40,5,250,60,1,7,10,0,0.06,4,0.222,50,8,5
6,2,1,2,2;3;1;4,1,60,FrameTimeStutter,5.000,laser,practice,2026-09-21T19:06:24.6042923-04:00,3,360,6.36254,16.5656,201.35,1400.35,-22.000,4.000,-9.8387,12.4590,4.0151,Left,0,0,0,0,0.0000,200.000,0,0.000,0,127.500,71.914,4.000,0.0300,1.0000,200.00,laser,60,450;300;200;100;50,450,1.5,3,0.4,1.5,3,1,10,20,100,-10,5,250,40,5,250,60,1,7,10,0,0.06,4,0.222,50,8,5
6,2,1,2,2;3;1;4,1,60,FrameTimeStutter,5.000,laser,practice,2026-09-21T19:06:24.6042923-04:00,3,361,6.37952,16.9841,161.70,1411.16,-22.000,6.000,-10.2410,12.5687,4.0151,Left,0,0,0,0,0.0000,200.000,0,0.000,0,127.500,71.914,4.000,0.0300,1.0000,200.00,laser,60,450;300;200;100;50,450,1.5,3,0.4,1.5,3,1,10,20,100,-10,5,250,40,5,250,60,1,7,10,0,0.06,4,0.222,50,8,5
6,2,1,2,2;3;1;4,1,60,FrameTimeStutter,5.000,laser,practice,2026-09-21T19:06:24.6042923-04:00,3,362,6.39620,16.6820,122.05,1420.18,-22.000,5.000,-10.6432,12.6601,4.0151,Left,0,0,0,0,0.0000,200.000,0,0.000,0,127.500,71.914,4.000,0.0300,1.0000,200.00,laser,60,450;300;200;100;50,450,1.5,3,0.4,1.5,3,1,10,20,100,-10,5,250,40,5,250,60,1,7,10,0,0.06,4,0.222,50,8,5
6,2,1,2,2;3;1;4,1,60,FrameTimeStutter,5.000,laser,practice,2026-09-21T19:06:24.6042923-04:00,3,363,6.41284,16.6397,73.39,1429.19,-27.000,5.000,-11.1370,12.7515,4.0151,Left,0,0,0,0,0.0000,200.000,0,0.000,0,127.500,71.914,4.000,0.0300,1.0000,200.00,laser,60,450;300;200;100;50,450,1.5,3,0.4,1.5,3,1,10,20,100,-10,5,250,40,5,250,60,1,7,10,0,0.06,4,0.222,50,8,5
6,2,1,2,2;3;1;4,1,60,FrameTimeStutter,5.000,laser,practice,2026-09-21T19:06:24.6042923-04:00,3,364,6.42963,16.7856,21.13,1434.59,-29.000,3.000,-11.6673,12.8064,4.0151,Left,0,0,0,0,0.0000,200.000,0,0.000,0,127.500,71.914,4.000,0.0300,1.0000,200.00,laser,60,450;300;200;100;50,450,1.5,3,0.4,1.5,3,1,10,20,100,-10,5,250,40,5,250,60,1,7,10,0,0.06,4,0.222,50,8,5
6,2,1,2,2;3;1;4,1,60,FrameTimeStutter,5.000,laser,practice,2026-09-21T19:06:24.6042923-04:00,3,365,6.44645,16.8247,-0.50,1440.00,-41.000,3.000,-12.4169,12.8612,4.0151,Left,0,0,0,0,0.0000,200.000,0,0.000,0,127.500,71.914,4.000,0.0300,1.0000,200.00,laser,60,450;300;200;100;50,450,1.5,3,0.4,1.5,3,1,10,20,100,-10,5,250,40,5,250,60,1,7,10,0,0.06,4,0.222,50,8,5
6,2,1,2,2;3;1;4,1,60,FrameTimeStutter,5.000,laser,practice,2026-09-21T19:06:24.6042923-04:00,3,366,6.46318,16.7231,-0.50,1440.00,-20.000,0.000,-12.7826,12.8612,4.0151,Left,0,0,0,0,0.0000,200.000,0,0.000,0,127.500,71.914,4.000,0.0300,1.0000,200.00,laser,60,450;300;200;100;50,450,1.5,3,0.4,1.5,3,1,10,20,100,-10,5,250,40,5,250,60,1,7,10,0,0.06,4,0.222,50,8,5
6,2,1,2,2;3;1;4,1,60,FrameTimeStutter,5.000,laser,practice,2026-09-21T19:06:24.6042923-04:00,3,367,6.47964,16.4619,-0.50,1440.00,-20.000,1.000,-13.1483,12.8795,4.0151,Left,0,0,0,0,0.0000,200.000,0,0.000,0,127.500,71.914,4.000,0.0300,1.0000,200.00,laser,60,450;300;200;100;50,450,1.5,3,0.4,1.5,3,1,10,20,100,-10,5,250,40,5,250,60,1,7,10,0,0.06,4,0.222,50,8,5
6,2,1,2,2;3;1;4,1,60,FrameTimeStutter,5.000,laser,practice,2026-09-21T19:06:24.6042923-04:00,3,368,6.49563,15.9950,-0.50,1438.20,-21.000,-1.000,-13.5323,12.8612,4.0151,Left,0,0,0,0,0.0000,200.000,0,0.000,0,127.500,71.914,4.000,0.0300,1.0000,200.00,laser,60,450;300;200;100;50,450,1.5,3,0.4,1.5,3,1,10,20,100,-10,5,250,40,5,250,60,1,7,10,0,0.06,4,0.222,50,8,5
6,2,1,2,2;3;1;4,1,60,FrameTimeStutter,5.000,laser,practice,2026-09-21T19:06:24.6042923-04:00,3,369,6.51239,16.7592,-0.50,1436.40,-26.000,-1.000,-14.0077,12.8429,4.0151,Left,0,0,0,0,0.0000,200.000,0,0.000,0,127.500,71.914,4.000,0.0300,1.0000,200.00,laser,60,450;300;200;100;50,450,1.5,3,0.4,1.5,3,1,10,20,100,-10,5,250,40,5,250,60,1,7,10,0,0.06,4,0.222,50,8,5
6,2,1,2,2;3;1;4,1,60,FrameTimeStutter,5.000,laser,practice,2026-09-21T19:06:24.6042923-04:00,3,370,6.52976,17.3689,-0.50,1432.79,-21.000,-2.000,-14.3917,12.8063,4.0151,Left,0,0,0,0,0.0000,200.000,0,0.000,0,127.500,71.914,4.000,0.0300,1.0000,200.00,laser,60,450;300;200;100;50,450,1.5,3,0.4,1.5,3,1,10,20,100,-10,5,250,40,5,250,60,1,7,10,0,0.06,4,0.222,50,8,5
6,2,1,2,2;3;1;4,1,60,FrameTimeStutter,5.000,laser,practice,2026-09-21T19:06:24.6042923-04:00,3,371,6.54623,16.4665,-0.50,1430.99,-14.000,-1.000,-14.6478,12.7881,4.0151,Left,0,0,0,0,0.0000,200.000,0,0.000,0,127.500,71.914,4.000,0.0300,1.0000,200.00,laser,60,450;300;200;100;50,450,1.5,3,0.4,1.5,3,1,10,20,100,-10,5,250,40,5,250,60,1,7,10,0,0.06,4,0.222,50,8,5
6,2,1,2,2;3;1;4,1,60,FrameTimeStutter,5.000,laser,practice,2026-09-21T19:06:24.6042923-04:00,3,372,6.56296,16.7349,-0.50,1430.99,-4.000,0.000,-14.7209,12.7881,4.0151,Left,0,0,0,0,0.0000,200.000,0,0.000,0,127.500,71.914,4.000,0.0300,1.0000,200.00,laser,60,450;300;200;100;50,450,1.5,3,0.4,1.5,3,1,10,20,100,-10,5,250,40,5,250,60,1,7,10,0,0.06,4,0.222,50,8,5
6,2,1,2,2;3;1;4,1,60,FrameTimeStutter,5.000,laser,practice,2026-09-21T19:06:24.6042923-04:00,3,373,6.57937,16.4087,-0.50,1430.99,0.000,0.000,-14.7209,12.7881,4.0151,Left,0,0,0,0,0.0000,200.000,0,0.000,0,127.500,71.914,4.000,0.0300,1.0000,200.00,laser,60,450;300;200;100;50,450,1.5,3,0.4,1.5,3,1,10,20,100,-10,5,250,40,5,250,60,1,7,10,0,0.06,4,0.222,50,8,5
6,2,1,2,2;3;1;4,1,60,FrameTimeStutter,5.000,laser,practice,2026-09-21T19:06:24.6042923-04:00,3,374,6.59590,16.5265,-0.50,1430.99,0.000,0.000,-14.7209,12.7881,4.0151,Left,0,0,0,0,0.0000,200.000,0,0.000,0,127.500,71.914,4.000,0.0300,1.0000,200.00,laser,60,450;300;200;100;50,450,1.5,3,0.4,1.5,3,1,10,20,100,-10,5,250,40,5,250,60,1,7,10,0,0.06,4,0.222,50,8,5
6,2,1,2,2;3;1;4,1,60,FrameTimeStutter,5.000,laser,practice,2026-09-21T19:06:24.6042923-04:00,3,375,6.61260,16.7056,-0.50,1430.99,-1.000,0.000,-14.7392,12.7881,4.0151,Left,0,0,0,0,0.0000,200.000,0,0.000,0,127.500,71.914,4.000,0.0300,1.0000,200.00,laser,60,450;300;200;100;50,450,1.5,3,0.4,1.5,3,1,10,20,100,-10,5,250,40,5,250,60,1,7,10,0,0.06,4,0.222,50,8,5
6,2,1,2,2;3;1;4,1,60,FrameTimeStutter,5.000,laser,practice,2026-09-21T19:06:24.6042923-04:00,3,376,6.62947,16.8684,-0.50,1429.19,-2.000,-1.000,-14.7758,12.7698,4.0151,Left,0,0,0,0,0.0000,200.000,0,0.000,0,127.500,71.914,4.000,0.0300,1.0000,200.00,laser,60,450;300;200;100;50,450,1.5,3,0.4,1.5,3,1,10,20,100,-10,5,250,40,5,250,60,1,7,10,0,0.06,4,0.222,50,8,5
6,2,1,2,2;3;1;4,1,60,FrameTimeStutter,5.000,laser,practice,2026-09-21T19:06:24.6042923-04:00,3,377,6.64607,16.6014,-0.50,1429.19,-4.000,0.000,-14.8489,12.7698,4.0151,Left,0,0,0,0,0.0000,200.000,0,0.000,0,127.500,71.914,4.000,0.0300,1.0000,200.00,laser,60,450;300;200;100;50,450,1.5,3,0.4,1.5,3,1,10,20,100,-10,5,250,40,5,250,60,1,7,10,0,0.06,4,0.222,50,8,5
6,2,1,2,2;3;1;4,1,60,FrameTimeStutter,5.000,laser,practice,2026-09-21T19:06:24.6042923-04:00,3,378,6.66249,16.4147,-0.50,1429.19,0.000,0.000,-14.8489,12.7698,4.0151,Left,0,0,0,0,0.0000,200.000,0,0.000,0,127.500,71.914,4.000,0.0300,1.0000,200.00,laser,60,450;300;200;100;50,450,1.5,3,0.4,1.5,3,1,10,20,100,-10,5,250,40,5,250,60,1,7,10,0,0.06,4,0.222,50,8,5
6,2,1,2,2;3;1;4,1,60,FrameTimeStutter,5.000,laser,practice,2026-09-21T19:06:24.6042923-04:00,3,379,6.67969,17.2073,-0.50,1429.19,0.000,0.000,-14.8489,12.7698,4.0151,Left,0,0,0,0,0.0000,200.000,0,0.000,0,127.500,71.914,4.000,0.0300,1.0000,200.00,laser,60,450;300;200;100;50,450,1.5,3,0.4,1.5,3,1,10,20,100,-10,5,250,40,5,250,60,1,7,10,0,0.06,4,0.222,50,8,5
6,2,1,2,2;3;1;4,1,60,FrameTimeStutter,5.000,laser,practice,2026-09-21T19:06:24.6042923-04:00,3,380,6.69622,16.5264,-0.50,1429.19,0.000,0.000,-14.8489,12.7698,4.0151,Left,0,0,0,0,0.0000,200.000,0,0.000,0,127.500,71.914,4.000,0.0300,1.0000,200.00,laser,60,450;300;200;100;50,450,1.5,3,0.4,1.5,3,1,10,20,100,-10,5,250,40,5,250,60,1,7,10,0,0.06,4,0.222,50,8,5
6,2,1,2,2;3;1;4,1,60,FrameTimeStutter,5.000,laser,practice,2026-09-21T19:06:24.6042923-04:00,3,381,6.71244,16.2234,-0.50,1429.19,0.000,0.000,-14.8489,12.7698,4.0151,Left,0,0,0,0,0.0000,200.000,0,0.000,0,127.500,71.914,4.000,0.0300,1.0000,200.00,laser,60,450;300;200;100;50,450,1.5,3,0.4,1.5,3,1,10,20,100,-10,5,250,40,5,250,60,1,7,10,0,0.06,4,0.222,50,8,5
6,2,1,2,2;3;1;4,1,60,FrameTimeStutter,5.000,laser,practice,2026-09-21T19:06:24.6042923-04:00,3,382,6.72967,17.2282,-0.50,1429.19,0.000,0.000,-14.8489,12.7698,4.0151,Left,0,0,0,0,0.0000,200.000,0,0.000,0,127.500,71.914,4.000,0.0300,1.0000,200.00,laser,60,450;300;200;100;50,450,1.5,3,0.4,1.5,3,1,10,20,100,-10,5,250,40,5,250,60,1,7,10,0,0.06,4,0.222,50,8,5
6,2,1,2,2;3;1;4,1,60,FrameTimeStutter,5.000,laser,practice,2026-09-21T19:06:24.6042923-04:00,3,383,6.74607,16.4001,-0.50,1429.19,0.000,0.000,-14.8489,12.7698,4.0151,Left,0,0,0,0,0.0000,200.000,0,0.000,0,127.500,71.914,4.000,0.0300,1.0000,200.00,laser,60,450;300;200;100;50,450,1.5,3,0.4,1.5,3,1,10,20,100,-10,5,250,40,5,250,60,1,7,10,0,0.06,4,0.222,50,8,5
6,2,1,2,2;3;1;4,1,60,FrameTimeStutter,5.000,laser,practice,2026-09-21T19:06:24.6042923-04:00,3,384,6.76266,16.5895,-0.50,1429.19,0.000,0.000,-14.8489,12.7698,4.0151,Left,0,0,0,0,0.0000,200.000,0,0.000,0,127.500,71.914,4.000,0.0300,1.0000,200.00,laser,60,450;300;200;100;50,450,1.5,3,0.4,1.5,3,1,10,20,100,-10,5,250,40,5,250,60,1,7,10,0,0.06,4,0.222,50,8,5
6,2,1,2,2;3;1;4,1,60,FrameTimeStutter,5.000,laser,practice,2026-09-21T19:06:24.6042923-04:00,3,385,6.77973,17.0671,-0.50,1429.19,0.000,0.000,-14.8489,12.7698,4.0151,Left,0,0,0,0,0.0000,200.000,0,0.000,0,127.500,71.914,4.000,0.0300,1.0000,200.00,laser,60,450;300;200;100;50,450,1.5,3,0.4,1.5,3,1,10,20,100,-10,5,250,40,5,250,60,1,7,10,0,0.06,4,0.222,50,8,5
6,2,1,2,2;3;1;4,1,60,FrameTimeStutter,5.000,laser,practice,2026-09-21T19:06:24.6042923-04:00,3,386,6.79614,16.4150,-0.50,1429.19,0.000,0.000,-14.8489,12.7698,4.0151,Left,0,0,0,0,0.0000,200.000,0,0.000,0,127.500,71.914,4.000,0.0300,1.0000,200.00,laser,60,450;300;200;100;50,450,1.5,3,0.4,1.5,3,1,10,20,100,-10,5,250,40,5,250,60,1,7,10,0,0.06,4,0.222,50,8,5
6,2,1,2,2;3;1;4,1,60,FrameTimeStutter,5.000,laser,practice,2026-09-21T19:06:24.6042923-04:00,3,387,6.81247,16.3303,-0.50,1429.19,0.000,0.000,-14.8489,12.7698,4.0151,Left,0,0,0,0,0.0000,200.000,0,0.000,0,127.500,71.914,4.000,0.0300,1.0000,200.00,laser,60,450;300;200;100;50,450,1.5,3,0.4,1.5,3,1,10,20,100,-10,5,250,40,5,250,60,1,7,10,0,0.06,4,0.222,50,8,5
6,2,1,2,2;3;1;4,1,60,FrameTimeStutter,5.000,laser,practice,2026-09-21T19:06:24.6042923-04:00,3,388,6.82971,17.2322,-0.50,1429.19,0.000,0.000,-14.8489,12.7698,4.0151,Left,0,0,0,0,0.0000,200.000,0,0.000,0,127.500,71.914,4.000,0.0300,1.0000,200.00,laser,60,450;300;200;100;50,450,1.5,3,0.4,1.5,3,1,10,20,100,-10,5,250,40,5,250,60,1,7,10,0,0.06,4,0.222,50,8,5
6,2,1,2,2;3;1;4,1,60,FrameTimeStutter,5.000,laser,practice,2026-09-21T19:06:24.6042923-04:00,3,389,6.84611,16.3992,-0.50,1429.19,0.000,0.000,-14.8489,12.7698,4.0151,Left,0,0,0,0,0.0000,200.000,0,0.000,0,127.500,71.914,4.000,0.0300,1.0000,200.00,laser,60,450;300;200;100;50,450,1.5,3,0.4,1.5,3,1,10,20,100,-10,5,250,40,5,250,60,1,7,10,0,0.06,4,0.222,50,8,5
6,2,1,2,2;3;1;4,1,60,FrameTimeStutter,5.000,laser,practice,2026-09-21T19:06:24.6042923-04:00,3,390,6.86313,17.0206,-0.50,1429.19,0.000,0.000,-14.8489,12.7698,4.0151,Left,0,0,0,0,0.0000,200.000,0,0.000,0,127.500,71.914,4.000,0.0300,1.0000,200.00,laser,60,450;300;200;100;50,450,1.5,3,0.4,1.5,3,1,10,20,100,-10,5,250,40,5,250,60,1,7,10,0,0.06,4,0.222,50,8,5
6,2,1,2,2;3;1;4,1,60,FrameTimeStutter,5.000,laser,practice,2026-09-21T19:06:24.6042923-04:00,3,391,6.87918,16.0562,-0.50,1429.19,0.000,0.000,-14.8489,12.7698,4.0151,Left,0,0,0,0,0.0000,200.000,0,0.000,0,127.500,71.914,4.000,0.0300,1.0000,200.00,laser,60,450;300;200;100;50,450,1.5,3,0.4,1.5,3,1,10,20,100,-10,5,250,40,5,250,60,1,7,10,0,0.06,4,0.222,50,8,5
6,2,1,2,2;3;1;4,1,60,FrameTimeStutter,5.000,laser,practice,2026-09-21T19:06:24.6042923-04:00,3,392,6.89581,16.6240,-0.50,1429.19,0.000,0.000,-14.8489,12.7698,4.0151,Left,0,0,0,0,0.0000,200.000,0,0.000,0,127.500,71.914,4.000,0.0300,1.0000,200.00,laser,60,450;300;200;100;50,450,1.5,3,0.4,1.5,3,1,10,20,100,-10,5,250,40,5,250,60,1,7,10,0,0.06,4,0.222,50,8,5
6,2,1,2,2;3;1;4,1,60,FrameTimeStutter,5.000,laser,practice,2026-09-21T19:06:24.6042923-04:00,3,393,6.91287,17.0657,-0.50,1429.19,0.000,0.000,-14.8489,12.7698,4.0151,Left,0,0,0,0,0.0000,200.000,0,0.000,0,127.500,71.914,4.000,0.0300,1.0000,200.00,laser,60,450;300;200;100;50,450,1.5,3,0.4,1.5,3,1,10,20,100,-10,5,250,40,5,250,60,1,7,10,0,0.06,4,0.222,50,8,5
6,2,1,2,2;3;1;4,1,60,FrameTimeStutter,5.000,laser,practice,2026-09-21T19:06:24.6042923-04:00,3,394,6.92931,16.4319,-0.50,1429.19,0.000,0.000,-14.8489,12.7698,4.0151,Left,0,0,0,0,0.0000,200.000,0,0.000,0,127.500,71.914,4.000,0.0300,1.0000,200.00,laser,60,450;300;200;100;50,450,1.5,3,0.4,1.5,3,1,10,20,100,-10,5,250,40,5,250,60,1,7,10,0,0.06,4,0.222,50,8,5
6,2,1,2,2;3;1;4,1,60,FrameTimeStutter,5.000,laser,practice,2026-09-21T19:06:24.6042923-04:00,3,395,6.94657,17.2598,-0.50,1429.19,0.000,0.000,-14.8489,12.7698,4.0151,Left,0,0,0,0,0.0000,200.000,0,0.000,0,127.500,71.914,4.000,0.0300,1.0000,200.00,laser,60,450;300;200;100;50,450,1.5,3,0.4,1.5,3,1,10,20,100,-10,5,250,40,5,250,60,1,7,10,0,0.06,4,0.222,50,8,5
6,2,1,2,2;3;1;4,1,60,FrameTimeStutter,5.000,laser,practice,2026-09-21T19:06:24.6042923-04:00,3,396,6.96276,16.1971,-0.50,1429.19,0.000,0.000,-14.8489,12.7698,4.0151,Left,0,0,0,0,0.0000,200.000,0,0.000,0,127.500,71.914,4.000,0.0300,1.0000,200.00,laser,60,450;300;200;100;50,450,1.5,3,0.4,1.5,3,1,10,20,100,-10,5,250,40,5,250,60,1,7,10,0,0.06,4,0.222,50,8,5
6,2,1,2,2;3;1;4,1,60,FrameTimeStutter,5.000,laser,practice,2026-09-21T19:06:24.6042923-04:00,3,397,6.97985,17.0931,-0.50,1429.19,0.000,0.000,-14.8489,12.7698,4.0151,Left,0,0,0,0,0.0000,200.000,0,0.000,0,127.500,71.914,4.000,0.0300,1.0000,200.00,laser,60,450;300;200;100;50,450,1.5,3,0.4,1.5,3,1,10,20,100,-10,5,250,40,5,250,60,1,7,10,0,0.06,4,0.222,50,8,5
6,2,1,2,2;3;1;4,1,60,FrameTimeStutter,5.000,laser,practice,2026-09-21T19:06:24.6042923-04:00,3,398,6.99645,16.5984,-0.50,1429.19,0.000,0.000,-14.8489,12.7698,4.0151,Left,0,0,0,0,0.0000,200.000,0,0.000,0,127.500,71.914,4.000,0.0300,1.0000,200.00,laser,60,450;300;200;100;50,450,1.5,3,0.4,1.5,3,1,10,20,100,-10,5,250,40,5,250,60,1,7,10,0,0.06,4,0.222,50,8,5
6,2,1,2,2;3;1;4,1,60,FrameTimeStutter,5.000,laser,practice,2026-09-21T19:06:24.6042923-04:00,3,399,7.01269,16.2373,-0.50,1429.19,0.000,0.000,-14.8489,12.7698,4.0151,Left,0,0,0,0,0.0000,200.000,0,0.000,0,127.500,71.914,4.000,0.0300,1.0000,200.00,laser,60,450;300;200;100;50,450,1.5,3,0.4,1.5,3,1,10,20,100,-10,5,250,40,5,250,60,1,7,10,0,0.06,4,0.222,50,8,5
6,2,1,2,2;3;1;4,1,60,FrameTimeStutter,5.000,laser,practice,2026-09-21T19:06:24.6042923-04:00,3,400,7.02962,16.9333,-0.50,1429.19,0.000,0.000,-14.8489,12.7698,4.0151,Left,0,0,0,0,0.0000,200.000,0,0.000,0,127.500,71.914,4.000,0.0300,1.0000,200.00,laser,60,450;300;200;100;50,450,1.5,3,0.4,1.5,3,1,10,20,100,-10,5,250,40,5,250,60,1,7,10,0,0.06,4,0.222,50,8,5
6,2,1,2,2;3;1;4,1,60,FrameTimeStutter,5.000,laser,practice,2026-09-21T19:06:24.6042923-04:00,3,401,7.04602,16.3916,-0.50,1429.19,0.000,0.000,-14.8489,12.7698,4.0151,Left,0,0,0,0,0.0000,200.000,0,0.000,0,127.500,71.914,4.000,0.0300,1.0000,200.00,laser,60,450;300;200;100;50,450,1.5,3,0.4,1.5,3,1,10,20,100,-10,5,250,40,5,250,60,1,7,10,0,0.06,4,0.222,50,8,5
6,2,1,2,2;3;1;4,1,60,FrameTimeStutter,5.000,laser,practice,2026-09-21T19:06:24.6042923-04:00,3,402,7.06308,17.0647,-0.50,1429.19,0.000,0.000,-14.8489,12.7698,4.0151,Left,0,0,0,0,0.0000,200.000,0,0.000,0,127.500,71.914,4.000,0.0300,1.0000,200.00,laser,60,450;300;200;100;50,450,1.5,3,0.4,1.5,3,1,10,20,100,-10,5,250,40,5,250,60,1,7,10,0,0.06,4,0.222,50,8,5
6,2,1,2,2;3;1;4,1,60,FrameTimeStutter,5.000,laser,practice,2026-09-21T19:06:24.6042923-04:00,3,403,7.07938,16.2955,-0.50,1429.19,0.000,0.000,-14.8489,12.7698,4.0151,Left,0,0,0,0,0.0000,200.000,0,0.000,0,127.500,71.914,4.000,0.0300,1.0000,200.00,laser,60,450;300;200;100;50,450,1.5,3,0.4,1.5,3,1,10,20,100,-10,5,250,40,5,250,60,1,7,10,0,0.06,4,0.222,50,8,5
6,2,1,2,2;3;1;4,1,60,FrameTimeStutter,5.000,laser,practice,2026-09-21T19:06:24.6042923-04:00,3,404,7.09576,16.3868,-0.50,1429.19,0.000,0.000,-14.8489,12.7698,4.0151,Left,0,0,0,0,0.0000,200.000,0,0.000,0,127.500,71.914,4.000,0.0300,1.0000,200.00,laser,60,450;300;200;100;50,450,1.5,3,0.4,1.5,3,1,10,20,100,-10,5,250,40,5,250,60,1,7,10,0,0.06,4,0.222,50,8,5
6,2,1,2,2;3;1;4,1,60,FrameTimeStutter,5.000,laser,practice,2026-09-21T19:06:24.6042923-04:00,3,405,7.11284,17.0765,-0.50,1429.19,0.000,0.000,-14.8489,12.7698,4.0151,Left,0,0,0,0,0.0000,200.000,0,0.000,0,127.500,71.914,4.000,0.0300,1.0000,200.00,laser,60,450;300;200;100;50,450,1.5,3,0.4,1.5,3,1,10,20,100,-10,5,250,40,5,250,60,1,7,10,0,0.06,4,0.222,50,8,5
6,2,1,2,2;3;1;4,1,60,FrameTimeStutter,5.000,laser,practice,2026-09-21T19:06:24.6042923-04:00,3,406,7.12988,17.0371,-0.50,1429.19,0.000,0.000,-14.8489,12.7698,4.0151,Left,0,0,0,0,0.0000,200.000,0,0.000,0,127.500,71.914,4.000,0.0300,1.0000,200.00,laser,60,450;300;200;100;50,450,1.5,3,0.4,1.5,3,1,10,20,100,-10,5,250,40,5,250,60,1,7,10,0,0.06,4,0.222,50,8,5
6,2,1,2,2;3;1;4,1,60,FrameTimeStutter,5.000,laser,practice,2026-09-21T19:06:24.6042923-04:00,3,407,7.14641,16.5337,-0.50,1429.19,0.000,0.000,-13.9797,12.7698,4.0151,Left,0,0,0,0,0.0000,200.000,0,0.000,0,127.500,71.914,4.000,0.0300,1.0000,200.00,laser,60,450;300;200;100;50,450,1.5,3,0.4,1.5,3,1,10,20,100,-10,5,250,40,5,250,60,1,7,10,0,0.06,4,0.222,50,8,5
6,2,1,2,2;3;1;4,1,60,FrameTimeStutter,5.000,laser,practice,2026-09-21T19:06:24.6042923-04:00,3,408,7.16311,16.7051,-0.50,1429.19,0.000,0.000,-13.1688,12.7698,4.0151,Left,0,0,0,0,0.0000,200.000,0,0.000,0,127.500,71.914,4.000,0.0300,1.0000,200.00,laser,60,450;300;200;100;50,450,1.5,3,0.4,1.5,3,1,10,20,100,-10,5,250,40,5,250,60,1,7,10,0,0.06,4,0.222,50,8,5
6,2,1,2,2;3;1;4,1,60,FrameTimeStutter,5.000,laser,practice,2026-09-21T19:06:24.6042923-04:00,3,409,7.17996,16.8426,-0.50,1429.19,0.000,0.000,-12.4171,12.7698,4.0151,Left,0,0,0,0,0.0000,200.000,0,0.000,0,127.500,71.914,4.000,0.0300,1.0000,200.00,laser,60,450;300;200;100;50,450,1.5,3,0.4,1.5,3,1,10,20,100,-10,5,250,40,5,250,60,1,7,10,0,0.06,4,0.222,50,8,5
6,2,1,2,2;3;1;4,1,60,FrameTimeStutter,5.000,laser,practice,2026-09-21T19:06:24.6042923-04:00,3,410,7.19580,15.8444,-0.50,1429.19,0.000,0.000,-11.7678,12.7698,4.0151,Left,0,0,0,0,0.0000,200.000,0,0.000,0,127.500,71.914,4.000,0.0300,1.0000,200.00,laser,60,450;300;200;100;50,450,1.5,3,0.4,1.5,3,1,10,20,100,-10,5,250,40,5,250,60,1,7,10,0,0.06,4,0.222,50,8,5
6,2,1,2,2;3;1;4,1,60,FrameTimeStutter,5.000,laser,practice,2026-09-21T19:06:24.6042923-04:00,3,411,7.21283,17.0341,-0.50,1429.19,0.000,0.000,-11.1295,12.7698,4.0151,Left,0,0,0,0,0.0000,200.000,0,0.000,0,127.500,71.914,4.000,0.0300,1.0000,200.00,laser,60,450;300;200;100;50,450,1.5,3,0.4,1.5,3,1,10,20,100,-10,5,250,40,5,250,60,1,7,10,0,0.06,4,0.222,50,8,5
6,2,1,2,2;3;1;4,1,60,FrameTimeStutter,5.000,laser,practice,2026-09-21T19:06:24.6042923-04:00,3,412,7.22914,16.3058,-0.50,1429.19,0.000,0.000,-10.5741,12.7698,4.0151,Left,0,0,0,0,0.0000,200.000,0,0.000,0,127.500,71.914,4.000,0.0300,1.0000,200.00,laser,60,450;300;200;100;50,450,1.5,3,0.4,1.5,3,1,10,20,100,-10,5,250,40,5,250,60,1,7,10,0,0.06,4,0.222,50,8,5
6,2,1,2,2;3;1;4,1,60,FrameTimeStutter,5.000,laser,practice,2026-09-21T19:06:24.6042923-04:00,3,413,7.24595,16.8058,-0.50,1429.19,0.000,0.000,-10.0557,12.7698,4.0151,Left,0,0,0,0,0.0000,200.000,0,0.000,0,127.500,71.914,4.000,0.0300,1.0000,200.00,laser,60,450;300;200;100;50,450,1.5,3,0.4,1.5,3,1,10,20,100,-10,5,250,40,5,250,60,1,7,10,0,0.06,4,0.222,50,8,5
6,2,1,2,2;3;1;4,1,60,FrameTimeStutter,5.000,laser,practice,2026-09-21T19:06:24.6042923-04:00,3,414,7.26318,17.2357,-0.50,1429.19,0.000,0.000,-9.5782,12.7698,4.0151,Left,0,0,0,0,0.0000,200.000,0,0.000,0,127.500,71.914,4.000,0.0300,1.0000,200.00,laser,60,450;300;200;100;50,450,1.5,3,0.4,1.5,3,1,10,20,100,-10,5,250,40,5,250,60,1,7,10,0,0.06,4,0.222,50,8,5
6,2,1,2,2;3;1;4,1,60,FrameTimeStutter,5.000,laser,practice,2026-09-21T19:06:24.6042923-04:00,3,415,7.27943,16.2426,-0.50,1429.19,0.000,0.000,-9.1757,12.7698,4.0151,Left,0,0,0,0,0.0000,200.000,0,0.000,0,127.500,71.914,4.000,0.0300,1.0000,200.00,laser,60,450;300;200;100;50,450,1.5,3,0.4,1.5,3,1,10,20,100,-10,5,250,40,5,250,60,1,7,10,0,0.06,4,0.222,50,8,5
6,2,1,2,2;3;1;4,1,60,FrameTimeStutter,5.000,laser,practice,2026-09-21T19:06:24.6042923-04:00,3,416,7.29638,16.9580,-0.50,1429.19,0.000,0.000,-8.8020,12.7698,4.0151,Left,0,0,0,0,0.0000,200.000,0,0.000,0,127.500,71.914,4.000,0.0300,1.0000,200.00,laser,60,450;300;200;100;50,450,1.5,3,0.4,1.5,3,1,10,20,100,-10,5,250,40,5,250,60,1,7,10,0,0.06,4,0.222,50,8,5
6,2,1,2,2;3;1;4,1,60,FrameTimeStutter,5.000,laser,practice,2026-09-21T19:06:24.6042923-04:00,3,417,7.31270,16.3150,-0.50,1429.19,0.000,0.000,-8.4847,12.7698,4.0151,Left,0,0,0,0,0.0000,200.000,0,0.000,0,127.500,71.914,4.000,0.0300,1.0000,200.00,laser,60,450;300;200;100;50,450,1.5,3,0.4,1.5,3,1,10,20,100,-10,5,250,40,5,250,60,1,7,10,0,0.06,4,0.222,50,8,5
6,2,1,2,2;3;1;4,1,60,FrameTimeStutter,5.000,laser,practice,2026-09-21T19:06:24.6042923-04:00,3,418,7.33000,17.3037,-0.50,1429.19,0.000,0.000,-8.1904,12.7698,4.0151,Left,0,0,0,0,0.0000,200.000,0,0.000,0,127.500,71.914,4.000,0.0300,1.0000,200.00,laser,60,450;300;200;100;50,450,1.5,3,0.4,1.5,3,1,10,20,100,-10,5,250,40,5,250,60,1,7,10,0,0.06,4,0.222,50,8,5
6,2,1,2,2;3;1;4,1,60,FrameTimeStutter,5.000,laser,practice,2026-09-21T19:06:24.6042923-04:00,3,419,7.34620,16.1999,-0.50,1429.19,0.000,0.000,-7.9519,12.7698,4.0151,Left,0,0,0,0,0.0000,200.000,0,0.000,0,127.500,71.914,4.000,0.0300,1.0000,200.00,laser,60,450;300;200;100;50,450,1.5,3,0.4,1.5,3,1,10,20,100,-10,5,250,40,5,250,60,1,7,10,0,0.06,4,0.222,50,8,5
6,2,1,2,2;3;1;4,1,60,FrameTimeStutter,5.000,laser,practice,2026-09-21T19:06:24.6042923-04:00,3,420,7.36249,16.2875,-0.50,1429.19,0.000,0.000,-7.7454,12.7698,4.0151,Left,0,0,0,0,0.0000,200.000,0,0.000,0,127.500,71.914,4.000,0.0300,1.0000,200.00,laser,60,450;300;200;100;50,450,1.5,3,0.4,1.5,3,1,10,20,100,-10,5,250,40,5,250,60,1,7,10,0,0.06,4,0.222,50,8,5
6,2,1,2,2;3;1;4,1,60,FrameTimeStutter,5.000,laser,practice,2026-09-21T19:06:24.6042923-04:00,3,421,7.37989,17.4047,-0.50,1429.19,0.000,0.000,-7.5590,12.7698,4.0151,Left,0,0,0,0,0.0000,200.000,0,0.000,0,127.500,71.914,4.000,0.0300,1.0000,200.00,laser,60,450;300;200;100;50,450,1.5,3,0.4,1.5,3,1,10,20,100,-10,5,250,40,5,250,60,1,7,10,0,0.06,4,0.222,50,8,5
6,2,1,2,2;3;1;4,1,60,FrameTimeStutter,5.000,laser,practice,2026-09-21T19:06:24.6042923-04:00,3,422,7.39575,15.8511,-0.50,1429.19,0.000,0.000,-7.4174,12.7698,4.0151,Left,0,0,0,0,0.0000,200.000,0,0.000,0,127.500,71.914,4.000,0.0300,1.0000,200.00,laser,60,450;300;200;100;50,450,1.5,3,0.4,1.5,3,1,10,20,100,-10,5,250,40,5,250,60,1,7,10,0,0.06,4,0.222,50,8,5
6,2,1,2,2;3;1;4,1,60,FrameTimeStutter,5.000,laser,practice,2026-09-21T19:06:24.6042923-04:00,3,423,7.41311,17.3651,-0.50,1429.19,0.000,0.000,-7.2903,12.7698,4.0151,Left,0,0,0,0,0.0000,200.000,0,0.000,0,127.500,71.914,4.000,0.0300,1.0000,200.00,laser,60,450;300;200;100;50,450,1.5,3,0.4,1.5,3,1,10,20,100,-10,5,250,40,5,250,60,1,7,10,0,0.06,4,0.222,50,8,5
6,2,1,2,2;3;1;4,1,60,FrameTimeStutter,5.000,laser,practice,2026-09-21T19:06:24.6042923-04:00,3,424,7.42958,16.4739,-0.50,1429.19,0.000,0.000,-7.1940,12.7698,4.0151,Left,0,0,0,0,0.0000,200.000,0,0.000,0,127.500,71.914,4.000,0.0300,1.0000,200.00,laser,60,450;300;200;100;50,450,1.5,3,0.4,1.5,3,1,10,20,100,-10,5,250,40,5,250,60,1,7,10,0,0.06,4,0.222,50,8,5
6,2,1,2,2;3;1;4,1,60,FrameTimeStutter,5.000,laser,practice,2026-09-21T19:06:24.6042923-04:00,3,425,7.44584,16.2599,-0.50,1429.19,0.000,0.000,-7.1197,12.7698,4.0151,Left,0,0,0,0,0.0000,200.000,0,0.000,0,127.500,71.914,4.000,0.0300,1.0000,200.00,laser,60,450;300;200;100;50,450,1.5,3,0.4,1.5,3,1,10,20,100,-10,5,250,40,5,250,60,1,7,10,0,0.06,4,0.222,50,8,5
6,2,1,2,2;3;1;4,1,60,FrameTimeStutter,5.000,laser,practice,2026-09-21T19:06:24.6042923-04:00,3,426,7.46286,17.0107,-0.50,1429.19,0.000,0.000,-7.0613,12.7698,4.0151,Left,0,0,0,0,0.0000,200.000,0,0.000,0,127.500,71.914,4.000,0.0300,1.0000,200.00,laser,60,450;300;200;100;50,450,1.5,3,0.4,1.5,3,1,10,20,100,-10,5,250,40,5,250,60,1,7,10,0,0.06,4,0.222,50,8,5
6,2,1,2,2;3;1;4,1,60,FrameTimeStutter,5.000,laser,practice,2026-09-21T19:06:24.6042923-04:00,3,427,7.47990,17.0474,4.91,1429.19,3.000,0.000,-7.0196,12.7698,4.0151,Left,0,0,0,0,0.0000,200.000,0,0.000,0,127.500,71.914,4.000,0.0300,1.0000,200.00,laser,60,450;300;200;100;50,450,1.5,3,0.4,1.5,3,1,10,20,100,-10,5,250,40,5,250,60,1,7,10,0,0.06,4,0.222,50,8,5
6,2,1,2,2;3;1;4,1,60,FrameTimeStutter,5.000,laser,practice,2026-09-21T19:06:24.6042923-04:00,3,428,7.49647,16.5628,46.36,1432.79,23.000,2.000,-6.9926,12.7698,4.0151,Left,0,0,0,0,0.0000,200.000,0,0.000,0,127.500,71.914,4.000,0.0300,1.0000,200.00,laser,60,450;300;200;100;50,450,1.5,3,0.4,1.5,3,1,10,20,100,-10,5,250,40,5,250,60,1,7,10,0,0.06,4,0.222,50,8,5
6,2,1,2,2;3;1;4,1,60,FrameTimeStutter,5.000,laser,practice,2026-09-21T19:06:24.6042923-04:00,3,429,7.51306,16.6002,113.04,1440.00,37.000,7.000,-6.9762,12.7698,4.0151,Left,0,0,0,0,0.0000,200.000,0,0.000,0,127.500,71.914,4.000,0.0300,1.0000,200.00,laser,60,450;300;200;100;50,450,1.5,3,0.4,1.5,3,1,10,20,100,-10,5,250,40,5,250,60,1,7,10,0,0.06,4,0.222,50,8,5
6,2,1,2,2;3;1;4,1,60,FrameTimeStutter,5.000,laser,practice,2026-09-21T19:06:24.6042923-04:00,3,430,7.52973,16.6661,194.14,1440.00,45.000,8.000,-6.9677,12.7698,4.0151,Left,0,0,0,0,0.0000,200.000,0,0.000,0,127.500,71.914,4.000,0.0300,1.0000,200.00,laser,60,450;300;200;100;50,450,1.5,3,0.4,1.5,3,1,10,20,100,-10,5,250,40,5,250,60,1,7,10,0,0.06,4,0.222,50,8,5
6,2,1,2,2;3;1;4,1,60,FrameTimeStutter,5.000,laser,practice,2026-09-21T19:06:24.6042923-04:00,3,431,7.54581,16.0778,266.23,1440.00,40.000,4.000,-6.9647,12.7698,4.0151,Left,0,0,0,0,0.0000,200.000,0,0.000,0,127.500,71.914,4.000,0.0300,1.0000,200.00,laser,60,450;300;200;100;50,450,1.5,3,0.4,1.5,3,1,10,20,100,-10,5,250,40,5,250,60,1,7,10,0,0.06,4,0.222,50,8,5
6,2,1,2,2;3;1;4,1,60,FrameTimeStutter,5.000,laser,practice,2026-09-21T19:06:24.6042923-04:00,3,432,7.56304,17.2339,332.92,1440.00,37.000,0.000,-6.9642,12.7698,4.0151,Left,0,0,0,0,0.0000,200.000,0,0.000,0,127.500,71.914,4.000,0.0300,1.0000,200.00,laser,60,450;300;200;100;50,450,1.5,3,0.4,1.5,3,1,10,20,100,-10,5,250,40,5,250,60,1,7,10,0,0.06,4,0.222,50,8,5
6,2,1,2,2;3;1;4,1,60,FrameTimeStutter,5.000,laser,practice,2026-09-21T19:06:24.6042923-04:00,3,433,7.57960,16.5547,406.81,1436.40,41.000,-2.000,-6.9642,12.7698,18.0430,Left,0,0,0,0,0.0000,200.000,0,0.000,0,127.500,71.914,4.000,0.0300,1.0000,200.00,laser,60,450;300;200;100;50,450,1.5,3,0.4,1.5,3,1,10,20,100,-10,5,250,40,5,250,60,1,7,10,0,0.06,4,0.222,50,8,5
6,2,1,2,2;3;1;4,1,60,FrameTimeStutter,5.000,laser,practice,2026-09-21T19:06:24.6042923-04:00,3,434,7.59561,16.0073,489.71,1427.38,46.000,-5.000,-6.9642,12.7698,18.0430,Left,0,0,0,0,0.0000,200.000,0,0.000,0,127.500,71.914,4.000,0.0300,1.0000,200.00,laser,60,450;300;200;100;50,450,1.5,3,0.4,1.5,3,1,10,20,100,-10,5,250,40,5,250,60,1,7,10,0,0.06,4,0.222,50,8,5
6,2,1,2,2;3;1;4,1,60,FrameTimeStutter,5.000,laser,practice,2026-09-21T19:06:24.6042923-04:00,3,435,7.61326,17.6560,579.82,1420.18,50.000,-4.000,-6.9642,12.7698,18.0430,Left,0,0,0,0,0.0000,200.000,0,0.000,0,127.500,71.914,4.000,0.0300,1.0000,200.00,laser,60,450;300;200;100;50,450,1.5,3,0.4,1.5,3,1,10,20,100,-10,5,250,40,5,250,60,1,7,10,0,0.06,4,0.222,50,8,5
6,2,1,2,2;3;1;4,1,60,FrameTimeStutter,5.000,laser,practice,2026-09-21T19:06:24.6042923-04:00,3,436,7.63006,16.7949,722.20,1407.56,79.000,-7.000,-6.9642,12.7698,18.0430,Left,0,0,0,0,0.0000,200.000,0,0.000,0,127.500,71.914,4.000,0.0300,1.0000,200.00,laser,60,450;300;200;100;50,450,1.5,3,0.4,1.5,3,1,10,20,100,-10,5,250,40,5,250,60,1,7,10,0,0.06,4,0.222,50,8,5
6,2,1,2,2;3;1;4,1,60,FrameTimeStutter,5.000,laser,practice,2026-09-21T19:06:24.6042923-04:00,3,437,7.64609,16.0287,823.13,1394.94,56.000,-7.000,-6.9642,12.7698,18.0430,Left,0,0,0,0,0.0000,200.000,0,0.000,0,127.500,71.914,4.000,0.0300,1.0000,200.00,laser,60,450;300;200;100;50,450,1.5,3,0.4,1.5,3,1,10,20,100,-10,5,250,40,5,250,60,1,7,10,0,0.06,4,0.222,50,8,5
6,2,1,2,2;3;1;4,1,60,FrameTimeStutter,5.000,laser,practice,2026-09-21T19:06:24.6042923-04:00,3,438,7.66289,16.8032,931.26,1382.33,60.000,-7.000,-6.9642,12.7698,18.0430,Left,0,0,0,0,0.0000,200.000,0,0.000,0,127.500,71.914,4.000,0.0300,1.0000,200.00,laser,60,450;300;200;100;50,450,1.5,3,0.4,1.5,3,1,10,20,100,-10,5,250,40,5,250,60,1,7,10,0,0.06,4,0.222,50,8,5
6,2,1,2,2;3;1;4,1,60,FrameTimeStutter,5.000,laser,practice,2026-09-21T19:06:24.6042923-04:00,3,439,7.67951,16.6177,1050.21,1362.50,66.000,-11.000,-6.9642,12.7698,18.0430,Left,0,0,0,0,0.0000,200.000,0,0.000,0,127.500,71.914,4.000,0.0300,1.0000,200.00,laser,60,450;300;200;100;50,450,1.5,3,0.4,1.5,3,1,10,20,100,-10,5,250,40,5,250,60,1,7,10,0,0.06,4,0.222,50,8,5
6,2,1,2,2;3;1;4,1,60,FrameTimeStutter,5.000,laser,practice,2026-09-21T19:06:24.6042923-04:00,3,440,7.69556,16.0581,1185.38,1340.88,75.000,-12.000,-6.9642,12.7698,18.0430,Left,0,0,0,0,0.0000,200.000,0,0.000,0,127.500,71.914,4.000,0.0300,1.0000,200.00,laser,60,450;300;200;100;50,450,1.5,3,0.4,1.5,3,1,10,20,100,-10,5,250,40,5,250,60,1,7,10,0,0.06,4,0.222,50,8,5
6,2,1,2,2;3;1;4,1,60,FrameTimeStutter,5.000,laser,practice,2026-09-21T19:06:24.6042923-04:00,3,441,7.71304,17.4798,1307.94,1321.05,68.000,-11.000,-6.9642,12.7698,18.0430,Left,0,0,0,0,0.0000,200.000,0,0.000,0,127.500,71.914,4.000,0.0300,1.0000,200.00,laser,60,450;300;200;100;50,450,1.5,3,0.4,1.5,3,1,10,20,100,-10,5,250,40,5,250,60,1,7,10,0,0.06,4,0.222,50,8,5
6,2,1,2,2;3;1;4,1,60,FrameTimeStutter,5.000,laser,practice,2026-09-21T19:06:24.6042923-04:00,3,442,7.72934,16.3013,1428.69,1304.83,67.000,-9.000,-6.9642,12.7698,18.0430,Left,0,0,0,0,0.0000,200.000,0,0.000,0,127.500,71.914,4.000,0.0300,1.0000,200.00,laser,60,450;300;200;100;50,450,1.5,3,0.4,1.5,3,1,10,20,100,-10,5,250,40,5,250,60,1,7,10,0,0.06,4,0.222,50,8,5
6,2,1,2,2;3;1;4,1,60,FrameTimeStutter,5.000,laser,practice,2026-09-21T19:06:24.6042923-04:00,3,443,7.74617,16.8284,1536.82,1292.22,60.000,-7.000,-6.9642,12.7698,18.0430,Left,0,0,0,0,0.0000,200.000,0,0.000,0,127.500,71.914,4.000,0.0300,1.0000,200.00,laser,60,450;300;200;100;50,450,1.5,3,0.4,1.5,3,1,10,20,100,-10,5,250,40,5,250,60,1,7,10,0,0.06,4,0.222,50,8,5
6,2,1,2,2;3;1;4,1,60,FrameTimeStutter,5.000,laser,practice,2026-09-21T19:06:24.6042923-04:00,3,444,7.76272,16.5441,1635.95,1283.20,55.000,-5.000,-6.9642,12.7698,18.0430,Left,0,0,0,0,0.0000,200.000,0,0.000,0,127.500,71.914,4.000,0.0300,1.0000,200.00,laser,60,450;300;200;100;50,450,1.5,3,0.4,1.5,3,1,10,20,100,-10,5,250,40,5,250,60,1,7,10,0,0.06,4,0.222,50,8,5
6,2,1,2,2;3;1;4,1,60,FrameTimeStutter,5.000,laser,practice,2026-09-21T19:06:24.6042923-04:00,3,445,7.77909,16.3686,1727.86,1272.39,51.000,-6.000,-6.9642,12.7698,18.0430,Left,0,0,0,0,0.0000,200.000,0,0.000,0,127.500,71.914,4.000,0.0300,1.0000,200.00,laser,60,450;300;200;100;50,450,1.5,3,0.4,1.5,3,1,10,20,100,-10,5,250,40,5,250,60,1,7,10,0,0.06,4,0.222,50,8,5
6,2,1,2,2;3;1;4,1,60,FrameTimeStutter,5.000,laser,practice,2026-09-21T19:06:24.6042923-04:00,3,446,7.79590,16.8174,1814.37,1259.78,48.000,-7.000,-6.9642,12.7698,18.0430,Left,0,0,0,0,0.0000,200.000,0,0.000,0,127.500,71.914,4.000,0.0300,1.0000,200.00,laser,60,450;300;200;100;50,450,1.5,3,0.4,1.5,3,1,10,20,100,-10,5,250,40,5,250,60,1,7,10,0,0.06,4,0.222,50,8,5
6,2,1,2,2;3;1;4,1,60,FrameTimeStutter,5.000,laser,practice,2026-09-21T19:06:24.6042923-04:00,3,447,7.81251,16.6111,1899.07,1243.55,47.000,-9.000,-6.9642,12.7698,18.0430,Left,0,0,0,0,0.0000,200.000,0,0.000,0,127.500,71.914,4.000,0.0300,1.0000,200.00,laser,60,450;300;200;100;50,450,1.5,3,0.4,1.5,3,1,10,20,100,-10,5,250,40,5,250,60,1,7,10,0,0.06,4,0.222,50,8,5
6,2,1,2,2;3;1;4,1,60,FrameTimeStutter,5.000,laser,practice,2026-09-21T19:06:24.6042923-04:00,3,448,7.82916,16.6414,1978.37,1229.14,44.000,-8.000,-6.9642,12.7698,18.0430,Left,0,0,0,0,0.0000,200.000,0,0.000,0,127.500,71.914,4.000,0.0300,1.0000,200.00,laser,60,450;300;200;100;50,450,1.5,3,0.4,1.5,3,1,10,20,100,-10,5,250,40,5,250,60,1,7,10,0,0.06,4,0.222,50,8,5
6,2,1,2,2;3;1;4,1,60,FrameTimeStutter,5.000,laser,practice,2026-09-21T19:06:24.6042923-04:00,3,449,7.84575,16.5949,2034.24,1218.32,31.000,-6.000,-6.9642,12.7698,18.0430,Left,0,0,0,0,0.0000,200.000,0,0.000,0,127.500,71.914,4.000,0.0300,1.0000,200.00,laser,60,450;300;200;100;50,450,1.5,3,0.4,1.5,3,1,10,20,100,-10,5,250,40,5,250,60,1,7,10,0,0.06,4,0.222,50,8,5
6,2,1,2,2;3;1;4,1,60,FrameTimeStutter,5.000,laser,practice,2026-09-21T19:06:24.6042923-04:00,3,450,7.86275,17.0016,2068.49,1214.72,19.000,-2.000,-6.9642,12.7698,18.0430,Left,0,0,0,0,0.0000,200.000,0,0.000,0,127.500,71.914,4.000,0.0300,1.0000,200.00,laser,60,450;300;200;100;50,450,1.5,3,0.4,1.5,3,1,10,20,100,-10,5,250,40,5,250,60,1,7,10,0,0.06,4,0.222,50,8,5
6,2,1,2,2;3;1;4,1,60,FrameTimeStutter,5.000,laser,practice,2026-09-21T19:06:24.6042923-04:00,3,451,7.87906,16.3116,2068.49,1214.72,0.000,0.000,-6.9642,12.7698,18.0430,Left,0,0,0,0,0.0000,200.000,0,0.000,0,127.500,71.914,4.000,0.0300,1.0000,200.00,laser,60,450;300;200;100;50,450,1.5,3,0.4,1.5,3,1,10,20,100,-10,5,250,40,5,250,60,1,7,10,0,0.06,4,0.222,50,8,5
6,2,1,2,2;3;1;4,1,60,FrameTimeStutter,5.000,laser,practice,2026-09-21T19:06:24.6042923-04:00,3,452,7.89596,16.8933,2068.49,1214.72,0.000,0.000,-6.9642,12.7698,18.0430,Left,0,0,0,0,0.0000,200.000,0,0.000,0,127.500,71.914,4.000,0.0300,1.0000,200.00,laser,60,450;300;200;100;50,450,1.5,3,0.4,1.5,3,1,10,20,100,-10,5,250,40,5,250,60,1,7,10,0,0.06,4,0.222,50,8,5
6,2,1,2,2;3;1;4,1,60,FrameTimeStutter,5.000,laser,practice,2026-09-21T19:06:24.6042923-04:00,3,453,7.91326,17.3009,2068.49,1214.72,0.000,0.000,-6.9642,12.7698,18.0430,Left,0,0,0,0,0.0000,200.000,0,0.000,0,127.500,71.914,4.000,0.0300,1.0000,200.00,laser,60,450;300;200;100;50,450,1.5,3,0.4,1.5,3,1,10,20,100,-10,5,250,40,5,250,60,1,7,10,0,0.06,4,0.222,50,8,5
6,2,1,2,2;3;1;4,1,60,FrameTimeStutter,5.000,laser,practice,2026-09-21T19:06:24.6042923-04:00,3,454,7.92960,16.3410,2068.49,1214.72,0.000,0.000,-6.9642,12.7698,18.0430,Left,0,0,0,0,0.0000,200.000,0,0.000,0,127.500,71.914,4.000,0.0300,1.0000,200.00,laser,60,450;300;200;100;50,450,1.5,3,0.4,1.5,3,1,10,20,100,-10,5,250,40,5,250,60,1,7,10,0,0.06,4,0.222,50,8,5
6,2,1,2,2;3;1;4,1,60,FrameTimeStutter,5.000,laser,practice,2026-09-21T19:06:24.6042923-04:00,3,455,7.94653,16.9355,2073.89,1212.92,3.000,-1.000,-6.9642,12.7698,18.0430,Left,0,0,0,0,0.0000,200.000,0,0.000,0,127.500,71.914,4.000,0.0300,1.0000,200.00,laser,60,450;300;200;100;50,450,1.5,3,0.4,1.5,3,1,10,20,100,-10,5,250,40,5,250,60,1,7,10,0,0.06,4,0.222,50,8,5
6,2,1,2,2;3;1;4,1,60,FrameTimeStutter,5.000,laser,practice,2026-09-21T19:06:24.6042923-04:00,3,456,7.96257,16.0373,2097.32,1212.92,13.000,0.000,-6.9642,12.7698,18.0430,Left,0,0,0,0,0.0000,200.000,0,0.000,0,127.500,71.914,4.000,0.0300,1.0000,200.00,laser,60,450;300;200;100;50,450,1.5,3,0.4,1.5,3,1,10,20,100,-10,5,250,40,5,250,60,1,7,10,0,0.06,4,0.222,50,8,5
6,2,1,2,2;3;1;4,1,60,FrameTimeStutter,5.000,laser,practice,2026-09-21T19:06:24.6042923-04:00,3,457,7.97974,17.1690,2124.36,1211.11,15.000,-1.000,-6.9642,12.7698,18.0430,Left,0,0,0,0,0.0000,200.000,0,0.000,0,127.500,71.914,4.000,0.0300,1.0000,200.00,laser,60,450;300;200;100;50,450,1.5,3,0.4,1.5,3,1,10,20,100,-10,5,250,40,5,250,60,1,7,10,0,0.06,4,0.222,50,8,5
6,2,1,2,2;3;1;4,1,60,FrameTimeStutter,5.000,laser,practice,2026-09-21T19:06:24.6042923-04:00,3,458,7.99634,16.5952,2138.77,1209.31,8.000,-1.000,-6.9642,12.7698,18.0430,Left,0,0,0,0,0.0000,200.000,0,0.000,0,127.500,71.914,4.000,0.0300,1.0000,200.00,laser,60,450;300;200;100;50,450,1.5,3,0.4,1.5,3,1,10,20,100,-10,5,250,40,5,250,60,1,7,10,0,0.06,4,0.222,50,8,5
6,2,1,2,2;3;1;4,1,60,FrameTimeStutter,5.000,laser,practice,2026-09-21T19:06:24.6042923-04:00,3,459,8.01313,16.7979,2138.77,1209.31,0.000,0.000,-6.9642,12.7698,18.0430,Left,0,0,0,0,0.0000,200.000,0,0.000,0,127.500,71.914,4.000,0.0300,1.0000,200.00,laser,60,450;300;200;100;50,450,1.5,3,0.4,1.5,3,1,10,20,100,-10,5,250,40,5,250,60,1,7,10,0,0.06,4,0.222,50,8,5
6,2,1,2,2;3;1;4,1,60,FrameTimeStutter,5.000,laser,practice,2026-09-21T19:06:24.6042923-04:00,3,460,8.02919,16.0539,2138.77,1209.31,0.000,0.000,-6.9642,12.7698,18.0430,Left,0,0,0,0,0.0000,200.000,0,0.000,0,127.500,71.914,4.000,0.0300,1.0000,200.00,laser,60,450;300;200;100;50,450,1.5,3,0.4,1.5,3,1,10,20,100,-10,5,250,40,5,250,60,1,7,10,0,0.06,4,0.222,50,8,5
6,2,1,2,2;3;1;4,1,60,FrameTimeStutter,5.000,laser,practice,2026-09-21T19:06:24.6042923-04:00,3,461,8.04586,16.6762,2138.77,1209.31,0.000,0.000,-6.9642,12.7698,18.0430,Left,0,0,0,0,0.0000,200.000,0,0.000,0,127.500,71.914,4.000,0.0300,1.0000,200.00,laser,60,450;300;200;100;50,450,1.5,3,0.4,1.5,3,1,10,20,100,-10,5,250,40,5,250,60,1,7,10,0,0.06,4,0.222,50,8,5
6,2,1,2,2;3;1;4,1,60,FrameTimeStutter,5.000,laser,practice,2026-09-21T19:06:24.6042923-04:00,3,462,8.06358,17.7139,2131.56,1207.51,-4.000,-1.000,-6.9642,12.7698,18.0430,Left,0,0,0,0,0.0000,200.000,0,0.000,0,127.500,71.914,4.000,0.0300,1.0000,200.00,laser,60,450;300;200;100;50,450,1.5,3,0.4,1.5,3,1,10,20,100,-10,5,250,40,5,250,60,1,7,10,0,0.06,4,0.222,50,8,5
6,2,1,2,2;3;1;4,1,60,FrameTimeStutter,5.000,laser,practice,2026-09-21T19:06:24.6042923-04:00,3,463,8.07907,15.4906,2093.72,1207.51,-21.000,0.000,-6.9642,12.7698,18.0430,Left,0,0,0,0,0.0000,200.000,0,0.000,0,127.500,71.914,4.000,0.0300,1.0000,200.00,laser,60,450;300;200;100;50,450,1.5,3,0.4,1.5,3,1,10,20,100,-10,5,250,40,5,250,60,1,7,10,0,0.06,4,0.222,50,8,5
6,2,1,2,2;3;1;4,1,60,FrameTimeStutter,5.000,laser,practice,2026-09-21T19:06:24.6042923-04:00,3,464,8.09608,17.0139,2016.22,1211.11,-43.000,2.000,-7.7505,12.8063,18.0430,Left,0,0,0,0,0.0000,200.000,0,0.000,0,127.500,71.914,4.000,0.0300,1.0000,200.00,laser,60,450;300;200;100;50,450,1.5,3,0.4,1.5,3,1,10,20,100,-10,5,250,40,5,250,60,1,7,10,0,0.06,4,0.222,50,8,5
6,2,1,2,2;3;1;4,1,60,FrameTimeStutter,5.000,laser,practice,2026-09-21T19:06:24.6042923-04:00,3,465,8.11265,16.5621,1908.09,1220.13,-60.000,5.000,-8.8476,12.8977,18.0430,Left,0,0,0,0,0.0000,200.000,0,0.000,0,127.500,71.914,4.000,0.0300,1.0000,200.00,laser,60,450;300;200;100;50,450,1.5,3,0.4,1.5,3,1,10,20,100,-10,5,250,40,5,250,60,1,7,10,0,0.06,4,0.222,50,8,5
6,2,1,2,2;3;1;4,1,60,FrameTimeStutter,5.000,laser,practice,2026-09-21T19:06:24.6042923-04:00,3,466,8.12910,16.4563,1801.75,1230.94,-59.000,6.000,-9.9264,13.0075,18.0430,Left,0,0,0,0,0.0000,200.000,0,0.000,0,127.500,71.914,4.000,0.0300,1.0000,200.00,laser,60,450;300;200;100;50,450,1.5,3,0.4,1.5,3,1,10,20,100,-10,5,250,40,5,250,60,1,7,10,0,0.06,4,0.222,50,8,5
6,2,1,2,2;3;1;4,1,60,FrameTimeStutter,5.000,laser,practice,2026-09-21T19:06:24.6042923-04:00,3,467,8.14589,16.7866,1709.84,1239.95,-51.000,5.000,-10.8589,13.0989,18.0430,Left,0,0,0,0,0.0000,200.000,0,0.000,0,127.500,71.914,4.000,0.0300,1.0000,200.00,laser,60,450;300;200;100;50,450,1.5,3,0.4,1.5,3,1,10,20,100,-10,5,250,40,5,250,60,1,7,10,0,0.06,4,0.222,50,8,5
6,2,1,2,2;3;1;4,1,60,FrameTimeStutter,5.000,laser,practice,2026-09-21T19:06:24.6042923-04:00,3,468,8.16303,17.1460,1644.96,1248.96,-36.000,5.000,-11.5172,13.1903,18.0430,Left,0,0,0,0,0.0000,200.000,0,0.000,0,127.500,71.914,4.000,0.0300,1.0000,200.00,laser,60,450;300;200;100;50,450,1.5,3,0.4,1.5,3,1,10,20,100,-10,5,250,40,5,250,60,1,7,10,0,0.06,4,0.222,50,8,5
6,2,1,2,2;3;1;4,1,60,FrameTimeStutter,5.000,laser,practice,2026-09-21T19:06:24.6042923-04:00,3,469,8.17971,16.6730,1614.32,1252.57,-17.000,2.000,-11.8281,13.2269,18.0430,Left,0,0,0,0,0.0000,200.000,0,0.000,0,127.500,71.914,4.000,0.0300,1.0000,200.00,laser,60,450;300;200;100;50,450,1.5,3,0.4,1.5,3,1,10,20,100,-10,5,250,40,5,250,60,1,7,10,0,0.06,4,0.222,50,8,5
6,2,1,2,2;3;1;4,1,60,FrameTimeStutter,5.000,laser,practice,2026-09-21T19:06:24.6042923-04:00,3,470,8.19617,16.4652,1607.11,1254.37,-4.000,1.000,-11.9012,13.2452,18.0430,Left,0,0,0,0,0.0000,200.000,0,0.000,0,127.500,71.914,4.000,0.0300,1.0000,200.00,laser,60,450;300;200;100;50,450,1.5,3,0.4,1.5,3,1,10,20,100,-10,5,250,40,5,250,60,1,7,10,0,0.06,4,0.222,50,8,5
6,2,1,2,2;3;1;4,1,60,FrameTimeStutter,5.000,laser,practice,2026-09-21T19:06:24.6042923-04:00,3,471,8.21293,16.7605,1607.11,1254.37,0.000,0.000,-11.9012,13.2452,18.0430,Left,0,0,0,0,0.0000,200.000,0,0.000,0,127.500,71.914,4.000,0.0300,1.0000,200.00,laser,60,450;300;200;100;50,450,1.5,3,0.4,1.5,3,1,10,20,100,-10,5,250,40,5,250,60,1,7,10,0,0.06,4,0.222,50,8,5
6,2,1,2,2;3;1;4,1,60,FrameTimeStutter,5.000,laser,practice,2026-09-21T19:06:24.6042923-04:00,3,472,8.22975,16.8138,1607.11,1254.37,0.000,0.000,-11.9012,13.2452,18.0430,Left,0,0,0,0,0.0000,200.000,0,0.000,0,127.500,71.914,4.000,0.0300,1.0000,200.00,laser,60,450;300;200;100;50,450,1.5,3,0.4,1.5,3,1,10,20,100,-10,5,250,40,5,250,60,1,7,10,0,0.06,4,0.222,50,8,5
6,2,1,2,2;3;1;4,1,60,FrameTimeStutter,5.000,laser,practice,2026-09-21T19:06:24.6042923-04:00,3,473,8.24631,16.5621,1607.11,1254.37,0.000,0.000,-11.9012,13.2452,18.0430,Left,0,0,0,0,0.0000,200.000,0,0.000,0,127.500,71.914,4.000,0.0300,1.0000,200.00,laser,60,450;300;200;100;50,450,1.5,3,0.4,1.5,3,1,10,20,100,-10,5,250,40,5,250,60,1,7,10,0,0.06,4,0.222,50,8,5
6,2,1,2,2;3;1;4,1,60,FrameTimeStutter,5.000,laser,practice,2026-09-21T19:06:24.6042923-04:00,3,474,8.26298,16.6746,1607.11,1254.37,0.000,0.000,-11.9012,13.2452,18.0430,Left,0,0,0,0,0.0000,200.000,0,0.000,0,127.500,71.914,4.000,0.0300,1.0000,200.00,laser,60,450;300;200;100;50,450,1.5,3,0.4,1.5,3,1,10,20,100,-10,5,250,40,5,250,60,1,7,10,0,0.06,4,0.222,50,8,5
6,2,1,2,2;3;1;4,1,60,FrameTimeStutter,5.000,laser,practice,2026-09-21T19:06:24.6042923-04:00,3,475,8.27985,16.8683,1607.11,1254.37,0.000,0.000,-11.9012,13.2452,18.0430,Left,0,0,0,0,0.0000,200.000,0,0.000,0,127.500,71.914,4.000,0.0300,1.0000,200.00,laser,60,450;300;200;100;50,450,1.5,3,0.4,1.5,3,1,10,20,100,-10,5,250,40,5,250,60,1,7,10,0,0.06,4,0.222,50,8,5
6,2,1,2,2;3;1;4,1,60,FrameTimeStutter,5.000,laser,practice,2026-09-21T19:06:24.6042923-04:00,3,476,8.29608,16.2323,1607.11,1254.37,0.000,0.000,-11.9012,13.2452,18.0430,Left,0,0,0,0,0.0000,200.000,0,0.000,0,127.500,71.914,4.000,0.0300,1.0000,200.00,laser,60,450;300;200;100;50,450,1.5,3,0.4,1.5,3,1,10,20,100,-10,5,250,40,5,250,60,1,7,10,0,0.06,4,0.222,50,8,5
6,2,1,2,2;3;1;4,1,60,FrameTimeStutter,5.000,laser,practice,2026-09-21T19:06:24.6042923-04:00,3,477,8.31379,17.7096,1607.11,1254.37,0.000,0.000,-11.9012,13.2452,18.0430,Left,0,0,0,0,0.0000,200.000,0,0.000,0,127.500,71.914,4.000,0.0300,1.0000,200.00,laser,60,450;300;200;100;50,450,1.5,3,0.4,1.5,3,1,10,20,100,-10,5,250,40,5,250,60,1,7,10,0,0.06,4,0.222,50,8,5
6,2,1,2,2;3;1;4,1,60,FrameTimeStutter,5.000,laser,practice,2026-09-21T19:06:24.6042923-04:00,3,478,8.32976,15.9674,1607.11,1254.37,0.000,0.000,-11.9012,13.2452,18.0430,Left,0,0,0,0,0.0000,200.000,0,0.000,0,127.500,71.914,4.000,0.0300,1.0000,200.00,laser,60,450;300;200;100;50,450,1.5,3,0.4,1.5,3,1,10,20,100,-10,5,250,40,5,250,60,1,7,10,0,0.06,4,0.222,50,8,5
6,2,1,2,2;3;1;4,1,60,FrameTimeStutter,5.000,laser,practice,2026-09-21T19:06:24.6042923-04:00,3,479,8.34648,16.7160,1607.11,1254.37,0.000,0.000,-11.9012,13.2452,18.0430,Left,0,0,0,0,0.0000,200.000,0,0.000,0,127.500,71.914,4.000,0.0300,1.0000,200.00,laser,60,450;300;200;100;50,450,1.5,3,0.4,1.5,3,1,10,20,100,-10,5,250,40,5,250,60,1,7,10,0,0.06,4,0.222,50,8,5
6,2,1,2,2;3;1;4,1,60,FrameTimeStutter,5.000,laser,practice,2026-09-21T19:06:24.6042923-04:00,3,480,8.36300,16.5258,1607.11,1254.37,0.000,0.000,-11.9012,13.2452,18.0430,Left,0,0,0,0,0.0000,200.000,0,0.000,0,127.500,71.914,4.000,0.0300,1.0000,200.00,laser,60,450;300;200;100;50,450,1.5,3,0.4,1.5,3,1,10,20,100,-10,5,250,40,5,250,60,1,7,10,0,0.06,4,0.222,50,8,5
6,2,1,2,2;3;1;4,1,60,FrameTimeStutter,5.000,laser,practice,2026-09-21T19:06:24.6042923-04:00,3,481,8.37937,16.3624,1607.11,1254.37,0.000,0.000,-11.9012,13.2452,18.0430,Left,0,0,0,0,0.0000,200.000,0,0.000,0,127.500,71.914,4.000,0.0300,1.0000,200.00,laser,60,450;300;200;100;50,450,1.5,3,0.4,1.5,3,1,10,20,100,-10,5,250,40,5,250,60,1,7,10,0,0.06,4,0.222,50,8,5
6,2,1,2,2;3;1;4,1,60,FrameTimeStutter,5.000,laser,practice,2026-09-21T19:06:24.6042923-04:00,3,482,8.39623,16.8700,1607.11,1254.37,0.000,0.000,-11.9012,13.2452,18.0430,Left,0,0,0,0,0.0000,200.000,0,0.000,0,127.500,71.914,4.000,0.0300,1.0000,200.00,laser,60,450;300;200;100;50,450,1.5,3,0.4,1.5,3,1,10,20,100,-10,5,250,40,5,250,60,1,7,10,0,0.06,4,0.222,50,8,5
6,2,1,2,2;3;1;4,1,60,FrameTimeStutter,5.000,laser,practice,2026-09-21T19:06:24.6042923-04:00,3,483,8.41249,16.2550,1607.11,1254.37,0.000,0.000,-11.9012,13.2452,18.0430,Left,0,0,0,0,0.0000,200.000,0,0.000,0,127.500,71.914,4.000,0.0300,1.0000,200.00,laser,60,450;300;200;100;50,450,1.5,3,0.4,1.5,3,1,10,20,100,-10,5,250,40,5,250,60,1,7,10,0,0.06,4,0.222,50,8,5
6,2,1,2,2;3;1;4,1,60,FrameTimeStutter,5.000,laser,practice,2026-09-21T19:06:24.6042923-04:00,3,484,8.42947,16.9774,1607.11,1254.37,0.000,0.000,-11.9012,13.2452,18.0430,Left,0,0,0,0,0.0000,200.000,0,0.000,0,127.500,71.914,4.000,0.0300,1.0000,200.00,laser,60,450;300;200;100;50,450,1.5,3,0.4,1.5,3,1,10,20,100,-10,5,250,40,5,250,60,1,7,10,0,0.06,4,0.222,50,8,5
6,2,1,2,2;3;1;4,1,60,FrameTimeStutter,5.000,laser,practice,2026-09-21T19:06:24.6042923-04:00,3,485,8.44599,16.5277,1607.11,1254.37,0.000,0.000,-11.9012,13.2452,18.0430,Left,1,1,0,1,-11.9012,100.000,0,0.000,0,127.500,71.914,4.000,0.0300,0.6667,190.00,laser,60,450;300;200;100;50,450,1.5,3,0.4,1.5,3,1,10,20,100,-10,5,250,40,5,250,60,1,7,10,0,0.06,4,0.222,50,8,5
6,2,1,2,2;3;1;4,1,60,FrameTimeStutter,5.000,laser,practice,2026-09-21T19:06:24.6042923-04:00,4,486,8.46306,17.0644,1607.11,1254.37,0.000,0.000,-11.9012,13.2452,18.0430,Left,1,0,0,0,0.0000,100.000,0,0.000,0,127.500,71.914,4.000,0.0300,0.6667,190.00,laser,60,450;300;200;100;50,450,1.5,3,0.4,1.5,3,1,10,20,100,-10,5,250,40,5,250,60,1,7,10,0,0.06,4,0.222,50,8,5
6,2,1,2,2;3;1;4,1,60,FrameTimeStutter,5.000,laser,practice,2026-09-21T19:06:24.6042923-04:00,4,487,8.48027,17.2136,1607.11,1256.17,0.000,1.000,-11.9012,13.2634,18.0430,Left,1,0,0,0,0.0000,100.000,0,0.000,0,127.500,71.914,4.000,0.0300,0.6667,190.00,laser,60,450;300;200;100;50,450,1.5,3,0.4,1.5,3,1,10,20,100,-10,5,250,40,5,250,60,1,7,10,0,0.06,4,0.222,50,8,5
6,2,1,2,2;3;1;4,1,60,FrameTimeStutter,5.000,laser,practice,2026-09-21T19:06:24.6042923-04:00,4,488,8.49625,15.9729,1607.11,1256.17,0.000,0.000,-11.9012,13.2634,18.0430,Left,1,0,0,0,0.0000,100.000,0,0.000,0,127.500,71.914,4.000,0.0300,0.6667,190.00,laser,60,450;300;200;100;50,450,1.5,3,0.4,1.5,3,1,10,20,100,-10,5,250,40,5,250,60,1,7,10,0,0.06,4,0.222,50,8,5
6,2,1,2,2;3;1;4,1,60,FrameTimeStutter,5.000,laser,practice,2026-09-21T19:06:24.6042923-04:00,4,489,8.51309,16.8422,1607.11,1256.17,0.000,0.000,-11.9012,13.2634,18.0430,Left,1,0,0,0,0.0000,100.000,0,0.000,0,127.500,71.914,4.000,0.0300,0.6667,190.00,laser,60,450;300;200;100;50,450,1.5,3,0.4,1.5,3,1,10,20,100,-10,5,250,40,5,250,60,1,7,10,0,0.06,4,0.222,50,8,5
6,2,1,2,2;3;1;4,1,60,FrameTimeStutter,5.000,laser,practice,2026-09-21T19:06:24.6042923-04:00,4,490,8.52966,16.5763,1607.11,1256.17,0.000,0.000,-11.9012,13.2634,18.0430,Left,1,0,0,0,0.0000,100.000,0,0.000,0,127.500,71.914,4.000,0.0300,0.6667,190.00,laser,60,450;300;200;100;50,450,1.5,3,0.4,1.5,3,1,10,20,100,-10,5,250,40,5,250,60,1,7,10,0,0.06,4,0.222,50,8,5
6,2,1,2,2;3;1;4,1,60,FrameTimeStutter,5.000,laser,practice,2026-09-21T19:06:24.6042923-04:00,4,491,8.54635,16.6819,1607.11,1256.17,0.000,0.000,-11.9012,13.2634,18.0430,Left,1,0,0,0,0.0000,100.000,0,0.000,0,127.500,71.914,4.000,0.0300,0.6667,190.00,laser,60,450;300;200;100;50,450,1.5,3,0.4,1.5,3,1,10,20,100,-10,5,250,40,5,250,60,1,7,10,0,0.06,4,0.222,50,8,5
6,2,1,2,2;3;1;4,1,60,FrameTimeStutter,5.000,laser,practice,2026-09-21T19:06:24.6042923-04:00,4,492,8.56266,16.3151,1607.11,1256.17,0.000,0.000,-11.9012,13.2634,18.0430,Left,1,0,0,0,0.0000,100.000,0,0.000,0,127.500,71.914,4.000,0.0300,0.6667,190.00,laser,60,450;300;200;100;50,450,1.5,3,0.4,1.5,3,1,10,20,100,-10,5,250,40,5,250,60,1,7,10,0,0.06,4,0.222,50,8,5
6,2,1,2,2;3;1;4,1,60,FrameTimeStutter,5.000,laser,practice,2026-09-21T19:06:24.6042923-04:00,4,493,8.57939,16.7307,1607.11,1256.17,0.000,0.000,-11.9012,13.2634,18.0430,Left,1,0,0,0,0.0000,100.000,0,0.000,0,127.500,71.914,4.000,0.0300,0.6667,190.00,laser,60,450;300;200;100;50,450,1.5,3,0.4,1.5,3,1,10,20,100,-10,5,250,40,5,250,60,1,7,10,0,0.06,4,0.222,50,8,5
6,2,1,2,2;3;1;4,1,60,FrameTimeStutter,5.000,laser,practice,2026-09-21T19:06:24.6042923-04:00,4,494,8.59632,16.9320,1607.11,1256.17,0.000,0.000,-11.9012,13.2634,18.0430,Left,0,0,0,0,0.0000,100.000,0,0.000,0,127.500,71.914,4.000,0.0300,0.6667,190.00,laser,60,450;300;200;100;50,450,1.5,3,0.4,1.5,3,1,10,20,100,-10,5,250,40,5,250,60,1,7,10,0,0.06,4,0.222,50,8,5
6,2,1,2,2;3;1;4,1,60,FrameTimeStutter,5.000,laser,practice,2026-09-21T19:06:24.6042923-04:00,4,495,8.61318,16.8603,1607.11,1256.17,0.000,0.000,-11.9012,13.2634,18.0430,Left,0,0,0,0,0.0000,100.000,0,0.000,0,127.500,71.914,4.000,0.0300,0.6667,190.00,laser,60,450;300;200;100;50,450,1.5,3,0.4,1.5,3,1,10,20,100,-10,5,250,40,5,250,60,1,7,10,0,0.06,4,0.222,50,8,5
6,2,1,2,2;3;1;4,1,60,FrameTimeStutter,5.000,laser,practice,2026-09-21T19:06:24.6042923-04:00,4,496,8.62958,16.3937,1607.11,1256.17,0.000,0.000,-11.9012,13.2634,18.0430,Left,0,0,0,0,0.0000,100.000,0,0.000,0,127.500,71.914,4.000,0.0300,0.6667,190.00,laser,60,450;300;200;100;50,450,1.5,3,0.4,1.5,3,1,10,20,100,-10,5,250,40,5,250,60,1,7,10,0,0.06,4,0.222,50,8,5
6,2,1,2,2;3;1;4,1,60,FrameTimeStutter,5.000,laser,practice,2026-09-21T19:06:24.6042923-04:00,4,497,8.64646,16.8777,1607.11,1256.17,0.000,0.000,-11.9012,13.2634,18.0430,Left,0,0,0,0,0.0000,100.000,0,0.000,0,127.500,71.914,4.000,0.0300,0.6667,190.00,laser,60,450;300;200;100;50,450,1.5,3,0.4,1.5,3,1,10,20,100,-10,5,250,40,5,250,60,1,7,10,0,0.06,4,0.222,50,8,5
6,2,1,2,2;3;1;4,1,60,FrameTimeStutter,5.000,laser,practice,2026-09-21T19:06:24.6042923-04:00,4,498,8.66241,15.9528,1607.11,1256.17,0.000,0.000,-11.9012,13.2634,18.0430,Left,0,0,0,0,0.0000,100.000,0,0.000,0,127.500,71.914,4.000,0.0300,0.6667,190.00,laser,60,450;300;200;100;50,450,1.5,3,0.4,1.5,3,1,10,20,100,-10,5,250,40,5,250,60,1,7,10,0,0.06,4,0.222,50,8,5
6,2,1,2,2;3;1;4,1,60,FrameTimeStutter,5.000,laser,practice,2026-09-21T19:06:24.6042923-04:00,4,499,8.67980,17.3934,1607.11,1256.17,0.000,0.000,-11.9012,13.2634,18.0430,Left,0,0,0,0,0.0000,100.000,0,0.000,0,127.500,71.914,4.000,0.0300,0.6667,190.00,laser,60,450;300;200;100;50,450,1.5,3,0.4,1.5,3,1,10,20,100,-10,5,250,40,5,250,60,1,7,10,0,0.06,4,0.222,50,8,5
6,2,1,2,2;3;1;4,1,60,FrameTimeStutter,5.000,laser,practice,2026-09-21T19:06:24.6042923-04:00,4,500,8.69614,16.3405,1607.11,1256.17,0.000,0.000,-11.9012,13.2634,18.0430,Left,0,0,0,0,0.0000,100.000,0,0.000,0,127.500,71.914,4.000,0.0300,0.6667,190.00,laser,60,450;300;200;100;50,450,1.5,3,0.4,1.5,3,1,10,20,100,-10,5,250,40,5,250,60,1,7,10,0,0.06,4,0.222,50,8,5
6,2,1,2,2;3;1;4,1,60,FrameTimeStutter,5.000,laser,practice,2026-09-21T19:06:24.6042923-04:00,4,501,8.71300,16.8605,1607.11,1256.17,0.000,0.000,-11.9012,13.2634,18.0430,Left,0,0,0,0,0.0000,100.000,0,0.000,0,127.500,71.914,4.000,0.0300,0.6667,190.00,laser,60,450;300;200;100;50,450,1.5,3,0.4,1.5,3,1,10,20,100,-10,5,250,40,5,250,60,1,7,10,0,0.06,4,0.222,50,8,5
6,2,1,2,2;3;1;4,1,60,FrameTimeStutter,5.000,laser,practice,2026-09-21T19:06:24.6042923-04:00,4,502,8.72974,16.7369,1607.11,1256.17,0.000,0.000,-11.9012,13.2634,18.0430,Left,0,0,0,0,0.0000,100.000,0,0.000,0,127.500,71.914,4.000,0.0300,0.6667,190.00,laser,60,450;300;200;100;50,450,1.5,3,0.4,1.5,3,1,10,20,100,-10,5,250,40,5,250,60,1,7,10,0,0.06,4,0.222,50,8,5
6,2,1,2,2;3;1;4,1,60,FrameTimeStutter,5.000,laser,practice,2026-09-21T19:06:24.6042923-04:00,4,503,8.74596,16.2181,1607.11,1256.17,0.000,0.000,-11.9012,13.2634,18.0430,Left,0,0,0,0,0.0000,100.000,0,0.000,0,127.500,71.914,4.000,0.0300,0.6667,190.00,laser,60,450;300;200;100;50,450,1.5,3,0.4,1.5,3,1,10,20,100,-10,5,250,40,5,250,60,1,7,10,0,0.06,4,0.222,50,8,5
6,2,1,2,2;3;1;4,1,60,FrameTimeStutter,5.000,laser,practice,2026-09-21T19:06:24.6042923-04:00,4,504,8.76269,16.7340,1607.11,1256.17,0.000,0.000,-11.9012,13.2634,18.0430,Left,0,0,0,0,0.0000,100.000,0,0.000,0,127.500,71.914,4.000,0.0300,0.6667,190.00,laser,60,450;300;200;100;50,450,1.5,3,0.4,1.5,3,1,10,20,100,-10,5,250,40,5,250,60,1,7,10,0,0.06,4,0.222,50,8,5
6,2,1,2,2;3;1;4,1,60,FrameTimeStutter,5.000,laser,practice,2026-09-21T19:06:24.6042923-04:00,4,505,8.77915,16.4610,1607.11,1256.17,0.000,0.000,-11.9012,13.2634,18.0430,Left,0,0,0,0,0.0000,100.000,0,0.000,0,127.500,71.914,4.000,0.0300,0.6667,190.00,laser,60,450;300;200;100;50,450,1.5,3,0.4,1.5,3,1,10,20,100,-10,5,250,40,5,250,60,1,7,10,0,0.06,4,0.222,50,8,5
6,2,1,2,2;3;1;4,1,60,FrameTimeStutter,5.000,laser,practice,2026-09-21T19:06:24.6042923-04:00,4,506,8.79595,16.7924,1607.11,1256.17,0.000,0.000,-11.9012,13.2634,18.0430,Left,0,0,0,0,0.0000,100.000,0,0.000,0,127.500,71.914,4.000,0.0300,0.6667,190.00,laser,60,450;300;200;100;50,450,1.5,3,0.4,1.5,3,1,10,20,100,-10,5,250,40,5,250,60,1,7,10,0,0.06,4,0.222,50,8,5
6,2,1,2,2;3;1;4,1,60,FrameTimeStutter,5.000,laser,practice,2026-09-21T19:06:24.6042923-04:00,4,507,8.81249,16.5457,1607.11,1256.17,0.000,0.000,-11.9012,13.2634,18.0430,Left,0,0,0,0,0.0000,100.000,0,0.000,0,127.500,71.914,4.000,0.0300,0.6667,190.00,laser,60,450;300;200;100;50,450,1.5,3,0.4,1.5,3,1,10,20,100,-10,5,250,40,5,250,60,1,7,10,0,0.06,4,0.222,50,8,5
6,2,1,2,2;3;1;4,1,60,FrameTimeStutter,5.000,laser,practice,2026-09-21T19:06:24.6042923-04:00,4,508,8.82918,16.6916,1607.11,1256.17,0.000,0.000,-11.9012,13.2634,18.0430,Left,0,0,0,0,0.0000,100.000,0,0.000,0,127.500,71.914,4.000,0.0300,0.6667,190.00,laser,60,450;300;200;100;50,450,1.5,3,0.4,1.5,3,1,10,20,100,-10,5,250,40,5,250,60,1,7,10,0,0.06,4,0.222,50,8,5
6,2,1,2,2;3;1;4,1,60,FrameTimeStutter,5.000,laser,practice,2026-09-21T19:06:24.6042923-04:00,4,509,8.84590,16.7148,1607.11,1256.17,0.000,0.000,-11.9012,13.2634,18.0430,Left,0,0,0,0,0.0000,100.000,0,0.000,0,127.500,71.914,4.000,0.0300,0.6667,190.00,laser,60,450;300;200;100;50,450,1.5,3,0.4,1.5,3,1,10,20,100,-10,5,250,40,5,250,60,1,7,10,0,0.06,4,0.222,50,8,5
6,2,1,2,2;3;1;4,1,60,FrameTimeStutter,5.000,laser,practice,2026-09-21T19:06:24.6042923-04:00,4,510,8.86319,17.2941,1607.11,1256.17,0.000,0.000,-11.9012,13.2634,18.0430,Left,0,0,0,0,0.0000,100.000,0,0.000,0,127.500,71.914,4.000,0.0300,0.6667,190.00,laser,60,450;300;200;100;50,450,1.5,3,0.4,1.5,3,1,10,20,100,-10,5,250,40,5,250,60,1,7,10,0,0.06,4,0.222,50,8,5
6,2,1,2,2;3;1;4,1,60,FrameTimeStutter,5.000,laser,practice,2026-09-21T19:06:24.6042923-04:00,4,511,8.87923,16.0367,1607.11,1256.17,0.000,0.000,-11.9012,13.2634,18.0430,Left,0,0,0,0,0.0000,100.000,0,0.000,0,127.500,71.914,4.000,0.0300,0.6667,190.00,laser,60,450;300;200;100;50,450,1.5,3,0.4,1.5,3,1,10,20,100,-10,5,250,40,5,250,60,1,7,10,0,0.06,4,0.222,50,8,5
6,2,1,2,2;3;1;4,1,60,FrameTimeStutter,5.000,laser,practice,2026-09-21T19:06:24.6042923-04:00,4,512,8.89618,16.9555,1607.11,1256.17,0.000,0.000,-11.9012,13.2634,18.0430,Left,0,0,0,0,0.0000,100.000,0,0.000,0,127.500,71.914,4.000,0.0300,0.6667,190.00,laser,60,450;300;200;100;50,450,1.5,3,0.4,1.5,3,1,10,20,100,-10,5,250,40,5,250,60,1,7,10,0,0.06,4,0.222,50,8,5
6,2,1,2,2;3;1;4,1,60,FrameTimeStutter,5.000,laser,practice,2026-09-21T19:06:24.6042923-04:00,4,513,8.91257,16.3893,1607.11,1256.17,0.000,0.000,-11.9012,13.2634,18.0430,Left,0,0,0,0,0.0000,100.000,0,0.000,0,127.500,71.914,4.000,0.0300,0.6667,190.00,laser,60,450;300;200;100;50,450,1.5,3,0.4,1.5,3,1,10,20,100,-10,5,250,40,5,250,60,1,7,10,0,0.06,4,0.222,50,8,5
6,2,1,2,2;3;1;4,1,60,FrameTimeStutter,5.000,laser,practice,2026-09-21T19:06:24.6042923-04:00,4,514,8.92928,16.7107,1607.11,1256.17,0.000,0.000,-11.9012,13.2634,18.0430,Left,0,0,0,0,0.0000,100.000,0,0.000,0,127.500,71.914,4.000,0.0300,0.6667,190.00,laser,60,450;300;200;100;50,450,1.5,3,0.4,1.5,3,1,10,20,100,-10,5,250,40,5,250,60,1,7,10,0,0.06,4,0.222,50,8,5
6,2,1,2,2;3;1;4,1,60,FrameTimeStutter,5.000,laser,practice,2026-09-21T19:06:24.6042923-04:00,4,515,8.94584,16.5530,1607.11,1256.17,0.000,0.000,-11.9012,13.2634,18.0430,Left,0,0,0,0,0.0000,100.000,0,0.000,0,127.500,71.914,4.000,0.0300,0.6667,190.00,laser,60,450;300;200;100;50,450,1.5,3,0.4,1.5,3,1,10,20,100,-10,5,250,40,5,250,60,1,7,10,0,0.06,4,0.222,50,8,5
6,2,1,2,2;3;1;4,1,60,FrameTimeStutter,5.000,laser,practice,2026-09-21T19:06:24.6042923-04:00,4,516,8.96264,16.8042,1607.11,1256.17,0.000,0.000,-11.9012,13.2634,18.0430,Left,0,0,0,0,0.0000,100.000,0,0.000,0,127.500,71.914,4.000,0.0300,0.6667,190.00,laser,60,450;300;200;100;50,450,1.5,3,0.4,1.5,3,1,10,20,100,-10,5,250,40,5,250,60,1,7,10,0,0.06,4,0.222,50,8,5
6,2,1,2,2;3;1;4,1,60,FrameTimeStutter,5.000,laser,practice,2026-09-21T19:06:24.6042923-04:00,4,517,8.97905,16.4147,1607.11,1256.17,0.000,0.000,-11.9012,13.2634,18.0430,Left,0,0,0,0,0.0000,100.000,0,0.000,0,127.500,71.914,4.000,0.0300,0.6667,190.00,laser,60,450;300;200;100;50,450,1.5,3,0.4,1.5,3,1,10,20,100,-10,5,250,40,5,250,60,1,7,10,0,0.06,4,0.222,50,8,5
6,2,1,2,2;3;1;4,1,60,FrameTimeStutter,5.000,laser,practice,2026-09-21T19:06:24.6042923-04:00,4,518,8.99573,16.6692,1607.11,1256.17,0.000,0.000,-11.9012,13.2634,18.0430,Left,0,0,0,0,0.0000,100.000,0,0.000,0,127.500,71.914,4.000,0.0300,0.6667,190.00,laser,60,450;300;200;100;50,450,1.5,3,0.4,1.5,3,1,10,20,100,-10,5,250,40,5,250,60,1,7,10,0,0.06,4,0.222,50,8,5
6,2,1,2,2;3;1;4,1,60,FrameTimeStutter,5.000,laser,practice,2026-09-21T19:06:24.6042923-04:00,4,519,9.01323,17.5017,1607.11,1256.17,0.000,0.000,-11.9012,13.2634,18.0430,Left,0,0,0,0,0.0000,100.000,0,0.000,0,127.500,71.914,4.000,0.0300,0.6667,190.00,laser,60,450;300;200;100;50,450,1.5,3,0.4,1.5,3,1,10,20,100,-10,5,250,40,5,250,60,1,7,10,0,0.06,4,0.222,50,8,5
6,2,1,2,2;3;1;4,1,60,FrameTimeStutter,5.000,laser,practice,2026-09-21T19:06:24.6042923-04:00,4,520,9.02948,16.2562,1607.11,1256.17,0.000,0.000,-11.9012,13.2634,18.0430,Left,0,0,0,0,0.0000,100.000,0,0.000,0,127.500,71.914,4.000,0.0300,0.6667,190.00,laser,60,450;300;200;100;50,450,1.5,3,0.4,1.5,3,1,10,20,100,-10,5,250,40,5,250,60,1,7,10,0,0.06,4,0.222,50,8,5
6,2,1,2,2;3;1;4,1,60,FrameTimeStutter,5.000,laser,practice,2026-09-21T19:06:24.6042923-04:00,4,521,9.04601,16.5269,1607.11,1256.17,0.000,0.000,-11.9012,13.2634,18.0430,Left,0,0,0,0,0.0000,100.000,0,0.000,0,127.500,71.914,4.000,0.0300,0.6667,190.00,laser,60,450;300;200;100;50,450,1.5,3,0.4,1.5,3,1,10,20,100,-10,5,250,40,5,250,60,1,7,10,0,0.06,4,0.222,50,8,5
6,2,1,2,2;3;1;4,1,60,FrameTimeStutter,5.000,laser,practice,2026-09-21T19:06:24.6042923-04:00,4,522,9.06251,16.5026,1607.11,1256.17,0.000,0.000,-11.9012,13.2634,18.0430,Left,0,0,0,0,0.0000,100.000,0,0.000,0,127.500,71.914,4.000,0.0300,0.6667,190.00,laser,60,450;300;200;100;50,450,1.5,3,0.4,1.5,3,1,10,20,100,-10,5,250,40,5,250,60,1,7,10,0,0.06,4,0.222,50,8,5
6,2,1,2,2;3;1;4,1,60,FrameTimeStutter,5.000,laser,practice,2026-09-21T19:06:24.6042923-04:00,4,523,9.07960,17.0821,1607.11,1256.17,0.000,0.000,-11.9012,13.2634,18.0430,Left,0,0,0,0,0.0000,100.000,0,0.000,0,127.500,71.914,4.000,0.0300,0.6667,190.00,laser,60,450;300;200;100;50,450,1.5,3,0.4,1.5,3,1,10,20,100,-10,5,250,40,5,250,60,1,7,10,0,0.06,4,0.222,50,8,5
6,2,1,2,2;3;1;4,1,60,FrameTimeStutter,5.000,laser,practice,2026-09-21T19:06:24.6042923-04:00,4,524,9.09669,17.0997,1607.11,1256.17,0.000,0.000,-11.9012,13.2634,18.0430,Left,0,0,0,0,0.0000,100.000,0,0.000,0,127.500,71.914,4.000,0.0300,0.6667,190.00,laser,60,450;300;200;100;50,450,1.5,3,0.4,1.5,3,1,10,20,100,-10,5,250,40,5,250,60,1,7,10,0,0.06,4,0.222,50,8,5
6,2,1,2,2;3;1;4,1,60,FrameTimeStutter,5.000,laser,practice,2026-09-21T19:06:24.6042923-04:00,4,525,9.11280,16.1018,1607.11,1256.17,0.000,0.000,-11.9012,13.2634,18.0430,Left,0,0,0,0,0.0000,100.000,0,0.000,0,127.500,71.914,4.000,0.0300,0.6667,190.00,laser,60,450;300;200;100;50,450,1.5,3,0.4,1.5,3,1,10,20,100,-10,5,250,40,5,250,60,1,7,10,0,0.06,4,0.222,50,8,5
6,2,1,2,2;3;1;4,1,60,FrameTimeStutter,5.000,laser,practice,2026-09-21T19:06:24.6042923-04:00,4,526,9.12947,16.6747,1607.11,1256.17,0.000,0.000,-11.9012,13.2634,18.0430,Left,0,0,0,0,0.0000,100.000,0,0.000,0,127.500,71.914,4.000,0.0300,0.6667,190.00,laser,60,450;300;200;100;50,450,1.5,3,0.4,1.5,3,1,10,20,100,-10,5,250,40,5,250,60,1,7,10,0,0.06,4,0.222,50,8,5
6,2,1,2,2;3;1;4,1,60,FrameTimeStutter,5.000,laser,practice,2026-09-21T19:06:24.6042923-04:00,4,527,9.14642,16.9491,1607.11,1256.17,0.000,0.000,-11.9012,13.2634,18.0430,Left,0,0,0,0,0.0000,100.000,0,0.000,0,127.500,71.914,4.000,0.0300,0.6667,190.00,laser,60,450;300;200;100;50,450,1.5,3,0.4,1.5,3,1,10,20,100,-10,5,250,40,5,250,60,1,7,10,0,0.06,4,0.222,50,8,5
6,2,1,2,2;3;1;4,1,60,FrameTimeStutter,5.000,laser,practice,2026-09-21T19:06:24.6042923-04:00,4,528,9.16263,16.2145,1607.11,1256.17,0.000,0.000,-11.9012,13.2634,18.0430,Left,0,0,0,0,0.0000,100.000,0,0.000,0,127.500,71.914,4.000,0.0300,0.6667,190.00,laser,60,450;300;200;100;50,450,1.5,3,0.4,1.5,3,1,10,20,100,-10,5,250,40,5,250,60,1,7,10,0,0.06,4,0.222,50,8,5
6,2,1,2,2;3;1;4,1,60,FrameTimeStutter,5.000,laser,practice,2026-09-21T19:06:24.6042923-04:00,4,529,9.17971,17.0742,1607.11,1256.17,0.000,0.000,-11.9012,13.2634,18.0430,Left,0,0,0,0,0.0000,100.000,0,0.000,0,127.500,71.914,4.000,0.0300,0.6667,190.00,laser,60,450;300;200;100;50,450,1.5,3,0.4,1.5,3,1,10,20,100,-10,5,250,40,5,250,60,1,7,10,0,0.06,4,0.222,50,8,5
6,2,1,2,2;3;1;4,1,60,FrameTimeStutter,5.000,laser,practice,2026-09-21T19:06:24.6042923-04:00,4,530,9.19613,16.4173,1607.11,1256.17,0.000,0.000,-11.9012,13.2634,18.0430,Left,0,0,0,0,0.0000,100.000,0,0.000,0,127.500,71.914,4.000,0.0300,0.6667,190.00,laser,60,450;300;200;100;50,450,1.5,3,0.4,1.5,3,1,10,20,100,-10,5,250,40,5,250,60,1,7,10,0,0.06,4,0.222,50,8,5
6,2,1,2,2;3;1;4,1,60,FrameTimeStutter,5.000,laser,practice,2026-09-21T19:06:24.6042923-04:00,4,531,9.21276,16.6308,1607.11,1256.17,0.000,0.000,-11.9012,13.2634,18.0430,Left,0,0,0,0,0.0000,100.000,0,0.000,0,127.500,71.914,4.000,0.0300,0.6667,190.00,laser,60,450;300;200;100;50,450,1.5,3,0.4,1.5,3,1,10,20,100,-10,5,250,40,5,250,60,1,7,10,0,0.06,4,0.222,50,8,5
6,2,1,2,2;3;1;4,1,60,FrameTimeStutter,5.000,laser,practice,2026-09-21T19:06:24.6042923-04:00,4,532,9.22934,16.5869,1607.11,1256.17,0.000,0.000,-11.9012,13.2634,18.0430,Left,0,0,0,0,0.0000,100.000,0,0.000,0,127.500,71.914,4.000,0.0300,0.6667,190.00,laser,60,450;300;200;100;50,450,1.5,3,0.4,1.5,3,1,10,20,100,-10,5,250,40,5,250,60,1,7,10,0,0.06,4,0.222,50,8,5
6,2,1,2,2;3;1;4,1,60,FrameTimeStutter,5.000,laser,practice,2026-09-21T19:06:24.6042923-04:00,4,533,9.24575,16.4026,1607.11,1256.17,0.000,0.000,-11.9012,13.2634,18.0430,Left,0,0,0,0,0.0000,100.000,0,0.000,0,127.500,71.914,4.000,0.0300,0.6667,190.00,laser,60,450;300;200;100;50,450,1.5,3,0.4,1.5,3,1,10,20,100,-10,5,250,40,5,250,60,1,7,10,0,0.06,4,0.222,50,8,5
6,2,1,2,2;3;1;4,1,60,FrameTimeStutter,5.000,laser,practice,2026-09-21T19:06:24.6042923-04:00,4,534,9.26342,17.6737,1607.11,1256.17,0.000,0.000,-11.9012,13.2634,18.0430,Left,0,0,0,0,0.0000,100.000,0,0.000,0,127.500,71.914,4.000,0.0300,0.6667,190.00,laser,60,450;300;200;100;50,450,1.5,3,0.4,1.5,3,1,10,20,100,-10,5,250,40,5,250,60,1,7,10,0,0.06,4,0.222,50,8,5
6,2,1,2,2;3;1;4,1,60,FrameTimeStutter,5.000,laser,practice,2026-09-21T19:06:24.6042923-04:00,4,535,9.27943,16.0082,1607.11,1256.17,0.000,0.000,-11.9012,13.2634,18.0430,Left,0,0,0,0,0.0000,100.000,0,0.000,0,127.500,71.914,4.000,0.0300,0.6667,190.00,laser,60,450;300;200;100;50,450,1.5,3,0.4,1.5,3,1,10,20,100,-10,5,250,40,5,250,60,1,7,10,0,0.06,4,0.222,50,8,5
6,2,1,2,2;3;1;4,1,60,FrameTimeStutter,5.000,laser,practice,2026-09-21T19:06:24.6042923-04:00,4,536,9.29577,16.3449,1607.11,1256.17,0.000,0.000,-11.9012,13.2634,18.0430,Left,0,0,0,0,0.0000,100.000,0,0.000,0,127.500,71.914,4.000,0.0300,0.6667,190.00,laser,60,450;300;200;100;50,450,1.5,3,0.4,1.5,3,1,10,20,100,-10,5,250,40,5,250,60,1,7,10,0,0.06,4,0.222,50,8,5
6,2,1,2,2;3;1;4,1,60,FrameTimeStutter,5.000,laser,practice,2026-09-21T19:06:24.6042923-04:00,4,537,9.31316,17.3861,1607.11,1256.17,0.000,0.000,-11.9012,13.2634,18.0430,Left,0,0,0,0,0.0000,100.000,0,0.000,0,127.500,71.914,4.000,0.0300,0.6667,190.00,laser,60,450;300;200;100;50,450,1.5,3,0.4,1.5,3,1,10,20,100,-10,5,250,40,5,250,60,1,7,10,0,0.06,4,0.222,50,8,5
6,2,1,2,2;3;1;4,1,60,FrameTimeStutter,5.000,laser,practice,2026-09-21T19:06:24.6042923-04:00,4,538,9.32939,16.2320,1607.11,1256.17,0.000,0.000,-11.9012,13.2634,18.0430,Left,0,0,0,0,0.0000,100.000,0,0.000,0,127.500,71.914,4.000,0.0300,0.6667,190.00,laser,60,450;300;200;100;50,450,1.5,3,0.4,1.5,3,1,10,20,100,-10,5,250,40,5,250,60,1,7,10,0,0.06,4,0.222,50,8,5
6,2,1,2,2;3;1;4,1,60,FrameTimeStutter,5.000,laser,practice,2026-09-21T19:06:24.6042923-04:00,4,539,9.34599,16.5994,1607.11,1256.17,0.000,0.000,-11.9012,13.2634,18.0430,Left,0,0,0,0,0.0000,100.000,0,0.000,0,127.500,71.914,4.000,0.0300,0.6667,190.00,laser,60,450;300;200;100;50,450,1.5,3,0.4,1.5,3,1,10,20,100,-10,5,250,40,5,250,60,1,7,10,0,0.06,4,0.222,50,8,5
6,2,1,2,2;3;1;4,1,60,FrameTimeStutter,5.000,laser,practice,2026-09-21T19:06:24.6042923-04:00,4,540,9.36244,16.4525,1607.11,1256.17,0.000,0.000,-11.9012,13.2634,18.0430,Left,0,0,0,0,0.0000,100.000,0,0.000,0,127.500,71.914,4.000,0.0300,0.6667,190.00,laser,60,450;300;200;100;50,450,1.5,3,0.4,1.5,3,1,10,20,100,-10,5,250,40,5,250,60,1,7,10,0,0.06,4,0.222,50,8,5
6,2,1,2,2;3;1;4,1,60,FrameTimeStutter,5.000,laser,practice,2026-09-21T19:06:24.6042923-04:00,4,541,9.37995,17.5029,1607.11,1256.17,0.000,0.000,-11.9012,13.2634,18.0430,Left,0,0,0,0,0.0000,100.000,0,0.000,0,127.500,71.914,4.000,0.0300,0.6667,190.00,laser,60,450;300;200;100;50,450,1.5,3,0.4,1.5,3,1,10,20,100,-10,5,250,40,5,250,60,1,7,10,0,0.06,4,0.222,50,8,5
6,2,1,2,2;3;1;4,1,60,FrameTimeStutter,5.000,laser,practice,2026-09-21T19:06:24.6042923-04:00,4,542,9.39664,16.6934,1607.11,1256.17,0.000,0.000,-11.9012,13.2634,18.0430,Left,0,0,0,0,0.0000,100.000,0,0.000,0,127.500,71.914,4.000,0.0300,0.6667,190.00,laser,60,450;300;200;100;50,450,1.5,3,0.4,1.5,3,1,10,20,100,-10,5,250,40,5,250,60,1,7,10,0,0.06,4,0.222,50,8,5
6,2,1,2,2;3;1;4,1,60,FrameTimeStutter,5.000,laser,practice,2026-09-21T19:06:24.6042923-04:00,4,543,9.41264,15.9998,1607.11,1256.17,0.000,0.000,-11.9012,13.2634,18.0430,Left,0,0,0,0,0.0000,100.000,0,0.000,0,127.500,71.914,4.000,0.0300,0.6667,190.00,laser,60,450;300;200;100;50,450,1.5,3,0.4,1.5,3,1,10,20,100,-10,5,250,40,5,250,60,1,7,10,0,0.06,4,0.222,50,8,5
6,2,1,2,2;3;1;4,1,60,FrameTimeStutter,5.000,laser,practice,2026-09-21T19:06:24.6042923-04:00,4,544,9.42952,16.8820,1607.11,1256.17,0.000,0.000,-11.9012,13.2634,18.0430,Left,0,0,0,0,0.0000,100.000,0,0.000,0,127.500,71.914,4.000,0.0300,0.6667,190.00,laser,60,450;300;200;100;50,450,1.5,3,0.4,1.5,3,1,10,20,100,-10,5,250,40,5,250,60,1,7,10,0,0.06,4,0.222,50,8,5
6,2,1,2,2;3;1;4,1,60,FrameTimeStutter,5.000,laser,practice,2026-09-21T19:06:24.6042923-04:00,4,545,9.44603,16.5126,1605.31,1256.17,-1.000,0.000,-11.9195,13.2634,18.0430,Left,0,0,0,0,0.0000,100.000,0,0.000,0,127.500,71.914,4.000,0.0300,0.6667,190.00,laser,60,450;300;200;100;50,450,1.5,3,0.4,1.5,3,1,10,20,100,-10,5,250,40,5,250,60,1,7,10,0,0.06,4,0.222,50,8,5
6,2,1,2,2;3;1;4,1,60,FrameTimeStutter,5.000,laser,practice,2026-09-21T19:06:24.6042923-04:00,4,546,9.46243,16.4005,1605.31,1256.17,0.000,0.000,-11.9195,13.2634,18.0430,Left,0,0,0,0,0.0000,100.000,0,0.000,0,127.500,71.914,4.000,0.0300,0.6667,190.00,laser,60,450;300;200;100;50,450,1.5,3,0.4,1.5,3,1,10,20,100,-10,5,250,40,5,250,60,1,7,10,0,0.06,4,0.222,50,8,5
6,2,1,2,2;3;1;4,1,60,FrameTimeStutter,5.000,laser,practice,2026-09-21T19:06:24.6042923-04:00,4,547,9.47977,17.3367,1605.31,1256.17,0.000,0.000,-11.9195,13.2634,18.0430,Left,0,0,0,0,0.0000,100.000,0,0.000,0,127.500,71.914,4.000,0.0300,0.6667,190.00,laser,60,450;300;200;100;50,450,1.5,3,0.4,1.5,3,1,10,20,100,-10,5,250,40,5,250,60,1,7,10,0,0.06,4,0.222,50,8,5
6,2,1,2,2;3;1;4,1,60,FrameTimeStutter,5.000,laser,practice,2026-09-21T19:06:24.6042923-04:00,4,548,9.49605,16.2811,1605.31,1256.17,0.000,0.000,-11.9195,13.2634,18.0430,Left,0,0,0,0,0.0000,100.000,0,0.000,0,127.500,71.914,4.000,0.0300,0.6667,190.00,laser,60,450;300;200;100;50,450,1.5,3,0.4,1.5,3,1,10,20,100,-10,5,250,40,5,250,60,1,7,10,0,0.06,4,0.222,50,8,5
6,2,1,2,2;3;1;4,1,60,FrameTimeStutter,5.000,laser,practice,2026-09-21T19:06:24.6042923-04:00,4,549,9.51298,16.9262,1605.31,1256.17,0.000,0.000,-11.9195,13.2634,18.0430,Left,0,0,0,0,0.0000,100.000,0,0.000,0,127.500,71.914,4.000,0.0300,0.6667,190.00,laser,60,450;300;200;100;50,450,1.5,3,0.4,1.5,3,1,10,20,100,-10,5,250,40,5,250,60,1,7,10,0,0.06,4,0.222,50,8,5
6,2,1,2,2;3;1;4,1,60,FrameTimeStutter,5.000,laser,practice,2026-09-21T19:06:24.6042923-04:00,4,550,9.52943,16.4524,1605.31,1256.17,0.000,0.000,-11.9195,13.2634,18.0430,Left,0,0,0,0,0.0000,100.000,0,0.000,0,127.500,71.914,4.000,0.0300,0.6667,190.00,laser,60,450;300;200;100;50,450,1.5,3,0.4,1.5,3,1,10,20,100,-10,5,250,40,5,250,60,1,7,10,0,0.06,4,0.222,50,8,5
6,2,1,2,2;3;1;4,1,60,FrameTimeStutter,5.000,laser,practice,2026-09-21T19:06:24.6042923-04:00,4,551,9.54581,16.3776,1605.31,1256.17,0.000,0.000,-11.9195,13.2634,18.0430,Left,0,0,0,0,0.0000,100.000,0,0.000,0,127.500,71.914,4.000,0.0300,0.6667,190.00,laser,60,450;300;200;100;50,450,1.5,3,0.4,1.5,3,1,10,20,100,-10,5,250,40,5,250,60,1,7,10,0,0.06,4,0.222,50,8,5
6,2,1,2,2;3;1;4,1,60,FrameTimeStutter,5.000,laser,practice,2026-09-21T19:06:24.6042923-04:00,4,552,9.56238,16.5726,1605.31,1256.17,0.000,0.000,-11.9195,13.2634,18.0430,Left,0,0,0,0,0.0000,100.000,0,0.000,0,127.500,71.914,4.000,0.0300,0.6667,190.00,laser,60,450;300;200;100;50,450,1.5,3,0.4,1.5,3,1,10,20,100,-10,5,250,40,5,250,60,1,7,10,0,0.06,4,0.222,50,8,5
6,2,1,2,2;3;1;4,1,60,FrameTimeStutter,5.000,laser,practice,2026-09-21T19:06:24.6042923-04:00,4,553,9.57965,17.2679,1605.31,1256.17,0.000,0.000,-11.9195,13.2634,18.0430,Left,0,0,0,0,0.0000,100.000,0,0.000,0,127.500,71.914,4.000,0.0300,0.6667,190.00,laser,60,450;300;200;100;50,450,1.5,3,0.4,1.5,3,1,10,20,100,-10,5,250,40,5,250,60,1,7,10,0,0.06,4,0.222,50,8,5
6,2,1,2,2;3;1;4,1,60,FrameTimeStutter,5.000,laser,practice,2026-09-21T19:06:24.6042923-04:00,4,554,9.59606,16.4131,1605.31,1256.17,0.000,0.000,-11.9195,13.2634,18.0430,Left,0,0,0,0,0.0000,100.000,0,0.000,0,127.500,71.914,4.000,0.0300,0.6667,190.00,laser,60,450;300;200;100;50,450,1.5,3,0.4,1.5,3,1,10,20,100,-10,5,250,40,5,250,60,1,7,10,0,0.06,4,0.222,50,8,5
6,2,1,2,2;3;1;4,1,60,FrameTimeStutter,5.000,laser,practice,2026-09-21T19:06:24.6042923-04:00,4,555,9.61284,16.7790,1605.31,1256.17,0.000,0.000,-11.9195,13.2634,18.0430,Left,0,0,0,0,0.0000,100.000,0,0.000,0,127.500,71.914,4.000,0.0300,0.6667,190.00,laser,60,450;300;200;100;50,450,1.5,3,0.4,1.5,3,1,10,20,100,-10,5,250,40,5,250,60,1,7,10,0,0.06,4,0.222,50,8,5
6,2,1,2,2;3;1;4,1,60,FrameTimeStutter,5.000,laser,practice,2026-09-21T19:06:24.6042923-04:00,4,556,9.62926,16.4164,1605.31,1256.17,0.000,0.000,-11.9195,13.2634,18.0430,Left,0,0,0,0,0.0000,100.000,0,0.000,0,127.500,71.914,4.000,0.0300,0.6667,190.00,laser,60,450;300;200;100;50,450,1.5,3,0.4,1.5,3,1,10,20,100,-10,5,250,40,5,250,60,1,7,10,0,0.06,4,0.222,50,8,5
6,2,1,2,2;3;1;4,1,60,FrameTimeStutter,5.000,laser,practice,2026-09-21T19:06:24.6042923-04:00,4,557,9.64597,16.7182,1605.31,1256.17,0.000,0.000,-11.9195,13.2634,18.0430,Left,0,0,0,0,0.0000,100.000,0,0.000,0,127.500,71.914,4.000,0.0300,0.6667,190.00,laser,60,450;300;200;100;50,450,1.5,3,0.4,1.5,3,1,10,20,100,-10,5,250,40,5,250,60,1,7,10,0,0.06,4,0.222,50,8,5
6,2,1,2,2;3;1;4,1,60,FrameTimeStutter,5.000,laser,practice,2026-09-21T19:06:24.6042923-04:00,4,558,9.66263,16.6504,1605.31,1256.17,0.000,0.000,-11.9195,13.2634,18.0430,Left,0,0,0,0,0.0000,100.000,0,0.000,0,127.500,71.914,4.000,0.0300,0.6667,190.00,laser,60,450;300;200;100;50,450,1.5,3,0.4,1.5,3,1,10,20,100,-10,5,250,40,5,250,60,1,7,10,0,0.06,4,0.222,50,8,5
6,2,1,2,2;3;1;4,1,60,FrameTimeStutter,5.000,laser,practice,2026-09-21T19:06:24.6042923-04:00,4,559,9.67907,16.4491,1605.31,1256.17,0.000,0.000,-11.9195,13.2634,18.0430,Left,0,0,0,0,0.0000,100.000,0,0.000,0,127.500,71.914,4.000,0.0300,0.6667,190.00,laser,60,450;300;200;100;50,450,1.5,3,0.4,1.5,3,1,10,20,100,-10,5,250,40,5,250,60,1,7,10,0,0.06,4,0.222,50,8,5
6,2,1,2,2;3;1;4,1,60,FrameTimeStutter,5.000,laser,practice,2026-09-21T19:06:24.6042923-04:00,4,560,9.69578,16.7034,1605.31,1256.17,0.000,0.000,-11.9195,13.2634,18.0430,Left,0,0,0,0,0.0000,100.000,0,0.000,0,127.500,71.914,4.000,0.0300,0.6667,190.00,laser,60,450;300;200;100;50,450,1.5,3,0.4,1.5,3,1,10,20,100,-10,5,250,40,5,250,60,1,7,10,0,0.06,4,0.222,50,8,5
6,2,1,2,2;3;1;4,1,60,FrameTimeStutter,5.000,laser,practice,2026-09-21T19:06:24.6042923-04:00,4,561,9.71321,17.4330,1605.31,1256.17,0.000,0.000,-11.9195,13.2634,18.0430,Left,0,0,0,0,0.0000,100.000,0,0.000,0,127.500,71.914,4.000,0.0300,0.6667,190.00,laser,60,450;300;200;100;50,450,1.5,3,0.4,1.5,3,1,10,20,100,-10,5,250,40,5,250,60,1,7,10,0,0.06,4,0.222,50,8,5
6,2,1,2,2;3;1;4,1,60,FrameTimeStutter,5.000,laser,practice,2026-09-21T19:06:24.6042923-04:00,4,562,9.72984,16.6315,1605.31,1256.17,0.000,0.000,-11.9195,13.2634,18.0430,Left,0,0,0,0,0.0000,100.000,0,0.000,0,127.500,71.914,4.000,0.0300,0.6667,190.00,laser,60,450;300;200;100;50,450,1.5,3,0.4,1.5,3,1,10,20,100,-10,5,250,40,5,250,60,1,7,10,0,0.06,4,0.222,50,8,5
6,2,1,2,2;3;1;4,1,60,FrameTimeStutter,5.000,laser,practice,2026-09-21T19:06:24.6042923-04:00,4,563,9.74622,16.3797,1605.31,1256.17,0.000,0.000,-11.9195,13.2634,18.0430,Left,0,0,0,0,0.0000,100.000,0,0.000,0,127.500,71.914,4.000,0.0300,0.6667,190.00,laser,60,450;300;200;100;50,450,1.5,3,0.4,1.5,3,1,10,20,100,-10,5,250,40,5,250,60,1,7,10,0,0.06,4,0.222,50,8,5
6,2,1,2,2;3;1;4,1,60,FrameTimeStutter,5.000,laser,practice,2026-09-21T19:06:24.6042923-04:00,4,564,9.76264,16.4203,1605.31,1256.17,0.000,0.000,-11.9195,13.2634,18.0430,Left,0,0,0,0,0.0000,100.000,0,0.000,0,127.500,71.914,4.000,0.0300,0.6667,190.00,laser,60,450;300;200;100;50,450,1.5,3,0.4,1.5,3,1,10,20,100,-10,5,250,40,5,250,60,1,7,10,0,0.06,4,0.222,50,8,5
6,2,1,2,2;3;1;4,1,60,FrameTimeStutter,5.000,laser,practice,2026-09-21T19:06:24.6042923-04:00,4,565,9.77916,16.5140,1605.31,1256.17,0.000,0.000,-11.9195,13.2634,18.0430,Left,0,0,0,0,0.0000,100.000,0,0.000,0,127.500,71.914,4.000,0.0300,0.6667,190.00,laser,60,450;300;200;100;50,450,1.5,3,0.4,1.5,3,1,10,20,100,-10,5,250,40,5,250,60,1,7,10,0,0.06,4,0.222,50,8,5
6,2,1,2,2;3;1;4,1,60,FrameTimeStutter,5.000,laser,practice,2026-09-21T19:06:24.6042923-04:00,4,566,9.79641,17.2570,1605.31,1256.17,0.000,0.000,-11.9195,13.2634,18.0430,Left,0,0,0,0,0.0000,100.000,0,0.000,0,127.500,71.914,4.000,0.0300,0.6667,190.00,laser,60,450;300;200;100;50,450,1.5,3,0.4,1.5,3,1,10,20,100,-10,5,250,40,5,250,60,1,7,10,0,0.06,4,0.222,50,8,5
6,2,1,2,2;3;1;4,1,60,FrameTimeStutter,5.000,laser,practice,2026-09-21T19:06:24.6042923-04:00,4,567,9.81306,16.6482,1605.31,1256.17,0.000,0.000,-11.9195,13.2634,18.0430,Left,0,0,0,0,0.0000,100.000,0,0.000,0,127.500,71.914,4.000,0.0300,0.6667,190.00,laser,60,450;300;200;100;50,450,1.5,3,0.4,1.5,3,1,10,20,100,-10,5,250,40,5,250,60,1,7,10,0,0.06,4,0.222,50,8,5
6,2,1,2,2;3;1;4,1,60,FrameTimeStutter,5.000,laser,practice,2026-09-21T19:06:24.6042923-04:00,4,568,9.82918,16.1192,1605.31,1256.17,0.000,0.000,-11.9195,13.2634,18.0430,Left,0,0,0,0,0.0000,100.000,0,0.000,0,127.500,71.914,4.000,0.0300,0.6667,190.00,laser,60,450;300;200;100;50,450,1.5,3,0.4,1.5,3,1,10,20,100,-10,5,250,40,5,250,60,1,7,10,0,0.06,4,0.222,50,8,5
6,2,1,2,2;3;1;4,1,60,FrameTimeStutter,5.000,laser,practice,2026-09-21T19:06:24.6042923-04:00,4,569,9.84638,17.1967,1605.31,1256.17,0.000,0.000,-11.9195,13.2634,18.0430,Left,0,0,0,0,0.0000,100.000,0,0.000,0,127.500,71.914,4.000,0.0300,0.6667,190.00,laser,60,450;300;200;100;50,450,1.5,3,0.4,1.5,3,1,10,20,100,-10,5,250,40,5,250,60,1,7,10,0,0.06,4,0.222,50,8,5
6,2,1,2,2;3;1;4,1,60,FrameTimeStutter,5.000,laser,practice,2026-09-21T19:06:24.6042923-04:00,4,570,9.86281,16.4274,1605.31,1256.17,0.000,0.000,-11.9195,13.2634,18.0430,Left,0,0,0,0,0.0000,100.000,0,0.000,0,127.500,71.914,4.000,0.0300,0.6667,190.00,laser,60,450;300;200;100;50,450,1.5,3,0.4,1.5,3,1,10,20,100,-10,5,250,40,5,250,60,1,7,10,0,0.06,4,0.222,50,8,5
6,2,1,2,2;3;1;4,1,60,FrameTimeStutter,5.000,laser,practice,2026-09-21T19:06:24.6042923-04:00,4,571,9.87952,16.7120,1605.31,1256.17,0.000,0.000,-11.9195,13.2634,18.0430,Left,0,0,0,0,0.0000,100.000,0,0.000,0,127.500,71.914,4.000,0.0300,0.6667,190.00,laser,60,450;300;200;100;50,450,1.5,3,0.4,1.5,3,1,10,20,100,-10,5,250,40,5,250,60,1,7,10,0,0.06,4,0.222,50,8,5
6,2,1,2,2;3;1;4,1,60,FrameTimeStutter,5.000,laser,practice,2026-09-21T19:06:24.6042923-04:00,4,572,9.89584,16.3288,1605.31,1256.17,0.000,0.000,-11.9195,13.2634,18.0430,Left,0,0,0,0,0.0000,100.000,0,0.000,0,127.500,71.914,4.000,0.0300,0.6667,190.00,laser,60,450;300;200;100;50,450,1.5,3,0.4,1.5,3,1,10,20,100,-10,5,250,40,5,250,60,1,7,10,0,0.06,4,0.222,50,8,5
6,2,1,2,2;3;1;4,1,60,FrameTimeStutter,5.000,laser,practice,2026-09-21T19:06:24.6042923-04:00,4,573,9.91305,17.1987,1605.31,1256.17,0.000,0.000,-11.9195,13.2634,18.0430,Left,0,0,0,0,0.0000,100.000,0,0.000,0,127.500,71.914,4.000,0.0300,0.6667,190.00,laser,60,450;300;200;100;50,450,1.5,3,0.4,1.5,3,1,10,20,100,-10,5,250,40,5,250,60,1,7,10,0,0.06,4,0.222,50,8,5
6,2,1,2,2;3;1;4,1,60,FrameTimeStutter,5.000,laser,practice,2026-09-21T19:06:24.6042923-04:00,4,574,9.92947,16.4291,1605.31,1256.17,0.000,0.000,-11.9195,13.2634,18.0430,Left,0,0,0,0,0.0000,100.000,0,0.000,0,127.500,71.914,4.000,0.0300,0.6667,190.00,laser,60,450;300;200;100;50,450,1.5,3,0.4,1.5,3,1,10,20,100,-10,5,250,40,5,250,60,1,7,10,0,0.06,4,0.222,50,8,5
6,2,1,2,2;3;1;4,1,60,FrameTimeStutter,5.000,laser,practice,2026-09-21T19:06:24.6042923-04:00,4,575,9.94577,16.2923,1605.31,1256.17,0.000,0.000,-11.9195,13.2634,18.0430,Left,0,0,0,0,0.0000,100.000,0,0.000,0,127.500,71.914,4.000,0.0300,0.6667,190.00,laser,60,450;300;200;100;50,450,1.5,3,0.4,1.5,3,1,10,20,100,-10,5,250,40,5,250,60,1,7,10,0,0.06,4,0.222,50,8,5
6,2,1,2,2;3;1;4,1,60,FrameTimeStutter,5.000,laser,practice,2026-09-21T19:06:24.6042923-04:00,4,576,9.96306,17.2915,1605.31,1256.17,0.000,0.000,-11.9195,13.2634,18.0430,Left,0,0,0,0,0.0000,100.000,0,0.000,0,127.500,71.914,4.000,0.0300,0.6667,190.00,laser,60,450;300;200;100;50,450,1.5,3,0.4,1.5,3,1,10,20,100,-10,5,250,40,5,250,60,1,7,10,0,0.06,4,0.222,50,8,5
6,2,1,2,2;3;1;4,1,60,FrameTimeStutter,5.000,laser,practice,2026-09-21T19:06:24.6042923-04:00,4,577,9.97930,16.2440,1605.31,1256.17,0.000,0.000,-11.9195,13.2634,18.0430,Left,0,0,0,0,0.0000,100.000,0,0.000,0,127.500,71.914,4.000,0.0300,0.6667,190.00,laser,60,450;300;200;100;50,450,1.5,3,0.4,1.5,3,1,10,20,100,-10,5,250,40,5,250,60,1,7,10,0,0.06,4,0.222,50,8,5
6,2,1,2,2;3;1;4,1,60,FrameTimeStutter,5.000,laser,practice,2026-09-21T19:06:24.6042923-04:00,4,578,9.99577,16.4674,1605.31,1256.17,0.000,0.000,-11.9195,13.2634,18.0430,Left,0,0,0,0,0.0000,100.000,0,0.000,0,127.500,71.914,4.000,0.0300,0.6667,190.00,laser,60,450;300;200;100;50,450,1.5,3,0.4,1.5,3,1,10,20,100,-10,5,250,40,5,250,60,1,7,10,0,0.06,4,0.222,50,8,5
6,2,1,2,2;3;1;4,1,60,FrameTimeStutter,5.000,laser,practice,2026-09-21T19:06:24.6042923-04:00,4,579,10.01302,17.2558,1605.31,1256.17,0.000,0.000,-11.9195,13.2634,18.0430,Left,0,0,0,0,0.0000,100.000,0,0.000,0,127.500,71.914,4.000,0.0300,0.6667,190.00,laser,60,450;300;200;100;50,450,1.5,3,0.4,1.5,3,1,10,20,100,-10,5,250,40,5,250,60,1,7,10,0,0.06,4,0.222,50,8,5
6,2,1,2,2;3;1;4,1,60,FrameTimeStutter,5.000,laser,practice,2026-09-21T19:06:24.6042923-04:00,4,580,10.02969,16.6685,1605.31,1256.17,0.000,0.000,-11.9195,13.2634,18.0430,Left,0,0,0,0,0.0000,100.000,0,0.000,0,127.500,71.914,4.000,0.0300,0.6667,190.00,laser,60,450;300;200;100;50,450,1.5,3,0.4,1.5,3,1,10,20,100,-10,5,250,40,5,250,60,1,7,10,0,0.06,4,0.222,50,8,5
6,2,1,2,2;3;1;4,1,60,FrameTimeStutter,5.000,laser,practice,2026-09-21T19:06:24.6042923-04:00,4,581,10.04622,16.5312,1605.31,1256.17,0.000,0.000,-11.9195,13.2634,18.0430,Left,0,0,0,0,0.0000,100.000,0,0.000,0,127.500,71.914,4.000,0.0300,0.6667,190.00,laser,60,450;300;200;100;50,450,1.5,3,0.4,1.5,3,1,10,20,100,-10,5,250,40,5,250,60,1,7,10,0,0.06,4,0.222,50,8,5
6,2,1,2,2;3;1;4,1,60,FrameTimeStutter,5.000,laser,practice,2026-09-21T19:06:24.6042923-04:00,4,582,10.06348,17.2597,1605.31,1256.17,0.000,0.000,-11.9195,13.2634,18.0430,Left,0,0,0,0,0.0000,100.000,0,0.000,0,127.500,71.914,4.000,0.0300,0.6667,190.00,laser,60,450;300;200;100;50,450,1.5,3,0.4,1.5,3,1,10,20,100,-10,5,250,40,5,250,60,1,7,10,0,0.06,4,0.222,50,8,5
6,2,1,2,2;3;1;4,1,60,FrameTimeStutter,5.000,laser,practice,2026-09-21T19:06:24.6042923-04:00,4,583,10.07985,16.3695,1605.31,1256.17,0.000,0.000,-11.9195,13.2634,18.0430,Left,0,0,0,0,0.0000,100.000,0,0.000,0,127.500,71.914,4.000,0.0300,0.6667,190.00,laser,60,450;300;200;100;50,450,1.5,3,0.4,1.5,3,1,10,20,100,-10,5,250,40,5,250,60,1,7,10,0,0.06,4,0.222,50,8,5
6,2,1,2,2;3;1;4,1,60,FrameTimeStutter,5.000,laser,practice,2026-09-21T19:06:24.6042923-04:00,4,584,10.09619,16.3337,1605.31,1256.17,0.000,0.000,-11.9195,13.2634,18.0430,Left,0,0,0,0,0.0000,100.000,0,0.000,0,127.500,71.914,4.000,0.0300,0.6667,190.00,laser,60,450;300;200;100;50,450,1.5,3,0.4,1.5,3,1,10,20,100,-10,5,250,40,5,250,60,1,7,10,0,0.06,4,0.222,50,8,5
6,2,1,2,2;3;1;4,1,60,FrameTimeStutter,5.000,laser,practice,2026-09-21T19:06:24.6042923-04:00,4,585,10.11283,16.6397,1605.31,1256.17,0.000,0.000,-11.9195,13.2634,18.0430,Left,0,0,0,0,0.0000,100.000,0,0.000,0,127.500,71.914,4.000,0.0300,0.6667,190.00,laser,60,450;300;200;100;50,450,1.5,3,0.4,1.5,3,1,10,20,100,-10,5,250,40,5,250,60,1,7,10,0,0.06,4,0.222,50,8,5
6,2,1,2,2;3;1;4,1,60,FrameTimeStutter,5.000,laser,practice,2026-09-21T19:06:24.6042923-04:00,4,586,10.12915,16.3238,1605.31,1256.17,0.000,0.000,-11.9195,13.2634,18.0430,Left,0,0,0,0,0.0000,100.000,0,0.000,0,127.500,71.914,4.000,0.0300,0.6667,190.00,laser,60,450;300;200;100;50,450,1.5,3,0.4,1.5,3,1,10,20,100,-10,5,250,40,5,250,60,1,7,10,0,0.06,4,0.222,50,8,5
6,2,1,2,2;3;1;4,1,60,FrameTimeStutter,5.000,laser,practice,2026-09-21T19:06:24.6042923-04:00,4,587,10.14611,16.9604,1605.31,1256.17,0.000,0.000,-11.9195,13.2634,18.0430,Left,0,0,0,0,0.0000,100.000,0,0.000,0,127.500,71.914,4.000,0.0300,0.6667,190.00,laser,60,450;300;200;100;50,450,1.5,3,0.4,1.5,3,1,10,20,100,-10,5,250,40,5,250,60,1,7,10,0,0.06,4,0.222,50,8,5
6,2,1,2,2;3;1;4,1,60,FrameTimeStutter,5.000,laser,practice,2026-09-21T19:06:24.6042923-04:00,4,588,10.16244,16.3296,1605.31,1256.17,0.000,0.000,-11.9195,13.2634,18.0430,Left,0,0,0,0,0.0000,100.000,0,0.000,0,127.500,71.914,4.000,0.0300,0.6667,190.00,laser,60,450;300;200;100;50,450,1.5,3,0.4,1.5,3,1,10,20,100,-10,5,250,40,5,250,60,1,7,10,0,0.06,4,0.222,50,8,5
6,2,1,2,2;3;1;4,1,60,FrameTimeStutter,5.000,laser,practice,2026-09-21T19:06:24.6042923-04:00,4,589,10.17908,16.6367,1605.31,1256.17,0.000,0.000,-11.9195,13.2634,18.0430,Left,0,0,0,0,0.0000,100.000,0,0.000,0,127.500,71.914,4.000,0.0300,0.6667,190.00,laser,60,450;300;200;100;50,450,1.5,3,0.4,1.5,3,1,10,20,100,-10,5,250,40,5,250,60,1,7,10,0,0.06,4,0.222,50,8,5
6,2,1,2,2;3;1;4,1,60,FrameTimeStutter,5.000,laser,practice,2026-09-21T19:06:24.6042923-04:00,4,590,10.19580,16.7183,1605.31,1256.17,0.000,0.000,-12.4753,13.2634,18.0430,Left,0,0,0,0,0.0000,100.000,0,0.000,0,127.500,71.914,4.000,0.0300,0.6667,190.00,laser,60,450;300;200;100;50,450,1.5,3,0.4,1.5,3,1,10,20,100,-10,5,250,40,5,250,60,1,7,10,0,0.06,4,0.222,50,8,5
6,2,1,2,2;3;1;4,1,60,FrameTimeStutter,5.000,laser,practice,2026-09-21T19:06:24.6042923-04:00,4,591,10.21308,17.2870,1605.31,1256.17,0.000,0.000,-13.0050,13.2634,18.0430,Left,0,0,0,0,0.0000,100.000,0,0.000,0,127.500,71.914,4.000,0.0300,0.6667,190.00,laser,60,450;300;200;100;50,450,1.5,3,0.4,1.5,3,1,10,20,100,-10,5,250,40,5,250,60,1,7,10,0,0.06,4,0.222,50,8,5
6,2,1,2,2;3;1;4,1,60,FrameTimeStutter,5.000,laser,practice,2026-09-21T19:06:24.6042923-04:00,4,592,10.22959,16.5050,1605.31,1256.17,0.000,0.000,-13.4697,13.2634,18.0430,Left,0,0,0,0,0.0000,100.000,0,0.000,0,127.500,71.914,4.000,0.0300,0.6667,190.00,laser,60,450;300;200;100;50,450,1.5,3,0.4,1.5,3,1,10,20,100,-10,5,250,40,5,250,60,1,7,10,0,0.06,4,0.222,50,8,5
6,2,1,2,2;3;1;4,1,60,FrameTimeStutter,5.000,laser,practice,2026-09-21T19:06:24.6042923-04:00,4,593,10.24618,16.5898,1605.31,1256.17,0.000,0.000,-13.8981,13.2634,18.0430,Left,0,0,0,0,0.0000,100.000,0,0.000,0,127.500,71.914,4.000,0.0300,0.6667,190.00,laser,60,450;300;200;100;50,450,1.5,3,0.4,1.5,3,1,10,20,100,-10,5,250,40,5,250,60,1,7,10,0,0.06,4,0.222,50,8,5
6,2,1,2,2;3;1;4,1,60,FrameTimeStutter,5.000,laser,practice,2026-09-21T19:06:24.6042923-04:00,4,594,10.26257,16.3957,1605.31,1256.17,0.000,0.000,-14.2851,13.2634,18.0430,Left,0,0,0,0,0.0000,100.000,0,0.000,0,127.500,71.914,4.000,0.0300,0.6667,190.00,laser,60,450;300;200;100;50,450,1.5,3,0.4,1.5,3,1,10,20,100,-10,5,250,40,5,250,60,1,7,10,0,0.06,4,0.222,50,8,5
6,2,1,2,2;3;1;4,1,60,FrameTimeStutter,5.000,laser,practice,2026-09-21T19:06:24.6042923-04:00,4,595,10.27950,16.9302,1605.31,1256.17,0.000,0.000,-14.6483,13.2634,18.0430,Left,0,0,0,0,0.0000,100.000,0,0.000,0,127.500,71.914,4.000,0.0300,0.6667,190.00,laser,60,450;300;200;100;50,450,1.5,3,0.4,1.5,3,1,10,20,100,-10,5,250,40,5,250,60,1,7,10,0,0.06,4,0.222,50,8,5
6,2,1,2,2;3;1;4,1,60,FrameTimeStutter,5.000,laser,practice,2026-09-21T19:06:24.6042923-04:00,4,596,10.29671,17.2055,1605.31,1256.17,0.000,0.000,-14.9815,13.2634,18.0430,Left,0,0,0,0,0.0000,100.000,0,0.000,0,127.500,71.914,4.000,0.0300,0.6667,190.00,laser,60,450;300;200;100;50,450,1.5,3,0.4,1.5,3,1,10,20,100,-10,5,250,40,5,250,60,1,7,10,0,0.06,4,0.222,50,8,5
6,2,1,2,2;3;1;4,1,60,FrameTimeStutter,5.000,laser,practice,2026-09-21T19:06:24.6042923-04:00,4,597,10.31327,16.5583,1605.31,1256.17,0.000,0.000,-15.2696,13.2634,18.0430,Left,0,0,0,0,0.0000,100.000,0,0.000,0,127.500,71.914,4.000,0.0300,0.6667,190.00,laser,60,450;300;200;100;50,450,1.5,3,0.4,1.5,3,1,10,20,100,-10,5,250,40,5,250,60,1,7,10,0,0.06,4,0.222,50,8,5
6,2,1,2,2;3;1;4,1,60,FrameTimeStutter,5.000,laser,practice,2026-09-21T19:06:24.6042923-04:00,4,598,10.32971,16.4414,1605.31,1256.17,0.000,0.000,-15.5258,13.2634,18.0430,Left,0,0,0,0,0.0000,100.000,0,0.000,0,127.500,71.914,4.000,0.0300,0.6667,190.00,laser,60,450;300;200;100;50,450,1.5,3,0.4,1.5,3,1,10,20,100,-10,5,250,40,5,250,60,1,7,10,0,0.06,4,0.222,50,8,5
6,2,1,2,2;3;1;4,1,60,FrameTimeStutter,5.000,laser,practice,2026-09-21T19:06:24.6042923-04:00,4,599,10.34600,16.2958,1605.31,1256.17,0.000,0.000,-15.7520,13.2634,18.0430,Left,0,0,0,0,0.0000,100.000,0,0.000,0,127.500,71.914,4.000,0.0300,0.6667,190.00,laser,60,450;300;200;100;50,450,1.5,3,0.4,1.5,3,1,10,20,100,-10,5,250,40,5,250,60,1,7,10,0,0.06,4,0.222,50,8,5
6,2,1,2,2;3;1;4,1,60,FrameTimeStutter,5.000,laser,practice,2026-09-21T19:06:24.6042923-04:00,4,600,10.36264,16.6379,1605.31,1256.17,0.000,0.000,-15.9561,13.2634,18.0430,Left,0,0,0,0,0.0000,100.000,0,0.000,0,127.500,71.914,4.000,0.0300,0.6667,190.00,laser,60,450;300;200;100;50,450,1.5,3,0.4,1.5,3,1,10,20,100,-10,5,250,40,5,250,60,1,7,10,0,0.06,4,0.222,50,8,5
6,2,1,2,2;3;1;4,1,60,FrameTimeStutter,5.000,laser,practice,2026-09-21T19:06:24.6042923-04:00,4,601,10.37955,16.9105,1605.31,1256.17,0.000,0.000,-16.1374,13.2634,18.0430,Left,0,0,0,0,0.0000,100.000,0,0.000,0,127.500,71.914,4.000,0.0300,0.6667,190.00,laser,60,450;300;200;100;50,450,1.5,3,0.4,1.5,3,1,10,20,100,-10,5,250,40,5,250,60,1,7,10,0,0.06,4,0.222,50,8,5
6,2,1,2,2;3;1;4,1,60,FrameTimeStutter,5.000,laser,practice,2026-09-21T19:06:24.6042923-04:00,4,602,10.39592,16.3691,1605.31,1256.17,0.000,0.000,-16.2896,13.2634,18.0430,Left,0,0,0,0,0.0000,100.000,0,0.000,0,127.500,71.914,4.000,0.0300,0.6667,190.00,laser,60,450;300;200;100;50,450,1.5,3,0.4,1.5,3,1,10,20,100,-10,5,250,40,5,250,60,1,7,10,0,0.06,4,0.222,50,8,5
6,2,1,2,2;3;1;4,1,60,FrameTimeStutter,5.000,laser,practice,2026-09-21T19:06:24.6042923-04:00,4,603,10.41244,16.5224,1605.31,1256.17,0.000,0.000,-16.4215,13.2634,18.0430,Left,0,0,0,0,0.0000,100.000,0,0.000,0,127.500,71.914,4.000,0.0300,0.6667,190.00,laser,60,450;300;200;100;50,450,1.5,3,0.4,1.5,3,1,10,20,100,-10,5,250,40,5,250,60,1,7,10,0,0.06,4,0.222,50,8,5
6,2,1,2,2;3;1;4,1,60,FrameTimeStutter,5.000,laser,practice,2026-09-21T19:06:24.6042923-04:00,4,604,10.42913,16.6885,1605.31,1256.17,0.000,0.000,-16.5344,13.2634,18.0430,Left,0,0,0,0,0.0000,100.000,0,0.000,0,127.500,71.914,4.000,0.0300,0.6667,190.00,laser,60,450;300;200;100;50,450,1.5,3,0.4,1.5,3,1,10,20,100,-10,5,250,40,5,250,60,1,7,10,0,0.06,4,0.222,50,8,5
6,2,1,2,2;3;1;4,1,60,FrameTimeStutter,5.000,laser,practice,2026-09-21T19:06:24.6042923-04:00,4,605,10.44603,16.8969,1605.31,1256.17,0.000,0.000,-16.6296,13.2634,18.0430,Left,0,0,0,0,0.0000,100.000,0,0.000,0,127.500,71.914,4.000,0.0300,0.6667,190.00,laser,60,450;300;200;100;50,450,1.5,3,0.4,1.5,3,1,10,20,100,-10,5,250,40,5,250,60,1,7,10,0,0.06,4,0.222,50,8,5
6,2,1,2,2;3;1;4,1,60,FrameTimeStutter,5.000,laser,practice,2026-09-21T19:06:24.6042923-04:00,4,606,10.46314,17.1056,1605.31,1256.17,0.000,0.000,-16.7081,13.2634,18.0430,Left,0,0,0,0,0.0000,100.000,0,0.000,0,127.500,71.914,4.000,0.0300,0.6667,190.00,laser,60,450;300;200;100;50,450,1.5,3,0.4,1.5,3,1,10,20,100,-10,5,250,40,5,250,60,1,7,10,0,0.06,4,0.222,50,8,5
6,2,1,2,2;3;1;4,1,60,FrameTimeStutter,5.000,laser,practice,2026-09-21T19:06:24.6042923-04:00,4,607,10.47933,16.1907,1605.31,1256.17,0.000,0.000,-16.7676,13.2634,18.0430,Left,0,0,0,0,0.0000,100.000,0,0.000,0,127.500,71.914,4.000,0.0300,0.6667,190.00,laser,60,450;300;200;100;50,450,1.5,3,0.4,1.5,3,1,10,20,100,-10,5,250,40,5,250,60,1,7,10,0,0.06,4,0.222,50,8,5
6,2,1,2,2;3;1;4,1,60,FrameTimeStutter,5.000,laser,practice,2026-09-21T19:06:24.6042923-04:00,4,608,10.49598,16.6530,1605.31,1256.17,0.000,0.000,-16.8154,13.2634,18.0430,Left,0,0,0,0,0.0000,100.000,0,0.000,0,127.500,71.914,4.000,0.0300,0.6667,190.00,laser,60,450;300;200;100;50,450,1.5,3,0.4,1.5,3,1,10,20,100,-10,5,250,40,5,250,60,1,7,10,0,0.06,4,0.222,50,8,5
6,2,1,2,2;3;1;4,1,60,FrameTimeStutter,5.000,laser,practice,2026-09-21T19:06:24.6042923-04:00,4,609,10.51235,16.3763,1605.31,1256.17,0.000,0.000,-16.8508,13.2634,18.0430,Left,0,0,0,0,0.0000,100.000,0,0.000,0,127.500,71.914,4.000,0.0300,0.6667,190.00,laser,60,450;300;200;100;50,450,1.5,3,0.4,1.5,3,1,10,20,100,-10,5,250,40,5,250,60,1,7,10,0,0.06,4,0.222,50,8,5
6,2,1,2,2;3;1;4,1,60,FrameTimeStutter,5.000,laser,practice,2026-09-21T19:06:24.6042923-04:00,4,610,10.52966,17.3055,1605.31,1256.17,0.000,0.000,-16.8775,13.2634,18.0430,Left,0,0,0,0,0.0000,100.000,0,0.000,0,127.500,71.914,4.000,0.0300,0.6667,190.00,laser,60,450;300;200;100;50,450,1.5,3,0.4,1.5,3,1,10,20,100,-10,5,250,40,5,250,60,1,7,10,0,0.06,4,0.222,50,8,5
6,2,1,2,2;3;1;4,1,60,FrameTimeStutter,5.000,laser,practice,2026-09-21T19:06:24.6042923-04:00,4,611,10.54595,16.2901,1605.31,1256.17,0.000,0.000,-16.8942,13.2634,18.0430,Left,0,0,0,0,0.0000,100.000,0,0.000,0,127.500,71.914,4.000,0.0300,0.6667,190.00,laser,60,450;300;200;100;50,450,1.5,3,0.4,1.5,3,1,10,20,100,-10,5,250,40,5,250,60,1,7,10,0,0.06,4,0.222,50,8,5
6,2,1,2,2;3;1;4,1,60,FrameTimeStutter,5.000,laser,practice,2026-09-21T19:06:24.6042923-04:00,4,612,10.56299,17.0452,1605.31,1256.17,0.000,0.000,-16.9048,13.2634,18.0430,Left,0,0,0,0,0.0000,100.000,0,0.000,0,127.500,71.914,4.000,0.0300,0.6667,190.00,laser,60,450;300;200;100;50,450,1.5,3,0.4,1.5,3,1,10,20,100,-10,5,250,40,5,250,60,1,7,10,0,0.06,4,0.222,50,8,5
6,2,1,2,2;3;1;4,1,60,FrameTimeStutter,5.000,laser,practice,2026-09-21T19:06:24.6042923-04:00,4,613,10.57956,16.5691,1605.31,1256.17,0.000,0.000,-16.9101,13.2634,18.0430,Left,0,0,0,0,0.0000,100.000,0,0.000,0,127.500,71.914,4.000,0.0300,0.6667,190.00,laser,60,450;300;200;100;50,450,1.5,3,0.4,1.5,3,1,10,20,100,-10,5,250,40,5,250,60,1,7,10,0,0.06,4,0.222,50,8,5
6,2,1,2,2;3;1;4,1,60,FrameTimeStutter,5.000,laser,practice,2026-09-21T19:06:24.6042923-04:00,4,614,10.59631,16.7424,1605.31,1256.17,0.000,0.000,-16.9120,13.2634,18.0430,Left,0,0,0,0,0.0000,100.000,0,0.000,0,127.500,71.914,4.000,0.0300,0.6667,190.00,laser,60,450;300;200;100;50,450,1.5,3,0.4,1.5,3,1,10,20,100,-10,5,250,40,5,250,60,1,7,10,0,0.06,4,0.222,50,8,5
6,2,1,2,2;3;1;4,1,60,FrameTimeStutter,5.000,laser,practice,2026-09-21T19:06:24.6042923-04:00,4,615,10.61302,16.7165,1605.31,1256.17,0.000,0.000,-16.9123,13.2634,18.0430,Left,0,0,0,0,0.0000,100.000,0,0.000,0,127.500,71.914,4.000,0.0300,0.6667,190.00,laser,60,450;300;200;100;50,450,1.5,3,0.4,1.5,3,1,10,20,100,-10,5,250,40,5,250,60,1,7,10,0,0.06,4,0.222,50,8,5
6,2,1,2,2;3;1;4,1,60,FrameTimeStutter,5.000,laser,practice,2026-09-21T19:06:24.6042923-04:00,4,616,10.62950,16.4724,1605.31,1256.17,0.000,0.000,-16.9123,13.2634,14.7936,Left,0,0,0,0,0.0000,100.000,0,0.000,0,127.500,71.914,4.000,0.0300,0.6667,190.00,laser,60,450;300;200;100;50,450,1.5,3,0.4,1.5,3,1,10,20,100,-10,5,250,40,5,250,60,1,7,10,0,0.06,4,0.222,50,8,5
6,2,1,2,2;3;1;4,1,60,FrameTimeStutter,5.000,laser,practice,2026-09-21T19:06:24.6042923-04:00,4,617,10.64545,15.9540,1605.31,1256.17,0.000,0.000,-16.9123,13.2634,14.7936,Left,0,0,0,0,0.0000,100.000,0,0.000,0,127.500,71.914,4.000,0.0300,0.6667,190.00,laser,60,450;300;200;100;50,450,1.5,3,0.4,1.5,3,1,10,20,100,-10,5,250,40,5,250,60,1,7,10,0,0.06,4,0.222,50,8,5
6,2,1,2,2;3;1;4,1,60,FrameTimeStutter,5.000,laser,practice,2026-09-21T19:06:24.6042923-04:00,4,618,10.66363,18.1844,1605.31,1256.17,0.000,0.000,-16.9123,13.2634,14.7936,Left,0,0,0,0,0.0000,100.000,0,0.000,0,127.500,71.914,4.000,0.0300,0.6667,190.00,laser,60,450;300;200;100;50,450,1.5,3,0.4,1.5,3,1,10,20,100,-10,5,250,40,5,250,60,1,7,10,0,0.06,4,0.222,50,8,5
6,2,1,2,2;3;1;4,1,60,FrameTimeStutter,5.000,laser,practice,2026-09-21T19:06:24.6042923-04:00,4,619,10.67933,15.6910,1605.31,1256.17,0.000,0.000,-16.9123,13.2634,14.7936,Left,0,0,0,0,0.0000,100.000,0,0.000,0,127.500,71.914,4.000,0.0300,0.6667,190.00,laser,60,450;300;200;100;50,450,1.5,3,0.4,1.5,3,1,10,20,100,-10,5,250,40,5,250,60,1,7,10,0,0.06,4,0.222,50,8,5
6,2,1,2,2;3;1;4,1,60,FrameTimeStutter,5.000,laser,practice,2026-09-21T19:06:24.6042923-04:00,4,620,10.69573,16.4040,1605.31,1256.17,0.000,0.000,-16.9123,13.2634,14.7936,Left,0,0,0,0,0.0000,100.000,0,0.000,0,127.500,71.914,4.000,0.0300,0.6667,190.00,laser,60,450;300;200;100;50,450,1.5,3,0.4,1.5,3,1,10,20,100,-10,5,250,40,5,250,60,1,7,10,0,0.06,4,0.222,50,8,5
6,2,1,2,2;3;1;4,1,60,FrameTimeStutter,5.000,laser,practice,2026-09-21T19:06:24.6042923-04:00,4,621,10.71259,16.8610,1605.31,1256.17,0.000,0.000,-16.9123,13.2634,14.7936,Left,0,0,0,0,0.0000,100.000,0,0.000,0,127.500,71.914,4.000,0.0300,0.6667,190.00,laser,60,450;300;200;100;50,450,1.5,3,0.4,1.5,3,1,10,20,100,-10,5,250,40,5,250,60,1,7,10,0,0.06,4,0.222,50,8,5
6,2,1,2,2;3;1;4,1,60,FrameTimeStutter,5.000,laser,practice,2026-09-21T19:06:24.6042923-04:00,4,622,10.72957,16.9766,1605.31,1256.17,0.000,0.000,-16.9123,13.2634,14.7936,Left,0,0,0,0,0.0000,100.000,0,0.000,0,127.500,71.914,4.000,0.0300,0.6667,190.00,laser,60,450;300;200;100;50,450,1.5,3,0.4,1.5,3,1,10,20,100,-10,5,250,40,5,250,60,1,7,10,0,0.06,4,0.222,50,8,5
6,2,1,2,2;3;1;4,1,60,FrameTimeStutter,5.000,laser,practice,2026-09-21T19:06:24.6042923-04:00,4,623,10.74591,16.3415,1605.31,1256.17,0.000,0.000,-16.9123,13.2634,14.7936,Left,0,0,0,0,0.0000,100.000,0,0.000,0,127.500,71.914,4.000,0.0300,0.6667,190.00,laser,60,450;300;200;100;50,450,1.5,3,0.4,1.5,3,1,10,20,100,-10,5,250,40,5,250,60,1,7,10,0,0.06,4,0.222,50,8,5
6,2,1,2,2;3;1;4,1,60,FrameTimeStutter,5.000,laser,practice,2026-09-21T19:06:24.6042923-04:00,4,624,10.76261,16.7051,1605.31,1256.17,0.000,0.000,-16.9123,13.2634,14.7936,Left,0,0,0,0,0.0000,100.000,0,0.000,0,127.500,71.914,4.000,0.0300,0.6667,190.00,laser,60,450;300;200;100;50,450,1.5,3,0.4,1.5,3,1,10,20,100,-10,5,250,40,5,250,60,1,7,10,0,0.06,4,0.222,50,8,5
6,2,1,2,2;3;1;4,1,60,FrameTimeStutter,5.000,laser,practice,2026-09-21T19:06:24.6042923-04:00,4,625,10.77952,16.9093,1605.31,1256.17,0.000,0.000,-16.9123,13.2634,14.7936,Left,0,0,0,0,0.0000,100.000,0,0.000,0,127.500,71.914,4.000,0.0300,0.6667,190.00,laser,60,450;300;200;100;50,450,1.5,3,0.4,1.5,3,1,10,20,100,-10,5,250,40,5,250,60,1,7,10,0,0.06,4,0.222,50,8,5
6,2,1,2,2;3;1;4,1,60,FrameTimeStutter,5.000,laser,practice,2026-09-21T19:06:24.6042923-04:00,4,626,10.79616,16.6362,1605.31,1256.17,0.000,0.000,-16.9123,13.2634,14.7936,Left,0,0,0,0,0.0000,100.000,0,0.000,0,127.500,71.914,4.000,0.0300,0.6667,190.00,laser,60,450;300;200;100;50,450,1.5,3,0.4,1.5,3,1,10,20,100,-10,5,250,40,5,250,60,1,7,10,0,0.06,4,0.222,50,8,5
6,2,1,2,2;3;1;4,1,60,FrameTimeStutter,5.000,laser,practice,2026-09-21T19:06:24.6042923-04:00,4,627,10.81283,16.6699,1605.31,1256.17,0.000,0.000,-16.9123,13.2634,14.7936,Left,0,0,0,0,0.0000,100.000,0,0.000,0,127.500,71.914,4.000,0.0300,0.6667,190.00,laser,60,450;300;200;100;50,450,1.5,3,0.4,1.5,3,1,10,20,100,-10,5,250,40,5,250,60,1,7,10,0,0.06,4,0.222,50,8,5
6,2,1,2,2;3;1;4,1,60,FrameTimeStutter,5.000,laser,practice,2026-09-21T19:06:24.6042923-04:00,4,628,10.82942,16.5935,1605.31,1256.17,0.000,0.000,-16.9123,13.2634,14.7936,Left,0,0,0,0,0.0000,100.000,0,0.000,0,127.500,71.914,4.000,0.0300,0.6667,190.00,laser,60,450;300;200;100;50,450,1.5,3,0.4,1.5,3,1,10,20,100,-10,5,250,40,5,250,60,1,7,10,0,0.06,4,0.222,50,8,5
6,2,1,2,2;3;1;4,1,60,FrameTimeStutter,5.000,laser,practice,2026-09-21T19:06:24.6042923-04:00,4,629,10.84621,16.7827,1605.31,1256.17,0.000,0.000,-16.9123,13.2634,14.7936,Left,0,0,0,0,0.0000,100.000,0,0.000,0,127.500,71.914,4.000,0.0300,0.6667,190.00,laser,60,450;300;200;100;50,450,1.5,3,0.4,1.5,3,1,10,20,100,-10,5,250,40,5,250,60,1,7,10,0,0.06,4,0.222,50,8,5
6,2,1,2,2;3;1;4,1,60,FrameTimeStutter,5.000,laser,practice,2026-09-21T19:06:24.6042923-04:00,4,630,10.86260,16.3972,1605.31,1256.17,0.000,0.000,-16.9123,13.2634,14.7936,Left,0,0,0,0,0.0000,100.000,0,0.000,0,127.500,71.914,4.000,0.0300,0.6667,190.00,laser,60,450;300;200;100;50,450,1.5,3,0.4,1.5,3,1,10,20,100,-10,5,250,40,5,250,60,1,7,10,0,0.06,4,0.222,50,8,5
6,2,1,2,2;3;1;4,1,60,FrameTimeStutter,5.000,laser,practice,2026-09-21T19:06:24.6042923-04:00,4,631,10.87993,17.3228,1605.31,1256.17,0.000,0.000,-16.9123,13.2634,14.7936,Left,0,0,0,0,0.0000,100.000,0,0.000,0,127.500,71.914,4.000,0.0300,0.6667,190.00,laser,60,450;300;200;100;50,450,1.5,3,0.4,1.5,3,1,10,20,100,-10,5,250,40,5,250,60,1,7,10,0,0.06,4,0.222,50,8,5
6,2,1,2,2;3;1;4,1,60,FrameTimeStutter,5.000,laser,practice,2026-09-21T19:06:24.6042923-04:00,4,632,10.89595,16.0248,1605.31,1256.17,0.000,0.000,-16.9123,13.2634,14.7936,Left,0,0,0,0,0.0000,100.000,0,0.000,0,127.500,71.914,4.000,0.0300,0.6667,190.00,laser,60,450;300;200;100;50,450,1.5,3,0.4,1.5,3,1,10,20,100,-10,5,250,40,5,250,60,1,7,10,0,0.06,4,0.222,50,8,5
6,2,1,2,2;3;1;4,1,60,FrameTimeStutter,5.000,laser,practice,2026-09-21T19:06:24.6042923-04:00,4,633,10.91314,17.1942,1605.31,1256.17,0.000,0.000,-16.9123,13.2634,14.7936,Left,0,0,0,0,0.0000,100.000,0,0.000,0,127.500,71.914,4.000,0.0300,0.6667,190.00,laser,60,450;300;200;100;50,450,1.5,3,0.4,1.5,3,1,10,20,100,-10,5,250,40,5,250,60,1,7,10,0,0.06,4,0.222,50,8,5
6,2,1,2,2;3;1;4,1,60,FrameTimeStutter,5.000,laser,practice,2026-09-21T19:06:24.6042923-04:00,4,634,10.92952,16.3790,1605.31,1256.17,0.000,0.000,-16.9123,13.2634,14.7936,Left,0,0,0,0,0.0000,100.000,0,0.000,0,127.500,71.914,4.000,0.0300,0.6667,190.00,laser,60,450;300;200;100;50,450,1.5,3,0.4,1.5,3,1,10,20,100,-10,5,250,40,5,250,60,1,7,10,0,0.06,4,0.222,50,8,5
6,2,1,2,2;3;1;4,1,60,FrameTimeStutter,5.000,laser,practice,2026-09-21T19:06:24.6042923-04:00,4,635,10.94613,16.6082,1605.31,1256.17,0.000,0.000,-16.9123,13.2634,14.7936,Left,0,0,0,0,0.0000,100.000,0,0.000,0,127.500,71.914,4.000,0.0300,0.6667,190.00,laser,60,450;300;200;100;50,450,1.5,3,0.4,1.5,3,1,10,20,100,-10,5,250,40,5,250,60,1,7,10,0,0.06,4,0.222,50,8,5
6,2,1,2,2;3;1;4,1,60,FrameTimeStutter,5.000,laser,practice,2026-09-21T19:06:24.6042923-04:00,4,636,10.96264,16.5108,1605.31,1256.17,0.000,0.000,-16.9123,13.2634,14.7936,Left,0,0,0,0,0.0000,100.000,0,0.000,0,127.500,71.914,4.000,0.0300,0.6667,190.00,laser,60,450;300;200;100;50,450,1.5,3,0.4,1.5,3,1,10,20,100,-10,5,250,40,5,250,60,1,7,10,0,0.06,4,0.222,50,8,5
6,2,1,2,2;3;1;4,1,60,FrameTimeStutter,5.000,laser,practice,2026-09-21T19:06:24.6042923-04:00,4,637,10.97927,16.6289,1605.31,1256.17,0.000,0.000,-16.9123,13.2634,14.7936,Left,0,0,0,0,0.0000,100.000,0,0.000,0,127.500,71.914,4.000,0.0300,0.6667,190.00,laser,60,450;300;200;100;50,450,1.5,3,0.4,1.5,3,1,10,20,100,-10,5,250,40,5,250,60,1,7,10,0,0.06,4,0.222,50,8,5
6,2,1,2,2;3;1;4,1,60,FrameTimeStutter,5.000,laser,practice,2026-09-21T19:06:24.6042923-04:00,4,638,10.99596,16.6916,1605.31,1256.17,0.000,0.000,-16.9123,13.2634,14.7936,Left,0,0,0,0,0.0000,100.000,0,0.000,0,127.500,71.914,4.000,0.0300,0.6667,190.00,laser,60,450;300;200;100;50,450,1.5,3,0.4,1.5,3,1,10,20,100,-10,5,250,40,5,250,60,1,7,10,0,0.06,4,0.222,50,8,5
6,2,1,2,2;3;1;4,1,60,FrameTimeStutter,5.000,laser,practice,2026-09-21T19:06:24.6042923-04:00,4,639,11.01285,16.8870,1605.31,1256.17,0.000,0.000,-16.9123,13.2634,14.7936,Left,0,0,0,0,0.0000,100.000,0,0.000,0,127.500,71.914,4.000,0.0300,0.6667,190.00,laser,60,450;300;200;100;50,450,1.5,3,0.4,1.5,3,1,10,20,100,-10,5,250,40,5,250,60,1,7,10,0,0.06,4,0.222,50,8,5
6,2,1,2,2;3;1;4,1,60,FrameTimeStutter,5.000,laser,practice,2026-09-21T19:06:24.6042923-04:00,4,640,11.02963,16.7781,1605.31,1256.17,0.000,0.000,-16.9123,13.2634,14.7936,Left,0,0,0,0,0.0000,100.000,0,0.000,0,127.500,71.914,4.000,0.0300,0.6667,190.00,laser,60,450;300;200;100;50,450,1.5,3,0.4,1.5,3,1,10,20,100,-10,5,250,40,5,250,60,1,7,10,0,0.06,4,0.222,50,8,5
6,2,1,2,2;3;1;4,1,60,FrameTimeStutter,5.000,laser,practice,2026-09-21T19:06:24.6042923-04:00,4,641,11.04634,16.7169,1605.31,1256.17,0.000,0.000,-16.9123,13.2634,14.7936,Left,0,0,0,0,0.0000,100.000,0,0.000,0,127.500,71.914,4.000,0.0300,0.6667,190.00,laser,60,450;300;200;100;50,450,1.5,3,0.4,1.5,3,1,10,20,100,-10,5,250,40,5,250,60,1,7,10,0,0.06,4,0.222,50,8,5
6,2,1,2,2;3;1;4,1,60,FrameTimeStutter,5.000,laser,practice,2026-09-21T19:06:24.6042923-04:00,4,642,11.06263,16.2895,1605.31,1256.17,0.000,0.000,-16.9123,13.2634,14.7936,Left,0,0,0,0,0.0000,100.000,0,0.000,0,127.500,71.914,4.000,0.0300,0.6667,190.00,laser,60,450;300;200;100;50,450,1.5,3,0.4,1.5,3,1,10,20,100,-10,5,250,40,5,250,60,1,7,10,0,0.06,4,0.222,50,8,5
6,2,1,2,2;3;1;4,1,60,FrameTimeStutter,5.000,laser,practice,2026-09-21T19:06:24.6042923-04:00,4,643,11.07969,17.0555,1605.31,1256.17,0.000,0.000,-16.9123,13.2634,14.7936,Left,0,0,0,0,0.0000,100.000,0,0.000,0,127.500,71.914,4.000,0.0300,0.6667,190.00,laser,60,450;300;200;100;50,450,1.5,3,0.4,1.5,3,1,10,20,100,-10,5,250,40,5,250,60,1,7,10,0,0.06,4,0.222,50,8,5
6,2,1,2,2;3;1;4,1,60,FrameTimeStutter,5.000,laser,practice,2026-09-21T19:06:24.6042923-04:00,4,644,11.09619,16.5042,1605.31,1256.17,0.000,0.000,-16.9123,13.2634,14.7936,Left,0,0,0,0,0.0000,100.000,0,0.000,0,127.500,71.914,4.000,0.0300,0.6667,190.00,laser,60,450;300;200;100;50,450,1.5,3,0.4,1.5,3,1,10,20,100,-10,5,250,40,5,250,60,1,7,10,0,0.06,4,0.222,50,8,5
6,2,1,2,2;3;1;4,1,60,FrameTimeStutter,5.000,laser,practice,2026-09-21T19:06:24.6042923-04:00,4,645,11.11323,17.0393,1605.31,1256.17,0.000,0.000,-16.9123,13.2634,14.7936,Left,0,0,0,0,0.0000,100.000,0,0.000,0,127.500,71.914,4.000,0.0300,0.6667,190.00,laser,60,450;300;200;100;50,450,1.5,3,0.4,1.5,3,1,10,20,100,-10,5,250,40,5,250,60,1,7,10,0,0.06,4,0.222,50,8,5
6,2,1,2,2;3;1;4,1,60,FrameTimeStutter,5.000,laser,practice,2026-09-21T19:06:24.6042923-04:00,4,646,11.12967,16.4373,1605.31,1256.17,0.000,0.000,-16.9123,13.2634,14.7936,Left,0,0,0,0,0.0000,100.000,0,0.000,0,127.500,71.914,4.000,0.0300,0.6667,190.00,laser,60,450;300;200;100;50,450,1.5,3,0.4,1.5,3,1,10,20,100,-10,5,250,40,5,250,60,1,7,10,0,0.06,4,0.222,50,8,5
6,2,1,2,2;3;1;4,1,60,FrameTimeStutter,5.000,laser,practice,2026-09-21T19:06:24.6042923-04:00,4,647,11.14637,16.6996,1605.31,1256.17,0.000,0.000,-16.9123,13.2634,14.7936,Left,0,0,0,0,0.0000,100.000,0,0.000,0,127.500,71.914,4.000,0.0300,0.6667,190.00,laser,60,450;300;200;100;50,450,1.5,3,0.4,1.5,3,1,10,20,100,-10,5,250,40,5,250,60,1,7,10,0,0.06,4,0.222,50,8,5
6,2,1,2,2;3;1;4,1,60,FrameTimeStutter,5.000,laser,practice,2026-09-21T19:06:24.6042923-04:00,4,648,11.16250,16.1251,1605.31,1256.17,0.000,0.000,-16.9123,13.2634,14.7936,Left,0,0,0,0,0.0000,100.000,0,0.000,0,127.500,71.914,4.000,0.0300,0.6667,190.00,laser,60,450;300;200;100;50,450,1.5,3,0.4,1.5,3,1,10,20,100,-10,5,250,40,5,250,60,1,7,10,0,0.06,4,0.222,50,8,5
6,2,1,2,2;3;1;4,1,60,FrameTimeStutter,5.000,laser,practice,2026-09-21T19:06:24.6042923-04:00,4,649,11.17935,16.8534,1605.31,1256.17,0.000,0.000,-16.9123,13.2634,14.7936,Left,0,0,0,0,0.0000,100.000,0,0.000,0,127.500,71.914,4.000,0.0300,0.6667,190.00,laser,60,450;300;200;100;50,450,1.5,3,0.4,1.5,3,1,10,20,100,-10,5,250,40,5,250,60,1,7,10,0,0.06,4,0.222,50,8,5
6,2,1,2,2;3;1;4,1,60,FrameTimeStutter,5.000,laser,practice,2026-09-21T19:06:24.6042923-04:00,4,650,11.19626,16.9098,1605.31,1256.17,0.000,0.000,-16.9123,13.2634,14.7936,Left,0,0,0,0,0.0000,100.000,0,0.000,0,127.500,71.914,4.000,0.0300,0.6667,190.00,laser,60,450;300;200;100;50,450,1.5,3,0.4,1.5,3,1,10,20,100,-10,5,250,40,5,250,60,1,7,10,0,0.06,4,0.222,50,8,5
6,2,1,2,2;3;1;4,1,60,FrameTimeStutter,5.000,laser,practice,2026-09-21T19:06:24.6042923-04:00,4,651,11.21311,16.8547,1605.31,1256.17,0.000,0.000,-16.9123,13.2634,14.7936,Left,0,0,0,0,0.0000,100.000,0,0.000,0,127.500,71.914,4.000,0.0300,0.6667,190.00,laser,60,450;300;200;100;50,450,1.5,3,0.4,1.5,3,1,10,20,100,-10,5,250,40,5,250,60,1,7,10,0,0.06,4,0.222,50,8,5
6,2,1,2,2;3;1;4,1,60,FrameTimeStutter,5.000,laser,practice,2026-09-21T19:06:24.6042923-04:00,4,652,11.22913,16.0159,1605.31,1256.17,0.000,0.000,-16.9123,13.2634,14.7936,Left,0,0,0,0,0.0000,100.000,0,0.000,0,127.500,71.914,4.000,0.0300,0.6667,190.00,laser,60,450;300;200;100;50,450,1.5,3,0.4,1.5,3,1,10,20,100,-10,5,250,40,5,250,60,1,7,10,0,0.06,4,0.222,50,8,5
6,2,1,2,2;3;1;4,1,60,FrameTimeStutter,5.000,laser,practice,2026-09-21T19:06:24.6042923-04:00,4,653,11.24614,17.0135,1605.31,1256.17,0.000,0.000,-16.9123,13.2634,14.7936,Left,0,0,0,0,0.0000,100.000,0,0.000,0,127.500,71.914,4.000,0.0300,0.6667,190.00,laser,60,450;300;200;100;50,450,1.5,3,0.4,1.5,3,1,10,20,100,-10,5,250,40,5,250,60,1,7,10,0,0.06,4,0.222,50,8,5
6,2,1,2,2;3;1;4,1,60,FrameTimeStutter,5.000,laser,practice,2026-09-21T19:06:24.6042923-04:00,4,654,11.26303,16.8885,1605.31,1256.17,0.000,0.000,-16.9123,13.2634,14.7936,Left,0,0,0,0,0.0000,100.000,0,0.000,0,127.500,71.914,4.000,0.0300,0.6667,190.00,laser,60,450;300;200;100;50,450,1.5,3,0.4,1.5,3,1,10,20,100,-10,5,250,40,5,250,60,1,7,10,0,0.06,4,0.222,50,8,5
6,2,1,2,2;3;1;4,1,60,FrameTimeStutter,5.000,laser,practice,2026-09-21T19:06:24.6042923-04:00,4,655,11.27966,16.6248,1605.31,1256.17,0.000,0.000,-16.9123,13.2634,14.7936,Left,0,0,0,0,0.0000,100.000,0,0.000,0,127.500,71.914,4.000,0.0300,0.6667,190.00,laser,60,450;300;200;100;50,450,1.5,3,0.4,1.5,3,1,10,20,100,-10,5,250,40,5,250,60,1,7,10,0,0.06,4,0.222,50,8,5
6,2,1,2,2;3;1;4,1,60,FrameTimeStutter,5.000,laser,practice,2026-09-21T19:06:24.6042923-04:00,4,656,11.29623,16.5783,1605.31,1256.17,0.000,0.000,-16.9123,13.2634,14.7936,Left,0,0,0,0,0.0000,100.000,0,0.000,0,127.500,71.914,4.000,0.0300,0.6667,190.00,laser,60,450;300;200;100;50,450,1.5,3,0.4,1.5,3,1,10,20,100,-10,5,250,40,5,250,60,1,7,10,0,0.06,4,0.222,50,8,5
6,2,1,2,2;3;1;4,1,60,FrameTimeStutter,5.000,laser,practice,2026-09-21T19:06:24.6042923-04:00,4,657,11.31279,16.5576,1605.31,1256.17,0.000,0.000,-16.9123,13.2634,14.7936,Left,0,0,0,0,0.0000,100.000,0,0.000,0,127.500,71.914,4.000,0.0300,0.6667,190.00,laser,60,450;300;200;100;50,450,1.5,3,0.4,1.5,3,1,10,20,100,-10,5,250,40,5,250,60,1,7,10,0,0.06,4,0.222,50,8,5
6,2,1,2,2;3;1;4,1,60,FrameTimeStutter,5.000,laser,practice,2026-09-21T19:06:24.6042923-04:00,4,658,11.32920,16.4045,1605.31,1256.17,0.000,0.000,-16.9123,13.2634,14.7936,Left,0,0,0,0,0.0000,100.000,0,0.000,0,127.500,71.914,4.000,0.0300,0.6667,190.00,laser,60,450;300;200;100;50,450,1.5,3,0.4,1.5,3,1,10,20,100,-10,5,250,40,5,250,60,1,7,10,0,0.06,4,0.222,50,8,5
6,2,1,2,2;3;1;4,1,60,FrameTimeStutter,5.000,laser,practice,2026-09-21T19:06:24.6042923-04:00,4,659,11.34646,17.2596,1605.31,1256.17,0.000,0.000,-16.9123,13.2634,14.7936,Left,0,0,0,0,0.0000,100.000,0,0.000,0,127.500,71.914,4.000,0.0300,0.6667,190.00,laser,60,450;300;200;100;50,450,1.5,3,0.4,1.5,3,1,10,20,100,-10,5,250,40,5,250,60,1,7,10,0,0.06,4,0.222,50,8,5
6,2,1,2,2;3;1;4,1,60,FrameTimeStutter,5.000,laser,practice,2026-09-21T19:06:24.6042923-04:00,4,660,11.36306,16.6089,1605.31,1256.17,0.000,0.000,-16.9123,13.2634,14.7936,Left,0,0,0,0,0.0000,100.000,0,0.000,0,127.500,71.914,4.000,0.0300,0.6667,190.00,laser,60,450;300;200;100;50,450,1.5,3,0.4,1.5,3,1,10,20,100,-10,5,250,40,5,250,60,1,7,10,0,0.06,4,0.222,50,8,5
6,2,1,2,2;3;1;4,1,60,FrameTimeStutter,5.000,laser,practice,2026-09-21T19:06:24.6042923-04:00,4,661,11.37911,16.0437,1605.31,1256.17,0.000,0.000,-16.9123,13.2634,14.7936,Left,0,0,0,0,0.0000,100.000,0,0.000,0,127.500,71.914,4.000,0.0300,0.6667,190.00,laser,60,450;300;200;100;50,450,1.5,3,0.4,1.5,3,1,10,20,100,-10,5,250,40,5,250,60,1,7,10,0,0.06,4,0.222,50,8,5
6,2,1,2,2;3;1;4,1,60,FrameTimeStutter,5.000,laser,practice,2026-09-21T19:06:24.6042923-04:00,4,662,11.39648,17.3711,1605.31,1256.17,0.000,0.000,-16.9123,13.2634,14.7936,Left,0,0,0,0,0.0000,100.000,0,0.000,0,127.500,71.914,4.000,0.0300,0.6667,190.00,laser,60,450;300;200;100;50,450,1.5,3,0.4,1.5,3,1,10,20,100,-10,5,250,40,5,250,60,1,7,10,0,0.06,4,0.222,50,8,5
6,2,1,2,2;3;1;4,1,60,FrameTimeStutter,5.000,laser,practice,2026-09-21T19:06:24.6042923-04:00,4,663,11.41291,16.4304,1605.31,1256.17,0.000,0.000,-16.9123,13.2634,14.7936,Left,0,0,0,0,0.0000,100.000,0,0.000,0,127.500,71.914,4.000,0.0300,0.6667,190.00,laser,60,450;300;200;100;50,450,1.5,3,0.4,1.5,3,1,10,20,100,-10,5,250,40,5,250,60,1,7,10,0,0.06,4,0.222,50,8,5
6,2,1,2,2;3;1;4,1,60,FrameTimeStutter,5.000,laser,practice,2026-09-21T19:06:24.6042923-04:00,4,664,11.42922,16.3076,1605.31,1256.17,0.000,0.000,-16.9123,13.2634,14.7936,Left,0,0,0,0,0.0000,100.000,0,0.000,0,127.500,71.914,4.000,0.0300,0.6667,190.00,laser,60,450;300;200;100;50,450,1.5,3,0.4,1.5,3,1,10,20,100,-10,5,250,40,5,250,60,1,7,10,0,0.06,4,0.222,50,8,5
6,2,1,2,2;3;1;4,1,60,FrameTimeStutter,5.000,laser,practice,2026-09-21T19:06:24.6042923-04:00,4,665,11.44573,16.5164,1605.31,1256.17,0.000,0.000,-16.9123,13.2634,14.7936,Left,0,0,0,0,0.0000,100.000,0,0.000,0,127.500,71.914,4.000,0.0300,0.6667,190.00,laser,60,450;300;200;100;50,450,1.5,3,0.4,1.5,3,1,10,20,100,-10,5,250,40,5,250,60,1,7,10,0,0.06,4,0.222,50,8,5
6,2,1,2,2;3;1;4,1,60,FrameTimeStutter,5.000,laser,practice,2026-09-21T19:06:24.6042923-04:00,4,666,11.46317,17.4382,1605.31,1256.17,0.000,0.000,-16.9123,13.2634,14.7936,Left,0,0,0,0,0.0000,100.000,0,0.000,0,127.500,71.914,4.000,0.0300,0.6667,190.00,laser,60,450;300;200;100;50,450,1.5,3,0.4,1.5,3,1,10,20,100,-10,5,250,40,5,250,60,1,7,10,0,0.06,4,0.222,50,8,5
6,2,1,2,2;3;1;4,1,60,FrameTimeStutter,5.000,laser,practice,2026-09-21T19:06:24.6042923-04:00,4,667,11.47948,16.3101,1605.31,1256.17,0.000,0.000,-16.9123,13.2634,14.7936,Left,0,0,0,0,0.0000,100.000,0,0.000,0,127.500,71.914,4.000,0.0300,0.6667,190.00,laser,60,450;300;200;100;50,450,1.5,3,0.4,1.5,3,1,10,20,100,-10,5,250,40,5,250,60,1,7,10,0,0.06,4,0.222,50,8,5
6,2,1,2,2;3;1;4,1,60,FrameTimeStutter,5.000,laser,practice,2026-09-21T19:06:24.6042923-04:00,4,668,11.49592,16.4366,1605.31,1256.17,0.000,0.000,-16.9123,13.2634,14.7936,Left,0,0,0,0,0.0000,100.000,0,0.000,0,127.500,71.914,4.000,0.0300,0.6667,190.00,laser,60,450;300;200;100;50,450,1.5,3,0.4,1.5,3,1,10,20,100,-10,5,250,40,5,250,60,1,7,10,0,0.06,4,0.222,50,8,5
6,2,1,2,2;3;1;4,1,60,FrameTimeStutter,5.000,laser,practice,2026-09-21T19:06:24.6042923-04:00,4,669,11.51287,16.9474,1605.31,1256.17,0.000,0.000,-16.9123,13.2634,14.7936,Left,0,0,0,0,0.0000,100.000,0,0.000,0,127.500,71.914,4.000,0.0300,0.6667,190.00,laser,60,450;300;200;100;50,450,1.5,3,0.4,1.5,3,1,10,20,100,-10,5,250,40,5,250,60,1,7,10,0,0.06,4,0.222,50,8,5
6,2,1,2,2;3;1;4,1,60,FrameTimeStutter,5.000,laser,practice,2026-09-21T19:06:24.6042923-04:00,4,670,11.52975,16.8810,1605.31,1256.17,0.000,0.000,-16.9123,13.2634,14.7936,Left,0,0,0,0,0.0000,100.000,0,0.000,0,127.500,71.914,4.000,0.0300,0.6667,190.00,laser,60,450;300;200;100;50,450,1.5,3,0.4,1.5,3,1,10,20,100,-10,5,250,40,5,250,60,1,7,10,0,0.06,4,0.222,50,8,5
6,2,1,2,2;3;1;4,1,60,FrameTimeStutter,5.000,laser,practice,2026-09-21T19:06:24.6042923-04:00,4,671,11.54646,16.7157,1605.31,1256.17,0.000,0.000,-16.9123,13.2634,14.7936,Left,0,0,0,0,0.0000,100.000,0,0.000,0,127.500,71.914,4.000,0.0300,0.6667,190.00,laser,60,450;300;200;100;50,450,1.5,3,0.4,1.5,3,1,10,20,100,-10,5,250,40,5,250,60,1,7,10,0,0.06,4,0.222,50,8,5
6,2,1,2,2;3;1;4,1,60,FrameTimeStutter,5.000,laser,practice,2026-09-21T19:06:24.6042923-04:00,4,672,11.56306,16.5964,1605.31,1256.17,0.000,0.000,-16.9123,13.2634,14.7936,Left,0,0,0,0,0.0000,100.000,0,0.000,0,127.500,71.914,4.000,0.0300,0.6667,190.00,laser,60,450;300;200;100;50,450,1.5,3,0.4,1.5,3,1,10,20,100,-10,5,250,40,5,250,60,1,7,10,0,0.06,4,0.222,50,8,5
6,2,1,2,2;3;1;4,1,60,FrameTimeStutter,5.000,laser,practice,2026-09-21T19:06:24.6042923-04:00,4,673,11.57968,16.6164,1605.31,1256.17,0.000,0.000,-16.9123,13.2634,14.7936,Left,0,0,0,0,0.0000,100.000,0,0.000,0,127.500,71.914,4.000,0.0300,0.6667,190.00,laser,60,450;300;200;100;50,450,1.5,3,0.4,1.5,3,1,10,20,100,-10,5,250,40,5,250,60,1,7,10,0,0.06,4,0.222,50,8,5
6,2,1,2,2;3;1;4,1,60,FrameTimeStutter,5.000,laser,practice,2026-09-21T19:06:24.6042923-04:00,4,674,11.59614,16.4658,1605.31,1256.17,0.000,0.000,-16.9123,13.2634,14.7936,Left,0,0,0,0,0.0000,100.000,0,0.000,0,127.500,71.914,4.000,0.0300,0.6667,190.00,laser,60,450;300;200;100;50,450,1.5,3,0.4,1.5,3,1,10,20,100,-10,5,250,40,5,250,60,1,7,10,0,0.06,4,0.222,50,8,5
6,2,1,2,2;3;1;4,1,60,FrameTimeStutter,5.000,laser,practice,2026-09-21T19:06:24.6042923-04:00,4,675,11.61275,16.6127,1605.31,1256.17,0.000,0.000,-16.9123,13.2634,14.7936,Left,0,0,0,0,0.0000,100.000,0,0.000,0,127.500,71.914,4.000,0.0300,0.6667,190.00,laser,60,450;300;200;100;50,450,1.5,3,0.4,1.5,3,1,10,20,100,-10,5,250,40,5,250,60,1,7,10,0,0.06,4,0.222,50,8,5
6,2,1,2,2;3;1;4,1,60,FrameTimeStutter,5.000,laser,practice,2026-09-21T19:06:24.6042923-04:00,4,676,11.62931,16.5558,1605.31,1256.17,0.000,0.000,-16.9123,13.2634,14.7936,Left,0,0,0,0,0.0000,100.000,0,0.000,0,127.500,71.914,4.000,0.0300,0.6667,190.00,laser,60,450;300;200;100;50,450,1.5,3,0.4,1.5,3,1,10,20,100,-10,5,250,40,5,250,60,1,7,10,0,0.06,4,0.222,50,8,5
6,2,1,2,2;3;1;4,1,60,FrameTimeStutter,5.000,laser,practice,2026-09-21T19:06:24.6042923-04:00,4,677,11.64580,16.4871,1605.31,1256.17,0.000,0.000,-16.9123,13.2634,14.7936,Left,0,0,0,0,0.0000,100.000,0,0.000,0,127.500,71.914,4.000,0.0300,0.6667,190.00,laser,60,450;300;200;100;50,450,1.5,3,0.4,1.5,3,1,10,20,100,-10,5,250,40,5,250,60,1,7,10,0,0.06,4,0.222,50,8,5
6,2,1,2,2;3;1;4,1,60,FrameTimeStutter,5.000,laser,practice,2026-09-21T19:06:24.6042923-04:00,4,678,11.66252,16.7203,1605.31,1256.17,0.000,0.000,-16.9123,13.2634,14.7936,Left,0,0,0,0,0.0000,100.000,0,0.000,0,127.500,71.914,4.000,0.0300,0.6667,190.00,laser,60,450;300;200;100;50,450,1.5,3,0.4,1.5,3,1,10,20,100,-10,5,250,40,5,250,60,1,7,10,0,0.06,4,0.222,50,8,5
6,2,1,2,2;3;1;4,1,60,FrameTimeStutter,5.000,laser,practice,2026-09-21T19:06:24.6042923-04:00,4,679,11.67907,16.5522,1605.31,1256.17,0.000,0.000,-16.9123,13.2634,14.7936,Left,0,0,0,0,0.0000,100.000,0,0.000,0,127.500,71.914,4.000,0.0300,0.6667,190.00,laser,60,450;300;200;100;50,450,1.5,3,0.4,1.5,3,1,10,20,100,-10,5,250,40,5,250,60,1,7,10,0,0.06,4,0.222,50,8,5
6,2,1,2,2;3;1;4,1,60,FrameTimeStutter,5.000,laser,practice,2026-09-21T19:06:24.6042923-04:00,4,680,11.69654,17.4719,1605.31,1256.17,0.000,0.000,-16.9123,13.2634,14.7936,Left,0,0,0,0,0.0000,100.000,0,0.000,0,127.500,71.914,4.000,0.0300,0.6667,190.00,laser,60,450;300;200;100;50,450,1.5,3,0.4,1.5,3,1,10,20,100,-10,5,250,40,5,250,60,1,7,10,0,0.06,4,0.222,50,8,5
6,2,1,2,2;3;1;4,1,60,FrameTimeStutter,5.000,laser,practice,2026-09-21T19:06:24.6042923-04:00,4,681,11.71311,16.5681,1605.31,1256.17,0.000,0.000,-16.9123,13.2634,14.7936,Left,0,0,0,0,0.0000,100.000,0,0.000,0,127.500,71.914,4.000,0.0300,0.6667,190.00,laser,60,450;300;200;100;50,450,1.5,3,0.4,1.5,3,1,10,20,100,-10,5,250,40,5,250,60,1,7,10,0,0.06,4,0.222,50,8,5
6,2,1,2,2;3;1;4,1,60,FrameTimeStutter,5.000,laser,practice,2026-09-21T19:06:24.6042923-04:00,4,682,11.72969,16.5808,1605.31,1256.17,0.000,0.000,-16.9123,13.2634,14.7936,Left,0,0,0,0,0.0000,100.000,0,0.000,0,127.500,71.914,4.000,0.0300,0.6667,190.00,laser,60,450;300;200;100;50,450,1.5,3,0.4,1.5,3,1,10,20,100,-10,5,250,40,5,250,60,1,7,10,0,0.06,4,0.222,50,8,5
6,2,1,2,2;3;1;4,1,60,FrameTimeStutter,5.000,laser,practice,2026-09-21T19:06:24.6042923-04:00,4,683,11.74639,16.7037,1605.31,1256.17,0.000,0.000,-16.9123,13.2634,14.7936,Left,0,0,0,0,0.0000,100.000,0,0.000,0,127.500,71.914,4.000,0.0300,0.6667,190.00,laser,60,450;300;200;100;50,450,1.5,3,0.4,1.5,3,1,10,20,100,-10,5,250,40,5,250,60,1,7,10,0,0.06,4,0.222,50,8,5
6,2,1,2,2;3;1;4,1,60,FrameTimeStutter,5.000,laser,practice,2026-09-21T19:06:24.6042923-04:00,4,684,11.76313,16.7348,1605.31,1256.17,0.000,0.000,-16.9123,13.2634,14.7936,Left,0,0,0,0,0.0000,100.000,0,0.000,0,127.500,71.914,4.000,0.0300,0.6667,190.00,laser,60,450;300;200;100;50,450,1.5,3,0.4,1.5,3,1,10,20,100,-10,5,250,40,5,250,60,1,7,10,0,0.06,4,0.222,50,8,5
6,2,1,2,2;3;1;4,1,60,FrameTimeStutter,5.000,laser,practice,2026-09-21T19:06:24.6042923-04:00,4,685,11.77983,16.7037,1605.31,1256.17,0.000,0.000,-16.9123,13.2634,14.7936,Left,0,0,0,0,0.0000,100.000,0,0.000,0,127.500,71.914,4.000,0.0300,0.6667,190.00,laser,60,450;300;200;100;50,450,1.5,3,0.4,1.5,3,1,10,20,100,-10,5,250,40,5,250,60,1,7,10,0,0.06,4,0.222,50,8,5
6,2,1,2,2;3;1;4,1,60,FrameTimeStutter,5.000,laser,practice,2026-09-21T19:06:24.6042923-04:00,4,686,11.79634,16.5111,1605.31,1256.17,0.000,0.000,-16.9123,13.2634,14.7936,Left,0,0,0,0,0.0000,100.000,0,0.000,0,127.500,71.914,4.000,0.0300,0.6667,190.00,laser,60,450;300;200;100;50,450,1.5,3,0.4,1.5,3,1,10,20,100,-10,5,250,40,5,250,60,1,7,10,0,0.06,4,0.222,50,8,5
6,2,1,2,2;3;1;4,1,60,FrameTimeStutter,5.000,laser,practice,2026-09-21T19:06:24.6042923-04:00,4,687,11.81282,16.4770,1605.31,1256.17,0.000,0.000,-16.9123,13.2634,14.7936,Left,0,0,0,0,0.0000,100.000,0,0.000,0,127.500,71.914,4.000,0.0300,0.6667,190.00,laser,60,450;300;200;100;50,450,1.5,3,0.4,1.5,3,1,10,20,100,-10,5,250,40,5,250,60,1,7,10,0,0.06,4,0.222,50,8,5
6,2,1,2,2;3;1;4,1,60,FrameTimeStutter,5.000,laser,practice,2026-09-21T19:06:24.6042923-04:00,4,688,11.82969,16.8679,1605.31,1256.17,0.000,0.000,-16.9123,13.2634,14.7936,Left,0,0,0,0,0.0000,100.000,0,0.000,0,127.500,71.914,4.000,0.0300,0.6667,190.00,laser,60,450;300;200;100;50,450,1.5,3,0.4,1.5,3,1,10,20,100,-10,5,250,40,5,250,60,1,7,10,0,0.06,4,0.222,50,8,5
6,2,1,2,2;3;1;4,1,60,FrameTimeStutter,5.000,laser,practice,2026-09-21T19:06:24.6042923-04:00,4,689,11.84649,16.8029,1605.31,1256.17,0.000,0.000,-16.9123,13.2634,14.7936,Left,0,0,0,0,0.0000,100.000,0,0.000,0,127.500,71.914,4.000,0.0300,0.6667,190.00,laser,60,450;300;200;100;50,450,1.5,3,0.4,1.5,3,1,10,20,100,-10,5,250,40,5,250,60,1,7,10,0,0.06,4,0.222,50,8,5
6,2,1,2,2;3;1;4,1,60,FrameTimeStutter,5.000,laser,practice,2026-09-21T19:06:24.6042923-04:00,4,690,11.86315,16.6551,1605.31,1256.17,0.000,0.000,-16.9123,13.2634,14.7936,Left,0,0,0,0,0.0000,100.000,0,0.000,0,127.500,71.914,4.000,0.0300,0.6667,190.00,laser,60,450;300;200;100;50,450,1.5,3,0.4,1.5,3,1,10,20,100,-10,5,250,40,5,250,60,1,7,10,0,0.06,4,0.222,50,8,5
6,2,1,2,2;3;1;4,1,60,FrameTimeStutter,5.000,laser,practice,2026-09-21T19:06:24.6042923-04:00,4,691,11.87960,16.4513,1605.31,1256.17,0.000,0.000,-16.9123,13.2634,14.7936,Left,0,0,0,0,0.0000,100.000,0,0.000,0,127.500,71.914,4.000,0.0300,0.6667,190.00,laser,60,450;300;200;100;50,450,1.5,3,0.4,1.5,3,1,10,20,100,-10,5,250,40,5,250,60,1,7,10,0,0.06,4,0.222,50,8,5
6,2,1,2,2;3;1;4,1,60,FrameTimeStutter,5.000,laser,practice,2026-09-21T19:06:24.6042923-04:00,4,692,11.89616,16.5672,1605.31,1256.17,0.000,0.000,-16.9123,13.2634,14.7936,Left,0,0,0,0,0.0000,100.000,0,0.000,0,127.500,71.914,4.000,0.0300,0.6667,190.00,laser,60,450;300;200;100;50,450,1.5,3,0.4,1.5,3,1,10,20,100,-10,5,250,40,5,250,60,1,7,10,0,0.06,4,0.222,50,8,5
6,2,1,2,2;3;1;4,1,60,FrameTimeStutter,5.000,laser,practice,2026-09-21T19:06:24.6042923-04:00,4,693,11.91278,16.6119,1605.31,1256.17,0.000,0.000,-16.9123,13.2634,14.7936,Left,0,0,0,0,0.0000,100.000,0,0.000,0,127.500,71.914,4.000,0.0300,0.6667,190.00,laser,60,450;300;200;100;50,450,1.5,3,0.4,1.5,3,1,10,20,100,-10,5,250,40,5,250,60,1,7,10,0,0.06,4,0.222,50,8,5
6,2,1,2,2;3;1;4,1,60,FrameTimeStutter,5.000,laser,practice,2026-09-21T19:06:24.6042923-04:00,4,694,11.92921,16.4334,1605.31,1256.17,0.000,0.000,-16.9123,13.2634,14.7936,Left,0,0,0,0,0.0000,100.000,0,0.000,0,127.500,71.914,4.000,0.0300,0.6667,190.00,laser,60,450;300;200;100;50,450,1.5,3,0.4,1.5,3,1,10,20,100,-10,5,250,40,5,250,60,1,7,10,0,0.06,4,0.222,50,8,5
6,2,1,2,2;3;1;4,1,60,FrameTimeStutter,5.000,laser,practice,2026-09-21T19:06:24.6042923-04:00,4,695,11.94574,16.5320,1605.31,1256.17,0.000,0.000,-16.9123,13.2634,14.7936,Left,0,0,0,0,0.0000,100.000,0,0.000,0,127.500,71.914,4.000,0.0300,0.6667,190.00,laser,60,450;300;200;100;50,450,1.5,3,0.4,1.5,3,1,10,20,100,-10,5,250,40,5,250,60,1,7,10,0,0.06,4,0.222,50,8,5
6,2,1,2,2;3;1;4,1,60,FrameTimeStutter,5.000,laser,practice,2026-09-21T19:06:24.6042923-04:00,4,696,11.96293,17.1918,1605.31,1256.17,0.000,0.000,-16.9123,13.2634,14.7936,Left,0,0,0,0,0.0000,100.000,0,0.000,0,127.500,71.914,4.000,0.0300,0.6667,190.00,laser,60,450;300;200;100;50,450,1.5,3,0.4,1.5,3,1,10,20,100,-10,5,250,40,5,250,60,1,7,10,0,0.06,4,0.222,50,8,5
6,2,1,2,2;3;1;4,1,60,FrameTimeStutter,5.000,laser,practice,2026-09-21T19:06:24.6042923-04:00,4,697,11.97951,16.5802,1605.31,1256.17,0.000,0.000,-16.9123,13.2634,14.7936,Left,0,0,0,0,0.0000,100.000,0,0.000,0,127.500,71.914,4.000,0.0300,0.6667,190.00,laser,60,450;300;200;100;50,450,1.5,3,0.4,1.5,3,1,10,20,100,-10,5,250,40,5,250,60,1,7,10,0,0.06,4,0.222,50,8,5
6,2,1,2,2;3;1;4,1,60,FrameTimeStutter,5.000,laser,practice,2026-09-21T19:06:24.6042923-04:00,4,698,11.99615,16.6336,1605.31,1256.17,0.000,0.000,-16.9123,13.2634,14.7936,Left,0,0,0,0,0.0000,100.000,0,0.000,0,127.500,71.914,4.000,0.0300,0.6667,190.00,laser,60,450;300;200;100;50,450,1.5,3,0.4,1.5,3,1,10,20,100,-10,5,250,40,5,250,60,1,7,10,0,0.06,4,0.222,50,8,5
6,2,1,2,2;3;1;4,1,60,FrameTimeStutter,5.000,laser,practice,2026-09-21T19:06:24.6042923-04:00,4,699,12.01296,16.8068,1605.31,1256.17,0.000,0.000,-16.9123,13.2634,14.7936,Left,0,0,0,0,0.0000,100.000,0,0.000,0,127.500,71.914,4.000,0.0300,0.6667,190.00,laser,60,450;300;200;100;50,450,1.5,3,0.4,1.5,3,1,10,20,100,-10,5,250,40,5,250,60,1,7,10,0,0.06,4,0.222,50,8,5
6,2,1,2,2;3;1;4,1,60,FrameTimeStutter,5.000,laser,practice,2026-09-21T19:06:24.6042923-04:00,4,700,12.02976,16.8047,1605.31,1256.17,0.000,0.000,-16.9123,13.2634,14.7936,Left,0,0,0,0,0.0000,100.000,0,0.000,0,127.500,71.914,4.000,0.0300,0.6667,190.00,laser,60,450;300;200;100;50,450,1.5,3,0.4,1.5,3,1,10,20,100,-10,5,250,40,5,250,60,1,7,10,0,0.06,4,0.222,50,8,5
6,2,1,2,2;3;1;4,1,60,FrameTimeStutter,5.000,laser,practice,2026-09-21T19:06:24.6042923-04:00,4,701,12.04627,16.5088,1605.31,1256.17,0.000,0.000,-16.9123,13.2634,14.7936,Left,0,0,0,0,0.0000,100.000,0,0.000,0,127.500,71.914,4.000,0.0300,0.6667,190.00,laser,60,450;300;200;100;50,450,1.5,3,0.4,1.5,3,1,10,20,100,-10,5,250,40,5,250,60,1,7,10,0,0.06,4,0.222,50,8,5
6,2,1,2,2;3;1;4,1,60,FrameTimeStutter,5.000,laser,practice,2026-09-21T19:06:24.6042923-04:00,4,702,12.06320,16.9281,1605.31,1256.17,0.000,0.000,-16.9123,13.2634,14.7936,Left,0,0,0,0,0.0000,100.000,0,0.000,0,127.500,71.914,4.000,0.0300,0.6667,190.00,laser,60,450;300;200;100;50,450,1.5,3,0.4,1.5,3,1,10,20,100,-10,5,250,40,5,250,60,1,7,10,0,0.06,4,0.222,50,8,5
6,2,1,2,2;3;1;4,1,60,FrameTimeStutter,5.000,laser,practice,2026-09-21T19:06:24.6042923-04:00,4,703,12.07906,15.8618,1605.31,1256.17,0.000,0.000,-16.9123,13.2634,14.7936,Left,0,0,0,0,0.0000,100.000,0,0.000,0,127.500,71.914,4.000,0.0300,0.6667,190.00,laser,60,450;300;200;100;50,450,1.5,3,0.4,1.5,3,1,10,20,100,-10,5,250,40,5,250,60,1,7,10,0,0.06,4,0.222,50,8,5
6,2,1,2,2;3;1;4,1,60,FrameTimeStutter,5.000,laser,practice,2026-09-21T19:06:24.6042923-04:00,4,704,12.09581,16.7480,1605.31,1256.17,0.000,0.000,-16.9123,13.2634,14.7936,Left,0,0,0,0,0.0000,100.000,0,0.000,0,127.500,71.914,4.000,0.0300,0.6667,190.00,laser,60,450;300;200;100;50,450,1.5,3,0.4,1.5,3,1,10,20,100,-10,5,250,40,5,250,60,1,7,10,0,0.06,4,0.222,50,8,5
6,2,1,2,2;3;1;4,1,60,FrameTimeStutter,5.000,laser,practice,2026-09-21T19:06:24.6042923-04:00,4,705,12.11311,17.3009,1605.31,1256.17,0.000,0.000,-16.9123,13.2634,14.7936,Left,0,0,0,0,0.0000,100.000,0,0.000,0,127.500,71.914,4.000,0.0300,0.6667,190.00,laser,60,450;300;200;100;50,450,1.5,3,0.4,1.5,3,1,10,20,100,-10,5,250,40,5,250,60,1,7,10,0,0.06,4,0.222,50,8,5
6,2,1,2,2;3;1;4,1,60,FrameTimeStutter,5.000,laser,practice,2026-09-21T19:06:24.6042923-04:00,4,706,12.12950,16.3970,1605.31,1256.17,0.000,0.000,-16.9123,13.2634,14.7936,Left,0,0,0,0,0.0000,100.000,0,0.000,0,127.500,71.914,4.000,0.0300,0.6667,190.00,laser,60,450;300;200;100;50,450,1.5,3,0.4,1.5,3,1,10,20,100,-10,5,250,40,5,250,60,1,7,10,0,0.06,4,0.222,50,8,5
6,2,1,2,2;3;1;4,1,60,FrameTimeStutter,5.000,laser,practice,2026-09-21T19:06:24.6042923-04:00,4,707,12.14601,16.5099,1605.31,1256.17,0.000,0.000,-16.9123,13.2634,14.7936,Left,0,0,0,0,0.0000,100.000,0,0.000,0,127.500,71.914,4.000,0.0300,0.6667,190.00,laser,60,450;300;200;100;50,450,1.5,3,0.4,1.5,3,1,10,20,100,-10,5,250,40,5,250,60,1,7,10,0,0.06,4,0.222,50,8,5
6,2,1,2,2;3;1;4,1,60,FrameTimeStutter,5.000,laser,practice,2026-09-21T19:06:24.6042923-04:00,4,708,12.16268,16.6666,1605.31,1256.17,0.000,0.000,-16.9123,13.2634,14.7936,Left,0,0,0,0,0.0000,100.000,0,0.000,0,127.500,71.914,4.000,0.0300,0.6667,190.00,laser,60,450;300;200;100;50,450,1.5,3,0.4,1.5,3,1,10,20,100,-10,5,250,40,5,250,60,1,7,10,0,0.06,4,0.222,50,8,5
6,2,1,2,2;3;1;4,1,60,FrameTimeStutter,5.000,laser,practice,2026-09-21T19:06:24.6042923-04:00,4,709,12.17911,16.4320,1605.31,1256.17,0.000,0.000,-16.9123,13.2634,14.7936,Left,0,0,0,0,0.0000,100.000,0,0.000,0,127.500,71.914,4.000,0.0300,0.6667,190.00,laser,60,450;300;200;100;50,450,1.5,3,0.4,1.5,3,1,10,20,100,-10,5,250,40,5,250,60,1,7,10,0,0.06,4,0.222,50,8,5
6,2,1,2,2;3;1;4,1,60,FrameTimeStutter,5.000,laser,practice,2026-09-21T19:06:24.6042923-04:00,4,710,12.19649,17.3733,1605.31,1256.17,0.000,0.000,-16.9123,13.2634,14.7936,Left,0,0,0,0,0.0000,100.000,0,0.000,0,127.500,71.914,4.000,0.0300,0.6667,190.00,laser,60,450;300;200;100;50,450,1.5,3,0.4,1.5,3,1,10,20,100,-10,5,250,40,5,250,60,1,7,10,0,0.06,4,0.222,50,8,5
6,2,1,2,2;3;1;4,1,60,FrameTimeStutter,5.000,laser,practice,2026-09-21T19:06:24.6042923-04:00,4,711,12.21299,16.5030,1605.31,1256.17,0.000,0.000,-16.9123,13.2634,14.7936,Left,0,0,0,0,0.0000,100.000,0,0.000,0,127.500,71.914,4.000,0.0300,0.6667,190.00,laser,60,450;300;200;100;50,450,1.5,3,0.4,1.5,3,1,10,20,100,-10,5,250,40,5,250,60,1,7,10,0,0.06,4,0.222,50,8,5
6,2,1,2,2;3;1;4,1,60,FrameTimeStutter,5.000,laser,practice,2026-09-21T19:06:24.6042923-04:00,4,712,12.22928,16.2860,1605.31,1256.17,0.000,0.000,-16.9123,13.2634,14.7936,Left,0,0,0,0,0.0000,100.000,0,0.000,0,127.500,71.914,4.000,0.0300,0.6667,190.00,laser,60,450;300;200;100;50,450,1.5,3,0.4,1.5,3,1,10,20,100,-10,5,250,40,5,250,60,1,7,10,0,0.06,4,0.222,50,8,5
6,2,1,2,2;3;1;4,1,60,FrameTimeStutter,5.000,laser,practice,2026-09-21T19:06:24.6042923-04:00,4,713,12.24626,16.9824,1605.31,1256.17,0.000,0.000,-16.9123,13.2634,14.7936,Left,0,0,0,0,0.0000,100.000,0,0.000,0,127.500,71.914,4.000,0.0300,0.6667,190.00,laser,60,450;300;200;100;50,450,1.5,3,0.4,1.5,3,1,10,20,100,-10,5,250,40,5,250,60,1,7,10,0,0.06,4,0.222,50,8,5
6,2,1,2,2;3;1;4,1,60,FrameTimeStutter,5.000,laser,practice,2026-09-21T19:06:24.6042923-04:00,4,714,12.26312,16.8658,1605.31,1256.17,0.000,0.000,-16.9123,13.2634,14.7936,Left,0,0,0,0,0.0000,100.000,0,0.000,0,127.500,71.914,4.000,0.0300,0.6667,190.00,laser,60,450;300;200;100;50,450,1.5,3,0.4,1.5,3,1,10,20,100,-10,5,250,40,5,250,60,1,7,10,0,0.06,4,0.222,50,8,5
6,2,1,2,2;3;1;4,1,60,FrameTimeStutter,5.000,laser,practice,2026-09-21T19:06:24.6042923-04:00,4,715,12.27979,16.6675,1605.31,1256.17,0.000,0.000,-16.9123,13.2634,14.7936,Left,0,0,0,0,0.0000,100.000,0,0.000,0,127.500,71.914,4.000,0.0300,0.6667,190.00,laser,60,450;300;200;100;50,450,1.5,3,0.4,1.5,3,1,10,20,100,-10,5,250,40,5,250,60,1,7,10,0,0.06,4,0.222,50,8,5
6,2,1,2,2;3;1;4,1,60,FrameTimeStutter,5.000,laser,practice,2026-09-21T19:06:24.6042923-04:00,4,716,12.29650,16.7058,1605.31,1256.17,0.000,0.000,-16.9123,13.2634,14.7936,Left,0,0,0,0,0.0000,100.000,0,0.000,0,127.500,71.914,4.000,0.0300,0.6667,190.00,laser,60,450;300;200;100;50,450,1.5,3,0.4,1.5,3,1,10,20,100,-10,5,250,40,5,250,60,1,7,10,0,0.06,4,0.222,50,8,5
6,2,1,2,2;3;1;4,1,60,FrameTimeStutter,5.000,laser,practice,2026-09-21T19:06:24.6042923-04:00,4,717,12.31324,16.7478,1605.31,1256.17,0.000,0.000,-16.9123,13.2634,14.7936,Left,0,0,0,0,0.0000,100.000,0,0.000,0,127.500,71.914,4.000,0.0300,0.6667,190.00,laser,60,450;300;200;100;50,450,1.5,3,0.4,1.5,3,1,10,20,100,-10,5,250,40,5,250,60,1,7,10,0,0.06,4,0.222,50,8,5
6,2,1,2,2;3;1;4,1,60,FrameTimeStutter,5.000,laser,practice,2026-09-21T19:06:24.6042923-04:00,4,718,12.32976,16.5192,1605.31,1256.17,0.000,0.000,-16.9123,13.2634,14.7936,Left,0,0,0,0,0.0000,100.000,0,0.000,0,127.500,71.914,4.000,0.0300,0.6667,190.00,laser,60,450;300;200;100;50,450,1.5,3,0.4,1.5,3,1,10,20,100,-10,5,250,40,5,250,60,1,7,10,0,0.06,4,0.222,50,8,5
6,2,1,2,2;3;1;4,1,60,FrameTimeStutter,5.000,laser,practice,2026-09-21T19:06:24.6042923-04:00,4,719,12.34614,16.3768,1605.31,1256.17,0.000,0.000,-16.9123,13.2634,14.7936,Left,0,0,0,0,0.0000,100.000,0,0.000,0,127.500,71.914,4.000,0.0300,0.6667,190.00,laser,60,450;300;200;100;50,450,1.5,3,0.4,1.5,3,1,10,20,100,-10,5,250,40,5,250,60,1,7,10,0,0.06,4,0.222,50,8,5
6,2,1,2,2;3;1;4,1,60,FrameTimeStutter,5.000,laser,practice,2026-09-21T19:06:24.6042923-04:00,4,720,12.36297,16.8312,1605.31,1256.17,0.000,0.000,-16.9123,13.2634,14.7936,Left,0,0,0,0,0.0000,100.000,0,0.000,0,127.500,71.914,4.000,0.0300,0.6667,190.00,laser,60,450;300;200;100;50,450,1.5,3,0.4,1.5,3,1,10,20,100,-10,5,250,40,5,250,60,1,7,10,0,0.06,4,0.222,50,8,5
6,2,1,2,2;3;1;4,1,60,FrameTimeStutter,5.000,laser,practice,2026-09-21T19:06:24.6042923-04:00,4,721,12.37951,16.5402,1605.31,1256.17,0.000,0.000,-16.9123,13.2634,14.7936,Left,0,0,0,0,0.0000,100.000,0,0.000,0,127.500,71.914,4.000,0.0300,0.6667,190.00,laser,60,450;300;200;100;50,450,1.5,3,0.4,1.5,3,1,10,20,100,-10,5,250,40,5,250,60,1,7,10,0,0.06,4,0.222,50,8,5
6,2,1,2,2;3;1;4,1,60,FrameTimeStutter,5.000,laser,practice,2026-09-21T19:06:24.6042923-04:00,4,722,12.39593,16.4209,1605.31,1256.17,0.000,0.000,-16.9123,13.2634,14.7936,Left,0,0,0,0,0.0000,100.000,0,0.000,0,127.500,71.914,4.000,0.0300,0.6667,190.00,laser,60,450;300;200;100;50,450,1.5,3,0.4,1.5,3,1,10,20,100,-10,5,250,40,5,250,60,1,7,10,0,0.06,4,0.222,50,8,5
6,2,1,2,2;3;1;4,1,60,FrameTimeStutter,5.000,laser,practice,2026-09-21T19:06:24.6042923-04:00,4,723,12.41306,17.1254,1605.31,1256.17,0.000,0.000,-16.9123,13.2634,14.7936,Left,0,0,0,0,0.0000,100.000,0,0.000,0,127.500,71.914,4.000,0.0300,0.6667,190.00,laser,60,450;300;200;100;50,450,1.5,3,0.4,1.5,3,1,10,20,100,-10,5,250,40,5,250,60,1,7,10,0,0.06,4,0.222,50,8,5
6,2,1,2,2;3;1;4,1,60,FrameTimeStutter,5.000,laser,practice,2026-09-21T19:06:24.6042923-04:00,4,724,12.42956,16.5011,1605.31,1256.17,0.000,0.000,-16.9123,13.2634,14.7936,Left,0,0,0,0,0.0000,100.000,0,0.000,0,127.500,71.914,4.000,0.0300,0.6667,190.00,laser,60,450;300;200;100;50,450,1.5,3,0.4,1.5,3,1,10,20,100,-10,5,250,40,5,250,60,1,7,10,0,0.06,4,0.222,50,8,5
6,2,1,2,2;3;1;4,1,60,FrameTimeStutter,5.000,laser,practice,2026-09-21T19:06:24.6042923-04:00,4,725,12.44618,16.6228,1605.31,1256.17,0.000,0.000,-16.9123,13.2634,14.7936,Left,0,0,0,0,0.0000,100.000,0,0.000,0,127.500,71.914,4.000,0.0300,0.6667,190.00,laser,60,450;300;200;100;50,450,1.5,3,0.4,1.5,3,1,10,20,100,-10,5,250,40,5,250,60,1,7,10,0,0.06,4,0.222,50,8,5
6,2,1,2,2;3;1;4,1,60,FrameTimeStutter,5.000,laser,practice,2026-09-21T19:06:24.6042923-04:00,4,726,12.46296,16.7828,1605.31,1256.17,0.000,0.000,-16.9123,13.2634,14.7936,Left,0,0,0,0,0.0000,100.000,0,0.000,0,127.500,71.914,4.000,0.0300,0.6667,190.00,laser,60,450;300;200;100;50,450,1.5,3,0.4,1.5,3,1,10,20,100,-10,5,250,40,5,250,60,1,7,10,0,0.06,4,0.222,50,8,5
6,2,1,2,2;3;1;4,1,60,FrameTimeStutter,5.000,laser,practice,2026-09-21T19:06:24.6042923-04:00,4,727,12.47937,16.4082,1605.31,1256.17,0.000,0.000,-16.9123,13.2634,14.7936,Left,0,0,0,0,0.0000,100.000,0,0.000,0,127.500,71.914,4.000,0.0300,0.6667,190.00,laser,60,450;300;200;100;50,450,1.5,3,0.4,1.5,3,1,10,20,100,-10,5,250,40,5,250,60,1,7,10,0,0.06,4,0.222,50,8,5
6,2,1,2,2;3;1;4,1,60,FrameTimeStutter,5.000,laser,practice,2026-09-21T19:06:24.6042923-04:00,4,728,12.49588,16.5060,1605.31,1256.17,0.000,0.000,-16.9123,13.2634,14.7936,Left,0,0,0,0,0.0000,100.000,0,0.000,0,127.500,71.914,4.000,0.0300,0.6667,190.00,laser,60,450;300;200;100;50,450,1.5,3,0.4,1.5,3,1,10,20,100,-10,5,250,40,5,250,60,1,7,10,0,0.06,4,0.222,50,8,5
6,2,1,2,2;3;1;4,1,60,FrameTimeStutter,5.000,laser,practice,2026-09-21T19:06:24.6042923-04:00,4,729,12.51278,16.9011,1605.31,1256.17,0.000,0.000,-16.9123,13.2634,14.7936,Left,0,0,0,0,0.0000,100.000,0,0.000,0,127.500,71.914,4.000,0.0300,0.6667,190.00,laser,60,450;300;200;100;50,450,1.5,3,0.4,1.5,3,1,10,20,100,-10,5,250,40,5,250,60,1,7,10,0,0.06,4,0.222,50,8,5
6,2,1,2,2;3;1;4,1,60,FrameTimeStutter,5.000,laser,practice,2026-09-21T19:06:24.6042923-04:00,4,730,12.52952,16.7399,1605.31,1256.17,0.000,0.000,-16.9123,13.2634,14.7936,Left,0,0,0,0,0.0000,100.000,0,0.000,0,127.500,71.914,4.000,0.0300,0.6667,190.00,laser,60,450;300;200;100;50,450,1.5,3,0.4,1.5,3,1,10,20,100,-10,5,250,40,5,250,60,1,7,10,0,0.06,4,0.222,50,8,5
6,2,1,2,2;3;1;4,1,60,FrameTimeStutter,5.000,laser,practice,2026-09-21T19:06:24.6042923-04:00,4,731,12.54591,16.3920,1605.31,1256.17,0.000,0.000,-16.9123,13.2634,14.7936,Left,0,0,0,0,0.0000,100.000,0,0.000,0,127.500,71.914,4.000,0.0300,0.6667,190.00,laser,60,450;300;200;100;50,450,1.5,3,0.4,1.5,3,1,10,20,100,-10,5,250,40,5,250,60,1,7,10,0,0.06,4,0.222,50,8,5
6,2,1,2,2;3;1;4,1,60,FrameTimeStutter,5.000,laser,practice,2026-09-21T19:06:24.6042923-04:00,4,732,12.56312,17.2112,1605.31,1256.17,0.000,0.000,-16.9123,13.2634,14.7936,Left,0,0,0,0,0.0000,100.000,0,0.000,0,127.500,71.914,4.000,0.0300,0.6667,190.00,laser,60,450;300;200;100;50,450,1.5,3,0.4,1.5,3,1,10,20,100,-10,5,250,40,5,250,60,1,7,10,0,0.06,4,0.222,50,8,5
6,2,1,2,2;3;1;4,1,60,FrameTimeStutter,5.000,laser,practice,2026-09-21T19:06:24.6042923-04:00,4,733,12.57983,16.7088,1605.31,1256.17,0.000,0.000,-16.9123,13.2634,14.7936,Left,0,0,0,0,0.0000,100.000,0,0.000,0,127.500,71.914,4.000,0.0300,0.6667,190.00,laser,60,450;300;200;100;50,450,1.5,3,0.4,1.5,3,1,10,20,100,-10,5,250,40,5,250,60,1,7,10,0,0.06,4,0.222,50,8,5
6,2,1,2,2;3;1;4,1,60,FrameTimeStutter,5.000,laser,practice,2026-09-21T19:06:24.6042923-04:00,4,734,12.59577,15.9334,1605.31,1256.17,0.000,0.000,-16.9123,13.2634,14.7936,Left,0,0,0,0,0.0000,100.000,0,0.000,0,127.500,71.914,4.000,0.0300,0.6667,190.00,laser,60,450;300;200;100;50,450,1.5,3,0.4,1.5,3,1,10,20,100,-10,5,250,40,5,250,60,1,7,10,0,0.06,4,0.222,50,8,5
6,2,1,2,2;3;1;4,1,60,FrameTimeStutter,5.000,laser,practice,2026-09-21T19:06:24.6042923-04:00,4,735,12.61324,17.4753,1605.31,1256.17,0.000,0.000,-16.9123,13.2634,14.7936,Left,0,0,0,0,0.0000,100.000,0,0.000,0,127.500,71.914,4.000,0.0300,0.6667,190.00,laser,60,450;300;200;100;50,450,1.5,3,0.4,1.5,3,1,10,20,100,-10,5,250,40,5,250,60,1,7,10,0,0.06,4,0.222,50,8,5
6,2,1,2,2;3;1;4,1,60,FrameTimeStutter,5.000,laser,practice,2026-09-21T19:06:24.6042923-04:00,4,736,12.62916,15.9249,1605.31,1256.17,0.000,0.000,-16.9123,13.2634,14.7936,Left,0,0,0,0,0.0000,100.000,0,0.000,0,127.500,71.914,4.000,0.0300,0.6667,190.00,laser,60,450;300;200;100;50,450,1.5,3,0.4,1.5,3,1,10,20,100,-10,5,250,40,5,250,60,1,7,10,0,0.06,4,0.222,50,8,5
6,2,1,2,2;3;1;4,1,60,FrameTimeStutter,5.000,laser,practice,2026-09-21T19:06:24.6042923-04:00,4,737,12.64633,17.1673,1605.31,1256.17,0.000,0.000,-16.9123,13.2634,14.7936,Left,0,0,0,0,0.0000,100.000,0,0.000,0,127.500,71.914,4.000,0.0300,0.6667,190.00,laser,60,450;300;200;100;50,450,1.5,3,0.4,1.5,3,1,10,20,100,-10,5,250,40,5,250,60,1,7,10,0,0.06,4,0.222,50,8,5
6,2,1,2,2;3;1;4,1,60,FrameTimeStutter,5.000,laser,practice,2026-09-21T19:06:24.6042923-04:00,4,738,12.66288,16.5433,1605.31,1256.17,0.000,0.000,-16.9123,13.2634,14.7936,Left,0,0,0,0,0.0000,100.000,0,0.000,0,127.500,71.914,4.000,0.0300,0.6667,190.00,laser,60,450;300;200;100;50,450,1.5,3,0.4,1.5,3,1,10,20,100,-10,5,250,40,5,250,60,1,7,10,0,0.06,4,0.222,50,8,5
6,2,1,2,2;3;1;4,1,60,FrameTimeStutter,5.000,laser,practice,2026-09-21T19:06:24.6042923-04:00,4,739,12.67949,16.6160,1605.31,1256.17,0.000,0.000,-16.9123,13.2634,14.7936,Left,0,0,0,0,0.0000,100.000,0,0.000,0,127.500,71.914,4.000,0.0300,0.6667,190.00,laser,60,450;300;200;100;50,450,1.5,3,0.4,1.5,3,1,10,20,100,-10,5,250,40,5,250,60,1,7,10,0,0.06,4,0.222,50,8,5
6,2,1,2,2;3;1;4,1,60,FrameTimeStutter,5.000,laser,practice,2026-09-21T19:06:24.6042923-04:00,4,740,12.69598,16.4883,1605.31,1256.17,0.000,0.000,-16.9123,13.2634,14.7936,Left,0,0,0,0,0.0000,100.000,0,0.000,0,127.500,71.914,4.000,0.0300,0.6667,190.00,laser,60,450;300;200;100;50,450,1.5,3,0.4,1.5,3,1,10,20,100,-10,5,250,40,5,250,60,1,7,10,0,0.06,4,0.222,50,8,5
6,2,1,2,2;3;1;4,1,60,FrameTimeStutter,5.000,laser,practice,2026-09-21T19:06:24.6042923-04:00,4,741,12.71286,16.8759,1605.31,1256.17,0.000,0.000,-16.9123,13.2634,14.7936,Left,0,0,0,0,0.0000,100.000,0,0.000,0,127.500,71.914,4.000,0.0300,0.6667,190.00,laser,60,450;300;200;100;50,450,1.5,3,0.4,1.5,3,1,10,20,100,-10,5,250,40,5,250,60,1,7,10,0,0.06,4,0.222,50,8,5
6,2,1,2,2;3;1;4,1,60,FrameTimeStutter,5.000,laser,practice,2026-09-21T19:06:24.6042923-04:00,4,742,12.72993,17.0698,1605.31,1256.17,0.000,0.000,-16.9123,13.2634,14.7936,Left,0,0,0,0,0.0000,100.000,0,0.000,0,127.500,71.914,4.000,0.0300,0.6667,190.00,laser,60,450;300;200;100;50,450,1.5,3,0.4,1.5,3,1,10,20,100,-10,5,250,40,5,250,60,1,7,10,0,0.06,4,0.222,50,8,5
6,2,1,2,2;3;1;4,1,60,FrameTimeStutter,5.000,laser,practice,2026-09-21T19:06:24.6042923-04:00,4,743,12.74593,16.0092,1605.31,1256.17,0.000,0.000,-16.9123,13.2634,14.7936,Left,0,0,0,0,0.0000,100.000,0,0.000,0,127.500,71.914,4.000,0.0300,0.6667,190.00,laser,60,450;300;200;100;50,450,1.5,3,0.4,1.5,3,1,10,20,100,-10,5,250,40,5,250,60,1,7,10,0,0.06,4,0.222,50,8,5
6,2,1,2,2;3;1;4,1,60,FrameTimeStutter,5.000,laser,practice,2026-09-21T19:06:24.6042923-04:00,4,744,12.76253,16.5938,1605.31,1256.17,0.000,0.000,-16.9123,13.2634,14.7936,Left,0,0,0,0,0.0000,100.000,0,0.000,0,127.500,71.914,4.000,0.0300,0.6667,190.00,laser,60,450;300;200;100;50,450,1.5,3,0.4,1.5,3,1,10,20,100,-10,5,250,40,5,250,60,1,7,10,0,0.06,4,0.222,50,8,5
6,2,1,2,2;3;1;4,1,60,FrameTimeStutter,5.000,laser,practice,2026-09-21T19:06:24.6042923-04:00,4,745,12.77909,16.5613,1605.31,1256.17,0.000,0.000,-16.9123,13.2634,14.7936,Left,0,0,0,0,0.0000,100.000,0,0.000,0,127.500,71.914,4.000,0.0300,0.6667,190.00,laser,60,450;300;200;100;50,450,1.5,3,0.4,1.5,3,1,10,20,100,-10,5,250,40,5,250,60,1,7,10,0,0.06,4,0.222,50,8,5
6,2,1,2,2;3;1;4,1,60,FrameTimeStutter,5.000,laser,practice,2026-09-21T19:06:24.6042923-04:00,4,746,12.79591,16.8157,1605.31,1256.17,0.000,0.000,-16.9123,13.2634,14.7936,Left,0,0,0,0,0.0000,100.000,0,0.000,0,127.500,71.914,4.000,0.0300,0.6667,190.00,laser,60,450;300;200;100;50,450,1.5,3,0.4,1.5,3,1,10,20,100,-10,5,250,40,5,250,60,1,7,10,0,0.06,4,0.222,50,8,5
6,2,1,2,2;3;1;4,1,60,FrameTimeStutter,5.000,laser,practice,2026-09-21T19:06:24.6042923-04:00,4,747,12.81280,16.8901,1605.31,1256.17,0.000,0.000,-16.9123,13.2634,14.7936,Left,0,0,0,0,0.0000,100.000,0,0.000,0,127.500,71.914,4.000,0.0300,0.6667,190.00,laser,60,450;300;200;100;50,450,1.5,3,0.4,1.5,3,1,10,20,100,-10,5,250,40,5,250,60,1,7,10,0,0.06,4,0.222,50,8,5
6,2,1,2,2;3;1;4,1,60,FrameTimeStutter,5.000,laser,practice,2026-09-21T19:06:24.6042923-04:00,4,748,12.82909,16.2933,1605.31,1256.17,0.000,0.000,-16.9123,13.2634,14.7936,Left,0,0,0,0,0.0000,100.000,0,0.000,0,127.500,71.914,4.000,0.0300,0.6667,190.00,laser,60,450;300;200;100;50,450,1.5,3,0.4,1.5,3,1,10,20,100,-10,5,250,40,5,250,60,1,7,10,0,0.06,4,0.222,50,8,5
6,2,1,2,2;3;1;4,1,60,FrameTimeStutter,5.000,laser,practice,2026-09-21T19:06:24.6042923-04:00,4,749,12.84583,16.7440,1605.31,1256.17,0.000,0.000,-16.9123,13.2634,14.7936,Left,0,0,0,0,0.0000,100.000,0,0.000,0,127.500,71.914,4.000,0.0300,0.6667,190.00,laser,60,450;300;200;100;50,450,1.5,3,0.4,1.5,3,1,10,20,100,-10,5,250,40,5,250,60,1,7,10,0,0.06,4,0.222,50,8,5
6,2,1,2,2;3;1;4,1,60,FrameTimeStutter,5.000,laser,practice,2026-09-21T19:06:24.6042923-04:00,4,750,12.86308,17.2512,1605.31,1256.17,0.000,0.000,-16.9123,13.2634,14.7936,Left,0,0,0,0,0.0000,100.000,0,0.000,0,127.500,71.914,4.000,0.0300,0.6667,190.00,laser,60,450;300;200;100;50,450,1.5,3,0.4,1.5,3,1,10,20,100,-10,5,250,40,5,250,60,1,7,10,0,0.06,4,0.222,50,8,5
6,2,1,2,2;3;1;4,1,60,FrameTimeStutter,5.000,laser,practice,2026-09-21T19:06:24.6042923-04:00,4,751,12.87975,16.6650,1605.31,1256.17,0.000,0.000,-16.9123,13.2634,14.7936,Left,0,0,0,0,0.0000,100.000,0,0.000,0,127.500,71.914,4.000,0.0300,0.6667,190.00,laser,60,450;300;200;100;50,450,1.5,3,0.4,1.5,3,1,10,20,100,-10,5,250,40,5,250,60,1,7,10,0,0.06,4,0.222,50,8,5
6,2,1,2,2;3;1;4,1,60,FrameTimeStutter,5.000,laser,practice,2026-09-21T19:06:24.6042923-04:00,4,752,12.89653,16.7828,1605.31,1256.17,0.000,0.000,-16.9123,13.2634,14.7936,Left,0,0,0,0,0.0000,100.000,0,0.000,0,127.500,71.914,4.000,0.0300,0.6667,190.00,laser,60,450;300;200;100;50,450,1.5,3,0.4,1.5,3,1,10,20,100,-10,5,250,40,5,250,60,1,7,10,0,0.06,4,0.222,50,8,5
6,2,1,2,2;3;1;4,1,60,FrameTimeStutter,5.000,laser,practice,2026-09-21T19:06:24.6042923-04:00,4,753,12.91293,16.4013,1605.31,1256.17,0.000,0.000,-16.9123,13.2634,14.7936,Left,0,0,0,0,0.0000,100.000,0,0.000,0,127.500,71.914,4.000,0.0300,0.6667,190.00,laser,60,450;300;200;100;50,450,1.5,3,0.4,1.5,3,1,10,20,100,-10,5,250,40,5,250,60,1,7,10,0,0.06,4,0.222,50,8,5
6,2,1,2,2;3;1;4,1,60,FrameTimeStutter,5.000,laser,practice,2026-09-21T19:06:24.6042923-04:00,4,754,12.92952,16.5896,1605.31,1256.17,0.000,0.000,-16.9123,13.2634,14.7936,Left,0,0,0,0,0.0000,100.000,0,0.000,0,127.500,71.914,4.000,0.0300,0.6667,190.00,laser,60,450;300;200;100;50,450,1.5,3,0.4,1.5,3,1,10,20,100,-10,5,250,40,5,250,60,1,7,10,0,0.06,4,0.222,50,8,5
6,2,1,2,2;3;1;4,1,60,FrameTimeStutter,5.000,laser,practice,2026-09-21T19:06:24.6042923-04:00,4,755,12.94602,16.4977,1605.31,1256.17,0.000,0.000,-16.9123,13.2634,14.7936,Left,0,0,0,0,0.0000,100.000,0,0.000,0,127.500,71.914,4.000,0.0300,0.6667,190.00,laser,60,450;300;200;100;50,450,1.5,3,0.4,1.5,3,1,10,20,100,-10,5,250,40,5,250,60,1,7,10,0,0.06,4,0.222,50,8,5
6,2,1,2,2;3;1;4,1,60,FrameTimeStutter,5.000,laser,practice,2026-09-21T19:06:24.6042923-04:00,4,756,12.96332,17.2982,1605.31,1256.17,0.000,0.000,-16.9123,13.2634,14.7936,Left,0,0,0,0,0.0000,100.000,0,0.000,0,127.500,71.914,4.000,0.0300,0.6667,190.00,laser,60,450;300;200;100;50,450,1.5,3,0.4,1.5,3,1,10,20,100,-10,5,250,40,5,250,60,1,7,10,0,0.06,4,0.222,50,8,5
6,2,1,2,2;3;1;4,1,60,FrameTimeStutter,5.000,laser,practice,2026-09-21T19:06:24.6042923-04:00,4,757,12.97974,16.4163,1605.31,1256.17,0.000,0.000,-16.9123,13.2634,14.7936,Left,0,0,0,0,0.0000,100.000,0,0.000,0,127.500,71.914,4.000,0.0300,0.6667,190.00,laser,60,450;300;200;100;50,450,1.5,3,0.4,1.5,3,1,10,20,100,-10,5,250,40,5,250,60,1,7,10,0,0.06,4,0.222,50,8,5
6,2,1,2,2;3;1;4,1,60,FrameTimeStutter,5.000,laser,practice,2026-09-21T19:06:24.6042923-04:00,4,758,12.99624,16.5076,1605.31,1256.17,0.000,0.000,-16.9123,13.2634,14.7936,Left,0,0,0,0,0.0000,100.000,0,0.000,0,127.500,71.914,4.000,0.0300,0.6667,190.00,laser,60,450;300;200;100;50,450,1.5,3,0.4,1.5,3,1,10,20,100,-10,5,250,40,5,250,60,1,7,10,0,0.06,4,0.222,50,8,5
6,2,1,2,2;3;1;4,1,60,FrameTimeStutter,5.000,laser,practice,2026-09-21T19:06:24.6042923-04:00,4,759,13.01270,16.4596,1605.31,1256.17,0.000,0.000,-16.9123,13.2634,14.7936,Left,0,0,0,0,0.0000,100.000,0,0.000,0,127.500,71.914,4.000,0.0300,0.6667,190.00,laser,60,450;300;200;100;50,450,1.5,3,0.4,1.5,3,1,10,20,100,-10,5,250,40,5,250,60,1,7,10,0,0.06,4,0.222,50,8,5
6,2,1,2,2;3;1;4,1,60,FrameTimeStutter,5.000,laser,practice,2026-09-21T19:06:24.6042923-04:00,4,760,13.02919,16.4873,1605.31,1256.17,0.000,0.000,-16.9123,13.2634,14.7936,Left,0,0,0,0,0.0000,100.000,0,0.000,0,127.500,71.914,4.000,0.0300,0.6667,190.00,laser,60,450;300;200;100;50,450,1.5,3,0.4,1.5,3,1,10,20,100,-10,5,250,40,5,250,60,1,7,10,0,0.06,4,0.222,50,8,5
6,2,1,2,2;3;1;4,1,60,FrameTimeStutter,5.000,laser,practice,2026-09-21T19:06:24.6042923-04:00,4,761,13.04585,16.6588,1605.31,1256.17,0.000,0.000,-16.9123,13.2634,14.7936,Left,0,0,0,0,0.0000,100.000,0,0.000,0,127.500,71.914,4.000,0.0300,0.6667,190.00,laser,60,450;300;200;100;50,450,1.5,3,0.4,1.5,3,1,10,20,100,-10,5,250,40,5,250,60,1,7,10,0,0.06,4,0.222,50,8,5
6,2,1,2,2;3;1;4,1,60,FrameTimeStutter,5.000,laser,practice,2026-09-21T19:06:24.6042923-04:00,4,762,13.06324,17.3871,1605.31,1256.17,0.000,0.000,-16.9123,13.2634,14.7936,Left,0,0,0,0,0.0000,100.000,0,0.000,0,127.500,71.914,4.000,0.0300,0.6667,190.00,laser,60,450;300;200;100;50,450,1.5,3,0.4,1.5,3,1,10,20,100,-10,5,250,40,5,250,60,1,7,10,0,0.06,4,0.222,50,8,5
6,2,1,2,2;3;1;4,1,60,FrameTimeStutter,5.000,laser,practice,2026-09-21T19:06:24.6042923-04:00,4,763,13.07968,16.4447,1605.31,1256.17,0.000,0.000,-16.9123,13.2634,14.7936,Left,0,0,0,0,0.0000,100.000,0,0.000,0,127.500,71.914,4.000,0.0300,0.6667,190.00,laser,60,450;300;200;100;50,450,1.5,3,0.4,1.5,3,1,10,20,100,-10,5,250,40,5,250,60,1,7,10,0,0.06,4,0.222,50,8,5
6,2,1,2,2;3;1;4,1,60,FrameTimeStutter,5.000,laser,practice,2026-09-21T19:06:24.6042923-04:00,4,764,13.09658,16.9009,1605.31,1256.17,0.000,0.000,-16.9123,13.2634,14.7936,Left,0,0,0,0,0.0000,100.000,0,0.000,0,127.500,71.914,4.000,0.0300,0.6667,190.00,laser,60,450;300;200;100;50,450,1.5,3,0.4,1.5,3,1,10,20,100,-10,5,250,40,5,250,60,1,7,10,0,0.06,4,0.222,50,8,5
6,2,1,2,2;3;1;4,1,60,FrameTimeStutter,5.000,laser,practice,2026-09-21T19:06:24.6042923-04:00,4,765,13.11322,16.6364,1605.31,1256.17,0.000,0.000,-16.9123,13.2634,14.7936,Left,0,0,0,0,0.0000,100.000,0,0.000,0,127.500,71.914,4.000,0.0300,0.6667,190.00,laser,60,450;300;200;100;50,450,1.5,3,0.4,1.5,3,1,10,20,100,-10,5,250,40,5,250,60,1,7,10,0,0.06,4,0.222,50,8,5
6,2,1,2,2;3;1;4,1,60,FrameTimeStutter,5.000,laser,practice,2026-09-21T19:06:24.6042923-04:00,4,766,13.12954,16.3235,1605.31,1256.17,0.000,0.000,-16.9123,13.2634,14.7936,Left,0,0,0,0,0.0000,100.000,0,0.000,0,127.500,71.914,4.000,0.0300,0.6667,190.00,laser,60,450;300;200;100;50,450,1.5,3,0.4,1.5,3,1,10,20,100,-10,5,250,40,5,250,60,1,7,10,0,0.06,4,0.222,50,8,5
6,2,1,2,2;3;1;4,1,60,FrameTimeStutter,5.000,laser,practice,2026-09-21T19:06:24.6042923-04:00,4,767,13.14592,16.3765,1605.31,1256.17,0.000,0.000,-16.9123,13.2634,14.7936,Left,0,0,0,0,0.0000,100.000,0,0.000,0,127.500,71.914,4.000,0.0300,0.6667,190.00,laser,60,450;300;200;100;50,450,1.5,3,0.4,1.5,3,1,10,20,100,-10,5,250,40,5,250,60,1,7,10,0,0.06,4,0.222,50,8,5
6,2,1,2,2;3;1;4,1,60,FrameTimeStutter,5.000,laser,practice,2026-09-21T19:06:24.6042923-04:00,4,768,13.16251,16.5959,1605.31,1256.17,0.000,0.000,-16.9123,13.2634,14.7936,Left,0,0,0,0,0.0000,100.000,0,0.000,0,127.500,71.914,4.000,0.0300,0.6667,190.00,laser,60,450;300;200;100;50,450,1.5,3,0.4,1.5,3,1,10,20,100,-10,5,250,40,5,250,60,1,7,10,0,0.06,4,0.222,50,8,5
6,2,1,2,2;3;1;4,1,60,FrameTimeStutter,5.000,laser,practice,2026-09-21T19:06:24.6042923-04:00,4,769,13.17975,17.2346,1605.31,1256.17,0.000,0.000,-16.9123,13.2634,14.7936,Left,0,0,0,0,0.0000,100.000,0,0.000,0,127.500,71.914,4.000,0.0300,0.6667,190.00,laser,60,450;300;200;100;50,450,1.5,3,0.4,1.5,3,1,10,20,100,-10,5,250,40,5,250,60,1,7,10,0,0.06,4,0.222,50,8,5
6,2,1,2,2;3;1;4,1,60,FrameTimeStutter,5.000,laser,practice,2026-09-21T19:06:24.6042923-04:00,4,770,13.19614,16.3878,1605.31,1256.17,0.000,0.000,-16.9123,13.2634,14.7936,Left,0,0,0,0,0.0000,100.000,0,0.000,0,127.500,71.914,4.000,0.0300,0.6667,190.00,laser,60,450;300;200;100;50,450,1.5,3,0.4,1.5,3,1,10,20,100,-10,5,250,40,5,250,60,1,7,10,0,0.06,4,0.222,50,8,5
6,2,1,2,2;3;1;4,1,60,FrameTimeStutter,5.000,laser,practice,2026-09-21T19:06:24.6042923-04:00,4,771,13.21268,16.5439,1605.31,1256.17,0.000,0.000,-16.9123,13.2634,14.7936,Left,0,0,0,0,0.0000,100.000,0,0.000,0,127.500,71.914,4.000,0.0300,0.6667,190.00,laser,60,450;300;200;100;50,450,1.5,3,0.4,1.5,3,1,10,20,100,-10,5,250,40,5,250,60,1,7,10,0,0.06,4,0.222,50,8,5
6,2,1,2,2;3;1;4,1,60,FrameTimeStutter,5.000,laser,practice,2026-09-21T19:06:24.6042923-04:00,4,772,13.22918,16.5011,1605.31,1256.17,0.000,0.000,-16.9123,13.2634,14.7936,Left,0,0,0,0,0.0000,100.000,0,0.000,0,127.500,71.914,4.000,0.0300,0.6667,190.00,laser,60,450;300;200;100;50,450,1.5,3,0.4,1.5,3,1,10,20,100,-10,5,250,40,5,250,60,1,7,10,0,0.06,4,0.222,50,8,5
6,2,1,2,2;3;1;4,1,60,FrameTimeStutter,5.000,laser,practice,2026-09-21T19:06:24.6042923-04:00,4,773,13.24592,16.7343,1605.31,1256.17,0.000,0.000,-16.9123,13.2634,14.7936,Left,0,0,0,0,0.0000,100.000,0,0.000,0,127.500,71.914,4.000,0.0300,0.6667,190.00,laser,60,450;300;200;100;50,450,1.5,3,0.4,1.5,3,1,10,20,100,-10,5,250,40,5,250,60,1,7,10,0,0.06,4,0.222,50,8,5
6,2,1,2,2;3;1;4,1,60,FrameTimeStutter,5.000,laser,practice,2026-09-21T19:06:24.6042923-04:00,4,774,13.26255,16.6358,1605.31,1256.17,0.000,0.000,-16.9123,13.2634,14.7936,Left,0,0,0,0,0.0000,100.000,0,0.000,0,127.500,71.914,4.000,0.0300,0.6667,190.00,laser,60,450;300;200;100;50,450,1.5,3,0.4,1.5,3,1,10,20,100,-10,5,250,40,5,250,60,1,7,10,0,0.06,4,0.222,50,8,5
6,2,1,2,2;3;1;4,1,60,FrameTimeStutter,5.000,laser,practice,2026-09-21T19:06:24.6042923-04:00,4,775,13.27999,17.4387,1605.31,1256.17,0.000,0.000,-16.9123,13.2634,14.7936,Left,0,0,0,0,0.0000,100.000,0,0.000,0,127.500,71.914,4.000,0.0300,0.6667,190.00,laser,60,450;300;200;100;50,450,1.5,3,0.4,1.5,3,1,10,20,100,-10,5,250,40,5,250,60,1,7,10,0,0.06,4,0.222,50,8,5
6,2,1,2,2;3;1;4,1,60,FrameTimeStutter,5.000,laser,practice,2026-09-21T19:06:24.6042923-04:00,4,776,13.29580,15.8094,1605.31,1256.17,0.000,0.000,-16.9123,13.2634,14.7936,Left,0,0,0,0,0.0000,100.000,0,0.000,0,127.500,71.914,4.000,0.0300,0.6667,190.00,laser,60,450;300;200;100;50,450,1.5,3,0.4,1.5,3,1,10,20,100,-10,5,250,40,5,250,60,1,7,10,0,0.06,4,0.222,50,8,5
6,2,1,2,2;3;1;4,1,60,FrameTimeStutter,5.000,laser,practice,2026-09-21T19:06:24.6042923-04:00,4,777,13.31317,17.3750,1605.31,1256.17,0.000,0.000,-16.9123,13.2634,14.7936,Left,0,0,0,0,0.0000,100.000,0,0.000,0,127.500,71.914,4.000,0.0300,0.6667,190.00,laser,60,450;300;200;100;50,450,1.5,3,0.4,1.5,3,1,10,20,100,-10,5,250,40,5,250,60,1,7,10,0,0.06,4,0.222,50,8,5
6,2,1,2,2;3;1;4,1,60,FrameTimeStutter,5.000,laser,practice,2026-09-21T19:06:24.6042923-04:00,4,778,13.32982,16.6491,1605.31,1256.17,0.000,0.000,-16.9123,13.2634,14.7936,Left,0,0,0,0,0.0000,100.000,0,0.000,0,127.500,71.914,4.000,0.0300,0.6667,190.00,laser,60,450;300;200;100;50,450,1.5,3,0.4,1.5,3,1,10,20,100,-10,5,250,40,5,250,60,1,7,10,0,0.06,4,0.222,50,8,5
6,2,1,2,2;3;1;4,1,60,FrameTimeStutter,5.000,laser,practice,2026-09-21T19:06:24.6042923-04:00,4,779,13.34619,16.3653,1605.31,1256.17,0.000,0.000,-16.9123,13.2634,14.7936,Left,0,0,0,0,0.0000,100.000,0,0.000,0,127.500,71.914,4.000,0.0300,0.6667,190.00,laser,60,450;300;200;100;50,450,1.5,3,0.4,1.5,3,1,10,20,100,-10,5,250,40,5,250,60,1,7,10,0,0.06,4,0.222,50,8,5
6,2,1,2,2;3;1;4,1,60,FrameTimeStutter,5.000,laser,practice,2026-09-21T19:06:24.6042923-04:00,4,780,13.36264,16.4523,1605.31,1256.17,0.000,0.000,-16.9123,13.2634,14.7936,Left,0,0,0,0,0.0000,100.000,0,0.000,0,127.500,71.914,4.000,0.0300,0.6667,190.00,laser,60,450;300;200;100;50,450,1.5,3,0.4,1.5,3,1,10,20,100,-10,5,250,40,5,250,60,1,7,10,0,0.06,4,0.222,50,8,5
6,2,1,2,2;3;1;4,1,60,FrameTimeStutter,5.000,laser,practice,2026-09-21T19:06:24.6042923-04:00,4,781,13.37951,16.8678,1605.31,1256.17,0.000,0.000,-16.9123,13.2634,14.7936,Left,0,0,0,0,0.0000,100.000,0,0.000,0,127.500,71.914,4.000,0.0300,0.6667,190.00,laser,60,450;300;200;100;50,450,1.5,3,0.4,1.5,3,1,10,20,100,-10,5,250,40,5,250,60,1,7,10,0,0.06,4,0.222,50,8,5
6,2,1,2,2;3;1;4,1,60,FrameTimeStutter,5.000,laser,practice,2026-09-21T19:06:24.6042923-04:00,4,782,13.39650,16.9935,1605.31,1256.17,0.000,0.000,-16.9123,13.2634,14.7936,Left,0,0,0,0,0.0000,100.000,0,0.000,0,127.500,71.914,4.000,0.0300,0.6667,190.00,laser,60,450;300;200;100;50,450,1.5,3,0.4,1.5,3,1,10,20,100,-10,5,250,40,5,250,60,1,7,10,0,0.06,4,0.222,50,8,5
6,2,1,2,2;3;1;4,1,60,FrameTimeStutter,5.000,laser,practice,2026-09-21T19:06:24.6042923-04:00,4,783,13.41277,16.2654,1605.31,1256.17,0.000,0.000,-16.9123,13.2634,14.7936,Left,0,0,0,0,0.0000,100.000,0,0.000,0,127.500,71.914,4.000,0.0300,0.6667,190.00,laser,60,450;300;200;100;50,450,1.5,3,0.4,1.5,3,1,10,20,100,-10,5,250,40,5,250,60,1,7,10,0,0.06,4,0.222,50,8,5
6,2,1,2,2;3;1;4,1,60,FrameTimeStutter,5.000,laser,practice,2026-09-21T19:06:24.6042923-04:00,4,784,13.42937,16.6001,1605.31,1256.17,0.000,0.000,-16.9123,13.2634,14.7936,Left,0,0,0,0,0.0000,100.000,0,0.000,0,127.500,71.914,4.000,0.0300,0.6667,190.00,laser,60,450;300;200;100;50,450,1.5,3,0.4,1.5,3,1,10,20,100,-10,5,250,40,5,250,60,1,7,10,0,0.06,4,0.222,50,8,5
6,2,1,2,2;3;1;4,1,60,FrameTimeStutter,5.000,laser,practice,2026-09-21T19:06:24.6042923-04:00,4,785,13.44598,16.6083,1605.31,1256.17,0.000,0.000,-16.9123,13.2634,14.7936,Left,0,0,0,0,0.0000,100.000,0,0.000,0,127.500,71.914,4.000,0.0300,0.6667,190.00,laser,60,450;300;200;100;50,450,1.5,3,0.4,1.5,3,1,10,20,100,-10,5,250,40,5,250,60,1,7,10,0,0.06,4,0.222,50,8,5
6,2,1,2,2;3;1;4,1,60,FrameTimeStutter,5.000,laser,practice,2026-09-21T19:06:24.6042923-04:00,4,786,13.46264,16.6645,1605.31,1256.17,0.000,0.000,-16.9123,13.2634,14.7936,Left,0,0,0,0,0.0000,100.000,0,0.000,0,127.500,71.914,4.000,0.0300,0.6667,190.00,laser,60,450;300;200;100;50,450,1.5,3,0.4,1.5,3,1,10,20,100,-10,5,250,40,5,250,60,1,7,10,0,0.06,4,0.222,50,8,5
6,2,1,2,2;3;1;4,1,60,FrameTimeStutter,5.000,laser,practice,2026-09-21T19:06:24.6042923-04:00,4,787,13.47928,16.6360,1605.31,1256.17,0.000,0.000,-16.9123,13.2634,14.7936,Left,0,0,0,0,0.0000,100.000,0,0.000,0,127.500,71.914,4.000,0.0300,0.6667,190.00,laser,60,450;300;200;100;50,450,1.5,3,0.4,1.5,3,1,10,20,100,-10,5,250,40,5,250,60,1,7,10,0,0.06,4,0.222,50,8,5
6,2,1,2,2;3;1;4,1,60,FrameTimeStutter,5.000,laser,practice,2026-09-21T19:06:24.6042923-04:00,4,788,13.49634,17.0590,1605.31,1256.17,0.000,0.000,-16.9123,13.2634,14.7936,Left,0,0,0,0,0.0000,100.000,0,0.000,0,127.500,71.914,4.000,0.0300,0.6667,190.00,laser,60,450;300;200;100;50,450,1.5,3,0.4,1.5,3,1,10,20,100,-10,5,250,40,5,250,60,1,7,10,0,0.06,4,0.222,50,8,5
6,2,1,2,2;3;1;4,1,60,FrameTimeStutter,5.000,laser,practice,2026-09-21T19:06:24.6042923-04:00,4,789,13.51321,16.8689,1605.31,1256.17,0.000,0.000,-16.9123,13.2634,14.7936,Left,0,0,0,0,0.0000,100.000,0,0.000,0,127.500,71.914,4.000,0.0300,0.6667,190.00,laser,60,450;300;200;100;50,450,1.5,3,0.4,1.5,3,1,10,20,100,-10,5,250,40,5,250,60,1,7,10,0,0.06,4,0.222,50,8,5
6,2,1,2,2;3;1;4,1,60,FrameTimeStutter,5.000,laser,practice,2026-09-21T19:06:24.6042923-04:00,4,790,13.52901,15.8078,1605.31,1256.17,0.000,0.000,-16.9123,13.2634,14.7936,Left,0,0,0,0,0.0000,100.000,0,0.000,0,127.500,71.914,4.000,0.0300,0.6667,190.00,laser,60,450;300;200;100;50,450,1.5,3,0.4,1.5,3,1,10,20,100,-10,5,250,40,5,250,60,1,7,10,0,0.06,4,0.222,50,8,5
6,2,1,2,2;3;1;4,1,60,FrameTimeStutter,5.000,laser,practice,2026-09-21T19:06:24.6042923-04:00,4,791,13.54577,16.7559,1605.31,1256.17,0.000,0.000,-16.9123,13.2634,14.7936,Left,0,0,0,0,0.0000,100.000,0,0.000,0,127.500,71.914,4.000,0.0300,0.6667,190.00,laser,60,450;300;200;100;50,450,1.5,3,0.4,1.5,3,1,10,20,100,-10,5,250,40,5,250,60,1,7,10,0,0.06,4,0.222,50,8,5
6,2,1,2,2;3;1;4,1,60,FrameTimeStutter,5.000,laser,practice,2026-09-21T19:06:24.6042923-04:00,4,792,13.56320,17.4306,1605.31,1256.17,0.000,0.000,-16.9123,13.2634,14.7936,Left,0,0,0,0,0.0000,100.000,0,0.000,0,127.500,71.914,4.000,0.0300,0.6667,190.00,laser,60,450;300;200;100;50,450,1.5,3,0.4,1.5,3,1,10,20,100,-10,5,250,40,5,250,60,1,7,10,0,0.06,4,0.222,50,8,5
6,2,1,2,2;3;1;4,1,60,FrameTimeStutter,5.000,laser,practice,2026-09-21T19:06:24.6042923-04:00,4,793,13.57960,16.4048,1605.31,1256.17,0.000,0.000,-16.9123,13.2634,14.7936,Left,0,0,0,0,0.0000,100.000,0,0.000,0,127.500,71.914,4.000,0.0300,0.6667,190.00,laser,60,450;300;200;100;50,450,1.5,3,0.4,1.5,3,1,10,20,100,-10,5,250,40,5,250,60,1,7,10,0,0.06,4,0.222,50,8,5
6,2,1,2,2;3;1;4,1,60,FrameTimeStutter,5.000,laser,practice,2026-09-21T19:06:24.6042923-04:00,4,794,13.59611,16.5021,1605.31,1256.17,0.000,0.000,-16.9123,13.2634,14.7936,Left,0,0,0,0,0.0000,100.000,0,0.000,0,127.500,71.914,4.000,0.0300,0.6667,190.00,laser,60,450;300;200;100;50,450,1.5,3,0.4,1.5,3,1,10,20,100,-10,5,250,40,5,250,60,1,7,10,0,0.06,4,0.222,50,8,5
6,2,1,2,2;3;1;4,1,60,FrameTimeStutter,5.000,laser,practice,2026-09-21T19:06:24.6042923-04:00,4,795,13.61306,16.9530,1605.31,1256.17,0.000,0.000,-16.9123,13.2634,14.7936,Left,0,0,0,0,0.0000,100.000,0,0.000,0,127.500,71.914,4.000,0.0300,0.6667,190.00,laser,60,450;300;200;100;50,450,1.5,3,0.4,1.5,3,1,10,20,100,-10,5,250,40,5,250,60,1,7,10,0,0.06,4,0.222,50,8,5
6,2,1,2,2;3;1;4,1,60,FrameTimeStutter,5.000,laser,practice,2026-09-21T19:06:24.6042923-04:00,4,796,13.62977,16.7105,1605.31,1256.17,0.000,0.000,-16.9123,13.2634,14.7936,Left,0,0,0,0,0.0000,100.000,0,0.000,0,127.500,71.914,4.000,0.0300,0.6667,190.00,laser,60,450;300;200;100;50,450,1.5,3,0.4,1.5,3,1,10,20,100,-10,5,250,40,5,250,60,1,7,10,0,0.06,4,0.222,50,8,5
6,2,1,2,2;3;1;4,1,60,FrameTimeStutter,5.000,laser,practice,2026-09-21T19:06:24.6042923-04:00,4,797,13.64597,16.2048,1605.31,1256.17,0.000,0.000,-16.9123,13.2634,14.7936,Left,0,0,0,0,0.0000,100.000,0,0.000,0,127.500,71.914,4.000,0.0300,0.6667,190.00,laser,60,450;300;200;100;50,450,1.5,3,0.4,1.5,3,1,10,20,100,-10,5,250,40,5,250,60,1,7,10,0,0.06,4,0.222,50,8,5
6,2,1,2,2;3;1;4,1,60,FrameTimeStutter,5.000,laser,practice,2026-09-21T19:06:24.6042923-04:00,4,798,13.66274,16.7686,1605.31,1256.17,0.000,0.000,-16.9123,13.2634,14.7936,Left,0,0,0,0,0.0000,100.000,0,0.000,0,127.500,71.914,4.000,0.0300,0.6667,190.00,laser,60,450;300;200;100;50,450,1.5,3,0.4,1.5,3,1,10,20,100,-10,5,250,40,5,250,60,1,7,10,0,0.06,4,0.222,50,8,5
6,2,1,2,2;3;1;4,1,60,FrameTimeStutter,5.000,laser,practice,2026-09-21T19:06:24.6042923-04:00,4,799,13.67943,16.6869,1605.31,1256.17,0.000,0.000,-16.9123,13.2634,14.7936,Left,0,0,0,0,0.0000,100.000,0,0.000,0,127.500,71.914,4.000,0.0300,0.6667,190.00,laser,60,450;300;200;100;50,450,1.5,3,0.4,1.5,3,1,10,20,100,-10,5,250,40,5,250,60,1,7,10,0,0.06,4,0.222,50,8,5
6,2,1,2,2;3;1;4,1,60,FrameTimeStutter,5.000,laser,practice,2026-09-21T19:06:24.6042923-04:00,4,800,13.69578,16.3559,1605.31,1256.17,0.000,0.000,-16.9123,13.2634,14.7936,Left,0,0,0,0,0.0000,100.000,0,0.000,0,127.500,71.914,4.000,0.0300,0.6667,190.00,laser,60,450;300;200;100;50,450,1.5,3,0.4,1.5,3,1,10,20,100,-10,5,250,40,5,250,60,1,7,10,0,0.06,4,0.222,50,8,5
6,2,1,2,2;3;1;4,1,60,FrameTimeStutter,5.000,laser,practice,2026-09-21T19:06:24.6042923-04:00,4,801,13.71276,16.9780,1605.31,1256.17,0.000,0.000,-16.9123,13.2634,14.7936,Left,0,0,0,0,0.0000,100.000,0,0.000,0,127.500,71.914,4.000,0.0300,0.6667,190.00,laser,60,450;300;200;100;50,450,1.5,3,0.4,1.5,3,1,10,20,100,-10,5,250,40,5,250,60,1,7,10,0,0.06,4,0.222,50,8,5
6,2,1,2,2;3;1;4,1,60,FrameTimeStutter,5.000,laser,practice,2026-09-21T19:06:24.6042923-04:00,4,802,13.72958,16.8119,1605.31,1256.17,0.000,0.000,-16.9123,13.2634,14.7936,Left,0,0,0,0,0.0000,100.000,0,0.000,0,127.500,71.914,4.000,0.0300,0.6667,190.00,laser,60,450;300;200;100;50,450,1.5,3,0.4,1.5,3,1,10,20,100,-10,5,250,40,5,250,60,1,7,10,0,0.06,4,0.222,50,8,5
6,2,1,2,2;3;1;4,1,60,FrameTimeStutter,5.000,laser,practice,2026-09-21T19:06:24.6042923-04:00,4,803,13.74675,17.1786,1605.31,1256.17,0.000,0.000,-16.9123,13.2634,14.7936,Left,0,0,0,0,0.0000,100.000,0,0.000,0,127.500,71.914,4.000,0.0300,0.6667,190.00,laser,60,450;300;200;100;50,450,1.5,3,0.4,1.5,3,1,10,20,100,-10,5,250,40,5,250,60,1,7,10,0,0.06,4,0.222,50,8,5
6,2,1,2,2;3;1;4,1,60,FrameTimeStutter,5.000,laser,practice,2026-09-21T19:06:24.6042923-04:00,4,804,13.76274,15.9841,1605.31,1256.17,0.000,0.000,-16.9123,13.2634,14.7936,Left,0,0,0,0,0.0000,100.000,0,0.000,0,127.500,71.914,4.000,0.0300,0.6667,190.00,laser,60,450;300;200;100;50,450,1.5,3,0.4,1.5,3,1,10,20,100,-10,5,250,40,5,250,60,1,7,10,0,0.06,4,0.222,50,8,5
6,2,1,2,2;3;1;4,1,60,FrameTimeStutter,5.000,laser,practice,2026-09-21T19:06:24.6042923-04:00,4,805,13.77937,16.6363,1605.31,1256.17,0.000,0.000,-16.9123,13.2634,14.7936,Left,0,0,0,0,0.0000,100.000,0,0.000,0,127.500,71.914,4.000,0.0300,0.6667,190.00,laser,60,450;300;200;100;50,450,1.5,3,0.4,1.5,3,1,10,20,100,-10,5,250,40,5,250,60,1,7,10,0,0.06,4,0.222,50,8,5
6,2,1,2,2;3;1;4,1,60,FrameTimeStutter,5.000,laser,practice,2026-09-21T19:06:24.6042923-04:00,4,806,13.79630,16.9302,1605.31,1256.17,0.000,0.000,-16.9123,13.2634,14.7936,Left,0,0,0,0,0.0000,100.000,0,0.000,0,127.500,71.914,4.000,0.0300,0.6667,190.00,laser,60,450;300;200;100;50,450,1.5,3,0.4,1.5,3,1,10,20,100,-10,5,250,40,5,250,60,1,7,10,0,0.06,4,0.222,50,8,5
6,2,1,2,2;3;1;4,1,60,FrameTimeStutter,5.000,laser,practice,2026-09-21T19:06:24.6042923-04:00,4,807,13.81290,16.5910,1605.31,1256.17,0.000,0.000,-16.9123,13.2634,14.7936,Left,0,0,0,0,0.0000,100.000,0,0.000,0,127.500,71.914,4.000,0.0300,0.6667,190.00,laser,60,450;300;200;100;50,450,1.5,3,0.4,1.5,3,1,10,20,100,-10,5,250,40,5,250,60,1,7,10,0,0.06,4,0.222,50,8,5
6,2,1,2,2;3;1;4,1,60,FrameTimeStutter,5.000,laser,practice,2026-09-21T19:06:24.6042923-04:00,4,808,13.82971,16.8170,1605.31,1256.17,0.000,0.000,-16.9123,13.2634,14.7936,Left,0,0,0,0,0.0000,100.000,0,0.000,0,127.500,71.914,4.000,0.0300,0.6667,190.00,laser,60,450;300;200;100;50,450,1.5,3,0.4,1.5,3,1,10,20,100,-10,5,250,40,5,250,60,1,7,10,0,0.06,4,0.222,50,8,5
6,2,1,2,2;3;1;4,1,60,FrameTimeStutter,5.000,laser,practice,2026-09-21T19:06:24.6042923-04:00,4,809,13.84619,16.4770,1605.31,1256.17,0.000,0.000,-16.9123,13.2634,14.7936,Left,0,0,0,0,0.0000,100.000,0,0.000,0,127.500,71.914,4.000,0.0300,0.6667,190.00,laser,60,450;300;200;100;50,450,1.5,3,0.4,1.5,3,1,10,20,100,-10,5,250,40,5,250,60,1,7,10,0,0.06,4,0.222,50,8,5
6,2,1,2,2;3;1;4,1,60,FrameTimeStutter,5.000,laser,practice,2026-09-21T19:06:24.6042923-04:00,4,810,13.86240,16.2052,1605.31,1256.17,0.000,0.000,-16.9123,13.2634,14.7936,Left,0,0,0,0,0.0000,100.000,0,0.000,0,127.500,71.914,4.000,0.0300,0.6667,190.00,laser,60,450;300;200;100;50,450,1.5,3,0.4,1.5,3,1,10,20,100,-10,5,250,40,5,250,60,1,7,10,0,0.06,4,0.222,50,8,5
6,2,1,2,2;3;1;4,1,60,FrameTimeStutter,5.000,laser,practice,2026-09-21T19:06:24.6042923-04:00,4,811,13.87989,17.4978,1605.31,1256.17,0.000,0.000,-16.9123,13.2634,14.7936,Left,0,0,0,0,0.0000,100.000,0,0.000,0,127.500,71.914,4.000,0.0300,0.6667,190.00,laser,60,450;300;200;100;50,450,1.5,3,0.4,1.5,3,1,10,20,100,-10,5,250,40,5,250,60,1,7,10,0,0.06,4,0.222,50,8,5
6,2,1,2,2;3;1;4,1,60,FrameTimeStutter,5.000,laser,practice,2026-09-21T19:06:24.6042923-04:00,4,812,13.89573,15.8411,1605.31,1256.17,0.000,0.000,-16.9123,13.2634,14.7936,Left,0,0,0,0,0.0000,100.000,0,0.000,0,127.500,71.914,4.000,0.0300,0.6667,190.00,laser,60,450;300;200;100;50,450,1.5,3,0.4,1.5,3,1,10,20,100,-10,5,250,40,5,250,60,1,7,10,0,0.06,4,0.222,50,8,5
6,2,1,2,2;3;1;4,1,60,FrameTimeStutter,5.000,laser,practice,2026-09-21T19:06:24.6042923-04:00,4,813,13.91300,17.2690,1605.31,1256.17,0.000,0.000,-16.9123,13.2634,14.7936,Left,0,0,0,0,0.0000,100.000,0,0.000,0,127.500,71.914,4.000,0.0300,0.6667,190.00,laser,60,450;300;200;100;50,450,1.5,3,0.4,1.5,3,1,10,20,100,-10,5,250,40,5,250,60,1,7,10,0,0.06,4,0.222,50,8,5
6,2,1,2,2;3;1;4,1,60,FrameTimeStutter,5.000,laser,practice,2026-09-21T19:06:24.6042923-04:00,4,814,13.92962,16.6179,1605.31,1256.17,0.000,0.000,-16.9123,13.2634,14.7936,Left,0,0,0,0,0.0000,100.000,0,0.000,0,127.500,71.914,4.000,0.0300,0.6667,190.00,laser,60,450;300;200;100;50,450,1.5,3,0.4,1.5,3,1,10,20,100,-10,5,250,40,5,250,60,1,7,10,0,0.06,4,0.222,50,8,5
6,2,1,2,2;3;1;4,1,60,FrameTimeStutter,5.000,laser,practice,2026-09-21T19:06:24.6042923-04:00,4,815,13.94678,17.1586,1605.31,1256.17,0.000,0.000,-16.9123,13.2634,14.7936,Left,0,0,0,0,0.0000,100.000,0,0.000,0,127.500,71.914,4.000,0.0300,0.6667,190.00,laser,60,450;300;200;100;50,450,1.5,3,0.4,1.5,3,1,10,20,100,-10,5,250,40,5,250,60,1,7,10,0,0.06,4,0.222,50,8,5
6,2,1,2,2;3;1;4,1,60,FrameTimeStutter,5.000,laser,practice,2026-09-21T19:06:24.6042923-04:00,4,816,13.96294,16.1654,1605.31,1256.17,0.000,0.000,-16.9123,13.2634,14.7936,Left,0,0,0,0,0.0000,100.000,0,0.000,0,127.500,71.914,4.000,0.0300,0.6667,190.00,laser,60,450;300;200;100;50,450,1.5,3,0.4,1.5,3,1,10,20,100,-10,5,250,40,5,250,60,1,7,10,0,0.06,4,0.222,50,8,5
6,2,1,2,2;3;1;4,1,60,FrameTimeStutter,5.000,laser,practice,2026-09-21T19:06:24.6042923-04:00,4,817,13.97905,16.1102,1605.31,1256.17,0.000,0.000,-16.9123,13.2634,14.7936,Left,0,0,0,0,0.0000,100.000,0,0.000,0,127.500,71.914,4.000,0.0300,0.6667,190.00,laser,60,450;300;200;100;50,450,1.5,3,0.4,1.5,3,1,10,20,100,-10,5,250,40,5,250,60,1,7,10,0,0.06,4,0.222,50,8,5
6,2,1,2,2;3;1;4,1,60,FrameTimeStutter,5.000,laser,practice,2026-09-21T19:06:24.6042923-04:00,4,818,13.99590,16.8430,1605.31,1256.17,0.000,0.000,-16.9123,13.2634,14.7936,Left,0,0,0,0,0.0000,100.000,0,0.000,0,127.500,71.914,4.000,0.0300,0.6667,190.00,laser,60,450;300;200;100;50,450,1.5,3,0.4,1.5,3,1,10,20,100,-10,5,250,40,5,250,60,1,7,10,0,0.06,4,0.222,50,8,5
6,2,1,2,2;3;1;4,1,60,FrameTimeStutter,5.000,laser,practice,2026-09-21T19:06:24.6042923-04:00,4,819,14.01243,16.5341,1605.31,1256.17,0.000,0.000,-16.9123,13.2634,14.7936,Left,0,0,0,0,0.0000,100.000,0,0.000,0,127.500,71.914,4.000,0.0300,0.6667,190.00,laser,60,450;300;200;100;50,450,1.5,3,0.4,1.5,3,1,10,20,100,-10,5,250,40,5,250,60,1,7,10,0,0.06,4,0.222,50,8,5
6,2,1,2,2;3;1;4,1,60,FrameTimeStutter,5.000,laser,practice,2026-09-21T19:06:24.6042923-04:00,4,820,14.02907,16.6395,1605.31,1256.17,0.000,0.000,-16.9123,13.2634,14.7936,Left,0,0,0,0,0.0000,100.000,0,0.000,0,127.500,71.914,4.000,0.0300,0.6667,190.00,laser,60,450;300;200;100;50,450,1.5,3,0.4,1.5,3,1,10,20,100,-10,5,250,40,5,250,60,1,7,10,0,0.06,4,0.222,50,8,5
6,2,1,2,2;3;1;4,1,60,FrameTimeStutter,5.000,laser,practice,2026-09-21T19:06:24.6042923-04:00,4,821,14.04658,17.5109,1605.31,1256.17,0.000,0.000,-16.9123,13.2634,14.7936,Left,0,0,0,0,0.0000,100.000,0,0.000,0,127.500,71.914,4.000,0.0300,0.6667,190.00,laser,60,450;300;200;100;50,450,1.5,3,0.4,1.5,3,1,10,20,100,-10,5,250,40,5,250,60,1,7,10,0,0.06,4,0.222,50,8,5
6,2,1,2,2;3;1;4,1,60,FrameTimeStutter,5.000,laser,practice,2026-09-21T19:06:24.6042923-04:00,4,822,14.06244,15.8578,1605.31,1256.17,0.000,0.000,-16.9123,13.2634,14.7936,Left,0,0,0,0,0.0000,100.000,0,0.000,0,127.500,71.914,4.000,0.0300,0.6667,190.00,laser,60,450;300;200;100;50,450,1.5,3,0.4,1.5,3,1,10,20,100,-10,5,250,40,5,250,60,1,7,10,0,0.06,4,0.222,50,8,5
6,2,1,2,2;3;1;4,1,60,FrameTimeStutter,5.000,laser,practice,2026-09-21T19:06:24.6042923-04:00,4,823,14.07979,17.3522,1605.31,1256.17,0.000,0.000,-16.9123,13.2634,14.7936,Left,0,0,0,0,0.0000,100.000,0,0.000,0,127.500,71.914,4.000,0.0300,0.6667,190.00,laser,60,450;300;200;100;50,450,1.5,3,0.4,1.5,3,1,10,20,100,-10,5,250,40,5,250,60,1,7,10,0,0.06,4,0.222,50,8,5
6,2,1,2,2;3;1;4,1,60,FrameTimeStutter,5.000,laser,practice,2026-09-21T19:06:24.6042923-04:00,4,824,14.09588,16.0891,1605.31,1256.17,0.000,0.000,-16.9123,13.2634,14.7936,Left,0,0,0,0,0.0000,100.000,0,0.000,0,127.500,71.914,4.000,0.0300,0.6667,190.00,laser,60,450;300;200;100;50,450,1.5,3,0.4,1.5,3,1,10,20,100,-10,5,250,40,5,250,60,1,7,10,0,0.06,4,0.222,50,8,5
6,2,1,2,2;3;1;4,1,60,FrameTimeStutter,5.000,laser,practice,2026-09-21T19:06:24.6042923-04:00,4,825,14.11247,16.5860,1605.31,1256.17,0.000,0.000,-16.9123,13.2634,14.7936,Left,0,0,0,0,0.0000,100.000,0,0.000,0,127.500,71.914,4.000,0.0300,0.6667,190.00,laser,60,450;300;200;100;50,450,1.5,3,0.4,1.5,3,1,10,20,100,-10,5,250,40,5,250,60,1,7,10,0,0.06,4,0.222,50,8,5
6,2,1,2,2;3;1;4,1,60,FrameTimeStutter,5.000,laser,practice,2026-09-21T19:06:24.6042923-04:00,4,826,14.12910,16.6348,1605.31,1256.17,0.000,0.000,-16.9123,13.2634,14.7936,Left,0,0,0,0,0.0000,100.000,0,0.000,0,127.500,71.914,4.000,0.0300,0.6667,190.00,laser,60,450;300;200;100;50,450,1.5,3,0.4,1.5,3,1,10,20,100,-10,5,250,40,5,250,60,1,7,10,0,0.06,4,0.222,50,8,5
6,2,1,2,2;3;1;4,1,60,FrameTimeStutter,5.000,laser,practice,2026-09-21T19:06:24.6042923-04:00,4,827,14.14659,17.4875,1605.31,1256.17,0.000,0.000,-16.9123,13.2634,14.7936,Left,0,0,0,0,0.0000,100.000,0,0.000,0,127.500,71.914,4.000,0.0300,0.6667,190.00,laser,60,450;300;200;100;50,450,1.5,3,0.4,1.5,3,1,10,20,100,-10,5,250,40,5,250,60,1,7,10,0,0.06,4,0.222,50,8,5
6,2,1,2,2;3;1;4,1,60,FrameTimeStutter,5.000,laser,practice,2026-09-21T19:06:24.6042923-04:00,4,828,14.16309,16.4993,1605.31,1256.17,0.000,0.000,-16.9123,13.2634,14.7936,Left,0,0,0,0,0.0000,100.000,0,0.000,0,127.500,71.914,4.000,0.0300,0.6667,190.00,laser,60,450;300;200;100;50,450,1.5,3,0.4,1.5,3,1,10,20,100,-10,5,250,40,5,250,60,1,7,10,0,0.06,4,0.222,50,8,5
6,2,1,2,2;3;1;4,1,60,FrameTimeStutter,5.000,laser,practice,2026-09-21T19:06:24.6042923-04:00,4,829,14.17971,16.6248,1605.31,1256.17,0.000,0.000,-16.9123,13.2634,14.7936,Left,0,0,0,0,0.0000,100.000,0,0.000,0,127.500,71.914,4.000,0.0300,0.6667,190.00,laser,60,450;300;200;100;50,450,1.5,3,0.4,1.5,3,1,10,20,100,-10,5,250,40,5,250,60,1,7,10,0,0.06,4,0.222,50,8,5
6,2,1,2,2;3;1;4,1,60,FrameTimeStutter,5.000,laser,practice,2026-09-21T19:06:24.6042923-04:00,4,830,14.19588,16.1649,1605.31,1256.17,0.000,0.000,-16.9123,13.2634,14.7936,Left,0,0,0,0,0.0000,100.000,0,0.000,0,127.500,71.914,4.000,0.0300,0.6667,190.00,laser,60,450;300;200;100;50,450,1.5,3,0.4,1.5,3,1,10,20,100,-10,5,250,40,5,250,60,1,7,10,0,0.06,4,0.222,50,8,5
6,2,1,2,2;3;1;4,1,60,FrameTimeStutter,5.000,laser,practice,2026-09-21T19:06:24.6042923-04:00,4,831,14.21262,16.7446,1605.31,1256.17,0.000,0.000,-16.9123,13.2634,14.7936,Left,0,0,0,0,0.0000,100.000,0,0.000,0,127.500,71.914,4.000,0.0300,0.6667,190.00,laser,60,450;300;200;100;50,450,1.5,3,0.4,1.5,3,1,10,20,100,-10,5,250,40,5,250,60,1,7,10,0,0.06,4,0.222,50,8,5
6,2,1,2,2;3;1;4,1,60,FrameTimeStutter,5.000,laser,practice,2026-09-21T19:06:24.6042923-04:00,4,832,14.22933,16.7045,1605.31,1256.17,0.000,0.000,-16.9123,13.2634,14.7936,Left,0,0,0,0,0.0000,100.000,0,0.000,0,127.500,71.914,4.000,0.0300,0.6667,190.00,laser,60,450;300;200;100;50,450,1.5,3,0.4,1.5,3,1,10,20,100,-10,5,250,40,5,250,60,1,7,10,0,0.06,4,0.222,50,8,5
6,2,1,2,2;3;1;4,1,60,FrameTimeStutter,5.000,laser,practice,2026-09-21T19:06:24.6042923-04:00,4,833,14.24597,16.6390,1605.31,1256.17,0.000,0.000,-16.9123,13.2634,14.7936,Left,0,0,0,0,0.0000,100.000,0,0.000,0,127.500,71.914,4.000,0.0300,0.6667,190.00,laser,60,450;300;200;100;50,450,1.5,3,0.4,1.5,3,1,10,20,100,-10,5,250,40,5,250,60,1,7,10,0,0.06,4,0.222,50,8,5
6,2,1,2,2;3;1;4,1,60,FrameTimeStutter,5.000,laser,practice,2026-09-21T19:06:24.6042923-04:00,4,834,14.26254,16.5752,1605.31,1256.17,0.000,0.000,-16.9123,13.2634,14.7936,Left,0,0,0,0,0.0000,100.000,0,0.000,0,127.500,71.914,4.000,0.0300,0.6667,190.00,laser,60,450;300;200;100;50,450,1.5,3,0.4,1.5,3,1,10,20,100,-10,5,250,40,5,250,60,1,7,10,0,0.06,4,0.222,50,8,5
6,2,1,2,2;3;1;4,1,60,FrameTimeStutter,5.000,laser,practice,2026-09-21T19:06:24.6042923-04:00,4,835,14.27940,16.8577,1605.31,1256.17,0.000,0.000,-16.9123,13.2634,14.7936,Left,0,0,0,0,0.0000,100.000,0,0.000,0,127.500,71.914,4.000,0.0300,0.6667,190.00,laser,60,450;300;200;100;50,450,1.5,3,0.4,1.5,3,1,10,20,100,-10,5,250,40,5,250,60,1,7,10,0,0.06,4,0.222,50,8,5
6,2,1,2,2;3;1;4,1,60,FrameTimeStutter,5.000,laser,practice,2026-09-21T19:06:24.6042923-04:00,4,836,14.29606,16.6644,1605.31,1256.17,0.000,0.000,-16.9123,13.2634,14.7936,Left,0,0,0,0,0.0000,100.000,0,0.000,0,127.500,71.914,4.000,0.0300,0.6667,190.00,laser,60,450;300;200;100;50,450,1.5,3,0.4,1.5,3,1,10,20,100,-10,5,250,40,5,250,60,1,7,10,0,0.06,4,0.222,50,8,5
6,2,1,2,2;3;1;4,1,60,FrameTimeStutter,5.000,laser,practice,2026-09-21T19:06:24.6042923-04:00,4,837,14.31260,16.5342,1605.31,1256.17,0.000,0.000,-16.9123,13.2634,14.7936,Left,0,0,0,0,0.0000,100.000,0,0.000,0,127.500,71.914,4.000,0.0300,0.6667,190.00,laser,60,450;300;200;100;50,450,1.5,3,0.4,1.5,3,1,10,20,100,-10,5,250,40,5,250,60,1,7,10,0,0.06,4,0.222,50,8,5
6,2,1,2,2;3;1;4,1,60,FrameTimeStutter,5.000,laser,practice,2026-09-21T19:06:24.6042923-04:00,4,838,14.32913,16.5350,1605.31,1256.17,0.000,0.000,-16.9123,13.2634,14.7936,Left,0,0,0,0,0.0000,100.000,0,0.000,0,127.500,71.914,4.000,0.0300,0.6667,190.00,laser,60,450;300;200;100;50,450,1.5,3,0.4,1.5,3,1,10,20,100,-10,5,250,40,5,250,60,1,7,10,0,0.06,4,0.222,50,8,5
6,2,1,2,2;3;1;4,1,60,FrameTimeStutter,5.000,laser,practice,2026-09-21T19:06:24.6042923-04:00,4,839,14.34627,17.1414,1605.31,1256.17,0.000,0.000,-16.9123,13.2634,14.7936,Left,0,0,0,0,0.0000,100.000,0,0.000,0,127.500,71.914,4.000,0.0300,0.6667,190.00,laser,60,450;300;200;100;50,450,1.5,3,0.4,1.5,3,1,10,20,100,-10,5,250,40,5,250,60,1,7,10,0,0.06,4,0.222,50,8,5
6,2,1,2,2;3;1;4,1,60,FrameTimeStutter,5.000,laser,practice,2026-09-21T19:06:24.6042923-04:00,4,840,14.36255,16.2757,1605.31,1256.17,0.000,0.000,-16.9123,13.2634,14.7936,Left,0,0,0,0,0.0000,100.000,0,0.000,0,127.500,71.914,4.000,0.0300,0.6667,190.00,laser,60,450;300;200;100;50,450,1.5,3,0.4,1.5,3,1,10,20,100,-10,5,250,40,5,250,60,1,7,10,0,0.06,4,0.222,50,8,5
6,2,1,2,2;3;1;4,1,60,FrameTimeStutter,5.000,laser,practice,2026-09-21T19:06:24.6042923-04:00,4,841,14.37919,16.6397,1605.31,1256.17,0.000,0.000,-16.9123,13.2634,14.7936,Left,0,0,0,0,0.0000,100.000,0,0.000,0,127.500,71.914,4.000,0.0300,0.6667,190.00,laser,60,450;300;200;100;50,450,1.5,3,0.4,1.5,3,1,10,20,100,-10,5,250,40,5,250,60,1,7,10,0,0.06,4,0.222,50,8,5
6,2,1,2,2;3;1;4,1,60,FrameTimeStutter,5.000,laser,practice,2026-09-21T19:06:24.6042923-04:00,4,842,14.39588,16.6893,1605.31,1256.17,0.000,0.000,-16.9123,13.2634,14.7936,Left,0,0,0,0,0.0000,100.000,0,0.000,0,127.500,71.914,4.000,0.0300,0.6667,190.00,laser,60,450;300;200;100;50,450,1.5,3,0.4,1.5,3,1,10,20,100,-10,5,250,40,5,250,60,1,7,10,0,0.06,4,0.222,50,8,5
6,2,1,2,2;3;1;4,1,60,FrameTimeStutter,5.000,laser,practice,2026-09-21T19:06:24.6042923-04:00,4,843,14.41267,16.7861,1605.31,1256.17,0.000,0.000,-16.9123,13.2634,14.7936,Left,0,0,0,0,0.0000,100.000,0,0.000,0,127.500,71.914,4.000,0.0300,0.6667,190.00,laser,60,450;300;200;100;50,450,1.5,3,0.4,1.5,3,1,10,20,100,-10,5,250,40,5,250,60,1,7,10,0,0.06,4,0.222,50,8,5
6,2,1,2,2;3;1;4,1,60,FrameTimeStutter,5.000,laser,practice,2026-09-21T19:06:24.6042923-04:00,4,844,14.42929,16.6241,1605.31,1256.17,0.000,0.000,-16.9123,13.2634,14.7936,Left,0,0,0,0,0.0000,100.000,0,0.000,0,127.500,71.914,4.000,0.0300,0.6667,190.00,laser,60,450;300;200;100;50,450,1.5,3,0.4,1.5,3,1,10,20,100,-10,5,250,40,5,250,60,1,7,10,0,0.06,4,0.222,50,8,5
6,2,1,2,2;3;1;4,1,60,FrameTimeStutter,5.000,laser,practice,2026-09-21T19:06:24.6042923-04:00,4,845,14.44584,16.5492,1605.31,1256.17,0.000,0.000,-16.9123,13.2634,14.7936,Left,0,0,0,0,0.0000,100.000,0,0.000,0,127.500,71.914,4.000,0.0300,0.6667,190.00,laser,60,450;300;200;100;50,450,1.5,3,0.4,1.5,3,1,10,20,100,-10,5,250,40,5,250,60,1,7,10,0,0.06,4,0.222,50,8,5
6,2,1,2,2;3;1;4,1,60,FrameTimeStutter,5.000,laser,practice,2026-09-21T19:06:24.6042923-04:00,4,846,14.46258,16.7407,1605.31,1256.17,0.000,0.000,-16.9123,13.2634,14.7936,Left,0,0,0,0,0.0000,100.000,0,0.000,0,127.500,71.914,4.000,0.0300,0.6667,190.00,laser,60,450;300;200;100;50,450,1.5,3,0.4,1.5,3,1,10,20,100,-10,5,250,40,5,250,60,1,7,10,0,0.06,4,0.222,50,8,5
6,2,1,2,2;3;1;4,1,60,FrameTimeStutter,5.000,laser,practice,2026-09-21T19:06:24.6042923-04:00,4,847,14.47933,16.7519,1605.31,1256.17,0.000,0.000,-16.9123,13.2634,14.7936,Left,0,0,0,0,0.0000,100.000,0,0.000,0,127.500,71.914,4.000,0.0300,0.6667,190.00,laser,60,450;300;200;100;50,450,1.5,3,0.4,1.5,3,1,10,20,100,-10,5,250,40,5,250,60,1,7,10,0,0.06,4,0.222,50,8,5
6,2,1,2,2;3;1;4,1,60,FrameTimeStutter,5.000,laser,practice,2026-09-21T19:06:24.6042923-04:00,4,848,14.49607,16.7426,1605.31,1256.17,0.000,0.000,-16.9123,13.2634,14.7936,Left,0,0,0,0,0.0000,100.000,0,0.000,0,127.500,71.914,4.000,0.0300,0.6667,190.00,laser,60,450;300;200;100;50,450,1.5,3,0.4,1.5,3,1,10,20,100,-10,5,250,40,5,250,60,1,7,10,0,0.06,4,0.222,50,8,5
6,2,1,2,2;3;1;4,1,60,FrameTimeStutter,5.000,laser,practice,2026-09-21T19:06:24.6042923-04:00,4,849,14.51260,16.5228,1605.31,1256.17,0.000,0.000,-16.9123,13.2634,14.7936,Left,0,0,0,0,0.0000,100.000,0,0.000,0,127.500,71.914,4.000,0.0300,0.6667,190.00,laser,60,450;300;200;100;50,450,1.5,3,0.4,1.5,3,1,10,20,100,-10,5,250,40,5,250,60,1,7,10,0,0.06,4,0.222,50,8,5
6,2,1,2,2;3;1;4,1,60,FrameTimeStutter,5.000,laser,practice,2026-09-21T19:06:24.6042923-04:00,4,850,14.52936,16.7685,1605.31,1256.17,0.000,0.000,-16.9123,13.2634,14.7936,Left,0,0,0,0,0.0000,100.000,0,0.000,0,127.500,71.914,4.000,0.0300,0.6667,190.00,laser,60,450;300;200;100;50,450,1.5,3,0.4,1.5,3,1,10,20,100,-10,5,250,40,5,250,60,1,7,10,0,0.06,4,0.222,50,8,5
6,2,1,2,2;3;1;4,1,60,FrameTimeStutter,5.000,laser,practice,2026-09-21T19:06:24.6042923-04:00,4,851,14.54592,16.5567,1605.31,1256.17,0.000,0.000,-16.9123,13.2634,14.7936,Left,0,0,0,0,0.0000,100.000,0,0.000,0,127.500,71.914,4.000,0.0300,0.6667,190.00,laser,60,450;300;200;100;50,450,1.5,3,0.4,1.5,3,1,10,20,100,-10,5,250,40,5,250,60,1,7,10,0,0.06,4,0.222,50,8,5
6,2,1,2,2;3;1;4,1,60,FrameTimeStutter,5.000,laser,practice,2026-09-21T19:06:24.6042923-04:00,4,852,14.56245,16.5304,1605.31,1256.17,0.000,0.000,-16.9123,13.2634,14.7936,Left,0,0,0,0,0.0000,100.000,0,0.000,0,127.500,71.914,4.000,0.0300,0.6667,190.00,laser,60,450;300;200;100;50,450,1.5,3,0.4,1.5,3,1,10,20,100,-10,5,250,40,5,250,60,1,7,10,0,0.06,4,0.222,50,8,5
6,2,1,2,2;3;1;4,1,60,FrameTimeStutter,5.000,laser,practice,2026-09-21T19:06:24.6042923-04:00,4,853,14.57985,17.4024,1605.31,1256.17,0.000,0.000,-16.9123,13.2634,14.7936,Left,0,0,0,0,0.0000,100.000,0,0.000,0,127.500,71.914,4.000,0.0300,0.6667,190.00,laser,60,450;300;200;100;50,450,1.5,3,0.4,1.5,3,1,10,20,100,-10,5,250,40,5,250,60,1,7,10,0,0.06,4,0.222,50,8,5
6,2,1,2,2;3;1;4,1,60,FrameTimeStutter,5.000,laser,practice,2026-09-21T19:06:24.6042923-04:00,4,854,14.59647,16.6158,1605.31,1256.17,0.000,0.000,-16.9123,13.2634,14.7936,Left,0,0,0,0,0.0000,100.000,0,0.000,0,127.500,71.914,4.000,0.0300,0.6667,190.00,laser,60,450;300;200;100;50,450,1.5,3,0.4,1.5,3,1,10,20,100,-10,5,250,40,5,250,60,1,7,10,0,0.06,4,0.222,50,8,5
6,2,1,2,2;3;1;4,1,60,FrameTimeStutter,5.000,laser,practice,2026-09-21T19:06:24.6042923-04:00,4,855,14.61282,16.3486,1605.31,1256.17,0.000,0.000,-16.9123,13.2634,14.7936,Left,0,0,0,0,0.0000,100.000,0,0.000,0,127.500,71.914,4.000,0.0300,0.6667,190.00,laser,60,450;300;200;100;50,450,1.5,3,0.4,1.5,3,1,10,20,100,-10,5,250,40,5,250,60,1,7,10,0,0.06,4,0.222,50,8,5
6,2,1,2,2;3;1;4,1,60,FrameTimeStutter,5.000,laser,practice,2026-09-21T19:06:24.6042923-04:00,4,856,14.62928,16.4603,1605.31,1256.17,0.000,0.000,-16.9123,13.2634,14.7936,Left,0,0,0,0,0.0000,100.000,0,0.000,0,127.500,71.914,4.000,0.0300,0.6667,190.00,laser,60,450;300;200;100;50,450,1.5,3,0.4,1.5,3,1,10,20,100,-10,5,250,40,5,250,60,1,7,10,0,0.06,4,0.222,50,8,5
6,2,1,2,2;3;1;4,1,60,FrameTimeStutter,5.000,laser,practice,2026-09-21T19:06:24.6042923-04:00,4,857,14.64592,16.6419,1605.31,1256.17,0.000,0.000,-16.9123,13.2634,14.7936,Left,0,0,0,0,0.0000,100.000,0,0.000,0,127.500,71.914,4.000,0.0300,0.6667,190.00,laser,60,450;300;200;100;50,450,1.5,3,0.4,1.5,3,1,10,20,100,-10,5,250,40,5,250,60,1,7,10,0,0.06,4,0.222,50,8,5
6,2,1,2,2;3;1;4,1,60,FrameTimeStutter,5.000,laser,practice,2026-09-21T19:06:24.6042923-04:00,4,858,14.66243,16.5064,1605.31,1256.17,0.000,0.000,-16.9123,13.2634,14.7936,Left,0,0,0,0,0.0000,100.000,0,0.000,0,127.500,71.914,4.000,0.0300,0.6667,190.00,laser,60,450;300;200;100;50,450,1.5,3,0.4,1.5,3,1,10,20,100,-10,5,250,40,5,250,60,1,7,10,0,0.06,4,0.222,50,8,5
6,2,1,2,2;3;1;4,1,60,FrameTimeStutter,5.000,laser,practice,2026-09-21T19:06:24.6042923-04:00,4,859,14.67948,17.0570,1605.31,1256.17,0.000,0.000,-16.9123,13.2634,14.7936,Left,0,0,0,0,0.0000,100.000,0,0.000,0,127.500,71.914,4.000,0.0300,0.6667,190.00,laser,60,450;300;200;100;50,450,1.5,3,0.4,1.5,3,1,10,20,100,-10,5,250,40,5,250,60,1,7,10,0,0.06,4,0.222,50,8,5
6,2,1,2,2;3;1;4,1,60,FrameTimeStutter,5.000,laser,practice,2026-09-21T19:06:24.6042923-04:00,4,860,14.69612,16.6368,1605.31,1256.17,0.000,0.000,-16.9123,13.2634,14.7936,Left,0,0,0,0,0.0000,100.000,0,0.000,0,127.500,71.914,4.000,0.0300,0.6667,190.00,laser,60,450;300;200;100;50,450,1.5,3,0.4,1.5,3,1,10,20,100,-10,5,250,40,5,250,60,1,7,10,0,0.06,4,0.222,50,8,5
6,2,1,2,2;3;1;4,1,60,FrameTimeStutter,5.000,laser,practice,2026-09-21T19:06:24.6042923-04:00,4,861,14.71279,16.6700,1605.31,1256.17,0.000,0.000,-16.9123,13.2634,14.7936,Left,0,0,0,0,0.0000,100.000,0,0.000,0,127.500,71.914,4.000,0.0300,0.6667,190.00,laser,60,450;300;200;100;50,450,1.5,3,0.4,1.5,3,1,10,20,100,-10,5,250,40,5,250,60,1,7,10,0,0.06,4,0.222,50,8,5
6,2,1,2,2;3;1;4,1,60,FrameTimeStutter,5.000,laser,practice,2026-09-21T19:06:24.6042923-04:00,4,862,14.72927,16.4761,1605.31,1256.17,0.000,0.000,-16.9123,13.2634,14.7936,Left,0,0,0,0,0.0000,100.000,0,0.000,0,127.500,71.914,4.000,0.0300,0.6667,190.00,laser,60,450;300;200;100;50,450,1.5,3,0.4,1.5,3,1,10,20,100,-10,5,250,40,5,250,60,1,7,10,0,0.06,4,0.222,50,8,5
6,2,1,2,2;3;1;4,1,60,FrameTimeStutter,5.000,laser,practice,2026-09-21T19:06:24.6042923-04:00,4,863,14.74583,16.5648,1605.31,1256.17,0.000,0.000,-16.9123,13.2634,14.7936,Left,0,0,0,0,0.0000,100.000,0,0.000,0,127.500,71.914,4.000,0.0300,0.6667,190.00,laser,60,450;300;200;100;50,450,1.5,3,0.4,1.5,3,1,10,20,100,-10,5,250,40,5,250,60,1,7,10,0,0.06,4,0.222,50,8,5
6,2,1,2,2;3;1;4,1,60,FrameTimeStutter,5.000,laser,practice,2026-09-21T19:06:24.6042923-04:00,4,864,14.76322,17.3914,1605.31,1256.17,0.000,0.000,-16.9123,13.2634,14.7936,Left,0,0,0,0,0.0000,100.000,0,0.000,0,127.500,71.914,4.000,0.0300,0.6667,190.00,laser,60,450;300;200;100;50,450,1.5,3,0.4,1.5,3,1,10,20,100,-10,5,250,40,5,250,60,1,7,10,0,0.06,4,0.222,50,8,5
6,2,1,2,2;3;1;4,1,60,FrameTimeStutter,5.000,laser,practice,2026-09-21T19:06:24.6042923-04:00,4,865,14.77978,16.5538,1605.31,1256.17,0.000,0.000,-16.9123,13.2634,14.7936,Left,0,0,0,0,0.0000,100.000,0,0.000,0,127.500,71.914,4.000,0.0300,0.6667,190.00,laser,60,450;300;200;100;50,450,1.5,3,0.4,1.5,3,1,10,20,100,-10,5,250,40,5,250,60,1,7,10,0,0.06,4,0.222,50,8,5
6,2,1,2,2;3;1;4,1,60,FrameTimeStutter,5.000,laser,practice,2026-09-21T19:06:24.6042923-04:00,4,866,14.79579,16.0158,1605.31,1256.17,0.000,0.000,-16.9123,13.2634,14.7936,Left,0,0,0,0,0.0000,100.000,0,0.000,0,127.500,71.914,4.000,0.0300,0.6667,190.00,laser,60,450;300;200;100;50,450,1.5,3,0.4,1.5,3,1,10,20,100,-10,5,250,40,5,250,60,1,7,10,0,0.06,4,0.222,50,8,5
6,2,1,2,2;3;1;4,1,60,FrameTimeStutter,5.000,laser,practice,2026-09-21T19:06:24.6042923-04:00,4,867,14.81236,16.5674,1605.31,1256.17,0.000,0.000,-16.9123,13.2634,14.7936,Left,0,0,0,0,0.0000,100.000,0,0.000,0,127.500,71.914,4.000,0.0300,0.6667,190.00,laser,60,450;300;200;100;50,450,1.5,3,0.4,1.5,3,1,10,20,100,-10,5,250,40,5,250,60,1,7,10,0,0.06,4,0.222,50,8,5
6,2,1,2,2;3;1;4,1,60,FrameTimeStutter,5.000,laser,practice,2026-09-21T19:06:24.6042923-04:00,4,868,14.82984,17.4787,1605.31,1256.17,0.000,0.000,-16.9123,13.2634,14.7936,Left,0,0,0,0,0.0000,100.000,0,0.000,0,127.500,71.914,4.000,0.0300,0.6667,190.00,laser,60,450;300;200;100;50,450,1.5,3,0.4,1.5,3,1,10,20,100,-10,5,250,40,5,250,60,1,7,10,0,0.06,4,0.222,50,8,5
6,2,1,2,2;3;1;4,1,60,FrameTimeStutter,5.000,laser,practice,2026-09-21T19:06:24.6042923-04:00,4,869,14.84578,15.9418,1605.31,1256.17,0.000,0.000,-16.9123,13.2634,14.7936,Left,0,0,0,0,0.0000,100.000,0,0.000,0,127.500,71.914,4.000,0.0300,0.6667,190.00,laser,60,450;300;200;100;50,450,1.5,3,0.4,1.5,3,1,10,20,100,-10,5,250,40,5,250,60,1,7,10,0,0.06,4,0.222,50,8,5
6,2,1,2,2;3;1;4,1,60,FrameTimeStutter,5.000,laser,practice,2026-09-21T19:06:24.6042923-04:00,4,870,14.86243,16.6466,1605.31,1256.17,0.000,0.000,-16.9123,13.2634,14.7936,Left,0,0,0,0,0.0000,100.000,0,0.000,0,127.500,71.914,4.000,0.0300,0.6667,190.00,laser,60,450;300;200;100;50,450,1.5,3,0.4,1.5,3,1,10,20,100,-10,5,250,40,5,250,60,1,7,10,0,0.06,4,0.222,50,8,5
6,2,1,2,2;3;1;4,1,60,FrameTimeStutter,5.000,laser,practice,2026-09-21T19:06:24.6042923-04:00,4,871,14.87918,16.7488,1605.31,1256.17,0.000,0.000,-16.9123,13.2634,14.7936,Left,0,0,0,0,0.0000,100.000,0,0.000,0,127.500,71.914,4.000,0.0300,0.6667,190.00,laser,60,450;300;200;100;50,450,1.5,3,0.4,1.5,3,1,10,20,100,-10,5,250,40,5,250,60,1,7,10,0,0.06,4,0.222,50,8,5
6,2,1,2,2;3;1;4,1,60,FrameTimeStutter,5.000,laser,practice,2026-09-21T19:06:24.6042923-04:00,4,872,14.89596,16.7872,1605.31,1256.17,0.000,0.000,-16.9123,13.2634,14.7936,Left,0,0,0,0,0.0000,100.000,0,0.000,0,127.500,71.914,4.000,0.0300,0.6667,190.00,laser,60,450;300;200;100;50,450,1.5,3,0.4,1.5,3,1,10,20,100,-10,5,250,40,5,250,60,1,7,10,0,0.06,4,0.222,50,8,5
6,2,1,2,2;3;1;4,1,60,FrameTimeStutter,5.000,laser,practice,2026-09-21T19:06:24.6042923-04:00,4,873,14.91291,16.9435,1605.31,1256.17,0.000,0.000,-16.9123,13.2634,14.7936,Left,0,0,0,0,0.0000,100.000,0,0.000,0,127.500,71.914,4.000,0.0300,0.6667,190.00,laser,60,450;300;200;100;50,450,1.5,3,0.4,1.5,3,1,10,20,100,-10,5,250,40,5,250,60,1,7,10,0,0.06,4,0.222,50,8,5
6,2,1,2,2;3;1;4,1,60,FrameTimeStutter,5.000,laser,practice,2026-09-21T19:06:24.6042923-04:00,4,874,14.92940,16.4883,1605.31,1256.17,0.000,0.000,-16.9123,13.2634,14.7936,Left,0,0,0,0,0.0000,100.000,0,0.000,0,127.500,71.914,4.000,0.0300,0.6667,190.00,laser,60,450;300;200;100;50,450,1.5,3,0.4,1.5,3,1,10,20,100,-10,5,250,40,5,250,60,1,7,10,0,0.06,4,0.222,50,8,5
6,2,1,2,2;3;1;4,1,60,FrameTimeStutter,5.000,laser,practice,2026-09-21T19:06:24.6042923-04:00,4,875,14.94594,16.5433,1605.31,1256.17,0.000,0.000,-16.9123,13.2634,14.7936,Left,0,0,0,0,0.0000,100.000,0,0.000,0,127.500,71.914,4.000,0.0300,0.6667,190.00,laser,60,450;300;200;100;50,450,1.5,3,0.4,1.5,3,1,10,20,100,-10,5,250,40,5,250,60,1,7,10,0,0.06,4,0.222,50,8,5
6,2,1,2,2;3;1;4,1,60,FrameTimeStutter,5.000,laser,practice,2026-09-21T19:06:24.6042923-04:00,4,876,14.96265,16.7068,1605.31,1256.17,0.000,0.000,-16.9123,13.2634,14.7936,Left,0,0,0,0,0.0000,100.000,0,0.000,0,127.500,71.914,4.000,0.0300,0.6667,190.00,laser,60,450;300;200;100;50,450,1.5,3,0.4,1.5,3,1,10,20,100,-10,5,250,40,5,250,60,1,7,10,0,0.06,4,0.222,50,8,5
6,2,1,2,2;3;1;4,1,60,FrameTimeStutter,5.000,laser,practice,2026-09-21T19:06:24.6042923-04:00,4,877,14.97939,16.7407,1605.31,1256.17,0.000,0.000,-16.9123,13.2634,14.7936,Left,0,0,0,0,0.0000,100.000,0,0.000,0,127.500,71.914,4.000,0.0300,0.6667,190.00,laser,60,450;300;200;100;50,450,1.5,3,0.4,1.5,3,1,10,20,100,-10,5,250,40,5,250,60,1,7,10,0,0.06,4,0.222,50,8,5
6,2,1,2,2;3;1;4,1,60,FrameTimeStutter,5.000,laser,practice,2026-09-21T19:06:24.6042923-04:00,4,878,14.99588,16.4924,1605.31,1256.17,0.000,0.000,-16.9123,13.2634,14.7936,Left,0,0,0,0,0.0000,100.000,0,0.000,0,127.500,71.914,4.000,0.0300,0.6667,190.00,laser,60,450;300;200;100;50,450,1.5,3,0.4,1.5,3,1,10,20,100,-10,5,250,40,5,250,60,1,7,10,0,0.06,4,0.222,50,8,5
6,2,1,2,2;3;1;4,1,60,FrameTimeStutter,5.000,laser,practice,2026-09-21T19:06:24.6042923-04:00,4,879,15.01254,16.6603,1605.31,1256.17,0.000,0.000,-16.9123,13.2634,14.7936,Left,0,0,0,0,0.0000,100.000,0,0.000,0,127.500,71.914,4.000,0.0300,0.6667,190.00,laser,60,450;300;200;100;50,450,1.5,3,0.4,1.5,3,1,10,20,100,-10,5,250,40,5,250,60,1,7,10,0,0.06,4,0.222,50,8,5
6,2,1,2,2;3;1;4,1,60,FrameTimeStutter,5.000,laser,practice,2026-09-21T19:06:24.6042923-04:00,4,880,15.02938,16.8444,1605.31,1256.17,0.000,0.000,-16.9123,13.2634,14.7936,Left,0,0,0,0,0.0000,100.000,0,0.000,0,127.500,71.914,4.000,0.0300,0.6667,190.00,laser,60,450;300;200;100;50,450,1.5,3,0.4,1.5,3,1,10,20,100,-10,5,250,40,5,250,60,1,7,10,0,0.06,4,0.222,50,8,5
6,2,1,2,2;3;1;4,1,60,FrameTimeStutter,5.000,laser,practice,2026-09-21T19:06:24.6042923-04:00,4,881,15.04619,16.8024,1605.31,1256.17,0.000,0.000,-16.9123,13.2634,14.7936,Left,0,0,0,0,0.0000,100.000,0,0.000,0,127.500,71.914,4.000,0.0300,0.6667,190.00,laser,60,450;300;200;100;50,450,1.5,3,0.4,1.5,3,1,10,20,100,-10,5,250,40,5,250,60,1,7,10,0,0.06,4,0.222,50,8,5
6,2,1,2,2;3;1;4,1,60,FrameTimeStutter,5.000,laser,practice,2026-09-21T19:06:24.6042923-04:00,4,882,15.06260,16.4117,1605.31,1256.17,0.000,0.000,-16.9123,13.2634,14.7936,Left,0,0,0,0,0.0000,100.000,0,0.000,0,127.500,71.914,4.000,0.0300,0.6667,190.00,laser,60,450;300;200;100;50,450,1.5,3,0.4,1.5,3,1,10,20,100,-10,5,250,40,5,250,60,1,7,10,0,0.06,4,0.222,50,8,5
6,2,1,2,2;3;1;4,1,60,FrameTimeStutter,5.000,laser,practice,2026-09-21T19:06:24.6042923-04:00,4,883,15.07991,17.3145,1605.31,1256.17,0.000,0.000,-16.9123,13.2634,14.7936,Left,0,0,0,0,0.0000,100.000,0,0.000,0,127.500,71.914,4.000,0.0300,0.6667,190.00,laser,60,450;300;200;100;50,450,1.5,3,0.4,1.5,3,1,10,20,100,-10,5,250,40,5,250,60,1,7,10,0,0.06,4,0.222,50,8,5
6,2,1,2,2;3;1;4,1,60,FrameTimeStutter,5.000,laser,practice,2026-09-21T19:06:24.6042923-04:00,4,884,15.09632,16.4104,1605.31,1256.17,0.000,0.000,-16.9123,13.2634,14.7936,Left,0,0,0,0,0.0000,100.000,0,0.000,0,127.500,71.914,4.000,0.0300,0.6667,190.00,laser,60,450;300;200;100;50,450,1.5,3,0.4,1.5,3,1,10,20,100,-10,5,250,40,5,250,60,1,7,10,0,0.06,4,0.222,50,8,5
6,2,1,2,2;3;1;4,1,60,FrameTimeStutter,5.000,laser,practice,2026-09-21T19:06:24.6042923-04:00,4,885,15.11309,16.7634,1605.31,1256.17,0.000,0.000,-16.9123,13.2634,14.7936,Left,0,0,0,0,0.0000,100.000,0,0.000,0,127.500,71.914,4.000,0.0300,0.6667,190.00,laser,60,450;300;200;100;50,450,1.5,3,0.4,1.5,3,1,10,20,100,-10,5,250,40,5,250,60,1,7,10,0,0.06,4,0.222,50,8,5
6,2,1,2,2;3;1;4,1,60,FrameTimeStutter,5.000,laser,practice,2026-09-21T19:06:24.6042923-04:00,4,886,15.12993,16.8408,1605.31,1256.17,0.000,0.000,-16.9123,13.2634,14.7936,Left,0,0,0,0,0.0000,100.000,0,0.000,0,127.500,71.914,4.000,0.0300,0.6667,190.00,laser,60,450;300;200;100;50,450,1.5,3,0.4,1.5,3,1,10,20,100,-10,5,250,40,5,250,60,1,7,10,0,0.06,4,0.222,50,8,5
6,2,1,2,2;3;1;4,1,60,FrameTimeStutter,5.000,laser,practice,2026-09-21T19:06:24.6042923-04:00,4,887,15.14575,15.8256,1605.31,1256.17,0.000,0.000,-16.9123,13.2634,14.7936,Left,0,0,0,0,0.0000,100.000,0,0.000,0,127.500,71.914,4.000,0.0300,0.6667,190.00,laser,60,450;300;200;100;50,450,1.5,3,0.4,1.5,3,1,10,20,100,-10,5,250,40,5,250,60,1,7,10,0,0.06,4,0.222,50,8,5
6,2,1,2,2;3;1;4,1,60,FrameTimeStutter,5.000,laser,practice,2026-09-21T19:06:24.6042923-04:00,4,888,15.16303,17.2789,1605.31,1256.17,0.000,0.000,-16.9123,13.2634,14.7936,Left,0,0,0,0,0.0000,100.000,0,0.000,0,127.500,71.914,4.000,0.0300,0.6667,190.00,laser,60,450;300;200;100;50,450,1.5,3,0.4,1.5,3,1,10,20,100,-10,5,250,40,5,250,60,1,7,10,0,0.06,4,0.222,50,8,5
6,2,1,2,2;3;1;4,1,60,FrameTimeStutter,5.000,laser,practice,2026-09-21T19:06:24.6042923-04:00,4,889,15.17980,16.7683,1605.31,1256.17,0.000,0.000,-16.9123,13.2634,14.7936,Left,0,0,0,0,0.0000,100.000,0,0.000,0,127.500,71.914,4.000,0.0300,0.6667,190.00,laser,60,450;300;200;100;50,450,1.5,3,0.4,1.5,3,1,10,20,100,-10,5,250,40,5,250,60,1,7,10,0,0.06,4,0.222,50,8,5
6,2,1,2,2;3;1;4,1,60,FrameTimeStutter,5.000,laser,practice,2026-09-21T19:06:24.6042923-04:00,4,890,15.19623,16.4346,1605.31,1256.17,0.000,0.000,-16.9123,13.2634,14.7936,Left,0,0,0,0,0.0000,100.000,0,0.000,0,127.500,71.914,4.000,0.0300,0.6667,190.00,laser,60,450;300;200;100;50,450,1.5,3,0.4,1.5,3,1,10,20,100,-10,5,250,40,5,250,60,1,7,10,0,0.06,4,0.222,50,8,5
6,2,1,2,2;3;1;4,1,60,FrameTimeStutter,5.000,laser,practice,2026-09-21T19:06:24.6042923-04:00,4,891,15.21255,16.3176,1607.11,1256.17,1.000,0.000,-16.8940,13.2634,14.7936,Left,0,0,0,0,0.0000,100.000,0,0.000,0,127.500,71.914,4.000,0.0300,0.6667,190.00,laser,60,450;300;200;100;50,450,1.5,3,0.4,1.5,3,1,10,20,100,-10,5,250,40,5,250,60,1,7,10,0,0.06,4,0.222,50,8,5
6,2,1,2,2;3;1;4,1,60,FrameTimeStutter,5.000,laser,practice,2026-09-21T19:06:24.6042923-04:00,4,892,15.22967,17.1177,1625.13,1256.17,10.000,0.000,-16.7111,13.2634,14.7936,Left,0,0,0,0,0.0000,100.000,0,0.000,0,127.500,71.914,4.000,0.0300,0.6667,190.00,laser,60,450;300;200;100;50,450,1.5,3,0.4,1.5,3,1,10,20,100,-10,5,250,40,5,250,60,1,7,10,0,0.06,4,0.222,50,8,5
6,2,1,2,2;3;1;4,1,60,FrameTimeStutter,5.000,laser,practice,2026-09-21T19:06:24.6042923-04:00,4,893,15.24621,16.5425,1686.41,1263.38,34.000,4.000,-16.0894,13.3366,14.7936,Left,0,0,0,0,0.0000,100.000,0,0.000,0,127.500,71.914,4.000,0.0300,0.6667,190.00,laser,60,450;300;200;100;50,450,1.5,3,0.4,1.5,3,1,10,20,100,-10,5,250,40,5,250,60,1,7,10,0,0.06,4,0.222,50,8,5
6,2,1,2,2;3;1;4,1,60,FrameTimeStutter,5.000,laser,practice,2026-09-21T19:06:24.6042923-04:00,4,894,15.26287,16.6613,1745.88,1292.22,33.000,16.000,-15.4860,13.6291,14.7936,Left,0,0,0,0,0.0000,100.000,0,0.000,0,127.500,71.914,4.000,0.0300,0.6667,190.00,laser,60,450;300;200;100;50,450,1.5,3,0.4,1.5,3,1,10,20,100,-10,5,250,40,5,250,60,1,7,10,0,0.06,4,0.222,50,8,5
6,2,1,2,2;3;1;4,1,60,FrameTimeStutter,5.000,laser,practice,2026-09-21T19:06:24.6042923-04:00,4,895,15.27988,17.0023,1834.19,1351.69,49.000,33.000,-14.5900,14.2325,14.7936,Left,0,0,0,0,0.0000,100.000,0,0.000,0,127.500,71.914,4.000,0.0300,0.6667,190.00,laser,60,450;300;200;100;50,450,1.5,3,0.4,1.5,3,1,10,20,100,-10,5,250,40,5,250,60,1,7,10,0,0.06,4,0.222,50,8,5
6,2,1,2,2;3;1;4,1,60,FrameTimeStutter,5.000,laser,practice,2026-09-21T19:06:24.6042923-04:00,4,896,15.29586,15.9795,1940.53,1440.00,59.000,57.000,-13.5112,15.2748,14.7936,Left,0,0,0,0,0.0000,100.000,0,0.000,0,127.500,71.914,4.000,0.0300,0.6667,190.00,laser,60,450;300;200;100;50,450,1.5,3,0.4,1.5,3,1,10,20,100,-10,5,250,40,5,250,60,1,7,10,0,0.06,4,0.222,50,8,5
6,2,1,2,2;3;1;4,1,60,FrameTimeStutter,5.000,laser,practice,2026-09-21T19:06:24.6042923-04:00,4,897,15.31304,17.1896,2001.80,1440.00,34.000,66.000,-12.8895,16.4816,14.7936,Left,0,0,0,0,0.0000,100.000,0,0.000,0,127.500,71.914,4.000,0.0300,0.6667,190.00,laser,60,450;300;200;100;50,450,1.5,3,0.4,1.5,3,1,10,20,100,-10,5,250,40,5,250,60,1,7,10,0,0.06,4,0.222,50,8,5
6,2,1,2,2;3;1;4,1,60,FrameTimeStutter,5.000,laser,practice,2026-09-21T19:06:24.6042923-04:00,4,898,15.32980,16.7572,2009.01,1440.00,4.000,48.000,-12.8163,17.3593,14.7936,Left,0,0,0,0,0.0000,100.000,0,0.000,0,127.500,71.914,4.000,0.0300,0.6667,190.00,laser,60,450;300;200;100;50,450,1.5,3,0.4,1.5,3,1,10,20,100,-10,5,250,40,5,250,60,1,7,10,0,0.06,4,0.222,50,8,5
6,2,1,2,2;3;1;4,1,60,FrameTimeStutter,5.000,laser,practice,2026-09-21T19:06:24.6042923-04:00,4,899,15.34648,16.6784,1994.59,1440.00,-8.000,26.000,-12.9626,17.8347,14.7936,Left,0,0,0,0,0.0000,100.000,0,0.000,0,127.500,71.914,4.000,0.0300,0.6667,190.00,laser,60,450;300;200;100;50,450,1.5,3,0.4,1.5,3,1,10,20,100,-10,5,250,40,5,250,60,1,7,10,0,0.06,4,0.222,50,8,5
6,2,1,2,2;3;1;4,1,60,FrameTimeStutter,5.000,laser,practice,2026-09-21T19:06:24.6042923-04:00,4,900,15.36310,16.6169,1992.79,1440.00,-1.000,10.000,-12.9809,18.0176,14.7936,Left,0,0,0,0,0.0000,100.000,0,0.000,0,127.500,71.914,4.000,0.0300,0.6667,190.00,laser,60,450;300;200;100;50,450,1.5,3,0.4,1.5,3,1,10,20,100,-10,5,250,40,5,250,60,1,7,10,0,0.06,4,0.222,50,8,5
6,2,1,2,2;3;1;4,1,60,FrameTimeStutter,5.000,laser,practice,2026-09-21T19:06:24.6042923-04:00,4,901,15.37979,16.6977,1992.79,1440.00,0.000,0.000,-12.9809,18.0176,14.7936,Left,0,0,0,0,0.0000,100.000,0,0.000,0,127.500,71.914,4.000,0.0300,0.6667,190.00,laser,60,450;300;200;100;50,450,1.5,3,0.4,1.5,3,1,10,20,100,-10,5,250,40,5,250,60,1,7,10,0,0.06,4,0.222,50,8,5
6,2,1,2,2;3;1;4,1,60,FrameTimeStutter,5.000,laser,practice,2026-09-21T19:06:24.6042923-04:00,4,902,15.39576,15.9641,1992.79,1440.00,0.000,0.000,-12.9809,18.0176,14.7936,Left,0,0,0,0,0.0000,100.000,0,0.000,0,127.500,71.914,4.000,0.0300,0.6667,190.00,laser,60,450;300;200;100;50,450,1.5,3,0.4,1.5,3,1,10,20,100,-10,5,250,40,5,250,60,1,7,10,0,0.06,4,0.222,50,8,5
6,2,1,2,2;3;1;4,1,60,FrameTimeStutter,5.000,laser,practice,2026-09-21T19:06:24.6042923-04:00,4,903,15.41243,16.6763,1992.79,1440.00,0.000,0.000,-12.9809,18.0176,14.7936,Left,0,0,0,0,0.0000,100.000,0,0.000,0,127.500,71.914,4.000,0.0300,0.6667,190.00,laser,60,450;300;200;100;50,450,1.5,3,0.4,1.5,3,1,10,20,100,-10,5,250,40,5,250,60,1,7,10,0,0.06,4,0.222,50,8,5
6,2,1,2,2;3;1;4,1,60,FrameTimeStutter,5.000,laser,practice,2026-09-21T19:06:24.6042923-04:00,4,904,15.42920,16.7623,1992.79,1440.00,0.000,0.000,-12.9809,18.0176,14.7936,Left,0,0,0,0,0.0000,100.000,0,0.000,0,127.500,71.914,4.000,0.0300,0.6667,190.00,laser,60,450;300;200;100;50,450,1.5,3,0.4,1.5,3,1,10,20,100,-10,5,250,40,5,250,60,1,7,10,0,0.06,4,0.222,50,8,5
6,2,1,2,2;3;1;4,1,60,FrameTimeStutter,5.000,laser,practice,2026-09-21T19:06:24.6042923-04:00,4,905,15.44659,17.3927,2014.42,1440.00,12.000,0.000,-12.7615,18.0176,14.7936,Left,0,0,0,0,0.0000,100.000,0,0.000,0,127.500,71.914,4.000,0.0300,0.6667,190.00,laser,60,450;300;200;100;50,450,1.5,3,0.4,1.5,3,1,10,20,100,-10,5,250,40,5,250,60,1,7,10,0,0.06,4,0.222,50,8,5
6,2,1,2,2;3;1;4,1,60,FrameTimeStutter,5.000,laser,practice,2026-09-21T19:06:24.6042923-04:00,4,906,15.46313,16.5364,2086.51,1440.00,40.000,3.000,-12.0301,18.0724,14.7936,Left,0,0,0,0,0.0000,100.000,0,0.000,0,127.500,71.914,4.000,0.0300,0.6667,190.00,laser,60,450;300;200;100;50,450,1.5,3,0.4,1.5,3,1,10,20,100,-10,5,250,40,5,250,60,1,7,10,0,0.06,4,0.222,50,8,5
6,2,1,2,2;3;1;4,1,60,FrameTimeStutter,5.000,laser,practice,2026-09-21T19:06:24.6042923-04:00,4,907,15.47921,16.0778,2216.27,1440.00,72.000,10.000,-10.7135,18.2553,14.7936,Left,0,0,0,0,0.0000,100.000,0,0.000,0,127.500,71.914,4.000,0.0300,0.6667,190.00,laser,60,450;300;200;100;50,450,1.5,3,0.4,1.5,3,1,10,20,100,-10,5,250,40,5,250,60,1,7,10,0,0.06,4,0.222,50,8,5
6,2,1,2,2;3;1;4,1,60,FrameTimeStutter,5.000,laser,practice,2026-09-21T19:06:24.6042923-04:00,4,908,15.49593,16.7297,2382.08,1440.00,92.000,10.000,-9.0313,18.4381,14.7936,Left,0,0,0,0,0.0000,100.000,0,0.000,0,127.500,71.914,4.000,0.0300,0.6667,190.00,laser,60,450;300;200;100;50,450,1.5,3,0.4,1.5,3,1,10,20,100,-10,5,250,40,5,250,60,1,7,10,0,0.06,4,0.222,50,8,5
6,2,1,2,2;3;1;4,1,60,FrameTimeStutter,5.000,laser,practice,2026-09-21T19:06:24.6042923-04:00,4,909,15.51307,17.1381,2519.05,1440.00,76.000,1.000,-7.6416,18.4564,14.7936,Left,0,0,0,0,0.0000,100.000,0,0.000,0,127.500,71.914,4.000,0.0300,0.6667,190.00,laser,60,450;300;200;100;50,450,1.5,3,0.4,1.5,3,1,10,20,100,-10,5,250,40,5,250,60,1,7,10,0,0.06,4,0.222,50,8,5
6,2,1,2,2;3;1;4,1,60,FrameTimeStutter,5.000,laser,practice,2026-09-21T19:06:24.6042923-04:00,4,910,15.52910,16.0268,2558.70,1432.79,57.000,-4.000,-6.5993,18.3833,14.7936,Left,0,0,0,0,0.0000,100.000,0,0.000,0,127.500,71.914,4.000,0.0300,0.6667,190.00,laser,60,450;300;200;100;50,450,1.5,3,0.4,1.5,3,1,10,20,100,-10,5,250,40,5,250,60,1,7,10,0,0.06,4,0.222,50,8,5
6,2,1,2,2;3;1;4,1,60,FrameTimeStutter,5.000,laser,practice,2026-09-21T19:06:24.6042923-04:00,4,911,15.54639,17.2933,2558.70,1416.57,36.000,-9.000,-5.9411,18.2187,14.7936,Left,0,0,0,0,0.0000,100.000,0,0.000,0,127.500,71.914,4.000,0.0300,0.6667,190.00,laser,60,450;300;200;100;50,450,1.5,3,0.4,1.5,3,1,10,20,100,-10,5,250,40,5,250,60,1,7,10,0,0.06,4,0.222,50,8,5
6,2,1,2,2;3;1;4,1,60,FrameTimeStutter,5.000,laser,practice,2026-09-21T19:06:24.6042923-04:00,4,912,15.56243,16.0340,2558.70,1400.35,12.000,-9.000,-5.7216,18.0541,14.7936,Left,0,0,0,0,0.0000,100.000,0,0.000,0,127.500,71.914,4.000,0.0300,0.6667,190.00,laser,60,450;300;200;100;50,450,1.5,3,0.4,1.5,3,1,10,20,100,-10,5,250,40,5,250,60,1,7,10,0,0.06,4,0.222,50,8,5
6,2,1,2,2;3;1;4,1,60,FrameTimeStutter,5.000,laser,practice,2026-09-21T19:06:24.6042923-04:00,4,913,15.57941,16.9852,2556.90,1378.72,-1.000,-12.000,-5.7399,17.8347,14.7936,Left,0,0,0,0,0.0000,100.000,0,0.000,0,127.500,71.914,4.000,0.0300,0.6667,190.00,laser,60,450;300;200;100;50,450,1.5,3,0.4,1.5,3,1,10,20,100,-10,5,250,40,5,250,60,1,7,10,0,0.06,4,0.222,50,8,5
6,2,1,2,2;3;1;4,1,60,FrameTimeStutter,5.000,laser,practice,2026-09-21T19:06:24.6042923-04:00,4,914,15.59644,17.0317,2540.68,1349.89,-9.000,-16.000,-5.9045,17.5421,14.7936,Left,0,0,0,0,0.0000,100.000,0,0.000,0,127.500,71.914,4.000,0.0300,0.6667,190.00,laser,60,450;300;200;100;50,450,1.5,3,0.4,1.5,3,1,10,20,100,-10,5,250,40,5,250,60,1,7,10,0,0.06,4,0.222,50,8,5
6,2,1,2,2;3;1;4,1,60,FrameTimeStutter,5.000,laser,practice,2026-09-21T19:06:24.6042923-04:00,4,915,15.61244,15.9961,2510.04,1321.05,-17.000,-16.000,-6.2153,17.2496,14.7936,Left,0,0,0,0,0.0000,100.000,0,0.000,0,127.500,71.914,4.000,0.0300,0.6667,190.00,laser,60,450;300;200;100;50,450,1.5,3,0.4,1.5,3,1,10,20,100,-10,5,250,40,5,250,60,1,7,10,0,0.06,4,0.222,50,8,5
6,2,1,2,2;3;1;4,1,60,FrameTimeStutter,5.000,laser,practice,2026-09-21T19:06:24.6042923-04:00,4,916,15.62949,17.0504,2475.80,1297.62,-19.000,-13.000,-6.5627,17.0118,14.7936,Left,0,0,0,0,0.0000,100.000,0,0.000,0,127.500,71.914,4.000,0.0300,0.6667,190.00,laser,60,450;300;200;100;50,450,1.5,3,0.4,1.5,3,1,10,20,100,-10,5,250,40,5,250,60,1,7,10,0,0.06,4,0.222,50,8,5
6,2,1,2,2;3;1;4,1,60,FrameTimeStutter,5.000,laser,practice,2026-09-21T19:06:24.6042923-04:00,4,917,15.64612,16.6283,2452.37,1276.00,-13.000,-12.000,-6.8004,16.7924,14.7936,Left,0,0,0,0,0.0000,100.000,0,0.000,0,127.500,71.914,4.000,0.0300,0.6667,190.00,laser,60,450;300;200;100;50,450,1.5,3,0.4,1.5,3,1,10,20,100,-10,5,250,40,5,250,60,1,7,10,0,0.06,4,0.222,50,8,5
6,2,1,2,2;3;1;4,1,60,FrameTimeStutter,5.000,laser,practice,2026-09-21T19:06:24.6042923-04:00,4,918,15.66289,16.7738,2450.56,1270.59,-1.000,-3.000,-6.8187,16.7376,14.7936,Left,0,0,0,0,0.0000,100.000,0,0.000,0,127.500,71.914,4.000,0.0300,0.6667,190.00,laser,60,450;300;200;100;50,450,1.5,3,0.4,1.5,3,1,10,20,100,-10,5,250,40,5,250,60,1,7,10,0,0.06,4,0.222,50,8,5
6,2,1,2,2;3;1;4,1,60,FrameTimeStutter,5.000,laser,practice,2026-09-21T19:06:24.6042923-04:00,4,919,15.67929,16.3949,2450.56,1257.97,0.000,-7.000,-6.8187,16.6096,14.7936,Left,0,0,0,0,0.0000,100.000,0,0.000,0,127.500,71.914,4.000,0.0300,0.6667,190.00,laser,60,450;300;200;100;50,450,1.5,3,0.4,1.5,3,1,10,20,100,-10,5,250,40,5,250,60,1,7,10,0,0.06,4,0.222,50,8,5
6,2,1,2,2;3;1;4,1,60,FrameTimeStutter,5.000,laser,practice,2026-09-21T19:06:24.6042923-04:00,4,920,15.69636,17.0766,2452.37,1247.16,1.000,-6.000,-6.8004,16.4998,14.7936,Left,0,0,0,0,0.0000,100.000,0,0.000,0,127.500,71.914,4.000,0.0300,0.6667,190.00,laser,60,450;300;200;100;50,450,1.5,3,0.4,1.5,3,1,10,20,100,-10,5,250,40,5,250,60,1,7,10,0,0.06,4,0.222,50,8,5
6,2,1,2,2;3;1;4,1,60,FrameTimeStutter,5.000,laser,practice,2026-09-21T19:06:24.6042923-04:00,4,921,15.71297,16.6066,2454.17,1234.54,1.000,-7.000,-6.7821,16.3719,14.7936,Left,0,0,0,0,0.0000,100.000,0,0.000,0,127.500,71.914,4.000,0.0300,0.6667,190.00,laser,60,450;300;200;100;50,450,1.5,3,0.4,1.5,3,1,10,20,100,-10,5,250,40,5,250,60,1,7,10,0,0.06,4,0.222,50,8,5
6,2,1,2,2;3;1;4,1,60,FrameTimeStutter,5.000,laser,practice,2026-09-21T19:06:24.6042923-04:00,4,922,15.72917,16.1982,2454.17,1225.53,0.000,-5.000,-6.7821,16.2804,14.7936,Left,0,0,0,0,0.0000,100.000,0,0.000,0,127.500,71.914,4.000,0.0300,0.6667,190.00,laser,60,450;300;200;100;50,450,1.5,3,0.4,1.5,3,1,10,20,100,-10,5,250,40,5,250,60,1,7,10,0,0.06,4,0.222,50,8,5
6,2,1,2,2;3;1;4,1,60,FrameTimeStutter,5.000,laser,practice,2026-09-21T19:06:24.6042923-04:00,4,923,15.74590,16.7283,2454.17,1223.73,0.000,-1.000,-6.7821,16.2621,14.7936,Left,0,0,0,0,0.0000,100.000,0,0.000,0,127.500,71.914,4.000,0.0300,0.6667,190.00,laser,60,450;300;200;100;50,450,1.5,3,0.4,1.5,3,1,10,20,100,-10,5,250,40,5,250,60,1,7,10,0,0.06,4,0.222,50,8,5
6,2,1,2,2;3;1;4,1,60,FrameTimeStutter,5.000,laser,practice,2026-09-21T19:06:24.6042923-04:00,4,924,15.76243,16.5361,2454.17,1223.73,0.000,0.000,-6.7821,16.2621,14.7936,Left,0,0,0,0,0.0000,100.000,0,0.000,0,127.500,71.914,4.000,0.0300,0.6667,190.00,laser,60,450;300;200;100;50,450,1.5,3,0.4,1.5,3,1,10,20,100,-10,5,250,40,5,250,60,1,7,10,0,0.06,4,0.222,50,8,5
6,2,1,2,2;3;1;4,1,60,FrameTimeStutter,5.000,laser,practice,2026-09-21T19:06:24.6042923-04:00,4,925,15.77927,16.8422,2454.17,1223.73,0.000,0.000,-6.7821,16.2621,14.7936,Left,0,0,0,0,0.0000,100.000,0,0.000,0,127.500,71.914,4.000,0.0300,0.6667,190.00,laser,60,450;300;200;100;50,450,1.5,3,0.4,1.5,3,1,10,20,100,-10,5,250,40,5,250,60,1,7,10,0,0.06,4,0.222,50,8,5
6,2,1,2,2;3;1;4,1,60,FrameTimeStutter,5.000,laser,practice,2026-09-21T19:06:24.6042923-04:00,4,926,15.79587,16.5896,2454.17,1223.73,0.000,0.000,-6.7821,16.2621,14.7936,Left,0,0,0,0,0.0000,100.000,0,0.000,0,127.500,71.914,4.000,0.0300,0.6667,190.00,laser,60,450;300;200;100;50,450,1.5,3,0.4,1.5,3,1,10,20,100,-10,5,250,40,5,250,60,1,7,10,0,0.06,4,0.222,50,8,5
6,2,1,2,2;3;1;4,1,60,FrameTimeStutter,5.000,laser,practice,2026-09-21T19:06:24.6042923-04:00,4,927,15.81270,16.8388,2454.17,1223.73,0.000,0.000,-6.7821,16.2621,14.7936,Left,0,0,0,0,0.0000,100.000,0,0.000,0,127.500,71.914,4.000,0.0300,0.6667,190.00,laser,60,450;300;200;100;50,450,1.5,3,0.4,1.5,3,1,10,20,100,-10,5,250,40,5,250,60,1,7,10,0,0.06,4,0.222,50,8,5
6,2,1,2,2;3;1;4,1,60,FrameTimeStutter,5.000,laser,practice,2026-09-21T19:06:24.6042923-04:00,4,928,15.83004,17.3413,2454.17,1218.32,0.000,-3.000,-6.7821,16.2073,14.7936,Left,0,0,0,0,0.0000,100.000,0,0.000,0,127.500,71.914,4.000,0.0300,0.6667,190.00,laser,60,450;300;200;100;50,450,1.5,3,0.4,1.5,3,1,10,20,100,-10,5,250,40,5,250,60,1,7,10,0,0.06,4,0.222,50,8,5
6,2,1,2,2;3;1;4,1,60,FrameTimeStutter,5.000,laser,practice,2026-09-21T19:06:24.6042923-04:00,4,929,15.84604,15.9988,2457.77,1203.91,2.000,-8.000,-6.7456,16.0610,14.7936,Left,0,0,0,0,0.0000,100.000,0,0.000,0,127.500,71.914,4.000,0.0300,0.6667,190.00,laser,60,450;300;200;100;50,450,1.5,3,0.4,1.5,3,1,10,20,100,-10,5,250,40,5,250,60,1,7,10,0,0.06,4,0.222,50,8,5
6,2,1,2,2;3;1;4,1,60,FrameTimeStutter,5.000,laser,practice,2026-09-21T19:06:24.6042923-04:00,4,930,15.86268,16.6320,2468.59,1178.67,6.000,-14.000,-6.6358,15.8050,14.7936,Left,0,0,0,0,0.0000,100.000,0,0.000,0,127.500,71.914,4.000,0.0300,0.6667,190.00,laser,60,450;300;200;100;50,450,1.5,3,0.4,1.5,3,1,10,20,100,-10,5,250,40,5,250,60,1,7,10,0,0.06,4,0.222,50,8,5
6,2,1,2,2;3;1;4,1,60,FrameTimeStutter,5.000,laser,practice,2026-09-21T19:06:24.6042923-04:00,4,931,15.87932,16.6399,2486.61,1140.83,10.000,-21.000,-6.4530,15.4210,14.7936,Left,0,0,0,0,0.0000,100.000,0,0.000,0,127.500,71.914,4.000,0.0300,0.6667,190.00,laser,60,450;300;200;100;50,450,1.5,3,0.4,1.5,3,1,10,20,100,-10,5,250,40,5,250,60,1,7,10,0,0.06,4,0.222,50,8,5
6,2,1,2,2;3;1;4,1,60,FrameTimeStutter,5.000,laser,practice,2026-09-21T19:06:24.6042923-04:00,4,932,15.89636,17.0428,2513.64,1093.97,15.000,-26.000,-6.1787,14.9456,14.7936,Left,0,0,0,0,0.0000,100.000,0,0.000,0,127.500,71.914,4.000,0.0300,0.6667,190.00,laser,60,450;300;200;100;50,450,1.5,3,0.4,1.5,3,1,10,20,100,-10,5,250,40,5,250,60,1,7,10,0,0.06,4,0.222,50,8,5
6,2,1,2,2;3;1;4,1,60,FrameTimeStutter,5.000,laser,practice,2026-09-21T19:06:24.6042923-04:00,4,933,15.91291,16.5494,2542.48,1047.11,16.000,-26.000,-5.8861,14.4702,14.7936,Left,0,0,0,0,0.0000,100.000,0,0.000,0,127.500,71.914,4.000,0.0300,0.6667,190.00,laser,60,450;300;200;100;50,450,1.5,3,0.4,1.5,3,1,10,20,100,-10,5,250,40,5,250,60,1,7,10,0,0.06,4,0.222,50,8,5
6,2,1,2,2;3;1;4,1,60,FrameTimeStutter,5.000,laser,practice,2026-09-21T19:06:24.6042923-04:00,4,934,15.92920,16.2898,2558.70,1011.06,14.000,-20.000,-5.6301,14.1045,14.7936,Left,0,0,0,0,0.0000,100.000,0,0.000,0,127.500,71.914,4.000,0.0300,0.6667,190.00,laser,60,450;300;200;100;50,450,1.5,3,0.4,1.5,3,1,10,20,100,-10,5,250,40,5,250,60,1,7,10,0,0.06,4,0.222,50,8,5
6,2,1,2,2;3;1;4,1,60,FrameTimeStutter,5.000,laser,practice,2026-09-21T19:06:24.6042923-04:00,4,935,15.94625,17.0541,2558.70,984.03,11.000,-15.000,-5.4290,13.8302,14.7936,Left,0,0,0,0,0.0000,100.000,0,0.000,0,127.500,71.914,4.000,0.0300,0.6667,190.00,laser,60,450;300;200;100;50,450,1.5,3,0.4,1.5,3,1,10,20,100,-10,5,250,40,5,250,60,1,7,10,0,0.06,4,0.222,50,8,5
6,2,1,2,2;3;1;4,1,60,FrameTimeStutter,5.000,laser,practice,2026-09-21T19:06:24.6042923-04:00,4,936,15.96264,16.3921,2558.70,949.79,5.000,-19.000,-5.3376,13.4828,14.7936,Left,0,0,0,0,0.0000,100.000,0,0.000,0,127.500,71.914,4.000,0.0300,0.6667,190.00,laser,60,450;300;200;100;50,450,1.5,3,0.4,1.5,3,1,10,20,100,-10,5,250,40,5,250,60,1,7,10,0,0.06,4,0.222,50,8,5
6,2,1,2,2;3;1;4,1,60,FrameTimeStutter,5.000,laser,practice,2026-09-21T19:06:24.6042923-04:00,4,937,15.97977,17.1270,2553.29,897.52,-3.000,-29.000,-5.3924,12.9525,14.7936,Left,0,0,0,0,0.0000,100.000,0,0.000,0,127.500,71.914,4.000,0.0300,0.6667,190.00,laser,60,450;300;200;100;50,450,1.5,3,0.4,1.5,3,1,10,20,100,-10,5,250,40,5,250,60,1,7,10,0,0.06,4,0.222,50,8,5
6,2,1,2,2;3;1;4,1,60,FrameTimeStutter,5.000,laser,practice,2026-09-21T19:06:24.6042923-04:00,4,938,15.99586,16.0907,2529.86,832.64,-13.000,-36.000,-5.6301,12.2942,14.7936,Left,0,0,0,0,0.0000,100.000,0,0.000,0,127.500,71.914,4.000,0.0300,0.6667,190.00,laser,60,450;300;200;100;50,450,1.5,3,0.4,1.5,3,1,10,20,100,-10,5,250,40,5,250,60,1,7,10,0,0.06,4,0.222,50,8,5
6,2,1,2,2;3;1;4,1,60,FrameTimeStutter,5.000,laser,practice,2026-09-21T19:06:24.6042923-04:00,4,939,16.01313,17.2706,2506.43,778.57,-13.000,-30.000,-5.8678,11.7457,14.7936,Left,0,0,0,0,0.0000,100.000,0,0.000,0,127.500,71.914,4.000,0.0300,0.6667,190.00,laser,60,450;300;200;100;50,450,1.5,3,0.4,1.5,3,1,10,20,100,-10,5,250,40,5,250,60,1,7,10,0,0.06,4,0.222,50,8,5
6,2,1,2,2;3;1;4,1,60,FrameTimeStutter,5.000,laser,practice,2026-09-21T19:06:24.6042923-04:00,4,940,16.03019,17.0580,2493.82,751.54,-7.000,-15.000,-5.9958,11.4714,14.7936,Left,0,0,0,0,0.0000,100.000,0,0.000,0,127.500,71.914,4.000,0.0300,0.6667,190.00,laser,60,450;300;200;100;50,450,1.5,3,0.4,1.5,3,1,10,20,100,-10,5,250,40,5,250,60,1,7,10,0,0.06,4,0.222,50,8,5
6,2,1,2,2;3;1;4,1,60,FrameTimeStutter,5.000,laser,practice,2026-09-21T19:06:24.6042923-04:00,4,941,16.04626,16.0683,2493.82,747.93,0.000,-2.000,-5.9958,11.4348,14.7936,Left,0,0,0,0,0.0000,100.000,0,0.000,0,127.500,71.914,4.000,0.0300,0.6667,190.00,laser,60,450;300;200;100;50,450,1.5,3,0.4,1.5,3,1,10,20,100,-10,5,250,40,5,250,60,1,7,10,0,0.06,4,0.222,50,8,5
6,2,1,2,2;3;1;4,1,60,FrameTimeStutter,5.000,laser,practice,2026-09-21T19:06:24.6042923-04:00,4,942,16.06332,17.0665,2495.62,737.12,1.000,-6.000,-5.9775,11.3251,14.7936,Left,0,0,0,0,0.0000,100.000,0,0.000,0,127.500,71.914,4.000,0.0300,0.6667,190.00,laser,60,450;300;200;100;50,450,1.5,3,0.4,1.5,3,1,10,20,100,-10,5,250,40,5,250,60,1,7,10,0,0.06,4,0.222,50,8,5
6,2,1,2,2;3;1;4,1,60,FrameTimeStutter,5.000,laser,practice,2026-09-21T19:06:24.6042923-04:00,4,943,16.07965,16.3312,2504.63,713.69,5.000,-13.000,-5.8861,11.0874,14.7936,Left,0,0,0,0,0.0000,100.000,0,0.000,0,127.500,71.914,4.000,0.0300,0.6667,190.00,laser,60,450;300;200;100;50,450,1.5,3,0.4,1.5,3,1,10,20,100,-10,5,250,40,5,250,60,1,7,10,0,0.06,4,0.222,50,8,5
6,2,1,2,2;3;1;4,1,60,FrameTimeStutter,5.000,laser,practice,2026-09-21T19:06:24.6042923-04:00,4,944,16.09619,16.5365,2517.25,690.26,7.000,-13.000,-5.7581,10.8497,14.7936,Left,0,0,0,0,0.0000,100.000,0,0.000,0,127.500,71.914,4.000,0.0300,0.6667,190.00,laser,60,450;300;200;100;50,450,1.5,3,0.4,1.5,3,1,10,20,100,-10,5,250,40,5,250,60,1,7,10,0,0.06,4,0.222,50,8,5
6,2,1,2,2;3;1;4,1,60,FrameTimeStutter,5.000,laser,practice,2026-09-21T19:06:24.6042923-04:00,4,945,16.11280,16.6125,2524.46,675.84,4.000,-8.000,-5.6849,10.7034,14.7936,Left,0,0,0,0,0.0000,100.000,0,0.000,0,127.500,71.914,4.000,0.0300,0.6667,190.00,laser,60,450;300;200;100;50,450,1.5,3,0.4,1.5,3,1,10,20,100,-10,5,250,40,5,250,60,1,7,10,0,0.06,4,0.222,50,8,5
6,2,1,2,2;3;1;4,1,60,FrameTimeStutter,5.000,laser,practice,2026-09-21T19:06:24.6042923-04:00,4,946,16.13008,17.2754,2526.26,674.04,1.000,-1.000,-5.6666,10.6851,14.7936,Left,0,0,0,0,0.0000,100.000,0,0.000,0,127.500,71.914,4.000,0.0300,0.6667,190.00,laser,60,450;300;200;100;50,450,1.5,3,0.4,1.5,3,1,10,20,100,-10,5,250,40,5,250,60,1,7,10,0,0.06,4,0.222,50,8,5
6,2,1,2,2;3;1;4,1,60,FrameTimeStutter,5.000,laser,practice,2026-09-21T19:06:24.6042923-04:00,4,947,16.14585,15.7742,2526.26,674.04,0.000,0.000,-5.6666,10.6851,14.7936,Left,0,0,0,0,0.0000,100.000,0,0.000,0,127.500,71.914,4.000,0.0300,0.6667,190.00,laser,60,450;300;200;100;50,450,1.5,3,0.4,1.5,3,1,10,20,100,-10,5,250,40,5,250,60,1,7,10,0,0.06,4,0.222,50,8,5
6,2,1,2,2;3;1;4,1,60,FrameTimeStutter,5.000,laser,practice,2026-09-21T19:06:24.6042923-04:00,4,948,16.16306,17.2002,2526.26,674.04,0.000,0.000,-5.6666,10.6851,14.7936,Left,0,0,0,0,0.0000,100.000,0,0.000,0,127.500,71.914,4.000,0.0300,0.6667,190.00,laser,60,450;300;200;100;50,450,1.5,3,0.4,1.5,3,1,10,20,100,-10,5,250,40,5,250,60,1,7,10,0,0.06,4,0.222,50,8,5
6,2,1,2,2;3;1;4,1,60,FrameTimeStutter,5.000,laser,practice,2026-09-21T19:06:24.6042923-04:00,4,949,16.17984,16.7889,2526.26,674.04,0.000,0.000,-5.6666,10.6851,14.7936,Left,0,0,0,0,0.0000,100.000,0,0.000,0,127.500,71.914,4.000,0.0300,0.6667,190.00,laser,60,450;300;200;100;50,450,1.5,3,0.4,1.5,3,1,10,20,100,-10,5,250,40,5,250,60,1,7,10,0,0.06,4,0.222,50,8,5
6,2,1,2,2;3;1;4,1,60,FrameTimeStutter,5.000,laser,practice,2026-09-21T19:06:24.6042923-04:00,4,950,16.19591,16.0639,2526.26,674.04,0.000,0.000,-5.6666,10.6851,14.7936,Left,0,0,0,0,0.0000,100.000,0,0.000,0,127.500,71.914,4.000,0.0300,0.6667,190.00,laser,60,450;300;200;100;50,450,1.5,3,0.4,1.5,3,1,10,20,100,-10,5,250,40,5,250,60,1,7,10,0,0.06,4,0.222,50,8,5
6,2,1,2,2;3;1;4,1,60,FrameTimeStutter,5.000,laser,practice,2026-09-21T19:06:24.6042923-04:00,4,951,16.21255,16.6394,2526.26,674.04,0.000,0.000,-5.6666,10.6851,14.7936,Left,0,0,0,0,0.0000,100.000,0,0.000,0,127.500,71.914,4.000,0.0300,0.6667,190.00,laser,60,450;300;200;100;50,450,1.5,3,0.4,1.5,3,1,10,20,100,-10,5,250,40,5,250,60,1,7,10,0,0.06,4,0.222,50,8,5
6,2,1,2,2;3;1;4,1,60,FrameTimeStutter,5.000,laser,practice,2026-09-21T19:06:24.6042923-04:00,4,952,16.22939,16.8464,2526.26,674.04,0.000,0.000,-5.6666,10.6851,14.7936,Left,0,0,0,0,0.0000,100.000,0,0.000,0,127.500,71.914,4.000,0.0300,0.6667,190.00,laser,60,450;300;200;100;50,450,1.5,3,0.4,1.5,3,1,10,20,100,-10,5,250,40,5,250,60,1,7,10,0,0.06,4,0.222,50,8,5
6,2,1,2,2;3;1;4,1,60,FrameTimeStutter,5.000,laser,practice,2026-09-21T19:06:24.6042923-04:00,4,953,16.24626,16.8645,2526.26,674.04,0.000,0.000,-5.6666,10.6851,14.7936,Left,0,0,0,0,0.0000,100.000,0,0.000,0,127.500,71.914,4.000,0.0300,0.6667,190.00,laser,60,450;300;200;100;50,450,1.5,3,0.4,1.5,3,1,10,20,100,-10,5,250,40,5,250,60,1,7,10,0,0.06,4,0.222,50,8,5
6,2,1,2,2;3;1;4,1,60,FrameTimeStutter,5.000,laser,practice,2026-09-21T19:06:24.6042923-04:00,4,954,16.26291,16.6505,2526.26,674.04,0.000,0.000,-5.6666,10.6851,14.7936,Left,0,0,0,0,0.0000,100.000,0,0.000,0,127.500,71.914,4.000,0.0300,0.6667,190.00,laser,60,450;300;200;100;50,450,1.5,3,0.4,1.5,3,1,10,20,100,-10,5,250,40,5,250,60,1,7,10,0,0.06,4,0.222,50,8,5
6,2,1,2,2;3;1;4,1,60,FrameTimeStutter,5.000,laser,practice,2026-09-21T19:06:24.6042923-04:00,4,955,16.27949,16.5849,2526.26,674.04,0.000,0.000,-5.6666,10.6851,14.7936,Left,0,0,0,0,0.0000,100.000,0,0.000,0,127.500,71.914,4.000,0.0300,0.6667,190.00,laser,60,450;300;200;100;50,450,1.5,3,0.4,1.5,3,1,10,20,100,-10,5,250,40,5,250,60,1,7,10,0,0.06,4,0.222,50,8,5
6,2,1,2,2;3;1;4,1,60,FrameTimeStutter,5.000,laser,practice,2026-09-21T19:06:24.6042923-04:00,4,956,16.29600,16.5067,2526.26,674.04,0.000,0.000,-5.6666,10.6851,14.7936,Left,0,0,0,0,0.0000,100.000,0,0.000,0,127.500,71.914,4.000,0.0300,0.6667,190.00,laser,60,450;300;200;100;50,450,1.5,3,0.4,1.5,3,1,10,20,100,-10,5,250,40,5,250,60,1,7,10,0,0.06,4,0.222,50,8,5
6,2,1,2,2;3;1;4,1,60,FrameTimeStutter,5.000,laser,practice,2026-09-21T19:06:24.6042923-04:00,4,957,16.31259,16.5904,2526.26,674.04,0.000,0.000,-5.6666,10.6851,14.7936,Left,0,0,0,0,0.0000,100.000,0,0.000,0,127.500,71.914,4.000,0.0300,0.6667,190.00,laser,60,450;300;200;100;50,450,1.5,3,0.4,1.5,3,1,10,20,100,-10,5,250,40,5,250,60,1,7,10,0,0.06,4,0.222,50,8,5
6,2,1,2,2;3;1;4,1,60,FrameTimeStutter,5.000,laser,practice,2026-09-21T19:06:24.6042923-04:00,4,958,16.32932,16.7312,2526.26,674.04,0.000,0.000,-5.6666,10.6851,14.7936,Left,0,0,0,0,0.0000,100.000,0,0.000,0,127.500,71.914,4.000,0.0300,0.6667,190.00,laser,60,450;300;200;100;50,450,1.5,3,0.4,1.5,3,1,10,20,100,-10,5,250,40,5,250,60,1,7,10,0,0.06,4,0.222,50,8,5
6,2,1,2,2;3;1;4,1,60,FrameTimeStutter,5.000,laser,practice,2026-09-21T19:06:24.6042923-04:00,4,959,16.34590,16.5765,2526.26,674.04,0.000,0.000,-5.6666,10.6851,14.7936,Left,0,0,0,0,0.0000,100.000,0,0.000,0,127.500,71.914,4.000,0.0300,0.6667,190.00,laser,60,450;300;200;100;50,450,1.5,3,0.4,1.5,3,1,10,20,100,-10,5,250,40,5,250,60,1,7,10,0,0.06,4,0.222,50,8,5
6,2,1,2,2;3;1;4,1,60,FrameTimeStutter,5.000,laser,practice,2026-09-21T19:06:24.6042923-04:00,4,960,16.36286,16.9650,2526.26,674.04,0.000,0.000,-5.6666,10.6851,14.7936,Left,0,0,0,0,0.0000,100.000,0,0.000,0,127.500,71.914,4.000,0.0300,0.6667,190.00,laser,60,450;300;200;100;50,450,1.5,3,0.4,1.5,3,1,10,20,100,-10,5,250,40,5,250,60,1,7,10,0,0.06,4,0.222,50,8,5
6,2,1,2,2;3;1;4,1,60,FrameTimeStutter,5.000,laser,practice,2026-09-21T19:06:24.6042923-04:00,4,961,16.37989,17.0280,2526.26,674.04,0.000,0.000,-5.6666,10.6851,14.7936,Left,0,0,0,0,0.0000,100.000,0,0.000,0,127.500,71.914,4.000,0.0300,0.6667,190.00,laser,60,450;300;200;100;50,450,1.5,3,0.4,1.5,3,1,10,20,100,-10,5,250,40,5,250,60,1,7,10,0,0.06,4,0.222,50,8,5
6,2,1,2,2;3;1;4,1,60,FrameTimeStutter,5.000,laser,practice,2026-09-21T19:06:24.6042923-04:00,4,962,16.39652,16.6293,2526.26,674.04,0.000,0.000,-5.6666,10.6851,14.7936,Left,0,0,0,0,0.0000,100.000,0,0.000,0,127.500,71.914,4.000,0.0300,0.6667,190.00,laser,60,450;300;200;100;50,450,1.5,3,0.4,1.5,3,1,10,20,100,-10,5,250,40,5,250,60,1,7,10,0,0.06,4,0.222,50,8,5
6,2,1,2,2;3;1;4,1,60,FrameTimeStutter,5.000,laser,practice,2026-09-21T19:06:24.6042923-04:00,4,963,16.41315,16.6319,2526.26,674.04,0.000,0.000,-5.6666,10.6851,14.7936,Left,0,0,0,0,0.0000,100.000,0,0.000,0,127.500,71.914,4.000,0.0300,0.6667,190.00,laser,60,450;300;200;100;50,450,1.5,3,0.4,1.5,3,1,10,20,100,-10,5,250,40,5,250,60,1,7,10,0,0.06,4,0.222,50,8,5
6,2,1,2,2;3;1;4,1,60,FrameTimeStutter,5.000,laser,practice,2026-09-21T19:06:24.6042923-04:00,4,964,16.42923,16.0779,2526.26,674.04,0.000,0.000,-5.6666,10.6851,14.7936,Left,0,0,0,0,0.0000,100.000,0,0.000,0,127.500,71.914,4.000,0.0300,0.6667,190.00,laser,60,450;300;200;100;50,450,1.5,3,0.4,1.5,3,1,10,20,100,-10,5,250,40,5,250,60,1,7,10,0,0.06,4,0.222,50,8,5
6,2,1,2,2;3;1;4,1,60,FrameTimeStutter,5.000,laser,practice,2026-09-21T19:06:24.6042923-04:00,4,965,16.44580,16.5693,2526.26,674.04,0.000,0.000,-5.6666,10.6851,14.7936,Left,0,0,0,0,0.0000,100.000,0,0.000,0,127.500,71.914,4.000,0.0300,0.6667,190.00,laser,60,450;300;200;100;50,450,1.5,3,0.4,1.5,3,1,10,20,100,-10,5,250,40,5,250,60,1,7,10,0,0.06,4,0.222,50,8,5
6,2,1,2,2;3;1;4,1,60,FrameTimeStutter,5.000,laser,practice,2026-09-21T19:06:24.6042923-04:00,4,966,16.46247,16.6689,2526.26,674.04,0.000,0.000,-5.6666,10.6851,14.7936,Left,0,0,0,0,0.0000,100.000,0,0.000,0,127.500,71.914,4.000,0.0300,0.6667,190.00,laser,60,450;300;200;100;50,450,1.5,3,0.4,1.5,3,1,10,20,100,-10,5,250,40,5,250,60,1,7,10,0,0.06,4,0.222,50,8,5
6,2,1,2,2;3;1;4,1,60,FrameTimeStutter,5.000,laser,practice,2026-09-21T19:06:24.6042923-04:00,4,967,16.47987,17.3960,2526.26,674.04,0.000,0.000,-5.6666,10.6851,14.7936,Left,0,0,0,0,0.0000,100.000,0,0.000,0,127.500,71.914,4.000,0.0300,0.6667,190.00,laser,60,450;300;200;100;50,450,1.5,3,0.4,1.5,3,1,10,20,100,-10,5,250,40,5,250,60,1,7,10,0,0.06,4,0.222,50,8,5
6,2,1,2,2;3;1;4,1,60,FrameTimeStutter,5.000,laser,practice,2026-09-21T19:06:24.6042923-04:00,4,968,16.49643,16.5604,2526.26,674.04,0.000,0.000,-5.6666,10.6851,14.7936,Left,0,0,0,0,0.0000,100.000,0,0.000,0,127.500,71.914,4.000,0.0300,0.6667,190.00,laser,60,450;300;200;100;50,450,1.5,3,0.4,1.5,3,1,10,20,100,-10,5,250,40,5,250,60,1,7,10,0,0.06,4,0.222,50,8,5
6,2,1,2,2;3;1;4,1,60,FrameTimeStutter,5.000,laser,practice,2026-09-21T19:06:24.6042923-04:00,4,969,16.51278,16.3591,2526.26,674.04,0.000,0.000,-5.6666,10.6851,14.7936,Left,0,0,0,0,0.0000,100.000,0,0.000,0,127.500,71.914,4.000,0.0300,0.6667,190.00,laser,60,450;300;200;100;50,450,1.5,3,0.4,1.5,3,1,10,20,100,-10,5,250,40,5,250,60,1,7,10,0,0.06,4,0.222,50,8,5
6,2,1,2,2;3;1;4,1,60,FrameTimeStutter,5.000,laser,practice,2026-09-21T19:06:24.6042923-04:00,4,970,16.52930,16.5150,2526.26,674.04,0.000,0.000,-5.6666,10.6851,14.7936,Left,0,0,0,0,0.0000,100.000,0,0.000,0,127.500,71.914,4.000,0.0300,0.6667,190.00,laser,60,450;300;200;100;50,450,1.5,3,0.4,1.5,3,1,10,20,100,-10,5,250,40,5,250,60,1,7,10,0,0.06,4,0.222,50,8,5
6,2,1,2,2;3;1;4,1,60,FrameTimeStutter,5.000,laser,practice,2026-09-21T19:06:24.6042923-04:00,4,971,16.54626,16.9645,2526.26,674.04,0.000,0.000,-5.6666,10.6851,14.7936,Left,0,0,0,0,0.0000,100.000,0,0.000,0,127.500,71.914,4.000,0.0300,0.6667,190.00,laser,60,450;300;200;100;50,450,1.5,3,0.4,1.5,3,1,10,20,100,-10,5,250,40,5,250,60,1,7,10,0,0.06,4,0.222,50,8,5
6,2,1,2,2;3;1;4,1,60,FrameTimeStutter,5.000,laser,practice,2026-09-21T19:06:24.6042923-04:00,4,972,16.56289,16.6274,2526.26,674.04,0.000,0.000,-5.6666,10.6851,14.7936,Left,0,0,0,0,0.0000,100.000,0,0.000,0,127.500,71.914,4.000,0.0300,0.6667,190.00,laser,60,450;300;200;100;50,450,1.5,3,0.4,1.5,3,1,10,20,100,-10,5,250,40,5,250,60,1,7,10,0,0.06,4,0.222,50,8,5
6,2,1,2,2;3;1;4,1,60,FrameTimeStutter,5.000,laser,practice,2026-09-21T19:06:24.6042923-04:00,4,973,16.57953,16.6429,2526.26,674.04,0.000,0.000,-5.6666,10.6851,14.7936,Left,0,0,0,0,0.0000,100.000,0,0.000,0,127.500,71.914,4.000,0.0300,0.6667,190.00,laser,60,450;300;200;100;50,450,1.5,3,0.4,1.5,3,1,10,20,100,-10,5,250,40,5,250,60,1,7,10,0,0.06,4,0.222,50,8,5
6,2,1,2,2;3;1;4,1,60,FrameTimeStutter,5.000,laser,practice,2026-09-21T19:06:24.6042923-04:00,4,974,16.59594,16.4099,2526.26,674.04,0.000,0.000,-5.6666,10.6851,14.7936,Left,0,0,0,0,0.0000,100.000,0,0.000,0,127.500,71.914,4.000,0.0300,0.6667,190.00,laser,60,450;300;200;100;50,450,1.5,3,0.4,1.5,3,1,10,20,100,-10,5,250,40,5,250,60,1,7,10,0,0.06,4,0.222,50,8,5
6,2,1,2,2;3;1;4,1,60,FrameTimeStutter,5.000,laser,practice,2026-09-21T19:06:24.6042923-04:00,4,975,16.61285,16.9023,2526.26,674.04,0.000,0.000,-5.6666,10.6851,14.7936,Left,0,0,0,0,0.0000,100.000,0,0.000,0,127.500,71.914,4.000,0.0300,0.6667,190.00,laser,60,450;300;200;100;50,450,1.5,3,0.4,1.5,3,1,10,20,100,-10,5,250,40,5,250,60,1,7,10,0,0.06,4,0.222,50,8,5
6,2,1,2,2;3;1;4,1,60,FrameTimeStutter,5.000,laser,practice,2026-09-21T19:06:24.6042923-04:00,4,976,16.62970,16.8521,2526.26,674.04,0.000,0.000,-5.6666,10.6851,14.7936,Left,0,0,0,0,0.0000,100.000,0,0.000,0,127.500,71.914,4.000,0.0300,0.6667,190.00,laser,60,450;300;200;100;50,450,1.5,3,0.4,1.5,3,1,10,20,100,-10,5,250,40,5,250,60,1,7,10,0,0.06,4,0.222,50,8,5
6,2,1,2,2;3;1;4,1,60,FrameTimeStutter,5.000,laser,practice,2026-09-21T19:06:24.6042923-04:00,4,977,16.64576,16.0669,2526.26,674.04,0.000,0.000,-5.6666,10.6851,14.7936,Left,0,0,0,0,0.0000,100.000,0,0.000,0,127.500,71.914,4.000,0.0300,0.6667,190.00,laser,60,450;300;200;100;50,450,1.5,3,0.4,1.5,3,1,10,20,100,-10,5,250,40,5,250,60,1,7,10,0,0.06,4,0.222,50,8,5
6,2,1,2,2;3;1;4,1,60,FrameTimeStutter,5.000,laser,practice,2026-09-21T19:06:24.6042923-04:00,4,978,16.66238,16.6174,2526.26,674.04,0.000,0.000,-5.6666,10.6851,14.7936,Left,0,0,0,0,0.0000,100.000,0,0.000,0,127.500,71.914,4.000,0.0300,0.6667,190.00,laser,60,450;300;200;100;50,450,1.5,3,0.4,1.5,3,1,10,20,100,-10,5,250,40,5,250,60,1,7,10,0,0.06,4,0.222,50,8,5
6,2,1,2,2;3;1;4,1,60,FrameTimeStutter,5.000,laser,practice,2026-09-21T19:06:24.6042923-04:00,4,979,16.67991,17.5273,2526.26,674.04,0.000,0.000,-5.6666,10.6851,14.7936,Left,0,0,0,0,0.0000,100.000,0,0.000,0,127.500,71.914,4.000,0.0300,0.6667,190.00,laser,60,450;300;200;100;50,450,1.5,3,0.4,1.5,3,1,10,20,100,-10,5,250,40,5,250,60,1,7,10,0,0.06,4,0.222,50,8,5
6,2,1,2,2;3;1;4,1,60,FrameTimeStutter,5.000,laser,practice,2026-09-21T19:06:24.6042923-04:00,4,980,16.69637,16.4573,2526.26,674.04,0.000,0.000,-5.6666,10.6851,14.7936,Left,0,0,0,0,0.0000,100.000,0,0.000,0,127.500,71.914,4.000,0.0300,0.6667,190.00,laser,60,450;300;200;100;50,450,1.5,3,0.4,1.5,3,1,10,20,100,-10,5,250,40,5,250,60,1,7,10,0,0.06,4,0.222,50,8,5
6,2,1,2,2;3;1;4,1,60,FrameTimeStutter,5.000,laser,practice,2026-09-21T19:06:24.6042923-04:00,4,981,16.71260,16.2375,2526.26,674.04,0.000,0.000,-5.6666,10.6851,14.7936,Left,0,0,0,0,0.0000,100.000,0,0.000,0,127.500,71.914,4.000,0.0300,0.6667,190.00,laser,60,450;300;200;100;50,450,1.5,3,0.4,1.5,3,1,10,20,100,-10,5,250,40,5,250,60,1,7,10,0,0.06,4,0.222,50,8,5
6,2,1,2,2;3;1;4,1,60,FrameTimeStutter,5.000,laser,practice,2026-09-21T19:06:24.6042923-04:00,4,982,16.72937,16.7667,2526.26,674.04,0.000,0.000,-5.6666,10.6851,14.7936,Left,0,0,0,0,0.0000,100.000,0,0.000,0,127.500,71.914,4.000,0.0300,0.6667,190.00,laser,60,450;300;200;100;50,450,1.5,3,0.4,1.5,3,1,10,20,100,-10,5,250,40,5,250,60,1,7,10,0,0.06,4,0.222,50,8,5
6,2,1,2,2;3;1;4,1,60,FrameTimeStutter,5.000,laser,practice,2026-09-21T19:06:24.6042923-04:00,4,983,16.74590,16.5279,2526.26,674.04,0.000,0.000,-5.6666,10.6851,14.7936,Left,0,0,0,0,0.0000,100.000,0,0.000,0,127.500,71.914,4.000,0.0300,0.6667,190.00,laser,60,450;300;200;100;50,450,1.5,3,0.4,1.5,3,1,10,20,100,-10,5,250,40,5,250,60,1,7,10,0,0.06,4,0.222,50,8,5
6,2,1,2,2;3;1;4,1,60,FrameTimeStutter,5.000,laser,practice,2026-09-21T19:06:24.6042923-04:00,4,984,16.76291,17.0090,2526.26,674.04,0.000,0.000,-5.6666,10.6851,14.7936,Left,0,0,0,0,0.0000,100.000,0,0.000,0,127.500,71.914,4.000,0.0300,0.6667,190.00,laser,60,450;300;200;100;50,450,1.5,3,0.4,1.5,3,1,10,20,100,-10,5,250,40,5,250,60,1,7,10,0,0.06,4,0.222,50,8,5
6,2,1,2,2;3;1;4,1,60,FrameTimeStutter,5.000,laser,practice,2026-09-21T19:06:24.6042923-04:00,4,985,16.78292,20.0146,2526.26,674.04,0.000,0.000,-5.6666,10.6851,14.7936,Left,0,0,0,0,0.0000,100.000,0,0.000,0,127.500,71.914,4.000,0.0300,0.6667,190.00,laser,60,450;300;200;100;50,450,1.5,3,0.4,1.5,3,1,10,20,100,-10,5,250,40,5,250,60,1,7,10,0,0.06,4,0.222,50,8,5
6,2,1,2,2;3;1;4,1,60,FrameTimeStutter,5.000,laser,practice,2026-09-21T19:06:24.6042923-04:00,4,986,16.79567,12.7452,2526.26,674.04,0.000,0.000,-5.6666,10.6851,14.7936,Left,0,0,0,0,0.0000,100.000,0,0.000,0,127.500,71.914,4.000,0.0300,0.6667,190.00,laser,60,450;300;200;100;50,450,1.5,3,0.4,1.5,3,1,10,20,100,-10,5,250,40,5,250,60,1,7,10,0,0.06,4,0.222,50,8,5
6,2,1,2,2;3;1;4,1,60,FrameTimeStutter,5.000,laser,practice,2026-09-21T19:06:24.6042923-04:00,4,987,16.81325,17.5817,2526.26,674.04,0.000,0.000,-5.6666,10.6851,14.7936,Left,0,0,0,0,0.0000,100.000,0,0.000,0,127.500,71.914,4.000,0.0300,0.6667,190.00,laser,60,450;300;200;100;50,450,1.5,3,0.4,1.5,3,1,10,20,100,-10,5,250,40,5,250,60,1,7,10,0,0.06,4,0.222,50,8,5
6,2,1,2,2;3;1;4,1,60,FrameTimeStutter,5.000,laser,practice,2026-09-21T19:06:24.6042923-04:00,4,988,16.82862,15.3687,2526.26,674.04,0.000,0.000,-5.6666,10.6851,14.7936,Left,0,0,0,0,0.0000,100.000,0,0.000,0,127.500,71.914,4.000,0.0300,0.6667,190.00,laser,60,450;300;200;100;50,450,1.5,3,0.4,1.5,3,1,10,20,100,-10,5,250,40,5,250,60,1,7,10,0,0.06,4,0.222,50,8,5
6,2,1,2,2;3;1;4,1,60,FrameTimeStutter,5.000,laser,practice,2026-09-21T19:06:24.6042923-04:00,4,989,16.84645,17.8366,2526.26,674.04,0.000,0.000,-5.6666,10.6851,14.7936,Left,0,0,0,0,0.0000,100.000,0,0.000,0,127.500,71.914,4.000,0.0300,0.6667,190.00,laser,60,450;300;200;100;50,450,1.5,3,0.4,1.5,3,1,10,20,100,-10,5,250,40,5,250,60,1,7,10,0,0.06,4,0.222,50,8,5
6,2,1,2,2;3;1;4,1,60,FrameTimeStutter,5.000,laser,practice,2026-09-21T19:06:24.6042923-04:00,4,990,16.86352,17.0637,2526.26,674.04,0.000,0.000,-5.6666,10.6851,14.7936,Left,0,0,0,0,0.0000,100.000,0,0.000,0,127.500,71.914,4.000,0.0300,0.6667,190.00,laser,60,450;300;200;100;50,450,1.5,3,0.4,1.5,3,1,10,20,100,-10,5,250,40,5,250,60,1,7,10,0,0.06,4,0.222,50,8,5
6,2,1,2,2;3;1;4,1,60,FrameTimeStutter,5.000,laser,practice,2026-09-21T19:06:24.6042923-04:00,4,991,16.87869,15.1680,2526.26,674.04,0.000,0.000,-5.6666,10.6851,14.7936,Left,0,0,0,0,0.0000,100.000,0,0.000,0,127.500,71.914,4.000,0.0300,0.6667,190.00,laser,60,450;300;200;100;50,450,1.5,3,0.4,1.5,3,1,10,20,100,-10,5,250,40,5,250,60,1,7,10,0,0.06,4,0.222,50,8,5
6,2,1,2,2;3;1;4,1,60,FrameTimeStutter,5.000,laser,practice,2026-09-21T19:06:24.6042923-04:00,4,992,16.89587,17.1873,2526.26,674.04,0.000,0.000,-5.6666,10.6851,14.7936,Left,0,0,0,0,0.0000,100.000,0,0.000,0,127.500,71.914,4.000,0.0300,0.6667,190.00,laser,60,450;300;200;100;50,450,1.5,3,0.4,1.5,3,1,10,20,100,-10,5,250,40,5,250,60,1,7,10,0,0.06,4,0.222,50,8,5
6,2,1,2,2;3;1;4,1,60,FrameTimeStutter,5.000,laser,practice,2026-09-21T19:06:24.6042923-04:00,4,993,16.91367,17.7995,2526.26,674.04,0.000,0.000,-5.6666,10.6851,14.7936,Left,0,0,0,0,0.0000,100.000,0,0.000,0,127.500,71.914,4.000,0.0300,0.6667,190.00,laser,60,450;300;200;100;50,450,1.5,3,0.4,1.5,3,1,10,20,100,-10,5,250,40,5,250,60,1,7,10,0,0.06,4,0.222,50,8,5
6,2,1,2,2;3;1;4,1,60,FrameTimeStutter,5.000,laser,practice,2026-09-21T19:06:24.6042923-04:00,4,994,16.92882,15.1491,2526.26,674.04,0.000,0.000,-5.6666,10.6851,14.7936,Left,0,0,0,0,0.0000,100.000,0,0.000,0,127.500,71.914,4.000,0.0300,0.6667,190.00,laser,60,450;300;200;100;50,450,1.5,3,0.4,1.5,3,1,10,20,100,-10,5,250,40,5,250,60,1,7,10,0,0.06,4,0.222,50,8,5
6,2,1,2,2;3;1;4,1,60,FrameTimeStutter,5.000,laser,practice,2026-09-21T19:06:24.6042923-04:00,4,995,16.94624,17.4216,2526.26,674.04,0.000,0.000,-5.6666,10.6851,14.7936,Left,0,0,0,0,0.0000,100.000,0,0.000,0,127.500,71.914,4.000,0.0300,0.6667,190.00,laser,60,450;300;200;100;50,450,1.5,3,0.4,1.5,3,1,10,20,100,-10,5,250,40,5,250,60,1,7,10,0,0.06,4,0.222,50,8,5
6,2,1,2,2;3;1;4,1,60,FrameTimeStutter,5.000,laser,practice,2026-09-21T19:06:24.6042923-04:00,4,996,16.96341,17.1690,2526.26,674.04,0.000,0.000,-5.6666,10.6851,14.7936,Left,0,0,0,0,0.0000,100.000,0,0.000,0,127.500,71.914,4.000,0.0300,0.6667,190.00,laser,60,450;300;200;100;50,450,1.5,3,0.4,1.5,3,1,10,20,100,-10,5,250,40,5,250,60,1,7,10,0,0.06,4,0.222,50,8,5
6,2,1,2,2;3;1;4,1,60,FrameTimeStutter,5.000,laser,practice,2026-09-21T19:06:24.6042923-04:00,4,997,16.97889,15.4766,2526.26,674.04,0.000,0.000,-5.6666,10.6851,14.7936,Left,0,0,0,0,0.0000,100.000,0,0.000,0,127.500,71.914,4.000,0.0300,0.6667,190.00,laser,60,450;300;200;100;50,450,1.5,3,0.4,1.5,3,1,10,20,100,-10,5,250,40,5,250,60,1,7,10,0,0.06,4,0.222,50,8,5
6,2,1,2,2;3;1;4,1,60,FrameTimeStutter,5.000,laser,practice,2026-09-21T19:06:24.6042923-04:00,4,998,16.99646,17.5640,2526.26,674.04,0.000,0.000,-5.6666,10.6851,14.7936,Left,0,0,0,0,0.0000,100.000,0,0.000,0,127.500,71.914,4.000,0.0300,0.6667,190.00,laser,60,450;300;200;100;50,450,1.5,3,0.4,1.5,3,1,10,20,100,-10,5,250,40,5,250,60,1,7,10,0,0.06,4,0.222,50,8,5
6,2,1,2,2;3;1;4,1,60,FrameTimeStutter,5.000,laser,practice,2026-09-21T19:06:24.6042923-04:00,4,999,17.01348,17.0225,2526.26,674.04,0.000,0.000,-5.6666,10.6851,14.7936,Left,0,0,0,0,0.0000,100.000,0,0.000,0,127.500,71.914,4.000,0.0300,0.6667,190.00,laser,60,450;300;200;100;50,450,1.5,3,0.4,1.5,3,1,10,20,100,-10,5,250,40,5,250,60,1,7,10,0,0.06,4,0.222,50,8,5
6,2,1,2,2;3;1;4,1,60,FrameTimeStutter,5.000,laser,practice,2026-09-21T19:06:24.6042923-04:00,4,1000,17.03035,16.8700,2526.26,674.04,0.000,0.000,-5.6666,10.6851,14.7936,Left,0,0,0,0,0.0000,100.000,0,0.000,0,127.500,71.914,4.000,0.0300,0.6667,190.00,laser,60,450;300;200;100;50,450,1.5,3,0.4,1.5,3,1,10,20,100,-10,5,250,40,5,250,60,1,7,10,0,0.06,4,0.222,50,8,5
6,2,1,2,2;3;1;4,1,60,FrameTimeStutter,5.000,laser,practice,2026-09-21T19:06:24.6042923-04:00,4,1001,17.04518,14.8292,2526.26,674.04,0.000,0.000,-5.6666,10.6851,14.7936,Left,0,0,0,0,0.0000,100.000,0,0.000,0,127.500,71.914,4.000,0.0300,0.6667,190.00,laser,60,450;300;200;100;50,450,1.5,3,0.4,1.5,3,1,10,20,100,-10,5,250,40,5,250,60,1,7,10,0,0.06,4,0.222,50,8,5
6,2,1,2,2;3;1;4,1,60,FrameTimeStutter,5.000,laser,practice,2026-09-21T19:06:24.6042923-04:00,4,1002,17.06258,17.4044,2526.26,674.04,0.000,0.000,-5.6666,10.6851,14.7936,Left,0,0,0,0,0.0000,100.000,0,0.000,0,127.500,71.914,4.000,0.0300,0.6667,190.00,laser,60,450;300;200;100;50,450,1.5,3,0.4,1.5,3,1,10,20,100,-10,5,250,40,5,250,60,1,7,10,0,0.06,4,0.222,50,8,5
6,2,1,2,2;3;1;4,1,60,FrameTimeStutter,5.000,laser,practice,2026-09-21T19:06:24.6042923-04:00,4,1003,17.08000,17.4229,2526.26,674.04,0.000,0.000,-5.6666,10.6851,14.7936,Left,0,0,0,0,0.0000,100.000,0,0.000,0,127.500,71.914,4.000,0.0300,0.6667,190.00,laser,60,450;300;200;100;50,450,1.5,3,0.4,1.5,3,1,10,20,100,-10,5,250,40,5,250,60,1,7,10,0,0.06,4,0.222,50,8,5
6,2,1,2,2;3;1;4,1,60,FrameTimeStutter,5.000,laser,practice,2026-09-21T19:06:24.6042923-04:00,4,1004,17.09525,15.2424,2526.26,674.04,0.000,0.000,-5.6666,10.6851,14.7936,Left,0,0,0,0,0.0000,100.000,0,0.000,0,127.500,71.914,4.000,0.0300,0.6667,190.00,laser,60,450;300;200;100;50,450,1.5,3,0.4,1.5,3,1,10,20,100,-10,5,250,40,5,250,60,1,7,10,0,0.06,4,0.222,50,8,5
6,2,1,2,2;3;1;4,1,60,FrameTimeStutter,5.000,laser,practice,2026-09-21T19:06:24.6042923-04:00,4,1005,17.11285,17.6095,2526.26,674.04,0.000,0.000,-5.6666,10.6851,14.7936,Left,0,0,0,0,0.0000,100.000,0,0.000,0,127.500,71.914,4.000,0.0300,0.6667,190.00,laser,60,450;300;200;100;50,450,1.5,3,0.4,1.5,3,1,10,20,100,-10,5,250,40,5,250,60,1,7,10,0,0.06,4,0.222,50,8,5
6,2,1,2,2;3;1;4,1,60,FrameTimeStutter,5.000,laser,practice,2026-09-21T19:06:24.6042923-04:00,4,1006,17.12999,17.1340,2526.26,674.04,0.000,0.000,-5.6666,10.6851,14.7936,Left,0,0,0,0,0.0000,100.000,0,0.000,0,127.500,71.914,4.000,0.0300,0.6667,190.00,laser,60,450;300;200;100;50,450,1.5,3,0.4,1.5,3,1,10,20,100,-10,5,250,40,5,250,60,1,7,10,0,0.06,4,0.222,50,8,5
6,2,1,2,2;3;1;4,1,60,FrameTimeStutter,5.000,laser,practice,2026-09-21T19:06:24.6042923-04:00,4,1007,17.14645,16.4620,2526.26,674.04,0.000,0.000,-5.6666,10.6851,14.7936,Left,0,0,0,0,0.0000,100.000,0,0.000,0,127.500,71.914,4.000,0.0300,0.6667,190.00,laser,60,450;300;200;100;50,450,1.5,3,0.4,1.5,3,1,10,20,100,-10,5,250,40,5,250,60,1,7,10,0,0.06,4,0.222,50,8,5
6,2,1,2,2;3;1;4,1,60,FrameTimeStutter,5.000,laser,practice,2026-09-21T19:06:24.6042923-04:00,4,1008,17.16375,17.2939,2526.26,674.04,0.000,0.000,-5.6666,10.6851,14.7936,Left,0,0,0,0,0.0000,100.000,0,0.000,0,127.500,71.914,4.000,0.0300,0.6667,190.00,laser,60,450;300;200;100;50,450,1.5,3,0.4,1.5,3,1,10,20,100,-10,5,250,40,5,250,60,1,7,10,0,0.06,4,0.222,50,8,5
6,2,1,2,2;3;1;4,1,60,FrameTimeStutter,5.000,laser,practice,2026-09-21T19:06:24.6042923-04:00,4,1009,17.17861,14.8642,2526.26,674.04,0.000,0.000,-5.6666,10.6851,14.7936,Left,0,0,0,0,0.0000,100.000,0,0.000,0,127.500,71.914,4.000,0.0300,0.6667,190.00,laser,60,450;300;200;100;50,450,1.5,3,0.4,1.5,3,1,10,20,100,-10,5,250,40,5,250,60,1,7,10,0,0.06,4,0.222,50,8,5
6,2,1,2,2;3;1;4,1,60,FrameTimeStutter,5.000,laser,practice,2026-09-21T19:06:24.6042923-04:00,4,1010,17.19651,17.8991,2526.26,674.04,0.000,0.000,-5.6666,10.6851,14.7936,Left,0,0,0,0,0.0000,100.000,0,0.000,0,127.500,71.914,4.000,0.0300,0.6667,190.00,laser,60,450;300;200;100;50,450,1.5,3,0.4,1.5,3,1,10,20,100,-10,5,250,40,5,250,60,1,7,10,0,0.06,4,0.222,50,8,5
6,2,1,2,2;3;1;4,1,60,FrameTimeStutter,5.000,laser,practice,2026-09-21T19:06:24.6042923-04:00,4,1011,17.21250,15.9945,2526.26,674.04,0.000,0.000,-5.6666,10.6851,14.7936,Left,0,0,0,0,0.0000,100.000,0,0.000,0,127.500,71.914,4.000,0.0300,0.6667,190.00,laser,60,450;300;200;100;50,450,1.5,3,0.4,1.5,3,1,10,20,100,-10,5,250,40,5,250,60,1,7,10,0,0.06,4,0.222,50,8,5
6,2,1,2,2;3;1;4,1,60,FrameTimeStutter,5.000,laser,practice,2026-09-21T19:06:24.6042923-04:00,4,1012,17.22990,17.3919,2526.26,674.04,0.000,0.000,-5.6666,10.6851,14.7936,Left,0,0,0,0,0.0000,100.000,0,0.000,0,127.500,71.914,4.000,0.0300,0.6667,190.00,laser,60,450;300;200;100;50,450,1.5,3,0.4,1.5,3,1,10,20,100,-10,5,250,40,5,250,60,1,7,10,0,0.06,4,0.222,50,8,5
6,2,1,2,2;3;1;4,1,60,FrameTimeStutter,5.000,laser,practice,2026-09-21T19:06:24.6042923-04:00,4,1013,17.24615,16.2550,2526.26,674.04,0.000,0.000,-5.6666,10.6851,14.7936,Left,0,0,0,0,0.0000,100.000,0,0.000,0,127.500,71.914,4.000,0.0300,0.6667,190.00,laser,60,450;300;200;100;50,450,1.5,3,0.4,1.5,3,1,10,20,100,-10,5,250,40,5,250,60,1,7,10,0,0.06,4,0.222,50,8,5
6,2,1,2,2;3;1;4,1,60,FrameTimeStutter,5.000,laser,practice,2026-09-21T19:06:24.6042923-04:00,4,1014,17.28019,34.0358,2526.26,674.04,0.000,0.000,-5.6666,10.6851,14.7936,Left,0,0,0,0,0.0000,100.000,0,0.000,0,127.500,71.914,4.000,0.0300,0.6667,190.00,laser,60,450;300;200;100;50,450,1.5,3,0.4,1.5,3,1,10,20,100,-10,5,250,40,5,250,60,1,7,10,0,0.06,4,0.222,50,8,5
6,2,1,2,2;3;1;4,1,60,FrameTimeStutter,5.000,laser,practice,2026-09-21T19:06:24.6042923-04:00,4,1015,17.28326,3.0695,2526.26,674.04,0.000,0.000,-5.6666,10.6851,14.7936,Left,0,0,0,0,0.0000,100.000,0,0.000,0,127.500,71.914,4.000,0.0300,0.6667,190.00,laser,60,450;300;200;100;50,450,1.5,3,0.4,1.5,3,1,10,20,100,-10,5,250,40,5,250,60,1,7,10,0,0.06,4,0.222,50,8,5
6,2,1,2,2;3;1;4,1,60,FrameTimeStutter,5.000,laser,practice,2026-09-21T19:06:24.6042923-04:00,4,1016,17.30152,18.2626,2526.26,674.04,0.000,0.000,-5.6666,10.6851,14.7936,Left,0,0,0,0,0.0000,100.000,0,0.000,0,127.500,71.914,4.000,0.0300,0.6667,190.00,laser,60,450;300;200;100;50,450,1.5,3,0.4,1.5,3,1,10,20,100,-10,5,250,40,5,250,60,1,7,10,0,0.06,4,0.222,50,8,5
6,2,1,2,2;3;1;4,1,60,FrameTimeStutter,5.000,laser,practice,2026-09-21T19:06:24.6042923-04:00,4,1017,17.31769,16.1727,2526.26,674.04,0.000,0.000,-5.6666,10.6851,14.7936,Left,0,0,0,0,0.0000,100.000,0,0.000,0,127.500,71.914,4.000,0.0300,0.6667,190.00,laser,60,450;300;200;100;50,450,1.5,3,0.4,1.5,3,1,10,20,100,-10,5,250,40,5,250,60,1,7,10,0,0.06,4,0.222,50,8,5
6,2,1,2,2;3;1;4,1,60,FrameTimeStutter,5.000,laser,practice,2026-09-21T19:06:24.6042923-04:00,4,1018,17.33245,14.7564,2528.06,674.04,1.000,0.000,-5.6484,10.6851,14.7936,Left,0,0,0,0,0.0000,100.000,0,0.000,0,127.500,71.914,4.000,0.0300,0.6667,190.00,laser,60,450;300;200;100;50,450,1.5,3,0.4,1.5,3,1,10,20,100,-10,5,250,40,5,250,60,1,7,10,0,0.06,4,0.222,50,8,5
6,2,1,2,2;3;1;4,1,60,FrameTimeStutter,5.000,laser,practice,2026-09-21T19:06:24.6042923-04:00,4,1019,17.35100,18.5533,2547.89,688.46,11.000,8.000,-5.4472,10.8314,14.7936,Left,0,0,0,0,0.0000,100.000,0,0.000,0,127.500,71.914,4.000,0.0300,0.6667,190.00,laser,60,450;300;200;100;50,450,1.5,3,0.4,1.5,3,1,10,20,100,-10,5,250,40,5,250,60,1,7,10,0,0.06,4,0.222,50,8,5
6,2,1,2,2;3;1;4,1,60,FrameTimeStutter,5.000,laser,practice,2026-09-21T19:06:24.6042923-04:00,4,1020,17.36781,16.8050,2574.92,704.68,15.000,9.000,-5.1729,10.9960,14.7936,Left,0,0,0,0,0.0000,100.000,0,0.000,0,127.500,71.914,4.000,0.0300,0.6667,190.00,laser,60,450;300;200;100;50,450,1.5,3,0.4,1.5,3,1,10,20,100,-10,5,250,40,5,250,60,1,7,10,0,0.06,4,0.222,50,8,5
6,2,1,2,2;3;1;4,1,60,FrameTimeStutter,5.000,laser,practice,2026-09-21T19:06:24.6042923-04:00,4,1021,17.38499,17.1802,2607.36,724.51,18.000,11.000,-4.8438,11.1971,14.7936,Left,0,0,0,0,0.0000,100.000,0,0.000,0,127.500,71.914,4.000,0.0300,0.6667,190.00,laser,60,450;300;200;100;50,450,1.5,3,0.4,1.5,3,1,10,20,100,-10,5,250,40,5,250,60,1,7,10,0,0.06,4,0.222,50,8,5
6,2,1,2,2;3;1;4,1,60,FrameTimeStutter,5.000,laser,practice,2026-09-21T19:06:24.6042923-04:00,4,1022,17.40105,16.0675,2630.79,746.13,13.000,12.000,-4.6061,11.4165,14.7936,Left,0,0,0,0,0.0000,100.000,0,0.000,0,127.500,71.914,4.000,0.0300,0.6667,190.00,laser,60,450;300;200;100;50,450,1.5,3,0.4,1.5,3,1,10,20,100,-10,5,250,40,5,250,60,1,7,10,0,0.06,4,0.222,50,8,5
6,2,1,2,2;3;1;4,1,60,FrameTimeStutter,5.000,laser,practice,2026-09-21T19:06:24.6042923-04:00,4,1023,17.41798,16.9268,2641.60,762.35,6.000,9.000,-4.4964,11.5811,14.7936,Left,0,0,0,0,0.0000,100.000,0,0.000,0,127.500,71.914,4.000,0.0300,0.6667,190.00,laser,60,450;300;200;100;50,450,1.5,3,0.4,1.5,3,1,10,20,100,-10,5,250,40,5,250,60,1,7,10,0,0.06,4,0.222,50,8,5
6,2,1,2,2;3;1;4,1,60,FrameTimeStutter,5.000,laser,practice,2026-09-21T19:06:24.6042923-04:00,4,1024,17.43498,16.9989,2641.60,780.38,0.000,10.000,-4.4964,11.7639,14.7936,Left,0,0,0,0,0.0000,100.000,0,0.000,0,127.500,71.914,4.000,0.0300,0.6667,190.00,laser,60,450;300;200;100;50,450,1.5,3,0.4,1.5,3,1,10,20,100,-10,5,250,40,5,250,60,1,7,10,0,0.06,4,0.222,50,8,5
6,2,1,2,2;3;1;4,1,60,FrameTimeStutter,5.000,laser,practice,2026-09-21T19:06:24.6042923-04:00,4,1025,17.45099,16.0131,2630.79,809.21,-6.000,16.000,-4.6061,12.0565,14.7936,Left,0,0,0,0,0.0000,100.000,0,0.000,0,127.500,71.914,4.000,0.0300,0.6667,190.00,laser,60,450;300;200;100;50,450,1.5,3,0.4,1.5,3,1,10,20,100,-10,5,250,40,5,250,60,1,7,10,0,0.06,4,0.222,50,8,5
6,2,1,2,2;3;1;4,1,60,FrameTimeStutter,5.000,laser,practice,2026-09-21T19:06:24.6042923-04:00,4,1026,17.46797,16.9773,2616.37,857.87,-8.000,27.000,-4.7523,12.5502,14.7936,Left,0,0,0,0,0.0000,100.000,0,0.000,0,127.500,71.914,4.000,0.0300,0.6667,190.00,laser,60,450;300;200;100;50,450,1.5,3,0.4,1.5,3,1,10,20,100,-10,5,250,40,5,250,60,1,7,10,0,0.06,4,0.222,50,8,5
6,2,1,2,2;3;1;4,1,60,FrameTimeStutter,5.000,laser,practice,2026-09-21T19:06:24.6042923-04:00,4,1027,17.48423,16.2584,2594.74,929.96,-12.000,40.000,-4.9718,13.2816,14.7936,Left,0,0,0,0,0.0000,100.000,0,0.000,0,127.500,71.914,4.000,0.0300,0.6667,190.00,laser,60,450;300;200;100;50,450,1.5,3,0.4,1.5,3,1,10,20,100,-10,5,250,40,5,250,60,1,7,10,0,0.06,4,0.222,50,8,5
6,2,1,2,2;3;1;4,1,60,FrameTimeStutter,5.000,laser,practice,2026-09-21T19:06:24.6042923-04:00,4,1028,17.50094,16.7131,2555.09,1016.47,-22.000,48.000,-5.3740,14.1593,14.7936,Left,0,0,0,0,0.0000,100.000,0,0.000,0,127.500,71.914,4.000,0.0300,0.6667,190.00,laser,60,450;300;200;100;50,450,1.5,3,0.4,1.5,3,1,10,20,100,-10,5,250,40,5,250,60,1,7,10,0,0.06,4,0.222,50,8,5
6,2,1,2,2;3;1;4,1,60,FrameTimeStutter,5.000,laser,practice,2026-09-21T19:06:24.6042923-04:00,4,1029,17.51824,17.2995,2425.33,1178.67,-72.000,90.000,-6.6906,15.8049,14.7936,Left,0,0,0,0,0.0000,100.000,0,0.000,0,127.500,71.914,4.000,0.0300,0.6667,190.00,laser,60,450;300;200;100;50,450,1.5,3,0.4,1.5,3,1,10,20,100,-10,5,250,40,5,250,60,1,7,10,0,0.06,4,0.222,50,8,5
6,2,1,2,2;3;1;4,1,60,FrameTimeStutter,5.000,laser,practice,2026-09-21T19:06:24.6042923-04:00,4,1030,17.53512,16.8828,2288.36,1306.63,-76.000,71.000,-8.0802,17.1032,14.7936,Left,0,0,0,0,0.0000,100.000,0,0.000,0,127.500,71.914,4.000,0.0300,0.6667,190.00,laser,60,450;300;200;100;50,450,1.5,3,0.4,1.5,3,1,10,20,100,-10,5,250,40,5,250,60,1,7,10,0,0.06,4,0.222,50,8,5
6,2,1,2,2;3;1;4,1,60,FrameTimeStutter,5.000,laser,practice,2026-09-21T19:06:24.6042923-04:00,4,1031,17.55153,16.4093,2158.60,1414.77,-72.000,60.000,-9.3968,18.2003,14.7936,Left,0,0,0,0,0.0000,100.000,0,0.000,0,127.500,71.914,4.000,0.0300,0.6667,190.00,laser,60,450;300;200;100;50,450,1.5,3,0.4,1.5,3,1,10,20,100,-10,5,250,40,5,250,60,1,7,10,0,0.06,4,0.222,50,8,5
6,2,1,2,2;3;1;4,1,60,FrameTimeStutter,5.000,laser,practice,2026-09-21T19:06:24.6042923-04:00,4,1032,17.56815,16.6139,2052.27,1499.47,-59.000,47.000,-10.4756,19.0597,14.7936,Left,0,0,0,0,0.0000,100.000,0,0.000,0,127.500,71.914,4.000,0.0300,0.6667,190.00,laser,60,450;300;200;100;50,450,1.5,3,0.4,1.5,3,1,10,20,100,-10,5,250,40,5,250,60,1,7,10,0,0.06,4,0.222,50,8,5
6,2,1,2,2;3;1;4,1,60,FrameTimeStutter,5.000,laser,practice,2026-09-21T19:06:24.6042923-04:00,4,1033,17.58425,16.1054,1981.98,1553.54,-39.000,30.000,-11.1887,19.6083,14.7936,Left,0,0,0,0,0.0000,100.000,0,0.000,0,127.500,71.914,4.000,0.0300,0.6667,190.00,laser,60,450;300;200;100;50,450,1.5,3,0.4,1.5,3,1,10,20,100,-10,5,250,40,5,250,60,1,7,10,0,0.06,4,0.222,50,8,5
6,2,1,2,2;3;1;4,1,60,FrameTimeStutter,5.000,laser,practice,2026-09-21T19:06:24.6042923-04:00,4,1034,17.60112,16.8688,1945.93,1584.18,-20.000,17.000,-11.5544,19.9191,14.7936,Left,0,0,0,0,0.0000,100.000,0,0.000,0,127.500,71.914,4.000,0.0300,0.6667,190.00,laser,60,450;300;200;100;50,450,1.5,3,0.4,1.5,3,1,10,20,100,-10,5,250,40,5,250,60,1,7,10,0,0.06,4,0.222,50,8,5
6,2,1,2,2;3;1;4,1,60,FrameTimeStutter,5.000,laser,practice,2026-09-21T19:06:24.6042923-04:00,4,1035,17.61829,17.1713,1945.93,1584.18,-11.000,9.000,-11.7555,20.0000,14.7936,Left,0,0,0,0,0.0000,100.000,0,0.000,0,127.500,71.914,4.000,0.0300,0.6667,190.00,laser,60,450;300;200;100;50,450,1.5,3,0.4,1.5,3,1,10,20,100,-10,5,250,40,5,250,60,1,7,10,0,0.06,4,0.222,50,8,5
6,2,1,2,2;3;1;4,1,60,FrameTimeStutter,5.000,laser,practice,2026-09-21T19:06:24.6042923-04:00,4,1036,17.63442,16.1286,1945.93,1584.18,-4.000,3.000,-11.8287,20.0000,14.7936,Left,0,0,0,0,0.0000,100.000,0,0.000,0,127.500,71.914,4.000,0.0300,0.6667,190.00,laser,60,450;300;200;100;50,450,1.5,3,0.4,1.5,3,1,10,20,100,-10,5,250,40,5,250,60,1,7,10,0,0.06,4,0.222,50,8,5
6,2,1,2,2;3;1;4,1,60,FrameTimeStutter,5.000,laser,practice,2026-09-21T19:06:24.6042923-04:00,4,1037,17.65132,16.8980,1945.93,1584.18,-3.000,2.000,-11.8835,20.0000,14.7936,Left,0,0,0,0,0.0000,100.000,0,0.000,0,127.500,71.914,4.000,0.0300,0.6667,190.00,laser,60,450;300;200;100;50,450,1.5,3,0.4,1.5,3,1,10,20,100,-10,5,250,40,5,250,60,1,7,10,0,0.06,4,0.222,50,8,5
6,2,1,2,2;3;1;4,1,60,FrameTimeStutter,5.000,laser,practice,2026-09-21T19:06:24.6042923-04:00,4,1038,17.66817,16.8544,1945.93,1584.18,-5.000,2.000,-11.9750,20.0000,14.7936,Left,0,0,0,0,0.0000,100.000,0,0.000,0,127.500,71.914,4.000,0.0300,0.6667,190.00,laser,60,450;300;200;100;50,450,1.5,3,0.4,1.5,3,1,10,20,100,-10,5,250,40,5,250,60,1,7,10,0,0.06,4,0.222,50,8,5
6,2,1,2,2;3;1;4,1,60,FrameTimeStutter,5.000,laser,practice,2026-09-21T19:06:24.6042923-04:00,4,1039,17.68497,16.7995,1945.93,1584.18,-6.000,4.000,-12.0847,20.0000,14.7936,Left,0,0,0,0,0.0000,100.000,0,0.000,0,127.500,71.914,4.000,0.0300,0.6667,190.00,laser,60,450;300;200;100;50,450,1.5,3,0.4,1.5,3,1,10,20,100,-10,5,250,40,5,250,60,1,7,10,0,0.06,4,0.222,50,8,5
6,2,1,2,2;3;1;4,1,60,FrameTimeStutter,5.000,laser,practice,2026-09-21T19:06:24.6042923-04:00,4,1040,17.70153,16.5638,1945.93,1584.18,-3.000,2.000,-12.1395,20.0000,14.7936,Left,0,0,0,0,0.0000,100.000,0,0.000,0,127.500,71.914,4.000,0.0300,0.6667,190.00,laser,60,450;300;200;100;50,450,1.5,3,0.4,1.5,3,1,10,20,100,-10,5,250,40,5,250,60,1,7,10,0,0.06,4,0.222,50,8,5
6,2,1,2,2;3;1;4,1,60,FrameTimeStutter,5.000,laser,practice,2026-09-21T19:06:24.6042923-04:00,4,1041,17.71813,16.5967,1945.93,1584.18,-1.000,0.000,-12.1578,20.0000,14.7936,Left,0,0,0,0,0.0000,100.000,0,0.000,0,127.500,71.914,4.000,0.0300,0.6667,190.00,laser,60,450;300;200;100;50,450,1.5,3,0.4,1.5,3,1,10,20,100,-10,5,250,40,5,250,60,1,7,10,0,0.06,4,0.222,50,8,5
6,2,1,2,2;3;1;4,1,60,FrameTimeStutter,5.000,laser,practice,2026-09-21T19:06:24.6042923-04:00,4,1042,17.73470,16.5626,1945.93,1584.18,0.000,0.000,-12.1578,20.0000,14.7936,Left,0,0,0,0,0.0000,100.000,0,0.000,0,127.500,71.914,4.000,0.0300,0.6667,190.00,laser,60,450;300;200;100;50,450,1.5,3,0.4,1.5,3,1,10,20,100,-10,5,250,40,5,250,60,1,7,10,0,0.06,4,0.222,50,8,5
6,2,1,2,2;3;1;4,1,60,FrameTimeStutter,5.000,laser,practice,2026-09-21T19:06:24.6042923-04:00,4,1043,17.75135,16.6582,1945.93,1584.18,0.000,0.000,-12.1578,20.0000,14.7936,Left,0,0,0,0,0.0000,100.000,0,0.000,0,127.500,71.914,4.000,0.0300,0.6667,190.00,laser,60,450;300;200;100;50,450,1.5,3,0.4,1.5,3,1,10,20,100,-10,5,250,40,5,250,60,1,7,10,0,0.06,4,0.222,50,8,5
6,2,1,2,2;3;1;4,1,60,FrameTimeStutter,5.000,laser,practice,2026-09-21T19:06:24.6042923-04:00,4,1044,17.76740,16.0510,1945.93,1584.18,0.000,-1.000,-12.1578,19.9817,14.7936,Left,0,0,0,0,0.0000,100.000,0,0.000,0,127.500,71.914,4.000,0.0300,0.6667,190.00,laser,60,450;300;200;100;50,450,1.5,3,0.4,1.5,3,1,10,20,100,-10,5,250,40,5,250,60,1,7,10,0,0.06,4,0.222,50,8,5
6,2,1,2,2;3;1;4,1,60,FrameTimeStutter,5.000,laser,practice,2026-09-21T19:06:24.6042923-04:00,4,1045,17.78461,17.2103,1945.93,1584.18,-2.000,-2.000,-12.1944,19.9451,14.7936,Left,0,0,0,0,0.0000,100.000,0,0.000,0,127.500,71.914,4.000,0.0300,0.6667,190.00,laser,60,450;300;200;100;50,450,1.5,3,0.4,1.5,3,1,10,20,100,-10,5,250,40,5,250,60,1,7,10,0,0.06,4,0.222,50,8,5
6,2,1,2,2;3;1;4,1,60,FrameTimeStutter,5.000,laser,practice,2026-09-21T19:06:24.6042923-04:00,4,1046,17.80084,16.2273,1945.93,1584.18,-2.000,-2.000,-12.2309,19.9086,14.7936,Left,0,0,0,0,0.0000,100.000,0,0.000,0,127.500,71.914,4.000,0.0300,0.6667,190.00,laser,60,450;300;200;100;50,450,1.5,3,0.4,1.5,3,1,10,20,100,-10,5,250,40,5,250,60,1,7,10,0,0.06,4,0.222,50,8,5
6,2,1,2,2;3;1;4,1,60,FrameTimeStutter,5.000,laser,practice,2026-09-21T19:06:24.6042923-04:00,4,1047,17.81812,17.2812,1945.93,1584.18,-3.000,-2.000,-12.2858,19.8720,14.7936,Left,0,0,0,0,0.0000,100.000,0,0.000,0,127.500,71.914,4.000,0.0300,0.6667,190.00,laser,60,450;300;200;100;50,450,1.5,3,0.4,1.5,3,1,10,20,100,-10,5,250,40,5,250,60,1,7,10,0,0.06,4,0.222,50,8,5
6,2,1,2,2;3;1;4,1,60,FrameTimeStutter,5.000,laser,practice,2026-09-21T19:06:24.6042923-04:00,4,1048,17.83488,16.7605,1945.93,1584.18,-7.000,-4.000,-12.4138,19.7988,14.7936,Left,0,0,0,0,0.0000,100.000,0,0.000,0,127.500,71.914,4.000,0.0300,0.6667,190.00,laser,60,450;300;200;100;50,450,1.5,3,0.4,1.5,3,1,10,20,100,-10,5,250,40,5,250,60,1,7,10,0,0.06,4,0.222,50,8,5
6,2,1,2,2;3;1;4,1,60,FrameTimeStutter,5.000,laser,practice,2026-09-21T19:06:24.6042923-04:00,4,1049,17.85091,16.0251,1945.93,1584.18,-10.000,-7.000,-12.5966,19.6709,14.7936,Left,0,0,0,0,0.0000,100.000,0,0.000,0,127.500,71.914,4.000,0.0300,0.6667,190.00,laser,60,450;300;200;100;50,450,1.5,3,0.4,1.5,3,1,10,20,100,-10,5,250,40,5,250,60,1,7,10,0,0.06,4,0.222,50,8,5
6,2,1,2,2;3;1;4,1,60,FrameTimeStutter,5.000,laser,practice,2026-09-21T19:06:24.6042923-04:00,4,1050,17.86748,16.5674,1821.58,1578.77,-12.000,-7.000,-12.8160,19.5429,14.7936,Left,0,0,0,0,0.0000,100.000,0,0.000,0,127.500,71.914,4.000,0.0300,0.6667,190.00,laser,60,450;300;200;100;50,450,1.5,3,0.4,1.5,3,1,10,20,100,-10,5,250,40,5,250,60,1,7,10,0,0.06,4,0.222,50,8,5
6,2,1,2,2;3;1;4,1,60,FrameTimeStutter,5.000,laser,practice,2026-09-21T19:06:24.6042923-04:00,4,1051,17.88446,16.9809,1808.96,1569.76,-7.000,-5.000,-12.9440,19.4514,14.7936,Left,0,0,0,0,0.0000,100.000,0,0.000,0,127.500,71.914,4.000,0.0300,0.6667,190.00,laser,60,450;300;200;100;50,450,1.5,3,0.4,1.5,3,1,10,20,100,-10,5,250,40,5,250,60,1,7,10,0,0.06,4,0.222,50,8,5
6,2,1,2,2;3;1;4,1,60,FrameTimeStutter,5.000,laser,practice,2026-09-21T19:06:24.6042923-04:00,4,1052,17.90139,16.9343,1807.16,1567.96,-1.000,-1.000,-12.9623,19.4332,14.7936,Left,0,0,0,0,0.0000,100.000,0,0.000,0,127.500,71.914,4.000,0.0300,0.6667,190.00,laser,60,450;300;200;100;50,450,1.5,3,0.4,1.5,3,1,10,20,100,-10,5,250,40,5,250,60,1,7,10,0,0.06,4,0.222,50,8,5
6,2,1,2,2;3;1;4,1,60,FrameTimeStutter,5.000,laser,practice,2026-09-21T19:06:24.6042923-04:00,4,1053,17.91816,16.7662,1805.36,1566.16,-1.000,-1.000,-12.9806,19.4149,14.7936,Left,0,0,0,0,0.0000,100.000,0,0.000,0,127.500,71.914,4.000,0.0300,0.6667,190.00,laser,60,450;300;200;100;50,450,1.5,3,0.4,1.5,3,1,10,20,100,-10,5,250,40,5,250,60,1,7,10,0,0.06,4,0.222,50,8,5
6,2,1,2,2;3;1;4,1,60,FrameTimeStutter,5.000,laser,practice,2026-09-21T19:06:24.6042923-04:00,4,1054,17.93456,16.3999,1799.95,1562.55,-3.000,-2.000,-13.0355,19.3783,14.7936,Left,0,0,0,0,0.0000,100.000,0,0.000,0,127.500,71.914,4.000,0.0300,0.6667,190.00,laser,60,450;300;200;100;50,450,1.5,3,0.4,1.5,3,1,10,20,100,-10,5,250,40,5,250,60,1,7,10,0,0.06,4,0.222,50,8,5
6,2,1,2,2;3;1;4,1,60,FrameTimeStutter,5.000,laser,practice,2026-09-21T19:06:24.6042923-04:00,4,1055,17.95192,17.3644,1790.94,1557.15,-5.000,-3.000,-13.1269,19.3234,14.7936,Left,0,0,0,0,0.0000,100.000,0,0.000,0,127.500,71.914,4.000,0.0300,0.6667,190.00,laser,60,450;300;200;100;50,450,1.5,3,0.4,1.5,3,1,10,20,100,-10,5,250,40,5,250,60,1,7,10,0,0.06,4,0.222,50,8,5
6,2,1,2,2;3;1;4,1,60,FrameTimeStutter,5.000,laser,practice,2026-09-21T19:06:24.6042923-04:00,4,1056,17.96819,16.2659,1785.53,1551.74,-3.000,-3.000,-13.1817,19.2686,14.7936,Left,0,0,0,0,0.0000,100.000,0,0.000,0,127.500,71.914,4.000,0.0300,0.6667,190.00,laser,60,450;300;200;100;50,450,1.5,3,0.4,1.5,3,1,10,20,100,-10,5,250,40,5,250,60,1,7,10,0,0.06,4,0.222,50,8,5
6,2,1,2,2;3;1;4,1,60,FrameTimeStutter,5.000,laser,practice,2026-09-21T19:06:24.6042923-04:00,4,1057,17.98452,16.3295,1781.93,1549.94,-2.000,-1.000,-13.2183,19.2503,14.7936,Left,0,0,0,0,0.0000,100.000,0,0.000,0,127.500,71.914,4.000,0.0300,0.6667,190.00,laser,60,450;300;200;100;50,450,1.5,3,0.4,1.5,3,1,10,20,100,-10,5,250,40,5,250,60,1,7,10,0,0.06,4,0.222,50,8,5
6,2,1,2,2;3;1;4,1,60,FrameTimeStutter,5.000,laser,practice,2026-09-21T19:06:24.6042923-04:00,4,1058,18.00154,17.0236,1781.93,1549.94,0.000,0.000,-13.2183,19.2503,14.7936,Left,0,0,0,0,0.0000,100.000,0,0.000,0,127.500,71.914,4.000,0.0300,0.6667,190.00,laser,60,450;300;200;100;50,450,1.5,3,0.4,1.5,3,1,10,20,100,-10,5,250,40,5,250,60,1,7,10,0,0.06,4,0.222,50,8,5
6,2,1,2,2;3;1;4,1,60,FrameTimeStutter,5.000,laser,practice,2026-09-21T19:06:24.6042923-04:00,4,1059,18.01790,16.3626,1780.13,1549.94,-1.000,0.000,-13.2366,19.2503,14.7936,Left,0,0,0,0,0.0000,100.000,0,0.000,0,127.500,71.914,4.000,0.0300,0.6667,190.00,laser,60,450;300;200;100;50,450,1.5,3,0.4,1.5,3,1,10,20,100,-10,5,250,40,5,250,60,1,7,10,0,0.06,4,0.222,50,8,5
6,2,1,2,2;3;1;4,1,60,FrameTimeStutter,5.000,laser,practice,2026-09-21T19:06:24.6042923-04:00,4,1060,18.03452,16.6133,1780.13,1549.94,0.000,0.000,-13.2366,19.2503,14.7936,Left,0,0,0,0,0.0000,100.000,0,0.000,0,127.500,71.914,4.000,0.0300,0.6667,190.00,laser,60,450;300;200;100;50,450,1.5,3,0.4,1.5,3,1,10,20,100,-10,5,250,40,5,250,60,1,7,10,0,0.06,4,0.222,50,8,5
6,2,1,2,2;3;1;4,1,60,FrameTimeStutter,5.000,laser,practice,2026-09-21T19:06:24.6042923-04:00,4,1061,18.05090,16.3785,1780.13,1549.94,0.000,0.000,-13.2366,19.2503,14.7936,Left,0,0,0,0,0.0000,100.000,0,0.000,0,127.500,71.914,4.000,0.0300,0.6667,190.00,laser,60,450;300;200;100;50,450,1.5,3,0.4,1.5,3,1,10,20,100,-10,5,250,40,5,250,60,1,7,10,0,0.06,4,0.222,50,8,5
6,2,1,2,2;3;1;4,1,60,FrameTimeStutter,5.000,laser,practice,2026-09-21T19:06:24.6042923-04:00,4,1062,18.06832,17.4256,1780.13,1549.94,0.000,0.000,-13.2366,19.2503,14.7936,Left,0,0,0,0,0.0000,100.000,0,0.000,0,127.500,71.914,4.000,0.0300,0.6667,190.00,laser,60,450;300;200;100;50,450,1.5,3,0.4,1.5,3,1,10,20,100,-10,5,250,40,5,250,60,1,7,10,0,0.06,4,0.222,50,8,5
6,2,1,2,2;3;1;4,1,60,FrameTimeStutter,5.000,laser,practice,2026-09-21T19:06:24.6042923-04:00,4,1063,18.08496,16.6375,1780.13,1549.94,0.000,0.000,-13.2366,19.2503,14.7936,Left,0,0,0,0,0.0000,100.000,0,0.000,0,127.500,71.914,4.000,0.0300,0.6667,190.00,laser,60,450;300;200;100;50,450,1.5,3,0.4,1.5,3,1,10,20,100,-10,5,250,40,5,250,60,1,7,10,0,0.06,4,0.222,50,8,5
6,2,1,2,2;3;1;4,1,60,FrameTimeStutter,5.000,laser,practice,2026-09-21T19:06:24.6042923-04:00,4,1064,18.10480,19.8427,0.00,0.00,0.000,0.000,-13.2366,19.2503,14.7936,Left,0,0,0,0,0.0000,100.000,0,0.000,0,127.500,71.914,4.000,0.0300,0.6667,190.00,laser,60,450;300;200;100;50,450,1.5,3,0.4,1.5,3,1,10,20,100,-10,5,250,40,5,250,60,1,7,10,0,0.06,4,0.222,50,8,5
6,2,1,2,2;3;1;4,1,60,FrameTimeStutter,5.000,laser,practice,2026-09-21T19:06:24.6042923-04:00,4,1065,18.11804,13.2385,0.00,0.00,0.000,0.000,-13.2366,19.2503,14.7936,Left,0,0,0,0,0.0000,100.000,0,0.000,0,127.500,71.914,4.000,0.0300,0.6667,190.00,laser,60,450;300;200;100;50,450,1.5,3,0.4,1.5,3,1,10,20,100,-10,5,250,40,5,250,60,1,7,10,0,0.06,4,0.222,50,8,5
6,2,1,2,2;3;1;4,1,60,FrameTimeStutter,5.000,laser,practice,2026-09-21T19:06:24.6042923-04:00,4,1066,18.13425,16.2158,0.00,0.00,0.000,0.000,-13.2366,19.2503,14.7936,Left,0,0,0,0,0.0000,100.000,0,0.000,0,127.500,71.914,4.000,0.0300,0.6667,190.00,laser,60,450;300;200;100;50,450,1.5,3,0.4,1.5,3,1,10,20,100,-10,5,250,40,5,250,60,1,7,10,0,0.06,4,0.222,50,8,5
6,2,1,2,2;3;1;4,1,60,FrameTimeStutter,5.000,laser,practice,2026-09-21T19:06:24.6042923-04:00,4,1067,18.15149,17.2327,0.00,0.00,0.000,0.000,-13.2366,19.2503,14.7936,Left,0,0,0,0,0.0000,100.000,0,0.000,0,127.500,71.914,4.000,0.0300,0.6667,190.00,laser,60,450;300;200;100;50,450,1.5,3,0.4,1.5,3,1,10,20,100,-10,5,250,40,5,250,60,1,7,10,0,0.06,4,0.222,50,8,5
6,2,1,2,2;3;1;4,1,60,FrameTimeStutter,5.000,laser,practice,2026-09-21T19:06:24.6042923-04:00,4,1068,18.16788,16.3904,0.00,0.00,0.000,0.000,-13.2366,19.2503,14.7936,Left,0,0,0,0,0.0000,100.000,0,0.000,0,127.500,71.914,4.000,0.0300,0.6667,190.00,laser,60,450;300;200;100;50,450,1.5,3,0.4,1.5,3,1,10,20,100,-10,5,250,40,5,250,60,1,7,10,0,0.06,4,0.222,50,8,5
6,2,1,2,2;3;1;4,1,60,FrameTimeStutter,5.000,laser,practice,2026-09-21T19:06:24.6042923-04:00,4,1069,18.18460,16.7210,0.00,0.00,0.000,0.000,-13.2366,19.2503,14.7936,Left,0,0,0,0,0.0000,100.000,0,0.000,0,127.500,71.914,4.000,0.0300,0.6667,190.00,laser,60,450;300;200;100;50,450,1.5,3,0.4,1.5,3,1,10,20,100,-10,5,250,40,5,250,60,1,7,10,0,0.06,4,0.222,50,8,5
