sessionId,participantId,roundIndexInSession,studyLabel,testMode,frameIndex,timeSinceRoundStartSec,unscaledDeltaMs,mouseX,mouseY,mouseDeltaX,mouseDeltaY,virtualX,virtualY,ufoX,ufoY,ufoZ,towerX,towerZ,signedDistToTowerX,side,leftButtonDown,leftButtonPressed,rightButtonDown,fireKeyDown,stimulusMs,spikeFired,stallMs,cfg_label,cfg_testMode,cfg_useStaircase,cfg_useManualLevelList,cfg_roundsPerSession,cfg_roundDurationSec,cfg_closeRadius,cfg_showHitZone,cfg_crossingDeadZone,cfg_fireCooldown,cfg_revealHoldSec,cfg_maxPoints,cfg_missPoints,cfg_ftFallbackMagnitudeMs,cfg_ftUseBusyWait,cfg_stimMinMs,cfg_stimMaxMs,cfg_stimCount,cfg_threshMinMs,cfg_threshMaxMs,cfg_threshCount,cfg_slopeMin,cfg_slopeMax,cfg_slopeCount,cfg_lapseMin,cfg_lapseMax,cfg_lapseCount,cfg_guessRate,cfg_maxTrials,cfg_minTrials,cfg_stopSD,cfg_startDropFps,cfg_minDropFps,cfg_maxDropFps,cfg_baselineFps,cfg_startMs,cfg_minMs,cfg_maxMs,cfg_startMult,cfg_minMult,cfg_maxMult,cfg_coarseFactor,cfg_fineStep,cfg_reversals,cfg_revAvg,cfg_manualStartIndex,cfg_manualLevels
5,P005,1,ft_jnd,FrameTimeStutter,0,0.00000,3.1093,1358.02,1223.03,0.000,0.000,1358.02,1223.03,1.4266,10.1980,0.0000,2.6973,0.0000,-1.2707,Left,0,0,0,0,86.667,0,0.000,ft_jnd,FrameTimeStutter,1,0,1,0,1,1,0.25,0.25,1.5,100,-10,100,1,5,250,40,5,250,50,1,6,11,0,0.06,4,0.05,50,8,4,2,2,100,144,5,5,300,1.05,1.05,6.0,2.0,10,6,6,-1,
5,P005,1,ft_jnd,FrameTimeStutter,1,0.00494,4.9385,1358.02,1223.03,0.000,0.000,1358.02,1223.03,1.4266,10.1980,0.0000,2.6973,0.0000,-1.2707,Left,0,0,0,0,86.667,0,0.000,ft_jnd,FrameTimeStutter,1,0,1,0,1,1,0.25,0.25,1.5,100,-10,100,1,5,250,40,5,250,50,1,6,11,0,0.06,4,0.05,50,8,4,2,2,100,144,5,5,300,1.05,1.05,6.0,2.0,10,6,6,-1,
5,P005,1,ft_jnd,FrameTimeStutter,2,0.00930,4.3599,1358.02,1223.03,0.000,0.000,1358.02,1223.03,1.4266,10.1980,0.0000,2.6973,0.0000,-1.2707,Left,0,0,0,0,86.667,0,0.000,ft_jnd,FrameTimeStutter,1,0,1,0,1,1,0.25,0.25,1.5,100,-10,100,1,5,250,40,5,250,50,1,6,11,0,0.06,4,0.05,50,8,4,2,2,100,144,5,5,300,1.05,1.05,6.0,2.0,10,6,6,-1,
5,P005,1,ft_jnd,FrameTimeStutter,3,0.01323,3.9299,1358.02,1223.03,0.000,0.000,1358.02,1223.03,1.4266,10.1980,0.0000,2.6973,0.0000,-1.2707,Left,0,0,0,0,86.667,0,0.000,ft_jnd,FrameTimeStutter,1,0,1,0,1,1,0.25,0.25,1.5,100,-10,100,1,5,250,40,5,250,50,1,6,11,0,0.06,4,0.05,50,8,4,2,2,100,144,5,5,300,1.05,1.05,6.0,2.0,10,6,6,-1,
5,P005,1,ft_jnd,FrameTimeStutter,4,0.01665,3.4245,1358.02,1223.03,0.000,0.000,1358.02,1223.03,1.4266,10.1980,0.0000,2.6973,0.0000,-1.2707,Left,0,0,0,0,86.667,0,0.000,ft_jnd,FrameTimeStutter,1,0,1,0,1,1,0.25,0.25,1.5,100,-10,100,1,5,250,40,5,250,50,1,6,11,0,0.06,4,0.05,50,8,4,2,2,100,144,5,5,300,1.05,1.05,6.0,2.0,10,6,6,-1,
5,P005,1,ft_jnd,FrameTimeStutter,5,0.02005,3.3960,1358.02,1223.03,0.000,0.000,1358.02,1223.03,1.4266,10.1980,0.0000,2.6973,0.0000,-1.2707,Left,0,0,0,0,86.667,0,0.000,ft_jnd,FrameTimeStutter,1,0,1,0,1,1,0.25,0.25,1.5,100,-10,100,1,5,250,40,5,250,50,1,6,11,0,0.06,4,0.05,50,8,4,2,2,100,144,5,5,300,1.05,1.05,6.0,2.0,10,6,6,-1,
5,P005,1,ft_jnd,FrameTimeStutter,6,0.02411,4.0637,1358.02,1223.03,0.000,0.000,1358.02,1223.03,1.4266,10.1980,0.0000,2.6973,0.0000,-1.2707,Left,0,0,0,0,86.667,0,0.000,ft_jnd,FrameTimeStutter,1,0,1,0,1,1,0.25,0.25,1.5,100,-10,100,1,5,250,40,5,250,50,1,6,11,0,0.06,4,0.05,50,8,4,2,2,100,144,5,5,300,1.05,1.05,6.0,2.0,10,6,6,-1,
5,P005,1,ft_jnd,FrameTimeStutter,7,0.02747,3.3612,1358.02,1223.03,0.000,0.000,1358.02,1223.03,1.4266,10.1980,0.0000,2.6973,0.0000,-1.2707,Left,0,0,0,0,86.667,0,0.000,ft_jnd,FrameTimeStutter,1,0,1,0,1,1,0.25,0.25,1.5,100,-10,100,1,5,250,40,5,250,50,1,6,11,0,0.06,4,0.05,50,8,4,2,2,100,144,5,5,300,1.05,1.05,6.0,2.0,10,6,6,-1,
5,P005,1,ft_jnd,FrameTimeStutter,8,0.03051,3.0386,1358.02,1223.03,0.000,0.000,1358.02,1223.03,1.4266,10.1980,0.0000,2.6973,0.0000,-1.2707,Left,0,0,0,0,86.667,0,0.000,ft_jnd,FrameTimeStutter,1,0,1,0,1,1,0.25,0.25,1.5,100,-10,100,1,5,250,40,5,250,50,1,6,11,0,0.06,4,0.05,50,8,4,2,2,100,144,5,5,300,1.05,1.05,6.0,2.0,10,6,6,-1,
5,P005,1,ft_jnd,FrameTimeStutter,9,0.03459,4.0746,1358.02,1223.03,0.000,0.000,1358.02,1223.03,1.4266,10.1980,0.0000,2.6973,0.0000,-1.2707,Left,0,0,0,0,86.667,0,0.000,ft_jnd,FrameTimeStutter,1,0,1,0,1,1,0.25,0.25,1.5,100,-10,100,1,5,250,40,5,250,50,1,6,11,0,0.06,4,0.05,50,8,4,2,2,100,144,5,5,300,1.05,1.05,6.0,2.0,10,6,6,-1,
5,P005,1,ft_jnd,FrameTimeStutter,10,0.03779,3.2062,1358.02,1223.03,0.000,0.000,1358.02,1223.03,1.4266,10.1980,0.0000,2.6973,0.0000,-1.2707,Left,0,0,0,0,86.667,0,0.000,ft_jnd,FrameTimeStutter,1,0,1,0,1,1,0.25,0.25,1.5,100,-10,100,1,5,250,40,5,250,50,1,6,11,0,0.06,4,0.05,50,8,4,2,2,100,144,5,5,300,1.05,1.05,6.0,2.0,10,6,6,-1,
5,P005,1,ft_jnd,FrameTimeStutter,11,0.04091,3.1154,1358.02,1223.03,0.000,0.000,1358.02,1223.03,1.4266,10.1980,0.0000,2.6973,0.0000,-1.2707,Left,0,0,0,0,86.667,0,0.000,ft_jnd,FrameTimeStutter,1,0,1,0,1,1,0.25,0.25,1.5,100,-10,100,1,5,250,40,5,250,50,1,6,11,0,0.06,4,0.05,50,8,4,2,2,100,144,5,5,300,1.05,1.05,6.0,2.0,10,6,6,-1,
5,P005,1,ft_jnd,FrameTimeStutter,12,0.04524,4.3306,1358.02,1223.03,0.000,0.000,1358.02,1223.03,1.4266,10.1980,0.0000,2.6973,0.0000,-1.2707,Left,0,0,0,0,86.667,0,0.000,ft_jnd,FrameTimeStutter,1,0,1,0,1,1,0.25,0.25,1.5,100,-10,100,1,5,250,40,5,250,50,1,6,11,0,0.06,4,0.05,50,8,4,2,2,100,144,5,5,300,1.05,1.05,6.0,2.0,10,6,6,-1,
5,P005,1,ft_jnd,FrameTimeStutter,13,0.04818,2.9457,1358.02,1223.03,0.000,0.000,1358.02,1223.03,1.4266,10.1980,0.0000,2.6973,0.0000,-1.2707,Left,0,0,0,0,86.667,0,0.000,ft_jnd,FrameTimeStutter,1,0,1,0,1,1,0.25,0.25,1.5,100,-10,100,1,5,250,40,5,250,50,1,6,11,0,0.06,4,0.05,50,8,4,2,2,100,144,5,5,300,1.05,1.05,6.0,2.0,10,6,6,-1,
5,P005,1,ft_jnd,FrameTimeStutter,14,0.05302,4.8319,1358.02,1223.03,0.000,0.000,1358.02,1223.03,1.4266,10.1980,0.0000,2.6973,0.0000,-1.2707,Left,0,0,0,0,86.667,0,0.000,ft_jnd,FrameTimeStutter,1,0,1,0,1,1,0.25,0.25,1.5,100,-10,100,1,5,250,40,5,250,50,1,6,11,0,0.06,4,0.05,50,8,4,2,2,100,144,5,5,300,1.05,1.05,6.0,2.0,10,6,6,-1,
5,P005,1,ft_jnd,FrameTimeStutter,15,0.05732,4.3048,1358.02,1223.03,0.000,0.000,1358.02,1223.03,1.4266,10.1980,0.0000,2.6973,0.0000,-1.2707,Left,0,0,0,0,86.667,0,0.000,ft_jnd,FrameTimeStutter,1,0,1,0,1,1,0.25,0.25,1.5,100,-10,100,1,5,250,40,5,250,50,1,6,11,0,0.06,4,0.05,50,8,4,2,2,100,144,5,5,300,1.05,1.05,6.0,2.0,10,6,6,-1,
5,P005,1,ft_jnd,FrameTimeStutter,16,0.06123,3.9095,1358.02,1223.03,0.000,0.000,1358.02,1223.03,1.4266,10.1980,0.0000,2.6973,0.0000,-1.2707,Left,0,0,0,0,86.667,0,0.000,ft_jnd,FrameTimeStutter,1,0,1,0,1,1,0.25,0.25,1.5,100,-10,100,1,5,250,40,5,250,50,1,6,11,0,0.06,4,0.05,50,8,4,2,2,100,144,5,5,300,1.05,1.05,6.0,2.0,10,6,6,-1,
5,P005,1,ft_jnd,FrameTimeStutter,17,0.06460,3.3699,1358.02,1223.03,0.000,0.000,1358.02,1223.03,1.4266,10.1980,0.0000,2.6973,0.0000,-1.2707,Left,0,0,0,0,86.667,0,0.000,ft_jnd,FrameTimeStutter,1,0,1,0,1,1,0.25,0.25,1.5,100,-10,100,1,5,250,40,5,250,50,1,6,11,0,0.06,4,0.05,50,8,4,2,2,100,144,5,5,300,1.05,1.05,6.0,2.0,10,6,6,-1,
5,P005,1,ft_jnd,FrameTimeStutter,18,0.06791,3.3141,1358.02,1223.03,0.000,0.000,1358.02,1223.03,1.4266,10.1980,0.0000,2.6973,0.0000,-1.2707,Left,0,0,0,0,86.667,0,0.000,ft_jnd,FrameTimeStutter,1,0,1,0,1,1,0.25,0.25,1.5,100,-10,100,1,5,250,40,5,250,50,1,6,11,0,0.06,4,0.05,50,8,4,2,2,100,144,5,5,300,1.05,1.05,6.0,2.0,10,6,6,-1,
5,P005,1,ft_jnd,FrameTimeStutter,19,0.07194,4.0281,1358.02,1223.03,0.000,0.000,1358.02,1223.03,1.4266,10.1980,0.0000,2.6973,0.0000,-1.2707,Left,0,0,0,0,86.667,0,0.000,ft_jnd,FrameTimeStutter,1,0,1,0,1,1,0.25,0.25,1.5,100,-10,100,1,5,250,40,5,250,50,1,6,11,0,0.06,4,0.05,50,8,4,2,2,100,144,5,5,300,1.05,1.05,6.0,2.0,10,6,6,-1,
5,P005,1,ft_jnd,FrameTimeStutter,20,0.07534,3.4006,1358.02,1223.03,0.000,0.000,1358.02,1223.03,1.4266,10.1980,0.0000,2.6973,0.0000,-1.2707,Left,0,0,0,0,86.667,0,0.000,ft_jnd,FrameTimeStutter,1,0,1,0,1,1,0.25,0.25,1.5,100,-10,100,1,5,250,40,5,250,50,1,6,11,0,0.06,4,0.05,50,8,4,2,2,100,144,5,5,300,1.05,1.05,6.0,2.0,10,6,6,-1,
5,P005,1,ft_jnd,FrameTimeStutter,21,0.07828,2.9389,1358.02,1223.03,0.000,0.000,1358.02,1223.03,1.4266,10.1980,0.0000,2.6973,0.0000,-1.2707,Left,0,0,0,0,86.667,0,0.000,ft_jnd,FrameTimeStutter,1,0,1,0,1,1,0.25,0.25,1.5,100,-10,100,1,5,250,40,5,250,50,1,6,11,0,0.06,4,0.05,50,8,4,2,2,100,144,5,5,300,1.05,1.05,6.0,2.0,10,6,6,-1,
5,P005,1,ft_jnd,FrameTimeStutter,22,0.08260,4.3143,1358.02,1223.03,0.000,0.000,1358.02,1223.03,1.4266,10.1980,0.0000,2.6973,0.0000,-1.2707,Left,0,0,0,0,86.667,0,0.000,ft_jnd,FrameTimeStutter,1,0,1,0,1,1,0.25,0.25,1.5,100,-10,100,1,5,250,40,5,250,50,1,6,11,0,0.06,4,0.05,50,8,4,2,2,100,144,5,5,300,1.05,1.05,6.0,2.0,10,6,6,-1,
5,P005,1,ft_jnd,FrameTimeStutter,23,0.08554,2.9390,1358.02,1223.03,0.000,0.000,1358.02,1223.03,1.4266,10.1980,0.0000,2.6973,0.0000,-1.2707,Left,0,0,0,0,86.667,0,0.000,ft_jnd,FrameTimeStutter,1,0,1,0,1,1,0.25,0.25,1.5,100,-10,100,1,5,250,40,5,250,50,1,6,11,0,0.06,4,0.05,50,8,4,2,2,100,144,5,5,300,1.05,1.05,6.0,2.0,10,6,6,-1,
5,P005,1,ft_jnd,FrameTimeStutter,24,0.08917,3.6294,1358.02,1223.03,0.000,0.000,1358.02,1223.03,1.4266,10.1980,0.0000,2.6973,0.0000,-1.2707,Left,0,0,0,0,86.667,0,0.000,ft_jnd,FrameTimeStutter,1,0,1,0,1,1,0.25,0.25,1.5,100,-10,100,1,5,250,40,5,250,50,1,6,11,0,0.06,4,0.05,50,8,4,2,2,100,144,5,5,300,1.05,1.05,6.0,2.0,10,6,6,-1,
5,P005,1,ft_jnd,FrameTimeStutter,25,0.09458,5.4131,1358.02,1223.03,0.000,0.000,1358.02,1223.03,1.4266,10.1980,0.0000,2.6973,0.0000,-1.2707,Left,0,0,0,0,86.667,0,0.000,ft_jnd,FrameTimeStutter,1,0,1,0,1,1,0.25,0.25,1.5,100,-10,100,1,5,250,40,5,250,50,1,6,11,0,0.06,4,0.05,50,8,4,2,2,100,144,5,5,300,1.05,1.05,6.0,2.0,10,6,6,-1,
5,P005,1,ft_jnd,FrameTimeStutter,26,0.09903,4.4509,1358.02,1223.03,0.000,0.000,1358.02,1223.03,1.4266,10.1980,0.0000,2.6973,0.0000,-1.2707,Left,0,0,0,0,86.667,0,0.000,ft_jnd,FrameTimeStutter,1,0,1,0,1,1,0.25,0.25,1.5,100,-10,100,1,5,250,40,5,250,50,1,6,11,0,0.06,4,0.05,50,8,4,2,2,100,144,5,5,300,1.05,1.05,6.0,2.0,10,6,6,-1,
5,P005,1,ft_jnd,FrameTimeStutter,27,0.10304,4.0104,1358.02,1223.03,0.000,0.000,1358.02,1223.03,1.4266,10.1980,0.0000,2.6973,0.0000,-1.2707,Left,0,0,0,0,86.667,0,0.000,ft_jnd,FrameTimeStutter,1,0,1,0,1,1,0.25,0.25,1.5,100,-10,100,1,5,250,40,5,250,50,1,6,11,0,0.06,4,0.05,50,8,4,2,2,100,144,5,5,300,1.05,1.05,6.0,2.0,10,6,6,-1,
5,P005,1,ft_jnd,FrameTimeStutter,28,0.10733,4.2856,1358.02,1223.03,0.000,0.000,1358.02,1223.03,1.4266,10.1980,0.0000,2.6973,0.0000,-1.2707,Left,0,0,0,0,86.667,0,0.000,ft_jnd,FrameTimeStutter,1,0,1,0,1,1,0.25,0.25,1.5,100,-10,100,1,5,250,40,5,250,50,1,6,11,0,0.06,4,0.05,50,8,4,2,2,100,144,5,5,300,1.05,1.05,6.0,2.0,10,6,6,-1,
5,P005,1,ft_jnd,FrameTimeStutter,29,0.11058,3.2501,1358.02,1223.03,0.000,0.000,1358.02,1223.03,1.4266,10.1980,0.0000,2.6973,0.0000,-1.2707,Left,0,0,0,0,86.667,0,0.000,ft_jnd,FrameTimeStutter,1,0,1,0,1,1,0.25,0.25,1.5,100,-10,100,1,5,250,40,5,250,50,1,6,11,0,0.06,4,0.05,50,8,4,2,2,100,144,5,5,300,1.05,1.05,6.0,2.0,10,6,6,-1,
5,P005,1,ft_jnd,FrameTimeStutter,30,0.11456,3.9866,1358.02,1223.03,0.000,0.000,1358.02,1223.03,1.4266,10.1980,0.0000,2.6973,0.0000,-1.2707,Left,0,0,0,0,86.667,0,0.000,ft_jnd,FrameTimeStutter,1,0,1,0,1,1,0.25,0.25,1.5,100,-10,100,1,5,250,40,5,250,50,1,6,11,0,0.06,4,0.05,50,8,4,2,2,100,144,5,5,300,1.05,1.05,6.0,2.0,10,6,6,-1,
5,P005,1,ft_jnd,FrameTimeStutter,31,0.11782,3.2586,1358.02,1223.03,0.000,0.000,1358.02,1223.03,1.4266,10.1980,0.0000,2.6973,0.0000,-1.2707,Left,0,0,0,0,86.667,0,0.000,ft_jnd,FrameTimeStutter,1,0,1,0,1,1,0.25,0.25,1.5,100,-10,100,1,5,250,40,5,250,50,1,6,11,0,0.06,4,0.05,50,8,4,2,2,100,144,5,5,300,1.05,1.05,6.0,2.0,10,6,6,-1,
5,P005,1,ft_jnd,FrameTimeStutter,32,0.12102,3.1983,1358.02,1223.03,0.000,0.000,1358.02,1223.03,1.4266,10.1980,0.0000,2.6973,0.0000,-1.2707,Left,0,0,0,0,86.667,0,0.000,ft_jnd,FrameTimeStutter,1,0,1,0,1,1,0.25,0.25,1.5,100,-10,100,1,5,250,40,5,250,50,1,6,11,0,0.06,4,0.05,50,8,4,2,2,100,144,5,5,300,1.05,1.05,6.0,2.0,10,6,6,-1,
5,P005,1,ft_jnd,FrameTimeStutter,33,0.12433,3.3143,1358.02,1223.03,0.000,0.000,1358.02,1223.03,1.4266,10.1980,0.0000,2.6973,0.0000,-1.2707,Left,0,0,0,0,86.667,0,0.000,ft_jnd,FrameTimeStutter,1,0,1,0,1,1,0.25,0.25,1.5,100,-10,100,1,5,250,40,5,250,50,1,6,11,0,0.06,4,0.05,50,8,4,2,2,100,144,5,5,300,1.05,1.05,6.0,2.0,10,6,6,-1,
5,P005,1,ft_jnd,FrameTimeStutter,34,0.12852,4.1853,1358.02,1223.03,0.000,0.000,1358.02,1223.03,1.4266,10.1980,0.0000,2.6973,0.0000,-1.2707,Left,0,0,0,0,86.667,0,0.000,ft_jnd,FrameTimeStutter,1,0,1,0,1,1,0.25,0.25,1.5,100,-10,100,1,5,250,40,5,250,50,1,6,11,0,0.06,4,0.05,50,8,4,2,2,100,144,5,5,300,1.05,1.05,6.0,2.0,10,6,6,-1,
5,P005,1,ft_jnd,FrameTimeStutter,35,0.13282,4.3055,1358.02,1223.03,0.000,0.000,1358.02,1223.03,1.4266,10.1980,0.0000,2.6973,0.0000,-1.2707,Left,0,0,0,0,86.667,0,0.000,ft_jnd,FrameTimeStutter,1,0,1,0,1,1,0.25,0.25,1.5,100,-10,100,1,5,250,40,5,250,50,1,6,11,0,0.06,4,0.05,50,8,4,2,2,100,144,5,5,300,1.05,1.05,6.0,2.0,10,6,6,-1,
5,P005,1,ft_jnd,FrameTimeStutter,36,0.13710,4.2788,1358.02,1223.03,0.000,0.000,1358.02,1223.03,1.4266,10.1980,0.0000,2.6973,0.0000,-1.2707,Left,0,0,0,0,86.667,0,0.000,ft_jnd,FrameTimeStutter,1,0,1,0,1,1,0.25,0.25,1.5,100,-10,100,1,5,250,40,5,250,50,1,6,11,0,0.06,4,0.05,50,8,4,2,2,100,144,5,5,300,1.05,1.05,6.0,2.0,10,6,6,-1,
5,P005,1,ft_jnd,FrameTimeStutter,37,0.14139,4.2914,1358.02,1223.03,0.000,0.000,1358.02,1223.03,1.4266,10.1980,0.0000,2.6973,0.0000,-1.2707,Left,0,0,0,0,86.667,0,0.000,ft_jnd,FrameTimeStutter,1,0,1,0,1,1,0.25,0.25,1.5,100,-10,100,1,5,250,40,5,250,50,1,6,11,0,0.06,4,0.05,50,8,4,2,2,100,144,5,5,300,1.05,1.05,6.0,2.0,10,6,6,-1,
5,P005,1,ft_jnd,FrameTimeStutter,38,0.14433,2.9393,1358.02,1223.03,0.000,0.000,1358.02,1223.03,1.4266,10.1980,0.0000,2.6973,0.0000,-1.2707,Left,0,0,0,0,86.667,0,0.000,ft_jnd,FrameTimeStutter,1,0,1,0,1,1,0.25,0.25,1.5,100,-10,100,1,5,250,40,5,250,50,1,6,11,0,0.06,4,0.05,50,8,4,2,2,100,144,5,5,300,1.05,1.05,6.0,2.0,10,6,6,-1,
5,P005,1,ft_jnd,FrameTimeStutter,39,0.14908,4.7437,1358.02,1223.03,0.000,0.000,1358.02,1223.03,1.4266,10.1980,0.0000,2.6973,0.0000,-1.2707,Left,0,0,0,0,86.667,0,0.000,ft_jnd,FrameTimeStutter,1,0,1,0,1,1,0.25,0.25,1.5,100,-10,100,1,5,250,40,5,250,50,1,6,11,0,0.06,4,0.05,50,8,4,2,2,100,144,5,5,300,1.05,1.05,6.0,2.0,10,6,6,-1,
5,P005,1,ft_jnd,FrameTimeStutter,40,0.15206,2.9845,1358.02,1223.03,0.000,0.000,1358.02,1223.03,1.4266,10.1980,0.0000,2.6973,0.0000,-1.2707,Left,0,0,0,0,86.667,0,0.000,ft_jnd,FrameTimeStutter,1,0,1,0,1,1,0.25,0.25,1.5,100,-10,100,1,5,250,40,5,250,50,1,6,11,0,0.06,4,0.05,50,8,4,2,2,100,144,5,5,300,1.05,1.05,6.0,2.0,10,6,6,-1,
5,P005,1,ft_jnd,FrameTimeStutter,41,0.15566,3.5993,1358.02,1223.03,0.000,0.000,1358.02,1223.03,1.4266,10.1980,0.0000,2.6973,0.0000,-1.2707,Left,0,0,0,0,86.667,0,0.000,ft_jnd,FrameTimeStutter,1,0,1,0,1,1,0.25,0.25,1.5,100,-10,100,1,5,250,40,5,250,50,1,6,11,0,0.06,4,0.05,50,8,4,2,2,100,144,5,5,300,1.05,1.05,6.0,2.0,10,6,6,-1,
5,P005,1,ft_jnd,FrameTimeStutter,42,0.15997,4.3132,1358.02,1223.03,0.000,0.000,1358.02,1223.03,1.4266,10.1980,0.0000,2.6973,0.0000,-1.2707,Left,0,0,0,0,86.667,0,0.000,ft_jnd,FrameTimeStutter,1,0,1,0,1,1,0.25,0.25,1.5,100,-10,100,1,5,250,40,5,250,50,1,6,11,0,0.06,4,0.05,50,8,4,2,2,100,144,5,5,300,1.05,1.05,6.0,2.0,10,6,6,-1,
5,P005,1,ft_jnd,FrameTimeStutter,43,0.16290,2.9253,1358.02,1223.03,0.000,0.000,1358.02,1223.03,1.4266,10.1980,0.0000,2.6973,0.0000,-1.2707,Left,0,0,0,0,86.667,0,0.000,ft_jnd,FrameTimeStutter,1,0,1,0,1,1,0.25,0.25,1.5,100,-10,100,1,5,250,40,5,250,50,1,6,11,0,0.06,4,0.05,50,8,4,2,2,100,144,5,5,300,1.05,1.05,6.0,2.0,10,6,6,-1,
5,P005,1,ft_jnd,FrameTimeStutter,44,0.16746,4.5573,1358.02,1223.03,0.000,0.000,1358.02,1223.03,1.4266,10.1980,0.0000,2.6973,0.0000,-1.2707,Left,0,0,0,0,86.667,0,0.000,ft_jnd,FrameTimeStutter,1,0,1,0,1,1,0.25,0.25,1.5,100,-10,100,1,5,250,40,5,250,50,1,6,11,0,0.06,4,0.05,50,8,4,2,2,100,144,5,5,300,1.05,1.05,6.0,2.0,10,6,6,-1,
5,P005,1,ft_jnd,FrameTimeStutter,45,0.17176,4.3000,1358.02,1223.03,0.000,0.000,1358.02,1223.03,1.4266,10.1980,0.0000,2.6973,0.0000,-1.2707,Left,0,0,0,0,86.667,0,0.000,ft_jnd,FrameTimeStutter,1,0,1,0,1,1,0.25,0.25,1.5,100,-10,100,1,5,250,40,5,250,50,1,6,11,0,0.06,4,0.05,50,8,4,2,2,100,144,5,5,300,1.05,1.05,6.0,2.0,10,6,6,-1,
5,P005,1,ft_jnd,FrameTimeStutter,46,0.17564,3.8795,1358.02,1223.03,0.000,0.000,1358.02,1223.03,1.4266,10.1980,0.0000,2.6973,0.0000,-1.2707,Left,0,0,0,0,86.667,0,0.000,ft_jnd,FrameTimeStutter,1,0,1,0,1,1,0.25,0.25,1.5,100,-10,100,1,5,250,40,5,250,50,1,6,11,0,0.06,4,0.05,50,8,4,2,2,100,144,5,5,300,1.05,1.05,6.0,2.0,10,6,6,-1,
5,P005,1,ft_jnd,FrameTimeStutter,47,0.17895,3.3106,1358.02,1223.03,0.000,0.000,1358.02,1223.03,1.4266,10.1980,0.0000,2.6973,0.0000,-1.2707,Left,0,0,0,0,86.667,0,0.000,ft_jnd,FrameTimeStutter,1,0,1,0,1,1,0.25,0.25,1.5,100,-10,100,1,5,250,40,5,250,50,1,6,11,0,0.06,4,0.05,50,8,4,2,2,100,144,5,5,300,1.05,1.05,6.0,2.0,10,6,6,-1,
5,P005,1,ft_jnd,FrameTimeStutter,48,0.18340,4.4526,1358.02,1223.03,0.000,0.000,1358.02,1223.03,1.4266,10.1980,0.0000,2.6973,0.0000,-1.2707,Left,0,0,0,0,86.667,0,0.000,ft_jnd,FrameTimeStutter,1,0,1,0,1,1,0.25,0.25,1.5,100,-10,100,1,5,250,40,5,250,50,1,6,11,0,0.06,4,0.05,50,8,4,2,2,100,144,5,5,300,1.05,1.05,6.0,2.0,10,6,6,-1,
5,P005,1,ft_jnd,FrameTimeStutter,49,0.18737,3.9745,1358.02,1223.03,0.000,0.000,1358.02,1223.03,1.4266,10.1980,0.0000,2.6973,0.0000,-1.2707,Left,0,0,0,0,86.667,0,0.000,ft_jnd,FrameTimeStutter,1,0,1,0,1,1,0.25,0.25,1.5,100,-10,100,1,5,250,40,5,250,50,1,6,11,0,0.06,4,0.05,50,8,4,2,2,100,144,5,5,300,1.05,1.05,6.0,2.0,10,6,6,-1,
5,P005,1,ft_jnd,FrameTimeStutter,50,0.19073,3.3602,1358.02,1223.03,0.000,0.000,1358.02,1223.03,1.4266,10.1980,0.0000,2.6973,0.0000,-1.2707,Left,0,0,0,0,86.667,0,0.000,ft_jnd,FrameTimeStutter,1,0,1,0,1,1,0.25,0.25,1.5,100,-10,100,1,5,250,40,5,250,50,1,6,11,0,0.06,4,0.05,50,8,4,2,2,100,144,5,5,300,1.05,1.05,6.0,2.0,10,6,6,-1,
5,P005,1,ft_jnd,FrameTimeStutter,51,0.19369,2.9542,1358.02,1223.03,0.000,0.000,1358.02,1223.03,1.4266,10.1980,0.0000,2.6973,0.0000,-1.2707,Left,0,0,0,0,86.667,0,0.000,ft_jnd,FrameTimeStutter,1,0,1,0,1,1,0.25,0.25,1.5,100,-10,100,1,5,250,40,5,250,50,1,6,11,0,0.06,4,0.05,50,8,4,2,2,100,144,5,5,300,1.05,1.05,6.0,2.0,10,6,6,-1,
5,P005,1,ft_jnd,FrameTimeStutter,52,0.19745,3.7606,1358.02,1223.03,0.000,0.000,1358.02,1223.03,1.4266,10.1980,0.0000,2.6973,0.0000,-1.2707,Left,0,0,0,0,86.667,0,0.000,ft_jnd,FrameTimeStutter,1,0,1,0,1,1,0.25,0.25,1.5,100,-10,100,1,5,250,40,5,250,50,1,6,11,0,0.06,4,0.05,50,8,4,2,2,100,144,5,5,300,1.05,1.05,6.0,2.0,10,6,6,-1,
5,P005,1,ft_jnd,FrameTimeStutter,53,0.20043,2.9830,1358.02,1223.03,0.000,0.000,1358.02,1223.03,1.4266,10.1980,0.0000,2.6973,0.0000,-1.2707,Left,0,0,0,0,86.667,0,0.000,ft_jnd,FrameTimeStutter,1,0,1,0,1,1,0.25,0.25,1.5,100,-10,100,1,5,250,40,5,250,50,1,6,11,0,0.06,4,0.05,50,8,4,2,2,100,144,5,5,300,1.05,1.05,6.0,2.0,10,6,6,-1,
5,P005,1,ft_jnd,FrameTimeStutter,54,0.20431,3.8799,1358.02,1223.03,0.000,0.000,1358.02,1223.03,1.4266,10.1980,0.0000,2.6973,0.0000,-1.2707,Left,0,0,0,0,86.667,0,0.000,ft_jnd,FrameTimeStutter,1,0,1,0,1,1,0.25,0.25,1.5,100,-10,100,1,5,250,40,5,250,50,1,6,11,0,0.06,4,0.05,50,8,4,2,2,100,144,5,5,300,1.05,1.05,6.0,2.0,10,6,6,-1,
5,P005,1,ft_jnd,FrameTimeStutter,55,0.20872,4.4045,1358.02,1223.03,0.000,0.000,1358.02,1223.03,1.4266,10.1980,0.0000,2.6973,0.0000,-1.2707,Left,0,0,0,0,86.667,0,0.000,ft_jnd,FrameTimeStutter,1,0,1,0,1,1,0.25,0.25,1.5,100,-10,100,1,5,250,40,5,250,50,1,6,11,0,0.06,4,0.05,50,8,4,2,2,100,144,5,5,300,1.05,1.05,6.0,2.0,10,6,6,-1,
5,P005,1,ft_jnd,FrameTimeStutter,56,0.21260,3.8874,1358.02,1223.03,0.000,0.000,1358.02,1223.03,1.4266,10.1980,0.0000,2.6973,0.0000,-1.2707,Left,0,0,0,0,86.667,0,0.000,ft_jnd,FrameTimeStutter,1,0,1,0,1,1,0.25,0.25,1.5,100,-10,100,1,5,250,40,5,250,50,1,6,11,0,0.06,4,0.05,50,8,4,2,2,100,144,5,5,300,1.05,1.05,6.0,2.0,10,6,6,-1,
5,P005,1,ft_jnd,FrameTimeStutter,57,0.21687,4.2661,1358.02,1223.03,0.000,0.000,1358.02,1223.03,1.4266,10.1980,0.0000,2.6973,0.0000,-1.2707,Left,0,0,0,0,86.667,0,0.000,ft_jnd,FrameTimeStutter,1,0,1,0,1,1,0.25,0.25,1.5,100,-10,100,1,5,250,40,5,250,50,1,6,11,0,0.06,4,0.05,50,8,4,2,2,100,144,5,5,300,1.05,1.05,6.0,2.0,10,6,6,-1,
5,P005,1,ft_jnd,FrameTimeStutter,58,0.22128,4.4056,1358.02,1223.03,0.000,0.000,1358.02,1223.03,1.4266,10.1980,0.0000,2.6973,0.0000,-1.2707,Left,0,0,0,0,86.667,0,0.000,ft_jnd,FrameTimeStutter,1,0,1,0,1,1,0.25,0.25,1.5,100,-10,100,1,5,250,40,5,250,50,1,6,11,0,0.06,4,0.05,50,8,4,2,2,100,144,5,5,300,1.05,1.05,6.0,2.0,10,6,6,-1,
5,P005,1,ft_jnd,FrameTimeStutter,59,0.22513,3.8584,1358.02,1223.03,0.000,0.000,1358.02,1223.03,1.4266,10.1980,0.0000,2.6973,0.0000,-1.2707,Left,0,0,0,0,86.667,0,0.000,ft_jnd,FrameTimeStutter,1,0,1,0,1,1,0.25,0.25,1.5,100,-10,100,1,5,250,40,5,250,50,1,6,11,0,0.06,4,0.05,50,8,4,2,2,100,144,5,5,300,1.05,1.05,6.0,2.0,10,6,6,-1,
5,P005,1,ft_jnd,FrameTimeStutter,60,0.22838,3.2491,1358.02,1223.03,0.000,0.000,1358.02,1223.03,1.4266,10.1980,0.0000,2.6973,0.0000,-1.2707,Left,0,0,0,0,86.667,0,0.000,ft_jnd,FrameTimeStutter,1,0,1,0,1,1,0.25,0.25,1.5,100,-10,100,1,5,250,40,5,250,50,1,6,11,0,0.06,4,0.05,50,8,4,2,2,100,144,5,5,300,1.05,1.05,6.0,2.0,10,6,6,-1,
5,P005,1,ft_jnd,FrameTimeStutter,61,0.23158,3.2011,1358.02,1223.03,0.000,0.000,1358.02,1223.03,1.4266,10.1980,0.0000,2.6973,0.0000,-1.2707,Left,0,0,0,0,86.667,0,0.000,ft_jnd,FrameTimeStutter,1,0,1,0,1,1,0.25,0.25,1.5,100,-10,100,1,5,250,40,5,250,50,1,6,11,0,0.06,4,0.05,50,8,4,2,2,100,144,5,5,300,1.05,1.05,6.0,2.0,10,6,6,-1,
5,P005,1,ft_jnd,FrameTimeStutter,62,0.23475,3.1649,1358.02,1223.03,0.000,0.000,1358.02,1223.03,1.4266,10.1980,0.0000,2.6973,0.0000,-1.2707,Left,0,0,0,0,86.667,0,0.000,ft_jnd,FrameTimeStutter,1,0,1,0,1,1,0.25,0.25,1.5,100,-10,100,1,5,250,40,5,250,50,1,6,11,0,0.06,4,0.05,50,8,4,2,2,100,144,5,5,300,1.05,1.05,6.0,2.0,10,6,6,-1,
5,P005,1,ft_jnd,FrameTimeStutter,63,0.23930,4.5541,1358.02,1223.03,0.000,0.000,1358.02,1223.03,1.4266,10.1980,0.0000,2.6973,0.0000,-1.2707,Left,0,0,0,0,86.667,0,0.000,ft_jnd,FrameTimeStutter,1,0,1,0,1,1,0.25,0.25,1.5,100,-10,100,1,5,250,40,5,250,50,1,6,11,0,0.06,4,0.05,50,8,4,2,2,100,144,5,5,300,1.05,1.05,6.0,2.0,10,6,6,-1,
5,P005,1,ft_jnd,FrameTimeStutter,64,0.24310,3.7952,1358.02,1223.03,0.000,0.000,1358.02,1223.03,1.4266,10.1980,0.0000,2.6973,0.0000,-1.2707,Left,0,0,0,0,86.667,0,0.000,ft_jnd,FrameTimeStutter,1,0,1,0,1,1,0.25,0.25,1.5,100,-10,100,1,5,250,40,5,250,50,1,6,11,0,0.06,4,0.05,50,8,4,2,2,100,144,5,5,300,1.05,1.05,6.0,2.0,10,6,6,-1,
5,P005,1,ft_jnd,FrameTimeStutter,65,0.24733,4.2348,1358.02,1223.03,0.000,0.000,1358.02,1223.03,1.4266,10.1980,0.0000,2.6973,0.0000,-1.2707,Left,0,0,0,0,86.667,0,0.000,ft_jnd,FrameTimeStutter,1,0,1,0,1,1,0.25,0.25,1.5,100,-10,100,1,5,250,40,5,250,50,1,6,11,0,0.06,4,0.05,50,8,4,2,2,100,144,5,5,300,1.05,1.05,6.0,2.0,10,6,6,-1,
5,P005,1,ft_jnd,FrameTimeStutter,66,0.25157,4.2331,1358.02,1223.03,0.000,0.000,1358.02,1223.03,1.4266,10.1980,0.0000,2.6973,0.0000,-1.2707,Left,0,0,0,0,86.667,0,0.000,ft_jnd,FrameTimeStutter,1,0,1,0,1,1,0.25,0.25,1.5,100,-10,100,1,5,250,40,5,250,50,1,6,11,0,0.06,4,0.05,50,8,4,2,2,100,144,5,5,300,1.05,1.05,6.0,2.0,10,6,6,-1,
5,P005,1,ft_jnd,FrameTimeStutter,67,0.25444,2.8718,1358.02,1223.03,0.000,0.000,1358.02,1223.03,1.4266,10.1980,0.0000,2.6973,0.0000,-1.2707,Left,0,0,0,0,86.667,0,0.000,ft_jnd,FrameTimeStutter,1,0,1,0,1,1,0.25,0.25,1.5,100,-10,100,1,5,250,40,5,250,50,1,6,11,0,0.06,4,0.05,50,8,4,2,2,100,144,5,5,300,1.05,1.05,6.0,2.0,10,6,6,-1,
5,P005,1,ft_jnd,FrameTimeStutter,68,0.25908,4.6425,1358.02,1223.03,0.000,0.000,1358.02,1223.03,1.4266,10.1980,0.0000,2.6973,0.0000,-1.2707,Left,0,0,0,0,86.667,0,0.000,ft_jnd,FrameTimeStutter,1,0,1,0,1,1,0.25,0.25,1.5,100,-10,100,1,5,250,40,5,250,50,1,6,11,0,0.06,4,0.05,50,8,4,2,2,100,144,5,5,300,1.05,1.05,6.0,2.0,10,6,6,-1,
5,P005,1,ft_jnd,FrameTimeStutter,69,0.26239,3.3100,1358.02,1223.03,0.000,0.000,1358.02,1223.03,1.4266,10.1980,0.0000,2.6973,0.0000,-1.2707,Left,0,0,0,0,86.667,0,0.000,ft_jnd,FrameTimeStutter,1,0,1,0,1,1,0.25,0.25,1.5,100,-10,100,1,5,250,40,5,250,50,1,6,11,0,0.06,4,0.05,50,8,4,2,2,100,144,5,5,300,1.05,1.05,6.0,2.0,10,6,6,-1,
5,P005,1,ft_jnd,FrameTimeStutter,70,0.26552,3.1318,1358.02,1223.03,0.000,0.000,1358.02,1223.03,1.4266,10.1980,0.0000,2.6973,0.0000,-1.2707,Left,0,0,0,0,86.667,0,0.000,ft_jnd,FrameTimeStutter,1,0,1,0,1,1,0.25,0.25,1.5,100,-10,100,1,5,250,40,5,250,50,1,6,11,0,0.06,4,0.05,50,8,4,2,2,100,144,5,5,300,1.05,1.05,6.0,2.0,10,6,6,-1,
5,P005,1,ft_jnd,FrameTimeStutter,71,0.26989,4.3669,1358.02,1223.03,0.000,0.000,1358.02,1223.03,1.4266,10.1980,0.0000,2.6973,0.0000,-1.2707,Left,0,0,0,0,86.667,0,0.000,ft_jnd,FrameTimeStutter,1,0,1,0,1,1,0.25,0.25,1.5,100,-10,100,1,5,250,40,5,250,50,1,6,11,0,0.06,4,0.05,50,8,4,2,2,100,144,5,5,300,1.05,1.05,6.0,2.0,10,6,6,-1,
5,P005,1,ft_jnd,FrameTimeStutter,72,0.27375,3.8618,1358.02,1223.03,0.000,0.000,1358.02,1223.03,1.4266,10.1980,0.0000,2.6973,0.0000,-1.2707,Left,0,0,0,0,86.667,0,0.000,ft_jnd,FrameTimeStutter,1,0,1,0,1,1,0.25,0.25,1.5,100,-10,100,1,5,250,40,5,250,50,1,6,11,0,0.06,4,0.05,50,8,4,2,2,100,144,5,5,300,1.05,1.05,6.0,2.0,10,6,6,-1,
5,P005,1,ft_jnd,FrameTimeStutter,73,0.27801,4.2628,1358.02,1223.03,0.000,0.000,1358.02,1223.03,1.4266,10.1980,0.0000,2.6973,0.0000,-1.2707,Left,0,0,0,0,86.667,0,0.000,ft_jnd,FrameTimeStutter,1,0,1,0,1,1,0.25,0.25,1.5,100,-10,100,1,5,250,40,5,250,50,1,6,11,0,0.06,4,0.05,50,8,4,2,2,100,144,5,5,300,1.05,1.05,6.0,2.0,10,6,6,-1,
5,P005,1,ft_jnd,FrameTimeStutter,74,0.28227,4.2577,1358.02,1223.03,0.000,0.000,1358.02,1223.03,1.4266,10.1980,0.0000,2.6973,0.0000,-1.2707,Left,0,0,0,0,86.667,0,0.000,ft_jnd,FrameTimeStutter,1,0,1,0,1,1,0.25,0.25,1.5,100,-10,100,1,5,250,40,5,250,50,1,6,11,0,0.06,4,0.05,50,8,4,2,2,100,144,5,5,300,1.05,1.05,6.0,2.0,10,6,6,-1,
5,P005,1,ft_jnd,FrameTimeStutter,75,0.28519,2.9172,1358.02,1223.03,0.000,0.000,1358.02,1223.03,1.4266,10.1980,0.0000,2.6973,0.0000,-1.2707,Left,0,0,0,0,86.667,0,0.000,ft_jnd,FrameTimeStutter,1,0,1,0,1,1,0.25,0.25,1.5,100,-10,100,1,5,250,40,5,250,50,1,6,11,0,0.06,4,0.05,50,8,4,2,2,100,144,5,5,300,1.05,1.05,6.0,2.0,10,6,6,-1,
5,P005,1,ft_jnd,FrameTimeStutter,76,0.28897,3.7768,1358.02,1223.03,0.000,0.000,1358.02,1223.03,1.4266,10.1980,0.0000,2.6973,0.0000,-1.2707,Left,0,0,0,0,86.667,0,0.000,ft_jnd,FrameTimeStutter,1,0,1,0,1,1,0.25,0.25,1.5,100,-10,100,1,5,250,40,5,250,50,1,6,11,0,0.06,4,0.05,50,8,4,2,2,100,144,5,5,300,1.05,1.05,6.0,2.0,10,6,6,-1,
5,P005,1,ft_jnd,FrameTimeStutter,77,0.29336,4.3944,1358.02,1223.03,0.000,0.000,1358.02,1223.03,1.4266,10.1980,0.0000,2.6973,0.0000,-1.2707,Left,0,0,0,0,86.667,0,0.000,ft_jnd,FrameTimeStutter,1,0,1,0,1,1,0.25,0.25,1.5,100,-10,100,1,5,250,40,5,250,50,1,6,11,0,0.06,4,0.05,50,8,4,2,2,100,144,5,5,300,1.05,1.05,6.0,2.0,10,6,6,-1,
5,P005,1,ft_jnd,FrameTimeStutter,78,0.29736,4.0037,1358.02,1223.03,0.000,0.000,1358.02,1223.03,1.4266,10.1980,0.0000,2.6973,0.0000,-1.2707,Left,0,0,0,0,86.667,0,0.000,ft_jnd,FrameTimeStutter,1,0,1,0,1,1,0.25,0.25,1.5,100,-10,100,1,5,250,40,5,250,50,1,6,11,0,0.06,4,0.05,50,8,4,2,2,100,144,5,5,300,1.05,1.05,6.0,2.0,10,6,6,-1,
5,P005,1,ft_jnd,FrameTimeStutter,79,0.30163,4.2626,1358.02,1223.03,0.000,0.000,1358.02,1223.03,1.4266,10.1980,0.0000,2.6973,0.0000,-1.2707,Left,0,0,0,0,86.667,0,0.000,ft_jnd,FrameTimeStutter,1,0,1,0,1,1,0.25,0.25,1.5,100,-10,100,1,5,250,40,5,250,50,1,6,11,0,0.06,4,0.05,50,8,4,2,2,100,144,5,5,300,1.05,1.05,6.0,2.0,10,6,6,-1,
5,P005,1,ft_jnd,FrameTimeStutter,80,0.30589,4.2624,1358.02,1223.03,0.000,0.000,1358.02,1223.03,1.4266,10.1980,0.0000,2.6973,0.0000,-1.2707,Left,0,0,0,0,86.667,0,0.000,ft_jnd,FrameTimeStutter,1,0,1,0,1,1,0.25,0.25,1.5,100,-10,100,1,5,250,40,5,250,50,1,6,11,0,0.06,4,0.05,50,8,4,2,2,100,144,5,5,300,1.05,1.05,6.0,2.0,10,6,6,-1,
5,P005,1,ft_jnd,FrameTimeStutter,81,0.30975,3.8594,1358.02,1223.03,0.000,0.000,1358.02,1223.03,1.4266,10.1980,0.0000,2.6973,0.0000,-1.2707,Left,0,0,0,0,86.667,0,0.000,ft_jnd,FrameTimeStutter,1,0,1,0,1,1,0.25,0.25,1.5,100,-10,100,1,5,250,40,5,250,50,1,6,11,0,0.06,4,0.05,50,8,4,2,2,100,144,5,5,300,1.05,1.05,6.0,2.0,10,6,6,-1,
5,P005,1,ft_jnd,FrameTimeStutter,82,0.31309,3.3428,1358.02,1223.03,0.000,0.000,1358.02,1223.03,1.4266,10.1980,0.0000,2.6973,0.0000,-1.2707,Left,0,0,0,0,86.667,0,0.000,ft_jnd,FrameTimeStutter,1,0,1,0,1,1,0.25,0.25,1.5,100,-10,100,1,5,250,40,5,250,50,1,6,11,0,0.06,4,0.05,50,8,4,2,2,100,144,5,5,300,1.05,1.05,6.0,2.0,10,6,6,-1,
5,P005,1,ft_jnd,FrameTimeStutter,83,0.31627,3.1742,1358.02,1223.03,0.000,0.000,1358.02,1223.03,1.4266,10.1980,0.0000,2.6973,0.0000,-1.2707,Left,0,0,0,0,86.667,0,0.000,ft_jnd,FrameTimeStutter,1,0,1,0,1,1,0.25,0.25,1.5,100,-10,100,1,5,250,40,5,250,50,1,6,11,0,0.06,4,0.05,50,8,4,2,2,100,144,5,5,300,1.05,1.05,6.0,2.0,10,6,6,-1,
5,P005,1,ft_jnd,FrameTimeStutter,84,0.31937,3.1059,1358.02,1223.03,0.000,0.000,1358.02,1223.03,1.4266,10.1980,0.0000,2.6973,0.0000,-1.2707,Left,0,0,0,0,86.667,0,0.000,ft_jnd,FrameTimeStutter,1,0,1,0,1,1,0.25,0.25,1.5,100,-10,100,1,5,250,40,5,250,50,1,6,11,0,0.06,4,0.05,50,8,4,2,2,100,144,5,5,300,1.05,1.05,6.0,2.0,10,6,6,-1,
5,P005,1,ft_jnd,FrameTimeStutter,85,0.32244,3.0692,1358.02,1223.03,0.000,0.000,1358.02,1223.03,1.4266,10.1980,0.0000,2.6973,0.0000,-1.2707,Left,0,0,0,0,86.667,0,0.000,ft_jnd,FrameTimeStutter,1,0,1,0,1,1,0.25,0.25,1.5,100,-10,100,1,5,250,40,5,250,50,1,6,11,0,0.06,4,0.05,50,8,4,2,2,100,144,5,5,300,1.05,1.05,6.0,2.0,10,6,6,-1,
5,P005,1,ft_jnd,FrameTimeStutter,86,0.32675,4.3110,1358.02,1223.03,0.000,0.000,1358.02,1223.03,1.4266,10.1980,0.0000,2.6973,0.0000,-1.2707,Left,0,0,0,0,86.667,0,0.000,ft_jnd,FrameTimeStutter,1,0,1,0,1,1,0.25,0.25,1.5,100,-10,100,1,5,250,40,5,250,50,1,6,11,0,0.06,4,0.05,50,8,4,2,2,100,144,5,5,300,1.05,1.05,6.0,2.0,10,6,6,-1,
5,P005,1,ft_jnd,FrameTimeStutter,87,0.33103,4.2791,1358.02,1223.03,0.000,0.000,1358.02,1223.03,1.4266,10.1980,0.0000,2.6973,0.0000,-1.2707,Left,0,0,0,0,86.667,0,0.000,ft_jnd,FrameTimeStutter,1,0,1,0,1,1,0.25,0.25,1.5,100,-10,100,1,5,250,40,5,250,50,1,6,11,0,0.06,4,0.05,50,8,4,2,2,100,144,5,5,300,1.05,1.05,6.0,2.0,10,6,6,-1,
5,P005,1,ft_jnd,FrameTimeStutter,88,0.33531,4.2820,1358.02,1223.03,0.000,0.000,1358.02,1223.03,1.4266,10.1980,0.0000,2.6973,0.0000,-1.2707,Left,0,0,0,0,86.667,0,0.000,ft_jnd,FrameTimeStutter,1,0,1,0,1,1,0.25,0.25,1.5,100,-10,100,1,5,250,40,5,250,50,1,6,11,0,0.06,4,0.05,50,8,4,2,2,100,144,5,5,300,1.05,1.05,6.0,2.0,10,6,6,-1,
5,P005,1,ft_jnd,FrameTimeStutter,89,0.33918,3.8720,1358.02,1223.03,0.000,0.000,1358.02,1223.03,1.4266,10.1980,0.0000,2.6973,0.0000,-1.2707,Left,0,0,0,0,86.667,0,0.000,ft_jnd,FrameTimeStutter,1,0,1,0,1,1,0.25,0.25,1.5,100,-10,100,1,5,250,40,5,250,50,1,6,11,0,0.06,4,0.05,50,8,4,2,2,100,144,5,5,300,1.05,1.05,6.0,2.0,10,6,6,-1,
5,P005,1,ft_jnd,FrameTimeStutter,90,0.34247,3.2882,1358.02,1223.03,0.000,0.000,1358.02,1223.03,1.4266,10.1980,0.0000,2.6973,0.0000,-1.2707,Left,0,0,0,0,86.667,0,0.000,ft_jnd,FrameTimeStutter,1,0,1,0,1,1,0.25,0.25,1.5,100,-10,100,1,5,250,40,5,250,50,1,6,11,0,0.06,4,0.05,50,8,4,2,2,100,144,5,5,300,1.05,1.05,6.0,2.0,10,6,6,-1,
5,P005,1,ft_jnd,FrameTimeStutter,91,0.34576,3.2899,1358.02,1223.03,0.000,0.000,1358.02,1223.03,1.4266,10.1980,0.0000,2.6973,0.0000,-1.2707,Left,0,0,0,0,86.667,0,0.000,ft_jnd,FrameTimeStutter,1,0,1,0,1,1,0.25,0.25,1.5,100,-10,100,1,5,250,40,5,250,50,1,6,11,0,0.06,4,0.05,50,8,4,2,2,100,144,5,5,300,1.05,1.05,6.0,2.0,10,6,6,-1,
5,P005,1,ft_jnd,FrameTimeStutter,92,0.35016,4.4023,1358.02,1223.03,0.000,0.000,1358.02,1223.03,1.4266,10.1980,0.0000,2.6973,0.0000,-1.2707,Left,0,0,0,0,86.667,0,0.000,ft_jnd,FrameTimeStutter,1,0,1,0,1,1,0.25,0.25,1.5,100,-10,100,1,5,250,40,5,250,50,1,6,11,0,0.06,4,0.05,50,8,4,2,2,100,144,5,5,300,1.05,1.05,6.0,2.0,10,6,6,-1,
5,P005,1,ft_jnd,FrameTimeStutter,93,0.35350,3.3306,1358.02,1223.03,0.000,0.000,1358.02,1223.03,1.4266,10.1980,0.0000,2.6973,0.0000,-1.2707,Left,0,0,0,0,86.667,0,0.000,ft_jnd,FrameTimeStutter,1,0,1,0,1,1,0.25,0.25,1.5,100,-10,100,1,5,250,40,5,250,50,1,6,11,0,0.06,4,0.05,50,8,4,2,2,100,144,5,5,300,1.05,1.05,6.0,2.0,10,6,6,-1,
5,P005,1,ft_jnd,FrameTimeStutter,94,0.35736,3.8634,1358.02,1223.03,0.000,0.000,1358.02,1223.03,1.4266,10.1980,0.0000,2.6973,0.0000,-1.2707,Left,0,0,0,0,86.667,0,0.000,ft_jnd,FrameTimeStutter,1,0,1,0,1,1,0.25,0.25,1.5,100,-10,100,1,5,250,40,5,250,50,1,6,11,0,0.06,4,0.05,50,8,4,2,2,100,144,5,5,300,1.05,1.05,6.0,2.0,10,6,6,-1,
5,P005,1,ft_jnd,FrameTimeStutter,95,0.36161,4.2561,1358.02,1223.03,0.000,0.000,1358.02,1223.03,1.4266,10.1980,0.0000,2.6973,0.0000,-1.2707,Left,0,0,0,0,86.667,0,0.000,ft_jnd,FrameTimeStutter,1,0,1,0,1,1,0.25,0.25,1.5,100,-10,100,1,5,250,40,5,250,50,1,6,11,0,0.06,4,0.05,50,8,4,2,2,100,144,5,5,300,1.05,1.05,6.0,2.0,10,6,6,-1,
5,P005,1,ft_jnd,FrameTimeStutter,96,0.36481,3.1921,1358.02,1223.03,0.000,0.000,1358.02,1223.03,1.4266,10.1980,0.0000,2.6973,0.0000,-1.2707,Left,0,0,0,0,86.667,0,0.000,ft_jnd,FrameTimeStutter,1,0,1,0,1,1,0.25,0.25,1.5,100,-10,100,1,5,250,40,5,250,50,1,6,11,0,0.06,4,0.05,50,8,4,2,2,100,144,5,5,300,1.05,1.05,6.0,2.0,10,6,6,-1,
5,P005,1,ft_jnd,FrameTimeStutter,97,0.36786,3.0569,1358.02,1223.03,0.000,0.000,1358.02,1223.03,1.4266,10.1980,0.0000,2.6973,0.0000,-1.2707,Left,0,0,0,0,86.667,0,0.000,ft_jnd,FrameTimeStutter,1,0,1,0,1,1,0.25,0.25,1.5,100,-10,100,1,5,250,40,5,250,50,1,6,11,0,0.06,4,0.05,50,8,4,2,2,100,144,5,5,300,1.05,1.05,6.0,2.0,10,6,6,-1,
5,P005,1,ft_jnd,FrameTimeStutter,98,0.37113,3.2659,1358.02,1223.03,0.000,0.000,1358.02,1223.03,1.4266,10.1980,0.0000,2.6973,0.0000,-1.2707,Left,0,0,0,0,86.667,0,0.000,ft_jnd,FrameTimeStutter,1,0,1,0,1,1,0.25,0.25,1.5,100,-10,100,1,5,250,40,5,250,50,1,6,11,0,0.06,4,0.05,50,8,4,2,2,100,144,5,5,300,1.05,1.05,6.0,2.0,10,6,6,-1,
5,P005,1,ft_jnd,FrameTimeStutter,99,0.37434,3.2094,1358.02,1223.03,0.000,0.000,1358.02,1223.03,1.4266,10.1980,0.0000,2.6973,0.0000,-1.2707,Left,0,0,0,0,86.667,0,0.000,ft_jnd,FrameTimeStutter,1,0,1,0,1,1,0.25,0.25,1.5,100,-10,100,1,5,250,40,5,250,50,1,6,11,0,0.06,4,0.05,50,8,4,2,2,100,144,5,5,300,1.05,1.05,6.0,2.0,10,6,6,-1,
5,P005,1,ft_jnd,FrameTimeStutter,100,0.37892,4.5824,1358.02,1223.03,0.000,0.000,1358.02,1223.03,1.4266,10.1980,0.0000,2.6973,0.0000,-1.2707,Left,0,0,0,0,86.667,0,0.000,ft_jnd,FrameTimeStutter,1,0,1,0,1,1,0.25,0.25,1.5,100,-10,100,1,5,250,40,5,250,50,1,6,11,0,0.06,4,0.05,50,8,4,2,2,100,144,5,5,300,1.05,1.05,6.0,2.0,10,6,6,-1,
5,P005,1,ft_jnd,FrameTimeStutter,101,0.38276,3.8338,1358.02,1223.03,0.000,0.000,1358.02,1223.03,1.4266,10.1980,0.0000,2.6973,0.0000,-1.2707,Left,0,0,0,0,86.667,0,0.000,ft_jnd,FrameTimeStutter,1,0,1,0,1,1,0.25,0.25,1.5,100,-10,100,1,5,250,40,5,250,50,1,6,11,0,0.06,4,0.05,50,8,4,2,2,100,144,5,5,300,1.05,1.05,6.0,2.0,10,6,6,-1,
5,P005,1,ft_jnd,FrameTimeStutter,102,0.38701,4.2564,1358.02,1223.03,0.000,0.000,1358.02,1223.03,1.4266,10.1980,0.0000,2.6973,0.0000,-1.2707,Left,0,0,0,0,86.667,0,0.000,ft_jnd,FrameTimeStutter,1,0,1,0,1,1,0.25,0.25,1.5,100,-10,100,1,5,250,40,5,250,50,1,6,11,0,0.06,4,0.05,50,8,4,2,2,100,144,5,5,300,1.05,1.05,6.0,2.0,10,6,6,-1,
5,P005,1,ft_jnd,FrameTimeStutter,103,0.39127,4.2589,1358.02,1223.03,0.000,0.000,1358.02,1223.03,1.4266,10.1980,0.0000,2.6973,0.0000,-1.2707,Left,0,0,0,0,86.667,0,0.000,ft_jnd,FrameTimeStutter,1,0,1,0,1,1,0.25,0.25,1.5,100,-10,100,1,5,250,40,5,250,50,1,6,11,0,0.06,4,0.05,50,8,4,2,2,100,144,5,5,300,1.05,1.05,6.0,2.0,10,6,6,-1,
5,P005,1,ft_jnd,FrameTimeStutter,104,0.39415,2.8758,1358.02,1223.03,0.000,0.000,1358.02,1223.03,1.4266,10.1980,0.0000,2.6973,0.0000,-1.2707,Left,0,0,0,0,86.667,0,0.000,ft_jnd,FrameTimeStutter,1,0,1,0,1,1,0.25,0.25,1.5,100,-10,100,1,5,250,40,5,250,50,1,6,11,0,0.06,4,0.05,50,8,4,2,2,100,144,5,5,300,1.05,1.05,6.0,2.0,10,6,6,-1,
5,P005,1,ft_jnd,FrameTimeStutter,105,0.39869,4.5473,1358.02,1223.03,0.000,0.000,1358.02,1223.03,1.4266,10.1980,0.0000,2.6973,0.0000,-1.2707,Left,0,0,0,0,86.667,0,0.000,ft_jnd,FrameTimeStutter,1,0,1,0,1,1,0.25,0.25,1.5,100,-10,100,1,5,250,40,5,250,50,1,6,11,0,0.06,4,0.05,50,8,4,2,2,100,144,5,5,300,1.05,1.05,6.0,2.0,10,6,6,-1,
5,P005,1,ft_jnd,FrameTimeStutter,106,0.40205,3.3562,1358.02,1223.03,0.000,0.000,1358.02,1223.03,1.4266,10.1980,0.0000,2.6973,0.0000,-1.2707,Left,0,0,0,0,86.667,0,0.000,ft_jnd,FrameTimeStutter,1,0,1,0,1,1,0.25,0.25,1.5,100,-10,100,1,5,250,40,5,250,50,1,6,11,0,0.06,4,0.05,50,8,4,2,2,100,144,5,5,300,1.05,1.05,6.0,2.0,10,6,6,-1,
5,P005,1,ft_jnd,FrameTimeStutter,107,0.40495,2.8966,1358.02,1223.03,0.000,0.000,1358.02,1223.03,1.4266,10.1980,0.0000,2.6973,0.0000,-1.2707,Left,0,0,0,0,86.667,0,0.000,ft_jnd,FrameTimeStutter,1,0,1,0,1,1,0.25,0.25,1.5,100,-10,100,1,5,250,40,5,250,50,1,6,11,0,0.06,4,0.05,50,8,4,2,2,100,144,5,5,300,1.05,1.05,6.0,2.0,10,6,6,-1,
5,P005,1,ft_jnd,FrameTimeStutter,108,0.40990,4.9534,1358.02,1223.03,0.000,0.000,1358.02,1223.03,1.4266,10.1980,0.0000,2.6973,0.0000,-1.2707,Left,0,0,0,0,86.667,0,0.000,ft_jnd,FrameTimeStutter,1,0,1,0,1,1,0.25,0.25,1.5,100,-10,100,1,5,250,40,5,250,50,1,6,11,0,0.06,4,0.05,50,8,4,2,2,100,144,5,5,300,1.05,1.05,6.0,2.0,10,6,6,-1,
5,P005,1,ft_jnd,FrameTimeStutter,109,0.41414,4.2410,1358.02,1223.03,0.000,0.000,1358.02,1223.03,1.4266,10.1980,0.0000,2.6973,0.0000,-1.2707,Left,0,0,0,0,86.667,0,0.000,ft_jnd,FrameTimeStutter,1,0,1,0,1,1,0.25,0.25,1.5,100,-10,100,1,5,250,40,5,250,50,1,6,11,0,0.06,4,0.05,50,8,4,2,2,100,144,5,5,300,1.05,1.05,6.0,2.0,10,6,6,-1,
5,P005,1,ft_jnd,FrameTimeStutter,110,0.41800,3.8614,1358.02,1223.03,0.000,0.000,1358.02,1223.03,1.4266,10.1980,0.0000,2.6973,0.0000,-1.2707,Left,0,0,0,0,86.667,0,0.000,ft_jnd,FrameTimeStutter,1,0,1,0,1,1,0.25,0.25,1.5,100,-10,100,1,5,250,40,5,250,50,1,6,11,0,0.06,4,0.05,50,8,4,2,2,100,144,5,5,300,1.05,1.05,6.0,2.0,10,6,6,-1,
5,P005,1,ft_jnd,FrameTimeStutter,111,0.42223,4.2299,1358.02,1223.03,0.000,0.000,1358.02,1223.03,1.4266,10.1980,0.0000,2.6973,0.0000,-1.2707,Left,0,0,0,0,86.667,0,0.000,ft_jnd,FrameTimeStutter,1,0,1,0,1,1,0.25,0.25,1.5,100,-10,100,1,5,250,40,5,250,50,1,6,11,0,0.06,4,0.05,50,8,4,2,2,100,144,5,5,300,1.05,1.05,6.0,2.0,10,6,6,-1,
5,P005,1,ft_jnd,FrameTimeStutter,112,0.42508,2.8467,1358.02,1223.03,0.000,0.000,1358.02,1223.03,1.4266,10.1980,0.0000,2.6973,0.0000,-1.2707,Left,0,0,0,0,86.667,0,0.000,ft_jnd,FrameTimeStutter,1,0,1,0,1,1,0.25,0.25,1.5,100,-10,100,1,5,250,40,5,250,50,1,6,11,0,0.06,4,0.05,50,8,4,2,2,100,144,5,5,300,1.05,1.05,6.0,2.0,10,6,6,-1,
5,P005,1,ft_jnd,FrameTimeStutter,113,0.42952,4.4412,1358.02,1223.03,0.000,0.000,1358.02,1223.03,1.4266,10.1980,0.0000,2.6973,0.0000,-1.2707,Left,0,0,0,0,86.667,0,0.000,ft_jnd,FrameTimeStutter,1,0,1,0,1,1,0.25,0.25,1.5,100,-10,100,1,5,250,40,5,250,50,1,6,11,0,0.06,4,0.05,50,8,4,2,2,100,144,5,5,300,1.05,1.05,6.0,2.0,10,6,6,-1,
5,P005,1,ft_jnd,FrameTimeStutter,114,0.43284,3.3242,1358.02,1223.03,0.000,0.000,1358.02,1223.03,1.4266,10.1980,0.0000,2.6973,0.0000,-1.2707,Left,0,0,0,0,86.667,0,0.000,ft_jnd,FrameTimeStutter,1,0,1,0,1,1,0.25,0.25,1.5,100,-10,100,1,5,250,40,5,250,50,1,6,11,0,0.06,4,0.05,50,8,4,2,2,100,144,5,5,300,1.05,1.05,6.0,2.0,10,6,6,-1,
5,P005,1,ft_jnd,FrameTimeStutter,115,0.43574,2.8982,1358.02,1223.03,0.000,0.000,1358.02,1223.03,1.4266,10.1980,0.0000,2.6973,0.0000,-1.2707,Left,0,0,0,0,86.667,0,0.000,ft_jnd,FrameTimeStutter,1,0,1,0,1,1,0.25,0.25,1.5,100,-10,100,1,5,250,40,5,250,50,1,6,11,0,0.06,4,0.05,50,8,4,2,2,100,144,5,5,300,1.05,1.05,6.0,2.0,10,6,6,-1,
5,P005,1,ft_jnd,FrameTimeStutter,116,0.44044,4.7022,1358.02,1223.03,0.000,0.000,1358.02,1223.03,1.4266,10.1980,0.0000,2.6973,0.0000,-1.2707,Left,0,0,0,0,86.667,0,0.000,ft_jnd,FrameTimeStutter,1,0,1,0,1,1,0.25,0.25,1.5,100,-10,100,1,5,250,40,5,250,50,1,6,11,0,0.06,4,0.05,50,8,4,2,2,100,144,5,5,300,1.05,1.05,6.0,2.0,10,6,6,-1,
5,P005,1,ft_jnd,FrameTimeStutter,117,0.44463,4.1822,1358.02,1223.03,0.000,0.000,1358.02,1223.03,1.4266,10.1980,0.0000,2.6973,0.0000,-1.2707,Left,0,0,0,0,86.667,0,0.000,ft_jnd,FrameTimeStutter,1,0,1,0,1,1,0.25,0.25,1.5,100,-10,100,1,5,250,40,5,250,50,1,6,11,0,0.06,4,0.05,50,8,4,2,2,100,144,5,5,300,1.05,1.05,6.0,2.0,10,6,6,-1,
5,P005,1,ft_jnd,FrameTimeStutter,118,0.44848,3.8492,1358.02,1223.03,0.000,0.000,1358.02,1223.03,1.4266,10.1980,0.0000,2.6973,0.0000,-1.2707,Left,0,0,0,0,86.667,0,0.000,ft_jnd,FrameTimeStutter,1,0,1,0,1,1,0.25,0.25,1.5,100,-10,100,1,5,250,40,5,250,50,1,6,11,0,0.06,4,0.05,50,8,4,2,2,100,144,5,5,300,1.05,1.05,6.0,2.0,10,6,6,-1,
5,P005,1,ft_jnd,FrameTimeStutter,119,0.45174,3.2642,1358.02,1223.03,0.000,0.000,1358.02,1223.03,1.4266,10.1980,0.0000,2.6973,0.0000,-1.2707,Left,0,0,0,0,86.667,0,0.000,ft_jnd,FrameTimeStutter,1,0,1,0,1,1,0.25,0.25,1.5,100,-10,100,1,5,250,40,5,250,50,1,6,11,0,0.06,4,0.05,50,8,4,2,2,100,144,5,5,300,1.05,1.05,6.0,2.0,10,6,6,-1,
5,P005,1,ft_jnd,FrameTimeStutter,120,0.45538,3.6392,1358.02,1223.03,0.000,0.000,1358.02,1223.03,1.4266,10.1980,0.0000,2.6973,0.0000,-1.2707,Left,0,0,0,0,86.667,0,0.000,ft_jnd,FrameTimeStutter,1,0,1,0,1,1,0.25,0.25,1.5,100,-10,100,1,5,250,40,5,250,50,1,6,11,0,0.06,4,0.05,50,8,4,2,2,100,144,5,5,300,1.05,1.05,6.0,2.0,10,6,6,-1,
5,P005,1,ft_jnd,FrameTimeStutter,121,0.45966,4.2791,1358.02,1223.03,0.000,0.000,1358.02,1223.03,1.4266,10.1980,0.0000,2.6973,0.0000,-1.2707,Left,0,0,0,0,86.667,0,0.000,ft_jnd,FrameTimeStutter,1,0,1,0,1,1,0.25,0.25,1.5,100,-10,100,1,5,250,40,5,250,50,1,6,11,0,0.06,4,0.05,50,8,4,2,2,100,144,5,5,300,1.05,1.05,6.0,2.0,10,6,6,-1,
5,P005,1,ft_jnd,FrameTimeStutter,122,0.46384,4.1863,1358.02,1223.03,0.000,0.000,1358.02,1223.03,1.4266,10.1980,0.0000,2.6973,0.0000,-1.2707,Left,0,0,0,0,86.667,0,0.000,ft_jnd,FrameTimeStutter,1,0,1,0,1,1,0.25,0.25,1.5,100,-10,100,1,5,250,40,5,250,50,1,6,11,0,0.06,4,0.05,50,8,4,2,2,100,144,5,5,300,1.05,1.05,6.0,2.0,10,6,6,-1,
5,P005,1,ft_jnd,FrameTimeStutter,123,0.46763,3.7809,1358.02,1223.03,0.000,0.000,1358.02,1223.03,1.4266,10.1980,0.0000,2.6973,0.0000,-1.2707,Left,0,0,0,0,86.667,0,0.000,ft_jnd,FrameTimeStutter,1,0,1,0,1,1,0.25,0.25,1.5,100,-10,100,1,5,250,40,5,250,50,1,6,11,0,0.06,4,0.05,50,8,4,2,2,100,144,5,5,300,1.05,1.05,6.0,2.0,10,6,6,-1,
5,P005,1,ft_jnd,FrameTimeStutter,124,0.47182,4.1902,1358.02,1223.03,0.000,0.000,1358.02,1223.03,1.4266,10.1980,0.0000,2.6973,0.0000,-1.2707,Left,0,0,0,0,86.667,0,0.000,ft_jnd,FrameTimeStutter,1,0,1,0,1,1,0.25,0.25,1.5,100,-10,100,1,5,250,40,5,250,50,1,6,11,0,0.06,4,0.05,50,8,4,2,2,100,144,5,5,300,1.05,1.05,6.0,2.0,10,6,6,-1,
5,P005,1,ft_jnd,FrameTimeStutter,125,0.47604,4.2190,1358.02,1223.03,0.000,0.000,1358.02,1223.03,1.4266,10.1980,0.0000,2.6973,0.0000,-1.2707,Left,0,0,0,0,86.667,0,0.000,ft_jnd,FrameTimeStutter,1,0,1,0,1,1,0.25,0.25,1.5,100,-10,100,1,5,250,40,5,250,50,1,6,11,0,0.06,4,0.05,50,8,4,2,2,100,144,5,5,300,1.05,1.05,6.0,2.0,10,6,6,-1,
5,P005,1,ft_jnd,FrameTimeStutter,126,0.47892,2.8895,1358.02,1223.03,0.000,0.000,1358.02,1223.03,1.4266,10.1980,0.0000,2.6973,0.0000,-1.2707,Left,0,0,0,0,86.667,0,0.000,ft_jnd,FrameTimeStutter,1,0,1,0,1,1,0.25,0.25,1.5,100,-10,100,1,5,250,40,5,250,50,1,6,11,0,0.06,4,0.05,50,8,4,2,2,100,144,5,5,300,1.05,1.05,6.0,2.0,10,6,6,-1,
5,P005,1,ft_jnd,FrameTimeStutter,127,0.48260,3.6771,1358.02,1223.03,0.000,0.000,1358.02,1223.03,1.4266,10.1980,0.0000,2.6973,0.0000,-1.2707,Left,0,0,0,0,86.667,0,0.000,ft_jnd,FrameTimeStutter,1,0,1,0,1,1,0.25,0.25,1.5,100,-10,100,1,5,250,40,5,250,50,1,6,11,0,0.06,4,0.05,50,8,4,2,2,100,144,5,5,300,1.05,1.05,6.0,2.0,10,6,6,-1,
5,P005,1,ft_jnd,FrameTimeStutter,128,0.48552,2.9149,1358.02,1223.03,0.000,0.000,1358.02,1223.03,1.4266,10.1980,0.0000,2.6973,0.0000,-1.2707,Left,0,0,0,0,86.667,0,0.000,ft_jnd,FrameTimeStutter,1,0,1,0,1,1,0.25,0.25,1.5,100,-10,100,1,5,250,40,5,250,50,1,6,11,0,0.06,4,0.05,50,8,4,2,2,100,144,5,5,300,1.05,1.05,6.0,2.0,10,6,6,-1,
5,P005,1,ft_jnd,FrameTimeStutter,129,0.48895,3.4309,1358.02,1223.03,0.000,0.000,1358.02,1223.03,1.4266,10.1980,0.0000,2.6973,0.0000,-1.2707,Left,0,0,0,0,86.667,0,0.000,ft_jnd,FrameTimeStutter,1,0,1,0,1,1,0.25,0.25,1.5,100,-10,100,1,5,250,40,5,250,50,1,6,11,0,0.06,4,0.05,50,8,4,2,2,100,144,5,5,300,1.05,1.05,6.0,2.0,10,6,6,-1,
5,P005,1,ft_jnd,FrameTimeStutter,130,0.49319,4.2451,1358.02,1223.03,0.000,0.000,1358.02,1223.03,1.4266,10.1980,0.0000,2.6973,0.0000,-1.2707,Left,0,0,0,0,86.667,0,0.000,ft_jnd,FrameTimeStutter,1,0,1,0,1,1,0.25,0.25,1.5,100,-10,100,1,5,250,40,5,250,50,1,6,11,0,0.06,4,0.05,50,8,4,2,2,100,144,5,5,300,1.05,1.05,6.0,2.0,10,6,6,-1,
5,P005,1,ft_jnd,FrameTimeStutter,131,0.49698,3.7915,1358.02,1223.03,0.000,0.000,1358.02,1223.03,1.4266,10.1980,0.0000,2.6973,0.0000,-1.2707,Left,0,0,0,0,86.667,0,0.000,ft_jnd,FrameTimeStutter,1,0,1,0,1,1,0.25,0.25,1.5,100,-10,100,1,5,250,40,5,250,50,1,6,11,0,0.06,4,0.05,50,8,4,2,2,100,144,5,5,300,1.05,1.05,6.0,2.0,10,6,6,-1,
5,P005,1,ft_jnd,FrameTimeStutter,132,0.50117,4.1890,1358.02,1223.03,0.000,0.000,1358.02,1223.03,1.4266,10.1980,0.0000,2.6973,0.0000,-1.2707,Left,0,0,0,0,86.667,0,0.000,ft_jnd,FrameTimeStutter,1,0,1,0,1,1,0.25,0.25,1.5,100,-10,100,1,5,250,40,5,250,50,1,6,11,0,0.06,4,0.05,50,8,4,2,2,100,144,5,5,300,1.05,1.05,6.0,2.0,10,6,6,-1,
5,P005,1,ft_jnd,FrameTimeStutter,133,0.50537,4.1996,1358.02,1223.03,0.000,0.000,1358.02,1223.03,1.4266,10.1980,0.0000,2.6973,0.0000,-1.2707,Left,0,0,0,0,86.667,0,0.000,ft_jnd,FrameTimeStutter,1,0,1,0,1,1,0.25,0.25,1.5,100,-10,100,1,5,250,40,5,250,50,1,6,11,0,0.06,4,0.05,50,8,4,2,2,100,144,5,5,300,1.05,1.05,6.0,2.0,10,6,6,-1,
5,P005,1,ft_jnd,FrameTimeStutter,134,0.50917,3.7994,1358.02,1223.03,0.000,0.000,1358.02,1223.03,1.4266,10.1980,0.0000,2.6973,0.0000,-1.2707,Left,0,0,0,0,86.667,0,0.000,ft_jnd,FrameTimeStutter,1,0,1,0,1,1,0.25,0.25,1.5,100,-10,100,1,5,250,40,5,250,50,1,6,11,0,0.06,4,0.05,50,8,4,2,2,100,144,5,5,300,1.05,1.05,6.0,2.0,10,6,6,-1,
5,P005,1,ft_jnd,FrameTimeStutter,135,0.51249,3.3189,1358.02,1223.03,0.000,0.000,1358.02,1223.03,1.4266,10.1980,0.0000,2.6973,0.0000,-1.2707,Left,0,0,0,0,86.667,0,0.000,ft_jnd,FrameTimeStutter,1,0,1,0,1,1,0.25,0.25,1.5,100,-10,100,1,5,250,40,5,250,50,1,6,11,0,0.06,4,0.05,50,8,4,2,2,100,144,5,5,300,1.05,1.05,6.0,2.0,10,6,6,-1,
5,P005,1,ft_jnd,FrameTimeStutter,136,0.51580,3.3067,1358.02,1223.03,0.000,0.000,1358.02,1223.03,1.4266,10.1980,0.0000,2.6973,0.0000,-1.2707,Left,0,0,0,0,86.667,0,0.000,ft_jnd,FrameTimeStutter,1,0,1,0,1,1,0.25,0.25,1.5,100,-10,100,1,5,250,40,5,250,50,1,6,11,0,0.06,4,0.05,50,8,4,2,2,100,144,5,5,300,1.05,1.05,6.0,2.0,10,6,6,-1,
5,P005,1,ft_jnd,FrameTimeStutter,137,0.51909,3.2892,1358.02,1223.03,0.000,0.000,1358.02,1223.03,1.4266,10.1980,0.0000,2.6973,0.0000,-1.2707,Left,0,0,0,0,86.667,0,0.000,ft_jnd,FrameTimeStutter,1,0,1,0,1,1,0.25,0.25,1.5,100,-10,100,1,5,250,40,5,250,50,1,6,11,0,0.06,4,0.05,50,8,4,2,2,100,144,5,5,300,1.05,1.05,6.0,2.0,10,6,6,-1,
5,P005,1,ft_jnd,FrameTimeStutter,138,0.52227,3.1861,1358.02,1223.03,0.000,0.000,1358.02,1223.03,1.4266,10.1980,0.0000,2.6973,0.0000,-1.2707,Left,0,0,0,0,86.667,0,0.000,ft_jnd,FrameTimeStutter,1,0,1,0,1,1,0.25,0.25,1.5,100,-10,100,1,5,250,40,5,250,50,1,6,11,0,0.06,4,0.05,50,8,4,2,2,100,144,5,5,300,1.05,1.05,6.0,2.0,10,6,6,-1,
5,P005,1,ft_jnd,FrameTimeStutter,139,0.52620,3.9289,1358.02,1223.03,0.000,0.000,1358.02,1223.03,1.4266,10.1980,0.0000,2.6973,0.0000,-1.2707,Left,0,0,0,0,86.667,0,0.000,ft_jnd,FrameTimeStutter,1,0,1,0,1,1,0.25,0.25,1.5,100,-10,100,1,5,250,40,5,250,50,1,6,11,0,0.06,4,0.05,50,8,4,2,2,100,144,5,5,300,1.05,1.05,6.0,2.0,10,6,6,-1,
5,P005,1,ft_jnd,FrameTimeStutter,140,0.53066,4.4606,1358.02,1223.03,0.000,0.000,1358.02,1223.03,1.4266,10.1980,0.0000,2.6973,0.0000,-1.2707,Left,0,0,0,0,86.667,0,0.000,ft_jnd,FrameTimeStutter,1,0,1,0,1,1,0.25,0.25,1.5,100,-10,100,1,5,250,40,5,250,50,1,6,11,0,0.06,4,0.05,50,8,4,2,2,100,144,5,5,300,1.05,1.05,6.0,2.0,10,6,6,-1,
5,P005,1,ft_jnd,FrameTimeStutter,141,0.53488,4.2168,1358.02,1223.03,0.000,0.000,1358.02,1223.03,1.4266,10.1980,0.0000,2.6973,0.0000,-1.2707,Left,0,0,0,0,86.667,0,0.000,ft_jnd,FrameTimeStutter,1,0,1,0,1,1,0.25,0.25,1.5,100,-10,100,1,5,250,40,5,250,50,1,6,11,0,0.06,4,0.05,50,8,4,2,2,100,144,5,5,300,1.05,1.05,6.0,2.0,10,6,6,-1,
5,P005,1,ft_jnd,FrameTimeStutter,142,0.53870,3.8194,1358.02,1223.03,0.000,0.000,1358.02,1223.03,1.4266,10.1980,0.0000,2.6973,0.0000,-1.2707,Left,0,0,0,0,86.667,0,0.000,ft_jnd,FrameTimeStutter,1,0,1,0,1,1,0.25,0.25,1.5,100,-10,100,1,5,250,40,5,250,50,1,6,11,0,0.06,4,0.05,50,8,4,2,2,100,144,5,5,300,1.05,1.05,6.0,2.0,10,6,6,-1,
5,P005,1,ft_jnd,FrameTimeStutter,143,0.54200,3.3026,1358.02,1223.03,0.000,0.000,1358.02,1223.03,1.4266,10.1980,0.0000,2.6973,0.0000,-1.2707,Left,0,0,0,0,86.667,0,0.000,ft_jnd,FrameTimeStutter,1,0,1,0,1,1,0.25,0.25,1.5,100,-10,100,1,5,250,40,5,250,50,1,6,11,0,0.06,4,0.05,50,8,4,2,2,100,144,5,5,300,1.05,1.05,6.0,2.0,10,6,6,-1,
5,P005,1,ft_jnd,FrameTimeStutter,144,0.54577,3.7705,1358.02,1223.03,0.000,0.000,1358.02,1223.03,1.4266,10.1980,0.0000,2.6973,0.0000,-1.2707,Left,0,0,0,0,86.667,0,0.000,ft_jnd,FrameTimeStutter,1,0,1,0,1,1,0.25,0.25,1.5,100,-10,100,1,5,250,40,5,250,50,1,6,11,0,0.06,4,0.05,50,8,4,2,2,100,144,5,5,300,1.05,1.05,6.0,2.0,10,6,6,-1,
5,P005,1,ft_jnd,FrameTimeStutter,145,0.54911,3.3406,1358.02,1223.03,0.000,0.000,1358.02,1223.03,1.4266,10.1980,0.0000,2.6973,0.0000,-1.2707,Left,0,0,0,0,86.667,0,0.000,ft_jnd,FrameTimeStutter,1,0,1,0,1,1,0.25,0.25,1.5,100,-10,100,1,5,250,40,5,250,50,1,6,11,0,0.06,4,0.05,50,8,4,2,2,100,144,5,5,300,1.05,1.05,6.0,2.0,10,6,6,-1,
5,P005,1,ft_jnd,FrameTimeStutter,146,0.55201,2.8949,1358.02,1223.03,0.000,0.000,1358.02,1223.03,1.4266,10.1980,0.0000,2.6973,0.0000,-1.2707,Left,0,0,0,0,86.667,0,0.000,ft_jnd,FrameTimeStutter,1,0,1,0,1,1,0.25,0.25,1.5,100,-10,100,1,5,250,40,5,250,50,1,6,11,0,0.06,4,0.05,50,8,4,2,2,100,144,5,5,300,1.05,1.05,6.0,2.0,10,6,6,-1,
5,P005,1,ft_jnd,FrameTimeStutter,147,0.55549,3.4782,1358.02,1223.03,0.000,0.000,1358.02,1223.03,1.4266,10.1980,0.0000,2.6973,0.0000,-1.2707,Left,0,0,0,0,86.667,0,0.000,ft_jnd,FrameTimeStutter,1,0,1,0,1,1,0.25,0.25,1.5,100,-10,100,1,5,250,40,5,250,50,1,6,11,0,0.06,4,0.05,50,8,4,2,2,100,144,5,5,300,1.05,1.05,6.0,2.0,10,6,6,-1,
5,P005,1,ft_jnd,FrameTimeStutter,148,0.55968,4.1944,1358.02,1223.03,0.000,0.000,1358.02,1223.03,1.4266,10.1980,0.0000,2.6973,0.0000,-1.2707,Left,0,0,0,0,86.667,0,0.000,ft_jnd,FrameTimeStutter,1,0,1,0,1,1,0.25,0.25,1.5,100,-10,100,1,5,250,40,5,250,50,1,6,11,0,0.06,4,0.05,50,8,4,2,2,100,144,5,5,300,1.05,1.05,6.0,2.0,10,6,6,-1,
5,P005,1,ft_jnd,FrameTimeStutter,149,0.56344,3.7624,1358.02,1223.03,0.000,0.000,1358.02,1223.03,1.4266,10.1980,0.0000,2.6973,0.0000,-1.2707,Left,0,0,0,0,86.667,0,0.000,ft_jnd,FrameTimeStutter,1,0,1,0,1,1,0.25,0.25,1.5,100,-10,100,1,5,250,40,5,250,50,1,6,11,0,0.06,4,0.05,50,8,4,2,2,100,144,5,5,300,1.05,1.05,6.0,2.0,10,6,6,-1,
5,P005,1,ft_jnd,FrameTimeStutter,150,0.56762,4.1813,1358.02,1223.03,0.000,0.000,1358.02,1223.03,1.4266,10.1980,0.0000,2.6973,0.0000,-1.2707,Left,0,0,0,0,86.667,0,0.000,ft_jnd,FrameTimeStutter,1,0,1,0,1,1,0.25,0.25,1.5,100,-10,100,1,5,250,40,5,250,50,1,6,11,0,0.06,4,0.05,50,8,4,2,2,100,144,5,5,300,1.05,1.05,6.0,2.0,10,6,6,-1,
5,P005,1,ft_jnd,FrameTimeStutter,151,0.57184,4.2145,1358.02,1223.03,0.000,0.000,1358.02,1223.03,1.4266,10.1980,0.0000,2.6973,0.0000,-1.2707,Left,0,0,0,0,86.667,0,0.000,ft_jnd,FrameTimeStutter,1,0,1,0,1,1,0.25,0.25,1.5,100,-10,100,1,5,250,40,5,250,50,1,6,11,0,0.06,4,0.05,50,8,4,2,2,100,144,5,5,300,1.05,1.05,6.0,2.0,10,6,6,-1,
5,P005,1,ft_jnd,FrameTimeStutter,152,0.57564,3.8024,1358.02,1223.03,0.000,0.000,1358.02,1223.03,1.4266,10.1980,0.0000,2.6973,0.0000,-1.2707,Left,0,0,0,0,86.667,0,0.000,ft_jnd,FrameTimeStutter,1,0,1,0,1,1,0.25,0.25,1.5,100,-10,100,1,5,250,40,5,250,50,1,6,11,0,0.06,4,0.05,50,8,4,2,2,100,144,5,5,300,1.05,1.05,6.0,2.0,10,6,6,-1,
5,P005,1,ft_jnd,FrameTimeStutter,153,0.57892,3.2823,1358.02,1223.03,0.000,0.000,1358.02,1223.03,1.4266,10.1980,0.0000,2.6973,0.0000,-1.2707,Left,0,0,0,0,86.667,0,0.000,ft_jnd,FrameTimeStutter,1,0,1,0,1,1,0.25,0.25,1.5,100,-10,100,1,5,250,40,5,250,50,1,6,11,0,0.06,4,0.05,50,8,4,2,2,100,144,5,5,300,1.05,1.05,6.0,2.0,10,6,6,-1,
5,P005,1,ft_jnd,FrameTimeStutter,154,0.58187,2.9500,1358.02,1223.03,0.000,0.000,1358.02,1223.03,1.4266,10.1980,0.0000,2.6973,0.0000,-1.2707,Left,0,0,0,0,86.667,0,0.000,ft_jnd,FrameTimeStutter,1,0,1,0,1,1,0.25,0.25,1.5,100,-10,100,1,5,250,40,5,250,50,1,6,11,0,0.06,4,0.05,50,8,4,2,2,100,144,5,5,300,1.05,1.05,6.0,2.0,10,6,6,-1,
5,P005,1,ft_jnd,FrameTimeStutter,155,0.58540,3.5291,1358.02,1223.03,0.000,0.000,1358.02,1223.03,1.4266,10.1980,0.0000,2.6973,0.0000,-1.2707,Left,0,0,0,0,86.667,0,0.000,ft_jnd,FrameTimeStutter,1,0,1,0,1,1,0.25,0.25,1.5,100,-10,100,1,5,250,40,5,250,50,1,6,11,0,0.06,4,0.05,50,8,4,2,2,100,144,5,5,300,1.05,1.05,6.0,2.0,10,6,6,-1,
5,P005,1,ft_jnd,FrameTimeStutter,156,0.58829,2.8875,1358.02,1223.03,0.000,0.000,1358.02,1223.03,1.4266,10.1980,0.0000,2.6973,0.0000,-1.2707,Left,0,0,0,0,86.667,0,0.000,ft_jnd,FrameTimeStutter,1,0,1,0,1,1,0.25,0.25,1.5,100,-10,100,1,5,250,40,5,250,50,1,6,11,0,0.06,4,0.05,50,8,4,2,2,100,144,5,5,300,1.05,1.05,6.0,2.0,10,6,6,-1,
5,P005,1,ft_jnd,FrameTimeStutter,157,0.59292,4.6276,1358.02,1223.03,0.000,0.000,1358.02,1223.03,1.4266,10.1980,0.0000,2.6973,0.0000,-1.2707,Left,0,0,0,0,86.667,0,0.000,ft_jnd,FrameTimeStutter,1,0,1,0,1,1,0.25,0.25,1.5,100,-10,100,1,5,250,40,5,250,50,1,6,11,0,0.06,4,0.05,50,8,4,2,2,100,144,5,5,300,1.05,1.05,6.0,2.0,10,6,6,-1,
5,P005,1,ft_jnd,FrameTimeStutter,158,0.59711,4.1911,1358.02,1223.03,0.000,0.000,1358.02,1223.03,1.4266,10.1980,0.0000,2.6973,0.0000,-1.2707,Left,0,0,0,0,86.667,0,0.000,ft_jnd,FrameTimeStutter,1,0,1,0,1,1,0.25,0.25,1.5,100,-10,100,1,5,250,40,5,250,50,1,6,11,0,0.06,4,0.05,50,8,4,2,2,100,144,5,5,300,1.05,1.05,6.0,2.0,10,6,6,-1,
5,P005,1,ft_jnd,FrameTimeStutter,159,0.60133,4.2217,1358.02,1223.03,0.000,0.000,1358.02,1223.03,1.4266,10.1980,0.0000,2.6973,0.0000,-1.2707,Left,0,0,0,0,86.667,0,0.000,ft_jnd,FrameTimeStutter,1,0,1,0,1,1,0.25,0.25,1.5,100,-10,100,1,5,250,40,5,250,50,1,6,11,0,0.06,4,0.05,50,8,4,2,2,100,144,5,5,300,1.05,1.05,6.0,2.0,10,6,6,-1,
5,P005,1,ft_jnd,FrameTimeStutter,160,0.60510,3.7720,1358.02,1223.03,0.000,0.000,1358.02,1223.03,1.4266,10.1980,0.0000,2.6973,0.0000,-1.2707,Left,0,0,0,0,86.667,0,0.000,ft_jnd,FrameTimeStutter,1,0,1,0,1,1,0.25,0.25,1.5,100,-10,100,1,5,250,40,5,250,50,1,6,11,0,0.06,4,0.05,50,8,4,2,2,100,144,5,5,300,1.05,1.05,6.0,2.0,10,6,6,-1,
5,P005,1,ft_jnd,FrameTimeStutter,161,0.60930,4.1998,1358.02,1223.03,0.000,0.000,1358.02,1223.03,1.4266,10.1980,0.0000,2.6973,0.0000,-1.2707,Left,0,0,0,0,86.667,0,0.000,ft_jnd,FrameTimeStutter,1,0,1,0,1,1,0.25,0.25,1.5,100,-10,100,1,5,250,40,5,250,50,1,6,11,0,0.06,4,0.05,50,8,4,2,2,100,144,5,5,300,1.05,1.05,6.0,2.0,10,6,6,-1,
5,P005,1,ft_jnd,FrameTimeStutter,162,0.61350,4.2017,1358.02,1223.03,0.000,0.000,1358.02,1223.03,1.4266,10.1980,0.0000,2.6973,0.0000,-1.2707,Left,0,0,0,0,86.667,0,0.000,ft_jnd,FrameTimeStutter,1,0,1,0,1,1,0.25,0.25,1.5,100,-10,100,1,5,250,40,5,250,50,1,6,11,0,0.06,4,0.05,50,8,4,2,2,100,144,5,5,300,1.05,1.05,6.0,2.0,10,6,6,-1,
5,P005,1,ft_jnd,FrameTimeStutter,163,0.61638,2.8722,1358.02,1223.03,0.000,0.000,1358.02,1223.03,1.4266,10.1980,0.0000,2.6973,0.0000,-1.2707,Left,0,0,0,0,86.667,0,0.000,ft_jnd,FrameTimeStutter,1,0,1,0,1,1,0.25,0.25,1.5,100,-10,100,1,5,250,40,5,250,50,1,6,11,0,0.06,4,0.05,50,8,4,2,2,100,144,5,5,300,1.05,1.05,6.0,2.0,10,6,6,-1,
5,P005,1,ft_jnd,FrameTimeStutter,164,0.61962,3.2397,1358.02,1223.03,0.000,0.000,1358.02,1223.03,1.4266,10.1980,0.0000,2.6973,0.0000,-1.2707,Left,0,0,0,0,86.667,0,0.000,ft_jnd,FrameTimeStutter,1,0,1,0,1,1,0.25,0.25,1.5,100,-10,100,1,5,250,40,5,250,50,1,6,11,0,0.06,4,0.05,50,8,4,2,2,100,144,5,5,300,1.05,1.05,6.0,2.0,10,6,6,-1,
5,P005,1,ft_jnd,FrameTimeStutter,165,0.62290,3.2893,1358.02,1223.03,0.000,0.000,1358.02,1223.03,1.4266,10.1980,0.0000,2.6973,0.0000,-1.2707,Left,0,0,0,0,86.667,0,0.000,ft_jnd,FrameTimeStutter,1,0,1,0,1,1,0.25,0.25,1.5,100,-10,100,1,5,250,40,5,250,50,1,6,11,0,0.06,4,0.05,50,8,4,2,2,100,144,5,5,300,1.05,1.05,6.0,2.0,10,6,6,-1,
5,P005,1,ft_jnd,FrameTimeStutter,166,0.62765,4.7472,1358.02,1223.03,0.000,0.000,1358.02,1223.03,1.4266,10.1980,0.0000,2.6973,0.0000,-1.2707,Left,0,0,0,0,86.667,0,0.000,ft_jnd,FrameTimeStutter,1,0,1,0,1,1,0.25,0.25,1.5,100,-10,100,1,5,250,40,5,250,50,1,6,11,0,0.06,4,0.05,50,8,4,2,2,100,144,5,5,300,1.05,1.05,6.0,2.0,10,6,6,-1,
5,P005,1,ft_jnd,FrameTimeStutter,167,0.63144,3.7915,1358.02,1223.03,0.000,0.000,1358.02,1223.03,1.4266,10.1980,0.0000,2.6973,0.0000,-1.2707,Left,0,0,0,0,86.667,0,0.000,ft_jnd,FrameTimeStutter,1,0,1,0,1,1,0.25,0.25,1.5,100,-10,100,1,5,250,40,5,250,50,1,6,11,0,0.06,4,0.05,50,8,4,2,2,100,144,5,5,300,1.05,1.05,6.0,2.0,10,6,6,-1,
5,P005,1,ft_jnd,FrameTimeStutter,168,0.63568,4.2411,1358.02,1223.03,0.000,0.000,1358.02,1223.03,1.4266,10.1980,0.0000,2.6973,0.0000,-1.2707,Left,0,0,0,0,86.667,0,0.000,ft_jnd,FrameTimeStutter,1,0,1,0,1,1,0.25,0.25,1.5,100,-10,100,1,5,250,40,5,250,50,1,6,11,0,0.06,4,0.05,50,8,4,2,2,100,144,5,5,300,1.05,1.05,6.0,2.0,10,6,6,-1,
5,P005,1,ft_jnd,FrameTimeStutter,169,0.63992,4.2342,1358.02,1223.03,0.000,0.000,1358.02,1223.03,1.4266,10.1980,0.0000,2.6973,0.0000,-1.2707,Left,0,0,0,0,86.667,0,0.000,ft_jnd,FrameTimeStutter,1,0,1,0,1,1,0.25,0.25,1.5,100,-10,100,1,5,250,40,5,250,50,1,6,11,0,0.06,4,0.05,50,8,4,2,2,100,144,5,5,300,1.05,1.05,6.0,2.0,10,6,6,-1,
5,P005,1,ft_jnd,FrameTimeStutter,170,0.64273,2.8131,1358.02,1223.03,0.000,0.000,1358.02,1223.03,1.4266,10.1980,0.0000,2.6973,0.0000,-1.2707,Left,0,0,0,0,86.667,0,0.000,ft_jnd,FrameTimeStutter,1,0,1,0,1,1,0.25,0.25,1.5,100,-10,100,1,5,250,40,5,250,50,1,6,11,0,0.06,4,0.05,50,8,4,2,2,100,144,5,5,300,1.05,1.05,6.0,2.0,10,6,6,-1,
5,P005,1,ft_jnd,FrameTimeStutter,171,0.64767,4.9390,1358.02,1223.03,0.000,0.000,1358.02,1223.03,1.4266,10.1980,0.0000,2.6973,0.0000,-1.2707,Left,0,0,0,0,86.667,0,0.000,ft_jnd,FrameTimeStutter,1,0,1,0,1,1,0.25,0.25,1.5,100,-10,100,1,5,250,40,5,250,50,1,6,11,0,0.06,4,0.05,50,8,4,2,2,100,144,5,5,300,1.05,1.05,6.0,2.0,10,6,6,-1,
5,P005,1,ft_jnd,FrameTimeStutter,172,0.65093,3.2604,1358.02,1223.03,0.000,0.000,1358.02,1223.03,1.4266,10.1980,0.0000,2.6973,0.0000,-1.2707,Left,0,0,0,0,86.667,0,0.000,ft_jnd,FrameTimeStutter,1,0,1,0,1,1,0.25,0.25,1.5,100,-10,100,1,5,250,40,5,250,50,1,6,11,0,0.06,4,0.05,50,8,4,2,2,100,144,5,5,300,1.05,1.05,6.0,2.0,10,6,6,-1,
5,P005,1,ft_jnd,FrameTimeStutter,173,0.65374,2.8095,1358.02,1223.03,0.000,0.000,1358.02,1223.03,1.4266,10.1980,0.0000,2.6973,0.0000,-1.2707,Left,0,0,0,0,86.667,0,0.000,ft_jnd,FrameTimeStutter,1,0,1,0,1,1,0.25,0.25,1.5,100,-10,100,1,5,250,40,5,250,50,1,6,11,0,0.06,4,0.05,50,8,4,2,2,100,144,5,5,300,1.05,1.05,6.0,2.0,10,6,6,-1,
5,P005,1,ft_jnd,FrameTimeStutter,174,0.65833,4.5889,1358.02,1223.03,0.000,0.000,1358.02,1223.03,1.4266,10.1980,0.0000,2.6973,0.0000,-1.2707,Left,0,0,0,0,86.667,0,0.000,ft_jnd,FrameTimeStutter,1,0,1,0,1,1,0.25,0.25,1.5,100,-10,100,1,5,250,40,5,250,50,1,6,11,0,0.06,4,0.05,50,8,4,2,2,100,144,5,5,300,1.05,1.05,6.0,2.0,10,6,6,-1,
5,P005,1,ft_jnd,FrameTimeStutter,175,0.66254,4.2118,1358.02,1223.03,0.000,0.000,1358.02,1223.03,1.4266,10.1980,0.0000,2.6973,0.0000,-1.2707,Left,0,0,0,0,86.667,0,0.000,ft_jnd,FrameTimeStutter,1,0,1,0,1,1,0.25,0.25,1.5,100,-10,100,1,5,250,40,5,250,50,1,6,11,0,0.06,4,0.05,50,8,4,2,2,100,144,5,5,300,1.05,1.05,6.0,2.0,10,6,6,-1,
5,P005,1,ft_jnd,FrameTimeStutter,176,0.66630,3.7636,1358.02,1223.03,0.000,0.000,1358.02,1223.03,1.4266,10.1980,0.0000,2.6973,0.0000,-1.2707,Left,0,0,0,0,86.667,0,0.000,ft_jnd,FrameTimeStutter,1,0,1,0,1,1,0.25,0.25,1.5,100,-10,100,1,5,250,40,5,250,50,1,6,11,0,0.06,4,0.05,50,8,4,2,2,100,144,5,5,300,1.05,1.05,6.0,2.0,10,6,6,-1,
5,P005,1,ft_jnd,FrameTimeStutter,177,0.67052,4.2165,1358.02,1223.03,0.000,0.000,1358.02,1223.03,1.4266,10.1980,0.0000,2.6973,0.0000,-1.2707,Left,0,0,0,0,86.667,0,0.000,ft_jnd,FrameTimeStutter,1,0,1,0,1,1,0.25,0.25,1.5,100,-10,100,1,5,250,40,5,250,50,1,6,11,0,0.06,4,0.05,50,8,4,2,2,100,144,5,5,300,1.05,1.05,6.0,2.0,10,6,6,-1,
5,P005,1,ft_jnd,FrameTimeStutter,178,0.67337,2.8496,1358.02,1223.03,0.000,0.000,1358.02,1223.03,1.4266,10.1980,0.0000,2.6973,0.0000,-1.2707,Left,0,0,0,0,86.667,0,0.000,ft_jnd,FrameTimeStutter,1,0,1,0,1,1,0.25,0.25,1.5,100,-10,100,1,5,250,40,5,250,50,1,6,11,0,0.06,4,0.05,50,8,4,2,2,100,144,5,5,300,1.05,1.05,6.0,2.0,10,6,6,-1,
5,P005,1,ft_jnd,FrameTimeStutter,179,0.67778,4.4104,1358.02,1223.03,0.000,0.000,1358.02,1223.03,1.4266,10.1980,0.0000,2.6973,0.0000,-1.2707,Left,0,0,0,0,86.667,0,0.000,ft_jnd,FrameTimeStutter,1,0,1,0,1,1,0.25,0.25,1.5,100,-10,100,1,5,250,40,5,250,50,1,6,11,0,0.06,4,0.05,50,8,4,2,2,100,144,5,5,300,1.05,1.05,6.0,2.0,10,6,6,-1,
5,P005,1,ft_jnd,FrameTimeStutter,180,0.68107,3.2923,1358.02,1223.03,0.000,0.000,1358.02,1223.03,1.4266,10.1980,0.0000,2.6973,0.0000,-1.2707,Left,0,0,0,0,86.667,0,0.000,ft_jnd,FrameTimeStutter,1,0,1,0,1,1,0.25,0.25,1.5,100,-10,100,1,5,250,40,5,250,50,1,6,11,0,0.06,4,0.05,50,8,4,2,2,100,144,5,5,300,1.05,1.05,6.0,2.0,10,6,6,-1,
5,P005,1,ft_jnd,FrameTimeStutter,181,0.68403,2.9607,1358.02,1223.03,0.000,0.000,1358.02,1223.03,1.4266,10.1980,0.0000,2.6973,0.0000,-1.2707,Left,0,0,0,0,86.667,0,0.000,ft_jnd,FrameTimeStutter,1,0,1,0,1,1,0.25,0.25,1.5,100,-10,100,1,5,250,40,5,250,50,1,6,11,0,0.06,4,0.05,50,8,4,2,2,100,144,5,5,300,1.05,1.05,6.0,2.0,10,6,6,-1,
5,P005,1,ft_jnd,FrameTimeStutter,182,0.68860,4.5698,1358.02,1223.03,0.000,0.000,1358.02,1223.03,1.4266,10.1980,0.0000,2.6973,0.0000,-1.2707,Left,0,0,0,0,86.667,0,0.000,ft_jnd,FrameTimeStutter,1,0,1,0,1,1,0.25,0.25,1.5,100,-10,100,1,5,250,40,5,250,50,1,6,11,0,0.06,4,0.05,50,8,4,2,2,100,144,5,5,300,1.05,1.05,6.0,2.0,10,6,6,-1,
5,P005,1,ft_jnd,FrameTimeStutter,183,0.69144,2.8316,1358.02,1223.03,0.000,0.000,1358.02,1223.03,1.4266,10.1980,0.0000,2.6973,0.0000,-1.2707,Left,0,0,0,0,86.667,0,0.000,ft_jnd,FrameTimeStutter,1,0,1,0,1,1,0.25,0.25,1.5,100,-10,100,1,5,250,40,5,250,50,1,6,11,0,0.06,4,0.05,50,8,4,2,2,100,144,5,5,300,1.05,1.05,6.0,2.0,10,6,6,-1,
5,P005,1,ft_jnd,FrameTimeStutter,184,0.69500,3.5636,1358.02,1223.03,0.000,0.000,1358.02,1223.03,1.4266,10.1980,0.0000,2.6973,0.0000,-1.2707,Left,0,0,0,0,86.667,0,0.000,ft_jnd,FrameTimeStutter,1,0,1,0,1,1,0.25,0.25,1.5,100,-10,100,1,5,250,40,5,250,50,1,6,11,0,0.06,4,0.05,50,8,4,2,2,100,144,5,5,300,1.05,1.05,6.0,2.0,10,6,6,-1,
5,P005,1,ft_jnd,FrameTimeStutter,185,0.69923,4.2344,1358.02,1223.03,0.000,0.000,1358.02,1223.03,1.4266,10.1980,0.0000,2.6973,0.0000,-1.2707,Left,0,0,0,0,86.667,0,0.000,ft_jnd,FrameTimeStutter,1,0,1,0,1,1,0.25,0.25,1.5,100,-10,100,1,5,250,40,5,250,50,1,6,11,0,0.06,4,0.05,50,8,4,2,2,100,144,5,5,300,1.05,1.05,6.0,2.0,10,6,6,-1,
5,P005,1,ft_jnd,FrameTimeStutter,186,0.70213,2.8958,1358.02,1223.03,0.000,0.000,1358.02,1223.03,1.4266,10.1980,0.0000,2.6973,0.0000,-1.2707,Left,0,0,0,0,86.667,0,0.000,ft_jnd,FrameTimeStutter,1,0,1,0,1,1,0.25,0.25,1.5,100,-10,100,1,5,250,40,5,250,50,1,6,11,0,0.06,4,0.05,50,8,4,2,2,100,144,5,5,300,1.05,1.05,6.0,2.0,10,6,6,-1,
5,P005,1,ft_jnd,FrameTimeStutter,187,0.70687,4.7414,1358.02,1223.03,0.000,0.000,1358.02,1223.03,1.4266,10.1980,0.0000,2.6973,0.0000,-1.2707,Left,0,0,0,0,86.667,0,0.000,ft_jnd,FrameTimeStutter,1,0,1,0,1,1,0.25,0.25,1.5,100,-10,100,1,5,250,40,5,250,50,1,6,11,0,0.06,4,0.05,50,8,4,2,2,100,144,5,5,300,1.05,1.05,6.0,2.0,10,6,6,-1,
5,P005,1,ft_jnd,FrameTimeStutter,188,0.71108,4.2063,1358.02,1223.03,0.000,0.000,1358.02,1223.03,1.4266,10.1980,0.0000,2.6973,0.0000,-1.2707,Left,0,0,0,0,86.667,0,0.000,ft_jnd,FrameTimeStutter,1,0,1,0,1,1,0.25,0.25,1.5,100,-10,100,1,5,250,40,5,250,50,1,6,11,0,0.06,4,0.05,50,8,4,2,2,100,144,5,5,300,1.05,1.05,6.0,2.0,10,6,6,-1,
5,P005,1,ft_jnd,FrameTimeStutter,189,0.71493,3.8533,1358.02,1223.03,0.000,0.000,1358.02,1223.03,1.4266,10.1980,0.0000,2.6973,0.0000,-1.2707,Left,0,0,0,0,86.667,0,0.000,ft_jnd,FrameTimeStutter,1,0,1,0,1,1,0.25,0.25,1.5,100,-10,100,1,5,250,40,5,250,50,1,6,11,0,0.06,4,0.05,50,8,4,2,2,100,144,5,5,300,1.05,1.05,6.0,2.0,10,6,6,-1,
5,P005,1,ft_jnd,FrameTimeStutter,190,0.71821,3.2786,1358.02,1223.03,0.000,0.000,1358.02,1223.03,1.4266,10.1980,0.0000,2.6973,0.0000,-1.2707,Left,0,0,0,0,86.667,0,0.000,ft_jnd,FrameTimeStutter,1,0,1,0,1,1,0.25,0.25,1.5,100,-10,100,1,5,250,40,5,250,50,1,6,11,0,0.06,4,0.05,50,8,4,2,2,100,144,5,5,300,1.05,1.05,6.0,2.0,10,6,6,-1,
5,P005,1,ft_jnd,FrameTimeStutter,191,0.72135,3.1430,1358.02,1223.03,0.000,0.000,1358.02,1223.03,1.4266,10.1980,0.0000,2.6973,0.0000,-1.2707,Left,0,0,0,0,86.667,0,0.000,ft_jnd,FrameTimeStutter,1,0,1,0,1,1,0.25,0.25,1.5,100,-10,100,1,5,250,40,5,250,50,1,6,11,0,0.06,4,0.05,50,8,4,2,2,100,144,5,5,300,1.05,1.05,6.0,2.0,10,6,6,-1,
5,P005,1,ft_jnd,FrameTimeStutter,192,0.72597,4.6228,1358.02,1223.03,0.000,0.000,1358.02,1223.03,1.4266,10.1980,0.0000,2.6973,0.0000,-1.2707,Left,0,0,0,0,86.667,0,0.000,ft_jnd,FrameTimeStutter,1,0,1,0,1,1,0.25,0.25,1.5,100,-10,100,1,5,250,40,5,250,50,1,6,11,0,0.06,4,0.05,50,8,4,2,2,100,144,5,5,300,1.05,1.05,6.0,2.0,10,6,6,-1,
5,P005,1,ft_jnd,FrameTimeStutter,193,0.72923,3.2571,1358.02,1223.03,0.000,0.000,1358.02,1223.03,1.4266,10.1980,0.0000,2.6973,0.0000,-1.2707,Left,0,0,0,0,86.667,0,0.000,ft_jnd,FrameTimeStutter,1,0,1,0,1,1,0.25,0.25,1.5,100,-10,100,1,5,250,40,5,250,50,1,6,11,0,0.06,4,0.05,50,8,4,2,2,100,144,5,5,300,1.05,1.05,6.0,2.0,10,6,6,-1,
5,P005,1,ft_jnd,FrameTimeStutter,194,0.73311,3.8818,1358.02,1223.03,0.000,0.000,1358.02,1223.03,1.4266,10.1980,0.0000,2.6973,0.0000,-1.2707,Left,0,0,0,0,86.667,0,0.000,ft_jnd,FrameTimeStutter,1,0,1,0,1,1,0.25,0.25,1.5,100,-10,100,1,5,250,40,5,250,50,1,6,11,0,0.06,4,0.05,50,8,4,2,2,100,144,5,5,300,1.05,1.05,6.0,2.0,10,6,6,-1,
5,P005,1,ft_jnd,FrameTimeStutter,195,0.73735,4.2378,1358.02,1223.03,0.000,0.000,1358.02,1223.03,1.4266,10.1980,0.0000,2.6973,0.0000,-1.2707,Left,0,0,0,0,86.667,0,0.000,ft_jnd,FrameTimeStutter,1,0,1,0,1,1,0.25,0.25,1.5,100,-10,100,1,5,250,40,5,250,50,1,6,11,0,0.06,4,0.05,50,8,4,2,2,100,144,5,5,300,1.05,1.05,6.0,2.0,10,6,6,-1,
5,P005,1,ft_jnd,FrameTimeStutter,196,0.74045,3.0970,1358.02,1223.03,0.000,0.000,1358.02,1223.03,1.4266,10.1980,0.0000,2.6973,0.0000,-1.2707,Left,0,0,0,0,86.667,0,0.000,ft_jnd,FrameTimeStutter,1,0,1,0,1,1,0.25,0.25,1.5,100,-10,100,1,5,250,40,5,250,50,1,6,11,0,0.06,4,0.05,50,8,4,2,2,100,144,5,5,300,1.05,1.05,6.0,2.0,10,6,6,-1,
5,P005,1,ft_jnd,FrameTimeStutter,197,0.74445,4.0006,1358.02,1223.03,0.000,0.000,1358.02,1223.03,1.4266,10.1980,0.0000,2.6973,0.0000,-1.2707,Left,0,0,0,0,86.667,0,0.000,ft_jnd,FrameTimeStutter,1,0,1,0,1,1,0.25,0.25,1.5,100,-10,100,1,5,250,40,5,250,50,1,6,11,0,0.06,4,0.05,50,8,4,2,2,100,144,5,5,300,1.05,1.05,6.0,2.0,10,6,6,-1,
5,P005,1,ft_jnd,FrameTimeStutter,198,0.74774,3.2939,1358.02,1223.03,0.000,0.000,1358.02,1223.03,1.4266,10.1980,0.0000,2.6973,0.0000,-1.2707,Left,0,0,0,0,86.667,0,0.000,ft_jnd,FrameTimeStutter,1,0,1,0,1,1,0.25,0.25,1.5,100,-10,100,1,5,250,40,5,250,50,1,6,11,0,0.06,4,0.05,50,8,4,2,2,100,144,5,5,300,1.05,1.05,6.0,2.0,10,6,6,-1,
5,P005,1,ft_jnd,FrameTimeStutter,199,0.75118,3.4386,1358.02,1223.03,0.000,0.000,1358.02,1223.03,1.4266,10.1980,0.0000,2.6973,0.0000,-1.2707,Left,0,0,0,0,86.667,0,0.000,ft_jnd,FrameTimeStutter,1,0,1,0,1,1,0.25,0.25,1.5,100,-10,100,1,5,250,40,5,250,50,1,6,11,0,0.06,4,0.05,50,8,4,2,2,100,144,5,5,300,1.05,1.05,6.0,2.0,10,6,6,-1,
5,P005,1,ft_jnd,FrameTimeStutter,200,0.75541,4.2279,1358.02,1223.03,0.000,0.000,1358.02,1223.03,1.4266,10.1980,0.0000,2.6973,0.0000,-1.2707,Left,0,0,0,0,86.667,0,0.000,ft_jnd,FrameTimeStutter,1,0,1,0,1,1,0.25,0.25,1.5,100,-10,100,1,5,250,40,5,250,50,1,6,11,0,0.06,4,0.05,50,8,4,2,2,100,144,5,5,300,1.05,1.05,6.0,2.0,10,6,6,-1,
5,P005,1,ft_jnd,FrameTimeStutter,201,0.75960,4.1943,1358.02,1223.03,0.000,0.000,1358.02,1223.03,1.4266,10.1980,0.0000,2.6973,0.0000,-1.2707,Left,0,0,0,0,86.667,0,0.000,ft_jnd,FrameTimeStutter,1,0,1,0,1,1,0.25,0.25,1.5,100,-10,100,1,5,250,40,5,250,50,1,6,11,0,0.06,4,0.05,50,8,4,2,2,100,144,5,5,300,1.05,1.05,6.0,2.0,10,6,6,-1,
5,P005,1,ft_jnd,FrameTimeStutter,202,0.76333,3.7301,1358.02,1223.03,0.000,0.000,1358.02,1223.03,1.4266,10.1980,0.0000,2.6973,0.0000,-1.2707,Left,0,0,0,0,86.667,0,0.000,ft_jnd,FrameTimeStutter,1,0,1,0,1,1,0.25,0.25,1.5,100,-10,100,1,5,250,40,5,250,50,1,6,11,0,0.06,4,0.05,50,8,4,2,2,100,144,5,5,300,1.05,1.05,6.0,2.0,10,6,6,-1,
5,P005,1,ft_jnd,FrameTimeStutter,203,0.76751,4.1785,1358.02,1223.03,0.000,0.000,1358.02,1223.03,1.4266,10.1980,0.0000,2.6973,0.0000,-1.2707,Left,0,0,0,0,86.667,0,0.000,ft_jnd,FrameTimeStutter,1,0,1,0,1,1,0.25,0.25,1.5,100,-10,100,1,5,250,40,5,250,50,1,6,11,0,0.06,4,0.05,50,8,4,2,2,100,144,5,5,300,1.05,1.05,6.0,2.0,10,6,6,-1,
5,P005,1,ft_jnd,FrameTimeStutter,204,0.77184,4.3294,1358.02,1223.03,0.000,0.000,1358.02,1223.03,1.4266,10.1980,0.0000,2.6973,0.0000,-1.2707,Left,0,0,0,0,86.667,0,0.000,ft_jnd,FrameTimeStutter,1,0,1,0,1,1,0.25,0.25,1.5,100,-10,100,1,5,250,40,5,250,50,1,6,11,0,0.06,4,0.05,50,8,4,2,2,100,144,5,5,300,1.05,1.05,6.0,2.0,10,6,6,-1,
5,P005,1,ft_jnd,FrameTimeStutter,205,0.77470,2.8599,1358.02,1223.03,0.000,0.000,1358.02,1223.03,1.4266,10.1980,0.0000,2.6973,0.0000,-1.2707,Left,0,0,0,0,86.667,0,0.000,ft_jnd,FrameTimeStutter,1,0,1,0,1,1,0.25,0.25,1.5,100,-10,100,1,5,250,40,5,250,50,1,6,11,0,0.06,4,0.05,50,8,4,2,2,100,144,5,5,300,1.05,1.05,6.0,2.0,10,6,6,-1,
5,P005,1,ft_jnd,FrameTimeStutter,206,0.77924,4.5353,1358.02,1223.03,0.000,0.000,1358.02,1223.03,1.4266,10.1980,0.0000,2.6973,0.0000,-1.2707,Left,0,0,0,0,86.667,0,0.000,ft_jnd,FrameTimeStutter,1,0,1,0,1,1,0.25,0.25,1.5,100,-10,100,1,5,250,40,5,250,50,1,6,11,0,0.06,4,0.05,50,8,4,2,2,100,144,5,5,300,1.05,1.05,6.0,2.0,10,6,6,-1,
5,P005,1,ft_jnd,FrameTimeStutter,207,0.78206,2.8218,1358.02,1223.03,0.000,0.000,1358.02,1223.03,1.4266,10.1980,0.0000,2.6973,0.0000,-1.2707,Left,0,0,0,0,86.667,0,0.000,ft_jnd,FrameTimeStutter,1,0,1,0,1,1,0.25,0.25,1.5,100,-10,100,1,5,250,40,5,250,50,1,6,11,0,0.06,4,0.05,50,8,4,2,2,100,144,5,5,300,1.05,1.05,6.0,2.0,10,6,6,-1,
5,P005,1,ft_jnd,FrameTimeStutter,208,0.78669,4.6282,1358.02,1223.03,0.000,0.000,1358.02,1223.03,1.4266,10.1980,0.0000,2.6973,0.0000,-1.2707,Left,0,0,0,0,86.667,0,0.000,ft_jnd,FrameTimeStutter,1,0,1,0,1,1,0.25,0.25,1.5,100,-10,100,1,5,250,40,5,250,50,1,6,11,0,0.06,4,0.05,50,8,4,2,2,100,144,5,5,300,1.05,1.05,6.0,2.0,10,6,6,-1,
5,P005,1,ft_jnd,FrameTimeStutter,209,0.79094,4.2577,1358.02,1223.03,0.000,0.000,1358.02,1223.03,1.4266,10.1980,0.0000,2.6973,0.0000,-1.2707,Left,0,0,0,0,86.667,0,0.000,ft_jnd,FrameTimeStutter,1,0,1,0,1,1,0.25,0.25,1.5,100,-10,100,1,5,250,40,5,250,50,1,6,11,0,0.06,4,0.05,50,8,4,2,2,100,144,5,5,300,1.05,1.05,6.0,2.0,10,6,6,-1,
5,P005,1,ft_jnd,FrameTimeStutter,210,0.79403,3.0810,1358.02,1223.03,0.000,0.000,1358.02,1223.03,1.4266,10.1980,0.0000,2.6973,0.0000,-1.2707,Left,0,0,0,0,86.667,0,0.000,ft_jnd,FrameTimeStutter,1,0,1,0,1,1,0.25,0.25,1.5,100,-10,100,1,5,250,40,5,250,50,1,6,11,0,0.06,4,0.05,50,8,4,2,2,100,144,5,5,300,1.05,1.05,6.0,2.0,10,6,6,-1,
5,P005,1,ft_jnd,FrameTimeStutter,211,0.79896,4.9362,1358.02,1223.03,0.000,0.000,1358.02,1223.03,1.4266,10.1980,0.0000,2.6973,0.0000,-1.2707,Left,0,0,0,0,86.667,0,0.000,ft_jnd,FrameTimeStutter,1,0,1,0,1,1,0.25,0.25,1.5,100,-10,100,1,5,250,40,5,250,50,1,6,11,0,0.06,4,0.05,50,8,4,2,2,100,144,5,5,300,1.05,1.05,6.0,2.0,10,6,6,-1,
5,P005,1,ft_jnd,FrameTimeStutter,212,0.80320,4.2350,1358.02,1223.03,0.000,0.000,1358.02,1223.03,1.4266,10.1980,0.0000,2.6973,0.0000,-1.2707,Left,0,0,0,0,86.667,0,0.000,ft_jnd,FrameTimeStutter,1,0,1,0,1,1,0.25,0.25,1.5,100,-10,100,1,5,250,40,5,250,50,1,6,11,0,0.06,4,0.05,50,8,4,2,2,100,144,5,5,300,1.05,1.05,6.0,2.0,10,6,6,-1,
5,P005,1,ft_jnd,FrameTimeStutter,213,0.80757,4.3774,1358.02,1223.03,0.000,0.000,1358.02,1223.03,1.4266,10.1980,0.0000,2.6973,0.0000,-1.2707,Left,0,0,0,0,86.667,0,0.000,ft_jnd,FrameTimeStutter,1,0,1,0,1,1,0.25,0.25,1.5,100,-10,100,1,5,250,40,5,250,50,1,6,11,0,0.06,4,0.05,50,8,4,2,2,100,144,5,5,300,1.05,1.05,6.0,2.0,10,6,6,-1,
5,P005,1,ft_jnd,FrameTimeStutter,214,0.81115,3.5781,1358.02,1223.03,0.000,0.000,1358.02,1223.03,1.4266,10.1980,0.0000,2.6973,0.0000,-1.2707,Left,0,0,0,0,86.667,0,0.000,ft_jnd,FrameTimeStutter,1,0,1,0,1,1,0.25,0.25,1.5,100,-10,100,1,5,250,40,5,250,50,1,6,11,0,0.06,4,0.05,50,8,4,2,2,100,144,5,5,300,1.05,1.05,6.0,2.0,10,6,6,-1,
5,P005,1,ft_jnd,FrameTimeStutter,215,0.81534,4.1886,1358.02,1223.03,0.000,0.000,1358.02,1223.03,1.4266,10.1980,0.0000,2.6973,0.0000,-1.2707,Left,0,0,0,0,86.667,0,0.000,ft_jnd,FrameTimeStutter,1,0,1,0,1,1,0.25,0.25,1.5,100,-10,100,1,5,250,40,5,250,50,1,6,11,0,0.06,4,0.05,50,8,4,2,2,100,144,5,5,300,1.05,1.05,6.0,2.0,10,6,6,-1,
5,P005,1,ft_jnd,FrameTimeStutter,216,0.81914,3.7948,1358.02,1223.03,0.000,0.000,1358.02,1223.03,1.4266,10.1980,0.0000,2.6973,0.0000,-1.2707,Left,0,0,0,0,86.667,0,0.000,ft_jnd,FrameTimeStutter,1,0,1,0,1,1,0.25,0.25,1.5,100,-10,100,1,5,250,40,5,250,50,1,6,11,0,0.06,4,0.05,50,8,4,2,2,100,144,5,5,300,1.05,1.05,6.0,2.0,10,6,6,-1,
5,P005,1,ft_jnd,FrameTimeStutter,217,0.82236,3.2224,1358.02,1223.03,0.000,0.000,1358.02,1223.03,1.4266,10.1980,0.0000,2.6973,0.0000,-1.2707,Left,0,0,0,0,86.667,0,0.000,ft_jnd,FrameTimeStutter,1,0,1,0,1,1,0.25,0.25,1.5,100,-10,100,1,5,250,40,5,250,50,1,6,11,0,0.06,4,0.05,50,8,4,2,2,100,144,5,5,300,1.05,1.05,6.0,2.0,10,6,6,-1,
5,P005,1,ft_jnd,FrameTimeStutter,218,0.82549,3.1330,1358.02,1223.03,0.000,0.000,1358.02,1223.03,1.4266,10.1980,0.0000,2.6973,0.0000,-1.2707,Left,0,0,0,0,86.667,0,0.000,ft_jnd,FrameTimeStutter,1,0,1,0,1,1,0.25,0.25,1.5,100,-10,100,1,5,250,40,5,250,50,1,6,11,0,0.06,4,0.05,50,8,4,2,2,100,144,5,5,300,1.05,1.05,6.0,2.0,10,6,6,-1,
5,P005,1,ft_jnd,FrameTimeStutter,219,0.82905,3.5588,1358.02,1223.03,0.000,0.000,1358.02,1223.03,1.4266,10.1980,0.0000,2.6973,0.0000,-1.2707,Left,0,0,0,0,86.667,0,0.000,ft_jnd,FrameTimeStutter,1,0,1,0,1,1,0.25,0.25,1.5,100,-10,100,1,5,250,40,5,250,50,1,6,11,0,0.06,4,0.05,50,8,4,2,2,100,144,5,5,300,1.05,1.05,6.0,2.0,10,6,6,-1,
5,P005,1,ft_jnd,FrameTimeStutter,220,0.83324,4.1878,1358.02,1223.03,0.000,0.000,1358.02,1223.03,1.4266,10.1980,0.0000,2.6973,0.0000,-1.2707,Left,0,0,0,0,86.667,0,0.000,ft_jnd,FrameTimeStutter,1,0,1,0,1,1,0.25,0.25,1.5,100,-10,100,1,5,250,40,5,250,50,1,6,11,0,0.06,4,0.05,50,8,4,2,2,100,144,5,5,300,1.05,1.05,6.0,2.0,10,6,6,-1,
5,P005,1,ft_jnd,FrameTimeStutter,221,0.83705,3.8092,1358.02,1223.03,0.000,0.000,1358.02,1223.03,1.4266,10.1980,0.0000,2.6973,0.0000,-1.2707,Left,0,0,0,0,86.667,0,0.000,ft_jnd,FrameTimeStutter,1,0,1,0,1,1,0.25,0.25,1.5,100,-10,100,1,5,250,40,5,250,50,1,6,11,0,0.06,4,0.05,50,8,4,2,2,100,144,5,5,300,1.05,1.05,6.0,2.0,10,6,6,-1,
5,P005,1,ft_jnd,FrameTimeStutter,222,0.84121,4.1665,1358.02,1223.03,0.000,0.000,1358.02,1223.03,1.4266,10.1980,0.0000,2.6973,0.0000,-1.2707,Left,0,0,0,0,86.667,0,0.000,ft_jnd,FrameTimeStutter,1,0,1,0,1,1,0.25,0.25,1.5,100,-10,100,1,5,250,40,5,250,50,1,6,11,0,0.06,4,0.05,50,8,4,2,2,100,144,5,5,300,1.05,1.05,6.0,2.0,10,6,6,-1,
5,P005,1,ft_jnd,FrameTimeStutter,223,0.84540,4.1876,1358.02,1223.03,0.000,0.000,1358.02,1223.03,1.4266,10.1980,0.0000,2.6973,0.0000,-1.2707,Left,0,0,0,0,86.667,0,0.000,ft_jnd,FrameTimeStutter,1,0,1,0,1,1,0.25,0.25,1.5,100,-10,100,1,5,250,40,5,250,50,1,6,11,0,0.06,4,0.05,50,8,4,2,2,100,144,5,5,300,1.05,1.05,6.0,2.0,10,6,6,-1,
5,P005,1,ft_jnd,FrameTimeStutter,224,0.84923,3.8263,1358.02,1223.03,0.000,0.000,1358.02,1223.03,1.4266,10.1980,0.0000,2.6973,0.0000,-1.2707,Left,0,0,0,0,86.667,0,0.000,ft_jnd,FrameTimeStutter,1,0,1,0,1,1,0.25,0.25,1.5,100,-10,100,1,5,250,40,5,250,50,1,6,11,0,0.06,4,0.05,50,8,4,2,2,100,144,5,5,300,1.05,1.05,6.0,2.0,10,6,6,-1,
5,P005,1,ft_jnd,FrameTimeStutter,225,0.85250,3.2712,1358.02,1223.03,0.000,0.000,1358.02,1223.03,1.4266,10.1980,0.0000,2.6973,0.0000,-1.2707,Left,0,0,0,0,86.667,0,0.000,ft_jnd,FrameTimeStutter,1,0,1,0,1,1,0.25,0.25,1.5,100,-10,100,1,5,250,40,5,250,50,1,6,11,0,0.06,4,0.05,50,8,4,2,2,100,144,5,5,300,1.05,1.05,6.0,2.0,10,6,6,-1,
5,P005,1,ft_jnd,FrameTimeStutter,226,0.85535,2.8535,1358.02,1223.03,0.000,0.000,1358.02,1223.03,1.4266,10.1980,0.0000,2.6973,0.0000,-1.2707,Left,0,0,0,0,86.667,0,0.000,ft_jnd,FrameTimeStutter,1,0,1,0,1,1,0.25,0.25,1.5,100,-10,100,1,5,250,40,5,250,50,1,6,11,0,0.06,4,0.05,50,8,4,2,2,100,144,5,5,300,1.05,1.05,6.0,2.0,10,6,6,-1,
5,P005,1,ft_jnd,FrameTimeStutter,227,0.85905,3.6946,1358.02,1223.03,0.000,0.000,1358.02,1223.03,1.4266,10.1980,0.0000,2.6973,0.0000,-1.2707,Left,0,0,0,0,86.667,0,0.000,ft_jnd,FrameTimeStutter,1,0,1,0,1,1,0.25,0.25,1.5,100,-10,100,1,5,250,40,5,250,50,1,6,11,0,0.06,4,0.05,50,8,4,2,2,100,144,5,5,300,1.05,1.05,6.0,2.0,10,6,6,-1,
5,P005,1,ft_jnd,FrameTimeStutter,228,0.86358,4.5318,1358.02,1223.03,0.000,0.000,1358.02,1223.03,1.4266,10.1980,0.0000,2.6973,0.0000,-1.2707,Left,0,0,0,0,86.667,0,0.000,ft_jnd,FrameTimeStutter,1,0,1,0,1,1,0.25,0.25,1.5,100,-10,100,1,5,250,40,5,250,50,1,6,11,0,0.06,4,0.05,50,8,4,2,2,100,144,5,5,300,1.05,1.05,6.0,2.0,10,6,6,-1,
5,P005,1,ft_jnd,FrameTimeStutter,229,0.86738,3.8058,1358.02,1223.03,0.000,0.000,1358.02,1223.03,1.4266,10.1980,0.0000,2.6973,0.0000,-1.2707,Left,0,0,0,0,86.667,0,0.000,ft_jnd,FrameTimeStutter,1,0,1,0,1,1,0.25,0.25,1.5,100,-10,100,1,5,250,40,5,250,50,1,6,11,0,0.06,4,0.05,50,8,4,2,2,100,144,5,5,300,1.05,1.05,6.0,2.0,10,6,6,-1,
5,P005,1,ft_jnd,FrameTimeStutter,230,0.87164,4.2569,1358.02,1223.03,0.000,0.000,1358.02,1223.03,1.4266,10.1980,0.0000,2.6973,0.0000,-1.2707,Left,0,0,0,0,86.667,0,0.000,ft_jnd,FrameTimeStutter,1,0,1,0,1,1,0.25,0.25,1.5,100,-10,100,1,5,250,40,5,250,50,1,6,11,0,0.06,4,0.05,50,8,4,2,2,100,144,5,5,300,1.05,1.05,6.0,2.0,10,6,6,-1,
5,P005,1,ft_jnd,FrameTimeStutter,231,0.87589,4.2493,1358.02,1223.03,0.000,0.000,1358.02,1223.03,1.4266,10.1980,0.0000,2.6973,0.0000,-1.2707,Left,0,0,0,0,86.667,0,0.000,ft_jnd,FrameTimeStutter,1,0,1,0,1,1,0.25,0.25,1.5,100,-10,100,1,5,250,40,5,250,50,1,6,11,0,0.06,4,0.05,50,8,4,2,2,100,144,5,5,300,1.05,1.05,6.0,2.0,10,6,6,-1,
5,P005,1,ft_jnd,FrameTimeStutter,232,0.87883,2.9419,1358.02,1223.03,0.000,0.000,1358.02,1223.03,1.4266,10.1980,0.0000,2.6973,0.0000,-1.2707,Left,0,0,0,0,86.667,0,0.000,ft_jnd,FrameTimeStutter,1,0,1,0,1,1,0.25,0.25,1.5,100,-10,100,1,5,250,40,5,250,50,1,6,11,0,0.06,4,0.05,50,8,4,2,2,100,144,5,5,300,1.05,1.05,6.0,2.0,10,6,6,-1,
5,P005,1,ft_jnd,FrameTimeStutter,233,0.88346,4.6292,1358.02,1223.03,0.000,0.000,1358.02,1223.03,1.4266,10.1980,0.0000,2.6973,0.0000,-1.2707,Left,0,0,0,0,86.667,0,0.000,ft_jnd,FrameTimeStutter,1,0,1,0,1,1,0.25,0.25,1.5,100,-10,100,1,5,250,40,5,250,50,1,6,11,0,0.06,4,0.05,50,8,4,2,2,100,144,5,5,300,1.05,1.05,6.0,2.0,10,6,6,-1,
5,P005,1,ft_jnd,FrameTimeStutter,234,0.88677,3.3068,1358.02,1223.03,0.000,0.000,1358.02,1223.03,1.4266,10.1980,0.0000,2.6973,0.0000,-1.2707,Left,0,0,0,0,86.667,0,0.000,ft_jnd,FrameTimeStutter,1,0,1,0,1,1,0.25,0.25,1.5,100,-10,100,1,5,250,40,5,250,50,1,6,11,0,0.06,4,0.05,50,8,4,2,2,100,144,5,5,300,1.05,1.05,6.0,2.0,10,6,6,-1,
5,P005,1,ft_jnd,FrameTimeStutter,235,0.88975,2.9858,1358.02,1223.03,0.000,0.000,1358.02,1223.03,1.4266,10.1980,0.0000,2.6973,0.0000,-1.2707,Left,0,0,0,0,86.667,0,0.000,ft_jnd,FrameTimeStutter,1,0,1,0,1,1,0.25,0.25,1.5,100,-10,100,1,5,250,40,5,250,50,1,6,11,0,0.06,4,0.05,50,8,4,2,2,100,144,5,5,300,1.05,1.05,6.0,2.0,10,6,6,-1,
5,P005,1,ft_jnd,FrameTimeStutter,236,0.89433,4.5797,1358.02,1223.03,0.000,0.000,1358.02,1223.03,1.4266,10.1980,0.0000,2.6973,0.0000,-1.2707,Left,0,0,0,0,86.667,0,0.000,ft_jnd,FrameTimeStutter,1,0,1,0,1,1,0.25,0.25,1.5,100,-10,100,1,5,250,40,5,250,50,1,6,11,0,0.06,4,0.05,50,8,4,2,2,100,144,5,5,300,1.05,1.05,6.0,2.0,10,6,6,-1,
5,P005,1,ft_jnd,FrameTimeStutter,237,0.89723,2.8997,1358.02,1223.03,0.000,0.000,1358.02,1223.03,1.4266,10.1980,0.0000,2.6973,0.0000,-1.2707,Left,0,0,0,0,86.667,0,0.000,ft_jnd,FrameTimeStutter,1,0,1,0,1,1,0.25,0.25,1.5,100,-10,100,1,5,250,40,5,250,50,1,6,11,0,0.06,4,0.05,50,8,4,2,2,100,144,5,5,300,1.05,1.05,6.0,2.0,10,6,6,-1,
5,P005,1,ft_jnd,FrameTimeStutter,238,0.90180,4.5676,1358.02,1223.03,0.000,0.000,1358.02,1223.03,1.4266,10.1980,0.0000,2.6973,0.0000,-1.2707,Left,0,0,0,0,86.667,0,0.000,ft_jnd,FrameTimeStutter,1,0,1,0,1,1,0.25,0.25,1.5,100,-10,100,1,5,250,40,5,250,50,1,6,11,0,0.06,4,0.05,50,8,4,2,2,100,144,5,5,300,1.05,1.05,6.0,2.0,10,6,6,-1,
5,P005,1,ft_jnd,FrameTimeStutter,239,0.90602,4.2234,1358.02,1223.03,0.000,0.000,1358.02,1223.03,1.4266,10.1980,0.0000,2.6973,0.0000,-1.2707,Left,0,0,0,0,86.667,0,0.000,ft_jnd,FrameTimeStutter,1,0,1,0,1,1,0.25,0.25,1.5,100,-10,100,1,5,250,40,5,250,50,1,6,11,0,0.06,4,0.05,50,8,4,2,2,100,144,5,5,300,1.05,1.05,6.0,2.0,10,6,6,-1,
5,P005,1,ft_jnd,FrameTimeStutter,240,0.90888,2.8530,1358.02,1223.03,0.000,0.000,1358.02,1223.03,1.4266,10.1980,0.0000,2.6973,0.0000,-1.2707,Left,0,0,0,0,86.667,0,0.000,ft_jnd,FrameTimeStutter,1,0,1,0,1,1,0.25,0.25,1.5,100,-10,100,1,5,250,40,5,250,50,1,6,11,0,0.06,4,0.05,50,8,4,2,2,100,144,5,5,300,1.05,1.05,6.0,2.0,10,6,6,-1,
5,P005,1,ft_jnd,FrameTimeStutter,241,0.91354,4.6602,1358.02,1223.03,0.000,0.000,1358.02,1223.03,1.4266,10.1980,0.0000,2.6973,0.0000,-1.2707,Left,0,0,0,0,86.667,0,0.000,ft_jnd,FrameTimeStutter,1,0,1,0,1,1,0.25,0.25,1.5,100,-10,100,1,5,250,40,5,250,50,1,6,11,0,0.06,4,0.05,50,8,4,2,2,100,144,5,5,300,1.05,1.05,6.0,2.0,10,6,6,-1,
5,P005,1,ft_jnd,FrameTimeStutter,242,0.91669,3.1503,1358.02,1223.03,0.000,0.000,1358.02,1223.03,1.4266,10.1980,0.0000,2.6973,0.0000,-1.2707,Left,0,0,0,0,86.667,0,0.000,ft_jnd,FrameTimeStutter,1,0,1,0,1,1,0.25,0.25,1.5,100,-10,100,1,5,250,40,5,250,50,1,6,11,0,0.06,4,0.05,50,8,4,2,2,100,144,5,5,300,1.05,1.05,6.0,2.0,10,6,6,-1,
5,P005,1,ft_jnd,FrameTimeStutter,243,0.91975,3.0600,1358.02,1223.03,0.000,0.000,1358.02,1223.03,1.4266,10.1980,0.0000,2.6973,0.0000,-1.2707,Left,0,0,0,0,86.667,0,0.000,ft_jnd,FrameTimeStutter,1,0,1,0,1,1,0.25,0.25,1.5,100,-10,100,1,5,250,40,5,250,50,1,6,11,0,0.06,4,0.05,50,8,4,2,2,100,144,5,5,300,1.05,1.05,6.0,2.0,10,6,6,-1,
5,P005,1,ft_jnd,FrameTimeStutter,244,0.92457,4.8194,1358.02,1223.03,0.000,0.000,1358.02,1223.03,1.4266,10.1980,0.0000,2.6973,0.0000,-1.2707,Left,0,0,0,0,86.667,0,0.000,ft_jnd,FrameTimeStutter,1,0,1,0,1,1,0.25,0.25,1.5,100,-10,100,1,5,250,40,5,250,50,1,6,11,0,0.06,4,0.05,50,8,4,2,2,100,144,5,5,300,1.05,1.05,6.0,2.0,10,6,6,-1,
5,P005,1,ft_jnd,FrameTimeStutter,245,0.92836,3.7959,1358.02,1223.03,0.000,0.000,1358.02,1223.03,1.4266,10.1980,0.0000,2.6973,0.0000,-1.2707,Left,0,0,0,0,86.667,0,0.000,ft_jnd,FrameTimeStutter,1,0,1,0,1,1,0.25,0.25,1.5,100,-10,100,1,5,250,40,5,250,50,1,6,11,0,0.06,4,0.05,50,8,4,2,2,100,144,5,5,300,1.05,1.05,6.0,2.0,10,6,6,-1,
5,P005,1,ft_jnd,FrameTimeStutter,246,0.93257,4.2035,1358.02,1223.03,0.000,0.000,1358.02,1223.03,1.4266,10.1980,0.0000,2.6973,0.0000,-1.2707,Left,0,0,0,0,86.667,0,0.000,ft_jnd,FrameTimeStutter,1,0,1,0,1,1,0.25,0.25,1.5,100,-10,100,1,5,250,40,5,250,50,1,6,11,0,0.06,4,0.05,50,8,4,2,2,100,144,5,5,300,1.05,1.05,6.0,2.0,10,6,6,-1,
5,P005,1,ft_jnd,FrameTimeStutter,247,0.93676,4.1957,1358.02,1223.03,0.000,0.000,1358.02,1223.03,1.4266,10.1980,0.0000,2.6973,0.0000,-1.2707,Left,0,0,0,0,86.667,0,0.000,ft_jnd,FrameTimeStutter,1,0,1,0,1,1,0.25,0.25,1.5,100,-10,100,1,5,250,40,5,250,50,1,6,11,0,0.06,4,0.05,50,8,4,2,2,100,144,5,5,300,1.05,1.05,6.0,2.0,10,6,6,-1,
5,P005,1,ft_jnd,FrameTimeStutter,248,0.93964,2.8795,1358.02,1223.03,0.000,0.000,1358.02,1223.03,1.4266,10.1980,0.0000,2.6973,0.0000,-1.2707,Left,0,0,0,0,86.667,0,0.000,ft_jnd,FrameTimeStutter,1,0,1,0,1,1,0.25,0.25,1.5,100,-10,100,1,5,250,40,5,250,50,1,6,11,0,0.06,4,0.05,50,8,4,2,2,100,144,5,5,300,1.05,1.05,6.0,2.0,10,6,6,-1,
5,P005,1,ft_jnd,FrameTimeStutter,249,0.94421,4.5702,1358.02,1223.03,0.000,0.000,1358.02,1223.03,1.4266,10.1980,0.0000,2.6973,0.0000,-1.2707,Left,0,0,0,0,86.667,0,0.000,ft_jnd,FrameTimeStutter,1,0,1,0,1,1,0.25,0.25,1.5,100,-10,100,1,5,250,40,5,250,50,1,6,11,0,0.06,4,0.05,50,8,4,2,2,100,144,5,5,300,1.05,1.05,6.0,2.0,10,6,6,-1,
5,P005,1,ft_jnd,FrameTimeStutter,250,0.94856,4.3438,1358.02,1223.03,0.000,0.000,1358.02,1223.03,1.4266,10.1980,0.0000,2.6973,0.0000,-1.2707,Left,0,0,0,0,86.667,0,0.000,ft_jnd,FrameTimeStutter,1,0,1,0,1,1,0.25,0.25,1.5,100,-10,100,1,5,250,40,5,250,50,1,6,11,0,0.06,4,0.05,50,8,4,2,2,100,144,5,5,300,1.05,1.05,6.0,2.0,10,6,6,-1,
5,P005,1,ft_jnd,FrameTimeStutter,251,0.95142,2.8606,1358.02,1223.03,0.000,0.000,1358.02,1223.03,1.4266,10.1980,0.0000,2.6973,0.0000,-1.2707,Left,0,0,0,0,86.667,0,0.000,ft_jnd,FrameTimeStutter,1,0,1,0,1,1,0.25,0.25,1.5,100,-10,100,1,5,250,40,5,250,50,1,6,11,0,0.06,4,0.05,50,8,4,2,2,100,144,5,5,300,1.05,1.05,6.0,2.0,10,6,6,-1,
5,P005,1,ft_jnd,FrameTimeStutter,252,0.95630,4.8875,1358.02,1223.03,0.000,0.000,1358.02,1223.03,1.4266,10.1980,0.0000,2.6973,0.0000,-1.2707,Left,0,0,0,0,86.667,0,0.000,ft_jnd,FrameTimeStutter,1,0,1,0,1,1,0.25,0.25,1.5,100,-10,100,1,5,250,40,5,250,50,1,6,11,0,0.06,4,0.05,50,8,4,2,2,100,144,5,5,300,1.05,1.05,6.0,2.0,10,6,6,-1,
5,P005,1,ft_jnd,FrameTimeStutter,253,0.96047,4.1690,1358.02,1223.03,0.000,0.000,1358.02,1223.03,1.4266,10.1980,0.0000,2.6973,0.0000,-1.2707,Left,0,0,0,0,86.667,0,0.000,ft_jnd,FrameTimeStutter,1,0,1,0,1,1,0.25,0.25,1.5,100,-10,100,1,5,250,40,5,250,50,1,6,11,0,0.06,4,0.05,50,8,4,2,2,100,144,5,5,300,1.05,1.05,6.0,2.0,10,6,6,-1,
5,P005,1,ft_jnd,FrameTimeStutter,254,0.96426,3.7841,1358.02,1223.03,0.000,0.000,1358.02,1223.03,1.4266,10.1980,0.0000,2.6973,0.0000,-1.2707,Left,0,0,0,0,86.667,0,0.000,ft_jnd,FrameTimeStutter,1,0,1,0,1,1,0.25,0.25,1.5,100,-10,100,1,5,250,40,5,250,50,1,6,11,0,0.06,4,0.05,50,8,4,2,2,100,144,5,5,300,1.05,1.05,6.0,2.0,10,6,6,-1,
5,P005,1,ft_jnd,FrameTimeStutter,255,0.96753,3.2726,1358.02,1223.03,0.000,0.000,1358.02,1223.03,1.4266,10.1980,0.0000,2.6973,0.0000,-1.2707,Left,0,0,0,0,86.667,0,0.000,ft_jnd,FrameTimeStutter,1,0,1,0,1,1,0.25,0.25,1.5,100,-10,100,1,5,250,40,5,250,50,1,6,11,0,0.06,4,0.05,50,8,4,2,2,100,144,5,5,300,1.05,1.05,6.0,2.0,10,6,6,-1,
5,P005,1,ft_jnd,FrameTimeStutter,256,0.97041,2.8754,1358.02,1223.03,0.000,0.000,1358.02,1223.03,1.4266,10.1980,0.0000,2.6973,0.0000,-1.2707,Left,0,0,0,0,86.667,0,0.000,ft_jnd,FrameTimeStutter,1,0,1,0,1,1,0.25,0.25,1.5,100,-10,100,1,5,250,40,5,250,50,1,6,11,0,0.06,4,0.05,50,8,4,2,2,100,144,5,5,300,1.05,1.05,6.0,2.0,10,6,6,-1,
5,P005,1,ft_jnd,FrameTimeStutter,257,0.97391,3.5084,1358.02,1223.03,0.000,0.000,1358.02,1223.03,1.4266,10.1980,0.0000,2.6973,0.0000,-1.2707,Left,0,0,0,0,86.667,0,0.000,ft_jnd,FrameTimeStutter,1,0,1,0,1,1,0.25,0.25,1.5,100,-10,100,1,5,250,40,5,250,50,1,6,11,0,0.06,4,0.05,50,8,4,2,2,100,144,5,5,300,1.05,1.05,6.0,2.0,10,6,6,-1,
5,P005,1,ft_jnd,FrameTimeStutter,258,0.97703,3.1145,1358.02,1223.03,0.000,0.000,1358.02,1223.03,1.4266,10.1980,0.0000,2.6973,0.0000,-1.2707,Left,0,0,0,0,86.667,0,0.000,ft_jnd,FrameTimeStutter,1,0,1,0,1,1,0.25,0.25,1.5,100,-10,100,1,5,250,40,5,250,50,1,6,11,0,0.06,4,0.05,50,8,4,2,2,100,144,5,5,300,1.05,1.05,6.0,2.0,10,6,6,-1,
5,P005,1,ft_jnd,FrameTimeStutter,259,0.98009,3.0645,1358.02,1223.03,0.000,0.000,1358.02,1223.03,1.4266,10.1980,0.0000,2.6973,0.0000,-1.2707,Left,0,0,0,0,86.667,0,0.000,ft_jnd,FrameTimeStutter,1,0,1,0,1,1,0.25,0.25,1.5,100,-10,100,1,5,250,40,5,250,50,1,6,11,0,0.06,4,0.05,50,8,4,2,2,100,144,5,5,300,1.05,1.05,6.0,2.0,10,6,6,-1,
5,P005,1,ft_jnd,FrameTimeStutter,260,0.98497,4.8732,1358.02,1223.03,0.000,0.000,1358.02,1223.03,1.4266,10.1980,0.0000,2.6973,0.0000,-1.2707,Left,0,0,0,0,86.667,0,0.000,ft_jnd,FrameTimeStutter,1,0,1,0,1,1,0.25,0.25,1.5,100,-10,100,1,5,250,40,5,250,50,1,6,11,0,0.06,4,0.05,50,8,4,2,2,100,144,5,5,300,1.05,1.05,6.0,2.0,10,6,6,-1,
5,P005,1,ft_jnd,FrameTimeStutter,261,0.98882,3.8492,1358.02,1223.03,0.000,0.000,1358.02,1223.03,1.4266,10.1980,0.0000,2.6973,0.0000,-1.2707,Left,0,0,0,0,86.667,0,0.000,ft_jnd,FrameTimeStutter,1,0,1,0,1,1,0.25,0.25,1.5,100,-10,100,1,5,250,40,5,250,50,1,6,11,0,0.06,4,0.05,50,8,4,2,2,100,144,5,5,300,1.05,1.05,6.0,2.0,10,6,6,-1,
5,P005,1,ft_jnd,FrameTimeStutter,262,0.99308,4.2667,1358.02,1223.03,0.000,0.000,1358.02,1223.03,1.4266,10.1980,0.0000,2.6973,0.0000,-1.2707,Left,0,0,0,0,86.667,0,0.000,ft_jnd,FrameTimeStutter,1,0,1,0,1,1,0.25,0.25,1.5,100,-10,100,1,5,250,40,5,250,50,1,6,11,0,0.06,4,0.05,50,8,4,2,2,100,144,5,5,300,1.05,1.05,6.0,2.0,10,6,6,-1,
5,P005,1,ft_jnd,FrameTimeStutter,263,0.99737,4.2859,1358.02,1223.03,0.000,0.000,1358.02,1223.03,1.4266,10.1980,0.0000,2.6973,0.0000,-1.2707,Left,0,0,0,0,86.667,0,0.000,ft_jnd,FrameTimeStutter,1,0,1,0,1,1,0.25,0.25,1.5,100,-10,100,1,5,250,40,5,250,50,1,6,11,0,0.06,4,0.05,50,8,4,2,2,100,144,5,5,300,1.05,1.05,6.0,2.0,10,6,6,-1,
5,P005,1,ft_jnd,FrameTimeStutter,264,1.00030,2.9329,1358.02,1223.03,0.000,0.000,1358.02,1223.03,1.4266,10.1980,0.0000,2.6973,0.0000,-1.2707,Left,0,0,0,0,86.667,0,0.000,ft_jnd,FrameTimeStutter,1,0,1,0,1,1,0.25,0.25,1.5,100,-10,100,1,5,250,40,5,250,50,1,6,11,0,0.06,4,0.05,50,8,4,2,2,100,144,5,5,300,1.05,1.05,6.0,2.0,10,6,6,-1,
5,P005,1,ft_jnd,FrameTimeStutter,265,1.00395,3.6535,1358.02,1223.03,0.000,0.000,1358.02,1223.03,1.4266,10.1980,0.0000,2.6973,0.0000,-1.2707,Left,0,0,0,0,86.667,0,0.000,ft_jnd,FrameTimeStutter,1,0,1,0,1,1,0.25,0.25,1.5,100,-10,100,1,5,250,40,5,250,50,1,6,11,0,0.06,4,0.05,50,8,4,2,2,100,144,5,5,300,1.05,1.05,6.0,2.0,10,6,6,-1,
5,P005,1,ft_jnd,FrameTimeStutter,266,1.00718,3.2243,1358.02,1223.03,0.000,0.000,1358.02,1223.03,1.4266,10.1980,0.0000,2.6973,0.0000,-1.2707,Left,0,0,0,0,86.667,0,0.000,ft_jnd,FrameTimeStutter,1,0,1,0,1,1,0.25,0.25,1.5,100,-10,100,1,5,250,40,5,250,50,1,6,11,0,0.06,4,0.05,50,8,4,2,2,100,144,5,5,300,1.05,1.05,6.0,2.0,10,6,6,-1,
5,P005,1,ft_jnd,FrameTimeStutter,267,1.01028,3.1049,1358.02,1223.03,0.000,0.000,1358.02,1223.03,1.4266,10.1980,0.0000,2.6973,0.0000,-1.2707,Left,0,0,0,0,86.667,0,0.000,ft_jnd,FrameTimeStutter,1,0,1,0,1,1,0.25,0.25,1.5,100,-10,100,1,5,250,40,5,250,50,1,6,11,0,0.06,4,0.05,50,8,4,2,2,100,144,5,5,300,1.05,1.05,6.0,2.0,10,6,6,-1,
5,P005,1,ft_jnd,FrameTimeStutter,268,1.01489,4.6037,1358.02,1223.03,0.000,0.000,1358.02,1223.03,1.4266,10.1980,0.0000,2.6973,0.0000,-1.2707,Left,0,0,0,0,86.667,0,0.000,ft_jnd,FrameTimeStutter,1,0,1,0,1,1,0.25,0.25,1.5,100,-10,100,1,5,250,40,5,250,50,1,6,11,0,0.06,4,0.05,50,8,4,2,2,100,144,5,5,300,1.05,1.05,6.0,2.0,10,6,6,-1,
5,P005,1,ft_jnd,FrameTimeStutter,269,1.01876,3.8688,1358.02,1223.03,0.000,0.000,1358.02,1223.03,1.4266,10.1980,0.0000,2.6973,0.0000,-1.2707,Left,0,0,0,0,86.667,0,0.000,ft_jnd,FrameTimeStutter,1,0,1,0,1,1,0.25,0.25,1.5,100,-10,100,1,5,250,40,5,250,50,1,6,11,0,0.06,4,0.05,50,8,4,2,2,100,144,5,5,300,1.05,1.05,6.0,2.0,10,6,6,-1,
5,P005,1,ft_jnd,FrameTimeStutter,270,1.02302,4.2659,1358.02,1223.03,0.000,0.000,1358.02,1223.03,1.4266,10.1980,0.0000,2.6973,0.0000,-1.2707,Left,0,0,0,0,86.667,0,0.000,ft_jnd,FrameTimeStutter,1,0,1,0,1,1,0.25,0.25,1.5,100,-10,100,1,5,250,40,5,250,50,1,6,11,0,0.06,4,0.05,50,8,4,2,2,100,144,5,5,300,1.05,1.05,6.0,2.0,10,6,6,-1,
5,P005,1,ft_jnd,FrameTimeStutter,271,1.02728,4.2607,1358.02,1223.03,0.000,0.000,1358.02,1223.03,1.4266,10.1980,0.0000,2.6973,0.0000,-1.2707,Left,0,0,0,0,86.667,0,0.000,ft_jnd,FrameTimeStutter,1,0,1,0,1,1,0.25,0.25,1.5,100,-10,100,1,5,250,40,5,250,50,1,6,11,0,0.06,4,0.05,50,8,4,2,2,100,144,5,5,300,1.05,1.05,6.0,2.0,10,6,6,-1,
5,P005,1,ft_jnd,FrameTimeStutter,272,1.03016,2.8765,1358.02,1223.03,0.000,0.000,1358.02,1223.03,1.4266,10.1980,0.0000,2.6973,0.0000,-1.2707,Left,0,0,0,0,86.667,0,0.000,ft_jnd,FrameTimeStutter,1,0,1,0,1,1,0.25,0.25,1.5,100,-10,100,1,5,250,40,5,250,50,1,6,11,0,0.06,4,0.05,50,8,4,2,2,100,144,5,5,300,1.05,1.05,6.0,2.0,10,6,6,-1,
5,P005,1,ft_jnd,FrameTimeStutter,273,1.03494,4.7765,1358.02,1223.03,0.000,0.000,1358.02,1223.03,1.4266,10.1980,0.0000,2.6973,0.0000,-1.2707,Left,0,0,0,0,86.667,0,0.000,ft_jnd,FrameTimeStutter,1,0,1,0,1,1,0.25,0.25,1.5,100,-10,100,1,5,250,40,5,250,50,1,6,11,0,0.06,4,0.05,50,8,4,2,2,100,144,5,5,300,1.05,1.05,6.0,2.0,10,6,6,-1,
5,P005,1,ft_jnd,FrameTimeStutter,274,1.03825,3.3095,1358.02,1223.03,0.000,0.000,1358.02,1223.03,1.4266,10.1980,0.0000,2.6973,0.0000,-1.2707,Left,0,0,0,0,86.667,0,0.000,ft_jnd,FrameTimeStutter,1,0,1,0,1,1,0.25,0.25,1.5,100,-10,100,1,5,250,40,5,250,50,1,6,11,0,0.06,4,0.05,50,8,4,2,2,100,144,5,5,300,1.05,1.05,6.0,2.0,10,6,6,-1,
5,P005,1,ft_jnd,FrameTimeStutter,275,1.04117,2.9276,1358.02,1223.03,0.000,0.000,1358.02,1223.03,1.4266,10.1980,0.0000,2.6973,0.0000,-1.2707,Left,0,0,0,0,86.667,0,0.000,ft_jnd,FrameTimeStutter,1,0,1,0,1,1,0.25,0.25,1.5,100,-10,100,1,5,250,40,5,250,50,1,6,11,0,0.06,4,0.05,50,8,4,2,2,100,144,5,5,300,1.05,1.05,6.0,2.0,10,6,6,-1,
5,P005,1,ft_jnd,FrameTimeStutter,276,1.04528,4.1022,1358.02,1223.03,0.000,0.000,1358.02,1223.03,1.4266,10.1980,0.0000,2.6973,0.0000,-1.2707,Left,0,0,0,0,86.667,0,0.000,ft_jnd,FrameTimeStutter,1,0,1,0,1,1,0.25,0.25,1.5,100,-10,100,1,5,250,40,5,250,50,1,6,11,0,0.06,4,0.05,50,8,4,2,2,100,144,5,5,300,1.05,1.05,6.0,2.0,10,6,6,-1,
5,P005,1,ft_jnd,FrameTimeStutter,277,1.04920,3.9246,1358.02,1223.03,0.000,0.000,1358.02,1223.03,1.4266,10.1980,0.0000,2.6973,0.0000,-1.2707,Left,0,0,0,0,86.667,0,0.000,ft_jnd,FrameTimeStutter,1,0,1,0,1,1,0.25,0.25,1.5,100,-10,100,1,5,250,40,5,250,50,1,6,11,0,0.06,4,0.05,50,8,4,2,2,100,144,5,5,300,1.05,1.05,6.0,2.0,10,6,6,-1,
5,P005,1,ft_jnd,FrameTimeStutter,278,1.05347,4.2709,1358.02,1223.03,0.000,0.000,1358.02,1223.03,1.4266,10.1980,0.0000,2.6973,0.0000,-1.2707,Left,0,0,0,0,86.667,0,0.000,ft_jnd,FrameTimeStutter,1,0,1,0,1,1,0.25,0.25,1.5,100,-10,100,1,5,250,40,5,250,50,1,6,11,0,0.06,4,0.05,50,8,4,2,2,100,144,5,5,300,1.05,1.05,6.0,2.0,10,6,6,-1,
5,P005,1,ft_jnd,FrameTimeStutter,279,1.05777,4.3036,1358.02,1223.03,0.000,0.000,1358.02,1223.03,1.4266,10.1980,0.0000,2.6973,0.0000,-1.2707,Left,0,0,0,0,86.667,0,0.000,ft_jnd,FrameTimeStutter,1,0,1,0,1,1,0.25,0.25,1.5,100,-10,100,1,5,250,40,5,250,50,1,6,11,0,0.06,4,0.05,50,8,4,2,2,100,144,5,5,300,1.05,1.05,6.0,2.0,10,6,6,-1,
5,P005,1,ft_jnd,FrameTimeStutter,280,1.06161,3.8391,1358.02,1223.03,0.000,0.000,1358.02,1223.03,1.4266,10.1980,0.0000,2.6973,0.0000,-1.2707,Left,0,0,0,0,86.667,0,0.000,ft_jnd,FrameTimeStutter,1,0,1,0,1,1,0.25,0.25,1.5,100,-10,100,1,5,250,40,5,250,50,1,6,11,0,0.06,4,0.05,50,8,4,2,2,100,144,5,5,300,1.05,1.05,6.0,2.0,10,6,6,-1,
5,P005,1,ft_jnd,FrameTimeStutter,281,1.06601,4.3927,1358.02,1223.03,0.000,0.000,1358.02,1223.03,1.4266,10.1980,0.0000,2.6973,0.0000,-1.2707,Left,0,0,0,0,86.667,0,0.000,ft_jnd,FrameTimeStutter,1,0,1,0,1,1,0.25,0.25,1.5,100,-10,100,1,5,250,40,5,250,50,1,6,11,0,0.06,4,0.05,50,8,4,2,2,100,144,5,5,300,1.05,1.05,6.0,2.0,10,6,6,-1,
5,P005,1,ft_jnd,FrameTimeStutter,282,1.06932,3.3119,1358.02,1223.03,0.000,0.000,1358.02,1223.03,1.4266,10.1980,0.0000,2.6973,0.0000,-1.2707,Left,0,0,0,0,86.667,0,0.000,ft_jnd,FrameTimeStutter,1,0,1,0,1,1,0.25,0.25,1.5,100,-10,100,1,5,250,40,5,250,50,1,6,11,0,0.06,4,0.05,50,8,4,2,2,100,144,5,5,300,1.05,1.05,6.0,2.0,10,6,6,-1,
5,P005,1,ft_jnd,FrameTimeStutter,283,1.07232,3.0030,1358.02,1223.03,0.000,0.000,1358.02,1223.03,1.4266,10.1980,0.0000,2.6973,0.0000,-1.2707,Left,0,0,0,0,86.667,0,0.000,ft_jnd,FrameTimeStutter,1,0,1,0,1,1,0.25,0.25,1.5,100,-10,100,1,5,250,40,5,250,50,1,6,11,0,0.06,4,0.05,50,8,4,2,2,100,144,5,5,300,1.05,1.05,6.0,2.0,10,6,6,-1,
5,P005,1,ft_jnd,FrameTimeStutter,284,1.07629,3.9709,1358.02,1223.03,0.000,0.000,1358.02,1223.03,1.4266,10.1980,0.0000,2.6973,0.0000,-1.2707,Left,0,0,0,0,86.667,0,0.000,ft_jnd,FrameTimeStutter,1,0,1,0,1,1,0.25,0.25,1.5,100,-10,100,1,5,250,40,5,250,50,1,6,11,0,0.06,4,0.05,50,8,4,2,2,100,144,5,5,300,1.05,1.05,6.0,2.0,10,6,6,-1,
5,P005,1,ft_jnd,FrameTimeStutter,285,1.07914,2.8498,1358.02,1223.03,0.000,0.000,1358.02,1223.03,1.4266,10.1980,0.0000,2.6973,0.0000,-1.2707,Left,0,0,0,0,86.667,0,0.000,ft_jnd,FrameTimeStutter,1,0,1,0,1,1,0.25,0.25,1.5,100,-10,100,1,5,250,40,5,250,50,1,6,11,0,0.06,4,0.05,50,8,4,2,2,100,144,5,5,300,1.05,1.05,6.0,2.0,10,6,6,-1,
5,P005,1,ft_jnd,FrameTimeStutter,286,1.08374,4.5930,1358.02,1223.03,0.000,0.000,1358.02,1223.03,1.4266,10.1980,0.0000,2.6973,0.0000,-1.2707,Left,0,0,0,0,86.667,0,0.000,ft_jnd,FrameTimeStutter,1,0,1,0,1,1,0.25,0.25,1.5,100,-10,100,1,5,250,40,5,250,50,1,6,11,0,0.06,4,0.05,50,8,4,2,2,100,144,5,5,300,1.05,1.05,6.0,2.0,10,6,6,-1,
5,P005,1,ft_jnd,FrameTimeStutter,287,1.08795,4.2122,1358.02,1223.03,0.000,0.000,1358.02,1223.03,1.4266,10.1980,0.0000,2.6973,0.0000,-1.2707,Left,0,0,0,0,86.667,0,0.000,ft_jnd,FrameTimeStutter,1,0,1,0,1,1,0.25,0.25,1.5,100,-10,100,1,5,250,40,5,250,50,1,6,11,0,0.06,4,0.05,50,8,4,2,2,100,144,5,5,300,1.05,1.05,6.0,2.0,10,6,6,-1,
5,P005,1,ft_jnd,FrameTimeStutter,288,1.09115,3.2068,1358.02,1223.03,0.000,0.000,1358.02,1223.03,1.4266,10.1980,0.0000,2.6973,0.0000,-1.2707,Left,0,0,0,0,86.667,0,0.000,ft_jnd,FrameTimeStutter,1,0,1,0,1,1,0.25,0.25,1.5,100,-10,100,1,5,250,40,5,250,50,1,6,11,0,0.06,4,0.05,50,8,4,2,2,100,144,5,5,300,1.05,1.05,6.0,2.0,10,6,6,-1,
5,P005,1,ft_jnd,FrameTimeStutter,289,1.09623,5.0766,1358.02,1223.03,0.000,0.000,1358.02,1223.03,1.4266,10.1980,0.0000,2.6973,0.0000,-1.2707,Left,0,0,0,0,86.667,0,0.000,ft_jnd,FrameTimeStutter,1,0,1,0,1,1,0.25,0.25,1.5,100,-10,100,1,5,250,40,5,250,50,1,6,11,0,0.06,4,0.05,50,8,4,2,2,100,144,5,5,300,1.05,1.05,6.0,2.0,10,6,6,-1,
5,P005,1,ft_jnd,FrameTimeStutter,290,1.10046,4.2300,1358.02,1223.03,0.000,0.000,1358.02,1223.03,1.4266,10.1980,0.0000,2.6973,0.0000,-1.2707,Left,0,0,0,0,86.667,0,0.000,ft_jnd,FrameTimeStutter,1,0,1,0,1,1,0.25,0.25,1.5,100,-10,100,1,5,250,40,5,250,50,1,6,11,0,0.06,4,0.05,50,8,4,2,2,100,144,5,5,300,1.05,1.05,6.0,2.0,10,6,6,-1,
5,P005,1,ft_jnd,FrameTimeStutter,291,1.10453,4.0709,1358.02,1223.03,0.000,0.000,1358.02,1223.03,1.4266,10.1980,0.0000,2.6973,0.0000,-1.2707,Left,0,0,0,0,86.667,0,0.000,ft_jnd,FrameTimeStutter,1,0,1,0,1,1,0.25,0.25,1.5,100,-10,100,1,5,250,40,5,250,50,1,6,11,0,0.06,4,0.05,50,8,4,2,2,100,144,5,5,300,1.05,1.05,6.0,2.0,10,6,6,-1,
5,P005,1,ft_jnd,FrameTimeStutter,292,1.10857,4.0411,1358.02,1223.03,0.000,0.000,1358.02,1223.03,1.4266,10.1980,0.0000,2.6973,0.0000,-1.2707,Left,0,0,0,0,86.667,0,0.000,ft_jnd,FrameTimeStutter,1,0,1,0,1,1,0.25,0.25,1.5,100,-10,100,1,5,250,40,5,250,50,1,6,11,0,0.06,4,0.05,50,8,4,2,2,100,144,5,5,300,1.05,1.05,6.0,2.0,10,6,6,-1,
5,P005,1,ft_jnd,FrameTimeStutter,293,1.11275,4.1782,1358.02,1223.03,0.000,0.000,1358.02,1223.03,1.4266,10.1980,0.0000,2.6973,0.0000,-1.2707,Left,0,0,0,0,86.667,0,0.000,ft_jnd,FrameTimeStutter,1,0,1,0,1,1,0.25,0.25,1.5,100,-10,100,1,5,250,40,5,250,50,1,6,11,0,0.06,4,0.05,50,8,4,2,2,100,144,5,5,300,1.05,1.05,6.0,2.0,10,6,6,-1,
5,P005,1,ft_jnd,FrameTimeStutter,294,1.11690,4.1446,1358.02,1223.03,0.000,0.000,1358.02,1223.03,1.4266,10.1980,0.0000,2.6973,0.0000,-1.2707,Left,0,0,0,0,86.667,0,0.000,ft_jnd,FrameTimeStutter,1,0,1,0,1,1,0.25,0.25,1.5,100,-10,100,1,5,250,40,5,250,50,1,6,11,0,0.06,4,0.05,50,8,4,2,2,100,144,5,5,300,1.05,1.05,6.0,2.0,10,6,6,-1,
5,P005,1,ft_jnd,FrameTimeStutter,295,1.11973,2.8327,1358.02,1223.03,0.000,0.000,1358.02,1223.03,1.4266,10.1980,0.0000,2.6973,0.0000,-1.2707,Left,0,0,0,0,86.667,0,0.000,ft_jnd,FrameTimeStutter,1,0,1,0,1,1,0.25,0.25,1.5,100,-10,100,1,5,250,40,5,250,50,1,6,11,0,0.06,4,0.05,50,8,4,2,2,100,144,5,5,300,1.05,1.05,6.0,2.0,10,6,6,-1,
5,P005,1,ft_jnd,FrameTimeStutter,296,1.12395,4.2201,1358.02,1223.03,0.000,0.000,1358.02,1223.03,1.4266,10.1980,0.0000,2.6973,0.0000,-1.2707,Left,0,0,0,0,86.667,0,0.000,ft_jnd,FrameTimeStutter,1,0,1,0,1,1,0.25,0.25,1.5,100,-10,100,1,5,250,40,5,250,50,1,6,11,0,0.06,4,0.05,50,8,4,2,2,100,144,5,5,300,1.05,1.05,6.0,2.0,10,6,6,-1,
5,P005,1,ft_jnd,FrameTimeStutter,297,1.12687,2.9182,1358.02,1223.03,0.000,0.000,1358.02,1223.03,1.4266,10.1980,0.0000,2.6973,0.0000,-1.2707,Left,0,0,0,0,86.667,0,0.000,ft_jnd,FrameTimeStutter,1,0,1,0,1,1,0.25,0.25,1.5,100,-10,100,1,5,250,40,5,250,50,1,6,11,0,0.06,4,0.05,50,8,4,2,2,100,144,5,5,300,1.05,1.05,6.0,2.0,10,6,6,-1,
5,P005,1,ft_jnd,FrameTimeStutter,298,1.13059,3.7261,1358.02,1223.03,0.000,0.000,1358.02,1223.03,1.4266,10.1980,0.0000,2.6973,0.0000,-1.2707,Left,0,0,0,0,86.667,0,0.000,ft_jnd,FrameTimeStutter,1,0,1,0,1,1,0.25,0.25,1.5,100,-10,100,1,5,250,40,5,250,50,1,6,11,0,0.06,4,0.05,50,8,4,2,2,100,144,5,5,300,1.05,1.05,6.0,2.0,10,6,6,-1,
5,P005,1,ft_jnd,FrameTimeStutter,299,1.13452,3.9280,1358.02,1223.03,0.000,0.000,1358.02,1223.03,1.4266,10.1980,0.0000,2.6973,0.0000,-1.2707,Left,0,0,0,0,86.667,0,0.000,ft_jnd,FrameTimeStutter,1,0,1,0,1,1,0.25,0.25,1.5,100,-10,100,1,5,250,40,5,250,50,1,6,11,0,0.06,4,0.05,50,8,4,2,2,100,144,5,5,300,1.05,1.05,6.0,2.0,10,6,6,-1,
5,P005,1,ft_jnd,FrameTimeStutter,300,1.13787,3.3456,1358.02,1223.03,0.000,0.000,1358.02,1223.03,1.4266,10.1980,0.0000,2.6973,0.0000,-1.2707,Left,0,0,0,0,86.667,0,0.000,ft_jnd,FrameTimeStutter,1,0,1,0,1,1,0.25,0.25,1.5,100,-10,100,1,5,250,40,5,250,50,1,6,11,0,0.06,4,0.05,50,8,4,2,2,100,144,5,5,300,1.05,1.05,6.0,2.0,10,6,6,-1,
5,P005,1,ft_jnd,FrameTimeStutter,301,1.14231,4.4457,1358.02,1223.03,0.000,0.000,1358.02,1223.03,1.4266,10.1980,0.0000,2.6973,0.0000,-1.2707,Left,0,0,0,0,86.667,0,0.000,ft_jnd,FrameTimeStutter,1,0,1,0,1,1,0.25,0.25,1.5,100,-10,100,1,5,250,40,5,250,50,1,6,11,0,0.06,4,0.05,50,8,4,2,2,100,144,5,5,300,1.05,1.05,6.0,2.0,10,6,6,-1,
5,P005,1,ft_jnd,FrameTimeStutter,302,1.14617,3.8541,1358.02,1223.03,0.000,0.000,1358.02,1223.03,1.4266,10.1980,0.0000,2.6973,0.0000,-1.2707,Left,0,0,0,0,86.667,0,0.000,ft_jnd,FrameTimeStutter,1,0,1,0,1,1,0.25,0.25,1.5,100,-10,100,1,5,250,40,5,250,50,1,6,11,0,0.06,4,0.05,50,8,4,2,2,100,144,5,5,300,1.05,1.05,6.0,2.0,10,6,6,-1,
5,P005,1,ft_jnd,FrameTimeStutter,303,1.14944,3.2722,1358.02,1223.03,0.000,0.000,1358.02,1223.03,1.4266,10.1980,0.0000,2.6973,0.0000,-1.2707,Left,0,0,0,0,86.667,0,0.000,ft_jnd,FrameTimeStutter,1,0,1,0,1,1,0.25,0.25,1.5,100,-10,100,1,5,250,40,5,250,50,1,6,11,0,0.06,4,0.05,50,8,4,2,2,100,144,5,5,300,1.05,1.05,6.0,2.0,10,6,6,-1,
5,P005,1,ft_jnd,FrameTimeStutter,304,1.15371,4.2755,1358.02,1223.03,0.000,0.000,1358.02,1223.03,1.4266,10.1980,0.0000,2.6973,0.0000,-1.2707,Left,0,0,0,0,86.667,0,0.000,ft_jnd,FrameTimeStutter,1,0,1,0,1,1,0.25,0.25,1.5,100,-10,100,1,5,250,40,5,250,50,1,6,11,0,0.06,4,0.05,50,8,4,2,2,100,144,5,5,300,1.05,1.05,6.0,2.0,10,6,6,-1,
5,P005,1,ft_jnd,FrameTimeStutter,305,1.15662,2.9042,1358.02,1223.03,0.000,0.000,1358.02,1223.03,1.4266,10.1980,0.0000,2.6973,0.0000,-1.2707,Left,0,0,0,0,86.667,0,0.000,ft_jnd,FrameTimeStutter,1,0,1,0,1,1,0.25,0.25,1.5,100,-10,100,1,5,250,40,5,250,50,1,6,11,0,0.06,4,0.05,50,8,4,2,2,100,144,5,5,300,1.05,1.05,6.0,2.0,10,6,6,-1,
5,P005,1,ft_jnd,FrameTimeStutter,306,1.16140,4.7836,1358.02,1223.03,0.000,0.000,1358.02,1223.03,1.4266,10.1980,0.0000,2.6973,0.0000,-1.2707,Left,0,0,0,0,86.667,0,0.000,ft_jnd,FrameTimeStutter,1,0,1,0,1,1,0.25,0.25,1.5,100,-10,100,1,5,250,40,5,250,50,1,6,11,0,0.06,4,0.05,50,8,4,2,2,100,144,5,5,300,1.05,1.05,6.0,2.0,10,6,6,-1,
5,P005,1,ft_jnd,FrameTimeStutter,307,1.16429,2.8939,1358.02,1223.03,0.000,0.000,1358.02,1223.03,1.4266,10.1980,0.0000,2.6973,0.0000,-1.2707,Left,0,0,0,0,86.667,0,0.000,ft_jnd,FrameTimeStutter,1,0,1,0,1,1,0.25,0.25,1.5,100,-10,100,1,5,250,40,5,250,50,1,6,11,0,0.06,4,0.05,50,8,4,2,2,100,144,5,5,300,1.05,1.05,6.0,2.0,10,6,6,-1,
5,P005,1,ft_jnd,FrameTimeStutter,308,1.16780,3.5054,1358.02,1223.03,0.000,0.000,1358.02,1223.03,1.4266,10.1980,0.0000,2.6973,0.0000,-1.2707,Left,0,0,0,0,86.667,0,0.000,ft_jnd,FrameTimeStutter,1,0,1,0,1,1,0.25,0.25,1.5,100,-10,100,1,5,250,40,5,250,50,1,6,11,0,0.06,4,0.05,50,8,4,2,2,100,144,5,5,300,1.05,1.05,6.0,2.0,10,6,6,-1,
5,P005,1,ft_jnd,FrameTimeStutter,309,1.17242,4.6157,1358.02,1223.03,0.000,0.000,1358.02,1223.03,1.4266,10.1980,0.0000,2.6973,0.0000,-1.2707,Left,0,0,0,0,86.667,0,0.000,ft_jnd,FrameTimeStutter,1,0,1,0,1,1,0.25,0.25,1.5,100,-10,100,1,5,250,40,5,250,50,1,6,11,0,0.06,4,0.05,50,8,4,2,2,100,144,5,5,300,1.05,1.05,6.0,2.0,10,6,6,-1,
5,P005,1,ft_jnd,FrameTimeStutter,310,1.17629,3.8737,1358.02,1223.03,0.000,0.000,1358.02,1223.03,1.4266,10.1980,0.0000,2.6973,0.0000,-1.2707,Left,0,0,0,0,86.667,0,0.000,ft_jnd,FrameTimeStutter,1,0,1,0,1,1,0.25,0.25,1.5,100,-10,100,1,5,250,40,5,250,50,1,6,11,0,0.06,4,0.05,50,8,4,2,2,100,144,5,5,300,1.05,1.05,6.0,2.0,10,6,6,-1,
5,P005,1,ft_jnd,FrameTimeStutter,311,1.18061,4.3209,1358.02,1223.03,0.000,0.000,1358.02,1223.03,1.4266,10.1980,0.0000,2.6973,0.0000,-1.2707,Left,0,0,0,0,86.667,0,0.000,ft_jnd,FrameTimeStutter,1,0,1,0,1,1,0.25,0.25,1.5,100,-10,100,1,5,250,40,5,250,50,1,6,11,0,0.06,4,0.05,50,8,4,2,2,100,144,5,5,300,1.05,1.05,6.0,2.0,10,6,6,-1,
5,P005,1,ft_jnd,FrameTimeStutter,312,1.18485,4.2381,1358.02,1223.03,0.000,0.000,1358.02,1223.03,1.4266,10.1980,0.0000,2.6973,0.0000,-1.2707,Left,0,0,0,0,86.667,0,0.000,ft_jnd,FrameTimeStutter,1,0,1,0,1,1,0.25,0.25,1.5,100,-10,100,1,5,250,40,5,250,50,1,6,11,0,0.06,4,0.05,50,8,4,2,2,100,144,5,5,300,1.05,1.05,6.0,2.0,10,6,6,-1,
5,P005,1,ft_jnd,FrameTimeStutter,313,1.18773,2.8777,1358.02,1223.03,0.000,0.000,1358.02,1223.03,1.4266,10.1980,0.0000,2.6973,0.0000,-1.2707,Left,0,0,0,0,86.667,0,0.000,ft_jnd,FrameTimeStutter,1,0,1,0,1,1,0.25,0.25,1.5,100,-10,100,1,5,250,40,5,250,50,1,6,11,0,0.06,4,0.05,50,8,4,2,2,100,144,5,5,300,1.05,1.05,6.0,2.0,10,6,6,-1,
5,P005,1,ft_jnd,FrameTimeStutter,314,1.19241,4.6801,1358.02,1223.03,0.000,0.000,1358.02,1223.03,1.4266,10.1980,0.0000,2.6973,0.0000,-1.2707,Left,0,0,0,0,86.667,0,0.000,ft_jnd,FrameTimeStutter,1,0,1,0,1,1,0.25,0.25,1.5,100,-10,100,1,5,250,40,5,250,50,1,6,11,0,0.06,4,0.05,50,8,4,2,2,100,144,5,5,300,1.05,1.05,6.0,2.0,10,6,6,-1,
5,P005,1,ft_jnd,FrameTimeStutter,315,1.19556,3.1572,1358.02,1223.03,0.000,0.000,1358.02,1223.03,1.4266,10.1980,0.0000,2.6973,0.0000,-1.2707,Left,0,0,0,0,86.667,0,0.000,ft_jnd,FrameTimeStutter,1,0,1,0,1,1,0.25,0.25,1.5,100,-10,100,1,5,250,40,5,250,50,1,6,11,0,0.06,4,0.05,50,8,4,2,2,100,144,5,5,300,1.05,1.05,6.0,2.0,10,6,6,-1,
5,P005,1,ft_jnd,FrameTimeStutter,316,1.19860,3.0360,1358.02,1223.03,0.000,0.000,1358.02,1223.03,1.4266,10.1980,0.0000,2.6973,0.0000,-1.2707,Left,0,0,0,0,86.667,0,0.000,ft_jnd,FrameTimeStutter,1,0,1,0,1,1,0.25,0.25,1.5,100,-10,100,1,5,250,40,5,250,50,1,6,11,0,0.06,4,0.05,50,8,4,2,2,100,144,5,5,300,1.05,1.05,6.0,2.0,10,6,6,-1,
5,P005,1,ft_jnd,FrameTimeStutter,317,1.20356,4.9594,1358.02,1223.03,0.000,0.000,1358.02,1223.03,1.4266,10.1980,0.0000,2.6973,0.0000,-1.2707,Left,0,0,0,0,86.667,0,0.000,ft_jnd,FrameTimeStutter,1,0,1,0,1,1,0.25,0.25,1.5,100,-10,100,1,5,250,40,5,250,50,1,6,11,0,0.06,4,0.05,50,8,4,2,2,100,144,5,5,300,1.05,1.05,6.0,2.0,10,6,6,-1,
5,P005,1,ft_jnd,FrameTimeStutter,318,1.20776,4.1997,1358.02,1223.03,0.000,0.000,1358.02,1223.03,1.4266,10.1980,0.0000,2.6973,0.0000,-1.2707,Left,0,0,0,0,86.667,0,0.000,ft_jnd,FrameTimeStutter,1,0,1,0,1,1,0.25,0.25,1.5,100,-10,100,1,5,250,40,5,250,50,1,6,11,0,0.06,4,0.05,50,8,4,2,2,100,144,5,5,300,1.05,1.05,6.0,2.0,10,6,6,-1,
5,P005,1,ft_jnd,FrameTimeStutter,319,1.21158,3.8210,1358.02,1223.03,0.000,0.000,1358.02,1223.03,1.4266,10.1980,0.0000,2.6973,0.0000,-1.2707,Left,0,0,0,0,86.667,0,0.000,ft_jnd,FrameTimeStutter,1,0,1,0,1,1,0.25,0.25,1.5,100,-10,100,1,5,250,40,5,250,50,1,6,11,0,0.06,4,0.05,50,8,4,2,2,100,144,5,5,300,1.05,1.05,6.0,2.0,10,6,6,-1,
5,P005,1,ft_jnd,FrameTimeStutter,320,1.21582,4.2357,1358.02,1223.03,0.000,0.000,1358.02,1223.03,1.4266,10.1980,0.0000,2.6973,0.0000,-1.2707,Left,0,0,0,0,86.667,0,0.000,ft_jnd,FrameTimeStutter,1,0,1,0,1,1,0.25,0.25,1.5,100,-10,100,1,5,250,40,5,250,50,1,6,11,0,0.06,4,0.05,50,8,4,2,2,100,144,5,5,300,1.05,1.05,6.0,2.0,10,6,6,-1,
5,P005,1,ft_jnd,FrameTimeStutter,321,1.21874,2.9239,1358.02,1223.03,0.000,0.000,1358.02,1223.03,1.4266,10.1980,0.0000,2.6973,0.0000,-1.2707,Left,0,0,0,0,86.667,0,0.000,ft_jnd,FrameTimeStutter,1,0,1,0,1,1,0.25,0.25,1.5,100,-10,100,1,5,250,40,5,250,50,1,6,11,0,0.06,4,0.05,50,8,4,2,2,100,144,5,5,300,1.05,1.05,6.0,2.0,10,6,6,-1,
5,P005,1,ft_jnd,FrameTimeStutter,322,1.22332,4.5817,1358.02,1223.03,0.000,0.000,1358.02,1223.03,1.4266,10.1980,0.0000,2.6973,0.0000,-1.2707,Left,0,0,0,0,86.667,0,0.000,ft_jnd,FrameTimeStutter,1,0,1,0,1,1,0.25,0.25,1.5,100,-10,100,1,5,250,40,5,250,50,1,6,11,0,0.06,4,0.05,50,8,4,2,2,100,144,5,5,300,1.05,1.05,6.0,2.0,10,6,6,-1,
5,P005,1,ft_jnd,FrameTimeStutter,323,1.22666,3.3380,1358.02,1223.03,0.000,0.000,1358.02,1223.03,1.4266,10.1980,0.0000,2.6973,0.0000,-1.2707,Left,0,0,0,0,86.667,0,0.000,ft_jnd,FrameTimeStutter,1,0,1,0,1,1,0.25,0.25,1.5,100,-10,100,1,5,250,40,5,250,50,1,6,11,0,0.06,4,0.05,50,8,4,2,2,100,144,5,5,300,1.05,1.05,6.0,2.0,10,6,6,-1,
5,P005,1,ft_jnd,FrameTimeStutter,324,1.22966,2.9992,1358.02,1223.03,0.000,0.000,1358.02,1223.03,1.4266,10.1980,0.0000,2.6973,0.0000,-1.2707,Left,0,0,0,0,86.667,0,0.000,ft_jnd,FrameTimeStutter,1,0,1,0,1,1,0.25,0.25,1.5,100,-10,100,1,5,250,40,5,250,50,1,6,11,0,0.06,4,0.05,50,8,4,2,2,100,144,5,5,300,1.05,1.05,6.0,2.0,10,6,6,-1,
5,P005,1,ft_jnd,FrameTimeStutter,325,1.23473,5.0676,1358.02,1223.03,0.000,0.000,1358.02,1223.03,1.4266,10.1980,0.0000,2.6973,0.0000,-1.2707,Left,0,0,0,0,86.667,0,0.000,ft_jnd,FrameTimeStutter,1,0,1,0,1,1,0.25,0.25,1.5,100,-10,100,1,5,250,40,5,250,50,1,6,11,0,0.06,4,0.05,50,8,4,2,2,100,144,5,5,300,1.05,1.05,6.0,2.0,10,6,6,-1,
5,P005,1,ft_jnd,FrameTimeStutter,326,1.23897,4.2464,1358.02,1223.03,0.000,0.000,1358.02,1223.03,1.4266,10.1980,0.0000,2.6973,0.0000,-1.2707,Left,0,0,0,0,86.667,0,0.000,ft_jnd,FrameTimeStutter,1,0,1,0,1,1,0.25,0.25,1.5,100,-10,100,1,5,250,40,5,250,50,1,6,11,0,0.06,4,0.05,50,8,4,2,2,100,144,5,5,300,1.05,1.05,6.0,2.0,10,6,6,-1,
5,P005,1,ft_jnd,FrameTimeStutter,327,1.24282,3.8507,1358.02,1223.03,0.000,0.000,1358.02,1223.03,1.4266,10.1980,0.0000,2.6973,0.0000,-1.2707,Left,0,0,0,0,86.667,0,0.000,ft_jnd,FrameTimeStutter,1,0,1,0,1,1,0.25,0.25,1.5,100,-10,100,1,5,250,40,5,250,50,1,6,11,0,0.06,4,0.05,50,8,4,2,2,100,144,5,5,300,1.05,1.05,6.0,2.0,10,6,6,-1,
5,P005,1,ft_jnd,FrameTimeStutter,328,1.24708,4.2533,1358.02,1223.03,0.000,0.000,1358.02,1223.03,1.4266,10.1980,0.0000,2.6973,0.0000,-1.2707,Left,0,0,0,0,86.667,0,0.000,ft_jnd,FrameTimeStutter,1,0,1,0,1,1,0.25,0.25,1.5,100,-10,100,1,5,250,40,5,250,50,1,6,11,0,0.06,4,0.05,50,8,4,2,2,100,144,5,5,300,1.05,1.05,6.0,2.0,10,6,6,-1,
5,P005,1,ft_jnd,FrameTimeStutter,329,1.25147,4.3972,1358.02,1223.03,0.000,0.000,1358.02,1223.03,1.4266,10.1980,0.0000,2.6973,0.0000,-1.2707,Left,0,0,0,0,86.667,0,0.000,ft_jnd,FrameTimeStutter,1,0,1,0,1,1,0.25,0.25,1.5,100,-10,100,1,5,250,40,5,250,50,1,6,11,0,0.06,4,0.05,50,8,4,2,2,100,144,5,5,300,1.05,1.05,6.0,2.0,10,6,6,-1,
5,P005,1,ft_jnd,FrameTimeStutter,330,1.25548,4.0048,1358.02,1223.03,0.000,0.000,1358.02,1223.03,1.4266,10.1980,0.0000,2.6973,0.0000,-1.2707,Left,0,0,0,0,86.667,0,0.000,ft_jnd,FrameTimeStutter,1,0,1,0,1,1,0.25,0.25,1.5,100,-10,100,1,5,250,40,5,250,50,1,6,11,0,0.06,4,0.05,50,8,4,2,2,100,144,5,5,300,1.05,1.05,6.0,2.0,10,6,6,-1,
5,P005,1,ft_jnd,FrameTimeStutter,331,1.25883,3.3478,1358.02,1223.03,0.000,0.000,1358.02,1223.03,1.4266,10.1980,0.0000,2.6973,0.0000,-1.2707,Left,0,0,0,0,86.667,0,0.000,ft_jnd,FrameTimeStutter,1,0,1,0,1,1,0.25,0.25,1.5,100,-10,100,1,5,250,40,5,250,50,1,6,11,0,0.06,4,0.05,50,8,4,2,2,100,144,5,5,300,1.05,1.05,6.0,2.0,10,6,6,-1,
5,P005,1,ft_jnd,FrameTimeStutter,332,1.26214,3.3179,1358.02,1223.03,0.000,0.000,1358.02,1223.03,1.4266,10.1980,0.0000,2.6973,0.0000,-1.2707,Left,0,0,0,0,86.667,0,0.000,ft_jnd,FrameTimeStutter,1,0,1,0,1,1,0.25,0.25,1.5,100,-10,100,1,5,250,40,5,250,50,1,6,11,0,0.06,4,0.05,50,8,4,2,2,100,144,5,5,300,1.05,1.05,6.0,2.0,10,6,6,-1,
5,P005,1,ft_jnd,FrameTimeStutter,333,1.26566,3.5139,1358.02,1223.03,0.000,0.000,1358.02,1223.03,1.4266,10.1980,0.0000,2.6973,0.0000,-1.2707,Left,0,0,0,0,86.667,0,0.000,ft_jnd,FrameTimeStutter,1,0,1,0,1,1,0.25,0.25,1.5,100,-10,100,1,5,250,40,5,250,50,1,6,11,0,0.06,4,0.05,50,8,4,2,2,100,144,5,5,300,1.05,1.05,6.0,2.0,10,6,6,-1,
5,P005,1,ft_jnd,FrameTimeStutter,334,1.26993,4.2716,1358.02,1223.03,0.000,0.000,1358.02,1223.03,1.4266,10.1980,0.0000,2.6973,0.0000,-1.2707,Left,0,0,0,0,86.667,0,0.000,ft_jnd,FrameTimeStutter,1,0,1,0,1,1,0.25,0.25,1.5,100,-10,100,1,5,250,40,5,250,50,1,6,11,0,0.06,4,0.05,50,8,4,2,2,100,144,5,5,300,1.05,1.05,6.0,2.0,10,6,6,-1,
5,P005,1,ft_jnd,FrameTimeStutter,335,1.27377,3.8352,1358.02,1223.03,0.000,0.000,1358.02,1223.03,1.4266,10.1980,0.0000,2.6973,0.0000,-1.2707,Left,0,0,0,0,86.667,0,0.000,ft_jnd,FrameTimeStutter,1,0,1,0,1,1,0.25,0.25,1.5,100,-10,100,1,5,250,40,5,250,50,1,6,11,0,0.06,4,0.05,50,8,4,2,2,100,144,5,5,300,1.05,1.05,6.0,2.0,10,6,6,-1,
5,P005,1,ft_jnd,FrameTimeStutter,336,1.27821,4.4444,1358.02,1223.03,0.000,0.000,1358.02,1223.03,1.4266,10.1980,0.0000,2.6973,0.0000,-1.2707,Left,0,0,0,0,86.667,0,0.000,ft_jnd,FrameTimeStutter,1,0,1,0,1,1,0.25,0.25,1.5,100,-10,100,1,5,250,40,5,250,50,1,6,11,0,0.06,4,0.05,50,8,4,2,2,100,144,5,5,300,1.05,1.05,6.0,2.0,10,6,6,-1,
5,P005,1,ft_jnd,FrameTimeStutter,337,1.28245,4.2366,1358.02,1223.03,0.000,0.000,1358.02,1223.03,1.4266,10.1980,0.0000,2.6973,0.0000,-1.2707,Left,0,0,0,0,86.667,0,0.000,ft_jnd,FrameTimeStutter,1,0,1,0,1,1,0.25,0.25,1.5,100,-10,100,1,5,250,40,5,250,50,1,6,11,0,0.06,4,0.05,50,8,4,2,2,100,144,5,5,300,1.05,1.05,6.0,2.0,10,6,6,-1,
5,P005,1,ft_jnd,FrameTimeStutter,338,1.28672,4.2758,1358.02,1223.03,0.000,0.000,1358.02,1223.03,1.4266,10.1980,0.0000,2.6973,0.0000,-1.2707,Left,0,0,0,0,86.667,0,0.000,ft_jnd,FrameTimeStutter,1,0,1,0,1,1,0.25,0.25,1.5,100,-10,100,1,5,250,40,5,250,50,1,6,11,0,0.06,4,0.05,50,8,4,2,2,100,144,5,5,300,1.05,1.05,6.0,2.0,10,6,6,-1,
5,P005,1,ft_jnd,FrameTimeStutter,339,1.28955,2.8290,1358.02,1223.03,0.000,0.000,1358.02,1223.03,1.4266,10.1980,0.0000,2.6973,0.0000,-1.2707,Left,0,0,0,0,86.667,0,0.000,ft_jnd,FrameTimeStutter,1,0,1,0,1,1,0.25,0.25,1.5,100,-10,100,1,5,250,40,5,250,50,1,6,11,0,0.06,4,0.05,50,8,4,2,2,100,144,5,5,300,1.05,1.05,6.0,2.0,10,6,6,-1,
5,P005,1,ft_jnd,FrameTimeStutter,340,1.29323,3.6760,1358.02,1223.03,0.000,0.000,1358.02,1223.03,1.4266,10.1980,0.0000,2.6973,0.0000,-1.2707,Left,0,0,0,0,86.667,0,0.000,ft_jnd,FrameTimeStutter,1,0,1,0,1,1,0.25,0.25,1.5,100,-10,100,1,5,250,40,5,250,50,1,6,11,0,0.06,4,0.05,50,8,4,2,2,100,144,5,5,300,1.05,1.05,6.0,2.0,10,6,6,-1,
5,P005,1,ft_jnd,FrameTimeStutter,341,1.29704,3.8172,1358.02,1223.03,0.000,0.000,1358.02,1223.03,1.4266,10.1980,0.0000,2.6973,0.0000,-1.2707,Left,0,0,0,0,86.667,0,0.000,ft_jnd,FrameTimeStutter,1,0,1,0,1,1,0.25,0.25,1.5,100,-10,100,1,5,250,40,5,250,50,1,6,11,0,0.06,4,0.05,50,8,4,2,2,100,144,5,5,300,1.05,1.05,6.0,2.0,10,6,6,-1,
5,P005,1,ft_jnd,FrameTimeStutter,342,1.30127,4.2266,1358.02,1223.03,0.000,0.000,1358.02,1223.03,1.4266,10.1980,0.0000,2.6973,0.0000,-1.2707,Left,0,0,0,0,86.667,0,0.000,ft_jnd,FrameTimeStutter,1,0,1,0,1,1,0.25,0.25,1.5,100,-10,100,1,5,250,40,5,250,50,1,6,11,0,0.06,4,0.05,50,8,4,2,2,100,144,5,5,300,1.05,1.05,6.0,2.0,10,6,6,-1,
5,P005,1,ft_jnd,FrameTimeStutter,343,1.30553,4.2622,1358.02,1223.03,0.000,0.000,1358.02,1223.03,1.4266,10.1980,0.0000,2.6973,0.0000,-1.2707,Left,0,0,0,0,86.667,0,0.000,ft_jnd,FrameTimeStutter,1,0,1,0,1,1,0.25,0.25,1.5,100,-10,100,1,5,250,40,5,250,50,1,6,11,0,0.06,4,0.05,50,8,4,2,2,100,144,5,5,300,1.05,1.05,6.0,2.0,10,6,6,-1,
5,P005,1,ft_jnd,FrameTimeStutter,344,1.30938,3.8515,1358.02,1223.03,0.000,0.000,1358.02,1223.03,1.4266,10.1980,0.0000,2.6973,0.0000,-1.2707,Left,0,0,0,0,86.667,0,0.000,ft_jnd,FrameTimeStutter,1,0,1,0,1,1,0.25,0.25,1.5,100,-10,100,1,5,250,40,5,250,50,1,6,11,0,0.06,4,0.05,50,8,4,2,2,100,144,5,5,300,1.05,1.05,6.0,2.0,10,6,6,-1,
5,P005,1,ft_jnd,FrameTimeStutter,345,1.31364,4.2519,1358.02,1223.03,0.000,0.000,1358.02,1223.03,1.4266,10.1980,0.0000,2.6973,0.0000,-1.2707,Left,0,0,0,0,86.667,0,0.000,ft_jnd,FrameTimeStutter,1,0,1,0,1,1,0.25,0.25,1.5,100,-10,100,1,5,250,40,5,250,50,1,6,11,0,0.06,4,0.05,50,8,4,2,2,100,144,5,5,300,1.05,1.05,6.0,2.0,10,6,6,-1,
5,P005,1,ft_jnd,FrameTimeStutter,346,1.31693,3.2986,1358.02,1223.03,0.000,0.000,1358.02,1223.03,1.4266,10.1980,0.0000,2.6973,0.0000,-1.2707,Left,0,0,0,0,86.667,0,0.000,ft_jnd,FrameTimeStutter,1,0,1,0,1,1,0.25,0.25,1.5,100,-10,100,1,5,250,40,5,250,50,1,6,11,0,0.06,4,0.05,50,8,4,2,2,100,144,5,5,300,1.05,1.05,6.0,2.0,10,6,6,-1,
5,P005,1,ft_jnd,FrameTimeStutter,347,1.31983,2.8973,1358.02,1223.03,0.000,0.000,1358.02,1223.03,1.4266,10.1980,0.0000,2.6973,0.0000,-1.2707,Left,0,0,0,0,86.667,0,0.000,ft_jnd,FrameTimeStutter,1,0,1,0,1,1,0.25,0.25,1.5,100,-10,100,1,5,250,40,5,250,50,1,6,11,0,0.06,4,0.05,50,8,4,2,2,100,144,5,5,300,1.05,1.05,6.0,2.0,10,6,6,-1,
5,P005,1,ft_jnd,FrameTimeStutter,348,1.32345,3.6163,1358.02,1223.03,0.000,0.000,1358.02,1223.03,1.4266,10.1980,0.0000,2.6973,0.0000,-1.2707,Left,0,0,0,0,86.667,0,0.000,ft_jnd,FrameTimeStutter,1,0,1,0,1,1,0.25,0.25,1.5,100,-10,100,1,5,250,40,5,250,50,1,6,11,0,0.06,4,0.05,50,8,4,2,2,100,144,5,5,300,1.05,1.05,6.0,2.0,10,6,6,-1,
5,P005,1,ft_jnd,FrameTimeStutter,349,1.32636,2.9115,1358.02,1223.03,0.000,0.000,1358.02,1223.03,1.4266,10.1980,0.0000,2.6973,0.0000,-1.2707,Left,0,0,0,0,86.667,0,0.000,ft_jnd,FrameTimeStutter,1,0,1,0,1,1,0.25,0.25,1.5,100,-10,100,1,5,250,40,5,250,50,1,6,11,0,0.06,4,0.05,50,8,4,2,2,100,144,5,5,300,1.05,1.05,6.0,2.0,10,6,6,-1,
5,P005,1,ft_jnd,FrameTimeStutter,350,1.33014,3.7771,1358.02,1223.03,0.000,0.000,1358.02,1223.03,1.4266,10.1980,0.0000,2.6973,0.0000,-1.2707,Left,0,0,0,0,86.667,0,0.000,ft_jnd,FrameTimeStutter,1,0,1,0,1,1,0.25,0.25,1.5,100,-10,100,1,5,250,40,5,250,50,1,6,11,0,0.06,4,0.05,50,8,4,2,2,100,144,5,5,300,1.05,1.05,6.0,2.0,10,6,6,-1,
5,P005,1,ft_jnd,FrameTimeStutter,351,1.33404,3.9080,1358.02,1223.03,0.000,0.000,1358.02,1223.03,1.4266,10.1980,0.0000,2.6973,0.0000,-1.2707,Left,0,0,0,0,86.667,0,0.000,ft_jnd,FrameTimeStutter,1,0,1,0,1,1,0.25,0.25,1.5,100,-10,100,1,5,250,40,5,250,50,1,6,11,0,0.06,4,0.05,50,8,4,2,2,100,144,5,5,300,1.05,1.05,6.0,2.0,10,6,6,-1,
5,P005,1,ft_jnd,FrameTimeStutter,352,1.33833,4.2899,1358.02,1223.03,0.000,0.000,1358.02,1223.03,1.4266,10.1980,0.0000,2.6973,0.0000,-1.2707,Left,0,0,0,0,86.667,0,0.000,ft_jnd,FrameTimeStutter,1,0,1,0,1,1,0.25,0.25,1.5,100,-10,100,1,5,250,40,5,250,50,1,6,11,0,0.06,4,0.05,50,8,4,2,2,100,144,5,5,300,1.05,1.05,6.0,2.0,10,6,6,-1,
5,P005,1,ft_jnd,FrameTimeStutter,353,1.34167,3.3325,1358.02,1223.03,0.000,0.000,1358.02,1223.03,1.4266,10.1980,0.0000,2.6973,0.0000,-1.2707,Left,0,0,0,0,86.667,0,0.000,ft_jnd,FrameTimeStutter,1,0,1,0,1,1,0.25,0.25,1.5,100,-10,100,1,5,250,40,5,250,50,1,6,11,0,0.06,4,0.05,50,8,4,2,2,100,144,5,5,300,1.05,1.05,6.0,2.0,10,6,6,-1,
5,P005,1,ft_jnd,FrameTimeStutter,354,1.34473,3.0598,1358.02,1223.03,0.000,0.000,1358.02,1223.03,1.4266,10.1980,0.0000,2.6973,0.0000,-1.2707,Left,0,0,0,0,86.667,0,0.000,ft_jnd,FrameTimeStutter,1,0,1,0,1,1,0.25,0.25,1.5,100,-10,100,1,5,250,40,5,250,50,1,6,11,0,0.06,4,0.05,50,8,4,2,2,100,144,5,5,300,1.05,1.05,6.0,2.0,10,6,6,-1,
5,P005,1,ft_jnd,FrameTimeStutter,355,1.34912,4.3890,1358.02,1223.03,0.000,0.000,1358.02,1223.03,1.4266,10.1980,0.0000,2.6973,0.0000,-1.2707,Left,0,0,0,0,86.667,0,0.000,ft_jnd,FrameTimeStutter,1,0,1,0,1,1,0.25,0.25,1.5,100,-10,100,1,5,250,40,5,250,50,1,6,11,0,0.06,4,0.05,50,8,4,2,2,100,144,5,5,300,1.05,1.05,6.0,2.0,10,6,6,-1,
5,P005,1,ft_jnd,FrameTimeStutter,356,1.35198,2.8668,1358.02,1223.03,0.000,0.000,1358.02,1223.03,1.4266,10.1980,0.0000,2.6973,0.0000,-1.2707,Left,0,0,0,0,86.667,0,0.000,ft_jnd,FrameTimeStutter,1,0,1,0,1,1,0.25,0.25,1.5,100,-10,100,1,5,250,40,5,250,50,1,6,11,0,0.06,4,0.05,50,8,4,2,2,100,144,5,5,300,1.05,1.05,6.0,2.0,10,6,6,-1,
5,P005,1,ft_jnd,FrameTimeStutter,357,1.35661,4.6317,1358.02,1223.03,0.000,0.000,1358.02,1223.03,1.4266,10.1980,0.0000,2.6973,0.0000,-1.2707,Left,0,0,0,0,86.667,0,0.000,ft_jnd,FrameTimeStutter,1,0,1,0,1,1,0.25,0.25,1.5,100,-10,100,1,5,250,40,5,250,50,1,6,11,0,0.06,4,0.05,50,8,4,2,2,100,144,5,5,300,1.05,1.05,6.0,2.0,10,6,6,-1,
5,P005,1,ft_jnd,FrameTimeStutter,358,1.36081,4.1967,1358.02,1223.03,0.000,0.000,1358.02,1223.03,1.4266,10.1980,0.0000,2.6973,0.0000,-1.2707,Left,0,0,0,0,86.667,0,0.000,ft_jnd,FrameTimeStutter,1,0,1,0,1,1,0.25,0.25,1.5,100,-10,100,1,5,250,40,5,250,50,1,6,11,0,0.06,4,0.05,50,8,4,2,2,100,144,5,5,300,1.05,1.05,6.0,2.0,10,6,6,-1,
5,P005,1,ft_jnd,FrameTimeStutter,359,1.36504,4.2256,1358.02,1223.03,0.000,0.000,1358.02,1223.03,1.4266,10.1980,0.0000,2.6973,0.0000,-1.2707,Left,0,0,0,0,86.667,0,0.000,ft_jnd,FrameTimeStutter,1,0,1,0,1,1,0.25,0.25,1.5,100,-10,100,1,5,250,40,5,250,50,1,6,11,0,0.06,4,0.05,50,8,4,2,2,100,144,5,5,300,1.05,1.05,6.0,2.0,10,6,6,-1,
5,P005,1,ft_jnd,FrameTimeStutter,360,1.36788,2.8427,1358.02,1223.03,0.000,0.000,1358.02,1223.03,1.4266,10.1980,0.0000,2.6973,0.0000,-1.2707,Left,0,0,0,0,86.667,0,0.000,ft_jnd,FrameTimeStutter,1,0,1,0,1,1,0.25,0.25,1.5,100,-10,100,1,5,250,40,5,250,50,1,6,11,0,0.06,4,0.05,50,8,4,2,2,100,144,5,5,300,1.05,1.05,6.0,2.0,10,6,6,-1,
5,P005,1,ft_jnd,FrameTimeStutter,361,1.37145,3.5701,1358.02,1223.03,0.000,0.000,1358.02,1223.03,1.4266,10.1980,0.0000,2.6973,0.0000,-1.2707,Left,0,0,0,0,86.667,0,0.000,ft_jnd,FrameTimeStutter,1,0,1,0,1,1,0.25,0.25,1.5,100,-10,100,1,5,250,40,5,250,50,1,6,11,0,0.06,4,0.05,50,8,4,2,2,100,144,5,5,300,1.05,1.05,6.0,2.0,10,6,6,-1,
5,P005,1,ft_jnd,FrameTimeStutter,362,1.37544,3.9924,1358.02,1223.03,0.000,0.000,1358.02,1223.03,1.4266,10.1980,0.0000,2.6973,0.0000,-1.2707,Left,0,0,0,0,86.667,0,0.000,ft_jnd,FrameTimeStutter,1,0,1,0,1,1,0.25,0.25,1.5,100,-10,100,1,5,250,40,5,250,50,1,6,11,0,0.06,4,0.05,50,8,4,2,2,100,144,5,5,300,1.05,1.05,6.0,2.0,10,6,6,-1,
5,P005,1,ft_jnd,FrameTimeStutter,363,1.37967,4.2321,1358.02,1223.03,0.000,0.000,1358.02,1223.03,1.4266,10.1980,0.0000,2.6973,0.0000,-1.2707,Left,0,0,0,0,86.667,0,0.000,ft_jnd,FrameTimeStutter,1,0,1,0,1,1,0.25,0.25,1.5,100,-10,100,1,5,250,40,5,250,50,1,6,11,0,0.06,4,0.05,50,8,4,2,2,100,144,5,5,300,1.05,1.05,6.0,2.0,10,6,6,-1,
5,P005,1,ft_jnd,FrameTimeStutter,364,1.38393,4.2522,1358.02,1223.03,0.000,0.000,1358.02,1223.03,1.4266,10.1980,0.0000,2.6973,0.0000,-1.2707,Left,0,0,0,0,86.667,0,0.000,ft_jnd,FrameTimeStutter,1,0,1,0,1,1,0.25,0.25,1.5,100,-10,100,1,5,250,40,5,250,50,1,6,11,0,0.06,4,0.05,50,8,4,2,2,100,144,5,5,300,1.05,1.05,6.0,2.0,10,6,6,-1,
5,P005,1,ft_jnd,FrameTimeStutter,365,1.38769,3.7677,1358.02,1223.03,0.000,0.000,1358.02,1223.03,1.4266,10.1980,0.0000,2.6973,0.0000,-1.2707,Left,0,0,0,0,86.667,0,0.000,ft_jnd,FrameTimeStutter,1,0,1,0,1,1,0.25,0.25,1.5,100,-10,100,1,5,250,40,5,250,50,1,6,11,0,0.06,4,0.05,50,8,4,2,2,100,144,5,5,300,1.05,1.05,6.0,2.0,10,6,6,-1,
5,P005,1,ft_jnd,FrameTimeStutter,366,1.39202,4.3231,1358.02,1223.03,0.000,0.000,1358.02,1223.03,1.4266,10.1980,0.0000,2.6973,0.0000,-1.2707,Left,0,0,0,0,86.667,0,0.000,ft_jnd,FrameTimeStutter,1,0,1,0,1,1,0.25,0.25,1.5,100,-10,100,1,5,250,40,5,250,50,1,6,11,0,0.06,4,0.05,50,8,4,2,2,100,144,5,5,300,1.05,1.05,6.0,2.0,10,6,6,-1,
5,P005,1,ft_jnd,FrameTimeStutter,367,1.39515,3.1369,1358.02,1223.03,0.000,0.000,1358.02,1223.03,1.4266,10.1980,0.0000,2.6973,0.0000,-1.2707,Left,0,0,0,0,86.667,0,0.000,ft_jnd,FrameTimeStutter,1,0,1,0,1,1,0.25,0.25,1.5,100,-10,100,1,5,250,40,5,250,50,1,6,11,0,0.06,4,0.05,50,8,4,2,2,100,144,5,5,300,1.05,1.05,6.0,2.0,10,6,6,-1,
5,P005,1,ft_jnd,FrameTimeStutter,368,1.39823,3.0786,1358.02,1223.03,0.000,0.000,1358.02,1223.03,1.4266,10.1980,0.0000,2.6973,0.0000,-1.2707,Left,0,0,0,0,86.667,0,0.000,ft_jnd,FrameTimeStutter,1,0,1,0,1,1,0.25,0.25,1.5,100,-10,100,1,5,250,40,5,250,50,1,6,11,0,0.06,4,0.05,50,8,4,2,2,100,144,5,5,300,1.05,1.05,6.0,2.0,10,6,6,-1,
5,P005,1,ft_jnd,FrameTimeStutter,369,1.40156,3.3255,1358.02,1223.03,0.000,0.000,1358.02,1223.03,1.4266,10.1980,0.0000,2.6973,0.0000,-1.2707,Left,0,0,0,0,86.667,0,0.000,ft_jnd,FrameTimeStutter,1,0,1,0,1,1,0.25,0.25,1.5,100,-10,100,1,5,250,40,5,250,50,1,6,11,0,0.06,4,0.05,50,8,4,2,2,100,144,5,5,300,1.05,1.05,6.0,2.0,10,6,6,-1,
5,P005,1,ft_jnd,FrameTimeStutter,370,1.40515,3.5881,1358.02,1223.03,0.000,0.000,1358.02,1223.03,1.4266,10.1980,0.0000,2.6973,0.0000,-1.2707,Left,0,0,0,0,86.667,0,0.000,ft_jnd,FrameTimeStutter,1,0,1,0,1,1,0.25,0.25,1.5,100,-10,100,1,5,250,40,5,250,50,1,6,11,0,0.06,4,0.05,50,8,4,2,2,100,144,5,5,300,1.05,1.05,6.0,2.0,10,6,6,-1,
5,P005,1,ft_jnd,FrameTimeStutter,371,1.40943,4.2876,1358.02,1223.03,0.000,0.000,1358.02,1223.03,1.4266,10.1980,0.0000,2.6973,0.0000,-1.2707,Left,0,0,0,0,86.667,0,0.000,ft_jnd,FrameTimeStutter,1,0,1,0,1,1,0.25,0.25,1.5,100,-10,100,1,5,250,40,5,250,50,1,6,11,0,0.06,4,0.05,50,8,4,2,2,100,144,5,5,300,1.05,1.05,6.0,2.0,10,6,6,-1,
5,P005,1,ft_jnd,FrameTimeStutter,372,1.41373,4.2979,1358.02,1223.03,0.000,0.000,1358.02,1223.03,1.4266,10.1980,0.0000,2.6973,0.0000,-1.2707,Left,0,0,0,0,86.667,0,0.000,ft_jnd,FrameTimeStutter,1,0,1,0,1,1,0.25,0.25,1.5,100,-10,100,1,5,250,40,5,250,50,1,6,11,0,0.06,4,0.05,50,8,4,2,2,100,144,5,5,300,1.05,1.05,6.0,2.0,10,6,6,-1,
5,P005,1,ft_jnd,FrameTimeStutter,373,1.41756,3.8320,1358.02,1223.03,0.000,0.000,1358.02,1223.03,1.4266,10.1980,0.0000,2.6973,0.0000,-1.2707,Left,0,0,0,0,86.667,0,0.000,ft_jnd,FrameTimeStutter,1,0,1,0,1,1,0.25,0.25,1.5,100,-10,100,1,5,250,40,5,250,50,1,6,11,0,0.06,4,0.05,50,8,4,2,2,100,144,5,5,300,1.05,1.05,6.0,2.0,10,6,6,-1,
5,P005,1,ft_jnd,FrameTimeStutter,374,1.42188,4.3204,1358.02,1223.03,0.000,0.000,1358.02,1223.03,1.4266,10.1980,0.0000,2.6973,0.0000,-1.2707,Left,0,0,0,0,86.667,0,0.000,ft_jnd,FrameTimeStutter,1,0,1,0,1,1,0.25,0.25,1.5,100,-10,100,1,5,250,40,5,250,50,1,6,11,0,0.06,4,0.05,50,8,4,2,2,100,144,5,5,300,1.05,1.05,6.0,2.0,10,6,6,-1,
5,P005,1,ft_jnd,FrameTimeStutter,375,1.42618,4.2920,1358.02,1223.03,0.000,0.000,1358.02,1223.03,1.4266,10.1980,0.0000,2.6973,0.0000,-1.2707,Left,0,0,0,0,86.667,0,0.000,ft_jnd,FrameTimeStutter,1,0,1,0,1,1,0.25,0.25,1.5,100,-10,100,1,5,250,40,5,250,50,1,6,11,0,0.06,4,0.05,50,8,4,2,2,100,144,5,5,300,1.05,1.05,6.0,2.0,10,6,6,-1,
5,P005,1,ft_jnd,FrameTimeStutter,376,1.42908,2.9000,1358.02,1223.03,0.000,0.000,1358.02,1223.03,1.4266,10.1980,0.0000,2.6973,0.0000,-1.2707,Left,0,0,0,0,86.667,0,0.000,ft_jnd,FrameTimeStutter,1,0,1,0,1,1,0.25,0.25,1.5,100,-10,100,1,5,250,40,5,250,50,1,6,11,0,0.06,4,0.05,50,8,4,2,2,100,144,5,5,300,1.05,1.05,6.0,2.0,10,6,6,-1,
5,P005,1,ft_jnd,FrameTimeStutter,377,1.43282,3.7415,1358.02,1223.03,0.000,0.000,1358.02,1223.03,1.4266,10.1980,0.0000,2.6973,0.0000,-1.2707,Left,0,0,0,0,86.667,0,0.000,ft_jnd,FrameTimeStutter,1,0,1,0,1,1,0.25,0.25,1.5,100,-10,100,1,5,250,40,5,250,50,1,6,11,0,0.06,4,0.05,50,8,4,2,2,100,144,5,5,300,1.05,1.05,6.0,2.0,10,6,6,-1,
5,P005,1,ft_jnd,FrameTimeStutter,378,1.43572,2.9001,1358.02,1223.03,0.000,0.000,1358.02,1223.03,1.4266,10.1980,0.0000,2.6973,0.0000,-1.2707,Left,0,0,0,0,86.667,0,0.000,ft_jnd,FrameTimeStutter,1,0,1,0,1,1,0.25,0.25,1.5,100,-10,100,1,5,250,40,5,250,50,1,6,11,0,0.06,4,0.05,50,8,4,2,2,100,144,5,5,300,1.05,1.05,6.0,2.0,10,6,6,-1,
5,P005,1,ft_jnd,FrameTimeStutter,379,1.43935,3.6345,1358.02,1223.03,0.000,0.000,1358.02,1223.03,1.4266,10.1980,0.0000,2.6973,0.0000,-1.2707,Left,0,0,0,0,86.667,0,0.000,ft_jnd,FrameTimeStutter,1,0,1,0,1,1,0.25,0.25,1.5,100,-10,100,1,5,250,40,5,250,50,1,6,11,0,0.06,4,0.05,50,8,4,2,2,100,144,5,5,300,1.05,1.05,6.0,2.0,10,6,6,-1,
5,P005,1,ft_jnd,FrameTimeStutter,380,1.44321,3.8622,1358.02,1223.03,0.000,0.000,1358.02,1223.03,1.4266,10.1980,0.0000,2.6973,0.0000,-1.2707,Left,0,0,0,0,86.667,0,0.000,ft_jnd,FrameTimeStutter,1,0,1,0,1,1,0.25,0.25,1.5,100,-10,100,1,5,250,40,5,250,50,1,6,11,0,0.06,4,0.05,50,8,4,2,2,100,144,5,5,300,1.05,1.05,6.0,2.0,10,6,6,-1,
5,P005,1,ft_jnd,FrameTimeStutter,381,1.44689,3.6758,1358.02,1223.03,0.000,0.000,1358.02,1223.03,1.4266,10.1980,0.0000,2.6973,0.0000,-1.2707,Left,0,0,0,0,86.667,0,0.000,ft_jnd,FrameTimeStutter,1,0,1,0,1,1,0.25,0.25,1.5,100,-10,100,1,5,250,40,5,250,50,1,6,11,0,0.06,4,0.05,50,8,4,2,2,100,144,5,5,300,1.05,1.05,6.0,2.0,10,6,6,-1,
5,P005,1,ft_jnd,FrameTimeStutter,382,1.45070,3.8110,1358.02,1223.03,0.000,0.000,1358.02,1223.03,1.4266,10.1980,0.0000,2.6973,0.0000,-1.2707,Left,0,0,0,0,86.667,0,0.000,ft_jnd,FrameTimeStutter,1,0,1,0,1,1,0.25,0.25,1.5,100,-10,100,1,5,250,40,5,250,50,1,6,11,0,0.06,4,0.05,50,8,4,2,2,100,144,5,5,300,1.05,1.05,6.0,2.0,10,6,6,-1,
5,P005,1,ft_jnd,FrameTimeStutter,383,1.45353,2.8238,1358.02,1223.03,0.000,0.000,1358.02,1223.03,1.4266,10.1980,0.0000,2.6973,0.0000,-1.2707,Left,0,0,0,0,86.667,0,0.000,ft_jnd,FrameTimeStutter,1,0,1,0,1,1,0.25,0.25,1.5,100,-10,100,1,5,250,40,5,250,50,1,6,11,0,0.06,4,0.05,50,8,4,2,2,100,144,5,5,300,1.05,1.05,6.0,2.0,10,6,6,-1,
5,P005,1,ft_jnd,FrameTimeStutter,384,1.45718,3.6507,1358.02,1223.03,0.000,0.000,1358.02,1223.03,1.4266,10.1980,0.0000,2.6973,0.0000,-1.2707,Left,0,0,0,0,86.667,0,0.000,ft_jnd,FrameTimeStutter,1,0,1,0,1,1,0.25,0.25,1.5,100,-10,100,1,5,250,40,5,250,50,1,6,11,0,0.06,4,0.05,50,8,4,2,2,100,144,5,5,300,1.05,1.05,6.0,2.0,10,6,6,-1,
5,P005,1,ft_jnd,FrameTimeStutter,385,1.46101,3.8306,1358.02,1223.03,0.000,0.000,1358.02,1223.03,1.4266,10.1980,0.0000,2.6973,0.0000,-1.2707,Left,0,0,0,0,86.667,0,0.000,ft_jnd,FrameTimeStutter,1,0,1,0,1,1,0.25,0.25,1.5,100,-10,100,1,5,250,40,5,250,50,1,6,11,0,0.06,4,0.05,50,8,4,2,2,100,144,5,5,300,1.05,1.05,6.0,2.0,10,6,6,-1,
5,P005,1,ft_jnd,FrameTimeStutter,386,1.46521,4.1990,1358.02,1223.03,0.000,0.000,1358.02,1223.03,1.4266,10.1980,0.0000,2.6973,0.0000,-1.2707,Left,0,0,0,0,86.667,0,0.000,ft_jnd,FrameTimeStutter,1,0,1,0,1,1,0.25,0.25,1.5,100,-10,100,1,5,250,40,5,250,50,1,6,11,0,0.06,4,0.05,50,8,4,2,2,100,144,5,5,300,1.05,1.05,6.0,2.0,10,6,6,-1,
5,P005,1,ft_jnd,FrameTimeStutter,387,1.46954,4.3379,1358.02,1223.03,0.000,0.000,1358.02,1223.03,1.4266,10.1980,0.0000,2.6973,0.0000,-1.2707,Left,0,0,0,0,86.667,0,0.000,ft_jnd,FrameTimeStutter,1,0,1,0,1,1,0.25,0.25,1.5,100,-10,100,1,5,250,40,5,250,50,1,6,11,0,0.06,4,0.05,50,8,4,2,2,100,144,5,5,300,1.05,1.05,6.0,2.0,10,6,6,-1,
5,P005,1,ft_jnd,FrameTimeStutter,388,1.47333,3.7901,1358.02,1223.03,0.000,0.000,1358.02,1223.03,1.4266,10.1980,0.0000,2.6973,0.0000,-1.2707,Left,0,0,0,0,86.667,0,0.000,ft_jnd,FrameTimeStutter,1,0,1,0,1,1,0.25,0.25,1.5,100,-10,100,1,5,250,40,5,250,50,1,6,11,0,0.06,4,0.05,50,8,4,2,2,100,144,5,5,300,1.05,1.05,6.0,2.0,10,6,6,-1,
5,P005,1,ft_jnd,FrameTimeStutter,389,1.47755,4.2125,1358.02,1223.03,0.000,0.000,1358.02,1223.03,1.4266,10.1980,0.0000,2.6973,0.0000,-1.2707,Left,0,0,0,0,86.667,0,0.000,ft_jnd,FrameTimeStutter,1,0,1,0,1,1,0.25,0.25,1.5,100,-10,100,1,5,250,40,5,250,50,1,6,11,0,0.06,4,0.05,50,8,4,2,2,100,144,5,5,300,1.05,1.05,6.0,2.0,10,6,6,-1,
5,P005,1,ft_jnd,FrameTimeStutter,390,1.48087,3.3245,1358.02,1223.03,0.000,0.000,1358.02,1223.03,1.4266,10.1980,0.0000,2.6973,0.0000,-1.2707,Left,0,0,0,0,86.667,0,0.000,ft_jnd,FrameTimeStutter,1,0,1,0,1,1,0.25,0.25,1.5,100,-10,100,1,5,250,40,5,250,50,1,6,11,0,0.06,4,0.05,50,8,4,2,2,100,144,5,5,300,1.05,1.05,6.0,2.0,10,6,6,-1,
5,P005,1,ft_jnd,FrameTimeStutter,391,1.48396,3.0856,1358.02,1223.03,0.000,0.000,1358.02,1223.03,1.4266,10.1980,0.0000,2.6973,0.0000,-1.2707,Left,0,0,0,0,86.667,0,0.000,ft_jnd,FrameTimeStutter,1,0,1,0,1,1,0.25,0.25,1.5,100,-10,100,1,5,250,40,5,250,50,1,6,11,0,0.06,4,0.05,50,8,4,2,2,100,144,5,5,300,1.05,1.05,6.0,2.0,10,6,6,-1,
5,P005,1,ft_jnd,FrameTimeStutter,392,1.48758,3.6196,1358.02,1223.03,0.000,0.000,1358.02,1223.03,1.4266,10.1980,0.0000,2.6973,0.0000,-1.2707,Left,0,0,0,0,86.667,0,0.000,ft_jnd,FrameTimeStutter,1,0,1,0,1,1,0.25,0.25,1.5,100,-10,100,1,5,250,40,5,250,50,1,6,11,0,0.06,4,0.05,50,8,4,2,2,100,144,5,5,300,1.05,1.05,6.0,2.0,10,6,6,-1,
5,P005,1,ft_jnd,FrameTimeStutter,393,1.49041,2.8389,1358.02,1223.03,0.000,0.000,1358.02,1223.03,1.4266,10.1980,0.0000,2.6973,0.0000,-1.2707,Left,0,0,0,0,86.667,0,0.000,ft_jnd,FrameTimeStutter,1,0,1,0,1,1,0.25,0.25,1.5,100,-10,100,1,5,250,40,5,250,50,1,6,11,0,0.06,4,0.05,50,8,4,2,2,100,144,5,5,300,1.05,1.05,6.0,2.0,10,6,6,-1,
5,P005,1,ft_jnd,FrameTimeStutter,394,1.49511,4.7003,1358.02,1223.03,0.000,0.000,1358.02,1223.03,1.4266,10.1980,0.0000,2.6973,0.0000,-1.2707,Left,0,0,0,0,86.667,0,0.000,ft_jnd,FrameTimeStutter,1,0,1,0,1,1,0.25,0.25,1.5,100,-10,100,1,5,250,40,5,250,50,1,6,11,0,0.06,4,0.05,50,8,4,2,2,100,144,5,5,300,1.05,1.05,6.0,2.0,10,6,6,-1,
5,P005,1,ft_jnd,FrameTimeStutter,395,1.49931,4.1990,1358.02,1223.03,0.000,0.000,1358.02,1223.03,1.4266,10.1980,0.0000,2.6973,0.0000,-1.2707,Left,0,0,0,0,86.667,0,0.000,ft_jnd,FrameTimeStutter,1,0,1,0,1,1,0.25,0.25,1.5,100,-10,100,1,5,250,40,5,250,50,1,6,11,0,0.06,4,0.05,50,8,4,2,2,100,144,5,5,300,1.05,1.05,6.0,2.0,10,6,6,-1,
5,P005,1,ft_jnd,FrameTimeStutter,396,1.50316,3.8474,1358.02,1223.03,0.000,0.000,1358.02,1223.03,1.4266,10.1980,0.0000,2.6973,0.0000,-1.2707,Left,0,0,0,0,86.667,0,0.000,ft_jnd,FrameTimeStutter,1,0,1,0,1,1,0.25,0.25,1.5,100,-10,100,1,5,250,40,5,250,50,1,6,11,0,0.06,4,0.05,50,8,4,2,2,100,144,5,5,300,1.05,1.05,6.0,2.0,10,6,6,-1,
5,P005,1,ft_jnd,FrameTimeStutter,397,1.50737,4.2100,1358.02,1223.03,0.000,0.000,1358.02,1223.03,1.4266,10.1980,0.0000,2.6973,0.0000,-1.2707,Left,0,0,0,0,86.667,0,0.000,ft_jnd,FrameTimeStutter,1,0,1,0,1,1,0.25,0.25,1.5,100,-10,100,1,5,250,40,5,250,50,1,6,11,0,0.06,4,0.05,50,8,4,2,2,100,144,5,5,300,1.05,1.05,6.0,2.0,10,6,6,-1,
5,P005,1,ft_jnd,FrameTimeStutter,398,1.51051,3.1361,1358.02,1223.03,0.000,0.000,1358.02,1223.03,1.4266,10.1980,0.0000,2.6973,0.0000,-1.2707,Left,0,0,0,0,86.667,0,0.000,ft_jnd,FrameTimeStutter,1,0,1,0,1,1,0.25,0.25,1.5,100,-10,100,1,5,250,40,5,250,50,1,6,11,0,0.06,4,0.05,50,8,4,2,2,100,144,5,5,300,1.05,1.05,6.0,2.0,10,6,6,-1,
5,P005,1,ft_jnd,FrameTimeStutter,399,1.51523,4.7192,1358.02,1223.03,0.000,0.000,1358.02,1223.03,1.4266,10.1980,0.0000,2.6973,0.0000,-1.2707,Left,0,0,0,0,86.667,0,0.000,ft_jnd,FrameTimeStutter,1,0,1,0,1,1,0.25,0.25,1.5,100,-10,100,1,5,250,40,5,250,50,1,6,11,0,0.06,4,0.05,50,8,4,2,2,100,144,5,5,300,1.05,1.05,6.0,2.0,10,6,6,-1,
5,P005,1,ft_jnd,FrameTimeStutter,400,1.51942,4.1916,1358.02,1223.03,0.000,0.000,1358.02,1223.03,1.4266,10.1980,0.0000,2.6973,0.0000,-1.2707,Left,0,0,0,0,86.667,0,0.000,ft_jnd,FrameTimeStutter,1,0,1,0,1,1,0.25,0.25,1.5,100,-10,100,1,5,250,40,5,250,50,1,6,11,0,0.06,4,0.05,50,8,4,2,2,100,144,5,5,300,1.05,1.05,6.0,2.0,10,6,6,-1,
5,P005,1,ft_jnd,FrameTimeStutter,401,1.52367,4.2554,1358.02,1223.03,0.000,0.000,1358.02,1223.03,1.4266,10.1980,0.0000,2.6973,0.0000,-1.2707,Left,0,0,0,0,86.667,0,0.000,ft_jnd,FrameTimeStutter,1,0,1,0,1,1,0.25,0.25,1.5,100,-10,100,1,5,250,40,5,250,50,1,6,11,0,0.06,4,0.05,50,8,4,2,2,100,144,5,5,300,1.05,1.05,6.0,2.0,10,6,6,-1,
5,P005,1,ft_jnd,FrameTimeStutter,402,1.52752,3.8452,1358.02,1223.03,0.000,0.000,1358.02,1223.03,1.4266,10.1980,0.0000,2.6973,0.0000,-1.2707,Left,0,0,0,0,86.667,0,0.000,ft_jnd,FrameTimeStutter,1,0,1,0,1,1,0.25,0.25,1.5,100,-10,100,1,5,250,40,5,250,50,1,6,11,0,0.06,4,0.05,50,8,4,2,2,100,144,5,5,300,1.05,1.05,6.0,2.0,10,6,6,-1,
5,P005,1,ft_jnd,FrameTimeStutter,403,1.53181,4.2877,1358.02,1223.03,0.000,0.000,1358.02,1223.03,1.4266,10.1980,0.0000,2.6973,0.0000,-1.2707,Left,0,0,0,0,86.667,0,0.000,ft_jnd,FrameTimeStutter,1,0,1,0,1,1,0.25,0.25,1.5,100,-10,100,1,5,250,40,5,250,50,1,6,11,0,0.06,4,0.05,50,8,4,2,2,100,144,5,5,300,1.05,1.05,6.0,2.0,10,6,6,-1,
5,P005,1,ft_jnd,FrameTimeStutter,404,1.53609,4.2803,1358.02,1223.03,0.000,0.000,1358.02,1223.03,1.4266,10.1980,0.0000,2.6973,0.0000,-1.2707,Left,0,0,0,0,86.667,0,0.000,ft_jnd,FrameTimeStutter,1,0,1,0,1,1,0.25,0.25,1.5,100,-10,100,1,5,250,40,5,250,50,1,6,11,0,0.06,4,0.05,50,8,4,2,2,100,144,5,5,300,1.05,1.05,6.0,2.0,10,6,6,-1,
5,P005,1,ft_jnd,FrameTimeStutter,405,1.53902,2.9328,1358.02,1223.03,0.000,0.000,1358.02,1223.03,1.4266,10.1980,0.0000,2.6973,0.0000,-1.2707,Left,0,0,0,0,86.667,0,0.000,ft_jnd,FrameTimeStutter,1,0,1,0,1,1,0.25,0.25,1.5,100,-10,100,1,5,250,40,5,250,50,1,6,11,0,0.06,4,0.05,50,8,4,2,2,100,144,5,5,300,1.05,1.05,6.0,2.0,10,6,6,-1,
5,P005,1,ft_jnd,FrameTimeStutter,406,1.54278,3.7619,1358.02,1223.03,0.000,0.000,1358.02,1223.03,1.4266,10.1980,0.0000,2.6973,0.0000,-1.2707,Left,0,0,0,0,86.667,0,0.000,ft_jnd,FrameTimeStutter,1,0,1,0,1,1,0.25,0.25,1.5,100,-10,100,1,5,250,40,5,250,50,1,6,11,0,0.06,4,0.05,50,8,4,2,2,100,144,5,5,300,1.05,1.05,6.0,2.0,10,6,6,-1,
5,P005,1,ft_jnd,FrameTimeStutter,407,1.54565,2.8661,1358.02,1223.03,0.000,0.000,1358.02,1223.03,1.4266,10.1980,0.0000,2.6973,0.0000,-1.2707,Left,0,0,0,0,86.667,0,0.000,ft_jnd,FrameTimeStutter,1,0,1,0,1,1,0.25,0.25,1.5,100,-10,100,1,5,250,40,5,250,50,1,6,11,0,0.06,4,0.05,50,8,4,2,2,100,144,5,5,300,1.05,1.05,6.0,2.0,10,6,6,-1,
5,P005,1,ft_jnd,FrameTimeStutter,408,1.54932,3.6712,1358.02,1223.03,0.000,0.000,1358.02,1223.03,1.4266,10.1980,0.0000,2.6973,0.0000,-1.2707,Left,0,0,0,0,86.667,0,0.000,ft_jnd,FrameTimeStutter,1,0,1,0,1,1,0.25,0.25,1.5,100,-10,100,1,5,250,40,5,250,50,1,6,11,0,0.06,4,0.05,50,8,4,2,2,100,144,5,5,300,1.05,1.05,6.0,2.0,10,6,6,-1,
5,P005,1,ft_jnd,FrameTimeStutter,409,1.55354,4.2196,1358.02,1223.03,0.000,0.000,1358.02,1223.03,1.4266,10.1980,0.0000,2.6973,0.0000,-1.2707,Left,0,0,0,0,86.667,0,0.000,ft_jnd,FrameTimeStutter,1,0,1,0,1,1,0.25,0.25,1.5,100,-10,100,1,5,250,40,5,250,50,1,6,11,0,0.06,4,0.05,50,8,4,2,2,100,144,5,5,300,1.05,1.05,6.0,2.0,10,6,6,-1,
5,P005,1,ft_jnd,FrameTimeStutter,410,1.55642,2.8777,1358.02,1223.03,0.000,0.000,1358.02,1223.03,1.4266,10.1980,0.0000,2.6973,0.0000,-1.2707,Left,0,0,0,0,86.667,0,0.000,ft_jnd,FrameTimeStutter,1,0,1,0,1,1,0.25,0.25,1.5,100,-10,100,1,5,250,40,5,250,50,1,6,11,0,0.06,4,0.05,50,8,4,2,2,100,144,5,5,300,1.05,1.05,6.0,2.0,10,6,6,-1,
5,P005,1,ft_jnd,FrameTimeStutter,411,1.56142,5.0024,1358.02,1223.03,0.000,0.000,1358.02,1223.03,1.4266,10.1980,0.0000,2.6973,0.0000,-1.2707,Left,0,0,0,0,86.667,0,0.000,ft_jnd,FrameTimeStutter,1,0,1,0,1,1,0.25,0.25,1.5,100,-10,100,1,5,250,40,5,250,50,1,6,11,0,0.06,4,0.05,50,8,4,2,2,100,144,5,5,300,1.05,1.05,6.0,2.0,10,6,6,-1,
5,P005,1,ft_jnd,FrameTimeStutter,412,1.56569,4.2713,1358.02,1223.03,0.000,0.000,1358.02,1223.03,1.4266,10.1980,0.0000,2.6973,0.0000,-1.2707,Left,0,0,0,0,86.667,0,0.000,ft_jnd,FrameTimeStutter,1,0,1,0,1,1,0.25,0.25,1.5,100,-10,100,1,5,250,40,5,250,50,1,6,11,0,0.06,4,0.05,50,8,4,2,2,100,144,5,5,300,1.05,1.05,6.0,2.0,10,6,6,-1,
5,P005,1,ft_jnd,FrameTimeStutter,413,1.56960,3.9143,1358.02,1223.03,0.000,0.000,1358.02,1223.03,1.4266,10.1980,0.0000,2.6973,0.0000,-1.2707,Left,0,0,0,0,86.667,0,0.000,ft_jnd,FrameTimeStutter,1,0,1,0,1,1,0.25,0.25,1.5,100,-10,100,1,5,250,40,5,250,50,1,6,11,0,0.06,4,0.05,50,8,4,2,2,100,144,5,5,300,1.05,1.05,6.0,2.0,10,6,6,-1,
5,P005,1,ft_jnd,FrameTimeStutter,414,1.57290,3.2925,1358.02,1223.03,0.000,0.000,1358.02,1223.03,1.4266,10.1980,0.0000,2.6973,0.0000,-1.2707,Left,0,0,0,0,86.667,0,0.000,ft_jnd,FrameTimeStutter,1,0,1,0,1,1,0.25,0.25,1.5,100,-10,100,1,5,250,40,5,250,50,1,6,11,0,0.06,4,0.05,50,8,4,2,2,100,144,5,5,300,1.05,1.05,6.0,2.0,10,6,6,-1,
5,P005,1,ft_jnd,FrameTimeStutter,415,1.57666,3.7686,1358.02,1223.03,0.000,0.000,1358.02,1223.03,1.4266,10.1980,0.0000,2.6973,0.0000,-1.2707,Left,0,0,0,0,86.667,0,0.000,ft_jnd,FrameTimeStutter,1,0,1,0,1,1,0.25,0.25,1.5,100,-10,100,1,5,250,40,5,250,50,1,6,11,0,0.06,4,0.05,50,8,4,2,2,100,144,5,5,300,1.05,1.05,6.0,2.0,10,6,6,-1,
5,P005,1,ft_jnd,FrameTimeStutter,416,1.58102,4.3525,1358.02,1223.03,0.000,0.000,1358.02,1223.03,1.4266,10.1980,0.0000,2.6973,0.0000,-1.2707,Left,0,0,0,0,86.667,0,0.000,ft_jnd,FrameTimeStutter,1,0,1,0,1,1,0.25,0.25,1.5,100,-10,100,1,5,250,40,5,250,50,1,6,11,0,0.06,4,0.05,50,8,4,2,2,100,144,5,5,300,1.05,1.05,6.0,2.0,10,6,6,-1,
5,P005,1,ft_jnd,FrameTimeStutter,417,1.58527,4.2524,1358.02,1223.03,0.000,0.000,1358.02,1223.03,1.4266,10.1980,0.0000,2.6973,0.0000,-1.2707,Left,0,0,0,0,86.667,0,0.000,ft_jnd,FrameTimeStutter,1,0,1,0,1,1,0.25,0.25,1.5,100,-10,100,1,5,250,40,5,250,50,1,6,11,0,0.06,4,0.05,50,8,4,2,2,100,144,5,5,300,1.05,1.05,6.0,2.0,10,6,6,-1,
5,P005,1,ft_jnd,FrameTimeStutter,418,1.58956,4.2897,1358.02,1223.03,0.000,0.000,1358.02,1223.03,1.4266,10.1980,0.0000,2.6973,0.0000,-1.2707,Left,0,0,0,0,86.667,0,0.000,ft_jnd,FrameTimeStutter,1,0,1,0,1,1,0.25,0.25,1.5,100,-10,100,1,5,250,40,5,250,50,1,6,11,0,0.06,4,0.05,50,8,4,2,2,100,144,5,5,300,1.05,1.05,6.0,2.0,10,6,6,-1,
5,P005,1,ft_jnd,FrameTimeStutter,419,1.59340,3.8376,1358.02,1223.03,0.000,0.000,1358.02,1223.03,1.4266,10.1980,0.0000,2.6973,0.0000,-1.2707,Left,0,0,0,0,86.667,0,0.000,ft_jnd,FrameTimeStutter,1,0,1,0,1,1,0.25,0.25,1.5,100,-10,100,1,5,250,40,5,250,50,1,6,11,0,0.06,4,0.05,50,8,4,2,2,100,144,5,5,300,1.05,1.05,6.0,2.0,10,6,6,-1,
5,P005,1,ft_jnd,FrameTimeStutter,420,1.59765,4.2525,1358.02,1223.03,0.000,0.000,1358.02,1223.03,1.4266,10.1980,0.0000,2.6973,0.0000,-1.2707,Left,0,0,0,0,86.667,0,0.000,ft_jnd,FrameTimeStutter,1,0,1,0,1,1,0.25,0.25,1.5,100,-10,100,1,5,250,40,5,250,50,1,6,11,0,0.06,4,0.05,50,8,4,2,2,100,144,5,5,300,1.05,1.05,6.0,2.0,10,6,6,-1,
5,P005,1,ft_jnd,FrameTimeStutter,421,1.60056,2.9124,1358.02,1223.03,0.000,0.000,1358.02,1223.03,1.4266,10.1980,0.0000,2.6973,0.0000,-1.2707,Left,0,0,0,0,86.667,0,0.000,ft_jnd,FrameTimeStutter,1,0,1,0,1,1,0.25,0.25,1.5,100,-10,100,1,5,250,40,5,250,50,1,6,11,0,0.06,4,0.05,50,8,4,2,2,100,144,5,5,300,1.05,1.05,6.0,2.0,10,6,6,-1,
5,P005,1,ft_jnd,FrameTimeStutter,422,1.60434,3.7818,1358.02,1223.03,0.000,0.000,1358.02,1223.03,1.4266,10.1980,0.0000,2.6973,0.0000,-1.2707,Left,0,0,0,0,86.667,0,0.000,ft_jnd,FrameTimeStutter,1,0,1,0,1,1,0.25,0.25,1.5,100,-10,100,1,5,250,40,5,250,50,1,6,11,0,0.06,4,0.05,50,8,4,2,2,100,144,5,5,300,1.05,1.05,6.0,2.0,10,6,6,-1,
5,P005,1,ft_jnd,FrameTimeStutter,423,1.60757,3.2293,1358.02,1223.03,0.000,0.000,1358.02,1223.03,1.4266,10.1980,0.0000,2.6973,0.0000,-1.2707,Left,0,0,0,0,86.667,0,0.000,ft_jnd,FrameTimeStutter,1,0,1,0,1,1,0.25,0.25,1.5,100,-10,100,1,5,250,40,5,250,50,1,6,11,0,0.06,4,0.05,50,8,4,2,2,100,144,5,5,300,1.05,1.05,6.0,2.0,10,6,6,-1,
5,P005,1,ft_jnd,FrameTimeStutter,424,1.61062,3.0480,1358.02,1223.03,0.000,0.000,1358.02,1223.03,1.4266,10.1980,0.0000,2.6973,0.0000,-1.2707,Left,0,0,0,0,86.667,0,0.000,ft_jnd,FrameTimeStutter,1,0,1,0,1,1,0.25,0.25,1.5,100,-10,100,1,5,250,40,5,250,50,1,6,11,0,0.06,4,0.05,50,8,4,2,2,100,144,5,5,300,1.05,1.05,6.0,2.0,10,6,6,-1,
5,P005,1,ft_jnd,FrameTimeStutter,425,1.61508,4.4571,1358.02,1223.03,0.000,0.000,1358.02,1223.03,1.4266,10.1980,0.0000,2.6973,0.0000,-1.2707,Left,0,0,0,0,86.667,0,0.000,ft_jnd,FrameTimeStutter,1,0,1,0,1,1,0.25,0.25,1.5,100,-10,100,1,5,250,40,5,250,50,1,6,11,0,0.06,4,0.05,50,8,4,2,2,100,144,5,5,300,1.05,1.05,6.0,2.0,10,6,6,-1,
5,P005,1,ft_jnd,FrameTimeStutter,426,1.61891,3.8311,1358.02,1223.03,0.000,0.000,1358.02,1223.03,1.4266,10.1980,0.0000,2.6973,0.0000,-1.2707,Left,0,0,0,0,86.667,0,0.000,ft_jnd,FrameTimeStutter,1,0,1,0,1,1,0.25,0.25,1.5,100,-10,100,1,5,250,40,5,250,50,1,6,11,0,0.06,4,0.05,50,8,4,2,2,100,144,5,5,300,1.05,1.05,6.0,2.0,10,6,6,-1,
5,P005,1,ft_jnd,FrameTimeStutter,427,1.62321,4.2989,1358.02,1223.03,0.000,0.000,1358.02,1223.03,1.4266,10.1980,0.0000,2.6973,0.0000,-1.2707,Left,0,0,0,0,86.667,0,0.000,ft_jnd,FrameTimeStutter,1,0,1,0,1,1,0.25,0.25,1.5,100,-10,100,1,5,250,40,5,250,50,1,6,11,0,0.06,4,0.05,50,8,4,2,2,100,144,5,5,300,1.05,1.05,6.0,2.0,10,6,6,-1,
5,P005,1,ft_jnd,FrameTimeStutter,428,1.62745,4.2392,1358.02,1223.03,0.000,0.000,1358.02,1223.03,1.4266,10.1980,0.0000,2.6973,0.0000,-1.2707,Left,0,0,0,0,86.667,0,0.000,ft_jnd,FrameTimeStutter,1,0,1,0,1,1,0.25,0.25,1.5,100,-10,100,1,5,250,40,5,250,50,1,6,11,0,0.06,4,0.05,50,8,4,2,2,100,144,5,5,300,1.05,1.05,6.0,2.0,10,6,6,-1,
5,P005,1,ft_jnd,FrameTimeStutter,429,1.63031,2.8627,1358.02,1223.03,0.000,0.000,1358.02,1223.03,1.4266,10.1980,0.0000,2.6973,0.0000,-1.2707,Left,0,0,0,0,86.667,0,0.000,ft_jnd,FrameTimeStutter,1,0,1,0,1,1,0.25,0.25,1.5,100,-10,100,1,5,250,40,5,250,50,1,6,11,0,0.06,4,0.05,50,8,4,2,2,100,144,5,5,300,1.05,1.05,6.0,2.0,10,6,6,-1,
5,P005,1,ft_jnd,FrameTimeStutter,430,1.63515,4.8357,1358.02,1223.03,0.000,0.000,1358.02,1223.03,1.4266,10.1980,0.0000,2.6973,0.0000,-1.2707,Left,0,0,0,0,86.667,0,0.000,ft_jnd,FrameTimeStutter,1,0,1,0,1,1,0.25,0.25,1.5,100,-10,100,1,5,250,40,5,250,50,1,6,11,0,0.06,4,0.05,50,8,4,2,2,100,144,5,5,300,1.05,1.05,6.0,2.0,10,6,6,-1,
5,P005,1,ft_jnd,FrameTimeStutter,431,1.63952,4.3784,1358.02,1223.03,0.000,0.000,1358.02,1223.03,1.4266,10.1980,0.0000,2.6973,0.0000,-1.2707,Left,0,0,0,0,86.667,0,0.000,ft_jnd,FrameTimeStutter,1,0,1,0,1,1,0.25,0.25,1.5,100,-10,100,1,5,250,40,5,250,50,1,6,11,0,0.06,4,0.05,50,8,4,2,2,100,144,5,5,300,1.05,1.05,6.0,2.0,10,6,6,-1,
5,P005,1,ft_jnd,FrameTimeStutter,432,1.64346,3.9310,1358.02,1223.03,0.000,0.000,1358.02,1223.03,1.4266,10.1980,0.0000,2.6973,0.0000,-1.2707,Left,0,0,0,0,86.667,0,0.000,ft_jnd,FrameTimeStutter,1,0,1,0,1,1,0.25,0.25,1.5,100,-10,100,1,5,250,40,5,250,50,1,6,11,0,0.06,4,0.05,50,8,4,2,2,100,144,5,5,300,1.05,1.05,6.0,2.0,10,6,6,-1,
5,P005,1,ft_jnd,FrameTimeStutter,433,1.64674,3.2856,1358.02,1223.03,0.000,0.000,1358.02,1223.03,1.4266,10.1980,0.0000,2.6973,0.0000,-1.2707,Left,0,0,0,0,86.667,0,0.000,ft_jnd,FrameTimeStutter,1,0,1,0,1,1,0.25,0.25,1.5,100,-10,100,1,5,250,40,5,250,50,1,6,11,0,0.06,4,0.05,50,8,4,2,2,100,144,5,5,300,1.05,1.05,6.0,2.0,10,6,6,-1,
5,P005,1,ft_jnd,FrameTimeStutter,434,1.65012,3.3790,1358.02,1223.03,0.000,0.000,1358.02,1223.03,1.4266,10.1980,0.0000,2.6973,0.0000,-1.2707,Left,0,0,0,0,86.667,0,0.000,ft_jnd,FrameTimeStutter,1,0,1,0,1,1,0.25,0.25,1.5,100,-10,100,1,5,250,40,5,250,50,1,6,11,0,0.06,4,0.05,50,8,4,2,2,100,144,5,5,300,1.05,1.05,6.0,2.0,10,6,6,-1,
5,P005,1,ft_jnd,FrameTimeStutter,435,1.65437,4.2552,1358.02,1223.03,0.000,0.000,1358.02,1223.03,1.4266,10.1980,0.0000,2.6973,0.0000,-1.2707,Left,0,0,0,0,86.667,0,0.000,ft_jnd,FrameTimeStutter,1,0,1,0,1,1,0.25,0.25,1.5,100,-10,100,1,5,250,40,5,250,50,1,6,11,0,0.06,4,0.05,50,8,4,2,2,100,144,5,5,300,1.05,1.05,6.0,2.0,10,6,6,-1,
5,P005,1,ft_jnd,FrameTimeStutter,436,1.65861,4.2310,1358.02,1223.03,0.000,0.000,1358.02,1223.03,1.4266,10.1980,0.0000,2.6973,0.0000,-1.2707,Left,0,0,0,0,86.667,0,0.000,ft_jnd,FrameTimeStutter,1,0,1,0,1,1,0.25,0.25,1.5,100,-10,100,1,5,250,40,5,250,50,1,6,11,0,0.06,4,0.05,50,8,4,2,2,100,144,5,5,300,1.05,1.05,6.0,2.0,10,6,6,-1,
5,P005,1,ft_jnd,FrameTimeStutter,437,1.66280,4.1968,1358.02,1223.03,0.000,0.000,1358.02,1223.03,1.4266,10.1980,0.0000,2.6973,0.0000,-1.2707,Left,0,0,0,0,86.667,0,0.000,ft_jnd,FrameTimeStutter,1,0,1,0,1,1,0.25,0.25,1.5,100,-10,100,1,5,250,40,5,250,50,1,6,11,0,0.06,4,0.05,50,8,4,2,2,100,144,5,5,300,1.05,1.05,6.0,2.0,10,6,6,-1,
5,P005,1,ft_jnd,FrameTimeStutter,438,1.66665,3.8488,1358.02,1223.03,0.000,0.000,1358.02,1223.03,1.4266,10.1980,0.0000,2.6973,0.0000,-1.2707,Left,0,0,0,0,86.667,0,0.000,ft_jnd,FrameTimeStutter,1,0,1,0,1,1,0.25,0.25,1.5,100,-10,100,1,5,250,40,5,250,50,1,6,11,0,0.06,4,0.05,50,8,4,2,2,100,144,5,5,300,1.05,1.05,6.0,2.0,10,6,6,-1,
5,P005,1,ft_jnd,FrameTimeStutter,439,1.67090,4.2463,1358.02,1223.03,0.000,0.000,1358.02,1223.03,1.4266,10.1980,0.0000,2.6973,0.0000,-1.2707,Left,0,0,0,0,86.667,0,0.000,ft_jnd,FrameTimeStutter,1,0,1,0,1,1,0.25,0.25,1.5,100,-10,100,1,5,250,40,5,250,50,1,6,11,0,0.06,4,0.05,50,8,4,2,2,100,144,5,5,300,1.05,1.05,6.0,2.0,10,6,6,-1,
5,P005,1,ft_jnd,FrameTimeStutter,440,1.67510,4.2063,1358.02,1223.03,0.000,0.000,1358.02,1223.03,1.4266,10.1980,0.0000,2.6973,0.0000,-1.2707,Left,0,0,0,0,86.667,0,0.000,ft_jnd,FrameTimeStutter,1,0,1,0,1,1,0.25,0.25,1.5,100,-10,100,1,5,250,40,5,250,50,1,6,11,0,0.06,4,0.05,50,8,4,2,2,100,144,5,5,300,1.05,1.05,6.0,2.0,10,6,6,-1,
5,P005,1,ft_jnd,FrameTimeStutter,441,1.67795,2.8445,1358.02,1223.03,0.000,0.000,1358.02,1223.03,1.4266,10.1980,0.0000,2.6973,0.0000,-1.2707,Left,0,0,0,0,86.667,0,0.000,ft_jnd,FrameTimeStutter,1,0,1,0,1,1,0.25,0.25,1.5,100,-10,100,1,5,250,40,5,250,50,1,6,11,0,0.06,4,0.05,50,8,4,2,2,100,144,5,5,300,1.05,1.05,6.0,2.0,10,6,6,-1,
5,P005,1,ft_jnd,FrameTimeStutter,442,1.68183,3.8763,1358.02,1223.03,0.000,0.000,1358.02,1223.03,1.4266,10.1980,0.0000,2.6973,0.0000,-1.2707,Left,0,0,0,0,86.667,0,0.000,ft_jnd,FrameTimeStutter,1,0,1,0,1,1,0.25,0.25,1.5,100,-10,100,1,5,250,40,5,250,50,1,6,11,0,0.06,4,0.05,50,8,4,2,2,100,144,5,5,300,1.05,1.05,6.0,2.0,10,6,6,-1,
5,P005,1,ft_jnd,FrameTimeStutter,443,1.68472,2.8973,1358.02,1223.03,0.000,0.000,1358.02,1223.03,1.4266,10.1980,0.0000,2.6973,0.0000,-1.2707,Left,0,0,0,0,86.667,0,0.000,ft_jnd,FrameTimeStutter,1,0,1,0,1,1,0.25,0.25,1.5,100,-10,100,1,5,250,40,5,250,50,1,6,11,0,0.06,4,0.05,50,8,4,2,2,100,144,5,5,300,1.05,1.05,6.0,2.0,10,6,6,-1,
5,P005,1,ft_jnd,FrameTimeStutter,444,1.68844,3.7125,1358.02,1223.03,0.000,0.000,1358.02,1223.03,1.4266,10.1980,0.0000,2.6973,0.0000,-1.2707,Left,0,0,0,0,86.667,0,0.000,ft_jnd,FrameTimeStutter,1,0,1,0,1,1,0.25,0.25,1.5,100,-10,100,1,5,250,40,5,250,50,1,6,11,0,0.06,4,0.05,50,8,4,2,2,100,144,5,5,300,1.05,1.05,6.0,2.0,10,6,6,-1,
5,P005,1,ft_jnd,FrameTimeStutter,445,1.69272,4.2860,1358.02,1223.03,0.000,0.000,1358.02,1223.03,1.4266,10.1980,0.0000,2.6973,0.0000,-1.2707,Left,0,0,0,0,86.667,0,0.000,ft_jnd,FrameTimeStutter,1,0,1,0,1,1,0.25,0.25,1.5,100,-10,100,1,5,250,40,5,250,50,1,6,11,0,0.06,4,0.05,50,8,4,2,2,100,144,5,5,300,1.05,1.05,6.0,2.0,10,6,6,-1,
5,P005,1,ft_jnd,FrameTimeStutter,446,1.69784,5.1225,1358.02,1223.03,0.000,0.000,1358.02,1223.03,1.4266,10.1980,0.0000,2.6973,0.0000,-1.2707,Left,0,0,0,0,86.667,0,0.000,ft_jnd,FrameTimeStutter,1,0,1,0,1,1,0.25,0.25,1.5,100,-10,100,1,5,250,40,5,250,50,1,6,11,0,0.06,4,0.05,50,8,4,2,2,100,144,5,5,300,1.05,1.05,6.0,2.0,10,6,6,-1,
5,P005,1,ft_jnd,FrameTimeStutter,447,1.70076,2.9136,1358.02,1223.03,0.000,0.000,1358.02,1223.03,1.4266,10.1980,0.0000,2.6973,0.0000,-1.2707,Left,0,0,0,0,86.667,0,0.000,ft_jnd,FrameTimeStutter,1,0,1,0,1,1,0.25,0.25,1.5,100,-10,100,1,5,250,40,5,250,50,1,6,11,0,0.06,4,0.05,50,8,4,2,2,100,144,5,5,300,1.05,1.05,6.0,2.0,10,6,6,-1,
5,P005,1,ft_jnd,FrameTimeStutter,448,1.70581,5.0549,1358.02,1223.03,0.000,0.000,1358.02,1223.03,1.4266,10.1980,0.0000,2.6973,0.0000,-1.2707,Left,0,0,0,0,86.667,0,0.000,ft_jnd,FrameTimeStutter,1,0,1,0,1,1,0.25,0.25,1.5,100,-10,100,1,5,250,40,5,250,50,1,6,11,0,0.06,4,0.05,50,8,4,2,2,100,144,5,5,300,1.05,1.05,6.0,2.0,10,6,6,-1,
5,P005,1,ft_jnd,FrameTimeStutter,449,1.70869,2.8779,1358.02,1223.03,0.000,0.000,1358.02,1223.03,1.4266,10.1980,0.0000,2.6973,0.0000,-1.2707,Left,0,0,0,0,86.667,0,0.000,ft_jnd,FrameTimeStutter,1,0,1,0,1,1,0.25,0.25,1.5,100,-10,100,1,5,250,40,5,250,50,1,6,11,0,0.06,4,0.05,50,8,4,2,2,100,144,5,5,300,1.05,1.05,6.0,2.0,10,6,6,-1,
5,P005,1,ft_jnd,FrameTimeStutter,450,1.71374,5.0535,1358.02,1223.03,0.000,0.000,1358.02,1223.03,1.4266,10.1980,0.0000,2.6973,0.0000,-1.2707,Left,0,0,0,0,86.667,0,0.000,ft_jnd,FrameTimeStutter,1,0,1,0,1,1,0.25,0.25,1.5,100,-10,100,1,5,250,40,5,250,50,1,6,11,0,0.06,4,0.05,50,8,4,2,2,100,144,5,5,300,1.05,1.05,6.0,2.0,10,6,6,-1,
5,P005,1,ft_jnd,FrameTimeStutter,451,1.71798,4.2405,1358.02,1223.03,0.000,0.000,1358.02,1223.03,1.4266,10.1980,0.0000,2.6973,0.0000,-1.2707,Left,0,0,0,0,86.667,0,0.000,ft_jnd,FrameTimeStutter,1,0,1,0,1,1,0.25,0.25,1.5,100,-10,100,1,5,250,40,5,250,50,1,6,11,0,0.06,4,0.05,50,8,4,2,2,100,144,5,5,300,1.05,1.05,6.0,2.0,10,6,6,-1,
5,P005,1,ft_jnd,FrameTimeStutter,452,1.72194,3.9591,1358.02,1223.03,0.000,0.000,1358.02,1223.03,1.4266,10.1980,0.0000,2.6973,0.0000,-1.2707,Left,0,0,0,0,86.667,0,0.000,ft_jnd,FrameTimeStutter,1,0,1,0,1,1,0.25,0.25,1.5,100,-10,100,1,5,250,40,5,250,50,1,6,11,0,0.06,4,0.05,50,8,4,2,2,100,144,5,5,300,1.05,1.05,6.0,2.0,10,6,6,-1,
5,P005,1,ft_jnd,FrameTimeStutter,453,1.72521,3.2711,1358.02,1223.03,0.000,0.000,1358.02,1223.03,1.4266,10.1980,0.0000,2.6973,0.0000,-1.2707,Left,0,0,0,0,86.667,0,0.000,ft_jnd,FrameTimeStutter,1,0,1,0,1,1,0.25,0.25,1.5,100,-10,100,1,5,250,40,5,250,50,1,6,11,0,0.06,4,0.05,50,8,4,2,2,100,144,5,5,300,1.05,1.05,6.0,2.0,10,6,6,-1,
5,P005,1,ft_jnd,FrameTimeStutter,454,1.72919,3.9778,1358.02,1223.03,0.000,0.000,1358.02,1223.03,1.4266,10.1980,0.0000,2.6973,0.0000,-1.2707,Left,0,0,0,0,86.667,0,0.000,ft_jnd,FrameTimeStutter,1,0,1,0,1,1,0.25,0.25,1.5,100,-10,100,1,5,250,40,5,250,50,1,6,11,0,0.06,4,0.05,50,8,4,2,2,100,144,5,5,300,1.05,1.05,6.0,2.0,10,6,6,-1,
5,P005,1,ft_jnd,FrameTimeStutter,455,1.73206,2.8677,1358.02,1223.03,0.000,0.000,1358.02,1223.03,1.4266,10.1980,0.0000,2.6973,0.0000,-1.2707,Left,0,0,0,0,86.667,0,0.000,ft_jnd,FrameTimeStutter,1,0,1,0,1,1,0.25,0.25,1.5,100,-10,100,1,5,250,40,5,250,50,1,6,11,0,0.06,4,0.05,50,8,4,2,2,100,144,5,5,300,1.05,1.05,6.0,2.0,10,6,6,-1,
5,P005,1,ft_jnd,FrameTimeStutter,456,1.73568,3.6235,1358.02,1223.03,0.000,0.000,1358.02,1223.03,1.4266,10.1980,0.0000,2.6973,0.0000,-1.2707,Left,0,0,0,0,86.667,0,0.000,ft_jnd,FrameTimeStutter,1,0,1,0,1,1,0.25,0.25,1.5,100,-10,100,1,5,250,40,5,250,50,1,6,11,0,0.06,4,0.05,50,8,4,2,2,100,144,5,5,300,1.05,1.05,6.0,2.0,10,6,6,-1,
5,P005,1,ft_jnd,FrameTimeStutter,457,1.73949,3.8042,1358.02,1223.03,0.000,0.000,1358.02,1223.03,1.4266,10.1980,0.0000,2.6973,0.0000,-1.2707,Left,0,0,0,0,86.667,0,0.000,ft_jnd,FrameTimeStutter,1,0,1,0,1,1,0.25,0.25,1.5,100,-10,100,1,5,250,40,5,250,50,1,6,11,0,0.06,4,0.05,50,8,4,2,2,100,144,5,5,300,1.05,1.05,6.0,2.0,10,6,6,-1,
5,P005,1,ft_jnd,FrameTimeStutter,458,1.74267,3.1876,1358.02,1223.03,0.000,0.000,1358.02,1223.03,1.4266,10.1980,0.0000,2.6973,0.0000,-1.2707,Left,0,0,0,0,86.667,0,0.000,ft_jnd,FrameTimeStutter,1,0,1,0,1,1,0.25,0.25,1.5,100,-10,100,1,5,250,40,5,250,50,1,6,11,0,0.06,4,0.05,50,8,4,2,2,100,144,5,5,300,1.05,1.05,6.0,2.0,10,6,6,-1,
5,P005,1,ft_jnd,FrameTimeStutter,459,1.74661,3.9339,1358.02,1223.03,0.000,0.000,1358.02,1223.03,1.4266,10.1980,0.0000,2.6973,0.0000,-1.2707,Left,0,0,0,0,86.667,0,0.000,ft_jnd,FrameTimeStutter,1,0,1,0,1,1,0.25,0.25,1.5,100,-10,100,1,5,250,40,5,250,50,1,6,11,0,0.06,4,0.05,50,8,4,2,2,100,144,5,5,300,1.05,1.05,6.0,2.0,10,6,6,-1,
5,P005,1,ft_jnd,FrameTimeStutter,460,1.75077,4.1602,1358.02,1223.03,0.000,0.000,1358.02,1223.03,1.4266,10.1980,0.0000,2.6973,0.0000,-1.2707,Left,0,0,0,0,86.667,0,0.000,ft_jnd,FrameTimeStutter,1,0,1,0,1,1,0.25,0.25,1.5,100,-10,100,1,5,250,40,5,250,50,1,6,11,0,0.06,4,0.05,50,8,4,2,2,100,144,5,5,300,1.05,1.05,6.0,2.0,10,6,6,-1,
5,P005,1,ft_jnd,FrameTimeStutter,461,1.75403,3.2566,1358.02,1223.03,0.000,0.000,1358.02,1223.03,1.4266,10.1980,0.0000,2.6973,0.0000,-1.2707,Left,0,0,0,0,86.667,0,0.000,ft_jnd,FrameTimeStutter,1,0,1,0,1,1,0.25,0.25,1.5,100,-10,100,1,5,250,40,5,250,50,1,6,11,0,0.06,4,0.05,50,8,4,2,2,100,144,5,5,300,1.05,1.05,6.0,2.0,10,6,6,-1,
5,P005,1,ft_jnd,FrameTimeStutter,462,1.75783,3.8035,1358.02,1223.03,0.000,0.000,1358.02,1223.03,1.4266,10.1980,0.0000,2.6973,0.0000,-1.2707,Left,0,0,0,0,86.667,0,0.000,ft_jnd,FrameTimeStutter,1,0,1,0,1,1,0.25,0.25,1.5,100,-10,100,1,5,250,40,5,250,50,1,6,11,0,0.06,4,0.05,50,8,4,2,2,100,144,5,5,300,1.05,1.05,6.0,2.0,10,6,6,-1,
5,P005,1,ft_jnd,FrameTimeStutter,463,1.76214,4.3094,1358.02,1223.03,0.000,0.000,1358.02,1223.03,1.4266,10.1980,0.0000,2.6973,0.0000,-1.2707,Left,0,0,0,0,86.667,0,0.000,ft_jnd,FrameTimeStutter,1,0,1,0,1,1,0.25,0.25,1.5,100,-10,100,1,5,250,40,5,250,50,1,6,11,0,0.06,4,0.05,50,8,4,2,2,100,144,5,5,300,1.05,1.05,6.0,2.0,10,6,6,-1,
5,P005,1,ft_jnd,FrameTimeStutter,464,1.76542,3.2829,1358.02,1223.03,0.000,0.000,1358.02,1223.03,1.4266,10.1980,0.0000,2.6973,0.0000,-1.2707,Left,0,0,0,0,86.667,0,0.000,ft_jnd,FrameTimeStutter,1,0,1,0,1,1,0.25,0.25,1.5,100,-10,100,1,5,250,40,5,250,50,1,6,11,0,0.06,4,0.05,50,8,4,2,2,100,144,5,5,300,1.05,1.05,6.0,2.0,10,6,6,-1,
5,P005,1,ft_jnd,FrameTimeStutter,465,1.76946,4.0406,1358.02,1223.03,0.000,0.000,1358.02,1223.03,1.4266,10.1980,0.0000,2.6973,0.0000,-1.2707,Left,0,0,0,0,86.667,0,0.000,ft_jnd,FrameTimeStutter,1,0,1,0,1,1,0.25,0.25,1.5,100,-10,100,1,5,250,40,5,250,50,1,6,11,0,0.06,4,0.05,50,8,4,2,2,100,144,5,5,300,1.05,1.05,6.0,2.0,10,6,6,-1,
5,P005,1,ft_jnd,FrameTimeStutter,466,1.77392,4.4590,1358.02,1223.03,0.000,0.000,1358.02,1223.03,1.4266,10.1980,0.0000,2.6973,0.0000,-1.2707,Left,0,0,0,0,86.667,0,0.000,ft_jnd,FrameTimeStutter,1,0,1,0,1,1,0.25,0.25,1.5,100,-10,100,1,5,250,40,5,250,50,1,6,11,0,0.06,4,0.05,50,8,4,2,2,100,144,5,5,300,1.05,1.05,6.0,2.0,10,6,6,-1,
5,P005,1,ft_jnd,FrameTimeStutter,467,1.77728,3.3579,1358.02,1223.03,0.000,0.000,1358.02,1223.03,1.4266,10.1980,0.0000,2.6973,0.0000,-1.2707,Left,0,0,0,0,86.667,0,0.000,ft_jnd,FrameTimeStutter,1,0,1,0,1,1,0.25,0.25,1.5,100,-10,100,1,5,250,40,5,250,50,1,6,11,0,0.06,4,0.05,50,8,4,2,2,100,144,5,5,300,1.05,1.05,6.0,2.0,10,6,6,-1,
5,P005,1,ft_jnd,FrameTimeStutter,468,1.78019,2.9077,1358.02,1223.03,0.000,0.000,1358.02,1223.03,1.4266,10.1980,0.0000,2.6973,0.0000,-1.2707,Left,0,0,0,0,86.667,0,0.000,ft_jnd,FrameTimeStutter,1,0,1,0,1,1,0.25,0.25,1.5,100,-10,100,1,5,250,40,5,250,50,1,6,11,0,0.06,4,0.05,50,8,4,2,2,100,144,5,5,300,1.05,1.05,6.0,2.0,10,6,6,-1,
5,P005,1,ft_jnd,FrameTimeStutter,469,1.78366,3.4769,1358.02,1223.03,0.000,0.000,1358.02,1223.03,1.4266,10.1980,0.0000,2.6973,0.0000,-1.2707,Left,0,0,0,0,86.667,0,0.000,ft_jnd,FrameTimeStutter,1,0,1,0,1,1,0.25,0.25,1.5,100,-10,100,1,5,250,40,5,250,50,1,6,11,0,0.06,4,0.05,50,8,4,2,2,100,144,5,5,300,1.05,1.05,6.0,2.0,10,6,6,-1,
5,P005,1,ft_jnd,FrameTimeStutter,470,1.78676,3.0916,1358.02,1223.03,0.000,0.000,1358.02,1223.03,1.4266,10.1980,0.0000,2.6973,0.0000,-1.2707,Left,0,0,0,0,86.667,0,0.000,ft_jnd,FrameTimeStutter,1,0,1,0,1,1,0.25,0.25,1.5,100,-10,100,1,5,250,40,5,250,50,1,6,11,0,0.06,4,0.05,50,8,4,2,2,100,144,5,5,300,1.05,1.05,6.0,2.0,10,6,6,-1,
5,P005,1,ft_jnd,FrameTimeStutter,471,1.79050,3.7469,1358.02,1223.03,0.000,0.000,1358.02,1223.03,1.4266,10.1980,0.0000,2.6973,0.0000,-1.2707,Left,0,0,0,0,86.667,0,0.000,ft_jnd,FrameTimeStutter,1,0,1,0,1,1,0.25,0.25,1.5,100,-10,100,1,5,250,40,5,250,50,1,6,11,0,0.06,4,0.05,50,8,4,2,2,100,144,5,5,300,1.05,1.05,6.0,2.0,10,6,6,-1,
5,P005,1,ft_jnd,FrameTimeStutter,472,1.79435,3.8489,1358.02,1223.03,0.000,0.000,1358.02,1223.03,1.4266,10.1980,0.0000,2.6973,0.0000,-1.2707,Left,0,0,0,0,86.667,0,0.000,ft_jnd,FrameTimeStutter,1,0,1,0,1,1,0.25,0.25,1.5,100,-10,100,1,5,250,40,5,250,50,1,6,11,0,0.06,4,0.05,50,8,4,2,2,100,144,5,5,300,1.05,1.05,6.0,2.0,10,6,6,-1,
5,P005,1,ft_jnd,FrameTimeStutter,473,1.79765,3.3041,1358.02,1223.03,0.000,0.000,1358.02,1223.03,1.4266,10.1980,0.0000,2.6973,0.0000,-1.2707,Left,0,0,0,0,86.667,0,0.000,ft_jnd,FrameTimeStutter,1,0,1,0,1,1,0.25,0.25,1.5,100,-10,100,1,5,250,40,5,250,50,1,6,11,0,0.06,4,0.05,50,8,4,2,2,100,144,5,5,300,1.05,1.05,6.0,2.0,10,6,6,-1,
5,P005,1,ft_jnd,FrameTimeStutter,474,1.80191,4.2512,1358.02,1223.03,0.000,0.000,1358.02,1223.03,1.4266,10.1980,0.0000,2.6973,0.0000,-1.2707,Left,0,0,0,0,86.667,0,0.000,ft_jnd,FrameTimeStutter,1,0,1,0,1,1,0.25,0.25,1.5,100,-10,100,1,5,250,40,5,250,50,1,6,11,0,0.06,4,0.05,50,8,4,2,2,100,144,5,5,300,1.05,1.05,6.0,2.0,10,6,6,-1,
5,P005,1,ft_jnd,FrameTimeStutter,475,1.80479,2.8794,1358.02,1223.03,0.000,0.000,1358.02,1223.03,1.4266,10.1980,0.0000,2.6973,0.0000,-1.2707,Left,0,0,0,0,86.667,0,0.000,ft_jnd,FrameTimeStutter,1,0,1,0,1,1,0.25,0.25,1.5,100,-10,100,1,5,250,40,5,250,50,1,6,11,0,0.06,4,0.05,50,8,4,2,2,100,144,5,5,300,1.05,1.05,6.0,2.0,10,6,6,-1,
5,P005,1,ft_jnd,FrameTimeStutter,476,1.80959,4.8058,1358.02,1223.03,0.000,0.000,1358.02,1223.03,1.4266,10.1980,0.0000,2.6973,0.0000,-1.2707,Left,0,0,0,0,86.667,0,0.000,ft_jnd,FrameTimeStutter,1,0,1,0,1,1,0.25,0.25,1.5,100,-10,100,1,5,250,40,5,250,50,1,6,11,0,0.06,4,0.05,50,8,4,2,2,100,144,5,5,300,1.05,1.05,6.0,2.0,10,6,6,-1,
5,P005,1,ft_jnd,FrameTimeStutter,477,1.81248,2.8857,1358.02,1223.03,0.000,0.000,1358.02,1223.03,1.4266,10.1980,0.0000,2.6973,0.0000,-1.2707,Left,0,0,0,0,86.667,0,0.000,ft_jnd,FrameTimeStutter,1,0,1,0,1,1,0.25,0.25,1.5,100,-10,100,1,5,250,40,5,250,50,1,6,11,0,0.06,4,0.05,50,8,4,2,2,100,144,5,5,300,1.05,1.05,6.0,2.0,10,6,6,-1,
5,P005,1,ft_jnd,FrameTimeStutter,478,1.81622,3.7436,1358.02,1223.03,0.000,0.000,1358.02,1223.03,1.4266,10.1980,0.0000,2.6973,0.0000,-1.2707,Left,0,0,0,0,86.667,0,0.000,ft_jnd,FrameTimeStutter,1,0,1,0,1,1,0.25,0.25,1.5,100,-10,100,1,5,250,40,5,250,50,1,6,11,0,0.06,4,0.05,50,8,4,2,2,100,144,5,5,300,1.05,1.05,6.0,2.0,10,6,6,-1,
5,P005,1,ft_jnd,FrameTimeStutter,479,1.81935,3.1297,1358.02,1223.03,0.000,0.000,1358.02,1223.03,1.4266,10.1980,0.0000,2.6973,0.0000,-1.2707,Left,0,0,0,0,86.667,0,0.000,ft_jnd,FrameTimeStutter,1,0,1,0,1,1,0.25,0.25,1.5,100,-10,100,1,5,250,40,5,250,50,1,6,11,0,0.06,4,0.05,50,8,4,2,2,100,144,5,5,300,1.05,1.05,6.0,2.0,10,6,6,-1,
5,P005,1,ft_jnd,FrameTimeStutter,480,1.82276,3.4147,1358.02,1223.03,0.000,0.000,1358.02,1223.03,1.4266,10.1980,0.0000,2.6973,0.0000,-1.2707,Left,0,0,0,0,86.667,0,0.000,ft_jnd,FrameTimeStutter,1,0,1,0,1,1,0.25,0.25,1.5,100,-10,100,1,5,250,40,5,250,50,1,6,11,0,0.06,4,0.05,50,8,4,2,2,100,144,5,5,300,1.05,1.05,6.0,2.0,10,6,6,-1,
5,P005,1,ft_jnd,FrameTimeStutter,481,1.82697,4.2007,1358.02,1223.03,0.000,0.000,1358.02,1223.03,1.4266,10.1980,0.0000,2.6973,0.0000,-1.2707,Left,0,0,0,0,86.667,0,0.000,ft_jnd,FrameTimeStutter,1,0,1,0,1,1,0.25,0.25,1.5,100,-10,100,1,5,250,40,5,250,50,1,6,11,0,0.06,4,0.05,50,8,4,2,2,100,144,5,5,300,1.05,1.05,6.0,2.0,10,6,6,-1,
5,P005,1,ft_jnd,FrameTimeStutter,482,1.83083,3.8635,1358.02,1223.03,0.000,0.000,1358.02,1223.03,1.4266,10.1980,0.0000,2.6973,0.0000,-1.2707,Left,0,0,0,0,86.667,0,0.000,ft_jnd,FrameTimeStutter,1,0,1,0,1,1,0.25,0.25,1.5,100,-10,100,1,5,250,40,5,250,50,1,6,11,0,0.06,4,0.05,50,8,4,2,2,100,144,5,5,300,1.05,1.05,6.0,2.0,10,6,6,-1,
5,P005,1,ft_jnd,FrameTimeStutter,483,1.83503,4.1974,1358.02,1223.03,0.000,0.000,1358.02,1223.03,1.4266,10.1980,0.0000,2.6973,0.0000,-1.2707,Left,0,0,0,0,86.667,0,0.000,ft_jnd,FrameTimeStutter,1,0,1,0,1,1,0.25,0.25,1.5,100,-10,100,1,5,250,40,5,250,50,1,6,11,0,0.06,4,0.05,50,8,4,2,2,100,144,5,5,300,1.05,1.05,6.0,2.0,10,6,6,-1,
5,P005,1,ft_jnd,FrameTimeStutter,484,1.83925,4.2278,1358.02,1223.03,0.000,0.000,1358.02,1223.03,1.4266,10.1980,0.0000,2.6973,0.0000,-1.2707,Left,0,0,0,0,86.667,0,0.000,ft_jnd,FrameTimeStutter,1,0,1,0,1,1,0.25,0.25,1.5,100,-10,100,1,5,250,40,5,250,50,1,6,11,0,0.06,4,0.05,50,8,4,2,2,100,144,5,5,300,1.05,1.05,6.0,2.0,10,6,6,-1,
5,P005,1,ft_jnd,FrameTimeStutter,485,1.84311,3.8513,1358.02,1223.03,0.000,0.000,1358.02,1223.03,1.4266,10.1980,0.0000,2.6973,0.0000,-1.2707,Left,0,0,0,0,86.667,0,0.000,ft_jnd,FrameTimeStutter,1,0,1,0,1,1,0.25,0.25,1.5,100,-10,100,1,5,250,40,5,250,50,1,6,11,0,0.06,4,0.05,50,8,4,2,2,100,144,5,5,300,1.05,1.05,6.0,2.0,10,6,6,-1,
5,P005,1,ft_jnd,FrameTimeStutter,486,1.84639,3.2865,1358.02,1223.03,0.000,0.000,1358.02,1223.03,1.4266,10.1980,0.0000,2.6973,0.0000,-1.2707,Left,0,0,0,0,86.667,0,0.000,ft_jnd,FrameTimeStutter,1,0,1,0,1,1,0.25,0.25,1.5,100,-10,100,1,5,250,40,5,250,50,1,6,11,0,0.06,4,0.05,50,8,4,2,2,100,144,5,5,300,1.05,1.05,6.0,2.0,10,6,6,-1,
5,P005,1,ft_jnd,FrameTimeStutter,487,1.84927,2.8789,1358.02,1223.03,0.000,0.000,1358.02,1223.03,1.4266,10.1980,0.0000,2.6973,0.0000,-1.2707,Left,0,0,0,0,86.667,0,0.000,ft_jnd,FrameTimeStutter,1,0,1,0,1,1,0.25,0.25,1.5,100,-10,100,1,5,250,40,5,250,50,1,6,11,0,0.06,4,0.05,50,8,4,2,2,100,144,5,5,300,1.05,1.05,6.0,2.0,10,6,6,-1,
5,P005,1,ft_jnd,FrameTimeStutter,488,1.85309,3.8144,1358.02,1223.03,0.000,0.000,1358.02,1223.03,1.4266,10.1980,0.0000,2.6973,0.0000,-1.2707,Left,0,0,0,0,86.667,0,0.000,ft_jnd,FrameTimeStutter,1,0,1,0,1,1,0.25,0.25,1.5,100,-10,100,1,5,250,40,5,250,50,1,6,11,0,0.06,4,0.05,50,8,4,2,2,100,144,5,5,300,1.05,1.05,6.0,2.0,10,6,6,-1,
5,P005,1,ft_jnd,FrameTimeStutter,489,1.85624,3.1569,1358.02,1223.03,0.000,0.000,1358.02,1223.03,1.4266,10.1980,0.0000,2.6973,0.0000,-1.2707,Left,0,0,0,0,86.667,0,0.000,ft_jnd,FrameTimeStutter,1,0,1,0,1,1,0.25,0.25,1.5,100,-10,100,1,5,250,40,5,250,50,1,6,11,0,0.06,4,0.05,50,8,4,2,2,100,144,5,5,300,1.05,1.05,6.0,2.0,10,6,6,-1,
5,P005,1,ft_jnd,FrameTimeStutter,490,1.85929,3.0485,1358.02,1223.03,0.000,0.000,1358.02,1223.03,1.4266,10.1980,0.0000,2.6973,0.0000,-1.2707,Left,0,0,0,0,86.667,0,0.000,ft_jnd,FrameTimeStutter,1,0,1,0,1,1,0.25,0.25,1.5,100,-10,100,1,5,250,40,5,250,50,1,6,11,0,0.06,4,0.05,50,8,4,2,2,100,144,5,5,300,1.05,1.05,6.0,2.0,10,6,6,-1,
5,P005,1,ft_jnd,FrameTimeStutter,491,1.86360,4.3057,1358.02,1223.03,0.000,0.000,1358.02,1223.03,1.4266,10.1980,0.0000,2.6973,0.0000,-1.2707,Left,0,0,0,0,86.667,0,0.000,ft_jnd,FrameTimeStutter,1,0,1,0,1,1,0.25,0.25,1.5,100,-10,100,1,5,250,40,5,250,50,1,6,11,0,0.06,4,0.05,50,8,4,2,2,100,144,5,5,300,1.05,1.05,6.0,2.0,10,6,6,-1,
5,P005,1,ft_jnd,FrameTimeStutter,492,1.86651,2.9125,1358.02,1223.03,0.000,0.000,1358.02,1223.03,1.4266,10.1980,0.0000,2.6973,0.0000,-1.2707,Left,0,0,0,0,86.667,0,0.000,ft_jnd,FrameTimeStutter,1,0,1,0,1,1,0.25,0.25,1.5,100,-10,100,1,5,250,40,5,250,50,1,6,11,0,0.06,4,0.05,50,8,4,2,2,100,144,5,5,300,1.05,1.05,6.0,2.0,10,6,6,-1,
5,P005,1,ft_jnd,FrameTimeStutter,493,1.87167,5.1652,1358.02,1223.03,0.000,0.000,1358.02,1223.03,1.4266,10.1980,0.0000,2.6973,0.0000,-1.2707,Left,0,0,0,0,86.667,0,0.000,ft_jnd,FrameTimeStutter,1,0,1,0,1,1,0.25,0.25,1.5,100,-10,100,1,5,250,40,5,250,50,1,6,11,0,0.06,4,0.05,50,8,4,2,2,100,144,5,5,300,1.05,1.05,6.0,2.0,10,6,6,-1,
5,P005,1,ft_jnd,FrameTimeStutter,494,1.87598,4.3076,1358.02,1223.03,0.000,0.000,1358.02,1223.03,1.4266,10.1980,0.0000,2.6973,0.0000,-1.2707,Left,0,0,0,0,86.667,0,0.000,ft_jnd,FrameTimeStutter,1,0,1,0,1,1,0.25,0.25,1.5,100,-10,100,1,5,250,40,5,250,50,1,6,11,0,0.06,4,0.05,50,8,4,2,2,100,144,5,5,300,1.05,1.05,6.0,2.0,10,6,6,-1,
5,P005,1,ft_jnd,FrameTimeStutter,495,1.87989,3.9081,1358.02,1223.03,0.000,0.000,1358.02,1223.03,1.4266,10.1980,0.0000,2.6973,0.0000,-1.2707,Left,0,0,0,0,86.667,0,0.000,ft_jnd,FrameTimeStutter,1,0,1,0,1,1,0.25,0.25,1.5,100,-10,100,1,5,250,40,5,250,50,1,6,11,0,0.06,4,0.05,50,8,4,2,2,100,144,5,5,300,1.05,1.05,6.0,2.0,10,6,6,-1,
5,P005,1,ft_jnd,FrameTimeStutter,496,1.88414,4.2534,1358.02,1223.03,0.000,0.000,1358.02,1223.03,1.4266,10.1980,0.0000,2.6973,0.0000,-1.2707,Left,0,0,0,0,86.667,0,0.000,ft_jnd,FrameTimeStutter,1,0,1,0,1,1,0.25,0.25,1.5,100,-10,100,1,5,250,40,5,250,50,1,6,11,0,0.06,4,0.05,50,8,4,2,2,100,144,5,5,300,1.05,1.05,6.0,2.0,10,6,6,-1,
5,P005,1,ft_jnd,FrameTimeStutter,497,1.88844,4.2930,1358.02,1223.03,0.000,0.000,1358.02,1223.03,1.4266,10.1980,0.0000,2.6973,0.0000,-1.2707,Left,0,0,0,0,86.667,0,0.000,ft_jnd,FrameTimeStutter,1,0,1,0,1,1,0.25,0.25,1.5,100,-10,100,1,5,250,40,5,250,50,1,6,11,0,0.06,4,0.05,50,8,4,2,2,100,144,5,5,300,1.05,1.05,6.0,2.0,10,6,6,-1,
5,P005,1,ft_jnd,FrameTimeStutter,498,1.89131,2.8740,1358.02,1223.03,0.000,0.000,1358.02,1223.03,1.4266,10.1980,0.0000,2.6973,0.0000,-1.2707,Left,0,0,0,0,86.667,0,0.000,ft_jnd,FrameTimeStutter,1,0,1,0,1,1,0.25,0.25,1.5,100,-10,100,1,5,250,40,5,250,50,1,6,11,0,0.06,4,0.05,50,8,4,2,2,100,144,5,5,300,1.05,1.05,6.0,2.0,10,6,6,-1,
5,P005,1,ft_jnd,FrameTimeStutter,499,1.89597,4.6619,1358.02,1223.03,0.000,0.000,1358.02,1223.03,1.4266,10.1980,0.0000,2.6973,0.0000,-1.2707,Left,0,0,0,0,86.667,0,0.000,ft_jnd,FrameTimeStutter,1,0,1,0,1,1,0.25,0.25,1.5,100,-10,100,1,5,250,40,5,250,50,1,6,11,0,0.06,4,0.05,50,8,4,2,2,100,144,5,5,300,1.05,1.05,6.0,2.0,10,6,6,-1,
5,P005,1,ft_jnd,FrameTimeStutter,500,1.89926,3.2875,1358.02,1223.03,0.000,0.000,1358.02,1223.03,1.4266,10.1980,0.0000,2.6973,0.0000,-1.2707,Left,0,0,0,0,86.667,0,0.000,ft_jnd,FrameTimeStutter,1,0,1,0,1,1,0.25,0.25,1.5,100,-10,100,1,5,250,40,5,250,50,1,6,11,0,0.06,4,0.05,50,8,4,2,2,100,144,5,5,300,1.05,1.05,6.0,2.0,10,6,6,-1,
5,P005,1,ft_jnd,FrameTimeStutter,501,1.90212,2.8641,1358.02,1223.03,0.000,0.000,1358.02,1223.03,1.4266,10.1980,0.0000,2.6973,0.0000,-1.2707,Left,0,0,0,0,86.667,0,0.000,ft_jnd,FrameTimeStutter,1,0,1,0,1,1,0.25,0.25,1.5,100,-10,100,1,5,250,40,5,250,50,1,6,11,0,0.06,4,0.05,50,8,4,2,2,100,144,5,5,300,1.05,1.05,6.0,2.0,10,6,6,-1,
5,P005,1,ft_jnd,FrameTimeStutter,502,1.90679,4.6693,1358.02,1223.03,0.000,0.000,1358.02,1223.03,1.4266,10.1980,0.0000,2.6973,0.0000,-1.2707,Left,0,0,0,0,86.667,0,0.000,ft_jnd,FrameTimeStutter,1,0,1,0,1,1,0.25,0.25,1.5,100,-10,100,1,5,250,40,5,250,50,1,6,11,0,0.06,4,0.05,50,8,4,2,2,100,144,5,5,300,1.05,1.05,6.0,2.0,10,6,6,-1,
5,P005,1,ft_jnd,FrameTimeStutter,503,1.90995,3.1616,1358.02,1223.03,0.000,0.000,1358.02,1223.03,1.4266,10.1980,0.0000,2.6973,0.0000,-1.2707,Left,0,0,0,0,86.667,0,0.000,ft_jnd,FrameTimeStutter,1,0,1,0,1,1,0.25,0.25,1.5,100,-10,100,1,5,250,40,5,250,50,1,6,11,0,0.06,4,0.05,50,8,4,2,2,100,144,5,5,300,1.05,1.05,6.0,2.0,10,6,6,-1,
5,P005,1,ft_jnd,FrameTimeStutter,504,1.91453,4.5718,1358.02,1223.03,0.000,0.000,1358.02,1223.03,1.4266,10.1980,0.0000,2.6973,0.0000,-1.2707,Left,0,0,0,0,86.667,0,0.000,ft_jnd,FrameTimeStutter,1,0,1,0,1,1,0.25,0.25,1.5,100,-10,100,1,5,250,40,5,250,50,1,6,11,0,0.06,4,0.05,50,8,4,2,2,100,144,5,5,300,1.05,1.05,6.0,2.0,10,6,6,-1,
5,P005,1,ft_jnd,FrameTimeStutter,505,1.91886,4.3319,1358.02,1223.03,0.000,0.000,1358.02,1223.03,1.4266,10.1980,0.0000,2.6973,0.0000,-1.2707,Left,0,0,0,0,86.667,0,0.000,ft_jnd,FrameTimeStutter,1,0,1,0,1,1,0.25,0.25,1.5,100,-10,100,1,5,250,40,5,250,50,1,6,11,0,0.06,4,0.05,50,8,4,2,2,100,144,5,5,300,1.05,1.05,6.0,2.0,10,6,6,-1,
5,P005,1,ft_jnd,FrameTimeStutter,506,1.92316,4.3053,1358.02,1223.03,0.000,0.000,1358.02,1223.03,1.4266,10.1980,0.0000,2.6973,0.0000,-1.2707,Left,0,0,0,0,86.667,0,0.000,ft_jnd,FrameTimeStutter,1,0,1,0,1,1,0.25,0.25,1.5,100,-10,100,1,5,250,40,5,250,50,1,6,11,0,0.06,4,0.05,50,8,4,2,2,100,144,5,5,300,1.05,1.05,6.0,2.0,10,6,6,-1,
5,P005,1,ft_jnd,FrameTimeStutter,507,1.92708,3.9122,1358.02,1223.03,0.000,0.000,1358.02,1223.03,1.4266,10.1980,0.0000,2.6973,0.0000,-1.2707,Left,0,0,0,0,86.667,0,0.000,ft_jnd,FrameTimeStutter,1,0,1,0,1,1,0.25,0.25,1.5,100,-10,100,1,5,250,40,5,250,50,1,6,11,0,0.06,4,0.05,50,8,4,2,2,100,144,5,5,300,1.05,1.05,6.0,2.0,10,6,6,-1,
5,P005,1,ft_jnd,FrameTimeStutter,508,1.93143,4.3516,1358.02,1223.03,0.000,0.000,1358.02,1223.03,1.4266,10.1980,0.0000,2.6973,0.0000,-1.2707,Left,0,0,0,0,86.667,0,0.000,ft_jnd,FrameTimeStutter,1,0,1,0,1,1,0.25,0.25,1.5,100,-10,100,1,5,250,40,5,250,50,1,6,11,0,0.06,4,0.05,50,8,4,2,2,100,144,5,5,300,1.05,1.05,6.0,2.0,10,6,6,-1,
5,P005,1,ft_jnd,FrameTimeStutter,509,1.93577,4.3449,1358.02,1223.03,0.000,0.000,1358.02,1223.03,1.4266,10.1980,0.0000,2.6973,0.0000,-1.2707,Left,0,0,0,0,86.667,0,0.000,ft_jnd,FrameTimeStutter,1,0,1,0,1,1,0.25,0.25,1.5,100,-10,100,1,5,250,40,5,250,50,1,6,11,0,0.06,4,0.05,50,8,4,2,2,100,144,5,5,300,1.05,1.05,6.0,2.0,10,6,6,-1,
5,P005,1,ft_jnd,FrameTimeStutter,510,1.93870,2.9317,1358.02,1223.03,0.000,0.000,1358.02,1223.03,1.4266,10.1980,0.0000,2.6973,0.0000,-1.2707,Left,0,0,0,0,86.667,0,0.000,ft_jnd,FrameTimeStutter,1,0,1,0,1,1,0.25,0.25,1.5,100,-10,100,1,5,250,40,5,250,50,1,6,11,0,0.06,4,0.05,50,8,4,2,2,100,144,5,5,300,1.05,1.05,6.0,2.0,10,6,6,-1,
5,P005,1,ft_jnd,FrameTimeStutter,511,1.94244,3.7313,1358.02,1223.03,0.000,0.000,1358.02,1223.03,1.4266,10.1980,0.0000,2.6973,0.0000,-1.2707,Left,0,0,0,0,86.667,0,0.000,ft_jnd,FrameTimeStutter,1,0,1,0,1,1,0.25,0.25,1.5,100,-10,100,1,5,250,40,5,250,50,1,6,11,0,0.06,4,0.05,50,8,4,2,2,100,144,5,5,300,1.05,1.05,6.0,2.0,10,6,6,-1,
5,P005,1,ft_jnd,FrameTimeStutter,512,1.94542,2.9806,1358.02,1223.03,0.000,0.000,1358.02,1223.03,1.4266,10.1980,0.0000,2.6973,0.0000,-1.2707,Left,0,0,0,0,86.667,0,0.000,ft_jnd,FrameTimeStutter,1,0,1,0,1,1,0.25,0.25,1.5,100,-10,100,1,5,250,40,5,250,50,1,6,11,0,0.06,4,0.05,50,8,4,2,2,100,144,5,5,300,1.05,1.05,6.0,2.0,10,6,6,-1,
5,P005,1,ft_jnd,FrameTimeStutter,513,1.94916,3.7409,1358.02,1223.03,0.000,0.000,1358.02,1223.03,1.4266,10.1980,0.0000,2.6973,0.0000,-1.2707,Left,0,0,0,0,86.667,0,0.000,ft_jnd,FrameTimeStutter,1,0,1,0,1,1,0.25,0.25,1.5,100,-10,100,1,5,250,40,5,250,50,1,6,11,0,0.06,4,0.05,50,8,4,2,2,100,144,5,5,300,1.05,1.05,6.0,2.0,10,6,6,-1,
5,P005,1,ft_jnd,FrameTimeStutter,514,1.95352,4.3589,1358.02,1223.03,0.000,0.000,1358.02,1223.03,1.4266,10.1980,0.0000,2.6973,0.0000,-1.2707,Left,0,0,0,0,86.667,0,0.000,ft_jnd,FrameTimeStutter,1,0,1,0,1,1,0.25,0.25,1.5,100,-10,100,1,5,250,40,5,250,50,1,6,11,0,0.06,4,0.05,50,8,4,2,2,100,144,5,5,300,1.05,1.05,6.0,2.0,10,6,6,-1,
5,P005,1,ft_jnd,FrameTimeStutter,515,1.95644,2.9236,1358.02,1223.03,0.000,0.000,1358.02,1223.03,1.4266,10.1980,0.0000,2.6973,0.0000,-1.2707,Left,0,0,0,0,86.667,0,0.000,ft_jnd,FrameTimeStutter,1,0,1,0,1,1,0.25,0.25,1.5,100,-10,100,1,5,250,40,5,250,50,1,6,11,0,0.06,4,0.05,50,8,4,2,2,100,144,5,5,300,1.05,1.05,6.0,2.0,10,6,6,-1,
5,P005,1,ft_jnd,FrameTimeStutter,516,1.96163,5.1876,1358.02,1223.03,0.000,0.000,1358.02,1223.03,1.4266,10.1980,0.0000,2.6973,0.0000,-1.2707,Left,0,0,0,0,86.667,0,0.000,ft_jnd,FrameTimeStutter,1,0,1,0,1,1,0.25,0.25,1.5,100,-10,100,1,5,250,40,5,250,50,1,6,11,0,0.06,4,0.05,50,8,4,2,2,100,144,5,5,300,1.05,1.05,6.0,2.0,10,6,6,-1,
5,P005,1,ft_jnd,FrameTimeStutter,517,1.96594,4.3116,1358.02,1223.03,0.000,0.000,1358.02,1223.03,1.4266,10.1980,0.0000,2.6973,0.0000,-1.2707,Left,0,0,0,0,86.667,0,0.000,ft_jnd,FrameTimeStutter,1,0,1,0,1,1,0.25,0.25,1.5,100,-10,100,1,5,250,40,5,250,50,1,6,11,0,0.06,4,0.05,50,8,4,2,2,100,144,5,5,300,1.05,1.05,6.0,2.0,10,6,6,-1,
5,P005,1,ft_jnd,FrameTimeStutter,518,1.96998,4.0395,1358.02,1223.03,0.000,0.000,1358.02,1223.03,1.4266,10.1980,0.0000,2.6973,0.0000,-1.2707,Left,0,0,0,0,86.667,0,0.000,ft_jnd,FrameTimeStutter,1,0,1,0,1,1,0.25,0.25,1.5,100,-10,100,1,5,250,40,5,250,50,1,6,11,0,0.06,4,0.05,50,8,4,2,2,100,144,5,5,300,1.05,1.05,6.0,2.0,10,6,6,-1,
5,P005,1,ft_jnd,FrameTimeStutter,519,1.97329,3.3116,1358.02,1223.03,0.000,0.000,1358.02,1223.03,1.4266,10.1980,0.0000,2.6973,0.0000,-1.2707,Left,0,0,0,0,86.667,0,0.000,ft_jnd,FrameTimeStutter,1,0,1,0,1,1,0.25,0.25,1.5,100,-10,100,1,5,250,40,5,250,50,1,6,11,0,0.06,4,0.05,50,8,4,2,2,100,144,5,5,300,1.05,1.05,6.0,2.0,10,6,6,-1,
5,P005,1,ft_jnd,FrameTimeStutter,520,1.97628,2.9898,1358.02,1223.03,0.000,0.000,1358.02,1223.03,1.4266,10.1980,0.0000,2.6973,0.0000,-1.2707,Left,0,0,0,0,86.667,0,0.000,ft_jnd,FrameTimeStutter,1,0,1,0,1,1,0.25,0.25,1.5,100,-10,100,1,5,250,40,5,250,50,1,6,11,0,0.06,4,0.05,50,8,4,2,2,100,144,5,5,300,1.05,1.05,6.0,2.0,10,6,6,-1,
5,P005,1,ft_jnd,FrameTimeStutter,521,1.98098,4.7027,1358.02,1223.03,0.000,0.000,1358.02,1223.03,1.4266,10.1980,0.0000,2.6973,0.0000,-1.2707,Left,0,0,0,0,86.667,0,0.000,ft_jnd,FrameTimeStutter,1,0,1,0,1,1,0.25,0.25,1.5,100,-10,100,1,5,250,40,5,250,50,1,6,11,0,0.06,4,0.05,50,8,4,2,2,100,144,5,5,300,1.05,1.05,6.0,2.0,10,6,6,-1,
5,P005,1,ft_jnd,FrameTimeStutter,522,1.98431,3.3288,1358.02,1223.03,0.000,0.000,1358.02,1223.03,1.4266,10.1980,0.0000,2.6973,0.0000,-1.2707,Left,0,0,0,0,86.667,0,0.000,ft_jnd,FrameTimeStutter,1,0,1,0,1,1,0.25,0.25,1.5,100,-10,100,1,5,250,40,5,250,50,1,6,11,0,0.06,4,0.05,50,8,4,2,2,100,144,5,5,300,1.05,1.05,6.0,2.0,10,6,6,-1,
5,P005,1,ft_jnd,FrameTimeStutter,523,1.98722,2.9095,1358.02,1223.03,0.000,0.000,1358.02,1223.03,1.4266,10.1980,0.0000,2.6973,0.0000,-1.2707,Left,0,0,0,0,86.667,0,0.000,ft_jnd,FrameTimeStutter,1,0,1,0,1,1,0.25,0.25,1.5,100,-10,100,1,5,250,40,5,250,50,1,6,11,0,0.06,4,0.05,50,8,4,2,2,100,144,5,5,300,1.05,1.05,6.0,2.0,10,6,6,-1,
5,P005,1,ft_jnd,FrameTimeStutter,524,1.99183,4.6047,1358.02,1223.03,0.000,0.000,1358.02,1223.03,1.4266,10.1980,0.0000,2.6973,0.0000,-1.2707,Left,0,0,0,0,86.667,0,0.000,ft_jnd,FrameTimeStutter,1,0,1,0,1,1,0.25,0.25,1.5,100,-10,100,1,5,250,40,5,250,50,1,6,11,0,0.06,4,0.05,50,8,4,2,2,100,144,5,5,300,1.05,1.05,6.0,2.0,10,6,6,-1,
5,P005,1,ft_jnd,FrameTimeStutter,525,1.99493,3.1062,1358.02,1223.03,0.000,0.000,1358.02,1223.03,1.4266,10.1980,0.0000,2.6973,0.0000,-1.2707,Left,0,0,0,0,86.667,0,0.000,ft_jnd,FrameTimeStutter,1,0,1,0,1,1,0.25,0.25,1.5,100,-10,100,1,5,250,40,5,250,50,1,6,11,0,0.06,4,0.05,50,8,4,2,2,100,144,5,5,300,1.05,1.05,6.0,2.0,10,6,6,-1,
5,P005,1,ft_jnd,FrameTimeStutter,526,1.99798,3.0503,1358.02,1223.03,0.000,0.000,1358.02,1223.03,1.4266,10.1980,0.0000,2.6973,0.0000,-1.2707,Left,0,0,0,0,86.667,0,0.000,ft_jnd,FrameTimeStutter,1,0,1,0,1,1,0.25,0.25,1.5,100,-10,100,1,5,250,40,5,250,50,1,6,11,0,0.06,4,0.05,50,8,4,2,2,100,144,5,5,300,1.05,1.05,6.0,2.0,10,6,6,-1,
5,P005,1,ft_jnd,FrameTimeStutter,527,2.00233,4.3435,1358.02,1223.03,0.000,0.000,1358.02,1223.03,1.4266,10.1980,0.0000,2.6973,0.0000,-1.2707,Left,0,0,0,0,86.667,0,0.000,ft_jnd,FrameTimeStutter,1,0,1,0,1,1,0.25,0.25,1.5,100,-10,100,1,5,250,40,5,250,50,1,6,11,0,0.06,4,0.05,50,8,4,2,2,100,144,5,5,300,1.05,1.05,6.0,2.0,10,6,6,-1,
5,P005,1,ft_jnd,FrameTimeStutter,528,2.00522,2.8995,1358.02,1223.03,0.000,0.000,1358.02,1223.03,1.4266,10.1980,0.0000,2.6973,0.0000,-1.2707,Left,0,0,0,0,86.667,0,0.000,ft_jnd,FrameTimeStutter,1,0,1,0,1,1,0.25,0.25,1.5,100,-10,100,1,5,250,40,5,250,50,1,6,11,0,0.06,4,0.05,50,8,4,2,2,100,144,5,5,300,1.05,1.05,6.0,2.0,10,6,6,-1,
5,P005,1,ft_jnd,FrameTimeStutter,529,2.01013,4.9035,1358.02,1223.03,0.000,0.000,1358.02,1223.03,1.4266,10.1980,0.0000,2.6973,0.0000,-1.2707,Left,0,0,0,0,86.667,0,0.000,ft_jnd,FrameTimeStutter,1,0,1,0,1,1,0.25,0.25,1.5,100,-10,100,1,5,250,40,5,250,50,1,6,11,0,0.06,4,0.05,50,8,4,2,2,100,144,5,5,300,1.05,1.05,6.0,2.0,10,6,6,-1,
5,P005,1,ft_jnd,FrameTimeStutter,530,2.01433,4.2016,1358.02,1223.03,0.000,0.000,1358.02,1223.03,1.4266,10.1980,0.0000,2.6973,0.0000,-1.2707,Left,0,0,0,0,86.667,0,0.000,ft_jnd,FrameTimeStutter,1,0,1,0,1,1,0.25,0.25,1.5,100,-10,100,1,5,250,40,5,250,50,1,6,11,0,0.06,4,0.05,50,8,4,2,2,100,144,5,5,300,1.05,1.05,6.0,2.0,10,6,6,-1,
5,P005,1,ft_jnd,FrameTimeStutter,531,2.01818,3.8528,1358.02,1223.03,0.000,0.000,1358.02,1223.03,1.4266,10.1980,0.0000,2.6973,0.0000,-1.2707,Left,0,0,0,0,86.667,0,0.000,ft_jnd,FrameTimeStutter,1,0,1,0,1,1,0.25,0.25,1.5,100,-10,100,1,5,250,40,5,250,50,1,6,11,0,0.06,4,0.05,50,8,4,2,2,100,144,5,5,300,1.05,1.05,6.0,2.0,10,6,6,-1,
5,P005,1,ft_jnd,FrameTimeStutter,532,2.02147,3.2839,1358.02,1223.03,0.000,0.000,1358.02,1223.03,1.4266,10.1980,0.0000,2.6973,0.0000,-1.2707,Left,0,0,0,0,86.667,0,0.000,ft_jnd,FrameTimeStutter,1,0,1,0,1,1,0.25,0.25,1.5,100,-10,100,1,5,250,40,5,250,50,1,6,11,0,0.06,4,0.05,50,8,4,2,2,100,144,5,5,300,1.05,1.05,6.0,2.0,10,6,6,-1,
5,P005,1,ft_jnd,FrameTimeStutter,533,2.02457,3.1028,1358.02,1223.03,0.000,0.000,1358.02,1223.03,1.4266,10.1980,0.0000,2.6973,0.0000,-1.2707,Left,0,0,0,0,86.667,0,0.000,ft_jnd,FrameTimeStutter,1,0,1,0,1,1,0.25,0.25,1.5,100,-10,100,1,5,250,40,5,250,50,1,6,11,0,0.06,4,0.05,50,8,4,2,2,100,144,5,5,300,1.05,1.05,6.0,2.0,10,6,6,-1,
5,P005,1,ft_jnd,FrameTimeStutter,534,2.02917,4.6040,1358.02,1223.03,0.000,0.000,1358.02,1223.03,1.4266,10.1980,0.0000,2.6973,0.0000,-1.2707,Left,0,0,0,0,86.667,0,0.000,ft_jnd,FrameTimeStutter,1,0,1,0,1,1,0.25,0.25,1.5,100,-10,100,1,5,250,40,5,250,50,1,6,11,0,0.06,4,0.05,50,8,4,2,2,100,144,5,5,300,1.05,1.05,6.0,2.0,10,6,6,-1,
5,P005,1,ft_jnd,FrameTimeStutter,535,2.03250,3.3224,1358.02,1223.03,0.000,0.000,1358.02,1223.03,1.4266,10.1980,0.0000,2.6973,0.0000,-1.2707,Left,0,0,0,0,86.667,0,0.000,ft_jnd,FrameTimeStutter,1,0,1,0,1,1,0.25,0.25,1.5,100,-10,100,1,5,250,40,5,250,50,1,6,11,0,0.06,4,0.05,50,8,4,2,2,100,144,5,5,300,1.05,1.05,6.0,2.0,10,6,6,-1,
5,P005,1,ft_jnd,FrameTimeStutter,536,2.03643,3.9393,1358.02,1223.03,0.000,0.000,1358.02,1223.03,1.4266,10.1980,0.0000,2.6973,0.0000,-1.2707,Left,0,0,0,0,86.667,0,0.000,ft_jnd,FrameTimeStutter,1,0,1,0,1,1,0.25,0.25,1.5,100,-10,100,1,5,250,40,5,250,50,1,6,11,0,0.06,4,0.05,50,8,4,2,2,100,144,5,5,300,1.05,1.05,6.0,2.0,10,6,6,-1,
5,P005,1,ft_jnd,FrameTimeStutter,537,2.04068,4.2431,1358.02,1223.03,0.000,0.000,1358.02,1223.03,1.4266,10.1980,0.0000,2.6973,0.0000,-1.2707,Left,0,0,0,0,86.667,0,0.000,ft_jnd,FrameTimeStutter,1,0,1,0,1,1,0.25,0.25,1.5,100,-10,100,1,5,250,40,5,250,50,1,6,11,0,0.06,4,0.05,50,8,4,2,2,100,144,5,5,300,1.05,1.05,6.0,2.0,10,6,6,-1,
5,P005,1,ft_jnd,FrameTimeStutter,538,2.04520,4.5239,1358.02,1223.03,0.000,0.000,1358.02,1223.03,1.4266,10.1980,0.0000,2.6973,0.0000,-1.2707,Left,0,0,0,0,86.667,0,0.000,ft_jnd,FrameTimeStutter,1,0,1,0,1,1,0.25,0.25,1.5,100,-10,100,1,5,250,40,5,250,50,1,6,11,0,0.06,4,0.05,50,8,4,2,2,100,144,5,5,300,1.05,1.05,6.0,2.0,10,6,6,-1,
5,P005,1,ft_jnd,FrameTimeStutter,539,2.04814,2.9363,1358.02,1223.03,0.000,0.000,1358.02,1223.03,1.4266,10.1980,0.0000,2.6973,0.0000,-1.2707,Left,0,0,0,0,86.667,0,0.000,ft_jnd,FrameTimeStutter,1,0,1,0,1,1,0.25,0.25,1.5,100,-10,100,1,5,250,40,5,250,50,1,6,11,0,0.06,4,0.05,50,8,4,2,2,100,144,5,5,300,1.05,1.05,6.0,2.0,10,6,6,-1,
5,P005,1,ft_jnd,FrameTimeStutter,540,2.05185,3.7071,1358.02,1223.03,0.000,0.000,1358.02,1223.03,1.4266,10.1980,0.0000,2.6973,0.0000,-1.2707,Left,0,0,0,0,86.667,0,0.000,ft_jnd,FrameTimeStutter,1,0,1,0,1,1,0.25,0.25,1.5,100,-10,100,1,5,250,40,5,250,50,1,6,11,0,0.06,4,0.05,50,8,4,2,2,100,144,5,5,300,1.05,1.05,6.0,2.0,10,6,6,-1,
5,P005,1,ft_jnd,FrameTimeStutter,541,2.05479,2.9463,1358.02,1223.03,0.000,0.000,1358.02,1223.03,1.4266,10.1980,0.0000,2.6973,0.0000,-1.2707,Left,0,0,0,0,86.667,0,0.000,ft_jnd,FrameTimeStutter,1,0,1,0,1,1,0.25,0.25,1.5,100,-10,100,1,5,250,40,5,250,50,1,6,11,0,0.06,4,0.05,50,8,4,2,2,100,144,5,5,300,1.05,1.05,6.0,2.0,10,6,6,-1,
5,P005,1,ft_jnd,FrameTimeStutter,542,2.05878,3.9884,1358.02,1223.03,0.000,0.000,1358.02,1223.03,1.4266,10.1980,0.0000,2.6973,0.0000,-1.2707,Left,0,0,0,0,86.667,0,0.000,ft_jnd,FrameTimeStutter,1,0,1,0,1,1,0.25,0.25,1.5,100,-10,100,1,5,250,40,5,250,50,1,6,11,0,0.06,4,0.05,50,8,4,2,2,100,144,5,5,300,1.05,1.05,6.0,2.0,10,6,6,-1,
5,P005,1,ft_jnd,FrameTimeStutter,543,2.06315,4.3684,1358.02,1223.03,0.000,0.000,1358.02,1223.03,1.4266,10.1980,0.0000,2.6973,0.0000,-1.2707,Left,0,0,0,0,86.667,0,0.000,ft_jnd,FrameTimeStutter,1,0,1,0,1,1,0.25,0.25,1.5,100,-10,100,1,5,250,40,5,250,50,1,6,11,0,0.06,4,0.05,50,8,4,2,2,100,144,5,5,300,1.05,1.05,6.0,2.0,10,6,6,-1,
5,P005,1,ft_jnd,FrameTimeStutter,544,2.06710,3.9531,1358.02,1223.03,0.000,0.000,1358.02,1223.03,1.4266,10.1980,0.0000,2.6973,0.0000,-1.2707,Left,0,0,0,0,86.667,0,0.000,ft_jnd,FrameTimeStutter,1,0,1,0,1,1,0.25,0.25,1.5,100,-10,100,1,5,250,40,5,250,50,1,6,11,0,0.06,4,0.05,50,8,4,2,2,100,144,5,5,300,1.05,1.05,6.0,2.0,10,6,6,-1,
5,P005,1,ft_jnd,FrameTimeStutter,545,2.07149,4.3907,1358.02,1223.03,0.000,0.000,1358.02,1223.03,1.4266,10.1980,0.0000,2.6973,0.0000,-1.2707,Left,0,0,0,0,86.667,0,0.000,ft_jnd,FrameTimeStutter,1,0,1,0,1,1,0.25,0.25,1.5,100,-10,100,1,5,250,40,5,250,50,1,6,11,0,0.06,4,0.05,50,8,4,2,2,100,144,5,5,300,1.05,1.05,6.0,2.0,10,6,6,-1,
5,P005,1,ft_jnd,FrameTimeStutter,546,2.07582,4.3278,1358.02,1223.03,0.000,0.000,1358.02,1223.03,1.4266,10.1980,0.0000,2.6973,0.0000,-1.2707,Left,0,0,0,0,86.667,0,0.000,ft_jnd,FrameTimeStutter,1,0,1,0,1,1,0.25,0.25,1.5,100,-10,100,1,5,250,40,5,250,50,1,6,11,0,0.06,4,0.05,50,8,4,2,2,100,144,5,5,300,1.05,1.05,6.0,2.0,10,6,6,-1,
5,P005,1,ft_jnd,FrameTimeStutter,547,2.08020,4.3774,1358.02,1223.03,0.000,0.000,1358.02,1223.03,1.4266,10.1980,0.0000,2.6973,0.0000,-1.2707,Left,0,0,0,0,86.667,0,0.000,ft_jnd,FrameTimeStutter,1,0,1,0,1,1,0.25,0.25,1.5,100,-10,100,1,5,250,40,5,250,50,1,6,11,0,0.06,4,0.05,50,8,4,2,2,100,144,5,5,300,1.05,1.05,6.0,2.0,10,6,6,-1,
5,P005,1,ft_jnd,FrameTimeStutter,548,2.08318,2.9859,1358.02,1223.03,0.000,0.000,1358.02,1223.03,1.4266,10.1980,0.0000,2.6973,0.0000,-1.2707,Left,0,0,0,0,86.667,0,0.000,ft_jnd,FrameTimeStutter,1,0,1,0,1,1,0.25,0.25,1.5,100,-10,100,1,5,250,40,5,250,50,1,6,11,0,0.06,4,0.05,50,8,4,2,2,100,144,5,5,300,1.05,1.05,6.0,2.0,10,6,6,-1,
5,P005,1,ft_jnd,FrameTimeStutter,549,2.08658,3.3945,1358.02,1223.03,0.000,0.000,1358.02,1223.03,1.4266,10.1980,0.0000,2.6973,0.0000,-1.2707,Left,0,0,0,0,86.667,0,0.000,ft_jnd,FrameTimeStutter,1,0,1,0,1,1,0.25,0.25,1.5,100,-10,100,1,5,250,40,5,250,50,1,6,11,0,0.06,4,0.05,50,8,4,2,2,100,144,5,5,300,1.05,1.05,6.0,2.0,10,6,6,-1,
5,P005,1,ft_jnd,FrameTimeStutter,550,2.08999,3.4100,1358.02,1223.03,0.000,0.000,1358.02,1223.03,1.4266,10.1980,0.0000,2.6973,0.0000,-1.2707,Left,0,0,0,0,86.667,0,0.000,ft_jnd,FrameTimeStutter,1,0,1,0,1,1,0.25,0.25,1.5,100,-10,100,1,5,250,40,5,250,50,1,6,11,0,0.06,4,0.05,50,8,4,2,2,100,144,5,5,300,1.05,1.05,6.0,2.0,10,6,6,-1,
5,P005,1,ft_jnd,FrameTimeStutter,551,2.09337,3.3796,1358.02,1223.03,0.000,0.000,1358.02,1223.03,1.4266,10.1980,0.0000,2.6973,0.0000,-1.2707,Left,0,0,0,0,86.667,0,0.000,ft_jnd,FrameTimeStutter,1,0,1,0,1,1,0.25,0.25,1.5,100,-10,100,1,5,250,40,5,250,50,1,6,11,0,0.06,4,0.05,50,8,4,2,2,100,144,5,5,300,1.05,1.05,6.0,2.0,10,6,6,-1,
5,P005,1,ft_jnd,FrameTimeStutter,552,2.09750,4.1359,1358.02,1223.03,0.000,0.000,1358.02,1223.03,1.4266,10.1980,0.0000,2.6973,0.0000,-1.2707,Left,0,0,0,0,86.667,0,0.000,ft_jnd,FrameTimeStutter,1,0,1,0,1,1,0.25,0.25,1.5,100,-10,100,1,5,250,40,5,250,50,1,6,11,0,0.06,4,0.05,50,8,4,2,2,100,144,5,5,300,1.05,1.05,6.0,2.0,10,6,6,-1,
5,P005,1,ft_jnd,FrameTimeStutter,553,2.10181,4.3041,1358.02,1223.03,0.000,0.000,1358.02,1223.03,1.4266,10.1980,0.0000,2.6973,0.0000,-1.2707,Left,0,0,0,0,86.667,0,0.000,ft_jnd,FrameTimeStutter,1,0,1,0,1,1,0.25,0.25,1.5,100,-10,100,1,5,250,40,5,250,50,1,6,11,0,0.06,4,0.05,50,8,4,2,2,100,144,5,5,300,1.05,1.05,6.0,2.0,10,6,6,-1,
5,P005,1,ft_jnd,FrameTimeStutter,554,2.10520,3.3965,1358.02,1223.03,0.000,0.000,1358.02,1223.03,1.4266,10.1980,0.0000,2.6973,0.0000,-1.2707,Left,0,0,0,0,86.667,0,0.000,ft_jnd,FrameTimeStutter,1,0,1,0,1,1,0.25,0.25,1.5,100,-10,100,1,5,250,40,5,250,50,1,6,11,0,0.06,4,0.05,50,8,4,2,2,100,144,5,5,300,1.05,1.05,6.0,2.0,10,6,6,-1,
5,P005,1,ft_jnd,FrameTimeStutter,555,2.10913,3.9235,1358.02,1223.03,0.000,0.000,1358.02,1223.03,1.4266,10.1980,0.0000,2.6973,0.0000,-1.2707,Left,0,0,0,0,86.667,0,0.000,ft_jnd,FrameTimeStutter,1,0,1,0,1,1,0.25,0.25,1.5,100,-10,100,1,5,250,40,5,250,50,1,6,11,0,0.06,4,0.05,50,8,4,2,2,100,144,5,5,300,1.05,1.05,6.0,2.0,10,6,6,-1,
5,P005,1,ft_jnd,FrameTimeStutter,556,2.11258,3.4528,1358.02,1223.03,0.000,0.000,1358.02,1223.03,1.4266,10.1980,0.0000,2.6973,0.0000,-1.2707,Left,0,0,0,0,86.667,0,0.000,ft_jnd,FrameTimeStutter,1,0,1,0,1,1,0.25,0.25,1.5,100,-10,100,1,5,250,40,5,250,50,1,6,11,0,0.06,4,0.05,50,8,4,2,2,100,144,5,5,300,1.05,1.05,6.0,2.0,10,6,6,-1,
5,P005,1,ft_jnd,FrameTimeStutter,557,2.11552,2.9403,1358.02,1223.03,0.000,0.000,1358.02,1223.03,1.4266,10.1980,0.0000,2.6973,0.0000,-1.2707,Left,0,0,0,0,86.667,0,0.000,ft_jnd,FrameTimeStutter,1,0,1,0,1,1,0.25,0.25,1.5,100,-10,100,1,5,250,40,5,250,50,1,6,11,0,0.06,4,0.05,50,8,4,2,2,100,144,5,5,300,1.05,1.05,6.0,2.0,10,6,6,-1,
5,P005,1,ft_jnd,FrameTimeStutter,558,2.12061,5.0883,1358.02,1223.03,0.000,0.000,1358.02,1223.03,1.4266,10.1980,0.0000,2.6973,0.0000,-1.2707,Left,0,0,0,0,86.667,0,0.000,ft_jnd,FrameTimeStutter,1,0,1,0,1,1,0.25,0.25,1.5,100,-10,100,1,5,250,40,5,250,50,1,6,11,0,0.06,4,0.05,50,8,4,2,2,100,144,5,5,300,1.05,1.05,6.0,2.0,10,6,6,-1,
5,P005,1,ft_jnd,FrameTimeStutter,559,2.12494,4.3289,1358.02,1223.03,0.000,0.000,1358.02,1223.03,1.4266,10.1980,0.0000,2.6973,0.0000,-1.2707,Left,0,0,0,0,86.667,0,0.000,ft_jnd,FrameTimeStutter,1,0,1,0,1,1,0.25,0.25,1.5,100,-10,100,1,5,250,40,5,250,50,1,6,11,0,0.06,4,0.05,50,8,4,2,2,100,144,5,5,300,1.05,1.05,6.0,2.0,10,6,6,-1,
5,P005,1,ft_jnd,FrameTimeStutter,560,2.12929,4.3507,1358.02,1223.03,0.000,0.000,1358.02,1223.03,1.4266,10.1980,0.0000,2.6973,0.0000,-1.2707,Left,0,0,0,0,86.667,0,0.000,ft_jnd,FrameTimeStutter,1,0,1,0,1,1,0.25,0.25,1.5,100,-10,100,1,5,250,40,5,250,50,1,6,11,0,0.06,4,0.05,50,8,4,2,2,100,144,5,5,300,1.05,1.05,6.0,2.0,10,6,6,-1,
5,P005,1,ft_jnd,FrameTimeStutter,561,2.13320,3.9121,1358.02,1223.03,0.000,0.000,1358.02,1223.03,1.4266,10.1980,0.0000,2.6973,0.0000,-1.2707,Left,0,0,0,0,86.667,0,0.000,ft_jnd,FrameTimeStutter,1,0,1,0,1,1,0.25,0.25,1.5,100,-10,100,1,5,250,40,5,250,50,1,6,11,0,0.06,4,0.05,50,8,4,2,2,100,144,5,5,300,1.05,1.05,6.0,2.0,10,6,6,-1,
5,P005,1,ft_jnd,FrameTimeStutter,562,2.13833,5.1317,1358.02,1223.03,0.000,0.000,1358.02,1223.03,1.4266,10.1980,0.0000,2.6973,0.0000,-1.2707,Left,0,0,0,0,86.667,0,0.000,ft_jnd,FrameTimeStutter,1,0,1,0,1,1,0.25,0.25,1.5,100,-10,100,1,5,250,40,5,250,50,1,6,11,0,0.06,4,0.05,50,8,4,2,2,100,144,5,5,300,1.05,1.05,6.0,2.0,10,6,6,-1,
5,P005,1,ft_jnd,FrameTimeStutter,563,2.14267,4.3401,1358.02,1223.03,0.000,0.000,1358.02,1223.03,1.4266,10.1980,0.0000,2.6973,0.0000,-1.2707,Left,0,0,0,0,86.667,0,0.000,ft_jnd,FrameTimeStutter,1,0,1,0,1,1,0.25,0.25,1.5,100,-10,100,1,5,250,40,5,250,50,1,6,11,0,0.06,4,0.05,50,8,4,2,2,100,144,5,5,300,1.05,1.05,6.0,2.0,10,6,6,-1,
5,P005,1,ft_jnd,FrameTimeStutter,564,2.14663,3.9573,1358.02,1223.03,0.000,0.000,1358.02,1223.03,1.4266,10.1980,0.0000,2.6973,0.0000,-1.2707,Left,0,0,0,0,86.667,0,0.000,ft_jnd,FrameTimeStutter,1,0,1,0,1,1,0.25,0.25,1.5,100,-10,100,1,5,250,40,5,250,50,1,6,11,0,0.06,4,0.05,50,8,4,2,2,100,144,5,5,300,1.05,1.05,6.0,2.0,10,6,6,-1,
5,P005,1,ft_jnd,FrameTimeStutter,565,2.15109,4.4557,1358.02,1223.03,0.000,0.000,1358.02,1223.03,1.4266,10.1980,0.0000,2.6973,0.0000,-1.2707,Left,0,0,0,0,86.667,0,0.000,ft_jnd,FrameTimeStutter,1,0,1,0,1,1,0.25,0.25,1.5,100,-10,100,1,5,250,40,5,250,50,1,6,11,0,0.06,4,0.05,50,8,4,2,2,100,144,5,5,300,1.05,1.05,6.0,2.0,10,6,6,-1,
5,P005,1,ft_jnd,FrameTimeStutter,566,2.15579,4.7028,1358.02,1223.03,0.000,0.000,1358.02,1223.03,1.4266,10.1980,0.0000,2.6973,0.0000,-1.2707,Left,0,0,0,0,86.667,0,0.000,ft_jnd,FrameTimeStutter,1,0,1,0,1,1,0.25,0.25,1.5,100,-10,100,1,5,250,40,5,250,50,1,6,11,0,0.06,4,0.05,50,8,4,2,2,100,144,5,5,300,1.05,1.05,6.0,2.0,10,6,6,-1,
5,P005,1,ft_jnd,FrameTimeStutter,567,2.16017,4.3861,1358.02,1223.03,0.000,0.000,1358.02,1223.03,1.4266,10.1980,0.0000,2.6973,0.0000,-1.2707,Left,0,0,0,0,86.667,0,0.000,ft_jnd,FrameTimeStutter,1,0,1,0,1,1,0.25,0.25,1.5,100,-10,100,1,5,250,40,5,250,50,1,6,11,0,0.06,4,0.05,50,8,4,2,2,100,144,5,5,300,1.05,1.05,6.0,2.0,10,6,6,-1,
5,P005,1,ft_jnd,FrameTimeStutter,568,2.16332,3.1449,1358.02,1223.03,0.000,0.000,1358.02,1223.03,1.4266,10.1980,0.0000,2.6973,0.0000,-1.2707,Left,0,0,0,0,86.667,0,0.000,ft_jnd,FrameTimeStutter,1,0,1,0,1,1,0.25,0.25,1.5,100,-10,100,1,5,250,40,5,250,50,1,6,11,0,0.06,4,0.05,50,8,4,2,2,100,144,5,5,300,1.05,1.05,6.0,2.0,10,6,6,-1,
5,P005,1,ft_jnd,FrameTimeStutter,569,2.16782,4.5009,1358.02,1223.03,0.000,0.000,1358.02,1223.03,1.4266,10.1980,0.0000,2.6973,0.0000,-1.2707,Left,0,0,0,0,86.667,0,0.000,ft_jnd,FrameTimeStutter,1,0,1,0,1,1,0.25,0.25,1.5,100,-10,100,1,5,250,40,5,250,50,1,6,11,0,0.06,4,0.05,50,8,4,2,2,100,144,5,5,300,1.05,1.05,6.0,2.0,10,6,6,-1,
5,P005,1,ft_jnd,FrameTimeStutter,570,2.17237,4.5518,1358.02,1223.03,0.000,0.000,1358.02,1223.03,1.4266,10.1980,0.0000,2.6973,0.0000,-1.2707,Left,0,0,0,0,86.667,0,0.000,ft_jnd,FrameTimeStutter,1,0,1,0,1,1,0.25,0.25,1.5,100,-10,100,1,5,250,40,5,250,50,1,6,11,0,0.06,4,0.05,50,8,4,2,2,100,144,5,5,300,1.05,1.05,6.0,2.0,10,6,6,-1,
5,P005,1,ft_jnd,FrameTimeStutter,571,2.17530,2.9321,1358.02,1223.03,0.000,0.000,1358.02,1223.03,1.4266,10.1980,0.0000,2.6973,0.0000,-1.2707,Left,0,0,0,0,86.667,0,0.000,ft_jnd,FrameTimeStutter,1,0,1,0,1,1,0.25,0.25,1.5,100,-10,100,1,5,250,40,5,250,50,1,6,11,0,0.06,4,0.05,50,8,4,2,2,100,144,5,5,300,1.05,1.05,6.0,2.0,10,6,6,-1,
5,P005,1,ft_jnd,FrameTimeStutter,572,2.17991,4.6040,1358.02,1223.03,0.000,0.000,1358.02,1223.03,1.4266,10.1980,0.0000,2.6973,0.0000,-1.2707,Left,0,0,0,0,86.667,0,0.000,ft_jnd,FrameTimeStutter,1,0,1,0,1,1,0.25,0.25,1.5,100,-10,100,1,5,250,40,5,250,50,1,6,11,0,0.06,4,0.05,50,8,4,2,2,100,144,5,5,300,1.05,1.05,6.0,2.0,10,6,6,-1,
5,P005,1,ft_jnd,FrameTimeStutter,573,2.18441,4.5021,1358.02,1223.03,0.000,0.000,1358.02,1223.03,1.4266,10.1980,0.0000,2.6973,0.0000,-1.2707,Left,0,0,0,0,86.667,0,0.000,ft_jnd,FrameTimeStutter,1,0,1,0,1,1,0.25,0.25,1.5,100,-10,100,1,5,250,40,5,250,50,1,6,11,0,0.06,4,0.05,50,8,4,2,2,100,144,5,5,300,1.05,1.05,6.0,2.0,10,6,6,-1,
5,P005,1,ft_jnd,FrameTimeStutter,574,2.18733,2.9235,1358.02,1223.03,0.000,0.000,1358.02,1223.03,1.4266,10.1980,0.0000,2.6973,0.0000,-1.2707,Left,0,0,0,0,86.667,0,0.000,ft_jnd,FrameTimeStutter,1,0,1,0,1,1,0.25,0.25,1.5,100,-10,100,1,5,250,40,5,250,50,1,6,11,0,0.06,4,0.05,50,8,4,2,2,100,144,5,5,300,1.05,1.05,6.0,2.0,10,6,6,-1,
5,P005,1,ft_jnd,FrameTimeStutter,575,2.19239,5.0573,1358.02,1223.03,0.000,0.000,1358.02,1223.03,1.4266,10.1980,0.0000,2.6973,0.0000,-1.2707,Left,0,0,0,0,86.667,0,0.000,ft_jnd,FrameTimeStutter,1,0,1,0,1,1,0.25,0.25,1.5,100,-10,100,1,5,250,40,5,250,50,1,6,11,0,0.06,4,0.05,50,8,4,2,2,100,144,5,5,300,1.05,1.05,6.0,2.0,10,6,6,-1,
5,P005,1,ft_jnd,FrameTimeStutter,576,2.19668,4.2883,1358.02,1223.03,0.000,0.000,1358.02,1223.03,1.4266,10.1980,0.0000,2.6973,0.0000,-1.2707,Left,0,0,0,0,86.667,0,0.000,ft_jnd,FrameTimeStutter,1,0,1,0,1,1,0.25,0.25,1.5,100,-10,100,1,5,250,40,5,250,50,1,6,11,0,0.06,4,0.05,50,8,4,2,2,100,144,5,5,300,1.05,1.05,6.0,2.0,10,6,6,-1,
5,P005,1,ft_jnd,FrameTimeStutter,577,2.20070,4.0175,1358.02,1223.03,0.000,0.000,1358.02,1223.03,1.4266,10.1980,0.0000,2.6973,0.0000,-1.2707,Left,0,0,0,0,86.667,0,0.000,ft_jnd,FrameTimeStutter,1,0,1,0,1,1,0.25,0.25,1.5,100,-10,100,1,5,250,40,5,250,50,1,6,11,0,0.06,4,0.05,50,8,4,2,2,100,144,5,5,300,1.05,1.05,6.0,2.0,10,6,6,-1,
5,P005,1,ft_jnd,FrameTimeStutter,578,2.20499,4.2960,1358.02,1223.03,0.000,0.000,1358.02,1223.03,1.4266,10.1980,0.0000,2.6973,0.0000,-1.2707,Left,0,0,0,0,86.667,0,0.000,ft_jnd,FrameTimeStutter,1,0,1,0,1,1,0.25,0.25,1.5,100,-10,100,1,5,250,40,5,250,50,1,6,11,0,0.06,4,0.05,50,8,4,2,2,100,144,5,5,300,1.05,1.05,6.0,2.0,10,6,6,-1,
5,P005,1,ft_jnd,FrameTimeStutter,579,2.20925,4.2616,1358.02,1223.03,0.000,0.000,1358.02,1223.03,1.4266,10.1980,0.0000,2.6973,0.0000,-1.2707,Left,0,0,0,0,86.667,0,0.000,ft_jnd,FrameTimeStutter,1,0,1,0,1,1,0.25,0.25,1.5,100,-10,100,1,5,250,40,5,250,50,1,6,11,0,0.06,4,0.05,50,8,4,2,2,100,144,5,5,300,1.05,1.05,6.0,2.0,10,6,6,-1,
5,P005,1,ft_jnd,FrameTimeStutter,580,2.21309,3.8330,1358.02,1223.03,0.000,0.000,1358.02,1223.03,1.4266,10.1980,0.0000,2.6973,0.0000,-1.2707,Left,0,0,0,0,86.667,0,0.000,ft_jnd,FrameTimeStutter,1,0,1,0,1,1,0.25,0.25,1.5,100,-10,100,1,5,250,40,5,250,50,1,6,11,0,0.06,4,0.05,50,8,4,2,2,100,144,5,5,300,1.05,1.05,6.0,2.0,10,6,6,-1,
5,P005,1,ft_jnd,FrameTimeStutter,581,2.21642,3.3313,1358.02,1223.03,0.000,0.000,1358.02,1223.03,1.4266,10.1980,0.0000,2.6973,0.0000,-1.2707,Left,0,0,0,0,86.667,0,0.000,ft_jnd,FrameTimeStutter,1,0,1,0,1,1,0.25,0.25,1.5,100,-10,100,1,5,250,40,5,250,50,1,6,11,0,0.06,4,0.05,50,8,4,2,2,100,144,5,5,300,1.05,1.05,6.0,2.0,10,6,6,-1,
5,P005,1,ft_jnd,FrameTimeStutter,582,2.21963,3.2141,1358.02,1223.03,0.000,0.000,1358.02,1223.03,1.4266,10.1980,0.0000,2.6973,0.0000,-1.2707,Left,0,0,0,0,86.667,0,0.000,ft_jnd,FrameTimeStutter,1,0,1,0,1,1,0.25,0.25,1.5,100,-10,100,1,5,250,40,5,250,50,1,6,11,0,0.06,4,0.05,50,8,4,2,2,100,144,5,5,300,1.05,1.05,6.0,2.0,10,6,6,-1,
5,P005,1,ft_jnd,FrameTimeStutter,583,2.22294,3.3113,1358.02,1223.03,0.000,0.000,1358.02,1223.03,1.4266,10.1980,0.0000,2.6973,0.0000,-1.2707,Left,0,0,0,0,86.667,0,0.000,ft_jnd,FrameTimeStutter,1,0,1,0,1,1,0.25,0.25,1.5,100,-10,100,1,5,250,40,5,250,50,1,6,11,0,0.06,4,0.05,50,8,4,2,2,100,144,5,5,300,1.05,1.05,6.0,2.0,10,6,6,-1,
5,P005,1,ft_jnd,FrameTimeStutter,584,2.22621,3.2654,1358.02,1223.03,0.000,0.000,1358.02,1223.03,1.4266,10.1980,0.0000,2.6973,0.0000,-1.2707,Left,0,0,0,0,86.667,0,0.000,ft_jnd,FrameTimeStutter,1,0,1,0,1,1,0.25,0.25,1.5,100,-10,100,1,5,250,40,5,250,50,1,6,11,0,0.06,4,0.05,50,8,4,2,2,100,144,5,5,300,1.05,1.05,6.0,2.0,10,6,6,-1,
5,P005,1,ft_jnd,FrameTimeStutter,585,2.23059,4.3775,1358.02,1223.03,0.000,0.000,1358.02,1223.03,1.4266,10.1980,0.0000,2.6973,0.0000,-1.2707,Left,0,0,0,0,86.667,0,0.000,ft_jnd,FrameTimeStutter,1,0,1,0,1,1,0.25,0.25,1.5,100,-10,100,1,5,250,40,5,250,50,1,6,11,0,0.06,4,0.05,50,8,4,2,2,100,144,5,5,300,1.05,1.05,6.0,2.0,10,6,6,-1,
5,P005,1,ft_jnd,FrameTimeStutter,586,2.23503,4.4473,1358.02,1223.03,0.000,0.000,1358.02,1223.03,1.4266,10.1980,0.0000,2.6973,0.0000,-1.2707,Left,0,0,0,0,86.667,0,0.000,ft_jnd,FrameTimeStutter,1,0,1,0,1,1,0.25,0.25,1.5,100,-10,100,1,5,250,40,5,250,50,1,6,11,0,0.06,4,0.05,50,8,4,2,2,100,144,5,5,300,1.05,1.05,6.0,2.0,10,6,6,-1,
5,P005,1,ft_jnd,FrameTimeStutter,587,2.23945,4.4130,1358.02,1223.03,0.000,0.000,1358.02,1223.03,1.4266,10.1980,0.0000,2.6973,0.0000,-1.2707,Left,0,0,0,0,86.667,0,0.000,ft_jnd,FrameTimeStutter,1,0,1,0,1,1,0.25,0.25,1.5,100,-10,100,1,5,250,40,5,250,50,1,6,11,0,0.06,4,0.05,50,8,4,2,2,100,144,5,5,300,1.05,1.05,6.0,2.0,10,6,6,-1,
5,P005,1,ft_jnd,FrameTimeStutter,588,2.24344,3.9909,1358.02,1223.03,0.000,0.000,1358.02,1223.03,1.4266,10.1980,0.0000,2.6973,0.0000,-1.2707,Left,0,0,0,0,86.667,0,0.000,ft_jnd,FrameTimeStutter,1,0,1,0,1,1,0.25,0.25,1.5,100,-10,100,1,5,250,40,5,250,50,1,6,11,0,0.06,4,0.05,50,8,4,2,2,100,144,5,5,300,1.05,1.05,6.0,2.0,10,6,6,-1,
5,P005,1,ft_jnd,FrameTimeStutter,589,2.24687,3.4347,1358.02,1223.03,0.000,0.000,1358.02,1223.03,1.4266,10.1980,0.0000,2.6973,0.0000,-1.2707,Left,0,0,0,0,86.667,0,0.000,ft_jnd,FrameTimeStutter,1,0,1,0,1,1,0.25,0.25,1.5,100,-10,100,1,5,250,40,5,250,50,1,6,11,0,0.06,4,0.05,50,8,4,2,2,100,144,5,5,300,1.05,1.05,6.0,2.0,10,6,6,-1,
5,P005,1,ft_jnd,FrameTimeStutter,590,2.25130,4.4252,1358.02,1223.03,0.000,0.000,1358.02,1223.03,1.4266,10.1980,0.0000,2.6973,0.0000,-1.2707,Left,0,0,0,0,86.667,0,0.000,ft_jnd,FrameTimeStutter,1,0,1,0,1,1,0.25,0.25,1.5,100,-10,100,1,5,250,40,5,250,50,1,6,11,0,0.06,4,0.05,50,8,4,2,2,100,144,5,5,300,1.05,1.05,6.0,2.0,10,6,6,-1,
5,P005,1,ft_jnd,FrameTimeStutter,591,2.25433,3.0330,1358.02,1223.03,0.000,0.000,1358.02,1223.03,1.4266,10.1980,0.0000,2.6973,0.0000,-1.2707,Left,0,0,0,0,86.667,0,0.000,ft_jnd,FrameTimeStutter,1,0,1,0,1,1,0.25,0.25,1.5,100,-10,100,1,5,250,40,5,250,50,1,6,11,0,0.06,4,0.05,50,8,4,2,2,100,144,5,5,300,1.05,1.05,6.0,2.0,10,6,6,-1,
5,P005,1,ft_jnd,FrameTimeStutter,592,2.25804,3.7133,1358.02,1223.03,0.000,0.000,1358.02,1223.03,1.4266,10.1980,0.0000,2.6973,0.0000,-1.2707,Left,0,0,0,0,86.667,0,0.000,ft_jnd,FrameTimeStutter,1,0,1,0,1,1,0.25,0.25,1.5,100,-10,100,1,5,250,40,5,250,50,1,6,11,0,0.06,4,0.05,50,8,4,2,2,100,144,5,5,300,1.05,1.05,6.0,2.0,10,6,6,-1,
5,P005,1,ft_jnd,FrameTimeStutter,593,2.26104,2.9989,1358.02,1223.03,0.000,0.000,1358.02,1223.03,1.4266,10.1980,0.0000,2.6973,0.0000,-1.2707,Left,0,0,0,0,86.667,0,0.000,ft_jnd,FrameTimeStutter,1,0,1,0,1,1,0.25,0.25,1.5,100,-10,100,1,5,250,40,5,250,50,1,6,11,0,0.06,4,0.05,50,8,4,2,2,100,144,5,5,300,1.05,1.05,6.0,2.0,10,6,6,-1,
5,P005,1,ft_jnd,FrameTimeStutter,594,2.26480,3.7529,1358.02,1223.03,0.000,0.000,1358.02,1223.03,1.4266,10.1980,0.0000,2.6973,0.0000,-1.2707,Left,0,0,0,0,86.667,0,0.000,ft_jnd,FrameTimeStutter,1,0,1,0,1,1,0.25,0.25,1.5,100,-10,100,1,5,250,40,5,250,50,1,6,11,0,0.06,4,0.05,50,8,4,2,2,100,144,5,5,300,1.05,1.05,6.0,2.0,10,6,6,-1,
5,P005,1,ft_jnd,FrameTimeStutter,595,2.26922,4.4205,1358.02,1223.03,0.000,0.000,1358.02,1223.03,1.4266,10.1980,0.0000,2.6973,0.0000,-1.2707,Left,0,0,0,0,86.667,0,0.000,ft_jnd,FrameTimeStutter,1,0,1,0,1,1,0.25,0.25,1.5,100,-10,100,1,5,250,40,5,250,50,1,6,11,0,0.06,4,0.05,50,8,4,2,2,100,144,5,5,300,1.05,1.05,6.0,2.0,10,6,6,-1,
5,P005,1,ft_jnd,FrameTimeStutter,596,2.27222,2.9988,1358.02,1223.03,0.000,0.000,1358.02,1223.03,1.4266,10.1980,0.0000,2.6973,0.0000,-1.2707,Left,0,0,0,0,86.667,0,0.000,ft_jnd,FrameTimeStutter,1,0,1,0,1,1,0.25,0.25,1.5,100,-10,100,1,5,250,40,5,250,50,1,6,11,0,0.06,4,0.05,50,8,4,2,2,100,144,5,5,300,1.05,1.05,6.0,2.0,10,6,6,-1,
5,P005,1,ft_jnd,FrameTimeStutter,597,2.27704,4.8279,1358.02,1223.03,0.000,0.000,1358.02,1223.03,1.4266,10.1980,0.0000,2.6973,0.0000,-1.2707,Left,0,0,0,0,86.667,0,0.000,ft_jnd,FrameTimeStutter,1,0,1,0,1,1,0.25,0.25,1.5,100,-10,100,1,5,250,40,5,250,50,1,6,11,0,0.06,4,0.05,50,8,4,2,2,100,144,5,5,300,1.05,1.05,6.0,2.0,10,6,6,-1,
5,P005,1,ft_jnd,FrameTimeStutter,598,2.28148,4.4378,1358.02,1223.03,0.000,0.000,1358.02,1223.03,1.4266,10.1980,0.0000,2.6973,0.0000,-1.2707,Left,0,0,0,0,86.667,0,0.000,ft_jnd,FrameTimeStutter,1,0,1,0,1,1,0.25,0.25,1.5,100,-10,100,1,5,250,40,5,250,50,1,6,11,0,0.06,4,0.05,50,8,4,2,2,100,144,5,5,300,1.05,1.05,6.0,2.0,10,6,6,-1,
5,P005,1,ft_jnd,FrameTimeStutter,599,2.28447,2.9909,1358.02,1223.03,0.000,0.000,1358.02,1223.03,1.4266,10.1980,0.0000,2.6973,0.0000,-1.2707,Left,0,0,0,0,86.667,0,0.000,ft_jnd,FrameTimeStutter,1,0,1,0,1,1,0.25,0.25,1.5,100,-10,100,1,5,250,40,5,250,50,1,6,11,0,0.06,4,0.05,50,8,4,2,2,100,144,5,5,300,1.05,1.05,6.0,2.0,10,6,6,-1,
5,P005,1,ft_jnd,FrameTimeStutter,600,2.28930,4.8315,1358.02,1223.03,0.000,0.000,1358.02,1223.03,1.4266,10.1980,0.0000,2.6973,0.0000,-1.2707,Left,0,0,0,0,86.667,0,0.000,ft_jnd,FrameTimeStutter,1,0,1,0,1,1,0.25,0.25,1.5,100,-10,100,1,5,250,40,5,250,50,1,6,11,0,0.06,4,0.05,50,8,4,2,2,100,144,5,5,300,1.05,1.05,6.0,2.0,10,6,6,-1,
5,P005,1,ft_jnd,FrameTimeStutter,601,2.29251,3.2106,1358.02,1223.03,0.000,0.000,1358.02,1223.03,1.4266,10.1980,0.0000,2.6973,0.0000,-1.2707,Left,0,0,0,0,86.667,0,0.000,ft_jnd,FrameTimeStutter,1,0,1,0,1,1,0.25,0.25,1.5,100,-10,100,1,5,250,40,5,250,50,1,6,11,0,0.06,4,0.05,50,8,4,2,2,100,144,5,5,300,1.05,1.05,6.0,2.0,10,6,6,-1,
5,P005,1,ft_jnd,FrameTimeStutter,602,2.29566,3.1491,1358.02,1223.03,0.000,0.000,1358.02,1223.03,1.4266,10.1980,0.0000,2.6973,0.0000,-1.2707,Left,0,0,0,0,86.667,0,0.000,ft_jnd,FrameTimeStutter,1,0,1,0,1,1,0.25,0.25,1.5,100,-10,100,1,5,250,40,5,250,50,1,6,11,0,0.06,4,0.05,50,8,4,2,2,100,144,5,5,300,1.05,1.05,6.0,2.0,10,6,6,-1,
5,P005,1,ft_jnd,FrameTimeStutter,603,2.30011,4.4468,1358.02,1223.03,0.000,0.000,1358.02,1223.03,1.4266,10.1980,0.0000,2.6973,0.0000,-1.2707,Left,0,0,0,0,86.667,0,0.000,ft_jnd,FrameTimeStutter,1,0,1,0,1,1,0.25,0.25,1.5,100,-10,100,1,5,250,40,5,250,50,1,6,11,0,0.06,4,0.05,50,8,4,2,2,100,144,5,5,300,1.05,1.05,6.0,2.0,10,6,6,-1,
5,P005,1,ft_jnd,FrameTimeStutter,604,2.30318,3.0704,1358.02,1223.03,0.000,0.000,1358.02,1223.03,1.4266,10.1980,0.0000,2.6973,0.0000,-1.2707,Left,0,0,0,0,86.667,0,0.000,ft_jnd,FrameTimeStutter,1,0,1,0,1,1,0.25,0.25,1.5,100,-10,100,1,5,250,40,5,250,50,1,6,11,0,0.06,4,0.05,50,8,4,2,2,100,144,5,5,300,1.05,1.05,6.0,2.0,10,6,6,-1,
5,P005,1,ft_jnd,FrameTimeStutter,605,2.30833,5.1487,1358.02,1223.03,0.000,0.000,1358.02,1223.03,1.4266,10.1980,0.0000,2.6973,0.0000,-1.2707,Left,0,0,0,0,86.667,0,0.000,ft_jnd,FrameTimeStutter,1,0,1,0,1,1,0.25,0.25,1.5,100,-10,100,1,5,250,40,5,250,50,1,6,11,0,0.06,4,0.05,50,8,4,2,2,100,144,5,5,300,1.05,1.05,6.0,2.0,10,6,6,-1,
5,P005,1,ft_jnd,FrameTimeStutter,606,2.31267,4.3375,1358.02,1223.03,0.000,0.000,1358.02,1223.03,1.4266,10.1980,0.0000,2.6973,0.0000,-1.2707,Left,0,0,0,0,86.667,0,0.000,ft_jnd,FrameTimeStutter,1,0,1,0,1,1,0.25,0.25,1.5,100,-10,100,1,5,250,40,5,250,50,1,6,11,0,0.06,4,0.05,50,8,4,2,2,100,144,5,5,300,1.05,1.05,6.0,2.0,10,6,6,-1,
5,P005,1,ft_jnd,FrameTimeStutter,607,2.31701,4.3386,1358.02,1223.03,0.000,0.000,1358.02,1223.03,1.4266,10.1980,0.0000,2.6973,0.0000,-1.2707,Left,0,0,0,0,86.667,0,0.000,ft_jnd,FrameTimeStutter,1,0,1,0,1,1,0.25,0.25,1.5,100,-10,100,1,5,250,40,5,250,50,1,6,11,0,0.06,4,0.05,50,8,4,2,2,100,144,5,5,300,1.05,1.05,6.0,2.0,10,6,6,-1,
5,P005,1,ft_jnd,FrameTimeStutter,608,2.32003,3.0221,1358.02,1223.03,0.000,0.000,1358.02,1223.03,1.4266,10.1980,0.0000,2.6973,0.0000,-1.2707,Left,0,0,0,0,86.667,0,0.000,ft_jnd,FrameTimeStutter,1,0,1,0,1,1,0.25,0.25,1.5,100,-10,100,1,5,250,40,5,250,50,1,6,11,0,0.06,4,0.05,50,8,4,2,2,100,144,5,5,300,1.05,1.05,6.0,2.0,10,6,6,-1,
5,P005,1,ft_jnd,FrameTimeStutter,609,2.32406,4.0340,1358.02,1223.03,0.000,0.000,1358.02,1223.03,1.4266,10.1980,0.0000,2.6973,0.0000,-1.2707,Left,0,0,0,0,86.667,0,0.000,ft_jnd,FrameTimeStutter,1,0,1,0,1,1,0.25,0.25,1.5,100,-10,100,1,5,250,40,5,250,50,1,6,11,0,0.06,4,0.05,50,8,4,2,2,100,144,5,5,300,1.05,1.05,6.0,2.0,10,6,6,-1,
5,P005,1,ft_jnd,FrameTimeStutter,610,2.32831,4.2479,1358.02,1223.03,0.000,0.000,1358.02,1223.03,1.4266,10.1980,0.0000,2.6973,0.0000,-1.2707,Left,0,0,0,0,86.667,0,0.000,ft_jnd,FrameTimeStutter,1,0,1,0,1,1,0.25,0.25,1.5,100,-10,100,1,5,250,40,5,250,50,1,6,11,0,0.06,4,0.05,50,8,4,2,2,100,144,5,5,300,1.05,1.05,6.0,2.0,10,6,6,-1,
5,P005,1,ft_jnd,FrameTimeStutter,611,2.33269,4.3796,1358.02,1223.03,0.000,0.000,1358.02,1223.03,1.4266,10.1980,0.0000,2.6973,0.0000,-1.2707,Left,0,0,0,0,86.667,0,0.000,ft_jnd,FrameTimeStutter,1,0,1,0,1,1,0.25,0.25,1.5,100,-10,100,1,5,250,40,5,250,50,1,6,11,0,0.06,4,0.05,50,8,4,2,2,100,144,5,5,300,1.05,1.05,6.0,2.0,10,6,6,-1,
5,P005,1,ft_jnd,FrameTimeStutter,612,2.33701,4.3194,1358.02,1223.03,0.000,0.000,1358.02,1223.03,1.4266,10.1980,0.0000,2.6973,0.0000,-1.2707,Left,0,0,0,0,86.667,0,0.000,ft_jnd,FrameTimeStutter,1,0,1,0,1,1,0.25,0.25,1.5,100,-10,100,1,5,250,40,5,250,50,1,6,11,0,0.06,4,0.05,50,8,4,2,2,100,144,5,5,300,1.05,1.05,6.0,2.0,10,6,6,-1,
5,P005,1,ft_jnd,FrameTimeStutter,613,2.34133,4.3233,1358.02,1223.03,0.000,0.000,1358.02,1223.03,1.4266,10.1980,0.0000,2.6973,0.0000,-1.2707,Left,0,0,0,0,86.667,0,0.000,ft_jnd,FrameTimeStutter,1,0,1,0,1,1,0.25,0.25,1.5,100,-10,100,1,5,250,40,5,250,50,1,6,11,0,0.06,4,0.05,50,8,4,2,2,100,144,5,5,300,1.05,1.05,6.0,2.0,10,6,6,-1,
5,P005,1,ft_jnd,FrameTimeStutter,614,2.34528,3.9499,1358.02,1223.03,0.000,0.000,1358.02,1223.03,1.4266,10.1980,0.0000,2.6973,0.0000,-1.2707,Left,0,0,0,0,86.667,0,0.000,ft_jnd,FrameTimeStutter,1,0,1,0,1,1,0.25,0.25,1.5,100,-10,100,1,5,250,40,5,250,50,1,6,11,0,0.06,4,0.05,50,8,4,2,2,100,144,5,5,300,1.05,1.05,6.0,2.0,10,6,6,-1,
5,P005,1,ft_jnd,FrameTimeStutter,615,2.34964,4.3578,1358.02,1223.03,0.000,0.000,1358.02,1223.03,1.4266,10.1980,0.0000,2.6973,0.0000,-1.2707,Left,0,0,0,0,86.667,0,0.000,ft_jnd,FrameTimeStutter,1,0,1,0,1,1,0.25,0.25,1.5,100,-10,100,1,5,250,40,5,250,50,1,6,11,0,0.06,4,0.05,50,8,4,2,2,100,144,5,5,300,1.05,1.05,6.0,2.0,10,6,6,-1,
5,P005,1,ft_jnd,FrameTimeStutter,616,2.35283,3.1927,1358.02,1223.03,0.000,0.000,1358.02,1223.03,1.4266,10.1980,0.0000,2.6973,0.0000,-1.2707,Left,0,0,0,0,86.667,0,0.000,ft_jnd,FrameTimeStutter,1,0,1,0,1,1,0.25,0.25,1.5,100,-10,100,1,5,250,40,5,250,50,1,6,11,0,0.06,4,0.05,50,8,4,2,2,100,144,5,5,300,1.05,1.05,6.0,2.0,10,6,6,-1,
5,P005,1,ft_jnd,FrameTimeStutter,617,2.35597,3.1400,1358.02,1223.03,0.000,0.000,1358.02,1223.03,1.4266,10.1980,0.0000,2.6973,0.0000,-1.2707,Left,0,0,0,0,86.667,0,0.000,ft_jnd,FrameTimeStutter,1,0,1,0,1,1,0.25,0.25,1.5,100,-10,100,1,5,250,40,5,250,50,1,6,11,0,0.06,4,0.05,50,8,4,2,2,100,144,5,5,300,1.05,1.05,6.0,2.0,10,6,6,-1,
5,P005,1,ft_jnd,FrameTimeStutter,618,2.35935,3.3750,1358.02,1223.03,0.000,0.000,1358.02,1223.03,1.4266,10.1980,0.0000,2.6973,0.0000,-1.2707,Left,0,0,0,0,86.667,0,0.000,ft_jnd,FrameTimeStutter,1,0,1,0,1,1,0.25,0.25,1.5,100,-10,100,1,5,250,40,5,250,50,1,6,11,0,0.06,4,0.05,50,8,4,2,2,100,144,5,5,300,1.05,1.05,6.0,2.0,10,6,6,-1,
5,P005,1,ft_jnd,FrameTimeStutter,619,2.36248,3.1314,1358.02,1223.03,0.000,0.000,1358.02,1223.03,1.4266,10.1980,0.0000,2.6973,0.0000,-1.2707,Left,0,0,0,0,86.667,0,0.000,ft_jnd,FrameTimeStutter,1,0,1,0,1,1,0.25,0.25,1.5,100,-10,100,1,5,250,40,5,250,50,1,6,11,0,0.06,4,0.05,50,8,4,2,2,100,144,5,5,300,1.05,1.05,6.0,2.0,10,6,6,-1,
5,P005,1,ft_jnd,FrameTimeStutter,620,2.36721,4.7329,1358.02,1223.03,0.000,0.000,1358.02,1223.03,1.4266,10.1980,0.0000,2.6973,0.0000,-1.2707,Left,0,0,0,0,86.667,0,0.000,ft_jnd,FrameTimeStutter,1,0,1,0,1,1,0.25,0.25,1.5,100,-10,100,1,5,250,40,5,250,50,1,6,11,0,0.06,4,0.05,50,8,4,2,2,100,144,5,5,300,1.05,1.05,6.0,2.0,10,6,6,-1,
5,P005,1,ft_jnd,FrameTimeStutter,621,2.37119,3.9808,1358.02,1223.03,0.000,0.000,1358.02,1223.03,1.4266,10.1980,0.0000,2.6973,0.0000,-1.2707,Left,0,0,0,0,86.667,0,0.000,ft_jnd,FrameTimeStutter,1,0,1,0,1,1,0.25,0.25,1.5,100,-10,100,1,5,250,40,5,250,50,1,6,11,0,0.06,4,0.05,50,8,4,2,2,100,144,5,5,300,1.05,1.05,6.0,2.0,10,6,6,-1,
5,P005,1,ft_jnd,FrameTimeStutter,622,2.37561,4.4128,1358.02,1223.03,0.000,0.000,1358.02,1223.03,1.4266,10.1980,0.0000,2.6973,0.0000,-1.2707,Left,0,0,0,0,86.667,0,0.000,ft_jnd,FrameTimeStutter,1,0,1,0,1,1,0.25,0.25,1.5,100,-10,100,1,5,250,40,5,250,50,1,6,11,0,0.06,4,0.05,50,8,4,2,2,100,144,5,5,300,1.05,1.05,6.0,2.0,10,6,6,-1,
5,P005,1,ft_jnd,FrameTimeStutter,623,2.38002,4.4182,1358.02,1223.03,0.000,0.000,1358.02,1223.03,1.4266,10.1980,0.0000,2.6973,0.0000,-1.2707,Left,0,0,0,0,86.667,0,0.000,ft_jnd,FrameTimeStutter,1,0,1,0,1,1,0.25,0.25,1.5,100,-10,100,1,5,250,40,5,250,50,1,6,11,0,0.06,4,0.05,50,8,4,2,2,100,144,5,5,300,1.05,1.05,6.0,2.0,10,6,6,-1,
5,P005,1,ft_jnd,FrameTimeStutter,624,2.38331,3.2889,1358.02,1223.03,0.000,0.000,1358.02,1223.03,1.4266,10.1980,0.0000,2.6973,0.0000,-1.2707,Left,0,0,0,0,86.667,0,0.000,ft_jnd,FrameTimeStutter,1,0,1,0,1,1,0.25,0.25,1.5,100,-10,100,1,5,250,40,5,250,50,1,6,11,0,0.06,4,0.05,50,8,4,2,2,100,144,5,5,300,1.05,1.05,6.0,2.0,10,6,6,-1,
5,P005,1,ft_jnd,FrameTimeStutter,625,2.38751,4.1962,1358.02,1223.03,0.000,0.000,1358.02,1223.03,1.4266,10.1980,0.0000,2.6973,0.0000,-1.2707,Left,0,0,0,0,86.667,0,0.000,ft_jnd,FrameTimeStutter,1,0,1,0,1,1,0.25,0.25,1.5,100,-10,100,1,5,250,40,5,250,50,1,6,11,0,0.06,4,0.05,50,8,4,2,2,100,144,5,5,300,1.05,1.05,6.0,2.0,10,6,6,-1,
5,P005,1,ft_jnd,FrameTimeStutter,626,2.39094,3.4291,1358.02,1223.03,0.000,0.000,1358.02,1223.03,1.4266,10.1980,0.0000,2.6973,0.0000,-1.2707,Left,0,0,0,0,86.667,0,0.000,ft_jnd,FrameTimeStutter,1,0,1,0,1,1,0.25,0.25,1.5,100,-10,100,1,5,250,40,5,250,50,1,6,11,0,0.06,4,0.05,50,8,4,2,2,100,144,5,5,300,1.05,1.05,6.0,2.0,10,6,6,-1,
5,P005,1,ft_jnd,FrameTimeStutter,627,2.39397,3.0284,1358.02,1223.03,0.000,0.000,1358.02,1223.03,1.4266,10.1980,0.0000,2.6973,0.0000,-1.2707,Left,0,0,0,0,86.667,0,0.000,ft_jnd,FrameTimeStutter,1,0,1,0,1,1,0.25,0.25,1.5,100,-10,100,1,5,250,40,5,250,50,1,6,11,0,0.06,4,0.05,50,8,4,2,2,100,144,5,5,300,1.05,1.05,6.0,2.0,10,6,6,-1,
5,P005,1,ft_jnd,FrameTimeStutter,628,2.39877,4.8071,1358.02,1223.03,0.000,0.000,1358.02,1223.03,1.4266,10.1980,0.0000,2.6973,0.0000,-1.2707,Left,0,0,0,0,86.667,0,0.000,ft_jnd,FrameTimeStutter,1,0,1,0,1,1,0.25,0.25,1.5,100,-10,100,1,5,250,40,5,250,50,1,6,11,0,0.06,4,0.05,50,8,4,2,2,100,144,5,5,300,1.05,1.05,6.0,2.0,10,6,6,-1,
5,P005,1,ft_jnd,FrameTimeStutter,629,2.40318,4.4111,1358.02,1223.03,0.000,0.000,1358.02,1223.03,1.4266,10.1980,0.0000,2.6973,0.0000,-1.2707,Left,0,0,0,0,86.667,0,0.000,ft_jnd,FrameTimeStutter,1,0,1,0,1,1,0.25,0.25,1.5,100,-10,100,1,5,250,40,5,250,50,1,6,11,0,0.06,4,0.05,50,8,4,2,2,100,144,5,5,300,1.05,1.05,6.0,2.0,10,6,6,-1,
5,P005,1,ft_jnd,FrameTimeStutter,630,2.40716,3.9776,1358.02,1223.03,0.000,0.000,1358.02,1223.03,1.4266,10.1980,0.0000,2.6973,0.0000,-1.2707,Left,0,0,0,0,86.667,0,0.000,ft_jnd,FrameTimeStutter,1,0,1,0,1,1,0.25,0.25,1.5,100,-10,100,1,5,250,40,5,250,50,1,6,11,0,0.06,4,0.05,50,8,4,2,2,100,144,5,5,300,1.05,1.05,6.0,2.0,10,6,6,-1,
5,P005,1,ft_jnd,FrameTimeStutter,631,2.41160,4.4350,1358.02,1223.03,0.000,0.000,1358.02,1223.03,1.4266,10.1980,0.0000,2.6973,0.0000,-1.2707,Left,0,0,0,0,86.667,0,0.000,ft_jnd,FrameTimeStutter,1,0,1,0,1,1,0.25,0.25,1.5,100,-10,100,1,5,250,40,5,250,50,1,6,11,0,0.06,4,0.05,50,8,4,2,2,100,144,5,5,300,1.05,1.05,6.0,2.0,10,6,6,-1,
5,P005,1,ft_jnd,FrameTimeStutter,632,2.41501,3.4108,1358.02,1223.03,0.000,0.000,1358.02,1223.03,1.4266,10.1980,0.0000,2.6973,0.0000,-1.2707,Left,0,0,0,0,86.667,0,0.000,ft_jnd,FrameTimeStutter,1,0,1,0,1,1,0.25,0.25,1.5,100,-10,100,1,5,250,40,5,250,50,1,6,11,0,0.06,4,0.05,50,8,4,2,2,100,144,5,5,300,1.05,1.05,6.0,2.0,10,6,6,-1,
5,P005,1,ft_jnd,FrameTimeStutter,633,2.41918,4.1690,1358.02,1223.03,0.000,0.000,1358.02,1223.03,1.4266,10.1980,0.0000,2.6973,0.0000,-1.2707,Left,0,0,0,0,86.667,0,0.000,ft_jnd,FrameTimeStutter,1,0,1,0,1,1,0.25,0.25,1.5,100,-10,100,1,5,250,40,5,250,50,1,6,11,0,0.06,4,0.05,50,8,4,2,2,100,144,5,5,300,1.05,1.05,6.0,2.0,10,6,6,-1,
5,P005,1,ft_jnd,FrameTimeStutter,634,2.42263,3.4502,1358.02,1223.03,0.000,0.000,1358.02,1223.03,1.4266,10.1980,0.0000,2.6973,0.0000,-1.2707,Left,0,0,0,0,86.667,0,0.000,ft_jnd,FrameTimeStutter,1,0,1,0,1,1,0.25,0.25,1.5,100,-10,100,1,5,250,40,5,250,50,1,6,11,0,0.06,4,0.05,50,8,4,2,2,100,144,5,5,300,1.05,1.05,6.0,2.0,10,6,6,-1,
5,P005,1,ft_jnd,FrameTimeStutter,635,2.42604,3.4135,1358.02,1223.03,0.000,0.000,1358.02,1223.03,1.4266,10.1980,0.0000,2.6973,0.0000,-1.2707,Left,0,0,0,0,86.667,0,0.000,ft_jnd,FrameTimeStutter,1,0,1,0,1,1,0.25,0.25,1.5,100,-10,100,1,5,250,40,5,250,50,1,6,11,0,0.06,4,0.05,50,8,4,2,2,100,144,5,5,300,1.05,1.05,6.0,2.0,10,6,6,-1,
5,P005,1,ft_jnd,FrameTimeStutter,636,2.42910,3.0592,1358.02,1223.03,0.000,0.000,1358.02,1223.03,1.4266,10.1980,0.0000,2.6973,0.0000,-1.2707,Left,0,0,0,0,86.667,0,0.000,ft_jnd,FrameTimeStutter,1,0,1,0,1,1,0.25,0.25,1.5,100,-10,100,1,5,250,40,5,250,50,1,6,11,0,0.06,4,0.05,50,8,4,2,2,100,144,5,5,300,1.05,1.05,6.0,2.0,10,6,6,-1,
5,P005,1,ft_jnd,FrameTimeStutter,637,2.43289,3.7915,1358.02,1223.03,0.000,0.000,1358.02,1223.03,1.4266,10.1980,0.0000,2.6973,0.0000,-1.2707,Left,0,0,0,0,86.667,0,0.000,ft_jnd,FrameTimeStutter,1,0,1,0,1,1,0.25,0.25,1.5,100,-10,100,1,5,250,40,5,250,50,1,6,11,0,0.06,4,0.05,50,8,4,2,2,100,144,5,5,300,1.05,1.05,6.0,2.0,10,6,6,-1,
5,P005,1,ft_jnd,FrameTimeStutter,638,2.43589,2.9962,1358.02,1223.03,0.000,0.000,1358.02,1223.03,1.4266,10.1980,0.0000,2.6973,0.0000,-1.2707,Left,0,0,0,0,86.667,0,0.000,ft_jnd,FrameTimeStutter,1,0,1,0,1,1,0.25,0.25,1.5,100,-10,100,1,5,250,40,5,250,50,1,6,11,0,0.06,4,0.05,50,8,4,2,2,100,144,5,5,300,1.05,1.05,6.0,2.0,10,6,6,-1,
5,P005,1,ft_jnd,FrameTimeStutter,639,2.43956,3.6771,1358.02,1223.03,0.000,0.000,1358.02,1223.03,1.4266,10.1980,0.0000,2.6973,0.0000,-1.2707,Left,0,0,0,0,86.667,0,0.000,ft_jnd,FrameTimeStutter,1,0,1,0,1,1,0.25,0.25,1.5,100,-10,100,1,5,250,40,5,250,50,1,6,11,0,0.06,4,0.05,50,8,4,2,2,100,144,5,5,300,1.05,1.05,6.0,2.0,10,6,6,-1,
5,P005,1,ft_jnd,FrameTimeStutter,640,2.44355,3.9880,1358.02,1223.03,0.000,0.000,1358.02,1223.03,1.4266,10.1980,0.0000,2.6973,0.0000,-1.2707,Left,0,0,0,0,86.667,0,0.000,ft_jnd,FrameTimeStutter,1,0,1,0,1,1,0.25,0.25,1.5,100,-10,100,1,5,250,40,5,250,50,1,6,11,0,0.06,4,0.05,50,8,4,2,2,100,144,5,5,300,1.05,1.05,6.0,2.0,10,6,6,-1,
5,P005,1,ft_jnd,FrameTimeStutter,641,2.44698,3.4242,1358.02,1223.03,0.000,0.000,1358.02,1223.03,1.4266,10.1980,0.0000,2.6973,0.0000,-1.2707,Left,0,0,0,0,86.667,0,0.000,ft_jnd,FrameTimeStutter,1,0,1,0,1,1,0.25,0.25,1.5,100,-10,100,1,5,250,40,5,250,50,1,6,11,0,0.06,4,0.05,50,8,4,2,2,100,144,5,5,300,1.05,1.05,6.0,2.0,10,6,6,-1,
5,P005,1,ft_jnd,FrameTimeStutter,642,2.45152,4.5412,1358.02,1223.03,0.000,0.000,1358.02,1223.03,1.4266,10.1980,0.0000,2.6973,0.0000,-1.2707,Left,0,0,0,0,86.667,0,0.000,ft_jnd,FrameTimeStutter,1,0,1,0,1,1,0.25,0.25,1.5,100,-10,100,1,5,250,40,5,250,50,1,6,11,0,0.06,4,0.05,50,8,4,2,2,100,144,5,5,300,1.05,1.05,6.0,2.0,10,6,6,-1,
5,P005,1,ft_jnd,FrameTimeStutter,643,2.45444,2.9205,1358.02,1223.03,0.000,0.000,1358.02,1223.03,1.4266,10.1980,0.0000,2.6973,0.0000,-1.2707,Left,0,0,0,0,86.667,0,0.000,ft_jnd,FrameTimeStutter,1,0,1,0,1,1,0.25,0.25,1.5,100,-10,100,1,5,250,40,5,250,50,1,6,11,0,0.06,4,0.05,50,8,4,2,2,100,144,5,5,300,1.05,1.05,6.0,2.0,10,6,6,-1,
5,P005,1,ft_jnd,FrameTimeStutter,644,2.45845,4.0137,1358.02,1223.03,0.000,0.000,1358.02,1223.03,1.4266,10.1980,0.0000,2.6973,0.0000,-1.2707,Left,0,0,0,0,86.667,0,0.000,ft_jnd,FrameTimeStutter,1,0,1,0,1,1,0.25,0.25,1.5,100,-10,100,1,5,250,40,5,250,50,1,6,11,0,0.06,4,0.05,50,8,4,2,2,100,144,5,5,300,1.05,1.05,6.0,2.0,10,6,6,-1,
5,P005,1,ft_jnd,FrameTimeStutter,645,2.46281,4.3628,1358.02,1223.03,0.000,0.000,1358.02,1223.03,1.4266,10.1980,0.0000,2.6973,0.0000,-1.2707,Left,1,1,0,0,143.205,0,0.000,ft_jnd,FrameTimeStutter,1,0,1,0,1,1,0.25,0.25,1.5,100,-10,100,1,5,250,40,5,250,50,1,6,11,0,0.06,4,0.05,50,8,4,2,2,100,144,5,5,300,1.05,1.05,6.0,2.0,10,6,6,-1,
5,P005,1,ft_jnd,FrameTimeStutter,646,2.48524,22.4215,1358.02,1223.03,0.000,0.000,1358.02,1223.03,1.4266,10.1980,0.0000,2.6973,0.0000,-1.2707,Left,1,0,0,0,143.205,0,0.000,ft_jnd,FrameTimeStutter,1,0,1,0,1,1,0.25,0.25,1.5,100,-10,100,1,5,250,40,5,250,50,1,6,11,0,0.06,4,0.05,50,8,4,2,2,100,144,5,5,300,1.05,1.05,6.0,2.0,10,6,6,-1,
5,P005,1,ft_jnd,FrameTimeStutter,647,2.49017,4.9336,1358.02,1223.03,0.000,0.000,1358.02,1223.03,1.4266,10.1980,0.0000,2.6973,0.0000,-1.2707,Left,1,0,0,0,143.205,0,0.000,ft_jnd,FrameTimeStutter,1,0,1,0,1,1,0.25,0.25,1.5,100,-10,100,1,5,250,40,5,250,50,1,6,11,0,0.06,4,0.05,50,8,4,2,2,100,144,5,5,300,1.05,1.05,6.0,2.0,10,6,6,-1,
5,P005,1,ft_jnd,FrameTimeStutter,648,2.49426,4.0940,1358.02,1223.03,0.000,0.000,1358.02,1223.03,1.4266,10.1980,0.0000,2.6973,0.0000,-1.2707,Left,1,0,0,0,143.205,0,0.000,ft_jnd,FrameTimeStutter,1,0,1,0,1,1,0.25,0.25,1.5,100,-10,100,1,5,250,40,5,250,50,1,6,11,0,0.06,4,0.05,50,8,4,2,2,100,144,5,5,300,1.05,1.05,6.0,2.0,10,6,6,-1,
5,P005,1,ft_jnd,FrameTimeStutter,649,2.49815,3.8843,1358.02,1223.03,0.000,0.000,1358.02,1223.03,1.4266,10.1980,0.0000,2.6973,0.0000,-1.2707,Left,1,0,0,0,143.205,0,0.000,ft_jnd,FrameTimeStutter,1,0,1,0,1,1,0.25,0.25,1.5,100,-10,100,1,5,250,40,5,250,50,1,6,11,0,0.06,4,0.05,50,8,4,2,2,100,144,5,5,300,1.05,1.05,6.0,2.0,10,6,6,-1,
5,P005,1,ft_jnd,FrameTimeStutter,650,2.50197,3.8227,1358.02,1223.03,0.000,0.000,1358.02,1223.03,1.4266,10.1980,0.0000,2.6973,0.0000,-1.2707,Left,1,0,0,0,143.205,0,0.000,ft_jnd,FrameTimeStutter,1,0,1,0,1,1,0.25,0.25,1.5,100,-10,100,1,5,250,40,5,250,50,1,6,11,0,0.06,4,0.05,50,8,4,2,2,100,144,5,5,300,1.05,1.05,6.0,2.0,10,6,6,-1,
5,P005,1,ft_jnd,FrameTimeStutter,651,2.50596,3.9913,1358.02,1223.03,0.000,0.000,1358.02,1223.03,1.4266,10.1980,0.0000,2.6973,0.0000,-1.2707,Left,1,0,0,0,143.205,0,0.000,ft_jnd,FrameTimeStutter,1,0,1,0,1,1,0.25,0.25,1.5,100,-10,100,1,5,250,40,5,250,50,1,6,11,0,0.06,4,0.05,50,8,4,2,2,100,144,5,5,300,1.05,1.05,6.0,2.0,10,6,6,-1,
5,P005,1,ft_jnd,FrameTimeStutter,652,2.51035,4.3837,1358.02,1223.03,0.000,0.000,1358.02,1223.03,1.4266,10.1980,0.0000,2.6973,0.0000,-1.2707,Left,1,0,0,0,143.205,0,0.000,ft_jnd,FrameTimeStutter,1,0,1,0,1,1,0.25,0.25,1.5,100,-10,100,1,5,250,40,5,250,50,1,6,11,0,0.06,4,0.05,50,8,4,2,2,100,144,5,5,300,1.05,1.05,6.0,2.0,10,6,6,-1,
5,P005,1,ft_jnd,FrameTimeStutter,653,2.51445,4.1032,1358.02,1223.03,0.000,0.000,1358.02,1223.03,1.4266,10.1980,0.0000,2.6973,0.0000,-1.2707,Left,1,0,0,0,143.205,0,0.000,ft_jnd,FrameTimeStutter,1,0,1,0,1,1,0.25,0.25,1.5,100,-10,100,1,5,250,40,5,250,50,1,6,11,0,0.06,4,0.05,50,8,4,2,2,100,144,5,5,300,1.05,1.05,6.0,2.0,10,6,6,-1,
5,P005,1,ft_jnd,FrameTimeStutter,654,2.51876,4.3082,1358.02,1223.03,0.000,0.000,1358.02,1223.03,1.4266,10.1980,0.0000,2.6973,0.0000,-1.2707,Left,1,0,0,0,143.205,0,0.000,ft_jnd,FrameTimeStutter,1,0,1,0,1,1,0.25,0.25,1.5,100,-10,100,1,5,250,40,5,250,50,1,6,11,0,0.06,4,0.05,50,8,4,2,2,100,144,5,5,300,1.05,1.05,6.0,2.0,10,6,6,-1,
5,P005,1,ft_jnd,FrameTimeStutter,655,2.52340,4.6413,1358.02,1223.03,0.000,0.000,1358.02,1223.03,1.4266,10.1980,0.0000,2.6973,0.0000,-1.2707,Left,1,0,0,0,143.205,0,0.000,ft_jnd,FrameTimeStutter,1,0,1,0,1,1,0.25,0.25,1.5,100,-10,100,1,5,250,40,5,250,50,1,6,11,0,0.06,4,0.05,50,8,4,2,2,100,144,5,5,300,1.05,1.05,6.0,2.0,10,6,6,-1,
5,P005,1,ft_jnd,FrameTimeStutter,656,2.52910,5.7037,1358.02,1223.03,0.000,0.000,1358.02,1223.03,1.4266,10.1980,0.0000,2.6973,0.0000,-1.2707,Left,1,0,0,0,143.205,0,0.000,ft_jnd,FrameTimeStutter,1,0,1,0,1,1,0.25,0.25,1.5,100,-10,100,1,5,250,40,5,250,50,1,6,11,0,0.06,4,0.05,50,8,4,2,2,100,144,5,5,300,1.05,1.05,6.0,2.0,10,6,6,-1,
5,P005,1,ft_jnd,FrameTimeStutter,657,2.53341,4.3067,1358.02,1223.03,0.000,0.000,1358.02,1223.03,1.4266,10.1980,0.0000,2.6973,0.0000,-1.2707,Left,1,0,0,0,143.205,0,0.000,ft_jnd,FrameTimeStutter,1,0,1,0,1,1,0.25,0.25,1.5,100,-10,100,1,5,250,40,5,250,50,1,6,11,0,0.06,4,0.05,50,8,4,2,2,100,144,5,5,300,1.05,1.05,6.0,2.0,10,6,6,-1,
5,P005,1,ft_jnd,FrameTimeStutter,658,2.53809,4.6819,1358.02,1223.03,0.000,0.000,1358.02,1223.03,1.4266,10.1980,0.0000,2.6973,0.0000,-1.2707,Left,1,0,0,0,143.205,0,0.000,ft_jnd,FrameTimeStutter,1,0,1,0,1,1,0.25,0.25,1.5,100,-10,100,1,5,250,40,5,250,50,1,6,11,0,0.06,4,0.05,50,8,4,2,2,100,144,5,5,300,1.05,1.05,6.0,2.0,10,6,6,-1,
5,P005,1,ft_jnd,FrameTimeStutter,659,2.54274,4.6531,1358.02,1223.03,0.000,0.000,1358.02,1223.03,1.4266,10.1980,0.0000,2.6973,0.0000,-1.2707,Left,1,0,0,0,143.205,0,0.000,ft_jnd,FrameTimeStutter,1,0,1,0,1,1,0.25,0.25,1.5,100,-10,100,1,5,250,40,5,250,50,1,6,11,0,0.06,4,0.05,50,8,4,2,2,100,144,5,5,300,1.05,1.05,6.0,2.0,10,6,6,-1,
5,P005,1,ft_jnd,FrameTimeStutter,660,2.54751,4.7624,1358.02,1223.03,0.000,0.000,1358.02,1223.03,1.4266,10.1980,0.0000,2.6973,0.0000,-1.2707,Left,1,0,0,0,143.205,0,0.000,ft_jnd,FrameTimeStutter,1,0,1,0,1,1,0.25,0.25,1.5,100,-10,100,1,5,250,40,5,250,50,1,6,11,0,0.06,4,0.05,50,8,4,2,2,100,144,5,5,300,1.05,1.05,6.0,2.0,10,6,6,-1,
5,P005,1,ft_jnd,FrameTimeStutter,661,2.55197,4.4628,1358.02,1223.03,0.000,0.000,1358.02,1223.03,1.4266,10.1980,0.0000,2.6973,0.0000,-1.2707,Left,1,0,0,0,143.205,0,0.000,ft_jnd,FrameTimeStutter,1,0,1,0,1,1,0.25,0.25,1.5,100,-10,100,1,5,250,40,5,250,50,1,6,11,0,0.06,4,0.05,50,8,4,2,2,100,144,5,5,300,1.05,1.05,6.0,2.0,10,6,6,-1,
5,P005,1,ft_jnd,FrameTimeStutter,662,2.55681,4.8419,1358.02,1223.03,0.000,0.000,1358.02,1223.03,1.4266,10.1980,0.0000,2.6973,0.0000,-1.2707,Left,1,0,0,0,143.205,0,0.000,ft_jnd,FrameTimeStutter,1,0,1,0,1,1,0.25,0.25,1.5,100,-10,100,1,5,250,40,5,250,50,1,6,11,0,0.06,4,0.05,50,8,4,2,2,100,144,5,5,300,1.05,1.05,6.0,2.0,10,6,6,-1,
5,P005,1,ft_jnd,FrameTimeStutter,663,2.56153,4.7198,1358.02,1223.03,0.000,0.000,1358.02,1223.03,1.4266,10.1980,0.0000,2.6973,0.0000,-1.2707,Left,1,0,0,0,143.205,0,0.000,ft_jnd,FrameTimeStutter,1,0,1,0,1,1,0.25,0.25,1.5,100,-10,100,1,5,250,40,5,250,50,1,6,11,0,0.06,4,0.05,50,8,4,2,2,100,144,5,5,300,1.05,1.05,6.0,2.0,10,6,6,-1,
5,P005,1,ft_jnd,FrameTimeStutter,664,2.56627,4.7381,1358.02,1223.03,0.000,0.000,1358.02,1223.03,1.4266,10.1980,0.0000,2.6973,0.0000,-1.2707,Left,1,0,0,0,143.205,0,0.000,ft_jnd,FrameTimeStutter,1,0,1,0,1,1,0.25,0.25,1.5,100,-10,100,1,5,250,40,5,250,50,1,6,11,0,0.06,4,0.05,50,8,4,2,2,100,144,5,5,300,1.05,1.05,6.0,2.0,10,6,6,-1,
5,P005,1,ft_jnd,FrameTimeStutter,665,2.57092,4.6512,1358.02,1223.03,0.000,0.000,1358.02,1223.03,1.4266,10.1980,0.0000,2.6973,0.0000,-1.2707,Left,1,0,0,0,143.205,0,0.000,ft_jnd,FrameTimeStutter,1,0,1,0,1,1,0.25,0.25,1.5,100,-10,100,1,5,250,40,5,250,50,1,6,11,0,0.06,4,0.05,50,8,4,2,2,100,144,5,5,300,1.05,1.05,6.0,2.0,10,6,6,-1,
5,P005,1,ft_jnd,FrameTimeStutter,666,2.57536,4.4437,1358.02,1223.03,0.000,0.000,1358.02,1223.03,1.4266,10.1980,0.0000,2.6973,0.0000,-1.2707,Left,1,0,0,0,143.205,0,0.000,ft_jnd,FrameTimeStutter,1,0,1,0,1,1,0.25,0.25,1.5,100,-10,100,1,5,250,40,5,250,50,1,6,11,0,0.06,4,0.05,50,8,4,2,2,100,144,5,5,300,1.05,1.05,6.0,2.0,10,6,6,-1,
5,P005,1,ft_jnd,FrameTimeStutter,667,2.58031,4.9466,1358.02,1223.03,0.000,0.000,1358.02,1223.03,1.4266,10.1980,0.0000,2.6973,0.0000,-1.2707,Left,1,0,0,0,143.205,0,0.000,ft_jnd,FrameTimeStutter,1,0,1,0,1,1,0.25,0.25,1.5,100,-10,100,1,5,250,40,5,250,50,1,6,11,0,0.06,4,0.05,50,8,4,2,2,100,144,5,5,300,1.05,1.05,6.0,2.0,10,6,6,-1,
5,P005,1,ft_jnd,FrameTimeStutter,668,2.58494,4.6259,1358.02,1223.03,0.000,0.000,1358.02,1223.03,1.4266,10.1980,0.0000,2.6973,0.0000,-1.2707,Left,0,0,0,0,143.205,0,0.000,ft_jnd,FrameTimeStutter,1,0,1,0,1,1,0.25,0.25,1.5,100,-10,100,1,5,250,40,5,250,50,1,6,11,0,0.06,4,0.05,50,8,4,2,2,100,144,5,5,300,1.05,1.05,6.0,2.0,10,6,6,-1,
5,P005,1,ft_jnd,FrameTimeStutter,669,2.58913,4.1976,1358.02,1223.03,0.000,0.000,1358.02,1223.03,1.4266,10.1980,0.0000,2.6973,0.0000,-1.2707,Left,0,0,0,0,143.205,0,0.000,ft_jnd,FrameTimeStutter,1,0,1,0,1,1,0.25,0.25,1.5,100,-10,100,1,5,250,40,5,250,50,1,6,11,0,0.06,4,0.05,50,8,4,2,2,100,144,5,5,300,1.05,1.05,6.0,2.0,10,6,6,-1,
5,P005,1,ft_jnd,FrameTimeStutter,670,2.59367,4.5353,1358.02,1223.03,0.000,0.000,1358.02,1223.03,1.4266,10.1980,0.0000,2.6973,0.0000,-1.2707,Left,0,0,0,0,143.205,0,0.000,ft_jnd,FrameTimeStutter,1,0,1,0,1,1,0.25,0.25,1.5,100,-10,100,1,5,250,40,5,250,50,1,6,11,0,0.06,4,0.05,50,8,4,2,2,100,144,5,5,300,1.05,1.05,6.0,2.0,10,6,6,-1,
5,P005,1,ft_jnd,FrameTimeStutter,671,2.59819,4.5258,1358.02,1223.03,0.000,0.000,1358.02,1223.03,1.4266,10.1980,0.0000,2.6973,0.0000,-1.2707,Left,0,0,0,0,143.205,0,0.000,ft_jnd,FrameTimeStutter,1,0,1,0,1,1,0.25,0.25,1.5,100,-10,100,1,5,250,40,5,250,50,1,6,11,0,0.06,4,0.05,50,8,4,2,2,100,144,5,5,300,1.05,1.05,6.0,2.0,10,6,6,-1,
5,P005,1,ft_jnd,FrameTimeStutter,672,2.60263,4.4359,1358.02,1223.03,0.000,0.000,1358.02,1223.03,1.4266,10.1980,0.0000,2.6973,0.0000,-1.2707,Left,0,0,0,0,143.205,0,0.000,ft_jnd,FrameTimeStutter,1,0,1,0,1,1,0.25,0.25,1.5,100,-10,100,1,5,250,40,5,250,50,1,6,11,0,0.06,4,0.05,50,8,4,2,2,100,144,5,5,300,1.05,1.05,6.0,2.0,10,6,6,-1,
5,P005,1,ft_jnd,FrameTimeStutter,673,2.60662,3.9886,1358.02,1223.03,0.000,0.000,1358.02,1223.03,1.4266,10.1980,0.0000,2.6973,0.0000,-1.2707,Left,0,0,0,0,143.205,0,0.000,ft_jnd,FrameTimeStutter,1,0,1,0,1,1,0.25,0.25,1.5,100,-10,100,1,5,250,40,5,250,50,1,6,11,0,0.06,4,0.05,50,8,4,2,2,100,144,5,5,300,1.05,1.05,6.0,2.0,10,6,6,-1,
5,P005,1,ft_jnd,FrameTimeStutter,674,2.61102,4.3995,1358.02,1223.03,0.000,0.000,1358.02,1223.03,1.4266,10.1980,0.0000,2.6973,0.0000,-1.2707,Left,0,0,0,0,143.205,0,0.000,ft_jnd,FrameTimeStutter,1,0,1,0,1,1,0.25,0.25,1.5,100,-10,100,1,5,250,40,5,250,50,1,6,11,0,0.06,4,0.05,50,8,4,2,2,100,144,5,5,300,1.05,1.05,6.0,2.0,10,6,6,-1,
5,P005,1,ft_jnd,FrameTimeStutter,675,2.61537,4.3471,1358.02,1223.03,0.000,0.000,1358.02,1223.03,1.4266,10.1980,0.0000,2.6973,0.0000,-1.2707,Left,0,0,0,0,143.205,0,0.000,ft_jnd,FrameTimeStutter,1,0,1,0,1,1,0.25,0.25,1.5,100,-10,100,1,5,250,40,5,250,50,1,6,11,0,0.06,4,0.05,50,8,4,2,2,100,144,5,5,300,1.05,1.05,6.0,2.0,10,6,6,-1,
5,P005,1,ft_jnd,FrameTimeStutter,676,2.61995,4.5870,1358.02,1223.03,0.000,0.000,1358.02,1223.03,1.4266,10.1980,0.0000,2.6973,0.0000,-1.2707,Left,0,0,0,0,143.205,0,0.000,ft_jnd,FrameTimeStutter,1,0,1,0,1,1,0.25,0.25,1.5,100,-10,100,1,5,250,40,5,250,50,1,6,11,0,0.06,4,0.05,50,8,4,2,2,100,144,5,5,300,1.05,1.05,6.0,2.0,10,6,6,-1,
5,P005,1,ft_jnd,FrameTimeStutter,677,2.62429,4.3391,1358.02,1223.03,0.000,0.000,1358.02,1223.03,1.4266,10.1980,0.0000,2.6973,0.0000,-1.2707,Left,0,0,0,0,143.205,0,0.000,ft_jnd,FrameTimeStutter,1,0,1,0,1,1,0.25,0.25,1.5,100,-10,100,1,5,250,40,5,250,50,1,6,11,0,0.06,4,0.05,50,8,4,2,2,100,144,5,5,300,1.05,1.05,6.0,2.0,10,6,6,-1,
5,P005,1,ft_jnd,FrameTimeStutter,678,2.62883,4.5396,1358.02,1223.03,0.000,0.000,1358.02,1223.03,1.4266,10.1980,0.0000,2.6973,0.0000,-1.2707,Left,0,0,0,0,143.205,0,0.000,ft_jnd,FrameTimeStutter,1,0,1,0,1,1,0.25,0.25,1.5,100,-10,100,1,5,250,40,5,250,50,1,6,11,0,0.06,4,0.05,50,8,4,2,2,100,144,5,5,300,1.05,1.05,6.0,2.0,10,6,6,-1,
5,P005,1,ft_jnd,FrameTimeStutter,679,2.63365,4.8174,1358.02,1223.03,0.000,0.000,1358.02,1223.03,1.4266,10.1980,0.0000,2.6973,0.0000,-1.2707,Left,0,0,0,0,143.205,0,0.000,ft_jnd,FrameTimeStutter,1,0,1,0,1,1,0.25,0.25,1.5,100,-10,100,1,5,250,40,5,250,50,1,6,11,0,0.06,4,0.05,50,8,4,2,2,100,144,5,5,300,1.05,1.05,6.0,2.0,10,6,6,-1,
5,P005,1,ft_jnd,FrameTimeStutter,680,2.63829,4.6411,1358.02,1223.03,0.000,0.000,1358.02,1223.03,1.4266,10.1980,0.0000,2.6973,0.0000,-1.2707,Left,0,0,0,0,143.205,0,0.000,ft_jnd,FrameTimeStutter,1,0,1,0,1,1,0.25,0.25,1.5,100,-10,100,1,5,250,40,5,250,50,1,6,11,0,0.06,4,0.05,50,8,4,2,2,100,144,5,5,300,1.05,1.05,6.0,2.0,10,6,6,-1,
5,P005,1,ft_jnd,FrameTimeStutter,681,2.64255,4.2556,1358.02,1223.03,0.000,0.000,1358.02,1223.03,1.4266,10.1980,0.0000,2.6973,0.0000,-1.2707,Left,0,0,0,0,143.205,0,0.000,ft_jnd,FrameTimeStutter,1,0,1,0,1,1,0.25,0.25,1.5,100,-10,100,1,5,250,40,5,250,50,1,6,11,0,0.06,4,0.05,50,8,4,2,2,100,144,5,5,300,1.05,1.05,6.0,2.0,10,6,6,-1,
5,P005,1,ft_jnd,FrameTimeStutter,682,2.64729,4.7392,1358.02,1223.03,0.000,0.000,1358.02,1223.03,1.4266,10.1980,0.0000,2.6973,0.0000,-1.2707,Left,0,0,0,0,143.205,0,0.000,ft_jnd,FrameTimeStutter,1,0,1,0,1,1,0.25,0.25,1.5,100,-10,100,1,5,250,40,5,250,50,1,6,11,0,0.06,4,0.05,50,8,4,2,2,100,144,5,5,300,1.05,1.05,6.0,2.0,10,6,6,-1,
5,P005,1,ft_jnd,FrameTimeStutter,683,2.65220,4.9171,1358.02,1223.03,0.000,0.000,1358.02,1223.03,1.4266,10.1980,0.0000,2.6973,0.0000,-1.2707,Left,0,0,0,0,143.205,0,0.000,ft_jnd,FrameTimeStutter,1,0,1,0,1,1,0.25,0.25,1.5,100,-10,100,1,5,250,40,5,250,50,1,6,11,0,0.06,4,0.05,50,8,4,2,2,100,144,5,5,300,1.05,1.05,6.0,2.0,10,6,6,-1,
5,P005,1,ft_jnd,FrameTimeStutter,684,2.65706,4.8634,1358.02,1223.03,0.000,0.000,1358.02,1223.03,1.4266,10.1980,0.0000,2.6973,0.0000,-1.2707,Left,0,0,0,0,143.205,0,0.000,ft_jnd,FrameTimeStutter,1,0,1,0,1,1,0.25,0.25,1.5,100,-10,100,1,5,250,40,5,250,50,1,6,11,0,0.06,4,0.05,50,8,4,2,2,100,144,5,5,300,1.05,1.05,6.0,2.0,10,6,6,-1,
5,P005,1,ft_jnd,FrameTimeStutter,685,2.66136,4.2903,1358.02,1223.03,0.000,0.000,1358.02,1223.03,1.4266,10.1980,0.0000,2.6973,0.0000,-1.2707,Left,0,0,0,0,143.205,0,0.000,ft_jnd,FrameTimeStutter,1,0,1,0,1,1,0.25,0.25,1.5,100,-10,100,1,5,250,40,5,250,50,1,6,11,0,0.06,4,0.05,50,8,4,2,2,100,144,5,5,300,1.05,1.05,6.0,2.0,10,6,6,-1,
5,P005,1,ft_jnd,FrameTimeStutter,686,2.66636,5.0023,1358.02,1223.03,0.000,0.000,1358.02,1223.03,1.4266,10.1980,0.0000,2.6973,0.0000,-1.2707,Left,0,0,0,0,143.205,0,0.000,ft_jnd,FrameTimeStutter,1,0,1,0,1,1,0.25,0.25,1.5,100,-10,100,1,5,250,40,5,250,50,1,6,11,0,0.06,4,0.05,50,8,4,2,2,100,144,5,5,300,1.05,1.05,6.0,2.0,10,6,6,-1,
5,P005,1,ft_jnd,FrameTimeStutter,687,2.67105,4.6881,1358.02,1223.03,0.000,0.000,1358.02,1223.03,1.4266,10.1980,0.0000,2.6973,0.0000,-1.2707,Left,0,0,0,0,143.205,0,0.000,ft_jnd,FrameTimeStutter,1,0,1,0,1,1,0.25,0.25,1.5,100,-10,100,1,5,250,40,5,250,50,1,6,11,0,0.06,4,0.05,50,8,4,2,2,100,144,5,5,300,1.05,1.05,6.0,2.0,10,6,6,-1,
5,P005,1,ft_jnd,FrameTimeStutter,688,2.67575,4.7030,1358.02,1223.03,0.000,0.000,1358.02,1223.03,1.4266,10.1980,0.0000,2.6973,0.0000,-1.2707,Left,0,0,0,0,143.205,0,0.000,ft_jnd,FrameTimeStutter,1,0,1,0,1,1,0.25,0.25,1.5,100,-10,100,1,5,250,40,5,250,50,1,6,11,0,0.06,4,0.05,50,8,4,2,2,100,144,5,5,300,1.05,1.05,6.0,2.0,10,6,6,-1,
5,P005,1,ft_jnd,FrameTimeStutter,689,2.67996,4.2063,1358.02,1223.03,0.000,0.000,1358.02,1223.03,1.4266,10.1980,0.0000,2.6973,0.0000,-1.2707,Left,0,0,0,0,143.205,0,0.000,ft_jnd,FrameTimeStutter,1,0,1,0,1,1,0.25,0.25,1.5,100,-10,100,1,5,250,40,5,250,50,1,6,11,0,0.06,4,0.05,50,8,4,2,2,100,144,5,5,300,1.05,1.05,6.0,2.0,10,6,6,-1,
5,P005,1,ft_jnd,FrameTimeStutter,690,2.68453,4.5778,1358.02,1223.03,0.000,0.000,1358.02,1223.03,1.4266,10.1980,0.0000,2.6973,0.0000,-1.2707,Left,0,0,0,0,143.205,0,0.000,ft_jnd,FrameTimeStutter,1,0,1,0,1,1,0.25,0.25,1.5,100,-10,100,1,5,250,40,5,250,50,1,6,11,0,0.06,4,0.05,50,8,4,2,2,100,144,5,5,300,1.05,1.05,6.0,2.0,10,6,6,-1,
5,P005,1,ft_jnd,FrameTimeStutter,691,2.68908,4.5474,1358.02,1223.03,0.000,0.000,1358.02,1223.03,1.4266,10.1980,0.0000,2.6973,0.0000,-1.2707,Left,0,0,0,0,143.205,0,0.000,ft_jnd,FrameTimeStutter,1,0,1,0,1,1,0.25,0.25,1.5,100,-10,100,1,5,250,40,5,250,50,1,6,11,0,0.06,4,0.05,50,8,4,2,2,100,144,5,5,300,1.05,1.05,6.0,2.0,10,6,6,-1,
5,P005,1,ft_jnd,FrameTimeStutter,692,2.69367,4.5941,1358.02,1223.03,0.000,0.000,1358.02,1223.03,1.4266,10.1980,0.0000,2.6973,0.0000,-1.2707,Left,0,0,0,0,143.205,0,0.000,ft_jnd,FrameTimeStutter,1,0,1,0,1,1,0.25,0.25,1.5,100,-10,100,1,5,250,40,5,250,50,1,6,11,0,0.06,4,0.05,50,8,4,2,2,100,144,5,5,300,1.05,1.05,6.0,2.0,10,6,6,-1,
5,P005,1,ft_jnd,FrameTimeStutter,693,2.69781,4.1387,1358.02,1223.03,0.000,0.000,1358.02,1223.03,1.4266,10.1980,0.0000,2.6973,0.0000,-1.2707,Left,0,0,0,0,143.205,0,0.000,ft_jnd,FrameTimeStutter,1,0,1,0,1,1,0.25,0.25,1.5,100,-10,100,1,5,250,40,5,250,50,1,6,11,0,0.06,4,0.05,50,8,4,2,2,100,144,5,5,300,1.05,1.05,6.0,2.0,10,6,6,-1,
5,P005,1,ft_jnd,FrameTimeStutter,694,2.70227,4.4617,1358.02,1223.03,0.000,0.000,1358.02,1223.03,1.4266,10.1980,0.0000,2.6973,0.0000,-1.2707,Left,0,0,0,0,143.205,0,0.000,ft_jnd,FrameTimeStutter,1,0,1,0,1,1,0.25,0.25,1.5,100,-10,100,1,5,250,40,5,250,50,1,6,11,0,0.06,4,0.05,50,8,4,2,2,100,144,5,5,300,1.05,1.05,6.0,2.0,10,6,6,-1,
5,P005,1,ft_jnd,FrameTimeStutter,695,2.70667,4.3982,1358.02,1223.03,0.000,0.000,1358.02,1223.03,1.4266,10.1980,0.0000,2.6973,0.0000,-1.2707,Left,0,0,0,0,143.205,0,0.000,ft_jnd,FrameTimeStutter,1,0,1,0,1,1,0.25,0.25,1.5,100,-10,100,1,5,250,40,5,250,50,1,6,11,0,0.06,4,0.05,50,8,4,2,2,100,144,5,5,300,1.05,1.05,6.0,2.0,10,6,6,-1,
5,P005,1,ft_jnd,FrameTimeStutter,696,2.71105,4.3759,1358.02,1223.03,0.000,0.000,1358.02,1223.03,1.4266,10.1980,0.0000,2.6973,0.0000,-1.2707,Left,0,0,0,0,143.205,0,0.000,ft_jnd,FrameTimeStutter,1,0,1,0,1,1,0.25,0.25,1.5,100,-10,100,1,5,250,40,5,250,50,1,6,11,0,0.06,4,0.05,50,8,4,2,2,100,144,5,5,300,1.05,1.05,6.0,2.0,10,6,6,-1,
5,P005,1,ft_jnd,FrameTimeStutter,697,2.71501,3.9597,1358.02,1223.03,0.000,0.000,1358.02,1223.03,1.4266,10.1980,0.0000,2.6973,0.0000,-1.2707,Left,0,0,0,0,143.205,0,0.000,ft_jnd,FrameTimeStutter,1,0,1,0,1,1,0.25,0.25,1.5,100,-10,100,1,5,250,40,5,250,50,1,6,11,0,0.06,4,0.05,50,8,4,2,2,100,144,5,5,300,1.05,1.05,6.0,2.0,10,6,6,-1,
5,P005,1,ft_jnd,FrameTimeStutter,698,2.71947,4.4569,1358.02,1223.03,0.000,0.000,1358.02,1223.03,1.4266,10.1980,0.0000,2.6973,0.0000,-1.2707,Left,0,0,0,0,143.205,0,0.000,ft_jnd,FrameTimeStutter,1,0,1,0,1,1,0.25,0.25,1.5,100,-10,100,1,5,250,40,5,250,50,1,6,11,0,0.06,4,0.05,50,8,4,2,2,100,144,5,5,300,1.05,1.05,6.0,2.0,10,6,6,-1,
5,P005,1,ft_jnd,FrameTimeStutter,699,2.72394,4.4744,1358.02,1223.03,0.000,0.000,1358.02,1223.03,1.4266,10.1980,0.0000,2.6973,0.0000,-1.2707,Left,0,0,0,0,143.205,0,0.000,ft_jnd,FrameTimeStutter,1,0,1,0,1,1,0.25,0.25,1.5,100,-10,100,1,5,250,40,5,250,50,1,6,11,0,0.06,4,0.05,50,8,4,2,2,100,144,5,5,300,1.05,1.05,6.0,2.0,10,6,6,-1,
5,P005,1,ft_jnd,FrameTimeStutter,700,2.72811,4.1748,1358.02,1223.03,0.000,0.000,1358.02,1223.03,1.4266,10.1980,0.0000,2.6973,0.0000,-1.2707,Left,0,0,0,0,143.205,0,0.000,ft_jnd,FrameTimeStutter,1,0,1,0,1,1,0.25,0.25,1.5,100,-10,100,1,5,250,40,5,250,50,1,6,11,0,0.06,4,0.05,50,8,4,2,2,100,144,5,5,300,1.05,1.05,6.0,2.0,10,6,6,-1,
5,P005,1,ft_jnd,FrameTimeStutter,701,2.73255,4.4329,1358.02,1223.03,0.000,0.000,1358.02,1223.03,1.4266,10.1980,0.0000,2.6973,0.0000,-1.2707,Left,0,0,0,0,143.205,0,0.000,ft_jnd,FrameTimeStutter,1,0,1,0,1,1,0.25,0.25,1.5,100,-10,100,1,5,250,40,5,250,50,1,6,11,0,0.06,4,0.05,50,8,4,2,2,100,144,5,5,300,1.05,1.05,6.0,2.0,10,6,6,-1,
5,P005,1,ft_jnd,FrameTimeStutter,702,2.73702,4.4728,1358.02,1223.03,0.000,0.000,1358.02,1223.03,1.4266,10.1980,0.0000,2.6973,0.0000,-1.2707,Left,0,0,0,0,143.205,0,0.000,ft_jnd,FrameTimeStutter,1,0,1,0,1,1,0.25,0.25,1.5,100,-10,100,1,5,250,40,5,250,50,1,6,11,0,0.06,4,0.05,50,8,4,2,2,100,144,5,5,300,1.05,1.05,6.0,2.0,10,6,6,-1,
5,P005,1,ft_jnd,FrameTimeStutter,703,2.74161,4.5915,1358.02,1223.03,0.000,0.000,1358.02,1223.03,1.4266,10.1980,0.0000,2.6973,0.0000,-1.2707,Left,0,0,0,0,143.205,0,0.000,ft_jnd,FrameTimeStutter,1,0,1,0,1,1,0.25,0.25,1.5,100,-10,100,1,5,250,40,5,250,50,1,6,11,0,0.06,4,0.05,50,8,4,2,2,100,144,5,5,300,1.05,1.05,6.0,2.0,10,6,6,-1,
5,P005,1,ft_jnd,FrameTimeStutter,704,2.74573,4.1179,1358.02,1223.03,0.000,0.000,1358.02,1223.03,1.4266,10.1980,0.0000,2.6973,0.0000,-1.2707,Left,0,0,0,0,143.205,0,0.000,ft_jnd,FrameTimeStutter,1,0,1,0,1,1,0.25,0.25,1.5,100,-10,100,1,5,250,40,5,250,50,1,6,11,0,0.06,4,0.05,50,8,4,2,2,100,144,5,5,300,1.05,1.05,6.0,2.0,10,6,6,-1,
5,P005,1,ft_jnd,FrameTimeStutter,705,2.75040,4.6694,1358.02,1223.03,0.000,0.000,1358.02,1223.03,1.4266,10.1980,0.0000,2.6973,0.0000,-1.2707,Left,0,0,0,0,143.205,0,0.000,ft_jnd,FrameTimeStutter,1,0,1,0,1,1,0.25,0.25,1.5,100,-10,100,1,5,250,40,5,250,50,1,6,11,0,0.06,4,0.05,50,8,4,2,2,100,144,5,5,300,1.05,1.05,6.0,2.0,10,6,6,-1,
5,P005,1,ft_jnd,FrameTimeStutter,706,2.75515,4.7481,1358.02,1223.03,0.000,0.000,1358.02,1223.03,1.4266,10.1980,0.0000,2.6973,0.0000,-1.2707,Left,0,0,0,0,143.205,0,0.000,ft_jnd,FrameTimeStutter,1,0,1,0,1,1,0.25,0.25,1.5,100,-10,100,1,5,250,40,5,250,50,1,6,11,0,0.06,4,0.05,50,8,4,2,2,100,144,5,5,300,1.05,1.05,6.0,2.0,10,6,6,-1,
5,P005,1,ft_jnd,FrameTimeStutter,707,2.75978,4.6302,1358.02,1223.03,0.000,0.000,1358.02,1223.03,1.4266,10.1980,0.0000,2.6973,0.0000,-1.2707,Left,0,0,0,0,143.205,0,0.000,ft_jnd,FrameTimeStutter,1,0,1,0,1,1,0.25,0.25,1.5,100,-10,100,1,5,250,40,5,250,50,1,6,11,0,0.06,4,0.05,50,8,4,2,2,100,144,5,5,300,1.05,1.05,6.0,2.0,10,6,6,-1,
5,P005,1,ft_jnd,FrameTimeStutter,708,2.76403,4.2554,1358.02,1223.03,0.000,0.000,1358.02,1223.03,1.4266,10.1980,0.0000,2.6973,0.0000,-1.2707,Left,0,0,0,0,143.205,0,0.000,ft_jnd,FrameTimeStutter,1,0,1,0,1,1,0.25,0.25,1.5,100,-10,100,1,5,250,40,5,250,50,1,6,11,0,0.06,4,0.05,50,8,4,2,2,100,144,5,5,300,1.05,1.05,6.0,2.0,10,6,6,-1,
5,P005,1,ft_jnd,FrameTimeStutter,709,2.76869,4.6583,1358.02,1223.03,0.000,0.000,1358.02,1223.03,1.4266,10.1980,0.0000,2.6973,0.0000,-1.2707,Left,0,0,0,0,143.205,0,0.000,ft_jnd,FrameTimeStutter,1,0,1,0,1,1,0.25,0.25,1.5,100,-10,100,1,5,250,40,5,250,50,1,6,11,0,0.06,4,0.05,50,8,4,2,2,100,144,5,5,300,1.05,1.05,6.0,2.0,10,6,6,-1,
5,P005,1,ft_jnd,FrameTimeStutter,710,2.77366,4.9679,1358.02,1223.03,0.000,0.000,1358.02,1223.03,1.4266,10.1980,0.0000,2.6973,0.0000,-1.2707,Left,0,0,0,0,143.205,0,0.000,ft_jnd,FrameTimeStutter,1,0,1,0,1,1,0.25,0.25,1.5,100,-10,100,1,5,250,40,5,250,50,1,6,11,0,0.06,4,0.05,50,8,4,2,2,100,144,5,5,300,1.05,1.05,6.0,2.0,10,6,6,-1,
5,P005,1,ft_jnd,FrameTimeStutter,711,2.77822,4.5613,1358.02,1223.03,0.000,0.000,1358.02,1223.03,1.4266,10.1980,0.0000,2.6973,0.0000,-1.2707,Left,0,0,0,0,143.205,0,0.000,ft_jnd,FrameTimeStutter,1,0,1,0,1,1,0.25,0.25,1.5,100,-10,100,1,5,250,40,5,250,50,1,6,11,0,0.06,4,0.05,50,8,4,2,2,100,144,5,5,300,1.05,1.05,6.0,2.0,10,6,6,-1,
5,P005,1,ft_jnd,FrameTimeStutter,712,2.78237,4.1506,1358.02,1223.03,0.000,0.000,1358.02,1223.03,1.4266,10.1980,0.0000,2.6973,0.0000,-1.2707,Left,0,0,0,0,143.205,0,0.000,ft_jnd,FrameTimeStutter,1,0,1,0,1,1,0.25,0.25,1.5,100,-10,100,1,5,250,40,5,250,50,1,6,11,0,0.06,4,0.05,50,8,4,2,2,100,144,5,5,300,1.05,1.05,6.0,2.0,10,6,6,-1,
5,P005,1,ft_jnd,FrameTimeStutter,713,2.78703,4.6575,1358.02,1223.03,0.000,0.000,1358.02,1223.03,1.4266,10.1980,0.0000,2.6973,0.0000,-1.2707,Left,0,0,0,0,143.205,0,0.000,ft_jnd,FrameTimeStutter,1,0,1,0,1,1,0.25,0.25,1.5,100,-10,100,1,5,250,40,5,250,50,1,6,11,0,0.06,4,0.05,50,8,4,2,2,100,144,5,5,300,1.05,1.05,6.0,2.0,10,6,6,-1,
5,P005,1,ft_jnd,FrameTimeStutter,714,2.79168,4.6465,1358.02,1223.03,0.000,0.000,1358.02,1223.03,1.4266,10.1980,0.0000,2.6973,0.0000,-1.2707,Left,0,0,0,0,143.205,0,0.000,ft_jnd,FrameTimeStutter,1,0,1,0,1,1,0.25,0.25,1.5,100,-10,100,1,5,250,40,5,250,50,1,6,11,0,0.06,4,0.05,50,8,4,2,2,100,144,5,5,300,1.05,1.05,6.0,2.0,10,6,6,-1,
5,P005,1,ft_jnd,FrameTimeStutter,715,2.79594,4.2605,1358.02,1223.03,0.000,0.000,1358.02,1223.03,1.4266,10.1980,0.0000,2.6973,0.0000,-1.2707,Left,0,0,0,0,143.205,0,0.000,ft_jnd,FrameTimeStutter,1,0,1,0,1,1,0.25,0.25,1.5,100,-10,100,1,5,250,40,5,250,50,1,6,11,0,0.06,4,0.05,50,8,4,2,2,100,144,5,5,300,1.05,1.05,6.0,2.0,10,6,6,-1,
5,P005,1,ft_jnd,FrameTimeStutter,716,2.80026,4.3283,1358.02,1223.03,0.000,0.000,1358.02,1223.03,1.4266,10.1980,0.0000,2.6973,0.0000,-1.2707,Left,0,0,0,0,143.205,0,0.000,ft_jnd,FrameTimeStutter,1,0,1,0,1,1,0.25,0.25,1.5,100,-10,100,1,5,250,40,5,250,50,1,6,11,0,0.06,4,0.05,50,8,4,2,2,100,144,5,5,300,1.05,1.05,6.0,2.0,10,6,6,-1,
5,P005,1,ft_jnd,FrameTimeStutter,717,2.80521,4.9436,1358.02,1223.03,0.000,0.000,1358.02,1223.03,1.4266,10.1980,0.0000,2.6973,0.0000,-1.2707,Left,0,0,0,0,143.205,0,0.000,ft_jnd,FrameTimeStutter,1,0,1,0,1,1,0.25,0.25,1.5,100,-10,100,1,5,250,40,5,250,50,1,6,11,0,0.06,4,0.05,50,8,4,2,2,100,144,5,5,300,1.05,1.05,6.0,2.0,10,6,6,-1,
5,P005,1,ft_jnd,FrameTimeStutter,718,2.80956,4.3540,1358.02,1223.03,0.000,0.000,1358.02,1223.03,1.4266,10.1980,0.0000,2.6973,0.0000,-1.2707,Left,0,0,0,0,143.205,0,0.000,ft_jnd,FrameTimeStutter,1,0,1,0,1,1,0.25,0.25,1.5,100,-10,100,1,5,250,40,5,250,50,1,6,11,0,0.06,4,0.05,50,8,4,2,2,100,144,5,5,300,1.05,1.05,6.0,2.0,10,6,6,-1,
5,P005,1,ft_jnd,FrameTimeStutter,719,2.81394,4.3801,1358.02,1223.03,0.000,0.000,1358.02,1223.03,1.4266,10.1980,0.0000,2.6973,0.0000,-1.2707,Left,0,0,0,0,143.205,0,0.000,ft_jnd,FrameTimeStutter,1,0,1,0,1,1,0.25,0.25,1.5,100,-10,100,1,5,250,40,5,250,50,1,6,11,0,0.06,4,0.05,50,8,4,2,2,100,144,5,5,300,1.05,1.05,6.0,2.0,10,6,6,-1,
5,P005,1,ft_jnd,FrameTimeStutter,720,2.81834,4.4018,1358.02,1223.03,0.000,0.000,1358.02,1223.03,1.4266,10.1980,0.0000,2.6973,0.0000,-1.2707,Left,0,0,0,0,143.205,0,0.000,ft_jnd,FrameTimeStutter,1,0,1,0,1,1,0.25,0.25,1.5,100,-10,100,1,5,250,40,5,250,50,1,6,11,0,0.06,4,0.05,50,8,4,2,2,100,144,5,5,300,1.05,1.05,6.0,2.0,10,6,6,-1,
5,P005,1,ft_jnd,FrameTimeStutter,721,2.82280,4.4529,1358.02,1223.03,0.000,0.000,1358.02,1223.03,1.4266,10.1980,0.0000,2.6973,0.0000,-1.2707,Left,0,0,0,0,143.205,0,0.000,ft_jnd,FrameTimeStutter,1,0,1,0,1,1,0.25,0.25,1.5,100,-10,100,1,5,250,40,5,250,50,1,6,11,0,0.06,4,0.05,50,8,4,2,2,100,144,5,5,300,1.05,1.05,6.0,2.0,10,6,6,-1,
5,P005,1,ft_jnd,FrameTimeStutter,722,2.82727,4.4708,1358.02,1223.03,0.000,0.000,1358.02,1223.03,1.4266,10.1980,0.0000,2.6973,0.0000,-1.2707,Left,0,0,0,0,143.205,0,0.000,ft_jnd,FrameTimeStutter,1,0,1,0,1,1,0.25,0.25,1.5,100,-10,100,1,5,250,40,5,250,50,1,6,11,0,0.06,4,0.05,50,8,4,2,2,100,144,5,5,300,1.05,1.05,6.0,2.0,10,6,6,-1,
5,P005,1,ft_jnd,FrameTimeStutter,723,2.83114,3.8684,1358.02,1223.03,0.000,0.000,1358.02,1223.03,1.4266,10.1980,0.0000,2.6973,0.0000,-1.2707,Left,0,0,0,0,143.205,0,0.000,ft_jnd,FrameTimeStutter,1,0,1,0,1,1,0.25,0.25,1.5,100,-10,100,1,5,250,40,5,250,50,1,6,11,0,0.06,4,0.05,50,8,4,2,2,100,144,5,5,300,1.05,1.05,6.0,2.0,10,6,6,-1,
5,P005,1,ft_jnd,FrameTimeStutter,724,2.83553,4.3894,1358.02,1223.03,0.000,0.000,1358.02,1223.03,1.4266,10.1980,0.0000,2.6973,0.0000,-1.2707,Left,0,0,0,0,143.205,0,0.000,ft_jnd,FrameTimeStutter,1,0,1,0,1,1,0.25,0.25,1.5,100,-10,100,1,5,250,40,5,250,50,1,6,11,0,0.06,4,0.05,50,8,4,2,2,100,144,5,5,300,1.05,1.05,6.0,2.0,10,6,6,-1,
5,P005,1,ft_jnd,FrameTimeStutter,725,2.83987,4.3403,1358.02,1223.03,0.000,0.000,1358.02,1223.03,1.4266,10.1980,0.0000,2.6973,0.0000,-1.2707,Left,0,0,0,0,143.205,0,0.000,ft_jnd,FrameTimeStutter,1,0,1,0,1,1,0.25,0.25,1.5,100,-10,100,1,5,250,40,5,250,50,1,6,11,0,0.06,4,0.05,50,8,4,2,2,100,144,5,5,300,1.05,1.05,6.0,2.0,10,6,6,-1,
5,P005,1,ft_jnd,FrameTimeStutter,726,2.84422,4.3552,1358.02,1223.03,0.000,0.000,1358.02,1223.03,1.4266,10.1980,0.0000,2.6973,0.0000,-1.2707,Left,0,0,0,0,143.205,0,0.000,ft_jnd,FrameTimeStutter,1,0,1,0,1,1,0.25,0.25,1.5,100,-10,100,1,5,250,40,5,250,50,1,6,11,0,0.06,4,0.05,50,8,4,2,2,100,144,5,5,300,1.05,1.05,6.0,2.0,10,6,6,-1,
5,P005,1,ft_jnd,FrameTimeStutter,727,2.84819,3.9737,1358.02,1223.03,0.000,0.000,1358.02,1223.03,1.4266,10.1980,0.0000,2.6973,0.0000,-1.2707,Left,0,0,0,0,143.205,0,0.000,ft_jnd,FrameTimeStutter,1,0,1,0,1,1,0.25,0.25,1.5,100,-10,100,1,5,250,40,5,250,50,1,6,11,0,0.06,4,0.05,50,8,4,2,2,100,144,5,5,300,1.05,1.05,6.0,2.0,10,6,6,-1,
5,P005,1,ft_jnd,FrameTimeStutter,728,2.85268,4.4870,1358.02,1223.03,0.000,0.000,1358.02,1223.03,1.4266,10.1980,0.0000,2.6973,0.0000,-1.2707,Left,0,0,0,0,143.205,0,0.000,ft_jnd,FrameTimeStutter,1,0,1,0,1,1,0.25,0.25,1.5,100,-10,100,1,5,250,40,5,250,50,1,6,11,0,0.06,4,0.05,50,8,4,2,2,100,144,5,5,300,1.05,1.05,6.0,2.0,10,6,6,-1,
5,P005,1,ft_jnd,FrameTimeStutter,729,2.85708,4.4001,1358.02,1223.03,0.000,0.000,1358.02,1223.03,1.4266,10.1980,0.0000,2.6973,0.0000,-1.2707,Left,0,0,0,0,143.205,0,0.000,ft_jnd,FrameTimeStutter,1,0,1,0,1,1,0.25,0.25,1.5,100,-10,100,1,5,250,40,5,250,50,1,6,11,0,0.06,4,0.05,50,8,4,2,2,100,144,5,5,300,1.05,1.05,6.0,2.0,10,6,6,-1,
5,P005,1,ft_jnd,FrameTimeStutter,730,2.86123,4.1525,1358.02,1223.03,0.000,0.000,1358.02,1223.03,1.4266,10.1980,0.0000,2.6973,0.0000,-1.2707,Left,0,0,0,0,143.205,0,0.000,ft_jnd,FrameTimeStutter,1,0,1,0,1,1,0.25,0.25,1.5,100,-10,100,1,5,250,40,5,250,50,1,6,11,0,0.06,4,0.05,50,8,4,2,2,100,144,5,5,300,1.05,1.05,6.0,2.0,10,6,6,-1,
5,P005,1,ft_jnd,FrameTimeStutter,731,2.86591,4.6718,1358.02,1223.03,0.000,0.000,1358.02,1223.03,1.4266,10.1980,0.0000,2.6973,0.0000,-1.2707,Left,0,0,0,0,143.205,0,0.000,ft_jnd,FrameTimeStutter,1,0,1,0,1,1,0.25,0.25,1.5,100,-10,100,1,5,250,40,5,250,50,1,6,11,0,0.06,4,0.05,50,8,4,2,2,100,144,5,5,300,1.05,1.05,6.0,2.0,10,6,6,-1,
5,P005,1,ft_jnd,FrameTimeStutter,732,2.87040,4.4929,1358.02,1223.03,0.000,0.000,1358.02,1223.03,1.4266,10.1980,0.0000,2.6973,0.0000,-1.2707,Left,0,0,0,0,143.205,0,0.000,ft_jnd,FrameTimeStutter,1,0,1,0,1,1,0.25,0.25,1.5,100,-10,100,1,5,250,40,5,250,50,1,6,11,0,0.06,4,0.05,50,8,4,2,2,100,144,5,5,300,1.05,1.05,6.0,2.0,10,6,6,-1,
5,P005,1,ft_jnd,FrameTimeStutter,733,2.87442,4.0255,1358.02,1223.03,0.000,0.000,1358.02,1223.03,1.4266,10.1980,0.0000,2.6973,0.0000,-1.2707,Left,0,0,0,0,143.205,0,0.000,ft_jnd,FrameTimeStutter,1,0,1,0,1,1,0.25,0.25,1.5,100,-10,100,1,5,250,40,5,250,50,1,6,11,0,0.06,4,0.05,50,8,4,2,2,100,144,5,5,300,1.05,1.05,6.0,2.0,10,6,6,-1,
5,P005,1,ft_jnd,FrameTimeStutter,734,2.87900,4.5775,1358.02,1223.03,0.000,0.000,1358.02,1223.03,1.4266,10.1980,0.0000,2.6973,0.0000,-1.2707,Left,0,0,0,0,143.205,0,0.000,ft_jnd,FrameTimeStutter,1,0,1,0,1,1,0.25,0.25,1.5,100,-10,100,1,5,250,40,5,250,50,1,6,11,0,0.06,4,0.05,50,8,4,2,2,100,144,5,5,300,1.05,1.05,6.0,2.0,10,6,6,-1,
5,P005,1,ft_jnd,FrameTimeStutter,735,2.88365,4.6525,1358.02,1223.03,0.000,0.000,1358.02,1223.03,1.4266,10.1980,0.0000,2.6973,0.0000,-1.2707,Left,0,0,0,0,143.205,0,0.000,ft_jnd,FrameTimeStutter,1,0,1,0,1,1,0.25,0.25,1.5,100,-10,100,1,5,250,40,5,250,50,1,6,11,0,0.06,4,0.05,50,8,4,2,2,100,144,5,5,300,1.05,1.05,6.0,2.0,10,6,6,-1,
5,P005,1,ft_jnd,FrameTimeStutter,736,2.88811,4.4519,1358.02,1223.03,0.000,0.000,1358.02,1223.03,1.4266,10.1980,0.0000,2.6973,0.0000,-1.2707,Left,0,0,0,0,143.205,0,0.000,ft_jnd,FrameTimeStutter,1,0,1,0,1,1,0.25,0.25,1.5,100,-10,100,1,5,250,40,5,250,50,1,6,11,0,0.06,4,0.05,50,8,4,2,2,100,144,5,5,300,1.05,1.05,6.0,2.0,10,6,6,-1,
5,P005,1,ft_jnd,FrameTimeStutter,737,2.89211,4.0081,1358.02,1223.03,0.000,0.000,1358.02,1223.03,1.4266,10.1980,0.0000,2.6973,0.0000,-1.2707,Left,0,0,0,0,143.205,0,0.000,ft_jnd,FrameTimeStutter,1,0,1,0,1,1,0.25,0.25,1.5,100,-10,100,1,5,250,40,5,250,50,1,6,11,0,0.06,4,0.05,50,8,4,2,2,100,144,5,5,300,1.05,1.05,6.0,2.0,10,6,6,-1,
5,P005,1,ft_jnd,FrameTimeStutter,738,2.89663,4.5194,1358.02,1223.03,0.000,0.000,1358.02,1223.03,1.4266,10.1980,0.0000,2.6973,0.0000,-1.2707,Left,0,0,0,0,143.205,0,0.000,ft_jnd,FrameTimeStutter,1,0,1,0,1,1,0.25,0.25,1.5,100,-10,100,1,5,250,40,5,250,50,1,6,11,0,0.06,4,0.05,50,8,4,2,2,100,144,5,5,300,1.05,1.05,6.0,2.0,10,6,6,-1,
5,P005,1,ft_jnd,FrameTimeStutter,739,2.90103,4.4013,1358.02,1223.03,0.000,0.000,1358.02,1223.03,1.4266,10.1980,0.0000,2.6973,0.0000,-1.2707,Left,0,0,0,0,143.205,0,0.000,ft_jnd,FrameTimeStutter,1,0,1,0,1,1,0.25,0.25,1.5,100,-10,100,1,5,250,40,5,250,50,1,6,11,0,0.06,4,0.05,50,8,4,2,2,100,144,5,5,300,1.05,1.05,6.0,2.0,10,6,6,-1,
5,P005,1,ft_jnd,FrameTimeStutter,740,2.90543,4.3935,1358.02,1223.03,0.000,0.000,1358.02,1223.03,1.4266,10.1980,0.0000,2.6973,0.0000,-1.2707,Left,0,0,0,0,143.205,0,0.000,ft_jnd,FrameTimeStutter,1,0,1,0,1,1,0.25,0.25,1.5,100,-10,100,1,5,250,40,5,250,50,1,6,11,0,0.06,4,0.05,50,8,4,2,2,100,144,5,5,300,1.05,1.05,6.0,2.0,10,6,6,-1,
5,P005,1,ft_jnd,FrameTimeStutter,741,2.90937,3.9383,1358.02,1223.03,0.000,0.000,1358.02,1223.03,1.4266,10.1980,0.0000,2.6973,0.0000,-1.2707,Left,0,0,0,0,143.205,0,0.000,ft_jnd,FrameTimeStutter,1,0,1,0,1,1,0.25,0.25,1.5,100,-10,100,1,5,250,40,5,250,50,1,6,11,0,0.06,4,0.05,50,8,4,2,2,100,144,5,5,300,1.05,1.05,6.0,2.0,10,6,6,-1,
5,P005,1,ft_jnd,FrameTimeStutter,742,2.91390,4.5328,1358.02,1223.03,0.000,0.000,1358.02,1223.03,1.4266,10.1980,0.0000,2.6973,0.0000,-1.2707,Left,0,0,0,0,143.205,0,0.000,ft_jnd,FrameTimeStutter,1,0,1,0,1,1,0.25,0.25,1.5,100,-10,100,1,5,250,40,5,250,50,1,6,11,0,0.06,4,0.05,50,8,4,2,2,100,144,5,5,300,1.05,1.05,6.0,2.0,10,6,6,-1,
5,P005,1,ft_jnd,FrameTimeStutter,743,2.91822,4.3180,1358.02,1223.03,0.000,0.000,1358.02,1223.03,1.4266,10.1980,0.0000,2.6973,0.0000,-1.2707,Left,0,0,0,0,143.205,0,0.000,ft_jnd,FrameTimeStutter,1,0,1,0,1,1,0.25,0.25,1.5,100,-10,100,1,5,250,40,5,250,50,1,6,11,0,0.06,4,0.05,50,8,4,2,2,100,144,5,5,300,1.05,1.05,6.0,2.0,10,6,6,-1,
5,P005,1,ft_jnd,FrameTimeStutter,744,2.92214,3.9268,1358.02,1223.03,0.000,0.000,1358.02,1223.03,1.4266,10.1980,0.0000,2.6973,0.0000,-1.2707,Left,0,0,0,0,143.205,0,0.000,ft_jnd,FrameTimeStutter,1,0,1,0,1,1,0.25,0.25,1.5,100,-10,100,1,5,250,40,5,250,50,1,6,11,0,0.06,4,0.05,50,8,4,2,2,100,144,5,5,300,1.05,1.05,6.0,2.0,10,6,6,-1,
5,P005,1,ft_jnd,FrameTimeStutter,745,2.92672,4.5731,1358.02,1223.03,0.000,0.000,1358.02,1223.03,1.4266,10.1980,0.0000,2.6973,0.0000,-1.2707,Left,0,0,0,0,143.205,0,0.000,ft_jnd,FrameTimeStutter,1,0,1,0,1,1,0.25,0.25,1.5,100,-10,100,1,5,250,40,5,250,50,1,6,11,0,0.06,4,0.05,50,8,4,2,2,100,144,5,5,300,1.05,1.05,6.0,2.0,10,6,6,-1,
5,P005,1,ft_jnd,FrameTimeStutter,746,2.93110,4.3874,1358.02,1223.03,0.000,0.000,1358.02,1223.03,1.4266,10.1980,0.0000,2.6973,0.0000,-1.2707,Left,0,0,0,0,143.205,0,0.000,ft_jnd,FrameTimeStutter,1,0,1,0,1,1,0.25,0.25,1.5,100,-10,100,1,5,250,40,5,250,50,1,6,11,0,0.06,4,0.05,50,8,4,2,2,100,144,5,5,300,1.05,1.05,6.0,2.0,10,6,6,-1,
5,P005,1,ft_jnd,FrameTimeStutter,747,2.93505,3.9430,1358.02,1223.03,0.000,0.000,1358.02,1223.03,1.4266,10.1980,0.0000,2.6973,0.0000,-1.2707,Left,0,0,0,0,143.205,0,0.000,ft_jnd,FrameTimeStutter,1,0,1,0,1,1,0.25,0.25,1.5,100,-10,100,1,5,250,40,5,250,50,1,6,11,0,0.06,4,0.05,50,8,4,2,2,100,144,5,5,300,1.05,1.05,6.0,2.0,10,6,6,-1,
5,P005,1,ft_jnd,FrameTimeStutter,748,2.93941,4.3611,1358.02,1223.03,0.000,0.000,1358.02,1223.03,1.4266,10.1980,0.0000,2.6973,0.0000,-1.2707,Left,0,0,0,0,143.205,0,0.000,ft_jnd,FrameTimeStutter,1,0,1,0,1,1,0.25,0.25,1.5,100,-10,100,1,5,250,40,5,250,50,1,6,11,0,0.06,4,0.05,50,8,4,2,2,100,144,5,5,300,1.05,1.05,6.0,2.0,10,6,6,-1,
5,P005,1,ft_jnd,FrameTimeStutter,749,2.94376,4.3501,1358.02,1223.03,0.000,0.000,1358.02,1223.03,1.4266,10.1980,0.0000,2.6973,0.0000,-1.2707,Left,0,0,0,0,143.205,0,0.000,ft_jnd,FrameTimeStutter,1,0,1,0,1,1,0.25,0.25,1.5,100,-10,100,1,5,250,40,5,250,50,1,6,11,0,0.06,4,0.05,50,8,4,2,2,100,144,5,5,300,1.05,1.05,6.0,2.0,10,6,6,-1,
5,P005,1,ft_jnd,FrameTimeStutter,750,2.94812,4.3632,1358.02,1223.03,0.000,0.000,1358.02,1223.03,1.4266,10.1980,0.0000,2.6973,0.0000,-1.2707,Left,0,0,0,0,143.205,0,0.000,ft_jnd,FrameTimeStutter,1,0,1,0,1,1,0.25,0.25,1.5,100,-10,100,1,5,250,40,5,250,50,1,6,11,0,0.06,4,0.05,50,8,4,2,2,100,144,5,5,300,1.05,1.05,6.0,2.0,10,6,6,-1,
5,P005,1,ft_jnd,FrameTimeStutter,751,2.95221,4.0884,1358.02,1223.03,0.000,0.000,1358.02,1223.03,1.4266,10.1980,0.0000,2.6973,0.0000,-1.2707,Left,0,0,0,0,143.205,0,0.000,ft_jnd,FrameTimeStutter,1,0,1,0,1,1,0.25,0.25,1.5,100,-10,100,1,5,250,40,5,250,50,1,6,11,0,0.06,4,0.05,50,8,4,2,2,100,144,5,5,300,1.05,1.05,6.0,2.0,10,6,6,-1,
5,P005,1,ft_jnd,FrameTimeStutter,752,2.95660,4.3879,1358.02,1223.03,0.000,0.000,1358.02,1223.03,1.4266,10.1980,0.0000,2.6973,0.0000,-1.2707,Left,0,0,0,0,143.205,0,0.000,ft_jnd,FrameTimeStutter,1,0,1,0,1,1,0.25,0.25,1.5,100,-10,100,1,5,250,40,5,250,50,1,6,11,0,0.06,4,0.05,50,8,4,2,2,100,144,5,5,300,1.05,1.05,6.0,2.0,10,6,6,-1,
5,P005,1,ft_jnd,FrameTimeStutter,753,2.96100,4.3967,1358.02,1223.03,0.000,0.000,1358.02,1223.03,1.4266,10.1980,0.0000,2.6973,0.0000,-1.2707,Left,0,0,0,0,143.205,0,0.000,ft_jnd,FrameTimeStutter,1,0,1,0,1,1,0.25,0.25,1.5,100,-10,100,1,5,250,40,5,250,50,1,6,11,0,0.06,4,0.05,50,8,4,2,2,100,144,5,5,300,1.05,1.05,6.0,2.0,10,6,6,-1,
5,P005,1,ft_jnd,FrameTimeStutter,754,2.96520,4.2071,1358.02,1223.03,0.000,0.000,1358.02,1223.03,1.4266,10.1980,0.0000,2.6973,0.0000,-1.2707,Left,0,0,0,0,143.205,0,0.000,ft_jnd,FrameTimeStutter,1,0,1,0,1,1,0.25,0.25,1.5,100,-10,100,1,5,250,40,5,250,50,1,6,11,0,0.06,4,0.05,50,8,4,2,2,100,144,5,5,300,1.05,1.05,6.0,2.0,10,6,6,-1,
5,P005,1,ft_jnd,FrameTimeStutter,755,2.96941,4.2075,1358.02,1223.03,0.000,0.000,1358.02,1223.03,1.4266,10.1980,0.0000,2.6973,0.0000,-1.2707,Left,0,0,0,0,143.205,0,0.000,ft_jnd,FrameTimeStutter,1,0,1,0,1,1,0.25,0.25,1.5,100,-10,100,1,5,250,40,5,250,50,1,6,11,0,0.06,4,0.05,50,8,4,2,2,100,144,5,5,300,1.05,1.05,6.0,2.0,10,6,6,-1,
5,P005,1,ft_jnd,FrameTimeStutter,756,2.97398,4.5720,1358.02,1223.03,0.000,0.000,1358.02,1223.03,1.4266,10.1980,0.0000,2.6973,0.0000,-1.2707,Left,0,0,0,0,143.205,0,0.000,ft_jnd,FrameTimeStutter,1,0,1,0,1,1,0.25,0.25,1.5,100,-10,100,1,5,250,40,5,250,50,1,6,11,0,0.06,4,0.05,50,8,4,2,2,100,144,5,5,300,1.05,1.05,6.0,2.0,10,6,6,-1,
5,P005,1,ft_jnd,FrameTimeStutter,757,2.97852,4.5333,1358.02,1223.03,0.000,0.000,1358.02,1223.03,1.4266,10.1980,0.0000,2.6973,0.0000,-1.2707,Left,0,0,0,0,143.205,0,0.000,ft_jnd,FrameTimeStutter,1,0,1,0,1,1,0.25,0.25,1.5,100,-10,100,1,5,250,40,5,250,50,1,6,11,0,0.06,4,0.05,50,8,4,2,2,100,144,5,5,300,1.05,1.05,6.0,2.0,10,6,6,-1,
5,P005,1,ft_jnd,FrameTimeStutter,758,2.98256,4.0496,1358.02,1223.03,0.000,0.000,1358.02,1223.03,1.4266,10.1980,0.0000,2.6973,0.0000,-1.2707,Left,0,0,0,0,143.205,0,0.000,ft_jnd,FrameTimeStutter,1,0,1,0,1,1,0.25,0.25,1.5,100,-10,100,1,5,250,40,5,250,50,1,6,11,0,0.06,4,0.05,50,8,4,2,2,100,144,5,5,300,1.05,1.05,6.0,2.0,10,6,6,-1,
5,P005,1,ft_jnd,FrameTimeStutter,759,2.98709,4.5229,1358.02,1223.03,0.000,0.000,1358.02,1223.03,1.4266,10.1980,0.0000,2.6973,0.0000,-1.2707,Left,0,0,0,0,143.205,0,0.000,ft_jnd,FrameTimeStutter,1,0,1,0,1,1,0.25,0.25,1.5,100,-10,100,1,5,250,40,5,250,50,1,6,11,0,0.06,4,0.05,50,8,4,2,2,100,144,5,5,300,1.05,1.05,6.0,2.0,10,6,6,-1,
5,P005,1,ft_jnd,FrameTimeStutter,760,2.99147,4.3782,1358.02,1223.03,0.000,0.000,1358.02,1223.03,1.4266,10.1980,0.0000,2.6973,0.0000,-1.2707,Left,0,0,0,0,143.205,0,0.000,ft_jnd,FrameTimeStutter,1,0,1,0,1,1,0.25,0.25,1.5,100,-10,100,1,5,250,40,5,250,50,1,6,11,0,0.06,4,0.05,50,8,4,2,2,100,144,5,5,300,1.05,1.05,6.0,2.0,10,6,6,-1,
5,P005,1,ft_jnd,FrameTimeStutter,761,2.99588,4.4159,1358.02,1223.03,0.000,0.000,1358.02,1223.03,1.4266,10.1980,0.0000,2.6973,0.0000,-1.2707,Left,0,0,0,0,143.205,0,0.000,ft_jnd,FrameTimeStutter,1,0,1,0,1,1,0.25,0.25,1.5,100,-10,100,1,5,250,40,5,250,50,1,6,11,0,0.06,4,0.05,50,8,4,2,2,100,144,5,5,300,1.05,1.05,6.0,2.0,10,6,6,-1,
5,P005,1,ft_jnd,FrameTimeStutter,762,2.99987,3.9858,1358.02,1223.03,0.000,0.000,1358.02,1223.03,1.4266,10.1980,0.0000,2.6973,0.0000,-1.2707,Left,0,0,0,0,143.205,0,0.000,ft_jnd,FrameTimeStutter,1,0,1,0,1,1,0.25,0.25,1.5,100,-10,100,1,5,250,40,5,250,50,1,6,11,0,0.06,4,0.05,50,8,4,2,2,100,144,5,5,300,1.05,1.05,6.0,2.0,10,6,6,-1,
5,P005,1,ft_jnd,FrameTimeStutter,763,3.00423,4.3621,1358.02,1223.03,0.000,0.000,1358.02,1223.03,1.4266,10.1980,0.0000,2.6973,0.0000,-1.2707,Left,0,0,0,0,143.205,0,0.000,ft_jnd,FrameTimeStutter,1,0,1,0,1,1,0.25,0.25,1.5,100,-10,100,1,5,250,40,5,250,50,1,6,11,0,0.06,4,0.05,50,8,4,2,2,100,144,5,5,300,1.05,1.05,6.0,2.0,10,6,6,-1,
5,P005,1,ft_jnd,FrameTimeStutter,764,3.00861,4.3804,1358.02,1223.03,0.000,0.000,1358.02,1223.03,1.4266,10.1980,0.0000,2.6973,0.0000,-1.2707,Left,0,0,0,0,143.205,0,0.000,ft_jnd,FrameTimeStutter,1,0,1,0,1,1,0.25,0.25,1.5,100,-10,100,1,5,250,40,5,250,50,1,6,11,0,0.06,4,0.05,50,8,4,2,2,100,144,5,5,300,1.05,1.05,6.0,2.0,10,6,6,-1,
5,P005,1,ft_jnd,FrameTimeStutter,765,3.01255,3.9404,1358.02,1223.03,0.000,0.000,1358.02,1223.03,1.4266,10.1980,0.0000,2.6973,0.0000,-1.2707,Left,0,0,0,0,143.205,0,0.000,ft_jnd,FrameTimeStutter,1,0,1,0,1,1,0.25,0.25,1.5,100,-10,100,1,5,250,40,5,250,50,1,6,11,0,0.06,4,0.05,50,8,4,2,2,100,144,5,5,300,1.05,1.05,6.0,2.0,10,6,6,-1,
5,P005,1,ft_jnd,FrameTimeStutter,766,3.01698,4.4258,1358.02,1223.03,0.000,0.000,1358.02,1223.03,1.4266,10.1980,0.0000,2.6973,0.0000,-1.2707,Left,0,0,0,0,143.205,0,0.000,ft_jnd,FrameTimeStutter,1,0,1,0,1,1,0.25,0.25,1.5,100,-10,100,1,5,250,40,5,250,50,1,6,11,0,0.06,4,0.05,50,8,4,2,2,100,144,5,5,300,1.05,1.05,6.0,2.0,10,6,6,-1,
5,P005,1,ft_jnd,FrameTimeStutter,767,3.02131,4.3299,1358.02,1223.03,0.000,0.000,1358.02,1223.03,1.4266,10.1980,0.0000,2.6973,0.0000,-1.2707,Left,0,0,0,0,143.205,0,0.000,ft_jnd,FrameTimeStutter,1,0,1,0,1,1,0.25,0.25,1.5,100,-10,100,1,5,250,40,5,250,50,1,6,11,0,0.06,4,0.05,50,8,4,2,2,100,144,5,5,300,1.05,1.05,6.0,2.0,10,6,6,-1,
5,P005,1,ft_jnd,FrameTimeStutter,768,3.02524,3.9358,1358.02,1223.03,0.000,0.000,1358.02,1223.03,1.4266,10.1980,0.0000,2.6973,0.0000,-1.2707,Left,0,0,0,0,143.205,0,0.000,ft_jnd,FrameTimeStutter,1,0,1,0,1,1,0.25,0.25,1.5,100,-10,100,1,5,250,40,5,250,50,1,6,11,0,0.06,4,0.05,50,8,4,2,2,100,144,5,5,300,1.05,1.05,6.0,2.0,10,6,6,-1,
5,P005,1,ft_jnd,FrameTimeStutter,769,3.02956,4.3185,1358.02,1223.03,0.000,0.000,1358.02,1223.03,1.4266,10.1980,0.0000,2.6973,0.0000,-1.2707,Left,0,0,0,0,143.205,0,0.000,ft_jnd,FrameTimeStutter,1,0,1,0,1,1,0.25,0.25,1.5,100,-10,100,1,5,250,40,5,250,50,1,6,11,0,0.06,4,0.05,50,8,4,2,2,100,144,5,5,300,1.05,1.05,6.0,2.0,10,6,6,-1,
5,P005,1,ft_jnd,FrameTimeStutter,770,3.03385,4.2948,1358.02,1223.03,0.000,0.000,1358.02,1223.03,1.4266,10.1980,0.0000,2.6973,0.0000,-1.2707,Left,0,0,0,0,143.205,0,0.000,ft_jnd,FrameTimeStutter,1,0,1,0,1,1,0.25,0.25,1.5,100,-10,100,1,5,250,40,5,250,50,1,6,11,0,0.06,4,0.05,50,8,4,2,2,100,144,5,5,300,1.05,1.05,6.0,2.0,10,6,6,-1,
5,P005,1,ft_jnd,FrameTimeStutter,771,3.03775,3.8966,1358.02,1223.03,0.000,0.000,1358.02,1223.03,1.4266,10.1980,0.0000,2.6973,0.0000,-1.2707,Left,0,0,0,0,143.205,0,0.000,ft_jnd,FrameTimeStutter,1,0,1,0,1,1,0.25,0.25,1.5,100,-10,100,1,5,250,40,5,250,50,1,6,11,0,0.06,4,0.05,50,8,4,2,2,100,144,5,5,300,1.05,1.05,6.0,2.0,10,6,6,-1,
5,P005,1,ft_jnd,FrameTimeStutter,772,3.04220,4.4446,1358.02,1223.03,0.000,0.000,1358.02,1223.03,1.4266,10.1980,0.0000,2.6973,0.0000,-1.2707,Left,0,0,0,0,143.205,0,0.000,ft_jnd,FrameTimeStutter,1,0,1,0,1,1,0.25,0.25,1.5,100,-10,100,1,5,250,40,5,250,50,1,6,11,0,0.06,4,0.05,50,8,4,2,2,100,144,5,5,300,1.05,1.05,6.0,2.0,10,6,6,-1,
5,P005,1,ft_jnd,FrameTimeStutter,773,3.04652,4.3209,1358.02,1223.03,0.000,0.000,1358.02,1223.03,1.4266,10.1980,0.0000,2.6973,0.0000,-1.2707,Left,0,0,0,0,143.205,0,0.000,ft_jnd,FrameTimeStutter,1,0,1,0,1,1,0.25,0.25,1.5,100,-10,100,1,5,250,40,5,250,50,1,6,11,0,0.06,4,0.05,50,8,4,2,2,100,144,5,5,300,1.05,1.05,6.0,2.0,10,6,6,-1,
5,P005,1,ft_jnd,FrameTimeStutter,774,3.05072,4.2074,1358.02,1223.03,0.000,0.000,1358.02,1223.03,1.4266,10.1980,0.0000,2.6973,0.0000,-1.2707,Left,0,0,0,0,143.205,0,0.000,ft_jnd,FrameTimeStutter,1,0,1,0,1,1,0.25,0.25,1.5,100,-10,100,1,5,250,40,5,250,50,1,6,11,0,0.06,4,0.05,50,8,4,2,2,100,144,5,5,300,1.05,1.05,6.0,2.0,10,6,6,-1,
5,P005,1,ft_jnd,FrameTimeStutter,775,3.05476,4.0390,1358.02,1223.03,0.000,0.000,1358.02,1223.03,1.4266,10.1980,0.0000,2.6973,0.0000,-1.2707,Left,0,0,0,0,143.205,0,0.000,ft_jnd,FrameTimeStutter,1,0,1,0,1,1,0.25,0.25,1.5,100,-10,100,1,5,250,40,5,250,50,1,6,11,0,0.06,4,0.05,50,8,4,2,2,100,144,5,5,300,1.05,1.05,6.0,2.0,10,6,6,-1,
5,P005,1,ft_jnd,FrameTimeStutter,776,3.05922,4.4610,1358.02,1223.03,0.000,0.000,1358.02,1223.03,1.4266,10.1980,0.0000,2.6973,0.0000,-1.2707,Left,0,0,0,0,143.205,0,0.000,ft_jnd,FrameTimeStutter,1,0,1,0,1,1,0.25,0.25,1.5,100,-10,100,1,5,250,40,5,250,50,1,6,11,0,0.06,4,0.05,50,8,4,2,2,100,144,5,5,300,1.05,1.05,6.0,2.0,10,6,6,-1,
5,P005,1,ft_jnd,FrameTimeStutter,777,3.06367,4.4484,1358.02,1223.03,0.000,0.000,1358.02,1223.03,1.4266,10.1980,0.0000,2.6973,0.0000,-1.2707,Left,0,0,0,0,143.205,0,0.000,ft_jnd,FrameTimeStutter,1,0,1,0,1,1,0.25,0.25,1.5,100,-10,100,1,5,250,40,5,250,50,1,6,11,0,0.06,4,0.05,50,8,4,2,2,100,144,5,5,300,1.05,1.05,6.0,2.0,10,6,6,-1,
5,P005,1,ft_jnd,FrameTimeStutter,778,3.06764,3.9652,1358.02,1223.03,0.000,0.000,1358.02,1223.03,1.4266,10.1980,0.0000,2.6973,0.0000,-1.2707,Left,0,0,0,0,143.205,0,0.000,ft_jnd,FrameTimeStutter,1,0,1,0,1,1,0.25,0.25,1.5,100,-10,100,1,5,250,40,5,250,50,1,6,11,0,0.06,4,0.05,50,8,4,2,2,100,144,5,5,300,1.05,1.05,6.0,2.0,10,6,6,-1,
5,P005,1,ft_jnd,FrameTimeStutter,779,3.07197,4.3281,1358.02,1223.03,0.000,0.000,1358.02,1223.03,1.4266,10.1980,0.0000,2.6973,0.0000,-1.2707,Left,0,0,0,0,143.205,0,0.000,ft_jnd,FrameTimeStutter,1,0,1,0,1,1,0.25,0.25,1.5,100,-10,100,1,5,250,40,5,250,50,1,6,11,0,0.06,4,0.05,50,8,4,2,2,100,144,5,5,300,1.05,1.05,6.0,2.0,10,6,6,-1,
5,P005,1,ft_jnd,FrameTimeStutter,780,3.07631,4.3445,1356.53,1223.03,-1.000,0.000,1356.53,1223.03,1.3994,10.1980,0.0000,2.6973,0.0000,-1.2707,Left,0,0,0,0,143.205,0,0.000,ft_jnd,FrameTimeStutter,1,0,1,0,1,1,0.25,0.25,1.5,100,-10,100,1,5,250,40,5,250,50,1,6,11,0,0.06,4,0.05,50,8,4,2,2,100,144,5,5,300,1.05,1.05,6.0,2.0,10,6,6,-1,
5,P005,1,ft_jnd,FrameTimeStutter,781,3.08083,4.5245,1356.53,1223.03,0.000,0.000,1356.53,1223.03,1.3994,10.1980,0.0000,2.6973,0.0000,-1.2979,Left,0,0,0,0,143.205,0,0.000,ft_jnd,FrameTimeStutter,1,0,1,0,1,1,0.25,0.25,1.5,100,-10,100,1,5,250,40,5,250,50,1,6,11,0,0.06,4,0.05,50,8,4,2,2,100,144,5,5,300,1.05,1.05,6.0,2.0,10,6,6,-1,
5,P005,1,ft_jnd,FrameTimeStutter,782,3.08475,3.9170,1355.05,1223.03,-1.000,0.000,1355.05,1223.03,1.3722,10.1980,0.0000,2.6973,0.0000,-1.2979,Left,0,0,0,0,143.205,0,0.000,ft_jnd,FrameTimeStutter,1,0,1,0,1,1,0.25,0.25,1.5,100,-10,100,1,5,250,40,5,250,50,1,6,11,0,0.06,4,0.05,50,8,4,2,2,100,144,5,5,300,1.05,1.05,6.0,2.0,10,6,6,-1,
5,P005,1,ft_jnd,FrameTimeStutter,783,3.08910,4.3433,1355.05,1223.03,0.000,0.000,1355.05,1223.03,1.3722,10.1980,0.0000,2.6973,0.0000,-1.3250,Left,0,0,0,0,143.205,0,0.000,ft_jnd,FrameTimeStutter,1,0,1,0,1,1,0.25,0.25,1.5,100,-10,100,1,5,250,40,5,250,50,1,6,11,0,0.06,4,0.05,50,8,4,2,2,100,144,5,5,300,1.05,1.05,6.0,2.0,10,6,6,-1,
5,P005,1,ft_jnd,FrameTimeStutter,784,3.09355,4.4574,1347.62,1223.03,-5.000,0.000,1347.62,1223.03,1.2364,10.1980,0.0000,2.6973,0.0000,-1.3250,Left,0,0,0,0,143.205,0,0.000,ft_jnd,FrameTimeStutter,1,0,1,0,1,1,0.25,0.25,1.5,100,-10,100,1,5,250,40,5,250,50,1,6,11,0,0.06,4,0.05,50,8,4,2,2,100,144,5,5,300,1.05,1.05,6.0,2.0,10,6,6,-1,
5,P005,1,ft_jnd,FrameTimeStutter,785,3.09747,3.9172,1347.62,1223.03,0.000,0.000,1347.62,1223.03,1.2364,10.1980,0.0000,2.6973,0.0000,-1.4609,Left,0,0,0,0,143.205,0,0.000,ft_jnd,FrameTimeStutter,1,0,1,0,1,1,0.25,0.25,1.5,100,-10,100,1,5,250,40,5,250,50,1,6,11,0,0.06,4,0.05,50,8,4,2,2,100,144,5,5,300,1.05,1.05,6.0,2.0,10,6,6,-1,
5,P005,1,ft_jnd,FrameTimeStutter,786,3.10190,4.4311,1334.24,1223.03,-9.000,0.000,1334.24,1223.03,0.9918,10.1980,0.0000,2.6973,0.0000,-1.4609,Left,0,0,0,0,143.205,0,0.000,ft_jnd,FrameTimeStutter,1,0,1,0,1,1,0.25,0.25,1.5,100,-10,100,1,5,250,40,5,250,50,1,6,11,0,0.06,4,0.05,50,8,4,2,2,100,144,5,5,300,1.05,1.05,6.0,2.0,10,6,6,-1,
5,P005,1,ft_jnd,FrameTimeStutter,787,3.10627,4.3719,1334.24,1223.03,0.000,0.000,1334.24,1223.03,0.9918,10.1980,0.0000,2.6973,0.0000,-1.7054,Left,0,0,0,0,143.205,0,0.000,ft_jnd,FrameTimeStutter,1,0,1,0,1,1,0.25,0.25,1.5,100,-10,100,1,5,250,40,5,250,50,1,6,11,0,0.06,4,0.05,50,8,4,2,2,100,144,5,5,300,1.05,1.05,6.0,2.0,10,6,6,-1,
5,P005,1,ft_jnd,FrameTimeStutter,788,3.11013,3.8586,1316.41,1223.03,-12.000,0.000,1316.41,1223.03,0.6657,10.1980,0.0000,2.6973,0.0000,-1.7054,Left,0,0,0,0,143.205,0,0.000,ft_jnd,FrameTimeStutter,1,0,1,0,1,1,0.25,0.25,1.5,100,-10,100,1,5,250,40,5,250,50,1,6,11,0,0.06,4,0.05,50,8,4,2,2,100,144,5,5,300,1.05,1.05,6.0,2.0,10,6,6,-1,
5,P005,1,ft_jnd,FrameTimeStutter,789,3.11487,4.7358,1316.41,1223.03,0.000,0.000,1316.41,1223.03,0.6657,10.1980,0.0000,2.6973,0.0000,-2.0315,Left,0,0,0,0,143.205,0,0.000,ft_jnd,FrameTimeStutter,1,0,1,0,1,1,0.25,0.25,1.5,100,-10,100,1,5,250,40,5,250,50,1,6,11,0,0.06,4,0.05,50,8,4,2,2,100,144,5,5,300,1.05,1.05,6.0,2.0,10,6,6,-1,
5,P005,1,ft_jnd,FrameTimeStutter,790,3.11930,4.4290,1297.09,1221.55,-13.000,-1.000,1297.09,1221.55,0.3125,10.1708,0.0000,2.6973,0.0000,-2.0315,Left,0,0,0,0,143.205,0,0.000,ft_jnd,FrameTimeStutter,1,0,1,0,1,1,0.25,0.25,1.5,100,-10,100,1,5,250,40,5,250,50,1,6,11,0,0.06,4,0.05,50,8,4,2,2,100,144,5,5,300,1.05,1.05,6.0,2.0,10,6,6,-1,
5,P005,1,ft_jnd,FrameTimeStutter,791,3.12360,4.3055,1297.09,1221.55,0.000,0.000,1297.09,1221.55,0.3125,10.1708,0.0000,2.6973,0.0000,-2.3848,Left,0,0,0,0,143.205,0,0.000,ft_jnd,FrameTimeStutter,1,0,1,0,1,1,0.25,0.25,1.5,100,-10,100,1,5,250,40,5,250,50,1,6,11,0,0.06,4,0.05,50,8,4,2,2,100,144,5,5,300,1.05,1.05,6.0,2.0,10,6,6,-1,
5,P005,1,ft_jnd,FrameTimeStutter,792,3.12742,3.8201,1268.86,1220.06,-19.000,-1.000,1268.86,1220.06,-0.2038,10.1437,0.0000,2.6973,0.0000,-2.3848,Left,0,0,0,0,143.205,0,0.000,ft_jnd,FrameTimeStutter,1,0,1,0,1,1,0.25,0.25,1.5,100,-10,100,1,5,250,40,5,250,50,1,6,11,0,0.06,4,0.05,50,8,4,2,2,100,144,5,5,300,1.05,1.05,6.0,2.0,10,6,6,-1,
5,P005,1,ft_jnd,FrameTimeStutter,793,3.13206,4.6364,1237.65,1217.09,-21.000,-2.000,1237.65,1217.09,-0.7744,10.0893,0.0000,2.6973,0.0000,-2.9011,Left,0,0,0,0,143.205,0,0.000,ft_jnd,FrameTimeStutter,1,0,1,0,1,1,0.25,0.25,1.5,100,-10,100,1,5,250,40,5,250,50,1,6,11,0,0.06,4,0.05,50,8,4,2,2,100,144,5,5,300,1.05,1.05,6.0,2.0,10,6,6,-1,
5,P005,1,ft_jnd,FrameTimeStutter,794,3.13631,4.2472,1237.65,1217.09,0.000,0.000,1237.65,1217.09,-0.7744,10.0893,0.0000,2.6973,0.0000,-3.4717,Left,0,0,0,0,143.205,0,0.000,ft_jnd,FrameTimeStutter,1,0,1,0,1,1,0.25,0.25,1.5,100,-10,100,1,5,250,40,5,250,50,1,6,11,0,0.06,4,0.05,50,8,4,2,2,100,144,5,5,300,1.05,1.05,6.0,2.0,10,6,6,-1,
5,P005,1,ft_jnd,FrameTimeStutter,795,3.14011,3.8030,1200.50,1212.63,-25.000,-3.000,1200.50,1212.63,-1.4538,10.0078,0.0000,2.6973,0.0000,-3.4717,Left,0,0,0,0,143.205,0,0.000,ft_jnd,FrameTimeStutter,1,0,1,0,1,1,0.25,0.25,1.5,100,-10,100,1,5,250,40,5,250,50,1,6,11,0,0.06,4,0.05,50,8,4,2,2,100,144,5,5,300,1.05,1.05,6.0,2.0,10,6,6,-1,
5,P005,1,ft_jnd,FrameTimeStutter,796,3.14453,4.4206,1200.50,1212.63,0.000,0.000,1200.50,1212.63,-1.4538,10.0078,0.0000,2.6973,0.0000,-4.1510,Left,0,0,0,0,143.205,0,0.000,ft_jnd,FrameTimeStutter,1,0,1,0,1,1,0.25,0.25,1.5,100,-10,100,1,5,250,40,5,250,50,1,6,11,0,0.06,4,0.05,50,8,4,2,2,100,144,5,5,300,1.05,1.05,6.0,2.0,10,6,6,-1,
5,P005,1,ft_jnd,FrameTimeStutter,797,3.14881,4.2788,1154.43,1208.17,-31.000,-3.000,1154.43,1208.17,-2.2961,9.9263,0.0000,2.6973,0.0000,-4.1510,Left,0,0,0,0,143.205,0,0.000,ft_jnd,FrameTimeStutter,1,0,1,0,1,1,0.25,0.25,1.5,100,-10,100,1,5,250,40,5,250,50,1,6,11,0,0.06,4,0.05,50,8,4,2,2,100,144,5,5,300,1.05,1.05,6.0,2.0,10,6,6,-1,
5,P005,1,ft_jnd,FrameTimeStutter,798,3.15261,3.8031,1154.43,1208.17,0.000,0.000,1154.43,1208.17,-2.2961,9.9263,0.0000,2.6973,0.0000,-4.9934,Left,0,0,0,0,143.205,0,0.000,ft_jnd,FrameTimeStutter,1,0,1,0,1,1,0.25,0.25,1.5,100,-10,100,1,5,250,40,5,250,50,1,6,11,0,0.06,4,0.05,50,8,4,2,2,100,144,5,5,300,1.05,1.05,6.0,2.0,10,6,6,-1,
5,P005,1,ft_jnd,FrameTimeStutter,799,3.15687,4.2603,1111.33,1202.23,-29.000,-4.000,1111.33,1202.23,-3.0842,9.8176,0.0000,2.6973,0.0000,-4.9934,Left,0,0,0,0,143.205,0,0.000,ft_jnd,FrameTimeStutter,1,0,1,0,1,1,0.25,0.25,1.5,100,-10,100,1,5,250,40,5,250,50,1,6,11,0,0.06,4,0.05,50,8,4,2,2,100,144,5,5,300,1.05,1.05,6.0,2.0,10,6,6,-1,
5,P005,1,ft_jnd,FrameTimeStutter,800,3.16141,4.5435,1111.33,1202.23,0.000,0.000,1111.33,1202.23,-3.0842,9.8176,0.0000,2.6973,0.0000,-5.7814,Left,0,0,0,0,143.205,0,0.000,ft_jnd,FrameTimeStutter,1,0,1,0,1,1,0.25,0.25,1.5,100,-10,100,1,5,250,40,5,250,50,1,6,11,0,0.06,4,0.05,50,8,4,2,2,100,144,5,5,300,1.05,1.05,6.0,2.0,10,6,6,-1,
5,P005,1,ft_jnd,FrameTimeStutter,801,3.16567,4.2505,1063.78,1197.77,-32.000,-3.000,1063.78,1197.77,-3.9537,9.7360,0.0000,2.6973,0.0000,-5.7814,Left,0,0,0,0,143.205,0,0.000,ft_jnd,FrameTimeStutter,1,0,1,0,1,1,0.25,0.25,1.5,100,-10,100,1,5,250,40,5,250,50,1,6,11,0,0.06,4,0.05,50,8,4,2,2,100,144,5,5,300,1.05,1.05,6.0,2.0,10,6,6,-1,
5,P005,1,ft_jnd,FrameTimeStutter,802,3.16949,3.8284,1063.78,1197.77,0.000,0.000,1063.78,1197.77,-3.9537,9.7360,0.0000,2.6973,0.0000,-6.6509,Left,0,0,0,0,143.205,0,0.000,ft_jnd,FrameTimeStutter,1,0,1,0,1,1,0.25,0.25,1.5,100,-10,100,1,5,250,40,5,250,50,1,6,11,0,0.06,4,0.05,50,8,4,2,2,100,144,5,5,300,1.05,1.05,6.0,2.0,10,6,6,-1,
5,P005,1,ft_jnd,FrameTimeStutter,803,3.17373,4.2366,1010.28,1191.83,-36.000,-4.000,1010.28,1191.83,-4.9319,9.6273,0.0000,2.6973,0.0000,-6.6509,Left,0,0,0,0,143.205,0,0.000,ft_jnd,FrameTimeStutter,1,0,1,0,1,1,0.25,0.25,1.5,100,-10,100,1,5,250,40,5,250,50,1,6,11,0,0.06,4,0.05,50,8,4,2,2,100,144,5,5,300,1.05,1.05,6.0,2.0,10,6,6,-1,
5,P005,1,ft_jnd,FrameTimeStutter,804,3.17797,4.2431,1010.28,1191.83,0.000,0.000,1010.28,1191.83,-4.9319,9.6273,0.0000,2.6973,0.0000,-7.6292,Left,0,0,0,0,143.205,0,0.000,ft_jnd,FrameTimeStutter,1,0,1,0,1,1,0.25,0.25,1.5,100,-10,100,1,5,250,40,5,250,50,1,6,11,0,0.06,4,0.05,50,8,4,2,2,100,144,5,5,300,1.05,1.05,6.0,2.0,10,6,6,-1,
5,P005,1,ft_jnd,FrameTimeStutter,805,3.18182,3.8483,962.72,1185.88,-32.000,-4.000,962.72,1185.88,-5.8015,9.5186,0.0000,2.6973,0.0000,-7.6292,Left,0,0,0,0,143.205,0,0.000,ft_jnd,FrameTimeStutter,1,0,1,0,1,1,0.25,0.25,1.5,100,-10,100,1,5,250,40,5,250,50,1,6,11,0,0.06,4,0.05,50,8,4,2,2,100,144,5,5,300,1.05,1.05,6.0,2.0,10,6,6,-1,
5,P005,1,ft_jnd,FrameTimeStutter,806,3.18611,4.2914,962.72,1185.88,0.000,0.000,962.72,1185.88,-5.8015,9.5186,0.0000,2.6973,0.0000,-8.4987,Left,0,0,0,0,143.205,0,0.000,ft_jnd,FrameTimeStutter,1,0,1,0,1,1,0.25,0.25,1.5,100,-10,100,1,5,250,40,5,250,50,1,6,11,0,0.06,4,0.05,50,8,4,2,2,100,144,5,5,300,1.05,1.05,6.0,2.0,10,6,6,-1,
5,P005,1,ft_jnd,FrameTimeStutter,807,3.19031,4.2007,913.68,1181.42,-33.000,-3.000,913.68,1181.42,-6.6982,9.4371,0.0000,2.6973,0.0000,-8.4987,Left,0,0,0,0,143.205,0,0.000,ft_jnd,FrameTimeStutter,1,0,1,0,1,1,0.25,0.25,1.5,100,-10,100,1,5,250,40,5,250,50,1,6,11,0,0.06,4,0.05,50,8,4,2,2,100,144,5,5,300,1.05,1.05,6.0,2.0,10,6,6,-1,
5,P005,1,ft_jnd,FrameTimeStutter,808,3.19432,4.0050,913.68,1181.42,0.000,0.000,913.68,1181.42,-6.6982,9.4371,0.0000,2.6973,0.0000,-9.3954,Left,0,0,0,0,143.205,0,0.000,ft_jnd,FrameTimeStutter,1,0,1,0,1,1,0.25,0.25,1.5,100,-10,100,1,5,250,40,5,250,50,1,6,11,0,0.06,4,0.05,50,8,4,2,2,100,144,5,5,300,1.05,1.05,6.0,2.0,10,6,6,-1,
5,P005,1,ft_jnd,FrameTimeStutter,809,3.19860,4.2830,866.13,1176.97,-32.000,-3.000,866.13,1176.97,-7.5677,9.3556,0.0000,2.6973,0.0000,-9.3954,Left,0,0,0,0,143.205,0,0.000,ft_jnd,FrameTimeStutter,1,0,1,0,1,1,0.25,0.25,1.5,100,-10,100,1,5,250,40,5,250,50,1,6,11,0,0.06,4,0.05,50,8,4,2,2,100,144,5,5,300,1.05,1.05,6.0,2.0,10,6,6,-1,
5,P005,1,ft_jnd,FrameTimeStutter,810,3.20287,4.2720,866.13,1176.97,0.000,0.000,866.13,1176.97,-7.5677,9.3556,0.0000,2.6973,0.0000,-10.2650,Left,0,0,0,0,143.205,0,0.000,ft_jnd,FrameTimeStutter,1,0,1,0,1,1,0.25,0.25,1.5,100,-10,100,1,5,250,40,5,250,50,1,6,11,0,0.06,4,0.05,50,8,4,2,2,100,144,5,5,300,1.05,1.05,6.0,2.0,10,6,6,-1,
5,P005,1,ft_jnd,FrameTimeStutter,811,3.20671,3.8314,826.01,1173.99,-27.000,-2.000,826.01,1173.99,-8.3014,9.3012,0.0000,2.6973,0.0000,-10.2650,Left,0,0,0,0,143.205,0,0.000,ft_jnd,FrameTimeStutter,1,0,1,0,1,1,0.25,0.25,1.5,100,-10,100,1,5,250,40,5,250,50,1,6,11,0,0.06,4,0.05,50,8,4,2,2,100,144,5,5,300,1.05,1.05,6.0,2.0,10,6,6,-1,
5,P005,1,ft_jnd,FrameTimeStutter,812,3.21114,4.4394,826.01,1173.99,0.000,0.000,826.01,1173.99,-8.3014,9.3012,0.0000,2.6973,0.0000,-10.9986,Left,0,0,0,0,143.205,0,0.000,ft_jnd,FrameTimeStutter,1,0,1,0,1,1,0.25,0.25,1.5,100,-10,100,1,5,250,40,5,250,50,1,6,11,0,0.06,4,0.05,50,8,4,2,2,100,144,5,5,300,1.05,1.05,6.0,2.0,10,6,6,-1,
5,P005,1,ft_jnd,FrameTimeStutter,813,3.21543,4.2903,785.88,1172.51,-27.000,-1.000,785.88,1172.51,-9.0351,9.2741,0.0000,2.6973,0.0000,-10.9986,Left,0,0,0,0,143.205,0,0.000,ft_jnd,FrameTimeStutter,1,0,1,0,1,1,0.25,0.25,1.5,100,-10,100,1,5,250,40,5,250,50,1,6,11,0,0.06,4,0.05,50,8,4,2,2,100,144,5,5,300,1.05,1.05,6.0,2.0,10,6,6,-1,
5,P005,1,ft_jnd,FrameTimeStutter,814,3.21955,4.1108,785.88,1172.51,-21.000,-1.000,785.88,1172.51,-9.0351,9.2741,0.0000,2.6973,0.0000,-11.7323,Left,0,0,0,0,143.205,0,0.000,ft_jnd,FrameTimeStutter,1,0,1,0,1,1,0.25,0.25,1.5,100,-10,100,1,5,250,40,5,250,50,1,6,11,0,0.06,4,0.05,50,8,4,2,2,100,144,5,5,300,1.05,1.05,6.0,2.0,10,6,6,-1,
5,P005,1,ft_jnd,FrameTimeStutter,815,3.22369,4.1469,754.68,1171.02,0.000,0.000,754.68,1171.02,-9.6057,9.2469,0.0000,2.6973,0.0000,-11.7323,Left,0,0,0,0,143.205,0,0.000,ft_jnd,FrameTimeStutter,1,0,1,0,1,1,0.25,0.25,1.5,100,-10,100,1,5,250,40,5,250,50,1,6,11,0,0.06,4,0.05,50,8,4,2,2,100,144,5,5,300,1.05,1.05,6.0,2.0,10,6,6,-1,
5,P005,1,ft_jnd,FrameTimeStutter,816,3.22796,4.2672,726.44,1169.54,-19.000,-1.000,726.44,1169.54,-10.1220,9.2197,0.0000,2.6973,0.0000,-12.3030,Left,0,0,0,0,143.205,0,0.000,ft_jnd,FrameTimeStutter,1,0,1,0,1,1,0.25,0.25,1.5,100,-10,100,1,5,250,40,5,250,50,1,6,11,0,0.06,4,0.05,50,8,4,2,2,100,144,5,5,300,1.05,1.05,6.0,2.0,10,6,6,-1,
5,P005,1,ft_jnd,FrameTimeStutter,817,3.23180,3.8419,726.44,1169.54,0.000,0.000,726.44,1169.54,-10.1220,9.2197,0.0000,2.6973,0.0000,-12.8192,Left,0,0,0,0,143.205,0,0.000,ft_jnd,FrameTimeStutter,1,0,1,0,1,1,0.25,0.25,1.5,100,-10,100,1,5,250,40,5,250,50,1,6,11,0,0.06,4,0.05,50,8,4,2,2,100,144,5,5,300,1.05,1.05,6.0,2.0,10,6,6,-1,
5,P005,1,ft_jnd,FrameTimeStutter,818,3.23602,4.2137,702.66,1169.54,-16.000,0.000,702.66,1169.54,-10.5567,9.2197,0.0000,2.6973,0.0000,-12.8192,Left,0,0,0,0,143.205,0,0.000,ft_jnd,FrameTimeStutter,1,0,1,0,1,1,0.25,0.25,1.5,100,-10,100,1,5,250,40,5,250,50,1,6,11,0,0.06,4,0.05,50,8,4,2,2,100,144,5,5,300,1.05,1.05,6.0,2.0,10,6,6,-1,
5,P005,1,ft_jnd,FrameTimeStutter,819,3.24027,4.2545,702.66,1169.54,0.000,0.000,702.66,1169.54,-10.5567,9.2197,0.0000,2.6973,0.0000,-13.2540,Left,0,0,0,0,143.205,0,0.000,ft_jnd,FrameTimeStutter,1,0,1,0,1,1,0.25,0.25,1.5,100,-10,100,1,5,250,40,5,250,50,1,6,11,0,0.06,4,0.05,50,8,4,2,2,100,144,5,5,300,1.05,1.05,6.0,2.0,10,6,6,-1,
5,P005,1,ft_jnd,FrameTimeStutter,820,3.24401,3.7364,686.32,1169.54,-11.000,0.000,686.32,1169.54,-10.8556,9.2197,0.0000,2.6973,0.0000,-13.2540,Left,0,0,0,0,143.205,0,0.000,ft_jnd,FrameTimeStutter,1,0,1,0,1,1,0.25,0.25,1.5,100,-10,100,1,5,250,40,5,250,50,1,6,11,0,0.06,4,0.05,50,8,4,2,2,100,144,5,5,300,1.05,1.05,6.0,2.0,10,6,6,-1,
5,P005,1,ft_jnd,FrameTimeStutter,821,3.24818,4.1720,686.32,1169.54,0.000,0.000,686.32,1169.54,-10.8556,9.2197,0.0000,2.6973,0.0000,-13.5529,Left,0,0,0,0,143.205,0,0.000,ft_jnd,FrameTimeStutter,1,0,1,0,1,1,0.25,0.25,1.5,100,-10,100,1,5,250,40,5,250,50,1,6,11,0,0.06,4,0.05,50,8,4,2,2,100,144,5,5,300,1.05,1.05,6.0,2.0,10,6,6,-1,
5,P005,1,ft_jnd,FrameTimeStutter,822,3.25239,4.2144,674.43,1169.54,-8.000,0.000,674.43,1169.54,-11.0730,9.2197,0.0000,2.6973,0.0000,-13.5529,Left,0,0,0,0,143.205,0,0.000,ft_jnd,FrameTimeStutter,1,0,1,0,1,1,0.25,0.25,1.5,100,-10,100,1,5,250,40,5,250,50,1,6,11,0,0.06,4,0.05,50,8,4,2,2,100,144,5,5,300,1.05,1.05,6.0,2.0,10,6,6,-1,
5,P005,1,ft_jnd,FrameTimeStutter,823,3.25636,3.9693,674.43,1169.54,0.000,0.000,674.43,1169.54,-11.0730,9.2197,0.0000,2.6973,0.0000,-13.7703,Left,0,0,0,0,143.205,0,0.000,ft_jnd,FrameTimeStutter,1,0,1,0,1,1,0.25,0.25,1.5,100,-10,100,1,5,250,40,5,250,50,1,6,11,0,0.06,4,0.05,50,8,4,2,2,100,144,5,5,300,1.05,1.05,6.0,2.0,10,6,6,-1,
5,P005,1,ft_jnd,FrameTimeStutter,824,3.26051,4.1455,668.48,1169.54,-4.000,0.000,668.48,1169.54,-11.1817,9.2197,0.0000,2.6973,0.0000,-13.7703,Left,0,0,0,0,143.205,0,0.000,ft_jnd,FrameTimeStutter,1,0,1,0,1,1,0.25,0.25,1.5,100,-10,100,1,5,250,40,5,250,50,1,6,11,0,0.06,4,0.05,50,8,4,2,2,100,144,5,5,300,1.05,1.05,6.0,2.0,10,6,6,-1,
5,P005,1,ft_jnd,FrameTimeStutter,825,3.26475,4.2422,668.48,1169.54,0.000,0.000,668.48,1169.54,-11.1817,9.2197,0.0000,2.6973,0.0000,-13.8790,Left,0,0,0,0,143.205,0,0.000,ft_jnd,FrameTimeStutter,1,0,1,0,1,1,0.25,0.25,1.5,100,-10,100,1,5,250,40,5,250,50,1,6,11,0,0.06,4,0.05,50,8,4,2,2,100,144,5,5,300,1.05,1.05,6.0,2.0,10,6,6,-1,
5,P005,1,ft_jnd,FrameTimeStutter,826,3.26893,4.1799,667.00,1169.54,-1.000,0.000,667.00,1169.54,-11.2089,9.2197,0.0000,2.6973,0.0000,-13.8790,Left,0,0,0,0,143.205,0,0.000,ft_jnd,FrameTimeStutter,1,0,1,0,1,1,0.25,0.25,1.5,100,-10,100,1,5,250,40,5,250,50,1,6,11,0,0.06,4,0.05,50,8,4,2,2,100,144,5,5,300,1.05,1.05,6.0,2.0,10,6,6,-1,
5,P005,1,ft_jnd,FrameTimeStutter,827,3.27283,3.9021,667.00,1169.54,0.000,0.000,667.00,1169.54,-11.2089,9.2197,0.0000,2.6973,0.0000,-13.9062,Left,0,0,0,0,143.205,0,0.000,ft_jnd,FrameTimeStutter,1,0,1,0,1,1,0.25,0.25,1.5,100,-10,100,1,5,250,40,5,250,50,1,6,11,0,0.06,4,0.05,50,8,4,2,2,100,144,5,5,300,1.05,1.05,6.0,2.0,10,6,6,-1,
5,P005,1,ft_jnd,FrameTimeStutter,828,3.27713,4.2988,667.00,1169.54,0.000,0.000,667.00,1169.54,-11.2089,9.2197,0.0000,2.6973,0.0000,-13.9062,Left,0,0,0,0,143.205,0,0.000,ft_jnd,FrameTimeStutter,1,0,1,0,1,1,0.25,0.25,1.5,100,-10,100,1,5,250,40,5,250,50,1,6,11,0,0.06,4,0.05,50,8,4,2,2,100,144,5,5,300,1.05,1.05,6.0,2.0,10,6,6,-1,
5,P005,1,ft_jnd,FrameTimeStutter,829,3.28172,4.5937,667.00,1169.54,0.000,0.000,667.00,1169.54,-11.2089,9.2197,0.0000,2.6973,0.0000,-13.9062,Left,0,0,0,0,143.205,0,0.000,ft_jnd,FrameTimeStutter,1,0,1,0,1,1,0.25,0.25,1.5,100,-10,100,1,5,250,40,5,250,50,1,6,11,0,0.06,4,0.05,50,8,4,2,2,100,144,5,5,300,1.05,1.05,6.0,2.0,10,6,6,-1,
5,P005,1,ft_jnd,FrameTimeStutter,830,3.28554,3.8112,667.00,1169.54,0.000,0.000,667.00,1169.54,-11.2089,9.2197,0.0000,2.6973,0.0000,-13.9062,Left,0,0,0,0,143.205,0,0.000,ft_jnd,FrameTimeStutter,1,0,1,0,1,1,0.25,0.25,1.5,100,-10,100,1,5,250,40,5,250,50,1,6,11,0,0.06,4,0.05,50,8,4,2,2,100,144,5,5,300,1.05,1.05,6.0,2.0,10,6,6,-1,
5,P005,1,ft_jnd,FrameTimeStutter,831,3.28972,4.1830,667.00,1169.54,0.000,0.000,667.00,1169.54,-11.2089,9.2197,0.0000,2.6973,0.0000,-13.9062,Left,0,0,0,0,143.205,0,0.000,ft_jnd,FrameTimeStutter,1,0,1,0,1,1,0.25,0.25,1.5,100,-10,100,1,5,250,40,5,250,50,1,6,11,0,0.06,4,0.05,50,8,4,2,2,100,144,5,5,300,1.05,1.05,6.0,2.0,10,6,6,-1,
5,P005,1,ft_jnd,FrameTimeStutter,832,3.29395,4.2322,667.00,1169.54,0.000,0.000,667.00,1169.54,-11.2089,9.2197,0.0000,2.6973,0.0000,-13.9062,Left,0,0,0,0,143.205,0,0.000,ft_jnd,FrameTimeStutter,1,0,1,0,1,1,0.25,0.25,1.5,100,-10,100,1,5,250,40,5,250,50,1,6,11,0,0.06,4,0.05,50,8,4,2,2,100,144,5,5,300,1.05,1.05,6.0,2.0,10,6,6,-1,
5,P005,1,ft_jnd,FrameTimeStutter,833,3.29812,4.1650,667.00,1169.54,0.000,0.000,667.00,1169.54,-11.2089,9.2197,0.0000,2.6973,0.0000,-13.9062,Left,0,0,0,0,143.205,0,0.000,ft_jnd,FrameTimeStutter,1,0,1,0,1,1,0.25,0.25,1.5,100,-10,100,1,5,250,40,5,250,50,1,6,11,0,0.06,4,0.05,50,8,4,2,2,100,144,5,5,300,1.05,1.05,6.0,2.0,10,6,6,-1,
5,P005,1,ft_jnd,FrameTimeStutter,834,3.30209,3.9784,667.00,1169.54,0.000,0.000,667.00,1169.54,-11.2089,9.2197,0.0000,2.6973,0.0000,-13.9062,Left,0,0,0,0,143.205,0,0.000,ft_jnd,FrameTimeStutter,1,0,1,0,1,1,0.25,0.25,1.5,100,-10,100,1,5,250,40,5,250,50,1,6,11,0,0.06,4,0.05,50,8,4,2,2,100,144,5,5,300,1.05,1.05,6.0,2.0,10,6,6,-1,
5,P005,1,ft_jnd,FrameTimeStutter,835,3.30640,4.3076,667.00,1169.54,0.000,0.000,667.00,1169.54,-11.2089,9.2197,0.0000,2.6973,0.0000,-13.9062,Left,0,0,0,0,143.205,0,0.000,ft_jnd,FrameTimeStutter,1,0,1,0,1,1,0.25,0.25,1.5,100,-10,100,1,5,250,40,5,250,50,1,6,11,0,0.06,4,0.05,50,8,4,2,2,100,144,5,5,300,1.05,1.05,6.0,2.0,10,6,6,-1,
5,P005,1,ft_jnd,FrameTimeStutter,836,3.31039,3.9854,667.00,1169.54,0.000,0.000,667.00,1169.54,-11.2089,9.2197,0.0000,2.6973,0.0000,-13.9062,Left,0,0,0,0,143.205,0,0.000,ft_jnd,FrameTimeStutter,1,0,1,0,1,1,0.25,0.25,1.5,100,-10,100,1,5,250,40,5,250,50,1,6,11,0,0.06,4,0.05,50,8,4,2,2,100,144,5,5,300,1.05,1.05,6.0,2.0,10,6,6,-1,
5,P005,1,ft_jnd,FrameTimeStutter,837,3.31463,4.2460,667.00,1169.54,0.000,0.000,667.00,1169.54,-11.2089,9.2197,0.0000,2.6973,0.0000,-13.9062,Left,0,0,0,0,143.205,0,0.000,ft_jnd,FrameTimeStutter,1,0,1,0,1,1,0.25,0.25,1.5,100,-10,100,1,5,250,40,5,250,50,1,6,11,0,0.06,4,0.05,50,8,4,2,2,100,144,5,5,300,1.05,1.05,6.0,2.0,10,6,6,-1,
5,P005,1,ft_jnd,FrameTimeStutter,838,3.31894,4.3061,667.00,1169.54,0.000,0.000,667.00,1169.54,-11.2089,9.2197,0.0000,2.6973,0.0000,-13.9062,Left,0,0,0,0,143.205,0,0.000,ft_jnd,FrameTimeStutter,1,0,1,0,1,1,0.25,0.25,1.5,100,-10,100,1,5,250,40,5,250,50,1,6,11,0,0.06,4,0.05,50,8,4,2,2,100,144,5,5,300,1.05,1.05,6.0,2.0,10,6,6,-1,
5,P005,1,ft_jnd,FrameTimeStutter,839,3.32313,4.1919,667.00,1169.54,0.000,0.000,667.00,1169.54,-11.2089,9.2197,0.0000,2.6973,0.0000,-13.9062,Left,0,0,0,0,143.205,0,0.000,ft_jnd,FrameTimeStutter,1,0,1,0,1,1,0.25,0.25,1.5,100,-10,100,1,5,250,40,5,250,50,1,6,11,0,0.06,4,0.05,50,8,4,2,2,100,144,5,5,300,1.05,1.05,6.0,2.0,10,6,6,-1,
5,P005,1,ft_jnd,FrameTimeStutter,840,3.32687,3.7406,667.00,1169.54,0.000,0.000,667.00,1169.54,-11.2089,9.2197,0.0000,2.6973,0.0000,-13.9062,Left,0,0,0,0,143.205,0,0.000,ft_jnd,FrameTimeStutter,1,0,1,0,1,1,0.25,0.25,1.5,100,-10,100,1,5,250,40,5,250,50,1,6,11,0,0.06,4,0.05,50,8,4,2,2,100,144,5,5,300,1.05,1.05,6.0,2.0,10,6,6,-1,
5,P005,1,ft_jnd,FrameTimeStutter,841,3.33176,4.8913,667.00,1169.54,0.000,0.000,667.00,1169.54,-11.2089,9.2197,0.0000,2.6973,0.0000,-13.9062,Left,0,0,0,0,143.205,0,0.000,ft_jnd,FrameTimeStutter,1,0,1,0,1,1,0.25,0.25,1.5,100,-10,100,1,5,250,40,5,250,50,1,6,11,0,0.06,4,0.05,50,8,4,2,2,100,144,5,5,300,1.05,1.05,6.0,2.0,10,6,6,-1,
5,P005,1,ft_jnd,FrameTimeStutter,842,3.33595,4.1825,667.00,1169.54,0.000,0.000,667.00,1169.54,-11.2089,9.2197,0.0000,2.6973,0.0000,-13.9062,Left,0,0,0,0,143.205,0,0.000,ft_jnd,FrameTimeStutter,1,0,1,0,1,1,0.25,0.25,1.5,100,-10,100,1,5,250,40,5,250,50,1,6,11,0,0.06,4,0.05,50,8,4,2,2,100,144,5,5,300,1.05,1.05,6.0,2.0,10,6,6,-1,
5,P005,1,ft_jnd,FrameTimeStutter,843,3.33985,3.9075,667.00,1169.54,0.000,0.000,667.00,1169.54,-11.2089,9.2197,0.0000,2.6973,0.0000,-13.9062,Left,0,0,0,0,143.205,0,0.000,ft_jnd,FrameTimeStutter,1,0,1,0,1,1,0.25,0.25,1.5,100,-10,100,1,5,250,40,5,250,50,1,6,11,0,0.06,4,0.05,50,8,4,2,2,100,144,5,5,300,1.05,1.05,6.0,2.0,10,6,6,-1,
5,P005,1,ft_jnd,FrameTimeStutter,844,3.34409,4.2419,667.00,1169.54,0.000,0.000,667.00,1169.54,-11.2089,9.2197,0.0000,2.6973,0.0000,-13.9062,Left,0,0,0,0,143.205,0,0.000,ft_jnd,FrameTimeStutter,1,0,1,0,1,1,0.25,0.25,1.5,100,-10,100,1,5,250,40,5,250,50,1,6,11,0,0.06,4,0.05,50,8,4,2,2,100,144,5,5,300,1.05,1.05,6.0,2.0,10,6,6,-1,
5,P005,1,ft_jnd,FrameTimeStutter,845,3.34831,4.2151,667.00,1169.54,0.000,0.000,667.00,1169.54,-11.2089,9.2197,0.0000,2.6973,0.0000,-13.9062,Left,0,0,0,0,143.205,0,0.000,ft_jnd,FrameTimeStutter,1,0,1,0,1,1,0.25,0.25,1.5,100,-10,100,1,5,250,40,5,250,50,1,6,11,0,0.06,4,0.05,50,8,4,2,2,100,144,5,5,300,1.05,1.05,6.0,2.0,10,6,6,-1,
5,P005,1,ft_jnd,FrameTimeStutter,846,3.35217,3.8586,667.00,1169.54,0.000,0.000,667.00,1169.54,-11.2089,9.2197,0.0000,2.6973,0.0000,-13.9062,Left,0,0,0,0,143.205,0,0.000,ft_jnd,FrameTimeStutter,1,0,1,0,1,1,0.25,0.25,1.5,100,-10,100,1,5,250,40,5,250,50,1,6,11,0,0.06,4,0.05,50,8,4,2,2,100,144,5,5,300,1.05,1.05,6.0,2.0,10,6,6,-1,
5,P005,1,ft_jnd,FrameTimeStutter,847,3.35656,4.3901,667.00,1169.54,0.000,0.000,667.00,1169.54,-11.2089,9.2197,0.0000,2.6973,0.0000,-13.9062,Left,0,0,0,0,143.205,0,0.000,ft_jnd,FrameTimeStutter,1,0,1,0,1,1,0.25,0.25,1.5,100,-10,100,1,5,250,40,5,250,50,1,6,11,0,0.06,4,0.05,50,8,4,2,2,100,144,5,5,300,1.05,1.05,6.0,2.0,10,6,6,-1,
5,P005,1,ft_jnd,FrameTimeStutter,848,3.36089,4.3315,667.00,1169.54,0.000,0.000,667.00,1169.54,-11.2089,9.2197,0.0000,2.6973,0.0000,-13.9062,Left,0,0,0,0,143.205,0,0.000,ft_jnd,FrameTimeStutter,1,0,1,0,1,1,0.25,0.25,1.5,100,-10,100,1,5,250,40,5,250,50,1,6,11,0,0.06,4,0.05,50,8,4,2,2,100,144,5,5,300,1.05,1.05,6.0,2.0,10,6,6,-1,
5,P005,1,ft_jnd,FrameTimeStutter,849,3.36485,3.9632,667.00,1169.54,0.000,0.000,667.00,1169.54,-11.2089,9.2197,0.0000,2.6973,0.0000,-13.9062,Left,0,0,0,0,143.205,0,0.000,ft_jnd,FrameTimeStutter,1,0,1,0,1,1,0.25,0.25,1.5,100,-10,100,1,5,250,40,5,250,50,1,6,11,0,0.06,4,0.05,50,8,4,2,2,100,144,5,5,300,1.05,1.05,6.0,2.0,10,6,6,-1,
5,P005,1,ft_jnd,FrameTimeStutter,850,3.36894,4.0866,667.00,1169.54,0.000,0.000,667.00,1169.54,-11.2089,9.2197,0.0000,2.6973,0.0000,-13.9062,Left,0,0,0,0,143.205,0,0.000,ft_jnd,FrameTimeStutter,1,0,1,0,1,1,0.25,0.25,1.5,100,-10,100,1,5,250,40,5,250,50,1,6,11,0,0.06,4,0.05,50,8,4,2,2,100,144,5,5,300,1.05,1.05,6.0,2.0,10,6,6,-1,
5,P005,1,ft_jnd,FrameTimeStutter,851,3.37310,4.1648,667.00,1169.54,0.000,0.000,667.00,1169.54,-11.2089,9.2197,0.0000,2.6973,0.0000,-13.9062,Left,0,0,0,0,143.205,0,0.000,ft_jnd,FrameTimeStutter,1,0,1,0,1,1,0.25,0.25,1.5,100,-10,100,1,5,250,40,5,250,50,1,6,11,0,0.06,4,0.05,50,8,4,2,2,100,144,5,5,300,1.05,1.05,6.0,2.0,10,6,6,-1,
5,P005,1,ft_jnd,FrameTimeStutter,852,3.37722,4.1128,667.00,1169.54,0.000,0.000,667.00,1169.54,-11.2089,9.2197,0.0000,2.6973,0.0000,-13.9062,Left,0,0,0,0,143.205,0,0.000,ft_jnd,FrameTimeStutter,1,0,1,0,1,1,0.25,0.25,1.5,100,-10,100,1,5,250,40,5,250,50,1,6,11,0,0.06,4,0.05,50,8,4,2,2,100,144,5,5,300,1.05,1.05,6.0,2.0,10,6,6,-1,
5,P005,1,ft_jnd,FrameTimeStutter,853,3.38095,3.7288,667.00,1169.54,0.000,0.000,667.00,1169.54,-11.2089,9.2197,0.0000,2.6973,0.0000,-13.9062,Left,0,0,0,0,143.205,0,0.000,ft_jnd,FrameTimeStutter,1,0,1,0,1,1,0.25,0.25,1.5,100,-10,100,1,5,250,40,5,250,50,1,6,11,0,0.06,4,0.05,50,8,4,2,2,100,144,5,5,300,1.05,1.05,6.0,2.0,10,6,6,-1,
5,P005,1,ft_jnd,FrameTimeStutter,854,3.38514,4.1968,667.00,1169.54,0.000,0.000,667.00,1169.54,-11.2089,9.2197,0.0000,2.6973,0.0000,-13.9062,Left,0,0,0,0,143.205,0,0.000,ft_jnd,FrameTimeStutter,1,0,1,0,1,1,0.25,0.25,1.5,100,-10,100,1,5,250,40,5,250,50,1,6,11,0,0.06,4,0.05,50,8,4,2,2,100,144,5,5,300,1.05,1.05,6.0,2.0,10,6,6,-1,
5,P005,1,ft_jnd,FrameTimeStutter,855,3.38933,4.1836,667.00,1169.54,0.000,0.000,667.00,1169.54,-11.2089,9.2197,0.0000,2.6973,0.0000,-13.9062,Left,0,0,0,0,143.205,0,0.000,ft_jnd,FrameTimeStutter,1,0,1,0,1,1,0.25,0.25,1.5,100,-10,100,1,5,250,40,5,250,50,1,6,11,0,0.06,4,0.05,50,8,4,2,2,100,144,5,5,300,1.05,1.05,6.0,2.0,10,6,6,-1,
5,P005,1,ft_jnd,FrameTimeStutter,856,3.39331,3.9873,667.00,1169.54,0.000,0.000,667.00,1169.54,-11.2089,9.2197,0.0000,2.6973,0.0000,-13.9062,Left,0,0,0,0,143.205,0,0.000,ft_jnd,FrameTimeStutter,1,0,1,0,1,1,0.25,0.25,1.5,100,-10,100,1,5,250,40,5,250,50,1,6,11,0,0.06,4,0.05,50,8,4,2,2,100,144,5,5,300,1.05,1.05,6.0,2.0,10,6,6,-1,
5,P005,1,ft_jnd,FrameTimeStutter,857,3.39745,4.1353,667.00,1169.54,0.000,0.000,667.00,1169.54,-11.2089,9.2197,0.0000,2.6973,0.0000,-13.9062,Left,0,0,0,0,143.205,0,0.000,ft_jnd,FrameTimeStutter,1,0,1,0,1,1,0.25,0.25,1.5,100,-10,100,1,5,250,40,5,250,50,1,6,11,0,0.06,4,0.05,50,8,4,2,2,100,144,5,5,300,1.05,1.05,6.0,2.0,10,6,6,-1,
5,P005,1,ft_jnd,FrameTimeStutter,858,3.40156,4.1119,667.00,1169.54,0.000,0.000,667.00,1169.54,-11.2089,9.2197,0.0000,2.6973,0.0000,-13.9062,Left,0,0,0,0,143.205,0,0.000,ft_jnd,FrameTimeStutter,1,0,1,0,1,1,0.25,0.25,1.5,100,-10,100,1,5,250,40,5,250,50,1,6,11,0,0.06,4,0.05,50,8,4,2,2,100,144,5,5,300,1.05,1.05,6.0,2.0,10,6,6,-1,
5,P005,1,ft_jnd,FrameTimeStutter,859,3.40529,3.7333,667.00,1169.54,0.000,0.000,667.00,1169.54,-11.2089,9.2197,0.0000,2.6973,0.0000,-13.9062,Left,0,0,0,0,143.205,0,0.000,ft_jnd,FrameTimeStutter,1,0,1,0,1,1,0.25,0.25,1.5,100,-10,100,1,5,250,40,5,250,50,1,6,11,0,0.06,4,0.05,50,8,4,2,2,100,144,5,5,300,1.05,1.05,6.0,2.0,10,6,6,-1,
5,P005,1,ft_jnd,FrameTimeStutter,860,3.41010,4.8042,667.00,1169.54,0.000,0.000,667.00,1169.54,-11.2089,9.2197,0.0000,2.6973,0.0000,-13.9062,Left,0,0,0,0,143.205,0,0.000,ft_jnd,FrameTimeStutter,1,0,1,0,1,1,0.25,0.25,1.5,100,-10,100,1,5,250,40,5,250,50,1,6,11,0,0.06,4,0.05,50,8,4,2,2,100,144,5,5,300,1.05,1.05,6.0,2.0,10,6,6,-1,
5,P005,1,ft_jnd,FrameTimeStutter,861,3.41434,4.2396,667.00,1169.54,0.000,0.000,667.00,1169.54,-11.2089,9.2197,0.0000,2.6973,0.0000,-13.9062,Left,0,0,0,0,143.205,0,0.000,ft_jnd,FrameTimeStutter,1,0,1,0,1,1,0.25,0.25,1.5,100,-10,100,1,5,250,40,5,250,50,1,6,11,0,0.06,4,0.05,50,8,4,2,2,100,144,5,5,300,1.05,1.05,6.0,2.0,10,6,6,-1,
5,P005,1,ft_jnd,FrameTimeStutter,862,3.41802,3.6854,667.00,1169.54,0.000,0.000,667.00,1169.54,-11.2089,9.2197,0.0000,2.6973,0.0000,-13.9062,Left,0,0,0,0,143.205,0,0.000,ft_jnd,FrameTimeStutter,1,0,1,0,1,1,0.25,0.25,1.5,100,-10,100,1,5,250,40,5,250,50,1,6,11,0,0.06,4,0.05,50,8,4,2,2,100,144,5,5,300,1.05,1.05,6.0,2.0,10,6,6,-1,
5,P005,1,ft_jnd,FrameTimeStutter,863,3.42261,4.5825,667.00,1169.54,0.000,0.000,667.00,1169.54,-11.2089,9.2197,0.0000,2.6973,0.0000,-13.9062,Left,0,0,0,0,143.205,0,0.000,ft_jnd,FrameTimeStutter,1,0,1,0,1,1,0.25,0.25,1.5,100,-10,100,1,5,250,40,5,250,50,1,6,11,0,0.06,4,0.05,50,8,4,2,2,100,144,5,5,300,1.05,1.05,6.0,2.0,10,6,6,-1,
5,P005,1,ft_jnd,FrameTimeStutter,864,3.42682,4.2126,667.00,1169.54,0.000,0.000,667.00,1169.54,-11.2089,9.2197,0.0000,2.6973,0.0000,-13.9062,Left,0,0,0,0,143.205,0,0.000,ft_jnd,FrameTimeStutter,1,0,1,0,1,1,0.25,0.25,1.5,100,-10,100,1,5,250,40,5,250,50,1,6,11,0,0.06,4,0.05,50,8,4,2,2,100,144,5,5,300,1.05,1.05,6.0,2.0,10,6,6,-1,
5,P005,1,ft_jnd,FrameTimeStutter,865,3.43053,3.7072,667.00,1169.54,0.000,0.000,667.00,1169.54,-11.2089,9.2197,0.0000,2.6973,0.0000,-13.9062,Left,0,0,0,0,143.205,0,0.000,ft_jnd,FrameTimeStutter,1,0,1,0,1,1,0.25,0.25,1.5,100,-10,100,1,5,250,40,5,250,50,1,6,11,0,0.06,4,0.05,50,8,4,2,2,100,144,5,5,300,1.05,1.05,6.0,2.0,10,6,6,-1,
5,P005,1,ft_jnd,FrameTimeStutter,866,3.43464,4.1105,667.00,1169.54,0.000,0.000,667.00,1169.54,-11.2089,9.2197,0.0000,2.6973,0.0000,-13.9062,Left,0,0,0,0,143.205,0,0.000,ft_jnd,FrameTimeStutter,1,0,1,0,1,1,0.25,0.25,1.5,100,-10,100,1,5,250,40,5,250,50,1,6,11,0,0.06,4,0.05,50,8,4,2,2,100,144,5,5,300,1.05,1.05,6.0,2.0,10,6,6,-1,
5,P005,1,ft_jnd,FrameTimeStutter,867,3.43871,4.0755,667.00,1169.54,0.000,0.000,667.00,1169.54,-11.2089,9.2197,0.0000,2.6973,0.0000,-13.9062,Left,0,0,0,0,143.205,0,0.000,ft_jnd,FrameTimeStutter,1,0,1,0,1,1,0.25,0.25,1.5,100,-10,100,1,5,250,40,5,250,50,1,6,11,0,0.06,4,0.05,50,8,4,2,2,100,144,5,5,300,1.05,1.05,6.0,2.0,10,6,6,-1,
5,P005,1,ft_jnd,FrameTimeStutter,868,3.44234,3.6238,667.00,1169.54,0.000,0.000,667.00,1169.54,-11.2089,9.2197,0.0000,2.6973,0.0000,-13.9062,Left,0,0,0,0,143.205,0,0.000,ft_jnd,FrameTimeStutter,1,0,1,0,1,1,0.25,0.25,1.5,100,-10,100,1,5,250,40,5,250,50,1,6,11,0,0.06,4,0.05,50,8,4,2,2,100,144,5,5,300,1.05,1.05,6.0,2.0,10,6,6,-1,
5,P005,1,ft_jnd,FrameTimeStutter,869,3.44649,4.1552,667.00,1169.54,0.000,0.000,667.00,1169.54,-11.2089,9.2197,0.0000,2.6973,0.0000,-13.9062,Left,0,0,0,0,143.205,0,0.000,ft_jnd,FrameTimeStutter,1,0,1,0,1,1,0.25,0.25,1.5,100,-10,100,1,5,250,40,5,250,50,1,6,11,0,0.06,4,0.05,50,8,4,2,2,100,144,5,5,300,1.05,1.05,6.0,2.0,10,6,6,-1,
5,P005,1,ft_jnd,FrameTimeStutter,870,3.45056,4.0657,667.00,1169.54,0.000,0.000,667.00,1169.54,-11.2089,9.2197,0.0000,2.6973,0.0000,-13.9062,Left,0,0,0,0,143.205,0,0.000,ft_jnd,FrameTimeStutter,1,0,1,0,1,1,0.25,0.25,1.5,100,-10,100,1,5,250,40,5,250,50,1,6,11,0,0.06,4,0.05,50,8,4,2,2,100,144,5,5,300,1.05,1.05,6.0,2.0,10,6,6,-1,
5,P005,1,ft_jnd,FrameTimeStutter,871,3.45446,3.9059,667.00,1169.54,0.000,0.000,667.00,1169.54,-11.2089,9.2197,0.0000,2.6973,0.0000,-13.9062,Left,0,0,0,0,143.205,0,0.000,ft_jnd,FrameTimeStutter,1,0,1,0,1,1,0.25,0.25,1.5,100,-10,100,1,5,250,40,5,250,50,1,6,11,0,0.06,4,0.05,50,8,4,2,2,100,144,5,5,300,1.05,1.05,6.0,2.0,10,6,6,-1,
5,P005,1,ft_jnd,FrameTimeStutter,872,3.45862,4.1558,667.00,1169.54,0.000,0.000,667.00,1169.54,-11.2089,9.2197,0.0000,2.6973,0.0000,-13.9062,Left,0,0,0,0,143.205,0,0.000,ft_jnd,FrameTimeStutter,1,0,1,0,1,1,0.25,0.25,1.5,100,-10,100,1,5,250,40,5,250,50,1,6,11,0,0.06,4,0.05,50,8,4,2,2,100,144,5,5,300,1.05,1.05,6.0,2.0,10,6,6,-1,
5,P005,1,ft_jnd,FrameTimeStutter,873,3.46273,4.1133,667.00,1169.54,0.000,0.000,667.00,1169.54,-11.2089,9.2197,0.0000,2.6973,0.0000,-13.9062,Left,0,0,0,0,143.205,0,0.000,ft_jnd,FrameTimeStutter,1,0,1,0,1,1,0.25,0.25,1.5,100,-10,100,1,5,250,40,5,250,50,1,6,11,0,0.06,4,0.05,50,8,4,2,2,100,144,5,5,300,1.05,1.05,6.0,2.0,10,6,6,-1,
5,P005,1,ft_jnd,FrameTimeStutter,874,3.46642,3.6837,667.00,1169.54,0.000,0.000,667.00,1169.54,-11.2089,9.2197,0.0000,2.6973,0.0000,-13.9062,Left,0,0,0,0,143.205,0,0.000,ft_jnd,FrameTimeStutter,1,0,1,0,1,1,0.25,0.25,1.5,100,-10,100,1,5,250,40,5,250,50,1,6,11,0,0.06,4,0.05,50,8,4,2,2,100,144,5,5,300,1.05,1.05,6.0,2.0,10,6,6,-1,
5,P005,1,ft_jnd,FrameTimeStutter,875,3.47040,3.9822,667.00,1169.54,0.000,0.000,667.00,1169.54,-11.2089,9.2197,0.0000,2.6973,0.0000,-13.9062,Left,0,0,0,0,143.205,0,0.000,ft_jnd,FrameTimeStutter,1,0,1,0,1,1,0.25,0.25,1.5,100,-10,100,1,5,250,40,5,250,50,1,6,11,0,0.06,4,0.05,50,8,4,2,2,100,144,5,5,300,1.05,1.05,6.0,2.0,10,6,6,-1,
5,P005,1,ft_jnd,FrameTimeStutter,876,3.47449,4.0957,667.00,1169.54,0.000,0.000,667.00,1169.54,-11.2089,9.2197,0.0000,2.6973,0.0000,-13.9062,Left,0,0,0,0,143.205,0,0.000,ft_jnd,FrameTimeStutter,1,0,1,0,1,1,0.25,0.25,1.5,100,-10,100,1,5,250,40,5,250,50,1,6,11,0,0.06,4,0.05,50,8,4,2,2,100,144,5,5,300,1.05,1.05,6.0,2.0,10,6,6,-1,
5,P005,1,ft_jnd,FrameTimeStutter,877,3.47823,3.7314,667.00,1169.54,0.000,0.000,667.00,1169.54,-11.2089,9.2197,0.0000,2.6973,0.0000,-13.9062,Left,0,0,0,0,143.205,0,0.000,ft_jnd,FrameTimeStutter,1,0,1,0,1,1,0.25,0.25,1.5,100,-10,100,1,5,250,40,5,250,50,1,6,11,0,0.06,4,0.05,50,8,4,2,2,100,144,5,5,300,1.05,1.05,6.0,2.0,10,6,6,-1,
5,P005,1,ft_jnd,FrameTimeStutter,878,3.48230,4.0723,667.00,1169.54,0.000,0.000,667.00,1169.54,-11.2089,9.2197,0.0000,2.6973,0.0000,-13.9062,Left,0,0,0,0,143.205,0,0.000,ft_jnd,FrameTimeStutter,1,0,1,0,1,1,0.25,0.25,1.5,100,-10,100,1,5,250,40,5,250,50,1,6,11,0,0.06,4,0.05,50,8,4,2,2,100,144,5,5,300,1.05,1.05,6.0,2.0,10,6,6,-1,
5,P005,1,ft_jnd,FrameTimeStutter,879,3.48590,3.6042,667.00,1169.54,0.000,0.000,667.00,1169.54,-11.2089,9.2197,0.0000,2.6973,0.0000,-13.9062,Left,0,0,0,0,143.205,0,0.000,ft_jnd,FrameTimeStutter,1,0,1,0,1,1,0.25,0.25,1.5,100,-10,100,1,5,250,40,5,250,50,1,6,11,0,0.06,4,0.05,50,8,4,2,2,100,144,5,5,300,1.05,1.05,6.0,2.0,10,6,6,-1,
5,P005,1,ft_jnd,FrameTimeStutter,880,3.48993,4.0277,667.00,1169.54,0.000,0.000,667.00,1169.54,-11.2089,9.2197,0.0000,2.6973,0.0000,-13.9062,Left,0,0,0,0,143.205,0,0.000,ft_jnd,FrameTimeStutter,1,0,1,0,1,1,0.25,0.25,1.5,100,-10,100,1,5,250,40,5,250,50,1,6,11,0,0.06,4,0.05,50,8,4,2,2,100,144,5,5,300,1.05,1.05,6.0,2.0,10,6,6,-1,
5,P005,1,ft_jnd,FrameTimeStutter,881,3.49397,4.0363,667.00,1169.54,0.000,0.000,667.00,1169.54,-11.2089,9.2197,0.0000,2.6973,0.0000,-13.9062,Left,0,0,0,0,143.205,0,0.000,ft_jnd,FrameTimeStutter,1,0,1,0,1,1,0.25,0.25,1.5,100,-10,100,1,5,250,40,5,250,50,1,6,11,0,0.06,4,0.05,50,8,4,2,2,100,144,5,5,300,1.05,1.05,6.0,2.0,10,6,6,-1,
5,P005,1,ft_jnd,FrameTimeStutter,882,3.49761,3.6437,667.00,1169.54,0.000,0.000,667.00,1169.54,-11.2089,9.2197,0.0000,2.6973,0.0000,-13.9062,Left,0,0,0,0,143.205,0,0.000,ft_jnd,FrameTimeStutter,1,0,1,0,1,1,0.25,0.25,1.5,100,-10,100,1,5,250,40,5,250,50,1,6,11,0,0.06,4,0.05,50,8,4,2,2,100,144,5,5,300,1.05,1.05,6.0,2.0,10,6,6,-1,
5,P005,1,ft_jnd,FrameTimeStutter,883,3.50183,4.2241,667.00,1169.54,0.000,0.000,667.00,1169.54,-11.2089,9.2197,0.0000,2.6973,0.0000,-13.9062,Left,0,0,0,0,143.205,0,0.000,ft_jnd,FrameTimeStutter,1,0,1,0,1,1,0.25,0.25,1.5,100,-10,100,1,5,250,40,5,250,50,1,6,11,0,0.06,4,0.05,50,8,4,2,2,100,144,5,5,300,1.05,1.05,6.0,2.0,10,6,6,-1,
5,P005,1,ft_jnd,FrameTimeStutter,884,3.50599,4.1590,667.00,1169.54,0.000,0.000,667.00,1169.54,-11.2089,9.2197,0.0000,2.6973,0.0000,-13.9062,Left,0,0,0,0,143.205,0,0.000,ft_jnd,FrameTimeStutter,1,0,1,0,1,1,0.25,0.25,1.5,100,-10,100,1,5,250,40,5,250,50,1,6,11,0,0.06,4,0.05,50,8,4,2,2,100,144,5,5,300,1.05,1.05,6.0,2.0,10,6,6,-1,
5,P005,1,ft_jnd,FrameTimeStutter,885,3.50979,3.8022,667.00,1169.54,0.000,0.000,667.00,1169.54,-11.2089,9.2197,0.0000,2.6973,0.0000,-13.9062,Left,0,0,0,0,143.205,0,0.000,ft_jnd,FrameTimeStutter,1,0,1,0,1,1,0.25,0.25,1.5,100,-10,100,1,5,250,40,5,250,50,1,6,11,0,0.06,4,0.05,50,8,4,2,2,100,144,5,5,300,1.05,1.05,6.0,2.0,10,6,6,-1,
5,P005,1,ft_jnd,FrameTimeStutter,886,3.51391,4.1207,667.00,1169.54,0.000,0.000,667.00,1169.54,-11.2089,9.2197,0.0000,2.6973,0.0000,-13.9062,Left,0,0,0,0,143.205,0,0.000,ft_jnd,FrameTimeStutter,1,0,1,0,1,1,0.25,0.25,1.5,100,-10,100,1,5,250,40,5,250,50,1,6,11,0,0.06,4,0.05,50,8,4,2,2,100,144,5,5,300,1.05,1.05,6.0,2.0,10,6,6,-1,
5,P005,1,ft_jnd,FrameTimeStutter,887,3.51808,4.1654,667.00,1169.54,0.000,0.000,667.00,1169.54,-11.2089,9.2197,0.0000,2.6973,0.0000,-13.9062,Left,0,0,0,0,143.205,0,0.000,ft_jnd,FrameTimeStutter,1,0,1,0,1,1,0.25,0.25,1.5,100,-10,100,1,5,250,40,5,250,50,1,6,11,0,0.06,4,0.05,50,8,4,2,2,100,144,5,5,300,1.05,1.05,6.0,2.0,10,6,6,-1,
5,P005,1,ft_jnd,FrameTimeStutter,888,3.52175,3.6706,667.00,1169.54,0.000,0.000,667.00,1169.54,-11.2089,9.2197,0.0000,2.6973,0.0000,-13.9062,Left,0,0,0,0,143.205,0,0.000,ft_jnd,FrameTimeStutter,1,0,1,0,1,1,0.25,0.25,1.5,100,-10,100,1,5,250,40,5,250,50,1,6,11,0,0.06,4,0.05,50,8,4,2,2,100,144,5,5,300,1.05,1.05,6.0,2.0,10,6,6,-1,
5,P005,1,ft_jnd,FrameTimeStutter,889,3.52577,4.0163,667.00,1169.54,0.000,0.000,667.00,1169.54,-11.2089,9.2197,0.0000,2.6973,0.0000,-13.9062,Left,0,0,0,0,143.205,0,0.000,ft_jnd,FrameTimeStutter,1,0,1,0,1,1,0.25,0.25,1.5,100,-10,100,1,5,250,40,5,250,50,1,6,11,0,0.06,4,0.05,50,8,4,2,2,100,144,5,5,300,1.05,1.05,6.0,2.0,10,6,6,-1,
5,P005,1,ft_jnd,FrameTimeStutter,890,3.52981,4.0447,667.00,1169.54,0.000,0.000,667.00,1169.54,-11.2089,9.2197,0.0000,2.6973,0.0000,-13.9062,Left,0,0,0,0,143.205,0,0.000,ft_jnd,FrameTimeStutter,1,0,1,0,1,1,0.25,0.25,1.5,100,-10,100,1,5,250,40,5,250,50,1,6,11,0,0.06,4,0.05,50,8,4,2,2,100,144,5,5,300,1.05,1.05,6.0,2.0,10,6,6,-1,
5,P005,1,ft_jnd,FrameTimeStutter,891,3.53345,3.6366,667.00,1169.54,0.000,0.000,667.00,1169.54,-11.2089,9.2197,0.0000,2.6973,0.0000,-13.9062,Left,0,0,0,0,143.205,0,0.000,ft_jnd,FrameTimeStutter,1,0,1,0,1,1,0.25,0.25,1.5,100,-10,100,1,5,250,40,5,250,50,1,6,11,0,0.06,4,0.05,50,8,4,2,2,100,144,5,5,300,1.05,1.05,6.0,2.0,10,6,6,-1,
5,P005,1,ft_jnd,FrameTimeStutter,892,3.53763,4.1858,667.00,1169.54,0.000,0.000,667.00,1169.54,-11.2089,9.2197,0.0000,2.6973,0.0000,-13.9062,Left,0,0,0,0,143.205,0,0.000,ft_jnd,FrameTimeStutter,1,0,1,0,1,1,0.25,0.25,1.5,100,-10,100,1,5,250,40,5,250,50,1,6,11,0,0.06,4,0.05,50,8,4,2,2,100,144,5,5,300,1.05,1.05,6.0,2.0,10,6,6,-1,
5,P005,1,ft_jnd,FrameTimeStutter,893,3.54168,4.0424,667.00,1169.54,0.000,0.000,667.00,1169.54,-11.2089,9.2197,0.0000,2.6973,0.0000,-13.9062,Left,0,0,0,0,143.205,0,0.000,ft_jnd,FrameTimeStutter,1,0,1,0,1,1,0.25,0.25,1.5,100,-10,100,1,5,250,40,5,250,50,1,6,11,0,0.06,4,0.05,50,8,4,2,2,100,144,5,5,300,1.05,1.05,6.0,2.0,10,6,6,-1,
5,P005,1,ft_jnd,FrameTimeStutter,894,3.54542,3.7464,667.00,1169.54,0.000,0.000,667.00,1169.54,-11.2089,9.2197,0.0000,2.6973,0.0000,-13.9062,Left,0,0,0,0,143.205,0,0.000,ft_jnd,FrameTimeStutter,1,0,1,0,1,1,0.25,0.25,1.5,100,-10,100,1,5,250,40,5,250,50,1,6,11,0,0.06,4,0.05,50,8,4,2,2,100,144,5,5,300,1.05,1.05,6.0,2.0,10,6,6,-1,
5,P005,1,ft_jnd,FrameTimeStutter,895,3.54942,3.9955,667.00,1169.54,0.000,0.000,667.00,1169.54,-11.2089,9.2197,0.0000,2.6973,0.0000,-13.9062,Left,0,0,0,0,143.205,0,0.000,ft_jnd,FrameTimeStutter,1,0,1,0,1,1,0.25,0.25,1.5,100,-10,100,1,5,250,40,5,250,50,1,6,11,0,0.06,4,0.05,50,8,4,2,2,100,144,5,5,300,1.05,1.05,6.0,2.0,10,6,6,-1,
5,P005,1,ft_jnd,FrameTimeStutter,896,3.55304,3.6239,667.00,1169.54,0.000,0.000,667.00,1169.54,-11.2089,9.2197,0.0000,2.6973,0.0000,-13.9062,Left,0,0,0,0,143.205,0,0.000,ft_jnd,FrameTimeStutter,1,0,1,0,1,1,0.25,0.25,1.5,100,-10,100,1,5,250,40,5,250,50,1,6,11,0,0.06,4,0.05,50,8,4,2,2,100,144,5,5,300,1.05,1.05,6.0,2.0,10,6,6,-1,
5,P005,1,ft_jnd,FrameTimeStutter,897,3.55701,3.9651,667.00,1169.54,0.000,0.000,667.00,1169.54,-11.2089,9.2197,0.0000,2.6973,0.0000,-13.9062,Left,0,0,0,0,143.205,0,0.000,ft_jnd,FrameTimeStutter,1,0,1,0,1,1,0.25,0.25,1.5,100,-10,100,1,5,250,40,5,250,50,1,6,11,0,0.06,4,0.05,50,8,4,2,2,100,144,5,5,300,1.05,1.05,6.0,2.0,10,6,6,-1,
5,P005,1,ft_jnd,FrameTimeStutter,898,3.56102,4.0105,667.00,1169.54,0.000,0.000,667.00,1169.54,-11.2089,9.2197,0.0000,2.6973,0.0000,-13.9062,Left,0,0,0,0,143.205,0,0.000,ft_jnd,FrameTimeStutter,1,0,1,0,1,1,0.25,0.25,1.5,100,-10,100,1,5,250,40,5,250,50,1,6,11,0,0.06,4,0.05,50,8,4,2,2,100,144,5,5,300,1.05,1.05,6.0,2.0,10,6,6,-1,
5,P005,1,ft_jnd,FrameTimeStutter,899,3.56471,3.6883,667.00,1169.54,0.000,0.000,667.00,1169.54,-11.2089,9.2197,0.0000,2.6973,0.0000,-13.9062,Left,0,0,0,0,143.205,0,0.000,ft_jnd,FrameTimeStutter,1,0,1,0,1,1,0.25,0.25,1.5,100,-10,100,1,5,250,40,5,250,50,1,6,11,0,0.06,4,0.05,50,8,4,2,2,100,144,5,5,300,1.05,1.05,6.0,2.0,10,6,6,-1,
5,P005,1,ft_jnd,FrameTimeStutter,900,3.56877,4.0604,667.00,1169.54,0.000,0.000,667.00,1169.54,-11.2089,9.2197,0.0000,2.6973,0.0000,-13.9062,Left,0,0,0,0,143.205,0,0.000,ft_jnd,FrameTimeStutter,1,0,1,0,1,1,0.25,0.25,1.5,100,-10,100,1,5,250,40,5,250,50,1,6,11,0,0.06,4,0.05,50,8,4,2,2,100,144,5,5,300,1.05,1.05,6.0,2.0,10,6,6,-1,
5,P005,1,ft_jnd,FrameTimeStutter,901,3.57277,3.9993,667.00,1169.54,0.000,0.000,667.00,1169.54,-11.2089,9.2197,0.0000,2.6973,0.0000,-13.9062,Left,0,0,0,0,143.205,0,0.000,ft_jnd,FrameTimeStutter,1,0,1,0,1,1,0.25,0.25,1.5,100,-10,100,1,5,250,40,5,250,50,1,6,11,0,0.06,4,0.05,50,8,4,2,2,100,144,5,5,300,1.05,1.05,6.0,2.0,10,6,6,-1,
5,P005,1,ft_jnd,FrameTimeStutter,902,3.57635,3.5866,667.00,1169.54,0.000,0.000,667.00,1169.54,-11.2089,9.2197,0.0000,2.6973,0.0000,-13.9062,Left,0,0,0,0,143.205,0,0.000,ft_jnd,FrameTimeStutter,1,0,1,0,1,1,0.25,0.25,1.5,100,-10,100,1,5,250,40,5,250,50,1,6,11,0,0.06,4,0.05,50,8,4,2,2,100,144,5,5,300,1.05,1.05,6.0,2.0,10,6,6,-1,
5,P005,1,ft_jnd,FrameTimeStutter,903,3.58107,4.7145,667.00,1169.54,0.000,0.000,667.00,1169.54,-11.2089,9.2197,0.0000,2.6973,0.0000,-13.9062,Left,0,0,0,0,143.205,0,0.000,ft_jnd,FrameTimeStutter,1,0,1,0,1,1,0.25,0.25,1.5,100,-10,100,1,5,250,40,5,250,50,1,6,11,0,0.06,4,0.05,50,8,4,2,2,100,144,5,5,300,1.05,1.05,6.0,2.0,10,6,6,-1,
5,P005,1,ft_jnd,FrameTimeStutter,904,3.58498,3.9104,667.00,1169.54,0.000,0.000,667.00,1169.54,-11.2089,9.2197,0.0000,2.6973,0.0000,-13.9062,Left,0,0,0,0,143.205,0,0.000,ft_jnd,FrameTimeStutter,1,0,1,0,1,1,0.25,0.25,1.5,100,-10,100,1,5,250,40,5,250,50,1,6,11,0,0.06,4,0.05,50,8,4,2,2,100,144,5,5,300,1.05,1.05,6.0,2.0,10,6,6,-1,
5,P005,1,ft_jnd,FrameTimeStutter,905,3.58851,3.5290,667.00,1169.54,0.000,0.000,667.00,1169.54,-11.2089,9.2197,0.0000,2.6973,0.0000,-13.9062,Left,0,0,0,0,143.205,0,0.000,ft_jnd,FrameTimeStutter,1,0,1,0,1,1,0.25,0.25,1.5,100,-10,100,1,5,250,40,5,250,50,1,6,11,0,0.06,4,0.05,50,8,4,2,2,100,144,5,5,300,1.05,1.05,6.0,2.0,10,6,6,-1,
5,P005,1,ft_jnd,FrameTimeStutter,906,3.59252,4.0140,667.00,1169.54,0.000,0.000,667.00,1169.54,-11.2089,9.2197,0.0000,2.6973,0.0000,-13.9062,Left,0,0,0,0,143.205,0,0.000,ft_jnd,FrameTimeStutter,1,0,1,0,1,1,0.25,0.25,1.5,100,-10,100,1,5,250,40,5,250,50,1,6,11,0,0.06,4,0.05,50,8,4,2,2,100,144,5,5,300,1.05,1.05,6.0,2.0,10,6,6,-1,
5,P005,1,ft_jnd,FrameTimeStutter,907,3.59648,3.9567,667.00,1169.54,0.000,0.000,667.00,1169.54,-11.2089,9.2197,0.0000,2.6973,0.0000,-13.9062,Left,0,0,0,0,143.205,0,0.000,ft_jnd,FrameTimeStutter,1,0,1,0,1,1,0.25,0.25,1.5,100,-10,100,1,5,250,40,5,250,50,1,6,11,0,0.06,4,0.05,50,8,4,2,2,100,144,5,5,300,1.05,1.05,6.0,2.0,10,6,6,-1,
5,P005,1,ft_jnd,FrameTimeStutter,908,3.59999,3.5161,667.00,1169.54,0.000,0.000,667.00,1169.54,-11.2089,9.2197,0.0000,2.6973,0.0000,-13.9062,Left,0,0,0,0,143.205,0,0.000,ft_jnd,FrameTimeStutter,1,0,1,0,1,1,0.25,0.25,1.5,100,-10,100,1,5,250,40,5,250,50,1,6,11,0,0.06,4,0.05,50,8,4,2,2,100,144,5,5,300,1.05,1.05,6.0,2.0,10,6,6,-1,
5,P005,1,ft_jnd,FrameTimeStutter,909,3.60394,3.9472,667.00,1169.54,0.000,0.000,667.00,1169.54,-11.2089,9.2197,0.0000,2.6973,0.0000,-13.9062,Left,0,0,0,0,143.205,0,0.000,ft_jnd,FrameTimeStutter,1,0,1,0,1,1,0.25,0.25,1.5,100,-10,100,1,5,250,40,5,250,50,1,6,11,0,0.06,4,0.05,50,8,4,2,2,100,144,5,5,300,1.05,1.05,6.0,2.0,10,6,6,-1,
5,P005,1,ft_jnd,FrameTimeStutter,910,3.60771,3.7687,667.00,1169.54,0.000,0.000,667.00,1169.54,-11.2089,9.2197,0.0000,2.6973,0.0000,-13.9062,Left,0,0,0,0,143.205,0,0.000,ft_jnd,FrameTimeStutter,1,0,1,0,1,1,0.25,0.25,1.5,100,-10,100,1,5,250,40,5,250,50,1,6,11,0,0.06,4,0.05,50,8,4,2,2,100,144,5,5,300,1.05,1.05,6.0,2.0,10,6,6,-1,
5,P005,1,ft_jnd,FrameTimeStutter,911,3.61186,4.1540,667.00,1169.54,0.000,0.000,667.00,1169.54,-11.2089,9.2197,0.0000,2.6973,0.0000,-13.9062,Left,0,0,0,0,143.205,0,0.000,ft_jnd,FrameTimeStutter,1,0,1,0,1,1,0.25,0.25,1.5,100,-10,100,1,5,250,40,5,250,50,1,6,11,0,0.06,4,0.05,50,8,4,2,2,100,144,5,5,300,1.05,1.05,6.0,2.0,10,6,6,-1,
5,P005,1,ft_jnd,FrameTimeStutter,912,3.61578,3.9162,667.00,1169.54,0.000,0.000,667.00,1169.54,-11.2089,9.2197,0.0000,2.6973,0.0000,-13.9062,Left,0,0,0,0,143.205,0,0.000,ft_jnd,FrameTimeStutter,1,0,1,0,1,1,0.25,0.25,1.5,100,-10,100,1,5,250,40,5,250,50,1,6,11,0,0.06,4,0.05,50,8,4,2,2,100,144,5,5,300,1.05,1.05,6.0,2.0,10,6,6,-1,
5,P005,1,ft_jnd,FrameTimeStutter,913,3.61949,3.7138,667.00,1169.54,0.000,0.000,667.00,1169.54,-11.2089,9.2197,0.0000,2.6973,0.0000,-13.9062,Left,0,0,0,0,143.205,0,0.000,ft_jnd,FrameTimeStutter,1,0,1,0,1,1,0.25,0.25,1.5,100,-10,100,1,5,250,40,5,250,50,1,6,11,0,0.06,4,0.05,50,8,4,2,2,100,144,5,5,300,1.05,1.05,6.0,2.0,10,6,6,-1,
5,P005,1,ft_jnd,FrameTimeStutter,914,3.62324,3.7461,667.00,1169.54,0.000,0.000,667.00,1169.54,-11.2089,9.2197,0.0000,2.6973,0.0000,-13.9062,Left,0,0,0,0,143.205,0,0.000,ft_jnd,FrameTimeStutter,1,0,1,0,1,1,0.25,0.25,1.5,100,-10,100,1,5,250,40,5,250,50,1,6,11,0,0.06,4,0.05,50,8,4,2,2,100,144,5,5,300,1.05,1.05,6.0,2.0,10,6,6,-1,
5,P005,1,ft_jnd,FrameTimeStutter,915,3.62718,3.9428,667.00,1169.54,0.000,0.000,667.00,1169.54,-11.2089,9.2197,0.0000,2.6973,0.0000,-13.9062,Left,0,0,0,0,143.205,0,0.000,ft_jnd,FrameTimeStutter,1,0,1,0,1,1,0.25,0.25,1.5,100,-10,100,1,5,250,40,5,250,50,1,6,11,0,0.06,4,0.05,50,8,4,2,2,100,144,5,5,300,1.05,1.05,6.0,2.0,10,6,6,-1,
5,P005,1,ft_jnd,FrameTimeStutter,916,3.63073,3.5465,667.00,1169.54,0.000,0.000,667.00,1169.54,-11.2089,9.2197,0.0000,2.6973,0.0000,-13.9062,Left,0,0,0,0,143.205,0,0.000,ft_jnd,FrameTimeStutter,1,0,1,0,1,1,0.25,0.25,1.5,100,-10,100,1,5,250,40,5,250,50,1,6,11,0,0.06,4,0.05,50,8,4,2,2,100,144,5,5,300,1.05,1.05,6.0,2.0,10,6,6,-1,
5,P005,1,ft_jnd,FrameTimeStutter,917,3.63469,3.9560,667.00,1169.54,0.000,0.000,667.00,1169.54,-11.2089,9.2197,0.0000,2.6973,0.0000,-13.9062,Left,0,0,0,0,143.205,0,0.000,ft_jnd,FrameTimeStutter,1,0,1,0,1,1,0.25,0.25,1.5,100,-10,100,1,5,250,40,5,250,50,1,6,11,0,0.06,4,0.05,50,8,4,2,2,100,144,5,5,300,1.05,1.05,6.0,2.0,10,6,6,-1,
5,P005,1,ft_jnd,FrameTimeStutter,918,3.63859,3.9017,667.00,1169.54,0.000,0.000,667.00,1169.54,-11.2089,9.2197,0.0000,2.6973,0.0000,-13.9062,Left,0,0,0,0,143.205,0,0.000,ft_jnd,FrameTimeStutter,1,0,1,0,1,1,0.25,0.25,1.5,100,-10,100,1,5,250,40,5,250,50,1,6,11,0,0.06,4,0.05,50,8,4,2,2,100,144,5,5,300,1.05,1.05,6.0,2.0,10,6,6,-1,
5,P005,1,ft_jnd,FrameTimeStutter,919,3.64210,3.5113,667.00,1169.54,0.000,0.000,667.00,1169.54,-11.2089,9.2197,0.0000,2.6973,0.0000,-13.9062,Left,0,0,0,0,143.205,0,0.000,ft_jnd,FrameTimeStutter,1,0,1,0,1,1,0.25,0.25,1.5,100,-10,100,1,5,250,40,5,250,50,1,6,11,0,0.06,4,0.05,50,8,4,2,2,100,144,5,5,300,1.05,1.05,6.0,2.0,10,6,6,-1,
5,P005,1,ft_jnd,FrameTimeStutter,920,3.64624,4.1397,667.00,1169.54,0.000,0.000,667.00,1169.54,-11.2089,9.2197,0.0000,2.6973,0.0000,-13.9062,Left,0,0,0,0,143.205,0,0.000,ft_jnd,FrameTimeStutter,1,0,1,0,1,1,0.25,0.25,1.5,100,-10,100,1,5,250,40,5,250,50,1,6,11,0,0.06,4,0.05,50,8,4,2,2,100,144,5,5,300,1.05,1.05,6.0,2.0,10,6,6,-1,
5,P005,1,ft_jnd,FrameTimeStutter,921,3.64973,3.4905,667.00,1169.54,0.000,0.000,667.00,1169.54,-11.2089,9.2197,0.0000,2.6973,0.0000,-13.9062,Left,0,0,0,0,143.205,0,0.000,ft_jnd,FrameTimeStutter,1,0,1,0,1,1,0.25,0.25,1.5,100,-10,100,1,5,250,40,5,250,50,1,6,11,0,0.06,4,0.05,50,8,4,2,2,100,144,5,5,300,1.05,1.05,6.0,2.0,10,6,6,-1,
5,P005,1,ft_jnd,FrameTimeStutter,922,3.65367,3.9395,667.00,1169.54,0.000,0.000,667.00,1169.54,-11.2089,9.2197,0.0000,2.6973,0.0000,-13.9062,Left,0,0,0,0,143.205,0,0.000,ft_jnd,FrameTimeStutter,1,0,1,0,1,1,0.25,0.25,1.5,100,-10,100,1,5,250,40,5,250,50,1,6,11,0,0.06,4,0.05,50,8,4,2,2,100,144,5,5,300,1.05,1.05,6.0,2.0,10,6,6,-1,
5,P005,1,ft_jnd,FrameTimeStutter,923,3.65770,4.0282,667.00,1169.54,0.000,0.000,667.00,1169.54,-11.2089,9.2197,0.0000,2.6973,0.0000,-13.9062,Left,0,0,0,0,143.205,0,0.000,ft_jnd,FrameTimeStutter,1,0,1,0,1,1,0.25,0.25,1.5,100,-10,100,1,5,250,40,5,250,50,1,6,11,0,0.06,4,0.05,50,8,4,2,2,100,144,5,5,300,1.05,1.05,6.0,2.0,10,6,6,-1,
5,P005,1,ft_jnd,FrameTimeStutter,924,3.66119,3.4947,667.00,1169.54,0.000,0.000,667.00,1169.54,-11.2089,9.2197,0.0000,2.6973,0.0000,-13.9062,Left,0,0,0,0,143.205,0,0.000,ft_jnd,FrameTimeStutter,1,0,1,0,1,1,0.25,0.25,1.5,100,-10,100,1,5,250,40,5,250,50,1,6,11,0,0.06,4,0.05,50,8,4,2,2,100,144,5,5,300,1.05,1.05,6.0,2.0,10,6,6,-1,
5,P005,1,ft_jnd,FrameTimeStutter,925,3.66523,4.0408,667.00,1169.54,0.000,0.000,667.00,1169.54,-11.2089,9.2197,0.0000,2.6973,0.0000,-13.9062,Left,0,0,0,0,143.205,0,0.000,ft_jnd,FrameTimeStutter,1,0,1,0,1,1,0.25,0.25,1.5,100,-10,100,1,5,250,40,5,250,50,1,6,11,0,0.06,4,0.05,50,8,4,2,2,100,144,5,5,300,1.05,1.05,6.0,2.0,10,6,6,-1,
5,P005,1,ft_jnd,FrameTimeStutter,926,3.66924,4.0133,667.00,1169.54,0.000,0.000,667.00,1169.54,-11.2089,9.2197,0.0000,2.6973,0.0000,-13.9062,Left,0,0,0,0,143.205,0,0.000,ft_jnd,FrameTimeStutter,1,0,1,0,1,1,0.25,0.25,1.5,100,-10,100,1,5,250,40,5,250,50,1,6,11,0,0.06,4,0.05,50,8,4,2,2,100,144,5,5,300,1.05,1.05,6.0,2.0,10,6,6,-1,
5,P005,1,ft_jnd,FrameTimeStutter,927,3.67251,3.2680,667.00,1169.54,0.000,0.000,667.00,1169.54,-11.2089,9.2197,0.0000,2.6973,0.0000,-13.9062,Left,0,0,0,0,143.205,0,0.000,ft_jnd,FrameTimeStutter,1,0,1,0,1,1,0.25,0.25,1.5,100,-10,100,1,5,250,40,5,250,50,1,6,11,0,0.06,4,0.05,50,8,4,2,2,100,144,5,5,300,1.05,1.05,6.0,2.0,10,6,6,-1,
5,P005,1,ft_jnd,FrameTimeStutter,928,3.67584,3.3267,667.00,1169.54,0.000,0.000,667.00,1169.54,-11.2089,9.2197,0.0000,2.6973,0.0000,-13.9062,Left,0,0,0,0,143.205,0,0.000,ft_jnd,FrameTimeStutter,1,0,1,0,1,1,0.25,0.25,1.5,100,-10,100,1,5,250,40,5,250,50,1,6,11,0,0.06,4,0.05,50,8,4,2,2,100,144,5,5,300,1.05,1.05,6.0,2.0,10,6,6,-1,
5,P005,1,ft_jnd,FrameTimeStutter,929,3.67854,2.6999,667.00,1169.54,0.000,0.000,667.00,1169.54,-11.2089,9.2197,0.0000,2.6973,0.0000,-13.9062,Left,0,0,0,0,143.205,0,0.000,ft_jnd,FrameTimeStutter,1,0,1,0,1,1,0.25,0.25,1.5,100,-10,100,1,5,250,40,5,250,50,1,6,11,0,0.06,4,0.05,50,8,4,2,2,100,144,5,5,300,1.05,1.05,6.0,2.0,10,6,6,-1,
5,P005,1,ft_jnd,FrameTimeStutter,930,3.68331,4.7674,667.00,1169.54,0.000,0.000,667.00,1169.54,-11.2089,9.2197,0.0000,2.6973,0.0000,-13.9062,Left,0,0,0,0,143.205,0,0.000,ft_jnd,FrameTimeStutter,1,0,1,0,1,1,0.25,0.25,1.5,100,-10,100,1,5,250,40,5,250,50,1,6,11,0,0.06,4,0.05,50,8,4,2,2,100,144,5,5,300,1.05,1.05,6.0,2.0,10,6,6,-1,
5,P005,1,ft_jnd,FrameTimeStutter,931,3.68720,3.8967,667.00,1169.54,0.000,0.000,667.00,1169.54,-11.2089,9.2197,0.0000,2.6973,0.0000,-13.9062,Left,0,0,0,0,143.205,0,0.000,ft_jnd,FrameTimeStutter,1,0,1,0,1,1,0.25,0.25,1.5,100,-10,100,1,5,250,40,5,250,50,1,6,11,0,0.06,4,0.05,50,8,4,2,2,100,144,5,5,300,1.05,1.05,6.0,2.0,10,6,6,-1,
5,P005,1,ft_jnd,FrameTimeStutter,932,3.68981,2.6098,667.00,1169.54,0.000,0.000,667.00,1169.54,-11.2089,9.2197,0.0000,2.6973,0.0000,-13.9062,Left,0,0,0,0,143.205,0,0.000,ft_jnd,FrameTimeStutter,1,0,1,0,1,1,0.25,0.25,1.5,100,-10,100,1,5,250,40,5,250,50,1,6,11,0,0.06,4,0.05,50,8,4,2,2,100,144,5,5,300,1.05,1.05,6.0,2.0,10,6,6,-1,
5,P005,1,ft_jnd,FrameTimeStutter,933,3.69442,4.6106,667.00,1169.54,0.000,0.000,667.00,1169.54,-11.2089,9.2197,0.0000,2.6973,0.0000,-13.9062,Left,0,0,0,0,143.205,0,0.000,ft_jnd,FrameTimeStutter,1,0,1,0,1,1,0.25,0.25,1.5,100,-10,100,1,5,250,40,5,250,50,1,6,11,0,0.06,4,0.05,50,8,4,2,2,100,144,5,5,300,1.05,1.05,6.0,2.0,10,6,6,-1,
5,P005,1,ft_jnd,FrameTimeStutter,934,3.69791,3.4864,667.00,1169.54,0.000,0.000,667.00,1169.54,-11.2089,9.2197,0.0000,2.6973,0.0000,-13.9062,Left,0,0,0,0,143.205,0,0.000,ft_jnd,FrameTimeStutter,1,0,1,0,1,1,0.25,0.25,1.5,100,-10,100,1,5,250,40,5,250,50,1,6,11,0,0.06,4,0.05,50,8,4,2,2,100,144,5,5,300,1.05,1.05,6.0,2.0,10,6,6,-1,
5,P005,1,ft_jnd,FrameTimeStutter,935,3.70189,3.9817,667.00,1169.54,0.000,0.000,667.00,1169.54,-11.2089,9.2197,0.0000,2.6973,0.0000,-13.9062,Left,0,0,0,0,143.205,0,0.000,ft_jnd,FrameTimeStutter,1,0,1,0,1,1,0.25,0.25,1.5,100,-10,100,1,5,250,40,5,250,50,1,6,11,0,0.06,4,0.05,50,8,4,2,2,100,144,5,5,300,1.05,1.05,6.0,2.0,10,6,6,-1,
5,P005,1,ft_jnd,FrameTimeStutter,936,3.70556,3.6654,667.00,1169.54,0.000,0.000,667.00,1169.54,-11.2089,9.2197,0.0000,2.6973,0.0000,-13.9062,Left,0,0,0,0,143.205,0,0.000,ft_jnd,FrameTimeStutter,1,0,1,0,1,1,0.25,0.25,1.5,100,-10,100,1,5,250,40,5,250,50,1,6,11,0,0.06,4,0.05,50,8,4,2,2,100,144,5,5,300,1.05,1.05,6.0,2.0,10,6,6,-1,
5,P005,1,ft_jnd,FrameTimeStutter,937,3.70897,3.4162,667.00,1169.54,0.000,0.000,667.00,1169.54,-11.2089,9.2197,0.0000,2.6973,0.0000,-13.9062,Left,0,0,0,0,143.205,0,0.000,ft_jnd,FrameTimeStutter,1,0,1,0,1,1,0.25,0.25,1.5,100,-10,100,1,5,250,40,5,250,50,1,6,11,0,0.06,4,0.05,50,8,4,2,2,100,144,5,5,300,1.05,1.05,6.0,2.0,10,6,6,-1,
5,P005,1,ft_jnd,FrameTimeStutter,938,3.71272,3.7476,667.00,1169.54,0.000,0.000,667.00,1169.54,-11.2089,9.2197,0.0000,2.6973,0.0000,-13.9062,Left,0,0,0,0,143.205,0,0.000,ft_jnd,FrameTimeStutter,1,0,1,0,1,1,0.25,0.25,1.5,100,-10,100,1,5,250,40,5,250,50,1,6,11,0,0.06,4,0.05,50,8,4,2,2,100,144,5,5,300,1.05,1.05,6.0,2.0,10,6,6,-1,
5,P005,1,ft_jnd,FrameTimeStutter,939,3.71545,2.7321,667.00,1169.54,0.000,0.000,667.00,1169.54,-11.2089,9.2197,0.0000,2.6973,0.0000,-13.9062,Left,0,0,0,0,143.205,0,0.000,ft_jnd,FrameTimeStutter,1,0,1,0,1,1,0.25,0.25,1.5,100,-10,100,1,5,250,40,5,250,50,1,6,11,0,0.06,4,0.05,50,8,4,2,2,100,144,5,5,300,1.05,1.05,6.0,2.0,10,6,6,-1,
5,P005,1,ft_jnd,FrameTimeStutter,940,3.71812,2.6682,667.00,1169.54,0.000,0.000,667.00,1169.54,-11.2089,9.2197,0.0000,2.6973,0.0000,-13.9062,Left,0,0,0,0,143.205,0,0.000,ft_jnd,FrameTimeStutter,1,0,1,0,1,1,0.25,0.25,1.5,100,-10,100,1,5,250,40,5,250,50,1,6,11,0,0.06,4,0.05,50,8,4,2,2,100,144,5,5,300,1.05,1.05,6.0,2.0,10,6,6,-1,
5,P005,1,ft_jnd,FrameTimeStutter,941,3.72073,2.6090,667.00,1169.54,0.000,0.000,667.00,1169.54,-11.2089,9.2197,0.0000,2.6973,0.0000,-13.9062,Left,0,0,0,0,143.205,0,0.000,ft_jnd,FrameTimeStutter,1,0,1,0,1,1,0.25,0.25,1.5,100,-10,100,1,5,250,40,5,250,50,1,6,11,0,0.06,4,0.05,50,8,4,2,2,100,144,5,5,300,1.05,1.05,6.0,2.0,10,6,6,-1,
5,P005,1,ft_jnd,FrameTimeStutter,942,3.72551,4.7813,667.00,1169.54,0.000,0.000,667.00,1169.54,-11.2089,9.2197,0.0000,2.6973,0.0000,-13.9062,Left,0,0,0,0,143.205,0,0.000,ft_jnd,FrameTimeStutter,1,0,1,0,1,1,0.25,0.25,1.5,100,-10,100,1,5,250,40,5,250,50,1,6,11,0,0.06,4,0.05,50,8,4,2,2,100,144,5,5,300,1.05,1.05,6.0,2.0,10,6,6,-1,
5,P005,1,ft_jnd,FrameTimeStutter,943,3.72922,3.7123,667.00,1169.54,0.000,0.000,667.00,1169.54,-11.2089,9.2197,0.0000,2.6973,0.0000,-13.9062,Left,0,0,0,0,143.205,0,0.000,ft_jnd,FrameTimeStutter,1,0,1,0,1,1,0.25,0.25,1.5,100,-10,100,1,5,250,40,5,250,50,1,6,11,0,0.06,4,0.05,50,8,4,2,2,100,144,5,5,300,1.05,1.05,6.0,2.0,10,6,6,-1,
5,P005,1,ft_jnd,FrameTimeStutter,944,3.73267,3.4491,667.00,1169.54,0.000,0.000,667.00,1169.54,-11.2089,9.2197,0.0000,2.6973,0.0000,-13.9062,Left,0,0,0,0,143.205,0,0.000,ft_jnd,FrameTimeStutter,1,0,1,0,1,1,0.25,0.25,1.5,100,-10,100,1,5,250,40,5,250,50,1,6,11,0,0.06,4,0.05,50,8,4,2,2,100,144,5,5,300,1.05,1.05,6.0,2.0,10,6,6,-1,
5,P005,1,ft_jnd,FrameTimeStutter,945,3.73731,4.6325,667.00,1169.54,0.000,0.000,667.00,1169.54,-11.2089,9.2197,0.0000,2.6973,0.0000,-13.9062,Left,0,0,0,0,143.205,0,0.000,ft_jnd,FrameTimeStutter,1,0,1,0,1,1,0.25,0.25,1.5,100,-10,100,1,5,250,40,5,250,50,1,6,11,0,0.06,4,0.05,50,8,4,2,2,100,144,5,5,300,1.05,1.05,6.0,2.0,10,6,6,-1,
5,P005,1,ft_jnd,FrameTimeStutter,946,3.74074,3.4303,667.00,1169.54,0.000,0.000,667.00,1169.54,-11.2089,9.2197,0.0000,2.6973,0.0000,-13.9062,Left,0,0,0,0,143.205,0,0.000,ft_jnd,FrameTimeStutter,1,0,1,0,1,1,0.25,0.25,1.5,100,-10,100,1,5,250,40,5,250,50,1,6,11,0,0.06,4,0.05,50,8,4,2,2,100,144,5,5,300,1.05,1.05,6.0,2.0,10,6,6,-1,
5,P005,1,ft_jnd,FrameTimeStutter,947,3.74447,3.7303,667.00,1169.54,0.000,0.000,667.00,1169.54,-11.2089,9.2197,0.0000,2.6973,0.0000,-13.9062,Left,0,0,0,0,143.205,0,0.000,ft_jnd,FrameTimeStutter,1,0,1,0,1,1,0.25,0.25,1.5,100,-10,100,1,5,250,40,5,250,50,1,6,11,0,0.06,4,0.05,50,8,4,2,2,100,144,5,5,300,1.05,1.05,6.0,2.0,10,6,6,-1,
5,P005,1,ft_jnd,FrameTimeStutter,948,3.74809,3.6260,667.00,1169.54,0.000,0.000,667.00,1169.54,-11.2089,9.2197,0.0000,2.6973,0.0000,-13.9062,Left,0,0,0,0,143.205,0,0.000,ft_jnd,FrameTimeStutter,1,0,1,0,1,1,0.25,0.25,1.5,100,-10,100,1,5,250,40,5,250,50,1,6,11,0,0.06,4,0.05,50,8,4,2,2,100,144,5,5,300,1.05,1.05,6.0,2.0,10,6,6,-1,
5,P005,1,ft_jnd,FrameTimeStutter,949,3.75064,2.5479,667.00,1169.54,0.000,0.000,667.00,1169.54,-11.2089,9.2197,0.0000,2.6973,0.0000,-13.9062,Left,0,0,0,0,143.205,0,0.000,ft_jnd,FrameTimeStutter,1,0,1,0,1,1,0.25,0.25,1.5,100,-10,100,1,5,250,40,5,250,50,1,6,11,0,0.06,4,0.05,50,8,4,2,2,100,144,5,5,300,1.05,1.05,6.0,2.0,10,6,6,-1,
5,P005,1,ft_jnd,FrameTimeStutter,950,3.75533,4.6865,667.00,1169.54,0.000,0.000,667.00,1169.54,-11.2089,9.2197,0.0000,2.6973,0.0000,-13.9062,Left,0,0,0,0,143.205,0,0.000,ft_jnd,FrameTimeStutter,1,0,1,0,1,1,0.25,0.25,1.5,100,-10,100,1,5,250,40,5,250,50,1,6,11,0,0.06,4,0.05,50,8,4,2,2,100,144,5,5,300,1.05,1.05,6.0,2.0,10,6,6,-1,
5,P005,1,ft_jnd,FrameTimeStutter,951,3.75893,3.6059,667.00,1169.54,0.000,0.000,667.00,1169.54,-11.2089,9.2197,0.0000,2.6973,0.0000,-13.9062,Left,0,0,0,0,143.205,0,0.000,ft_jnd,FrameTimeStutter,1,0,1,0,1,1,0.25,0.25,1.5,100,-10,100,1,5,250,40,5,250,50,1,6,11,0,0.06,4,0.05,50,8,4,2,2,100,144,5,5,300,1.05,1.05,6.0,2.0,10,6,6,-1,
5,P005,1,ft_jnd,FrameTimeStutter,952,3.76238,3.4429,667.00,1169.54,0.000,0.000,667.00,1169.54,-11.2089,9.2197,0.0000,2.6973,0.0000,-13.9062,Left,0,0,0,0,143.205,0,0.000,ft_jnd,FrameTimeStutter,1,0,1,0,1,1,0.25,0.25,1.5,100,-10,100,1,5,250,40,5,250,50,1,6,11,0,0.06,4,0.05,50,8,4,2,2,100,144,5,5,300,1.05,1.05,6.0,2.0,10,6,6,-1,
5,P005,1,ft_jnd,FrameTimeStutter,953,3.76617,3.7984,667.00,1169.54,0.000,0.000,667.00,1169.54,-11.2089,9.2197,0.0000,2.6973,0.0000,-13.9062,Left,0,0,0,0,143.205,0,0.000,ft_jnd,FrameTimeStutter,1,0,1,0,1,1,0.25,0.25,1.5,100,-10,100,1,5,250,40,5,250,50,1,6,11,0,0.06,4,0.05,50,8,4,2,2,100,144,5,5,300,1.05,1.05,6.0,2.0,10,6,6,-1,
5,P005,1,ft_jnd,FrameTimeStutter,954,3.76884,2.6625,667.00,1169.54,0.000,0.000,667.00,1169.54,-11.2089,9.2197,0.0000,2.6973,0.0000,-13.9062,Left,0,0,0,0,143.205,0,0.000,ft_jnd,FrameTimeStutter,1,0,1,0,1,1,0.25,0.25,1.5,100,-10,100,1,5,250,40,5,250,50,1,6,11,0,0.06,4,0.05,50,8,4,2,2,100,144,5,5,300,1.05,1.05,6.0,2.0,10,6,6,-1,
5,P005,1,ft_jnd,FrameTimeStutter,955,3.77340,4.5645,667.00,1169.54,0.000,0.000,667.00,1169.54,-11.2089,9.2197,0.0000,2.6973,0.0000,-13.9062,Left,0,0,0,0,143.205,0,0.000,ft_jnd,FrameTimeStutter,1,0,1,0,1,1,0.25,0.25,1.5,100,-10,100,1,5,250,40,5,250,50,1,6,11,0,0.06,4,0.05,50,8,4,2,2,100,144,5,5,300,1.05,1.05,6.0,2.0,10,6,6,-1,
5,P005,1,ft_jnd,FrameTimeStutter,956,3.77695,3.5461,667.00,1169.54,0.000,0.000,667.00,1169.54,-11.2089,9.2197,0.0000,2.6973,0.0000,-13.9062,Left,0,0,0,0,143.205,0,0.000,ft_jnd,FrameTimeStutter,1,0,1,0,1,1,0.25,0.25,1.5,100,-10,100,1,5,250,40,5,250,50,1,6,11,0,0.06,4,0.05,50,8,4,2,2,100,144,5,5,300,1.05,1.05,6.0,2.0,10,6,6,-1,
5,P005,1,ft_jnd,FrameTimeStutter,957,3.78028,3.3314,667.00,1169.54,0.000,0.000,667.00,1169.54,-11.2089,9.2197,0.0000,2.6973,0.0000,-13.9062,Left,0,0,0,0,143.205,0,0.000,ft_jnd,FrameTimeStutter,1,0,1,0,1,1,0.25,0.25,1.5,100,-10,100,1,5,250,40,5,250,50,1,6,11,0,0.06,4,0.05,50,8,4,2,2,100,144,5,5,300,1.05,1.05,6.0,2.0,10,6,6,-1,
5,P005,1,ft_jnd,FrameTimeStutter,958,3.78462,4.3366,667.00,1169.54,0.000,0.000,667.00,1169.54,-11.2089,9.2197,0.0000,2.6973,0.0000,-13.9062,Left,0,0,0,0,143.205,0,0.000,ft_jnd,FrameTimeStutter,1,0,1,0,1,1,0.25,0.25,1.5,100,-10,100,1,5,250,40,5,250,50,1,6,11,0,0.06,4,0.05,50,8,4,2,2,100,144,5,5,300,1.05,1.05,6.0,2.0,10,6,6,-1,
5,P005,1,ft_jnd,FrameTimeStutter,959,3.78787,3.2528,667.00,1169.54,0.000,0.000,667.00,1169.54,-11.2089,9.2197,0.0000,2.6973,0.0000,-13.9062,Left,0,0,0,0,143.205,0,0.000,ft_jnd,FrameTimeStutter,1,0,1,0,1,1,0.25,0.25,1.5,100,-10,100,1,5,250,40,5,250,50,1,6,11,0,0.06,4,0.05,50,8,4,2,2,100,144,5,5,300,1.05,1.05,6.0,2.0,10,6,6,-1,
5,P005,1,ft_jnd,FrameTimeStutter,960,3.79182,3.9509,667.00,1169.54,0.000,0.000,667.00,1169.54,-11.2089,9.2197,0.0000,2.6973,0.0000,-13.9062,Left,0,0,0,0,143.205,0,0.000,ft_jnd,FrameTimeStutter,1,0,1,0,1,1,0.25,0.25,1.5,100,-10,100,1,5,250,40,5,250,50,1,6,11,0,0.06,4,0.05,50,8,4,2,2,100,144,5,5,300,1.05,1.05,6.0,2.0,10,6,6,-1,
5,P005,1,ft_jnd,FrameTimeStutter,961,3.79528,3.4664,667.00,1169.54,0.000,0.000,667.00,1169.54,-11.2089,9.2197,0.0000,2.6973,0.0000,-13.9062,Left,0,0,0,0,143.205,0,0.000,ft_jnd,FrameTimeStutter,1,0,1,0,1,1,0.25,0.25,1.5,100,-10,100,1,5,250,40,5,250,50,1,6,11,0,0.06,4,0.05,50,8,4,2,2,100,144,5,5,300,1.05,1.05,6.0,2.0,10,6,6,-1,
5,P005,1,ft_jnd,FrameTimeStutter,962,3.79808,2.7988,667.00,1169.54,0.000,0.000,667.00,1169.54,-11.2089,9.2197,0.0000,2.6973,0.0000,-13.9062,Left,0,0,0,0,143.205,0,0.000,ft_jnd,FrameTimeStutter,1,0,1,0,1,1,0.25,0.25,1.5,100,-10,100,1,5,250,40,5,250,50,1,6,11,0,0.06,4,0.05,50,8,4,2,2,100,144,5,5,300,1.05,1.05,6.0,2.0,10,6,6,-1,
5,P005,1,ft_jnd,FrameTimeStutter,963,3.80264,4.5607,667.00,1169.54,0.000,0.000,667.00,1169.54,-11.2089,9.2197,0.0000,2.6973,0.0000,-13.9062,Left,0,0,0,0,143.205,0,0.000,ft_jnd,FrameTimeStutter,1,0,1,0,1,1,0.25,0.25,1.5,100,-10,100,1,5,250,40,5,250,50,1,6,11,0,0.06,4,0.05,50,8,4,2,2,100,144,5,5,300,1.05,1.05,6.0,2.0,10,6,6,-1,
5,P005,1,ft_jnd,FrameTimeStutter,964,3.80590,3.2609,667.00,1169.54,0.000,0.000,667.00,1169.54,-11.2089,9.2197,0.0000,2.6973,0.0000,-13.9062,Left,0,0,0,0,143.205,0,0.000,ft_jnd,FrameTimeStutter,1,0,1,0,1,1,0.25,0.25,1.5,100,-10,100,1,5,250,40,5,250,50,1,6,11,0,0.06,4,0.05,50,8,4,2,2,100,144,5,5,300,1.05,1.05,6.0,2.0,10,6,6,-1,
5,P005,1,ft_jnd,FrameTimeStutter,965,3.80984,3.9312,667.00,1169.54,0.000,0.000,667.00,1169.54,-11.2089,9.2197,0.0000,2.6973,0.0000,-13.9062,Left,0,0,0,0,143.205,0,0.000,ft_jnd,FrameTimeStutter,1,0,1,0,1,1,0.25,0.25,1.5,100,-10,100,1,5,250,40,5,250,50,1,6,11,0,0.06,4,0.05,50,8,4,2,2,100,144,5,5,300,1.05,1.05,6.0,2.0,10,6,6,-1,
5,P005,1,ft_jnd,FrameTimeStutter,966,3.81330,3.4613,667.00,1169.54,0.000,0.000,667.00,1169.54,-11.2089,9.2197,0.0000,2.6973,0.0000,-13.9062,Left,0,0,0,0,143.205,0,0.000,ft_jnd,FrameTimeStutter,1,0,1,0,1,1,0.25,0.25,1.5,100,-10,100,1,5,250,40,5,250,50,1,6,11,0,0.06,4,0.05,50,8,4,2,2,100,144,5,5,300,1.05,1.05,6.0,2.0,10,6,6,-1,
5,P005,1,ft_jnd,FrameTimeStutter,967,3.81591,2.6079,667.00,1169.54,0.000,0.000,667.00,1169.54,-11.2089,9.2197,0.0000,2.6973,0.0000,-13.9062,Left,0,0,0,0,143.205,0,0.000,ft_jnd,FrameTimeStutter,1,0,1,0,1,1,0.25,0.25,1.5,100,-10,100,1,5,250,40,5,250,50,1,6,11,0,0.06,4,0.05,50,8,4,2,2,100,144,5,5,300,1.05,1.05,6.0,2.0,10,6,6,-1,
5,P005,1,ft_jnd,FrameTimeStutter,968,3.82039,4.4850,667.00,1169.54,0.000,0.000,667.00,1169.54,-11.2089,9.2197,0.0000,2.6973,0.0000,-13.9062,Left,0,0,0,0,143.205,0,0.000,ft_jnd,FrameTimeStutter,1,0,1,0,1,1,0.25,0.25,1.5,100,-10,100,1,5,250,40,5,250,50,1,6,11,0,0.06,4,0.05,50,8,4,2,2,100,144,5,5,300,1.05,1.05,6.0,2.0,10,6,6,-1,
5,P005,1,ft_jnd,FrameTimeStutter,969,3.82362,3.2335,667.00,1169.54,0.000,0.000,667.00,1169.54,-11.2089,9.2197,0.0000,2.6973,0.0000,-13.9062,Left,0,0,0,0,143.205,0,0.000,ft_jnd,FrameTimeStutter,1,0,1,0,1,1,0.25,0.25,1.5,100,-10,100,1,5,250,40,5,250,50,1,6,11,0,0.06,4,0.05,50,8,4,2,2,100,144,5,5,300,1.05,1.05,6.0,2.0,10,6,6,-1,
5,P005,1,ft_jnd,FrameTimeStutter,970,3.82773,4.1061,667.00,1169.54,0.000,0.000,667.00,1169.54,-11.2089,9.2197,0.0000,2.6973,0.0000,-13.9062,Left,0,0,0,0,143.205,0,0.000,ft_jnd,FrameTimeStutter,1,0,1,0,1,1,0.25,0.25,1.5,100,-10,100,1,5,250,40,5,250,50,1,6,11,0,0.06,4,0.05,50,8,4,2,2,100,144,5,5,300,1.05,1.05,6.0,2.0,10,6,6,-1,
5,P005,1,ft_jnd,FrameTimeStutter,971,3.83092,3.1856,667.00,1169.54,0.000,0.000,667.00,1169.54,-11.2089,9.2197,0.0000,2.6973,0.0000,-13.9062,Left,0,0,0,0,143.205,0,0.000,ft_jnd,FrameTimeStutter,1,0,1,0,1,1,0.25,0.25,1.5,100,-10,100,1,5,250,40,5,250,50,1,6,11,0,0.06,4,0.05,50,8,4,2,2,100,144,5,5,300,1.05,1.05,6.0,2.0,10,6,6,-1,
5,P005,1,ft_jnd,FrameTimeStutter,972,3.83476,3.8478,667.00,1169.54,0.000,0.000,667.00,1169.54,-11.2089,9.2197,0.0000,2.6973,0.0000,-13.9062,Left,0,0,0,0,143.205,0,0.000,ft_jnd,FrameTimeStutter,1,0,1,0,1,1,0.25,0.25,1.5,100,-10,100,1,5,250,40,5,250,50,1,6,11,0,0.06,4,0.05,50,8,4,2,2,100,144,5,5,300,1.05,1.05,6.0,2.0,10,6,6,-1,
5,P005,1,ft_jnd,FrameTimeStutter,973,3.83751,2.7442,667.00,1169.54,0.000,0.000,667.00,1169.54,-11.2089,9.2197,0.0000,2.6973,0.0000,-13.9062,Left,0,0,0,0,143.205,0,0.000,ft_jnd,FrameTimeStutter,1,0,1,0,1,1,0.25,0.25,1.5,100,-10,100,1,5,250,40,5,250,50,1,6,11,0,0.06,4,0.05,50,8,4,2,2,100,144,5,5,300,1.05,1.05,6.0,2.0,10,6,6,-1,
5,P005,1,ft_jnd,FrameTimeStutter,974,3.84167,4.1604,667.00,1169.54,0.000,0.000,667.00,1169.54,-11.2089,9.2197,0.0000,2.6973,0.0000,-13.9062,Left,0,0,0,0,143.205,0,0.000,ft_jnd,FrameTimeStutter,1,0,1,0,1,1,0.25,0.25,1.5,100,-10,100,1,5,250,40,5,250,50,1,6,11,0,0.06,4,0.05,50,8,4,2,2,100,144,5,5,300,1.05,1.05,6.0,2.0,10,6,6,-1,
5,P005,1,ft_jnd,FrameTimeStutter,975,3.84523,3.5609,667.00,1169.54,0.000,0.000,667.00,1169.54,-11.2089,9.2197,0.0000,2.6973,0.0000,-13.9062,Left,0,0,0,0,143.205,0,0.000,ft_jnd,FrameTimeStutter,1,0,1,0,1,1,0.25,0.25,1.5,100,-10,100,1,5,250,40,5,250,50,1,6,11,0,0.06,4,0.05,50,8,4,2,2,100,144,5,5,300,1.05,1.05,6.0,2.0,10,6,6,-1,
5,P005,1,ft_jnd,FrameTimeStutter,976,3.84892,3.6922,667.00,1169.54,0.000,0.000,667.00,1169.54,-11.2089,9.2197,0.0000,2.6973,0.0000,-13.9062,Left,0,0,0,0,143.205,0,0.000,ft_jnd,FrameTimeStutter,1,0,1,0,1,1,0.25,0.25,1.5,100,-10,100,1,5,250,40,5,250,50,1,6,11,0,0.06,4,0.05,50,8,4,2,2,100,144,5,5,300,1.05,1.05,6.0,2.0,10,6,6,-1,
5,P005,1,ft_jnd,FrameTimeStutter,977,3.85261,3.6860,667.00,1169.54,0.000,0.000,667.00,1169.54,-11.2089,9.2197,0.0000,2.6973,0.0000,-13.9062,Left,0,0,0,0,143.205,0,0.000,ft_jnd,FrameTimeStutter,1,0,1,0,1,1,0.25,0.25,1.5,100,-10,100,1,5,250,40,5,250,50,1,6,11,0,0.06,4,0.05,50,8,4,2,2,100,144,5,5,300,1.05,1.05,6.0,2.0,10,6,6,-1,
5,P005,1,ft_jnd,FrameTimeStutter,978,3.85600,3.3952,667.00,1169.54,0.000,0.000,667.00,1169.54,-11.2089,9.2197,0.0000,2.6973,0.0000,-13.9062,Left,0,0,0,0,143.205,0,0.000,ft_jnd,FrameTimeStutter,1,0,1,0,1,1,0.25,0.25,1.5,100,-10,100,1,5,250,40,5,250,50,1,6,11,0,0.06,4,0.05,50,8,4,2,2,100,144,5,5,300,1.05,1.05,6.0,2.0,10,6,6,-1,
5,P005,1,ft_jnd,FrameTimeStutter,979,3.85878,2.7736,667.00,1169.54,0.000,0.000,667.00,1169.54,-11.2089,9.2197,0.0000,2.6973,0.0000,-13.9062,Left,0,0,0,0,143.205,0,0.000,ft_jnd,FrameTimeStutter,1,0,1,0,1,1,0.25,0.25,1.5,100,-10,100,1,5,250,40,5,250,50,1,6,11,0,0.06,4,0.05,50,8,4,2,2,100,144,5,5,300,1.05,1.05,6.0,2.0,10,6,6,-1,
5,P005,1,ft_jnd,FrameTimeStutter,980,3.86309,4.3148,667.00,1169.54,0.000,0.000,667.00,1169.54,-11.2089,9.2197,0.0000,2.6973,0.0000,-13.9062,Left,0,0,0,0,143.205,0,0.000,ft_jnd,FrameTimeStutter,1,0,1,0,1,1,0.25,0.25,1.5,100,-10,100,1,5,250,40,5,250,50,1,6,11,0,0.06,4,0.05,50,8,4,2,2,100,144,5,5,300,1.05,1.05,6.0,2.0,10,6,6,-1,
5,P005,1,ft_jnd,FrameTimeStutter,981,3.86629,3.1976,667.00,1169.54,0.000,0.000,667.00,1169.54,-11.2089,9.2197,0.0000,2.6973,0.0000,-13.9062,Left,0,0,0,0,143.205,0,0.000,ft_jnd,FrameTimeStutter,1,0,1,0,1,1,0.25,0.25,1.5,100,-10,100,1,5,250,40,5,250,50,1,6,11,0,0.06,4,0.05,50,8,4,2,2,100,144,5,5,300,1.05,1.05,6.0,2.0,10,6,6,-1,
5,P005,1,ft_jnd,FrameTimeStutter,982,3.87003,3.7459,667.00,1169.54,0.000,0.000,667.00,1169.54,-11.2089,9.2197,0.0000,2.6973,0.0000,-13.9062,Left,0,0,0,0,143.205,0,0.000,ft_jnd,FrameTimeStutter,1,0,1,0,1,1,0.25,0.25,1.5,100,-10,100,1,5,250,40,5,250,50,1,6,11,0,0.06,4,0.05,50,8,4,2,2,100,144,5,5,300,1.05,1.05,6.0,2.0,10,6,6,-1,
5,P005,1,ft_jnd,FrameTimeStutter,983,3.87327,3.2382,667.00,1169.54,0.000,0.000,667.00,1169.54,-11.2089,9.2197,0.0000,2.6973,0.0000,-13.9062,Left,0,0,0,0,143.205,0,0.000,ft_jnd,FrameTimeStutter,1,0,1,0,1,1,0.25,0.25,1.5,100,-10,100,1,5,250,40,5,250,50,1,6,11,0,0.06,4,0.05,50,8,4,2,2,100,144,5,5,300,1.05,1.05,6.0,2.0,10,6,6,-1,
5,P005,1,ft_jnd,FrameTimeStutter,984,3.87619,2.9206,667.00,1169.54,0.000,0.000,667.00,1169.54,-11.2089,9.2197,0.0000,2.6973,0.0000,-13.9062,Left,0,0,0,0,143.205,0,0.000,ft_jnd,FrameTimeStutter,1,0,1,0,1,1,0.25,0.25,1.5,100,-10,100,1,5,250,40,5,250,50,1,6,11,0,0.06,4,0.05,50,8,4,2,2,100,144,5,5,300,1.05,1.05,6.0,2.0,10,6,6,-1,
5,P005,1,ft_jnd,FrameTimeStutter,985,3.88069,4.4939,667.00,1169.54,0.000,0.000,667.00,1169.54,-11.2089,9.2197,0.0000,2.6973,0.0000,-13.9062,Left,0,0,0,0,143.205,0,0.000,ft_jnd,FrameTimeStutter,1,0,1,0,1,1,0.25,0.25,1.5,100,-10,100,1,5,250,40,5,250,50,1,6,11,0,0.06,4,0.05,50,8,4,2,2,100,144,5,5,300,1.05,1.05,6.0,2.0,10,6,6,-1,
5,P005,1,ft_jnd,FrameTimeStutter,986,3.88393,3.2469,667.00,1169.54,0.000,0.000,667.00,1169.54,-11.2089,9.2197,0.0000,2.6973,0.0000,-13.9062,Left,0,0,0,0,143.205,0,0.000,ft_jnd,FrameTimeStutter,1,0,1,0,1,1,0.25,0.25,1.5,100,-10,100,1,5,250,40,5,250,50,1,6,11,0,0.06,4,0.05,50,8,4,2,2,100,144,5,5,300,1.05,1.05,6.0,2.0,10,6,6,-1,
5,P005,1,ft_jnd,FrameTimeStutter,987,3.88783,3.8920,667.00,1169.54,0.000,0.000,667.00,1169.54,-11.2089,9.2197,0.0000,2.6973,0.0000,-13.9062,Left,0,0,0,0,143.205,0,0.000,ft_jnd,FrameTimeStutter,1,0,1,0,1,1,0.25,0.25,1.5,100,-10,100,1,5,250,40,5,250,50,1,6,11,0,0.06,4,0.05,50,8,4,2,2,100,144,5,5,300,1.05,1.05,6.0,2.0,10,6,6,-1,
5,P005,1,ft_jnd,FrameTimeStutter,988,3.89102,3.1963,667.00,1169.54,0.000,0.000,667.00,1169.54,-11.2089,9.2197,0.0000,2.6973,0.0000,-13.9062,Left,0,0,0,0,143.205,0,0.000,ft_jnd,FrameTimeStutter,1,0,1,0,1,1,0.25,0.25,1.5,100,-10,100,1,5,250,40,5,250,50,1,6,11,0,0.06,4,0.05,50,8,4,2,2,100,144,5,5,300,1.05,1.05,6.0,2.0,10,6,6,-1,
5,P005,1,ft_jnd,FrameTimeStutter,989,3.89376,2.7388,667.00,1169.54,0.000,0.000,667.00,1169.54,-11.2089,9.2197,0.0000,2.6973,0.0000,-13.9062,Left,0,0,0,0,143.205,0,0.000,ft_jnd,FrameTimeStutter,1,0,1,0,1,1,0.25,0.25,1.5,100,-10,100,1,5,250,40,5,250,50,1,6,11,0,0.06,4,0.05,50,8,4,2,2,100,144,5,5,300,1.05,1.05,6.0,2.0,10,6,6,-1,
5,P005,1,ft_jnd,FrameTimeStutter,990,3.89778,4.0229,667.00,1169.54,0.000,0.000,667.00,1169.54,-11.2089,9.2197,0.0000,2.6973,0.0000,-13.9062,Left,0,0,0,0,143.205,0,0.000,ft_jnd,FrameTimeStutter,1,0,1,0,1,1,0.25,0.25,1.5,100,-10,100,1,5,250,40,5,250,50,1,6,11,0,0.06,4,0.05,50,8,4,2,2,100,144,5,5,300,1.05,1.05,6.0,2.0,10,6,6,-1,
5,P005,1,ft_jnd,FrameTimeStutter,991,3.90150,3.7170,667.00,1169.54,0.000,0.000,667.00,1169.54,-11.2089,9.2197,0.0000,2.6973,0.0000,-13.9062,Left,0,0,0,0,143.205,0,0.000,ft_jnd,FrameTimeStutter,1,0,1,0,1,1,0.25,0.25,1.5,100,-10,100,1,5,250,40,5,250,50,1,6,11,0,0.06,4,0.05,50,8,4,2,2,100,144,5,5,300,1.05,1.05,6.0,2.0,10,6,6,-1,
5,P005,1,ft_jnd,FrameTimeStutter,992,3.90520,3.7036,667.00,1169.54,0.000,0.000,667.00,1169.54,-11.2089,9.2197,0.0000,2.6973,0.0000,-13.9062,Left,0,0,0,0,143.205,0,0.000,ft_jnd,FrameTimeStutter,1,0,1,0,1,1,0.25,0.25,1.5,100,-10,100,1,5,250,40,5,250,50,1,6,11,0,0.06,4,0.05,50,8,4,2,2,100,144,5,5,300,1.05,1.05,6.0,2.0,10,6,6,-1,
5,P005,1,ft_jnd,FrameTimeStutter,993,3.90903,3.8239,667.00,1169.54,0.000,0.000,667.00,1169.54,-11.2089,9.2197,0.0000,2.6973,0.0000,-13.9062,Left,0,0,0,0,143.205,0,0.000,ft_jnd,FrameTimeStutter,1,0,1,0,1,1,0.25,0.25,1.5,100,-10,100,1,5,250,40,5,250,50,1,6,11,0,0.06,4,0.05,50,8,4,2,2,100,144,5,5,300,1.05,1.05,6.0,2.0,10,6,6,-1,
5,P005,1,ft_jnd,FrameTimeStutter,994,3.91255,3.5168,667.00,1169.54,0.000,0.000,667.00,1169.54,-11.2089,9.2197,0.0000,2.6973,0.0000,-13.9062,Left,0,0,0,0,143.205,0,0.000,ft_jnd,FrameTimeStutter,1,0,1,0,1,1,0.25,0.25,1.5,100,-10,100,1,5,250,40,5,250,50,1,6,11,0,0.06,4,0.05,50,8,4,2,2,100,144,5,5,300,1.05,1.05,6.0,2.0,10,6,6,-1,
5,P005,1,ft_jnd,FrameTimeStutter,995,3.91567,3.1264,667.00,1169.54,0.000,0.000,667.00,1169.54,-11.2089,9.2197,0.0000,2.6973,0.0000,-13.9062,Left,0,0,0,0,143.205,0,0.000,ft_jnd,FrameTimeStutter,1,0,1,0,1,1,0.25,0.25,1.5,100,-10,100,1,5,250,40,5,250,50,1,6,11,0,0.06,4,0.05,50,8,4,2,2,100,144,5,5,300,1.05,1.05,6.0,2.0,10,6,6,-1,
5,P005,1,ft_jnd,FrameTimeStutter,996,3.91886,3.1886,667.00,1169.54,0.000,0.000,667.00,1169.54,-11.2089,9.2197,0.0000,2.6973,0.0000,-13.9062,Left,0,0,0,0,143.205,0,0.000,ft_jnd,FrameTimeStutter,1,0,1,0,1,1,0.25,0.25,1.5,100,-10,100,1,5,250,40,5,250,50,1,6,11,0,0.06,4,0.05,50,8,4,2,2,100,144,5,5,300,1.05,1.05,6.0,2.0,10,6,6,-1,
5,P005,1,ft_jnd,FrameTimeStutter,997,3.92294,4.0803,667.00,1169.54,0.000,0.000,667.00,1169.54,-11.2089,9.2197,0.0000,2.6973,0.0000,-13.9062,Left,0,0,0,0,143.205,0,0.000,ft_jnd,FrameTimeStutter,1,0,1,0,1,1,0.25,0.25,1.5,100,-10,100,1,5,250,40,5,250,50,1,6,11,0,0.06,4,0.05,50,8,4,2,2,100,144,5,5,300,1.05,1.05,6.0,2.0,10,6,6,-1,
5,P005,1,ft_jnd,FrameTimeStutter,998,3.92612,3.1818,667.00,1169.54,0.000,0.000,667.00,1169.54,-11.2089,9.2197,0.0000,2.6973,0.0000,-13.9062,Left,0,0,0,0,143.205,0,0.000,ft_jnd,FrameTimeStutter,1,0,1,0,1,1,0.25,0.25,1.5,100,-10,100,1,5,250,40,5,250,50,1,6,11,0,0.06,4,0.05,50,8,4,2,2,100,144,5,5,300,1.05,1.05,6.0,2.0,10,6,6,-1,
5,P005,1,ft_jnd,FrameTimeStutter,999,3.93020,4.0741,667.00,1169.54,0.000,0.000,667.00,1169.54,-11.2089,9.2197,0.0000,2.6973,0.0000,-13.9062,Left,0,0,0,0,143.205,0,0.000,ft_jnd,FrameTimeStutter,1,0,1,0,1,1,0.25,0.25,1.5,100,-10,100,1,5,250,40,5,250,50,1,6,11,0,0.06,4,0.05,50,8,4,2,2,100,144,5,5,300,1.05,1.05,6.0,2.0,10,6,6,-1,
5,P005,1,ft_jnd,FrameTimeStutter,1000,3.93334,3.1438,667.00,1169.54,0.000,0.000,667.00,1169.54,-11.2089,9.2197,0.0000,2.6973,0.0000,-13.9062,Left,0,0,0,0,143.205,0,0.000,ft_jnd,FrameTimeStutter,1,0,1,0,1,1,0.25,0.25,1.5,100,-10,100,1,5,250,40,5,250,50,1,6,11,0,0.06,4,0.05,50,8,4,2,2,100,144,5,5,300,1.05,1.05,6.0,2.0,10,6,6,-1,
5,P005,1,ft_jnd,FrameTimeStutter,1001,3.93741,4.0733,667.00,1169.54,0.000,0.000,667.00,1169.54,-11.2089,9.2197,0.0000,2.6973,0.0000,-13.9062,Left,0,0,0,0,143.205,0,0.000,ft_jnd,FrameTimeStutter,1,0,1,0,1,1,0.25,0.25,1.5,100,-10,100,1,5,250,40,5,250,50,1,6,11,0,0.06,4,0.05,50,8,4,2,2,100,144,5,5,300,1.05,1.05,6.0,2.0,10,6,6,-1,
5,P005,1,ft_jnd,FrameTimeStutter,1002,3.94000,2.5881,667.00,1169.54,0.000,0.000,667.00,1169.54,-11.2089,9.2197,0.0000,2.6973,0.0000,-13.9062,Left,0,0,0,0,143.205,0,0.000,ft_jnd,FrameTimeStutter,1,0,1,0,1,1,0.25,0.25,1.5,100,-10,100,1,5,250,40,5,250,50,1,6,11,0,0.06,4,0.05,50,8,4,2,2,100,144,5,5,300,1.05,1.05,6.0,2.0,10,6,6,-1,
5,P005,1,ft_jnd,FrameTimeStutter,1003,3.94426,4.2556,667.00,1169.54,0.000,0.000,667.00,1169.54,-11.2089,9.2197,0.0000,2.6973,0.0000,-13.9062,Left,0,0,0,0,143.205,0,0.000,ft_jnd,FrameTimeStutter,1,0,1,0,1,1,0.25,0.25,1.5,100,-10,100,1,5,250,40,5,250,50,1,6,11,0,0.06,4,0.05,50,8,4,2,2,100,144,5,5,300,1.05,1.05,6.0,2.0,10,6,6,-1,
5,P005,1,ft_jnd,FrameTimeStutter,1004,3.94779,3.5285,667.00,1169.54,0.000,0.000,667.00,1169.54,-11.2089,9.2197,0.0000,2.6973,0.0000,-13.9062,Left,0,0,0,0,143.205,0,0.000,ft_jnd,FrameTimeStutter,1,0,1,0,1,1,0.25,0.25,1.5,100,-10,100,1,5,250,40,5,250,50,1,6,11,0,0.06,4,0.05,50,8,4,2,2,100,144,5,5,300,1.05,1.05,6.0,2.0,10,6,6,-1,
5,P005,1,ft_jnd,FrameTimeStutter,1005,3.95093,3.1439,667.00,1169.54,0.000,0.000,667.00,1169.54,-11.2089,9.2197,0.0000,2.6973,0.0000,-13.9062,Left,0,0,0,0,143.205,0,0.000,ft_jnd,FrameTimeStutter,1,0,1,0,1,1,0.25,0.25,1.5,100,-10,100,1,5,250,40,5,250,50,1,6,11,0,0.06,4,0.05,50,8,4,2,2,100,144,5,5,300,1.05,1.05,6.0,2.0,10,6,6,-1,
5,P005,1,ft_jnd,FrameTimeStutter,1006,3.95499,4.0625,667.00,1169.54,0.000,0.000,667.00,1169.54,-11.2089,9.2197,0.0000,2.6973,0.0000,-13.9062,Left,0,0,0,0,143.205,0,0.000,ft_jnd,FrameTimeStutter,1,0,1,0,1,1,0.25,0.25,1.5,100,-10,100,1,5,250,40,5,250,50,1,6,11,0,0.06,4,0.05,50,8,4,2,2,100,144,5,5,300,1.05,1.05,6.0,2.0,10,6,6,-1,
5,P005,1,ft_jnd,FrameTimeStutter,1007,3.95808,3.0850,667.00,1169.54,0.000,0.000,667.00,1169.54,-11.2089,9.2197,0.0000,2.6973,0.0000,-13.9062,Left,0,0,0,0,143.205,0,0.000,ft_jnd,FrameTimeStutter,1,0,1,0,1,1,0.25,0.25,1.5,100,-10,100,1,5,250,40,5,250,50,1,6,11,0,0.06,4,0.05,50,8,4,2,2,100,144,5,5,300,1.05,1.05,6.0,2.0,10,6,6,-1,
5,P005,1,ft_jnd,FrameTimeStutter,1008,3.96202,3.9452,667.00,1169.54,0.000,0.000,667.00,1169.54,-11.2089,9.2197,0.0000,2.6973,0.0000,-13.9062,Left,0,0,0,0,143.205,0,0.000,ft_jnd,FrameTimeStutter,1,0,1,0,1,1,0.25,0.25,1.5,100,-10,100,1,5,250,40,5,250,50,1,6,11,0,0.06,4,0.05,50,8,4,2,2,100,144,5,5,300,1.05,1.05,6.0,2.0,10,6,6,-1,
5,P005,1,ft_jnd,FrameTimeStutter,1009,3.96549,3.4669,667.00,1169.54,0.000,0.000,667.00,1169.54,-11.2089,9.2197,0.0000,2.6973,0.0000,-13.9062,Left,0,0,0,0,143.205,0,0.000,ft_jnd,FrameTimeStutter,1,0,1,0,1,1,0.25,0.25,1.5,100,-10,100,1,5,250,40,5,250,50,1,6,11,0,0.06,4,0.05,50,8,4,2,2,100,144,5,5,300,1.05,1.05,6.0,2.0,10,6,6,-1,
5,P005,1,ft_jnd,FrameTimeStutter,1010,3.96942,3.9295,667.00,1169.54,0.000,0.000,667.00,1169.54,-11.2089,9.2197,0.0000,2.6973,0.0000,-13.9062,Left,0,0,0,0,143.205,0,0.000,ft_jnd,FrameTimeStutter,1,0,1,0,1,1,0.25,0.25,1.5,100,-10,100,1,5,250,40,5,250,50,1,6,11,0,0.06,4,0.05,50,8,4,2,2,100,144,5,5,300,1.05,1.05,6.0,2.0,10,6,6,-1,
5,P005,1,ft_jnd,FrameTimeStutter,1011,3.97298,3.5658,667.00,1169.54,0.000,0.000,667.00,1169.54,-11.2089,9.2197,0.0000,2.6973,0.0000,-13.9062,Left,0,0,0,0,143.205,0,0.000,ft_jnd,FrameTimeStutter,1,0,1,0,1,1,0.25,0.25,1.5,100,-10,100,1,5,250,40,5,250,50,1,6,11,0,0.06,4,0.05,50,8,4,2,2,100,144,5,5,300,1.05,1.05,6.0,2.0,10,6,6,-1,
5,P005,1,ft_jnd,FrameTimeStutter,1012,3.97616,3.1760,667.00,1169.54,0.000,0.000,667.00,1169.54,-11.2089,9.2197,0.0000,2.6973,0.0000,-13.9062,Left,0,0,0,0,143.205,0,0.000,ft_jnd,FrameTimeStutter,1,0,1,0,1,1,0.25,0.25,1.5,100,-10,100,1,5,250,40,5,250,50,1,6,11,0,0.06,4,0.05,50,8,4,2,2,100,144,5,5,300,1.05,1.05,6.0,2.0,10,6,6,-1,
5,P005,1,ft_jnd,FrameTimeStutter,1013,3.97985,3.6931,667.00,1169.54,0.000,0.000,667.00,1169.54,-11.2089,9.2197,0.0000,2.6973,0.0000,-13.9062,Left,0,0,0,0,143.205,0,0.000,ft_jnd,FrameTimeStutter,1,0,1,0,1,1,0.25,0.25,1.5,100,-10,100,1,5,250,40,5,250,50,1,6,11,0,0.06,4,0.05,50,8,4,2,2,100,144,5,5,300,1.05,1.05,6.0,2.0,10,6,6,-1,
5,P005,1,ft_jnd,FrameTimeStutter,1014,3.98263,2.7748,667.00,1169.54,0.000,0.000,667.00,1169.54,-11.2089,9.2197,0.0000,2.6973,0.0000,-13.9062,Left,0,0,0,0,143.205,0,0.000,ft_jnd,FrameTimeStutter,1,0,1,0,1,1,0.25,0.25,1.5,100,-10,100,1,5,250,40,5,250,50,1,6,11,0,0.06,4,0.05,50,8,4,2,2,100,144,5,5,300,1.05,1.05,6.0,2.0,10,6,6,-1,
5,P005,1,ft_jnd,FrameTimeStutter,1015,3.98694,4.3161,667.00,1169.54,0.000,0.000,667.00,1169.54,-11.2089,9.2197,0.0000,2.6973,0.0000,-13.9062,Left,0,0,0,0,143.205,0,0.000,ft_jnd,FrameTimeStutter,1,0,1,0,1,1,0.25,0.25,1.5,100,-10,100,1,5,250,40,5,250,50,1,6,11,0,0.06,4,0.05,50,8,4,2,2,100,144,5,5,300,1.05,1.05,6.0,2.0,10,6,6,-1,
5,P005,1,ft_jnd,FrameTimeStutter,1016,3.99047,3.5281,667.00,1169.54,0.000,0.000,667.00,1169.54,-11.2089,9.2197,0.0000,2.6973,0.0000,-13.9062,Left,0,0,0,0,143.205,0,0.000,ft_jnd,FrameTimeStutter,1,0,1,0,1,1,0.25,0.25,1.5,100,-10,100,1,5,250,40,5,250,50,1,6,11,0,0.06,4,0.05,50,8,4,2,2,100,144,5,5,300,1.05,1.05,6.0,2.0,10,6,6,-1,
5,P005,1,ft_jnd,FrameTimeStutter,1017,3.99362,3.1427,667.00,1169.54,0.000,0.000,667.00,1169.54,-11.2089,9.2197,0.0000,2.6973,0.0000,-13.9062,Left,0,0,0,0,143.205,0,0.000,ft_jnd,FrameTimeStutter,1,0,1,0,1,1,0.25,0.25,1.5,100,-10,100,1,5,250,40,5,250,50,1,6,11,0,0.06,4,0.05,50,8,4,2,2,100,144,5,5,300,1.05,1.05,6.0,2.0,10,6,6,-1,
5,P005,1,ft_jnd,FrameTimeStutter,1018,3.99739,3.7791,668.48,1169.54,1.000,0.000,668.48,1169.54,-11.1817,9.2197,0.0000,2.6973,0.0000,-13.9062,Left,0,0,0,0,143.205,0,0.000,ft_jnd,FrameTimeStutter,1,0,1,0,1,1,0.25,0.25,1.5,100,-10,100,1,5,250,40,5,250,50,1,6,11,0,0.06,4,0.05,50,8,4,2,2,100,144,5,5,300,1.05,1.05,6.0,2.0,10,6,6,-1,
5,P005,1,ft_jnd,FrameTimeStutter,1019,4.00058,3.1870,668.48,1169.54,0.000,0.000,668.48,1169.54,-11.1817,9.2197,0.0000,2.6973,0.0000,-13.8790,Left,0,0,0,0,143.205,0,0.000,ft_jnd,FrameTimeStutter,1,0,1,0,1,1,0.25,0.25,1.5,100,-10,100,1,5,250,40,5,250,50,1,6,11,0,0.06,4,0.05,50,8,4,2,2,100,144,5,5,300,1.05,1.05,6.0,2.0,10,6,6,-1,
5,P005,1,ft_jnd,FrameTimeStutter,1020,4.00373,3.1485,669.97,1169.54,1.000,0.000,669.97,1169.54,-11.1546,9.2197,0.0000,2.6973,0.0000,-13.8790,Left,0,0,0,0,143.205,0,0.000,ft_jnd,FrameTimeStutter,1,0,1,0,1,1,0.25,0.25,1.5,100,-10,100,1,5,250,40,5,250,50,1,6,11,0,0.06,4,0.05,50,8,4,2,2,100,144,5,5,300,1.05,1.05,6.0,2.0,10,6,6,-1,
5,P005,1,ft_jnd,FrameTimeStutter,1021,4.00767,3.9403,669.97,1169.54,0.000,0.000,669.97,1169.54,-11.1546,9.2197,0.0000,2.6973,0.0000,-13.8518,Left,0,0,0,0,143.205,0,0.000,ft_jnd,FrameTimeStutter,1,0,1,0,1,1,0.25,0.25,1.5,100,-10,100,1,5,250,40,5,250,50,1,6,11,0,0.06,4,0.05,50,8,4,2,2,100,144,5,5,300,1.05,1.05,6.0,2.0,10,6,6,-1,
5,P005,1,ft_jnd,FrameTimeStutter,1022,4.01078,3.1114,669.97,1169.54,0.000,0.000,669.97,1169.54,-11.1546,9.2197,0.0000,2.6973,0.0000,-13.8518,Left,0,0,0,0,143.205,0,0.000,ft_jnd,FrameTimeStutter,1,0,1,0,1,1,0.25,0.25,1.5,100,-10,100,1,5,250,40,5,250,50,1,6,11,0,0.06,4,0.05,50,8,4,2,2,100,144,5,5,300,1.05,1.05,6.0,2.0,10,6,6,-1,
5,P005,1,ft_jnd,FrameTimeStutter,1023,4.01496,4.1777,677.40,1166.56,5.000,-2.000,677.40,1166.56,-11.0187,9.1653,0.0000,2.6973,0.0000,-13.8518,Left,0,0,0,0,143.205,0,0.000,ft_jnd,FrameTimeStutter,1,0,1,0,1,1,0.25,0.25,1.5,100,-10,100,1,5,250,40,5,250,50,1,6,11,0,0.06,4,0.05,50,8,4,2,2,100,144,5,5,300,1.05,1.05,6.0,2.0,10,6,6,-1,
5,P005,1,ft_jnd,FrameTimeStutter,1024,4.01809,3.1266,677.40,1166.56,0.000,0.000,677.40,1166.56,-11.0187,9.1653,0.0000,2.6973,0.0000,-13.7159,Left,0,0,0,0,143.205,0,0.000,ft_jnd,FrameTimeStutter,1,0,1,0,1,1,0.25,0.25,1.5,100,-10,100,1,5,250,40,5,250,50,1,6,11,0,0.06,4,0.05,50,8,4,2,2,100,144,5,5,300,1.05,1.05,6.0,2.0,10,6,6,-1,
5,P005,1,ft_jnd,FrameTimeStutter,1025,4.02212,4.0333,690.77,1163.59,9.000,-2.000,690.77,1163.59,-10.7741,9.1110,0.0000,2.6973,0.0000,-13.7159,Left,0,0,0,0,143.205,0,0.000,ft_jnd,FrameTimeStutter,1,0,1,0,1,1,0.25,0.25,1.5,100,-10,100,1,5,250,40,5,250,50,1,6,11,0,0.06,4,0.05,50,8,4,2,2,100,144,5,5,300,1.05,1.05,6.0,2.0,10,6,6,-1,
5,P005,1,ft_jnd,FrameTimeStutter,1026,4.02565,3.5282,690.77,1163.59,0.000,0.000,690.77,1163.59,-10.7741,9.1110,0.0000,2.6973,0.0000,-13.4714,Left,0,0,0,0,143.205,0,0.000,ft_jnd,FrameTimeStutter,1,0,1,0,1,1,0.25,0.25,1.5,100,-10,100,1,5,250,40,5,250,50,1,6,11,0,0.06,4,0.05,50,8,4,2,2,100,144,5,5,300,1.05,1.05,6.0,2.0,10,6,6,-1,
5,P005,1,ft_jnd,FrameTimeStutter,1027,4.02890,3.2481,710.09,1162.11,13.000,-1.000,710.09,1162.11,-10.4209,9.0838,0.0000,2.6973,0.0000,-13.4714,Left,0,0,0,0,143.205,0,0.000,ft_jnd,FrameTimeStutter,1,0,1,0,1,1,0.25,0.25,1.5,100,-10,100,1,5,250,40,5,250,50,1,6,11,0,0.06,4,0.05,50,8,4,2,2,100,144,5,5,300,1.05,1.05,6.0,2.0,10,6,6,-1,
5,P005,1,ft_jnd,FrameTimeStutter,1028,4.03293,4.0315,710.09,1162.11,0.000,0.000,710.09,1162.11,-10.4209,9.0838,0.0000,2.6973,0.0000,-13.1181,Left,0,0,0,0,143.205,0,0.000,ft_jnd,FrameTimeStutter,1,0,1,0,1,1,0.25,0.25,1.5,100,-10,100,1,5,250,40,5,250,50,1,6,11,0,0.06,4,0.05,50,8,4,2,2,100,144,5,5,300,1.05,1.05,6.0,2.0,10,6,6,-1,
5,P005,1,ft_jnd,FrameTimeStutter,1029,4.03613,3.2070,733.87,1159.13,16.000,-2.000,733.87,1159.13,-9.9861,9.0295,0.0000,2.6973,0.0000,-13.1181,Left,0,0,0,0,143.205,0,0.000,ft_jnd,FrameTimeStutter,1,0,1,0,1,1,0.25,0.25,1.5,100,-10,100,1,5,250,40,5,250,50,1,6,11,0,0.06,4,0.05,50,8,4,2,2,100,144,5,5,300,1.05,1.05,6.0,2.0,10,6,6,-1,
5,P005,1,ft_jnd,FrameTimeStutter,1030,4.03989,3.7568,733.87,1159.13,0.000,0.000,733.87,1159.13,-9.9861,9.0295,0.0000,2.6973,0.0000,-12.6834,Left,0,0,0,0,143.205,0,0.000,ft_jnd,FrameTimeStutter,1,0,1,0,1,1,0.25,0.25,1.5,100,-10,100,1,5,250,40,5,250,50,1,6,11,0,0.06,4,0.05,50,8,4,2,2,100,144,5,5,300,1.05,1.05,6.0,2.0,10,6,6,-1,
5,P005,1,ft_jnd,FrameTimeStutter,1031,4.04358,3.6905,765.08,1157.65,21.000,-1.000,765.08,1157.65,-9.4155,9.0023,0.0000,2.6973,0.0000,-12.6834,Left,0,0,0,0,143.205,0,0.000,ft_jnd,FrameTimeStutter,1,0,1,0,1,1,0.25,0.25,1.5,100,-10,100,1,5,250,40,5,250,50,1,6,11,0,0.06,4,0.05,50,8,4,2,2,100,144,5,5,300,1.05,1.05,6.0,2.0,10,6,6,-1,
5,P005,1,ft_jnd,FrameTimeStutter,1032,4.04655,2.9657,765.08,1157.65,0.000,0.000,765.08,1157.65,-9.4155,9.0023,0.0000,2.6973,0.0000,-12.1127,Left,0,0,0,0,143.205,0,0.000,ft_jnd,FrameTimeStutter,1,0,1,0,1,1,0.25,0.25,1.5,100,-10,100,1,5,250,40,5,250,50,1,6,11,0,0.06,4,0.05,50,8,4,2,2,100,144,5,5,300,1.05,1.05,6.0,2.0,10,6,6,-1,
5,P005,1,ft_jnd,FrameTimeStutter,1033,4.05104,4.4939,765.08,1157.65,0.000,0.000,765.08,1157.65,-9.4155,9.0023,0.0000,2.6973,0.0000,-12.1127,Left,0,0,0,0,143.205,0,0.000,ft_jnd,FrameTimeStutter,1,0,1,0,1,1,0.25,0.25,1.5,100,-10,100,1,5,250,40,5,250,50,1,6,11,0,0.06,4,0.05,50,8,4,2,2,100,144,5,5,300,1.05,1.05,6.0,2.0,10,6,6,-1,
5,P005,1,ft_jnd,FrameTimeStutter,1034,4.05422,3.1776,802.23,1157.65,25.000,0.000,802.23,1157.65,-8.7361,9.0023,0.0000,2.6973,0.0000,-12.1127,Left,0,0,0,0,143.205,0,0.000,ft_jnd,FrameTimeStutter,1,0,1,0,1,1,0.25,0.25,1.5,100,-10,100,1,5,250,40,5,250,50,1,6,11,0,0.06,4,0.05,50,8,4,2,2,100,144,5,5,300,1.05,1.05,6.0,2.0,10,6,6,-1,
5,P005,1,ft_jnd,FrameTimeStutter,1035,4.05832,4.0992,802.23,1157.65,0.000,0.000,802.23,1157.65,-8.7361,9.0023,0.0000,2.6973,0.0000,-11.4334,Left,0,0,0,0,143.205,0,0.000,ft_jnd,FrameTimeStutter,1,0,1,0,1,1,0.25,0.25,1.5,100,-10,100,1,5,250,40,5,250,50,1,6,11,0,0.06,4,0.05,50,8,4,2,2,100,144,5,5,300,1.05,1.05,6.0,2.0,10,6,6,-1,
5,P005,1,ft_jnd,FrameTimeStutter,1036,4.06190,3.5784,837.89,1157.65,24.000,0.000,837.89,1157.65,-8.0840,9.0023,0.0000,2.6973,0.0000,-11.4334,Left,0,0,0,0,143.205,0,0.000,ft_jnd,FrameTimeStutter,1,0,1,0,1,1,0.25,0.25,1.5,100,-10,100,1,5,250,40,5,250,50,1,6,11,0,0.06,4,0.05,50,8,4,2,2,100,144,5,5,300,1.05,1.05,6.0,2.0,10,6,6,-1,
5,P005,1,ft_jnd,FrameTimeStutter,1037,4.06483,2.9354,837.89,1157.65,0.000,0.000,837.89,1157.65,-8.0840,9.0023,0.0000,2.6973,0.0000,-10.7812,Left,0,0,0,0,143.205,0,0.000,ft_jnd,FrameTimeStutter,1,0,1,0,1,1,0.25,0.25,1.5,100,-10,100,1,5,250,40,5,250,50,1,6,11,0,0.06,4,0.05,50,8,4,2,2,100,144,5,5,300,1.05,1.05,6.0,2.0,10,6,6,-1,
5,P005,1,ft_jnd,FrameTimeStutter,1038,4.06921,4.3820,879.50,1157.65,28.000,0.000,879.50,1157.65,-7.3231,9.0023,0.0000,2.6973,0.0000,-10.7812,Left,0,0,0,0,143.205,0,0.000,ft_jnd,FrameTimeStutter,1,0,1,0,1,1,0.25,0.25,1.5,100,-10,100,1,5,250,40,5,250,50,1,6,11,0,0.06,4,0.05,50,8,4,2,2,100,144,5,5,300,1.05,1.05,6.0,2.0,10,6,6,-1,
5,P005,1,ft_jnd,FrameTimeStutter,1039,4.07237,3.1574,879.50,1157.65,0.000,0.000,879.50,1157.65,-7.3231,9.0023,0.0000,2.6973,0.0000,-10.0204,Left,0,0,0,0,143.205,0,0.000,ft_jnd,FrameTimeStutter,1,0,1,0,1,1,0.25,0.25,1.5,100,-10,100,1,5,250,40,5,250,50,1,6,11,0,0.06,4,0.05,50,8,4,2,2,100,144,5,5,300,1.05,1.05,6.0,2.0,10,6,6,-1,
5,P005,1,ft_jnd,FrameTimeStutter,1040,4.07629,3.9218,925.57,1157.65,31.000,0.000,925.57,1157.65,-6.4808,9.0023,0.0000,2.6973,0.0000,-10.0204,Left,0,0,0,0,143.205,0,0.000,ft_jnd,FrameTimeStutter,1,0,1,0,1,1,0.25,0.25,1.5,100,-10,100,1,5,250,40,5,250,50,1,6,11,0,0.06,4,0.05,50,8,4,2,2,100,144,5,5,300,1.05,1.05,6.0,2.0,10,6,6,-1,
5,P005,1,ft_jnd,FrameTimeStutter,1041,4.07948,3.1851,925.57,1157.65,0.000,0.000,925.57,1157.65,-6.4808,9.0023,0.0000,2.6973,0.0000,-9.1780,Left,0,0,0,0,143.205,0,0.000,ft_jnd,FrameTimeStutter,1,0,1,0,1,1,0.25,0.25,1.5,100,-10,100,1,5,250,40,5,250,50,1,6,11,0,0.06,4,0.05,50,8,4,2,2,100,144,5,5,300,1.05,1.05,6.0,2.0,10,6,6,-1,
5,P005,1,ft_jnd,FrameTimeStutter,1042,4.08224,2.7593,925.57,1157.65,0.000,0.000,925.57,1157.65,-6.4808,9.0023,0.0000,2.6973,0.0000,-9.1780,Left,0,0,0,0,143.205,0,0.000,ft_jnd,FrameTimeStutter,1,0,1,0,1,1,0.25,0.25,1.5,100,-10,100,1,5,250,40,5,250,50,1,6,11,0,0.06,4,0.05,50,8,4,2,2,100,144,5,5,300,1.05,1.05,6.0,2.0,10,6,6,-1,
5,P005,1,ft_jnd,FrameTimeStutter,1043,4.08651,4.2709,970.15,1159.13,30.000,1.000,970.15,1159.13,-5.6656,9.0295,0.0000,2.6973,0.0000,-9.1780,Left,0,0,0,0,143.205,0,0.000,ft_jnd,FrameTimeStutter,1,0,1,0,1,1,0.25,0.25,1.5,100,-10,100,1,5,250,40,5,250,50,1,6,11,0,0.06,4,0.05,50,8,4,2,2,100,144,5,5,300,1.05,1.05,6.0,2.0,10,6,6,-1,
5,P005,1,ft_jnd,FrameTimeStutter,1044,4.08992,3.4096,970.15,1159.13,0.000,0.000,970.15,1159.13,-5.6656,9.0295,0.0000,2.6973,0.0000,-8.3628,Left,0,0,0,0,143.205,0,0.000,ft_jnd,FrameTimeStutter,1,0,1,0,1,1,0.25,0.25,1.5,100,-10,100,1,5,250,40,5,250,50,1,6,11,0,0.06,4,0.05,50,8,4,2,2,100,144,5,5,300,1.05,1.05,6.0,2.0,10,6,6,-1,
5,P005,1,ft_jnd,FrameTimeStutter,1045,4.09412,4.2060,1017.71,1160.62,32.000,1.000,1017.71,1160.62,-4.7960,9.0566,0.0000,2.6973,0.0000,-8.3628,Left,0,0,0,0,143.205,0,0.000,ft_jnd,FrameTimeStutter,1,0,1,0,1,1,0.25,0.25,1.5,100,-10,100,1,5,250,40,5,250,50,1,6,11,0,0.06,4,0.05,50,8,4,2,2,100,144,5,5,300,1.05,1.05,6.0,2.0,10,6,6,-1,
5,P005,1,ft_jnd,FrameTimeStutter,1046,4.09721,3.0838,1017.71,1160.62,0.000,0.000,1017.71,1160.62,-4.7960,9.0566,0.0000,2.6973,0.0000,-7.4933,Left,0,0,0,0,143.205,0,0.000,ft_jnd,FrameTimeStutter,1,0,1,0,1,1,0.25,0.25,1.5,100,-10,100,1,5,250,40,5,250,50,1,6,11,0,0.06,4,0.05,50,8,4,2,2,100,144,5,5,300,1.05,1.05,6.0,2.0,10,6,6,-1,
5,P005,1,ft_jnd,FrameTimeStutter,1047,4.10109,3.8774,1059.32,1163.59,28.000,2.000,1059.32,1163.59,-4.0352,9.1110,0.0000,2.6973,0.0000,-7.4933,Left,0,0,0,0,143.205,0,0.000,ft_jnd,FrameTimeStutter,1,0,1,0,1,1,0.25,0.25,1.5,100,-10,100,1,5,250,40,5,250,50,1,6,11,0,0.06,4,0.05,50,8,4,2,2,100,144,5,5,300,1.05,1.05,6.0,2.0,10,6,6,-1,
5,P005,1,ft_jnd,FrameTimeStutter,1048,4.10453,3.4401,1059.32,1163.59,0.000,0.000,1059.32,1163.59,-4.0352,9.1110,0.0000,2.6973,0.0000,-6.7325,Left,0,0,0,0,143.205,0,0.000,ft_jnd,FrameTimeStutter,1,0,1,0,1,1,0.25,0.25,1.5,100,-10,100,1,5,250,40,5,250,50,1,6,11,0,0.06,4,0.05,50,8,4,2,2,100,144,5,5,300,1.05,1.05,6.0,2.0,10,6,6,-1,
5,P005,1,ft_jnd,FrameTimeStutter,1049,4.10795,3.4226,1108.36,1165.08,33.000,1.000,1108.36,1165.08,-3.1385,9.1381,0.0000,2.6973,0.0000,-6.7325,Left,0,0,0,0,143.205,0,0.000,ft_jnd,FrameTimeStutter,1,0,1,0,1,1,0.25,0.25,1.5,100,-10,100,1,5,250,40,5,250,50,1,6,11,0,0.06,4,0.05,50,8,4,2,2,100,144,5,5,300,1.05,1.05,6.0,2.0,10,6,6,-1,
5,P005,1,ft_jnd,FrameTimeStutter,1050,4.11186,3.9119,1108.36,1165.08,0.000,0.000,1108.36,1165.08,-3.1385,9.1381,0.0000,2.6973,0.0000,-5.8357,Left,0,0,0,0,143.205,0,0.000,ft_jnd,FrameTimeStutter,1,0,1,0,1,1,0.25,0.25,1.5,100,-10,100,1,5,250,40,5,250,50,1,6,11,0,0.06,4,0.05,50,8,4,2,2,100,144,5,5,300,1.05,1.05,6.0,2.0,10,6,6,-1,
5,P005,1,ft_jnd,FrameTimeStutter,1051,4.11493,3.0714,1154.43,1166.56,31.000,1.000,1154.43,1166.56,-2.2961,9.1653,0.0000,2.6973,0.0000,-5.8357,Left,0,0,0,0,143.205,0,0.000,ft_jnd,FrameTimeStutter,1,0,1,0,1,1,0.25,0.25,1.5,100,-10,100,1,5,250,40,5,250,50,1,6,11,0,0.06,4,0.05,50,8,4,2,2,100,144,5,5,300,1.05,1.05,6.0,2.0,10,6,6,-1,
5,P005,1,ft_jnd,FrameTimeStutter,1052,4.11871,3.7815,1154.43,1166.56,0.000,0.000,1154.43,1166.56,-2.2961,9.1653,0.0000,2.6973,0.0000,-4.9934,Left,0,0,0,0,143.205,0,0.000,ft_jnd,FrameTimeStutter,1,0,1,0,1,1,0.25,0.25,1.5,100,-10,100,1,5,250,40,5,250,50,1,6,11,0,0.06,4,0.05,50,8,4,2,2,100,144,5,5,300,1.05,1.05,6.0,2.0,10,6,6,-1,
5,P005,1,ft_jnd,FrameTimeStutter,1053,4.12177,3.0559,1154.43,1166.56,0.000,0.000,1154.43,1166.56,-2.2961,9.1653,0.0000,2.6973,0.0000,-4.9934,Left,0,0,0,0,143.205,0,0.000,ft_jnd,FrameTimeStutter,1,0,1,0,1,1,0.25,0.25,1.5,100,-10,100,1,5,250,40,5,250,50,1,6,11,0,0.06,4,0.05,50,8,4,2,2,100,144,5,5,300,1.05,1.05,6.0,2.0,10,6,6,-1,
5,P005,1,ft_jnd,FrameTimeStutter,1054,4.12552,3.7555,1201.98,1169.54,32.000,2.000,1201.98,1169.54,-1.4266,9.2197,0.0000,2.6973,0.0000,-4.9934,Left,0,0,0,0,143.205,0,0.000,ft_jnd,FrameTimeStutter,1,0,1,0,1,1,0.25,0.25,1.5,100,-10,100,1,5,250,40,5,250,50,1,6,11,0,0.06,4,0.05,50,8,4,2,2,100,144,5,5,300,1.05,1.05,6.0,2.0,10,6,6,-1,
5,P005,1,ft_jnd,FrameTimeStutter,1055,4.12881,3.2843,1201.98,1169.54,0.000,0.000,1201.98,1169.54,-1.4266,9.2197,0.0000,2.6973,0.0000,-4.1238,Left,0,0,0,0,143.205,0,0.000,ft_jnd,FrameTimeStutter,1,0,1,0,1,1,0.25,0.25,1.5,100,-10,100,1,5,250,40,5,250,50,1,6,11,0,0.06,4,0.05,50,8,4,2,2,100,144,5,5,300,1.05,1.05,6.0,2.0,10,6,6,-1,
5,P005,1,ft_jnd,FrameTimeStutter,1056,4.13254,3.7302,1243.59,1171.02,28.000,1.000,1243.59,1171.02,-0.6657,9.2468,0.0000,2.6973,0.0000,-4.1238,Left,0,0,0,0,143.205,0,0.000,ft_jnd,FrameTimeStutter,1,0,1,0,1,1,0.25,0.25,1.5,100,-10,100,1,5,250,40,5,250,50,1,6,11,0,0.06,4,0.05,50,8,4,2,2,100,144,5,5,300,1.05,1.05,6.0,2.0,10,6,6,-1,
5,P005,1,ft_jnd,FrameTimeStutter,1057,4.13600,3.4615,1243.59,1171.02,0.000,0.000,1243.59,1171.02,-0.6657,9.2468,0.0000,2.6973,0.0000,-3.3630,Left,0,0,0,0,143.205,0,0.000,ft_jnd,FrameTimeStutter,1,0,1,0,1,1,0.25,0.25,1.5,100,-10,100,1,5,250,40,5,250,50,1,6,11,0,0.06,4,0.05,50,8,4,2,2,100,144,5,5,300,1.05,1.05,6.0,2.0,10,6,6,-1,
5,P005,1,ft_jnd,FrameTimeStutter,1058,4.13954,3.5403,1286.69,1172.51,29.000,1.000,1286.69,1172.51,0.1223,9.2740,0.0000,2.6973,0.0000,-3.3630,Left,0,0,0,0,143.205,0,0.000,ft_jnd,FrameTimeStutter,1,0,1,0,1,1,0.25,0.25,1.5,100,-10,100,1,5,250,40,5,250,50,1,6,11,0,0.06,4,0.05,50,8,4,2,2,100,144,5,5,300,1.05,1.05,6.0,2.0,10,6,6,-1,
5,P005,1,ft_jnd,FrameTimeStutter,1059,4.14330,3.7633,1286.69,1172.51,0.000,0.000,1286.69,1172.51,0.1223,9.2740,0.0000,2.6973,0.0000,-2.5750,Left,0,0,0,0,143.205,0,0.000,ft_jnd,FrameTimeStutter,1,0,1,0,1,1,0.25,0.25,1.5,100,-10,100,1,5,250,40,5,250,50,1,6,11,0,0.06,4,0.05,50,8,4,2,2,100,144,5,5,300,1.05,1.05,6.0,2.0,10,6,6,-1,
5,P005,1,ft_jnd,FrameTimeStutter,1060,4.14690,3.5926,1286.69,1172.51,0.000,0.000,1286.69,1172.51,0.1223,9.2740,0.0000,2.6973,0.0000,-2.5750,Left,0,0,0,0,143.205,0,0.000,ft_jnd,FrameTimeStutter,1,0,1,0,1,1,0.25,0.25,1.5,100,-10,100,1,5,250,40,5,250,50,1,6,11,0,0.06,4,0.05,50,8,4,2,2,100,144,5,5,300,1.05,1.05,6.0,2.0,10,6,6,-1,
5,P005,1,ft_jnd,FrameTimeStutter,1061,4.15021,3.3097,1323.84,1173.99,25.000,1.000,1323.84,1173.99,0.8016,9.3012,0.0000,2.6973,0.0000,-2.5750,Left,0,0,0,0,143.205,0,0.000,ft_jnd,FrameTimeStutter,1,0,1,0,1,1,0.25,0.25,1.5,100,-10,100,1,5,250,40,5,250,50,1,6,11,0,0.06,4,0.05,50,8,4,2,2,100,144,5,5,300,1.05,1.05,6.0,2.0,10,6,6,-1,
5,P005,1,ft_jnd,FrameTimeStutter,1062,4.15394,3.7327,1323.84,1173.99,0.000,0.000,1323.84,1173.99,0.8016,9.3012,0.0000,2.6973,0.0000,-1.8956,Left,0,0,0,0,143.205,0,0.000,ft_jnd,FrameTimeStutter,1,0,1,0,1,1,0.25,0.25,1.5,100,-10,100,1,5,250,40,5,250,50,1,6,11,0,0.06,4,0.05,50,8,4,2,2,100,144,5,5,300,1.05,1.05,6.0,2.0,10,6,6,-1,
5,P005,1,ft_jnd,FrameTimeStutter,1063,4.15757,3.6316,1360.99,1173.99,25.000,0.000,1360.99,1173.99,1.4809,9.3012,0.0000,2.6973,0.0000,-1.8956,Left,0,0,0,0,143.205,0,0.000,ft_jnd,FrameTimeStutter,1,0,1,0,1,1,0.25,0.25,1.5,100,-10,100,1,5,250,40,5,250,50,1,6,11,0,0.06,4,0.05,50,8,4,2,2,100,144,5,5,300,1.05,1.05,6.0,2.0,10,6,6,-1,
5,P005,1,ft_jnd,FrameTimeStutter,1064,4.16119,3.6236,1360.99,1173.99,0.000,0.000,1360.99,1173.99,1.4809,9.3012,0.0000,2.6973,0.0000,-1.2163,Left,0,0,0,0,143.205,0,0.000,ft_jnd,FrameTimeStutter,1,0,1,0,1,1,0.25,0.25,1.5,100,-10,100,1,5,250,40,5,250,50,1,6,11,0,0.06,4,0.05,50,8,4,2,2,100,144,5,5,300,1.05,1.05,6.0,2.0,10,6,6,-1,
5,P005,1,ft_jnd,FrameTimeStutter,1065,4.16438,3.1867,1395.17,1175.48,23.000,1.000,1395.17,1175.48,2.1059,9.3283,0.0000,2.6973,0.0000,-1.2163,Left,0,0,0,0,143.205,0,0.000,ft_jnd,FrameTimeStutter,1,0,1,0,1,1,0.25,0.25,1.5,100,-10,100,1,5,250,40,5,250,50,1,6,11,0,0.06,4,0.05,50,8,4,2,2,100,144,5,5,300,1.05,1.05,6.0,2.0,10,6,6,-1,
5,P005,1,ft_jnd,FrameTimeStutter,1066,4.16811,3.7318,1395.17,1175.48,0.000,0.000,1395.17,1175.48,2.1059,9.3283,0.0000,2.6973,0.0000,-0.5913,Left,0,0,0,0,143.205,0,0.000,ft_jnd,FrameTimeStutter,1,0,1,0,1,1,0.25,0.25,1.5,100,-10,100,1,5,250,40,5,250,50,1,6,11,0,0.06,4,0.05,50,8,4,2,2,100,144,5,5,300,1.05,1.05,6.0,2.0,10,6,6,-1,
5,P005,1,ft_jnd,FrameTimeStutter,1067,4.17298,4.8713,1423.41,1175.48,19.000,0.000,1423.41,1175.48,2.6222,9.3283,0.0000,2.6973,0.0000,-0.5913,Left,0,0,0,0,143.205,0,0.000,ft_jnd,FrameTimeStutter,1,0,1,0,1,1,0.25,0.25,1.5,100,-10,100,1,5,250,40,5,250,50,1,6,11,0,0.06,4,0.05,50,8,4,2,2,100,144,5,5,300,1.05,1.05,6.0,2.0,10,6,6,-1,
5,P005,1,ft_jnd,FrameTimeStutter,1068,4.17662,3.6322,1423.41,1175.48,0.000,0.000,1423.41,1175.48,2.6222,9.3283,0.0000,2.6973,0.0000,-0.0750,Left,0,0,0,0,143.205,0,0.000,ft_jnd,FrameTimeStutter,1,0,1,0,1,1,0.25,0.25,1.5,100,-10,100,1,5,250,40,5,250,50,1,6,11,0,0.06,4,0.05,50,8,4,2,2,100,144,5,5,300,1.05,1.05,6.0,2.0,10,6,6,-1,
5,P005,1,ft_jnd,FrameTimeStutter,1069,4.18027,3.6578,1453.13,1175.48,20.000,0.000,1453.13,1175.48,3.1657,9.3283,0.0000,2.6973,0.0000,-0.0750,Left,0,0,0,0,143.205,0,0.000,ft_jnd,FrameTimeStutter,1,0,1,0,1,1,0.25,0.25,1.5,100,-10,100,1,5,250,40,5,250,50,1,6,11,0,0.06,4,0.05,50,8,4,2,2,100,144,5,5,300,1.05,1.05,6.0,2.0,10,6,6,-1,
5,P005,1,ft_jnd,FrameTimeStutter,1070,4.18376,3.4916,1453.13,1175.48,0.000,0.000,1453.13,1175.48,3.1657,9.3283,0.0000,2.6973,0.0000,0.4684,Right,0,0,0,0,143.205,1,143.205,ft_jnd,FrameTimeStutter,1,0,1,0,1,1,0.25,0.25,1.5,100,-10,100,1,5,250,40,5,250,50,1,6,11,0,0.06,4,0.05,50,8,4,2,2,100,144,5,5,300,1.05,1.05,6.0,2.0,10,6,6,-1,
5,P005,1,ft_jnd,FrameTimeStutter,1071,4.33130,147.5344,1854.37,1175.48,270.000,0.000,1854.37,1175.48,10.5024,9.3283,0.0000,2.6973,0.0000,0.4684,Right,0,0,0,0,143.205,0,0.000,ft_jnd,FrameTimeStutter,1,0,1,0,1,1,0.25,0.25,1.5,100,-10,100,1,5,250,40,5,250,50,1,6,11,0,0.06,4,0.05,50,8,4,2,2,100,144,5,5,300,1.05,1.05,6.0,2.0,10,6,6,-1,
5,P005,1,ft_jnd,FrameTimeStutter,1072,4.33507,3.7719,1854.37,1175.48,0.000,0.000,1854.37,1175.48,10.5024,9.3283,0.0000,2.6973,0.0000,7.8052,Right,0,0,0,0,143.205,0,0.000,ft_jnd,FrameTimeStutter,1,0,1,0,1,1,0.25,0.25,1.5,100,-10,100,1,5,250,40,5,250,50,1,6,11,0,0.06,4,0.05,50,8,4,2,2,100,144,5,5,300,1.05,1.05,6.0,2.0,10,6,6,-1,
5,P005,1,ft_jnd,FrameTimeStutter,1073,4.34018,5.1084,1869.23,1176.97,10.000,1.000,1869.23,1176.97,10.7742,9.3555,0.0000,2.6973,0.0000,7.8052,Right,0,0,0,0,143.205,0,0.000,ft_jnd,FrameTimeStutter,1,0,1,0,1,1,0.25,0.25,1.5,100,-10,100,1,5,250,40,5,250,50,1,6,11,0,0.06,4,0.05,50,8,4,2,2,100,144,5,5,300,1.05,1.05,6.0,2.0,10,6,6,-1,
5,P005,1,ft_jnd,FrameTimeStutter,1074,4.34357,3.3854,1869.23,1176.97,0.000,0.000,1869.23,1176.97,10.7742,9.3555,0.0000,2.6973,0.0000,8.0769,Right,0,0,0,0,143.205,0,0.000,ft_jnd,FrameTimeStutter,1,0,1,0,1,1,0.25,0.25,1.5,100,-10,100,1,5,250,40,5,250,50,1,6,11,0,0.06,4,0.05,50,8,4,2,2,100,144,5,5,300,1.05,1.05,6.0,2.0,10,6,6,-1,
5,P005,1,ft_jnd,FrameTimeStutter,1075,4.34679,3.2282,1869.23,1176.97,0.000,0.000,1869.23,1176.97,10.7742,9.3555,0.0000,2.6973,0.0000,8.0769,Right,0,0,0,0,143.205,0,0.000,ft_jnd,FrameTimeStutter,1,0,1,0,1,1,0.25,0.25,1.5,100,-10,100,1,5,250,40,5,250,50,1,6,11,0,0.06,4,0.05,50,8,4,2,2,100,144,5,5,300,1.05,1.05,6.0,2.0,10,6,6,-1,
5,P005,1,ft_jnd,FrameTimeStutter,1076,4.34995,3.1576,1881.12,1176.97,8.000,0.000,1881.12,1176.97,10.9915,9.3555,0.0000,2.6973,0.0000,8.0769,Right,0,0,0,0,143.205,0,0.000,ft_jnd,FrameTimeStutter,1,0,1,0,1,1,0.25,0.25,1.5,100,-10,100,1,5,250,40,5,250,50,1,6,11,0,0.06,4,0.05,50,8,4,2,2,100,144,5,5,300,1.05,1.05,6.0,2.0,10,6,6,-1,
5,P005,1,ft_jnd,FrameTimeStutter,1077,4.35345,3.5018,1881.12,1176.97,0.000,0.000,1881.12,1176.97,10.9915,9.3555,0.0000,2.6973,0.0000,8.2943,Right,0,0,0,0,143.205,0,0.000,ft_jnd,FrameTimeStutter,1,0,1,0,1,1,0.25,0.25,1.5,100,-10,100,1,5,250,40,5,250,50,1,6,11,0,0.06,4,0.05,50,8,4,2,2,100,144,5,5,300,1.05,1.05,6.0,2.0,10,6,6,-1,
5,P005,1,ft_jnd,FrameTimeStutter,1078,4.35684,3.3910,1891.52,1176.97,7.000,0.000,1891.52,1176.97,11.1818,9.3555,0.0000,2.6973,0.0000,8.2943,Right,0,0,0,0,143.205,0,0.000,ft_jnd,FrameTimeStutter,1,0,1,0,1,1,0.25,0.25,1.5,100,-10,100,1,5,250,40,5,250,50,1,6,11,0,0.06,4,0.05,50,8,4,2,2,100,144,5,5,300,1.05,1.05,6.0,2.0,10,6,6,-1,
5,P005,1,ft_jnd,FrameTimeStutter,1079,4.36060,3.7518,1891.52,1176.97,0.000,0.000,1891.52,1176.97,11.1818,9.3555,0.0000,2.6973,0.0000,8.4845,Right,0,0,0,0,143.205,0,0.000,ft_jnd,FrameTimeStutter,1,0,1,0,1,1,0.25,0.25,1.5,100,-10,100,1,5,250,40,5,250,50,1,6,11,0,0.06,4,0.05,50,8,4,2,2,100,144,5,5,300,1.05,1.05,6.0,2.0,10,6,6,-1,
5,P005,1,ft_jnd,FrameTimeStutter,1080,4.36370,3.1026,1901.92,1176.97,7.000,0.000,1901.92,1176.97,11.3720,9.3555,0.0000,2.6973,0.0000,8.4845,Right,0,0,0,0,143.205,0,0.000,ft_jnd,FrameTimeStutter,1,0,1,0,1,1,0.25,0.25,1.5,100,-10,100,1,5,250,40,5,250,50,1,6,11,0,0.06,4,0.05,50,8,4,2,2,100,144,5,5,300,1.05,1.05,6.0,2.0,10,6,6,-1,
5,P005,1,ft_jnd,FrameTimeStutter,1081,4.36743,3.7354,1901.92,1176.97,0.000,0.000,1901.92,1176.97,11.3720,9.3555,0.0000,2.6973,0.0000,8.6747,Right,0,0,0,0,143.205,0,0.000,ft_jnd,FrameTimeStutter,1,0,1,0,1,1,0.25,0.25,1.5,100,-10,100,1,5,250,40,5,250,50,1,6,11,0,0.06,4,0.05,50,8,4,2,2,100,144,5,5,300,1.05,1.05,6.0,2.0,10,6,6,-1,
5,P005,1,ft_jnd,FrameTimeStutter,1082,4.37143,3.9977,1910.84,1178.45,6.000,1.000,1910.84,1178.45,11.5350,9.3827,0.0000,2.6973,0.0000,8.6747,Right,0,0,0,0,143.205,0,0.000,ft_jnd,FrameTimeStutter,1,0,1,0,1,1,0.25,0.25,1.5,100,-10,100,1,5,250,40,5,250,50,1,6,11,0,0.06,4,0.05,50,8,4,2,2,100,144,5,5,300,1.05,1.05,6.0,2.0,10,6,6,-1,
5,P005,1,ft_jnd,FrameTimeStutter,1083,4.37433,2.8993,1910.84,1178.45,0.000,0.000,1910.84,1178.45,11.5350,9.3827,0.0000,2.6973,0.0000,8.8377,Right,0,0,0,0,143.205,0,0.000,ft_jnd,FrameTimeStutter,1,0,1,0,1,1,0.25,0.25,1.5,100,-10,100,1,5,250,40,5,250,50,1,6,11,0,0.06,4,0.05,50,8,4,2,2,100,144,5,5,300,1.05,1.05,6.0,2.0,10,6,6,-1,
5,P005,1,ft_jnd,FrameTimeStutter,1084,4.37846,4.1276,1910.84,1178.45,0.000,0.000,1910.84,1178.45,11.5350,9.3827,0.0000,2.6973,0.0000,8.8377,Right,0,0,0,0,143.205,0,0.000,ft_jnd,FrameTimeStutter,1,0,1,0,1,1,0.25,0.25,1.5,100,-10,100,1,5,250,40,5,250,50,1,6,11,0,0.06,4,0.05,50,8,4,2,2,100,144,5,5,300,1.05,1.05,6.0,2.0,10,6,6,-1,
5,P005,1,ft_jnd,FrameTimeStutter,1085,4.38178,3.3217,1918.27,1178.45,5.000,0.000,1918.27,1178.45,11.6709,9.3826,0.0000,2.6973,0.0000,8.8377,Right,0,0,0,0,143.205,0,0.000,ft_jnd,FrameTimeStutter,1,0,1,0,1,1,0.25,0.25,1.5,100,-10,100,1,5,250,40,5,250,50,1,6,11,0,0.06,4,0.05,50,8,4,2,2,100,144,5,5,300,1.05,1.05,6.0,2.0,10,6,6,-1,
5,P005,1,ft_jnd,FrameTimeStutter,1086,4.38556,3.7811,1918.27,1178.45,0.000,0.000,1918.27,1178.45,11.6709,9.3826,0.0000,2.6973,0.0000,8.9736,Right,0,0,0,0,143.205,0,0.000,ft_jnd,FrameTimeStutter,1,0,1,0,1,1,0.25,0.25,1.5,100,-10,100,1,5,250,40,5,250,50,1,6,11,0,0.06,4,0.05,50,8,4,2,2,100,144,5,5,300,1.05,1.05,6.0,2.0,10,6,6,-1,
5,P005,1,ft_jnd,FrameTimeStutter,1087,4.38911,3.5498,1924.21,1178.45,4.000,0.000,1924.21,1178.45,11.7796,9.3826,0.0000,2.6973,0.0000,8.9736,Right,0,0,0,0,143.205,0,0.000,ft_jnd,FrameTimeStutter,1,0,1,0,1,1,0.25,0.25,1.5,100,-10,100,1,5,250,40,5,250,50,1,6,11,0,0.06,4,0.05,50,8,4,2,2,100,144,5,5,300,1.05,1.05,6.0,2.0,10,6,6,-1,
5,P005,1,ft_jnd,FrameTimeStutter,1088,4.39187,2.7587,1924.21,1178.45,0.000,0.000,1924.21,1178.45,11.7796,9.3826,0.0000,2.6973,0.0000,9.0823,Right,0,0,0,0,143.205,0,0.000,ft_jnd,FrameTimeStutter,1,0,1,0,1,1,0.25,0.25,1.5,100,-10,100,1,5,250,40,5,250,50,1,6,11,0,0.06,4,0.05,50,8,4,2,2,100,144,5,5,300,1.05,1.05,6.0,2.0,10,6,6,-1,
5,P005,1,ft_jnd,FrameTimeStutter,1089,4.39538,3.5128,1924.21,1178.45,3.000,0.000,1924.21,1178.45,11.7796,9.3826,0.0000,2.6973,0.0000,9.0823,Right,0,0,0,0,143.205,0,0.000,ft_jnd,FrameTimeStutter,1,0,1,0,1,1,0.25,0.25,1.5,100,-10,100,1,5,250,40,5,250,50,1,6,11,0,0.06,4,0.05,50,8,4,2,2,100,144,5,5,300,1.05,1.05,6.0,2.0,10,6,6,-1,
5,P005,1,ft_jnd,FrameTimeStutter,1090,4.39875,3.3651,1928.67,1178.45,0.000,0.000,1928.67,1178.45,11.8611,9.3826,0.0000,2.6973,0.0000,9.0823,Right,0,0,0,0,143.205,0,0.000,ft_jnd,FrameTimeStutter,1,0,1,0,1,1,0.25,0.25,1.5,100,-10,100,1,5,250,40,5,250,50,1,6,11,0,0.06,4,0.05,50,8,4,2,2,100,144,5,5,300,1.05,1.05,6.0,2.0,10,6,6,-1,
5,P005,1,ft_jnd,FrameTimeStutter,1091,4.40239,3.6420,1928.67,1178.45,0.000,0.000,1928.67,1178.45,11.8611,9.3826,0.0000,2.6973,0.0000,9.1638,Right,0,0,0,0,143.205,0,0.000,ft_jnd,FrameTimeStutter,1,0,1,0,1,1,0.25,0.25,1.5,100,-10,100,1,5,250,40,5,250,50,1,6,11,0,0.06,4,0.05,50,8,4,2,2,100,144,5,5,300,1.05,1.05,6.0,2.0,10,6,6,-1,
5,P005,1,ft_jnd,FrameTimeStutter,1092,4.40582,3.4328,1933.13,1178.45,3.000,0.000,1933.13,1178.45,11.9426,9.3826,0.0000,2.6973,0.0000,9.1638,Right,0,0,0,0,143.205,0,0.000,ft_jnd,FrameTimeStutter,1,0,1,0,1,1,0.25,0.25,1.5,100,-10,100,1,5,250,40,5,250,50,1,6,11,0,0.06,4,0.05,50,8,4,2,2,100,144,5,5,300,1.05,1.05,6.0,2.0,10,6,6,-1,
5,P005,1,ft_jnd,FrameTimeStutter,1093,4.40958,3.7565,1933.13,1178.45,0.000,0.000,1933.13,1178.45,11.9426,9.3826,0.0000,2.6973,0.0000,9.2453,Right,0,0,0,0,143.205,0,0.000,ft_jnd,FrameTimeStutter,1,0,1,0,1,1,0.25,0.25,1.5,100,-10,100,1,5,250,40,5,250,50,1,6,11,0,0.06,4,0.05,50,8,4,2,2,100,144,5,5,300,1.05,1.05,6.0,2.0,10,6,6,-1,
5,P005,1,ft_jnd,FrameTimeStutter,1094,4.41274,3.1586,1936.10,1178.45,2.000,0.000,1936.10,1178.45,11.9969,9.3826,0.0000,2.6973,0.0000,9.2453,Right,0,0,0,0,143.205,0,0.000,ft_jnd,FrameTimeStutter,1,0,1,0,1,1,0.25,0.25,1.5,100,-10,100,1,5,250,40,5,250,50,1,6,11,0,0.06,4,0.05,50,8,4,2,2,100,144,5,5,300,1.05,1.05,6.0,2.0,10,6,6,-1,
5,P005,1,ft_jnd,FrameTimeStutter,1095,4.41653,3.7940,1936.10,1178.45,0.000,0.000,1936.10,1178.45,11.9969,9.3826,0.0000,2.6973,0.0000,9.2997,Right,0,0,0,0,143.205,0,0.000,ft_jnd,FrameTimeStutter,1,0,1,0,1,1,0.25,0.25,1.5,100,-10,100,1,5,250,40,5,250,50,1,6,11,0,0.06,4,0.05,50,8,4,2,2,100,144,5,5,300,1.05,1.05,6.0,2.0,10,6,6,-1,
5,P005,1,ft_jnd,FrameTimeStutter,1096,4.42015,3.6228,1939.07,1178.45,2.000,0.000,1939.07,1178.45,12.0513,9.3826,0.0000,2.6973,0.0000,9.2997,Right,0,0,0,0,143.205,0,0.000,ft_jnd,FrameTimeStutter,1,0,1,0,1,1,0.25,0.25,1.5,100,-10,100,1,5,250,40,5,250,50,1,6,11,0,0.06,4,0.05,50,8,4,2,2,100,144,5,5,300,1.05,1.05,6.0,2.0,10,6,6,-1,
5,P005,1,ft_jnd,FrameTimeStutter,1097,4.42298,2.8279,1939.07,1178.45,0.000,0.000,1939.07,1178.45,12.0513,9.3826,0.0000,2.6973,0.0000,9.3540,Right,0,0,0,0,143.205,0,0.000,ft_jnd,FrameTimeStutter,1,0,1,0,1,1,0.25,0.25,1.5,100,-10,100,1,5,250,40,5,250,50,1,6,11,0,0.06,4,0.05,50,8,4,2,2,100,144,5,5,300,1.05,1.05,6.0,2.0,10,6,6,-1,
5,P005,1,ft_jnd,FrameTimeStutter,1098,4.42742,4.4397,1939.07,1178.45,0.000,0.000,1939.07,1178.45,12.0513,9.3826,0.0000,2.6973,0.0000,9.3540,Right,0,0,0,0,143.205,0,0.000,ft_jnd,FrameTimeStutter,1,0,1,0,1,1,0.25,0.25,1.5,100,-10,100,1,5,250,40,5,250,50,1,6,11,0,0.06,4,0.05,50,8,4,2,2,100,144,5,5,300,1.05,1.05,6.0,2.0,10,6,6,-1,
5,P005,1,ft_jnd,FrameTimeStutter,1099,4.43072,3.2989,1940.56,1178.45,1.000,0.000,1940.56,1178.45,12.0785,9.3826,0.0000,2.6973,0.0000,9.3540,Right,0,0,0,0,143.205,0,0.000,ft_jnd,FrameTimeStutter,1,0,1,0,1,1,0.25,0.25,1.5,100,-10,100,1,5,250,40,5,250,50,1,6,11,0,0.06,4,0.05,50,8,4,2,2,100,144,5,5,300,1.05,1.05,6.0,2.0,10,6,6,-1,
5,P005,1,ft_jnd,FrameTimeStutter,1100,4.43456,3.8365,1940.56,1178.45,0.000,0.000,1940.56,1178.45,12.0785,9.3826,0.0000,2.6973,0.0000,9.3812,Right,0,0,0,0,143.205,0,0.000,ft_jnd,FrameTimeStutter,1,0,1,0,1,1,0.25,0.25,1.5,100,-10,100,1,5,250,40,5,250,50,1,6,11,0,0.06,4,0.05,50,8,4,2,2,100,144,5,5,300,1.05,1.05,6.0,2.0,10,6,6,-1,
5,P005,1,ft_jnd,FrameTimeStutter,1101,4.43813,3.5743,1942.04,1178.45,1.000,0.000,1942.04,1178.45,12.1056,9.3826,0.0000,2.6973,0.0000,9.3812,Right,0,0,0,0,143.205,0,0.000,ft_jnd,FrameTimeStutter,1,0,1,0,1,1,0.25,0.25,1.5,100,-10,100,1,5,250,40,5,250,50,1,6,11,0,0.06,4,0.05,50,8,4,2,2,100,144,5,5,300,1.05,1.05,6.0,2.0,10,6,6,-1,
5,P005,1,ft_jnd,FrameTimeStutter,1102,4.44108,2.9509,1942.04,1178.45,0.000,0.000,1942.04,1178.45,12.1056,9.3826,0.0000,2.6973,0.0000,9.4084,Right,0,0,0,0,143.205,0,0.000,ft_jnd,FrameTimeStutter,1,0,1,0,1,1,0.25,0.25,1.5,100,-10,100,1,5,250,40,5,250,50,1,6,11,0,0.06,4,0.05,50,8,4,2,2,100,144,5,5,300,1.05,1.05,6.0,2.0,10,6,6,-1,
5,P005,1,ft_jnd,FrameTimeStutter,1103,4.44541,4.3262,1943.53,1178.45,1.000,0.000,1943.53,1178.45,12.1328,9.3826,0.0000,2.6973,0.0000,9.4084,Right,0,0,0,0,143.205,0,0.000,ft_jnd,FrameTimeStutter,1,0,1,0,1,1,0.25,0.25,1.5,100,-10,100,1,5,250,40,5,250,50,1,6,11,0,0.06,4,0.05,50,8,4,2,2,100,144,5,5,300,1.05,1.05,6.0,2.0,10,6,6,-1,
5,P005,1,ft_jnd,FrameTimeStutter,1104,4.44852,3.1111,1943.53,1178.45,0.000,0.000,1943.53,1178.45,12.1328,9.3826,0.0000,2.6973,0.0000,9.4355,Right,0,0,0,0,143.205,0,0.000,ft_jnd,FrameTimeStutter,1,0,1,0,1,1,0.25,0.25,1.5,100,-10,100,1,5,250,40,5,250,50,1,6,11,0,0.06,4,0.05,50,8,4,2,2,100,144,5,5,300,1.05,1.05,6.0,2.0,10,6,6,-1,
5,P005,1,ft_jnd,FrameTimeStutter,1105,4.45272,4.2055,1945.02,1178.45,1.000,0.000,1945.02,1178.45,12.1600,9.3826,0.0000,2.6973,0.0000,9.4355,Right,0,0,0,0,143.205,0,0.000,ft_jnd,FrameTimeStutter,1,0,1,0,1,1,0.25,0.25,1.5,100,-10,100,1,5,250,40,5,250,50,1,6,11,0,0.06,4,0.05,50,8,4,2,2,100,144,5,5,300,1.05,1.05,6.0,2.0,10,6,6,-1,
5,P005,1,ft_jnd,FrameTimeStutter,1106,4.45633,3.6031,1945.02,1178.45,0.000,0.000,1945.02,1178.45,12.1600,9.3826,0.0000,2.6973,0.0000,9.4627,Right,0,0,0,0,143.205,0,0.000,ft_jnd,FrameTimeStutter,1,0,1,0,1,1,0.25,0.25,1.5,100,-10,100,1,5,250,40,5,250,50,1,6,11,0,0.06,4,0.05,50,8,4,2,2,100,144,5,5,300,1.05,1.05,6.0,2.0,10,6,6,-1,
5,P005,1,ft_jnd,FrameTimeStutter,1107,4.45946,3.1359,1946.50,1178.45,1.000,0.000,1946.50,1178.45,12.1871,9.3826,0.0000,2.6973,0.0000,9.4627,Right,0,0,0,0,143.205,0,0.000,ft_jnd,FrameTimeStutter,1,0,1,0,1,1,0.25,0.25,1.5,100,-10,100,1,5,250,40,5,250,50,1,6,11,0,0.06,4,0.05,50,8,4,2,2,100,144,5,5,300,1.05,1.05,6.0,2.0,10,6,6,-1,
5,P005,1,ft_jnd,FrameTimeStutter,1108,4.46363,4.1657,1946.50,1178.45,0.000,0.000,1946.50,1178.45,12.1871,9.3826,0.0000,2.6973,0.0000,9.4899,Right,0,0,0,0,143.205,0,0.000,ft_jnd,FrameTimeStutter,1,0,1,0,1,1,0.25,0.25,1.5,100,-10,100,1,5,250,40,5,250,50,1,6,11,0,0.06,4,0.05,50,8,4,2,2,100,144,5,5,300,1.05,1.05,6.0,2.0,10,6,6,-1,
5,P005,1,ft_jnd,FrameTimeStutter,1109,4.46674,3.1119,1946.50,1178.45,0.000,0.000,1946.50,1178.45,12.1871,9.3826,0.0000,2.6973,0.0000,9.4899,Right,0,0,0,0,143.205,0,0.000,ft_jnd,FrameTimeStutter,1,0,1,0,1,1,0.25,0.25,1.5,100,-10,100,1,5,250,40,5,250,50,1,6,11,0,0.06,4,0.05,50,8,4,2,2,100,144,5,5,300,1.05,1.05,6.0,2.0,10,6,6,-1,
5,P005,1,ft_jnd,FrameTimeStutter,1110,4.47143,4.6911,1946.50,1178.45,0.000,0.000,1946.50,1178.45,12.1871,9.3826,0.0000,2.6973,0.0000,9.4899,Right,0,0,0,0,143.205,0,0.000,ft_jnd,FrameTimeStutter,1,0,1,0,1,1,0.25,0.25,1.5,100,-10,100,1,5,250,40,5,250,50,1,6,11,0,0.06,4,0.05,50,8,4,2,2,100,144,5,5,300,1.05,1.05,6.0,2.0,10,6,6,-1,
5,P005,1,ft_jnd,FrameTimeStutter,1111,4.47538,3.9437,1946.50,1178.45,0.000,0.000,1946.50,1178.45,12.1871,9.3826,0.0000,2.6973,0.0000,9.4899,Right,0,0,0,0,143.205,0,0.000,ft_jnd,FrameTimeStutter,1,0,1,0,1,1,0.25,0.25,1.5,100,-10,100,1,5,250,40,5,250,50,1,6,11,0,0.06,4,0.05,50,8,4,2,2,100,144,5,5,300,1.05,1.05,6.0,2.0,10,6,6,-1,
5,P005,1,ft_jnd,FrameTimeStutter,1112,4.47845,3.0716,1946.50,1178.45,0.000,0.000,1946.50,1178.45,12.1871,9.3826,0.0000,2.6973,0.0000,9.4899,Right,0,0,0,0,143.205,0,0.000,ft_jnd,FrameTimeStutter,1,0,1,0,1,1,0.25,0.25,1.5,100,-10,100,1,5,250,40,5,250,50,1,6,11,0,0.06,4,0.05,50,8,4,2,2,100,144,5,5,300,1.05,1.05,6.0,2.0,10,6,6,-1,
5,P005,1,ft_jnd,FrameTimeStutter,1113,4.48227,3.8168,1946.50,1178.45,0.000,0.000,1946.50,1178.45,12.1871,9.3826,0.0000,2.6973,0.0000,9.4899,Right,0,0,0,0,143.205,0,0.000,ft_jnd,FrameTimeStutter,1,0,1,0,1,1,0.25,0.25,1.5,100,-10,100,1,5,250,40,5,250,50,1,6,11,0,0.06,4,0.05,50,8,4,2,2,100,144,5,5,300,1.05,1.05,6.0,2.0,10,6,6,-1,
5,P005,1,ft_jnd,FrameTimeStutter,1114,4.48549,3.2278,1946.50,1178.45,0.000,0.000,1946.50,1178.45,12.1871,9.3826,0.0000,2.6973,0.0000,9.4899,Right,0,0,0,0,143.205,0,0.000,ft_jnd,FrameTimeStutter,1,0,1,0,1,1,0.25,0.25,1.5,100,-10,100,1,5,250,40,5,250,50,1,6,11,0,0.06,4,0.05,50,8,4,2,2,100,144,5,5,300,1.05,1.05,6.0,2.0,10,6,6,-1,
5,P005,1,ft_jnd,FrameTimeStutter,1115,4.48854,3.0458,1946.50,1178.45,0.000,0.000,1946.50,1178.45,12.1871,9.3826,0.0000,2.6973,0.0000,9.4899,Right,0,0,0,0,143.205,0,0.000,ft_jnd,FrameTimeStutter,1,0,1,0,1,1,0.25,0.25,1.5,100,-10,100,1,5,250,40,5,250,50,1,6,11,0,0.06,4,0.05,50,8,4,2,2,100,144,5,5,300,1.05,1.05,6.0,2.0,10,6,6,-1,
5,P005,1,ft_jnd,FrameTimeStutter,1116,4.49244,3.8985,1947.99,1178.45,1.000,0.000,1947.99,1178.45,12.2143,9.3826,0.0000,2.6973,0.0000,9.4899,Right,0,0,0,0,143.205,0,0.000,ft_jnd,FrameTimeStutter,1,0,1,0,1,1,0.25,0.25,1.5,100,-10,100,1,5,250,40,5,250,50,1,6,11,0,0.06,4,0.05,50,8,4,2,2,100,144,5,5,300,1.05,1.05,6.0,2.0,10,6,6,-1,
5,P005,1,ft_jnd,FrameTimeStutter,1117,4.49512,2.6850,1947.99,1178.45,0.000,0.000,1947.99,1178.45,12.2143,9.3826,0.0000,2.6973,0.0000,9.5171,Right,0,0,0,0,143.205,0,0.000,ft_jnd,FrameTimeStutter,1,0,1,0,1,1,0.25,0.25,1.5,100,-10,100,1,5,250,40,5,250,50,1,6,11,0,0.06,4,0.05,50,8,4,2,2,100,144,5,5,300,1.05,1.05,6.0,2.0,10,6,6,-1,
5,P005,1,ft_jnd,FrameTimeStutter,1118,4.49943,4.3079,1947.99,1178.45,0.000,0.000,1947.99,1178.45,12.2143,9.3826,0.0000,2.6973,0.0000,9.5171,Right,0,0,0,0,143.205,0,0.000,ft_jnd,FrameTimeStutter,1,0,1,0,1,1,0.25,0.25,1.5,100,-10,100,1,5,250,40,5,250,50,1,6,11,0,0.06,4,0.05,50,8,4,2,2,100,144,5,5,300,1.05,1.05,6.0,2.0,10,6,6,-1,
5,P005,1,ft_jnd,FrameTimeStutter,1119,4.50268,3.2520,1949.47,1178.45,1.000,0.000,1949.47,1178.45,12.2415,9.3826,0.0000,2.6973,0.0000,9.5171,Right,0,0,0,0,143.205,0,0.000,ft_jnd,FrameTimeStutter,1,0,1,0,1,1,0.25,0.25,1.5,100,-10,100,1,5,250,40,5,250,50,1,6,11,0,0.06,4,0.05,50,8,4,2,2,100,144,5,5,300,1.05,1.05,6.0,2.0,10,6,6,-1,
5,P005,1,ft_jnd,FrameTimeStutter,1120,4.50675,4.0650,1949.47,1178.45,0.000,0.000,1949.47,1178.45,12.2415,9.3826,0.0000,2.6973,0.0000,9.5442,Right,0,0,0,0,143.205,0,0.000,ft_jnd,FrameTimeStutter,1,0,1,0,1,1,0.25,0.25,1.5,100,-10,100,1,5,250,40,5,250,50,1,6,11,0,0.06,4,0.05,50,8,4,2,2,100,144,5,5,300,1.05,1.05,6.0,2.0,10,6,6,-1,
5,P005,1,ft_jnd,FrameTimeStutter,1121,4.50988,3.1372,1950.96,1178.45,1.000,0.000,1950.96,1178.45,12.2687,9.3826,0.0000,2.6973,0.0000,9.5442,Right,0,0,0,0,143.205,0,0.000,ft_jnd,FrameTimeStutter,1,0,1,0,1,1,0.25,0.25,1.5,100,-10,100,1,5,250,40,5,250,50,1,6,11,0,0.06,4,0.05,50,8,4,2,2,100,144,5,5,300,1.05,1.05,6.0,2.0,10,6,6,-1,
5,P005,1,ft_jnd,FrameTimeStutter,1122,4.51390,4.0138,1950.96,1178.45,0.000,0.000,1950.96,1178.45,12.2687,9.3826,0.0000,2.6973,0.0000,9.5714,Right,0,0,0,0,143.205,0,0.000,ft_jnd,FrameTimeStutter,1,0,1,0,1,1,0.25,0.25,1.5,100,-10,100,1,5,250,40,5,250,50,1,6,11,0,0.06,4,0.05,50,8,4,2,2,100,144,5,5,300,1.05,1.05,6.0,2.0,10,6,6,-1,
5,P005,1,ft_jnd,FrameTimeStutter,1123,4.51769,3.7875,1955.42,1178.45,3.000,0.000,1955.42,1178.45,12.3502,9.3826,0.0000,2.6973,0.0000,9.5714,Right,0,0,0,0,143.205,0,0.000,ft_jnd,FrameTimeStutter,1,0,1,0,1,1,0.25,0.25,1.5,100,-10,100,1,5,250,40,5,250,50,1,6,11,0,0.06,4,0.05,50,8,4,2,2,100,144,5,5,300,1.05,1.05,6.0,2.0,10,6,6,-1,
5,P005,1,ft_jnd,FrameTimeStutter,1124,4.52080,3.1168,1955.42,1178.45,0.000,0.000,1955.42,1178.45,12.3502,9.3826,0.0000,2.6973,0.0000,9.6529,Right,0,0,0,0,143.205,0,0.000,ft_jnd,FrameTimeStutter,1,0,1,0,1,1,0.25,0.25,1.5,100,-10,100,1,5,250,40,5,250,50,1,6,11,0,0.06,4,0.05,50,8,4,2,2,100,144,5,5,300,1.05,1.05,6.0,2.0,10,6,6,-1,
5,P005,1,ft_jnd,FrameTimeStutter,1125,4.52486,4.0556,1959.88,1178.45,3.000,0.000,1959.88,1178.45,12.4317,9.3826,0.0000,2.6973,0.0000,9.6529,Right,0,0,0,0,143.205,0,0.000,ft_jnd,FrameTimeStutter,1,0,1,0,1,1,0.25,0.25,1.5,100,-10,100,1,5,250,40,5,250,50,1,6,11,0,0.06,4,0.05,50,8,4,2,2,100,144,5,5,300,1.05,1.05,6.0,2.0,10,6,6,-1,
5,P005,1,ft_jnd,FrameTimeStutter,1126,4.52795,3.0950,1959.88,1178.45,0.000,0.000,1959.88,1178.45,12.4317,9.3826,0.0000,2.6973,0.0000,9.7344,Right,0,0,0,0,143.205,0,0.000,ft_jnd,FrameTimeStutter,1,0,1,0,1,1,0.25,0.25,1.5,100,-10,100,1,5,250,40,5,250,50,1,6,11,0,0.06,4,0.05,50,8,4,2,2,100,144,5,5,300,1.05,1.05,6.0,2.0,10,6,6,-1,
5,P005,1,ft_jnd,FrameTimeStutter,1127,4.53172,3.7694,1965.82,1178.45,4.000,0.000,1965.82,1178.45,12.5404,9.3826,0.0000,2.6973,0.0000,9.7344,Right,0,0,0,0,143.205,0,0.000,ft_jnd,FrameTimeStutter,1,0,1,0,1,1,0.25,0.25,1.5,100,-10,100,1,5,250,40,5,250,50,1,6,11,0,0.06,4,0.05,50,8,4,2,2,100,144,5,5,300,1.05,1.05,6.0,2.0,10,6,6,-1,
5,P005,1,ft_jnd,FrameTimeStutter,1128,4.53568,3.9594,1965.82,1178.45,0.000,0.000,1965.82,1178.45,12.5404,9.3826,0.0000,2.6973,0.0000,9.8431,Right,0,0,0,0,143.205,0,0.000,ft_jnd,FrameTimeStutter,1,0,1,0,1,1,0.25,0.25,1.5,100,-10,100,1,5,250,40,5,250,50,1,6,11,0,0.06,4,0.05,50,8,4,2,2,100,144,5,5,300,1.05,1.05,6.0,2.0,10,6,6,-1,
5,P005,1,ft_jnd,FrameTimeStutter,1129,4.53881,3.1289,1965.82,1178.45,0.000,0.000,1965.82,1178.45,12.5404,9.3826,0.0000,2.6973,0.0000,9.8431,Right,0,0,0,0,143.205,0,0.000,ft_jnd,FrameTimeStutter,1,0,1,0,1,1,0.25,0.25,1.5,100,-10,100,1,5,250,40,5,250,50,1,6,11,0,0.06,4,0.05,50,8,4,2,2,100,144,5,5,300,1.05,1.05,6.0,2.0,10,6,6,-1,
5,P005,1,ft_jnd,FrameTimeStutter,1130,4.54269,3.8806,1970.28,1178.45,3.000,0.000,1970.28,1178.45,12.6219,9.3826,0.0000,2.6973,0.0000,9.8431,Right,0,0,0,0,143.205,0,0.000,ft_jnd,FrameTimeStutter,1,0,1,0,1,1,0.25,0.25,1.5,100,-10,100,1,5,250,40,5,250,50,1,6,11,0,0.06,4,0.05,50,8,4,2,2,100,144,5,5,300,1.05,1.05,6.0,2.0,10,6,6,-1,
5,P005,1,ft_jnd,FrameTimeStutter,1131,4.54617,3.4746,1970.28,1178.45,0.000,0.000,1970.28,1178.45,12.6219,9.3826,0.0000,2.6973,0.0000,9.9247,Right,0,0,0,0,143.205,0,0.000,ft_jnd,FrameTimeStutter,1,0,1,0,1,1,0.25,0.25,1.5,100,-10,100,1,5,250,40,5,250,50,1,6,11,0,0.06,4,0.05,50,8,4,2,2,100,144,5,5,300,1.05,1.05,6.0,2.0,10,6,6,-1,
5,P005,1,ft_jnd,FrameTimeStutter,1132,4.55006,3.8986,1974.74,1178.45,3.000,0.000,1974.74,1178.45,12.7034,9.3826,0.0000,2.6973,0.0000,9.9247,Right,0,0,0,0,143.205,0,0.000,ft_jnd,FrameTimeStutter,1,0,1,0,1,1,0.25,0.25,1.5,100,-10,100,1,5,250,40,5,250,50,1,6,11,0,0.06,4,0.05,50,8,4,2,2,100,144,5,5,300,1.05,1.05,6.0,2.0,10,6,6,-1,
5,P005,1,ft_jnd,FrameTimeStutter,1133,4.55356,3.4995,1974.74,1178.45,0.000,0.000,1974.74,1178.45,12.7034,9.3826,0.0000,2.6973,0.0000,10.0062,Right,0,0,0,0,143.205,0,0.000,ft_jnd,FrameTimeStutter,1,0,1,0,1,1,0.25,0.25,1.5,100,-10,100,1,5,250,40,5,250,50,1,6,11,0,0.06,4,0.05,50,8,4,2,2,100,144,5,5,300,1.05,1.05,6.0,2.0,10,6,6,-1,
5,P005,1,ft_jnd,FrameTimeStutter,1134,4.55683,3.2666,1977.71,1178.45,2.000,0.000,1977.71,1178.45,12.7578,9.3826,0.0000,2.6973,0.0000,10.0062,Right,0,0,0,0,143.205,0,0.000,ft_jnd,FrameTimeStutter,1,0,1,0,1,1,0.25,0.25,1.5,100,-10,100,1,5,250,40,5,250,50,1,6,11,0,0.06,4,0.05,50,8,4,2,2,100,144,5,5,300,1.05,1.05,6.0,2.0,10,6,6,-1,
5,P005,1,ft_jnd,FrameTimeStutter,1135,4.56072,3.8864,1977.71,1178.45,0.000,0.000,1977.71,1178.45,12.7578,9.3826,0.0000,2.6973,0.0000,10.0605,Right,0,0,0,0,143.205,0,0.000,ft_jnd,FrameTimeStutter,1,0,1,0,1,1,0.25,0.25,1.5,100,-10,100,1,5,250,40,5,250,50,1,6,11,0,0.06,4,0.05,50,8,4,2,2,100,144,5,5,300,1.05,1.05,6.0,2.0,10,6,6,-1,
5,P005,1,ft_jnd,FrameTimeStutter,1136,4.56414,3.4186,1980.68,1178.45,2.000,0.000,1980.68,1178.45,12.8121,9.3826,0.0000,2.6973,0.0000,10.0605,Right,0,0,0,0,143.205,0,0.000,ft_jnd,FrameTimeStutter,1,0,1,0,1,1,0.25,0.25,1.5,100,-10,100,1,5,250,40,5,250,50,1,6,11,0,0.06,4,0.05,50,8,4,2,2,100,144,5,5,300,1.05,1.05,6.0,2.0,10,6,6,-1,
5,P005,1,ft_jnd,FrameTimeStutter,1137,4.56788,3.7451,1980.68,1178.45,0.000,0.000,1980.68,1178.45,12.8121,9.3826,0.0000,2.6973,0.0000,10.1149,Right,0,0,0,0,143.205,0,0.000,ft_jnd,FrameTimeStutter,1,0,1,0,1,1,0.25,0.25,1.5,100,-10,100,1,5,250,40,5,250,50,1,6,11,0,0.06,4,0.05,50,8,4,2,2,100,144,5,5,300,1.05,1.05,6.0,2.0,10,6,6,-1,
5,P005,1,ft_jnd,FrameTimeStutter,1138,4.57150,3.6240,1982.17,1178.45,1.000,0.000,1982.17,1178.45,12.8393,9.3826,0.0000,1.3166,0.0000,10.1149,Right,0,0,0,0,143.205,0,0.000,ft_jnd,FrameTimeStutter,1,0,1,0,1,1,0.25,0.25,1.5,100,-10,100,1,5,250,40,5,250,50,1,6,11,0,0.06,4,0.05,50,8,4,2,2,100,144,5,5,300,1.05,1.05,6.0,2.0,10,6,6,-1,
5,P005,1,ft_jnd,FrameTimeStutter,1139,4.58805,16.5449,1985.14,1178.45,2.000,0.000,1985.14,1178.45,12.8936,9.3826,0.0000,1.3166,0.0000,11.5227,Right,0,0,0,0,143.205,0,0.000,ft_jnd,FrameTimeStutter,1,0,1,0,1,1,0.25,0.25,1.5,100,-10,100,1,5,250,40,5,250,50,1,6,11,0,0.06,4,0.05,50,8,4,2,2,100,144,5,5,300,1.05,1.05,6.0,2.0,10,6,6,-1,
5,P005,1,ft_jnd,FrameTimeStutter,1140,4.59243,4.3811,1985.14,1178.45,0.000,0.000,1985.14,1178.45,12.8936,9.3826,0.0000,1.3166,0.0000,11.5770,Right,0,0,0,0,143.205,0,0.000,ft_jnd,FrameTimeStutter,1,0,1,0,1,1,0.25,0.25,1.5,100,-10,100,1,5,250,40,5,250,50,1,6,11,0,0.06,4,0.05,50,8,4,2,2,100,144,5,5,300,1.05,1.05,6.0,2.0,10,6,6,-1,
5,P005,1,ft_jnd,FrameTimeStutter,1141,4.59697,4.5434,1985.14,1178.45,0.000,0.000,1985.14,1178.45,12.8936,9.3826,0.0000,1.3166,0.0000,11.5770,Right,0,0,0,0,143.205,0,0.000,ft_jnd,FrameTimeStutter,1,0,1,0,1,1,0.25,0.25,1.5,100,-10,100,1,5,250,40,5,250,50,1,6,11,0,0.06,4,0.05,50,8,4,2,2,100,144,5,5,300,1.05,1.05,6.0,2.0,10,6,6,-1,
5,P005,1,ft_jnd,FrameTimeStutter,1142,4.60093,3.9610,1985.14,1178.45,0.000,0.000,1985.14,1178.45,12.8936,9.3826,0.0000,1.3166,0.0000,11.5770,Right,0,0,0,0,143.205,0,0.000,ft_jnd,FrameTimeStutter,1,0,1,0,1,1,0.25,0.25,1.5,100,-10,100,1,5,250,40,5,250,50,1,6,11,0,0.06,4,0.05,50,8,4,2,2,100,144,5,5,300,1.05,1.05,6.0,2.0,10,6,6,-1,
5,P005,1,ft_jnd,FrameTimeStutter,1143,4.60532,4.3885,1985.14,1178.45,0.000,0.000,1985.14,1178.45,12.8936,9.3826,0.0000,1.3166,0.0000,11.5770,Right,0,0,0,0,143.205,0,0.000,ft_jnd,FrameTimeStutter,1,0,1,0,1,1,0.25,0.25,1.5,100,-10,100,1,5,250,40,5,250,50,1,6,11,0,0.06,4,0.05,50,8,4,2,2,100,144,5,5,300,1.05,1.05,6.0,2.0,10,6,6,-1,
5,P005,1,ft_jnd,FrameTimeStutter,1144,4.60962,4.3003,1985.14,1178.45,0.000,0.000,1985.14,1178.45,12.8936,9.3826,0.0000,1.3166,0.0000,11.5770,Right,0,0,0,0,143.205,0,0.000,ft_jnd,FrameTimeStutter,1,0,1,0,1,1,0.25,0.25,1.5,100,-10,100,1,5,250,40,5,250,50,1,6,11,0,0.06,4,0.05,50,8,4,2,2,100,144,5,5,300,1.05,1.05,6.0,2.0,10,6,6,-1,
5,P005,1,ft_jnd,FrameTimeStutter,1145,4.61397,4.3467,1985.14,1178.45,0.000,0.000,1985.14,1178.45,12.8936,9.3826,0.0000,1.3166,0.0000,11.5770,Right,0,0,0,0,143.205,0,0.000,ft_jnd,FrameTimeStutter,1,0,1,0,1,1,0.25,0.25,1.5,100,-10,100,1,5,250,40,5,250,50,1,6,11,0,0.06,4,0.05,50,8,4,2,2,100,144,5,5,300,1.05,1.05,6.0,2.0,10,6,6,-1,
5,P005,1,ft_jnd,FrameTimeStutter,1146,4.61682,2.8526,1985.14,1178.45,0.000,0.000,1985.14,1178.45,12.8936,9.3826,0.0000,1.3166,0.0000,11.5770,Right,0,0,0,0,143.205,0,0.000,ft_jnd,FrameTimeStutter,1,0,1,0,1,1,0.25,0.25,1.5,100,-10,100,1,5,250,40,5,250,50,1,6,11,0,0.06,4,0.05,50,8,4,2,2,100,144,5,5,300,1.05,1.05,6.0,2.0,10,6,6,-1,
5,P005,1,ft_jnd,FrameTimeStutter,1147,4.62076,3.9385,1985.14,1178.45,0.000,0.000,1985.14,1178.45,12.8936,9.3826,0.0000,1.3166,0.0000,11.5770,Right,0,0,0,0,143.205,0,0.000,ft_jnd,FrameTimeStutter,1,0,1,0,1,1,0.25,0.25,1.5,100,-10,100,1,5,250,40,5,250,50,1,6,11,0,0.06,4,0.05,50,8,4,2,2,100,144,5,5,300,1.05,1.05,6.0,2.0,10,6,6,-1,
5,P005,1,ft_jnd,FrameTimeStutter,1148,4.62475,3.9880,1985.14,1178.45,0.000,0.000,1985.14,1178.45,12.8936,9.3826,0.0000,1.3166,0.0000,11.5770,Right,0,0,0,0,143.205,0,0.000,ft_jnd,FrameTimeStutter,1,0,1,0,1,1,0.25,0.25,1.5,100,-10,100,1,5,250,40,5,250,50,1,6,11,0,0.06,4,0.05,50,8,4,2,2,100,144,5,5,300,1.05,1.05,6.0,2.0,10,6,6,-1,
5,P005,1,ft_jnd,FrameTimeStutter,1149,4.62926,4.5126,1985.14,1178.45,0.000,0.000,1985.14,1178.45,12.8936,9.3826,0.0000,1.3166,0.0000,11.5770,Right,0,0,0,0,143.205,0,0.000,ft_jnd,FrameTimeStutter,1,0,1,0,1,1,0.25,0.25,1.5,100,-10,100,1,5,250,40,5,250,50,1,6,11,0,0.06,4,0.05,50,8,4,2,2,100,144,5,5,300,1.05,1.05,6.0,2.0,10,6,6,-1,
5,P005,1,ft_jnd,FrameTimeStutter,1150,4.63381,4.5466,1985.14,1178.45,0.000,0.000,1985.14,1178.45,12.8936,9.3826,0.0000,1.3166,0.0000,11.5770,Right,0,0,0,0,143.205,0,0.000,ft_jnd,FrameTimeStutter,1,0,1,0,1,1,0.25,0.25,1.5,100,-10,100,1,5,250,40,5,250,50,1,6,11,0,0.06,4,0.05,50,8,4,2,2,100,144,5,5,300,1.05,1.05,6.0,2.0,10,6,6,-1,
5,P005,1,ft_jnd,FrameTimeStutter,1151,4.63797,4.1575,1985.14,1178.45,0.000,0.000,1985.14,1178.45,12.8936,9.3826,0.0000,1.3166,0.0000,11.5770,Right,0,0,0,0,143.205,0,0.000,ft_jnd,FrameTimeStutter,1,0,1,0,1,1,0.25,0.25,1.5,100,-10,100,1,5,250,40,5,250,50,1,6,11,0,0.06,4,0.05,50,8,4,2,2,100,144,5,5,300,1.05,1.05,6.0,2.0,10,6,6,-1,
5,P005,1,ft_jnd,FrameTimeStutter,1152,4.64283,4.8637,1985.14,1178.45,0.000,0.000,1985.14,1178.45,12.8936,9.3826,0.0000,1.3166,0.0000,11.5770,Right,0,0,0,0,143.205,0,0.000,ft_jnd,FrameTimeStutter,1,0,1,0,1,1,0.25,0.25,1.5,100,-10,100,1,5,250,40,5,250,50,1,6,11,0,0.06,4,0.05,50,8,4,2,2,100,144,5,5,300,1.05,1.05,6.0,2.0,10,6,6,-1,
5,P005,1,ft_jnd,FrameTimeStutter,1153,4.64717,4.3425,1985.14,1178.45,0.000,0.000,1985.14,1178.45,12.8936,9.3826,0.0000,1.3166,0.0000,11.5770,Right,0,0,0,0,143.205,0,0.000,ft_jnd,FrameTimeStutter,1,0,1,0,1,1,0.25,0.25,1.5,100,-10,100,1,5,250,40,5,250,50,1,6,11,0,0.06,4,0.05,50,8,4,2,2,100,144,5,5,300,1.05,1.05,6.0,2.0,10,6,6,-1,
5,P005,1,ft_jnd,FrameTimeStutter,1154,4.65162,4.4520,1985.14,1178.45,0.000,0.000,1985.14,1178.45,12.8936,9.3826,0.0000,1.3166,0.0000,11.5770,Right,0,0,0,0,143.205,0,0.000,ft_jnd,FrameTimeStutter,1,0,1,0,1,1,0.25,0.25,1.5,100,-10,100,1,5,250,40,5,250,50,1,6,11,0,0.06,4,0.05,50,8,4,2,2,100,144,5,5,300,1.05,1.05,6.0,2.0,10,6,6,-1,
5,P005,1,ft_jnd,FrameTimeStutter,1155,4.65578,4.1533,1985.14,1178.45,0.000,0.000,1985.14,1178.45,12.8936,9.3826,0.0000,1.3166,0.0000,11.5770,Right,0,0,0,0,143.205,0,0.000,ft_jnd,FrameTimeStutter,1,0,1,0,1,1,0.25,0.25,1.5,100,-10,100,1,5,250,40,5,250,50,1,6,11,0,0.06,4,0.05,50,8,4,2,2,100,144,5,5,300,1.05,1.05,6.0,2.0,10,6,6,-1,
5,P005,1,ft_jnd,FrameTimeStutter,1156,4.66035,4.5769,1985.14,1178.45,0.000,0.000,1985.14,1178.45,12.8936,9.3826,0.0000,1.3166,0.0000,11.5770,Right,0,0,0,0,143.205,0,0.000,ft_jnd,FrameTimeStutter,1,0,1,0,1,1,0.25,0.25,1.5,100,-10,100,1,5,250,40,5,250,50,1,6,11,0,0.06,4,0.05,50,8,4,2,2,100,144,5,5,300,1.05,1.05,6.0,2.0,10,6,6,-1,
5,P005,1,ft_jnd,FrameTimeStutter,1157,4.66489,4.5348,1985.14,1178.45,0.000,0.000,1985.14,1178.45,12.8936,9.3826,0.0000,1.3166,0.0000,11.5770,Right,0,0,0,0,143.205,0,0.000,ft_jnd,FrameTimeStutter,1,0,1,0,1,1,0.25,0.25,1.5,100,-10,100,1,5,250,40,5,250,50,1,6,11,0,0.06,4,0.05,50,8,4,2,2,100,144,5,5,300,1.05,1.05,6.0,2.0,10,6,6,-1,
5,P005,1,ft_jnd,FrameTimeStutter,1158,4.66961,4.7251,1985.14,1178.45,0.000,0.000,1985.14,1178.45,12.8936,9.3826,0.0000,1.3166,0.0000,11.5770,Right,0,0,0,0,143.205,0,0.000,ft_jnd,FrameTimeStutter,1,0,1,0,1,1,0.25,0.25,1.5,100,-10,100,1,5,250,40,5,250,50,1,6,11,0,0.06,4,0.05,50,8,4,2,2,100,144,5,5,300,1.05,1.05,6.0,2.0,10,6,6,-1,
5,P005,1,ft_jnd,FrameTimeStutter,1159,4.67371,4.0998,1985.14,1178.45,0.000,0.000,1985.14,1178.45,12.8936,9.3826,0.0000,1.3166,0.0000,11.5770,Right,0,0,0,0,143.205,0,0.000,ft_jnd,FrameTimeStutter,1,0,1,0,1,1,0.25,0.25,1.5,100,-10,100,1,5,250,40,5,250,50,1,6,11,0,0.06,4,0.05,50,8,4,2,2,100,144,5,5,300,1.05,1.05,6.0,2.0,10,6,6,-1,
5,P005,1,ft_jnd,FrameTimeStutter,1160,4.67726,3.5452,1985.14,1178.45,0.000,0.000,1985.14,1178.45,12.8936,9.3826,0.0000,1.3166,0.0000,11.5770,Right,0,0,0,0,143.205,0,0.000,ft_jnd,FrameTimeStutter,1,0,1,0,1,1,0.25,0.25,1.5,100,-10,100,1,5,250,40,5,250,50,1,6,11,0,0.06,4,0.05,50,8,4,2,2,100,144,5,5,300,1.05,1.05,6.0,2.0,10,6,6,-1,
5,P005,1,ft_jnd,FrameTimeStutter,1161,4.68204,4.7767,1985.14,1178.45,0.000,0.000,1985.14,1178.45,12.8936,9.3826,0.0000,1.3166,0.0000,11.5770,Right,0,0,0,0,143.205,0,0.000,ft_jnd,FrameTimeStutter,1,0,1,0,1,1,0.25,0.25,1.5,100,-10,100,1,5,250,40,5,250,50,1,6,11,0,0.06,4,0.05,50,8,4,2,2,100,144,5,5,300,1.05,1.05,6.0,2.0,10,6,6,-1,
5,P005,1,ft_jnd,FrameTimeStutter,1162,4.68516,3.1196,1985.14,1178.45,0.000,0.000,1985.14,1178.45,12.8936,9.3826,0.0000,1.3166,0.0000,11.5770,Right,0,0,0,0,143.205,0,0.000,ft_jnd,FrameTimeStutter,1,0,1,0,1,1,0.25,0.25,1.5,100,-10,100,1,5,250,40,5,250,50,1,6,11,0,0.06,4,0.05,50,8,4,2,2,100,144,5,5,300,1.05,1.05,6.0,2.0,10,6,6,-1,
5,P005,1,ft_jnd,FrameTimeStutter,1163,4.68961,4.4576,1985.14,1178.45,0.000,0.000,1985.14,1178.45,12.8936,9.3826,0.0000,1.3166,0.0000,11.5770,Right,0,0,0,0,143.205,0,0.000,ft_jnd,FrameTimeStutter,1,0,1,0,1,1,0.25,0.25,1.5,100,-10,100,1,5,250,40,5,250,50,1,6,11,0,0.06,4,0.05,50,8,4,2,2,100,144,5,5,300,1.05,1.05,6.0,2.0,10,6,6,-1,
5,P005,1,ft_jnd,FrameTimeStutter,1164,4.69413,4.5120,1985.14,1178.45,0.000,0.000,1985.14,1178.45,12.8936,9.3826,0.0000,1.3166,0.0000,11.5770,Right,0,0,0,0,143.205,0,0.000,ft_jnd,FrameTimeStutter,1,0,1,0,1,1,0.25,0.25,1.5,100,-10,100,1,5,250,40,5,250,50,1,6,11,0,0.06,4,0.05,50,8,4,2,2,100,144,5,5,300,1.05,1.05,6.0,2.0,10,6,6,-1,
5,P005,1,ft_jnd,FrameTimeStutter,1165,4.69867,4.5428,1985.14,1178.45,0.000,0.000,1985.14,1178.45,12.8936,9.3826,0.0000,1.3166,0.0000,11.5770,Right,0,0,0,0,143.205,0,0.000,ft_jnd,FrameTimeStutter,1,0,1,0,1,1,0.25,0.25,1.5,100,-10,100,1,5,250,40,5,250,50,1,6,11,0,0.06,4,0.05,50,8,4,2,2,100,144,5,5,300,1.05,1.05,6.0,2.0,10,6,6,-1,
5,P005,1,ft_jnd,FrameTimeStutter,1166,4.70278,4.1129,1985.14,1178.45,0.000,0.000,1985.14,1178.45,12.8936,9.3826,0.0000,1.3166,0.0000,11.5770,Right,0,0,0,0,143.205,0,0.000,ft_jnd,FrameTimeStutter,1,0,1,0,1,1,0.25,0.25,1.5,100,-10,100,1,5,250,40,5,250,50,1,6,11,0,0.06,4,0.05,50,8,4,2,2,100,144,5,5,300,1.05,1.05,6.0,2.0,10,6,6,-1,
5,P005,1,ft_jnd,FrameTimeStutter,1167,4.70737,4.5888,1985.14,1178.45,0.000,0.000,1985.14,1178.45,12.8936,9.3826,0.0000,1.3166,0.0000,11.5770,Right,0,0,0,0,143.205,0,0.000,ft_jnd,FrameTimeStutter,1,0,1,0,1,1,0.25,0.25,1.5,100,-10,100,1,5,250,40,5,250,50,1,6,11,0,0.06,4,0.05,50,8,4,2,2,100,144,5,5,300,1.05,1.05,6.0,2.0,10,6,6,-1,
5,P005,1,ft_jnd,FrameTimeStutter,1168,4.71088,3.5098,1985.14,1178.45,0.000,0.000,1985.14,1178.45,12.8936,9.3826,0.0000,1.3166,0.0000,11.5770,Right,1,1,0,0,174.615,0,0.000,ft_jnd,FrameTimeStutter,1,0,1,0,1,1,0.25,0.25,1.5,100,-10,100,1,5,250,40,5,250,50,1,6,11,0,0.06,4,0.05,50,8,4,2,2,100,144,5,5,300,1.05,1.05,6.0,2.0,10,6,6,-1,
5,P005,1,ft_jnd,FrameTimeStutter,1169,4.71971,8.8274,1985.14,1178.45,0.000,0.000,1985.14,1178.45,12.8936,9.3826,0.0000,1.3166,0.0000,11.5770,Right,1,0,0,0,174.615,0,0.000,ft_jnd,FrameTimeStutter,1,0,1,0,1,1,0.25,0.25,1.5,100,-10,100,1,5,250,40,5,250,50,1,6,11,0,0.06,4,0.05,50,8,4,2,2,100,144,5,5,300,1.05,1.05,6.0,2.0,10,6,6,-1,
5,P005,1,ft_jnd,FrameTimeStutter,1170,4.72513,5.4247,1985.14,1178.45,0.000,0.000,1985.14,1178.45,12.8936,9.3826,0.0000,1.3166,0.0000,11.5770,Right,1,0,0,0,174.615,0,0.000,ft_jnd,FrameTimeStutter,1,0,1,0,1,1,0.25,0.25,1.5,100,-10,100,1,5,250,40,5,250,50,1,6,11,0,0.06,4,0.05,50,8,4,2,2,100,144,5,5,300,1.05,1.05,6.0,2.0,10,6,6,-1,
5,P005,1,ft_jnd,FrameTimeStutter,1171,4.72968,4.5484,1985.14,1178.45,0.000,0.000,1985.14,1178.45,12.8936,9.3826,0.0000,1.3166,0.0000,11.5770,Right,1,0,0,0,174.615,0,0.000,ft_jnd,FrameTimeStutter,1,0,1,0,1,1,0.25,0.25,1.5,100,-10,100,1,5,250,40,5,250,50,1,6,11,0,0.06,4,0.05,50,8,4,2,2,100,144,5,5,300,1.05,1.05,6.0,2.0,10,6,6,-1,
5,P005,1,ft_jnd,FrameTimeStutter,1172,4.73371,4.0303,1985.14,1178.45,0.000,0.000,1985.14,1178.45,12.8936,9.3826,0.0000,1.3166,0.0000,11.5770,Right,1,0,0,0,174.615,0,0.000,ft_jnd,FrameTimeStutter,1,0,1,0,1,1,0.25,0.25,1.5,100,-10,100,1,5,250,40,5,250,50,1,6,11,0,0.06,4,0.05,50,8,4,2,2,100,144,5,5,300,1.05,1.05,6.0,2.0,10,6,6,-1,
5,P005,1,ft_jnd,FrameTimeStutter,1173,4.73852,4.8061,1985.14,1178.45,0.000,0.000,1985.14,1178.45,12.8936,9.3826,0.0000,1.3166,0.0000,11.5770,Right,1,0,0,0,174.615,0,0.000,ft_jnd,FrameTimeStutter,1,0,1,0,1,1,0.25,0.25,1.5,100,-10,100,1,5,250,40,5,250,50,1,6,11,0,0.06,4,0.05,50,8,4,2,2,100,144,5,5,300,1.05,1.05,6.0,2.0,10,6,6,-1,
5,P005,1,ft_jnd,FrameTimeStutter,1174,4.74300,4.4812,1985.14,1178.45,0.000,0.000,1985.14,1178.45,12.8936,9.3826,0.0000,1.3166,0.0000,11.5770,Right,1,0,0,0,174.615,0,0.000,ft_jnd,FrameTimeStutter,1,0,1,0,1,1,0.25,0.25,1.5,100,-10,100,1,5,250,40,5,250,50,1,6,11,0,0.06,4,0.05,50,8,4,2,2,100,144,5,5,300,1.05,1.05,6.0,2.0,10,6,6,-1,
5,P005,1,ft_jnd,FrameTimeStutter,1175,4.74698,3.9817,1985.14,1178.45,0.000,0.000,1985.14,1178.45,12.8936,9.3826,0.0000,1.3166,0.0000,11.5770,Right,1,0,0,0,174.615,0,0.000,ft_jnd,FrameTimeStutter,1,0,1,0,1,1,0.25,0.25,1.5,100,-10,100,1,5,250,40,5,250,50,1,6,11,0,0.06,4,0.05,50,8,4,2,2,100,144,5,5,300,1.05,1.05,6.0,2.0,10,6,6,-1,
5,P005,1,ft_jnd,FrameTimeStutter,1176,4.75102,4.0355,1985.14,1178.45,0.000,0.000,1985.14,1178.45,12.8936,9.3826,0.0000,1.3166,0.0000,11.5770,Right,1,0,0,0,174.615,0,0.000,ft_jnd,FrameTimeStutter,1,0,1,0,1,1,0.25,0.25,1.5,100,-10,100,1,5,250,40,5,250,50,1,6,11,0,0.06,4,0.05,50,8,4,2,2,100,144,5,5,300,1.05,1.05,6.0,2.0,10,6,6,-1,
5,P005,1,ft_jnd,FrameTimeStutter,1177,4.75528,4.2694,1985.14,1178.45,0.000,0.000,1985.14,1178.45,12.8936,9.3826,0.0000,1.3166,0.0000,11.5770,Right,1,0,0,0,174.615,0,0.000,ft_jnd,FrameTimeStutter,1,0,1,0,1,1,0.25,0.25,1.5,100,-10,100,1,5,250,40,5,250,50,1,6,11,0,0.06,4,0.05,50,8,4,2,2,100,144,5,5,300,1.05,1.05,6.0,2.0,10,6,6,-1,
5,P005,1,ft_jnd,FrameTimeStutter,1178,4.75948,4.1930,1985.14,1178.45,0.000,0.000,1985.14,1178.45,12.8936,9.3826,0.0000,1.3166,0.0000,11.5770,Right,1,0,0,0,174.615,0,0.000,ft_jnd,FrameTimeStutter,1,0,1,0,1,1,0.25,0.25,1.5,100,-10,100,1,5,250,40,5,250,50,1,6,11,0,0.06,4,0.05,50,8,4,2,2,100,144,5,5,300,1.05,1.05,6.0,2.0,10,6,6,-1,
5,P005,1,ft_jnd,FrameTimeStutter,1179,4.76343,3.9574,1985.14,1178.45,0.000,0.000,1985.14,1178.45,12.8936,9.3826,0.0000,1.3166,0.0000,11.5770,Right,1,0,0,0,174.615,0,0.000,ft_jnd,FrameTimeStutter,1,0,1,0,1,1,0.25,0.25,1.5,100,-10,100,1,5,250,40,5,250,50,1,6,11,0,0.06,4,0.05,50,8,4,2,2,100,144,5,5,300,1.05,1.05,6.0,2.0,10,6,6,-1,
5,P005,1,ft_jnd,FrameTimeStutter,1180,4.76795,4.5145,1985.14,1178.45,0.000,0.000,1985.14,1178.45,12.8936,9.3826,0.0000,1.3166,0.0000,11.5770,Right,1,0,0,0,174.615,0,0.000,ft_jnd,FrameTimeStutter,1,0,1,0,1,1,0.25,0.25,1.5,100,-10,100,1,5,250,40,5,250,50,1,6,11,0,0.06,4,0.05,50,8,4,2,2,100,144,5,5,300,1.05,1.05,6.0,2.0,10,6,6,-1,
5,P005,1,ft_jnd,FrameTimeStutter,1181,4.77253,4.5831,1985.14,1178.45,0.000,0.000,1985.14,1178.45,12.8936,9.3826,0.0000,1.3166,0.0000,11.5770,Right,1,0,0,0,174.615,0,0.000,ft_jnd,FrameTimeStutter,1,0,1,0,1,1,0.25,0.25,1.5,100,-10,100,1,5,250,40,5,250,50,1,6,11,0,0.06,4,0.05,50,8,4,2,2,100,144,5,5,300,1.05,1.05,6.0,2.0,10,6,6,-1,
5,P005,1,ft_jnd,FrameTimeStutter,1182,4.77674,4.2056,1985.14,1178.45,0.000,0.000,1985.14,1178.45,12.8936,9.3826,0.0000,1.3166,0.0000,11.5770,Right,1,0,0,0,174.615,0,0.000,ft_jnd,FrameTimeStutter,1,0,1,0,1,1,0.25,0.25,1.5,100,-10,100,1,5,250,40,5,250,50,1,6,11,0,0.06,4,0.05,50,8,4,2,2,100,144,5,5,300,1.05,1.05,6.0,2.0,10,6,6,-1,
5,P005,1,ft_jnd,FrameTimeStutter,1183,4.78156,4.8267,1985.14,1178.45,0.000,0.000,1985.14,1178.45,12.8936,9.3826,0.0000,1.3166,0.0000,11.5770,Right,1,0,0,0,174.615,0,0.000,ft_jnd,FrameTimeStutter,1,0,1,0,1,1,0.25,0.25,1.5,100,-10,100,1,5,250,40,5,250,50,1,6,11,0,0.06,4,0.05,50,8,4,2,2,100,144,5,5,300,1.05,1.05,6.0,2.0,10,6,6,-1,
5,P005,1,ft_jnd,FrameTimeStutter,1184,4.78639,4.8214,1985.14,1178.45,0.000,0.000,1985.14,1178.45,12.8936,9.3826,0.0000,1.3166,0.0000,11.5770,Right,1,0,0,0,174.615,0,0.000,ft_jnd,FrameTimeStutter,1,0,1,0,1,1,0.25,0.25,1.5,100,-10,100,1,5,250,40,5,250,50,1,6,11,0,0.06,4,0.05,50,8,4,2,2,100,144,5,5,300,1.05,1.05,6.0,2.0,10,6,6,-1,
5,P005,1,ft_jnd,FrameTimeStutter,1185,4.79139,5.0022,1985.14,1178.45,0.000,0.000,1985.14,1178.45,12.8936,9.3826,0.0000,1.3166,0.0000,11.5770,Right,1,0,0,0,174.615,0,0.000,ft_jnd,FrameTimeStutter,1,0,1,0,1,1,0.25,0.25,1.5,100,-10,100,1,5,250,40,5,250,50,1,6,11,0,0.06,4,0.05,50,8,4,2,2,100,144,5,5,300,1.05,1.05,6.0,2.0,10,6,6,-1,
5,P005,1,ft_jnd,FrameTimeStutter,1186,4.79630,4.9145,1985.14,1178.45,0.000,0.000,1985.14,1178.45,12.8936,9.3826,0.0000,1.3166,0.0000,11.5770,Right,1,0,0,0,174.615,0,0.000,ft_jnd,FrameTimeStutter,1,0,1,0,1,1,0.25,0.25,1.5,100,-10,100,1,5,250,40,5,250,50,1,6,11,0,0.06,4,0.05,50,8,4,2,2,100,144,5,5,300,1.05,1.05,6.0,2.0,10,6,6,-1,
5,P005,1,ft_jnd,FrameTimeStutter,1187,4.80368,7.3817,1985.14,1178.45,0.000,0.000,1985.14,1178.45,12.8936,9.3826,0.0000,1.3166,0.0000,11.5770,Right,1,0,0,0,174.615,0,0.000,ft_jnd,FrameTimeStutter,1,0,1,0,1,1,0.25,0.25,1.5,100,-10,100,1,5,250,40,5,250,50,1,6,11,0,0.06,4,0.05,50,8,4,2,2,100,144,5,5,300,1.05,1.05,6.0,2.0,10,6,6,-1,
5,P005,1,ft_jnd,FrameTimeStutter,1188,4.80864,4.9529,1985.14,1178.45,0.000,0.000,1985.14,1178.45,12.8936,9.3826,0.0000,1.3166,0.0000,11.5770,Right,1,0,0,0,174.615,0,0.000,ft_jnd,FrameTimeStutter,1,0,1,0,1,1,0.25,0.25,1.5,100,-10,100,1,5,250,40,5,250,50,1,6,11,0,0.06,4,0.05,50,8,4,2,2,100,144,5,5,300,1.05,1.05,6.0,2.0,10,6,6,-1,
5,P005,1,ft_jnd,FrameTimeStutter,1189,4.81363,4.9895,1985.14,1178.45,0.000,0.000,1985.14,1178.45,12.8936,9.3826,0.0000,1.3166,0.0000,11.5770,Right,1,0,0,0,174.615,0,0.000,ft_jnd,FrameTimeStutter,1,0,1,0,1,1,0.25,0.25,1.5,100,-10,100,1,5,250,40,5,250,50,1,6,11,0,0.06,4,0.05,50,8,4,2,2,100,144,5,5,300,1.05,1.05,6.0,2.0,10,6,6,-1,
5,P005,1,ft_jnd,FrameTimeStutter,1190,4.81822,4.5904,1985.14,1178.45,0.000,0.000,1985.14,1178.45,12.8936,9.3826,0.0000,1.3166,0.0000,11.5770,Right,1,0,0,0,174.615,0,0.000,ft_jnd,FrameTimeStutter,1,0,1,0,1,1,0.25,0.25,1.5,100,-10,100,1,5,250,40,5,250,50,1,6,11,0,0.06,4,0.05,50,8,4,2,2,100,144,5,5,300,1.05,1.05,6.0,2.0,10,6,6,-1,
5,P005,1,ft_jnd,FrameTimeStutter,1191,4.82299,4.7747,1985.14,1178.45,0.000,0.000,1985.14,1178.45,12.8936,9.3826,0.0000,1.3166,0.0000,11.5770,Right,1,0,0,0,174.615,0,0.000,ft_jnd,FrameTimeStutter,1,0,1,0,1,1,0.25,0.25,1.5,100,-10,100,1,5,250,40,5,250,50,1,6,11,0,0.06,4,0.05,50,8,4,2,2,100,144,5,5,300,1.05,1.05,6.0,2.0,10,6,6,-1,
5,P005,1,ft_jnd,FrameTimeStutter,1192,4.82754,4.5522,1985.14,1178.45,0.000,0.000,1985.14,1178.45,12.8936,9.3826,0.0000,1.3166,0.0000,11.5770,Right,1,0,0,0,174.615,0,0.000,ft_jnd,FrameTimeStutter,1,0,1,0,1,1,0.25,0.25,1.5,100,-10,100,1,5,250,40,5,250,50,1,6,11,0,0.06,4,0.05,50,8,4,2,2,100,144,5,5,300,1.05,1.05,6.0,2.0,10,6,6,-1,
5,P005,1,ft_jnd,FrameTimeStutter,1193,4.83194,4.3917,1985.14,1178.45,0.000,0.000,1985.14,1178.45,12.8936,9.3826,0.0000,1.3166,0.0000,11.5770,Right,1,0,0,0,174.615,0,0.000,ft_jnd,FrameTimeStutter,1,0,1,0,1,1,0.25,0.25,1.5,100,-10,100,1,5,250,40,5,250,50,1,6,11,0,0.06,4,0.05,50,8,4,2,2,100,144,5,5,300,1.05,1.05,6.0,2.0,10,6,6,-1,
5,P005,1,ft_jnd,FrameTimeStutter,1194,4.83623,4.2900,1985.14,1178.45,0.000,0.000,1985.14,1178.45,12.8936,9.3826,0.0000,1.3166,0.0000,11.5770,Right,1,0,0,0,174.615,0,0.000,ft_jnd,FrameTimeStutter,1,0,1,0,1,1,0.25,0.25,1.5,100,-10,100,1,5,250,40,5,250,50,1,6,11,0,0.06,4,0.05,50,8,4,2,2,100,144,5,5,300,1.05,1.05,6.0,2.0,10,6,6,-1,
5,P005,1,ft_jnd,FrameTimeStutter,1195,4.84072,4.4965,1985.14,1178.45,0.000,0.000,1985.14,1178.45,12.8936,9.3826,0.0000,1.3166,0.0000,11.5770,Right,1,0,0,0,174.615,0,0.000,ft_jnd,FrameTimeStutter,1,0,1,0,1,1,0.25,0.25,1.5,100,-10,100,1,5,250,40,5,250,50,1,6,11,0,0.06,4,0.05,50,8,4,2,2,100,144,5,5,300,1.05,1.05,6.0,2.0,10,6,6,-1,
5,P005,1,ft_jnd,FrameTimeStutter,1196,4.84517,4.4469,1985.14,1178.45,0.000,0.000,1985.14,1178.45,12.8936,9.3826,0.0000,1.3166,0.0000,11.5770,Right,1,0,0,0,174.615,0,0.000,ft_jnd,FrameTimeStutter,1,0,1,0,1,1,0.25,0.25,1.5,100,-10,100,1,5,250,40,5,250,50,1,6,11,0,0.06,4,0.05,50,8,4,2,2,100,144,5,5,300,1.05,1.05,6.0,2.0,10,6,6,-1,
5,P005,1,ft_jnd,FrameTimeStutter,1197,4.84921,4.0408,1985.14,1178.45,0.000,0.000,1985.14,1178.45,12.8936,9.3826,0.0000,1.3166,0.0000,11.5770,Right,1,0,0,0,174.615,0,0.000,ft_jnd,FrameTimeStutter,1,0,1,0,1,1,0.25,0.25,1.5,100,-10,100,1,5,250,40,5,250,50,1,6,11,0,0.06,4,0.05,50,8,4,2,2,100,144,5,5,300,1.05,1.05,6.0,2.0,10,6,6,-1,
5,P005,1,ft_jnd,FrameTimeStutter,1198,4.85434,5.1253,1985.14,1178.45,0.000,0.000,1985.14,1178.45,12.8936,9.3826,0.0000,1.3166,0.0000,11.5770,Right,1,0,0,0,174.615,0,0.000,ft_jnd,FrameTimeStutter,1,0,1,0,1,1,0.25,0.25,1.5,100,-10,100,1,5,250,40,5,250,50,1,6,11,0,0.06,4,0.05,50,8,4,2,2,100,144,5,5,300,1.05,1.05,6.0,2.0,10,6,6,-1,
5,P005,1,ft_jnd,FrameTimeStutter,1199,4.85881,4.4737,1985.14,1178.45,0.000,0.000,1985.14,1178.45,12.8936,9.3826,0.0000,1.3166,0.0000,11.5770,Right,1,0,0,0,174.615,0,0.000,ft_jnd,FrameTimeStutter,1,0,1,0,1,1,0.25,0.25,1.5,100,-10,100,1,5,250,40,5,250,50,1,6,11,0,0.06,4,0.05,50,8,4,2,2,100,144,5,5,300,1.05,1.05,6.0,2.0,10,6,6,-1,
5,P005,1,ft_jnd,FrameTimeStutter,1200,4.86328,4.4730,1985.14,1178.45,0.000,0.000,1985.14,1178.45,12.8936,9.3826,0.0000,1.3166,0.0000,11.5770,Right,1,0,0,0,174.615,0,0.000,ft_jnd,FrameTimeStutter,1,0,1,0,1,1,0.25,0.25,1.5,100,-10,100,1,5,250,40,5,250,50,1,6,11,0,0.06,4,0.05,50,8,4,2,2,100,144,5,5,300,1.05,1.05,6.0,2.0,10,6,6,-1,
5,P005,1,ft_jnd,FrameTimeStutter,1201,4.86754,4.2586,1985.14,1178.45,0.000,0.000,1985.14,1178.45,12.8936,9.3826,0.0000,1.3166,0.0000,11.5770,Right,0,0,0,0,174.615,0,0.000,ft_jnd,FrameTimeStutter,1,0,1,0,1,1,0.25,0.25,1.5,100,-10,100,1,5,250,40,5,250,50,1,6,11,0,0.06,4,0.05,50,8,4,2,2,100,144,5,5,300,1.05,1.05,6.0,2.0,10,6,6,-1,
5,P005,1,ft_jnd,FrameTimeStutter,1202,4.87210,4.5548,1985.14,1178.45,0.000,0.000,1985.14,1178.45,12.8936,9.3826,0.0000,1.3166,0.0000,11.5770,Right,0,0,0,0,174.615,0,0.000,ft_jnd,FrameTimeStutter,1,0,1,0,1,1,0.25,0.25,1.5,100,-10,100,1,5,250,40,5,250,50,1,6,11,0,0.06,4,0.05,50,8,4,2,2,100,144,5,5,300,1.05,1.05,6.0,2.0,10,6,6,-1,
5,P005,1,ft_jnd,FrameTimeStutter,1203,4.87668,4.5845,1985.14,1178.45,0.000,0.000,1985.14,1178.45,12.8936,9.3826,0.0000,1.3166,0.0000,11.5770,Right,0,0,0,0,174.615,0,0.000,ft_jnd,FrameTimeStutter,1,0,1,0,1,1,0.25,0.25,1.5,100,-10,100,1,5,250,40,5,250,50,1,6,11,0,0.06,4,0.05,50,8,4,2,2,100,144,5,5,300,1.05,1.05,6.0,2.0,10,6,6,-1,
5,P005,1,ft_jnd,FrameTimeStutter,1204,4.88130,4.6221,1985.14,1178.45,0.000,0.000,1985.14,1178.45,12.8936,9.3826,0.0000,1.3166,0.0000,11.5770,Right,0,0,0,0,174.615,0,0.000,ft_jnd,FrameTimeStutter,1,0,1,0,1,1,0.25,0.25,1.5,100,-10,100,1,5,250,40,5,250,50,1,6,11,0,0.06,4,0.05,50,8,4,2,2,100,144,5,5,300,1.05,1.05,6.0,2.0,10,6,6,-1,
5,P005,1,ft_jnd,FrameTimeStutter,1205,4.88573,4.4294,1985.14,1178.45,0.000,0.000,1985.14,1178.45,12.8936,9.3826,0.0000,1.3166,0.0000,11.5770,Right,0,0,0,0,174.615,0,0.000,ft_jnd,FrameTimeStutter,1,0,1,0,1,1,0.25,0.25,1.5,100,-10,100,1,5,250,40,5,250,50,1,6,11,0,0.06,4,0.05,50,8,4,2,2,100,144,5,5,300,1.05,1.05,6.0,2.0,10,6,6,-1,
5,P005,1,ft_jnd,FrameTimeStutter,1206,4.89042,4.6888,1985.14,1178.45,0.000,0.000,1985.14,1178.45,12.8936,9.3826,0.0000,1.3166,0.0000,11.5770,Right,0,0,0,0,174.615,0,0.000,ft_jnd,FrameTimeStutter,1,0,1,0,1,1,0.25,0.25,1.5,100,-10,100,1,5,250,40,5,250,50,1,6,11,0,0.06,4,0.05,50,8,4,2,2,100,144,5,5,300,1.05,1.05,6.0,2.0,10,6,6,-1,
5,P005,1,ft_jnd,FrameTimeStutter,1207,4.89536,4.9357,1985.14,1178.45,0.000,0.000,1985.14,1178.45,12.8936,9.3826,0.0000,1.3166,0.0000,11.5770,Right,0,0,0,0,174.615,0,0.000,ft_jnd,FrameTimeStutter,1,0,1,0,1,1,0.25,0.25,1.5,100,-10,100,1,5,250,40,5,250,50,1,6,11,0,0.06,4,0.05,50,8,4,2,2,100,144,5,5,300,1.05,1.05,6.0,2.0,10,6,6,-1,
5,P005,1,ft_jnd,FrameTimeStutter,1208,4.90009,4.7372,1985.14,1178.45,0.000,0.000,1985.14,1178.45,12.8936,9.3826,0.0000,1.3166,0.0000,11.5770,Right,0,0,0,0,174.615,0,0.000,ft_jnd,FrameTimeStutter,1,0,1,0,1,1,0.25,0.25,1.5,100,-10,100,1,5,250,40,5,250,50,1,6,11,0,0.06,4,0.05,50,8,4,2,2,100,144,5,5,300,1.05,1.05,6.0,2.0,10,6,6,-1,
5,P005,1,ft_jnd,FrameTimeStutter,1209,4.90504,4.9457,1985.14,1178.45,0.000,0.000,1985.14,1178.45,12.8936,9.3826,0.0000,1.3166,0.0000,11.5770,Right,0,0,0,0,174.615,0,0.000,ft_jnd,FrameTimeStutter,1,0,1,0,1,1,0.25,0.25,1.5,100,-10,100,1,5,250,40,5,250,50,1,6,11,0,0.06,4,0.05,50,8,4,2,2,100,144,5,5,300,1.05,1.05,6.0,2.0,10,6,6,-1,
5,P005,1,ft_jnd,FrameTimeStutter,1210,4.90943,4.3922,1985.14,1178.45,0.000,0.000,1985.14,1178.45,12.8936,9.3826,0.0000,1.3166,0.0000,11.5770,Right,0,0,0,0,174.615,0,0.000,ft_jnd,FrameTimeStutter,1,0,1,0,1,1,0.25,0.25,1.5,100,-10,100,1,5,250,40,5,250,50,1,6,11,0,0.06,4,0.05,50,8,4,2,2,100,144,5,5,300,1.05,1.05,6.0,2.0,10,6,6,-1,
5,P005,1,ft_jnd,FrameTimeStutter,1211,4.91445,5.0151,1985.14,1178.45,0.000,0.000,1985.14,1178.45,12.8936,9.3826,0.0000,1.3166,0.0000,11.5770,Right,0,0,0,0,174.615,0,0.000,ft_jnd,FrameTimeStutter,1,0,1,0,1,1,0.25,0.25,1.5,100,-10,100,1,5,250,40,5,250,50,1,6,11,0,0.06,4,0.05,50,8,4,2,2,100,144,5,5,300,1.05,1.05,6.0,2.0,10,6,6,-1,
5,P005,1,ft_jnd,FrameTimeStutter,1212,4.91921,4.7636,1985.14,1178.45,0.000,0.000,1985.14,1178.45,12.8936,9.3826,0.0000,1.3166,0.0000,11.5770,Right,0,0,0,0,174.615,0,0.000,ft_jnd,FrameTimeStutter,1,0,1,0,1,1,0.25,0.25,1.5,100,-10,100,1,5,250,40,5,250,50,1,6,11,0,0.06,4,0.05,50,8,4,2,2,100,144,5,5,300,1.05,1.05,6.0,2.0,10,6,6,-1,
5,P005,1,ft_jnd,FrameTimeStutter,1213,4.92411,4.8953,1985.14,1178.45,0.000,0.000,1985.14,1178.45,12.8936,9.3826,0.0000,1.3166,0.0000,11.5770,Right,0,0,0,0,174.615,0,0.000,ft_jnd,FrameTimeStutter,1,0,1,0,1,1,0.25,0.25,1.5,100,-10,100,1,5,250,40,5,250,50,1,6,11,0,0.06,4,0.05,50,8,4,2,2,100,144,5,5,300,1.05,1.05,6.0,2.0,10,6,6,-1,
5,P005,1,ft_jnd,FrameTimeStutter,1214,4.92877,4.6648,1985.14,1178.45,0.000,0.000,1985.14,1178.45,12.8936,9.3826,0.0000,1.3166,0.0000,11.5770,Right,0,0,0,0,174.615,0,0.000,ft_jnd,FrameTimeStutter,1,0,1,0,1,1,0.25,0.25,1.5,100,-10,100,1,5,250,40,5,250,50,1,6,11,0,0.06,4,0.05,50,8,4,2,2,100,144,5,5,300,1.05,1.05,6.0,2.0,10,6,6,-1,
5,P005,1,ft_jnd,FrameTimeStutter,1215,4.93309,4.3180,1985.14,1178.45,0.000,0.000,1985.14,1178.45,12.8936,9.3826,0.0000,1.3166,0.0000,11.5770,Right,0,0,0,0,174.615,0,0.000,ft_jnd,FrameTimeStutter,1,0,1,0,1,1,0.25,0.25,1.5,100,-10,100,1,5,250,40,5,250,50,1,6,11,0,0.06,4,0.05,50,8,4,2,2,100,144,5,5,300,1.05,1.05,6.0,2.0,10,6,6,-1,
5,P005,1,ft_jnd,FrameTimeStutter,1216,4.93773,4.6449,1985.14,1178.45,0.000,0.000,1985.14,1178.45,12.8936,9.3826,0.0000,1.3166,0.0000,11.5770,Right,0,0,0,0,174.615,0,0.000,ft_jnd,FrameTimeStutter,1,0,1,0,1,1,0.25,0.25,1.5,100,-10,100,1,5,250,40,5,250,50,1,6,11,0,0.06,4,0.05,50,8,4,2,2,100,144,5,5,300,1.05,1.05,6.0,2.0,10,6,6,-1,
5,P005,1,ft_jnd,FrameTimeStutter,1217,4.94237,4.6364,1985.14,1178.45,0.000,0.000,1985.14,1178.45,12.8936,9.3826,0.0000,1.3166,0.0000,11.5770,Right,0,0,0,0,174.615,0,0.000,ft_jnd,FrameTimeStutter,1,0,1,0,1,1,0.25,0.25,1.5,100,-10,100,1,5,250,40,5,250,50,1,6,11,0,0.06,4,0.05,50,8,4,2,2,100,144,5,5,300,1.05,1.05,6.0,2.0,10,6,6,-1,
5,P005,1,ft_jnd,FrameTimeStutter,1218,4.94646,4.0930,1985.14,1178.45,0.000,0.000,1985.14,1178.45,12.8936,9.3826,0.0000,1.3166,0.0000,11.5770,Right,0,0,0,0,174.615,0,0.000,ft_jnd,FrameTimeStutter,1,0,1,0,1,1,0.25,0.25,1.5,100,-10,100,1,5,250,40,5,250,50,1,6,11,0,0.06,4,0.05,50,8,4,2,2,100,144,5,5,300,1.05,1.05,6.0,2.0,10,6,6,-1,
5,P005,1,ft_jnd,FrameTimeStutter,1219,4.95103,4.5661,1985.14,1178.45,0.000,0.000,1985.14,1178.45,12.8936,9.3826,0.0000,1.3166,0.0000,11.5770,Right,0,0,0,0,174.615,0,0.000,ft_jnd,FrameTimeStutter,1,0,1,0,1,1,0.25,0.25,1.5,100,-10,100,1,5,250,40,5,250,50,1,6,11,0,0.06,4,0.05,50,8,4,2,2,100,144,5,5,300,1.05,1.05,6.0,2.0,10,6,6,-1,
5,P005,1,ft_jnd,FrameTimeStutter,1220,4.95566,4.6297,1985.14,1178.45,0.000,0.000,1985.14,1178.45,12.8936,9.3826,0.0000,1.3166,0.0000,11.5770,Right,0,0,0,0,174.615,0,0.000,ft_jnd,FrameTimeStutter,1,0,1,0,1,1,0.25,0.25,1.5,100,-10,100,1,5,250,40,5,250,50,1,6,11,0,0.06,4,0.05,50,8,4,2,2,100,144,5,5,300,1.05,1.05,6.0,2.0,10,6,6,-1,
5,P005,1,ft_jnd,FrameTimeStutter,1221,4.96020,4.5432,1985.14,1178.45,0.000,0.000,1985.14,1178.45,12.8936,9.3826,0.0000,1.3166,0.0000,11.5770,Right,0,0,0,0,174.615,0,0.000,ft_jnd,FrameTimeStutter,1,0,1,0,1,1,0.25,0.25,1.5,100,-10,100,1,5,250,40,5,250,50,1,6,11,0,0.06,4,0.05,50,8,4,2,2,100,144,5,5,300,1.05,1.05,6.0,2.0,10,6,6,-1,
5,P005,1,ft_jnd,FrameTimeStutter,1222,4.96430,4.0974,1985.14,1178.45,0.000,0.000,1985.14,1178.45,12.8936,9.3826,0.0000,1.3166,0.0000,11.5770,Right,0,0,0,0,174.615,0,0.000,ft_jnd,FrameTimeStutter,1,0,1,0,1,1,0.25,0.25,1.5,100,-10,100,1,5,250,40,5,250,50,1,6,11,0,0.06,4,0.05,50,8,4,2,2,100,144,5,5,300,1.05,1.05,6.0,2.0,10,6,6,-1,
5,P005,1,ft_jnd,FrameTimeStutter,1223,4.96897,4.6680,1985.14,1178.45,0.000,0.000,1985.14,1178.45,12.8936,9.3826,0.0000,1.3166,0.0000,11.5770,Right,0,0,0,0,174.615,0,0.000,ft_jnd,FrameTimeStutter,1,0,1,0,1,1,0.25,0.25,1.5,100,-10,100,1,5,250,40,5,250,50,1,6,11,0,0.06,4,0.05,50,8,4,2,2,100,144,5,5,300,1.05,1.05,6.0,2.0,10,6,6,-1,
5,P005,1,ft_jnd,FrameTimeStutter,1224,4.97363,4.6644,1985.14,1178.45,0.000,0.000,1985.14,1178.45,12.8936,9.3826,0.0000,1.3166,0.0000,11.5770,Right,0,0,0,0,174.615,0,0.000,ft_jnd,FrameTimeStutter,1,0,1,0,1,1,0.25,0.25,1.5,100,-10,100,1,5,250,40,5,250,50,1,6,11,0,0.06,4,0.05,50,8,4,2,2,100,144,5,5,300,1.05,1.05,6.0,2.0,10,6,6,-1,
5,P005,1,ft_jnd,FrameTimeStutter,1225,4.97830,4.6676,1985.14,1178.45,0.000,0.000,1985.14,1178.45,12.8936,9.3826,0.0000,1.3166,0.0000,11.5770,Right,0,0,0,0,174.615,0,0.000,ft_jnd,FrameTimeStutter,1,0,1,0,1,1,0.25,0.25,1.5,100,-10,100,1,5,250,40,5,250,50,1,6,11,0,0.06,4,0.05,50,8,4,2,2,100,144,5,5,300,1.05,1.05,6.0,2.0,10,6,6,-1,
5,P005,1,ft_jnd,FrameTimeStutter,1226,4.98247,4.1698,1985.14,1178.45,0.000,0.000,1985.14,1178.45,12.8936,9.3826,0.0000,1.3166,0.0000,11.5770,Right,0,0,0,0,174.615,0,0.000,ft_jnd,FrameTimeStutter,1,0,1,0,1,1,0.25,0.25,1.5,100,-10,100,1,5,250,40,5,250,50,1,6,11,0,0.06,4,0.05,50,8,4,2,2,100,144,5,5,300,1.05,1.05,6.0,2.0,10,6,6,-1,
5,P005,1,ft_jnd,FrameTimeStutter,1227,4.98702,4.5490,1985.14,1178.45,0.000,0.000,1985.14,1178.45,12.8936,9.3826,0.0000,1.3166,0.0000,11.5770,Right,0,0,0,0,174.615,0,0.000,ft_jnd,FrameTimeStutter,1,0,1,0,1,1,0.25,0.25,1.5,100,-10,100,1,5,250,40,5,250,50,1,6,11,0,0.06,4,0.05,50,8,4,2,2,100,144,5,5,300,1.05,1.05,6.0,2.0,10,6,6,-1,
5,P005,1,ft_jnd,FrameTimeStutter,1228,4.99175,4.7369,1985.14,1178.45,0.000,0.000,1985.14,1178.45,12.8936,9.3826,0.0000,1.3166,0.0000,11.5770,Right,0,0,0,0,174.615,0,0.000,ft_jnd,FrameTimeStutter,1,0,1,0,1,1,0.25,0.25,1.5,100,-10,100,1,5,250,40,5,250,50,1,6,11,0,0.06,4,0.05,50,8,4,2,2,100,144,5,5,300,1.05,1.05,6.0,2.0,10,6,6,-1,
5,P005,1,ft_jnd,FrameTimeStutter,1229,4.99633,4.5714,1985.14,1178.45,0.000,0.000,1985.14,1178.45,12.8936,9.3826,0.0000,1.3166,0.0000,11.5770,Right,0,0,0,0,174.615,0,0.000,ft_jnd,FrameTimeStutter,1,0,1,0,1,1,0.25,0.25,1.5,100,-10,100,1,5,250,40,5,250,50,1,6,11,0,0.06,4,0.05,50,8,4,2,2,100,144,5,5,300,1.05,1.05,6.0,2.0,10,6,6,-1,
5,P005,1,ft_jnd,FrameTimeStutter,1230,5.00063,4.3014,1985.14,1178.45,0.000,0.000,1985.14,1178.45,12.8936,9.3826,0.0000,1.3166,0.0000,11.5770,Right,0,0,0,0,174.615,0,0.000,ft_jnd,FrameTimeStutter,1,0,1,0,1,1,0.25,0.25,1.5,100,-10,100,1,5,250,40,5,250,50,1,6,11,0,0.06,4,0.05,50,8,4,2,2,100,144,5,5,300,1.05,1.05,6.0,2.0,10,6,6,-1,
5,P005,1,ft_jnd,FrameTimeStutter,1231,5.00527,4.6391,1985.14,1178.45,0.000,0.000,1985.14,1178.45,12.8936,9.3826,0.0000,1.3166,0.0000,11.5770,Right,0,0,0,0,174.615,0,0.000,ft_jnd,FrameTimeStutter,1,0,1,0,1,1,0.25,0.25,1.5,100,-10,100,1,5,250,40,5,250,50,1,6,11,0,0.06,4,0.05,50,8,4,2,2,100,144,5,5,300,1.05,1.05,6.0,2.0,10,6,6,-1,
5,P005,1,ft_jnd,FrameTimeStutter,1232,5.01002,4.7496,1985.14,1178.45,0.000,0.000,1985.14,1178.45,12.8936,9.3826,0.0000,1.3166,0.0000,11.5770,Right,0,0,0,0,174.615,0,0.000,ft_jnd,FrameTimeStutter,1,0,1,0,1,1,0.25,0.25,1.5,100,-10,100,1,5,250,40,5,250,50,1,6,11,0,0.06,4,0.05,50,8,4,2,2,100,144,5,5,300,1.05,1.05,6.0,2.0,10,6,6,-1,
5,P005,1,ft_jnd,FrameTimeStutter,1233,5.01457,4.5516,1985.14,1178.45,0.000,0.000,1985.14,1178.45,12.8936,9.3826,0.0000,1.3166,0.0000,11.5770,Right,0,0,0,0,174.615,0,0.000,ft_jnd,FrameTimeStutter,1,0,1,0,1,1,0.25,0.25,1.5,100,-10,100,1,5,250,40,5,250,50,1,6,11,0,0.06,4,0.05,50,8,4,2,2,100,144,5,5,300,1.05,1.05,6.0,2.0,10,6,6,-1,
5,P005,1,ft_jnd,FrameTimeStutter,1234,5.01874,4.1739,1985.14,1178.45,0.000,0.000,1985.14,1178.45,12.8936,9.3826,0.0000,1.3166,0.0000,11.5770,Right,0,0,0,0,174.615,0,0.000,ft_jnd,FrameTimeStutter,1,0,1,0,1,1,0.25,0.25,1.5,100,-10,100,1,5,250,40,5,250,50,1,6,11,0,0.06,4,0.05,50,8,4,2,2,100,144,5,5,300,1.05,1.05,6.0,2.0,10,6,6,-1,
5,P005,1,ft_jnd,FrameTimeStutter,1235,5.02386,5.1184,1985.14,1178.45,0.000,0.000,1985.14,1178.45,12.8936,9.3826,0.0000,1.3166,0.0000,11.5770,Right,0,0,0,0,174.615,0,0.000,ft_jnd,FrameTimeStutter,1,0,1,0,1,1,0.25,0.25,1.5,100,-10,100,1,5,250,40,5,250,50,1,6,11,0,0.06,4,0.05,50,8,4,2,2,100,144,5,5,300,1.05,1.05,6.0,2.0,10,6,6,-1,
5,P005,1,ft_jnd,FrameTimeStutter,1236,5.02855,4.6879,1985.14,1178.45,0.000,0.000,1985.14,1178.45,12.8936,9.3826,0.0000,1.3166,0.0000,11.5770,Right,0,0,0,0,174.615,0,0.000,ft_jnd,FrameTimeStutter,1,0,1,0,1,1,0.25,0.25,1.5,100,-10,100,1,5,250,40,5,250,50,1,6,11,0,0.06,4,0.05,50,8,4,2,2,100,144,5,5,300,1.05,1.05,6.0,2.0,10,6,6,-1,
5,P005,1,ft_jnd,FrameTimeStutter,1237,5.03311,4.5647,1985.14,1178.45,0.000,0.000,1985.14,1178.45,12.8936,9.3826,0.0000,1.3166,0.0000,11.5770,Right,0,0,0,0,174.615,0,0.000,ft_jnd,FrameTimeStutter,1,0,1,0,1,1,0.25,0.25,1.5,100,-10,100,1,5,250,40,5,250,50,1,6,11,0,0.06,4,0.05,50,8,4,2,2,100,144,5,5,300,1.05,1.05,6.0,2.0,10,6,6,-1,
5,P005,1,ft_jnd,FrameTimeStutter,1238,5.03727,4.1603,1985.14,1178.45,0.000,0.000,1985.14,1178.45,12.8936,9.3826,0.0000,1.3166,0.0000,11.5770,Right,0,0,0,0,174.615,0,0.000,ft_jnd,FrameTimeStutter,1,0,1,0,1,1,0.25,0.25,1.5,100,-10,100,1,5,250,40,5,250,50,1,6,11,0,0.06,4,0.05,50,8,4,2,2,100,144,5,5,300,1.05,1.05,6.0,2.0,10,6,6,-1,
5,P005,1,ft_jnd,FrameTimeStutter,1239,5.04199,4.7126,1985.14,1178.45,0.000,0.000,1985.14,1178.45,12.8936,9.3826,0.0000,1.3166,0.0000,11.5770,Right,0,0,0,0,174.615,0,0.000,ft_jnd,FrameTimeStutter,1,0,1,0,1,1,0.25,0.25,1.5,100,-10,100,1,5,250,40,5,250,50,1,6,11,0,0.06,4,0.05,50,8,4,2,2,100,144,5,5,300,1.05,1.05,6.0,2.0,10,6,6,-1,
5,P005,1,ft_jnd,FrameTimeStutter,1240,5.04653,4.5457,1985.14,1178.45,0.000,0.000,1985.14,1178.45,12.8936,9.3826,0.0000,1.3166,0.0000,11.5770,Right,0,0,0,0,174.615,0,0.000,ft_jnd,FrameTimeStutter,1,0,1,0,1,1,0.25,0.25,1.5,100,-10,100,1,5,250,40,5,250,50,1,6,11,0,0.06,4,0.05,50,8,4,2,2,100,144,5,5,300,1.05,1.05,6.0,2.0,10,6,6,-1,
5,P005,1,ft_jnd,FrameTimeStutter,1241,5.05120,4.6704,1985.14,1178.45,0.000,0.000,1985.14,1178.45,12.8936,9.3826,0.0000,1.3166,0.0000,11.5770,Right,0,0,0,0,174.615,0,0.000,ft_jnd,FrameTimeStutter,1,0,1,0,1,1,0.25,0.25,1.5,100,-10,100,1,5,250,40,5,250,50,1,6,11,0,0.06,4,0.05,50,8,4,2,2,100,144,5,5,300,1.05,1.05,6.0,2.0,10,6,6,-1,
5,P005,1,ft_jnd,FrameTimeStutter,1242,5.05525,4.0469,1985.14,1178.45,0.000,0.000,1985.14,1178.45,12.8936,9.3826,0.0000,1.3166,0.0000,11.5770,Right,0,0,0,0,174.615,0,0.000,ft_jnd,FrameTimeStutter,1,0,1,0,1,1,0.25,0.25,1.5,100,-10,100,1,5,250,40,5,250,50,1,6,11,0,0.06,4,0.05,50,8,4,2,2,100,144,5,5,300,1.05,1.05,6.0,2.0,10,6,6,-1,
5,P005,1,ft_jnd,FrameTimeStutter,1243,5.05980,4.5550,1985.14,1178.45,0.000,0.000,1985.14,1178.45,12.8936,9.3826,0.0000,1.3166,0.0000,11.5770,Right,0,0,0,0,174.615,0,0.000,ft_jnd,FrameTimeStutter,1,0,1,0,1,1,0.25,0.25,1.5,100,-10,100,1,5,250,40,5,250,50,1,6,11,0,0.06,4,0.05,50,8,4,2,2,100,144,5,5,300,1.05,1.05,6.0,2.0,10,6,6,-1,
5,P005,1,ft_jnd,FrameTimeStutter,1244,5.06428,4.4794,1985.14,1178.45,0.000,0.000,1985.14,1178.45,12.8936,9.3826,0.0000,1.3166,0.0000,11.5770,Right,0,0,0,0,174.615,0,0.000,ft_jnd,FrameTimeStutter,1,0,1,0,1,1,0.25,0.25,1.5,100,-10,100,1,5,250,40,5,250,50,1,6,11,0,0.06,4,0.05,50,8,4,2,2,100,144,5,5,300,1.05,1.05,6.0,2.0,10,6,6,-1,
5,P005,1,ft_jnd,FrameTimeStutter,1245,5.06870,4.4152,1985.14,1178.45,0.000,0.000,1985.14,1178.45,12.8936,9.3826,0.0000,1.3166,0.0000,11.5770,Right,0,0,0,0,174.615,0,0.000,ft_jnd,FrameTimeStutter,1,0,1,0,1,1,0.25,0.25,1.5,100,-10,100,1,5,250,40,5,250,50,1,6,11,0,0.06,4,0.05,50,8,4,2,2,100,144,5,5,300,1.05,1.05,6.0,2.0,10,6,6,-1,
5,P005,1,ft_jnd,FrameTimeStutter,1246,5.07331,4.6087,1985.14,1178.45,0.000,0.000,1985.14,1178.45,12.8936,9.3826,0.0000,1.3166,0.0000,11.5770,Right,0,0,0,0,174.615,0,0.000,ft_jnd,FrameTimeStutter,1,0,1,0,1,1,0.25,0.25,1.5,100,-10,100,1,5,250,40,5,250,50,1,6,11,0,0.06,4,0.05,50,8,4,2,2,100,144,5,5,300,1.05,1.05,6.0,2.0,10,6,6,-1,
5,P005,1,ft_jnd,FrameTimeStutter,1247,5.07771,4.4053,1985.14,1178.45,0.000,0.000,1985.14,1178.45,12.8936,9.3826,0.0000,1.3166,0.0000,11.5770,Right,0,0,0,0,174.615,0,0.000,ft_jnd,FrameTimeStutter,1,0,1,0,1,1,0.25,0.25,1.5,100,-10,100,1,5,250,40,5,250,50,1,6,11,0,0.06,4,0.05,50,8,4,2,2,100,144,5,5,300,1.05,1.05,6.0,2.0,10,6,6,-1,
5,P005,1,ft_jnd,FrameTimeStutter,1248,5.08227,4.5592,1985.14,1178.45,0.000,0.000,1985.14,1178.45,12.8936,9.3826,0.0000,1.3166,0.0000,11.5770,Right,0,0,0,0,174.615,0,0.000,ft_jnd,FrameTimeStutter,1,0,1,0,1,1,0.25,0.25,1.5,100,-10,100,1,5,250,40,5,250,50,1,6,11,0,0.06,4,0.05,50,8,4,2,2,100,144,5,5,300,1.05,1.05,6.0,2.0,10,6,6,-1,
5,P005,1,ft_jnd,FrameTimeStutter,1249,5.08644,4.1694,1985.14,1178.45,0.000,0.000,1985.14,1178.45,12.8936,9.3826,0.0000,1.3166,0.0000,11.5770,Right,0,0,0,0,174.615,0,0.000,ft_jnd,FrameTimeStutter,1,0,1,0,1,1,0.25,0.25,1.5,100,-10,100,1,5,250,40,5,250,50,1,6,11,0,0.06,4,0.05,50,8,4,2,2,100,144,5,5,300,1.05,1.05,6.0,2.0,10,6,6,-1,
5,P005,1,ft_jnd,FrameTimeStutter,1250,5.09090,4.4599,1985.14,1178.45,0.000,0.000,1985.14,1178.45,12.8936,9.3826,0.0000,1.3166,0.0000,11.5770,Right,0,0,0,0,174.615,0,0.000,ft_jnd,FrameTimeStutter,1,0,1,0,1,1,0.25,0.25,1.5,100,-10,100,1,5,250,40,5,250,50,1,6,11,0,0.06,4,0.05,50,8,4,2,2,100,144,5,5,300,1.05,1.05,6.0,2.0,10,6,6,-1,
5,P005,1,ft_jnd,FrameTimeStutter,1251,5.09537,4.4748,1985.14,1178.45,0.000,0.000,1985.14,1178.45,12.8936,9.3826,0.0000,1.3166,0.0000,11.5770,Right,0,0,0,0,174.615,0,0.000,ft_jnd,FrameTimeStutter,1,0,1,0,1,1,0.25,0.25,1.5,100,-10,100,1,5,250,40,5,250,50,1,6,11,0,0.06,4,0.05,50,8,4,2,2,100,144,5,5,300,1.05,1.05,6.0,2.0,10,6,6,-1,
5,P005,1,ft_jnd,FrameTimeStutter,1252,5.09990,4.5216,1985.14,1178.45,0.000,0.000,1985.14,1178.45,12.8936,9.3826,0.0000,1.3166,0.0000,11.5770,Right,0,0,0,0,174.615,0,0.000,ft_jnd,FrameTimeStutter,1,0,1,0,1,1,0.25,0.25,1.5,100,-10,100,1,5,250,40,5,250,50,1,6,11,0,0.06,4,0.05,50,8,4,2,2,100,144,5,5,300,1.05,1.05,6.0,2.0,10,6,6,-1,
5,P005,1,ft_jnd,FrameTimeStutter,1253,5.10446,4.5657,1985.14,1178.45,0.000,0.000,1985.14,1178.45,12.8936,9.3826,0.0000,1.3166,0.0000,11.5770,Right,0,0,0,0,174.615,0,0.000,ft_jnd,FrameTimeStutter,1,0,1,0,1,1,0.25,0.25,1.5,100,-10,100,1,5,250,40,5,250,50,1,6,11,0,0.06,4,0.05,50,8,4,2,2,100,144,5,5,300,1.05,1.05,6.0,2.0,10,6,6,-1,
5,P005,1,ft_jnd,FrameTimeStutter,1254,5.10883,4.3683,1985.14,1178.45,0.000,0.000,1985.14,1178.45,12.8936,9.3826,0.0000,1.3166,0.0000,11.5770,Right,0,0,0,0,174.615,0,0.000,ft_jnd,FrameTimeStutter,1,0,1,0,1,1,0.25,0.25,1.5,100,-10,100,1,5,250,40,5,250,50,1,6,11,0,0.06,4,0.05,50,8,4,2,2,100,144,5,5,300,1.05,1.05,6.0,2.0,10,6,6,-1,
5,P005,1,ft_jnd,FrameTimeStutter,1255,5.11339,4.5612,1985.14,1178.45,0.000,0.000,1985.14,1178.45,12.8936,9.3826,0.0000,1.3166,0.0000,11.5770,Right,0,0,0,0,174.615,0,0.000,ft_jnd,FrameTimeStutter,1,0,1,0,1,1,0.25,0.25,1.5,100,-10,100,1,5,250,40,5,250,50,1,6,11,0,0.06,4,0.05,50,8,4,2,2,100,144,5,5,300,1.05,1.05,6.0,2.0,10,6,6,-1,
5,P005,1,ft_jnd,FrameTimeStutter,1256,5.11806,4.6702,1985.14,1178.45,0.000,0.000,1985.14,1178.45,12.8936,9.3826,0.0000,1.3166,0.0000,11.5770,Right,0,0,0,0,174.615,0,0.000,ft_jnd,FrameTimeStutter,1,0,1,0,1,1,0.25,0.25,1.5,100,-10,100,1,5,250,40,5,250,50,1,6,11,0,0.06,4,0.05,50,8,4,2,2,100,144,5,5,300,1.05,1.05,6.0,2.0,10,6,6,-1,
5,P005,1,ft_jnd,FrameTimeStutter,1257,5.12236,4.2993,1985.14,1178.45,0.000,0.000,1985.14,1178.45,12.8936,9.3826,0.0000,1.3166,0.0000,11.5770,Right,0,0,0,0,174.615,0,0.000,ft_jnd,FrameTimeStutter,1,0,1,0,1,1,0.25,0.25,1.5,100,-10,100,1,5,250,40,5,250,50,1,6,11,0,0.06,4,0.05,50,8,4,2,2,100,144,5,5,300,1.05,1.05,6.0,2.0,10,6,6,-1,
5,P005,1,ft_jnd,FrameTimeStutter,1258,5.12690,4.5344,1985.14,1178.45,0.000,0.000,1985.14,1178.45,12.8936,9.3826,0.0000,1.3166,0.0000,11.5770,Right,0,0,0,0,174.615,0,0.000,ft_jnd,FrameTimeStutter,1,0,1,0,1,1,0.25,0.25,1.5,100,-10,100,1,5,250,40,5,250,50,1,6,11,0,0.06,4,0.05,50,8,4,2,2,100,144,5,5,300,1.05,1.05,6.0,2.0,10,6,6,-1,
5,P005,1,ft_jnd,FrameTimeStutter,1259,5.13150,4.6014,1985.14,1178.45,0.000,0.000,1985.14,1178.45,12.8936,9.3826,0.0000,1.3166,0.0000,11.5770,Right,0,0,0,0,174.615,0,0.000,ft_jnd,FrameTimeStutter,1,0,1,0,1,1,0.25,0.25,1.5,100,-10,100,1,5,250,40,5,250,50,1,6,11,0,0.06,4,0.05,50,8,4,2,2,100,144,5,5,300,1.05,1.05,6.0,2.0,10,6,6,-1,
5,P005,1,ft_jnd,FrameTimeStutter,1260,5.13607,4.5728,1985.14,1178.45,0.000,0.000,1985.14,1178.45,12.8936,9.3826,0.0000,1.3166,0.0000,11.5770,Right,0,0,0,0,174.615,0,0.000,ft_jnd,FrameTimeStutter,1,0,1,0,1,1,0.25,0.25,1.5,100,-10,100,1,5,250,40,5,250,50,1,6,11,0,0.06,4,0.05,50,8,4,2,2,100,144,5,5,300,1.05,1.05,6.0,2.0,10,6,6,-1,
5,P005,1,ft_jnd,FrameTimeStutter,1261,5.14022,4.1498,1985.14,1178.45,0.000,0.000,1985.14,1178.45,12.8936,9.3826,0.0000,1.3166,0.0000,11.5770,Right,0,0,0,0,174.615,0,0.000,ft_jnd,FrameTimeStutter,1,0,1,0,1,1,0.25,0.25,1.5,100,-10,100,1,5,250,40,5,250,50,1,6,11,0,0.06,4,0.05,50,8,4,2,2,100,144,5,5,300,1.05,1.05,6.0,2.0,10,6,6,-1,
5,P005,1,ft_jnd,FrameTimeStutter,1262,5.14477,4.5556,1985.14,1178.45,0.000,0.000,1985.14,1178.45,12.8936,9.3826,0.0000,1.3166,0.0000,11.5770,Right,0,0,0,0,174.615,0,0.000,ft_jnd,FrameTimeStutter,1,0,1,0,1,1,0.25,0.25,1.5,100,-10,100,1,5,250,40,5,250,50,1,6,11,0,0.06,4,0.05,50,8,4,2,2,100,144,5,5,300,1.05,1.05,6.0,2.0,10,6,6,-1,
5,P005,1,ft_jnd,FrameTimeStutter,1263,5.14942,4.6480,1985.14,1178.45,0.000,0.000,1985.14,1178.45,12.8936,9.3826,0.0000,1.3166,0.0000,11.5770,Right,0,0,0,0,174.615,0,0.000,ft_jnd,FrameTimeStutter,1,0,1,0,1,1,0.25,0.25,1.5,100,-10,100,1,5,250,40,5,250,50,1,6,11,0,0.06,4,0.05,50,8,4,2,2,100,144,5,5,300,1.05,1.05,6.0,2.0,10,6,6,-1,
5,P005,1,ft_jnd,FrameTimeStutter,1264,5.15393,4.5073,1985.14,1178.45,0.000,0.000,1985.14,1178.45,12.8936,9.3826,0.0000,1.3166,0.0000,11.5770,Right,0,0,0,0,174.615,0,0.000,ft_jnd,FrameTimeStutter,1,0,1,0,1,1,0.25,0.25,1.5,100,-10,100,1,5,250,40,5,250,50,1,6,11,0,0.06,4,0.05,50,8,4,2,2,100,144,5,5,300,1.05,1.05,6.0,2.0,10,6,6,-1,
5,P005,1,ft_jnd,FrameTimeStutter,1265,5.15798,4.0532,1985.14,1178.45,0.000,0.000,1985.14,1178.45,12.8936,9.3826,0.0000,1.3166,0.0000,11.5770,Right,0,0,0,0,174.615,0,0.000,ft_jnd,FrameTimeStutter,1,0,1,0,1,1,0.25,0.25,1.5,100,-10,100,1,5,250,40,5,250,50,1,6,11,0,0.06,4,0.05,50,8,4,2,2,100,144,5,5,300,1.05,1.05,6.0,2.0,10,6,6,-1,
5,P005,1,ft_jnd,FrameTimeStutter,1266,5.16306,5.0761,1985.14,1178.45,0.000,0.000,1985.14,1178.45,12.8936,9.3826,0.0000,1.3166,0.0000,11.5770,Right,0,0,0,0,174.615,0,0.000,ft_jnd,FrameTimeStutter,1,0,1,0,1,1,0.25,0.25,1.5,100,-10,100,1,5,250,40,5,250,50,1,6,11,0,0.06,4,0.05,50,8,4,2,2,100,144,5,5,300,1.05,1.05,6.0,2.0,10,6,6,-1,
5,P005,1,ft_jnd,FrameTimeStutter,1267,5.16752,4.4614,1985.14,1178.45,0.000,0.000,1985.14,1178.45,12.8936,9.3826,0.0000,1.3166,0.0000,11.5770,Right,0,0,0,0,174.615,0,0.000,ft_jnd,FrameTimeStutter,1,0,1,0,1,1,0.25,0.25,1.5,100,-10,100,1,5,250,40,5,250,50,1,6,11,0,0.06,4,0.05,50,8,4,2,2,100,144,5,5,300,1.05,1.05,6.0,2.0,10,6,6,-1,
5,P005,1,ft_jnd,FrameTimeStutter,1268,5.17194,4.4218,1985.14,1178.45,0.000,0.000,1985.14,1178.45,12.8936,9.3826,0.0000,1.3166,0.0000,11.5770,Right,0,0,0,0,174.615,0,0.000,ft_jnd,FrameTimeStutter,1,0,1,0,1,1,0.25,0.25,1.5,100,-10,100,1,5,250,40,5,250,50,1,6,11,0,0.06,4,0.05,50,8,4,2,2,100,144,5,5,300,1.05,1.05,6.0,2.0,10,6,6,-1,
5,P005,1,ft_jnd,FrameTimeStutter,1269,5.17595,4.0046,1985.14,1178.45,0.000,0.000,1985.14,1178.45,12.8936,9.3826,0.0000,1.3166,0.0000,11.5770,Right,0,0,0,0,174.615,0,0.000,ft_jnd,FrameTimeStutter,1,0,1,0,1,1,0.25,0.25,1.5,100,-10,100,1,5,250,40,5,250,50,1,6,11,0,0.06,4,0.05,50,8,4,2,2,100,144,5,5,300,1.05,1.05,6.0,2.0,10,6,6,-1,
5,P005,1,ft_jnd,FrameTimeStutter,1270,5.18057,4.6215,1985.14,1178.45,0.000,0.000,1985.14,1178.45,12.8936,9.3826,0.0000,1.3166,0.0000,11.5770,Right,0,0,0,0,174.615,0,0.000,ft_jnd,FrameTimeStutter,1,0,1,0,1,1,0.25,0.25,1.5,100,-10,100,1,5,250,40,5,250,50,1,6,11,0,0.06,4,0.05,50,8,4,2,2,100,144,5,5,300,1.05,1.05,6.0,2.0,10,6,6,-1,
5,P005,1,ft_jnd,FrameTimeStutter,1271,5.18510,4.5309,1985.14,1178.45,0.000,0.000,1985.14,1178.45,12.8936,9.3826,0.0000,1.3166,0.0000,11.5770,Right,0,0,0,0,174.615,0,0.000,ft_jnd,FrameTimeStutter,1,0,1,0,1,1,0.25,0.25,1.5,100,-10,100,1,5,250,40,5,250,50,1,6,11,0,0.06,4,0.05,50,8,4,2,2,100,144,5,5,300,1.05,1.05,6.0,2.0,10,6,6,-1,
5,P005,1,ft_jnd,FrameTimeStutter,1272,5.18931,4.2092,1985.14,1178.45,0.000,0.000,1985.14,1178.45,12.8936,9.3826,0.0000,1.3166,0.0000,11.5770,Right,0,0,0,0,174.615,0,0.000,ft_jnd,FrameTimeStutter,1,0,1,0,1,1,0.25,0.25,1.5,100,-10,100,1,5,250,40,5,250,50,1,6,11,0,0.06,4,0.05,50,8,4,2,2,100,144,5,5,300,1.05,1.05,6.0,2.0,10,6,6,-1,
5,P005,1,ft_jnd,FrameTimeStutter,1273,5.19358,4.2668,1985.14,1178.45,0.000,0.000,1985.14,1178.45,12.8936,9.3826,0.0000,1.3166,0.0000,11.5770,Right,0,0,0,0,174.615,0,0.000,ft_jnd,FrameTimeStutter,1,0,1,0,1,1,0.25,0.25,1.5,100,-10,100,1,5,250,40,5,250,50,1,6,11,0,0.06,4,0.05,50,8,4,2,2,100,144,5,5,300,1.05,1.05,6.0,2.0,10,6,6,-1,
5,P005,1,ft_jnd,FrameTimeStutter,1274,5.19799,4.4185,1985.14,1178.45,0.000,0.000,1985.14,1178.45,12.8936,9.3826,0.0000,1.3166,0.0000,11.5770,Right,0,0,0,0,174.615,0,0.000,ft_jnd,FrameTimeStutter,1,0,1,0,1,1,0.25,0.25,1.5,100,-10,100,1,5,250,40,5,250,50,1,6,11,0,0.06,4,0.05,50,8,4,2,2,100,144,5,5,300,1.05,1.05,6.0,2.0,10,6,6,-1,
5,P005,1,ft_jnd,FrameTimeStutter,1275,5.20234,4.3466,1985.14,1178.45,0.000,0.000,1985.14,1178.45,12.8936,9.3826,0.0000,1.3166,0.0000,11.5770,Right,0,0,0,0,174.615,0,0.000,ft_jnd,FrameTimeStutter,1,0,1,0,1,1,0.25,0.25,1.5,100,-10,100,1,5,250,40,5,250,50,1,6,11,0,0.06,4,0.05,50,8,4,2,2,100,144,5,5,300,1.05,1.05,6.0,2.0,10,6,6,-1,
5,P005,1,ft_jnd,FrameTimeStutter,1276,5.20624,3.8971,1985.14,1178.45,0.000,0.000,1985.14,1178.45,12.8936,9.3826,0.0000,1.3166,0.0000,11.5770,Right,0,0,0,0,174.615,0,0.000,ft_jnd,FrameTimeStutter,1,0,1,0,1,1,0.25,0.25,1.5,100,-10,100,1,5,250,40,5,250,50,1,6,11,0,0.06,4,0.05,50,8,4,2,2,100,144,5,5,300,1.05,1.05,6.0,2.0,10,6,6,-1,
5,P005,1,ft_jnd,FrameTimeStutter,1277,5.21067,4.4269,1985.14,1178.45,0.000,0.000,1985.14,1178.45,12.8936,9.3826,0.0000,1.3166,0.0000,11.5770,Right,0,0,0,0,174.615,0,0.000,ft_jnd,FrameTimeStutter,1,0,1,0,1,1,0.25,0.25,1.5,100,-10,100,1,5,250,40,5,250,50,1,6,11,0,0.06,4,0.05,50,8,4,2,2,100,144,5,5,300,1.05,1.05,6.0,2.0,10,6,6,-1,
5,P005,1,ft_jnd,FrameTimeStutter,1278,5.21504,4.3743,1985.14,1178.45,0.000,0.000,1985.14,1178.45,12.8936,9.3826,0.0000,1.3166,0.0000,11.5770,Right,0,0,0,0,174.615,0,0.000,ft_jnd,FrameTimeStutter,1,0,1,0,1,1,0.25,0.25,1.5,100,-10,100,1,5,250,40,5,250,50,1,6,11,0,0.06,4,0.05,50,8,4,2,2,100,144,5,5,300,1.05,1.05,6.0,2.0,10,6,6,-1,
5,P005,1,ft_jnd,FrameTimeStutter,1279,5.21907,4.0298,1985.14,1178.45,0.000,0.000,1985.14,1178.45,12.8936,9.3826,0.0000,1.3166,0.0000,11.5770,Right,0,0,0,0,174.615,0,0.000,ft_jnd,FrameTimeStutter,1,0,1,0,1,1,0.25,0.25,1.5,100,-10,100,1,5,250,40,5,250,50,1,6,11,0,0.06,4,0.05,50,8,4,2,2,100,144,5,5,300,1.05,1.05,6.0,2.0,10,6,6,-1,
5,P005,1,ft_jnd,FrameTimeStutter,1280,5.22356,4.4901,1985.14,1178.45,0.000,0.000,1985.14,1178.45,12.8936,9.3826,0.0000,1.3166,0.0000,11.5770,Right,0,0,0,0,174.615,0,0.000,ft_jnd,FrameTimeStutter,1,0,1,0,1,1,0.25,0.25,1.5,100,-10,100,1,5,250,40,5,250,50,1,6,11,0,0.06,4,0.05,50,8,4,2,2,100,144,5,5,300,1.05,1.05,6.0,2.0,10,6,6,-1,
5,P005,1,ft_jnd,FrameTimeStutter,1281,5.22796,4.3955,1985.14,1178.45,0.000,0.000,1985.14,1178.45,12.8936,9.3826,0.0000,1.3166,0.0000,11.5770,Right,0,0,0,0,174.615,0,0.000,ft_jnd,FrameTimeStutter,1,0,1,0,1,1,0.25,0.25,1.5,100,-10,100,1,5,250,40,5,250,50,1,6,11,0,0.06,4,0.05,50,8,4,2,2,100,144,5,5,300,1.05,1.05,6.0,2.0,10,6,6,-1,
5,P005,1,ft_jnd,FrameTimeStutter,1282,5.23243,4.4793,1985.14,1178.45,0.000,0.000,1985.14,1178.45,12.8936,9.3826,0.0000,1.3166,0.0000,11.5770,Right,0,0,0,0,174.615,0,0.000,ft_jnd,FrameTimeStutter,1,0,1,0,1,1,0.25,0.25,1.5,100,-10,100,1,5,250,40,5,250,50,1,6,11,0,0.06,4,0.05,50,8,4,2,2,100,144,5,5,300,1.05,1.05,6.0,2.0,10,6,6,-1,
5,P005,1,ft_jnd,FrameTimeStutter,1283,5.23644,4.0012,1985.14,1178.45,0.000,0.000,1985.14,1178.45,12.8936,9.3826,0.0000,1.3166,0.0000,11.5770,Right,0,0,0,0,174.615,0,0.000,ft_jnd,FrameTimeStutter,1,0,1,0,1,1,0.25,0.25,1.5,100,-10,100,1,5,250,40,5,250,50,1,6,11,0,0.06,4,0.05,50,8,4,2,2,100,144,5,5,300,1.05,1.05,6.0,2.0,10,6,6,-1,
5,P005,1,ft_jnd,FrameTimeStutter,1284,5.24116,4.7213,1985.14,1178.45,0.000,0.000,1985.14,1178.45,12.8936,9.3826,0.0000,1.3166,0.0000,11.5770,Right,0,0,0,0,174.615,0,0.000,ft_jnd,FrameTimeStutter,1,0,1,0,1,1,0.25,0.25,1.5,100,-10,100,1,5,250,40,5,250,50,1,6,11,0,0.06,4,0.05,50,8,4,2,2,100,144,5,5,300,1.05,1.05,6.0,2.0,10,6,6,-1,
5,P005,1,ft_jnd,FrameTimeStutter,1285,5.24576,4.6035,1985.14,1178.45,0.000,0.000,1985.14,1178.45,12.8936,9.3826,0.0000,1.3166,0.0000,11.5770,Right,0,0,0,0,174.615,0,0.000,ft_jnd,FrameTimeStutter,1,0,1,0,1,1,0.25,0.25,1.5,100,-10,100,1,5,250,40,5,250,50,1,6,11,0,0.06,4,0.05,50,8,4,2,2,100,144,5,5,300,1.05,1.05,6.0,2.0,10,6,6,-1,
5,P005,1,ft_jnd,FrameTimeStutter,1286,5.25029,4.5342,1985.14,1178.45,0.000,0.000,1985.14,1178.45,12.8936,9.3826,0.0000,1.3166,0.0000,11.5770,Right,0,0,0,0,174.615,0,0.000,ft_jnd,FrameTimeStutter,1,0,1,0,1,1,0.25,0.25,1.5,100,-10,100,1,5,250,40,5,250,50,1,6,11,0,0.06,4,0.05,50,8,4,2,2,100,144,5,5,300,1.05,1.05,6.0,2.0,10,6,6,-1,
5,P005,1,ft_jnd,FrameTimeStutter,1287,5.25434,4.0505,1985.14,1178.45,0.000,0.000,1985.14,1178.45,12.8936,9.3826,0.0000,1.3166,0.0000,11.5770,Right,0,0,0,0,174.615,0,0.000,ft_jnd,FrameTimeStutter,1,0,1,0,1,1,0.25,0.25,1.5,100,-10,100,1,5,250,40,5,250,50,1,6,11,0,0.06,4,0.05,50,8,4,2,2,100,144,5,5,300,1.05,1.05,6.0,2.0,10,6,6,-1,
5,P005,1,ft_jnd,FrameTimeStutter,1288,5.25889,4.5464,1985.14,1178.45,0.000,0.000,1985.14,1178.45,12.8936,9.3826,0.0000,1.3166,0.0000,11.5770,Right,0,0,0,0,174.615,0,0.000,ft_jnd,FrameTimeStutter,1,0,1,0,1,1,0.25,0.25,1.5,100,-10,100,1,5,250,40,5,250,50,1,6,11,0,0.06,4,0.05,50,8,4,2,2,100,144,5,5,300,1.05,1.05,6.0,2.0,10,6,6,-1,
5,P005,1,ft_jnd,FrameTimeStutter,1289,5.26323,4.3406,1985.14,1178.45,0.000,0.000,1985.14,1178.45,12.8936,9.3826,0.0000,1.3166,0.0000,11.5770,Right,0,0,0,0,174.615,0,0.000,ft_jnd,FrameTimeStutter,1,0,1,0,1,1,0.25,0.25,1.5,100,-10,100,1,5,250,40,5,250,50,1,6,11,0,0.06,4,0.05,50,8,4,2,2,100,144,5,5,300,1.05,1.05,6.0,2.0,10,6,6,-1,
5,P005,1,ft_jnd,FrameTimeStutter,1290,5.26739,4.1535,1985.14,1178.45,0.000,0.000,1985.14,1178.45,12.8936,9.3826,0.0000,1.3166,0.0000,11.5770,Right,0,0,0,0,174.615,0,0.000,ft_jnd,FrameTimeStutter,1,0,1,0,1,1,0.25,0.25,1.5,100,-10,100,1,5,250,40,5,250,50,1,6,11,0,0.06,4,0.05,50,8,4,2,2,100,144,5,5,300,1.05,1.05,6.0,2.0,10,6,6,-1,
5,P005,1,ft_jnd,FrameTimeStutter,1291,5.27178,4.3931,1985.14,1178.45,0.000,0.000,1985.14,1178.45,12.8936,9.3826,0.0000,1.3166,0.0000,11.5770,Right,0,0,0,0,174.615,0,0.000,ft_jnd,FrameTimeStutter,1,0,1,0,1,1,0.25,0.25,1.5,100,-10,100,1,5,250,40,5,250,50,1,6,11,0,0.06,4,0.05,50,8,4,2,2,100,144,5,5,300,1.05,1.05,6.0,2.0,10,6,6,-1,
5,P005,1,ft_jnd,FrameTimeStutter,1292,5.27616,4.3835,1985.14,1178.45,0.000,0.000,1985.14,1178.45,12.8936,9.3826,0.0000,1.3166,0.0000,11.5770,Right,0,0,0,0,174.615,0,0.000,ft_jnd,FrameTimeStutter,1,0,1,0,1,1,0.25,0.25,1.5,100,-10,100,1,5,250,40,5,250,50,1,6,11,0,0.06,4,0.05,50,8,4,2,2,100,144,5,5,300,1.05,1.05,6.0,2.0,10,6,6,-1,
5,P005,1,ft_jnd,FrameTimeStutter,1293,5.28066,4.4936,1985.14,1178.45,0.000,0.000,1985.14,1178.45,12.8936,9.3826,0.0000,1.3166,0.0000,11.5770,Right,0,0,0,0,174.615,0,0.000,ft_jnd,FrameTimeStutter,1,0,1,0,1,1,0.25,0.25,1.5,100,-10,100,1,5,250,40,5,250,50,1,6,11,0,0.06,4,0.05,50,8,4,2,2,100,144,5,5,300,1.05,1.05,6.0,2.0,10,6,6,-1,
5,P005,1,ft_jnd,FrameTimeStutter,1294,5.28458,3.9212,1985.14,1178.45,0.000,0.000,1985.14,1178.45,12.8936,9.3826,0.0000,1.3166,0.0000,11.5770,Right,0,0,0,0,174.615,0,0.000,ft_jnd,FrameTimeStutter,1,0,1,0,1,1,0.25,0.25,1.5,100,-10,100,1,5,250,40,5,250,50,1,6,11,0,0.06,4,0.05,50,8,4,2,2,100,144,5,5,300,1.05,1.05,6.0,2.0,10,6,6,-1,
5,P005,1,ft_jnd,FrameTimeStutter,1295,5.28890,4.3280,1985.14,1178.45,0.000,0.000,1985.14,1178.45,12.8936,9.3826,0.0000,1.3166,0.0000,11.5770,Right,0,0,0,0,174.615,0,0.000,ft_jnd,FrameTimeStutter,1,0,1,0,1,1,0.25,0.25,1.5,100,-10,100,1,5,250,40,5,250,50,1,6,11,0,0.06,4,0.05,50,8,4,2,2,100,144,5,5,300,1.05,1.05,6.0,2.0,10,6,6,-1,
5,P005,1,ft_jnd,FrameTimeStutter,1296,5.29323,4.3219,1985.14,1178.45,0.000,0.000,1985.14,1178.45,12.8936,9.3826,0.0000,1.3166,0.0000,11.5770,Right,0,0,0,0,174.615,0,0.000,ft_jnd,FrameTimeStutter,1,0,1,0,1,1,0.25,0.25,1.5,100,-10,100,1,5,250,40,5,250,50,1,6,11,0,0.06,4,0.05,50,8,4,2,2,100,144,5,5,300,1.05,1.05,6.0,2.0,10,6,6,-1,
5,P005,1,ft_jnd,FrameTimeStutter,1297,5.29717,3.9475,1985.14,1178.45,0.000,0.000,1985.14,1178.45,12.8936,9.3826,0.0000,1.3166,0.0000,11.5770,Right,0,0,0,0,174.615,0,0.000,ft_jnd,FrameTimeStutter,1,0,1,0,1,1,0.25,0.25,1.5,100,-10,100,1,5,250,40,5,250,50,1,6,11,0,0.06,4,0.05,50,8,4,2,2,100,144,5,5,300,1.05,1.05,6.0,2.0,10,6,6,-1,
5,P005,1,ft_jnd,FrameTimeStutter,1298,5.30156,4.3821,1985.14,1178.45,0.000,0.000,1985.14,1178.45,12.8936,9.3826,0.0000,1.3166,0.0000,11.5770,Right,0,0,0,0,174.615,0,0.000,ft_jnd,FrameTimeStutter,1,0,1,0,1,1,0.25,0.25,1.5,100,-10,100,1,5,250,40,5,250,50,1,6,11,0,0.06,4,0.05,50,8,4,2,2,100,144,5,5,300,1.05,1.05,6.0,2.0,10,6,6,-1,
5,P005,1,ft_jnd,FrameTimeStutter,1299,5.30589,4.3371,1985.14,1178.45,0.000,0.000,1985.14,1178.45,12.8936,9.3826,0.0000,1.3166,0.0000,11.5770,Right,0,0,0,0,174.615,0,0.000,ft_jnd,FrameTimeStutter,1,0,1,0,1,1,0.25,0.25,1.5,100,-10,100,1,5,250,40,5,250,50,1,6,11,0,0.06,4,0.05,50,8,4,2,2,100,144,5,5,300,1.05,1.05,6.0,2.0,10,6,6,-1,
5,P005,1,ft_jnd,FrameTimeStutter,1300,5.30994,4.0463,1985.14,1178.45,0.000,0.000,1985.14,1178.45,12.8936,9.3826,0.0000,1.3166,0.0000,11.5770,Right,0,0,0,0,174.615,0,0.000,ft_jnd,FrameTimeStutter,1,0,1,0,1,1,0.25,0.25,1.5,100,-10,100,1,5,250,40,5,250,50,1,6,11,0,0.06,4,0.05,50,8,4,2,2,100,144,5,5,300,1.05,1.05,6.0,2.0,10,6,6,-1,
5,P005,1,ft_jnd,FrameTimeStutter,1301,5.31441,4.4751,1985.14,1178.45,0.000,0.000,1985.14,1178.45,12.8936,9.3826,0.0000,1.3166,0.0000,11.5770,Right,0,0,0,0,174.615,0,0.000,ft_jnd,FrameTimeStutter,1,0,1,0,1,1,0.25,0.25,1.5,100,-10,100,1,5,250,40,5,250,50,1,6,11,0,0.06,4,0.05,50,8,4,2,2,100,144,5,5,300,1.05,1.05,6.0,2.0,10,6,6,-1,
5,P005,1,ft_jnd,FrameTimeStutter,1302,5.31879,4.3746,1985.14,1178.45,0.000,0.000,1985.14,1178.45,12.8936,9.3826,0.0000,1.3166,0.0000,11.5770,Right,0,0,0,0,174.615,0,0.000,ft_jnd,FrameTimeStutter,1,0,1,0,1,1,0.25,0.25,1.5,100,-10,100,1,5,250,40,5,250,50,1,6,11,0,0.06,4,0.05,50,8,4,2,2,100,144,5,5,300,1.05,1.05,6.0,2.0,10,6,6,-1,
5,P005,1,ft_jnd,FrameTimeStutter,1303,5.32326,4.4754,1985.14,1178.45,0.000,0.000,1985.14,1178.45,12.8936,9.3826,0.0000,1.3166,0.0000,11.5770,Right,0,0,0,0,174.615,0,0.000,ft_jnd,FrameTimeStutter,1,0,1,0,1,1,0.25,0.25,1.5,100,-10,100,1,5,250,40,5,250,50,1,6,11,0,0.06,4,0.05,50,8,4,2,2,100,144,5,5,300,1.05,1.05,6.0,2.0,10,6,6,-1,
5,P005,1,ft_jnd,FrameTimeStutter,1304,5.32725,3.9858,1985.14,1178.45,0.000,0.000,1985.14,1178.45,12.8936,9.3826,0.0000,1.3166,0.0000,11.5770,Right,0,0,0,0,174.615,0,0.000,ft_jnd,FrameTimeStutter,1,0,1,0,1,1,0.25,0.25,1.5,100,-10,100,1,5,250,40,5,250,50,1,6,11,0,0.06,4,0.05,50,8,4,2,2,100,144,5,5,300,1.05,1.05,6.0,2.0,10,6,6,-1,
5,P005,1,ft_jnd,FrameTimeStutter,1305,5.33191,4.6551,1985.14,1178.45,0.000,0.000,1985.14,1178.45,12.8936,9.3826,0.0000,1.3166,0.0000,11.5770,Right,0,0,0,0,174.615,0,0.000,ft_jnd,FrameTimeStutter,1,0,1,0,1,1,0.25,0.25,1.5,100,-10,100,1,5,250,40,5,250,50,1,6,11,0,0.06,4,0.05,50,8,4,2,2,100,144,5,5,300,1.05,1.05,6.0,2.0,10,6,6,-1,
5,P005,1,ft_jnd,FrameTimeStutter,1306,5.33630,4.3977,1985.14,1178.45,0.000,0.000,1985.14,1178.45,12.8936,9.3826,0.0000,1.3166,0.0000,11.5770,Right,0,0,0,0,174.615,0,0.000,ft_jnd,FrameTimeStutter,1,0,1,0,1,1,0.25,0.25,1.5,100,-10,100,1,5,250,40,5,250,50,1,6,11,0,0.06,4,0.05,50,8,4,2,2,100,144,5,5,300,1.05,1.05,6.0,2.0,10,6,6,-1,
5,P005,1,ft_jnd,FrameTimeStutter,1307,5.34026,3.9516,1985.14,1178.45,0.000,0.000,1985.14,1178.45,12.8936,9.3826,0.0000,1.3166,0.0000,11.5770,Right,0,0,0,0,174.615,0,0.000,ft_jnd,FrameTimeStutter,1,0,1,0,1,1,0.25,0.25,1.5,100,-10,100,1,5,250,40,5,250,50,1,6,11,0,0.06,4,0.05,50,8,4,2,2,100,144,5,5,300,1.05,1.05,6.0,2.0,10,6,6,-1,
5,P005,1,ft_jnd,FrameTimeStutter,1308,5.34480,4.5414,1985.14,1178.45,0.000,0.000,1985.14,1178.45,12.8936,9.3826,0.0000,1.3166,0.0000,11.5770,Right,0,0,0,0,174.615,0,0.000,ft_jnd,FrameTimeStutter,1,0,1,0,1,1,0.25,0.25,1.5,100,-10,100,1,5,250,40,5,250,50,1,6,11,0,0.06,4,0.05,50,8,4,2,2,100,144,5,5,300,1.05,1.05,6.0,2.0,10,6,6,-1,
5,P005,1,ft_jnd,FrameTimeStutter,1309,5.34936,4.5614,1985.14,1178.45,0.000,0.000,1985.14,1178.45,12.8936,9.3826,0.0000,1.3166,0.0000,11.5770,Right,0,0,0,0,174.615,0,0.000,ft_jnd,FrameTimeStutter,1,0,1,0,1,1,0.25,0.25,1.5,100,-10,100,1,5,250,40,5,250,50,1,6,11,0,0.06,4,0.05,50,8,4,2,2,100,144,5,5,300,1.05,1.05,6.0,2.0,10,6,6,-1,
5,P005,1,ft_jnd,FrameTimeStutter,1310,5.35373,4.3740,1985.14,1178.45,0.000,0.000,1985.14,1178.45,12.8936,9.3826,0.0000,1.3166,0.0000,11.5770,Right,0,0,0,0,174.615,0,0.000,ft_jnd,FrameTimeStutter,1,0,1,0,1,1,0.25,0.25,1.5,100,-10,100,1,5,250,40,5,250,50,1,6,11,0,0.06,4,0.05,50,8,4,2,2,100,144,5,5,300,1.05,1.05,6.0,2.0,10,6,6,-1,
5,P005,1,ft_jnd,FrameTimeStutter,1311,5.35767,3.9381,1985.14,1178.45,0.000,0.000,1985.14,1178.45,12.8936,9.3826,0.0000,1.3166,0.0000,11.5770,Right,0,0,0,0,174.615,0,0.000,ft_jnd,FrameTimeStutter,1,0,1,0,1,1,0.25,0.25,1.5,100,-10,100,1,5,250,40,5,250,50,1,6,11,0,0.06,4,0.05,50,8,4,2,2,100,144,5,5,300,1.05,1.05,6.0,2.0,10,6,6,-1,
5,P005,1,ft_jnd,FrameTimeStutter,1312,5.36208,4.4052,1985.14,1178.45,0.000,0.000,1985.14,1178.45,12.8936,9.3826,0.0000,1.3166,0.0000,11.5770,Right,0,0,0,0,174.615,0,0.000,ft_jnd,FrameTimeStutter,1,0,1,0,1,1,0.25,0.25,1.5,100,-10,100,1,5,250,40,5,250,50,1,6,11,0,0.06,4,0.05,50,8,4,2,2,100,144,5,5,300,1.05,1.05,6.0,2.0,10,6,6,-1,
5,P005,1,ft_jnd,FrameTimeStutter,1313,5.36661,4.5378,1985.14,1178.45,0.000,0.000,1985.14,1178.45,12.8936,9.3826,0.0000,1.3166,0.0000,11.5770,Right,0,0,0,0,174.615,0,0.000,ft_jnd,FrameTimeStutter,1,0,1,0,1,1,0.25,0.25,1.5,100,-10,100,1,5,250,40,5,250,50,1,6,11,0,0.06,4,0.05,50,8,4,2,2,100,144,5,5,300,1.05,1.05,6.0,2.0,10,6,6,-1,
5,P005,1,ft_jnd,FrameTimeStutter,1314,5.37050,3.8845,1985.14,1178.45,0.000,0.000,1985.14,1178.45,12.8936,9.3826,0.0000,1.3166,0.0000,11.5770,Right,0,0,0,0,174.615,0,0.000,ft_jnd,FrameTimeStutter,1,0,1,0,1,1,0.25,0.25,1.5,100,-10,100,1,5,250,40,5,250,50,1,6,11,0,0.06,4,0.05,50,8,4,2,2,100,144,5,5,300,1.05,1.05,6.0,2.0,10,6,6,-1,
5,P005,1,ft_jnd,FrameTimeStutter,1315,5.37502,4.5195,1985.14,1178.45,0.000,0.000,1985.14,1178.45,12.8936,9.3826,0.0000,1.3166,0.0000,11.5770,Right,0,0,0,0,174.615,0,0.000,ft_jnd,FrameTimeStutter,1,0,1,0,1,1,0.25,0.25,1.5,100,-10,100,1,5,250,40,5,250,50,1,6,11,0,0.06,4,0.05,50,8,4,2,2,100,144,5,5,300,1.05,1.05,6.0,2.0,10,6,6,-1,
5,P005,1,ft_jnd,FrameTimeStutter,1316,5.37939,4.3770,1985.14,1178.45,0.000,0.000,1985.14,1178.45,12.8936,9.3826,0.0000,1.3166,0.0000,11.5770,Right,0,0,0,0,174.615,0,0.000,ft_jnd,FrameTimeStutter,1,0,1,0,1,1,0.25,0.25,1.5,100,-10,100,1,5,250,40,5,250,50,1,6,11,0,0.06,4,0.05,50,8,4,2,2,100,144,5,5,300,1.05,1.05,6.0,2.0,10,6,6,-1,
5,P005,1,ft_jnd,FrameTimeStutter,1317,5.38330,3.9050,1985.14,1178.45,0.000,0.000,1985.14,1178.45,12.8936,9.3826,0.0000,1.3166,0.0000,11.5770,Right,0,0,0,0,174.615,0,0.000,ft_jnd,FrameTimeStutter,1,0,1,0,1,1,0.25,0.25,1.5,100,-10,100,1,5,250,40,5,250,50,1,6,11,0,0.06,4,0.05,50,8,4,2,2,100,144,5,5,300,1.05,1.05,6.0,2.0,10,6,6,-1,
5,P005,1,ft_jnd,FrameTimeStutter,1318,5.38769,4.3912,1985.14,1178.45,0.000,0.000,1985.14,1178.45,12.8936,9.3826,0.0000,1.3166,0.0000,11.5770,Right,0,0,0,0,174.615,0,0.000,ft_jnd,FrameTimeStutter,1,0,1,0,1,1,0.25,0.25,1.5,100,-10,100,1,5,250,40,5,250,50,1,6,11,0,0.06,4,0.05,50,8,4,2,2,100,144,5,5,300,1.05,1.05,6.0,2.0,10,6,6,-1,
5,P005,1,ft_jnd,FrameTimeStutter,1319,5.39206,4.3653,1985.14,1178.45,0.000,0.000,1985.14,1178.45,12.8936,9.3826,0.0000,1.3166,0.0000,11.5770,Right,0,0,0,0,174.615,0,0.000,ft_jnd,FrameTimeStutter,1,0,1,0,1,1,0.25,0.25,1.5,100,-10,100,1,5,250,40,5,250,50,1,6,11,0,0.06,4,0.05,50,8,4,2,2,100,144,5,5,300,1.05,1.05,6.0,2.0,10,6,6,-1,
5,P005,1,ft_jnd,FrameTimeStutter,1320,5.39654,4.4890,1985.14,1178.45,0.000,0.000,1985.14,1178.45,12.8936,9.3826,0.0000,1.3166,0.0000,11.5770,Right,0,0,0,0,174.615,0,0.000,ft_jnd,FrameTimeStutter,1,0,1,0,1,1,0.25,0.25,1.5,100,-10,100,1,5,250,40,5,250,50,1,6,11,0,0.06,4,0.05,50,8,4,2,2,100,144,5,5,300,1.05,1.05,6.0,2.0,10,6,6,-1,
5,P005,1,ft_jnd,FrameTimeStutter,1321,5.40046,3.9103,1985.14,1178.45,0.000,0.000,1985.14,1178.45,12.8936,9.3826,0.0000,1.3166,0.0000,11.5770,Right,0,0,0,0,174.615,0,0.000,ft_jnd,FrameTimeStutter,1,0,1,0,1,1,0.25,0.25,1.5,100,-10,100,1,5,250,40,5,250,50,1,6,11,0,0.06,4,0.05,50,8,4,2,2,100,144,5,5,300,1.05,1.05,6.0,2.0,10,6,6,-1,
5,P005,1,ft_jnd,FrameTimeStutter,1322,5.40484,4.3838,1985.14,1178.45,0.000,0.000,1985.14,1178.45,12.8936,9.3826,0.0000,1.3166,0.0000,11.5770,Right,0,0,0,0,174.615,0,0.000,ft_jnd,FrameTimeStutter,1,0,1,0,1,1,0.25,0.25,1.5,100,-10,100,1,5,250,40,5,250,50,1,6,11,0,0.06,4,0.05,50,8,4,2,2,100,144,5,5,300,1.05,1.05,6.0,2.0,10,6,6,-1,
5,P005,1,ft_jnd,FrameTimeStutter,1323,5.40922,4.3811,1985.14,1178.45,0.000,0.000,1985.14,1178.45,12.8936,9.3826,0.0000,1.3166,0.0000,11.5770,Right,0,0,0,0,174.615,0,0.000,ft_jnd,FrameTimeStutter,1,0,1,0,1,1,0.25,0.25,1.5,100,-10,100,1,5,250,40,5,250,50,1,6,11,0,0.06,4,0.05,50,8,4,2,2,100,144,5,5,300,1.05,1.05,6.0,2.0,10,6,6,-1,
5,P005,1,ft_jnd,FrameTimeStutter,1324,5.41314,3.9214,1983.65,1178.45,-1.000,0.000,1983.65,1178.45,12.8665,9.3826,0.0000,1.3166,0.0000,11.5770,Right,0,0,0,0,174.615,0,0.000,ft_jnd,FrameTimeStutter,1,0,1,0,1,1,0.25,0.25,1.5,100,-10,100,1,5,250,40,5,250,50,1,6,11,0,0.06,4,0.05,50,8,4,2,2,100,144,5,5,300,1.05,1.05,6.0,2.0,10,6,6,-1,
5,P005,1,ft_jnd,FrameTimeStutter,1325,5.41765,4.5070,1983.65,1178.45,0.000,0.000,1983.65,1178.45,12.8665,9.3826,0.0000,1.3166,0.0000,11.5499,Right,0,0,0,0,174.615,0,0.000,ft_jnd,FrameTimeStutter,1,0,1,0,1,1,0.25,0.25,1.5,100,-10,100,1,5,250,40,5,250,50,1,6,11,0,0.06,4,0.05,50,8,4,2,2,100,144,5,5,300,1.05,1.05,6.0,2.0,10,6,6,-1,
5,P005,1,ft_jnd,FrameTimeStutter,1326,5.42194,4.2964,1982.17,1178.45,-1.000,0.000,1982.17,1178.45,12.8393,9.3826,0.0000,1.3166,0.0000,11.5499,Right,0,0,0,0,174.615,0,0.000,ft_jnd,FrameTimeStutter,1,0,1,0,1,1,0.25,0.25,1.5,100,-10,100,1,5,250,40,5,250,50,1,6,11,0,0.06,4,0.05,50,8,4,2,2,100,144,5,5,300,1.05,1.05,6.0,2.0,10,6,6,-1,
5,P005,1,ft_jnd,FrameTimeStutter,1327,5.42630,4.3511,1982.17,1178.45,0.000,0.000,1982.17,1178.45,12.8393,9.3826,0.0000,1.3166,0.0000,11.5227,Right,0,0,0,0,174.615,0,0.000,ft_jnd,FrameTimeStutter,1,0,1,0,1,1,0.25,0.25,1.5,100,-10,100,1,5,250,40,5,250,50,1,6,11,0,0.06,4,0.05,50,8,4,2,2,100,144,5,5,300,1.05,1.05,6.0,2.0,10,6,6,-1,
5,P005,1,ft_jnd,FrameTimeStutter,1328,5.43024,3.9439,1973.25,1179.94,-6.000,1.000,1973.25,1179.94,12.6763,9.4098,0.0000,1.3166,0.0000,11.5227,Right,0,0,0,0,174.615,0,0.000,ft_jnd,FrameTimeStutter,1,0,1,0,1,1,0.25,0.25,1.5,100,-10,100,1,5,250,40,5,250,50,1,6,11,0,0.06,4,0.05,50,8,4,2,2,100,144,5,5,300,1.05,1.05,6.0,2.0,10,6,6,-1,
5,P005,1,ft_jnd,FrameTimeStutter,1329,5.43460,4.3612,1973.25,1179.94,0.000,0.000,1973.25,1179.94,12.6763,9.4098,0.0000,1.3166,0.0000,11.3597,Right,0,0,0,0,174.615,0,0.000,ft_jnd,FrameTimeStutter,1,0,1,0,1,1,0.25,0.25,1.5,100,-10,100,1,5,250,40,5,250,50,1,6,11,0,0.06,4,0.05,50,8,4,2,2,100,144,5,5,300,1.05,1.05,6.0,2.0,10,6,6,-1,
5,P005,1,ft_jnd,FrameTimeStutter,1330,5.43906,4.4641,1961.36,1179.94,-8.000,0.000,1961.36,1179.94,12.4589,9.4098,0.0000,1.3166,0.0000,11.3597,Right,0,0,0,0,174.615,0,0.000,ft_jnd,FrameTimeStutter,1,0,1,0,1,1,0.25,0.25,1.5,100,-10,100,1,5,250,40,5,250,50,1,6,11,0,0.06,4,0.05,50,8,4,2,2,100,144,5,5,300,1.05,1.05,6.0,2.0,10,6,6,-1,
5,P005,1,ft_jnd,FrameTimeStutter,1331,5.44297,3.9024,1961.36,1179.94,0.000,0.000,1961.36,1179.94,12.4589,9.4098,0.0000,1.3166,0.0000,11.1423,Right,0,0,0,0,174.615,0,0.000,ft_jnd,FrameTimeStutter,1,0,1,0,1,1,0.25,0.25,1.5,100,-10,100,1,5,250,40,5,250,50,1,6,11,0,0.06,4,0.05,50,8,4,2,2,100,144,5,5,300,1.05,1.05,6.0,2.0,10,6,6,-1,
5,P005,1,ft_jnd,FrameTimeStutter,1332,5.44755,4.5791,1946.50,1181.42,-10.000,1.000,1946.50,1181.42,12.1872,9.4370,0.0000,1.3166,0.0000,11.1423,Right,0,0,0,0,174.615,0,0.000,ft_jnd,FrameTimeStutter,1,0,1,0,1,1,0.25,0.25,1.5,100,-10,100,1,5,250,40,5,250,50,1,6,11,0,0.06,4,0.05,50,8,4,2,2,100,144,5,5,300,1.05,1.05,6.0,2.0,10,6,6,-1,
5,P005,1,ft_jnd,FrameTimeStutter,1333,5.45182,4.2726,1930.16,1182.91,-11.000,1.000,1930.16,1182.91,11.8882,9.4641,0.0000,1.3166,0.0000,10.8705,Right,0,0,0,0,174.615,0,0.000,ft_jnd,FrameTimeStutter,1,0,1,0,1,1,0.25,0.25,1.5,100,-10,100,1,5,250,40,5,250,50,1,6,11,0,0.06,4,0.05,50,8,4,2,2,100,144,5,5,300,1.05,1.05,6.0,2.0,10,6,6,-1,
5,P005,1,ft_jnd,FrameTimeStutter,1334,5.45610,4.2827,1930.16,1182.91,0.000,0.000,1930.16,1182.91,11.8882,9.4641,0.0000,1.3166,0.0000,10.5716,Right,0,0,0,0,174.615,0,0.000,ft_jnd,FrameTimeStutter,1,0,1,0,1,1,0.25,0.25,1.5,100,-10,100,1,5,250,40,5,250,50,1,6,11,0,0.06,4,0.05,50,8,4,2,2,100,144,5,5,300,1.05,1.05,6.0,2.0,10,6,6,-1,
5,P005,1,ft_jnd,FrameTimeStutter,1335,5.46058,4.4766,1907.86,1184.40,-15.000,1.000,1907.86,1184.40,11.4807,9.4913,0.0000,1.3166,0.0000,10.5716,Right,0,0,0,0,174.615,0,0.000,ft_jnd,FrameTimeStutter,1,0,1,0,1,1,0.25,0.25,1.5,100,-10,100,1,5,250,40,5,250,50,1,6,11,0,0.06,4,0.05,50,8,4,2,2,100,144,5,5,300,1.05,1.05,6.0,2.0,10,6,6,-1,
5,P005,1,ft_jnd,FrameTimeStutter,1336,5.46484,4.2643,1907.86,1184.40,0.000,0.000,1907.86,1184.40,11.4807,9.4913,0.0000,1.3166,0.0000,10.1640,Right,0,0,0,0,174.615,0,0.000,ft_jnd,FrameTimeStutter,1,0,1,0,1,1,0.25,0.25,1.5,100,-10,100,1,5,250,40,5,250,50,1,6,11,0,0.06,4,0.05,50,8,4,2,2,100,144,5,5,300,1.05,1.05,6.0,2.0,10,6,6,-1,
5,P005,1,ft_jnd,FrameTimeStutter,1337,5.46913,4.2916,1885.57,1185.88,-15.000,1.000,1885.57,1185.88,11.0731,9.5185,0.0000,1.3166,0.0000,10.1640,Right,0,0,0,0,174.615,0,0.000,ft_jnd,FrameTimeStutter,1,0,1,0,1,1,0.25,0.25,1.5,100,-10,100,1,5,250,40,5,250,50,1,6,11,0,0.06,4,0.05,50,8,4,2,2,100,144,5,5,300,1.05,1.05,6.0,2.0,10,6,6,-1,
5,P005,1,ft_jnd,FrameTimeStutter,1338,5.47315,4.0109,1885.57,1185.88,0.000,0.000,1885.57,1185.88,11.0731,9.5185,0.0000,1.3166,0.0000,9.7564,Right,0,0,0,0,174.615,0,0.000,ft_jnd,FrameTimeStutter,1,0,1,0,1,1,0.25,0.25,1.5,100,-10,100,1,5,250,40,5,250,50,1,6,11,0,0.06,4,0.05,50,8,4,2,2,100,144,5,5,300,1.05,1.05,6.0,2.0,10,6,6,-1,
5,P005,1,ft_jnd,FrameTimeStutter,1339,5.47745,4.3021,1860.31,1185.88,-17.000,0.000,1860.31,1185.88,10.6111,9.5185,0.0000,1.3166,0.0000,9.7564,Right,0,0,0,0,174.615,0,0.000,ft_jnd,FrameTimeStutter,1,0,1,0,1,1,0.25,0.25,1.5,100,-10,100,1,5,250,40,5,250,50,1,6,11,0,0.06,4,0.05,50,8,4,2,2,100,144,5,5,300,1.05,1.05,6.0,2.0,10,6,6,-1,
5,P005,1,ft_jnd,FrameTimeStutter,1340,5.48176,4.3150,1860.31,1185.88,0.000,0.000,1860.31,1185.88,10.6111,9.5185,0.0000,1.3166,0.0000,9.2945,Right,0,0,0,0,174.615,0,0.000,ft_jnd,FrameTimeStutter,1,0,1,0,1,1,0.25,0.25,1.5,100,-10,100,1,5,250,40,5,250,50,1,6,11,0,0.06,4,0.05,50,8,4,2,2,100,144,5,5,300,1.05,1.05,6.0,2.0,10,6,6,-1,
5,P005,1,ft_jnd,FrameTimeStutter,1341,5.48594,4.1825,1832.07,1187.37,-19.000,1.000,1832.07,1187.37,10.0948,9.5456,0.0000,1.3166,0.0000,9.2945,Right,0,0,0,0,174.615,0,0.000,ft_jnd,FrameTimeStutter,1,0,1,0,1,1,0.25,0.25,1.5,100,-10,100,1,5,250,40,5,250,50,1,6,11,0,0.06,4,0.05,50,8,4,2,2,100,144,5,5,300,1.05,1.05,6.0,2.0,10,6,6,-1,
5,P005,1,ft_jnd,FrameTimeStutter,1342,5.49000,4.0568,1832.07,1187.37,0.000,0.000,1832.07,1187.37,10.0948,9.5456,0.0000,1.3166,0.0000,8.7782,Right,0,0,0,0,174.615,0,0.000,ft_jnd,FrameTimeStutter,1,0,1,0,1,1,0.25,0.25,1.5,100,-10,100,1,5,250,40,5,250,50,1,6,11,0,0.06,4,0.05,50,8,4,2,2,100,144,5,5,300,1.05,1.05,6.0,2.0,10,6,6,-1,
5,P005,1,ft_jnd,FrameTimeStutter,1343,5.49427,4.2715,1803.84,1188.85,-19.000,1.000,1803.84,1188.85,9.5785,9.5728,0.0000,1.3166,0.0000,8.7782,Right,0,0,0,0,174.615,0,0.000,ft_jnd,FrameTimeStutter,1,0,1,0,1,1,0.25,0.25,1.5,100,-10,100,1,5,250,40,5,250,50,1,6,11,0,0.06,4,0.05,50,8,4,2,2,100,144,5,5,300,1.05,1.05,6.0,2.0,10,6,6,-1,
5,P005,1,ft_jnd,FrameTimeStutter,1344,5.49852,4.2484,1803.84,1188.85,0.000,0.000,1803.84,1188.85,9.5785,9.5728,0.0000,1.3166,0.0000,8.2619,Right,0,0,0,0,174.615,0,0.000,ft_jnd,FrameTimeStutter,1,0,1,0,1,1,0.25,0.25,1.5,100,-10,100,1,5,250,40,5,250,50,1,6,11,0,0.06,4,0.05,50,8,4,2,2,100,144,5,5,300,1.05,1.05,6.0,2.0,10,6,6,-1,
5,P005,1,ft_jnd,FrameTimeStutter,1345,5.50253,4.0103,1771.15,1188.85,-22.000,0.000,1771.15,1188.85,8.9807,9.5728,0.0000,1.3166,0.0000,8.2619,Right,0,0,0,0,174.615,0,0.000,ft_jnd,FrameTimeStutter,1,0,1,0,1,1,0.25,0.25,1.5,100,-10,100,1,5,250,40,5,250,50,1,6,11,0,0.06,4,0.05,50,8,4,2,2,100,144,5,5,300,1.05,1.05,6.0,2.0,10,6,6,-1,
5,P005,1,ft_jnd,FrameTimeStutter,1346,5.50683,4.2942,1771.15,1188.85,0.000,0.000,1771.15,1188.85,8.9807,9.5728,0.0000,1.3166,0.0000,7.6641,Right,0,0,0,0,174.615,0,0.000,ft_jnd,FrameTimeStutter,1,0,1,0,1,1,0.25,0.25,1.5,100,-10,100,1,5,250,40,5,250,50,1,6,11,0,0.06,4,0.05,50,8,4,2,2,100,144,5,5,300,1.05,1.05,6.0,2.0,10,6,6,-1,
5,P005,1,ft_jnd,FrameTimeStutter,1347,5.51104,4.2102,1732.51,1190.34,-26.000,1.000,1732.51,1190.34,8.2742,9.6000,0.0000,1.3166,0.0000,7.6641,Right,0,0,0,0,174.615,0,0.000,ft_jnd,FrameTimeStutter,1,0,1,0,1,1,0.25,0.25,1.5,100,-10,100,1,5,250,40,5,250,50,1,6,11,0,0.06,4,0.05,50,8,4,2,2,100,144,5,5,300,1.05,1.05,6.0,2.0,10,6,6,-1,
5,P005,1,ft_jnd,FrameTimeStutter,1348,5.51511,4.0755,1732.51,1190.34,0.000,0.000,1732.51,1190.34,8.2742,9.6000,0.0000,1.3166,0.0000,6.9576,Right,0,0,0,0,174.615,0,0.000,ft_jnd,FrameTimeStutter,1,0,1,0,1,1,0.25,0.25,1.5,100,-10,100,1,5,250,40,5,250,50,1,6,11,0,0.06,4,0.05,50,8,4,2,2,100,144,5,5,300,1.05,1.05,6.0,2.0,10,6,6,-1,
5,P005,1,ft_jnd,FrameTimeStutter,1349,5.51934,4.2320,1689.41,1191.83,-29.000,1.000,1689.41,1191.83,7.4862,9.6271,0.0000,1.3166,0.0000,6.9576,Right,0,0,0,0,174.615,0,0.000,ft_jnd,FrameTimeStutter,1,0,1,0,1,1,0.25,0.25,1.5,100,-10,100,1,5,250,40,5,250,50,1,6,11,0,0.06,4,0.05,50,8,4,2,2,100,144,5,5,300,1.05,1.05,6.0,2.0,10,6,6,-1,
5,P005,1,ft_jnd,FrameTimeStutter,1350,5.52365,4.3070,1689.41,1191.83,0.000,0.000,1689.41,1191.83,7.4862,9.6271,0.0000,1.3166,0.0000,6.1696,Right,0,0,0,0,174.615,0,0.000,ft_jnd,FrameTimeStutter,1,0,1,0,1,1,0.25,0.25,1.5,100,-10,100,1,5,250,40,5,250,50,1,6,11,0,0.06,4,0.05,50,8,4,2,2,100,144,5,5,300,1.05,1.05,6.0,2.0,10,6,6,-1,
5,P005,1,ft_jnd,FrameTimeStutter,1351,5.52750,3.8529,1649.29,1191.83,-27.000,0.000,1649.29,1191.83,6.7525,9.6271,0.0000,1.3166,0.0000,6.1696,Right,0,0,0,0,174.615,0,0.000,ft_jnd,FrameTimeStutter,1,0,1,0,1,1,0.25,0.25,1.5,100,-10,100,1,5,250,40,5,250,50,1,6,11,0,0.06,4,0.05,50,8,4,2,2,100,144,5,5,300,1.05,1.05,6.0,2.0,10,6,6,-1,
5,P005,1,ft_jnd,FrameTimeStutter,1352,5.53192,4.4213,1606.19,1191.83,-29.000,0.000,1606.19,1191.83,5.9645,9.6271,0.0000,1.3166,0.0000,5.4359,Right,0,0,0,0,174.615,0,0.000,ft_jnd,FrameTimeStutter,1,0,1,0,1,1,0.25,0.25,1.5,100,-10,100,1,5,250,40,5,250,50,1,6,11,0,0.06,4,0.05,50,8,4,2,2,100,144,5,5,300,1.05,1.05,6.0,2.0,10,6,6,-1,
5,P005,1,ft_jnd,FrameTimeStutter,1353,5.53642,4.4987,1606.19,1191.83,0.000,0.000,1606.19,1191.83,5.9645,9.6271,0.0000,1.3166,0.0000,4.6479,Right,0,0,0,0,174.615,0,0.000,ft_jnd,FrameTimeStutter,1,0,1,0,1,1,0.25,0.25,1.5,100,-10,100,1,5,250,40,5,250,50,1,6,11,0,0.06,4,0.05,50,8,4,2,2,100,144,5,5,300,1.05,1.05,6.0,2.0,10,6,6,-1,
5,P005,1,ft_jnd,FrameTimeStutter,1354,5.54031,3.8835,1557.15,1191.83,-33.000,0.000,1557.15,1191.83,5.0678,9.6271,0.0000,1.3166,0.0000,4.6479,Right,0,0,0,0,174.615,0,0.000,ft_jnd,FrameTimeStutter,1,0,1,0,1,1,0.25,0.25,1.5,100,-10,100,1,5,250,40,5,250,50,1,6,11,0,0.06,4,0.05,50,8,4,2,2,100,144,5,5,300,1.05,1.05,6.0,2.0,10,6,6,-1,
5,P005,1,ft_jnd,FrameTimeStutter,1355,5.54470,4.3912,1557.15,1191.83,0.000,0.000,1557.15,1191.83,5.0678,9.6271,0.0000,1.3166,0.0000,3.7512,Right,0,0,0,0,174.615,0,0.000,ft_jnd,FrameTimeStutter,1,0,1,0,1,1,0.25,0.25,1.5,100,-10,100,1,5,250,40,5,250,50,1,6,11,0,0.06,4,0.05,50,8,4,2,2,100,144,5,5,300,1.05,1.05,6.0,2.0,10,6,6,-1,
5,P005,1,ft_jnd,FrameTimeStutter,1356,5.54890,4.2058,1514.06,1191.83,-29.000,0.000,1514.06,1191.83,4.2798,9.6271,0.0000,1.3166,0.0000,3.7512,Right,0,0,0,0,174.615,0,0.000,ft_jnd,FrameTimeStutter,1,0,1,0,1,1,0.25,0.25,1.5,100,-10,100,1,5,250,40,5,250,50,1,6,11,0,0.06,4,0.05,50,8,4,2,2,100,144,5,5,300,1.05,1.05,6.0,2.0,10,6,6,-1,
5,P005,1,ft_jnd,FrameTimeStutter,1357,5.55288,3.9790,1514.06,1191.83,0.000,0.000,1514.06,1191.83,4.2798,9.6271,0.0000,1.3166,0.0000,2.9632,Right,0,0,0,0,174.615,0,0.000,ft_jnd,FrameTimeStutter,1,0,1,0,1,1,0.25,0.25,1.5,100,-10,100,1,5,250,40,5,250,50,1,6,11,0,0.06,4,0.05,50,8,4,2,2,100,144,5,5,300,1.05,1.05,6.0,2.0,10,6,6,-1,
5,P005,1,ft_jnd,FrameTimeStutter,1358,5.55726,4.3725,1467.99,1190.34,-31.000,-1.000,1467.99,1190.34,3.4374,9.6000,0.0000,1.3166,0.0000,2.9632,Right,0,0,0,0,174.615,0,0.000,ft_jnd,FrameTimeStutter,1,0,1,0,1,1,0.25,0.25,1.5,100,-10,100,1,5,250,40,5,250,50,1,6,11,0,0.06,4,0.05,50,8,4,2,2,100,144,5,5,300,1.05,1.05,6.0,2.0,10,6,6,-1,
5,P005,1,ft_jnd,FrameTimeStutter,1359,5.56147,4.2155,1467.99,1190.34,0.000,0.000,1467.99,1190.34,3.4374,9.6000,0.0000,1.3166,0.0000,2.1208,Right,0,0,0,0,174.615,0,0.000,ft_jnd,FrameTimeStutter,1,0,1,0,1,1,0.25,0.25,1.5,100,-10,100,1,5,250,40,5,250,50,1,6,11,0,0.06,4,0.05,50,8,4,2,2,100,144,5,5,300,1.05,1.05,6.0,2.0,10,6,6,-1,
5,P005,1,ft_jnd,FrameTimeStutter,1360,5.56586,4.3867,1427.86,1190.34,-27.000,0.000,1427.86,1190.34,2.7037,9.6000,0.0000,1.3166,0.0000,2.1208,Right,0,0,0,0,174.615,0,0.000,ft_jnd,FrameTimeStutter,1,0,1,0,1,1,0.25,0.25,1.5,100,-10,100,1,5,250,40,5,250,50,1,6,11,0,0.06,4,0.05,50,8,4,2,2,100,144,5,5,300,1.05,1.05,6.0,2.0,10,6,6,-1,
5,P005,1,ft_jnd,FrameTimeStutter,1361,5.56970,3.8401,1427.86,1190.34,0.000,0.000,1427.86,1190.34,2.7037,9.6000,0.0000,1.3166,0.0000,1.3871,Right,0,0,0,0,174.615,0,0.000,ft_jnd,FrameTimeStutter,1,0,1,0,1,1,0.25,0.25,1.5,100,-10,100,1,5,250,40,5,250,50,1,6,11,0,0.06,4,0.05,50,8,4,2,2,100,144,5,5,300,1.05,1.05,6.0,2.0,10,6,6,-1,
5,P005,1,ft_jnd,FrameTimeStutter,1362,5.57409,4.3883,1384.77,1187.37,-29.000,-2.000,1384.77,1187.37,1.9157,9.5456,0.0000,1.3166,0.0000,1.3871,Right,0,0,0,0,174.615,0,0.000,ft_jnd,FrameTimeStutter,1,0,1,0,1,1,0.25,0.25,1.5,100,-10,100,1,5,250,40,5,250,50,1,6,11,0,0.06,4,0.05,50,8,4,2,2,100,144,5,5,300,1.05,1.05,6.0,2.0,10,6,6,-1,
5,P005,1,ft_jnd,FrameTimeStutter,1363,5.57829,4.2054,1384.77,1187.37,0.000,0.000,1384.77,1187.37,1.9157,9.5456,0.0000,1.3166,0.0000,0.5991,Right,0,0,0,0,174.615,0,0.000,ft_jnd,FrameTimeStutter,1,0,1,0,1,1,0.25,0.25,1.5,100,-10,100,1,5,250,40,5,250,50,1,6,11,0,0.06,4,0.05,50,8,4,2,2,100,144,5,5,300,1.05,1.05,6.0,2.0,10,6,6,-1,
5,P005,1,ft_jnd,FrameTimeStutter,1364,5.58225,3.9563,1340.19,1185.88,-30.000,-1.000,1340.19,1185.88,1.1005,9.5184,0.0000,1.3166,0.0000,0.5991,Right,0,0,0,0,174.615,0,0.000,ft_jnd,FrameTimeStutter,1,0,1,0,1,1,0.25,0.25,1.5,100,-10,100,1,5,250,40,5,250,50,1,6,11,0,0.06,4,0.05,50,8,4,2,2,100,144,5,5,300,1.05,1.05,6.0,2.0,10,6,6,-1,
5,P005,1,ft_jnd,FrameTimeStutter,1365,5.58650,4.2522,1340.19,1185.88,0.000,0.000,1340.19,1185.88,1.1005,9.5184,0.0000,1.3166,0.0000,-0.2161,Right,0,0,0,0,174.615,0,0.000,ft_jnd,FrameTimeStutter,1,0,1,0,1,1,0.25,0.25,1.5,100,-10,100,1,5,250,40,5,250,50,1,6,11,0,0.06,4,0.05,50,8,4,2,2,100,144,5,5,300,1.05,1.05,6.0,2.0,10,6,6,-1,
5,P005,1,ft_jnd,FrameTimeStutter,1366,5.59073,4.2328,1303.03,1184.40,-25.000,-1.000,1303.03,1184.40,0.4212,9.4912,0.0000,1.3166,0.0000,-0.2161,Right,0,0,0,0,174.615,0,0.000,ft_jnd,FrameTimeStutter,1,0,1,0,1,1,0.25,0.25,1.5,100,-10,100,1,5,250,40,5,250,50,1,6,11,0,0.06,4,0.05,50,8,4,2,2,100,144,5,5,300,1.05,1.05,6.0,2.0,10,6,6,-1,
5,P005,1,ft_jnd,FrameTimeStutter,1367,5.59452,3.7857,1303.03,1184.40,0.000,0.000,1303.03,1184.40,0.4212,9.4912,0.0000,1.3166,0.0000,-0.8954,Left,0,0,0,0,174.615,1,174.615,ft_jnd,FrameTimeStutter,1,0,1,0,1,1,0.25,0.25,1.5,100,-10,100,1,5,250,40,5,250,50,1,6,11,0,0.06,4,0.05,50,8,4,2,2,100,144,5,5,300,1.05,1.05,6.0,2.0,10,6,6,-1,
5,P005,1,ft_jnd,FrameTimeStutter,1368,5.77303,178.5164,665.51,1163.59,-429.000,-14.000,665.51,1163.59,-11.2361,9.1108,0.0000,1.3166,0.0000,-0.8954,Left,0,0,0,0,174.615,0,0.000,ft_jnd,FrameTimeStutter,1,0,1,0,1,1,0.25,0.25,1.5,100,-10,100,1,5,250,40,5,250,50,1,6,11,0,0.06,4,0.05,50,8,4,2,2,100,144,5,5,300,1.05,1.05,6.0,2.0,10,6,6,-1,
5,P005,1,ft_jnd,FrameTimeStutter,1369,5.77735,4.3186,665.51,1163.59,0.000,0.000,665.51,1163.59,-11.2361,9.1108,0.0000,1.3166,0.0000,-12.5527,Left,0,0,0,0,174.615,0,0.000,ft_jnd,FrameTimeStutter,1,0,1,0,1,1,0.25,0.25,1.5,100,-10,100,1,5,250,40,5,250,50,1,6,11,0,0.06,4,0.05,50,8,4,2,2,100,144,5,5,300,1.05,1.05,6.0,2.0,10,6,6,-1,
5,P005,1,ft_jnd,FrameTimeStutter,1370,5.78088,3.5283,646.19,1162.11,-13.000,-1.000,646.19,1162.11,-11.5893,9.0836,0.0000,1.3166,0.0000,-12.5527,Left,0,0,0,0,174.615,0,0.000,ft_jnd,FrameTimeStutter,1,0,1,0,1,1,0.25,0.25,1.5,100,-10,100,1,5,250,40,5,250,50,1,6,11,0,0.06,4,0.05,50,8,4,2,2,100,144,5,5,300,1.05,1.05,6.0,2.0,10,6,6,-1,
5,P005,1,ft_jnd,FrameTimeStutter,1371,5.78484,3.9562,646.19,1162.11,0.000,0.000,646.19,1162.11,-11.5893,9.0836,0.0000,1.3166,0.0000,-12.9059,Left,0,0,0,0,174.615,0,0.000,ft_jnd,FrameTimeStutter,1,0,1,0,1,1,0.25,0.25,1.5,100,-10,100,1,5,250,40,5,250,50,1,6,11,0,0.06,4,0.05,50,8,4,2,2,100,144,5,5,300,1.05,1.05,6.0,2.0,10,6,6,-1,
5,P005,1,ft_jnd,FrameTimeStutter,1372,5.78825,3.4143,626.87,1160.62,-13.000,-1.000,626.87,1160.62,-11.9426,9.0565,0.0000,1.3166,0.0000,-12.9059,Left,0,0,0,0,174.615,0,0.000,ft_jnd,FrameTimeStutter,1,0,1,0,1,1,0.25,0.25,1.5,100,-10,100,1,5,250,40,5,250,50,1,6,11,0,0.06,4,0.05,50,8,4,2,2,100,144,5,5,300,1.05,1.05,6.0,2.0,10,6,6,-1,
5,P005,1,ft_jnd,FrameTimeStutter,1373,5.79262,4.3642,626.87,1160.62,0.000,0.000,626.87,1160.62,-11.9426,9.0565,0.0000,1.3166,0.0000,-13.2592,Left,0,0,0,0,174.615,0,0.000,ft_jnd,FrameTimeStutter,1,0,1,0,1,1,0.25,0.25,1.5,100,-10,100,1,5,250,40,5,250,50,1,6,11,0,0.06,4,0.05,50,8,4,2,2,100,144,5,5,300,1.05,1.05,6.0,2.0,10,6,6,-1,
5,P005,1,ft_jnd,FrameTimeStutter,1374,5.79651,3.8896,607.55,1159.13,-13.000,-1.000,607.55,1159.13,-12.2958,9.0293,0.0000,1.3166,0.0000,-13.2592,Left,0,0,0,0,174.615,0,0.000,ft_jnd,FrameTimeStutter,1,0,1,0,1,1,0.25,0.25,1.5,100,-10,100,1,5,250,40,5,250,50,1,6,11,0,0.06,4,0.05,50,8,4,2,2,100,144,5,5,300,1.05,1.05,6.0,2.0,10,6,6,-1,
5,P005,1,ft_jnd,FrameTimeStutter,1375,5.80026,3.7493,607.55,1159.13,0.000,0.000,607.55,1159.13,-12.2958,9.0293,0.0000,1.3166,0.0000,-13.6124,Left,0,0,0,0,174.615,0,0.000,ft_jnd,FrameTimeStutter,1,0,1,0,1,1,0.25,0.25,1.5,100,-10,100,1,5,250,40,5,250,50,1,6,11,0,0.06,4,0.05,50,8,4,2,2,100,144,5,5,300,1.05,1.05,6.0,2.0,10,6,6,-1,
5,P005,1,ft_jnd,FrameTimeStutter,1376,5.80418,3.9274,591.21,1159.13,-11.000,0.000,591.21,1159.13,-12.5947,9.0293,0.0000,1.3166,0.0000,-13.6124,Left,0,0,0,0,174.615,0,0.000,ft_jnd,FrameTimeStutter,1,0,1,0,1,1,0.25,0.25,1.5,100,-10,100,1,5,250,40,5,250,50,1,6,11,0,0.06,4,0.05,50,8,4,2,2,100,144,5,5,300,1.05,1.05,6.0,2.0,10,6,6,-1,
5,P005,1,ft_jnd,FrameTimeStutter,1377,5.80819,4.0120,591.21,1159.13,0.000,0.000,591.21,1159.13,-12.5947,9.0293,0.0000,1.3166,0.0000,-13.9113,Left,0,0,0,0,174.615,0,0.000,ft_jnd,FrameTimeStutter,1,0,1,0,1,1,0.25,0.25,1.5,100,-10,100,1,5,250,40,5,250,50,1,6,11,0,0.06,4,0.05,50,8,4,2,2,100,144,5,5,300,1.05,1.05,6.0,2.0,10,6,6,-1,
5,P005,1,ft_jnd,FrameTimeStutter,1378,5.81191,3.7111,571.89,1157.65,-13.000,-1.000,571.89,1157.65,-12.9480,9.0021,0.0000,1.3166,0.0000,-13.9113,Left,0,0,0,0,174.615,0,0.000,ft_jnd,FrameTimeStutter,1,0,1,0,1,1,0.25,0.25,1.5,100,-10,100,1,5,250,40,5,250,50,1,6,11,0,0.06,4,0.05,50,8,4,2,2,100,144,5,5,300,1.05,1.05,6.0,2.0,10,6,6,-1,
5,P005,1,ft_jnd,FrameTimeStutter,1379,5.81631,4.4030,571.89,1157.65,0.000,0.000,571.89,1157.65,-12.9480,9.0021,0.0000,1.3166,0.0000,-14.2646,Left,0,0,0,0,174.615,0,0.000,ft_jnd,FrameTimeStutter,1,0,1,0,1,1,0.25,0.25,1.5,100,-10,100,1,5,250,40,5,250,50,1,6,11,0,0.06,4,0.05,50,8,4,2,2,100,144,5,5,300,1.05,1.05,6.0,2.0,10,6,6,-1,
5,P005,1,ft_jnd,FrameTimeStutter,1380,5.82033,4.0251,551.08,1157.65,-14.000,0.000,551.08,1157.65,-13.3284,9.0021,0.0000,1.3166,0.0000,-14.2646,Left,0,0,0,0,174.615,0,0.000,ft_jnd,FrameTimeStutter,1,0,1,0,1,1,0.25,0.25,1.5,100,-10,100,1,5,250,40,5,250,50,1,6,11,0,0.06,4,0.05,50,8,4,2,2,100,144,5,5,300,1.05,1.05,6.0,2.0,10,6,6,-1,
5,P005,1,ft_jnd,FrameTimeStutter,1381,5.82425,3.9150,551.08,1157.65,0.000,0.000,551.08,1157.65,-13.3284,9.0021,0.0000,1.3166,0.0000,-14.6450,Left,0,0,0,0,174.615,0,0.000,ft_jnd,FrameTimeStutter,1,0,1,0,1,1,0.25,0.25,1.5,100,-10,100,1,5,250,40,5,250,50,1,6,11,0,0.06,4,0.05,50,8,4,2,2,100,144,5,5,300,1.05,1.05,6.0,2.0,10,6,6,-1,
5,P005,1,ft_jnd,FrameTimeStutter,1382,5.82842,4.1704,531.76,1156.16,-13.000,-1.000,531.76,1156.16,-13.6816,8.9749,0.0000,1.3166,0.0000,-14.6450,Left,0,0,0,0,174.615,0,0.000,ft_jnd,FrameTimeStutter,1,0,1,0,1,1,0.25,0.25,1.5,100,-10,100,1,5,250,40,5,250,50,1,6,11,0,0.06,4,0.05,50,8,4,2,2,100,144,5,5,300,1.05,1.05,6.0,2.0,10,6,6,-1,
5,P005,1,ft_jnd,FrameTimeStutter,1383,5.83264,4.2170,531.76,1156.16,0.000,0.000,531.76,1156.16,-13.6816,8.9749,0.0000,1.3166,0.0000,-14.9982,Left,0,0,0,0,174.615,0,0.000,ft_jnd,FrameTimeStutter,1,0,1,0,1,1,0.25,0.25,1.5,100,-10,100,1,5,250,40,5,250,50,1,6,11,0,0.06,4,0.05,50,8,4,2,2,100,144,5,5,300,1.05,1.05,6.0,2.0,10,6,6,-1,
5,P005,1,ft_jnd,FrameTimeStutter,1384,5.83635,3.7120,510.96,1154.68,-14.000,-1.000,510.96,1154.68,-14.0621,8.9477,0.0000,1.3166,0.0000,-14.9982,Left,0,0,0,0,174.615,0,0.000,ft_jnd,FrameTimeStutter,1,0,1,0,1,1,0.25,0.25,1.5,100,-10,100,1,5,250,40,5,250,50,1,6,11,0,0.06,4,0.05,50,8,4,2,2,100,144,5,5,300,1.05,1.05,6.0,2.0,10,6,6,-1,
5,P005,1,ft_jnd,FrameTimeStutter,1385,5.84066,4.3157,510.96,1154.68,0.000,0.000,510.96,1154.68,-14.0621,8.9477,0.0000,1.3166,0.0000,-15.3787,Left,0,0,0,0,174.615,0,0.000,ft_jnd,FrameTimeStutter,1,0,1,0,1,1,0.25,0.25,1.5,100,-10,100,1,5,250,40,5,250,50,1,6,11,0,0.06,4,0.05,50,8,4,2,2,100,144,5,5,300,1.05,1.05,6.0,2.0,10,6,6,-1,
5,P005,1,ft_jnd,FrameTimeStutter,1386,5.84480,4.1402,488.67,1154.68,-15.000,0.000,488.67,1154.68,-14.4697,8.9477,0.0000,1.3166,0.0000,-15.3787,Left,0,0,0,0,174.615,0,0.000,ft_jnd,FrameTimeStutter,1,0,1,0,1,1,0.25,0.25,1.5,100,-10,100,1,5,250,40,5,250,50,1,6,11,0,0.06,4,0.05,50,8,4,2,2,100,144,5,5,300,1.05,1.05,6.0,2.0,10,6,6,-1,
5,P005,1,ft_jnd,FrameTimeStutter,1387,5.84864,3.8370,488.67,1154.68,0.000,0.000,488.67,1154.68,-14.4697,8.9477,0.0000,1.3166,0.0000,-15.7863,Left,0,0,0,0,174.615,0,0.000,ft_jnd,FrameTimeStutter,1,0,1,0,1,1,0.25,0.25,1.5,100,-10,100,1,5,250,40,5,250,50,1,6,11,0,0.06,4,0.05,50,8,4,2,2,100,144,5,5,300,1.05,1.05,6.0,2.0,10,6,6,-1,
5,P005,1,ft_jnd,FrameTimeStutter,1388,5.85283,4.1881,466.38,1153.19,-15.000,-1.000,466.38,1153.19,-14.8772,8.9206,0.0000,1.3166,0.0000,-15.7863,Left,0,0,0,0,174.615,0,0.000,ft_jnd,FrameTimeStutter,1,0,1,0,1,1,0.25,0.25,1.5,100,-10,100,1,5,250,40,5,250,50,1,6,11,0,0.06,4,0.05,50,8,4,2,2,100,144,5,5,300,1.05,1.05,6.0,2.0,10,6,6,-1,
5,P005,1,ft_jnd,FrameTimeStutter,1389,5.85699,4.1575,466.38,1153.19,0.000,0.000,466.38,1153.19,-14.8772,8.9206,0.0000,1.3166,0.0000,-16.1939,Left,0,0,0,0,174.615,0,0.000,ft_jnd,FrameTimeStutter,1,0,1,0,1,1,0.25,0.25,1.5,100,-10,100,1,5,250,40,5,250,50,1,6,11,0,0.06,4,0.05,50,8,4,2,2,100,144,5,5,300,1.05,1.05,6.0,2.0,10,6,6,-1,
5,P005,1,ft_jnd,FrameTimeStutter,1390,5.86077,3.7836,444.09,1151.70,-15.000,-1.000,444.09,1151.70,-15.2848,8.8934,0.0000,1.3166,0.0000,-16.1939,Left,0,0,0,0,174.615,0,0.000,ft_jnd,FrameTimeStutter,1,0,1,0,1,1,0.25,0.25,1.5,100,-10,100,1,5,250,40,5,250,50,1,6,11,0,0.06,4,0.05,50,8,4,2,2,100,144,5,5,300,1.05,1.05,6.0,2.0,10,6,6,-1,
5,P005,1,ft_jnd,FrameTimeStutter,1391,5.86520,4.4282,444.09,1151.70,0.000,0.000,444.09,1151.70,-15.2848,8.8934,0.0000,1.3166,0.0000,-16.6015,Left,0,0,0,0,174.615,0,0.000,ft_jnd,FrameTimeStutter,1,0,1,0,1,1,0.25,0.25,1.5,100,-10,100,1,5,250,40,5,250,50,1,6,11,0,0.06,4,0.05,50,8,4,2,2,100,144,5,5,300,1.05,1.05,6.0,2.0,10,6,6,-1,
5,P005,1,ft_jnd,FrameTimeStutter,1392,5.86937,4.1724,424.77,1150.22,-13.000,-1.000,424.77,1150.22,-15.6381,8.8662,0.0000,1.3166,0.0000,-16.6015,Left,0,0,0,0,174.615,0,0.000,ft_jnd,FrameTimeStutter,1,0,1,0,1,1,0.25,0.25,1.5,100,-10,100,1,5,250,40,5,250,50,1,6,11,0,0.06,4,0.05,50,8,4,2,2,100,144,5,5,300,1.05,1.05,6.0,2.0,10,6,6,-1,
5,P005,1,ft_jnd,FrameTimeStutter,1393,5.87305,3.6776,424.77,1150.22,0.000,0.000,424.77,1150.22,-15.6381,8.8662,0.0000,1.3166,0.0000,-16.9547,Left,0,0,0,0,174.615,0,0.000,ft_jnd,FrameTimeStutter,1,0,1,0,1,1,0.25,0.25,1.5,100,-10,100,1,5,250,40,5,250,50,1,6,11,0,0.06,4,0.05,50,8,4,2,2,100,144,5,5,300,1.05,1.05,6.0,2.0,10,6,6,-1,
5,P005,1,ft_jnd,FrameTimeStutter,1394,5.87721,4.1614,405.45,1148.73,-13.000,-1.000,405.45,1148.73,-15.9913,8.8390,0.0000,1.3166,0.0000,-16.9547,Left,0,0,0,0,174.615,0,0.000,ft_jnd,FrameTimeStutter,1,0,1,0,1,1,0.25,0.25,1.5,100,-10,100,1,5,250,40,5,250,50,1,6,11,0,0.06,4,0.05,50,8,4,2,2,100,144,5,5,300,1.05,1.05,6.0,2.0,10,6,6,-1,
5,P005,1,ft_jnd,FrameTimeStutter,1395,5.88135,4.1408,405.45,1148.73,0.000,0.000,405.45,1148.73,-15.9913,8.8390,0.0000,1.3166,0.0000,-17.3080,Left,0,0,0,0,174.615,0,0.000,ft_jnd,FrameTimeStutter,1,0,1,0,1,1,0.25,0.25,1.5,100,-10,100,1,5,250,40,5,250,50,1,6,11,0,0.06,4,0.05,50,8,4,2,2,100,144,5,5,300,1.05,1.05,6.0,2.0,10,6,6,-1,
5,P005,1,ft_jnd,FrameTimeStutter,1396,5.88512,3.7739,390.59,1147.25,-10.000,-1.000,390.59,1147.25,-16.2631,8.8118,0.0000,1.3166,0.0000,-17.3080,Left,0,0,0,0,174.615,0,0.000,ft_jnd,FrameTimeStutter,1,0,1,0,1,1,0.25,0.25,1.5,100,-10,100,1,5,250,40,5,250,50,1,6,11,0,0.06,4,0.05,50,8,4,2,2,100,144,5,5,300,1.05,1.05,6.0,2.0,10,6,6,-1,
5,P005,1,ft_jnd,FrameTimeStutter,1397,5.88975,4.6272,390.59,1147.25,0.000,0.000,390.59,1147.25,-16.2631,8.8118,0.0000,1.3166,0.0000,-17.5797,Left,0,0,0,0,174.615,0,0.000,ft_jnd,FrameTimeStutter,1,0,1,0,1,1,0.25,0.25,1.5,100,-10,100,1,5,250,40,5,250,50,1,6,11,0,0.06,4,0.05,50,8,4,2,2,100,144,5,5,300,1.05,1.05,6.0,2.0,10,6,6,-1,
5,P005,1,ft_jnd,FrameTimeStutter,1398,5.89393,4.1783,378.70,1145.76,-8.000,-1.000,378.70,1145.76,-16.4805,8.7847,0.0000,1.3166,0.0000,-17.5797,Left,0,0,0,0,174.615,0,0.000,ft_jnd,FrameTimeStutter,1,0,1,0,1,1,0.25,0.25,1.5,100,-10,100,1,5,250,40,5,250,50,1,6,11,0,0.06,4,0.05,50,8,4,2,2,100,144,5,5,300,1.05,1.05,6.0,2.0,10,6,6,-1,
5,P005,1,ft_jnd,FrameTimeStutter,1399,5.89759,3.6588,378.70,1145.76,0.000,0.000,378.70,1145.76,-16.4805,8.7847,0.0000,1.3166,0.0000,-17.7971,Left,0,0,0,0,174.615,0,0.000,ft_jnd,FrameTimeStutter,1,0,1,0,1,1,0.25,0.25,1.5,100,-10,100,1,5,250,40,5,250,50,1,6,11,0,0.06,4,0.05,50,8,4,2,2,100,144,5,5,300,1.05,1.05,6.0,2.0,10,6,6,-1,
5,P005,1,ft_jnd,FrameTimeStutter,1400,5.90172,4.1344,369.78,1145.76,-6.000,0.000,369.78,1145.76,-16.6435,8.7847,0.0000,1.3166,0.0000,-17.7971,Left,0,0,0,0,174.615,0,0.000,ft_jnd,FrameTimeStutter,1,0,1,0,1,1,0.25,0.25,1.5,100,-10,100,1,5,250,40,5,250,50,1,6,11,0,0.06,4,0.05,50,8,4,2,2,100,144,5,5,300,1.05,1.05,6.0,2.0,10,6,6,-1,
5,P005,1,ft_jnd,FrameTimeStutter,1401,5.90580,4.0741,369.78,1145.76,0.000,0.000,369.78,1145.76,-16.6435,8.7847,0.0000,1.3166,0.0000,-17.9601,Left,0,0,0,0,174.615,0,0.000,ft_jnd,FrameTimeStutter,1,0,1,0,1,1,0.25,0.25,1.5,100,-10,100,1,5,250,40,5,250,50,1,6,11,0,0.06,4,0.05,50,8,4,2,2,100,144,5,5,300,1.05,1.05,6.0,2.0,10,6,6,-1,
5,P005,1,ft_jnd,FrameTimeStutter,1402,5.90960,3.7996,363.84,1144.27,-4.000,-1.000,363.84,1144.27,-16.7522,8.7575,0.0000,1.3166,0.0000,-17.9601,Left,0,0,0,0,174.615,0,0.000,ft_jnd,FrameTimeStutter,1,0,1,0,1,1,0.25,0.25,1.5,100,-10,100,1,5,250,40,5,250,50,1,6,11,0,0.06,4,0.05,50,8,4,2,2,100,144,5,5,300,1.05,1.05,6.0,2.0,10,6,6,-1,
5,P005,1,ft_jnd,FrameTimeStutter,1403,5.91375,4.1536,363.84,1144.27,0.000,0.000,363.84,1144.27,-16.7522,8.7575,0.0000,1.3166,0.0000,-18.0688,Left,0,0,0,0,174.615,0,0.000,ft_jnd,FrameTimeStutter,1,0,1,0,1,1,0.25,0.25,1.5,100,-10,100,1,5,250,40,5,250,50,1,6,11,0,0.06,4,0.05,50,8,4,2,2,100,144,5,5,300,1.05,1.05,6.0,2.0,10,6,6,-1,
5,P005,1,ft_jnd,FrameTimeStutter,1404,5.91779,4.0443,357.89,1144.27,-4.000,0.000,357.89,1144.27,-16.8609,8.7575,0.0000,1.3166,0.0000,-18.0688,Left,0,0,0,0,174.615,0,0.000,ft_jnd,FrameTimeStutter,1,0,1,0,1,1,0.25,0.25,1.5,100,-10,100,1,5,250,40,5,250,50,1,6,11,0,0.06,4,0.05,50,8,4,2,2,100,144,5,5,300,1.05,1.05,6.0,2.0,10,6,6,-1,
5,P005,1,ft_jnd,FrameTimeStutter,1405,5.92057,2.7787,357.89,1144.27,0.000,0.000,357.89,1144.27,-16.8609,8.7575,0.0000,1.3166,0.0000,-18.1775,Left,0,0,0,0,174.615,0,0.000,ft_jnd,FrameTimeStutter,1,0,1,0,1,1,0.25,0.25,1.5,100,-10,100,1,5,250,40,5,250,50,1,6,11,0,0.06,4,0.05,50,8,4,2,2,100,144,5,5,300,1.05,1.05,6.0,2.0,10,6,6,-1,
5,P005,1,ft_jnd,FrameTimeStutter,1406,5.92390,3.3242,356.41,1144.27,-1.000,0.000,356.41,1144.27,-16.8881,8.7575,0.0000,1.3166,0.0000,-18.1775,Left,0,0,0,0,174.615,0,0.000,ft_jnd,FrameTimeStutter,1,0,1,0,1,1,0.25,0.25,1.5,100,-10,100,1,5,250,40,5,250,50,1,6,11,0,0.06,4,0.05,50,8,4,2,2,100,144,5,5,300,1.05,1.05,6.0,2.0,10,6,6,-1,
5,P005,1,ft_jnd,FrameTimeStutter,1407,5.92669,2.7908,356.41,1144.27,0.000,0.000,356.41,1144.27,-16.8881,8.7575,0.0000,1.3166,0.0000,-18.2047,Left,0,0,0,0,174.615,0,0.000,ft_jnd,FrameTimeStutter,1,0,1,0,1,1,0.25,0.25,1.5,100,-10,100,1,5,250,40,5,250,50,1,6,11,0,0.06,4,0.05,50,8,4,2,2,100,144,5,5,300,1.05,1.05,6.0,2.0,10,6,6,-1,
5,P005,1,ft_jnd,FrameTimeStutter,1408,5.93179,5.0993,356.41,1144.27,0.000,0.000,356.41,1144.27,-16.8881,8.7575,0.0000,1.3166,0.0000,-18.2047,Left,0,0,0,0,174.615,0,0.000,ft_jnd,FrameTimeStutter,1,0,1,0,1,1,0.25,0.25,1.5,100,-10,100,1,5,250,40,5,250,50,1,6,11,0,0.06,4,0.05,50,8,4,2,2,100,144,5,5,300,1.05,1.05,6.0,2.0,10,6,6,-1,
5,P005,1,ft_jnd,FrameTimeStutter,1409,5.93588,4.0970,354.92,1144.27,-1.000,0.000,354.92,1144.27,-16.9152,8.7575,0.0000,1.3166,0.0000,-18.2047,Left,0,0,0,0,174.615,0,0.000,ft_jnd,FrameTimeStutter,1,0,1,0,1,1,0.25,0.25,1.5,100,-10,100,1,5,250,40,5,250,50,1,6,11,0,0.06,4,0.05,50,8,4,2,2,100,144,5,5,300,1.05,1.05,6.0,2.0,10,6,6,-1,
5,P005,1,ft_jnd,FrameTimeStutter,1410,5.93902,3.1387,353.44,1144.27,-1.000,0.000,353.44,1144.27,-16.9424,8.7575,0.0000,1.3166,0.0000,-18.2318,Left,0,0,0,0,174.615,0,0.000,ft_jnd,FrameTimeStutter,1,0,1,0,1,1,0.25,0.25,1.5,100,-10,100,1,5,250,40,5,250,50,1,6,11,0,0.06,4,0.05,50,8,4,2,2,100,144,5,5,300,1.05,1.05,6.0,2.0,10,6,6,-1,
5,P005,1,ft_jnd,FrameTimeStutter,1411,5.94360,4.5738,353.44,1144.27,0.000,0.000,353.44,1144.27,-16.9424,8.7575,0.0000,1.3166,0.0000,-18.2590,Left,0,0,0,0,174.615,0,0.000,ft_jnd,FrameTimeStutter,1,0,1,0,1,1,0.25,0.25,1.5,100,-10,100,1,5,250,40,5,250,50,1,6,11,0,0.06,4,0.05,50,8,4,2,2,100,144,5,5,300,1.05,1.05,6.0,2.0,10,6,6,-1,
5,P005,1,ft_jnd,FrameTimeStutter,1412,5.94703,3.4303,353.44,1144.27,0.000,0.000,353.44,1144.27,-16.9424,8.7575,0.0000,1.3166,0.0000,-18.2590,Left,0,0,0,0,174.615,0,0.000,ft_jnd,FrameTimeStutter,1,0,1,0,1,1,0.25,0.25,1.5,100,-10,100,1,5,250,40,5,250,50,1,6,11,0,0.06,4,0.05,50,8,4,2,2,100,144,5,5,300,1.05,1.05,6.0,2.0,10,6,6,-1,
5,P005,1,ft_jnd,FrameTimeStutter,1413,5.95093,3.8979,353.44,1144.27,0.000,0.000,353.44,1144.27,-16.9424,8.7575,0.0000,1.3166,0.0000,-18.2590,Left,0,0,0,0,174.615,0,0.000,ft_jnd,FrameTimeStutter,1,0,1,0,1,1,0.25,0.25,1.5,100,-10,100,1,5,250,40,5,250,50,1,6,11,0,0.06,4,0.05,50,8,4,2,2,100,144,5,5,300,1.05,1.05,6.0,2.0,10,6,6,-1,
5,P005,1,ft_jnd,FrameTimeStutter,1414,5.95536,4.4348,353.44,1144.27,0.000,0.000,353.44,1144.27,-16.9424,8.7575,0.0000,1.3166,0.0000,-18.2590,Left,0,0,0,0,174.615,0,0.000,ft_jnd,FrameTimeStutter,1,0,1,0,1,1,0.25,0.25,1.5,100,-10,100,1,5,250,40,5,250,50,1,6,11,0,0.06,4,0.05,50,8,4,2,2,100,144,5,5,300,1.05,1.05,6.0,2.0,10,6,6,-1,
5,P005,1,ft_jnd,FrameTimeStutter,1415,5.95922,3.8628,351.95,1144.27,-1.000,0.000,351.95,1144.27,-16.9696,8.7575,0.0000,1.3166,0.0000,-18.2590,Left,0,0,0,0,174.615,0,0.000,ft_jnd,FrameTimeStutter,1,0,1,0,1,1,0.25,0.25,1.5,100,-10,100,1,5,250,40,5,250,50,1,6,11,0,0.06,4,0.05,50,8,4,2,2,100,144,5,5,300,1.05,1.05,6.0,2.0,10,6,6,-1,
5,P005,1,ft_jnd,FrameTimeStutter,1416,5.96278,3.5550,351.95,1144.27,0.000,0.000,351.95,1144.27,-16.9696,8.7575,0.0000,1.3166,0.0000,-18.2862,Left,0,0,0,0,174.615,0,0.000,ft_jnd,FrameTimeStutter,1,0,1,0,1,1,0.25,0.25,1.5,100,-10,100,1,5,250,40,5,250,50,1,6,11,0,0.06,4,0.05,50,8,4,2,2,100,144,5,5,300,1.05,1.05,6.0,2.0,10,6,6,-1,
5,P005,1,ft_jnd,FrameTimeStutter,1417,5.96706,4.2811,350.46,1144.27,-1.000,0.000,350.46,1144.27,-16.9967,8.7575,0.0000,1.3166,0.0000,-18.2862,Left,0,0,0,0,174.615,0,0.000,ft_jnd,FrameTimeStutter,1,0,1,0,1,1,0.25,0.25,1.5,100,-10,100,1,5,250,40,5,250,50,1,6,11,0,0.06,4,0.05,50,8,4,2,2,100,144,5,5,300,1.05,1.05,6.0,2.0,10,6,6,-1,
5,P005,1,ft_jnd,FrameTimeStutter,1418,5.97046,3.4054,350.46,1144.27,0.000,0.000,350.46,1144.27,-16.9967,8.7575,0.0000,1.3166,0.0000,-18.3134,Left,0,0,0,0,174.615,0,0.000,ft_jnd,FrameTimeStutter,1,0,1,0,1,1,0.25,0.25,1.5,100,-10,100,1,5,250,40,5,250,50,1,6,11,0,0.06,4,0.05,50,8,4,2,2,100,144,5,5,300,1.05,1.05,6.0,2.0,10,6,6,-1,
5,P005,1,ft_jnd,FrameTimeStutter,1419,5.97444,3.9773,350.46,1144.27,0.000,0.000,350.46,1144.27,-16.9967,8.7575,0.0000,1.3166,0.0000,-18.3134,Left,0,0,0,0,174.615,0,0.000,ft_jnd,FrameTimeStutter,1,0,1,0,1,1,0.25,0.25,1.5,100,-10,100,1,5,250,40,5,250,50,1,6,11,0,0.06,4,0.05,50,8,4,2,2,100,144,5,5,300,1.05,1.05,6.0,2.0,10,6,6,-1,
5,P005,1,ft_jnd,FrameTimeStutter,1420,5.97830,3.8544,350.46,1144.27,0.000,0.000,350.46,1144.27,-16.9967,8.7575,0.0000,1.3166,0.0000,-18.3134,Left,0,0,0,0,174.615,0,0.000,ft_jnd,FrameTimeStutter,1,0,1,0,1,1,0.25,0.25,1.5,100,-10,100,1,5,250,40,5,250,50,1,6,11,0,0.06,4,0.05,50,8,4,2,2,100,144,5,5,300,1.05,1.05,6.0,2.0,10,6,6,-1,
5,P005,1,ft_jnd,FrameTimeStutter,1421,5.98172,3.4268,348.98,1144.27,-1.000,0.000,348.98,1144.27,-17.0239,8.7575,0.0000,1.3166,0.0000,-18.3134,Left,0,0,0,0,174.615,0,0.000,ft_jnd,FrameTimeStutter,1,0,1,0,1,1,0.25,0.25,1.5,100,-10,100,1,5,250,40,5,250,50,1,6,11,0,0.06,4,0.05,50,8,4,2,2,100,144,5,5,300,1.05,1.05,6.0,2.0,10,6,6,-1,
5,P005,1,ft_jnd,FrameTimeStutter,1422,5.98619,4.4699,348.98,1144.27,0.000,0.000,348.98,1144.27,-17.0239,8.7575,0.0000,1.3166,0.0000,-18.3405,Left,0,0,0,0,174.615,0,0.000,ft_jnd,FrameTimeStutter,1,0,1,0,1,1,0.25,0.25,1.5,100,-10,100,1,5,250,40,5,250,50,1,6,11,0,0.06,4,0.05,50,8,4,2,2,100,144,5,5,300,1.05,1.05,6.0,2.0,10,6,6,-1,
5,P005,1,ft_jnd,FrameTimeStutter,1423,5.99017,3.9795,347.49,1142.79,-1.000,-1.000,347.49,1142.79,-17.0511,8.7303,0.0000,1.3166,0.0000,-18.3405,Left,0,0,0,0,174.615,0,0.000,ft_jnd,FrameTimeStutter,1,0,1,0,1,1,0.25,0.25,1.5,100,-10,100,1,5,250,40,5,250,50,1,6,11,0,0.06,4,0.05,50,8,4,2,2,100,144,5,5,300,1.05,1.05,6.0,2.0,10,6,6,-1,
5,P005,1,ft_jnd,FrameTimeStutter,1424,5.99321,3.0412,347.49,1142.79,0.000,0.000,347.49,1142.79,-17.0511,8.7303,0.0000,1.3166,0.0000,-18.3677,Left,0,0,0,0,174.615,0,0.000,ft_jnd,FrameTimeStutter,1,0,1,0,1,1,0.25,0.25,1.5,100,-10,100,1,5,250,40,5,250,50,1,6,11,0,0.06,4,0.05,50,8,4,2,2,100,144,5,5,300,1.05,1.05,6.0,2.0,10,6,6,-1,
5,P005,1,ft_jnd,FrameTimeStutter,1425,5.99837,5.1559,346.01,1142.79,-1.000,0.000,346.01,1142.79,-17.0783,8.7303,0.0000,1.3166,0.0000,-18.3677,Left,0,0,0,0,174.615,0,0.000,ft_jnd,FrameTimeStutter,1,0,1,0,1,1,0.25,0.25,1.5,100,-10,100,1,5,250,40,5,250,50,1,6,11,0,0.06,4,0.05,50,8,4,2,2,100,144,5,5,300,1.05,1.05,6.0,2.0,10,6,6,-1,
5,P005,1,ft_jnd,FrameTimeStutter,1426,6.00248,4.1079,346.01,1142.79,0.000,0.000,346.01,1142.79,-17.0783,8.7303,0.0000,1.3166,0.0000,-18.3949,Left,0,0,0,0,174.615,0,0.000,ft_jnd,FrameTimeStutter,1,0,1,0,1,1,0.25,0.25,1.5,100,-10,100,1,5,250,40,5,250,50,1,6,11,0,0.06,4,0.05,50,8,4,2,2,100,144,5,5,300,1.05,1.05,6.0,2.0,10,6,6,-1,
5,P005,1,ft_jnd,FrameTimeStutter,1427,6.00625,3.7695,344.52,1142.79,-1.000,0.000,344.52,1142.79,-17.1054,8.7303,0.0000,1.3166,0.0000,-18.3949,Left,0,0,0,0,174.615,0,0.000,ft_jnd,FrameTimeStutter,1,0,1,0,1,1,0.25,0.25,1.5,100,-10,100,1,5,250,40,5,250,50,1,6,11,0,0.06,4,0.05,50,8,4,2,2,100,144,5,5,300,1.05,1.05,6.0,2.0,10,6,6,-1,
5,P005,1,ft_jnd,FrameTimeStutter,1428,6.01046,4.2117,344.52,1142.79,0.000,0.000,344.52,1142.79,-17.1054,8.7303,0.0000,1.3166,0.0000,-18.4220,Left,0,0,0,0,174.615,0,0.000,ft_jnd,FrameTimeStutter,1,0,1,0,1,1,0.25,0.25,1.5,100,-10,100,1,5,250,40,5,250,50,1,6,11,0,0.06,4,0.05,50,8,4,2,2,100,144,5,5,300,1.05,1.05,6.0,2.0,10,6,6,-1,
5,P005,1,ft_jnd,FrameTimeStutter,1429,6.01432,3.8627,343.03,1142.79,-1.000,0.000,343.03,1142.79,-17.1326,8.7303,0.0000,1.3166,0.0000,-18.4220,Left,0,0,0,0,174.615,0,0.000,ft_jnd,FrameTimeStutter,1,0,1,0,1,1,0.25,0.25,1.5,100,-10,100,1,5,250,40,5,250,50,1,6,11,0,0.06,4,0.05,50,8,4,2,2,100,144,5,5,300,1.05,1.05,6.0,2.0,10,6,6,-1,
5,P005,1,ft_jnd,FrameTimeStutter,1430,6.01803,3.7103,343.03,1142.79,0.000,0.000,343.03,1142.79,-17.1326,8.7303,0.0000,1.3166,0.0000,-18.4492,Left,0,0,0,0,174.615,0,0.000,ft_jnd,FrameTimeStutter,1,0,1,0,1,1,0.25,0.25,1.5,100,-10,100,1,5,250,40,5,250,50,1,6,11,0,0.06,4,0.05,50,8,4,2,2,100,144,5,5,300,1.05,1.05,6.0,2.0,10,6,6,-1,
5,P005,1,ft_jnd,FrameTimeStutter,1431,6.02139,3.3629,341.55,1142.79,-1.000,0.000,341.55,1142.79,-17.1598,8.7303,0.0000,1.3166,0.0000,-18.4492,Left,0,0,0,0,174.615,0,0.000,ft_jnd,FrameTimeStutter,1,0,1,0,1,1,0.25,0.25,1.5,100,-10,100,1,5,250,40,5,250,50,1,6,11,0,0.06,4,0.05,50,8,4,2,2,100,144,5,5,300,1.05,1.05,6.0,2.0,10,6,6,-1,
5,P005,1,ft_jnd,FrameTimeStutter,1432,6.02435,2.9537,341.55,1142.79,0.000,0.000,341.55,1142.79,-17.1598,8.7303,0.0000,1.3166,0.0000,-18.4764,Left,0,0,0,0,174.615,0,0.000,ft_jnd,FrameTimeStutter,1,0,1,0,1,1,0.25,0.25,1.5,100,-10,100,1,5,250,40,5,250,50,1,6,11,0,0.06,4,0.05,50,8,4,2,2,100,144,5,5,300,1.05,1.05,6.0,2.0,10,6,6,-1,
5,P005,1,ft_jnd,FrameTimeStutter,1433,6.02900,4.6502,340.06,1141.30,-1.000,-1.000,340.06,1141.30,-17.1869,8.7031,0.0000,1.3166,0.0000,-18.4764,Left,0,0,0,0,174.615,0,0.000,ft_jnd,FrameTimeStutter,1,0,1,0,1,1,0.25,0.25,1.5,100,-10,100,1,5,250,40,5,250,50,1,6,11,0,0.06,4,0.05,50,8,4,2,2,100,144,5,5,300,1.05,1.05,6.0,2.0,10,6,6,-1,
5,P005,1,ft_jnd,FrameTimeStutter,1434,6.03289,3.8871,340.06,1141.30,0.000,0.000,340.06,1141.30,-17.1869,8.7031,0.0000,1.3166,0.0000,-18.5036,Left,0,0,0,0,174.615,0,0.000,ft_jnd,FrameTimeStutter,1,0,1,0,1,1,0.25,0.25,1.5,100,-10,100,1,5,250,40,5,250,50,1,6,11,0,0.06,4,0.05,50,8,4,2,2,100,144,5,5,300,1.05,1.05,6.0,2.0,10,6,6,-1,
5,P005,1,ft_jnd,FrameTimeStutter,1435,6.03651,3.6203,338.58,1141.30,-1.000,0.000,338.58,1141.30,-17.2141,8.7031,0.0000,1.3166,0.0000,-18.5036,Left,0,0,0,0,174.615,0,0.000,ft_jnd,FrameTimeStutter,1,0,1,0,1,1,0.25,0.25,1.5,100,-10,100,1,5,250,40,5,250,50,1,6,11,0,0.06,4,0.05,50,8,4,2,2,100,144,5,5,300,1.05,1.05,6.0,2.0,10,6,6,-1,
5,P005,1,ft_jnd,FrameTimeStutter,1436,6.04042,3.9179,338.58,1141.30,0.000,0.000,338.58,1141.30,-17.2141,8.7031,0.0000,1.3166,0.0000,-18.5307,Left,0,0,0,0,174.615,0,0.000,ft_jnd,FrameTimeStutter,1,0,1,0,1,1,0.25,0.25,1.5,100,-10,100,1,5,250,40,5,250,50,1,6,11,0,0.06,4,0.05,50,8,4,2,2,100,144,5,5,300,1.05,1.05,6.0,2.0,10,6,6,-1,
5,P005,1,ft_jnd,FrameTimeStutter,1437,6.04366,3.2321,335.60,1141.30,-2.000,0.000,335.60,1141.30,-17.2685,8.7031,0.0000,1.3166,0.0000,-18.5307,Left,0,0,0,0,174.615,0,0.000,ft_jnd,FrameTimeStutter,1,0,1,0,1,1,0.25,0.25,1.5,100,-10,100,1,5,250,40,5,250,50,1,6,11,0,0.06,4,0.05,50,8,4,2,2,100,144,5,5,300,1.05,1.05,6.0,2.0,10,6,6,-1,
5,P005,1,ft_jnd,FrameTimeStutter,1438,6.04763,3.9756,335.60,1141.30,0.000,0.000,335.60,1141.30,-17.2685,8.7031,0.0000,1.3166,0.0000,-18.5851,Left,0,0,0,0,174.615,0,0.000,ft_jnd,FrameTimeStutter,1,0,1,0,1,1,0.25,0.25,1.5,100,-10,100,1,5,250,40,5,250,50,1,6,11,0,0.06,4,0.05,50,8,4,2,2,100,144,5,5,300,1.05,1.05,6.0,2.0,10,6,6,-1,
5,P005,1,ft_jnd,FrameTimeStutter,1439,6.05163,4.0022,334.12,1141.30,-1.000,0.000,334.12,1141.30,-17.2956,8.7031,0.0000,1.3166,0.0000,-18.5851,Left,0,0,0,0,174.615,0,0.000,ft_jnd,FrameTimeStutter,1,0,1,0,1,1,0.25,0.25,1.5,100,-10,100,1,5,250,40,5,250,50,1,6,11,0,0.06,4,0.05,50,8,4,2,2,100,144,5,5,300,1.05,1.05,6.0,2.0,10,6,6,-1,
5,P005,1,ft_jnd,FrameTimeStutter,1440,6.05503,3.3986,334.12,1141.30,0.000,0.000,334.12,1141.30,-17.2956,8.7031,0.0000,1.3166,0.0000,-18.6122,Left,0,0,0,0,174.615,0,0.000,ft_jnd,FrameTimeStutter,1,0,1,0,1,1,0.25,0.25,1.5,100,-10,100,1,5,250,40,5,250,50,1,6,11,0,0.06,4,0.05,50,8,4,2,2,100,144,5,5,300,1.05,1.05,6.0,2.0,10,6,6,-1,
5,P005,1,ft_jnd,FrameTimeStutter,1441,6.05896,3.9313,334.12,1141.30,0.000,0.000,334.12,1141.30,-17.2956,8.7031,0.0000,1.3166,0.0000,-18.6122,Left,0,0,0,0,174.615,0,0.000,ft_jnd,FrameTimeStutter,1,0,1,0,1,1,0.25,0.25,1.5,100,-10,100,1,5,250,40,5,250,50,1,6,11,0,0.06,4,0.05,50,8,4,2,2,100,144,5,5,300,1.05,1.05,6.0,2.0,10,6,6,-1,
5,P005,1,ft_jnd,FrameTimeStutter,1442,6.06275,3.7878,332.63,1141.30,-1.000,0.000,332.63,1141.30,-17.3228,8.7031,0.0000,1.3166,0.0000,-18.6122,Left,0,0,0,0,174.615,0,0.000,ft_jnd,FrameTimeStutter,1,0,1,0,1,1,0.25,0.25,1.5,100,-10,100,1,5,250,40,5,250,50,1,6,11,0,0.06,4,0.05,50,8,4,2,2,100,144,5,5,300,1.05,1.05,6.0,2.0,10,6,6,-1,
5,P005,1,ft_jnd,FrameTimeStutter,1443,6.06616,3.4120,332.63,1141.30,0.000,0.000,332.63,1141.30,-17.3228,8.7031,0.0000,1.3166,0.0000,-18.6394,Left,0,0,0,0,174.615,0,0.000,ft_jnd,FrameTimeStutter,1,0,1,0,1,1,0.25,0.25,1.5,100,-10,100,1,5,250,40,5,250,50,1,6,11,0,0.06,4,0.05,50,8,4,2,2,100,144,5,5,300,1.05,1.05,6.0,2.0,10,6,6,-1,
5,P005,1,ft_jnd,FrameTimeStutter,1444,6.07035,4.1843,332.63,1141.30,0.000,0.000,332.63,1141.30,-17.3228,8.7031,0.0000,1.3166,0.0000,-18.6394,Left,0,0,0,0,174.615,0,0.000,ft_jnd,FrameTimeStutter,1,0,1,0,1,1,0.25,0.25,1.5,100,-10,100,1,5,250,40,5,250,50,1,6,11,0,0.06,4,0.05,50,8,4,2,2,100,144,5,5,300,1.05,1.05,6.0,2.0,10,6,6,-1,
5,P005,1,ft_jnd,FrameTimeStutter,1445,6.07295,2.5981,332.63,1141.30,0.000,0.000,332.63,1141.30,-17.3228,8.7031,0.0000,1.3166,0.0000,-18.6394,Left,0,0,0,0,174.615,0,0.000,ft_jnd,FrameTimeStutter,1,0,1,0,1,1,0.25,0.25,1.5,100,-10,100,1,5,250,40,5,250,50,1,6,11,0,0.06,4,0.05,50,8,4,2,2,100,144,5,5,300,1.05,1.05,6.0,2.0,10,6,6,-1,
5,P005,1,ft_jnd,FrameTimeStutter,1446,6.07761,4.6676,332.63,1141.30,0.000,0.000,332.63,1141.30,-17.3228,8.7031,0.0000,1.3166,0.0000,-18.6394,Left,0,0,0,0,174.615,0,0.000,ft_jnd,FrameTimeStutter,1,0,1,0,1,1,0.25,0.25,1.5,100,-10,100,1,5,250,40,5,250,50,1,6,11,0,0.06,4,0.05,50,8,4,2,2,100,144,5,5,300,1.05,1.05,6.0,2.0,10,6,6,-1,
5,P005,1,ft_jnd,FrameTimeStutter,1447,6.08142,3.8096,332.63,1141.30,0.000,0.000,332.63,1141.30,-17.3228,8.7031,0.0000,1.3166,0.0000,-18.6394,Left,0,0,0,0,174.615,0,0.000,ft_jnd,FrameTimeStutter,1,0,1,0,1,1,0.25,0.25,1.5,100,-10,100,1,5,250,40,5,250,50,1,6,11,0,0.06,4,0.05,50,8,4,2,2,100,144,5,5,300,1.05,1.05,6.0,2.0,10,6,6,-1,
5,P005,1,ft_jnd,FrameTimeStutter,1448,6.08502,3.5939,332.63,1141.30,0.000,0.000,332.63,1141.30,-17.3228,8.7031,0.0000,1.3166,0.0000,-18.6394,Left,0,0,0,0,174.615,0,0.000,ft_jnd,FrameTimeStutter,1,0,1,0,1,1,0.25,0.25,1.5,100,-10,100,1,5,250,40,5,250,50,1,6,11,0,0.06,4,0.05,50,8,4,2,2,100,144,5,5,300,1.05,1.05,6.0,2.0,10,6,6,-1,
5,P005,1,ft_jnd,FrameTimeStutter,1449,6.08891,3.8903,332.63,1141.30,0.000,0.000,332.63,1141.30,-17.3228,8.7031,0.0000,1.3166,0.0000,-18.6394,Left,0,0,0,0,174.615,0,0.000,ft_jnd,FrameTimeStutter,1,0,1,0,1,1,0.25,0.25,1.5,100,-10,100,1,5,250,40,5,250,50,1,6,11,0,0.06,4,0.05,50,8,4,2,2,100,144,5,5,300,1.05,1.05,6.0,2.0,10,6,6,-1,
5,P005,1,ft_jnd,FrameTimeStutter,1450,6.09186,2.9541,332.63,1141.30,0.000,0.000,332.63,1141.30,-17.3228,8.7031,0.0000,1.3166,0.0000,-18.6394,Left,0,0,0,0,174.615,0,0.000,ft_jnd,FrameTimeStutter,1,0,1,0,1,1,0.25,0.25,1.5,100,-10,100,1,5,250,40,5,250,50,1,6,11,0,0.06,4,0.05,50,8,4,2,2,100,144,5,5,300,1.05,1.05,6.0,2.0,10,6,6,-1,
5,P005,1,ft_jnd,FrameTimeStutter,1451,6.09650,4.6387,332.63,1141.30,0.000,0.000,332.63,1141.30,-17.3228,8.7031,0.0000,1.3166,0.0000,-18.6394,Left,0,0,0,0,174.615,0,0.000,ft_jnd,FrameTimeStutter,1,0,1,0,1,1,0.25,0.25,1.5,100,-10,100,1,5,250,40,5,250,50,1,6,11,0,0.06,4,0.05,50,8,4,2,2,100,144,5,5,300,1.05,1.05,6.0,2.0,10,6,6,-1,
5,P005,1,ft_jnd,FrameTimeStutter,1452,6.10029,3.7912,332.63,1141.30,0.000,0.000,332.63,1141.30,-17.3228,8.7031,0.0000,1.3166,0.0000,-18.6394,Left,0,0,0,0,174.615,0,0.000,ft_jnd,FrameTimeStutter,1,0,1,0,1,1,0.25,0.25,1.5,100,-10,100,1,5,250,40,5,250,50,1,6,11,0,0.06,4,0.05,50,8,4,2,2,100,144,5,5,300,1.05,1.05,6.0,2.0,10,6,6,-1,
5,P005,1,ft_jnd,FrameTimeStutter,1453,6.10367,3.3741,332.63,1141.30,0.000,0.000,332.63,1141.30,-17.3228,8.7031,0.0000,1.3166,0.0000,-18.6394,Left,0,0,0,0,174.615,0,0.000,ft_jnd,FrameTimeStutter,1,0,1,0,1,1,0.25,0.25,1.5,100,-10,100,1,5,250,40,5,250,50,1,6,11,0,0.06,4,0.05,50,8,4,2,2,100,144,5,5,300,1.05,1.05,6.0,2.0,10,6,6,-1,
5,P005,1,ft_jnd,FrameTimeStutter,1454,6.10765,3.9848,332.63,1141.30,0.000,0.000,332.63,1141.30,-17.3228,8.7031,0.0000,1.3166,0.0000,-18.6394,Left,0,0,0,0,174.615,0,0.000,ft_jnd,FrameTimeStutter,1,0,1,0,1,1,0.25,0.25,1.5,100,-10,100,1,5,250,40,5,250,50,1,6,11,0,0.06,4,0.05,50,8,4,2,2,100,144,5,5,300,1.05,1.05,6.0,2.0,10,6,6,-1,
5,P005,1,ft_jnd,FrameTimeStutter,1455,6.11149,3.8416,332.63,1141.30,0.000,0.000,332.63,1141.30,-17.3228,8.7031,0.0000,1.3166,0.0000,-18.6394,Left,0,0,0,0,174.615,0,0.000,ft_jnd,FrameTimeStutter,1,0,1,0,1,1,0.25,0.25,1.5,100,-10,100,1,5,250,40,5,250,50,1,6,11,0,0.06,4,0.05,50,8,4,2,2,100,144,5,5,300,1.05,1.05,6.0,2.0,10,6,6,-1,
5,P005,1,ft_jnd,FrameTimeStutter,1456,6.11428,2.7880,332.63,1141.30,0.000,0.000,332.63,1141.30,-17.3228,8.7031,0.0000,1.3166,0.0000,-18.6394,Left,0,0,0,0,174.615,0,0.000,ft_jnd,FrameTimeStutter,1,0,1,0,1,1,0.25,0.25,1.5,100,-10,100,1,5,250,40,5,250,50,1,6,11,0,0.06,4,0.05,50,8,4,2,2,100,144,5,5,300,1.05,1.05,6.0,2.0,10,6,6,-1,
5,P005,1,ft_jnd,FrameTimeStutter,1457,6.11698,2.7024,332.63,1141.30,0.000,0.000,332.63,1141.30,-17.3228,8.7031,0.0000,1.3166,0.0000,-18.6394,Left,0,0,0,0,174.615,0,0.000,ft_jnd,FrameTimeStutter,1,0,1,0,1,1,0.25,0.25,1.5,100,-10,100,1,5,250,40,5,250,50,1,6,11,0,0.06,4,0.05,50,8,4,2,2,100,144,5,5,300,1.05,1.05,6.0,2.0,10,6,6,-1,
5,P005,1,ft_jnd,FrameTimeStutter,1458,6.12135,4.3722,332.63,1141.30,0.000,0.000,332.63,1141.30,-17.3228,8.7031,0.0000,1.3166,0.0000,-18.6394,Left,0,0,0,0,174.615,0,0.000,ft_jnd,FrameTimeStutter,1,0,1,0,1,1,0.25,0.25,1.5,100,-10,100,1,5,250,40,5,250,50,1,6,11,0,0.06,4,0.05,50,8,4,2,2,100,144,5,5,300,1.05,1.05,6.0,2.0,10,6,6,-1,
5,P005,1,ft_jnd,FrameTimeStutter,1459,6.12544,4.0816,332.63,1141.30,0.000,0.000,332.63,1141.30,-17.3228,8.7031,0.0000,1.3166,0.0000,-18.6394,Left,0,0,0,0,174.615,0,0.000,ft_jnd,FrameTimeStutter,1,0,1,0,1,1,0.25,0.25,1.5,100,-10,100,1,5,250,40,5,250,50,1,6,11,0,0.06,4,0.05,50,8,4,2,2,100,144,5,5,300,1.05,1.05,6.0,2.0,10,6,6,-1,
5,P005,1,ft_jnd,FrameTimeStutter,1460,6.12948,4.0404,332.63,1141.30,0.000,0.000,332.63,1141.30,-17.3228,8.7031,0.0000,1.3166,0.0000,-18.6394,Left,0,0,0,0,174.615,0,0.000,ft_jnd,FrameTimeStutter,1,0,1,0,1,1,0.25,0.25,1.5,100,-10,100,1,5,250,40,5,250,50,1,6,11,0,0.06,4,0.05,50,8,4,2,2,100,144,5,5,300,1.05,1.05,6.0,2.0,10,6,6,-1,
5,P005,1,ft_jnd,FrameTimeStutter,1461,6.13299,3.5165,332.63,1141.30,0.000,0.000,332.63,1141.30,-17.3228,8.7031,0.0000,1.3166,0.0000,-18.6394,Left,0,0,0,0,174.615,0,0.000,ft_jnd,FrameTimeStutter,1,0,1,0,1,1,0.25,0.25,1.5,100,-10,100,1,5,250,40,5,250,50,1,6,11,0,0.06,4,0.05,50,8,4,2,2,100,144,5,5,300,1.05,1.05,6.0,2.0,10,6,6,-1,
5,P005,1,ft_jnd,FrameTimeStutter,1462,6.13694,3.9447,332.63,1141.30,0.000,0.000,332.63,1141.30,-17.3228,8.7031,0.0000,1.3166,0.0000,-18.6394,Left,0,0,0,0,174.615,0,0.000,ft_jnd,FrameTimeStutter,1,0,1,0,1,1,0.25,0.25,1.5,100,-10,100,1,5,250,40,5,250,50,1,6,11,0,0.06,4,0.05,50,8,4,2,2,100,144,5,5,300,1.05,1.05,6.0,2.0,10,6,6,-1,
5,P005,1,ft_jnd,FrameTimeStutter,1463,6.14079,3.8562,332.63,1141.30,0.000,0.000,332.63,1141.30,-17.3228,8.7031,0.0000,1.3166,0.0000,-18.6394,Left,0,0,0,0,174.615,0,0.000,ft_jnd,FrameTimeStutter,1,0,1,0,1,1,0.25,0.25,1.5,100,-10,100,1,5,250,40,5,250,50,1,6,11,0,0.06,4,0.05,50,8,4,2,2,100,144,5,5,300,1.05,1.05,6.0,2.0,10,6,6,-1,
5,P005,1,ft_jnd,FrameTimeStutter,1464,6.14363,2.8407,332.63,1141.30,0.000,0.000,332.63,1141.30,-17.3228,8.7031,0.0000,1.3166,0.0000,-18.6394,Left,0,0,0,0,174.615,0,0.000,ft_jnd,FrameTimeStutter,1,0,1,0,1,1,0.25,0.25,1.5,100,-10,100,1,5,250,40,5,250,50,1,6,11,0,0.06,4,0.05,50,8,4,2,2,100,144,5,5,300,1.05,1.05,6.0,2.0,10,6,6,-1,
5,P005,1,ft_jnd,FrameTimeStutter,1465,6.14833,4.6965,332.63,1141.30,0.000,0.000,332.63,1141.30,-17.3228,8.7031,0.0000,1.3166,0.0000,-18.6394,Left,0,0,0,0,174.615,0,0.000,ft_jnd,FrameTimeStutter,1,0,1,0,1,1,0.25,0.25,1.5,100,-10,100,1,5,250,40,5,250,50,1,6,11,0,0.06,4,0.05,50,8,4,2,2,100,144,5,5,300,1.05,1.05,6.0,2.0,10,6,6,-1,
5,P005,1,ft_jnd,FrameTimeStutter,1466,6.15176,3.4265,332.63,1141.30,0.000,0.000,332.63,1141.30,-17.3228,8.7031,0.0000,1.3166,0.0000,-18.6394,Left,0,0,0,0,174.615,0,0.000,ft_jnd,FrameTimeStutter,1,0,1,0,1,1,0.25,0.25,1.5,100,-10,100,1,5,250,40,5,250,50,1,6,11,0,0.06,4,0.05,50,8,4,2,2,100,144,5,5,300,1.05,1.05,6.0,2.0,10,6,6,-1,
5,P005,1,ft_jnd,FrameTimeStutter,1467,6.15593,4.1775,332.63,1141.30,0.000,0.000,332.63,1141.30,-17.3228,8.7031,0.0000,1.3166,0.0000,-18.6394,Left,0,0,0,0,174.615,0,0.000,ft_jnd,FrameTimeStutter,1,0,1,0,1,1,0.25,0.25,1.5,100,-10,100,1,5,250,40,5,250,50,1,6,11,0,0.06,4,0.05,50,8,4,2,2,100,144,5,5,300,1.05,1.05,6.0,2.0,10,6,6,-1,
5,P005,1,ft_jnd,FrameTimeStutter,1468,6.15975,3.8138,332.63,1141.30,0.000,0.000,332.63,1141.30,-17.3228,8.7031,0.0000,1.3166,0.0000,-18.6394,Left,0,0,0,0,174.615,0,0.000,ft_jnd,FrameTimeStutter,1,0,1,0,1,1,0.25,0.25,1.5,100,-10,100,1,5,250,40,5,250,50,1,6,11,0,0.06,4,0.05,50,8,4,2,2,100,144,5,5,300,1.05,1.05,6.0,2.0,10,6,6,-1,
5,P005,1,ft_jnd,FrameTimeStutter,1469,6.16313,3.3792,332.63,1141.30,0.000,0.000,332.63,1141.30,-17.3228,8.7031,0.0000,1.3166,0.0000,-18.6394,Left,0,0,0,0,174.615,0,0.000,ft_jnd,FrameTimeStutter,1,0,1,0,1,1,0.25,0.25,1.5,100,-10,100,1,5,250,40,5,250,50,1,6,11,0,0.06,4,0.05,50,8,4,2,2,100,144,5,5,300,1.05,1.05,6.0,2.0,10,6,6,-1,
5,P005,1,ft_jnd,FrameTimeStutter,1470,6.16703,3.8995,332.63,1141.30,0.000,0.000,332.63,1141.30,-17.3228,8.7031,0.0000,1.3166,0.0000,-18.6394,Left,0,0,0,0,174.615,0,0.000,ft_jnd,FrameTimeStutter,1,0,1,0,1,1,0.25,0.25,1.5,100,-10,100,1,5,250,40,5,250,50,1,6,11,0,0.06,4,0.05,50,8,4,2,2,100,144,5,5,300,1.05,1.05,6.0,2.0,10,6,6,-1,
5,P005,1,ft_jnd,FrameTimeStutter,1471,6.17077,3.7423,332.63,1141.30,0.000,0.000,332.63,1141.30,-17.3228,8.7031,0.0000,1.3166,0.0000,-18.6394,Left,0,0,0,0,174.615,0,0.000,ft_jnd,FrameTimeStutter,1,0,1,0,1,1,0.25,0.25,1.5,100,-10,100,1,5,250,40,5,250,50,1,6,11,0,0.06,4,0.05,50,8,4,2,2,100,144,5,5,300,1.05,1.05,6.0,2.0,10,6,6,-1,
5,P005,1,ft_jnd,FrameTimeStutter,1472,6.17441,3.6405,332.63,1141.30,0.000,0.000,332.63,1141.30,-17.3228,8.7031,0.0000,1.3166,0.0000,-18.6394,Left,0,0,0,0,174.615,0,0.000,ft_jnd,FrameTimeStutter,1,0,1,0,1,1,0.25,0.25,1.5,100,-10,100,1,5,250,40,5,250,50,1,6,11,0,0.06,4,0.05,50,8,4,2,2,100,144,5,5,300,1.05,1.05,6.0,2.0,10,6,6,-1,
5,P005,1,ft_jnd,FrameTimeStutter,1473,6.17720,2.7847,332.63,1141.30,0.000,0.000,332.63,1141.30,-17.3228,8.7031,0.0000,1.3166,0.0000,-18.6394,Left,0,0,0,0,174.615,0,0.000,ft_jnd,FrameTimeStutter,1,0,1,0,1,1,0.25,0.25,1.5,100,-10,100,1,5,250,40,5,250,50,1,6,11,0,0.06,4,0.05,50,8,4,2,2,100,144,5,5,300,1.05,1.05,6.0,2.0,10,6,6,-1,
5,P005,1,ft_jnd,FrameTimeStutter,1474,6.18003,2.8318,332.63,1141.30,0.000,0.000,332.63,1141.30,-17.3228,8.7031,0.0000,1.3166,0.0000,-18.6394,Left,0,0,0,0,174.615,0,0.000,ft_jnd,FrameTimeStutter,1,0,1,0,1,1,0.25,0.25,1.5,100,-10,100,1,5,250,40,5,250,50,1,6,11,0,0.06,4,0.05,50,8,4,2,2,100,144,5,5,300,1.05,1.05,6.0,2.0,10,6,6,-1,
5,P005,1,ft_jnd,FrameTimeStutter,1475,6.18480,4.7774,332.63,1141.30,0.000,0.000,332.63,1141.30,-17.3228,8.7031,0.0000,1.3166,0.0000,-18.6394,Left,0,0,0,0,174.615,0,0.000,ft_jnd,FrameTimeStutter,1,0,1,0,1,1,0.25,0.25,1.5,100,-10,100,1,5,250,40,5,250,50,1,6,11,0,0.06,4,0.05,50,8,4,2,2,100,144,5,5,300,1.05,1.05,6.0,2.0,10,6,6,-1,
5,P005,1,ft_jnd,FrameTimeStutter,1476,6.18840,3.5971,332.63,1141.30,0.000,0.000,332.63,1141.30,-17.3228,8.7031,0.0000,1.3166,0.0000,-18.6394,Left,0,0,0,0,174.615,0,0.000,ft_jnd,FrameTimeStutter,1,0,1,0,1,1,0.25,0.25,1.5,100,-10,100,1,5,250,40,5,250,50,1,6,11,0,0.06,4,0.05,50,8,4,2,2,100,144,5,5,300,1.05,1.05,6.0,2.0,10,6,6,-1,
5,P005,1,ft_jnd,FrameTimeStutter,1477,6.19251,4.1094,332.63,1141.30,0.000,0.000,332.63,1141.30,-17.3228,8.7031,0.0000,1.3166,0.0000,-18.6394,Left,0,0,0,0,174.615,0,0.000,ft_jnd,FrameTimeStutter,1,0,1,0,1,1,0.25,0.25,1.5,100,-10,100,1,5,250,40,5,250,50,1,6,11,0,0.06,4,0.05,50,8,4,2,2,100,144,5,5,300,1.05,1.05,6.0,2.0,10,6,6,-1,
5,P005,1,ft_jnd,FrameTimeStutter,1478,6.19652,4.0055,332.63,1141.30,0.000,0.000,332.63,1141.30,-17.3228,8.7031,0.0000,1.3166,0.0000,-18.6394,Left,0,0,0,0,174.615,0,0.000,ft_jnd,FrameTimeStutter,1,0,1,0,1,1,0.25,0.25,1.5,100,-10,100,1,5,250,40,5,250,50,1,6,11,0,0.06,4,0.05,50,8,4,2,2,100,144,5,5,300,1.05,1.05,6.0,2.0,10,6,6,-1,
5,P005,1,ft_jnd,FrameTimeStutter,1479,6.19934,2.8275,332.63,1141.30,0.000,0.000,332.63,1141.30,-17.3228,8.7031,0.0000,1.3166,0.0000,-18.6394,Left,0,0,0,0,174.615,0,0.000,ft_jnd,FrameTimeStutter,1,0,1,0,1,1,0.25,0.25,1.5,100,-10,100,1,5,250,40,5,250,50,1,6,11,0,0.06,4,0.05,50,8,4,2,2,100,144,5,5,300,1.05,1.05,6.0,2.0,10,6,6,-1,
5,P005,1,ft_jnd,FrameTimeStutter,1480,6.20428,4.9338,332.63,1141.30,0.000,0.000,332.63,1141.30,-17.3228,8.7031,0.0000,1.3166,0.0000,-18.6394,Left,0,0,0,0,174.615,0,0.000,ft_jnd,FrameTimeStutter,1,0,1,0,1,1,0.25,0.25,1.5,100,-10,100,1,5,250,40,5,250,50,1,6,11,0,0.06,4,0.05,50,8,4,2,2,100,144,5,5,300,1.05,1.05,6.0,2.0,10,6,6,-1,
5,P005,1,ft_jnd,FrameTimeStutter,1481,6.20824,3.9594,332.63,1141.30,0.000,0.000,332.63,1141.30,-17.3228,8.7031,0.0000,1.3166,0.0000,-18.6394,Left,0,0,0,0,174.615,0,0.000,ft_jnd,FrameTimeStutter,1,0,1,0,1,1,0.25,0.25,1.5,100,-10,100,1,5,250,40,5,250,50,1,6,11,0,0.06,4,0.05,50,8,4,2,2,100,144,5,5,300,1.05,1.05,6.0,2.0,10,6,6,-1,
5,P005,1,ft_jnd,FrameTimeStutter,1482,6.21179,3.5576,332.63,1141.30,0.000,0.000,332.63,1141.30,-17.3228,8.7031,0.0000,1.3166,0.0000,-18.6394,Left,0,0,0,0,174.615,0,0.000,ft_jnd,FrameTimeStutter,1,0,1,0,1,1,0.25,0.25,1.5,100,-10,100,1,5,250,40,5,250,50,1,6,11,0,0.06,4,0.05,50,8,4,2,2,100,144,5,5,300,1.05,1.05,6.0,2.0,10,6,6,-1,
5,P005,1,ft_jnd,FrameTimeStutter,1483,6.21587,4.0793,332.63,1141.30,0.000,0.000,332.63,1141.30,-17.3228,8.7031,0.0000,1.3166,0.0000,-18.6394,Left,0,0,0,0,174.615,0,0.000,ft_jnd,FrameTimeStutter,1,0,1,0,1,1,0.25,0.25,1.5,100,-10,100,1,5,250,40,5,250,50,1,6,11,0,0.06,4,0.05,50,8,4,2,2,100,144,5,5,300,1.05,1.05,6.0,2.0,10,6,6,-1,
5,P005,1,ft_jnd,FrameTimeStutter,1484,6.21950,3.6228,332.63,1141.30,0.000,0.000,332.63,1141.30,-17.3228,8.7031,0.0000,1.3166,0.0000,-18.6394,Left,0,0,0,0,174.615,0,0.000,ft_jnd,FrameTimeStutter,1,0,1,0,1,1,0.25,0.25,1.5,100,-10,100,1,5,250,40,5,250,50,1,6,11,0,0.06,4,0.05,50,8,4,2,2,100,144,5,5,300,1.05,1.05,6.0,2.0,10,6,6,-1,
5,P005,1,ft_jnd,FrameTimeStutter,1485,6.22229,2.7943,332.63,1141.30,0.000,0.000,332.63,1141.30,-17.3228,8.7031,0.0000,1.3166,0.0000,-18.6394,Left,0,0,0,0,174.615,0,0.000,ft_jnd,FrameTimeStutter,1,0,1,0,1,1,0.25,0.25,1.5,100,-10,100,1,5,250,40,5,250,50,1,6,11,0,0.06,4,0.05,50,8,4,2,2,100,144,5,5,300,1.05,1.05,6.0,2.0,10,6,6,-1,
5,P005,1,ft_jnd,FrameTimeStutter,1486,6.22546,3.1671,332.63,1141.30,0.000,0.000,332.63,1141.30,-17.3228,8.7031,0.0000,1.3166,0.0000,-18.6394,Left,0,0,0,0,174.615,0,0.000,ft_jnd,FrameTimeStutter,1,0,1,0,1,1,0.25,0.25,1.5,100,-10,100,1,5,250,40,5,250,50,1,6,11,0,0.06,4,0.05,50,8,4,2,2,100,144,5,5,300,1.05,1.05,6.0,2.0,10,6,6,-1,
5,P005,1,ft_jnd,FrameTimeStutter,1487,6.22974,4.2860,332.63,1141.30,0.000,0.000,332.63,1141.30,-17.3228,8.7031,0.0000,1.3166,0.0000,-18.6394,Left,0,0,0,0,174.615,0,0.000,ft_jnd,FrameTimeStutter,1,0,1,0,1,1,0.25,0.25,1.5,100,-10,100,1,5,250,40,5,250,50,1,6,11,0,0.06,4,0.05,50,8,4,2,2,100,144,5,5,300,1.05,1.05,6.0,2.0,10,6,6,-1,
5,P005,1,ft_jnd,FrameTimeStutter,1488,6.23349,3.7485,332.63,1141.30,0.000,0.000,332.63,1141.30,-17.3228,8.7031,0.0000,1.3166,0.0000,-18.6394,Left,0,0,0,0,174.615,0,0.000,ft_jnd,FrameTimeStutter,1,0,1,0,1,1,0.25,0.25,1.5,100,-10,100,1,5,250,40,5,250,50,1,6,11,0,0.06,4,0.05,50,8,4,2,2,100,144,5,5,300,1.05,1.05,6.0,2.0,10,6,6,-1,
5,P005,1,ft_jnd,FrameTimeStutter,1489,6.23689,3.3933,332.63,1141.30,0.000,0.000,332.63,1141.30,-17.3228,8.7031,0.0000,1.3166,0.0000,-18.6394,Left,0,0,0,0,174.615,0,0.000,ft_jnd,FrameTimeStutter,1,0,1,0,1,1,0.25,0.25,1.5,100,-10,100,1,5,250,40,5,250,50,1,6,11,0,0.06,4,0.05,50,8,4,2,2,100,144,5,5,300,1.05,1.05,6.0,2.0,10,6,6,-1,
5,P005,1,ft_jnd,FrameTimeStutter,1490,6.24068,3.7968,332.63,1141.30,0.000,0.000,332.63,1141.30,-17.3228,8.7031,0.0000,1.3166,0.0000,-18.6394,Left,0,0,0,0,174.615,0,0.000,ft_jnd,FrameTimeStutter,1,0,1,0,1,1,0.25,0.25,1.5,100,-10,100,1,5,250,40,5,250,50,1,6,11,0,0.06,4,0.05,50,8,4,2,2,100,144,5,5,300,1.05,1.05,6.0,2.0,10,6,6,-1,
5,P005,1,ft_jnd,FrameTimeStutter,1491,6.24443,3.7473,332.63,1141.30,0.000,0.000,332.63,1141.30,-17.3228,8.7031,0.0000,1.3166,0.0000,-18.6394,Left,0,0,0,0,174.615,0,0.000,ft_jnd,FrameTimeStutter,1,0,1,0,1,1,0.25,0.25,1.5,100,-10,100,1,5,250,40,5,250,50,1,6,11,0,0.06,4,0.05,50,8,4,2,2,100,144,5,5,300,1.05,1.05,6.0,2.0,10,6,6,-1,
5,P005,1,ft_jnd,FrameTimeStutter,1492,6.24794,3.5081,332.63,1141.30,0.000,0.000,332.63,1141.30,-17.3228,8.7031,0.0000,1.3166,0.0000,-18.6394,Left,0,0,0,0,174.615,0,0.000,ft_jnd,FrameTimeStutter,1,0,1,0,1,1,0.25,0.25,1.5,100,-10,100,1,5,250,40,5,250,50,1,6,11,0,0.06,4,0.05,50,8,4,2,2,100,144,5,5,300,1.05,1.05,6.0,2.0,10,6,6,-1,
5,P005,1,ft_jnd,FrameTimeStutter,1493,6.25090,2.9638,332.63,1141.30,0.000,0.000,332.63,1141.30,-17.3228,8.7031,0.0000,1.3166,0.0000,-18.6394,Left,0,0,0,0,174.615,0,0.000,ft_jnd,FrameTimeStutter,1,0,1,0,1,1,0.25,0.25,1.5,100,-10,100,1,5,250,40,5,250,50,1,6,11,0,0.06,4,0.05,50,8,4,2,2,100,144,5,5,300,1.05,1.05,6.0,2.0,10,6,6,-1,
5,P005,1,ft_jnd,FrameTimeStutter,1494,6.25533,4.4286,332.63,1141.30,0.000,0.000,332.63,1141.30,-17.3228,8.7031,0.0000,1.3166,0.0000,-18.6394,Left,0,0,0,0,174.615,0,0.000,ft_jnd,FrameTimeStutter,1,0,1,0,1,1,0.25,0.25,1.5,100,-10,100,1,5,250,40,5,250,50,1,6,11,0,0.06,4,0.05,50,8,4,2,2,100,144,5,5,300,1.05,1.05,6.0,2.0,10,6,6,-1,
5,P005,1,ft_jnd,FrameTimeStutter,1495,6.25919,3.8593,332.63,1141.30,0.000,0.000,332.63,1141.30,-17.3228,8.7031,0.0000,1.3166,0.0000,-18.6394,Left,0,0,0,0,174.615,0,0.000,ft_jnd,FrameTimeStutter,1,0,1,0,1,1,0.25,0.25,1.5,100,-10,100,1,5,250,40,5,250,50,1,6,11,0,0.06,4,0.05,50,8,4,2,2,100,144,5,5,300,1.05,1.05,6.0,2.0,10,6,6,-1,
5,P005,1,ft_jnd,FrameTimeStutter,1496,6.26307,3.8842,332.63,1141.30,0.000,0.000,332.63,1141.30,-17.3228,8.7031,0.0000,1.3166,0.0000,-18.6394,Left,0,0,0,0,174.615,0,0.000,ft_jnd,FrameTimeStutter,1,0,1,0,1,1,0.25,0.25,1.5,100,-10,100,1,5,250,40,5,250,50,1,6,11,0,0.06,4,0.05,50,8,4,2,2,100,144,5,5,300,1.05,1.05,6.0,2.0,10,6,6,-1,
5,P005,1,ft_jnd,FrameTimeStutter,1497,6.26665,3.5732,332.63,1141.30,0.000,0.000,332.63,1141.30,-17.3228,8.7031,0.0000,1.3166,0.0000,-18.6394,Left,0,0,0,0,174.615,0,0.000,ft_jnd,FrameTimeStutter,1,0,1,0,1,1,0.25,0.25,1.5,100,-10,100,1,5,250,40,5,250,50,1,6,11,0,0.06,4,0.05,50,8,4,2,2,100,144,5,5,300,1.05,1.05,6.0,2.0,10,6,6,-1,
5,P005,1,ft_jnd,FrameTimeStutter,1498,6.27076,4.1139,332.63,1141.30,0.000,0.000,332.63,1141.30,-17.3228,8.7031,0.0000,1.3166,0.0000,-18.6394,Left,0,0,0,0,174.615,0,0.000,ft_jnd,FrameTimeStutter,1,0,1,0,1,1,0.25,0.25,1.5,100,-10,100,1,5,250,40,5,250,50,1,6,11,0,0.06,4,0.05,50,8,4,2,2,100,144,5,5,300,1.05,1.05,6.0,2.0,10,6,6,-1,
5,P005,1,ft_jnd,FrameTimeStutter,1499,6.27448,3.7157,332.63,1141.30,0.000,0.000,332.63,1141.30,-17.3228,8.7031,0.0000,1.3166,0.0000,-18.6394,Left,0,0,0,0,174.615,0,0.000,ft_jnd,FrameTimeStutter,1,0,1,0,1,1,0.25,0.25,1.5,100,-10,100,1,5,250,40,5,250,50,1,6,11,0,0.06,4,0.05,50,8,4,2,2,100,144,5,5,300,1.05,1.05,6.0,2.0,10,6,6,-1,
5,P005,1,ft_jnd,FrameTimeStutter,1500,6.27810,3.6252,332.63,1141.30,0.000,0.000,332.63,1141.30,-17.3228,8.7031,0.0000,1.3166,0.0000,-18.6394,Left,0,0,0,0,174.615,0,0.000,ft_jnd,FrameTimeStutter,1,0,1,0,1,1,0.25,0.25,1.5,100,-10,100,1,5,250,40,5,250,50,1,6,11,0,0.06,4,0.05,50,8,4,2,2,100,144,5,5,300,1.05,1.05,6.0,2.0,10,6,6,-1,
5,P005,1,ft_jnd,FrameTimeStutter,1501,6.28233,4.2249,332.63,1141.30,0.000,0.000,332.63,1141.30,-17.3228,8.7031,0.0000,1.3166,0.0000,-18.6394,Left,0,0,0,0,174.615,0,0.000,ft_jnd,FrameTimeStutter,1,0,1,0,1,1,0.25,0.25,1.5,100,-10,100,1,5,250,40,5,250,50,1,6,11,0,0.06,4,0.05,50,8,4,2,2,100,144,5,5,300,1.05,1.05,6.0,2.0,10,6,6,-1,
5,P005,1,ft_jnd,FrameTimeStutter,1502,6.28511,2.7804,332.63,1141.30,0.000,0.000,332.63,1141.30,-17.3228,8.7031,0.0000,1.3166,0.0000,-18.6394,Left,0,0,0,0,174.615,0,0.000,ft_jnd,FrameTimeStutter,1,0,1,0,1,1,0.25,0.25,1.5,100,-10,100,1,5,250,40,5,250,50,1,6,11,0,0.06,4,0.05,50,8,4,2,2,100,144,5,5,300,1.05,1.05,6.0,2.0,10,6,6,-1,
5,P005,1,ft_jnd,FrameTimeStutter,1503,6.28814,3.0318,332.63,1141.30,0.000,0.000,332.63,1141.30,-17.3228,8.7031,0.0000,1.3166,0.0000,-18.6394,Left,0,0,0,0,174.615,0,0.000,ft_jnd,FrameTimeStutter,1,0,1,0,1,1,0.25,0.25,1.5,100,-10,100,1,5,250,40,5,250,50,1,6,11,0,0.06,4,0.05,50,8,4,2,2,100,144,5,5,300,1.05,1.05,6.0,2.0,10,6,6,-1,
5,P005,1,ft_jnd,FrameTimeStutter,1504,6.29236,4.2180,332.63,1141.30,0.000,0.000,332.63,1141.30,-17.3228,8.7031,0.0000,1.3166,0.0000,-18.6394,Left,0,0,0,0,174.615,0,0.000,ft_jnd,FrameTimeStutter,1,0,1,0,1,1,0.25,0.25,1.5,100,-10,100,1,5,250,40,5,250,50,1,6,11,0,0.06,4,0.05,50,8,4,2,2,100,144,5,5,300,1.05,1.05,6.0,2.0,10,6,6,-1,
5,P005,1,ft_jnd,FrameTimeStutter,1505,6.29613,3.7709,332.63,1141.30,0.000,0.000,332.63,1141.30,-17.3228,8.7031,0.0000,1.3166,0.0000,-18.6394,Left,0,0,0,0,174.615,0,0.000,ft_jnd,FrameTimeStutter,1,0,1,0,1,1,0.25,0.25,1.5,100,-10,100,1,5,250,40,5,250,50,1,6,11,0,0.06,4,0.05,50,8,4,2,2,100,144,5,5,300,1.05,1.05,6.0,2.0,10,6,6,-1,
5,P005,1,ft_jnd,FrameTimeStutter,1506,6.30010,3.9747,332.63,1141.30,0.000,0.000,332.63,1141.30,-17.3228,8.7031,0.0000,1.3166,0.0000,-18.6394,Left,0,0,0,0,174.615,0,0.000,ft_jnd,FrameTimeStutter,1,0,1,0,1,1,0.25,0.25,1.5,100,-10,100,1,5,250,40,5,250,50,1,6,11,0,0.06,4,0.05,50,8,4,2,2,100,144,5,5,300,1.05,1.05,6.0,2.0,10,6,6,-1,
5,P005,1,ft_jnd,FrameTimeStutter,1507,6.30341,3.3079,332.63,1141.30,0.000,0.000,332.63,1141.30,-17.3228,8.7031,0.0000,1.3166,0.0000,-18.6394,Left,0,0,0,0,174.615,0,0.000,ft_jnd,FrameTimeStutter,1,0,1,0,1,1,0.25,0.25,1.5,100,-10,100,1,5,250,40,5,250,50,1,6,11,0,0.06,4,0.05,50,8,4,2,2,100,144,5,5,300,1.05,1.05,6.0,2.0,10,6,6,-1,
5,P005,1,ft_jnd,FrameTimeStutter,1508,6.30633,2.9242,332.63,1141.30,0.000,0.000,332.63,1141.30,-17.3228,8.7031,0.0000,1.3166,0.0000,-18.6394,Left,0,0,0,0,174.615,0,0.000,ft_jnd,FrameTimeStutter,1,0,1,0,1,1,0.25,0.25,1.5,100,-10,100,1,5,250,40,5,250,50,1,6,11,0,0.06,4,0.05,50,8,4,2,2,100,144,5,5,300,1.05,1.05,6.0,2.0,10,6,6,-1,
5,P005,1,ft_jnd,FrameTimeStutter,1509,6.31110,4.7658,332.63,1141.30,0.000,0.000,332.63,1141.30,-17.3228,8.7031,0.0000,1.3166,0.0000,-18.6394,Left,0,0,0,0,174.615,0,0.000,ft_jnd,FrameTimeStutter,1,0,1,0,1,1,0.25,0.25,1.5,100,-10,100,1,5,250,40,5,250,50,1,6,11,0,0.06,4,0.05,50,8,4,2,2,100,144,5,5,300,1.05,1.05,6.0,2.0,10,6,6,-1,
5,P005,1,ft_jnd,FrameTimeStutter,1510,6.31435,3.2491,332.63,1141.30,0.000,0.000,332.63,1141.30,-17.3228,8.7031,0.0000,1.3166,0.0000,-18.6394,Left,0,0,0,0,174.615,0,0.000,ft_jnd,FrameTimeStutter,1,0,1,0,1,1,0.25,0.25,1.5,100,-10,100,1,5,250,40,5,250,50,1,6,11,0,0.06,4,0.05,50,8,4,2,2,100,144,5,5,300,1.05,1.05,6.0,2.0,10,6,6,-1,
5,P005,1,ft_jnd,FrameTimeStutter,1511,6.31845,4.1004,332.63,1141.30,0.000,0.000,332.63,1141.30,-17.3228,8.7031,0.0000,1.3166,0.0000,-18.6394,Left,0,0,0,0,174.615,0,0.000,ft_jnd,FrameTimeStutter,1,0,1,0,1,1,0.25,0.25,1.5,100,-10,100,1,5,250,40,5,250,50,1,6,11,0,0.06,4,0.05,50,8,4,2,2,100,144,5,5,300,1.05,1.05,6.0,2.0,10,6,6,-1,
5,P005,1,ft_jnd,FrameTimeStutter,1512,6.32173,3.2820,332.63,1141.30,0.000,0.000,332.63,1141.30,-17.3228,8.7031,0.0000,1.3166,0.0000,-18.6394,Left,0,0,0,0,174.615,0,0.000,ft_jnd,FrameTimeStutter,1,0,1,0,1,1,0.25,0.25,1.5,100,-10,100,1,5,250,40,5,250,50,1,6,11,0,0.06,4,0.05,50,8,4,2,2,100,144,5,5,300,1.05,1.05,6.0,2.0,10,6,6,-1,
5,P005,1,ft_jnd,FrameTimeStutter,1513,6.32493,3.1956,332.63,1141.30,0.000,0.000,332.63,1141.30,-17.3228,8.7031,0.0000,1.3166,0.0000,-18.6394,Left,0,0,0,0,174.615,0,0.000,ft_jnd,FrameTimeStutter,1,0,1,0,1,1,0.25,0.25,1.5,100,-10,100,1,5,250,40,5,250,50,1,6,11,0,0.06,4,0.05,50,8,4,2,2,100,144,5,5,300,1.05,1.05,6.0,2.0,10,6,6,-1,
5,P005,1,ft_jnd,FrameTimeStutter,1514,6.32944,4.5088,332.63,1141.30,0.000,0.000,332.63,1141.30,-17.3228,8.7031,0.0000,1.3166,0.0000,-18.6394,Left,0,0,0,0,174.615,0,0.000,ft_jnd,FrameTimeStutter,1,0,1,0,1,1,0.25,0.25,1.5,100,-10,100,1,5,250,40,5,250,50,1,6,11,0,0.06,4,0.05,50,8,4,2,2,100,144,5,5,300,1.05,1.05,6.0,2.0,10,6,6,-1,
5,P005,1,ft_jnd,FrameTimeStutter,1515,6.33272,3.2857,332.63,1141.30,0.000,0.000,332.63,1141.30,-17.3228,8.7031,0.0000,1.3166,0.0000,-18.6394,Left,0,0,0,0,174.615,0,0.000,ft_jnd,FrameTimeStutter,1,0,1,0,1,1,0.25,0.25,1.5,100,-10,100,1,5,250,40,5,250,50,1,6,11,0,0.06,4,0.05,50,8,4,2,2,100,144,5,5,300,1.05,1.05,6.0,2.0,10,6,6,-1,
5,P005,1,ft_jnd,FrameTimeStutter,1516,6.33666,3.9430,332.63,1141.30,0.000,0.000,332.63,1141.30,-17.3228,8.7031,0.0000,1.3166,0.0000,-18.6394,Left,0,0,0,0,174.615,0,0.000,ft_jnd,FrameTimeStutter,1,0,1,0,1,1,0.25,0.25,1.5,100,-10,100,1,5,250,40,5,250,50,1,6,11,0,0.06,4,0.05,50,8,4,2,2,100,144,5,5,300,1.05,1.05,6.0,2.0,10,6,6,-1,
5,P005,1,ft_jnd,FrameTimeStutter,1517,6.33996,3.2982,332.63,1141.30,0.000,0.000,332.63,1141.30,-17.3228,8.7031,0.0000,1.3166,0.0000,-18.6394,Left,0,0,0,0,174.615,0,0.000,ft_jnd,FrameTimeStutter,1,0,1,0,1,1,0.25,0.25,1.5,100,-10,100,1,5,250,40,5,250,50,1,6,11,0,0.06,4,0.05,50,8,4,2,2,100,144,5,5,300,1.05,1.05,6.0,2.0,10,6,6,-1,
5,P005,1,ft_jnd,FrameTimeStutter,1518,6.34395,3.9825,332.63,1141.30,0.000,0.000,332.63,1141.30,-17.3228,8.7031,0.0000,1.3166,0.0000,-18.6394,Left,0,0,0,0,174.615,0,0.000,ft_jnd,FrameTimeStutter,1,0,1,0,1,1,0.25,0.25,1.5,100,-10,100,1,5,250,40,5,250,50,1,6,11,0,0.06,4,0.05,50,8,4,2,2,100,144,5,5,300,1.05,1.05,6.0,2.0,10,6,6,-1,
5,P005,1,ft_jnd,FrameTimeStutter,1519,6.34761,3.6636,332.63,1141.30,0.000,0.000,332.63,1141.30,-17.3228,8.7031,0.0000,1.3166,0.0000,-18.6394,Left,0,0,0,0,174.615,0,0.000,ft_jnd,FrameTimeStutter,1,0,1,0,1,1,0.25,0.25,1.5,100,-10,100,1,5,250,40,5,250,50,1,6,11,0,0.06,4,0.05,50,8,4,2,2,100,144,5,5,300,1.05,1.05,6.0,2.0,10,6,6,-1,
5,P005,1,ft_jnd,FrameTimeStutter,1520,6.35076,3.1532,332.63,1141.30,0.000,0.000,332.63,1141.30,-17.3228,8.7031,0.0000,1.3166,0.0000,-18.6394,Left,0,0,0,0,174.615,0,0.000,ft_jnd,FrameTimeStutter,1,0,1,0,1,1,0.25,0.25,1.5,100,-10,100,1,5,250,40,5,250,50,1,6,11,0,0.06,4,0.05,50,8,4,2,2,100,144,5,5,300,1.05,1.05,6.0,2.0,10,6,6,-1,
5,P005,1,ft_jnd,FrameTimeStutter,1521,6.35474,3.9823,332.63,1141.30,0.000,0.000,332.63,1141.30,-17.3228,8.7031,0.0000,1.3166,0.0000,-18.6394,Left,0,0,0,0,174.615,0,0.000,ft_jnd,FrameTimeStutter,1,0,1,0,1,1,0.25,0.25,1.5,100,-10,100,1,5,250,40,5,250,50,1,6,11,0,0.06,4,0.05,50,8,4,2,2,100,144,5,5,300,1.05,1.05,6.0,2.0,10,6,6,-1,
5,P005,1,ft_jnd,FrameTimeStutter,1522,6.35801,3.2668,332.63,1141.30,0.000,0.000,332.63,1141.30,-17.3228,8.7031,0.0000,1.3166,0.0000,-18.6394,Left,0,0,0,0,174.615,0,0.000,ft_jnd,FrameTimeStutter,1,0,1,0,1,1,0.25,0.25,1.5,100,-10,100,1,5,250,40,5,250,50,1,6,11,0,0.06,4,0.05,50,8,4,2,2,100,144,5,5,300,1.05,1.05,6.0,2.0,10,6,6,-1,
5,P005,1,ft_jnd,FrameTimeStutter,1523,6.36081,2.7953,332.63,1141.30,0.000,0.000,332.63,1141.30,-17.3228,8.7031,0.0000,1.3166,0.0000,-18.6394,Left,0,0,0,0,174.615,0,0.000,ft_jnd,FrameTimeStutter,1,0,1,0,1,1,0.25,0.25,1.5,100,-10,100,1,5,250,40,5,250,50,1,6,11,0,0.06,4,0.05,50,8,4,2,2,100,144,5,5,300,1.05,1.05,6.0,2.0,10,6,6,-1,
5,P005,1,ft_jnd,FrameTimeStutter,1524,6.36566,4.8501,332.63,1141.30,0.000,0.000,332.63,1141.30,-17.3228,8.7031,0.0000,1.3166,0.0000,-18.6394,Left,0,0,0,0,174.615,0,0.000,ft_jnd,FrameTimeStutter,1,0,1,0,1,1,0.25,0.25,1.5,100,-10,100,1,5,250,40,5,250,50,1,6,11,0,0.06,4,0.05,50,8,4,2,2,100,144,5,5,300,1.05,1.05,6.0,2.0,10,6,6,-1,
5,P005,1,ft_jnd,FrameTimeStutter,1525,6.36909,3.4349,332.63,1141.30,0.000,0.000,332.63,1141.30,-17.3228,8.7031,0.0000,1.3166,0.0000,-18.6394,Left,0,0,0,0,174.615,0,0.000,ft_jnd,FrameTimeStutter,1,0,1,0,1,1,0.25,0.25,1.5,100,-10,100,1,5,250,40,5,250,50,1,6,11,0,0.06,4,0.05,50,8,4,2,2,100,144,5,5,300,1.05,1.05,6.0,2.0,10,6,6,-1,
5,P005,1,ft_jnd,FrameTimeStutter,1526,6.37329,4.1936,332.63,1141.30,0.000,0.000,332.63,1141.30,-17.3228,8.7031,0.0000,1.3166,0.0000,-18.6394,Left,0,0,0,0,174.615,0,0.000,ft_jnd,FrameTimeStutter,1,0,1,0,1,1,0.25,0.25,1.5,100,-10,100,1,5,250,40,5,250,50,1,6,11,0,0.06,4,0.05,50,8,4,2,2,100,144,5,5,300,1.05,1.05,6.0,2.0,10,6,6,-1,
5,P005,1,ft_jnd,FrameTimeStutter,1527,6.37684,3.5567,332.63,1141.30,0.000,0.000,332.63,1141.30,-17.3228,8.7031,0.0000,1.3166,0.0000,-18.6394,Left,0,0,0,0,174.615,0,0.000,ft_jnd,FrameTimeStutter,1,0,1,0,1,1,0.25,0.25,1.5,100,-10,100,1,5,250,40,5,250,50,1,6,11,0,0.06,4,0.05,50,8,4,2,2,100,144,5,5,300,1.05,1.05,6.0,2.0,10,6,6,-1,
5,P005,1,ft_jnd,FrameTimeStutter,1528,6.37963,2.7911,332.63,1141.30,0.000,0.000,332.63,1141.30,-17.3228,8.7031,0.0000,1.3166,0.0000,-18.6394,Left,0,0,0,0,174.615,0,0.000,ft_jnd,FrameTimeStutter,1,0,1,0,1,1,0.25,0.25,1.5,100,-10,100,1,5,250,40,5,250,50,1,6,11,0,0.06,4,0.05,50,8,4,2,2,100,144,5,5,300,1.05,1.05,6.0,2.0,10,6,6,-1,
5,P005,1,ft_jnd,FrameTimeStutter,1529,6.38422,4.5831,332.63,1141.30,0.000,0.000,332.63,1141.30,-17.3228,8.7031,0.0000,1.3166,0.0000,-18.6394,Left,0,0,0,0,174.615,0,0.000,ft_jnd,FrameTimeStutter,1,0,1,0,1,1,0.25,0.25,1.5,100,-10,100,1,5,250,40,5,250,50,1,6,11,0,0.06,4,0.05,50,8,4,2,2,100,144,5,5,300,1.05,1.05,6.0,2.0,10,6,6,-1,
5,P005,1,ft_jnd,FrameTimeStutter,1530,6.38759,3.3696,332.63,1141.30,0.000,0.000,332.63,1141.30,-17.3228,8.7031,0.0000,1.3166,0.0000,-18.6394,Left,0,0,0,0,174.615,0,0.000,ft_jnd,FrameTimeStutter,1,0,1,0,1,1,0.25,0.25,1.5,100,-10,100,1,5,250,40,5,250,50,1,6,11,0,0.06,4,0.05,50,8,4,2,2,100,144,5,5,300,1.05,1.05,6.0,2.0,10,6,6,-1,
5,P005,1,ft_jnd,FrameTimeStutter,1531,6.39179,4.2039,332.63,1141.30,0.000,0.000,332.63,1141.30,-17.3228,8.7031,0.0000,1.3166,0.0000,-18.6394,Left,0,0,0,0,174.615,0,0.000,ft_jnd,FrameTimeStutter,1,0,1,0,1,1,0.25,0.25,1.5,100,-10,100,1,5,250,40,5,250,50,1,6,11,0,0.06,4,0.05,50,8,4,2,2,100,144,5,5,300,1.05,1.05,6.0,2.0,10,6,6,-1,
5,P005,1,ft_jnd,FrameTimeStutter,1532,6.39532,3.5314,332.63,1141.30,0.000,0.000,332.63,1141.30,-17.3228,8.7031,0.0000,1.3166,0.0000,-18.6394,Left,0,0,0,0,174.615,0,0.000,ft_jnd,FrameTimeStutter,1,0,1,0,1,1,0.25,0.25,1.5,100,-10,100,1,5,250,40,5,250,50,1,6,11,0,0.06,4,0.05,50,8,4,2,2,100,144,5,5,300,1.05,1.05,6.0,2.0,10,6,6,-1,
5,P005,1,ft_jnd,FrameTimeStutter,1533,6.39809,2.7717,332.63,1141.30,0.000,0.000,332.63,1141.30,-17.3228,8.7031,0.0000,1.3166,0.0000,-18.6394,Left,0,0,0,0,174.615,0,0.000,ft_jnd,FrameTimeStutter,1,0,1,0,1,1,0.25,0.25,1.5,100,-10,100,1,5,250,40,5,250,50,1,6,11,0,0.06,4,0.05,50,8,4,2,2,100,144,5,5,300,1.05,1.05,6.0,2.0,10,6,6,-1,
5,P005,1,ft_jnd,FrameTimeStutter,1534,6.40284,4.7493,332.63,1141.30,0.000,0.000,332.63,1141.30,-17.3228,8.7031,0.0000,1.3166,0.0000,-18.6394,Left,0,0,0,0,174.615,0,0.000,ft_jnd,FrameTimeStutter,1,0,1,0,1,1,0.25,0.25,1.5,100,-10,100,1,5,250,40,5,250,50,1,6,11,0,0.06,4,0.05,50,8,4,2,2,100,144,5,5,300,1.05,1.05,6.0,2.0,10,6,6,-1,
5,P005,1,ft_jnd,FrameTimeStutter,1535,6.40617,3.3274,332.63,1141.30,0.000,0.000,332.63,1141.30,-17.3228,8.7031,0.0000,1.3166,0.0000,-18.6394,Left,0,0,0,0,174.615,0,0.000,ft_jnd,FrameTimeStutter,1,0,1,0,1,1,0.25,0.25,1.5,100,-10,100,1,5,250,40,5,250,50,1,6,11,0,0.06,4,0.05,50,8,4,2,2,100,144,5,5,300,1.05,1.05,6.0,2.0,10,6,6,-1,
5,P005,1,ft_jnd,FrameTimeStutter,1536,6.41017,4.0004,332.63,1141.30,0.000,0.000,332.63,1141.30,-17.3228,8.7031,0.0000,1.3166,0.0000,-18.6394,Left,0,0,0,0,174.615,0,0.000,ft_jnd,FrameTimeStutter,1,0,1,0,1,1,0.25,0.25,1.5,100,-10,100,1,5,250,40,5,250,50,1,6,11,0,0.06,4,0.05,50,8,4,2,2,100,144,5,5,300,1.05,1.05,6.0,2.0,10,6,6,-1,
5,P005,1,ft_jnd,FrameTimeStutter,1537,6.41368,3.5128,332.63,1141.30,0.000,0.000,332.63,1141.30,-17.3228,8.7031,0.0000,1.3166,0.0000,-18.6394,Left,0,0,0,0,174.615,0,0.000,ft_jnd,FrameTimeStutter,1,0,1,0,1,1,0.25,0.25,1.5,100,-10,100,1,5,250,40,5,250,50,1,6,11,0,0.06,4,0.05,50,8,4,2,2,100,144,5,5,300,1.05,1.05,6.0,2.0,10,6,6,-1,
5,P005,1,ft_jnd,FrameTimeStutter,1538,6.41721,3.5316,332.63,1141.30,0.000,0.000,332.63,1141.30,-17.3228,8.7031,0.0000,1.3166,0.0000,-18.6394,Left,0,0,0,0,174.615,0,0.000,ft_jnd,FrameTimeStutter,1,0,1,0,1,1,0.25,0.25,1.5,100,-10,100,1,5,250,40,5,250,50,1,6,11,0,0.06,4,0.05,50,8,4,2,2,100,144,5,5,300,1.05,1.05,6.0,2.0,10,6,6,-1,
5,P005,1,ft_jnd,FrameTimeStutter,1539,6.42173,4.5186,332.63,1141.30,0.000,0.000,332.63,1141.30,-17.3228,8.7031,0.0000,1.3166,0.0000,-18.6394,Left,0,0,0,0,174.615,0,0.000,ft_jnd,FrameTimeStutter,1,0,1,0,1,1,0.25,0.25,1.5,100,-10,100,1,5,250,40,5,250,50,1,6,11,0,0.06,4,0.05,50,8,4,2,2,100,144,5,5,300,1.05,1.05,6.0,2.0,10,6,6,-1,
5,P005,1,ft_jnd,FrameTimeStutter,1540,6.42497,3.2350,332.63,1141.30,0.000,0.000,332.63,1141.30,-17.3228,8.7031,0.0000,1.3166,0.0000,-18.6394,Left,0,0,0,0,174.615,0,0.000,ft_jnd,FrameTimeStutter,1,0,1,0,1,1,0.25,0.25,1.5,100,-10,100,1,5,250,40,5,250,50,1,6,11,0,0.06,4,0.05,50,8,4,2,2,100,144,5,5,300,1.05,1.05,6.0,2.0,10,6,6,-1,
5,P005,1,ft_jnd,FrameTimeStutter,1541,6.42933,4.3647,332.63,1141.30,0.000,0.000,332.63,1141.30,-17.3228,8.7031,0.0000,1.3166,0.0000,-18.6394,Left,0,0,0,0,174.615,0,0.000,ft_jnd,FrameTimeStutter,1,0,1,0,1,1,0.25,0.25,1.5,100,-10,100,1,5,250,40,5,250,50,1,6,11,0,0.06,4,0.05,50,8,4,2,2,100,144,5,5,300,1.05,1.05,6.0,2.0,10,6,6,-1,
5,P005,1,ft_jnd,FrameTimeStutter,1542,6.43254,3.2108,332.63,1141.30,0.000,0.000,332.63,1141.30,-17.3228,8.7031,0.0000,1.3166,0.0000,-18.6394,Left,0,0,0,0,174.615,0,0.000,ft_jnd,FrameTimeStutter,1,0,1,0,1,1,0.25,0.25,1.5,100,-10,100,1,5,250,40,5,250,50,1,6,11,0,0.06,4,0.05,50,8,4,2,2,100,144,5,5,300,1.05,1.05,6.0,2.0,10,6,6,-1,
5,P005,1,ft_jnd,FrameTimeStutter,1543,6.43581,3.2673,332.63,1141.30,0.000,0.000,332.63,1141.30,-17.3228,8.7031,0.0000,1.3166,0.0000,-18.6394,Left,0,0,0,0,174.615,0,0.000,ft_jnd,FrameTimeStutter,1,0,1,0,1,1,0.25,0.25,1.5,100,-10,100,1,5,250,40,5,250,50,1,6,11,0,0.06,4,0.05,50,8,4,2,2,100,144,5,5,300,1.05,1.05,6.0,2.0,10,6,6,-1,
5,P005,1,ft_jnd,FrameTimeStutter,1544,6.43956,3.7473,332.63,1141.30,0.000,0.000,332.63,1141.30,-17.3228,8.7031,0.0000,1.3166,0.0000,-18.6394,Left,0,0,0,0,174.615,0,0.000,ft_jnd,FrameTimeStutter,1,0,1,0,1,1,0.25,0.25,1.5,100,-10,100,1,5,250,40,5,250,50,1,6,11,0,0.06,4,0.05,50,8,4,2,2,100,144,5,5,300,1.05,1.05,6.0,2.0,10,6,6,-1,
5,P005,1,ft_jnd,FrameTimeStutter,1545,6.44284,3.2856,332.63,1141.30,0.000,0.000,332.63,1141.30,-17.3228,8.7031,0.0000,1.3166,0.0000,-18.6394,Left,0,0,0,0,174.615,0,0.000,ft_jnd,FrameTimeStutter,1,0,1,0,1,1,0.25,0.25,1.5,100,-10,100,1,5,250,40,5,250,50,1,6,11,0,0.06,4,0.05,50,8,4,2,2,100,144,5,5,300,1.05,1.05,6.0,2.0,10,6,6,-1,
5,P005,1,ft_jnd,FrameTimeStutter,1546,6.44708,4.2322,332.63,1141.30,0.000,0.000,332.63,1141.30,-17.3228,8.7031,0.0000,1.3166,0.0000,-18.6394,Left,0,0,0,0,174.615,0,0.000,ft_jnd,FrameTimeStutter,1,0,1,0,1,1,0.25,0.25,1.5,100,-10,100,1,5,250,40,5,250,50,1,6,11,0,0.06,4,0.05,50,8,4,2,2,100,144,5,5,300,1.05,1.05,6.0,2.0,10,6,6,-1,
5,P005,1,ft_jnd,FrameTimeStutter,1547,6.45069,3.6125,332.63,1141.30,0.000,0.000,332.63,1141.30,-17.3228,8.7031,0.0000,1.3166,0.0000,-18.6394,Left,0,0,0,0,174.615,0,0.000,ft_jnd,FrameTimeStutter,1,0,1,0,1,1,0.25,0.25,1.5,100,-10,100,1,5,250,40,5,250,50,1,6,11,0,0.06,4,0.05,50,8,4,2,2,100,144,5,5,300,1.05,1.05,6.0,2.0,10,6,6,-1,
5,P005,1,ft_jnd,FrameTimeStutter,1548,6.45346,2.7714,332.63,1141.30,0.000,0.000,332.63,1141.30,-17.3228,8.7031,0.0000,1.3166,0.0000,-18.6394,Left,0,0,0,0,174.615,0,0.000,ft_jnd,FrameTimeStutter,1,0,1,0,1,1,0.25,0.25,1.5,100,-10,100,1,5,250,40,5,250,50,1,6,11,0,0.06,4,0.05,50,8,4,2,2,100,144,5,5,300,1.05,1.05,6.0,2.0,10,6,6,-1,
5,P005,1,ft_jnd,FrameTimeStutter,1549,6.45791,4.4538,332.63,1141.30,0.000,0.000,332.63,1141.30,-17.3228,8.7031,0.0000,1.3166,0.0000,-18.6394,Left,0,0,0,0,174.615,0,0.000,ft_jnd,FrameTimeStutter,1,0,1,0,1,1,0.25,0.25,1.5,100,-10,100,1,5,250,40,5,250,50,1,6,11,0,0.06,4,0.05,50,8,4,2,2,100,144,5,5,300,1.05,1.05,6.0,2.0,10,6,6,-1,
5,P005,1,ft_jnd,FrameTimeStutter,1550,6.46115,3.2350,332.63,1141.30,0.000,0.000,332.63,1141.30,-17.3228,8.7031,0.0000,1.3166,0.0000,-18.6394,Left,0,0,0,0,174.615,0,0.000,ft_jnd,FrameTimeStutter,1,0,1,0,1,1,0.25,0.25,1.5,100,-10,100,1,5,250,40,5,250,50,1,6,11,0,0.06,4,0.05,50,8,4,2,2,100,144,5,5,300,1.05,1.05,6.0,2.0,10,6,6,-1,
5,P005,1,ft_jnd,FrameTimeStutter,1551,6.46515,4.0009,332.63,1141.30,0.000,0.000,332.63,1141.30,-17.3228,8.7031,0.0000,1.3166,0.0000,-18.6394,Left,0,0,0,0,174.615,0,0.000,ft_jnd,FrameTimeStutter,1,0,1,0,1,1,0.25,0.25,1.5,100,-10,100,1,5,250,40,5,250,50,1,6,11,0,0.06,4,0.05,50,8,4,2,2,100,144,5,5,300,1.05,1.05,6.0,2.0,10,6,6,-1,
5,P005,1,ft_jnd,FrameTimeStutter,1552,6.46893,3.7802,332.63,1141.30,0.000,0.000,332.63,1141.30,-17.3228,8.7031,0.0000,1.3166,0.0000,-18.6394,Left,0,0,0,0,174.615,0,0.000,ft_jnd,FrameTimeStutter,1,0,1,0,1,1,0.25,0.25,1.5,100,-10,100,1,5,250,40,5,250,50,1,6,11,0,0.06,4,0.05,50,8,4,2,2,100,144,5,5,300,1.05,1.05,6.0,2.0,10,6,6,-1,
5,P005,1,ft_jnd,FrameTimeStutter,1553,6.47162,2.6938,332.63,1141.30,0.000,0.000,332.63,1141.30,-17.3228,8.7031,0.0000,1.3166,0.0000,-18.6394,Left,0,0,0,0,174.615,0,0.000,ft_jnd,FrameTimeStutter,1,0,1,0,1,1,0.25,0.25,1.5,100,-10,100,1,5,250,40,5,250,50,1,6,11,0,0.06,4,0.05,50,8,4,2,2,100,144,5,5,300,1.05,1.05,6.0,2.0,10,6,6,-1,
5,P005,1,ft_jnd,FrameTimeStutter,1554,6.47652,4.8948,332.63,1141.30,0.000,0.000,332.63,1141.30,-17.3228,8.7031,0.0000,1.3166,0.0000,-18.6394,Left,0,0,0,0,174.615,0,0.000,ft_jnd,FrameTimeStutter,1,0,1,0,1,1,0.25,0.25,1.5,100,-10,100,1,5,250,40,5,250,50,1,6,11,0,0.06,4,0.05,50,8,4,2,2,100,144,5,5,300,1.05,1.05,6.0,2.0,10,6,6,-1,
5,P005,1,ft_jnd,FrameTimeStutter,1555,6.48014,3.6233,332.63,1141.30,0.000,0.000,332.63,1141.30,-17.3228,8.7031,0.0000,1.3166,0.0000,-18.6394,Left,0,0,0,0,174.615,0,0.000,ft_jnd,FrameTimeStutter,1,0,1,0,1,1,0.25,0.25,1.5,100,-10,100,1,5,250,40,5,250,50,1,6,11,0,0.06,4,0.05,50,8,4,2,2,100,144,5,5,300,1.05,1.05,6.0,2.0,10,6,6,-1,
5,P005,1,ft_jnd,FrameTimeStutter,1556,6.48357,3.4298,332.63,1141.30,0.000,0.000,332.63,1141.30,-17.3228,8.7031,0.0000,1.3166,0.0000,-18.6394,Left,0,0,0,0,174.615,0,0.000,ft_jnd,FrameTimeStutter,1,0,1,0,1,1,0.25,0.25,1.5,100,-10,100,1,5,250,40,5,250,50,1,6,11,0,0.06,4,0.05,50,8,4,2,2,100,144,5,5,300,1.05,1.05,6.0,2.0,10,6,6,-1,
5,P005,1,ft_jnd,FrameTimeStutter,1557,6.48768,4.1069,332.63,1141.30,0.000,0.000,332.63,1141.30,-17.3228,8.7031,0.0000,1.3166,0.0000,-18.6394,Left,0,0,0,0,174.615,0,0.000,ft_jnd,FrameTimeStutter,1,0,1,0,1,1,0.25,0.25,1.5,100,-10,100,1,5,250,40,5,250,50,1,6,11,0,0.06,4,0.05,50,8,4,2,2,100,144,5,5,300,1.05,1.05,6.0,2.0,10,6,6,-1,
5,P005,1,ft_jnd,FrameTimeStutter,1558,6.49056,2.8825,332.63,1141.30,0.000,0.000,332.63,1141.30,-17.3228,8.7031,0.0000,1.3166,0.0000,-18.6394,Left,0,0,0,0,174.615,0,0.000,ft_jnd,FrameTimeStutter,1,0,1,0,1,1,0.25,0.25,1.5,100,-10,100,1,5,250,40,5,250,50,1,6,11,0,0.06,4,0.05,50,8,4,2,2,100,144,5,5,300,1.05,1.05,6.0,2.0,10,6,6,-1,
5,P005,1,ft_jnd,FrameTimeStutter,1559,6.49527,4.7094,332.63,1141.30,0.000,0.000,332.63,1141.30,-17.3228,8.7031,0.0000,1.3166,0.0000,-18.6394,Left,0,0,0,0,174.615,0,0.000,ft_jnd,FrameTimeStutter,1,0,1,0,1,1,0.25,0.25,1.5,100,-10,100,1,5,250,40,5,250,50,1,6,11,0,0.06,4,0.05,50,8,4,2,2,100,144,5,5,300,1.05,1.05,6.0,2.0,10,6,6,-1,
5,P005,1,ft_jnd,FrameTimeStutter,1560,6.49908,3.8063,332.63,1141.30,0.000,0.000,332.63,1141.30,-17.3228,8.7031,0.0000,1.3166,0.0000,-18.6394,Left,0,0,0,0,174.615,0,0.000,ft_jnd,FrameTimeStutter,1,0,1,0,1,1,0.25,0.25,1.5,100,-10,100,1,5,250,40,5,250,50,1,6,11,0,0.06,4,0.05,50,8,4,2,2,100,144,5,5,300,1.05,1.05,6.0,2.0,10,6,6,-1,
5,P005,1,ft_jnd,FrameTimeStutter,1561,6.50249,3.4162,332.63,1141.30,0.000,0.000,332.63,1141.30,-17.3228,8.7031,0.0000,1.3166,0.0000,-18.6394,Left,0,0,0,0,174.615,0,0.000,ft_jnd,FrameTimeStutter,1,0,1,0,1,1,0.25,0.25,1.5,100,-10,100,1,5,250,40,5,250,50,1,6,11,0,0.06,4,0.05,50,8,4,2,2,100,144,5,5,300,1.05,1.05,6.0,2.0,10,6,6,-1,
5,P005,1,ft_jnd,FrameTimeStutter,1562,6.50620,3.7048,332.63,1141.30,0.000,0.000,332.63,1141.30,-17.3228,8.7031,0.0000,1.3166,0.0000,-18.6394,Left,0,0,0,0,174.615,0,0.000,ft_jnd,FrameTimeStutter,1,0,1,0,1,1,0.25,0.25,1.5,100,-10,100,1,5,250,40,5,250,50,1,6,11,0,0.06,4,0.05,50,8,4,2,2,100,144,5,5,300,1.05,1.05,6.0,2.0,10,6,6,-1,
5,P005,1,ft_jnd,FrameTimeStutter,1563,6.50952,3.3257,332.63,1141.30,0.000,0.000,332.63,1141.30,-17.3228,8.7031,0.0000,1.3166,0.0000,-18.6394,Left,0,0,0,0,174.615,0,0.000,ft_jnd,FrameTimeStutter,1,0,1,0,1,1,0.25,0.25,1.5,100,-10,100,1,5,250,40,5,250,50,1,6,11,0,0.06,4,0.05,50,8,4,2,2,100,144,5,5,300,1.05,1.05,6.0,2.0,10,6,6,-1,
5,P005,1,ft_jnd,FrameTimeStutter,1564,6.51310,3.5802,332.63,1141.30,0.000,0.000,332.63,1141.30,-17.3228,8.7031,0.0000,1.3166,0.0000,-18.6394,Left,0,0,0,0,174.615,0,0.000,ft_jnd,FrameTimeStutter,1,0,1,0,1,1,0.25,0.25,1.5,100,-10,100,1,5,250,40,5,250,50,1,6,11,0,0.06,4,0.05,50,8,4,2,2,100,144,5,5,300,1.05,1.05,6.0,2.0,10,6,6,-1,
5,P005,1,ft_jnd,FrameTimeStutter,1565,6.51755,4.4489,332.63,1141.30,0.000,0.000,332.63,1141.30,-17.3228,8.7031,0.0000,1.3166,0.0000,-18.6394,Left,0,0,0,0,174.615,0,0.000,ft_jnd,FrameTimeStutter,1,0,1,0,1,1,0.25,0.25,1.5,100,-10,100,1,5,250,40,5,250,50,1,6,11,0,0.06,4,0.05,50,8,4,2,2,100,144,5,5,300,1.05,1.05,6.0,2.0,10,6,6,-1,
5,P005,1,ft_jnd,FrameTimeStutter,1566,6.52082,3.2640,332.63,1141.30,0.000,0.000,332.63,1141.30,-17.3228,8.7031,0.0000,1.3166,0.0000,-18.6394,Left,0,0,0,0,174.615,0,0.000,ft_jnd,FrameTimeStutter,1,0,1,0,1,1,0.25,0.25,1.5,100,-10,100,1,5,250,40,5,250,50,1,6,11,0,0.06,4,0.05,50,8,4,2,2,100,144,5,5,300,1.05,1.05,6.0,2.0,10,6,6,-1,
5,P005,1,ft_jnd,FrameTimeStutter,1567,6.52513,4.3170,332.63,1141.30,0.000,0.000,332.63,1141.30,-17.3228,8.7031,0.0000,1.3166,0.0000,-18.6394,Left,0,0,0,0,174.615,0,0.000,ft_jnd,FrameTimeStutter,1,0,1,0,1,1,0.25,0.25,1.5,100,-10,100,1,5,250,40,5,250,50,1,6,11,0,0.06,4,0.05,50,8,4,2,2,100,144,5,5,300,1.05,1.05,6.0,2.0,10,6,6,-1,
5,P005,1,ft_jnd,FrameTimeStutter,1568,6.52881,3.6816,332.63,1141.30,0.000,0.000,332.63,1141.30,-17.3228,8.7031,0.0000,1.3166,0.0000,-18.6394,Left,0,0,0,0,174.615,0,0.000,ft_jnd,FrameTimeStutter,1,0,1,0,1,1,0.25,0.25,1.5,100,-10,100,1,5,250,40,5,250,50,1,6,11,0,0.06,4,0.05,50,8,4,2,2,100,144,5,5,300,1.05,1.05,6.0,2.0,10,6,6,-1,
5,P005,1,ft_jnd,FrameTimeStutter,1569,6.53228,3.4688,332.63,1141.30,0.000,0.000,332.63,1141.30,-17.3228,8.7031,0.0000,1.3166,0.0000,-18.6394,Left,0,0,0,0,174.615,0,0.000,ft_jnd,FrameTimeStutter,1,0,1,0,1,1,0.25,0.25,1.5,100,-10,100,1,5,250,40,5,250,50,1,6,11,0,0.06,4,0.05,50,8,4,2,2,100,144,5,5,300,1.05,1.05,6.0,2.0,10,6,6,-1,
5,P005,1,ft_jnd,FrameTimeStutter,1570,6.53621,3.9215,332.63,1141.30,0.000,0.000,332.63,1141.30,-17.3228,8.7031,0.0000,1.3166,0.0000,-18.6394,Left,0,0,0,0,174.615,0,0.000,ft_jnd,FrameTimeStutter,1,0,1,0,1,1,0.25,0.25,1.5,100,-10,100,1,5,250,40,5,250,50,1,6,11,0,0.06,4,0.05,50,8,4,2,2,100,144,5,5,300,1.05,1.05,6.0,2.0,10,6,6,-1,
5,P005,1,ft_jnd,FrameTimeStutter,1571,6.54105,4.8493,332.63,1141.30,0.000,0.000,332.63,1141.30,-17.3228,8.7031,0.0000,1.3166,0.0000,-18.6394,Left,0,0,0,0,174.615,0,0.000,ft_jnd,FrameTimeStutter,1,0,1,0,1,1,0.25,0.25,1.5,100,-10,100,1,5,250,40,5,250,50,1,6,11,0,0.06,4,0.05,50,8,4,2,2,100,144,5,5,300,1.05,1.05,6.0,2.0,10,6,6,-1,
5,P005,1,ft_jnd,FrameTimeStutter,1572,6.54498,3.9275,332.63,1141.30,0.000,0.000,332.63,1141.30,-17.3228,8.7031,0.0000,1.3166,0.0000,-18.6394,Left,0,0,0,0,174.615,0,0.000,ft_jnd,FrameTimeStutter,1,0,1,0,1,1,0.25,0.25,1.5,100,-10,100,1,5,250,40,5,250,50,1,6,11,0,0.06,4,0.05,50,8,4,2,2,100,144,5,5,300,1.05,1.05,6.0,2.0,10,6,6,-1,
5,P005,1,ft_jnd,FrameTimeStutter,1573,6.54872,3.7410,332.63,1141.30,0.000,0.000,332.63,1141.30,-17.3228,8.7031,0.0000,1.3166,0.0000,-18.6394,Left,0,0,0,0,174.615,0,0.000,ft_jnd,FrameTimeStutter,1,0,1,0,1,1,0.25,0.25,1.5,100,-10,100,1,5,250,40,5,250,50,1,6,11,0,0.06,4,0.05,50,8,4,2,2,100,144,5,5,300,1.05,1.05,6.0,2.0,10,6,6,-1,
5,P005,1,ft_jnd,FrameTimeStutter,1574,6.55206,3.3352,332.63,1141.30,0.000,0.000,332.63,1141.30,-17.3228,8.7031,0.0000,1.3166,0.0000,-18.6394,Left,0,0,0,0,174.615,0,0.000,ft_jnd,FrameTimeStutter,1,0,1,0,1,1,0.25,0.25,1.5,100,-10,100,1,5,250,40,5,250,50,1,6,11,0,0.06,4,0.05,50,8,4,2,2,100,144,5,5,300,1.05,1.05,6.0,2.0,10,6,6,-1,
5,P005,1,ft_jnd,FrameTimeStutter,1575,6.55624,4.1862,332.63,1141.30,0.000,0.000,332.63,1141.30,-17.3228,8.7031,0.0000,1.3166,0.0000,-18.6394,Left,0,0,0,0,174.615,0,0.000,ft_jnd,FrameTimeStutter,1,0,1,0,1,1,0.25,0.25,1.5,100,-10,100,1,5,250,40,5,250,50,1,6,11,0,0.06,4,0.05,50,8,4,2,2,100,144,5,5,300,1.05,1.05,6.0,2.0,10,6,6,-1,
5,P005,1,ft_jnd,FrameTimeStutter,1576,6.55906,2.8185,332.63,1141.30,0.000,0.000,332.63,1141.30,-17.3228,8.7031,0.0000,1.3166,0.0000,-18.6394,Left,0,0,0,0,174.615,0,0.000,ft_jnd,FrameTimeStutter,1,0,1,0,1,1,0.25,0.25,1.5,100,-10,100,1,5,250,40,5,250,50,1,6,11,0,0.06,4,0.05,50,8,4,2,2,100,144,5,5,300,1.05,1.05,6.0,2.0,10,6,6,-1,
5,P005,1,ft_jnd,FrameTimeStutter,1577,6.56247,3.4037,332.63,1141.30,0.000,0.000,332.63,1141.30,-17.3228,8.7031,0.0000,1.3166,0.0000,-18.6394,Left,0,0,0,0,174.615,0,0.000,ft_jnd,FrameTimeStutter,1,0,1,0,1,1,0.25,0.25,1.5,100,-10,100,1,5,250,40,5,250,50,1,6,11,0,0.06,4,0.05,50,8,4,2,2,100,144,5,5,300,1.05,1.05,6.0,2.0,10,6,6,-1,
5,P005,1,ft_jnd,FrameTimeStutter,1578,6.56629,3.8259,332.63,1141.30,0.000,0.000,332.63,1141.30,-17.3228,8.7031,0.0000,1.3166,0.0000,-18.6394,Left,0,0,0,0,174.615,0,0.000,ft_jnd,FrameTimeStutter,1,0,1,0,1,1,0.25,0.25,1.5,100,-10,100,1,5,250,40,5,250,50,1,6,11,0,0.06,4,0.05,50,8,4,2,2,100,144,5,5,300,1.05,1.05,6.0,2.0,10,6,6,-1,
5,P005,1,ft_jnd,FrameTimeStutter,1579,6.56960,3.3031,332.63,1141.30,0.000,0.000,332.63,1141.30,-17.3228,8.7031,0.0000,1.3166,0.0000,-18.6394,Left,0,0,0,0,174.615,0,0.000,ft_jnd,FrameTimeStutter,1,0,1,0,1,1,0.25,0.25,1.5,100,-10,100,1,5,250,40,5,250,50,1,6,11,0,0.06,4,0.05,50,8,4,2,2,100,144,5,5,300,1.05,1.05,6.0,2.0,10,6,6,-1,
5,P005,1,ft_jnd,FrameTimeStutter,1580,6.57294,3.3401,332.63,1141.30,0.000,0.000,332.63,1141.30,-17.3228,8.7031,0.0000,1.3166,0.0000,-18.6394,Left,0,0,0,0,174.615,0,0.000,ft_jnd,FrameTimeStutter,1,0,1,0,1,1,0.25,0.25,1.5,100,-10,100,1,5,250,40,5,250,50,1,6,11,0,0.06,4,0.05,50,8,4,2,2,100,144,5,5,300,1.05,1.05,6.0,2.0,10,6,6,-1,
5,P005,1,ft_jnd,FrameTimeStutter,1581,6.57669,3.7546,332.63,1141.30,0.000,0.000,332.63,1141.30,-17.3228,8.7031,0.0000,1.3166,0.0000,-18.6394,Left,0,0,0,0,174.615,0,0.000,ft_jnd,FrameTimeStutter,1,0,1,0,1,1,0.25,0.25,1.5,100,-10,100,1,5,250,40,5,250,50,1,6,11,0,0.06,4,0.05,50,8,4,2,2,100,144,5,5,300,1.05,1.05,6.0,2.0,10,6,6,-1,
5,P005,1,ft_jnd,FrameTimeStutter,1582,6.58050,3.8120,332.63,1141.30,0.000,0.000,332.63,1141.30,-17.3228,8.7031,0.0000,1.3166,0.0000,-18.6394,Left,0,0,0,0,174.615,0,0.000,ft_jnd,FrameTimeStutter,1,0,1,0,1,1,0.25,0.25,1.5,100,-10,100,1,5,250,40,5,250,50,1,6,11,0,0.06,4,0.05,50,8,4,2,2,100,144,5,5,300,1.05,1.05,6.0,2.0,10,6,6,-1,
5,P005,1,ft_jnd,FrameTimeStutter,1583,6.58425,3.7425,332.63,1141.30,0.000,0.000,332.63,1141.30,-17.3228,8.7031,0.0000,1.3166,0.0000,-18.6394,Left,0,0,0,0,174.615,0,0.000,ft_jnd,FrameTimeStutter,1,0,1,0,1,1,0.25,0.25,1.5,100,-10,100,1,5,250,40,5,250,50,1,6,11,0,0.06,4,0.05,50,8,4,2,2,100,144,5,5,300,1.05,1.05,6.0,2.0,10,6,6,-1,
5,P005,1,ft_jnd,FrameTimeStutter,1584,6.58788,3.6365,332.63,1141.30,0.000,0.000,332.63,1141.30,-17.3228,8.7031,0.0000,1.3166,0.0000,-18.6394,Left,0,0,0,0,174.615,0,0.000,ft_jnd,FrameTimeStutter,1,0,1,0,1,1,0.25,0.25,1.5,100,-10,100,1,5,250,40,5,250,50,1,6,11,0,0.06,4,0.05,50,8,4,2,2,100,144,5,5,300,1.05,1.05,6.0,2.0,10,6,6,-1,
5,P005,1,ft_jnd,FrameTimeStutter,1585,6.59173,3.8476,332.63,1141.30,0.000,0.000,332.63,1141.30,-17.3228,8.7031,0.0000,1.3166,0.0000,-18.6394,Left,0,0,0,0,174.615,0,0.000,ft_jnd,FrameTimeStutter,1,0,1,0,1,1,0.25,0.25,1.5,100,-10,100,1,5,250,40,5,250,50,1,6,11,0,0.06,4,0.05,50,8,4,2,2,100,144,5,5,300,1.05,1.05,6.0,2.0,10,6,6,-1,
5,P005,1,ft_jnd,FrameTimeStutter,1586,6.59530,3.5660,332.63,1141.30,0.000,0.000,332.63,1141.30,-17.3228,8.7031,0.0000,1.3166,0.0000,-18.6394,Left,0,0,0,0,174.615,0,0.000,ft_jnd,FrameTimeStutter,1,0,1,0,1,1,0.25,0.25,1.5,100,-10,100,1,5,250,40,5,250,50,1,6,11,0,0.06,4,0.05,50,8,4,2,2,100,144,5,5,300,1.05,1.05,6.0,2.0,10,6,6,-1,
5,P005,1,ft_jnd,FrameTimeStutter,1587,6.59876,3.4605,332.63,1141.30,0.000,0.000,332.63,1141.30,-17.3228,8.7031,0.0000,1.3166,0.0000,-18.6394,Left,0,0,0,0,174.615,0,0.000,ft_jnd,FrameTimeStutter,1,0,1,0,1,1,0.25,0.25,1.5,100,-10,100,1,5,250,40,5,250,50,1,6,11,0,0.06,4,0.05,50,8,4,2,2,100,144,5,5,300,1.05,1.05,6.0,2.0,10,6,6,-1,
5,P005,1,ft_jnd,FrameTimeStutter,1588,6.60256,3.8066,332.63,1141.30,0.000,0.000,332.63,1141.30,-17.3228,8.7031,0.0000,1.3166,0.0000,-18.6394,Left,0,0,0,0,174.615,0,0.000,ft_jnd,FrameTimeStutter,1,0,1,0,1,1,0.25,0.25,1.5,100,-10,100,1,5,250,40,5,250,50,1,6,11,0,0.06,4,0.05,50,8,4,2,2,100,144,5,5,300,1.05,1.05,6.0,2.0,10,6,6,-1,
5,P005,1,ft_jnd,FrameTimeStutter,1589,6.60541,2.8458,332.63,1141.30,0.000,0.000,332.63,1141.30,-17.3228,8.7031,0.0000,1.3166,0.0000,-18.6394,Left,0,0,0,0,174.615,0,0.000,ft_jnd,FrameTimeStutter,1,0,1,0,1,1,0.25,0.25,1.5,100,-10,100,1,5,250,40,5,250,50,1,6,11,0,0.06,4,0.05,50,8,4,2,2,100,144,5,5,300,1.05,1.05,6.0,2.0,10,6,6,-1,
5,P005,1,ft_jnd,FrameTimeStutter,1590,6.61004,4.6340,332.63,1141.30,0.000,0.000,332.63,1141.30,-17.3228,8.7031,0.0000,1.3166,0.0000,-18.6394,Left,0,0,0,0,174.615,0,0.000,ft_jnd,FrameTimeStutter,1,0,1,0,1,1,0.25,0.25,1.5,100,-10,100,1,5,250,40,5,250,50,1,6,11,0,0.06,4,0.05,50,8,4,2,2,100,144,5,5,300,1.05,1.05,6.0,2.0,10,6,6,-1,
5,P005,1,ft_jnd,FrameTimeStutter,1591,6.61369,3.6480,332.63,1141.30,0.000,0.000,332.63,1141.30,-17.3228,8.7031,0.0000,1.3166,0.0000,-18.6394,Left,0,0,0,0,174.615,0,0.000,ft_jnd,FrameTimeStutter,1,0,1,0,1,1,0.25,0.25,1.5,100,-10,100,1,5,250,40,5,250,50,1,6,11,0,0.06,4,0.05,50,8,4,2,2,100,144,5,5,300,1.05,1.05,6.0,2.0,10,6,6,-1,
5,P005,1,ft_jnd,FrameTimeStutter,1592,6.61714,3.4508,332.63,1141.30,0.000,0.000,332.63,1141.30,-17.3228,8.7031,0.0000,1.3166,0.0000,-18.6394,Left,0,0,0,0,174.615,0,0.000,ft_jnd,FrameTimeStutter,1,0,1,0,1,1,0.25,0.25,1.5,100,-10,100,1,5,250,40,5,250,50,1,6,11,0,0.06,4,0.05,50,8,4,2,2,100,144,5,5,300,1.05,1.05,6.0,2.0,10,6,6,-1,
5,P005,1,ft_jnd,FrameTimeStutter,1593,6.62113,3.9891,332.63,1141.30,0.000,0.000,332.63,1141.30,-17.3228,8.7031,0.0000,1.3166,0.0000,-18.6394,Left,0,0,0,0,174.615,0,0.000,ft_jnd,FrameTimeStutter,1,0,1,0,1,1,0.25,0.25,1.5,100,-10,100,1,5,250,40,5,250,50,1,6,11,0,0.06,4,0.05,50,8,4,2,2,100,144,5,5,300,1.05,1.05,6.0,2.0,10,6,6,-1,
5,P005,1,ft_jnd,FrameTimeStutter,1594,6.62445,3.3209,332.63,1141.30,0.000,0.000,332.63,1141.30,-17.3228,8.7031,0.0000,1.3166,0.0000,-18.6394,Left,0,0,0,0,174.615,0,0.000,ft_jnd,FrameTimeStutter,1,0,1,0,1,1,0.25,0.25,1.5,100,-10,100,1,5,250,40,5,250,50,1,6,11,0,0.06,4,0.05,50,8,4,2,2,100,144,5,5,300,1.05,1.05,6.0,2.0,10,6,6,-1,
5,P005,1,ft_jnd,FrameTimeStutter,1595,6.62783,3.3773,332.63,1141.30,0.000,0.000,332.63,1141.30,-17.3228,8.7031,0.0000,1.3166,0.0000,-18.6394,Left,0,0,0,0,174.615,0,0.000,ft_jnd,FrameTimeStutter,1,0,1,0,1,1,0.25,0.25,1.5,100,-10,100,1,5,250,40,5,250,50,1,6,11,0,0.06,4,0.05,50,8,4,2,2,100,144,5,5,300,1.05,1.05,6.0,2.0,10,6,6,-1,
5,P005,1,ft_jnd,FrameTimeStutter,1596,6.63173,3.9012,332.63,1141.30,0.000,0.000,332.63,1141.30,-17.3228,8.7031,0.0000,1.3166,0.0000,-18.6394,Left,0,0,0,0,174.615,0,0.000,ft_jnd,FrameTimeStutter,1,0,1,0,1,1,0.25,0.25,1.5,100,-10,100,1,5,250,40,5,250,50,1,6,11,0,0.06,4,0.05,50,8,4,2,2,100,144,5,5,300,1.05,1.05,6.0,2.0,10,6,6,-1,
5,P005,1,ft_jnd,FrameTimeStutter,1597,6.63466,2.9331,332.63,1141.30,0.000,0.000,332.63,1141.30,-17.3228,8.7031,0.0000,1.3166,0.0000,-18.6394,Left,0,0,0,0,174.615,0,0.000,ft_jnd,FrameTimeStutter,1,0,1,0,1,1,0.25,0.25,1.5,100,-10,100,1,5,250,40,5,250,50,1,6,11,0,0.06,4,0.05,50,8,4,2,2,100,144,5,5,300,1.05,1.05,6.0,2.0,10,6,6,-1,
5,P005,1,ft_jnd,FrameTimeStutter,1598,6.63931,4.6481,332.63,1141.30,0.000,0.000,332.63,1141.30,-17.3228,8.7031,0.0000,1.3166,0.0000,-18.6394,Left,0,0,0,0,174.615,0,0.000,ft_jnd,FrameTimeStutter,1,0,1,0,1,1,0.25,0.25,1.5,100,-10,100,1,5,250,40,5,250,50,1,6,11,0,0.06,4,0.05,50,8,4,2,2,100,144,5,5,300,1.05,1.05,6.0,2.0,10,6,6,-1,
5,P005,1,ft_jnd,FrameTimeStutter,1599,6.64263,3.3236,332.63,1141.30,0.000,0.000,332.63,1141.30,-17.3228,8.7031,0.0000,1.3166,0.0000,-18.6394,Left,0,0,0,0,174.615,0,0.000,ft_jnd,FrameTimeStutter,1,0,1,0,1,1,0.25,0.25,1.5,100,-10,100,1,5,250,40,5,250,50,1,6,11,0,0.06,4,0.05,50,8,4,2,2,100,144,5,5,300,1.05,1.05,6.0,2.0,10,6,6,-1,
5,P005,1,ft_jnd,FrameTimeStutter,1600,6.64673,4.1005,332.63,1141.30,0.000,0.000,332.63,1141.30,-17.3228,8.7031,0.0000,1.3166,0.0000,-18.6394,Left,0,0,0,0,174.615,0,0.000,ft_jnd,FrameTimeStutter,1,0,1,0,1,1,0.25,0.25,1.5,100,-10,100,1,5,250,40,5,250,50,1,6,11,0,0.06,4,0.05,50,8,4,2,2,100,144,5,5,300,1.05,1.05,6.0,2.0,10,6,6,-1,
5,P005,1,ft_jnd,FrameTimeStutter,1601,6.65052,3.7896,332.63,1141.30,0.000,0.000,332.63,1141.30,-17.3228,8.7031,0.0000,1.3166,0.0000,-18.6394,Left,0,0,0,0,174.615,0,0.000,ft_jnd,FrameTimeStutter,1,0,1,0,1,1,0.25,0.25,1.5,100,-10,100,1,5,250,40,5,250,50,1,6,11,0,0.06,4,0.05,50,8,4,2,2,100,144,5,5,300,1.05,1.05,6.0,2.0,10,6,6,-1,
5,P005,1,ft_jnd,FrameTimeStutter,1602,6.65328,2.7608,332.63,1141.30,0.000,0.000,332.63,1141.30,-17.3228,8.7031,0.0000,1.3166,0.0000,-18.6394,Left,0,0,0,0,174.615,0,0.000,ft_jnd,FrameTimeStutter,1,0,1,0,1,1,0.25,0.25,1.5,100,-10,100,1,5,250,40,5,250,50,1,6,11,0,0.06,4,0.05,50,8,4,2,2,100,144,5,5,300,1.05,1.05,6.0,2.0,10,6,6,-1,
5,P005,1,ft_jnd,FrameTimeStutter,1603,6.65771,4.4272,332.63,1141.30,0.000,0.000,332.63,1141.30,-17.3228,8.7031,0.0000,1.3166,0.0000,-18.6394,Left,0,0,0,0,174.615,0,0.000,ft_jnd,FrameTimeStutter,1,0,1,0,1,1,0.25,0.25,1.5,100,-10,100,1,5,250,40,5,250,50,1,6,11,0,0.06,4,0.05,50,8,4,2,2,100,144,5,5,300,1.05,1.05,6.0,2.0,10,6,6,-1,
5,P005,1,ft_jnd,FrameTimeStutter,1604,6.66095,3.2419,332.63,1141.30,0.000,0.000,332.63,1141.30,-17.3228,8.7031,0.0000,1.3166,0.0000,-18.6394,Left,0,0,0,0,174.615,0,0.000,ft_jnd,FrameTimeStutter,1,0,1,0,1,1,0.25,0.25,1.5,100,-10,100,1,5,250,40,5,250,50,1,6,11,0,0.06,4,0.05,50,8,4,2,2,100,144,5,5,300,1.05,1.05,6.0,2.0,10,6,6,-1,
5,P005,1,ft_jnd,FrameTimeStutter,1605,6.66525,4.2991,332.63,1141.30,0.000,0.000,332.63,1141.30,-17.3228,8.7031,0.0000,1.3166,0.0000,-18.6394,Left,0,0,0,0,174.615,0,0.000,ft_jnd,FrameTimeStutter,1,0,1,0,1,1,0.25,0.25,1.5,100,-10,100,1,5,250,40,5,250,50,1,6,11,0,0.06,4,0.05,50,8,4,2,2,100,144,5,5,300,1.05,1.05,6.0,2.0,10,6,6,-1,
5,P005,1,ft_jnd,FrameTimeStutter,1606,6.66906,3.8099,332.63,1141.30,0.000,0.000,332.63,1141.30,-17.3228,8.7031,0.0000,1.3166,0.0000,-18.6394,Left,0,0,0,0,174.615,0,0.000,ft_jnd,FrameTimeStutter,1,0,1,0,1,1,0.25,0.25,1.5,100,-10,100,1,5,250,40,5,250,50,1,6,11,0,0.06,4,0.05,50,8,4,2,2,100,144,5,5,300,1.05,1.05,6.0,2.0,10,6,6,-1,
5,P005,1,ft_jnd,FrameTimeStutter,1607,6.67236,3.2951,332.63,1141.30,0.000,0.000,332.63,1141.30,-17.3228,8.7031,0.0000,1.3166,0.0000,-18.6394,Left,0,0,0,0,174.615,0,0.000,ft_jnd,FrameTimeStutter,1,0,1,0,1,1,0.25,0.25,1.5,100,-10,100,1,5,250,40,5,250,50,1,6,11,0,0.06,4,0.05,50,8,4,2,2,100,144,5,5,300,1.05,1.05,6.0,2.0,10,6,6,-1,
5,P005,1,ft_jnd,FrameTimeStutter,1608,6.67619,3.8328,332.63,1141.30,0.000,0.000,332.63,1141.30,-17.3228,8.7031,0.0000,1.3166,0.0000,-18.6394,Left,0,0,0,0,174.615,0,0.000,ft_jnd,FrameTimeStutter,1,0,1,0,1,1,0.25,0.25,1.5,100,-10,100,1,5,250,40,5,250,50,1,6,11,0,0.06,4,0.05,50,8,4,2,2,100,144,5,5,300,1.05,1.05,6.0,2.0,10,6,6,-1,
5,P005,1,ft_jnd,FrameTimeStutter,1609,6.67957,3.3824,332.63,1141.30,0.000,0.000,332.63,1141.30,-17.3228,8.7031,0.0000,1.3166,0.0000,-18.6394,Left,0,0,0,0,174.615,0,0.000,ft_jnd,FrameTimeStutter,1,0,1,0,1,1,0.25,0.25,1.5,100,-10,100,1,5,250,40,5,250,50,1,6,11,0,0.06,4,0.05,50,8,4,2,2,100,144,5,5,300,1.05,1.05,6.0,2.0,10,6,6,-1,
5,P005,1,ft_jnd,FrameTimeStutter,1610,6.68309,3.5178,332.63,1141.30,0.000,0.000,332.63,1141.30,-17.3228,8.7031,0.0000,1.3166,0.0000,-18.6394,Left,0,0,0,0,174.615,0,0.000,ft_jnd,FrameTimeStutter,1,0,1,0,1,1,0.25,0.25,1.5,100,-10,100,1,5,250,40,5,250,50,1,6,11,0,0.06,4,0.05,50,8,4,2,2,100,144,5,5,300,1.05,1.05,6.0,2.0,10,6,6,-1,
5,P005,1,ft_jnd,FrameTimeStutter,1611,6.68745,4.3593,332.63,1141.30,0.000,0.000,332.63,1141.30,-17.3228,8.7031,0.0000,1.3166,0.0000,-18.6394,Left,0,0,0,0,174.615,0,0.000,ft_jnd,FrameTimeStutter,1,0,1,0,1,1,0.25,0.25,1.5,100,-10,100,1,5,250,40,5,250,50,1,6,11,0,0.06,4,0.05,50,8,4,2,2,100,144,5,5,300,1.05,1.05,6.0,2.0,10,6,6,-1,
5,P005,1,ft_jnd,FrameTimeStutter,1612,6.69073,3.2775,332.63,1141.30,0.000,0.000,332.63,1141.30,-17.3228,8.7031,0.0000,1.3166,0.0000,-18.6394,Left,0,0,0,0,174.615,0,0.000,ft_jnd,FrameTimeStutter,1,0,1,0,1,1,0.25,0.25,1.5,100,-10,100,1,5,250,40,5,250,50,1,6,11,0,0.06,4,0.05,50,8,4,2,2,100,144,5,5,300,1.05,1.05,6.0,2.0,10,6,6,-1,
5,P005,1,ft_jnd,FrameTimeStutter,1613,6.69481,4.0862,332.63,1141.30,0.000,0.000,332.63,1141.30,-17.3228,8.7031,0.0000,1.3166,0.0000,-18.6394,Left,0,0,0,0,174.615,0,0.000,ft_jnd,FrameTimeStutter,1,0,1,0,1,1,0.25,0.25,1.5,100,-10,100,1,5,250,40,5,250,50,1,6,11,0,0.06,4,0.05,50,8,4,2,2,100,144,5,5,300,1.05,1.05,6.0,2.0,10,6,6,-1,
5,P005,1,ft_jnd,FrameTimeStutter,1614,6.69869,3.8716,332.63,1141.30,0.000,0.000,332.63,1141.30,-17.3228,8.7031,0.0000,1.3166,0.0000,-18.6394,Left,0,0,0,0,174.615,0,0.000,ft_jnd,FrameTimeStutter,1,0,1,0,1,1,0.25,0.25,1.5,100,-10,100,1,5,250,40,5,250,50,1,6,11,0,0.06,4,0.05,50,8,4,2,2,100,144,5,5,300,1.05,1.05,6.0,2.0,10,6,6,-1,
5,P005,1,ft_jnd,FrameTimeStutter,1615,6.70207,3.3885,332.63,1141.30,0.000,0.000,332.63,1141.30,-17.3228,8.7031,0.0000,1.3166,0.0000,-18.6394,Left,0,0,0,0,174.615,0,0.000,ft_jnd,FrameTimeStutter,1,0,1,0,1,1,0.25,0.25,1.5,100,-10,100,1,5,250,40,5,250,50,1,6,11,0,0.06,4,0.05,50,8,4,2,2,100,144,5,5,300,1.05,1.05,6.0,2.0,10,6,6,-1,
5,P005,1,ft_jnd,FrameTimeStutter,1616,6.70506,2.9817,332.63,1141.30,0.000,0.000,332.63,1141.30,-17.3228,8.7031,0.0000,1.3166,0.0000,-18.6394,Left,0,0,0,0,174.615,0,0.000,ft_jnd,FrameTimeStutter,1,0,1,0,1,1,0.25,0.25,1.5,100,-10,100,1,5,250,40,5,250,50,1,6,11,0,0.06,4,0.05,50,8,4,2,2,100,144,5,5,300,1.05,1.05,6.0,2.0,10,6,6,-1,
5,P005,1,ft_jnd,FrameTimeStutter,1617,6.70904,3.9829,332.63,1141.30,0.000,0.000,332.63,1141.30,-17.3228,8.7031,0.0000,1.3166,0.0000,-18.6394,Left,0,0,0,0,174.615,0,0.000,ft_jnd,FrameTimeStutter,1,0,1,0,1,1,0.25,0.25,1.5,100,-10,100,1,5,250,40,5,250,50,1,6,11,0,0.06,4,0.05,50,8,4,2,2,100,144,5,5,300,1.05,1.05,6.0,2.0,10,6,6,-1,
5,P005,1,ft_jnd,FrameTimeStutter,1618,6.71269,3.6466,332.63,1141.30,0.000,0.000,332.63,1141.30,-17.3228,8.7031,0.0000,1.3166,0.0000,-18.6394,Left,0,0,0,0,174.615,0,0.000,ft_jnd,FrameTimeStutter,1,0,1,0,1,1,0.25,0.25,1.5,100,-10,100,1,5,250,40,5,250,50,1,6,11,0,0.06,4,0.05,50,8,4,2,2,100,144,5,5,300,1.05,1.05,6.0,2.0,10,6,6,-1,
5,P005,1,ft_jnd,FrameTimeStutter,1619,6.71602,3.3351,332.63,1141.30,0.000,0.000,332.63,1141.30,-17.3228,8.7031,0.0000,1.3166,0.0000,-18.6394,Left,0,0,0,0,174.615,0,0.000,ft_jnd,FrameTimeStutter,1,0,1,0,1,1,0.25,0.25,1.5,100,-10,100,1,5,250,40,5,250,50,1,6,11,0,0.06,4,0.05,50,8,4,2,2,100,144,5,5,300,1.05,1.05,6.0,2.0,10,6,6,-1,
5,P005,1,ft_jnd,FrameTimeStutter,1620,6.71982,3.8035,332.63,1141.30,0.000,0.000,332.63,1141.30,-17.3228,8.7031,0.0000,1.3166,0.0000,-18.6394,Left,0,0,0,0,174.615,0,0.000,ft_jnd,FrameTimeStutter,1,0,1,0,1,1,0.25,0.25,1.5,100,-10,100,1,5,250,40,5,250,50,1,6,11,0,0.06,4,0.05,50,8,4,2,2,100,144,5,5,300,1.05,1.05,6.0,2.0,10,6,6,-1,
5,P005,1,ft_jnd,FrameTimeStutter,1621,6.72365,3.8304,332.63,1141.30,0.000,0.000,332.63,1141.30,-17.3228,8.7031,0.0000,1.3166,0.0000,-18.6394,Left,0,0,0,0,174.615,0,0.000,ft_jnd,FrameTimeStutter,1,0,1,0,1,1,0.25,0.25,1.5,100,-10,100,1,5,250,40,5,250,50,1,6,11,0,0.06,4,0.05,50,8,4,2,2,100,144,5,5,300,1.05,1.05,6.0,2.0,10,6,6,-1,
5,P005,1,ft_jnd,FrameTimeStutter,1622,6.72656,2.9017,332.63,1141.30,0.000,0.000,332.63,1141.30,-17.3228,8.7031,0.0000,1.3166,0.0000,-18.6394,Left,0,0,0,0,174.615,0,0.000,ft_jnd,FrameTimeStutter,1,0,1,0,1,1,0.25,0.25,1.5,100,-10,100,1,5,250,40,5,250,50,1,6,11,0,0.06,4,0.05,50,8,4,2,2,100,144,5,5,300,1.05,1.05,6.0,2.0,10,6,6,-1,
5,P005,1,ft_jnd,FrameTimeStutter,1623,6.73143,4.8729,332.63,1141.30,0.000,0.000,332.63,1141.30,-17.3228,8.7031,0.0000,1.3166,0.0000,-18.6394,Left,0,0,0,0,174.615,0,0.000,ft_jnd,FrameTimeStutter,1,0,1,0,1,1,0.25,0.25,1.5,100,-10,100,1,5,250,40,5,250,50,1,6,11,0,0.06,4,0.05,50,8,4,2,2,100,144,5,5,300,1.05,1.05,6.0,2.0,10,6,6,-1,
5,P005,1,ft_jnd,FrameTimeStutter,1624,6.73441,2.9791,332.63,1141.30,0.000,0.000,332.63,1141.30,-17.3228,8.7031,0.0000,1.3166,0.0000,-18.6394,Left,0,0,0,0,174.615,0,0.000,ft_jnd,FrameTimeStutter,1,0,1,0,1,1,0.25,0.25,1.5,100,-10,100,1,5,250,40,5,250,50,1,6,11,0,0.06,4,0.05,50,8,4,2,2,100,144,5,5,300,1.05,1.05,6.0,2.0,10,6,6,-1,
5,P005,1,ft_jnd,FrameTimeStutter,1625,6.73802,3.6105,332.63,1141.30,0.000,0.000,332.63,1141.30,-17.3228,8.7031,0.0000,1.3166,0.0000,-18.6394,Left,0,0,0,0,174.615,0,0.000,ft_jnd,FrameTimeStutter,1,0,1,0,1,1,0.25,0.25,1.5,100,-10,100,1,5,250,40,5,250,50,1,6,11,0,0.06,4,0.05,50,8,4,2,2,100,144,5,5,300,1.05,1.05,6.0,2.0,10,6,6,-1,
5,P005,1,ft_jnd,FrameTimeStutter,1626,6.74186,3.8363,332.63,1141.30,0.000,0.000,332.63,1141.30,-17.3228,8.7031,0.0000,1.3166,0.0000,-18.6394,Left,0,0,0,0,174.615,0,0.000,ft_jnd,FrameTimeStutter,1,0,1,0,1,1,0.25,0.25,1.5,100,-10,100,1,5,250,40,5,250,50,1,6,11,0,0.06,4,0.05,50,8,4,2,2,100,144,5,5,300,1.05,1.05,6.0,2.0,10,6,6,-1,
5,P005,1,ft_jnd,FrameTimeStutter,1627,6.74521,3.3512,332.63,1141.30,0.000,0.000,332.63,1141.30,-17.3228,8.7031,0.0000,1.3166,0.0000,-18.6394,Left,0,0,0,0,174.615,0,0.000,ft_jnd,FrameTimeStutter,1,0,1,0,1,1,0.25,0.25,1.5,100,-10,100,1,5,250,40,5,250,50,1,6,11,0,0.06,4,0.05,50,8,4,2,2,100,144,5,5,300,1.05,1.05,6.0,2.0,10,6,6,-1,
5,P005,1,ft_jnd,FrameTimeStutter,1628,6.74916,3.9572,332.63,1141.30,0.000,0.000,332.63,1141.30,-17.3228,8.7031,0.0000,1.3166,0.0000,-18.6394,Left,0,0,0,0,174.615,0,0.000,ft_jnd,FrameTimeStutter,1,0,1,0,1,1,0.25,0.25,1.5,100,-10,100,1,5,250,40,5,250,50,1,6,11,0,0.06,4,0.05,50,8,4,2,2,100,144,5,5,300,1.05,1.05,6.0,2.0,10,6,6,-1,
5,P005,1,ft_jnd,FrameTimeStutter,1629,6.75279,3.6241,332.63,1141.30,0.000,0.000,332.63,1141.30,-17.3228,8.7031,0.0000,1.3166,0.0000,-18.6394,Left,0,0,0,0,174.615,0,0.000,ft_jnd,FrameTimeStutter,1,0,1,0,1,1,0.25,0.25,1.5,100,-10,100,1,5,250,40,5,250,50,1,6,11,0,0.06,4,0.05,50,8,4,2,2,100,144,5,5,300,1.05,1.05,6.0,2.0,10,6,6,-1,
5,P005,1,ft_jnd,FrameTimeStutter,1630,6.75650,3.7125,332.63,1141.30,0.000,0.000,332.63,1141.30,-17.3228,8.7031,0.0000,1.3166,0.0000,-18.6394,Left,0,0,0,0,174.615,0,0.000,ft_jnd,FrameTimeStutter,1,0,1,0,1,1,0.25,0.25,1.5,100,-10,100,1,5,250,40,5,250,50,1,6,11,0,0.06,4,0.05,50,8,4,2,2,100,144,5,5,300,1.05,1.05,6.0,2.0,10,6,6,-1,
5,P005,1,ft_jnd,FrameTimeStutter,1631,6.76043,3.9275,332.63,1141.30,0.000,0.000,332.63,1141.30,-17.3228,8.7031,0.0000,1.3166,0.0000,-18.6394,Left,0,0,0,0,174.615,0,0.000,ft_jnd,FrameTimeStutter,1,0,1,0,1,1,0.25,0.25,1.5,100,-10,100,1,5,250,40,5,250,50,1,6,11,0,0.06,4,0.05,50,8,4,2,2,100,144,5,5,300,1.05,1.05,6.0,2.0,10,6,6,-1,
5,P005,1,ft_jnd,FrameTimeStutter,1632,6.76446,4.0305,332.63,1141.30,0.000,0.000,332.63,1141.30,-17.3228,8.7031,0.0000,1.3166,0.0000,-18.6394,Left,0,0,0,0,174.615,0,0.000,ft_jnd,FrameTimeStutter,1,0,1,0,1,1,0.25,0.25,1.5,100,-10,100,1,5,250,40,5,250,50,1,6,11,0,0.06,4,0.05,50,8,4,2,2,100,144,5,5,300,1.05,1.05,6.0,2.0,10,6,6,-1,
5,P005,1,ft_jnd,FrameTimeStutter,1633,6.76828,3.8208,332.63,1141.30,0.000,0.000,332.63,1141.30,-17.3228,8.7031,0.0000,1.3166,0.0000,-18.6394,Left,0,0,0,0,174.615,0,0.000,ft_jnd,FrameTimeStutter,1,0,1,0,1,1,0.25,0.25,1.5,100,-10,100,1,5,250,40,5,250,50,1,6,11,0,0.06,4,0.05,50,8,4,2,2,100,144,5,5,300,1.05,1.05,6.0,2.0,10,6,6,-1,
5,P005,1,ft_jnd,FrameTimeStutter,1634,6.77208,3.7997,332.63,1141.30,0.000,0.000,332.63,1141.30,-17.3228,8.7031,0.0000,1.3166,0.0000,-18.6394,Left,0,0,0,0,174.615,0,0.000,ft_jnd,FrameTimeStutter,1,0,1,0,1,1,0.25,0.25,1.5,100,-10,100,1,5,250,40,5,250,50,1,6,11,0,0.06,4,0.05,50,8,4,2,2,100,144,5,5,300,1.05,1.05,6.0,2.0,10,6,6,-1,
5,P005,1,ft_jnd,FrameTimeStutter,1635,6.77586,3.7778,332.63,1141.30,0.000,0.000,332.63,1141.30,-17.3228,8.7031,0.0000,1.3166,0.0000,-18.6394,Left,0,0,0,0,174.615,0,0.000,ft_jnd,FrameTimeStutter,1,0,1,0,1,1,0.25,0.25,1.5,100,-10,100,1,5,250,40,5,250,50,1,6,11,0,0.06,4,0.05,50,8,4,2,2,100,144,5,5,300,1.05,1.05,6.0,2.0,10,6,6,-1,
5,P005,1,ft_jnd,FrameTimeStutter,1636,6.77959,3.7320,332.63,1141.30,0.000,0.000,332.63,1141.30,-17.3228,8.7031,0.0000,1.3166,0.0000,-18.6394,Left,0,0,0,0,174.615,0,0.000,ft_jnd,FrameTimeStutter,1,0,1,0,1,1,0.25,0.25,1.5,100,-10,100,1,5,250,40,5,250,50,1,6,11,0,0.06,4,0.05,50,8,4,2,2,100,144,5,5,300,1.05,1.05,6.0,2.0,10,6,6,-1,
5,P005,1,ft_jnd,FrameTimeStutter,1637,6.78226,2.6695,332.63,1141.30,0.000,0.000,332.63,1141.30,-17.3228,8.7031,0.0000,1.3166,0.0000,-18.6394,Left,0,0,0,0,174.615,0,0.000,ft_jnd,FrameTimeStutter,1,0,1,0,1,1,0.25,0.25,1.5,100,-10,100,1,5,250,40,5,250,50,1,6,11,0,0.06,4,0.05,50,8,4,2,2,100,144,5,5,300,1.05,1.05,6.0,2.0,10,6,6,-1,
5,P005,1,ft_jnd,FrameTimeStutter,1638,6.78670,4.4377,332.63,1141.30,0.000,0.000,332.63,1141.30,-17.3228,8.7031,0.0000,1.3166,0.0000,-18.6394,Left,0,0,0,0,174.615,0,0.000,ft_jnd,FrameTimeStutter,1,0,1,0,1,1,0.25,0.25,1.5,100,-10,100,1,5,250,40,5,250,50,1,6,11,0,0.06,4,0.05,50,8,4,2,2,100,144,5,5,300,1.05,1.05,6.0,2.0,10,6,6,-1,
5,P005,1,ft_jnd,FrameTimeStutter,1639,6.79048,3.7865,332.63,1141.30,0.000,0.000,332.63,1141.30,-17.3228,8.7031,0.0000,1.3166,0.0000,-18.6394,Left,0,0,0,0,174.615,0,0.000,ft_jnd,FrameTimeStutter,1,0,1,0,1,1,0.25,0.25,1.5,100,-10,100,1,5,250,40,5,250,50,1,6,11,0,0.06,4,0.05,50,8,4,2,2,100,144,5,5,300,1.05,1.05,6.0,2.0,10,6,6,-1,
5,P005,1,ft_jnd,FrameTimeStutter,1640,6.79381,3.3307,332.63,1141.30,0.000,0.000,332.63,1141.30,-17.3228,8.7031,0.0000,1.3166,0.0000,-18.6394,Left,0,0,0,0,174.615,0,0.000,ft_jnd,FrameTimeStutter,1,0,1,0,1,1,0.25,0.25,1.5,100,-10,100,1,5,250,40,5,250,50,1,6,11,0,0.06,4,0.05,50,8,4,2,2,100,144,5,5,300,1.05,1.05,6.0,2.0,10,6,6,-1,
5,P005,1,ft_jnd,FrameTimeStutter,1641,6.79786,4.0444,332.63,1141.30,0.000,0.000,332.63,1141.30,-17.3228,8.7031,0.0000,1.3166,0.0000,-18.6394,Left,0,0,0,0,174.615,0,0.000,ft_jnd,FrameTimeStutter,1,0,1,0,1,1,0.25,0.25,1.5,100,-10,100,1,5,250,40,5,250,50,1,6,11,0,0.06,4,0.05,50,8,4,2,2,100,144,5,5,300,1.05,1.05,6.0,2.0,10,6,6,-1,
5,P005,1,ft_jnd,FrameTimeStutter,1642,6.80095,3.0930,332.63,1141.30,0.000,0.000,332.63,1141.30,-17.3228,8.7031,0.0000,1.3166,0.0000,-18.6394,Left,0,0,0,0,174.615,0,0.000,ft_jnd,FrameTimeStutter,1,0,1,0,1,1,0.25,0.25,1.5,100,-10,100,1,5,250,40,5,250,50,1,6,11,0,0.06,4,0.05,50,8,4,2,2,100,144,5,5,300,1.05,1.05,6.0,2.0,10,6,6,-1,
5,P005,1,ft_jnd,FrameTimeStutter,1643,6.80552,4.5669,332.63,1141.30,0.000,0.000,332.63,1141.30,-17.3228,8.7031,0.0000,1.3166,0.0000,-18.6394,Left,0,0,0,0,174.615,0,0.000,ft_jnd,FrameTimeStutter,1,0,1,0,1,1,0.25,0.25,1.5,100,-10,100,1,5,250,40,5,250,50,1,6,11,0,0.06,4,0.05,50,8,4,2,2,100,144,5,5,300,1.05,1.05,6.0,2.0,10,6,6,-1,
5,P005,1,ft_jnd,FrameTimeStutter,1644,6.80935,3.8332,332.63,1141.30,0.000,0.000,332.63,1141.30,-17.3228,8.7031,0.0000,1.3166,0.0000,-18.6394,Left,0,0,0,0,174.615,0,0.000,ft_jnd,FrameTimeStutter,1,0,1,0,1,1,0.25,0.25,1.5,100,-10,100,1,5,250,40,5,250,50,1,6,11,0,0.06,4,0.05,50,8,4,2,2,100,144,5,5,300,1.05,1.05,6.0,2.0,10,6,6,-1,
5,P005,1,ft_jnd,FrameTimeStutter,1645,6.81267,3.3237,332.63,1141.30,0.000,0.000,332.63,1141.30,-17.3228,8.7031,0.0000,1.3166,0.0000,-18.6394,Left,0,0,0,0,174.615,0,0.000,ft_jnd,FrameTimeStutter,1,0,1,0,1,1,0.25,0.25,1.5,100,-10,100,1,5,250,40,5,250,50,1,6,11,0,0.06,4,0.05,50,8,4,2,2,100,144,5,5,300,1.05,1.05,6.0,2.0,10,6,6,-1,
5,P005,1,ft_jnd,FrameTimeStutter,1646,6.81676,4.0843,332.63,1141.30,0.000,0.000,332.63,1141.30,-17.3228,8.7031,0.0000,1.3166,0.0000,-18.6394,Left,0,0,0,0,174.615,0,0.000,ft_jnd,FrameTimeStutter,1,0,1,0,1,1,0.25,0.25,1.5,100,-10,100,1,5,250,40,5,250,50,1,6,11,0,0.06,4,0.05,50,8,4,2,2,100,144,5,5,300,1.05,1.05,6.0,2.0,10,6,6,-1,
5,P005,1,ft_jnd,FrameTimeStutter,1647,6.82048,3.7176,332.63,1141.30,0.000,0.000,332.63,1141.30,-17.3228,8.7031,0.0000,-17.9119,0.0000,-18.6394,Left,0,0,0,0,174.615,0,0.000,ft_jnd,FrameTimeStutter,1,0,1,0,1,1,0.25,0.25,1.5,100,-10,100,1,5,250,40,5,250,50,1,6,11,0,0.06,4,0.05,50,8,4,2,2,100,144,5,5,300,1.05,1.05,6.0,2.0,10,6,6,-1,
5,P005,1,ft_jnd,FrameTimeStutter,1648,6.83680,16.3220,332.63,1141.30,0.000,0.000,332.63,1141.30,-17.3228,8.7031,0.0000,-17.9119,0.0000,0.5891,Right,1,1,0,0,174.615,1,174.615,ft_jnd,FrameTimeStutter,1,0,1,0,1,1,0.25,0.25,1.5,100,-10,100,1,5,250,40,5,250,50,1,6,11,0,0.06,4,0.05,50,8,4,2,2,100,144,5,5,300,1.05,1.05,6.0,2.0,10,6,6,-1,
5,P005,1,ft_jnd,FrameTimeStutter,1649,7.02318,186.3808,332.63,1141.30,0.000,0.000,332.63,1141.30,-17.3228,8.7031,0.0000,-17.9119,0.0000,0.5891,Right,0,0,0,0,174.615,0,0.000,ft_jnd,FrameTimeStutter,1,0,1,0,1,1,0.25,0.25,1.5,100,-10,100,1,5,250,40,5,250,50,1,6,11,0,0.06,4,0.05,50,8,4,2,2,100,144,5,5,300,1.05,1.05,6.0,2.0,10,6,6,-1,
5,P005,1,ft_jnd,FrameTimeStutter,1650,7.02748,4.3012,332.63,1141.30,0.000,0.000,332.63,1141.30,-17.3228,8.7031,0.0000,-17.9119,0.0000,0.5891,Right,0,0,0,0,174.615,0,0.000,ft_jnd,FrameTimeStutter,1,0,1,0,1,1,0.25,0.25,1.5,100,-10,100,1,5,250,40,5,250,50,1,6,11,0,0.06,4,0.05,50,8,4,2,2,100,144,5,5,300,1.05,1.05,6.0,2.0,10,6,6,-1,
5,P005,1,ft_jnd,FrameTimeStutter,1651,7.03232,4.8448,332.63,1141.30,0.000,0.000,332.63,1141.30,-17.3228,8.7031,0.0000,-17.9119,0.0000,0.5891,Right,0,0,0,0,174.615,0,0.000,ft_jnd,FrameTimeStutter,1,0,1,0,1,1,0.25,0.25,1.5,100,-10,100,1,5,250,40,5,250,50,1,6,11,0,0.06,4,0.05,50,8,4,2,2,100,144,5,5,300,1.05,1.05,6.0,2.0,10,6,6,-1,
5,P005,1,ft_jnd,FrameTimeStutter,1652,7.03871,6.3842,332.63,1141.30,0.000,0.000,332.63,1141.30,-17.3228,8.7031,0.0000,-17.9119,0.0000,0.5891,Right,0,0,0,0,174.615,0,0.000,ft_jnd,FrameTimeStutter,1,0,1,0,1,1,0.25,0.25,1.5,100,-10,100,1,5,250,40,5,250,50,1,6,11,0,0.06,4,0.05,50,8,4,2,2,100,144,5,5,300,1.05,1.05,6.0,2.0,10,6,6,-1,
5,P005,1,ft_jnd,FrameTimeStutter,1653,7.04266,3.9536,332.63,1141.30,0.000,0.000,332.63,1141.30,-17.3228,8.7031,0.0000,-17.9119,0.0000,0.5891,Right,0,0,0,0,174.615,0,0.000,ft_jnd,FrameTimeStutter,1,0,1,0,1,1,0.25,0.25,1.5,100,-10,100,1,5,250,40,5,250,50,1,6,11,0,0.06,4,0.05,50,8,4,2,2,100,144,5,5,300,1.05,1.05,6.0,2.0,10,6,6,-1,
5,P005,1,ft_jnd,FrameTimeStutter,1654,7.04704,4.3787,332.63,1141.30,0.000,0.000,332.63,1141.30,-17.3228,8.7031,0.0000,-17.9119,0.0000,0.5891,Right,0,0,0,0,174.615,0,0.000,ft_jnd,FrameTimeStutter,1,0,1,0,1,1,0.25,0.25,1.5,100,-10,100,1,5,250,40,5,250,50,1,6,11,0,0.06,4,0.05,50,8,4,2,2,100,144,5,5,300,1.05,1.05,6.0,2.0,10,6,6,-1,
5,P005,1,ft_jnd,FrameTimeStutter,1655,7.05135,4.3073,332.63,1141.30,0.000,0.000,332.63,1141.30,-17.3228,8.7031,0.0000,-17.9119,0.0000,0.5891,Right,0,0,0,0,174.615,0,0.000,ft_jnd,FrameTimeStutter,1,0,1,0,1,1,0.25,0.25,1.5,100,-10,100,1,5,250,40,5,250,50,1,6,11,0,0.06,4,0.05,50,8,4,2,2,100,144,5,5,300,1.05,1.05,6.0,2.0,10,6,6,-1,
5,P005,1,ft_jnd,FrameTimeStutter,1656,7.05511,3.7590,332.63,1141.30,0.000,0.000,332.63,1141.30,-17.3228,8.7031,0.0000,-17.9119,0.0000,0.5891,Right,0,0,0,0,174.615,0,0.000,ft_jnd,FrameTimeStutter,1,0,1,0,1,1,0.25,0.25,1.5,100,-10,100,1,5,250,40,5,250,50,1,6,11,0,0.06,4,0.05,50,8,4,2,2,100,144,5,5,300,1.05,1.05,6.0,2.0,10,6,6,-1,
5,P005,1,ft_jnd,FrameTimeStutter,1657,7.05922,4.1109,332.63,1141.30,0.000,0.000,332.63,1141.30,-17.3228,8.7031,0.0000,-17.9119,0.0000,0.5891,Right,0,0,0,0,174.615,0,0.000,ft_jnd,FrameTimeStutter,1,0,1,0,1,1,0.25,0.25,1.5,100,-10,100,1,5,250,40,5,250,50,1,6,11,0,0.06,4,0.05,50,8,4,2,2,100,144,5,5,300,1.05,1.05,6.0,2.0,10,6,6,-1,
5,P005,1,ft_jnd,FrameTimeStutter,1658,7.06362,4.4056,332.63,1141.30,0.000,0.000,332.63,1141.30,-17.3228,8.7031,0.0000,-17.9119,0.0000,0.5891,Right,0,0,0,0,174.615,0,0.000,ft_jnd,FrameTimeStutter,1,0,1,0,1,1,0.25,0.25,1.5,100,-10,100,1,5,250,40,5,250,50,1,6,11,0,0.06,4,0.05,50,8,4,2,2,100,144,5,5,300,1.05,1.05,6.0,2.0,10,6,6,-1,
5,P005,1,ft_jnd,FrameTimeStutter,1659,7.06772,4.0967,332.63,1141.30,0.000,0.000,332.63,1141.30,-17.3228,8.7031,0.0000,-17.9119,0.0000,0.5891,Right,0,0,0,0,174.615,0,0.000,ft_jnd,FrameTimeStutter,1,0,1,0,1,1,0.25,0.25,1.5,100,-10,100,1,5,250,40,5,250,50,1,6,11,0,0.06,4,0.05,50,8,4,2,2,100,144,5,5,300,1.05,1.05,6.0,2.0,10,6,6,-1,
5,P005,1,ft_jnd,FrameTimeStutter,1660,7.07225,4.5285,332.63,1141.30,0.000,0.000,332.63,1141.30,-17.3228,8.7031,0.0000,-17.9119,0.0000,0.5891,Right,0,0,0,0,174.615,0,0.000,ft_jnd,FrameTimeStutter,1,0,1,0,1,1,0.25,0.25,1.5,100,-10,100,1,5,250,40,5,250,50,1,6,11,0,0.06,4,0.05,50,8,4,2,2,100,144,5,5,300,1.05,1.05,6.0,2.0,10,6,6,-1,
5,P005,1,ft_jnd,FrameTimeStutter,1661,7.07669,4.4369,332.63,1141.30,0.000,0.000,332.63,1141.30,-17.3228,8.7031,0.0000,-17.9119,0.0000,0.5891,Right,0,0,0,0,174.615,0,0.000,ft_jnd,FrameTimeStutter,1,0,1,0,1,1,0.25,0.25,1.5,100,-10,100,1,5,250,40,5,250,50,1,6,11,0,0.06,4,0.05,50,8,4,2,2,100,144,5,5,300,1.05,1.05,6.0,2.0,10,6,6,-1,
5,P005,1,ft_jnd,FrameTimeStutter,1662,7.08124,4.5574,332.63,1141.30,0.000,0.000,332.63,1141.30,-17.3228,8.7031,0.0000,-17.9119,0.0000,0.5891,Right,0,0,0,0,174.615,0,0.000,ft_jnd,FrameTimeStutter,1,0,1,0,1,1,0.25,0.25,1.5,100,-10,100,1,5,250,40,5,250,50,1,6,11,0,0.06,4,0.05,50,8,4,2,2,100,144,5,5,300,1.05,1.05,6.0,2.0,10,6,6,-1,
5,P005,1,ft_jnd,FrameTimeStutter,1663,7.08527,4.0280,332.63,1141.30,0.000,0.000,332.63,1141.30,-17.3228,8.7031,0.0000,-17.9119,0.0000,0.5891,Right,0,0,0,0,174.615,0,0.000,ft_jnd,FrameTimeStutter,1,0,1,0,1,1,0.25,0.25,1.5,100,-10,100,1,5,250,40,5,250,50,1,6,11,0,0.06,4,0.05,50,8,4,2,2,100,144,5,5,300,1.05,1.05,6.0,2.0,10,6,6,-1,
5,P005,1,ft_jnd,FrameTimeStutter,1664,7.08974,4.4654,332.63,1141.30,0.000,0.000,332.63,1141.30,-17.3228,8.7031,0.0000,-17.9119,0.0000,0.5891,Right,0,0,0,0,174.615,0,0.000,ft_jnd,FrameTimeStutter,1,0,1,0,1,1,0.25,0.25,1.5,100,-10,100,1,5,250,40,5,250,50,1,6,11,0,0.06,4,0.05,50,8,4,2,2,100,144,5,5,300,1.05,1.05,6.0,2.0,10,6,6,-1,
5,P005,1,ft_jnd,FrameTimeStutter,1665,7.09420,4.4635,332.63,1141.30,0.000,0.000,332.63,1141.30,-17.3228,8.7031,0.0000,-17.9119,0.0000,0.5891,Right,0,0,0,0,174.615,0,0.000,ft_jnd,FrameTimeStutter,1,0,1,0,1,1,0.25,0.25,1.5,100,-10,100,1,5,250,40,5,250,50,1,6,11,0,0.06,4,0.05,50,8,4,2,2,100,144,5,5,300,1.05,1.05,6.0,2.0,10,6,6,-1,
5,P005,1,ft_jnd,FrameTimeStutter,1666,7.09866,4.4574,332.63,1141.30,0.000,0.000,332.63,1141.30,-17.3228,8.7031,0.0000,-17.9119,0.0000,0.5891,Right,0,0,0,0,174.615,0,0.000,ft_jnd,FrameTimeStutter,1,0,1,0,1,1,0.25,0.25,1.5,100,-10,100,1,5,250,40,5,250,50,1,6,11,0,0.06,4,0.05,50,8,4,2,2,100,144,5,5,300,1.05,1.05,6.0,2.0,10,6,6,-1,
5,P005,1,ft_jnd,FrameTimeStutter,1667,7.10289,4.2318,332.63,1141.30,0.000,0.000,332.63,1141.30,-17.3228,8.7031,0.0000,-17.9119,0.0000,0.5891,Right,0,0,0,0,174.615,0,0.000,ft_jnd,FrameTimeStutter,1,0,1,0,1,1,0.25,0.25,1.5,100,-10,100,1,5,250,40,5,250,50,1,6,11,0,0.06,4,0.05,50,8,4,2,2,100,144,5,5,300,1.05,1.05,6.0,2.0,10,6,6,-1,
5,P005,1,ft_jnd,FrameTimeStutter,1668,7.10744,4.5521,332.63,1141.30,0.000,0.000,332.63,1141.30,-17.3228,8.7031,0.0000,-17.9119,0.0000,0.5891,Right,0,0,0,0,174.615,0,0.000,ft_jnd,FrameTimeStutter,1,0,1,0,1,1,0.25,0.25,1.5,100,-10,100,1,5,250,40,5,250,50,1,6,11,0,0.06,4,0.05,50,8,4,2,2,100,144,5,5,300,1.05,1.05,6.0,2.0,10,6,6,-1,
5,P005,1,ft_jnd,FrameTimeStutter,1669,7.11204,4.5963,332.63,1141.30,0.000,0.000,332.63,1141.30,-17.3228,8.7031,0.0000,-17.9119,0.0000,0.5891,Right,0,0,0,0,174.615,0,0.000,ft_jnd,FrameTimeStutter,1,0,1,0,1,1,0.25,0.25,1.5,100,-10,100,1,5,250,40,5,250,50,1,6,11,0,0.06,4,0.05,50,8,4,2,2,100,144,5,5,300,1.05,1.05,6.0,2.0,10,6,6,-1,
5,P005,1,ft_jnd,FrameTimeStutter,1670,7.11677,4.7320,332.63,1141.30,0.000,0.000,332.63,1141.30,-17.3228,8.7031,0.0000,-17.9119,0.0000,0.5891,Right,0,0,0,0,174.615,0,0.000,ft_jnd,FrameTimeStutter,1,0,1,0,1,1,0.25,0.25,1.5,100,-10,100,1,5,250,40,5,250,50,1,6,11,0,0.06,4,0.05,50,8,4,2,2,100,144,5,5,300,1.05,1.05,6.0,2.0,10,6,6,-1,
5,P005,1,ft_jnd,FrameTimeStutter,1671,7.12100,4.2251,332.63,1141.30,0.000,0.000,332.63,1141.30,-17.3228,8.7031,0.0000,-17.9119,0.0000,0.5891,Right,0,0,0,0,174.615,0,0.000,ft_jnd,FrameTimeStutter,1,0,1,0,1,1,0.25,0.25,1.5,100,-10,100,1,5,250,40,5,250,50,1,6,11,0,0.06,4,0.05,50,8,4,2,2,100,144,5,5,300,1.05,1.05,6.0,2.0,10,6,6,-1,
5,P005,1,ft_jnd,FrameTimeStutter,1672,7.12563,4.6362,332.63,1141.30,0.000,0.000,332.63,1141.30,-17.3228,8.7031,0.0000,-17.9119,0.0000,0.5891,Right,0,0,0,0,174.615,0,0.000,ft_jnd,FrameTimeStutter,1,0,1,0,1,1,0.25,0.25,1.5,100,-10,100,1,5,250,40,5,250,50,1,6,11,0,0.06,4,0.05,50,8,4,2,2,100,144,5,5,300,1.05,1.05,6.0,2.0,10,6,6,-1,
5,P005,1,ft_jnd,FrameTimeStutter,1673,7.13033,4.6975,332.63,1141.30,0.000,0.000,332.63,1141.30,-17.3228,8.7031,0.0000,-17.9119,0.0000,0.5891,Right,0,0,0,0,174.615,0,0.000,ft_jnd,FrameTimeStutter,1,0,1,0,1,1,0.25,0.25,1.5,100,-10,100,1,5,250,40,5,250,50,1,6,11,0,0.06,4,0.05,50,8,4,2,2,100,144,5,5,300,1.05,1.05,6.0,2.0,10,6,6,-1,
5,P005,1,ft_jnd,FrameTimeStutter,1674,7.13453,4.2026,332.63,1141.30,0.000,0.000,332.63,1141.30,-17.3228,8.7031,0.0000,-17.9119,0.0000,0.5891,Right,0,0,0,0,174.615,0,0.000,ft_jnd,FrameTimeStutter,1,0,1,0,1,1,0.25,0.25,1.5,100,-10,100,1,5,250,40,5,250,50,1,6,11,0,0.06,4,0.05,50,8,4,2,2,100,144,5,5,300,1.05,1.05,6.0,2.0,10,6,6,-1,
5,P005,1,ft_jnd,FrameTimeStutter,1675,7.13910,4.5706,332.63,1141.30,0.000,0.000,332.63,1141.30,-17.3228,8.7031,0.0000,-17.9119,0.0000,0.5891,Right,0,0,0,0,174.615,0,0.000,ft_jnd,FrameTimeStutter,1,0,1,0,1,1,0.25,0.25,1.5,100,-10,100,1,5,250,40,5,250,50,1,6,11,0,0.06,4,0.05,50,8,4,2,2,100,144,5,5,300,1.05,1.05,6.0,2.0,10,6,6,-1,
5,P005,1,ft_jnd,FrameTimeStutter,1676,7.14369,4.5868,332.63,1141.30,0.000,0.000,332.63,1141.30,-17.3228,8.7031,0.0000,-17.9119,0.0000,0.5891,Right,0,0,0,0,174.615,0,0.000,ft_jnd,FrameTimeStutter,1,0,1,0,1,1,0.25,0.25,1.5,100,-10,100,1,5,250,40,5,250,50,1,6,11,0,0.06,4,0.05,50,8,4,2,2,100,144,5,5,300,1.05,1.05,6.0,2.0,10,6,6,-1,
5,P005,1,ft_jnd,FrameTimeStutter,1677,7.14827,4.5827,332.63,1141.30,0.000,0.000,332.63,1141.30,-17.3228,8.7031,0.0000,-17.9119,0.0000,0.5891,Right,0,0,0,0,174.615,0,0.000,ft_jnd,FrameTimeStutter,1,0,1,0,1,1,0.25,0.25,1.5,100,-10,100,1,5,250,40,5,250,50,1,6,11,0,0.06,4,0.05,50,8,4,2,2,100,144,5,5,300,1.05,1.05,6.0,2.0,10,6,6,-1,
5,P005,1,ft_jnd,FrameTimeStutter,1678,7.15284,4.5666,332.63,1141.30,0.000,0.000,332.63,1141.30,-17.3228,8.7031,0.0000,-17.9119,0.0000,0.5891,Right,0,0,0,0,174.615,0,0.000,ft_jnd,FrameTimeStutter,1,0,1,0,1,1,0.25,0.25,1.5,100,-10,100,1,5,250,40,5,250,50,1,6,11,0,0.06,4,0.05,50,8,4,2,2,100,144,5,5,300,1.05,1.05,6.0,2.0,10,6,6,-1,
5,P005,1,ft_jnd,FrameTimeStutter,1679,7.15707,4.2299,332.63,1141.30,0.000,0.000,332.63,1141.30,-17.3228,8.7031,0.0000,-17.9119,0.0000,0.5891,Right,0,0,0,0,174.615,0,0.000,ft_jnd,FrameTimeStutter,1,0,1,0,1,1,0.25,0.25,1.5,100,-10,100,1,5,250,40,5,250,50,1,6,11,0,0.06,4,0.05,50,8,4,2,2,100,144,5,5,300,1.05,1.05,6.0,2.0,10,6,6,-1,
5,P005,1,ft_jnd,FrameTimeStutter,1680,7.16161,4.5425,332.63,1141.30,0.000,0.000,332.63,1141.30,-17.3228,8.7031,0.0000,-17.9119,0.0000,0.5891,Right,0,0,0,0,174.615,0,0.000,ft_jnd,FrameTimeStutter,1,0,1,0,1,1,0.25,0.25,1.5,100,-10,100,1,5,250,40,5,250,50,1,6,11,0,0.06,4,0.05,50,8,4,2,2,100,144,5,5,300,1.05,1.05,6.0,2.0,10,6,6,-1,
5,P005,1,ft_jnd,FrameTimeStutter,1681,7.16616,4.5452,332.63,1141.30,0.000,0.000,332.63,1141.30,-17.3228,8.7031,0.0000,-17.9119,0.0000,0.5891,Right,0,0,0,0,174.615,0,0.000,ft_jnd,FrameTimeStutter,1,0,1,0,1,1,0.25,0.25,1.5,100,-10,100,1,5,250,40,5,250,50,1,6,11,0,0.06,4,0.05,50,8,4,2,2,100,144,5,5,300,1.05,1.05,6.0,2.0,10,6,6,-1,
5,P005,1,ft_jnd,FrameTimeStutter,1682,7.17025,4.0979,332.63,1141.30,0.000,0.000,332.63,1141.30,-17.3228,8.7031,0.0000,-17.9119,0.0000,0.5891,Right,0,0,0,0,174.615,0,0.000,ft_jnd,FrameTimeStutter,1,0,1,0,1,1,0.25,0.25,1.5,100,-10,100,1,5,250,40,5,250,50,1,6,11,0,0.06,4,0.05,50,8,4,2,2,100,144,5,5,300,1.05,1.05,6.0,2.0,10,6,6,-1,
5,P005,1,ft_jnd,FrameTimeStutter,1683,7.17480,4.5450,332.63,1141.30,0.000,0.000,332.63,1141.30,-17.3228,8.7031,0.0000,-17.9119,0.0000,0.5891,Right,0,0,0,0,174.615,0,0.000,ft_jnd,FrameTimeStutter,1,0,1,0,1,1,0.25,0.25,1.5,100,-10,100,1,5,250,40,5,250,50,1,6,11,0,0.06,4,0.05,50,8,4,2,2,100,144,5,5,300,1.05,1.05,6.0,2.0,10,6,6,-1,
5,P005,1,ft_jnd,FrameTimeStutter,1684,7.17942,4.6264,332.63,1141.30,0.000,0.000,332.63,1141.30,-17.3228,8.7031,0.0000,-17.9119,0.0000,0.5891,Right,0,0,0,0,174.615,0,0.000,ft_jnd,FrameTimeStutter,1,0,1,0,1,1,0.25,0.25,1.5,100,-10,100,1,5,250,40,5,250,50,1,6,11,0,0.06,4,0.05,50,8,4,2,2,100,144,5,5,300,1.05,1.05,6.0,2.0,10,6,6,-1,
5,P005,1,ft_jnd,FrameTimeStutter,1685,7.18526,5.8373,332.63,1141.30,0.000,0.000,332.63,1141.30,-17.3228,8.7031,0.0000,-17.9119,0.0000,0.5891,Right,0,0,0,0,174.615,0,0.000,ft_jnd,FrameTimeStutter,1,0,1,0,1,1,0.25,0.25,1.5,100,-10,100,1,5,250,40,5,250,50,1,6,11,0,0.06,4,0.05,50,8,4,2,2,100,144,5,5,300,1.05,1.05,6.0,2.0,10,6,6,-1,
5,P005,1,ft_jnd,FrameTimeStutter,1686,7.18936,4.0957,332.63,1141.30,0.000,0.000,332.63,1141.30,-17.3228,8.7031,0.0000,-17.9119,0.0000,0.5891,Right,0,0,0,0,174.615,0,0.000,ft_jnd,FrameTimeStutter,1,0,1,0,1,1,0.25,0.25,1.5,100,-10,100,1,5,250,40,5,250,50,1,6,11,0,0.06,4,0.05,50,8,4,2,2,100,144,5,5,300,1.05,1.05,6.0,2.0,10,6,6,-1,
5,P005,1,ft_jnd,FrameTimeStutter,1687,7.19463,5.2723,332.63,1141.30,0.000,0.000,332.63,1141.30,-17.3228,8.7031,0.0000,-17.9119,0.0000,0.5891,Right,0,0,0,0,174.615,0,0.000,ft_jnd,FrameTimeStutter,1,0,1,0,1,1,0.25,0.25,1.5,100,-10,100,1,5,250,40,5,250,50,1,6,11,0,0.06,4,0.05,50,8,4,2,2,100,144,5,5,300,1.05,1.05,6.0,2.0,10,6,6,-1,
5,P005,1,ft_jnd,FrameTimeStutter,1688,7.19913,4.4977,332.63,1141.30,0.000,0.000,332.63,1141.30,-17.3228,8.7031,0.0000,-17.9119,0.0000,0.5891,Right,0,0,0,0,174.615,0,0.000,ft_jnd,FrameTimeStutter,1,0,1,0,1,1,0.25,0.25,1.5,100,-10,100,1,5,250,40,5,250,50,1,6,11,0,0.06,4,0.05,50,8,4,2,2,100,144,5,5,300,1.05,1.05,6.0,2.0,10,6,6,-1,
5,P005,1,ft_jnd,FrameTimeStutter,1689,7.20359,4.4654,332.63,1141.30,0.000,0.000,332.63,1141.30,-17.3228,8.7031,0.0000,-17.9119,0.0000,0.5891,Right,0,0,0,0,174.615,0,0.000,ft_jnd,FrameTimeStutter,1,0,1,0,1,1,0.25,0.25,1.5,100,-10,100,1,5,250,40,5,250,50,1,6,11,0,0.06,4,0.05,50,8,4,2,2,100,144,5,5,300,1.05,1.05,6.0,2.0,10,6,6,-1,
5,P005,1,ft_jnd,FrameTimeStutter,1690,7.20810,4.5075,332.63,1141.30,0.000,0.000,332.63,1141.30,-17.3228,8.7031,0.0000,-17.9119,0.0000,0.5891,Right,0,0,0,0,174.615,0,0.000,ft_jnd,FrameTimeStutter,1,0,1,0,1,1,0.25,0.25,1.5,100,-10,100,1,5,250,40,5,250,50,1,6,11,0,0.06,4,0.05,50,8,4,2,2,100,144,5,5,300,1.05,1.05,6.0,2.0,10,6,6,-1,
5,P005,1,ft_jnd,FrameTimeStutter,1691,7.21239,4.2882,332.63,1141.30,0.000,0.000,332.63,1141.30,-17.3228,8.7031,0.0000,-17.9119,0.0000,0.5891,Right,0,0,0,0,174.615,0,0.000,ft_jnd,FrameTimeStutter,1,0,1,0,1,1,0.25,0.25,1.5,100,-10,100,1,5,250,40,5,250,50,1,6,11,0,0.06,4,0.05,50,8,4,2,2,100,144,5,5,300,1.05,1.05,6.0,2.0,10,6,6,-1,
5,P005,1,ft_jnd,FrameTimeStutter,1692,7.21728,4.8927,332.63,1141.30,0.000,0.000,332.63,1141.30,-17.3228,8.7031,0.0000,-17.9119,0.0000,0.5891,Right,0,0,0,0,174.615,0,0.000,ft_jnd,FrameTimeStutter,1,0,1,0,1,1,0.25,0.25,1.5,100,-10,100,1,5,250,40,5,250,50,1,6,11,0,0.06,4,0.05,50,8,4,2,2,100,144,5,5,300,1.05,1.05,6.0,2.0,10,6,6,-1,
5,P005,1,ft_jnd,FrameTimeStutter,1693,7.22188,4.5991,332.63,1141.30,0.000,0.000,332.63,1141.30,-17.3228,8.7031,0.0000,-17.9119,0.0000,0.5891,Right,0,0,0,0,174.615,0,0.000,ft_jnd,FrameTimeStutter,1,0,1,0,1,1,0.25,0.25,1.5,100,-10,100,1,5,250,40,5,250,50,1,6,11,0,0.06,4,0.05,50,8,4,2,2,100,144,5,5,300,1.05,1.05,6.0,2.0,10,6,6,-1,
5,P005,1,ft_jnd,FrameTimeStutter,1694,7.22590,4.0151,332.63,1141.30,0.000,0.000,332.63,1141.30,-17.3228,8.7031,0.0000,-17.9119,0.0000,0.5891,Right,0,0,0,0,174.615,0,0.000,ft_jnd,FrameTimeStutter,1,0,1,0,1,1,0.25,0.25,1.5,100,-10,100,1,5,250,40,5,250,50,1,6,11,0,0.06,4,0.05,50,8,4,2,2,100,144,5,5,300,1.05,1.05,6.0,2.0,10,6,6,-1,
5,P005,1,ft_jnd,FrameTimeStutter,1695,7.23028,4.3864,332.63,1141.30,0.000,0.000,332.63,1141.30,-17.3228,8.7031,0.0000,-17.9119,0.0000,0.5891,Right,0,0,0,0,174.615,0,0.000,ft_jnd,FrameTimeStutter,1,0,1,0,1,1,0.25,0.25,1.5,100,-10,100,1,5,250,40,5,250,50,1,6,11,0,0.06,4,0.05,50,8,4,2,2,100,144,5,5,300,1.05,1.05,6.0,2.0,10,6,6,-1,
5,P005,1,ft_jnd,FrameTimeStutter,1696,7.23473,4.4490,332.63,1141.30,0.000,0.000,332.63,1141.30,-17.3228,8.7031,0.0000,-17.9119,0.0000,0.5891,Right,0,0,0,0,174.615,0,0.000,ft_jnd,FrameTimeStutter,1,0,1,0,1,1,0.25,0.25,1.5,100,-10,100,1,5,250,40,5,250,50,1,6,11,0,0.06,4,0.05,50,8,4,2,2,100,144,5,5,300,1.05,1.05,6.0,2.0,10,6,6,-1,
5,P005,1,ft_jnd,FrameTimeStutter,1697,7.23912,4.3928,332.63,1141.30,0.000,0.000,332.63,1141.30,-17.3228,8.7031,0.0000,-17.9119,0.0000,0.5891,Right,0,0,0,0,174.615,0,0.000,ft_jnd,FrameTimeStutter,1,0,1,0,1,1,0.25,0.25,1.5,100,-10,100,1,5,250,40,5,250,50,1,6,11,0,0.06,4,0.05,50,8,4,2,2,100,144,5,5,300,1.05,1.05,6.0,2.0,10,6,6,-1,
5,P005,1,ft_jnd,FrameTimeStutter,1698,7.24327,4.1484,332.63,1141.30,0.000,0.000,332.63,1141.30,-17.3228,8.7031,0.0000,-17.9119,0.0000,0.5891,Right,0,0,0,0,174.615,0,0.000,ft_jnd,FrameTimeStutter,1,0,1,0,1,1,0.25,0.25,1.5,100,-10,100,1,5,250,40,5,250,50,1,6,11,0,0.06,4,0.05,50,8,4,2,2,100,144,5,5,300,1.05,1.05,6.0,2.0,10,6,6,-1,
5,P005,1,ft_jnd,FrameTimeStutter,1699,7.24784,4.5697,332.63,1141.30,0.000,0.000,332.63,1141.30,-17.3228,8.7031,0.0000,-17.9119,0.0000,0.5891,Right,0,0,0,0,174.615,0,0.000,ft_jnd,FrameTimeStutter,1,0,1,0,1,1,0.25,0.25,1.5,100,-10,100,1,5,250,40,5,250,50,1,6,11,0,0.06,4,0.05,50,8,4,2,2,100,144,5,5,300,1.05,1.05,6.0,2.0,10,6,6,-1,
5,P005,1,ft_jnd,FrameTimeStutter,1700,7.25243,4.5852,332.63,1141.30,0.000,0.000,332.63,1141.30,-17.3228,8.7031,0.0000,-17.9119,0.0000,0.5891,Right,0,0,0,0,174.615,0,0.000,ft_jnd,FrameTimeStutter,1,0,1,0,1,1,0.25,0.25,1.5,100,-10,100,1,5,250,40,5,250,50,1,6,11,0,0.06,4,0.05,50,8,4,2,2,100,144,5,5,300,1.05,1.05,6.0,2.0,10,6,6,-1,
5,P005,1,ft_jnd,FrameTimeStutter,1701,7.25685,4.4247,332.63,1141.30,0.000,0.000,332.63,1141.30,-17.3228,8.7031,0.0000,-17.9119,0.0000,0.5891,Right,0,0,0,0,174.615,0,0.000,ft_jnd,FrameTimeStutter,1,0,1,0,1,1,0.25,0.25,1.5,100,-10,100,1,5,250,40,5,250,50,1,6,11,0,0.06,4,0.05,50,8,4,2,2,100,144,5,5,300,1.05,1.05,6.0,2.0,10,6,6,-1,
5,P005,1,ft_jnd,FrameTimeStutter,1702,7.26104,4.1835,332.63,1141.30,0.000,0.000,332.63,1141.30,-17.3228,8.7031,0.0000,-17.9119,0.0000,0.5891,Right,0,0,0,0,174.615,0,0.000,ft_jnd,FrameTimeStutter,1,0,1,0,1,1,0.25,0.25,1.5,100,-10,100,1,5,250,40,5,250,50,1,6,11,0,0.06,4,0.05,50,8,4,2,2,100,144,5,5,300,1.05,1.05,6.0,2.0,10,6,6,-1,
5,P005,1,ft_jnd,FrameTimeStutter,1703,7.26547,4.4301,332.63,1141.30,0.000,0.000,332.63,1141.30,-17.3228,8.7031,0.0000,-17.9119,0.0000,0.5891,Right,0,0,0,0,174.615,0,0.000,ft_jnd,FrameTimeStutter,1,0,1,0,1,1,0.25,0.25,1.5,100,-10,100,1,5,250,40,5,250,50,1,6,11,0,0.06,4,0.05,50,8,4,2,2,100,144,5,5,300,1.05,1.05,6.0,2.0,10,6,6,-1,
5,P005,1,ft_jnd,FrameTimeStutter,1704,7.26993,4.4613,332.63,1141.30,0.000,0.000,332.63,1141.30,-17.3228,8.7031,0.0000,-17.9119,0.0000,0.5891,Right,0,0,0,0,174.615,0,0.000,ft_jnd,FrameTimeStutter,1,0,1,0,1,1,0.25,0.25,1.5,100,-10,100,1,5,250,40,5,250,50,1,6,11,0,0.06,4,0.05,50,8,4,2,2,100,144,5,5,300,1.05,1.05,6.0,2.0,10,6,6,-1,
5,P005,1,ft_jnd,FrameTimeStutter,1705,7.27450,4.5695,332.63,1141.30,0.000,0.000,332.63,1141.30,-17.3228,8.7031,0.0000,-17.9119,0.0000,0.5891,Right,0,0,0,0,174.615,0,0.000,ft_jnd,FrameTimeStutter,1,0,1,0,1,1,0.25,0.25,1.5,100,-10,100,1,5,250,40,5,250,50,1,6,11,0,0.06,4,0.05,50,8,4,2,2,100,144,5,5,300,1.05,1.05,6.0,2.0,10,6,6,-1,
5,P005,1,ft_jnd,FrameTimeStutter,1706,7.27851,4.0142,332.63,1141.30,0.000,0.000,332.63,1141.30,-17.3228,8.7031,0.0000,-17.9119,0.0000,0.5891,Right,0,0,0,0,174.615,0,0.000,ft_jnd,FrameTimeStutter,1,0,1,0,1,1,0.25,0.25,1.5,100,-10,100,1,5,250,40,5,250,50,1,6,11,0,0.06,4,0.05,50,8,4,2,2,100,144,5,5,300,1.05,1.05,6.0,2.0,10,6,6,-1,
5,P005,1,ft_jnd,FrameTimeStutter,1707,7.28292,4.4135,332.63,1141.30,0.000,0.000,332.63,1141.30,-17.3228,8.7031,0.0000,-17.9119,0.0000,0.5891,Right,0,0,0,0,174.615,0,0.000,ft_jnd,FrameTimeStutter,1,0,1,0,1,1,0.25,0.25,1.5,100,-10,100,1,5,250,40,5,250,50,1,6,11,0,0.06,4,0.05,50,8,4,2,2,100,144,5,5,300,1.05,1.05,6.0,2.0,10,6,6,-1,
5,P005,1,ft_jnd,FrameTimeStutter,1708,7.28734,4.4124,332.63,1141.30,0.000,0.000,332.63,1141.30,-17.3228,8.7031,0.0000,-17.9119,0.0000,0.5891,Right,0,0,0,0,174.615,0,0.000,ft_jnd,FrameTimeStutter,1,0,1,0,1,1,0.25,0.25,1.5,100,-10,100,1,5,250,40,5,250,50,1,6,11,0,0.06,4,0.05,50,8,4,2,2,100,144,5,5,300,1.05,1.05,6.0,2.0,10,6,6,-1,
5,P005,1,ft_jnd,FrameTimeStutter,1709,7.29133,3.9959,332.63,1141.30,0.000,0.000,332.63,1141.30,-17.3228,8.7031,0.0000,-17.9119,0.0000,0.5891,Right,0,0,0,0,174.615,0,0.000,ft_jnd,FrameTimeStutter,1,0,1,0,1,1,0.25,0.25,1.5,100,-10,100,1,5,250,40,5,250,50,1,6,11,0,0.06,4,0.05,50,8,4,2,2,100,144,5,5,300,1.05,1.05,6.0,2.0,10,6,6,-1,
5,P005,1,ft_jnd,FrameTimeStutter,1710,7.29577,4.4365,332.63,1141.30,0.000,0.000,332.63,1141.30,-17.3228,8.7031,0.0000,-17.9119,0.0000,0.5891,Right,0,0,0,0,174.615,0,0.000,ft_jnd,FrameTimeStutter,1,0,1,0,1,1,0.25,0.25,1.5,100,-10,100,1,5,250,40,5,250,50,1,6,11,0,0.06,4,0.05,50,8,4,2,2,100,144,5,5,300,1.05,1.05,6.0,2.0,10,6,6,-1,
5,P005,1,ft_jnd,FrameTimeStutter,1711,7.30013,4.3649,332.63,1141.30,0.000,0.000,332.63,1141.30,-17.3228,8.7031,0.0000,-17.9119,0.0000,0.5891,Right,0,0,0,0,174.615,0,0.000,ft_jnd,FrameTimeStutter,1,0,1,0,1,1,0.25,0.25,1.5,100,-10,100,1,5,250,40,5,250,50,1,6,11,0,0.06,4,0.05,50,8,4,2,2,100,144,5,5,300,1.05,1.05,6.0,2.0,10,6,6,-1,
5,P005,1,ft_jnd,FrameTimeStutter,1712,7.30409,3.9584,332.63,1141.30,0.000,0.000,332.63,1141.30,-17.3228,8.7031,0.0000,-17.9119,0.0000,0.5891,Right,0,0,0,0,174.615,0,0.000,ft_jnd,FrameTimeStutter,1,0,1,0,1,1,0.25,0.25,1.5,100,-10,100,1,5,250,40,5,250,50,1,6,11,0,0.06,4,0.05,50,8,4,2,2,100,144,5,5,300,1.05,1.05,6.0,2.0,10,6,6,-1,
5,P005,1,ft_jnd,FrameTimeStutter,1713,7.30848,4.3904,332.63,1141.30,0.000,0.000,332.63,1141.30,-17.3228,8.7031,0.0000,-17.9119,0.0000,0.5891,Right,0,0,0,0,174.615,0,0.000,ft_jnd,FrameTimeStutter,1,0,1,0,1,1,0.25,0.25,1.5,100,-10,100,1,5,250,40,5,250,50,1,6,11,0,0.06,4,0.05,50,8,4,2,2,100,144,5,5,300,1.05,1.05,6.0,2.0,10,6,6,-1,
5,P005,1,ft_jnd,FrameTimeStutter,1714,7.31285,4.3717,332.63,1141.30,0.000,0.000,332.63,1141.30,-17.3228,8.7031,0.0000,-17.9119,0.0000,0.5891,Right,0,0,0,0,174.615,0,0.000,ft_jnd,FrameTimeStutter,1,0,1,0,1,1,0.25,0.25,1.5,100,-10,100,1,5,250,40,5,250,50,1,6,11,0,0.06,4,0.05,50,8,4,2,2,100,144,5,5,300,1.05,1.05,6.0,2.0,10,6,6,-1,
5,P005,1,ft_jnd,FrameTimeStutter,1715,7.31727,4.4162,332.63,1141.30,0.000,0.000,332.63,1141.30,-17.3228,8.7031,0.0000,-17.9119,0.0000,0.5891,Right,0,0,0,0,174.615,0,0.000,ft_jnd,FrameTimeStutter,1,0,1,0,1,1,0.25,0.25,1.5,100,-10,100,1,5,250,40,5,250,50,1,6,11,0,0.06,4,0.05,50,8,4,2,2,100,144,5,5,300,1.05,1.05,6.0,2.0,10,6,6,-1,
5,P005,1,ft_jnd,FrameTimeStutter,1716,7.32127,3.9998,332.63,1141.30,0.000,0.000,332.63,1141.30,-17.3228,8.7031,0.0000,-17.9119,0.0000,0.5891,Right,0,0,0,0,174.615,0,0.000,ft_jnd,FrameTimeStutter,1,0,1,0,1,1,0.25,0.25,1.5,100,-10,100,1,5,250,40,5,250,50,1,6,11,0,0.06,4,0.05,50,8,4,2,2,100,144,5,5,300,1.05,1.05,6.0,2.0,10,6,6,-1,
5,P005,1,ft_jnd,FrameTimeStutter,1717,7.32565,4.3807,332.63,1141.30,0.000,0.000,332.63,1141.30,-17.3228,8.7031,0.0000,-17.9119,0.0000,0.5891,Right,0,0,0,0,174.615,0,0.000,ft_jnd,FrameTimeStutter,1,0,1,0,1,1,0.25,0.25,1.5,100,-10,100,1,5,250,40,5,250,50,1,6,11,0,0.06,4,0.05,50,8,4,2,2,100,144,5,5,300,1.05,1.05,6.0,2.0,10,6,6,-1,
5,P005,1,ft_jnd,FrameTimeStutter,1718,7.33010,4.4455,332.63,1141.30,0.000,0.000,332.63,1141.30,-17.3228,8.7031,0.0000,-17.9119,0.0000,0.5891,Right,0,0,0,0,174.615,0,0.000,ft_jnd,FrameTimeStutter,1,0,1,0,1,1,0.25,0.25,1.5,100,-10,100,1,5,250,40,5,250,50,1,6,11,0,0.06,4,0.05,50,8,4,2,2,100,144,5,5,300,1.05,1.05,6.0,2.0,10,6,6,-1,
5,P005,1,ft_jnd,FrameTimeStutter,1719,7.33410,4.0031,332.63,1141.30,0.000,0.000,332.63,1141.30,-17.3228,8.7031,0.0000,-17.9119,0.0000,0.5891,Right,0,0,0,0,174.615,0,0.000,ft_jnd,FrameTimeStutter,1,0,1,0,1,1,0.25,0.25,1.5,100,-10,100,1,5,250,40,5,250,50,1,6,11,0,0.06,4,0.05,50,8,4,2,2,100,144,5,5,300,1.05,1.05,6.0,2.0,10,6,6,-1,
5,P005,1,ft_jnd,FrameTimeStutter,1720,7.33850,4.3984,332.63,1141.30,0.000,0.000,332.63,1141.30,-17.3228,8.7031,0.0000,-17.9119,0.0000,0.5891,Right,0,0,0,0,174.615,0,0.000,ft_jnd,FrameTimeStutter,1,0,1,0,1,1,0.25,0.25,1.5,100,-10,100,1,5,250,40,5,250,50,1,6,11,0,0.06,4,0.05,50,8,4,2,2,100,144,5,5,300,1.05,1.05,6.0,2.0,10,6,6,-1,
5,P005,1,ft_jnd,FrameTimeStutter,1721,7.34311,4.6102,332.63,1141.30,0.000,0.000,332.63,1141.30,-17.3228,8.7031,0.0000,-17.9119,0.0000,0.5891,Right,0,0,0,0,174.615,0,0.000,ft_jnd,FrameTimeStutter,1,0,1,0,1,1,0.25,0.25,1.5,100,-10,100,1,5,250,40,5,250,50,1,6,11,0,0.06,4,0.05,50,8,4,2,2,100,144,5,5,300,1.05,1.05,6.0,2.0,10,6,6,-1,
5,P005,1,ft_jnd,FrameTimeStutter,1722,7.34769,4.5833,332.63,1141.30,0.000,0.000,332.63,1141.30,-17.3228,8.7031,0.0000,-17.9119,0.0000,0.5891,Right,0,0,0,0,174.615,0,0.000,ft_jnd,FrameTimeStutter,1,0,1,0,1,1,0.25,0.25,1.5,100,-10,100,1,5,250,40,5,250,50,1,6,11,0,0.06,4,0.05,50,8,4,2,2,100,144,5,5,300,1.05,1.05,6.0,2.0,10,6,6,-1,
5,P005,1,ft_jnd,FrameTimeStutter,1723,7.35173,4.0361,332.63,1141.30,0.000,0.000,332.63,1141.30,-17.3228,8.7031,0.0000,-17.9119,0.0000,0.5891,Right,0,0,0,0,174.615,0,0.000,ft_jnd,FrameTimeStutter,1,0,1,0,1,1,0.25,0.25,1.5,100,-10,100,1,5,250,40,5,250,50,1,6,11,0,0.06,4,0.05,50,8,4,2,2,100,144,5,5,300,1.05,1.05,6.0,2.0,10,6,6,-1,
5,P005,1,ft_jnd,FrameTimeStutter,1724,7.35669,4.9596,332.63,1141.30,0.000,0.000,332.63,1141.30,-17.3228,8.7031,0.0000,-17.9119,0.0000,0.5891,Right,0,0,0,0,174.615,0,0.000,ft_jnd,FrameTimeStutter,1,0,1,0,1,1,0.25,0.25,1.5,100,-10,100,1,5,250,40,5,250,50,1,6,11,0,0.06,4,0.05,50,8,4,2,2,100,144,5,5,300,1.05,1.05,6.0,2.0,10,6,6,-1,
5,P005,1,ft_jnd,FrameTimeStutter,1725,7.36116,4.4706,332.63,1141.30,0.000,0.000,332.63,1141.30,-17.3228,8.7031,0.0000,-17.9119,0.0000,0.5891,Right,0,0,0,0,174.615,0,0.000,ft_jnd,FrameTimeStutter,1,0,1,0,1,1,0.25,0.25,1.5,100,-10,100,1,5,250,40,5,250,50,1,6,11,0,0.06,4,0.05,50,8,4,2,2,100,144,5,5,300,1.05,1.05,6.0,2.0,10,6,6,-1,
5,P005,1,ft_jnd,FrameTimeStutter,1726,7.36563,4.4721,332.63,1141.30,0.000,0.000,332.63,1141.30,-17.3228,8.7031,0.0000,-17.9119,0.0000,0.5891,Right,0,0,0,0,174.615,0,0.000,ft_jnd,FrameTimeStutter,1,0,1,0,1,1,0.25,0.25,1.5,100,-10,100,1,5,250,40,5,250,50,1,6,11,0,0.06,4,0.05,50,8,4,2,2,100,144,5,5,300,1.05,1.05,6.0,2.0,10,6,6,-1,
5,P005,1,ft_jnd,FrameTimeStutter,1727,7.36965,4.0186,332.63,1141.30,0.000,0.000,332.63,1141.30,-17.3228,8.7031,0.0000,-17.9119,0.0000,0.5891,Right,0,0,0,0,174.615,0,0.000,ft_jnd,FrameTimeStutter,1,0,1,0,1,1,0.25,0.25,1.5,100,-10,100,1,5,250,40,5,250,50,1,6,11,0,0.06,4,0.05,50,8,4,2,2,100,144,5,5,300,1.05,1.05,6.0,2.0,10,6,6,-1,
5,P005,1,ft_jnd,FrameTimeStutter,1728,7.37404,4.3954,332.63,1141.30,0.000,0.000,332.63,1141.30,-17.3228,8.7031,0.0000,-17.9119,0.0000,0.5891,Right,0,0,0,0,174.615,0,0.000,ft_jnd,FrameTimeStutter,1,0,1,0,1,1,0.25,0.25,1.5,100,-10,100,1,5,250,40,5,250,50,1,6,11,0,0.06,4,0.05,50,8,4,2,2,100,144,5,5,300,1.05,1.05,6.0,2.0,10,6,6,-1,
5,P005,1,ft_jnd,FrameTimeStutter,1729,7.37852,4.4802,332.63,1141.30,0.000,0.000,332.63,1141.30,-17.3228,8.7031,0.0000,-17.9119,0.0000,0.5891,Right,0,0,0,0,174.615,0,0.000,ft_jnd,FrameTimeStutter,1,0,1,0,1,1,0.25,0.25,1.5,100,-10,100,1,5,250,40,5,250,50,1,6,11,0,0.06,4,0.05,50,8,4,2,2,100,144,5,5,300,1.05,1.05,6.0,2.0,10,6,6,-1,
5,P005,1,ft_jnd,FrameTimeStutter,1730,7.38252,3.9988,332.63,1141.30,0.000,0.000,332.63,1141.30,-17.3228,8.7031,0.0000,-17.9119,0.0000,0.5891,Right,0,0,0,0,174.615,0,0.000,ft_jnd,FrameTimeStutter,1,0,1,0,1,1,0.25,0.25,1.5,100,-10,100,1,5,250,40,5,250,50,1,6,11,0,0.06,4,0.05,50,8,4,2,2,100,144,5,5,300,1.05,1.05,6.0,2.0,10,6,6,-1,
5,P005,1,ft_jnd,FrameTimeStutter,1731,7.38692,4.3983,332.63,1141.30,0.000,0.000,332.63,1141.30,-17.3228,8.7031,0.0000,-17.9119,0.0000,0.5891,Right,0,0,0,0,174.615,0,0.000,ft_jnd,FrameTimeStutter,1,0,1,0,1,1,0.25,0.25,1.5,100,-10,100,1,5,250,40,5,250,50,1,6,11,0,0.06,4,0.05,50,8,4,2,2,100,144,5,5,300,1.05,1.05,6.0,2.0,10,6,6,-1,
5,P005,1,ft_jnd,FrameTimeStutter,1732,7.39129,4.3741,332.63,1141.30,0.000,0.000,332.63,1141.30,-17.3228,8.7031,0.0000,-17.9119,0.0000,0.5891,Right,0,0,0,0,174.615,0,0.000,ft_jnd,FrameTimeStutter,1,0,1,0,1,1,0.25,0.25,1.5,100,-10,100,1,5,250,40,5,250,50,1,6,11,0,0.06,4,0.05,50,8,4,2,2,100,144,5,5,300,1.05,1.05,6.0,2.0,10,6,6,-1,
5,P005,1,ft_jnd,FrameTimeStutter,1733,7.39526,3.9597,332.63,1141.30,0.000,0.000,332.63,1141.30,-17.3228,8.7031,0.0000,-17.9119,0.0000,0.5891,Right,0,0,0,0,174.615,0,0.000,ft_jnd,FrameTimeStutter,1,0,1,0,1,1,0.25,0.25,1.5,100,-10,100,1,5,250,40,5,250,50,1,6,11,0,0.06,4,0.05,50,8,4,2,2,100,144,5,5,300,1.05,1.05,6.0,2.0,10,6,6,-1,
5,P005,1,ft_jnd,FrameTimeStutter,1734,7.39961,4.3499,332.63,1141.30,0.000,0.000,332.63,1141.30,-17.3228,8.7031,0.0000,-17.9119,0.0000,0.5891,Right,0,0,0,0,174.615,0,0.000,ft_jnd,FrameTimeStutter,1,0,1,0,1,1,0.25,0.25,1.5,100,-10,100,1,5,250,40,5,250,50,1,6,11,0,0.06,4,0.05,50,8,4,2,2,100,144,5,5,300,1.05,1.05,6.0,2.0,10,6,6,-1,
5,P005,1,ft_jnd,FrameTimeStutter,1735,7.40395,4.3489,332.63,1141.30,0.000,0.000,332.63,1141.30,-17.3228,8.7031,0.0000,-17.9119,0.0000,0.5891,Right,0,0,0,0,174.615,0,0.000,ft_jnd,FrameTimeStutter,1,0,1,0,1,1,0.25,0.25,1.5,100,-10,100,1,5,250,40,5,250,50,1,6,11,0,0.06,4,0.05,50,8,4,2,2,100,144,5,5,300,1.05,1.05,6.0,2.0,10,6,6,-1,
5,P005,1,ft_jnd,FrameTimeStutter,1736,7.40845,4.4917,332.63,1141.30,0.000,0.000,332.63,1141.30,-17.3228,8.7031,0.0000,-17.9119,0.0000,0.5891,Right,0,0,0,0,174.615,0,0.000,ft_jnd,FrameTimeStutter,1,0,1,0,1,1,0.25,0.25,1.5,100,-10,100,1,5,250,40,5,250,50,1,6,11,0,0.06,4,0.05,50,8,4,2,2,100,144,5,5,300,1.05,1.05,6.0,2.0,10,6,6,-1,
5,P005,1,ft_jnd,FrameTimeStutter,1737,7.41251,4.0649,332.63,1141.30,0.000,0.000,332.63,1141.30,-17.3228,8.7031,0.0000,-17.9119,0.0000,0.5891,Right,0,0,0,0,174.615,0,0.000,ft_jnd,FrameTimeStutter,1,0,1,0,1,1,0.25,0.25,1.5,100,-10,100,1,5,250,40,5,250,50,1,6,11,0,0.06,4,0.05,50,8,4,2,2,100,144,5,5,300,1.05,1.05,6.0,2.0,10,6,6,-1,
5,P005,1,ft_jnd,FrameTimeStutter,1738,7.41687,4.3629,332.63,1141.30,0.000,0.000,332.63,1141.30,-17.3228,8.7031,0.0000,-17.9119,0.0000,0.5891,Right,0,0,0,0,174.615,0,0.000,ft_jnd,FrameTimeStutter,1,0,1,0,1,1,0.25,0.25,1.5,100,-10,100,1,5,250,40,5,250,50,1,6,11,0,0.06,4,0.05,50,8,4,2,2,100,144,5,5,300,1.05,1.05,6.0,2.0,10,6,6,-1,
5,P005,1,ft_jnd,FrameTimeStutter,1739,7.42135,4.4740,332.63,1141.30,0.000,0.000,332.63,1141.30,-17.3228,8.7031,0.0000,-17.9119,0.0000,0.5891,Right,0,0,0,0,174.615,0,0.000,ft_jnd,FrameTimeStutter,1,0,1,0,1,1,0.25,0.25,1.5,100,-10,100,1,5,250,40,5,250,50,1,6,11,0,0.06,4,0.05,50,8,4,2,2,100,144,5,5,300,1.05,1.05,6.0,2.0,10,6,6,-1,
5,P005,1,ft_jnd,FrameTimeStutter,1740,7.42581,4.4638,332.63,1141.30,0.000,0.000,332.63,1141.30,-17.3228,8.7031,0.0000,-17.9119,0.0000,0.5891,Right,0,0,0,0,174.615,0,0.000,ft_jnd,FrameTimeStutter,1,0,1,0,1,1,0.25,0.25,1.5,100,-10,100,1,5,250,40,5,250,50,1,6,11,0,0.06,4,0.05,50,8,4,2,2,100,144,5,5,300,1.05,1.05,6.0,2.0,10,6,6,-1,
5,P005,1,ft_jnd,FrameTimeStutter,1741,7.42973,3.9226,332.63,1141.30,0.000,0.000,332.63,1141.30,-17.3228,8.7031,0.0000,-17.9119,0.0000,0.5891,Right,0,0,0,0,174.615,0,0.000,ft_jnd,FrameTimeStutter,1,0,1,0,1,1,0.25,0.25,1.5,100,-10,100,1,5,250,40,5,250,50,1,6,11,0,0.06,4,0.05,50,8,4,2,2,100,144,5,5,300,1.05,1.05,6.0,2.0,10,6,6,-1,
5,P005,1,ft_jnd,FrameTimeStutter,1742,7.43409,4.3592,332.63,1141.30,0.000,0.000,332.63,1141.30,-17.3228,8.7031,0.0000,-17.9119,0.0000,0.5891,Right,0,0,0,0,174.615,0,0.000,ft_jnd,FrameTimeStutter,1,0,1,0,1,1,0.25,0.25,1.5,100,-10,100,1,5,250,40,5,250,50,1,6,11,0,0.06,4,0.05,50,8,4,2,2,100,144,5,5,300,1.05,1.05,6.0,2.0,10,6,6,-1,
5,P005,1,ft_jnd,FrameTimeStutter,1743,7.43855,4.4595,332.63,1141.30,0.000,0.000,332.63,1141.30,-17.3228,8.7031,0.0000,-17.9119,0.0000,0.5891,Right,0,0,0,0,174.615,0,0.000,ft_jnd,FrameTimeStutter,1,0,1,0,1,1,0.25,0.25,1.5,100,-10,100,1,5,250,40,5,250,50,1,6,11,0,0.06,4,0.05,50,8,4,2,2,100,144,5,5,300,1.05,1.05,6.0,2.0,10,6,6,-1,
5,P005,1,ft_jnd,FrameTimeStutter,1744,7.44253,3.9733,332.63,1141.30,0.000,0.000,332.63,1141.30,-17.3228,8.7031,0.0000,-17.9119,0.0000,0.5891,Right,0,0,0,0,174.615,0,0.000,ft_jnd,FrameTimeStutter,1,0,1,0,1,1,0.25,0.25,1.5,100,-10,100,1,5,250,40,5,250,50,1,6,11,0,0.06,4,0.05,50,8,4,2,2,100,144,5,5,300,1.05,1.05,6.0,2.0,10,6,6,-1,
5,P005,1,ft_jnd,FrameTimeStutter,1745,7.44690,4.3705,332.63,1141.30,0.000,0.000,332.63,1141.30,-17.3228,8.7031,0.0000,-17.9119,0.0000,0.5891,Right,0,0,0,0,174.615,0,0.000,ft_jnd,FrameTimeStutter,1,0,1,0,1,1,0.25,0.25,1.5,100,-10,100,1,5,250,40,5,250,50,1,6,11,0,0.06,4,0.05,50,8,4,2,2,100,144,5,5,300,1.05,1.05,6.0,2.0,10,6,6,-1,
5,P005,1,ft_jnd,FrameTimeStutter,1746,7.45136,4.4680,332.63,1141.30,0.000,0.000,332.63,1141.30,-17.3228,8.7031,0.0000,-17.9119,0.0000,0.5891,Right,0,0,0,0,174.615,0,0.000,ft_jnd,FrameTimeStutter,1,0,1,0,1,1,0.25,0.25,1.5,100,-10,100,1,5,250,40,5,250,50,1,6,11,0,0.06,4,0.05,50,8,4,2,2,100,144,5,5,300,1.05,1.05,6.0,2.0,10,6,6,-1,
5,P005,1,ft_jnd,FrameTimeStutter,1747,7.45547,4.1069,332.63,1141.30,0.000,0.000,332.63,1141.30,-17.3228,8.7031,0.0000,-17.9119,0.0000,0.5891,Right,0,0,0,0,174.615,0,0.000,ft_jnd,FrameTimeStutter,1,0,1,0,1,1,0.25,0.25,1.5,100,-10,100,1,5,250,40,5,250,50,1,6,11,0,0.06,4,0.05,50,8,4,2,2,100,144,5,5,300,1.05,1.05,6.0,2.0,10,6,6,-1,
5,P005,1,ft_jnd,FrameTimeStutter,1748,7.45985,4.3806,332.63,1141.30,0.000,0.000,332.63,1141.30,-17.3228,8.7031,0.0000,-17.9119,0.0000,0.5891,Right,0,0,0,0,174.615,0,0.000,ft_jnd,FrameTimeStutter,1,0,1,0,1,1,0.25,0.25,1.5,100,-10,100,1,5,250,40,5,250,50,1,6,11,0,0.06,4,0.05,50,8,4,2,2,100,144,5,5,300,1.05,1.05,6.0,2.0,10,6,6,-1,
5,P005,1,ft_jnd,FrameTimeStutter,1749,7.46435,4.4971,332.63,1141.30,0.000,0.000,332.63,1141.30,-17.3228,8.7031,0.0000,-17.9119,0.0000,0.5891,Right,0,0,0,0,174.615,0,0.000,ft_jnd,FrameTimeStutter,1,0,1,0,1,1,0.25,0.25,1.5,100,-10,100,1,5,250,40,5,250,50,1,6,11,0,0.06,4,0.05,50,8,4,2,2,100,144,5,5,300,1.05,1.05,6.0,2.0,10,6,6,-1,
5,P005,1,ft_jnd,FrameTimeStutter,1750,7.48194,17.5898,332.63,1141.30,0.000,0.000,332.63,1141.30,-17.3228,8.7031,0.0000,-17.9119,0.0000,0.5891,Right,0,0,0,0,174.615,0,0.000,ft_jnd,FrameTimeStutter,1,0,1,0,1,1,0.25,0.25,1.5,100,-10,100,1,5,250,40,5,250,50,1,6,11,0,0.06,4,0.05,50,8,4,2,2,100,144,5,5,300,1.05,1.05,6.0,2.0,10,6,6,-1,
5,P005,1,ft_jnd,FrameTimeStutter,1751,8.30646,824.5257,1690.90,1518.76,0.000,0.000,1690.90,1518.76,7.5134,15.6051,0.0000,-17.9119,0.0000,0.5891,Right,0,0,0,0,174.615,0,0.000,ft_jnd,FrameTimeStutter,1,0,1,0,1,1,0.25,0.25,1.5,100,-10,100,1,5,250,40,5,250,50,1,6,11,0,0.06,4,0.05,50,8,4,2,2,100,144,5,5,300,1.05,1.05,6.0,2.0,10,6,6,-1,
5,P005,1,ft_jnd,FrameTimeStutter,1752,8.31300,6.5337,1690.90,1518.76,0.000,0.000,1690.90,1518.76,7.5134,15.6051,0.0000,-17.9119,0.0000,25.4253,Right,0,0,0,0,174.615,0,0.000,ft_jnd,FrameTimeStutter,1,0,1,0,1,1,0.25,0.25,1.5,100,-10,100,1,5,250,40,5,250,50,1,6,11,0,0.06,4,0.05,50,8,4,2,2,100,144,5,5,300,1.05,1.05,6.0,2.0,10,6,6,-1,
5,P005,1,ft_jnd,FrameTimeStutter,1753,8.31707,4.0724,1690.90,1518.76,0.000,0.000,1690.90,1518.76,7.5134,15.6051,0.0000,-17.9119,0.0000,25.4253,Right,0,0,0,0,174.615,0,0.000,ft_jnd,FrameTimeStutter,1,0,1,0,1,1,0.25,0.25,1.5,100,-10,100,1,5,250,40,5,250,50,1,6,11,0,0.06,4,0.05,50,8,4,2,2,100,144,5,5,300,1.05,1.05,6.0,2.0,10,6,6,-1,
5,P005,1,ft_jnd,FrameTimeStutter,1754,8.32144,4.3665,1690.90,1518.76,0.000,0.000,1690.90,1518.76,7.5134,15.6051,0.0000,-17.9119,0.0000,25.4253,Right,0,0,0,0,174.615,0,0.000,ft_jnd,FrameTimeStutter,1,0,1,0,1,1,0.25,0.25,1.5,100,-10,100,1,5,250,40,5,250,50,1,6,11,0,0.06,4,0.05,50,8,4,2,2,100,144,5,5,300,1.05,1.05,6.0,2.0,10,6,6,-1,
5,P005,1,ft_jnd,FrameTimeStutter,1755,8.32500,3.5603,1690.90,1518.76,0.000,0.000,1690.90,1518.76,7.5134,15.6051,0.0000,-17.9119,0.0000,25.4253,Right,0,0,0,0,174.615,0,0.000,ft_jnd,FrameTimeStutter,1,0,1,0,1,1,0.25,0.25,1.5,100,-10,100,1,5,250,40,5,250,50,1,6,11,0,0.06,4,0.05,50,8,4,2,2,100,144,5,5,300,1.05,1.05,6.0,2.0,10,6,6,-1,
5,P005,1,ft_jnd,FrameTimeStutter,1756,8.32943,4.4276,1690.90,1518.76,0.000,0.000,1690.90,1518.76,7.5134,15.6051,0.0000,-17.9119,0.0000,25.4253,Right,0,0,0,0,174.615,0,0.000,ft_jnd,FrameTimeStutter,1,0,1,0,1,1,0.25,0.25,1.5,100,-10,100,1,5,250,40,5,250,50,1,6,11,0,0.06,4,0.05,50,8,4,2,2,100,144,5,5,300,1.05,1.05,6.0,2.0,10,6,6,-1,
5,P005,1,ft_jnd,FrameTimeStutter,1757,8.33219,2.7601,1690.90,1518.76,0.000,0.000,1690.90,1518.76,7.5134,15.6051,0.0000,-17.9119,0.0000,25.4253,Right,0,0,0,0,174.615,0,0.000,ft_jnd,FrameTimeStutter,1,0,1,0,1,1,0.25,0.25,1.5,100,-10,100,1,5,250,40,5,250,50,1,6,11,0,0.06,4,0.05,50,8,4,2,2,100,144,5,5,300,1.05,1.05,6.0,2.0,10,6,6,-1,
5,P005,1,ft_jnd,FrameTimeStutter,1758,8.33661,4.4254,1690.90,1518.76,0.000,0.000,1690.90,1518.76,7.5134,15.6051,0.0000,-17.9119,0.0000,25.4253,Right,0,0,0,0,174.615,0,0.000,ft_jnd,FrameTimeStutter,1,0,1,0,1,1,0.25,0.25,1.5,100,-10,100,1,5,250,40,5,250,50,1,6,11,0,0.06,4,0.05,50,8,4,2,2,100,144,5,5,300,1.05,1.05,6.0,2.0,10,6,6,-1,
5,P005,1,ft_jnd,FrameTimeStutter,1759,8.34081,4.1949,1690.90,1518.76,0.000,0.000,1690.90,1518.76,7.5134,15.6051,0.0000,-17.9119,0.0000,25.4253,Right,0,0,0,0,174.615,0,0.000,ft_jnd,FrameTimeStutter,1,0,1,0,1,1,0.25,0.25,1.5,100,-10,100,1,5,250,40,5,250,50,1,6,11,0,0.06,4,0.05,50,8,4,2,2,100,144,5,5,300,1.05,1.05,6.0,2.0,10,6,6,-1,
5,P005,1,ft_jnd,FrameTimeStutter,1760,8.34487,4.0598,1690.90,1518.76,0.000,0.000,1690.90,1518.76,7.5134,15.6051,0.0000,-17.9119,0.0000,25.4253,Right,0,0,0,0,174.615,0,0.000,ft_jnd,FrameTimeStutter,1,0,1,0,1,1,0.25,0.25,1.5,100,-10,100,1,5,250,40,5,250,50,1,6,11,0,0.06,4,0.05,50,8,4,2,2,100,144,5,5,300,1.05,1.05,6.0,2.0,10,6,6,-1,
5,P005,1,ft_jnd,FrameTimeStutter,1761,8.34868,3.8200,1690.90,1518.76,0.000,0.000,1690.90,1518.76,7.5134,15.6051,0.0000,-17.9119,0.0000,25.4253,Right,0,0,0,0,174.615,0,0.000,ft_jnd,FrameTimeStutter,1,0,1,0,1,1,0.25,0.25,1.5,100,-10,100,1,5,250,40,5,250,50,1,6,11,0,0.06,4,0.05,50,8,4,2,2,100,144,5,5,300,1.05,1.05,6.0,2.0,10,6,6,-1,
5,P005,1,ft_jnd,FrameTimeStutter,1762,8.35279,4.1019,1690.90,1518.76,0.000,0.000,1690.90,1518.76,7.5134,15.6051,0.0000,-17.9119,0.0000,25.4253,Right,0,0,0,0,174.615,0,0.000,ft_jnd,FrameTimeStutter,1,0,1,0,1,1,0.25,0.25,1.5,100,-10,100,1,5,250,40,5,250,50,1,6,11,0,0.06,4,0.05,50,8,4,2,2,100,144,5,5,300,1.05,1.05,6.0,2.0,10,6,6,-1,
5,P005,1,ft_jnd,FrameTimeStutter,1763,8.35690,4.1166,1690.90,1518.76,0.000,0.000,1690.90,1518.76,7.5134,15.6051,0.0000,-17.9119,0.0000,25.4253,Right,0,0,0,0,174.615,0,0.000,ft_jnd,FrameTimeStutter,1,0,1,0,1,1,0.25,0.25,1.5,100,-10,100,1,5,250,40,5,250,50,1,6,11,0,0.06,4,0.05,50,8,4,2,2,100,144,5,5,300,1.05,1.05,6.0,2.0,10,6,6,-1,
5,P005,1,ft_jnd,FrameTimeStutter,1764,8.36046,3.5516,1690.90,1518.76,0.000,0.000,1690.90,1518.76,7.5134,15.6051,0.0000,-17.9119,0.0000,25.4253,Right,0,0,0,0,174.615,0,0.000,ft_jnd,FrameTimeStutter,1,0,1,0,1,1,0.25,0.25,1.5,100,-10,100,1,5,250,40,5,250,50,1,6,11,0,0.06,4,0.05,50,8,4,2,2,100,144,5,5,300,1.05,1.05,6.0,2.0,10,6,6,-1,
5,P005,1,ft_jnd,FrameTimeStutter,1765,8.36548,5.0218,1690.90,1518.76,0.000,0.000,1690.90,1518.76,7.5134,15.6051,0.0000,-17.9119,0.0000,25.4253,Right,0,0,0,0,174.615,0,0.000,ft_jnd,FrameTimeStutter,1,0,1,0,1,1,0.25,0.25,1.5,100,-10,100,1,5,250,40,5,250,50,1,6,11,0,0.06,4,0.05,50,8,4,2,2,100,144,5,5,300,1.05,1.05,6.0,2.0,10,6,6,-1,
5,P005,1,ft_jnd,FrameTimeStutter,1766,8.36987,4.3902,1690.90,1518.76,0.000,0.000,1690.90,1518.76,7.5134,15.6051,0.0000,-17.9119,0.0000,25.4253,Right,0,0,0,0,174.615,0,0.000,ft_jnd,FrameTimeStutter,1,0,1,0,1,1,0.25,0.25,1.5,100,-10,100,1,5,250,40,5,250,50,1,6,11,0,0.06,4,0.05,50,8,4,2,2,100,144,5,5,300,1.05,1.05,6.0,2.0,10,6,6,-1,
5,P005,1,ft_jnd,FrameTimeStutter,1767,8.37492,5.0519,1690.90,1518.76,0.000,0.000,1690.90,1518.76,7.5134,15.6051,0.0000,-17.9119,0.0000,25.4253,Right,0,0,0,0,174.615,0,0.000,ft_jnd,FrameTimeStutter,1,0,1,0,1,1,0.25,0.25,1.5,100,-10,100,1,5,250,40,5,250,50,1,6,11,0,0.06,4,0.05,50,8,4,2,2,100,144,5,5,300,1.05,1.05,6.0,2.0,10,6,6,-1,
5,P005,1,ft_jnd,FrameTimeStutter,1768,8.37854,3.6207,1690.90,1518.76,0.000,0.000,1690.90,1518.76,7.5134,15.6051,0.0000,-17.9119,0.0000,25.4253,Right,0,0,0,0,174.615,0,0.000,ft_jnd,FrameTimeStutter,1,0,1,0,1,1,0.25,0.25,1.5,100,-10,100,1,5,250,40,5,250,50,1,6,11,0,0.06,4,0.05,50,8,4,2,2,100,144,5,5,300,1.05,1.05,6.0,2.0,10,6,6,-1,
5,P005,1,ft_jnd,FrameTimeStutter,1769,8.38308,4.5379,1690.90,1518.76,0.000,0.000,1690.90,1518.76,7.5134,15.6051,0.0000,-17.9119,0.0000,25.4253,Right,0,0,0,0,174.615,0,0.000,ft_jnd,FrameTimeStutter,1,0,1,0,1,1,0.25,0.25,1.5,100,-10,100,1,5,250,40,5,250,50,1,6,11,0,0.06,4,0.05,50,8,4,2,2,100,144,5,5,300,1.05,1.05,6.0,2.0,10,6,6,-1,
5,P005,1,ft_jnd,FrameTimeStutter,1770,8.38761,4.5335,1690.90,1518.76,0.000,0.000,1690.90,1518.76,7.5134,15.6051,0.0000,-17.9119,0.0000,25.4253,Right,0,0,0,0,174.615,0,0.000,ft_jnd,FrameTimeStutter,1,0,1,0,1,1,0.25,0.25,1.5,100,-10,100,1,5,250,40,5,250,50,1,6,11,0,0.06,4,0.05,50,8,4,2,2,100,144,5,5,300,1.05,1.05,6.0,2.0,10,6,6,-1,
5,P005,1,ft_jnd,FrameTimeStutter,1771,8.39156,3.9445,1690.90,1518.76,0.000,0.000,1690.90,1518.76,7.5134,15.6051,0.0000,-17.9119,0.0000,25.4253,Right,0,0,0,0,174.615,0,0.000,ft_jnd,FrameTimeStutter,1,0,1,0,1,1,0.25,0.25,1.5,100,-10,100,1,5,250,40,5,250,50,1,6,11,0,0.06,4,0.05,50,8,4,2,2,100,144,5,5,300,1.05,1.05,6.0,2.0,10,6,6,-1,
5,P005,1,ft_jnd,FrameTimeStutter,1772,8.39619,4.6381,1690.90,1518.76,0.000,0.000,1690.90,1518.76,7.5134,15.6051,0.0000,-17.9119,0.0000,25.4253,Right,0,0,0,0,174.615,0,0.000,ft_jnd,FrameTimeStutter,1,0,1,0,1,1,0.25,0.25,1.5,100,-10,100,1,5,250,40,5,250,50,1,6,11,0,0.06,4,0.05,50,8,4,2,2,100,144,5,5,300,1.05,1.05,6.0,2.0,10,6,6,-1,
5,P005,1,ft_jnd,FrameTimeStutter,1773,8.39934,3.1418,1690.90,1518.76,0.000,0.000,1690.90,1518.76,7.5134,15.6051,0.0000,-17.9119,0.0000,25.4253,Right,0,0,0,0,174.615,0,0.000,ft_jnd,FrameTimeStutter,1,0,1,0,1,1,0.25,0.25,1.5,100,-10,100,1,5,250,40,5,250,50,1,6,11,0,0.06,4,0.05,50,8,4,2,2,100,144,5,5,300,1.05,1.05,6.0,2.0,10,6,6,-1,
5,P005,1,ft_jnd,FrameTimeStutter,1774,8.40260,3.2606,1690.90,1518.76,0.000,0.000,1690.90,1518.76,7.5134,15.6051,0.0000,-17.9119,0.0000,25.4253,Right,0,0,0,0,174.615,0,0.000,ft_jnd,FrameTimeStutter,1,0,1,0,1,1,0.25,0.25,1.5,100,-10,100,1,5,250,40,5,250,50,1,6,11,0,0.06,4,0.05,50,8,4,2,2,100,144,5,5,300,1.05,1.05,6.0,2.0,10,6,6,-1,
5,P005,1,ft_jnd,FrameTimeStutter,1775,8.40708,4.4814,1690.90,1518.76,0.000,0.000,1690.90,1518.76,7.5134,15.6051,0.0000,-17.9119,0.0000,25.4253,Right,0,0,0,0,174.615,0,0.000,ft_jnd,FrameTimeStutter,1,0,1,0,1,1,0.25,0.25,1.5,100,-10,100,1,5,250,40,5,250,50,1,6,11,0,0.06,4,0.05,50,8,4,2,2,100,144,5,5,300,1.05,1.05,6.0,2.0,10,6,6,-1,
5,P005,1,ft_jnd,FrameTimeStutter,1776,8.41172,4.6442,1690.90,1518.76,0.000,0.000,1690.90,1518.76,7.5134,15.6051,0.0000,-17.9119,0.0000,25.4253,Right,0,0,0,0,174.615,0,0.000,ft_jnd,FrameTimeStutter,1,0,1,0,1,1,0.25,0.25,1.5,100,-10,100,1,5,250,40,5,250,50,1,6,11,0,0.06,4,0.05,50,8,4,2,2,100,144,5,5,300,1.05,1.05,6.0,2.0,10,6,6,-1,
5,P005,1,ft_jnd,FrameTimeStutter,1777,8.41631,4.5894,1690.90,1518.76,0.000,0.000,1690.90,1518.76,7.5134,15.6051,0.0000,-17.9119,0.0000,25.4253,Right,0,0,0,0,174.615,0,0.000,ft_jnd,FrameTimeStutter,1,0,1,0,1,1,0.25,0.25,1.5,100,-10,100,1,5,250,40,5,250,50,1,6,11,0,0.06,4,0.05,50,8,4,2,2,100,144,5,5,300,1.05,1.05,6.0,2.0,10,6,6,-1,
5,P005,1,ft_jnd,FrameTimeStutter,1778,8.42105,4.7353,1690.90,1518.76,0.000,0.000,1690.90,1518.76,7.5134,15.6051,0.0000,-17.9119,0.0000,25.4253,Right,0,0,0,0,174.615,0,0.000,ft_jnd,FrameTimeStutter,1,0,1,0,1,1,0.25,0.25,1.5,100,-10,100,1,5,250,40,5,250,50,1,6,11,0,0.06,4,0.05,50,8,4,2,2,100,144,5,5,300,1.05,1.05,6.0,2.0,10,6,6,-1,
5,P005,1,ft_jnd,FrameTimeStutter,1779,8.42510,4.0521,1690.90,1518.76,0.000,0.000,1690.90,1518.76,7.5134,15.6051,0.0000,-17.9119,0.0000,25.4253,Right,0,0,0,0,174.615,0,0.000,ft_jnd,FrameTimeStutter,1,0,1,0,1,1,0.25,0.25,1.5,100,-10,100,1,5,250,40,5,250,50,1,6,11,0,0.06,4,0.05,50,8,4,2,2,100,144,5,5,300,1.05,1.05,6.0,2.0,10,6,6,-1,
5,P005,1,ft_jnd,FrameTimeStutter,1780,8.42956,4.4641,1690.90,1518.76,0.000,0.000,1690.90,1518.76,7.5134,15.6051,0.0000,-17.9119,0.0000,25.4253,Right,0,0,0,0,174.615,0,0.000,ft_jnd,FrameTimeStutter,1,0,1,0,1,1,0.25,0.25,1.5,100,-10,100,1,5,250,40,5,250,50,1,6,11,0,0.06,4,0.05,50,8,4,2,2,100,144,5,5,300,1.05,1.05,6.0,2.0,10,6,6,-1,
5,P005,1,ft_jnd,FrameTimeStutter,1781,8.43273,3.1700,1690.90,1518.76,0.000,0.000,1690.90,1518.76,7.5134,15.6051,0.0000,-17.9119,0.0000,25.4253,Right,0,0,0,0,174.615,0,0.000,ft_jnd,FrameTimeStutter,1,0,1,0,1,1,0.25,0.25,1.5,100,-10,100,1,5,250,40,5,250,50,1,6,11,0,0.06,4,0.05,50,8,4,2,2,100,144,5,5,300,1.05,1.05,6.0,2.0,10,6,6,-1,
5,P005,1,ft_jnd,FrameTimeStutter,1782,8.43802,5.2884,1690.90,1518.76,0.000,0.000,1690.90,1518.76,7.5134,15.6051,0.0000,-17.9119,0.0000,25.4253,Right,0,0,0,0,174.615,0,0.000,ft_jnd,FrameTimeStutter,1,0,1,0,1,1,0.25,0.25,1.5,100,-10,100,1,5,250,40,5,250,50,1,6,11,0,0.06,4,0.05,50,8,4,2,2,100,144,5,5,300,1.05,1.05,6.0,2.0,10,6,6,-1,
5,P005,1,ft_jnd,FrameTimeStutter,1783,8.44217,4.1527,1690.90,1518.76,0.000,0.000,1690.90,1518.76,7.5134,15.6051,0.0000,-17.9119,0.0000,25.4253,Right,0,0,0,0,174.615,0,0.000,ft_jnd,FrameTimeStutter,1,0,1,0,1,1,0.25,0.25,1.5,100,-10,100,1,5,250,40,5,250,50,1,6,11,0,0.06,4,0.05,50,8,4,2,2,100,144,5,5,300,1.05,1.05,6.0,2.0,10,6,6,-1,
5,P005,1,ft_jnd,FrameTimeStutter,1784,8.44594,3.7618,1690.90,1518.76,0.000,0.000,1690.90,1518.76,7.5134,15.6051,0.0000,-17.9119,0.0000,25.4253,Right,0,0,0,0,174.615,0,0.000,ft_jnd,FrameTimeStutter,1,0,1,0,1,1,0.25,0.25,1.5,100,-10,100,1,5,250,40,5,250,50,1,6,11,0,0.06,4,0.05,50,8,4,2,2,100,144,5,5,300,1.05,1.05,6.0,2.0,10,6,6,-1,
5,P005,1,ft_jnd,FrameTimeStutter,1785,8.45027,4.3338,1690.90,1518.76,0.000,0.000,1690.90,1518.76,7.5134,15.6051,0.0000,-17.9119,0.0000,25.4253,Right,0,0,0,0,174.615,0,0.000,ft_jnd,FrameTimeStutter,1,0,1,0,1,1,0.25,0.25,1.5,100,-10,100,1,5,250,40,5,250,50,1,6,11,0,0.06,4,0.05,50,8,4,2,2,100,144,5,5,300,1.05,1.05,6.0,2.0,10,6,6,-1,
5,P005,1,ft_jnd,FrameTimeStutter,1786,8.45432,4.0477,1690.90,1518.76,0.000,0.000,1690.90,1518.76,7.5134,15.6051,0.0000,-17.9119,0.0000,25.4253,Right,0,0,0,0,174.615,0,0.000,ft_jnd,FrameTimeStutter,1,0,1,0,1,1,0.25,0.25,1.5,100,-10,100,1,5,250,40,5,250,50,1,6,11,0,0.06,4,0.05,50,8,4,2,2,100,144,5,5,300,1.05,1.05,6.0,2.0,10,6,6,-1,
5,P005,1,ft_jnd,FrameTimeStutter,1787,8.45846,4.1389,1690.90,1518.76,0.000,0.000,1690.90,1518.76,7.5134,15.6051,0.0000,-17.9119,0.0000,25.4253,Right,0,0,0,0,174.615,0,0.000,ft_jnd,FrameTimeStutter,1,0,1,0,1,1,0.25,0.25,1.5,100,-10,100,1,5,250,40,5,250,50,1,6,11,0,0.06,4,0.05,50,8,4,2,2,100,144,5,5,300,1.05,1.05,6.0,2.0,10,6,6,-1,
5,P005,1,ft_jnd,FrameTimeStutter,1788,8.46250,4.0398,1690.90,1518.76,0.000,0.000,1690.90,1518.76,7.5134,15.6051,0.0000,-17.9119,0.0000,25.4253,Right,0,0,0,0,174.615,0,0.000,ft_jnd,FrameTimeStutter,1,0,1,0,1,1,0.25,0.25,1.5,100,-10,100,1,5,250,40,5,250,50,1,6,11,0,0.06,4,0.05,50,8,4,2,2,100,144,5,5,300,1.05,1.05,6.0,2.0,10,6,6,-1,
5,P005,1,ft_jnd,FrameTimeStutter,1789,8.46663,4.1354,1690.90,1518.76,0.000,0.000,1690.90,1518.76,7.5134,15.6051,0.0000,-17.9119,0.0000,25.4253,Right,0,0,0,0,174.615,0,0.000,ft_jnd,FrameTimeStutter,1,0,1,0,1,1,0.25,0.25,1.5,100,-10,100,1,5,250,40,5,250,50,1,6,11,0,0.06,4,0.05,50,8,4,2,2,100,144,5,5,300,1.05,1.05,6.0,2.0,10,6,6,-1,
5,P005,1,ft_jnd,FrameTimeStutter,1790,8.47067,4.0351,1690.90,1518.76,0.000,0.000,1690.90,1518.76,7.5134,15.6051,0.0000,-17.9119,0.0000,25.4253,Right,0,0,0,0,174.615,0,0.000,ft_jnd,FrameTimeStutter,1,0,1,0,1,1,0.25,0.25,1.5,100,-10,100,1,5,250,40,5,250,50,1,6,11,0,0.06,4,0.05,50,8,4,2,2,100,144,5,5,300,1.05,1.05,6.0,2.0,10,6,6,-1,
5,P005,1,ft_jnd,FrameTimeStutter,1791,8.47431,3.6426,1690.90,1518.76,0.000,0.000,1690.90,1518.76,7.5134,15.6051,0.0000,-17.9119,0.0000,25.4253,Right,0,0,0,0,174.615,0,0.000,ft_jnd,FrameTimeStutter,1,0,1,0,1,1,0.25,0.25,1.5,100,-10,100,1,5,250,40,5,250,50,1,6,11,0,0.06,4,0.05,50,8,4,2,2,100,144,5,5,300,1.05,1.05,6.0,2.0,10,6,6,-1,
5,P005,1,ft_jnd,FrameTimeStutter,1792,8.47887,4.5595,1690.90,1518.76,0.000,0.000,1690.90,1518.76,7.5134,15.6051,0.0000,-17.9119,0.0000,25.4253,Right,0,0,0,0,174.615,0,0.000,ft_jnd,FrameTimeStutter,1,0,1,0,1,1,0.25,0.25,1.5,100,-10,100,1,5,250,40,5,250,50,1,6,11,0,0.06,4,0.05,50,8,4,2,2,100,144,5,5,300,1.05,1.05,6.0,2.0,10,6,6,-1,
5,P005,1,ft_jnd,FrameTimeStutter,1793,8.48285,3.9830,1690.90,1518.76,0.000,0.000,1690.90,1518.76,7.5134,15.6051,0.0000,-17.9119,0.0000,25.4253,Right,0,0,0,0,174.615,0,0.000,ft_jnd,FrameTimeStutter,1,0,1,0,1,1,0.25,0.25,1.5,100,-10,100,1,5,250,40,5,250,50,1,6,11,0,0.06,4,0.05,50,8,4,2,2,100,144,5,5,300,1.05,1.05,6.0,2.0,10,6,6,-1,
5,P005,1,ft_jnd,FrameTimeStutter,1794,8.48603,3.1833,1690.90,1518.76,0.000,0.000,1690.90,1518.76,7.5134,15.6051,0.0000,-17.9119,0.0000,25.4253,Right,0,0,0,0,174.615,0,0.000,ft_jnd,FrameTimeStutter,1,0,1,0,1,1,0.25,0.25,1.5,100,-10,100,1,5,250,40,5,250,50,1,6,11,0,0.06,4,0.05,50,8,4,2,2,100,144,5,5,300,1.05,1.05,6.0,2.0,10,6,6,-1,
5,P005,1,ft_jnd,FrameTimeStutter,1795,8.49091,4.8796,1690.90,1518.76,0.000,0.000,1690.90,1518.76,7.5134,15.6051,0.0000,-17.9119,0.0000,25.4253,Right,0,0,0,0,174.615,0,0.000,ft_jnd,FrameTimeStutter,1,0,1,0,1,1,0.25,0.25,1.5,100,-10,100,1,5,250,40,5,250,50,1,6,11,0,0.06,4,0.05,50,8,4,2,2,100,144,5,5,300,1.05,1.05,6.0,2.0,10,6,6,-1,
5,P005,1,ft_jnd,FrameTimeStutter,1796,8.49500,4.0811,1690.90,1518.76,0.000,0.000,1690.90,1518.76,7.5134,15.6051,0.0000,-17.9119,0.0000,25.4253,Right,0,0,0,0,174.615,0,0.000,ft_jnd,FrameTimeStutter,1,0,1,0,1,1,0.25,0.25,1.5,100,-10,100,1,5,250,40,5,250,50,1,6,11,0,0.06,4,0.05,50,8,4,2,2,100,144,5,5,300,1.05,1.05,6.0,2.0,10,6,6,-1,
5,P005,1,ft_jnd,FrameTimeStutter,1797,8.49859,3.5911,1690.90,1518.76,0.000,0.000,1690.90,1518.76,7.5134,15.6051,0.0000,-17.9119,0.0000,25.4253,Right,0,0,0,0,174.615,0,0.000,ft_jnd,FrameTimeStutter,1,0,1,0,1,1,0.25,0.25,1.5,100,-10,100,1,5,250,40,5,250,50,1,6,11,0,0.06,4,0.05,50,8,4,2,2,100,144,5,5,300,1.05,1.05,6.0,2.0,10,6,6,-1,
5,P005,1,ft_jnd,FrameTimeStutter,1798,8.50257,3.9843,1690.90,1518.76,0.000,0.000,1690.90,1518.76,7.5134,15.6051,0.0000,-17.9119,0.0000,25.4253,Right,0,0,0,0,174.615,0,0.000,ft_jnd,FrameTimeStutter,1,0,1,0,1,1,0.25,0.25,1.5,100,-10,100,1,5,250,40,5,250,50,1,6,11,0,0.06,4,0.05,50,8,4,2,2,100,144,5,5,300,1.05,1.05,6.0,2.0,10,6,6,-1,
5,P005,1,ft_jnd,FrameTimeStutter,1799,8.50654,3.9655,1690.90,1518.76,0.000,0.000,1690.90,1518.76,7.5134,15.6051,0.0000,-17.9119,0.0000,25.4253,Right,0,0,0,0,174.615,0,0.000,ft_jnd,FrameTimeStutter,1,0,1,0,1,1,0.25,0.25,1.5,100,-10,100,1,5,250,40,5,250,50,1,6,11,0,0.06,4,0.05,50,8,4,2,2,100,144,5,5,300,1.05,1.05,6.0,2.0,10,6,6,-1,
5,P005,1,ft_jnd,FrameTimeStutter,1800,8.51007,3.5335,1690.90,1518.76,0.000,0.000,1690.90,1518.76,7.5134,15.6051,0.0000,-17.9119,0.0000,25.4253,Right,0,0,0,0,174.615,0,0.000,ft_jnd,FrameTimeStutter,1,0,1,0,1,1,0.25,0.25,1.5,100,-10,100,1,5,250,40,5,250,50,1,6,11,0,0.06,4,0.05,50,8,4,2,2,100,144,5,5,300,1.05,1.05,6.0,2.0,10,6,6,-1,
5,P005,1,ft_jnd,FrameTimeStutter,1801,8.51418,4.1111,1690.90,1518.76,0.000,0.000,1690.90,1518.76,7.5134,15.6051,0.0000,-17.9119,0.0000,25.4253,Right,0,0,0,0,174.615,0,0.000,ft_jnd,FrameTimeStutter,1,0,1,0,1,1,0.25,0.25,1.5,100,-10,100,1,5,250,40,5,250,50,1,6,11,0,0.06,4,0.05,50,8,4,2,2,100,144,5,5,300,1.05,1.05,6.0,2.0,10,6,6,-1,
5,P005,1,ft_jnd,FrameTimeStutter,1802,8.51697,2.7892,1690.90,1518.76,0.000,0.000,1690.90,1518.76,7.5134,15.6051,0.0000,-17.9119,0.0000,25.4253,Right,0,0,0,0,174.615,0,0.000,ft_jnd,FrameTimeStutter,1,0,1,0,1,1,0.25,0.25,1.5,100,-10,100,1,5,250,40,5,250,50,1,6,11,0,0.06,4,0.05,50,8,4,2,2,100,144,5,5,300,1.05,1.05,6.0,2.0,10,6,6,-1,
5,P005,1,ft_jnd,FrameTimeStutter,1803,8.51987,2.9037,1690.90,1518.76,0.000,0.000,1690.90,1518.76,7.5134,15.6051,0.0000,-17.9119,0.0000,25.4253,Right,0,0,0,0,174.615,0,0.000,ft_jnd,FrameTimeStutter,1,0,1,0,1,1,0.25,0.25,1.5,100,-10,100,1,5,250,40,5,250,50,1,6,11,0,0.06,4,0.05,50,8,4,2,2,100,144,5,5,300,1.05,1.05,6.0,2.0,10,6,6,-1,
5,P005,1,ft_jnd,FrameTimeStutter,1804,8.52246,2.5904,1690.90,1518.76,0.000,0.000,1690.90,1518.76,7.5134,15.6051,0.0000,-17.9119,0.0000,25.4253,Right,0,0,0,0,174.615,0,0.000,ft_jnd,FrameTimeStutter,1,0,1,0,1,1,0.25,0.25,1.5,100,-10,100,1,5,250,40,5,250,50,1,6,11,0,0.06,4,0.05,50,8,4,2,2,100,144,5,5,300,1.05,1.05,6.0,2.0,10,6,6,-1,
5,P005,1,ft_jnd,FrameTimeStutter,1805,8.52738,4.9185,1690.90,1518.76,0.000,0.000,1690.90,1518.76,7.5134,15.6051,0.0000,-17.9119,0.0000,25.4253,Right,0,0,0,0,174.615,0,0.000,ft_jnd,FrameTimeStutter,1,0,1,0,1,1,0.25,0.25,1.5,100,-10,100,1,5,250,40,5,250,50,1,6,11,0,0.06,4,0.05,50,8,4,2,2,100,144,5,5,300,1.05,1.05,6.0,2.0,10,6,6,-1,
5,P005,1,ft_jnd,FrameTimeStutter,1806,8.53155,4.1635,1690.90,1518.76,0.000,0.000,1690.90,1518.76,7.5134,15.6051,0.0000,-17.9119,0.0000,25.4253,Right,0,0,0,0,174.615,0,0.000,ft_jnd,FrameTimeStutter,1,0,1,0,1,1,0.25,0.25,1.5,100,-10,100,1,5,250,40,5,250,50,1,6,11,0,0.06,4,0.05,50,8,4,2,2,100,144,5,5,300,1.05,1.05,6.0,2.0,10,6,6,-1,
5,P005,1,ft_jnd,FrameTimeStutter,1807,8.53452,2.9774,1690.90,1518.76,0.000,0.000,1690.90,1518.76,7.5134,15.6051,0.0000,-17.9119,0.0000,25.4253,Right,0,0,0,0,174.615,0,0.000,ft_jnd,FrameTimeStutter,1,0,1,0,1,1,0.25,0.25,1.5,100,-10,100,1,5,250,40,5,250,50,1,6,11,0,0.06,4,0.05,50,8,4,2,2,100,144,5,5,300,1.05,1.05,6.0,2.0,10,6,6,-1,
5,P005,1,ft_jnd,FrameTimeStutter,1808,8.53932,4.8000,1690.90,1518.76,0.000,0.000,1690.90,1518.76,7.5134,15.6051,0.0000,-17.9119,0.0000,25.4253,Right,0,0,0,0,174.615,0,0.000,ft_jnd,FrameTimeStutter,1,0,1,0,1,1,0.25,0.25,1.5,100,-10,100,1,5,250,40,5,250,50,1,6,11,0,0.06,4,0.05,50,8,4,2,2,100,144,5,5,300,1.05,1.05,6.0,2.0,10,6,6,-1,
5,P005,1,ft_jnd,FrameTimeStutter,1809,8.54328,3.9595,1690.90,1518.76,0.000,0.000,1690.90,1518.76,7.5134,15.6051,0.0000,-17.9119,0.0000,25.4253,Right,0,0,0,0,174.615,0,0.000,ft_jnd,FrameTimeStutter,1,0,1,0,1,1,0.25,0.25,1.5,100,-10,100,1,5,250,40,5,250,50,1,6,11,0,0.06,4,0.05,50,8,4,2,2,100,144,5,5,300,1.05,1.05,6.0,2.0,10,6,6,-1,
5,P005,1,ft_jnd,FrameTimeStutter,1810,8.54684,3.5595,1690.90,1518.76,0.000,0.000,1690.90,1518.76,7.5134,15.6051,0.0000,-17.9119,0.0000,25.4253,Right,0,0,0,0,174.615,0,0.000,ft_jnd,FrameTimeStutter,1,0,1,0,1,1,0.25,0.25,1.5,100,-10,100,1,5,250,40,5,250,50,1,6,11,0,0.06,4,0.05,50,8,4,2,2,100,144,5,5,300,1.05,1.05,6.0,2.0,10,6,6,-1,
5,P005,1,ft_jnd,FrameTimeStutter,1811,8.55129,4.4432,1690.90,1518.76,0.000,0.000,1690.90,1518.76,7.5134,15.6051,0.0000,-17.9119,0.0000,25.4253,Right,0,0,0,0,174.615,0,0.000,ft_jnd,FrameTimeStutter,1,0,1,0,1,1,0.25,0.25,1.5,100,-10,100,1,5,250,40,5,250,50,1,6,11,0,0.06,4,0.05,50,8,4,2,2,100,144,5,5,300,1.05,1.05,6.0,2.0,10,6,6,-1,
5,P005,1,ft_jnd,FrameTimeStutter,1812,8.55524,3.9570,1690.90,1518.76,0.000,0.000,1690.90,1518.76,7.5134,15.6051,0.0000,-17.9119,0.0000,25.4253,Right,0,0,0,0,174.615,0,0.000,ft_jnd,FrameTimeStutter,1,0,1,0,1,1,0.25,0.25,1.5,100,-10,100,1,5,250,40,5,250,50,1,6,11,0,0.06,4,0.05,50,8,4,2,2,100,144,5,5,300,1.05,1.05,6.0,2.0,10,6,6,-1,
5,P005,1,ft_jnd,FrameTimeStutter,1813,8.55881,3.5666,1690.90,1518.76,0.000,0.000,1690.90,1518.76,7.5134,15.6051,0.0000,-17.9119,0.0000,25.4253,Right,0,0,0,0,174.615,0,0.000,ft_jnd,FrameTimeStutter,1,0,1,0,1,1,0.25,0.25,1.5,100,-10,100,1,5,250,40,5,250,50,1,6,11,0,0.06,4,0.05,50,8,4,2,2,100,144,5,5,300,1.05,1.05,6.0,2.0,10,6,6,-1,
5,P005,1,ft_jnd,FrameTimeStutter,1814,8.56281,4.0017,1690.90,1518.76,0.000,0.000,1690.90,1518.76,7.5134,15.6051,0.0000,-17.9119,0.0000,25.4253,Right,0,0,0,0,174.615,0,0.000,ft_jnd,FrameTimeStutter,1,0,1,0,1,1,0.25,0.25,1.5,100,-10,100,1,5,250,40,5,250,50,1,6,11,0,0.06,4,0.05,50,8,4,2,2,100,144,5,5,300,1.05,1.05,6.0,2.0,10,6,6,-1,
5,P005,1,ft_jnd,FrameTimeStutter,1815,8.56714,4.3326,1690.90,1518.76,0.000,0.000,1690.90,1518.76,7.5134,15.6051,0.0000,-17.9119,0.0000,25.4253,Right,0,0,0,0,174.615,0,0.000,ft_jnd,FrameTimeStutter,1,0,1,0,1,1,0.25,0.25,1.5,100,-10,100,1,5,250,40,5,250,50,1,6,11,0,0.06,4,0.05,50,8,4,2,2,100,144,5,5,300,1.05,1.05,6.0,2.0,10,6,6,-1,
5,P005,1,ft_jnd,FrameTimeStutter,1816,8.57065,3.5094,1690.90,1518.76,0.000,0.000,1690.90,1518.76,7.5134,15.6051,0.0000,-17.9119,0.0000,25.4253,Right,0,0,0,0,174.615,0,0.000,ft_jnd,FrameTimeStutter,1,0,1,0,1,1,0.25,0.25,1.5,100,-10,100,1,5,250,40,5,250,50,1,6,11,0,0.06,4,0.05,50,8,4,2,2,100,144,5,5,300,1.05,1.05,6.0,2.0,10,6,6,-1,
5,P005,1,ft_jnd,FrameTimeStutter,1817,8.57378,3.1309,1690.90,1518.76,0.000,0.000,1690.90,1518.76,7.5134,15.6051,0.0000,-17.9119,0.0000,25.4253,Right,0,0,0,0,174.615,0,0.000,ft_jnd,FrameTimeStutter,1,0,1,0,1,1,0.25,0.25,1.5,100,-10,100,1,5,250,40,5,250,50,1,6,11,0,0.06,4,0.05,50,8,4,2,2,100,144,5,5,300,1.05,1.05,6.0,2.0,10,6,6,-1,
5,P005,1,ft_jnd,FrameTimeStutter,1818,8.57797,4.1845,1690.90,1518.76,0.000,0.000,1690.90,1518.76,7.5134,15.6051,0.0000,-17.9119,0.0000,25.4253,Right,0,0,0,0,174.615,0,0.000,ft_jnd,FrameTimeStutter,1,0,1,0,1,1,0.25,0.25,1.5,100,-10,100,1,5,250,40,5,250,50,1,6,11,0,0.06,4,0.05,50,8,4,2,2,100,144,5,5,300,1.05,1.05,6.0,2.0,10,6,6,-1,
5,P005,1,ft_jnd,FrameTimeStutter,1819,8.58084,2.8689,1690.90,1518.76,0.000,0.000,1690.90,1518.76,7.5134,15.6051,0.0000,-17.9119,0.0000,25.4253,Right,0,0,0,0,174.615,0,0.000,ft_jnd,FrameTimeStutter,1,0,1,0,1,1,0.25,0.25,1.5,100,-10,100,1,5,250,40,5,250,50,1,6,11,0,0.06,4,0.05,50,8,4,2,2,100,144,5,5,300,1.05,1.05,6.0,2.0,10,6,6,-1,
5,P005,1,ft_jnd,FrameTimeStutter,1820,8.58545,4.6154,1690.90,1518.76,0.000,0.000,1690.90,1518.76,7.5134,15.6051,0.0000,-17.9119,0.0000,25.4253,Right,0,0,0,0,174.615,0,0.000,ft_jnd,FrameTimeStutter,1,0,1,0,1,1,0.25,0.25,1.5,100,-10,100,1,5,250,40,5,250,50,1,6,11,0,0.06,4,0.05,50,8,4,2,2,100,144,5,5,300,1.05,1.05,6.0,2.0,10,6,6,-1,
5,P005,1,ft_jnd,FrameTimeStutter,1821,8.58920,3.7431,1690.90,1518.76,0.000,0.000,1690.90,1518.76,7.5134,15.6051,0.0000,-17.9119,0.0000,25.4253,Right,0,0,0,0,174.615,0,0.000,ft_jnd,FrameTimeStutter,1,0,1,0,1,1,0.25,0.25,1.5,100,-10,100,1,5,250,40,5,250,50,1,6,11,0,0.06,4,0.05,50,8,4,2,2,100,144,5,5,300,1.05,1.05,6.0,2.0,10,6,6,-1,
5,P005,1,ft_jnd,FrameTimeStutter,1822,8.59334,4.1445,1690.90,1518.76,0.000,0.000,1690.90,1518.76,7.5134,15.6051,0.0000,-17.9119,0.0000,25.4253,Right,0,0,0,0,174.615,0,0.000,ft_jnd,FrameTimeStutter,1,0,1,0,1,1,0.25,0.25,1.5,100,-10,100,1,5,250,40,5,250,50,1,6,11,0,0.06,4,0.05,50,8,4,2,2,100,144,5,5,300,1.05,1.05,6.0,2.0,10,6,6,-1,
5,P005,1,ft_jnd,FrameTimeStutter,1823,8.59748,4.1425,1690.90,1518.76,0.000,0.000,1690.90,1518.76,7.5134,15.6051,0.0000,-17.9119,0.0000,25.4253,Right,0,0,0,0,174.615,0,0.000,ft_jnd,FrameTimeStutter,1,0,1,0,1,1,0.25,0.25,1.5,100,-10,100,1,5,250,40,5,250,50,1,6,11,0,0.06,4,0.05,50,8,4,2,2,100,144,5,5,300,1.05,1.05,6.0,2.0,10,6,6,-1,
5,P005,1,ft_jnd,FrameTimeStutter,1824,8.60028,2.7936,1690.90,1518.76,0.000,0.000,1690.90,1518.76,7.5134,15.6051,0.0000,-17.9119,0.0000,25.4253,Right,0,0,0,0,174.615,0,0.000,ft_jnd,FrameTimeStutter,1,0,1,0,1,1,0.25,0.25,1.5,100,-10,100,1,5,250,40,5,250,50,1,6,11,0,0.06,4,0.05,50,8,4,2,2,100,144,5,5,300,1.05,1.05,6.0,2.0,10,6,6,-1,
5,P005,1,ft_jnd,FrameTimeStutter,1825,8.60541,5.1378,1690.90,1518.76,0.000,0.000,1690.90,1518.76,7.5134,15.6051,0.0000,-17.9119,0.0000,25.4253,Right,0,0,0,0,174.615,0,0.000,ft_jnd,FrameTimeStutter,1,0,1,0,1,1,0.25,0.25,1.5,100,-10,100,1,5,250,40,5,250,50,1,6,11,0,0.06,4,0.05,50,8,4,2,2,100,144,5,5,300,1.05,1.05,6.0,2.0,10,6,6,-1,
5,P005,1,ft_jnd,FrameTimeStutter,1826,8.60968,4.2650,1690.90,1518.76,0.000,0.000,1690.90,1518.76,7.5134,15.6051,0.0000,-17.9119,0.0000,25.4253,Right,0,0,0,0,174.615,0,0.000,ft_jnd,FrameTimeStutter,1,0,1,0,1,1,0.25,0.25,1.5,100,-10,100,1,5,250,40,5,250,50,1,6,11,0,0.06,4,0.05,50,8,4,2,2,100,144,5,5,300,1.05,1.05,6.0,2.0,10,6,6,-1,
5,P005,1,ft_jnd,FrameTimeStutter,1827,8.61354,3.8573,1690.90,1518.76,0.000,0.000,1690.90,1518.76,7.5134,15.6051,0.0000,-17.9119,0.0000,25.4253,Right,0,0,0,0,174.615,0,0.000,ft_jnd,FrameTimeStutter,1,0,1,0,1,1,0.25,0.25,1.5,100,-10,100,1,5,250,40,5,250,50,1,6,11,0,0.06,4,0.05,50,8,4,2,2,100,144,5,5,300,1.05,1.05,6.0,2.0,10,6,6,-1,
5,P005,1,ft_jnd,FrameTimeStutter,1828,8.61821,4.6707,1690.90,1518.76,0.000,0.000,1690.90,1518.76,7.5134,15.6051,0.0000,-17.9119,0.0000,25.4253,Right,0,0,0,0,174.615,0,0.000,ft_jnd,FrameTimeStutter,1,0,1,0,1,1,0.25,0.25,1.5,100,-10,100,1,5,250,40,5,250,50,1,6,11,0,0.06,4,0.05,50,8,4,2,2,100,144,5,5,300,1.05,1.05,6.0,2.0,10,6,6,-1,
5,P005,1,ft_jnd,FrameTimeStutter,1829,8.62256,4.3523,1690.90,1518.76,0.000,0.000,1690.90,1518.76,7.5134,15.6051,0.0000,-17.9119,0.0000,25.4253,Right,0,0,0,0,174.615,0,0.000,ft_jnd,FrameTimeStutter,1,0,1,0,1,1,0.25,0.25,1.5,100,-10,100,1,5,250,40,5,250,50,1,6,11,0,0.06,4,0.05,50,8,4,2,2,100,144,5,5,300,1.05,1.05,6.0,2.0,10,6,6,-1,
5,P005,1,ft_jnd,FrameTimeStutter,1830,8.62670,4.1403,1690.90,1518.76,0.000,0.000,1690.90,1518.76,7.5134,15.6051,0.0000,-17.9119,0.0000,25.4253,Right,0,0,0,0,174.615,0,0.000,ft_jnd,FrameTimeStutter,1,0,1,0,1,1,0.25,0.25,1.5,100,-10,100,1,5,250,40,5,250,50,1,6,11,0,0.06,4,0.05,50,8,4,2,2,100,144,5,5,300,1.05,1.05,6.0,2.0,10,6,6,-1,
5,P005,1,ft_jnd,FrameTimeStutter,1831,8.63040,3.6984,1690.90,1518.76,0.000,0.000,1690.90,1518.76,7.5134,15.6051,0.0000,-17.9119,0.0000,25.4253,Right,0,0,0,0,174.615,0,0.000,ft_jnd,FrameTimeStutter,1,0,1,0,1,1,0.25,0.25,1.5,100,-10,100,1,5,250,40,5,250,50,1,6,11,0,0.06,4,0.05,50,8,4,2,2,100,144,5,5,300,1.05,1.05,6.0,2.0,10,6,6,-1,
5,P005,1,ft_jnd,FrameTimeStutter,1832,8.63365,3.2500,1690.90,1518.76,0.000,0.000,1690.90,1518.76,7.5134,15.6051,0.0000,-17.9119,0.0000,25.4253,Right,0,0,0,0,174.615,0,0.000,ft_jnd,FrameTimeStutter,1,0,1,0,1,1,0.25,0.25,1.5,100,-10,100,1,5,250,40,5,250,50,1,6,11,0,0.06,4,0.05,50,8,4,2,2,100,144,5,5,300,1.05,1.05,6.0,2.0,10,6,6,-1,
5,P005,1,ft_jnd,FrameTimeStutter,1833,8.63776,4.1078,1690.90,1518.76,0.000,0.000,1690.90,1518.76,7.5134,15.6051,0.0000,-17.9119,0.0000,25.4253,Right,0,0,0,0,174.615,0,0.000,ft_jnd,FrameTimeStutter,1,0,1,0,1,1,0.25,0.25,1.5,100,-10,100,1,5,250,40,5,250,50,1,6,11,0,0.06,4,0.05,50,8,4,2,2,100,144,5,5,300,1.05,1.05,6.0,2.0,10,6,6,-1,
5,P005,1,ft_jnd,FrameTimeStutter,1834,8.64187,4.1180,1690.90,1518.76,0.000,0.000,1690.90,1518.76,7.5134,15.6051,0.0000,-17.9119,0.0000,25.4253,Right,0,0,0,0,174.615,0,0.000,ft_jnd,FrameTimeStutter,1,0,1,0,1,1,0.25,0.25,1.5,100,-10,100,1,5,250,40,5,250,50,1,6,11,0,0.06,4,0.05,50,8,4,2,2,100,144,5,5,300,1.05,1.05,6.0,2.0,10,6,6,-1,
5,P005,1,ft_jnd,FrameTimeStutter,1835,8.64604,4.1639,1690.90,1518.76,0.000,0.000,1690.90,1518.76,7.5134,15.6051,0.0000,-17.9119,0.0000,25.4253,Right,0,0,0,0,174.615,0,0.000,ft_jnd,FrameTimeStutter,1,0,1,0,1,1,0.25,0.25,1.5,100,-10,100,1,5,250,40,5,250,50,1,6,11,0,0.06,4,0.05,50,8,4,2,2,100,144,5,5,300,1.05,1.05,6.0,2.0,10,6,6,-1,
5,P005,1,ft_jnd,FrameTimeStutter,1836,8.64965,3.6091,1690.90,1518.76,0.000,0.000,1690.90,1518.76,7.5134,15.6051,0.0000,-17.9119,0.0000,25.4253,Right,0,0,0,0,174.615,0,0.000,ft_jnd,FrameTimeStutter,1,0,1,0,1,1,0.25,0.25,1.5,100,-10,100,1,5,250,40,5,250,50,1,6,11,0,0.06,4,0.05,50,8,4,2,2,100,144,5,5,300,1.05,1.05,6.0,2.0,10,6,6,-1,
5,P005,1,ft_jnd,FrameTimeStutter,1837,8.65375,4.1034,1690.90,1518.76,0.000,0.000,1690.90,1518.76,7.5134,15.6051,0.0000,-17.9119,0.0000,25.4253,Right,0,0,0,0,174.615,0,0.000,ft_jnd,FrameTimeStutter,1,0,1,0,1,1,0.25,0.25,1.5,100,-10,100,1,5,250,40,5,250,50,1,6,11,0,0.06,4,0.05,50,8,4,2,2,100,144,5,5,300,1.05,1.05,6.0,2.0,10,6,6,-1,
5,P005,1,ft_jnd,FrameTimeStutter,1838,8.65789,4.1386,1690.90,1518.76,0.000,0.000,1690.90,1518.76,7.5134,15.6051,0.0000,-17.9119,0.0000,25.4253,Right,0,0,0,0,174.615,0,0.000,ft_jnd,FrameTimeStutter,1,0,1,0,1,1,0.25,0.25,1.5,100,-10,100,1,5,250,40,5,250,50,1,6,11,0,0.06,4,0.05,50,8,4,2,2,100,144,5,5,300,1.05,1.05,6.0,2.0,10,6,6,-1,
5,P005,1,ft_jnd,FrameTimeStutter,1839,8.66064,2.7459,1690.90,1518.76,0.000,0.000,1690.90,1518.76,7.5134,15.6051,0.0000,-17.9119,0.0000,25.4253,Right,0,0,0,0,174.615,0,0.000,ft_jnd,FrameTimeStutter,1,0,1,0,1,1,0.25,0.25,1.5,100,-10,100,1,5,250,40,5,250,50,1,6,11,0,0.06,4,0.05,50,8,4,2,2,100,144,5,5,300,1.05,1.05,6.0,2.0,10,6,6,-1,
5,P005,1,ft_jnd,FrameTimeStutter,1840,8.66532,4.6848,1690.90,1518.76,0.000,0.000,1690.90,1518.76,7.5134,15.6051,0.0000,-17.9119,0.0000,25.4253,Right,0,0,0,0,174.615,0,0.000,ft_jnd,FrameTimeStutter,1,0,1,0,1,1,0.25,0.25,1.5,100,-10,100,1,5,250,40,5,250,50,1,6,11,0,0.06,4,0.05,50,8,4,2,2,100,144,5,5,300,1.05,1.05,6.0,2.0,10,6,6,-1,
5,P005,1,ft_jnd,FrameTimeStutter,1841,8.66848,3.1573,1690.90,1518.76,0.000,0.000,1690.90,1518.76,7.5134,15.6051,0.0000,-17.9119,0.0000,25.4253,Right,0,0,0,0,174.615,0,0.000,ft_jnd,FrameTimeStutter,1,0,1,0,1,1,0.25,0.25,1.5,100,-10,100,1,5,250,40,5,250,50,1,6,11,0,0.06,4,0.05,50,8,4,2,2,100,144,5,5,300,1.05,1.05,6.0,2.0,10,6,6,-1,
5,P005,1,ft_jnd,FrameTimeStutter,1842,8.67172,3.2410,1690.90,1518.76,0.000,0.000,1690.90,1518.76,7.5134,15.6051,0.0000,-17.9119,0.0000,25.4253,Right,0,0,0,0,174.615,0,0.000,ft_jnd,FrameTimeStutter,1,0,1,0,1,1,0.25,0.25,1.5,100,-10,100,1,5,250,40,5,250,50,1,6,11,0,0.06,4,0.05,50,8,4,2,2,100,144,5,5,300,1.05,1.05,6.0,2.0,10,6,6,-1,
5,P005,1,ft_jnd,FrameTimeStutter,1843,8.67597,4.2478,1690.90,1518.76,0.000,0.000,1690.90,1518.76,7.5134,15.6051,0.0000,-17.9119,0.0000,25.4253,Right,0,0,0,0,174.615,0,0.000,ft_jnd,FrameTimeStutter,1,0,1,0,1,1,0.25,0.25,1.5,100,-10,100,1,5,250,40,5,250,50,1,6,11,0,0.06,4,0.05,50,8,4,2,2,100,144,5,5,300,1.05,1.05,6.0,2.0,10,6,6,-1,
5,P005,1,ft_jnd,FrameTimeStutter,1844,8.67961,3.6421,1690.90,1518.76,0.000,0.000,1690.90,1518.76,7.5134,15.6051,0.0000,-17.9119,0.0000,25.4253,Right,0,0,0,0,174.615,0,0.000,ft_jnd,FrameTimeStutter,1,0,1,0,1,1,0.25,0.25,1.5,100,-10,100,1,5,250,40,5,250,50,1,6,11,0,0.06,4,0.05,50,8,4,2,2,100,144,5,5,300,1.05,1.05,6.0,2.0,10,6,6,-1,
5,P005,1,ft_jnd,FrameTimeStutter,1845,8.68276,3.1512,1690.90,1518.76,0.000,0.000,1690.90,1518.76,7.5134,15.6051,0.0000,-17.9119,0.0000,25.4253,Right,0,0,0,0,174.615,0,0.000,ft_jnd,FrameTimeStutter,1,0,1,0,1,1,0.25,0.25,1.5,100,-10,100,1,5,250,40,5,250,50,1,6,11,0,0.06,4,0.05,50,8,4,2,2,100,144,5,5,300,1.05,1.05,6.0,2.0,10,6,6,-1,
5,P005,1,ft_jnd,FrameTimeStutter,1846,8.68718,4.4168,1690.90,1518.76,0.000,0.000,1690.90,1518.76,7.5134,15.6051,0.0000,-17.9119,0.0000,25.4253,Right,0,0,0,0,174.615,0,0.000,ft_jnd,FrameTimeStutter,1,0,1,0,1,1,0.25,0.25,1.5,100,-10,100,1,5,250,40,5,250,50,1,6,11,0,0.06,4,0.05,50,8,4,2,2,100,144,5,5,300,1.05,1.05,6.0,2.0,10,6,6,-1,
5,P005,1,ft_jnd,FrameTimeStutter,1847,8.68998,2.8029,1690.90,1518.76,0.000,0.000,1690.90,1518.76,7.5134,15.6051,0.0000,-17.9119,0.0000,25.4253,Right,0,0,0,0,174.615,0,0.000,ft_jnd,FrameTimeStutter,1,0,1,0,1,1,0.25,0.25,1.5,100,-10,100,1,5,250,40,5,250,50,1,6,11,0,0.06,4,0.05,50,8,4,2,2,100,144,5,5,300,1.05,1.05,6.0,2.0,10,6,6,-1,
5,P005,1,ft_jnd,FrameTimeStutter,1848,8.69391,3.9343,1690.90,1518.76,0.000,0.000,1690.90,1518.76,7.5134,15.6051,0.0000,-17.9119,0.0000,25.4253,Right,0,0,0,0,174.615,0,0.000,ft_jnd,FrameTimeStutter,1,0,1,0,1,1,0.25,0.25,1.5,100,-10,100,1,5,250,40,5,250,50,1,6,11,0,0.06,4,0.05,50,8,4,2,2,100,144,5,5,300,1.05,1.05,6.0,2.0,10,6,6,-1,
5,P005,1,ft_jnd,FrameTimeStutter,1849,8.69757,3.6528,1690.90,1518.76,0.000,0.000,1690.90,1518.76,7.5134,15.6051,0.0000,-17.9119,0.0000,25.4253,Right,0,0,0,0,174.615,0,0.000,ft_jnd,FrameTimeStutter,1,0,1,0,1,1,0.25,0.25,1.5,100,-10,100,1,5,250,40,5,250,50,1,6,11,0,0.06,4,0.05,50,8,4,2,2,100,144,5,5,300,1.05,1.05,6.0,2.0,10,6,6,-1,
5,P005,1,ft_jnd,FrameTimeStutter,1850,8.70074,3.1767,1690.90,1518.76,0.000,0.000,1690.90,1518.76,7.5134,15.6051,0.0000,-17.9119,0.0000,25.4253,Right,0,0,0,0,174.615,0,0.000,ft_jnd,FrameTimeStutter,1,0,1,0,1,1,0.25,0.25,1.5,100,-10,100,1,5,250,40,5,250,50,1,6,11,0,0.06,4,0.05,50,8,4,2,2,100,144,5,5,300,1.05,1.05,6.0,2.0,10,6,6,-1,
5,P005,1,ft_jnd,FrameTimeStutter,1851,8.70515,4.4086,1690.90,1518.76,0.000,0.000,1690.90,1518.76,7.5134,15.6051,0.0000,-17.9119,0.0000,25.4253,Right,0,0,0,0,174.615,0,0.000,ft_jnd,FrameTimeStutter,1,0,1,0,1,1,0.25,0.25,1.5,100,-10,100,1,5,250,40,5,250,50,1,6,11,0,0.06,4,0.05,50,8,4,2,2,100,144,5,5,300,1.05,1.05,6.0,2.0,10,6,6,-1,
5,P005,1,ft_jnd,FrameTimeStutter,1852,8.70888,3.7298,1690.90,1518.76,0.000,0.000,1690.90,1518.76,7.5134,15.6051,0.0000,-17.9119,0.0000,25.4253,Right,0,0,0,0,174.615,0,0.000,ft_jnd,FrameTimeStutter,1,0,1,0,1,1,0.25,0.25,1.5,100,-10,100,1,5,250,40,5,250,50,1,6,11,0,0.06,4,0.05,50,8,4,2,2,100,144,5,5,300,1.05,1.05,6.0,2.0,10,6,6,-1,
5,P005,1,ft_jnd,FrameTimeStutter,1853,8.71298,4.0968,1690.90,1518.76,0.000,0.000,1690.90,1518.76,7.5134,15.6051,0.0000,-17.9119,0.0000,25.4253,Right,0,0,0,0,174.615,0,0.000,ft_jnd,FrameTimeStutter,1,0,1,0,1,1,0.25,0.25,1.5,100,-10,100,1,5,250,40,5,250,50,1,6,11,0,0.06,4,0.05,50,8,4,2,2,100,144,5,5,300,1.05,1.05,6.0,2.0,10,6,6,-1,
5,P005,1,ft_jnd,FrameTimeStutter,1854,8.71615,3.1752,1690.90,1518.76,0.000,0.000,1690.90,1518.76,7.5134,15.6051,0.0000,-17.9119,0.0000,25.4253,Right,0,0,0,0,174.615,0,0.000,ft_jnd,FrameTimeStutter,1,0,1,0,1,1,0.25,0.25,1.5,100,-10,100,1,5,250,40,5,250,50,1,6,11,0,0.06,4,0.05,50,8,4,2,2,100,144,5,5,300,1.05,1.05,6.0,2.0,10,6,6,-1,
5,P005,1,ft_jnd,FrameTimeStutter,1855,8.72070,4.5517,1690.90,1518.76,0.000,0.000,1690.90,1518.76,7.5134,15.6051,0.0000,-17.9119,0.0000,25.4253,Right,0,0,0,0,174.615,0,0.000,ft_jnd,FrameTimeStutter,1,0,1,0,1,1,0.25,0.25,1.5,100,-10,100,1,5,250,40,5,250,50,1,6,11,0,0.06,4,0.05,50,8,4,2,2,100,144,5,5,300,1.05,1.05,6.0,2.0,10,6,6,-1,
5,P005,1,ft_jnd,FrameTimeStutter,1856,8.72736,6.6546,1690.90,1518.76,0.000,0.000,1690.90,1518.76,7.5134,15.6051,0.0000,-17.9119,0.0000,25.4253,Right,0,0,0,0,174.615,0,0.000,ft_jnd,FrameTimeStutter,1,0,1,0,1,1,0.25,0.25,1.5,100,-10,100,1,5,250,40,5,250,50,1,6,11,0,0.06,4,0.05,50,8,4,2,2,100,144,5,5,300,1.05,1.05,6.0,2.0,10,6,6,-1,
5,P005,1,ft_jnd,FrameTimeStutter,1857,8.73216,4.8025,1690.90,1518.76,0.000,0.000,1690.90,1518.76,7.5134,15.6051,0.0000,-17.9119,0.0000,25.4253,Right,0,0,0,0,174.615,0,0.000,ft_jnd,FrameTimeStutter,1,0,1,0,1,1,0.25,0.25,1.5,100,-10,100,1,5,250,40,5,250,50,1,6,11,0,0.06,4,0.05,50,8,4,2,2,100,144,5,5,300,1.05,1.05,6.0,2.0,10,6,6,-1,
5,P005,1,ft_jnd,FrameTimeStutter,1858,8.73708,4.9206,1690.90,1518.76,0.000,0.000,1690.90,1518.76,7.5134,15.6051,0.0000,-17.9119,0.0000,25.4253,Right,0,0,0,0,174.615,0,0.000,ft_jnd,FrameTimeStutter,1,0,1,0,1,1,0.25,0.25,1.5,100,-10,100,1,5,250,40,5,250,50,1,6,11,0,0.06,4,0.05,50,8,4,2,2,100,144,5,5,300,1.05,1.05,6.0,2.0,10,6,6,-1,
5,P005,1,ft_jnd,FrameTimeStutter,1859,8.74120,4.1185,1690.90,1518.76,0.000,0.000,1690.90,1518.76,7.5134,15.6051,0.0000,-17.9119,0.0000,25.4253,Right,0,0,0,0,174.615,0,0.000,ft_jnd,FrameTimeStutter,1,0,1,0,1,1,0.25,0.25,1.5,100,-10,100,1,5,250,40,5,250,50,1,6,11,0,0.06,4,0.05,50,8,4,2,2,100,144,5,5,300,1.05,1.05,6.0,2.0,10,6,6,-1,
5,P005,1,ft_jnd,FrameTimeStutter,1860,8.74453,3.3311,1690.90,1518.76,0.000,0.000,1690.90,1518.76,7.5134,15.6051,0.0000,-17.9119,0.0000,25.4253,Right,0,0,0,0,174.615,0,0.000,ft_jnd,FrameTimeStutter,1,0,1,0,1,1,0.25,0.25,1.5,100,-10,100,1,5,250,40,5,250,50,1,6,11,0,0.06,4,0.05,50,8,4,2,2,100,144,5,5,300,1.05,1.05,6.0,2.0,10,6,6,-1,
5,P005,1,ft_jnd,FrameTimeStutter,1861,8.74887,4.3384,1690.90,1518.76,0.000,0.000,1690.90,1518.76,7.5134,15.6051,0.0000,-17.9119,0.0000,25.4253,Right,0,0,0,0,174.615,0,0.000,ft_jnd,FrameTimeStutter,1,0,1,0,1,1,0.25,0.25,1.5,100,-10,100,1,5,250,40,5,250,50,1,6,11,0,0.06,4,0.05,50,8,4,2,2,100,144,5,5,300,1.05,1.05,6.0,2.0,10,6,6,-1,
5,P005,1,ft_jnd,FrameTimeStutter,1862,8.75231,3.4377,1690.90,1518.76,0.000,0.000,1690.90,1518.76,7.5134,15.6051,0.0000,-17.9119,0.0000,25.4253,Right,0,0,0,0,174.615,0,0.000,ft_jnd,FrameTimeStutter,1,0,1,0,1,1,0.25,0.25,1.5,100,-10,100,1,5,250,40,5,250,50,1,6,11,0,0.06,4,0.05,50,8,4,2,2,100,144,5,5,300,1.05,1.05,6.0,2.0,10,6,6,-1,
5,P005,1,ft_jnd,FrameTimeStutter,1863,8.75617,3.8570,1690.90,1518.76,0.000,0.000,1690.90,1518.76,7.5134,15.6051,0.0000,-17.9119,0.0000,25.4253,Right,0,0,0,0,174.615,0,0.000,ft_jnd,FrameTimeStutter,1,0,1,0,1,1,0.25,0.25,1.5,100,-10,100,1,5,250,40,5,250,50,1,6,11,0,0.06,4,0.05,50,8,4,2,2,100,144,5,5,300,1.05,1.05,6.0,2.0,10,6,6,-1,
5,P005,1,ft_jnd,FrameTimeStutter,1864,8.76006,3.8995,1690.90,1518.76,0.000,0.000,1690.90,1518.76,7.5134,15.6051,0.0000,-17.9119,0.0000,25.4253,Right,0,0,0,0,174.615,0,0.000,ft_jnd,FrameTimeStutter,1,0,1,0,1,1,0.25,0.25,1.5,100,-10,100,1,5,250,40,5,250,50,1,6,11,0,0.06,4,0.05,50,8,4,2,2,100,144,5,5,300,1.05,1.05,6.0,2.0,10,6,6,-1,
5,P005,1,ft_jnd,FrameTimeStutter,1865,8.76365,3.5855,1690.90,1518.76,0.000,0.000,1690.90,1518.76,7.5134,15.6051,0.0000,-17.9119,0.0000,25.4253,Right,0,0,0,0,174.615,0,0.000,ft_jnd,FrameTimeStutter,1,0,1,0,1,1,0.25,0.25,1.5,100,-10,100,1,5,250,40,5,250,50,1,6,11,0,0.06,4,0.05,50,8,4,2,2,100,144,5,5,300,1.05,1.05,6.0,2.0,10,6,6,-1,
5,P005,1,ft_jnd,FrameTimeStutter,1866,8.76779,4.1369,1690.90,1518.76,0.000,0.000,1690.90,1518.76,7.5134,15.6051,0.0000,-17.9119,0.0000,25.4253,Right,0,0,0,0,174.615,0,0.000,ft_jnd,FrameTimeStutter,1,0,1,0,1,1,0.25,0.25,1.5,100,-10,100,1,5,250,40,5,250,50,1,6,11,0,0.06,4,0.05,50,8,4,2,2,100,144,5,5,300,1.05,1.05,6.0,2.0,10,6,6,-1,
5,P005,1,ft_jnd,FrameTimeStutter,1867,8.77181,4.0206,1690.90,1518.76,0.000,0.000,1690.90,1518.76,7.5134,15.6051,0.0000,-17.9119,0.0000,25.4253,Right,0,0,0,0,174.615,0,0.000,ft_jnd,FrameTimeStutter,1,0,1,0,1,1,0.25,0.25,1.5,100,-10,100,1,5,250,40,5,250,50,1,6,11,0,0.06,4,0.05,50,8,4,2,2,100,144,5,5,300,1.05,1.05,6.0,2.0,10,6,6,-1,
5,P005,1,ft_jnd,FrameTimeStutter,1868,8.77483,3.0182,1690.90,1518.76,0.000,0.000,1690.90,1518.76,7.5134,15.6051,0.0000,-17.9119,0.0000,25.4253,Right,0,0,0,0,174.615,0,0.000,ft_jnd,FrameTimeStutter,1,0,1,0,1,1,0.25,0.25,1.5,100,-10,100,1,5,250,40,5,250,50,1,6,11,0,0.06,4,0.05,50,8,4,2,2,100,144,5,5,300,1.05,1.05,6.0,2.0,10,6,6,-1,
5,P005,1,ft_jnd,FrameTimeStutter,1869,8.77853,3.7019,1690.90,1518.76,0.000,0.000,1690.90,1518.76,7.5134,15.6051,0.0000,-17.9119,0.0000,25.4253,Right,0,0,0,0,174.615,0,0.000,ft_jnd,FrameTimeStutter,1,0,1,0,1,1,0.25,0.25,1.5,100,-10,100,1,5,250,40,5,250,50,1,6,11,0,0.06,4,0.05,50,8,4,2,2,100,144,5,5,300,1.05,1.05,6.0,2.0,10,6,6,-1,
5,P005,1,ft_jnd,FrameTimeStutter,1870,8.78229,3.7608,1690.90,1518.76,0.000,0.000,1690.90,1518.76,7.5134,15.6051,0.0000,-17.9119,0.0000,25.4253,Right,0,0,0,0,174.615,0,0.000,ft_jnd,FrameTimeStutter,1,0,1,0,1,1,0.25,0.25,1.5,100,-10,100,1,5,250,40,5,250,50,1,6,11,0,0.06,4,0.05,50,8,4,2,2,100,144,5,5,300,1.05,1.05,6.0,2.0,10,6,6,-1,
5,P005,1,ft_jnd,FrameTimeStutter,1871,8.78638,4.0890,1690.90,1518.76,0.000,0.000,1690.90,1518.76,7.5134,15.6051,0.0000,-17.9119,0.0000,25.4253,Right,0,0,0,0,174.615,0,0.000,ft_jnd,FrameTimeStutter,1,0,1,0,1,1,0.25,0.25,1.5,100,-10,100,1,5,250,40,5,250,50,1,6,11,0,0.06,4,0.05,50,8,4,2,2,100,144,5,5,300,1.05,1.05,6.0,2.0,10,6,6,-1,
5,P005,1,ft_jnd,FrameTimeStutter,1872,8.79057,4.1944,1690.90,1518.76,0.000,0.000,1690.90,1518.76,7.5134,15.6051,0.0000,-17.9119,0.0000,25.4253,Right,0,0,0,0,174.615,0,0.000,ft_jnd,FrameTimeStutter,1,0,1,0,1,1,0.25,0.25,1.5,100,-10,100,1,5,250,40,5,250,50,1,6,11,0,0.06,4,0.05,50,8,4,2,2,100,144,5,5,300,1.05,1.05,6.0,2.0,10,6,6,-1,
5,P005,1,ft_jnd,FrameTimeStutter,1873,8.79435,3.7768,1690.90,1518.76,0.000,0.000,1690.90,1518.76,7.5134,15.6051,0.0000,-17.9119,0.0000,25.4253,Right,0,0,0,0,174.615,0,0.000,ft_jnd,FrameTimeStutter,1,0,1,0,1,1,0.25,0.25,1.5,100,-10,100,1,5,250,40,5,250,50,1,6,11,0,0.06,4,0.05,50,8,4,2,2,100,144,5,5,300,1.05,1.05,6.0,2.0,10,6,6,-1,
5,P005,1,ft_jnd,FrameTimeStutter,1874,8.79932,4.9667,1690.90,1518.76,0.000,0.000,1690.90,1518.76,7.5134,15.6051,0.0000,-17.9119,0.0000,25.4253,Right,0,0,0,0,174.615,0,0.000,ft_jnd,FrameTimeStutter,1,0,1,0,1,1,0.25,0.25,1.5,100,-10,100,1,5,250,40,5,250,50,1,6,11,0,0.06,4,0.05,50,8,4,2,2,100,144,5,5,300,1.05,1.05,6.0,2.0,10,6,6,-1,
5,P005,1,ft_jnd,FrameTimeStutter,1875,8.80336,4.0439,1690.90,1518.76,0.000,0.000,1690.90,1518.76,7.5134,15.6051,0.0000,-17.9119,0.0000,25.4253,Right,0,0,0,0,174.615,0,0.000,ft_jnd,FrameTimeStutter,1,0,1,0,1,1,0.25,0.25,1.5,100,-10,100,1,5,250,40,5,250,50,1,6,11,0,0.06,4,0.05,50,8,4,2,2,100,144,5,5,300,1.05,1.05,6.0,2.0,10,6,6,-1,
5,P005,1,ft_jnd,FrameTimeStutter,1876,8.80701,3.6470,1690.90,1518.76,0.000,0.000,1690.90,1518.76,7.5134,15.6051,0.0000,-17.9119,0.0000,25.4253,Right,0,0,0,0,174.615,0,0.000,ft_jnd,FrameTimeStutter,1,0,1,0,1,1,0.25,0.25,1.5,100,-10,100,1,5,250,40,5,250,50,1,6,11,0,0.06,4,0.05,50,8,4,2,2,100,144,5,5,300,1.05,1.05,6.0,2.0,10,6,6,-1,
5,P005,1,ft_jnd,FrameTimeStutter,1877,8.81206,5.0536,1690.90,1518.76,0.000,0.000,1690.90,1518.76,7.5134,15.6051,0.0000,-17.9119,0.0000,25.4253,Right,0,0,0,0,174.615,0,0.000,ft_jnd,FrameTimeStutter,1,0,1,0,1,1,0.25,0.25,1.5,100,-10,100,1,5,250,40,5,250,50,1,6,11,0,0.06,4,0.05,50,8,4,2,2,100,144,5,5,300,1.05,1.05,6.0,2.0,10,6,6,-1,
5,P005,1,ft_jnd,FrameTimeStutter,1878,8.81669,4.6278,1690.90,1518.76,0.000,0.000,1690.90,1518.76,7.5134,15.6051,0.0000,-17.9119,0.0000,25.4253,Right,0,0,0,0,174.615,0,0.000,ft_jnd,FrameTimeStutter,1,0,1,0,1,1,0.25,0.25,1.5,100,-10,100,1,5,250,40,5,250,50,1,6,11,0,0.06,4,0.05,50,8,4,2,2,100,144,5,5,300,1.05,1.05,6.0,2.0,10,6,6,-1,
5,P005,1,ft_jnd,FrameTimeStutter,1879,8.82721,10.5205,0.00,0.00,0.000,0.000,0.00,0.00,-22.4689,2.0000,0.0000,-17.9119,0.0000,25.4253,Right,0,0,0,0,174.615,0,0.000,ft_jnd,FrameTimeStutter,1,0,1,0,1,1,0.25,0.25,1.5,100,-10,100,1,5,250,40,5,250,50,1,6,11,0,0.06,4,0.05,50,8,4,2,2,100,144,5,5,300,1.05,1.05,6.0,2.0,10,6,6,-1,
