sessionId,blockIndex,unityApplicationFps,testMode,closeRadius,weapon,phase,phaseStartIso,roundNumber,frameIndex,timeSinceStartSec,unscaledDeltaMs,mouseX,mouseY,mouseDeltaX,mouseDeltaY,ufoX,ufoY,towerX,side,leftButtonDown,leftButtonPressed,fireKeyDown,shotFired,shotHitX,stimulusMs,spikeFired,stutterMs,windowOpen,threshEstimateMs,sd,slopeEstimate,lapseEstimate,accuracy,score,cfg_weapon,cfg_unityApplicationFps,cfg_practiceStuttersMs,cfg_swSpikeDelayMinSec,cfg_swSpikeDelayMaxSec,cfg_swWindowSec,cfg_swRespikeMinSec,cfg_swRespikeMaxSec,cfg_swMaxEarlyPerRound,cfg_maxSpikesPerRound,cfg_roundTimeoutSec,cfg_hitPoints,cfg_missPoints,cfg_stimMinMs,cfg_stimMaxMs,cfg_stimCount,cfg_threshMinMs,cfg_threshMaxMs,cfg_threshCount,cfg_slopeMin,cfg_slopeMax,cfg_slopeCount,cfg_lapseMin,cfg_lapseMax,cfg_lapseCount,cfg_guessRate,cfg_maxTrials,cfg_minTrials,cfg_stopSD
56,1,60,FrameTimeStutter,5.000,shockwave,practice,2026-09-16T14:18:06.7270312-04:00,0,0,0.00000,16.3966,2558.70,1440.00,47.000,15.000,-3.7997,7.0467,-5.5591,Right,0,0,0,0,0.0000,450.000,0,0.000,0,127.500,71.914,4.500,0.0300,0.0000,0.00,shockwave,60,450;300;200;100;50,1.5,3,0.5,1,2,1,10,0,100,-10,5,250,40,5,250,60,1,8,11,0,0.06,4,0.556,50,8,5
56,1,60,FrameTimeStutter,5.000,shockwave,practice,2026-09-16T14:18:06.7270312-04:00,0,1,0.01634,16.3361,2558.70,1440.00,21.000,6.000,-3.4157,7.1564,-5.5591,Right,0,0,0,0,0.0000,450.000,0,0.000,0,127.500,71.914,4.500,0.0300,0.0000,0.00,shockwave,60,450;300;200;100;50,1.5,3,0.5,1,2,1,10,0,100,-10,5,250,40,5,250,60,1,8,11,0,0.06,4,0.556,50,8,5
56,1,60,FrameTimeStutter,5.000,shockwave,practice,2026-09-16T14:18:06.7270312-04:00,0,2,0.03316,16.8240,2558.70,1440.00,11.000,1.000,-3.2146,7.1747,-5.5591,Right,0,0,0,0,0.0000,450.000,0,0.000,0,127.500,71.914,4.500,0.0300,0.0000,0.00,shockwave,60,450;300;200;100;50,1.5,3,0.5,1,2,1,10,0,100,-10,5,250,40,5,250,60,1,8,11,0,0.06,4,0.556,50,8,5
56,1,60,FrameTimeStutter,5.000,shockwave,practice,2026-09-16T14:18:06.7270312-04:00,0,3,0.05025,17.0902,2558.70,1440.00,10.000,3.000,-3.0317,7.2295,-5.5591,Right,0,0,0,0,0.0000,450.000,0,0.000,0,127.500,71.914,4.500,0.0300,0.0000,0.00,shockwave,60,450;300;200;100;50,1.5,3,0.5,1,2,1,10,0,100,-10,5,250,40,5,250,60,1,8,11,0,0.06,4,0.556,50,8,5
56,1,60,FrameTimeStutter,5.000,shockwave,practice,2026-09-16T14:18:06.7270312-04:00,0,4,0.06787,17.6250,2558.70,1440.00,18.000,5.000,-2.7026,7.3209,-5.5591,Right,0,0,0,0,0.0000,450.000,0,0.000,0,127.500,71.914,4.500,0.0300,0.0000,0.00,shockwave,60,450;300;200;100;50,1.5,3,0.5,1,2,1,10,0,100,-10,5,250,40,5,250,60,1,8,11,0,0.06,4,0.556,50,8,5
56,1,60,FrameTimeStutter,5.000,shockwave,practice,2026-09-16T14:18:06.7270312-04:00,0,5,0.08383,15.9583,2558.70,1440.00,23.000,7.000,-2.2820,7.4489,-5.5591,Right,0,0,0,0,0.0000,450.000,0,0.000,0,127.500,71.914,4.500,0.0300,0.0000,0.00,shockwave,60,450;300;200;100;50,1.5,3,0.5,1,2,1,10,0,100,-10,5,250,40,5,250,60,1,8,11,0,0.06,4,0.556,50,8,5
56,1,60,FrameTimeStutter,5.000,shockwave,practice,2026-09-16T14:18:06.7270312-04:00,0,6,0.10124,17.4095,2558.70,1440.00,20.000,3.000,-1.9163,7.5038,-5.5591,Right,0,0,0,0,0.0000,450.000,0,0.000,0,127.500,71.914,4.500,0.0300,0.0000,0.00,shockwave,60,450;300;200;100;50,1.5,3,0.5,1,2,1,10,0,100,-10,5,250,40,5,250,60,1,8,11,0,0.06,4,0.556,50,8,5
56,1,60,FrameTimeStutter,5.000,shockwave,practice,2026-09-16T14:18:06.7270312-04:00,0,7,0.11662,15.3790,2558.70,1438.20,13.000,-1.000,-1.6786,7.4855,-5.5591,Right,0,0,0,0,0.0000,450.000,0,0.000,0,127.500,71.914,4.500,0.0300,0.0000,0.00,shockwave,60,450;300;200;100;50,1.5,3,0.5,1,2,1,10,0,100,-10,5,250,40,5,250,60,1,8,11,0,0.06,4,0.556,50,8,5
56,1,60,FrameTimeStutter,5.000,shockwave,practice,2026-09-16T14:18:06.7270312-04:00,0,8,0.13340,16.7774,2558.70,1425.58,3.000,-7.000,-1.6237,7.3575,-5.5591,Right,0,0,0,0,0.0000,450.000,0,0.000,0,127.500,71.914,4.500,0.0300,0.0000,0.00,shockwave,60,450;300;200;100;50,1.5,3,0.5,1,2,1,10,0,100,-10,5,250,40,5,250,60,1,8,11,0,0.06,4,0.556,50,8,5
56,1,60,FrameTimeStutter,5.000,shockwave,practice,2026-09-16T14:18:06.7270312-04:00,0,9,0.15032,16.9180,2558.70,1423.78,1.000,-1.000,-1.6055,7.3392,-5.5591,Right,0,0,0,0,0.0000,450.000,0,0.000,0,127.500,71.914,4.500,0.0300,0.0000,0.00,shockwave,60,450;300;200;100;50,1.5,3,0.5,1,2,1,10,0,100,-10,5,250,40,5,250,60,1,8,11,0,0.06,4,0.556,50,8,5
56,1,60,FrameTimeStutter,5.000,shockwave,practice,2026-09-16T14:18:06.7270312-04:00,0,10,0.16644,16.1241,2558.70,1423.78,0.000,0.000,-1.6055,7.3392,-5.5591,Right,0,0,0,0,0.0000,450.000,0,0.000,0,127.500,71.914,4.500,0.0300,0.0000,0.00,shockwave,60,450;300;200;100;50,1.5,3,0.5,1,2,1,10,0,100,-10,5,250,40,5,250,60,1,8,11,0,0.06,4,0.556,50,8,5
56,1,60,FrameTimeStutter,5.000,shockwave,practice,2026-09-16T14:18:06.7270312-04:00,0,11,0.18368,17.2364,2558.70,1423.78,0.000,0.000,-1.6055,7.3392,-5.5591,Right,0,0,0,0,0.0000,450.000,0,0.000,0,127.500,71.914,4.500,0.0300,0.0000,0.00,shockwave,60,450;300;200;100;50,1.5,3,0.5,1,2,1,10,0,100,-10,5,250,40,5,250,60,1,8,11,0,0.06,4,0.556,50,8,5
56,1,60,FrameTimeStutter,5.000,shockwave,practice,2026-09-16T14:18:06.7270312-04:00,0,12,0.19992,16.2447,2558.70,1423.78,0.000,0.000,-1.6055,7.3392,-5.5591,Right,0,0,0,0,0.0000,450.000,0,0.000,0,127.500,71.914,4.500,0.0300,0.0000,0.00,shockwave,60,450;300;200;100;50,1.5,3,0.5,1,2,1,10,0,100,-10,5,250,40,5,250,60,1,8,11,0,0.06,4,0.556,50,8,5
56,1,60,FrameTimeStutter,5.000,shockwave,practice,2026-09-16T14:18:06.7270312-04:00,0,13,0.21658,16.6567,2558.70,1423.78,0.000,0.000,-1.6055,7.3392,-5.5591,Right,0,0,0,0,0.0000,450.000,0,0.000,0,127.500,71.914,4.500,0.0300,0.0000,0.00,shockwave,60,450;300;200;100;50,1.5,3,0.5,1,2,1,10,0,100,-10,5,250,40,5,250,60,1,8,11,0,0.06,4,0.556,50,8,5
56,1,60,FrameTimeStutter,5.000,shockwave,practice,2026-09-16T14:18:06.7270312-04:00,0,14,0.23355,16.9752,2558.70,1423.78,0.000,0.000,-1.6055,7.3392,-5.5591,Right,0,0,0,0,0.0000,450.000,0,0.000,0,127.500,71.914,4.500,0.0300,0.0000,0.00,shockwave,60,450;300;200;100;50,1.5,3,0.5,1,2,1,10,0,100,-10,5,250,40,5,250,60,1,8,11,0,0.06,4,0.556,50,8,5
56,1,60,FrameTimeStutter,5.000,shockwave,practice,2026-09-16T14:18:06.7270312-04:00,0,15,0.25043,16.8783,2558.70,1423.78,0.000,0.000,-1.6055,7.3392,-5.5591,Right,0,0,0,0,0.0000,450.000,0,0.000,0,127.500,71.914,4.500,0.0300,0.0000,0.00,shockwave,60,450;300;200;100;50,1.5,3,0.5,1,2,1,10,0,100,-10,5,250,40,5,250,60,1,8,11,0,0.06,4,0.556,50,8,5
56,1,60,FrameTimeStutter,5.000,shockwave,practice,2026-09-16T14:18:06.7270312-04:00,0,16,0.26688,16.4519,2558.70,1423.78,0.000,0.000,-1.6055,7.3392,-5.5591,Right,0,0,0,0,0.0000,450.000,0,0.000,0,127.500,71.914,4.500,0.0300,0.0000,0.00,shockwave,60,450;300;200;100;50,1.5,3,0.5,1,2,1,10,0,100,-10,5,250,40,5,250,60,1,8,11,0,0.06,4,0.556,50,8,5
56,1,60,FrameTimeStutter,5.000,shockwave,practice,2026-09-16T14:18:06.7270312-04:00,0,17,0.28333,16.4406,2558.70,1423.78,0.000,0.000,-1.6055,7.3392,-5.5591,Right,0,0,0,0,0.0000,450.000,0,0.000,0,127.500,71.914,4.500,0.0300,0.0000,0.00,shockwave,60,450;300;200;100;50,1.5,3,0.5,1,2,1,10,0,100,-10,5,250,40,5,250,60,1,8,11,0,0.06,4,0.556,50,8,5
56,1,60,FrameTimeStutter,5.000,shockwave,practice,2026-09-16T14:18:06.7270312-04:00,0,18,0.30033,17.0038,2558.70,1423.78,0.000,0.000,-1.6055,7.3392,-5.5591,Right,0,0,0,0,0.0000,450.000,0,0.000,0,127.500,71.914,4.500,0.0300,0.0000,0.00,shockwave,60,450;300;200;100;50,1.5,3,0.5,1,2,1,10,0,100,-10,5,250,40,5,250,60,1,8,11,0,0.06,4,0.556,50,8,5
56,1,60,FrameTimeStutter,5.000,shockwave,practice,2026-09-16T14:18:06.7270312-04:00,0,19,0.31713,16.8061,2558.70,1423.78,0.000,0.000,-1.6055,7.3392,-5.5591,Right,0,0,0,0,0.0000,450.000,0,0.000,0,127.500,71.914,4.500,0.0300,0.0000,0.00,shockwave,60,450;300;200;100;50,1.5,3,0.5,1,2,1,10,0,100,-10,5,250,40,5,250,60,1,8,11,0,0.06,4,0.556,50,8,5
56,1,60,FrameTimeStutter,5.000,shockwave,practice,2026-09-16T14:18:06.7270312-04:00,0,20,0.33324,16.1073,2558.70,1423.78,0.000,0.000,-1.6055,7.3392,-5.5591,Right,0,0,0,0,0.0000,450.000,0,0.000,0,127.500,71.914,4.500,0.0300,0.0000,0.00,shockwave,60,450;300;200;100;50,1.5,3,0.5,1,2,1,10,0,100,-10,5,250,40,5,250,60,1,8,11,0,0.06,4,0.556,50,8,5
56,1,60,FrameTimeStutter,5.000,shockwave,practice,2026-09-16T14:18:06.7270312-04:00,0,21,0.35026,17.0221,2558.70,1423.78,0.000,0.000,-1.6055,7.3392,-5.5591,Right,0,0,0,0,0.0000,450.000,0,0.000,0,127.500,71.914,4.500,0.0300,0.0000,0.00,shockwave,60,450;300;200;100;50,1.5,3,0.5,1,2,1,10,0,100,-10,5,250,40,5,250,60,1,8,11,0,0.06,4,0.556,50,8,5
56,1,60,FrameTimeStutter,5.000,shockwave,practice,2026-09-16T14:18:06.7270312-04:00,0,22,0.36687,16.6101,2558.70,1423.78,0.000,0.000,-1.6055,7.3392,-5.5591,Right,0,0,0,0,0.0000,450.000,0,0.000,0,127.500,71.914,4.500,0.0300,0.0000,0.00,shockwave,60,450;300;200;100;50,1.5,3,0.5,1,2,1,10,0,100,-10,5,250,40,5,250,60,1,8,11,0,0.06,4,0.556,50,8,5
56,1,60,FrameTimeStutter,5.000,shockwave,practice,2026-09-16T14:18:06.7270312-04:00,0,23,0.38301,16.1311,2556.90,1423.78,-1.000,0.000,-1.6237,7.3392,-5.5591,Right,0,0,0,0,0.0000,450.000,0,0.000,0,127.500,71.914,4.500,0.0300,0.0000,0.00,shockwave,60,450;300;200;100;50,1.5,3,0.5,1,2,1,10,0,100,-10,5,250,40,5,250,60,1,8,11,0,0.06,4,0.556,50,8,5
56,1,60,FrameTimeStutter,5.000,shockwave,practice,2026-09-16T14:18:06.7270312-04:00,0,24,0.40084,17.8300,2558.70,1414.77,10.000,-5.000,-1.4409,7.2478,-5.5591,Right,0,0,0,0,0.0000,450.000,0,0.000,0,127.500,71.914,4.500,0.0300,0.0000,0.00,shockwave,60,450;300;200;100;50,1.5,3,0.5,1,2,1,10,0,100,-10,5,250,40,5,250,60,1,8,11,0,0.06,4,0.556,50,8,5
56,1,60,FrameTimeStutter,5.000,shockwave,practice,2026-09-16T14:18:06.7270312-04:00,0,25,0.41706,16.2242,2558.70,1432.79,55.000,10.000,-0.4352,7.4306,-5.5591,Right,0,0,0,0,0.0000,450.000,0,0.000,0,127.500,71.914,4.500,0.0300,0.0000,0.00,shockwave,60,450;300;200;100;50,1.5,3,0.5,1,2,1,10,0,100,-10,5,250,40,5,250,60,1,8,11,0,0.06,4,0.556,50,8,5
56,1,60,FrameTimeStutter,5.000,shockwave,practice,2026-09-16T14:18:06.7270312-04:00,0,26,0.43329,16.2331,2558.70,1440.00,72.000,6.000,0.8813,7.5404,-5.5591,Right,0,0,0,0,0.0000,450.000,0,0.000,0,127.500,71.914,4.500,0.0300,0.0000,0.00,shockwave,60,450;300;200;100;50,1.5,3,0.5,1,2,1,10,0,100,-10,5,250,40,5,250,60,1,8,11,0,0.06,4,0.556,50,8,5
56,1,60,FrameTimeStutter,5.000,shockwave,practice,2026-09-16T14:18:06.7270312-04:00,0,27,0.45036,17.0647,2558.70,1440.00,110.000,8.000,2.8927,7.6866,-5.5591,Right,0,0,0,0,0.0000,450.000,0,0.000,0,127.500,71.914,4.500,0.0300,0.0000,0.00,shockwave,60,450;300;200;100;50,1.5,3,0.5,1,2,1,10,0,100,-10,5,250,40,5,250,60,1,8,11,0,0.06,4,0.556,50,8,5
56,1,60,FrameTimeStutter,5.000,shockwave,practice,2026-09-16T14:18:06.7270312-04:00,0,28,0.46689,16.5276,2558.70,1440.00,138.000,10.000,5.4161,7.8695,-5.5591,Right,0,0,0,0,0.0000,450.000,0,0.000,0,127.500,71.914,4.500,0.0300,0.0000,0.00,shockwave,60,450;300;200;100;50,1.5,3,0.5,1,2,1,10,0,100,-10,5,250,40,5,250,60,1,8,11,0,0.06,4,0.556,50,8,5
56,1,60,FrameTimeStutter,5.000,shockwave,practice,2026-09-16T14:18:06.7270312-04:00,0,29,0.48345,16.5678,2558.70,1440.00,158.000,10.000,8.3052,8.0523,-5.5591,Right,0,0,0,0,0.0000,450.000,0,0.000,0,127.500,71.914,4.500,0.0300,0.0000,0.00,shockwave,60,450;300;200;100;50,1.5,3,0.5,1,2,1,10,0,100,-10,5,250,40,5,250,60,1,8,11,0,0.06,4,0.556,50,8,5
56,1,60,FrameTimeStutter,5.000,shockwave,practice,2026-09-16T14:18:06.7270312-04:00,0,30,0.50015,16.7010,2558.70,1440.00,206.000,9.000,12.0719,8.2169,-5.5591,Right,0,0,0,0,0.0000,450.000,0,0.000,0,127.500,71.914,4.500,0.0300,0.0000,0.00,shockwave,60,450;300;200;100;50,1.5,3,0.5,1,2,1,10,0,100,-10,5,250,40,5,250,60,1,8,11,0,0.06,4,0.556,50,8,5
56,1,60,FrameTimeStutter,5.000,shockwave,practice,2026-09-16T14:18:06.7270312-04:00,0,31,0.51684,16.6830,2558.70,1440.00,211.000,5.000,15.9301,8.3083,-5.5591,Right,0,0,0,0,0.0000,450.000,0,0.000,0,127.500,71.914,4.500,0.0300,0.0000,0.00,shockwave,60,450;300;200;100;50,1.5,3,0.5,1,2,1,10,0,100,-10,5,250,40,5,250,60,1,8,11,0,0.06,4,0.556,50,8,5
56,1,60,FrameTimeStutter,5.000,shockwave,practice,2026-09-16T14:18:06.7270312-04:00,0,32,0.53362,16.7830,2558.70,1440.00,235.000,9.000,20.2271,8.4729,-5.5591,Right,0,0,0,0,0.0000,450.000,0,0.000,0,127.500,71.914,4.500,0.0300,0.0000,0.00,shockwave,60,450;300;200;100;50,1.5,3,0.5,1,2,1,10,0,100,-10,5,250,40,5,250,60,1,8,11,0,0.06,4,0.556,50,8,5
56,1,60,FrameTimeStutter,5.000,shockwave,practice,2026-09-16T14:18:06.7270312-04:00,0,33,0.55028,16.6578,2558.70,1440.00,208.000,12.000,22.4689,8.6923,-5.5591,Right,0,0,0,0,0.0000,450.000,0,0.000,0,127.500,71.914,4.500,0.0300,0.0000,0.00,shockwave,60,450;300;200;100;50,1.5,3,0.5,1,2,1,10,0,100,-10,5,250,40,5,250,60,1,8,11,0,0.06,4,0.556,50,8,5
56,1,60,FrameTimeStutter,5.000,shockwave,practice,2026-09-16T14:18:06.7270312-04:00,0,34,0.56695,16.6717,2558.70,1440.00,165.000,11.000,22.4689,8.8934,-5.5591,Right,0,0,0,0,0.0000,450.000,0,0.000,0,127.500,71.914,4.500,0.0300,0.0000,0.00,shockwave,60,450;300;200;100;50,1.5,3,0.5,1,2,1,10,0,100,-10,5,250,40,5,250,60,1,8,11,0,0.06,4,0.556,50,8,5
56,1,60,FrameTimeStutter,5.000,shockwave,practice,2026-09-16T14:18:06.7270312-04:00,0,35,0.58368,16.7264,2558.70,1440.00,118.000,2.000,22.4689,8.9300,-5.5591,Right,0,0,0,0,0.0000,450.000,0,0.000,0,127.500,71.914,4.500,0.0300,0.0000,0.00,shockwave,60,450;300;200;100;50,1.5,3,0.5,1,2,1,10,0,100,-10,5,250,40,5,250,60,1,8,11,0,0.06,4,0.556,50,8,5
56,1,60,FrameTimeStutter,5.000,shockwave,practice,2026-09-16T14:18:06.7270312-04:00,0,36,0.60034,16.6609,2542.48,1416.57,26.000,-13.000,22.4689,8.6923,-5.5591,Right,0,0,0,0,0.0000,450.000,0,0.000,0,127.500,71.914,4.500,0.0300,0.0000,0.00,shockwave,60,450;300;200;100;50,1.5,3,0.5,1,2,1,10,0,100,-10,5,250,40,5,250,60,1,8,11,0,0.06,4,0.556,50,8,5
56,1,60,FrameTimeStutter,5.000,shockwave,practice,2026-09-16T14:18:06.7270312-04:00,0,37,0.61674,16.4001,2437.95,1394.94,-58.000,-12.000,21.4084,8.4728,-5.5591,Right,0,0,0,0,0.0000,450.000,0,0.000,0,127.500,71.914,4.500,0.0300,0.0000,0.00,shockwave,60,450;300;200;100;50,1.5,3,0.5,1,2,1,10,0,100,-10,5,250,40,5,250,60,1,8,11,0,0.06,4,0.556,50,8,5
56,1,60,FrameTimeStutter,5.000,shockwave,practice,2026-09-16T14:18:06.7270312-04:00,0,38,0.63328,16.5467,2218.07,1369.71,-122.000,-14.000,19.1776,8.2168,-5.5591,Right,0,0,0,0,0.0000,450.000,0,0.000,0,127.500,71.914,4.500,0.0300,0.0000,0.00,shockwave,60,450;300;200;100;50,1.5,3,0.5,1,2,1,10,0,100,-10,5,250,40,5,250,60,1,8,11,0,0.06,4,0.556,50,8,5
56,1,60,FrameTimeStutter,5.000,shockwave,practice,2026-09-16T14:18:06.7270312-04:00,0,39,0.64997,16.6843,1899.07,1364.31,-177.000,-3.000,15.9411,8.1620,-5.5591,Right,0,0,0,0,0.0000,450.000,0,0.000,0,127.500,71.914,4.500,0.0300,0.0000,0.00,shockwave,60,450;300;200;100;50,1.5,3,0.5,1,2,1,10,0,100,-10,5,250,40,5,250,60,1,8,11,0,0.06,4,0.556,50,8,5
56,1,60,FrameTimeStutter,5.000,shockwave,practice,2026-09-16T14:18:06.7270312-04:00,0,40,0.66702,17.0499,1488.16,1376.92,-228.000,7.000,11.7720,8.2900,-5.5591,Right,0,0,0,0,0.0000,450.000,0,0.000,0,127.500,71.914,4.500,0.0300,0.0000,0.00,shockwave,60,450;300;200;100;50,1.5,3,0.5,1,2,1,10,0,100,-10,5,250,40,5,250,60,1,8,11,0,0.06,4,0.556,50,8,5
56,1,60,FrameTimeStutter,5.000,shockwave,practice,2026-09-16T14:18:06.7270312-04:00,0,41,0.68332,16.2996,1041.20,1400.35,-248.000,13.000,7.2373,8.5277,-5.5591,Right,0,0,0,0,0.0000,450.000,0,0.000,0,127.500,71.914,4.500,0.0300,0.0000,0.00,shockwave,60,450;300;200;100;50,1.5,3,0.5,1,2,1,10,0,100,-10,5,250,40,5,250,60,1,8,11,0,0.06,4,0.556,50,8,5
56,1,60,FrameTimeStutter,5.000,shockwave,practice,2026-09-16T14:18:06.7270312-04:00,0,42,0.70032,17.0070,592.44,1414.77,-249.000,8.000,2.6843,8.6740,-5.5591,Right,0,0,0,0,0.0000,450.000,0,0.000,0,127.500,71.914,4.500,0.0300,0.0000,0.00,shockwave,60,450;300;200;100;50,1.5,3,0.5,1,2,1,10,0,100,-10,5,250,40,5,250,60,1,8,11,0,0.06,4,0.556,50,8,5
56,1,60,FrameTimeStutter,5.000,shockwave,practice,2026-09-16T14:18:06.7270312-04:00,0,43,0.71685,16.5249,134.67,1421.98,-254.000,4.000,-1.9602,8.7471,-5.5591,Right,0,0,0,0,0.0000,450.000,0,0.000,0,127.500,71.914,4.500,0.0300,0.0000,0.00,shockwave,60,450;300;200;100;50,1.5,3,0.5,1,2,1,10,0,100,-10,5,250,40,5,250,60,1,8,11,0,0.06,4,0.556,50,8,5
56,1,60,FrameTimeStutter,5.000,shockwave,practice,2026-09-16T14:18:06.7270312-04:00,0,44,0.73327,16.4215,-0.50,1421.98,-197.000,0.000,-5.5624,8.7471,-5.5591,Right,0,0,0,0,0.0000,450.000,0,0.000,0,127.500,71.914,4.500,0.0300,0.0000,0.00,shockwave,60,450;300;200;100;50,1.5,3,0.5,1,2,1,10,0,100,-10,5,250,40,5,250,60,1,8,11,0,0.06,4,0.556,50,8,5
56,1,60,FrameTimeStutter,5.000,shockwave,practice,2026-09-16T14:18:06.7270312-04:00,0,45,0.75024,16.9702,-0.50,1414.77,-118.000,-4.000,-7.7200,8.6740,-5.5591,Right,0,0,0,0,0.0000,450.000,0,0.000,0,127.500,71.914,4.500,0.0300,0.0000,0.00,shockwave,60,450;300;200;100;50,1.5,3,0.5,1,2,1,10,0,100,-10,5,250,40,5,250,60,1,8,11,0,0.06,4,0.556,50,8,5
56,1,60,FrameTimeStutter,5.000,shockwave,practice,2026-09-16T14:18:06.7270312-04:00,0,46,0.76712,16.8802,3.10,1407.56,-16.000,-4.000,-8.0126,8.6008,-5.5591,Left,0,0,0,0,0.0000,450.000,0,0.000,0,127.500,71.914,4.500,0.0300,0.0000,0.00,shockwave,60,450;300;200;100;50,1.5,3,0.5,1,2,1,10,0,100,-10,5,250,40,5,250,60,1,8,11,0,0.06,4,0.556,50,8,5
56,1,60,FrameTimeStutter,5.000,shockwave,practice,2026-09-16T14:18:06.7270312-04:00,0,47,0.78307,15.9466,67.98,1394.94,36.000,-7.000,-7.3543,8.4728,-5.5591,Left,0,0,0,0,0.0000,450.000,0,0.000,0,127.500,71.914,4.500,0.0300,0.0000,0.00,shockwave,60,450;300;200;100;50,1.5,3,0.5,1,2,1,10,0,100,-10,5,250,40,5,250,60,1,8,11,0,0.06,4,0.556,50,8,5
56,1,60,FrameTimeStutter,5.000,shockwave,practice,2026-09-16T14:18:06.7270312-04:00,0,48,0.80049,17.4234,394.19,1373.32,181.000,-12.000,-4.0447,8.2534,-5.5591,Left,0,0,0,0,0.0000,450.000,0,0.000,0,127.500,71.914,4.500,0.0300,0.0000,0.00,shockwave,60,450;300;200;100;50,1.5,3,0.5,1,2,1,10,0,100,-10,5,250,40,5,250,60,1,8,11,0,0.06,4,0.556,50,8,5
56,1,60,FrameTimeStutter,5.000,shockwave,practice,2026-09-16T14:18:06.7270312-04:00,0,49,0.81725,16.7569,754.64,1373.32,200.000,0.000,-0.3877,8.2534,-5.5591,Right,0,0,0,0,0.0000,450.000,0,0.000,0,127.500,71.914,4.500,0.0300,0.0000,0.00,shockwave,60,450;300;200;100;50,1.5,3,0.5,1,2,1,10,0,100,-10,5,250,40,5,250,60,1,8,11,0,0.06,4,0.556,50,8,5
56,1,60,FrameTimeStutter,5.000,shockwave,practice,2026-09-16T14:18:06.7270312-04:00,0,50,0.83333,16.0776,1183.58,1384.13,238.000,6.000,3.9642,8.3631,-5.5591,Right,0,0,0,0,0.0000,450.000,0,0.000,0,127.500,71.914,4.500,0.0300,0.0000,0.00,shockwave,60,450;300;200;100;50,1.5,3,0.5,1,2,1,10,0,100,-10,5,250,40,5,250,60,1,8,11,0,0.06,4,0.556,50,8,5
56,1,60,FrameTimeStutter,5.000,shockwave,practice,2026-09-16T14:18:06.7270312-04:00,0,51,0.85043,17.1005,1630.54,1403.96,248.000,11.000,8.4990,8.5642,-5.5591,Right,0,0,0,0,0.0000,450.000,0,0.000,0,127.500,71.914,4.500,0.0300,0.0000,0.00,shockwave,60,450;300;200;100;50,1.5,3,0.5,1,2,1,10,0,100,-10,5,250,40,5,250,60,1,8,11,0,0.06,4,0.556,50,8,5
56,1,60,FrameTimeStutter,5.000,shockwave,practice,2026-09-16T14:18:06.7270312-04:00,0,52,0.86674,16.3109,2066.68,1430.99,242.000,15.000,12.9240,8.8385,-5.5591,Right,0,0,0,0,0.0000,450.000,0,0.000,0,127.500,71.914,4.500,0.0300,0.0000,0.00,shockwave,60,450;300;200;100;50,1.5,3,0.5,1,2,1,10,0,100,-10,5,250,40,5,250,60,1,8,11,0,0.06,4,0.556,50,8,5
56,1,60,FrameTimeStutter,5.000,shockwave,practice,2026-09-16T14:18:06.7270312-04:00,0,53,0.88356,16.8198,2421.73,1440.00,197.000,15.000,16.5262,9.1128,-5.5591,Right,0,0,0,0,0.0000,450.000,0,0.000,0,127.500,71.914,4.500,0.0300,0.0000,0.00,shockwave,60,450;300;200;100;50,1.5,3,0.5,1,2,1,10,0,100,-10,5,250,40,5,250,60,1,8,11,0,0.06,4,0.556,50,8,5
56,1,60,FrameTimeStutter,5.000,shockwave,practice,2026-09-16T14:18:06.7270312-04:00,0,54,0.90005,16.4982,2558.70,1440.00,136.000,9.000,19.0130,9.2773,-5.5591,Right,0,0,0,0,0.0000,450.000,0,0.000,0,127.500,71.914,4.500,0.0300,0.0000,0.00,shockwave,60,450;300;200;100;50,1.5,3,0.5,1,2,1,10,0,100,-10,5,250,40,5,250,60,1,8,11,0,0.06,4,0.556,50,8,5
56,1,60,FrameTimeStutter,5.000,shockwave,practice,2026-09-16T14:18:06.7270312-04:00,0,55,0.91660,16.5466,2558.70,1440.00,65.000,1.000,20.2015,9.2956,-5.5591,Right,0,0,0,0,0.0000,450.000,0,0.000,0,127.500,71.914,4.500,0.0300,0.0000,0.00,shockwave,60,450;300;200;100;50,1.5,3,0.5,1,2,1,10,0,100,-10,5,250,40,5,250,60,1,8,11,0,0.06,4,0.556,50,8,5
56,1,60,FrameTimeStutter,5.000,shockwave,practice,2026-09-16T14:18:06.7270312-04:00,0,56,0.93305,16.4444,2537.07,1432.79,-9.000,-4.000,20.0370,9.2225,-5.5591,Right,0,0,0,0,0.0000,450.000,0,0.000,0,127.500,71.914,4.500,0.0300,0.0000,0.00,shockwave,60,450;300;200;100;50,1.5,3,0.5,1,2,1,10,0,100,-10,5,250,40,5,250,60,1,8,11,0,0.06,4,0.556,50,8,5
56,1,60,FrameTimeStutter,5.000,shockwave,practice,2026-09-16T14:18:06.7270312-04:00,0,57,0.95021,17.1681,2405.51,1412.97,-73.000,-11.000,18.7022,9.0213,-5.5591,Right,0,0,0,0,0.0000,450.000,0,0.000,0,127.500,71.914,4.500,0.0300,0.0000,0.00,shockwave,60,450;300;200;100;50,1.5,3,0.5,1,2,1,10,0,100,-10,5,250,40,5,250,60,1,8,11,0,0.06,4,0.556,50,8,5
56,1,60,FrameTimeStutter,5.000,shockwave,practice,2026-09-16T14:18:06.7270312-04:00,0,58,0.96676,16.5433,2156.80,1385.93,-138.000,-15.000,16.1788,8.7471,-5.5591,Right,0,0,0,0,0.0000,450.000,0,0.000,0,127.500,71.914,4.500,0.0300,0.0000,0.00,shockwave,60,450;300;200;100;50,1.5,3,0.5,1,2,1,10,0,100,-10,5,250,40,5,250,60,1,8,11,0,0.06,4,0.556,50,8,5
56,1,60,FrameTimeStutter,5.000,shockwave,practice,2026-09-16T14:18:06.7270312-04:00,0,59,0.98345,16.6950,1780.13,1371.51,-209.000,-8.000,12.3572,8.6008,-5.5591,Right,0,0,0,0,0.0000,450.000,0,0.000,0,127.500,71.914,4.500,0.0300,0.0000,0.00,shockwave,60,450;300;200;100;50,1.5,3,0.5,1,2,1,10,0,100,-10,5,250,40,5,250,60,1,8,11,0,0.06,4,0.556,50,8,5
56,1,60,FrameTimeStutter,5.000,shockwave,practice,2026-09-16T14:18:06.7270312-04:00,0,60,0.99967,16.2216,1343.98,1371.51,-242.000,0.000,7.9321,8.6008,-5.5591,Right,0,0,0,0,0.0000,450.000,0,0.000,0,127.500,71.914,4.500,0.0300,0.0000,0.00,shockwave,60,450;300;200;100;50,1.5,3,0.5,1,2,1,10,0,100,-10,5,250,40,5,250,60,1,8,11,0,0.06,4,0.556,50,8,5
56,1,60,FrameTimeStutter,5.000,shockwave,practice,2026-09-16T14:18:06.7270312-04:00,0,61,1.01672,17.0482,684.36,1378.72,-366.000,4.000,1.2397,8.6739,-5.5591,Right,0,0,0,0,0.0000,450.000,0,0.000,0,127.500,71.914,4.500,0.0300,0.0000,0.00,shockwave,60,450;300;200;100;50,1.5,3,0.5,1,2,1,10,0,100,-10,5,250,40,5,250,60,1,8,11,0,0.06,4,0.556,50,8,5
56,1,60,FrameTimeStutter,5.000,shockwave,practice,2026-09-16T14:18:06.7270312-04:00,0,62,1.03335,16.6285,305.88,1380.53,-210.000,1.000,-2.6002,8.6922,-5.5591,Right,0,0,0,0,0.0000,450.000,0,0.000,0,127.500,71.914,4.500,0.0300,0.0000,0.00,shockwave,60,450;300;200;100;50,1.5,3,0.5,1,2,1,10,0,100,-10,5,250,40,5,250,60,1,8,11,0,0.06,4,0.556,50,8,5
56,1,60,FrameTimeStutter,5.000,shockwave,practice,2026-09-16T14:18:06.7270312-04:00,0,63,1.05004,16.6875,24.73,1382.33,-156.000,1.000,-5.4527,8.7105,-5.5591,Right,0,0,0,0,0.0000,450.000,0,0.000,0,127.500,71.914,4.500,0.0300,0.0000,0.00,shockwave,60,450;300;200;100;50,1.5,3,0.5,1,2,1,10,0,100,-10,5,250,40,5,250,60,1,8,11,0,0.06,4,0.556,50,8,5
56,1,60,FrameTimeStutter,5.000,shockwave,practice,2026-09-16T14:18:06.7270312-04:00,0,64,1.06646,16.4192,-0.50,1382.33,-81.000,0.000,-6.9338,8.7105,-5.5591,Right,0,0,0,0,0.0000,450.000,0,0.000,0,127.500,71.914,4.500,0.0300,0.0000,0.00,shockwave,60,450;300;200;100;50,1.5,3,0.5,1,2,1,10,0,100,-10,5,250,40,5,250,60,1,8,11,0,0.06,4,0.556,50,8,5
56,1,60,FrameTimeStutter,5.000,shockwave,practice,2026-09-16T14:18:06.7270312-04:00,0,65,1.08311,16.6537,6.71,1382.33,-3.000,0.000,-6.9886,8.7105,-5.5591,Left,0,0,0,0,0.0000,450.000,0,0.000,0,127.500,71.914,4.500,0.0300,0.0000,0.00,shockwave,60,450;300;200;100;50,1.5,3,0.5,1,2,1,10,0,100,-10,5,250,40,5,250,60,1,8,11,0,0.06,4,0.556,50,8,5
56,1,60,FrameTimeStutter,5.000,shockwave,practice,2026-09-16T14:18:06.7270312-04:00,0,66,1.10005,16.9333,89.61,1375.12,46.000,-4.000,-6.1475,8.6373,-5.5591,Left,0,0,0,0,0.0000,450.000,0,0.000,0,127.500,71.914,4.500,0.0300,0.0000,0.00,shockwave,60,450;300;200;100;50,1.5,3,0.5,1,2,1,10,0,100,-10,5,250,40,5,250,60,1,8,11,0,0.06,4,0.556,50,8,5
56,1,60,FrameTimeStutter,5.000,shockwave,practice,2026-09-16T14:18:06.7270312-04:00,0,67,1.11639,16.3485,296.87,1362.50,115.000,-7.000,-4.0447,8.5093,-5.5591,Left,0,0,0,0,0.0000,450.000,0,0.000,0,127.500,71.914,4.500,0.0300,0.0000,0.00,shockwave,60,450;300;200;100;50,1.5,3,0.5,1,2,1,10,0,100,-10,5,250,40,5,250,60,1,8,11,0,0.06,4,0.556,50,8,5
56,1,60,FrameTimeStutter,5.000,shockwave,practice,2026-09-16T14:18:06.7270312-04:00,0,68,1.13320,16.8038,639.30,1349.89,190.000,-7.000,-0.5705,8.3813,-5.5591,Right,0,0,0,0,0.0000,450.000,0,0.000,0,127.500,71.914,4.500,0.0300,0.0000,0.00,shockwave,60,450;300;200;100;50,1.5,3,0.5,1,2,1,10,0,100,-10,5,250,40,5,250,60,1,8,11,0,0.06,4,0.556,50,8,5
56,1,60,FrameTimeStutter,5.000,shockwave,practice,2026-09-16T14:18:06.7270312-04:00,0,69,1.15008,16.8848,1055.62,1342.68,231.000,-4.000,3.6534,8.3082,-5.5591,Right,0,0,0,0,0.0000,450.000,0,0.000,0,127.500,71.914,4.500,0.0300,0.0000,0.00,shockwave,60,450;300;200;100;50,1.5,3,0.5,1,2,1,10,0,100,-10,5,250,40,5,250,60,1,8,11,0,0.06,4,0.556,50,8,5
56,1,60,FrameTimeStutter,5.000,shockwave,practice,2026-09-16T14:18:06.7270312-04:00,0,70,1.16657,16.4843,1507.99,1340.88,251.000,-1.000,8.2430,8.2899,-5.5591,Right,0,0,0,0,0.0000,450.000,0,0.000,0,127.500,71.914,4.500,0.0300,0.0000,0.00,shockwave,60,450;300;200;100;50,1.5,3,0.5,1,2,1,10,0,100,-10,5,250,40,5,250,60,1,8,11,0,0.06,4,0.556,50,8,5
56,1,60,FrameTimeStutter,5.000,shockwave,practice,2026-09-16T14:18:06.7270312-04:00,0,71,1.18335,16.7821,1927.91,1340.88,233.000,0.000,12.5035,8.2899,-5.5591,Right,0,0,0,0,0.0000,450.000,0,0.000,0,127.500,71.914,4.500,0.0300,0.0000,0.00,shockwave,60,450;300;200;100;50,1.5,3,0.5,1,2,1,10,0,100,-10,5,250,40,5,250,60,1,8,11,0,0.06,4,0.556,50,8,5
56,1,60,FrameTimeStutter,5.000,shockwave,practice,2026-09-16T14:18:06.7270312-04:00,0,72,1.20029,16.9421,2419.93,1351.69,273.000,6.000,17.4953,8.3996,-5.5591,Right,0,0,0,0,0.0000,450.000,0,0.000,0,127.500,71.914,4.500,0.0300,0.0000,0.00,shockwave,60,450;300;200;100;50,1.5,3,0.5,1,2,1,10,0,100,-10,5,250,40,5,250,60,1,8,11,0,0.06,4,0.556,50,8,5
56,1,60,FrameTimeStutter,5.000,shockwave,practice,2026-09-16T14:18:06.7270312-04:00,0,73,1.21735,17.0608,2558.70,1355.29,102.000,2.000,19.3604,8.4362,-5.5591,Right,0,0,0,0,0.0000,450.000,0,0.000,0,127.500,71.914,4.500,0.0300,0.0000,0.00,shockwave,60,450;300;200;100;50,1.5,3,0.5,1,2,1,10,0,100,-10,5,250,40,5,250,60,1,8,11,0,0.06,4,0.556,50,8,5
56,1,60,FrameTimeStutter,5.000,shockwave,practice,2026-09-16T14:18:06.7270312-04:00,0,74,1.23331,15.9536,2558.70,1351.69,23.000,-2.000,19.7810,8.3996,-5.5591,Right,0,0,0,0,0.0000,450.000,0,0.000,0,127.500,71.914,4.500,0.0300,0.0000,0.00,shockwave,60,450;300;200;100;50,1.5,3,0.5,1,2,1,10,0,100,-10,5,250,40,5,250,60,1,8,11,0,0.06,4,0.556,50,8,5
56,1,60,FrameTimeStutter,5.000,shockwave,practice,2026-09-16T14:18:06.7270312-04:00,0,75,1.24972,16.4191,2497.42,1340.88,-34.000,-6.000,19.1593,8.2899,-5.5591,Right,0,0,0,0,0.0000,450.000,0,0.000,0,127.500,71.914,4.500,0.0300,0.0000,0.00,shockwave,60,450;300;200;100;50,1.5,3,0.5,1,2,1,10,0,100,-10,5,250,40,5,250,60,1,8,11,0,0.06,4,0.556,50,8,5
56,1,60,FrameTimeStutter,5.000,shockwave,practice,2026-09-16T14:18:06.7270312-04:00,0,76,1.26646,16.7365,2344.23,1321.05,-85.000,-11.000,17.6050,8.0888,-5.5591,Right,0,0,0,0,0.0000,450.000,0,0.000,0,127.500,71.914,4.500,0.0300,0.0000,0.00,shockwave,60,450;300;200;100;50,1.5,3,0.5,1,2,1,10,0,100,-10,5,250,40,5,250,60,1,8,11,0,0.06,4,0.556,50,8,5
56,1,60,FrameTimeStutter,5.000,shockwave,practice,2026-09-16T14:18:06.7270312-04:00,0,77,1.28334,16.8821,2086.51,1308.44,-143.000,-7.000,14.9903,7.9608,-5.5591,Right,0,0,0,0,0.0000,450.000,0,0.000,0,127.500,71.914,4.500,0.0300,0.0000,0.00,shockwave,60,450;300;200;100;50,1.5,3,0.5,1,2,1,10,0,100,-10,5,250,40,5,250,60,1,8,11,0,0.06,4,0.556,50,8,5
56,1,60,FrameTimeStutter,5.000,shockwave,practice,2026-09-16T14:18:06.7270312-04:00,0,78,1.30014,16.8008,1724.26,1308.44,-201.000,0.000,11.3149,7.9608,-5.5591,Right,0,0,0,0,0.0000,450.000,0,0.000,0,127.500,71.914,4.500,0.0300,0.0000,0.00,shockwave,60,450;300;200;100;50,1.5,3,0.5,1,2,1,10,0,100,-10,5,250,40,5,250,60,1,8,11,0,0.06,4,0.556,50,8,5
56,1,60,FrameTimeStutter,5.000,shockwave,practice,2026-09-16T14:18:06.7270312-04:00,0,79,1.31702,16.8752,1320.55,1319.25,-224.000,6.000,7.2190,8.0705,-5.5591,Right,0,0,0,0,0.0000,450.000,0,0.000,0,127.500,71.914,4.500,0.0300,0.0000,0.00,shockwave,60,450;300;200;100;50,1.5,3,0.5,1,2,1,10,0,100,-10,5,250,40,5,250,60,1,8,11,0,0.06,4,0.556,50,8,5
56,1,60,FrameTimeStutter,5.000,shockwave,practice,2026-09-16T14:18:06.7270312-04:00,0,80,1.33298,15.9644,900.63,1331.87,-233.000,7.000,2.9586,8.1985,-5.5591,Right,0,0,0,0,0.0000,450.000,0,0.000,0,127.500,71.914,4.500,0.0300,0.0000,0.00,shockwave,60,450;300;200;100;50,1.5,3,0.5,1,2,1,10,0,100,-10,5,250,40,5,250,60,1,8,11,0,0.06,4,0.556,50,8,5
56,1,60,FrameTimeStutter,5.000,shockwave,practice,2026-09-16T14:18:06.7270312-04:00,0,81,1.34987,16.8871,514.94,1340.88,-214.000,5.000,-0.9545,8.2899,-5.5591,Right,0,0,0,0,0.0000,450.000,0,0.000,0,127.500,71.914,4.500,0.0300,0.0000,0.00,shockwave,60,450;300;200;100;50,1.5,3,0.5,1,2,1,10,0,100,-10,5,250,40,5,250,60,1,8,11,0,0.06,4,0.556,50,8,5
56,1,60,FrameTimeStutter,5.000,shockwave,practice,2026-09-16T14:18:06.7270312-04:00,0,82,1.36641,16.5395,212.17,1346.28,-168.000,3.000,-4.0264,8.3447,-5.5591,Right,0,0,0,0,0.0000,450.000,0,0.000,0,127.500,71.914,4.500,0.0300,0.0000,0.00,shockwave,60,450;300;200;100;50,1.5,3,0.5,1,2,1,10,0,100,-10,5,250,40,5,250,60,1,8,11,0,0.06,4,0.556,50,8,5
56,1,60,FrameTimeStutter,5.000,shockwave,practice,2026-09-16T14:18:06.7270312-04:00,0,83,1.38304,16.6319,42.75,1346.28,-94.000,0.000,-5.7452,8.3447,-5.5591,Right,0,0,0,0,0.0000,450.000,0,0.000,0,127.500,71.914,4.500,0.0300,0.0000,0.00,shockwave,60,450;300;200;100;50,1.5,3,0.5,1,2,1,10,0,100,-10,5,250,40,5,250,60,1,8,11,0,0.06,4,0.556,50,8,5
56,1,60,FrameTimeStutter,5.000,shockwave,practice,2026-09-16T14:18:06.7270312-04:00,0,84,1.40072,17.6772,48.16,1335.47,3.000,-6.000,-5.6904,8.2350,-5.5591,Right,0,0,0,0,0.0000,450.000,0,0.000,0,127.500,71.914,4.500,0.0300,0.0000,0.00,shockwave,60,450;300;200;100;50,1.5,3,0.5,1,2,1,10,0,100,-10,5,250,40,5,250,60,1,8,11,0,0.06,4,0.556,50,8,5
56,1,60,FrameTimeStutter,5.000,shockwave,practice,2026-09-16T14:18:06.7270312-04:00,0,85,1.41733,16.6060,176.12,1319.25,71.000,-9.000,-4.3921,8.0705,-5.5591,Right,0,0,0,0,0.0000,450.000,0,0.000,0,127.500,71.914,4.500,0.0300,0.0000,0.00,shockwave,60,450;300;200;100;50,1.5,3,0.5,1,2,1,10,0,100,-10,5,250,40,5,250,60,1,8,11,0,0.06,4,0.556,50,8,5
56,1,60,FrameTimeStutter,5.000,shockwave,practice,2026-09-16T14:18:06.7270312-04:00,0,86,1.43389,16.5646,450.06,1299.42,152.000,-11.000,-1.6128,7.8693,-5.5591,Right,0,0,0,0,0.0000,450.000,0,0.000,0,127.500,71.914,4.500,0.0300,0.0000,0.00,shockwave,60,450;300;200;100;50,1.5,3,0.5,1,2,1,10,0,100,-10,5,250,40,5,250,60,1,8,11,0,0.06,4,0.556,50,8,5
56,1,60,FrameTimeStutter,5.000,shockwave,practice,2026-09-16T14:18:06.7270312-04:00,0,87,1.44989,16.0019,823.13,1294.02,207.000,-3.000,2.1723,7.8144,-5.5591,Right,0,0,0,0,0.0000,450.000,0,0.000,0,127.500,71.914,4.500,0.0300,0.0000,0.00,shockwave,60,450;300;200;100;50,1.5,3,0.5,1,2,1,10,0,100,-10,5,250,40,5,250,60,1,8,11,0,0.06,4,0.556,50,8,5
56,1,60,FrameTimeStutter,5.000,shockwave,practice,2026-09-16T14:18:06.7270312-04:00,0,88,1.46714,17.2467,1226.83,1297.62,224.000,2.000,6.2682,7.8510,-5.5591,Right,0,0,0,0,0.0000,450.000,0,0.000,0,127.500,71.914,4.500,0.0300,0.0000,0.00,shockwave,60,450;300;200;100;50,1.5,3,0.5,1,2,1,10,0,100,-10,5,250,40,5,250,60,1,8,11,0,0.06,4,0.556,50,8,5
56,1,60,FrameTimeStutter,5.000,shockwave,practice,2026-09-16T14:18:06.7270312-04:00,0,89,1.48352,16.3781,1628.74,1303.03,223.000,3.000,10.3458,7.9059,-5.5591,Right,0,0,0,0,0.0000,450.000,0,0.000,0,127.500,71.914,4.500,0.0300,0.0000,0.00,shockwave,60,450;300;200;100;50,1.5,3,0.5,1,2,1,10,0,100,-10,5,250,40,5,250,60,1,8,11,0,0.06,4,0.556,50,8,5
56,1,60,FrameTimeStutter,5.000,shockwave,practice,2026-09-16T14:18:06.7270312-04:00,0,90,1.50016,16.6403,1951.34,1299.42,179.000,-2.000,13.6188,7.8693,-5.5591,Right,0,0,0,0,0.0000,450.000,0,0.000,0,127.500,71.914,4.500,0.0300,0.0000,0.00,shockwave,60,450;300;200;100;50,1.5,3,0.5,1,2,1,10,0,100,-10,5,250,40,5,250,60,1,8,11,0,0.06,4,0.556,50,8,5
56,1,60,FrameTimeStutter,5.000,shockwave,practice,2026-09-16T14:18:06.7270312-04:00,0,91,1.51718,17.0253,2151.39,1295.82,111.000,-2.000,15.6485,7.8327,-5.5591,Right,0,0,0,0,0.0000,450.000,0,0.000,0,127.500,71.914,4.500,0.0300,0.0000,0.00,shockwave,60,450;300;200;100;50,1.5,3,0.5,1,2,1,10,0,100,-10,5,250,40,5,250,60,1,8,11,0,0.06,4,0.556,50,8,5
56,1,60,FrameTimeStutter,5.000,shockwave,practice,2026-09-16T14:18:06.7270312-04:00,0,92,1.53303,15.8443,2221.68,1292.22,39.000,-2.000,16.3616,7.7961,-5.5591,Right,0,0,0,0,0.0000,450.000,0,0.000,0,127.500,71.914,4.500,0.0300,0.0000,0.00,shockwave,60,450;300;200;100;50,1.5,3,0.5,1,2,1,10,0,100,-10,5,250,40,5,250,60,1,8,11,0,0.06,4,0.556,50,8,5
56,1,60,FrameTimeStutter,5.000,shockwave,practice,2026-09-16T14:18:06.7270312-04:00,0,93,1.54995,16.9216,2205.46,1288.61,-9.000,-2.000,16.1971,7.7596,-5.5591,Right,0,0,0,0,0.0000,450.000,0,0.000,0,127.500,71.914,4.500,0.0300,0.0000,0.00,shockwave,60,450;300;200;100;50,1.5,3,0.5,1,2,1,10,0,100,-10,5,250,40,5,250,60,1,8,11,0,0.06,4,0.556,50,8,5
56,1,60,FrameTimeStutter,5.000,shockwave,practice,2026-09-16T14:18:06.7270312-04:00,0,94,1.56682,16.8683,2126.16,1276.00,-44.000,-7.000,15.3925,7.6316,-5.5591,Right,0,0,0,0,0.0000,450.000,0,0.000,0,127.500,71.914,4.500,0.0300,0.0000,0.00,shockwave,60,450;300;200;100;50,1.5,3,0.5,1,2,1,10,0,100,-10,5,250,40,5,250,60,1,8,11,0,0.06,4,0.556,50,8,5
56,1,60,FrameTimeStutter,5.000,shockwave,practice,2026-09-16T14:18:06.7270312-04:00,0,95,1.58345,16.6342,1969.36,1268.79,-87.000,-4.000,13.8017,7.5584,-5.5591,Right,0,0,0,0,0.0000,450.000,0,0.000,0,127.500,71.914,4.500,0.0300,0.0000,0.00,shockwave,60,450;300;200;100;50,1.5,3,0.5,1,2,1,10,0,100,-10,5,250,40,5,250,60,1,8,11,0,0.06,4,0.556,50,8,5
56,1,60,FrameTimeStutter,5.000,shockwave,practice,2026-09-16T14:18:06.7270312-04:00,0,96,1.60043,16.9832,1554.84,1272.39,-230.000,2.000,9.5961,7.5950,-5.5591,Right,0,0,0,0,0.0000,450.000,0,0.000,0,127.500,71.914,4.500,0.0300,0.0000,0.00,shockwave,60,450;300;200;100;50,1.5,3,0.5,1,2,1,10,0,100,-10,5,250,40,5,250,60,1,8,11,0,0.06,4,0.556,50,8,5
56,1,60,FrameTimeStutter,5.000,shockwave,practice,2026-09-16T14:18:06.7270312-04:00,0,97,1.61678,16.3491,1216.02,1285.01,-188.000,7.000,6.1585,7.7230,-5.5591,Right,0,0,0,0,0.0000,450.000,0,0.000,0,127.500,71.914,4.500,0.0300,0.0000,0.00,shockwave,60,450;300;200;100;50,1.5,3,0.5,1,2,1,10,0,100,-10,5,250,40,5,250,60,1,8,11,0,0.06,4,0.556,50,8,5
56,1,60,FrameTimeStutter,5.000,shockwave,practice,2026-09-16T14:18:06.7270312-04:00,0,98,1.63336,16.5793,871.79,1301.23,-191.000,9.000,2.6660,7.8875,-5.5591,Right,0,0,0,0,0.0000,450.000,0,0.000,0,127.500,71.914,4.500,0.0300,0.0000,0.00,shockwave,60,450;300;200;100;50,1.5,3,0.5,1,2,1,10,0,100,-10,5,250,40,5,250,60,1,8,11,0,0.06,4,0.556,50,8,5
56,1,60,FrameTimeStutter,5.000,shockwave,practice,2026-09-16T14:18:06.7270312-04:00,0,99,1.64957,16.2111,552.79,1313.84,-177.000,7.000,-0.5705,8.0155,-5.5591,Right,0,0,0,0,0.0000,450.000,0,0.000,0,127.500,71.914,4.500,0.0300,0.0000,0.00,shockwave,60,450;300;200;100;50,1.5,3,0.5,1,2,1,10,0,100,-10,5,250,40,5,250,60,1,8,11,0,0.06,4,0.556,50,8,5
56,1,60,FrameTimeStutter,5.000,shockwave,practice,2026-09-16T14:18:06.7270312-04:00,0,100,1.66637,16.7969,289.66,1326.46,-146.000,7.000,-3.2402,8.1435,-5.5591,Right,0,0,0,0,0.0000,450.000,0,0.000,0,127.500,71.914,4.500,0.0300,0.0000,0.00,shockwave,60,450;300;200;100;50,1.5,3,0.5,1,2,1,10,0,100,-10,5,250,40,5,250,60,1,8,11,0,0.06,4,0.556,50,8,5
56,1,60,FrameTimeStutter,5.000,shockwave,practice,2026-09-16T14:18:06.7270312-04:00,0,101,1.68359,17.2173,120.25,1331.87,-94.000,3.000,-4.9590,8.1984,-5.5591,Right,0,0,0,0,0.0000,450.000,0,0.000,0,127.500,71.914,4.500,0.0300,0.0000,0.00,shockwave,60,450;300;200;100;50,1.5,3,0.5,1,2,1,10,0,100,-10,5,250,40,5,250,60,1,8,11,0,0.06,4,0.556,50,8,5
56,1,60,FrameTimeStutter,5.000,shockwave,practice,2026-09-16T14:18:06.7270312-04:00,0,102,1.69982,16.2342,44.56,1335.47,-42.000,2.000,-5.7270,8.2349,-5.5591,Right,0,0,0,0,0.0000,450.000,0,0.000,0,127.500,71.914,4.500,0.0300,0.0000,0.00,shockwave,60,450;300;200;100;50,1.5,3,0.5,1,2,1,10,0,100,-10,5,250,40,5,250,60,1,8,11,0,0.06,4,0.556,50,8,5
56,1,60,FrameTimeStutter,5.000,shockwave,practice,2026-09-16T14:18:06.7270312-04:00,0,103,1.71709,17.2696,44.56,1335.47,0.000,0.000,-5.7270,8.2349,-5.5591,Right,0,0,0,0,0.0000,450.000,0,0.000,0,127.500,71.914,4.500,0.0300,0.0000,0.00,shockwave,60,450;300;200;100;50,1.5,3,0.5,1,2,1,10,0,100,-10,5,250,40,5,250,60,1,8,11,0,0.06,4,0.556,50,8,5
56,1,60,FrameTimeStutter,5.000,shockwave,practice,2026-09-16T14:18:06.7270312-04:00,0,104,1.73304,15.9450,82.40,1337.27,21.000,1.000,-5.3430,8.2532,-5.5591,Right,0,0,0,0,0.0000,450.000,0,0.000,0,127.500,71.914,4.500,0.0300,0.0000,0.00,shockwave,60,450;300;200;100;50,1.5,3,0.5,1,2,1,10,0,100,-10,5,250,40,5,250,60,1,8,11,0,0.06,4,0.556,50,8,5
56,1,60,FrameTimeStutter,5.000,shockwave,practice,2026-09-16T14:18:06.7270312-04:00,0,105,1.75019,17.1550,176.12,1340.88,52.000,2.000,-4.3921,8.2898,-5.5591,Right,0,0,0,0,0.0000,450.000,0,0.000,0,127.500,71.914,4.500,0.0300,0.0000,0.00,shockwave,60,450;300;200;100;50,1.5,3,0.5,1,2,1,10,0,100,-10,5,250,40,5,250,60,1,8,11,0,0.06,4,0.556,50,8,5
56,1,60,FrameTimeStutter,5.000,shockwave,practice,2026-09-16T14:18:06.7270312-04:00,0,106,1.76698,16.7923,329.31,1344.48,85.000,2.000,-2.8379,8.3264,-5.5591,Right,0,0,0,0,0.0000,450.000,0,0.000,0,127.500,71.914,4.500,0.0300,0.0000,0.00,shockwave,60,450;300;200;100;50,1.5,3,0.5,1,2,1,10,0,100,-10,5,250,40,5,250,60,1,8,11,0,0.06,4,0.556,50,8,5
56,1,60,FrameTimeStutter,5.000,shockwave,practice,2026-09-16T14:18:06.7270312-04:00,0,107,1.78309,16.1023,522.15,1349.89,107.000,3.000,-0.8814,8.3812,-5.5591,Right,0,0,0,0,0.0000,450.000,0,0.000,0,127.500,71.914,4.500,0.0300,0.0000,0.00,shockwave,60,450;300;200;100;50,1.5,3,0.5,1,2,1,10,0,100,-10,5,250,40,5,250,60,1,8,11,0,0.06,4,0.556,50,8,5
56,1,60,FrameTimeStutter,5.000,shockwave,practice,2026-09-16T14:18:06.7270312-04:00,0,108,1.80015,17.0610,806.91,1357.10,158.000,4.000,2.0077,8.4543,-5.5591,Right,0,0,0,0,0.0000,450.000,0,0.000,0,127.500,71.914,4.500,0.0300,0.0000,0.00,shockwave,60,450;300;200;100;50,1.5,3,0.5,1,2,1,10,0,100,-10,5,250,40,5,250,60,1,8,11,0,0.06,4,0.556,50,8,5
56,1,60,FrameTimeStutter,5.000,shockwave,practice,2026-09-16T14:18:06.7270312-04:00,0,109,1.81732,17.1740,958.30,1353.49,84.000,-2.000,3.5437,8.4178,-5.5591,Right,0,0,0,0,0.0000,450.000,0,0.000,0,127.500,71.914,4.500,0.0300,0.0000,0.00,shockwave,60,450;300;200;100;50,1.5,3,0.5,1,2,1,10,0,100,-10,5,250,40,5,250,60,1,8,11,0,0.06,4,0.556,50,8,5
56,1,60,FrameTimeStutter,5.000,shockwave,practice,2026-09-16T14:18:06.7270312-04:00,0,110,1.83416,16.8432,1062.83,1344.48,58.000,-5.000,4.6042,8.3263,-5.5591,Right,0,0,0,0,0.0000,450.000,0,0.000,0,127.500,71.914,4.500,0.0300,0.0000,0.00,shockwave,60,450;300;200;100;50,1.5,3,0.5,1,2,1,10,0,100,-10,5,250,40,5,250,60,1,8,11,0,0.06,4,0.556,50,8,5
56,1,60,FrameTimeStutter,5.000,shockwave,practice,2026-09-16T14:18:06.7270312-04:00,0,111,1.84982,15.6617,1111.49,1337.27,27.000,-4.000,5.0979,8.2532,-5.5591,Right,0,0,0,0,0.0000,450.000,0,0.000,0,127.500,71.914,4.500,0.0300,0.0000,0.00,shockwave,60,450;300;200;100;50,1.5,3,0.5,1,2,1,10,0,100,-10,5,250,40,5,250,60,1,8,11,0,0.06,4,0.556,50,8,5
56,1,60,FrameTimeStutter,5.000,shockwave,practice,2026-09-16T14:18:06.7270312-04:00,0,112,1.86696,17.1352,1118.70,1333.67,4.000,-2.000,5.1711,8.2166,-5.5591,Right,0,0,0,0,0.0000,450.000,0,0.000,0,127.500,71.914,4.500,0.0300,0.0000,0.00,shockwave,60,450;300;200;100;50,1.5,3,0.5,1,2,1,10,0,100,-10,5,250,40,5,250,60,1,8,11,0,0.06,4,0.556,50,8,5
56,1,60,FrameTimeStutter,5.000,shockwave,practice,2026-09-16T14:18:06.7270312-04:00,0,113,1.88370,16.7349,1113.29,1330.06,-3.000,-2.000,5.1162,8.1800,-5.5591,Right,0,0,0,0,0.0000,450.000,1,450.014,0,127.500,71.914,4.500,0.0300,0.0000,0.00,shockwave,60,450;300;200;100;50,1.5,3,0.5,1,2,1,10,0,100,-10,5,250,40,5,250,60,1,8,11,0,0.06,4,0.556,50,8,5
56,1,60,FrameTimeStutter,5.000,shockwave,practice,2026-09-16T14:18:06.7270312-04:00,0,114,2.33843,454.7312,700.58,1279.60,-229.000,-28.000,0.9289,7.6680,-5.5591,Right,0,0,0,0,0.0000,450.000,0,0.000,1,127.500,71.914,4.500,0.0300,0.0000,0.00,shockwave,60,450;300;200;100;50,1.5,3,0.5,1,2,1,10,0,100,-10,5,250,40,5,250,60,1,8,11,0,0.06,4,0.556,50,8,5
56,1,60,FrameTimeStutter,5.000,shockwave,practice,2026-09-16T14:18:06.7270312-04:00,0,115,2.35424,15.8152,700.58,1279.60,0.000,0.000,0.9289,7.6680,-5.5591,Right,0,0,0,0,0.0000,450.000,0,0.000,1,127.500,71.914,4.500,0.0300,0.0000,0.00,shockwave,60,450;300;200;100;50,1.5,3,0.5,1,2,1,10,0,100,-10,5,250,40,5,250,60,1,8,11,0,0.06,4,0.556,50,8,5
56,1,60,FrameTimeStutter,5.000,shockwave,practice,2026-09-16T14:18:06.7270312-04:00,0,116,2.37082,16.5824,700.58,1279.60,0.000,0.000,0.9289,7.6680,-5.5591,Right,0,0,0,0,0.0000,450.000,0,0.000,1,127.500,71.914,4.500,0.0300,0.0000,0.00,shockwave,60,450;300;200;100;50,1.5,3,0.5,1,2,1,10,0,100,-10,5,250,40,5,250,60,1,8,11,0,0.06,4,0.556,50,8,5
56,1,60,FrameTimeStutter,5.000,shockwave,practice,2026-09-16T14:18:06.7270312-04:00,1,117,2.38720,16.3729,700.58,1279.60,0.000,0.000,0.9289,7.6680,-5.5591,Right,1,1,0,1,0.9289,300.000,0,0.000,0,127.500,71.914,4.500,0.0300,1.0000,100.00,shockwave,60,450;300;200;100;50,1.5,3,0.5,1,2,1,10,0,100,-10,5,250,40,5,250,60,1,8,11,0,0.06,4,0.556,50,8,5
56,1,60,FrameTimeStutter,5.000,shockwave,practice,2026-09-16T14:18:06.7270312-04:00,1,118,2.40865,21.4507,704.18,1279.60,2.000,0.000,0.9655,7.6684,-5.5591,Right,1,0,0,0,0.0000,300.000,0,0.000,0,127.500,71.914,4.500,0.0300,1.0000,100.00,shockwave,60,450;300;200;100;50,1.5,3,0.5,1,2,1,10,0,100,-10,5,250,40,5,250,60,1,8,11,0,0.06,4,0.556,50,8,5
56,1,60,FrameTimeStutter,5.000,shockwave,practice,2026-09-16T14:18:06.7270312-04:00,1,119,2.42470,16.0550,704.18,1279.60,0.000,0.000,0.9655,7.6684,-5.5591,Right,1,0,0,0,0.0000,300.000,0,0.000,0,127.500,71.914,4.500,0.0300,1.0000,100.00,shockwave,60,450;300;200;100;50,1.5,3,0.5,1,2,1,10,0,100,-10,5,250,40,5,250,60,1,8,11,0,0.06,4,0.556,50,8,5
56,1,60,FrameTimeStutter,5.000,shockwave,practice,2026-09-16T14:18:06.7270312-04:00,1,120,2.44131,16.6080,704.18,1279.60,0.000,0.000,0.9655,7.6684,-5.5591,Right,1,0,0,0,0.0000,300.000,0,0.000,0,127.500,71.914,4.500,0.0300,1.0000,100.00,shockwave,60,450;300;200;100;50,1.5,3,0.5,1,2,1,10,0,100,-10,5,250,40,5,250,60,1,8,11,0,0.06,4,0.556,50,8,5
56,1,60,FrameTimeStutter,5.000,shockwave,practice,2026-09-16T14:18:06.7270312-04:00,1,121,2.45803,16.7209,704.18,1279.60,0.000,0.000,0.9655,7.6684,-5.5591,Right,1,0,0,0,0.0000,300.000,0,0.000,0,127.500,71.914,4.500,0.0300,1.0000,100.00,shockwave,60,450;300;200;100;50,1.5,3,0.5,1,2,1,10,0,100,-10,5,250,40,5,250,60,1,8,11,0,0.06,4,0.556,50,8,5
56,1,60,FrameTimeStutter,5.000,shockwave,practice,2026-09-16T14:18:06.7270312-04:00,1,122,2.47488,16.8461,704.18,1279.60,0.000,0.000,0.9655,7.6684,-5.5591,Right,1,0,0,0,0.0000,300.000,0,0.000,0,127.500,71.914,4.500,0.0300,1.0000,100.00,shockwave,60,450;300;200;100;50,1.5,3,0.5,1,2,1,10,0,100,-10,5,250,40,5,250,60,1,8,11,0,0.06,4,0.556,50,8,5
56,1,60,FrameTimeStutter,5.000,shockwave,practice,2026-09-16T14:18:06.7270312-04:00,1,123,2.49196,17.0813,704.18,1279.60,0.000,0.000,0.9655,7.6684,-5.5591,Right,0,0,0,0,0.0000,300.000,0,0.000,0,127.500,71.914,4.500,0.0300,1.0000,100.00,shockwave,60,450;300;200;100;50,1.5,3,0.5,1,2,1,10,0,100,-10,5,250,40,5,250,60,1,8,11,0,0.06,4,0.556,50,8,5
56,1,60,FrameTimeStutter,5.000,shockwave,practice,2026-09-16T14:18:06.7270312-04:00,1,124,2.50802,16.0646,704.18,1279.60,0.000,0.000,0.9655,7.6684,-5.5591,Right,0,0,0,0,0.0000,300.000,0,0.000,0,127.500,71.914,4.500,0.0300,1.0000,100.00,shockwave,60,450;300;200;100;50,1.5,3,0.5,1,2,1,10,0,100,-10,5,250,40,5,250,60,1,8,11,0,0.06,4,0.556,50,8,5
56,1,60,FrameTimeStutter,5.000,shockwave,practice,2026-09-16T14:18:06.7270312-04:00,1,125,2.52506,17.0327,704.18,1279.60,0.000,0.000,0.9655,7.6684,-5.5591,Right,0,0,0,0,0.0000,300.000,0,0.000,0,127.500,71.914,4.500,0.0300,1.0000,100.00,shockwave,60,450;300;200;100;50,1.5,3,0.5,1,2,1,10,0,100,-10,5,250,40,5,250,60,1,8,11,0,0.06,4,0.556,50,8,5
56,1,60,FrameTimeStutter,5.000,shockwave,practice,2026-09-16T14:18:06.7270312-04:00,1,126,2.54115,16.0972,704.18,1279.60,0.000,0.000,0.9655,7.6684,-5.5591,Right,0,0,0,0,0.0000,300.000,0,0.000,0,127.500,71.914,4.500,0.0300,1.0000,100.00,shockwave,60,450;300;200;100;50,1.5,3,0.5,1,2,1,10,0,100,-10,5,250,40,5,250,60,1,8,11,0,0.06,4,0.556,50,8,5
56,1,60,FrameTimeStutter,5.000,shockwave,practice,2026-09-16T14:18:06.7270312-04:00,1,127,2.55787,16.7204,704.18,1279.60,0.000,0.000,0.9655,7.6684,-5.5591,Right,0,0,0,0,0.0000,300.000,0,0.000,0,127.500,71.914,4.500,0.0300,1.0000,100.00,shockwave,60,450;300;200;100;50,1.5,3,0.5,1,2,1,10,0,100,-10,5,250,40,5,250,60,1,8,11,0,0.06,4,0.556,50,8,5
56,1,60,FrameTimeStutter,5.000,shockwave,practice,2026-09-16T14:18:06.7270312-04:00,1,128,2.57451,16.6397,705.98,1279.60,1.000,0.000,0.9836,7.6702,-5.5591,Right,0,0,0,0,0.0000,300.000,0,0.000,0,127.500,71.914,4.500,0.0300,1.0000,100.00,shockwave,60,450;300;200;100;50,1.5,3,0.5,1,2,1,10,0,100,-10,5,250,40,5,250,60,1,8,11,0,0.06,4,0.556,50,8,5
56,1,60,FrameTimeStutter,5.000,shockwave,practice,2026-09-16T14:18:06.7270312-04:00,1,129,2.59124,16.7210,709.59,1281.40,2.000,1.000,1.0181,7.6922,-5.5591,Right,0,0,0,0,0.0000,300.000,0,0.000,0,127.500,71.914,4.500,0.0300,1.0000,100.00,shockwave,60,450;300;200;100;50,1.5,3,0.5,1,2,1,10,0,100,-10,5,250,40,5,250,60,1,8,11,0,0.06,4,0.556,50,8,5
56,1,60,FrameTimeStutter,5.000,shockwave,practice,2026-09-16T14:18:06.7270312-04:00,1,130,2.60774,16.5063,714.99,1285.01,3.000,2.000,1.0690,7.7341,-5.5591,Right,0,0,0,0,0.0000,300.000,0,0.000,0,127.500,71.914,4.500,0.0300,1.0000,100.00,shockwave,60,450;300;200;100;50,1.5,3,0.5,1,2,1,10,0,100,-10,5,250,40,5,250,60,1,8,11,0,0.06,4,0.556,50,8,5
56,1,60,FrameTimeStutter,5.000,shockwave,practice,2026-09-16T14:18:06.7270312-04:00,1,131,2.62517,17.4281,729.41,1285.01,8.000,0.000,1.2146,7.7485,-5.5591,Right,0,0,0,0,0.0000,300.000,0,0.000,0,127.500,71.914,4.500,0.0300,1.0000,100.00,shockwave,60,450;300;200;100;50,1.5,3,0.5,1,2,1,10,0,100,-10,5,250,40,5,250,60,1,8,11,0,0.06,4,0.556,50,8,5
56,1,60,FrameTimeStutter,5.000,shockwave,practice,2026-09-16T14:18:06.7270312-04:00,1,132,2.64304,17.8742,743.83,1285.01,8.000,0.000,1.3602,7.7619,-5.5591,Right,0,0,0,0,0.0000,300.000,0,0.000,0,127.500,71.914,4.500,0.0300,1.0000,100.00,shockwave,60,450;300;200;100;50,1.5,3,0.5,1,2,1,10,0,100,-10,5,250,40,5,250,60,1,8,11,0,0.06,4,0.556,50,8,5
56,1,60,FrameTimeStutter,5.000,shockwave,practice,2026-09-16T14:18:06.7270312-04:00,1,133,2.65800,14.9539,758.25,1285.01,8.000,0.000,1.5060,7.7740,-5.5591,Right,0,0,0,0,0.0000,300.000,0,0.000,0,127.500,71.914,4.500,0.0300,1.0000,100.00,shockwave,60,450;300;200;100;50,1.5,3,0.5,1,2,1,10,0,100,-10,5,250,40,5,250,60,1,8,11,0,0.06,4,0.556,50,8,5
56,1,60,FrameTimeStutter,5.000,shockwave,practice,2026-09-16T14:18:06.7270312-04:00,1,134,2.67484,16.8433,767.26,1285.01,5.000,0.000,1.5972,7.7808,-5.5591,Right,0,0,0,0,0.0000,300.000,0,0.000,0,127.500,71.914,4.500,0.0300,1.0000,100.00,shockwave,60,450;300;200;100;50,1.5,3,0.5,1,2,1,10,0,100,-10,5,250,40,5,250,60,1,8,11,0,0.06,4,0.556,50,8,5
56,1,60,FrameTimeStutter,5.000,shockwave,practice,2026-09-16T14:18:06.7270312-04:00,1,135,2.69110,16.2620,767.26,1285.01,0.000,0.000,1.5972,7.7808,-5.5591,Right,0,0,0,0,0.0000,300.000,0,0.000,0,127.500,71.914,4.500,0.0300,1.0000,100.00,shockwave,60,450;300;200;100;50,1.5,3,0.5,1,2,1,10,0,100,-10,5,250,40,5,250,60,1,8,11,0,0.06,4,0.556,50,8,5
56,1,60,FrameTimeStutter,5.000,shockwave,practice,2026-09-16T14:18:06.7270312-04:00,1,136,2.70806,16.9553,767.26,1285.01,0.000,0.000,1.5972,7.7808,-5.5591,Right,0,0,0,0,0.0000,300.000,0,0.000,0,127.500,71.914,4.500,0.0300,1.0000,100.00,shockwave,60,450;300;200;100;50,1.5,3,0.5,1,2,1,10,0,100,-10,5,250,40,5,250,60,1,8,11,0,0.06,4,0.556,50,8,5
56,1,60,FrameTimeStutter,5.000,shockwave,practice,2026-09-16T14:18:06.7270312-04:00,1,137,2.72475,16.6884,769.06,1285.01,1.000,0.000,1.6155,7.7818,-5.5591,Right,0,0,0,0,0.0000,300.000,0,0.000,0,127.500,71.914,4.500,0.0300,1.0000,100.00,shockwave,60,450;300;200;100;50,1.5,3,0.5,1,2,1,10,0,100,-10,5,250,40,5,250,60,1,8,11,0,0.06,4,0.556,50,8,5
56,1,60,FrameTimeStutter,5.000,shockwave,practice,2026-09-16T14:18:06.7270312-04:00,1,138,2.74165,16.9001,770.86,1285.01,1.000,0.000,1.6337,7.7826,-5.5591,Right,0,0,0,0,0.0000,300.000,0,0.000,0,127.500,71.914,4.500,0.0300,1.0000,100.00,shockwave,60,450;300;200;100;50,1.5,3,0.5,1,2,1,10,0,100,-10,5,250,40,5,250,60,1,8,11,0,0.06,4,0.556,50,8,5
56,1,60,FrameTimeStutter,5.000,shockwave,practice,2026-09-16T14:18:06.7270312-04:00,1,139,2.75810,16.4531,774.47,1285.01,2.000,0.000,1.6702,7.7843,-5.5591,Right,0,0,0,0,0.0000,300.000,0,0.000,0,127.500,71.914,4.500,0.0300,1.0000,100.00,shockwave,60,450;300;200;100;50,1.5,3,0.5,1,2,1,10,0,100,-10,5,250,40,5,250,60,1,8,11,0,0.06,4,0.556,50,8,5
56,1,60,FrameTimeStutter,5.000,shockwave,practice,2026-09-16T14:18:06.7270312-04:00,1,140,2.77496,16.8567,781.68,1285.01,4.000,0.000,1.7433,7.7874,-5.5591,Right,0,0,0,0,0.0000,300.000,0,0.000,0,127.500,71.914,4.500,0.0300,1.0000,100.00,shockwave,60,450;300;200;100;50,1.5,3,0.5,1,2,1,10,0,100,-10,5,250,40,5,250,60,1,8,11,0,0.06,4,0.556,50,8,5
56,1,60,FrameTimeStutter,5.000,shockwave,practice,2026-09-16T14:18:06.7270312-04:00,1,141,2.79331,18.3585,794.29,1286.81,7.000,1.000,1.8705,7.8108,-5.5591,Right,0,0,0,0,0.0000,300.000,0,0.000,0,127.500,71.914,4.500,0.0300,1.0000,100.00,shockwave,60,450;300;200;100;50,1.5,3,0.5,1,2,1,10,0,100,-10,5,250,40,5,250,60,1,8,11,0,0.06,4,0.556,50,8,5
56,1,60,FrameTimeStutter,5.000,shockwave,practice,2026-09-16T14:18:06.7270312-04:00,1,142,2.80876,15.4480,805.11,1288.61,6.000,1.000,1.9795,7.8328,-5.5591,Right,0,0,0,0,0.0000,300.000,0,0.000,0,127.500,71.914,4.500,0.0300,1.0000,100.00,shockwave,60,450;300;200;100;50,1.5,3,0.5,1,2,1,10,0,100,-10,5,250,40,5,250,60,1,8,11,0,0.06,4,0.556,50,8,5
56,1,60,FrameTimeStutter,5.000,shockwave,practice,2026-09-16T14:18:06.7270312-04:00,1,143,2.82454,15.7785,815.92,1288.61,6.000,0.000,2.0892,7.8358,-5.5591,Right,0,0,0,0,0.0000,300.000,0,0.000,0,127.500,71.914,4.500,0.0300,1.0000,100.00,shockwave,60,450;300;200;100;50,1.5,3,0.5,1,2,1,10,0,100,-10,5,250,40,5,250,60,1,8,11,0,0.06,4,0.556,50,8,5
56,1,60,FrameTimeStutter,5.000,shockwave,practice,2026-09-16T14:18:06.7270312-04:00,1,144,2.84141,16.8647,819.52,1288.61,2.000,0.000,2.1257,7.8366,-5.5591,Right,0,0,0,0,0.0000,300.000,0,0.000,0,127.500,71.914,4.500,0.0300,1.0000,100.00,shockwave,60,450;300;200;100;50,1.5,3,0.5,1,2,1,10,0,100,-10,5,250,40,5,250,60,1,8,11,0,0.06,4,0.556,50,8,5
56,1,60,FrameTimeStutter,5.000,shockwave,practice,2026-09-16T14:18:06.7270312-04:00,1,145,2.85767,16.2627,821.33,1288.61,1.000,0.000,2.1440,7.8367,-5.5591,Right,0,0,0,0,0.0000,300.000,0,0.000,0,127.500,71.914,4.500,0.0300,1.0000,100.00,shockwave,60,450;300;200;100;50,1.5,3,0.5,1,2,1,10,0,100,-10,5,250,40,5,250,60,1,8,11,0,0.06,4,0.556,50,8,5
56,1,60,FrameTimeStutter,5.000,shockwave,practice,2026-09-16T14:18:06.7270312-04:00,1,146,2.87494,17.2685,821.33,1288.61,0.000,0.000,2.1440,7.8367,-5.5591,Right,0,0,0,0,0.0000,300.000,0,0.000,0,127.500,71.914,4.500,0.0300,1.0000,100.00,shockwave,60,450;300;200;100;50,1.5,3,0.5,1,2,1,10,0,100,-10,5,250,40,5,250,60,1,8,11,0,0.06,4,0.556,50,8,5
56,1,60,FrameTimeStutter,5.000,shockwave,practice,2026-09-16T14:18:06.7270312-04:00,1,147,2.89167,16.7303,821.33,1288.61,0.000,0.000,2.1440,7.8367,-5.5591,Right,0,0,0,0,0.0000,300.000,0,0.000,0,127.500,71.914,4.500,0.0300,1.0000,100.00,shockwave,60,450;300;200;100;50,1.5,3,0.5,1,2,1,10,0,100,-10,5,250,40,5,250,60,1,8,11,0,0.06,4,0.556,50,8,5
56,1,60,FrameTimeStutter,5.000,shockwave,practice,2026-09-16T14:18:06.7270312-04:00,1,148,2.90823,16.5610,821.33,1288.61,0.000,0.000,2.1440,7.8367,-5.5591,Right,0,0,0,0,0.0000,300.000,0,0.000,0,127.500,71.914,4.500,0.0300,1.0000,100.00,shockwave,60,450;300;200;100;50,1.5,3,0.5,1,2,1,10,0,100,-10,5,250,40,5,250,60,1,8,11,0,0.06,4,0.556,50,8,5
56,1,60,FrameTimeStutter,5.000,shockwave,practice,2026-09-16T14:18:06.7270312-04:00,1,149,2.92480,16.5707,821.33,1288.61,0.000,0.000,2.1440,7.8367,-5.5591,Right,0,0,0,0,0.0000,300.000,0,0.000,0,127.500,71.914,4.500,0.0300,1.0000,100.00,shockwave,60,450;300;200;100;50,1.5,3,0.5,1,2,1,10,0,100,-10,5,250,40,5,250,60,1,8,11,0,0.06,4,0.556,50,8,5
56,1,60,FrameTimeStutter,5.000,shockwave,practice,2026-09-16T14:18:06.7270312-04:00,1,150,2.94144,16.6365,821.33,1288.61,0.000,0.000,2.1440,7.8367,-5.5591,Right,0,0,0,0,0.0000,300.000,0,0.000,0,127.500,71.914,4.500,0.0300,1.0000,100.00,shockwave,60,450;300;200;100;50,1.5,3,0.5,1,2,1,10,0,100,-10,5,250,40,5,250,60,1,8,11,0,0.06,4,0.556,50,8,5
56,1,60,FrameTimeStutter,5.000,shockwave,practice,2026-09-16T14:18:06.7270312-04:00,1,151,2.95772,16.2854,821.33,1288.61,0.000,0.000,2.1440,7.8367,-5.5591,Right,0,0,0,0,0.0000,300.000,0,0.000,0,127.500,71.914,4.500,0.0300,1.0000,100.00,shockwave,60,450;300;200;100;50,1.5,3,0.5,1,2,1,10,0,100,-10,5,250,40,5,250,60,1,8,11,0,0.06,4,0.556,50,8,5
56,1,60,FrameTimeStutter,5.000,shockwave,practice,2026-09-16T14:18:06.7270312-04:00,1,152,2.97501,17.2921,821.33,1288.61,0.000,0.000,2.1440,7.8367,-5.5591,Right,0,0,0,0,0.0000,300.000,0,0.000,0,127.500,71.914,4.500,0.0300,1.0000,100.00,shockwave,60,450;300;200;100;50,1.5,3,0.5,1,2,1,10,0,100,-10,5,250,40,5,250,60,1,8,11,0,0.06,4,0.556,50,8,5
56,1,60,FrameTimeStutter,5.000,shockwave,practice,2026-09-16T14:18:06.7270312-04:00,1,153,2.99147,16.4566,821.33,1290.41,0.000,1.000,2.1446,7.8550,-5.5591,Right,0,0,0,0,0.0000,300.000,0,0.000,0,127.500,71.914,4.500,0.0300,1.0000,100.00,shockwave,60,450;300;200;100;50,1.5,3,0.5,1,2,1,10,0,100,-10,5,250,40,5,250,60,1,8,11,0,0.06,4,0.556,50,8,5
56,1,60,FrameTimeStutter,5.000,shockwave,practice,2026-09-16T14:18:06.7270312-04:00,1,154,3.00782,16.3463,821.33,1290.41,0.000,0.000,2.1446,7.8550,-5.5591,Right,0,0,0,0,0.0000,300.000,0,0.000,0,127.500,71.914,4.500,0.0300,1.0000,100.00,shockwave,60,450;300;200;100;50,1.5,3,0.5,1,2,1,10,0,100,-10,5,250,40,5,250,60,1,8,11,0,0.06,4,0.556,50,8,5
56,1,60,FrameTimeStutter,5.000,shockwave,practice,2026-09-16T14:18:06.7270312-04:00,1,155,3.02518,17.3597,821.33,1290.41,0.000,0.000,2.1446,7.8550,-5.5591,Right,0,0,0,0,0.0000,300.000,0,0.000,0,127.500,71.914,4.500,0.0300,1.0000,100.00,shockwave,60,450;300;200;100;50,1.5,3,0.5,1,2,1,10,0,100,-10,5,250,40,5,250,60,1,8,11,0,0.06,4,0.556,50,8,5
56,1,60,FrameTimeStutter,5.000,shockwave,practice,2026-09-16T14:18:06.7270312-04:00,1,156,3.04138,16.2047,821.33,1290.41,0.000,0.000,2.1446,7.8550,-5.5591,Right,0,0,0,0,0.0000,300.000,0,0.000,0,127.500,71.914,4.500,0.0300,1.0000,100.00,shockwave,60,450;300;200;100;50,1.5,3,0.5,1,2,1,10,0,100,-10,5,250,40,5,250,60,1,8,11,0,0.06,4,0.556,50,8,5
56,1,60,FrameTimeStutter,5.000,shockwave,practice,2026-09-16T14:18:06.7270312-04:00,1,157,3.05834,16.9636,821.33,1290.41,0.000,0.000,2.1446,7.8550,-5.5591,Right,0,0,0,0,0.0000,300.000,0,0.000,0,127.500,71.914,4.500,0.0300,1.0000,100.00,shockwave,60,450;300;200;100;50,1.5,3,0.5,1,2,1,10,0,100,-10,5,250,40,5,250,60,1,8,11,0,0.06,4,0.556,50,8,5
56,1,60,FrameTimeStutter,5.000,shockwave,practice,2026-09-16T14:18:06.7270312-04:00,1,158,3.07471,16.3625,821.33,1290.41,0.000,0.000,2.1446,7.8550,-5.5591,Right,0,0,0,0,0.0000,300.000,0,0.000,0,127.500,71.914,4.500,0.0300,1.0000,100.00,shockwave,60,450;300;200;100;50,1.5,3,0.5,1,2,1,10,0,100,-10,5,250,40,5,250,60,1,8,11,0,0.06,4,0.556,50,8,5
56,1,60,FrameTimeStutter,5.000,shockwave,practice,2026-09-16T14:18:06.7270312-04:00,1,159,3.09167,16.9682,821.33,1290.41,0.000,0.000,2.1446,7.8550,-5.5591,Right,0,0,0,0,0.0000,300.000,0,0.000,0,127.500,71.914,4.500,0.0300,1.0000,100.00,shockwave,60,450;300;200;100;50,1.5,3,0.5,1,2,1,10,0,100,-10,5,250,40,5,250,60,1,8,11,0,0.06,4,0.556,50,8,5
56,1,60,FrameTimeStutter,5.000,shockwave,practice,2026-09-16T14:18:06.7270312-04:00,1,160,3.10769,16.0187,821.33,1290.41,0.000,0.000,2.1446,7.8550,-5.5591,Right,0,0,0,0,0.0000,300.000,0,0.000,0,127.500,71.914,4.500,0.0300,1.0000,100.00,shockwave,60,450;300;200;100;50,1.5,3,0.5,1,2,1,10,0,100,-10,5,250,40,5,250,60,1,8,11,0,0.06,4,0.556,50,8,5
56,1,60,FrameTimeStutter,5.000,shockwave,practice,2026-09-16T14:18:06.7270312-04:00,1,161,3.12457,16.8804,821.33,1290.41,0.000,0.000,2.1446,7.8550,-5.5591,Right,0,0,0,0,0.0000,300.000,0,0.000,0,127.500,71.914,4.500,0.0300,1.0000,100.00,shockwave,60,450;300;200;100;50,1.5,3,0.5,1,2,1,10,0,100,-10,5,250,40,5,250,60,1,8,11,0,0.06,4,0.556,50,8,5
56,1,60,FrameTimeStutter,5.000,shockwave,practice,2026-09-16T14:18:06.7270312-04:00,1,162,3.14163,17.0601,821.33,1290.41,0.000,0.000,2.1446,7.8550,-5.5591,Right,0,0,0,0,0.0000,300.000,0,0.000,0,127.500,71.914,4.500,0.0300,1.0000,100.00,shockwave,60,450;300;200;100;50,1.5,3,0.5,1,2,1,10,0,100,-10,5,250,40,5,250,60,1,8,11,0,0.06,4,0.556,50,8,5
56,1,60,FrameTimeStutter,5.000,shockwave,practice,2026-09-16T14:18:06.7270312-04:00,1,163,3.15778,16.1475,821.33,1290.41,0.000,0.000,2.1446,7.8550,-5.5591,Right,0,0,0,0,0.0000,300.000,0,0.000,0,127.500,71.914,4.500,0.0300,1.0000,100.00,shockwave,60,450;300;200;100;50,1.5,3,0.5,1,2,1,10,0,100,-10,5,250,40,5,250,60,1,8,11,0,0.06,4,0.556,50,8,5
56,1,60,FrameTimeStutter,5.000,shockwave,practice,2026-09-16T14:18:06.7270312-04:00,1,164,3.17501,17.2336,821.33,1290.41,0.000,0.000,2.1446,7.8550,-5.5591,Right,0,0,0,0,0.0000,300.000,0,0.000,0,127.500,71.914,4.500,0.0300,1.0000,100.00,shockwave,60,450;300;200;100;50,1.5,3,0.5,1,2,1,10,0,100,-10,5,250,40,5,250,60,1,8,11,0,0.06,4,0.556,50,8,5
56,1,60,FrameTimeStutter,5.000,shockwave,practice,2026-09-16T14:18:06.7270312-04:00,1,165,3.19120,16.1846,821.33,1290.41,0.000,0.000,2.1446,7.8550,-5.5591,Right,0,0,0,0,0.0000,300.000,0,0.000,0,127.500,71.914,4.500,0.0300,1.0000,100.00,shockwave,60,450;300;200;100;50,1.5,3,0.5,1,2,1,10,0,100,-10,5,250,40,5,250,60,1,8,11,0,0.06,4,0.556,50,8,5
56,1,60,FrameTimeStutter,5.000,shockwave,practice,2026-09-16T14:18:06.7270312-04:00,1,166,3.20846,17.2644,821.33,1290.41,0.000,0.000,2.1446,7.8550,-5.5591,Right,0,0,0,0,0.0000,300.000,0,0.000,0,127.500,71.914,4.500,0.0300,1.0000,100.00,shockwave,60,450;300;200;100;50,1.5,3,0.5,1,2,1,10,0,100,-10,5,250,40,5,250,60,1,8,11,0,0.06,4,0.556,50,8,5
56,1,60,FrameTimeStutter,5.000,shockwave,practice,2026-09-16T14:18:06.7270312-04:00,1,167,3.22487,16.4026,821.33,1290.41,0.000,0.000,2.1446,7.8550,-5.5591,Right,0,0,0,0,0.0000,300.000,0,0.000,0,127.500,71.914,4.500,0.0300,1.0000,100.00,shockwave,60,450;300;200;100;50,1.5,3,0.5,1,2,1,10,0,100,-10,5,250,40,5,250,60,1,8,11,0,0.06,4,0.556,50,8,5
56,1,60,FrameTimeStutter,5.000,shockwave,practice,2026-09-16T14:18:06.7270312-04:00,1,168,3.24134,16.4781,821.33,1290.41,0.000,0.000,2.1446,7.8550,-5.5591,Right,0,0,0,0,0.0000,300.000,0,0.000,0,127.500,71.914,4.500,0.0300,1.0000,100.00,shockwave,60,450;300;200;100;50,1.5,3,0.5,1,2,1,10,0,100,-10,5,250,40,5,250,60,1,8,11,0,0.06,4,0.556,50,8,5
56,1,60,FrameTimeStutter,5.000,shockwave,practice,2026-09-16T14:18:06.7270312-04:00,1,169,3.25829,16.9469,821.33,1290.41,0.000,0.000,2.1446,7.8550,-5.5591,Right,0,0,0,0,0.0000,300.000,0,0.000,0,127.500,71.914,4.500,0.0300,1.0000,100.00,shockwave,60,450;300;200;100;50,1.5,3,0.5,1,2,1,10,0,100,-10,5,250,40,5,250,60,1,8,11,0,0.06,4,0.556,50,8,5
56,1,60,FrameTimeStutter,5.000,shockwave,practice,2026-09-16T14:18:06.7270312-04:00,1,170,3.27446,16.1700,821.33,1290.41,0.000,0.000,2.1446,7.8550,-5.5591,Right,0,0,0,0,0.0000,300.000,0,0.000,0,127.500,71.914,4.500,0.0300,1.0000,100.00,shockwave,60,450;300;200;100;50,1.5,3,0.5,1,2,1,10,0,100,-10,5,250,40,5,250,60,1,8,11,0,0.06,4,0.556,50,8,5
56,1,60,FrameTimeStutter,5.000,shockwave,practice,2026-09-16T14:18:06.7270312-04:00,1,171,3.29159,17.1242,821.33,1290.41,0.000,0.000,2.1446,7.8550,-5.5591,Right,0,0,0,0,0.0000,300.000,0,0.000,0,127.500,71.914,4.500,0.0300,1.0000,100.00,shockwave,60,450;300;200;100;50,1.5,3,0.5,1,2,1,10,0,100,-10,5,250,40,5,250,60,1,8,11,0,0.06,4,0.556,50,8,5
56,1,60,FrameTimeStutter,5.000,shockwave,practice,2026-09-16T14:18:06.7270312-04:00,1,172,3.30814,16.5519,821.33,1290.41,0.000,0.000,2.1446,7.8550,-5.5591,Right,0,0,0,0,0.0000,300.000,0,0.000,0,127.500,71.914,4.500,0.0300,1.0000,100.00,shockwave,60,450;300;200;100;50,1.5,3,0.5,1,2,1,10,0,100,-10,5,250,40,5,250,60,1,8,11,0,0.06,4,0.556,50,8,5
56,1,60,FrameTimeStutter,5.000,shockwave,practice,2026-09-16T14:18:06.7270312-04:00,1,173,3.32460,16.4587,821.33,1290.41,0.000,0.000,2.1446,7.8550,-5.5591,Right,0,0,0,0,0.0000,300.000,0,0.000,0,127.500,71.914,4.500,0.0300,1.0000,100.00,shockwave,60,450;300;200;100;50,1.5,3,0.5,1,2,1,10,0,100,-10,5,250,40,5,250,60,1,8,11,0,0.06,4,0.556,50,8,5
56,1,60,FrameTimeStutter,5.000,shockwave,practice,2026-09-16T14:18:06.7270312-04:00,1,174,3.34136,16.7653,821.33,1290.41,0.000,0.000,2.1446,7.8550,-5.5591,Right,0,0,0,0,0.0000,300.000,0,0.000,0,127.500,71.914,4.500,0.0300,1.0000,100.00,shockwave,60,450;300;200;100;50,1.5,3,0.5,1,2,1,10,0,100,-10,5,250,40,5,250,60,1,8,11,0,0.06,4,0.556,50,8,5
56,1,60,FrameTimeStutter,5.000,shockwave,practice,2026-09-16T14:18:06.7270312-04:00,1,175,3.35770,16.3410,821.33,1290.41,0.000,0.000,2.1446,7.8550,-5.5591,Right,0,0,0,0,0.0000,300.000,0,0.000,0,127.500,71.914,4.500,0.0300,1.0000,100.00,shockwave,60,450;300;200;100;50,1.5,3,0.5,1,2,1,10,0,100,-10,5,250,40,5,250,60,1,8,11,0,0.06,4,0.556,50,8,5
56,1,60,FrameTimeStutter,5.000,shockwave,practice,2026-09-16T14:18:06.7270312-04:00,1,176,3.37500,17.3019,821.33,1290.41,0.000,0.000,2.1446,7.8550,-5.5591,Right,0,0,0,0,0.0000,300.000,0,0.000,0,127.500,71.914,4.500,0.0300,1.0000,100.00,shockwave,60,450;300;200;100;50,1.5,3,0.5,1,2,1,10,0,100,-10,5,250,40,5,250,60,1,8,11,0,0.06,4,0.556,50,8,5
56,1,60,FrameTimeStutter,5.000,shockwave,practice,2026-09-16T14:18:06.7270312-04:00,1,177,3.39118,16.1771,821.33,1290.41,0.000,0.000,2.1446,7.8550,-5.5591,Right,0,0,0,0,0.0000,300.000,0,0.000,0,127.500,71.914,4.500,0.0300,1.0000,100.00,shockwave,60,450;300;200;100;50,1.5,3,0.5,1,2,1,10,0,100,-10,5,250,40,5,250,60,1,8,11,0,0.06,4,0.556,50,8,5
56,1,60,FrameTimeStutter,5.000,shockwave,practice,2026-09-16T14:18:06.7270312-04:00,1,178,3.40793,16.7444,821.33,1290.41,0.000,0.000,2.1446,7.8550,-5.5591,Right,0,0,0,0,0.0000,300.000,0,0.000,0,127.500,71.914,4.500,0.0300,1.0000,100.00,shockwave,60,450;300;200;100;50,1.5,3,0.5,1,2,1,10,0,100,-10,5,250,40,5,250,60,1,8,11,0,0.06,4,0.556,50,8,5
56,1,60,FrameTimeStutter,5.000,shockwave,practice,2026-09-16T14:18:06.7270312-04:00,1,179,3.42487,16.9411,821.33,1290.41,0.000,0.000,2.1446,7.8550,-5.5591,Right,0,0,0,0,0.0000,300.000,0,0.000,0,127.500,71.914,4.500,0.0300,1.0000,100.00,shockwave,60,450;300;200;100;50,1.5,3,0.5,1,2,1,10,0,100,-10,5,250,40,5,250,60,1,8,11,0,0.06,4,0.556,50,8,5
56,1,60,FrameTimeStutter,5.000,shockwave,practice,2026-09-16T14:18:06.7270312-04:00,1,180,3.44102,16.1553,821.33,1290.41,0.000,0.000,2.1446,7.8550,-5.5591,Right,0,0,0,0,0.0000,300.000,0,0.000,0,127.500,71.914,4.500,0.0300,1.0000,100.00,shockwave,60,450;300;200;100;50,1.5,3,0.5,1,2,1,10,0,100,-10,5,250,40,5,250,60,1,8,11,0,0.06,4,0.556,50,8,5
56,1,60,FrameTimeStutter,5.000,shockwave,practice,2026-09-16T14:18:06.7270312-04:00,1,181,3.45792,16.8975,821.33,1290.41,0.000,0.000,2.1446,7.8550,-5.5591,Right,0,0,0,0,0.0000,300.000,0,0.000,0,127.500,71.914,4.500,0.0300,1.0000,100.00,shockwave,60,450;300;200;100;50,1.5,3,0.5,1,2,1,10,0,100,-10,5,250,40,5,250,60,1,8,11,0,0.06,4,0.556,50,8,5
56,1,60,FrameTimeStutter,5.000,shockwave,practice,2026-09-16T14:18:06.7270312-04:00,1,182,3.47482,16.9028,821.33,1290.41,0.000,0.000,2.1446,7.8550,-5.5591,Right,0,0,0,0,0.0000,300.000,0,0.000,0,127.500,71.914,4.500,0.0300,1.0000,100.00,shockwave,60,450;300;200;100;50,1.5,3,0.5,1,2,1,10,0,100,-10,5,250,40,5,250,60,1,8,11,0,0.06,4,0.556,50,8,5
56,1,60,FrameTimeStutter,5.000,shockwave,practice,2026-09-16T14:18:06.7270312-04:00,1,183,3.49158,16.7544,821.33,1290.41,0.000,0.000,2.1446,7.8550,-5.5591,Right,0,0,0,0,0.0000,300.000,0,0.000,0,127.500,71.914,4.500,0.0300,1.0000,100.00,shockwave,60,450;300;200;100;50,1.5,3,0.5,1,2,1,10,0,100,-10,5,250,40,5,250,60,1,8,11,0,0.06,4,0.556,50,8,5
56,1,60,FrameTimeStutter,5.000,shockwave,practice,2026-09-16T14:18:06.7270312-04:00,1,184,3.50825,16.6683,821.33,1290.41,0.000,0.000,2.1446,7.8550,-5.5591,Right,0,0,0,0,0.0000,300.000,0,0.000,0,127.500,71.914,4.500,0.0300,1.0000,100.00,shockwave,60,450;300;200;100;50,1.5,3,0.5,1,2,1,10,0,100,-10,5,250,40,5,250,60,1,8,11,0,0.06,4,0.556,50,8,5
56,1,60,FrameTimeStutter,5.000,shockwave,practice,2026-09-16T14:18:06.7270312-04:00,1,185,3.52500,16.7519,821.33,1290.41,0.000,0.000,2.1446,7.8550,-5.5591,Right,0,0,0,0,0.0000,300.000,0,0.000,0,127.500,71.914,4.500,0.0300,1.0000,100.00,shockwave,60,450;300;200;100;50,1.5,3,0.5,1,2,1,10,0,100,-10,5,250,40,5,250,60,1,8,11,0,0.06,4,0.556,50,8,5
56,1,60,FrameTimeStutter,5.000,shockwave,practice,2026-09-16T14:18:06.7270312-04:00,1,186,3.54158,16.5815,821.33,1290.41,0.000,0.000,2.1446,7.8550,-5.5591,Right,0,0,0,0,0.0000,300.000,0,0.000,0,127.500,71.914,4.500,0.0300,1.0000,100.00,shockwave,60,450;300;200;100;50,1.5,3,0.5,1,2,1,10,0,100,-10,5,250,40,5,250,60,1,8,11,0,0.06,4,0.556,50,8,5
56,1,60,FrameTimeStutter,5.000,shockwave,practice,2026-09-16T14:18:06.7270312-04:00,1,187,3.55793,16.3525,821.33,1290.41,0.000,0.000,2.1446,7.8550,-5.5591,Right,0,0,0,0,0.0000,300.000,0,0.000,0,127.500,71.914,4.500,0.0300,1.0000,100.00,shockwave,60,450;300;200;100;50,1.5,3,0.5,1,2,1,10,0,100,-10,5,250,40,5,250,60,1,8,11,0,0.06,4,0.556,50,8,5
56,1,60,FrameTimeStutter,5.000,shockwave,practice,2026-09-16T14:18:06.7270312-04:00,1,188,3.57510,17.1736,821.33,1290.41,0.000,0.000,2.1446,7.8550,-5.5591,Right,0,0,0,0,0.0000,300.000,0,0.000,0,127.500,71.914,4.500,0.0300,1.0000,100.00,shockwave,60,450;300;200;100;50,1.5,3,0.5,1,2,1,10,0,100,-10,5,250,40,5,250,60,1,8,11,0,0.06,4,0.556,50,8,5
56,1,60,FrameTimeStutter,5.000,shockwave,practice,2026-09-16T14:18:06.7270312-04:00,1,189,3.59137,16.2682,821.33,1290.41,0.000,0.000,2.1446,7.8550,-5.5591,Right,0,0,0,0,0.0000,300.000,0,0.000,0,127.500,71.914,4.500,0.0300,1.0000,100.00,shockwave,60,450;300;200;100;50,1.5,3,0.5,1,2,1,10,0,100,-10,5,250,40,5,250,60,1,8,11,0,0.06,4,0.556,50,8,5
56,1,60,FrameTimeStutter,5.000,shockwave,practice,2026-09-16T14:18:06.7270312-04:00,1,190,3.60803,16.6520,821.33,1290.41,0.000,0.000,2.1446,7.8550,-5.5591,Right,0,0,0,0,0.0000,300.000,0,0.000,0,127.500,71.914,4.500,0.0300,1.0000,100.00,shockwave,60,450;300;200;100;50,1.5,3,0.5,1,2,1,10,0,100,-10,5,250,40,5,250,60,1,8,11,0,0.06,4,0.556,50,8,5
56,1,60,FrameTimeStutter,5.000,shockwave,practice,2026-09-16T14:18:06.7270312-04:00,1,191,3.62519,17.1599,821.33,1290.41,0.000,0.000,2.1446,7.8550,-5.5591,Right,0,0,0,0,0.0000,300.000,0,0.000,0,127.500,71.914,4.500,0.0300,1.0000,100.00,shockwave,60,450;300;200;100;50,1.5,3,0.5,1,2,1,10,0,100,-10,5,250,40,5,250,60,1,8,11,0,0.06,4,0.556,50,8,5
56,1,60,FrameTimeStutter,5.000,shockwave,practice,2026-09-16T14:18:06.7270312-04:00,1,192,3.64169,16.5040,821.33,1290.41,0.000,0.000,2.1446,7.8550,-5.5591,Right,0,0,0,0,0.0000,300.000,0,0.000,0,127.500,71.914,4.500,0.0300,1.0000,100.00,shockwave,60,450;300;200;100;50,1.5,3,0.5,1,2,1,10,0,100,-10,5,250,40,5,250,60,1,8,11,0,0.06,4,0.556,50,8,5
56,1,60,FrameTimeStutter,5.000,shockwave,practice,2026-09-16T14:18:06.7270312-04:00,1,193,3.65799,16.3023,821.33,1290.41,0.000,0.000,2.1446,7.8550,-5.5591,Right,0,0,0,0,0.0000,300.000,0,0.000,0,127.500,71.914,4.500,0.0300,1.0000,100.00,shockwave,60,450;300;200;100;50,1.5,3,0.5,1,2,1,10,0,100,-10,5,250,40,5,250,60,1,8,11,0,0.06,4,0.556,50,8,5
56,1,60,FrameTimeStutter,5.000,shockwave,practice,2026-09-16T14:18:06.7270312-04:00,1,194,3.67488,16.8859,821.33,1290.41,0.000,0.000,2.1446,7.8550,-5.5591,Right,0,0,0,0,0.0000,300.000,0,0.000,0,127.500,71.914,4.500,0.0300,1.0000,100.00,shockwave,60,450;300;200;100;50,1.5,3,0.5,1,2,1,10,0,100,-10,5,250,40,5,250,60,1,8,11,0,0.06,4,0.556,50,8,5
56,1,60,FrameTimeStutter,5.000,shockwave,practice,2026-09-16T14:18:06.7270312-04:00,1,195,3.69103,16.1553,821.33,1290.41,0.000,0.000,2.1446,7.8550,-5.5591,Right,0,0,0,0,0.0000,300.000,0,0.000,0,127.500,71.914,4.500,0.0300,1.0000,100.00,shockwave,60,450;300;200;100;50,1.5,3,0.5,1,2,1,10,0,100,-10,5,250,40,5,250,60,1,8,11,0,0.06,4,0.556,50,8,5
56,1,60,FrameTimeStutter,5.000,shockwave,practice,2026-09-16T14:18:06.7270312-04:00,1,196,3.70807,17.0344,821.33,1290.41,0.000,0.000,2.1446,7.8550,-5.5591,Right,0,0,0,0,0.0000,300.000,0,0.000,0,127.500,71.914,4.500,0.0300,1.0000,100.00,shockwave,60,450;300;200;100;50,1.5,3,0.5,1,2,1,10,0,100,-10,5,250,40,5,250,60,1,8,11,0,0.06,4,0.556,50,8,5
56,1,60,FrameTimeStutter,5.000,shockwave,practice,2026-09-16T14:18:06.7270312-04:00,1,197,3.72442,16.3551,821.33,1290.41,0.000,0.000,2.1446,7.8550,-5.5591,Right,0,0,0,0,0.0000,300.000,0,0.000,0,127.500,71.914,4.500,0.0300,1.0000,100.00,shockwave,60,450;300;200;100;50,1.5,3,0.5,1,2,1,10,0,100,-10,5,250,40,5,250,60,1,8,11,0,0.06,4,0.556,50,8,5
56,1,60,FrameTimeStutter,5.000,shockwave,practice,2026-09-16T14:18:06.7270312-04:00,1,198,3.74171,17.2913,821.33,1290.41,0.000,0.000,2.1446,7.8550,-5.5591,Right,0,0,0,0,0.0000,300.000,0,0.000,0,127.500,71.914,4.500,0.0300,1.0000,100.00,shockwave,60,450;300;200;100;50,1.5,3,0.5,1,2,1,10,0,100,-10,5,250,40,5,250,60,1,8,11,0,0.06,4,0.556,50,8,5
56,1,60,FrameTimeStutter,5.000,shockwave,practice,2026-09-16T14:18:06.7270312-04:00,1,199,3.75776,16.0475,821.33,1290.41,0.000,0.000,2.1446,7.8550,-5.5591,Right,0,0,0,0,0.0000,300.000,0,0.000,0,127.500,71.914,4.500,0.0300,1.0000,100.00,shockwave,60,450;300;200;100;50,1.5,3,0.5,1,2,1,10,0,100,-10,5,250,40,5,250,60,1,8,11,0,0.06,4,0.556,50,8,5
56,1,60,FrameTimeStutter,5.000,shockwave,practice,2026-09-16T14:18:06.7270312-04:00,1,200,3.77475,16.9878,821.33,1290.41,0.000,0.000,2.1446,7.8550,-5.5591,Right,0,0,0,0,0.0000,300.000,0,0.000,0,127.500,71.914,4.500,0.0300,1.0000,100.00,shockwave,60,450;300;200;100;50,1.5,3,0.5,1,2,1,10,0,100,-10,5,250,40,5,250,60,1,8,11,0,0.06,4,0.556,50,8,5
56,1,60,FrameTimeStutter,5.000,shockwave,practice,2026-09-16T14:18:06.7270312-04:00,1,201,3.79107,16.3247,821.33,1290.41,0.000,0.000,2.1446,7.8550,-5.5591,Right,0,0,0,0,0.0000,300.000,0,0.000,0,127.500,71.914,4.500,0.0300,1.0000,100.00,shockwave,60,450;300;200;100;50,1.5,3,0.5,1,2,1,10,0,100,-10,5,250,40,5,250,60,1,8,11,0,0.06,4,0.556,50,8,5
56,1,60,FrameTimeStutter,5.000,shockwave,practice,2026-09-16T14:18:06.7270312-04:00,1,202,3.80809,17.0163,821.33,1290.41,0.000,0.000,2.1446,7.8550,-5.5591,Right,0,0,0,0,0.0000,300.000,0,0.000,0,127.500,71.914,4.500,0.0300,1.0000,100.00,shockwave,60,450;300;200;100;50,1.5,3,0.5,1,2,1,10,0,100,-10,5,250,40,5,250,60,1,8,11,0,0.06,4,0.556,50,8,5
56,1,60,FrameTimeStutter,5.000,shockwave,practice,2026-09-16T14:18:06.7270312-04:00,1,203,3.82498,16.8928,821.33,1290.41,0.000,0.000,2.1446,7.8550,-5.5591,Right,0,0,0,0,0.0000,300.000,0,0.000,0,127.500,71.914,4.500,0.0300,1.0000,100.00,shockwave,60,450;300;200;100;50,1.5,3,0.5,1,2,1,10,0,100,-10,5,250,40,5,250,60,1,8,11,0,0.06,4,0.556,50,8,5
56,1,60,FrameTimeStutter,5.000,shockwave,practice,2026-09-16T14:18:06.7270312-04:00,1,204,3.84140,16.4225,821.33,1290.41,0.000,0.000,2.1446,7.8550,-5.5591,Right,0,0,0,0,0.0000,300.000,0,0.000,0,127.500,71.914,4.500,0.0300,1.0000,100.00,shockwave,60,450;300;200;100;50,1.5,3,0.5,1,2,1,10,0,100,-10,5,250,40,5,250,60,1,8,11,0,0.06,4,0.556,50,8,5
56,1,60,FrameTimeStutter,5.000,shockwave,practice,2026-09-16T14:18:06.7270312-04:00,1,205,3.85794,16.5307,821.33,1290.41,0.000,0.000,2.1446,7.8550,-5.5591,Right,0,0,0,0,0.0000,300.000,0,0.000,0,127.500,71.914,4.500,0.0300,1.0000,100.00,shockwave,60,450;300;200;100;50,1.5,3,0.5,1,2,1,10,0,100,-10,5,250,40,5,250,60,1,8,11,0,0.06,4,0.556,50,8,5
56,1,60,FrameTimeStutter,5.000,shockwave,practice,2026-09-16T14:18:06.7270312-04:00,1,206,3.87484,16.8992,821.33,1290.41,0.000,0.000,2.1446,7.8550,-5.5591,Right,0,0,0,0,0.0000,300.000,0,0.000,0,127.500,71.914,4.500,0.0300,1.0000,100.00,shockwave,60,450;300;200;100;50,1.5,3,0.5,1,2,1,10,0,100,-10,5,250,40,5,250,60,1,8,11,0,0.06,4,0.556,50,8,5
56,1,60,FrameTimeStutter,5.000,shockwave,practice,2026-09-16T14:18:06.7270312-04:00,1,207,3.89100,16.1701,821.33,1290.41,0.000,0.000,2.1446,7.8550,-5.5591,Right,0,0,0,0,0.0000,300.000,0,0.000,0,127.500,71.914,4.500,0.0300,1.0000,100.00,shockwave,60,450;300;200;100;50,1.5,3,0.5,1,2,1,10,0,100,-10,5,250,40,5,250,60,1,8,11,0,0.06,4,0.556,50,8,5
56,1,60,FrameTimeStutter,5.000,shockwave,practice,2026-09-16T14:18:06.7270312-04:00,1,208,3.90819,17.1887,821.33,1290.41,0.000,0.000,2.1446,7.8550,-5.5591,Right,0,0,0,0,0.0000,300.000,0,0.000,0,127.500,71.914,4.500,0.0300,1.0000,100.00,shockwave,60,450;300;200;100;50,1.5,3,0.5,1,2,1,10,0,100,-10,5,250,40,5,250,60,1,8,11,0,0.06,4,0.556,50,8,5
56,1,60,FrameTimeStutter,5.000,shockwave,practice,2026-09-16T14:18:06.7270312-04:00,1,209,3.92444,16.2452,821.33,1290.41,0.000,0.000,2.1446,7.8550,-5.5591,Right,0,0,0,0,0.0000,300.000,0,0.000,0,127.500,71.914,4.500,0.0300,1.0000,100.00,shockwave,60,450;300;200;100;50,1.5,3,0.5,1,2,1,10,0,100,-10,5,250,40,5,250,60,1,8,11,0,0.06,4,0.556,50,8,5
56,1,60,FrameTimeStutter,5.000,shockwave,practice,2026-09-16T14:18:06.7270312-04:00,1,210,3.94129,16.8477,821.33,1290.41,0.000,0.000,2.1446,7.8550,-5.5591,Right,0,0,0,0,0.0000,300.000,0,0.000,0,127.500,71.914,4.500,0.0300,1.0000,100.00,shockwave,60,450;300;200;100;50,1.5,3,0.5,1,2,1,10,0,100,-10,5,250,40,5,250,60,1,8,11,0,0.06,4,0.556,50,8,5
56,1,60,FrameTimeStutter,5.000,shockwave,practice,2026-09-16T14:18:06.7270312-04:00,1,211,3.95798,16.6967,821.33,1290.41,0.000,0.000,2.1446,7.8550,-5.5591,Right,0,0,0,0,0.0000,300.000,0,0.000,0,127.500,71.914,4.500,0.0300,1.0000,100.00,shockwave,60,450;300;200;100;50,1.5,3,0.5,1,2,1,10,0,100,-10,5,250,40,5,250,60,1,8,11,0,0.06,4,0.556,50,8,5
56,1,60,FrameTimeStutter,5.000,shockwave,practice,2026-09-16T14:18:06.7270312-04:00,1,212,3.97458,16.5993,821.33,1290.41,0.000,0.000,2.1446,7.8550,-5.5591,Right,0,0,0,0,0.0000,300.000,0,0.000,0,127.500,71.914,4.500,0.0300,1.0000,100.00,shockwave,60,450;300;200;100;50,1.5,3,0.5,1,2,1,10,0,100,-10,5,250,40,5,250,60,1,8,11,0,0.06,4,0.556,50,8,5
56,1,60,FrameTimeStutter,5.000,shockwave,practice,2026-09-16T14:18:06.7270312-04:00,1,213,3.99136,16.7733,821.33,1290.41,0.000,0.000,2.1446,7.8550,-5.5591,Right,0,0,0,0,0.0000,300.000,0,0.000,0,127.500,71.914,4.500,0.0300,1.0000,100.00,shockwave,60,450;300;200;100;50,1.5,3,0.5,1,2,1,10,0,100,-10,5,250,40,5,250,60,1,8,11,0,0.06,4,0.556,50,8,5
56,1,60,FrameTimeStutter,5.000,shockwave,practice,2026-09-16T14:18:06.7270312-04:00,1,214,4.00815,16.7986,821.33,1290.41,0.000,0.000,2.1446,7.8550,-5.5591,Right,0,0,0,0,0.0000,300.000,0,0.000,0,127.500,71.914,4.500,0.0300,1.0000,100.00,shockwave,60,450;300;200;100;50,1.5,3,0.5,1,2,1,10,0,100,-10,5,250,40,5,250,60,1,8,11,0,0.06,4,0.556,50,8,5
56,1,60,FrameTimeStutter,5.000,shockwave,practice,2026-09-16T14:18:06.7270312-04:00,1,215,4.02503,16.8762,821.33,1290.41,0.000,0.000,2.1446,7.8550,-5.5591,Right,0,0,0,0,0.0000,300.000,0,0.000,0,127.500,71.914,4.500,0.0300,1.0000,100.00,shockwave,60,450;300;200;100;50,1.5,3,0.5,1,2,1,10,0,100,-10,5,250,40,5,250,60,1,8,11,0,0.06,4,0.556,50,8,5
56,1,60,FrameTimeStutter,5.000,shockwave,practice,2026-09-16T14:18:06.7270312-04:00,1,216,4.04130,16.2734,821.33,1290.41,0.000,0.000,2.1446,7.8550,-5.5591,Right,0,0,0,0,0.0000,300.000,0,0.000,0,127.500,71.914,4.500,0.0300,1.0000,100.00,shockwave,60,450;300;200;100;50,1.5,3,0.5,1,2,1,10,0,100,-10,5,250,40,5,250,60,1,8,11,0,0.06,4,0.556,50,8,5
56,1,60,FrameTimeStutter,5.000,shockwave,practice,2026-09-16T14:18:06.7270312-04:00,1,217,4.05770,16.3979,821.33,1290.41,0.000,0.000,2.1446,7.8550,-5.5591,Right,0,0,0,0,0.0000,300.000,0,0.000,0,127.500,71.914,4.500,0.0300,1.0000,100.00,shockwave,60,450;300;200;100;50,1.5,3,0.5,1,2,1,10,0,100,-10,5,250,40,5,250,60,1,8,11,0,0.06,4,0.556,50,8,5
56,1,60,FrameTimeStutter,5.000,shockwave,practice,2026-09-16T14:18:06.7270312-04:00,1,218,4.07471,17.0044,821.33,1290.41,0.000,0.000,2.1446,7.8550,-5.5591,Right,0,0,0,0,0.0000,300.000,0,0.000,0,127.500,71.914,4.500,0.0300,1.0000,100.00,shockwave,60,450;300;200;100;50,1.5,3,0.5,1,2,1,10,0,100,-10,5,250,40,5,250,60,1,8,11,0,0.06,4,0.556,50,8,5
56,1,60,FrameTimeStutter,5.000,shockwave,practice,2026-09-16T14:18:06.7270312-04:00,1,219,4.09152,16.8118,821.33,1290.41,0.000,0.000,2.1446,7.8550,-5.5591,Right,0,0,0,0,0.0000,300.000,0,0.000,0,127.500,71.914,4.500,0.0300,1.0000,100.00,shockwave,60,450;300;200;100;50,1.5,3,0.5,1,2,1,10,0,100,-10,5,250,40,5,250,60,1,8,11,0,0.06,4,0.556,50,8,5
56,1,60,FrameTimeStutter,5.000,shockwave,practice,2026-09-16T14:18:06.7270312-04:00,1,220,4.10769,16.1760,821.33,1290.41,0.000,0.000,2.1446,7.8550,-5.5591,Right,0,0,0,0,0.0000,300.000,0,0.000,0,127.500,71.914,4.500,0.0300,1.0000,100.00,shockwave,60,450;300;200;100;50,1.5,3,0.5,1,2,1,10,0,100,-10,5,250,40,5,250,60,1,8,11,0,0.06,4,0.556,50,8,5
56,1,60,FrameTimeStutter,5.000,shockwave,practice,2026-09-16T14:18:06.7270312-04:00,1,221,4.12431,16.6116,821.33,1290.41,0.000,0.000,2.1446,7.8550,-5.5591,Right,0,0,0,0,0.0000,300.000,0,0.000,0,127.500,71.914,4.500,0.0300,1.0000,100.00,shockwave,60,450;300;200;100;50,1.5,3,0.5,1,2,1,10,0,100,-10,5,250,40,5,250,60,1,8,11,0,0.06,4,0.556,50,8,5
56,1,60,FrameTimeStutter,5.000,shockwave,practice,2026-09-16T14:18:06.7270312-04:00,1,222,4.13763,13.3220,821.33,1290.41,0.000,0.000,2.3244,7.8550,-5.5591,Right,0,0,0,0,0.0000,300.000,0,0.000,0,127.500,71.914,4.500,0.0300,1.0000,100.00,shockwave,60,450;300;200;100;50,1.5,3,0.5,1,2,1,10,0,100,-10,5,250,40,5,250,60,1,8,11,0,0.06,4,0.556,50,8,5
56,1,60,FrameTimeStutter,5.000,shockwave,practice,2026-09-16T14:18:06.7270312-04:00,1,223,4.15837,20.7441,821.33,1290.41,0.000,0.000,2.5826,7.8550,-5.5591,Right,0,0,0,0,0.0000,300.000,0,0.000,0,127.500,71.914,4.500,0.0300,1.0000,100.00,shockwave,60,450;300;200;100;50,1.5,3,0.5,1,2,1,10,0,100,-10,5,250,40,5,250,60,1,8,11,0,0.06,4,0.556,50,8,5
56,1,60,FrameTimeStutter,5.000,shockwave,practice,2026-09-16T14:18:06.7270312-04:00,1,224,4.17455,16.1735,821.33,1290.41,0.000,0.000,2.7662,7.8550,-5.5591,Right,0,0,0,0,0.0000,300.000,0,0.000,0,127.500,71.914,4.500,0.0300,1.0000,100.00,shockwave,60,450;300;200;100;50,1.5,3,0.5,1,2,1,10,0,100,-10,5,250,40,5,250,60,1,8,11,0,0.06,4,0.556,50,8,5
56,1,60,FrameTimeStutter,5.000,shockwave,practice,2026-09-16T14:18:06.7270312-04:00,1,225,4.19121,16.6660,821.33,1290.41,0.000,0.000,2.9398,7.8550,-5.5591,Right,0,0,0,0,0.0000,300.000,0,0.000,0,127.500,71.914,4.500,0.0300,1.0000,100.00,shockwave,60,450;300;200;100;50,1.5,3,0.5,1,2,1,10,0,100,-10,5,250,40,5,250,60,1,8,11,0,0.06,4,0.556,50,8,5
56,1,60,FrameTimeStutter,5.000,shockwave,practice,2026-09-16T14:18:06.7270312-04:00,1,226,4.20815,16.9419,821.33,1290.41,0.000,0.000,3.1008,7.8550,-5.5591,Right,0,0,0,0,0.0000,300.000,0,0.000,0,127.500,71.914,4.500,0.0300,1.0000,100.00,shockwave,60,450;300;200;100;50,1.5,3,0.5,1,2,1,10,0,100,-10,5,250,40,5,250,60,1,8,11,0,0.06,4,0.556,50,8,5
56,1,60,FrameTimeStutter,5.000,shockwave,practice,2026-09-16T14:18:06.7270312-04:00,1,227,4.22517,17.0117,821.33,1290.41,0.000,0.000,3.2475,7.8550,-5.5591,Right,0,0,0,0,0.0000,300.000,0,0.000,0,127.500,71.914,4.500,0.0300,1.0000,100.00,shockwave,60,450;300;200;100;50,1.5,3,0.5,1,2,1,10,0,100,-10,5,250,40,5,250,60,1,8,11,0,0.06,4,0.556,50,8,5
56,1,60,FrameTimeStutter,5.000,shockwave,practice,2026-09-16T14:18:06.7270312-04:00,1,228,4.24134,16.1721,821.33,1290.41,0.000,0.000,3.3737,7.8550,-5.5591,Right,0,0,0,0,0.0000,300.000,0,0.000,0,127.500,71.914,4.500,0.0300,1.0000,100.00,shockwave,60,450;300;200;100;50,1.5,3,0.5,1,2,1,10,0,100,-10,5,250,40,5,250,60,1,8,11,0,0.06,4,0.556,50,8,5
56,1,60,FrameTimeStutter,5.000,shockwave,practice,2026-09-16T14:18:06.7270312-04:00,1,229,4.25803,16.6884,821.33,1290.41,0.000,0.000,3.4911,7.8550,-5.5591,Right,0,0,0,0,0.0000,300.000,0,0.000,0,127.500,71.914,4.500,0.0300,1.0000,100.00,shockwave,60,450;300;200;100;50,1.5,3,0.5,1,2,1,10,0,100,-10,5,250,40,5,250,60,1,8,11,0,0.06,4,0.556,50,8,5
56,1,60,FrameTimeStutter,5.000,shockwave,practice,2026-09-16T14:18:06.7270312-04:00,1,230,4.27499,16.9594,821.33,1290.41,0.000,0.000,3.5977,7.8550,-5.5591,Right,0,0,0,0,0.0000,300.000,0,0.000,0,127.500,71.914,4.500,0.0300,1.0000,100.00,shockwave,60,450;300;200;100;50,1.5,3,0.5,1,2,1,10,0,100,-10,5,250,40,5,250,60,1,8,11,0,0.06,4,0.556,50,8,5
56,1,60,FrameTimeStutter,5.000,shockwave,practice,2026-09-16T14:18:06.7270312-04:00,1,231,4.29138,16.3943,821.33,1290.41,0.000,0.000,3.6894,7.8550,-5.5591,Right,0,0,0,0,0.0000,300.000,0,0.000,0,127.500,71.914,4.500,0.0300,1.0000,100.00,shockwave,60,450;300;200;100;50,1.5,3,0.5,1,2,1,10,0,100,-10,5,250,40,5,250,60,1,8,11,0,0.06,4,0.556,50,8,5
56,1,60,FrameTimeStutter,5.000,shockwave,practice,2026-09-16T14:18:06.7270312-04:00,1,232,4.30842,17.0445,821.33,1290.41,0.000,0.000,3.7734,7.8550,-5.5591,Right,0,0,0,0,0.0000,300.000,0,0.000,0,127.500,71.914,4.500,0.0300,1.0000,100.00,shockwave,60,450;300;200;100;50,1.5,3,0.5,1,2,1,10,0,100,-10,5,250,40,5,250,60,1,8,11,0,0.06,4,0.556,50,8,5
56,1,60,FrameTimeStutter,5.000,shockwave,practice,2026-09-16T14:18:06.7270312-04:00,1,233,4.32466,16.2399,821.33,1290.41,0.000,0.000,3.8434,7.8550,-5.5591,Right,0,0,0,0,0.0000,300.000,0,0.000,0,127.500,71.914,4.500,0.0300,1.0000,100.00,shockwave,60,450;300;200;100;50,1.5,3,0.5,1,2,1,10,0,100,-10,5,250,40,5,250,60,1,8,11,0,0.06,4,0.556,50,8,5
56,1,60,FrameTimeStutter,5.000,shockwave,practice,2026-09-16T14:18:06.7270312-04:00,1,234,4.34104,16.3724,821.33,1290.41,0.000,0.000,3.9048,7.8550,-5.5591,Right,0,0,0,0,0.0000,300.000,0,0.000,0,127.500,71.914,4.500,0.0300,1.0000,100.00,shockwave,60,450;300;200;100;50,1.5,3,0.5,1,2,1,10,0,100,-10,5,250,40,5,250,60,1,8,11,0,0.06,4,0.556,50,8,5
56,1,60,FrameTimeStutter,5.000,shockwave,practice,2026-09-16T14:18:06.7270312-04:00,1,235,4.35807,17.0309,821.33,1290.41,0.000,0.000,3.9595,7.8550,-5.5591,Right,0,0,0,0,0.0000,300.000,0,0.000,0,127.500,71.914,4.500,0.0300,1.0000,100.00,shockwave,60,450;300;200;100;50,1.5,3,0.5,1,2,1,10,0,100,-10,5,250,40,5,250,60,1,8,11,0,0.06,4,0.556,50,8,5
56,1,60,FrameTimeStutter,5.000,shockwave,practice,2026-09-16T14:18:06.7270312-04:00,1,236,4.37443,16.3653,821.33,1290.41,0.000,0.000,4.0040,7.8550,-5.5591,Right,0,0,0,0,0.0000,300.000,0,0.000,0,127.500,71.914,4.500,0.0300,1.0000,100.00,shockwave,60,450;300;200;100;50,1.5,3,0.5,1,2,1,10,0,100,-10,5,250,40,5,250,60,1,8,11,0,0.06,4,0.556,50,8,5
56,1,60,FrameTimeStutter,5.000,shockwave,practice,2026-09-16T14:18:06.7270312-04:00,1,237,4.39113,16.6998,821.33,1290.41,0.000,0.000,4.0419,7.8550,-5.5591,Right,0,0,0,0,0.0000,300.000,0,0.000,0,127.500,71.914,4.500,0.0300,1.0000,100.00,shockwave,60,450;300;200;100;50,1.5,3,0.5,1,2,1,10,0,100,-10,5,250,40,5,250,60,1,8,11,0,0.06,4,0.556,50,8,5
56,1,60,FrameTimeStutter,5.000,shockwave,practice,2026-09-16T14:18:06.7270312-04:00,1,238,4.40785,16.7168,821.33,1290.41,0.000,0.000,4.0730,7.8550,-5.5591,Right,0,0,0,0,0.0000,300.000,0,0.000,0,127.500,71.914,4.500,0.0300,1.0000,100.00,shockwave,60,450;300;200;100;50,1.5,3,0.5,1,2,1,10,0,100,-10,5,250,40,5,250,60,1,8,11,0,0.06,4,0.556,50,8,5
56,1,60,FrameTimeStutter,5.000,shockwave,practice,2026-09-16T14:18:06.7270312-04:00,1,239,4.42465,16.7998,821.33,1290.41,0.000,0.000,4.0979,7.8550,-5.5591,Right,0,0,0,0,0.0000,300.000,0,0.000,0,127.500,71.914,4.500,0.0300,1.0000,100.00,shockwave,60,450;300;200;100;50,1.5,3,0.5,1,2,1,10,0,100,-10,5,250,40,5,250,60,1,8,11,0,0.06,4,0.556,50,8,5
56,1,60,FrameTimeStutter,5.000,shockwave,practice,2026-09-16T14:18:06.7270312-04:00,1,240,4.44126,16.6101,823.13,1290.41,1.000,0.000,4.1171,7.8550,-5.5591,Right,0,0,0,0,0.0000,300.000,0,0.000,0,127.500,71.914,4.500,0.0300,1.0000,100.00,shockwave,60,450;300;200;100;50,1.5,3,0.5,1,2,1,10,0,100,-10,5,250,40,5,250,60,1,8,11,0,0.06,4,0.556,50,8,5
56,1,60,FrameTimeStutter,5.000,shockwave,practice,2026-09-16T14:18:06.7270312-04:00,1,241,4.45818,16.9187,833.94,1295.82,6.000,3.000,4.1318,7.8550,-5.5591,Right,0,0,0,0,0.0000,300.000,0,0.000,0,127.500,71.914,4.500,0.0300,1.0000,100.00,shockwave,60,450;300;200;100;50,1.5,3,0.5,1,2,1,10,0,100,-10,5,250,40,5,250,60,1,8,11,0,0.06,4,0.556,50,8,5
56,1,60,FrameTimeStutter,5.000,shockwave,practice,2026-09-16T14:18:06.7270312-04:00,1,242,4.47475,16.5772,869.99,1308.44,20.000,7.000,4.1420,7.8550,-5.5591,Right,0,0,0,0,0.0000,300.000,0,0.000,0,127.500,71.914,4.500,0.0300,1.0000,100.00,shockwave,60,450;300;200;100;50,1.5,3,0.5,1,2,1,10,0,100,-10,5,250,40,5,250,60,1,8,11,0,0.06,4,0.556,50,8,5
56,1,60,FrameTimeStutter,5.000,shockwave,practice,2026-09-16T14:18:06.7270312-04:00,1,243,4.49134,16.5877,936.67,1328.26,37.000,11.000,4.1489,7.8550,-5.5591,Right,0,0,0,0,0.0000,300.000,0,0.000,0,127.500,71.914,4.500,0.0300,1.0000,100.00,shockwave,60,450;300;200;100;50,1.5,3,0.5,1,2,1,10,0,100,-10,5,250,40,5,250,60,1,8,11,0,0.06,4,0.556,50,8,5
56,1,60,FrameTimeStutter,5.000,shockwave,practice,2026-09-16T14:18:06.7270312-04:00,1,244,4.50846,17.1145,1039.40,1353.49,57.000,14.000,4.1532,7.8550,-5.5591,Right,0,0,0,0,0.0000,300.000,0,0.000,0,127.500,71.914,4.500,0.0300,1.0000,100.00,shockwave,60,450;300;200;100;50,1.5,3,0.5,1,2,1,10,0,100,-10,5,250,40,5,250,60,1,8,11,0,0.06,4,0.556,50,8,5
56,1,60,FrameTimeStutter,5.000,shockwave,practice,2026-09-16T14:18:06.7270312-04:00,1,245,4.52461,16.1502,1178.17,1384.13,77.000,17.000,4.1552,7.8550,-5.5591,Right,0,0,0,0,0.0000,300.000,0,0.000,0,127.500,71.914,4.500,0.0300,1.0000,100.00,shockwave,60,450;300;200;100;50,1.5,3,0.5,1,2,1,10,0,100,-10,5,250,40,5,250,60,1,8,11,0,0.06,4,0.556,50,8,5
56,1,60,FrameTimeStutter,5.000,shockwave,practice,2026-09-16T14:18:06.7270312-04:00,1,246,4.54092,16.3173,1315.14,1409.36,76.000,14.000,4.1560,7.8550,-5.5591,Right,0,0,0,0,0.0000,300.000,0,0.000,0,127.500,71.914,4.500,0.0300,1.0000,100.00,shockwave,60,450;300;200;100;50,1.5,3,0.5,1,2,1,10,0,100,-10,5,250,40,5,250,60,1,8,11,0,0.06,4,0.556,50,8,5
56,1,60,FrameTimeStutter,5.000,shockwave,practice,2026-09-16T14:18:06.7270312-04:00,1,247,4.55821,17.2871,1430.49,1429.19,64.000,11.000,4.1561,7.8550,-5.5591,Right,0,0,0,0,0.0000,300.000,0,0.000,0,127.500,71.914,4.500,0.0300,1.0000,100.00,shockwave,60,450;300;200;100;50,1.5,3,0.5,1,2,1,10,0,100,-10,5,250,40,5,250,60,1,8,11,0,0.06,4,0.556,50,8,5
56,1,60,FrameTimeStutter,5.000,shockwave,practice,2026-09-16T14:18:06.7270312-04:00,1,248,4.57491,16.6959,1511.59,1440.00,45.000,9.000,4.1561,7.8550,13.3376,Right,0,0,0,0,0.0000,300.000,0,0.000,0,127.500,71.914,4.500,0.0300,1.0000,100.00,shockwave,60,450;300;200;100;50,1.5,3,0.5,1,2,1,10,0,100,-10,5,250,40,5,250,60,1,8,11,0,0.06,4,0.556,50,8,5
56,1,60,FrameTimeStutter,5.000,shockwave,practice,2026-09-16T14:18:06.7270312-04:00,1,249,4.58705,12.1395,1560.25,1440.00,27.000,6.000,4.1561,7.8550,13.3376,Left,0,0,0,0,0.0000,300.000,0,0.000,0,127.500,71.914,4.500,0.0300,1.0000,100.00,shockwave,60,450;300;200;100;50,1.5,3,0.5,1,2,1,10,0,100,-10,5,250,40,5,250,60,1,8,11,0,0.06,4,0.556,50,8,5
56,1,60,FrameTimeStutter,5.000,shockwave,practice,2026-09-16T14:18:06.7270312-04:00,1,250,4.60838,21.3300,1576.47,1440.00,9.000,2.000,4.1561,7.8550,13.3376,Left,0,0,0,0,0.0000,300.000,0,0.000,0,127.500,71.914,4.500,0.0300,1.0000,100.00,shockwave,60,450;300;200;100;50,1.5,3,0.5,1,2,1,10,0,100,-10,5,250,40,5,250,60,1,8,11,0,0.06,4,0.556,50,8,5
56,1,60,FrameTimeStutter,5.000,shockwave,practice,2026-09-16T14:18:06.7270312-04:00,1,251,4.62465,16.2725,1576.47,1440.00,0.000,0.000,4.1561,7.8550,13.3376,Left,0,0,0,0,0.0000,300.000,0,0.000,0,127.500,71.914,4.500,0.0300,1.0000,100.00,shockwave,60,450;300;200;100;50,1.5,3,0.5,1,2,1,10,0,100,-10,5,250,40,5,250,60,1,8,11,0,0.06,4,0.556,50,8,5
56,1,60,FrameTimeStutter,5.000,shockwave,practice,2026-09-16T14:18:06.7270312-04:00,1,252,4.63765,12.9976,1576.47,1440.00,0.000,0.000,4.1561,7.8550,13.3376,Left,0,0,0,0,0.0000,300.000,0,0.000,0,127.500,71.914,4.500,0.0300,1.0000,100.00,shockwave,60,450;300;200;100;50,1.5,3,0.5,1,2,1,10,0,100,-10,5,250,40,5,250,60,1,8,11,0,0.06,4,0.556,50,8,5
56,1,60,FrameTimeStutter,5.000,shockwave,practice,2026-09-16T14:18:06.7270312-04:00,1,253,4.65848,20.8357,1576.47,1440.00,0.000,0.000,4.1561,7.8550,13.3376,Left,0,0,0,0,0.0000,300.000,0,0.000,0,127.500,71.914,4.500,0.0300,1.0000,100.00,shockwave,60,450;300;200;100;50,1.5,3,0.5,1,2,1,10,0,100,-10,5,250,40,5,250,60,1,8,11,0,0.06,4,0.556,50,8,5
56,1,60,FrameTimeStutter,5.000,shockwave,practice,2026-09-16T14:18:06.7270312-04:00,1,254,4.67466,16.1729,1576.47,1440.00,0.000,0.000,4.1561,7.8550,13.3376,Left,0,0,0,0,0.0000,300.000,0,0.000,0,127.500,71.914,4.500,0.0300,1.0000,100.00,shockwave,60,450;300;200;100;50,1.5,3,0.5,1,2,1,10,0,100,-10,5,250,40,5,250,60,1,8,11,0,0.06,4,0.556,50,8,5
56,1,60,FrameTimeStutter,5.000,shockwave,practice,2026-09-16T14:18:06.7270312-04:00,1,255,4.69115,16.4938,1576.47,1440.00,0.000,0.000,4.1561,7.8550,13.3376,Left,0,0,0,0,0.0000,300.000,0,0.000,0,127.500,71.914,4.500,0.0300,1.0000,100.00,shockwave,60,450;300;200;100;50,1.5,3,0.5,1,2,1,10,0,100,-10,5,250,40,5,250,60,1,8,11,0,0.06,4,0.556,50,8,5
56,1,60,FrameTimeStutter,5.000,shockwave,practice,2026-09-16T14:18:06.7270312-04:00,1,256,4.70837,17.2231,1576.47,1440.00,0.000,0.000,4.1561,7.8550,13.3376,Left,0,0,0,0,0.0000,300.000,0,0.000,0,127.500,71.914,4.500,0.0300,1.0000,100.00,shockwave,60,450;300;200;100;50,1.5,3,0.5,1,2,1,10,0,100,-10,5,250,40,5,250,60,1,8,11,0,0.06,4,0.556,50,8,5
56,1,60,FrameTimeStutter,5.000,shockwave,practice,2026-09-16T14:18:06.7270312-04:00,1,257,4.72495,16.5742,1576.47,1440.00,0.000,0.000,4.1561,7.8550,13.3376,Left,0,0,0,0,0.0000,300.000,0,0.000,0,127.500,71.914,4.500,0.0300,1.0000,100.00,shockwave,60,450;300;200;100;50,1.5,3,0.5,1,2,1,10,0,100,-10,5,250,40,5,250,60,1,8,11,0,0.06,4,0.556,50,8,5
56,1,60,FrameTimeStutter,5.000,shockwave,practice,2026-09-16T14:18:06.7270312-04:00,1,258,4.74119,16.2476,1576.47,1440.00,0.000,0.000,4.1561,7.8550,13.3376,Left,0,0,0,0,0.0000,300.000,0,0.000,0,127.500,71.914,4.500,0.0300,1.0000,100.00,shockwave,60,450;300;200;100;50,1.5,3,0.5,1,2,1,10,0,100,-10,5,250,40,5,250,60,1,8,11,0,0.06,4,0.556,50,8,5
56,1,60,FrameTimeStutter,5.000,shockwave,practice,2026-09-16T14:18:06.7270312-04:00,1,259,4.75774,16.5487,1576.47,1440.00,0.000,0.000,4.1561,7.8550,13.3376,Left,0,0,0,0,0.0000,300.000,0,0.000,0,127.500,71.914,4.500,0.0300,1.0000,100.00,shockwave,60,450;300;200;100;50,1.5,3,0.5,1,2,1,10,0,100,-10,5,250,40,5,250,60,1,8,11,0,0.06,4,0.556,50,8,5
56,1,60,FrameTimeStutter,5.000,shockwave,practice,2026-09-16T14:18:06.7270312-04:00,1,260,4.77453,16.7893,1576.47,1440.00,0.000,0.000,4.1561,7.8550,13.3376,Left,0,0,0,0,0.0000,300.000,0,0.000,0,127.500,71.914,4.500,0.0300,1.0000,100.00,shockwave,60,450;300;200;100;50,1.5,3,0.5,1,2,1,10,0,100,-10,5,250,40,5,250,60,1,8,11,0,0.06,4,0.556,50,8,5
56,1,60,FrameTimeStutter,5.000,shockwave,practice,2026-09-16T14:18:06.7270312-04:00,1,261,4.79157,17.0387,1576.47,1440.00,0.000,0.000,4.1561,7.8550,13.3376,Left,0,0,0,0,0.0000,300.000,0,0.000,0,127.500,71.914,4.500,0.0300,1.0000,100.00,shockwave,60,450;300;200;100;50,1.5,3,0.5,1,2,1,10,0,100,-10,5,250,40,5,250,60,1,8,11,0,0.06,4,0.556,50,8,5
56,1,60,FrameTimeStutter,5.000,shockwave,practice,2026-09-16T14:18:06.7270312-04:00,1,262,4.80790,16.3316,1576.47,1440.00,0.000,0.000,4.1561,7.8550,13.3376,Left,0,0,0,0,0.0000,300.000,0,0.000,0,127.500,71.914,4.500,0.0300,1.0000,100.00,shockwave,60,450;300;200;100;50,1.5,3,0.5,1,2,1,10,0,100,-10,5,250,40,5,250,60,1,8,11,0,0.06,4,0.556,50,8,5
56,1,60,FrameTimeStutter,5.000,shockwave,practice,2026-09-16T14:18:06.7270312-04:00,1,263,4.82485,16.9458,1576.47,1440.00,0.000,0.000,4.1561,7.8550,13.3376,Left,0,0,0,0,0.0000,300.000,0,0.000,0,127.500,71.914,4.500,0.0300,1.0000,100.00,shockwave,60,450;300;200;100;50,1.5,3,0.5,1,2,1,10,0,100,-10,5,250,40,5,250,60,1,8,11,0,0.06,4,0.556,50,8,5
56,1,60,FrameTimeStutter,5.000,shockwave,practice,2026-09-16T14:18:06.7270312-04:00,1,264,4.84122,16.3737,1576.47,1440.00,0.000,0.000,4.1561,7.8550,13.3376,Left,0,0,0,0,0.0000,300.000,0,0.000,0,127.500,71.914,4.500,0.0300,1.0000,100.00,shockwave,60,450;300;200;100;50,1.5,3,0.5,1,2,1,10,0,100,-10,5,250,40,5,250,60,1,8,11,0,0.06,4,0.556,50,8,5
56,1,60,FrameTimeStutter,5.000,shockwave,practice,2026-09-16T14:18:06.7270312-04:00,1,265,4.85806,16.8411,1576.47,1440.00,0.000,0.000,4.1561,7.8550,13.3376,Left,0,0,0,0,0.0000,300.000,0,0.000,0,127.500,71.914,4.500,0.0300,1.0000,100.00,shockwave,60,450;300;200;100;50,1.5,3,0.5,1,2,1,10,0,100,-10,5,250,40,5,250,60,1,8,11,0,0.06,4,0.556,50,8,5
56,1,60,FrameTimeStutter,5.000,shockwave,practice,2026-09-16T14:18:06.7270312-04:00,1,266,4.87502,16.9593,1576.47,1440.00,0.000,0.000,4.1561,7.8550,13.3376,Left,0,0,0,0,0.0000,300.000,0,0.000,0,127.500,71.914,4.500,0.0300,1.0000,100.00,shockwave,60,450;300;200;100;50,1.5,3,0.5,1,2,1,10,0,100,-10,5,250,40,5,250,60,1,8,11,0,0.06,4,0.556,50,8,5
56,1,60,FrameTimeStutter,5.000,shockwave,practice,2026-09-16T14:18:06.7270312-04:00,1,267,4.89114,16.1211,1576.47,1440.00,0.000,0.000,4.1561,7.8550,13.3376,Left,0,0,0,0,0.0000,300.000,0,0.000,0,127.500,71.914,4.500,0.0300,1.0000,100.00,shockwave,60,450;300;200;100;50,1.5,3,0.5,1,2,1,10,0,100,-10,5,250,40,5,250,60,1,8,11,0,0.06,4,0.556,50,8,5
56,1,60,FrameTimeStutter,5.000,shockwave,practice,2026-09-16T14:18:06.7270312-04:00,1,268,4.90823,17.0902,1576.47,1440.00,0.000,0.000,4.1561,7.8550,13.3376,Left,0,0,0,0,0.0000,300.000,0,0.000,0,127.500,71.914,4.500,0.0300,1.0000,100.00,shockwave,60,450;300;200;100;50,1.5,3,0.5,1,2,1,10,0,100,-10,5,250,40,5,250,60,1,8,11,0,0.06,4,0.556,50,8,5
56,1,60,FrameTimeStutter,5.000,shockwave,practice,2026-09-16T14:18:06.7270312-04:00,1,269,4.92446,16.2268,1576.47,1440.00,0.000,0.000,4.1561,7.8550,13.3376,Left,0,0,0,0,0.0000,300.000,0,0.000,0,127.500,71.914,4.500,0.0300,1.0000,100.00,shockwave,60,450;300;200;100;50,1.5,3,0.5,1,2,1,10,0,100,-10,5,250,40,5,250,60,1,8,11,0,0.06,4,0.556,50,8,5
56,1,60,FrameTimeStutter,5.000,shockwave,practice,2026-09-16T14:18:06.7270312-04:00,1,270,4.94165,17.1888,1576.47,1440.00,0.000,0.000,4.1561,7.8550,13.3376,Left,0,0,0,0,0.0000,300.000,0,0.000,0,127.500,71.914,4.500,0.0300,1.0000,100.00,shockwave,60,450;300;200;100;50,1.5,3,0.5,1,2,1,10,0,100,-10,5,250,40,5,250,60,1,8,11,0,0.06,4,0.556,50,8,5
56,1,60,FrameTimeStutter,5.000,shockwave,practice,2026-09-16T14:18:06.7270312-04:00,1,271,4.95767,16.0207,1576.47,1440.00,0.000,0.000,4.1561,7.8550,13.3376,Left,0,0,0,0,0.0000,300.000,0,0.000,0,127.500,71.914,4.500,0.0300,1.0000,100.00,shockwave,60,450;300;200;100;50,1.5,3,0.5,1,2,1,10,0,100,-10,5,250,40,5,250,60,1,8,11,0,0.06,4,0.556,50,8,5
56,1,60,FrameTimeStutter,5.000,shockwave,practice,2026-09-16T14:18:06.7270312-04:00,1,272,4.97486,17.1938,1576.47,1440.00,0.000,1.000,4.1561,7.8550,13.3376,Left,1,1,0,0,0.0000,300.000,0,0.000,0,127.500,71.914,4.500,0.0300,1.0000,100.00,shockwave,60,450;300;200;100;50,1.5,3,0.5,1,2,1,10,0,100,-10,5,250,40,5,250,60,1,8,11,0,0.06,4,0.556,50,8,5
56,1,60,FrameTimeStutter,5.000,shockwave,practice,2026-09-16T14:18:06.7270312-04:00,1,273,4.99132,16.4596,1576.47,1440.00,0.000,0.000,4.1561,7.8550,13.3376,Left,1,0,0,0,0.0000,300.000,0,0.000,0,127.500,71.914,4.500,0.0300,1.0000,100.00,shockwave,60,450;300;200;100;50,1.5,3,0.5,1,2,1,10,0,100,-10,5,250,40,5,250,60,1,8,11,0,0.06,4,0.556,50,8,5
56,1,60,FrameTimeStutter,5.000,shockwave,practice,2026-09-16T14:18:06.7270312-04:00,1,274,5.00849,17.1655,1576.47,1440.00,0.000,0.000,4.1561,7.8550,13.3376,Left,1,0,0,0,0.0000,300.000,0,0.000,0,127.500,71.914,4.500,0.0300,1.0000,100.00,shockwave,60,450;300;200;100;50,1.5,3,0.5,1,2,1,10,0,100,-10,5,250,40,5,250,60,1,8,11,0,0.06,4,0.556,50,8,5
56,1,60,FrameTimeStutter,5.000,shockwave,practice,2026-09-16T14:18:06.7270312-04:00,1,275,5.02489,16.3979,1576.47,1440.00,0.000,0.000,4.1561,7.8550,13.3376,Left,1,0,0,0,0.0000,300.000,0,0.000,0,127.500,71.914,4.500,0.0300,1.0000,100.00,shockwave,60,450;300;200;100;50,1.5,3,0.5,1,2,1,10,0,100,-10,5,250,40,5,250,60,1,8,11,0,0.06,4,0.556,50,8,5
56,1,60,FrameTimeStutter,5.000,shockwave,practice,2026-09-16T14:18:06.7270312-04:00,1,276,5.04123,16.3422,1576.47,1440.00,0.000,0.000,4.1561,7.8550,13.3376,Left,1,0,0,0,0.0000,300.000,0,0.000,0,127.500,71.914,4.500,0.0300,1.0000,100.00,shockwave,60,450;300;200;100;50,1.5,3,0.5,1,2,1,10,0,100,-10,5,250,40,5,250,60,1,8,11,0,0.06,4,0.556,50,8,5
56,1,60,FrameTimeStutter,5.000,shockwave,practice,2026-09-16T14:18:06.7270312-04:00,1,277,5.05829,17.0563,1576.47,1440.00,0.000,0.000,4.1561,7.8550,13.3376,Left,1,0,0,0,0.0000,300.000,0,0.000,0,127.500,71.914,4.500,0.0300,1.0000,100.00,shockwave,60,450;300;200;100;50,1.5,3,0.5,1,2,1,10,0,100,-10,5,250,40,5,250,60,1,8,11,0,0.06,4,0.556,50,8,5
56,1,60,FrameTimeStutter,5.000,shockwave,practice,2026-09-16T14:18:06.7270312-04:00,1,278,5.07478,16.4956,1576.47,1440.00,0.000,0.000,4.1561,7.8550,13.3376,Left,1,0,0,0,0.0000,300.000,0,0.000,0,127.500,71.914,4.500,0.0300,1.0000,100.00,shockwave,60,450;300;200;100;50,1.5,3,0.5,1,2,1,10,0,100,-10,5,250,40,5,250,60,1,8,11,0,0.06,4,0.556,50,8,5
56,1,60,FrameTimeStutter,5.000,shockwave,practice,2026-09-16T14:18:06.7270312-04:00,1,279,5.09175,16.9698,1576.47,1440.00,0.000,0.000,4.1561,7.8550,13.3376,Left,1,0,0,0,0.0000,300.000,0,0.000,0,127.500,71.914,4.500,0.0300,1.0000,100.00,shockwave,60,450;300;200;100;50,1.5,3,0.5,1,2,1,10,0,100,-10,5,250,40,5,250,60,1,8,11,0,0.06,4,0.556,50,8,5
56,1,60,FrameTimeStutter,5.000,shockwave,practice,2026-09-16T14:18:06.7270312-04:00,1,280,5.10796,16.2104,1576.47,1440.00,0.000,0.000,4.1561,7.8550,13.3376,Left,0,0,0,0,0.0000,300.000,0,0.000,0,127.500,71.914,4.500,0.0300,1.0000,100.00,shockwave,60,450;300;200;100;50,1.5,3,0.5,1,2,1,10,0,100,-10,5,250,40,5,250,60,1,8,11,0,0.06,4,0.556,50,8,5
56,1,60,FrameTimeStutter,5.000,shockwave,practice,2026-09-16T14:18:06.7270312-04:00,1,281,5.12513,17.1675,1576.47,1440.00,0.000,0.000,4.1561,7.8550,13.3376,Left,0,0,0,0,0.0000,300.000,0,0.000,0,127.500,71.914,4.500,0.0300,1.0000,100.00,shockwave,60,450;300;200;100;50,1.5,3,0.5,1,2,1,10,0,100,-10,5,250,40,5,250,60,1,8,11,0,0.06,4,0.556,50,8,5
56,1,60,FrameTimeStutter,5.000,shockwave,practice,2026-09-16T14:18:06.7270312-04:00,1,282,5.14104,15.9122,1576.47,1440.00,0.000,0.000,4.1561,7.8550,13.3376,Left,0,0,0,0,0.0000,300.000,0,0.000,0,127.500,71.914,4.500,0.0300,1.0000,100.00,shockwave,60,450;300;200;100;50,1.5,3,0.5,1,2,1,10,0,100,-10,5,250,40,5,250,60,1,8,11,0,0.06,4,0.556,50,8,5
56,1,60,FrameTimeStutter,5.000,shockwave,practice,2026-09-16T14:18:06.7270312-04:00,1,283,5.15774,16.7032,1576.47,1440.00,0.000,0.000,4.1561,7.8550,13.3376,Left,0,0,0,0,0.0000,300.000,0,0.000,0,127.500,71.914,4.500,0.0300,1.0000,100.00,shockwave,60,450;300;200;100;50,1.5,3,0.5,1,2,1,10,0,100,-10,5,250,40,5,250,60,1,8,11,0,0.06,4,0.556,50,8,5
56,1,60,FrameTimeStutter,5.000,shockwave,practice,2026-09-16T14:18:06.7270312-04:00,1,284,5.17434,16.5930,1576.47,1440.00,0.000,0.000,4.1561,7.8550,13.3376,Left,0,0,0,0,0.0000,300.000,0,0.000,0,127.500,71.914,4.500,0.0300,1.0000,100.00,shockwave,60,450;300;200;100;50,1.5,3,0.5,1,2,1,10,0,100,-10,5,250,40,5,250,60,1,8,11,0,0.06,4,0.556,50,8,5
56,1,60,FrameTimeStutter,5.000,shockwave,practice,2026-09-16T14:18:06.7270312-04:00,1,285,5.19142,17.0825,1576.47,1440.00,0.000,0.000,4.1561,7.8550,13.3376,Left,0,0,0,0,0.0000,300.000,0,0.000,0,127.500,71.914,4.500,0.0300,1.0000,100.00,shockwave,60,450;300;200;100;50,1.5,3,0.5,1,2,1,10,0,100,-10,5,250,40,5,250,60,1,8,11,0,0.06,4,0.556,50,8,5
56,1,60,FrameTimeStutter,5.000,shockwave,practice,2026-09-16T14:18:06.7270312-04:00,1,286,5.20797,16.5468,1576.47,1440.00,0.000,0.000,4.1561,7.8550,13.3376,Left,0,0,0,0,0.0000,300.000,0,0.000,0,127.500,71.914,4.500,0.0300,1.0000,100.00,shockwave,60,450;300;200;100;50,1.5,3,0.5,1,2,1,10,0,100,-10,5,250,40,5,250,60,1,8,11,0,0.06,4,0.556,50,8,5
56,1,60,FrameTimeStutter,5.000,shockwave,practice,2026-09-16T14:18:06.7270312-04:00,1,287,5.22434,16.3693,1576.47,1440.00,0.000,0.000,4.1561,7.8550,13.3376,Left,0,0,0,0,0.0000,300.000,0,0.000,0,127.500,71.914,4.500,0.0300,1.0000,100.00,shockwave,60,450;300;200;100;50,1.5,3,0.5,1,2,1,10,0,100,-10,5,250,40,5,250,60,1,8,11,0,0.06,4,0.556,50,8,5
56,1,60,FrameTimeStutter,5.000,shockwave,practice,2026-09-16T14:18:06.7270312-04:00,1,288,5.24144,17.1076,1576.47,1440.00,0.000,0.000,4.1561,7.8550,13.3376,Left,0,0,0,0,0.0000,300.000,0,0.000,0,127.500,71.914,4.500,0.0300,1.0000,100.00,shockwave,60,450;300;200;100;50,1.5,3,0.5,1,2,1,10,0,100,-10,5,250,40,5,250,60,1,8,11,0,0.06,4,0.556,50,8,5
56,1,60,FrameTimeStutter,5.000,shockwave,practice,2026-09-16T14:18:06.7270312-04:00,1,289,5.25782,16.3802,1576.47,1440.00,0.000,0.000,4.1561,7.8550,13.3376,Left,0,0,0,0,0.0000,300.000,0,0.000,0,127.500,71.914,4.500,0.0300,1.0000,100.00,shockwave,60,450;300;200;100;50,1.5,3,0.5,1,2,1,10,0,100,-10,5,250,40,5,250,60,1,8,11,0,0.06,4,0.556,50,8,5
56,1,60,FrameTimeStutter,5.000,shockwave,practice,2026-09-16T14:18:06.7270312-04:00,1,290,5.27490,17.0740,1576.47,1440.00,0.000,0.000,4.1561,7.8550,13.3376,Left,0,0,0,0,0.0000,300.000,0,0.000,0,127.500,71.914,4.500,0.0300,1.0000,100.00,shockwave,60,450;300;200;100;50,1.5,3,0.5,1,2,1,10,0,100,-10,5,250,40,5,250,60,1,8,11,0,0.06,4,0.556,50,8,5
56,1,60,FrameTimeStutter,5.000,shockwave,practice,2026-09-16T14:18:06.7270312-04:00,1,291,5.29177,16.8711,1576.47,1440.00,0.000,0.000,4.1561,7.8550,13.3376,Left,0,0,0,0,0.0000,300.000,0,0.000,0,127.500,71.914,4.500,0.0300,1.0000,100.00,shockwave,60,450;300;200;100;50,1.5,3,0.5,1,2,1,10,0,100,-10,5,250,40,5,250,60,1,8,11,0,0.06,4,0.556,50,8,5
56,1,60,FrameTimeStutter,5.000,shockwave,practice,2026-09-16T14:18:06.7270312-04:00,1,292,5.30826,16.4937,1576.47,1440.00,0.000,0.000,4.1561,7.8550,13.3376,Left,1,1,0,1,4.1561,300.000,0,0.000,0,127.500,71.914,4.500,0.0300,0.5000,90.00,shockwave,60,450;300;200;100;50,1.5,3,0.5,1,2,1,10,0,100,-10,5,250,40,5,250,60,1,8,11,0,0.06,4,0.556,50,8,5
56,1,60,FrameTimeStutter,5.000,shockwave,practice,2026-09-16T14:18:06.7270312-04:00,1,293,5.32497,16.7089,1576.47,1440.00,0.000,0.000,4.1561,7.8550,13.3376,Left,1,0,0,0,0.0000,300.000,0,0.000,0,127.500,71.914,4.500,0.0300,0.5000,90.00,shockwave,60,450;300;200;100;50,1.5,3,0.5,1,2,1,10,0,100,-10,5,250,40,5,250,60,1,8,11,0,0.06,4,0.556,50,8,5
56,1,60,FrameTimeStutter,5.000,shockwave,practice,2026-09-16T14:18:06.7270312-04:00,1,294,5.34101,16.0379,1576.47,1440.00,0.000,0.000,4.1561,7.8550,13.3376,Left,1,0,0,0,0.0000,300.000,0,0.000,0,127.500,71.914,4.500,0.0300,0.5000,90.00,shockwave,60,450;300;200;100;50,1.5,3,0.5,1,2,1,10,0,100,-10,5,250,40,5,250,60,1,8,11,0,0.06,4,0.556,50,8,5
56,1,60,FrameTimeStutter,5.000,shockwave,practice,2026-09-16T14:18:06.7270312-04:00,1,295,5.35778,16.7672,1576.47,1440.00,0.000,0.000,4.1561,7.8550,13.3376,Left,1,0,0,0,0.0000,300.000,0,0.000,0,127.500,71.914,4.500,0.0300,0.5000,90.00,shockwave,60,450;300;200;100;50,1.5,3,0.5,1,2,1,10,0,100,-10,5,250,40,5,250,60,1,8,11,0,0.06,4,0.556,50,8,5
56,1,60,FrameTimeStutter,5.000,shockwave,practice,2026-09-16T14:18:06.7270312-04:00,1,296,5.37460,16.8221,1576.47,1440.00,0.000,0.000,4.1561,7.8550,13.3376,Left,1,0,0,0,0.0000,300.000,0,0.000,0,127.500,71.914,4.500,0.0300,0.5000,90.00,shockwave,60,450;300;200;100;50,1.5,3,0.5,1,2,1,10,0,100,-10,5,250,40,5,250,60,1,8,11,0,0.06,4,0.556,50,8,5
56,1,60,FrameTimeStutter,5.000,shockwave,practice,2026-09-16T14:18:06.7270312-04:00,1,297,5.39180,17.1975,1576.47,1440.00,0.000,0.000,4.1561,7.8550,13.3376,Left,1,0,0,0,0.0000,300.000,0,0.000,0,127.500,71.914,4.500,0.0300,0.5000,90.00,shockwave,60,450;300;200;100;50,1.5,3,0.5,1,2,1,10,0,100,-10,5,250,40,5,250,60,1,8,11,0,0.06,4,0.556,50,8,5
56,1,60,FrameTimeStutter,5.000,shockwave,practice,2026-09-16T14:18:06.7270312-04:00,1,298,5.40789,16.0954,1576.47,1440.00,0.000,0.000,4.1561,7.8550,13.3376,Left,1,0,0,0,0.0000,300.000,0,0.000,0,127.500,71.914,4.500,0.0300,0.5000,90.00,shockwave,60,450;300;200;100;50,1.5,3,0.5,1,2,1,10,0,100,-10,5,250,40,5,250,60,1,8,11,0,0.06,4,0.556,50,8,5
56,1,60,FrameTimeStutter,5.000,shockwave,practice,2026-09-16T14:18:06.7270312-04:00,1,299,5.42450,16.6081,1576.47,1440.00,0.000,0.000,4.1561,7.8550,13.3376,Left,1,0,0,0,0.0000,300.000,0,0.000,0,127.500,71.914,4.500,0.0300,0.5000,90.00,shockwave,60,450;300;200;100;50,1.5,3,0.5,1,2,1,10,0,100,-10,5,250,40,5,250,60,1,8,11,0,0.06,4,0.556,50,8,5
56,1,60,FrameTimeStutter,5.000,shockwave,practice,2026-09-16T14:18:06.7270312-04:00,1,300,5.44155,17.0486,1576.47,1440.00,0.000,0.000,4.1561,7.8550,13.3376,Left,0,0,0,0,0.0000,300.000,0,0.000,0,127.500,71.914,4.500,0.0300,0.5000,90.00,shockwave,60,450;300;200;100;50,1.5,3,0.5,1,2,1,10,0,100,-10,5,250,40,5,250,60,1,8,11,0,0.06,4,0.556,50,8,5
56,1,60,FrameTimeStutter,5.000,shockwave,practice,2026-09-16T14:18:06.7270312-04:00,1,301,5.45797,16.4265,1576.47,1440.00,0.000,0.000,4.1561,7.8550,13.3376,Left,0,0,0,0,0.0000,300.000,0,0.000,0,127.500,71.914,4.500,0.0300,0.5000,90.00,shockwave,60,450;300;200;100;50,1.5,3,0.5,1,2,1,10,0,100,-10,5,250,40,5,250,60,1,8,11,0,0.06,4,0.556,50,8,5
56,1,60,FrameTimeStutter,5.000,shockwave,practice,2026-09-16T14:18:06.7270312-04:00,1,302,5.47442,16.4466,1576.47,1440.00,0.000,0.000,4.1561,7.8550,13.3376,Left,0,0,0,0,0.0000,300.000,0,0.000,0,127.500,71.914,4.500,0.0300,0.5000,90.00,shockwave,60,450;300;200;100;50,1.5,3,0.5,1,2,1,10,0,100,-10,5,250,40,5,250,60,1,8,11,0,0.06,4,0.556,50,8,5
56,1,60,FrameTimeStutter,5.000,shockwave,practice,2026-09-16T14:18:06.7270312-04:00,1,303,5.49142,16.9957,1576.47,1440.00,0.000,0.000,4.1561,7.8550,13.3376,Left,0,0,0,0,0.0000,300.000,0,0.000,0,127.500,71.914,4.500,0.0300,0.5000,90.00,shockwave,60,450;300;200;100;50,1.5,3,0.5,1,2,1,10,0,100,-10,5,250,40,5,250,60,1,8,11,0,0.06,4,0.556,50,8,5
56,1,60,FrameTimeStutter,5.000,shockwave,practice,2026-09-16T14:18:06.7270312-04:00,1,304,5.50815,16.7316,1576.47,1440.00,0.000,0.000,4.1561,7.8550,13.3376,Left,0,0,0,0,0.0000,300.000,0,0.000,0,127.500,71.914,4.500,0.0300,0.5000,90.00,shockwave,60,450;300;200;100;50,1.5,3,0.5,1,2,1,10,0,100,-10,5,250,40,5,250,60,1,8,11,0,0.06,4,0.556,50,8,5
56,1,60,FrameTimeStutter,5.000,shockwave,practice,2026-09-16T14:18:06.7270312-04:00,1,305,5.52461,16.4653,1576.47,1440.00,0.000,0.000,4.1561,7.8550,13.3376,Left,0,0,0,0,0.0000,300.000,0,0.000,0,127.500,71.914,4.500,0.0300,0.5000,90.00,shockwave,60,450;300;200;100;50,1.5,3,0.5,1,2,1,10,0,100,-10,5,250,40,5,250,60,1,8,11,0,0.06,4,0.556,50,8,5
56,1,60,FrameTimeStutter,5.000,shockwave,practice,2026-09-16T14:18:06.7270312-04:00,1,306,5.54107,16.4519,1576.47,1440.00,0.000,0.000,4.1561,7.8550,13.3376,Left,0,0,0,0,0.0000,300.000,0,0.000,0,127.500,71.914,4.500,0.0300,0.5000,90.00,shockwave,60,450;300;200;100;50,1.5,3,0.5,1,2,1,10,0,100,-10,5,250,40,5,250,60,1,8,11,0,0.06,4,0.556,50,8,5
56,1,60,FrameTimeStutter,5.000,shockwave,practice,2026-09-16T14:18:06.7270312-04:00,1,307,5.55773,16.6645,1576.47,1440.00,0.000,0.000,4.1561,7.8550,13.3376,Left,0,0,0,0,0.0000,300.000,0,0.000,0,127.500,71.914,4.500,0.0300,0.5000,90.00,shockwave,60,450;300;200;100;50,1.5,3,0.5,1,2,1,10,0,100,-10,5,250,40,5,250,60,1,8,11,0,0.06,4,0.556,50,8,5
56,1,60,FrameTimeStutter,5.000,shockwave,practice,2026-09-16T14:18:06.7270312-04:00,1,308,5.57476,17.0273,1576.47,1440.00,0.000,0.000,4.1561,7.8550,13.3376,Left,0,0,0,0,0.0000,300.000,0,0.000,0,127.500,71.914,4.500,0.0300,0.5000,90.00,shockwave,60,450;300;200;100;50,1.5,3,0.5,1,2,1,10,0,100,-10,5,250,40,5,250,60,1,8,11,0,0.06,4,0.556,50,8,5
56,1,60,FrameTimeStutter,5.000,shockwave,practice,2026-09-16T14:18:06.7270312-04:00,1,309,5.59170,16.9423,1576.47,1440.00,0.000,0.000,4.1561,7.8550,13.3376,Left,0,0,0,0,0.0000,300.000,0,0.000,0,127.500,71.914,4.500,0.0300,0.5000,90.00,shockwave,60,450;300;200;100;50,1.5,3,0.5,1,2,1,10,0,100,-10,5,250,40,5,250,60,1,8,11,0,0.06,4,0.556,50,8,5
56,1,60,FrameTimeStutter,5.000,shockwave,practice,2026-09-16T14:18:06.7270312-04:00,1,310,5.60801,16.3121,1576.47,1440.00,0.000,0.000,4.1561,7.8550,13.3376,Left,0,0,0,0,0.0000,300.000,0,0.000,0,127.500,71.914,4.500,0.0300,0.5000,90.00,shockwave,60,450;300;200;100;50,1.5,3,0.5,1,2,1,10,0,100,-10,5,250,40,5,250,60,1,8,11,0,0.06,4,0.556,50,8,5
56,1,60,FrameTimeStutter,5.000,shockwave,practice,2026-09-16T14:18:06.7270312-04:00,1,311,5.62465,16.6352,1576.47,1440.00,0.000,0.000,4.1561,7.8550,13.3376,Left,0,0,0,0,0.0000,300.000,0,0.000,0,127.500,71.914,4.500,0.0300,0.5000,90.00,shockwave,60,450;300;200;100;50,1.5,3,0.5,1,2,1,10,0,100,-10,5,250,40,5,250,60,1,8,11,0,0.06,4,0.556,50,8,5
56,1,60,FrameTimeStutter,5.000,shockwave,practice,2026-09-16T14:18:06.7270312-04:00,1,312,5.64139,16.7396,1576.47,1440.00,0.000,0.000,4.1561,7.8550,13.3376,Left,0,0,0,0,0.0000,300.000,0,0.000,0,127.500,71.914,4.500,0.0300,0.5000,90.00,shockwave,60,450;300;200;100;50,1.5,3,0.5,1,2,1,10,0,100,-10,5,250,40,5,250,60,1,8,11,0,0.06,4,0.556,50,8,5
56,1,60,FrameTimeStutter,5.000,shockwave,practice,2026-09-16T14:18:06.7270312-04:00,1,313,5.65839,16.9992,1576.47,1440.00,0.000,0.000,4.1561,7.8550,13.3376,Left,0,0,0,0,0.0000,300.000,0,0.000,0,127.500,71.914,4.500,0.0300,0.5000,90.00,shockwave,60,450;300;200;100;50,1.5,3,0.5,1,2,1,10,0,100,-10,5,250,40,5,250,60,1,8,11,0,0.06,4,0.556,50,8,5
56,1,60,FrameTimeStutter,5.000,shockwave,practice,2026-09-16T14:18:06.7270312-04:00,1,314,5.67468,16.2913,1576.47,1440.00,0.000,0.000,4.1561,7.8550,13.3376,Left,0,0,0,0,0.0000,300.000,0,0.000,0,127.500,71.914,4.500,0.0300,0.5000,90.00,shockwave,60,450;300;200;100;50,1.5,3,0.5,1,2,1,10,0,100,-10,5,250,40,5,250,60,1,8,11,0,0.06,4,0.556,50,8,5
56,1,60,FrameTimeStutter,5.000,shockwave,practice,2026-09-16T14:18:06.7270312-04:00,1,315,5.69182,17.1388,1576.47,1440.00,0.000,0.000,4.1561,7.8550,13.3376,Left,0,0,0,0,0.0000,300.000,0,0.000,0,127.500,71.914,4.500,0.0300,0.5000,90.00,shockwave,60,450;300;200;100;50,1.5,3,0.5,1,2,1,10,0,100,-10,5,250,40,5,250,60,1,8,11,0,0.06,4,0.556,50,8,5
56,1,60,FrameTimeStutter,5.000,shockwave,practice,2026-09-16T14:18:06.7270312-04:00,1,316,5.70770,15.8833,1576.47,1440.00,0.000,0.000,4.1561,7.8550,13.3376,Left,0,0,0,0,0.0000,300.000,0,0.000,0,127.500,71.914,4.500,0.0300,0.5000,90.00,shockwave,60,450;300;200;100;50,1.5,3,0.5,1,2,1,10,0,100,-10,5,250,40,5,250,60,1,8,11,0,0.06,4,0.556,50,8,5
56,1,60,FrameTimeStutter,5.000,shockwave,practice,2026-09-16T14:18:06.7270312-04:00,1,317,5.72471,17.0076,1576.47,1440.00,0.000,0.000,4.1561,7.8550,13.3376,Left,0,0,0,0,0.0000,300.000,0,0.000,0,127.500,71.914,4.500,0.0300,0.5000,90.00,shockwave,60,450;300;200;100;50,1.5,3,0.5,1,2,1,10,0,100,-10,5,250,40,5,250,60,1,8,11,0,0.06,4,0.556,50,8,5
56,1,60,FrameTimeStutter,5.000,shockwave,practice,2026-09-16T14:18:06.7270312-04:00,1,318,5.74124,16.5377,1576.47,1440.00,0.000,0.000,4.1561,7.8550,13.3376,Left,0,0,0,0,0.0000,300.000,0,0.000,0,127.500,71.914,4.500,0.0300,0.5000,90.00,shockwave,60,450;300;200;100;50,1.5,3,0.5,1,2,1,10,0,100,-10,5,250,40,5,250,60,1,8,11,0,0.06,4,0.556,50,8,5
56,1,60,FrameTimeStutter,5.000,shockwave,practice,2026-09-16T14:18:06.7270312-04:00,1,319,5.75764,16.3905,1576.47,1440.00,0.000,0.000,4.1561,7.8550,13.3376,Left,0,0,0,0,0.0000,300.000,0,0.000,0,127.500,71.914,4.500,0.0300,0.5000,90.00,shockwave,60,450;300;200;100;50,1.5,3,0.5,1,2,1,10,0,100,-10,5,250,40,5,250,60,1,8,11,0,0.06,4,0.556,50,8,5
56,1,60,FrameTimeStutter,5.000,shockwave,practice,2026-09-16T14:18:06.7270312-04:00,1,320,5.77471,17.0720,1576.47,1440.00,0.000,0.000,4.1561,7.8550,13.3376,Left,0,0,0,0,0.0000,300.000,0,0.000,0,127.500,71.914,4.500,0.0300,0.5000,90.00,shockwave,60,450;300;200;100;50,1.5,3,0.5,1,2,1,10,0,100,-10,5,250,40,5,250,60,1,8,11,0,0.06,4,0.556,50,8,5
56,1,60,FrameTimeStutter,5.000,shockwave,practice,2026-09-16T14:18:06.7270312-04:00,1,321,5.79110,16.3924,1576.47,1440.00,0.000,0.000,4.1561,7.8550,13.3376,Left,0,0,0,0,0.0000,300.000,0,0.000,0,127.500,71.914,4.500,0.0300,0.5000,90.00,shockwave,60,450;300;200;100;50,1.5,3,0.5,1,2,1,10,0,100,-10,5,250,40,5,250,60,1,8,11,0,0.06,4,0.556,50,8,5
56,1,60,FrameTimeStutter,5.000,shockwave,practice,2026-09-16T14:18:06.7270312-04:00,1,322,5.80792,16.8253,1576.47,1440.00,0.000,0.000,4.1561,7.8550,13.3376,Left,0,0,0,0,0.0000,300.000,0,0.000,0,127.500,71.914,4.500,0.0300,0.5000,90.00,shockwave,60,450;300;200;100;50,1.5,3,0.5,1,2,1,10,0,100,-10,5,250,40,5,250,60,1,8,11,0,0.06,4,0.556,50,8,5
56,1,60,FrameTimeStutter,5.000,shockwave,practice,2026-09-16T14:18:06.7270312-04:00,1,323,5.82472,16.7936,1576.47,1440.00,0.000,0.000,4.1561,7.8550,13.3376,Left,0,0,0,0,0.0000,300.000,0,0.000,0,127.500,71.914,4.500,0.0300,0.5000,90.00,shockwave,60,450;300;200;100;50,1.5,3,0.5,1,2,1,10,0,100,-10,5,250,40,5,250,60,1,8,11,0,0.06,4,0.556,50,8,5
56,1,60,FrameTimeStutter,5.000,shockwave,practice,2026-09-16T14:18:06.7270312-04:00,1,324,5.84105,16.3369,1576.47,1440.00,0.000,0.000,4.1561,7.8550,13.3376,Left,0,0,0,0,0.0000,300.000,0,0.000,0,127.500,71.914,4.500,0.0300,0.5000,90.00,shockwave,60,450;300;200;100;50,1.5,3,0.5,1,2,1,10,0,100,-10,5,250,40,5,250,60,1,8,11,0,0.06,4,0.556,50,8,5
56,1,60,FrameTimeStutter,5.000,shockwave,practice,2026-09-16T14:18:06.7270312-04:00,1,325,5.85828,17.2233,1576.47,1440.00,0.000,0.000,4.1561,7.8550,13.3376,Left,0,0,0,0,0.0000,300.000,0,0.000,0,127.500,71.914,4.500,0.0300,0.5000,90.00,shockwave,60,450;300;200;100;50,1.5,3,0.5,1,2,1,10,0,100,-10,5,250,40,5,250,60,1,8,11,0,0.06,4,0.556,50,8,5
56,1,60,FrameTimeStutter,5.000,shockwave,practice,2026-09-16T14:18:06.7270312-04:00,1,326,5.87462,16.3381,1576.47,1440.00,0.000,0.000,4.1561,7.8550,13.3376,Left,0,0,0,0,0.0000,300.000,0,0.000,0,127.500,71.914,4.500,0.0300,0.5000,90.00,shockwave,60,450;300;200;100;50,1.5,3,0.5,1,2,1,10,0,100,-10,5,250,40,5,250,60,1,8,11,0,0.06,4,0.556,50,8,5
56,1,60,FrameTimeStutter,5.000,shockwave,practice,2026-09-16T14:18:06.7270312-04:00,1,327,5.89138,16.7655,1576.47,1440.00,0.000,0.000,4.1561,7.8550,13.3376,Left,0,0,0,0,0.0000,300.000,0,0.000,0,127.500,71.914,4.500,0.0300,0.5000,90.00,shockwave,60,450;300;200;100;50,1.5,3,0.5,1,2,1,10,0,100,-10,5,250,40,5,250,60,1,8,11,0,0.06,4,0.556,50,8,5
56,1,60,FrameTimeStutter,5.000,shockwave,practice,2026-09-16T14:18:06.7270312-04:00,1,328,5.90775,16.3643,1576.47,1440.00,0.000,0.000,4.1561,7.8550,13.3376,Left,0,0,0,0,0.0000,300.000,0,0.000,0,127.500,71.914,4.500,0.0300,0.5000,90.00,shockwave,60,450;300;200;100;50,1.5,3,0.5,1,2,1,10,0,100,-10,5,250,40,5,250,60,1,8,11,0,0.06,4,0.556,50,8,5
56,1,60,FrameTimeStutter,5.000,shockwave,practice,2026-09-16T14:18:06.7270312-04:00,1,329,5.92436,16.6181,1576.47,1440.00,0.000,0.000,4.1561,7.8550,13.3376,Left,0,0,0,0,0.0000,300.000,0,0.000,0,127.500,71.914,4.500,0.0300,0.5000,90.00,shockwave,60,450;300;200;100;50,1.5,3,0.5,1,2,1,10,0,100,-10,5,250,40,5,250,60,1,8,11,0,0.06,4,0.556,50,8,5
56,1,60,FrameTimeStutter,5.000,shockwave,practice,2026-09-16T14:18:06.7270312-04:00,1,330,5.94114,16.7731,1576.47,1440.00,0.000,0.000,4.1561,7.8550,13.3376,Left,0,0,0,0,0.0000,300.000,0,0.000,0,127.500,71.914,4.500,0.0300,0.5000,90.00,shockwave,60,450;300;200;100;50,1.5,3,0.5,1,2,1,10,0,100,-10,5,250,40,5,250,60,1,8,11,0,0.06,4,0.556,50,8,5
56,1,60,FrameTimeStutter,5.000,shockwave,practice,2026-09-16T14:18:06.7270312-04:00,1,331,5.95763,16.4879,1576.47,1440.00,0.000,0.000,4.1561,7.8550,13.3376,Left,0,0,0,0,0.0000,300.000,0,0.000,0,127.500,71.914,4.500,0.0300,0.5000,90.00,shockwave,60,450;300;200;100;50,1.5,3,0.5,1,2,1,10,0,100,-10,5,250,40,5,250,60,1,8,11,0,0.06,4,0.556,50,8,5
56,1,60,FrameTimeStutter,5.000,shockwave,practice,2026-09-16T14:18:06.7270312-04:00,1,332,5.97498,17.3567,1576.47,1440.00,0.000,0.000,4.1561,7.8550,13.3376,Left,0,0,0,0,0.0000,300.000,0,0.000,0,127.500,71.914,4.500,0.0300,0.5000,90.00,shockwave,60,450;300;200;100;50,1.5,3,0.5,1,2,1,10,0,100,-10,5,250,40,5,250,60,1,8,11,0,0.06,4,0.556,50,8,5
56,1,60,FrameTimeStutter,5.000,shockwave,practice,2026-09-16T14:18:06.7270312-04:00,1,333,5.99148,16.4940,1576.47,1440.00,0.000,0.000,4.1561,7.8550,13.3376,Left,0,0,0,0,0.0000,300.000,0,0.000,0,127.500,71.914,4.500,0.0300,0.5000,90.00,shockwave,60,450;300;200;100;50,1.5,3,0.5,1,2,1,10,0,100,-10,5,250,40,5,250,60,1,8,11,0,0.06,4,0.556,50,8,5
56,1,60,FrameTimeStutter,5.000,shockwave,practice,2026-09-16T14:18:06.7270312-04:00,1,334,6.00788,16.4075,1576.47,1440.00,0.000,0.000,4.1561,7.8550,13.3376,Left,0,0,0,0,0.0000,300.000,0,0.000,0,127.500,71.914,4.500,0.0300,0.5000,90.00,shockwave,60,450;300;200;100;50,1.5,3,0.5,1,2,1,10,0,100,-10,5,250,40,5,250,60,1,8,11,0,0.06,4,0.556,50,8,5
56,1,60,FrameTimeStutter,5.000,shockwave,practice,2026-09-16T14:18:06.7270312-04:00,1,335,6.02477,16.8870,1576.47,1440.00,0.000,0.000,4.1561,7.8550,13.3376,Left,0,0,0,0,0.0000,300.000,0,0.000,0,127.500,71.914,4.500,0.0300,0.5000,90.00,shockwave,60,450;300;200;100;50,1.5,3,0.5,1,2,1,10,0,100,-10,5,250,40,5,250,60,1,8,11,0,0.06,4,0.556,50,8,5
56,1,60,FrameTimeStutter,5.000,shockwave,practice,2026-09-16T14:18:06.7270312-04:00,1,336,6.04162,16.8532,1576.47,1440.00,0.000,0.000,4.1561,7.8550,13.3376,Left,0,0,0,0,0.0000,300.000,0,0.000,0,127.500,71.914,4.500,0.0300,0.5000,90.00,shockwave,60,450;300;200;100;50,1.5,3,0.5,1,2,1,10,0,100,-10,5,250,40,5,250,60,1,8,11,0,0.06,4,0.556,50,8,5
56,1,60,FrameTimeStutter,5.000,shockwave,practice,2026-09-16T14:18:06.7270312-04:00,1,337,6.05762,15.9988,1576.47,1440.00,0.000,0.000,4.1561,7.8550,13.3376,Left,0,0,0,0,0.0000,300.000,0,0.000,0,127.500,71.914,4.500,0.0300,0.5000,90.00,shockwave,60,450;300;200;100;50,1.5,3,0.5,1,2,1,10,0,100,-10,5,250,40,5,250,60,1,8,11,0,0.06,4,0.556,50,8,5
56,1,60,FrameTimeStutter,5.000,shockwave,practice,2026-09-16T14:18:06.7270312-04:00,1,338,6.07461,16.9855,1576.47,1440.00,0.000,0.000,4.1561,7.8550,13.3376,Left,0,0,0,0,0.0000,300.000,0,0.000,0,127.500,71.914,4.500,0.0300,0.5000,90.00,shockwave,60,450;300;200;100;50,1.5,3,0.5,1,2,1,10,0,100,-10,5,250,40,5,250,60,1,8,11,0,0.06,4,0.556,50,8,5
56,1,60,FrameTimeStutter,5.000,shockwave,practice,2026-09-16T14:18:06.7270312-04:00,1,339,6.09136,16.7519,1576.47,1440.00,0.000,0.000,4.1561,7.8550,13.3376,Left,0,0,0,0,0.0000,300.000,0,0.000,0,127.500,71.914,4.500,0.0300,0.5000,90.00,shockwave,60,450;300;200;100;50,1.5,3,0.5,1,2,1,10,0,100,-10,5,250,40,5,250,60,1,8,11,0,0.06,4,0.556,50,8,5
56,1,60,FrameTimeStutter,5.000,shockwave,practice,2026-09-16T14:18:06.7270312-04:00,1,340,6.10788,16.5180,1576.47,1440.00,0.000,0.000,4.1561,7.8550,13.3376,Left,0,0,0,0,0.0000,300.000,0,0.000,0,127.500,71.914,4.500,0.0300,0.5000,90.00,shockwave,60,450;300;200;100;50,1.5,3,0.5,1,2,1,10,0,100,-10,5,250,40,5,250,60,1,8,11,0,0.06,4,0.556,50,8,5
56,1,60,FrameTimeStutter,5.000,shockwave,practice,2026-09-16T14:18:06.7270312-04:00,1,341,6.12429,16.4115,1576.47,1440.00,0.000,0.000,4.1561,7.8550,13.3376,Left,0,0,0,0,0.0000,300.000,0,0.000,0,127.500,71.914,4.500,0.0300,0.5000,90.00,shockwave,60,450;300;200;100;50,1.5,3,0.5,1,2,1,10,0,100,-10,5,250,40,5,250,60,1,8,11,0,0.06,4,0.556,50,8,5
56,1,60,FrameTimeStutter,5.000,shockwave,practice,2026-09-16T14:18:06.7270312-04:00,1,342,6.14120,16.9124,1576.47,1440.00,0.000,0.000,4.1561,7.8550,13.3376,Left,0,0,0,0,0.0000,300.000,0,0.000,0,127.500,71.914,4.500,0.0300,0.5000,90.00,shockwave,60,450;300;200;100;50,1.5,3,0.5,1,2,1,10,0,100,-10,5,250,40,5,250,60,1,8,11,0,0.06,4,0.556,50,8,5
56,1,60,FrameTimeStutter,5.000,shockwave,practice,2026-09-16T14:18:06.7270312-04:00,1,343,6.15794,16.7380,1576.47,1440.00,0.000,0.000,4.1561,7.8550,13.3376,Left,0,0,0,0,0.0000,300.000,0,0.000,0,127.500,71.914,4.500,0.0300,0.5000,90.00,shockwave,60,450;300;200;100;50,1.5,3,0.5,1,2,1,10,0,100,-10,5,250,40,5,250,60,1,8,11,0,0.06,4,0.556,50,8,5
56,1,60,FrameTimeStutter,5.000,shockwave,practice,2026-09-16T14:18:06.7270312-04:00,1,344,6.17452,16.5812,1576.47,1440.00,0.000,0.000,4.1561,7.8550,13.3376,Left,0,0,0,0,0.0000,300.000,0,0.000,0,127.500,71.914,4.500,0.0300,0.5000,90.00,shockwave,60,450;300;200;100;50,1.5,3,0.5,1,2,1,10,0,100,-10,5,250,40,5,250,60,1,8,11,0,0.06,4,0.556,50,8,5
56,1,60,FrameTimeStutter,5.000,shockwave,practice,2026-09-16T14:18:06.7270312-04:00,1,345,6.19102,16.4952,1576.47,1440.00,0.000,0.000,4.1561,7.8550,13.3376,Left,0,0,0,0,0.0000,300.000,0,0.000,0,127.500,71.914,4.500,0.0300,0.5000,90.00,shockwave,60,450;300;200;100;50,1.5,3,0.5,1,2,1,10,0,100,-10,5,250,40,5,250,60,1,8,11,0,0.06,4,0.556,50,8,5
56,1,60,FrameTimeStutter,5.000,shockwave,practice,2026-09-16T14:18:06.7270312-04:00,1,346,6.20770,16.6838,1576.47,1440.00,0.000,0.000,4.1561,7.8550,13.3376,Left,0,0,0,0,0.0000,300.000,0,0.000,0,127.500,71.914,4.500,0.0300,0.5000,90.00,shockwave,60,450;300;200;100;50,1.5,3,0.5,1,2,1,10,0,100,-10,5,250,40,5,250,60,1,8,11,0,0.06,4,0.556,50,8,5
56,1,60,FrameTimeStutter,5.000,shockwave,practice,2026-09-16T14:18:06.7270312-04:00,1,347,6.22480,17.1029,1576.47,1440.00,0.000,0.000,4.1561,7.8550,13.3376,Left,0,0,0,0,0.0000,300.000,0,0.000,0,127.500,71.914,4.500,0.0300,0.5000,90.00,shockwave,60,450;300;200;100;50,1.5,3,0.5,1,2,1,10,0,100,-10,5,250,40,5,250,60,1,8,11,0,0.06,4,0.556,50,8,5
56,1,60,FrameTimeStutter,5.000,shockwave,practice,2026-09-16T14:18:06.7270312-04:00,1,348,6.24160,16.7923,1576.47,1440.00,0.000,0.000,4.1561,7.8550,13.3376,Left,0,0,0,0,0.0000,300.000,0,0.000,0,127.500,71.914,4.500,0.0300,0.5000,90.00,shockwave,60,450;300;200;100;50,1.5,3,0.5,1,2,1,10,0,100,-10,5,250,40,5,250,60,1,8,11,0,0.06,4,0.556,50,8,5
56,1,60,FrameTimeStutter,5.000,shockwave,practice,2026-09-16T14:18:06.7270312-04:00,1,349,6.25823,16.6385,1576.47,1440.00,0.000,0.000,4.1561,7.8550,13.3376,Left,0,0,0,0,0.0000,300.000,0,0.000,0,127.500,71.914,4.500,0.0300,0.5000,90.00,shockwave,60,450;300;200;100;50,1.5,3,0.5,1,2,1,10,0,100,-10,5,250,40,5,250,60,1,8,11,0,0.06,4,0.556,50,8,5
56,1,60,FrameTimeStutter,5.000,shockwave,practice,2026-09-16T14:18:06.7270312-04:00,1,350,6.27443,16.1984,1576.47,1440.00,0.000,0.000,4.1561,7.8550,13.3376,Left,0,0,0,0,0.0000,300.000,0,0.000,0,127.500,71.914,4.500,0.0300,0.5000,90.00,shockwave,60,450;300;200;100;50,1.5,3,0.5,1,2,1,10,0,100,-10,5,250,40,5,250,60,1,8,11,0,0.06,4,0.556,50,8,5
56,1,60,FrameTimeStutter,5.000,shockwave,practice,2026-09-16T14:18:06.7270312-04:00,1,351,6.29123,16.7965,1576.47,1440.00,0.000,0.000,4.1561,7.8550,13.3376,Left,0,0,0,0,0.0000,300.000,0,0.000,0,127.500,71.914,4.500,0.0300,0.5000,90.00,shockwave,60,450;300;200;100;50,1.5,3,0.5,1,2,1,10,0,100,-10,5,250,40,5,250,60,1,8,11,0,0.06,4,0.556,50,8,5
56,1,60,FrameTimeStutter,5.000,shockwave,practice,2026-09-16T14:18:06.7270312-04:00,1,352,6.30846,17.2331,1576.47,1440.00,0.000,0.000,4.1561,7.8550,13.3376,Left,0,0,0,0,0.0000,300.000,0,0.000,0,127.500,71.914,4.500,0.0300,0.5000,90.00,shockwave,60,450;300;200;100;50,1.5,3,0.5,1,2,1,10,0,100,-10,5,250,40,5,250,60,1,8,11,0,0.06,4,0.556,50,8,5
56,1,60,FrameTimeStutter,5.000,shockwave,practice,2026-09-16T14:18:06.7270312-04:00,1,353,6.32463,16.1729,1576.47,1440.00,0.000,0.000,4.1561,7.8550,13.3376,Left,0,0,0,0,0.0000,300.000,0,0.000,0,127.500,71.914,4.500,0.0300,0.5000,90.00,shockwave,60,450;300;200;100;50,1.5,3,0.5,1,2,1,10,0,100,-10,5,250,40,5,250,60,1,8,11,0,0.06,4,0.556,50,8,5
56,1,60,FrameTimeStutter,5.000,shockwave,practice,2026-09-16T14:18:06.7270312-04:00,1,354,6.34130,16.6654,1576.47,1440.00,0.000,0.000,4.1561,7.8550,13.3376,Left,0,0,0,0,0.0000,300.000,0,0.000,0,127.500,71.914,4.500,0.0300,0.5000,90.00,shockwave,60,450;300;200;100;50,1.5,3,0.5,1,2,1,10,0,100,-10,5,250,40,5,250,60,1,8,11,0,0.06,4,0.556,50,8,5
56,1,60,FrameTimeStutter,5.000,shockwave,practice,2026-09-16T14:18:06.7270312-04:00,1,355,6.35821,16.9113,1576.47,1440.00,0.000,0.000,4.1561,7.8550,13.3376,Left,0,0,0,0,0.0000,300.000,0,0.000,0,127.500,71.914,4.500,0.0300,0.5000,90.00,shockwave,60,450;300;200;100;50,1.5,3,0.5,1,2,1,10,0,100,-10,5,250,40,5,250,60,1,8,11,0,0.06,4,0.556,50,8,5
56,1,60,FrameTimeStutter,5.000,shockwave,practice,2026-09-16T14:18:06.7270312-04:00,1,356,6.37440,16.1928,1576.47,1440.00,0.000,0.000,4.1561,7.8550,13.3376,Left,0,0,0,0,0.0000,300.000,0,0.000,0,127.500,71.914,4.500,0.0300,0.5000,90.00,shockwave,60,450;300;200;100;50,1.5,3,0.5,1,2,1,10,0,100,-10,5,250,40,5,250,60,1,8,11,0,0.06,4,0.556,50,8,5
56,1,60,FrameTimeStutter,5.000,shockwave,practice,2026-09-16T14:18:06.7270312-04:00,1,357,6.39163,17.2275,1576.47,1440.00,0.000,0.000,4.1561,7.8550,13.3376,Left,0,0,0,0,0.0000,300.000,0,0.000,0,127.500,71.914,4.500,0.0300,0.5000,90.00,shockwave,60,450;300;200;100;50,1.5,3,0.5,1,2,1,10,0,100,-10,5,250,40,5,250,60,1,8,11,0,0.06,4,0.556,50,8,5
56,1,60,FrameTimeStutter,5.000,shockwave,practice,2026-09-16T14:18:06.7270312-04:00,1,358,6.40841,16.7738,1576.47,1440.00,0.000,0.000,4.1561,7.8550,13.3376,Left,0,0,0,0,0.0000,300.000,0,0.000,0,127.500,71.914,4.500,0.0300,0.5000,90.00,shockwave,60,450;300;200;100;50,1.5,3,0.5,1,2,1,10,0,100,-10,5,250,40,5,250,60,1,8,11,0,0.06,4,0.556,50,8,5
56,1,60,FrameTimeStutter,5.000,shockwave,practice,2026-09-16T14:18:06.7270312-04:00,1,359,6.42457,16.1690,1576.47,1440.00,0.000,0.000,4.1561,7.8550,13.3376,Left,0,0,0,0,0.0000,300.000,0,0.000,0,127.500,71.914,4.500,0.0300,0.5000,90.00,shockwave,60,450;300;200;100;50,1.5,3,0.5,1,2,1,10,0,100,-10,5,250,40,5,250,60,1,8,11,0,0.06,4,0.556,50,8,5
56,1,60,FrameTimeStutter,5.000,shockwave,practice,2026-09-16T14:18:06.7270312-04:00,1,360,6.44122,16.6479,1576.47,1440.00,0.000,0.000,4.1561,7.8550,13.3376,Left,0,0,0,0,0.0000,300.000,0,0.000,0,127.500,71.914,4.500,0.0300,0.5000,90.00,shockwave,60,450;300;200;100;50,1.5,3,0.5,1,2,1,10,0,100,-10,5,250,40,5,250,60,1,8,11,0,0.06,4,0.556,50,8,5
56,1,60,FrameTimeStutter,5.000,shockwave,practice,2026-09-16T14:18:06.7270312-04:00,1,361,6.45766,16.4354,1576.47,1440.00,0.000,0.000,4.1561,7.8550,13.3376,Left,0,0,0,0,0.0000,300.000,0,0.000,0,127.500,71.914,4.500,0.0300,0.5000,90.00,shockwave,60,450;300;200;100;50,1.5,3,0.5,1,2,1,10,0,100,-10,5,250,40,5,250,60,1,8,11,0,0.06,4,0.556,50,8,5
56,1,60,FrameTimeStutter,5.000,shockwave,practice,2026-09-16T14:18:06.7270312-04:00,1,362,6.47458,16.9254,1576.47,1440.00,0.000,0.000,4.1561,7.8550,13.3376,Left,0,0,0,0,0.0000,300.000,0,0.000,0,127.500,71.914,4.500,0.0300,0.5000,90.00,shockwave,60,450;300;200;100;50,1.5,3,0.5,1,2,1,10,0,100,-10,5,250,40,5,250,60,1,8,11,0,0.06,4,0.556,50,8,5
56,1,60,FrameTimeStutter,5.000,shockwave,practice,2026-09-16T14:18:06.7270312-04:00,1,363,6.49110,16.5143,1576.47,1440.00,0.000,0.000,4.1561,7.8550,13.3376,Left,0,0,0,0,0.0000,300.000,0,0.000,0,127.500,71.914,4.500,0.0300,0.5000,90.00,shockwave,60,450;300;200;100;50,1.5,3,0.5,1,2,1,10,0,100,-10,5,250,40,5,250,60,1,8,11,0,0.06,4,0.556,50,8,5
56,1,60,FrameTimeStutter,5.000,shockwave,practice,2026-09-16T14:18:06.7270312-04:00,1,364,6.50793,16.8288,1576.47,1440.00,0.000,0.000,4.1561,7.8550,13.3376,Left,0,0,0,0,0.0000,300.000,0,0.000,0,127.500,71.914,4.500,0.0300,0.5000,90.00,shockwave,60,450;300;200;100;50,1.5,3,0.5,1,2,1,10,0,100,-10,5,250,40,5,250,60,1,8,11,0,0.06,4,0.556,50,8,5
56,1,60,FrameTimeStutter,5.000,shockwave,practice,2026-09-16T14:18:06.7270312-04:00,1,365,6.52485,16.9202,1576.47,1440.00,0.000,0.000,4.1561,7.8550,13.3376,Left,0,0,0,0,0.0000,300.000,0,0.000,0,127.500,71.914,4.500,0.0300,0.5000,90.00,shockwave,60,450;300;200;100;50,1.5,3,0.5,1,2,1,10,0,100,-10,5,250,40,5,250,60,1,8,11,0,0.06,4,0.556,50,8,5
56,1,60,FrameTimeStutter,5.000,shockwave,practice,2026-09-16T14:18:06.7270312-04:00,1,366,6.54110,16.2527,1576.47,1440.00,0.000,0.000,4.1561,7.8550,13.3376,Left,0,0,0,0,0.0000,300.000,0,0.000,0,127.500,71.914,4.500,0.0300,0.5000,90.00,shockwave,60,450;300;200;100;50,1.5,3,0.5,1,2,1,10,0,100,-10,5,250,40,5,250,60,1,8,11,0,0.06,4,0.556,50,8,5
56,1,60,FrameTimeStutter,5.000,shockwave,practice,2026-09-16T14:18:06.7270312-04:00,1,367,6.55799,16.8890,1576.47,1440.00,0.000,0.000,4.1561,7.8550,13.3376,Left,0,0,0,0,0.0000,300.000,0,0.000,0,127.500,71.914,4.500,0.0300,0.5000,90.00,shockwave,60,450;300;200;100;50,1.5,3,0.5,1,2,1,10,0,100,-10,5,250,40,5,250,60,1,8,11,0,0.06,4,0.556,50,8,5
56,1,60,FrameTimeStutter,5.000,shockwave,practice,2026-09-16T14:18:06.7270312-04:00,1,368,6.57493,16.9409,1576.47,1440.00,0.000,0.000,4.1561,7.8550,13.3376,Left,0,0,0,0,0.0000,300.000,0,0.000,0,127.500,71.914,4.500,0.0300,0.5000,90.00,shockwave,60,450;300;200;100;50,1.5,3,0.5,1,2,1,10,0,100,-10,5,250,40,5,250,60,1,8,11,0,0.06,4,0.556,50,8,5
56,1,60,FrameTimeStutter,5.000,shockwave,practice,2026-09-16T14:18:06.7270312-04:00,1,369,6.59142,16.4924,1576.47,1440.00,0.000,0.000,4.1561,7.8550,13.3376,Left,0,0,0,0,0.0000,300.000,0,0.000,0,127.500,71.914,4.500,0.0300,0.5000,90.00,shockwave,60,450;300;200;100;50,1.5,3,0.5,1,2,1,10,0,100,-10,5,250,40,5,250,60,1,8,11,0,0.06,4,0.556,50,8,5
56,1,60,FrameTimeStutter,5.000,shockwave,practice,2026-09-16T14:18:06.7270312-04:00,1,370,6.60839,16.9650,1576.47,1440.00,0.000,0.000,4.1561,7.8550,13.3376,Left,0,0,0,0,0.0000,300.000,0,0.000,0,127.500,71.914,4.500,0.0300,0.5000,90.00,shockwave,60,450;300;200;100;50,1.5,3,0.5,1,2,1,10,0,100,-10,5,250,40,5,250,60,1,8,11,0,0.06,4,0.556,50,8,5
56,1,60,FrameTimeStutter,5.000,shockwave,practice,2026-09-16T14:18:06.7270312-04:00,1,371,6.62457,16.1790,1576.47,1440.00,0.000,0.000,4.1561,7.8550,13.3376,Left,0,0,0,0,0.0000,300.000,0,0.000,0,127.500,71.914,4.500,0.0300,0.5000,90.00,shockwave,60,450;300;200;100;50,1.5,3,0.5,1,2,1,10,0,100,-10,5,250,40,5,250,60,1,8,11,0,0.06,4,0.556,50,8,5
56,1,60,FrameTimeStutter,5.000,shockwave,practice,2026-09-16T14:18:06.7270312-04:00,1,372,6.64178,17.2148,1576.47,1440.00,0.000,0.000,4.1561,7.8550,13.3376,Left,0,0,0,0,0.0000,300.000,0,0.000,0,127.500,71.914,4.500,0.0300,0.5000,90.00,shockwave,60,450;300;200;100;50,1.5,3,0.5,1,2,1,10,0,100,-10,5,250,40,5,250,60,1,8,11,0,0.06,4,0.556,50,8,5
56,1,60,FrameTimeStutter,5.000,shockwave,practice,2026-09-16T14:18:06.7270312-04:00,1,373,6.65800,16.2233,1576.47,1440.00,0.000,0.000,4.1561,7.8550,13.3376,Left,0,0,0,0,0.0000,300.000,0,0.000,0,127.500,71.914,4.500,0.0300,0.5000,90.00,shockwave,60,450;300;200;100;50,1.5,3,0.5,1,2,1,10,0,100,-10,5,250,40,5,250,60,1,8,11,0,0.06,4,0.556,50,8,5
56,1,60,FrameTimeStutter,5.000,shockwave,practice,2026-09-16T14:18:06.7270312-04:00,1,374,6.67491,16.9043,1576.47,1440.00,0.000,0.000,4.1561,7.8550,13.3376,Left,0,0,0,0,0.0000,300.000,0,0.000,0,127.500,71.914,4.500,0.0300,0.5000,90.00,shockwave,60,450;300;200;100;50,1.5,3,0.5,1,2,1,10,0,100,-10,5,250,40,5,250,60,1,8,11,0,0.06,4,0.556,50,8,5
56,1,60,FrameTimeStutter,5.000,shockwave,practice,2026-09-16T14:18:06.7270312-04:00,1,375,6.69135,16.4392,1576.47,1440.00,0.000,0.000,4.1561,7.8550,13.3376,Left,0,0,0,0,0.0000,300.000,0,0.000,0,127.500,71.914,4.500,0.0300,0.5000,90.00,shockwave,60,450;300;200;100;50,1.5,3,0.5,1,2,1,10,0,100,-10,5,250,40,5,250,60,1,8,11,0,0.06,4,0.556,50,8,5
56,1,60,FrameTimeStutter,5.000,shockwave,practice,2026-09-16T14:18:06.7270312-04:00,1,376,6.70790,16.5580,1576.47,1440.00,0.000,0.000,4.1561,7.8550,13.3376,Left,0,0,0,0,0.0000,300.000,0,0.000,0,127.500,71.914,4.500,0.0300,0.5000,90.00,shockwave,60,450;300;200;100;50,1.5,3,0.5,1,2,1,10,0,100,-10,5,250,40,5,250,60,1,8,11,0,0.06,4,0.556,50,8,5
56,1,60,FrameTimeStutter,5.000,shockwave,practice,2026-09-16T14:18:06.7270312-04:00,1,377,6.72484,16.9363,1576.47,1440.00,0.000,0.000,4.1561,7.8550,13.3376,Left,0,0,0,0,0.0000,300.000,0,0.000,0,127.500,71.914,4.500,0.0300,0.5000,90.00,shockwave,60,450;300;200;100;50,1.5,3,0.5,1,2,1,10,0,100,-10,5,250,40,5,250,60,1,8,11,0,0.06,4,0.556,50,8,5
56,1,60,FrameTimeStutter,5.000,shockwave,practice,2026-09-16T14:18:06.7270312-04:00,1,378,6.74172,16.8833,1576.47,1440.00,0.000,0.000,4.1561,7.8550,13.3376,Left,0,0,0,0,0.0000,300.000,0,0.000,0,127.500,71.914,4.500,0.0300,0.5000,90.00,shockwave,60,450;300;200;100;50,1.5,3,0.5,1,2,1,10,0,100,-10,5,250,40,5,250,60,1,8,11,0,0.06,4,0.556,50,8,5
56,1,60,FrameTimeStutter,5.000,shockwave,practice,2026-09-16T14:18:06.7270312-04:00,1,379,6.75846,16.7335,1576.47,1440.00,0.000,0.000,4.1561,7.8550,13.3376,Left,0,0,0,0,0.0000,300.000,0,0.000,0,127.500,71.914,4.500,0.0300,0.5000,90.00,shockwave,60,450;300;200;100;50,1.5,3,0.5,1,2,1,10,0,100,-10,5,250,40,5,250,60,1,8,11,0,0.06,4,0.556,50,8,5
56,1,60,FrameTimeStutter,5.000,shockwave,practice,2026-09-16T14:18:06.7270312-04:00,1,380,6.77510,16.6408,1576.47,1440.00,0.000,0.000,4.1561,7.8550,13.3376,Left,0,0,0,0,0.0000,300.000,0,0.000,0,127.500,71.914,4.500,0.0300,0.5000,90.00,shockwave,60,450;300;200;100;50,1.5,3,0.5,1,2,1,10,0,100,-10,5,250,40,5,250,60,1,8,11,0,0.06,4,0.556,50,8,5
56,1,60,FrameTimeStutter,5.000,shockwave,practice,2026-09-16T14:18:06.7270312-04:00,1,381,6.79148,16.3857,1576.47,1440.00,0.000,0.000,4.1561,7.8550,13.3376,Left,0,0,0,0,0.0000,300.000,0,0.000,0,127.500,71.914,4.500,0.0300,0.5000,90.00,shockwave,60,450;300;200;100;50,1.5,3,0.5,1,2,1,10,0,100,-10,5,250,40,5,250,60,1,8,11,0,0.06,4,0.556,50,8,5
56,1,60,FrameTimeStutter,5.000,shockwave,practice,2026-09-16T14:18:06.7270312-04:00,1,382,6.80841,16.9268,1576.47,1440.00,0.000,0.000,4.1561,7.8550,13.3376,Left,0,0,0,0,0.0000,300.000,0,0.000,0,127.500,71.914,4.500,0.0300,0.5000,90.00,shockwave,60,450;300;200;100;50,1.5,3,0.5,1,2,1,10,0,100,-10,5,250,40,5,250,60,1,8,11,0,0.06,4,0.556,50,8,5
56,1,60,FrameTimeStutter,5.000,shockwave,practice,2026-09-16T14:18:06.7270312-04:00,1,383,6.82453,16.1161,1576.47,1440.00,0.000,0.000,4.1561,7.8550,13.3376,Left,0,0,0,0,0.0000,300.000,0,0.000,0,127.500,71.914,4.500,0.0300,0.5000,90.00,shockwave,60,450;300;200;100;50,1.5,3,0.5,1,2,1,10,0,100,-10,5,250,40,5,250,60,1,8,11,0,0.06,4,0.556,50,8,5
56,1,60,FrameTimeStutter,5.000,shockwave,practice,2026-09-16T14:18:06.7270312-04:00,1,384,6.84175,17.2223,1576.47,1440.00,0.000,0.000,4.1561,7.8550,13.3376,Left,0,0,0,0,0.0000,300.000,0,0.000,0,127.500,71.914,4.500,0.0300,0.5000,90.00,shockwave,60,450;300;200;100;50,1.5,3,0.5,1,2,1,10,0,100,-10,5,250,40,5,250,60,1,8,11,0,0.06,4,0.556,50,8,5
56,1,60,FrameTimeStutter,5.000,shockwave,practice,2026-09-16T14:18:06.7270312-04:00,1,385,6.85840,16.6520,1576.47,1440.00,0.000,0.000,4.1561,7.8550,13.3376,Left,0,0,0,0,0.0000,300.000,0,0.000,0,127.500,71.914,4.500,0.0300,0.5000,90.00,shockwave,60,450;300;200;100;50,1.5,3,0.5,1,2,1,10,0,100,-10,5,250,40,5,250,60,1,8,11,0,0.06,4,0.556,50,8,5
56,1,60,FrameTimeStutter,5.000,shockwave,practice,2026-09-16T14:18:06.7270312-04:00,1,386,6.87470,16.3027,1576.47,1440.00,0.000,0.000,4.1561,7.8550,13.3376,Left,0,0,0,0,0.0000,300.000,0,0.000,0,127.500,71.914,4.500,0.0300,0.5000,90.00,shockwave,60,450;300;200;100;50,1.5,3,0.5,1,2,1,10,0,100,-10,5,250,40,5,250,60,1,8,11,0,0.06,4,0.556,50,8,5
56,1,60,FrameTimeStutter,5.000,shockwave,practice,2026-09-16T14:18:06.7270312-04:00,1,387,6.89163,16.9254,1576.47,1440.00,0.000,0.000,4.1561,7.8550,13.3376,Left,0,0,0,0,0.0000,300.000,0,0.000,0,127.500,71.914,4.500,0.0300,0.5000,90.00,shockwave,60,450;300;200;100;50,1.5,3,0.5,1,2,1,10,0,100,-10,5,250,40,5,250,60,1,8,11,0,0.06,4,0.556,50,8,5
56,1,60,FrameTimeStutter,5.000,shockwave,practice,2026-09-16T14:18:06.7270312-04:00,1,388,6.90837,16.7368,1576.47,1440.00,0.000,0.000,4.1561,7.8550,13.3376,Left,0,0,0,0,0.0000,300.000,0,0.000,0,127.500,71.914,4.500,0.0300,0.5000,90.00,shockwave,60,450;300;200;100;50,1.5,3,0.5,1,2,1,10,0,100,-10,5,250,40,5,250,60,1,8,11,0,0.06,4,0.556,50,8,5
56,1,60,FrameTimeStutter,5.000,shockwave,practice,2026-09-16T14:18:06.7270312-04:00,1,389,6.92479,16.4201,1576.47,1440.00,0.000,0.000,4.1561,7.8550,13.3376,Left,0,0,0,0,0.0000,300.000,0,0.000,0,127.500,71.914,4.500,0.0300,0.5000,90.00,shockwave,60,450;300;200;100;50,1.5,3,0.5,1,2,1,10,0,100,-10,5,250,40,5,250,60,1,8,11,0,0.06,4,0.556,50,8,5
56,1,60,FrameTimeStutter,5.000,shockwave,practice,2026-09-16T14:18:06.7270312-04:00,1,390,6.94183,17.0409,1576.47,1440.00,0.000,0.000,4.1561,7.8550,13.3376,Left,0,0,0,0,0.0000,300.000,0,0.000,0,127.500,71.914,4.500,0.0300,0.5000,90.00,shockwave,60,450;300;200;100;50,1.5,3,0.5,1,2,1,10,0,100,-10,5,250,40,5,250,60,1,8,11,0,0.06,4,0.556,50,8,5
56,1,60,FrameTimeStutter,5.000,shockwave,practice,2026-09-16T14:18:06.7270312-04:00,1,391,6.95769,15.8657,1576.47,1440.00,0.000,0.000,4.1561,7.8550,13.3376,Left,0,0,0,0,0.0000,300.000,0,0.000,0,127.500,71.914,4.500,0.0300,0.5000,90.00,shockwave,60,450;300;200;100;50,1.5,3,0.5,1,2,1,10,0,100,-10,5,250,40,5,250,60,1,8,11,0,0.06,4,0.556,50,8,5
56,1,60,FrameTimeStutter,5.000,shockwave,practice,2026-09-16T14:18:06.7270312-04:00,1,392,6.97442,16.7220,1576.47,1440.00,0.000,0.000,4.1561,7.8550,13.3376,Left,0,0,0,0,0.0000,300.000,0,0.000,0,127.500,71.914,4.500,0.0300,0.5000,90.00,shockwave,60,450;300;200;100;50,1.5,3,0.5,1,2,1,10,0,100,-10,5,250,40,5,250,60,1,8,11,0,0.06,4,0.556,50,8,5
56,1,60,FrameTimeStutter,5.000,shockwave,practice,2026-09-16T14:18:06.7270312-04:00,1,393,6.99178,17.3668,1576.47,1440.00,0.000,0.000,4.1561,7.8550,13.3376,Left,0,0,0,0,0.0000,300.000,0,0.000,0,127.500,71.914,4.500,0.0300,0.5000,90.00,shockwave,60,450;300;200;100;50,1.5,3,0.5,1,2,1,10,0,100,-10,5,250,40,5,250,60,1,8,11,0,0.06,4,0.556,50,8,5
56,1,60,FrameTimeStutter,5.000,shockwave,practice,2026-09-16T14:18:06.7270312-04:00,1,394,7.00828,16.5017,1576.47,1440.00,0.000,0.000,4.1561,7.8550,13.3376,Left,0,0,0,0,0.0000,300.000,0,0.000,0,127.500,71.914,4.500,0.0300,0.5000,90.00,shockwave,60,450;300;200;100;50,1.5,3,0.5,1,2,1,10,0,100,-10,5,250,40,5,250,60,1,8,11,0,0.06,4,0.556,50,8,5
56,1,60,FrameTimeStutter,5.000,shockwave,practice,2026-09-16T14:18:06.7270312-04:00,1,395,7.02491,16.6228,1576.47,1440.00,0.000,0.000,4.1561,7.8550,13.3376,Left,0,0,0,0,0.0000,300.000,0,0.000,0,127.500,71.914,4.500,0.0300,0.5000,90.00,shockwave,60,450;300;200;100;50,1.5,3,0.5,1,2,1,10,0,100,-10,5,250,40,5,250,60,1,8,11,0,0.06,4,0.556,50,8,5
56,1,60,FrameTimeStutter,5.000,shockwave,practice,2026-09-16T14:18:06.7270312-04:00,1,396,7.04112,16.2160,1576.47,1440.00,0.000,0.000,4.1561,7.8550,13.3376,Left,0,0,0,0,0.0000,300.000,0,0.000,0,127.500,71.914,4.500,0.0300,0.5000,90.00,shockwave,60,450;300;200;100;50,1.5,3,0.5,1,2,1,10,0,100,-10,5,250,40,5,250,60,1,8,11,0,0.06,4,0.556,50,8,5
56,1,60,FrameTimeStutter,5.000,shockwave,practice,2026-09-16T14:18:06.7270312-04:00,1,397,7.05840,17.2765,1576.47,1440.00,0.000,0.000,4.1561,7.8550,13.3376,Left,0,0,0,0,0.0000,300.000,0,0.000,0,127.500,71.914,4.500,0.0300,0.5000,90.00,shockwave,60,450;300;200;100;50,1.5,3,0.5,1,2,1,10,0,100,-10,5,250,40,5,250,60,1,8,11,0,0.06,4,0.556,50,8,5
56,1,60,FrameTimeStutter,5.000,shockwave,practice,2026-09-16T14:18:06.7270312-04:00,1,398,7.07464,16.2363,1576.47,1440.00,0.000,0.000,4.1561,7.8550,13.3376,Left,0,0,0,0,0.0000,300.000,0,0.000,0,127.500,71.914,4.500,0.0300,0.5000,90.00,shockwave,60,450;300;200;100;50,1.5,3,0.5,1,2,1,10,0,100,-10,5,250,40,5,250,60,1,8,11,0,0.06,4,0.556,50,8,5
56,1,60,FrameTimeStutter,5.000,shockwave,practice,2026-09-16T14:18:06.7270312-04:00,1,399,7.09119,16.5541,1576.47,1440.00,0.000,0.000,4.1561,7.8550,13.3376,Left,0,0,0,0,0.0000,300.000,0,0.000,0,127.500,71.914,4.500,0.0300,0.5000,90.00,shockwave,60,450;300;200;100;50,1.5,3,0.5,1,2,1,10,0,100,-10,5,250,40,5,250,60,1,8,11,0,0.06,4,0.556,50,8,5
56,1,60,FrameTimeStutter,5.000,shockwave,practice,2026-09-16T14:18:06.7270312-04:00,1,400,7.10849,17.3000,1576.47,1440.00,0.000,0.000,4.1561,7.8550,13.3376,Left,0,0,0,0,0.0000,300.000,0,0.000,0,127.500,71.914,4.500,0.0300,0.5000,90.00,shockwave,60,450;300;200;100;50,1.5,3,0.5,1,2,1,10,0,100,-10,5,250,40,5,250,60,1,8,11,0,0.06,4,0.556,50,8,5
56,1,60,FrameTimeStutter,5.000,shockwave,practice,2026-09-16T14:18:06.7270312-04:00,1,401,7.12451,16.0197,1576.47,1440.00,0.000,0.000,4.1561,7.8550,13.3376,Left,0,0,0,0,0.0000,300.000,0,0.000,0,127.500,71.914,4.500,0.0300,0.5000,90.00,shockwave,60,450;300;200;100;50,1.5,3,0.5,1,2,1,10,0,100,-10,5,250,40,5,250,60,1,8,11,0,0.06,4,0.556,50,8,5
56,1,60,FrameTimeStutter,5.000,shockwave,practice,2026-09-16T14:18:06.7270312-04:00,1,402,7.14205,17.5414,1576.47,1440.00,0.000,0.000,4.1561,7.8550,13.3376,Left,0,0,0,0,0.0000,300.000,0,0.000,0,127.500,71.914,4.500,0.0300,0.5000,90.00,shockwave,60,450;300;200;100;50,1.5,3,0.5,1,2,1,10,0,100,-10,5,250,40,5,250,60,1,8,11,0,0.06,4,0.556,50,8,5
56,1,60,FrameTimeStutter,5.000,shockwave,practice,2026-09-16T14:18:06.7270312-04:00,1,403,7.15799,15.9352,1576.47,1440.00,0.000,0.000,4.1561,7.8550,13.3376,Left,0,0,0,0,0.0000,300.000,0,0.000,0,127.500,71.914,4.500,0.0300,0.5000,90.00,shockwave,60,450;300;200;100;50,1.5,3,0.5,1,2,1,10,0,100,-10,5,250,40,5,250,60,1,8,11,0,0.06,4,0.556,50,8,5
56,1,60,FrameTimeStutter,5.000,shockwave,practice,2026-09-16T14:18:06.7270312-04:00,1,404,7.17492,16.9335,1576.47,1440.00,0.000,0.000,4.1561,7.8550,13.3376,Left,0,0,0,0,0.0000,300.000,0,0.000,0,127.500,71.914,4.500,0.0300,0.5000,90.00,shockwave,60,450;300;200;100;50,1.5,3,0.5,1,2,1,10,0,100,-10,5,250,40,5,250,60,1,8,11,0,0.06,4,0.556,50,8,5
56,1,60,FrameTimeStutter,5.000,shockwave,practice,2026-09-16T14:18:06.7270312-04:00,1,405,7.19089,15.9699,1576.47,1440.00,0.000,0.000,4.1561,7.8550,13.3376,Left,0,0,0,0,0.0000,300.000,0,0.000,0,127.500,71.914,4.500,0.0300,0.5000,90.00,shockwave,60,450;300;200;100;50,1.5,3,0.5,1,2,1,10,0,100,-10,5,250,40,5,250,60,1,8,11,0,0.06,4,0.556,50,8,5
56,1,60,FrameTimeStutter,5.000,shockwave,practice,2026-09-16T14:18:06.7270312-04:00,1,406,7.20800,17.1148,1576.47,1440.00,0.000,0.000,4.1561,7.8550,13.3376,Left,0,0,0,0,0.0000,300.000,0,0.000,0,127.500,71.914,4.500,0.0300,0.5000,90.00,shockwave,60,450;300;200;100;50,1.5,3,0.5,1,2,1,10,0,100,-10,5,250,40,5,250,60,1,8,11,0,0.06,4,0.556,50,8,5
56,1,60,FrameTimeStutter,5.000,shockwave,practice,2026-09-16T14:18:06.7270312-04:00,1,407,7.22480,16.7960,1576.47,1440.00,0.000,0.000,4.1561,7.8550,13.3376,Left,0,0,0,0,0.0000,300.000,0,0.000,0,127.500,71.914,4.500,0.0300,0.5000,90.00,shockwave,60,450;300;200;100;50,1.5,3,0.5,1,2,1,10,0,100,-10,5,250,40,5,250,60,1,8,11,0,0.06,4,0.556,50,8,5
56,1,60,FrameTimeStutter,5.000,shockwave,practice,2026-09-16T14:18:06.7270312-04:00,1,408,7.24102,16.2182,1576.47,1440.00,0.000,0.000,4.1561,7.8550,13.3376,Left,0,0,0,0,0.0000,300.000,0,0.000,0,127.500,71.914,4.500,0.0300,0.5000,90.00,shockwave,60,450;300;200;100;50,1.5,3,0.5,1,2,1,10,0,100,-10,5,250,40,5,250,60,1,8,11,0,0.06,4,0.556,50,8,5
56,1,60,FrameTimeStutter,5.000,shockwave,practice,2026-09-16T14:18:06.7270312-04:00,1,409,7.25813,17.1081,1576.47,1440.00,0.000,0.000,4.1561,7.8550,13.3376,Left,0,0,0,0,0.0000,300.000,0,0.000,0,127.500,71.914,4.500,0.0300,0.5000,90.00,shockwave,60,450;300;200;100;50,1.5,3,0.5,1,2,1,10,0,100,-10,5,250,40,5,250,60,1,8,11,0,0.06,4,0.556,50,8,5
56,1,60,FrameTimeStutter,5.000,shockwave,practice,2026-09-16T14:18:06.7270312-04:00,1,410,7.27482,16.6952,1576.47,1440.00,0.000,0.000,4.1561,7.8550,13.3376,Left,0,0,0,0,0.0000,300.000,0,0.000,0,127.500,71.914,4.500,0.0300,0.5000,90.00,shockwave,60,450;300;200;100;50,1.5,3,0.5,1,2,1,10,0,100,-10,5,250,40,5,250,60,1,8,11,0,0.06,4,0.556,50,8,5
56,1,60,FrameTimeStutter,5.000,shockwave,practice,2026-09-16T14:18:06.7270312-04:00,1,411,7.29112,16.3001,1576.47,1440.00,0.000,0.000,4.1561,7.8550,13.3376,Left,0,0,0,0,0.0000,300.000,0,0.000,0,127.500,71.914,4.500,0.0300,0.5000,90.00,shockwave,60,450;300;200;100;50,1.5,3,0.5,1,2,1,10,0,100,-10,5,250,40,5,250,60,1,8,11,0,0.06,4,0.556,50,8,5
56,1,60,FrameTimeStutter,5.000,shockwave,practice,2026-09-16T14:18:06.7270312-04:00,1,412,7.30794,16.8138,1576.47,1440.00,0.000,0.000,4.1561,7.8550,13.3376,Left,0,0,0,0,0.0000,300.000,0,0.000,0,127.500,71.914,4.500,0.0300,0.5000,90.00,shockwave,60,450;300;200;100;50,1.5,3,0.5,1,2,1,10,0,100,-10,5,250,40,5,250,60,1,8,11,0,0.06,4,0.556,50,8,5
56,1,60,FrameTimeStutter,5.000,shockwave,practice,2026-09-16T14:18:06.7270312-04:00,1,413,7.32487,16.9341,1576.47,1440.00,0.000,0.000,4.1561,7.8550,13.3376,Left,0,0,0,0,0.0000,300.000,0,0.000,0,127.500,71.914,4.500,0.0300,0.5000,90.00,shockwave,60,450;300;200;100;50,1.5,3,0.5,1,2,1,10,0,100,-10,5,250,40,5,250,60,1,8,11,0,0.06,4,0.556,50,8,5
56,1,60,FrameTimeStutter,5.000,shockwave,practice,2026-09-16T14:18:06.7270312-04:00,1,414,7.34180,16.9322,1576.47,1440.00,0.000,0.000,4.1561,7.8550,13.3376,Left,0,0,0,0,0.0000,300.000,0,0.000,0,127.500,71.914,4.500,0.0300,0.5000,90.00,shockwave,60,450;300;200;100;50,1.5,3,0.5,1,2,1,10,0,100,-10,5,250,40,5,250,60,1,8,11,0,0.06,4,0.556,50,8,5
56,1,60,FrameTimeStutter,5.000,shockwave,practice,2026-09-16T14:18:06.7270312-04:00,1,415,7.35765,15.8524,1576.47,1440.00,0.000,0.000,4.1561,7.8550,13.3376,Left,0,0,0,0,0.0000,300.000,0,0.000,0,127.500,71.914,4.500,0.0300,0.5000,90.00,shockwave,60,450;300;200;100;50,1.5,3,0.5,1,2,1,10,0,100,-10,5,250,40,5,250,60,1,8,11,0,0.06,4,0.556,50,8,5
56,1,60,FrameTimeStutter,5.000,shockwave,practice,2026-09-16T14:18:06.7270312-04:00,1,416,7.37449,16.8367,1576.47,1440.00,0.000,0.000,4.1561,7.8550,13.3376,Left,0,0,0,0,0.0000,300.000,0,0.000,0,127.500,71.914,4.500,0.0300,0.5000,90.00,shockwave,60,450;300;200;100;50,1.5,3,0.5,1,2,1,10,0,100,-10,5,250,40,5,250,60,1,8,11,0,0.06,4,0.556,50,8,5
56,1,60,FrameTimeStutter,5.000,shockwave,practice,2026-09-16T14:18:06.7270312-04:00,1,417,7.39162,17.1313,1576.47,1440.00,0.000,0.000,4.1561,7.8550,13.3376,Left,0,0,0,0,0.0000,300.000,0,0.000,0,127.500,71.914,4.500,0.0300,0.5000,90.00,shockwave,60,450;300;200;100;50,1.5,3,0.5,1,2,1,10,0,100,-10,5,250,40,5,250,60,1,8,11,0,0.06,4,0.556,50,8,5
56,1,60,FrameTimeStutter,5.000,shockwave,practice,2026-09-16T14:18:06.7270312-04:00,1,418,7.40763,16.0057,1576.47,1440.00,0.000,0.000,4.1561,7.8550,13.3376,Left,0,0,0,0,0.0000,300.000,0,0.000,0,127.500,71.914,4.500,0.0300,0.5000,90.00,shockwave,60,450;300;200;100;50,1.5,3,0.5,1,2,1,10,0,100,-10,5,250,40,5,250,60,1,8,11,0,0.06,4,0.556,50,8,5
56,1,60,FrameTimeStutter,5.000,shockwave,practice,2026-09-16T14:18:06.7270312-04:00,1,419,7.42448,16.8545,1576.47,1440.00,0.000,0.000,4.1561,7.8550,13.3376,Left,0,0,0,0,0.0000,300.000,0,0.000,0,127.500,71.914,4.500,0.0300,0.5000,90.00,shockwave,60,450;300;200;100;50,1.5,3,0.5,1,2,1,10,0,100,-10,5,250,40,5,250,60,1,8,11,0,0.06,4,0.556,50,8,5
56,1,60,FrameTimeStutter,5.000,shockwave,practice,2026-09-16T14:18:06.7270312-04:00,1,420,7.44169,17.2107,1576.47,1440.00,0.000,0.000,4.1561,7.8550,13.3376,Left,0,0,0,0,0.0000,300.000,0,0.000,0,127.500,71.914,4.500,0.0300,0.5000,90.00,shockwave,60,450;300;200;100;50,1.5,3,0.5,1,2,1,10,0,100,-10,5,250,40,5,250,60,1,8,11,0,0.06,4,0.556,50,8,5
56,1,60,FrameTimeStutter,5.000,shockwave,practice,2026-09-16T14:18:06.7270312-04:00,1,421,7.45805,16.3536,1576.47,1440.00,0.000,0.000,4.1561,7.8550,13.3376,Left,0,0,0,0,0.0000,300.000,0,0.000,0,127.500,71.914,4.500,0.0300,0.5000,90.00,shockwave,60,450;300;200;100;50,1.5,3,0.5,1,2,1,10,0,100,-10,5,250,40,5,250,60,1,8,11,0,0.06,4,0.556,50,8,5
56,1,60,FrameTimeStutter,5.000,shockwave,practice,2026-09-16T14:18:06.7270312-04:00,1,422,7.47437,16.3219,1576.47,1440.00,0.000,0.000,4.1561,7.8550,13.3376,Left,0,0,0,0,0.0000,300.000,1,300.000,0,127.500,71.914,4.500,0.0300,0.5000,90.00,shockwave,60,450;300;200;100;50,1.5,3,0.5,1,2,1,10,0,100,-10,5,250,40,5,250,60,1,8,11,0,0.06,4,0.556,50,8,5
56,1,60,FrameTimeStutter,5.000,shockwave,practice,2026-09-16T14:18:06.7270312-04:00,1,423,7.77798,303.6076,1576.47,1440.00,0.000,0.000,4.1561,7.8550,13.3376,Left,0,0,0,0,0.0000,300.000,0,0.000,1,127.500,71.914,4.500,0.0300,0.5000,90.00,shockwave,60,450;300;200;100;50,1.5,3,0.5,1,2,1,10,0,100,-10,5,250,40,5,250,60,1,8,11,0,0.06,4,0.556,50,8,5
56,1,60,FrameTimeStutter,5.000,shockwave,practice,2026-09-16T14:18:06.7270312-04:00,1,424,7.79510,17.1254,1576.47,1440.00,0.000,0.000,4.1561,7.8550,13.3376,Left,0,0,0,0,0.0000,300.000,0,0.000,1,127.500,71.914,4.500,0.0300,0.5000,90.00,shockwave,60,450;300;200;100;50,1.5,3,0.5,1,2,1,10,0,100,-10,5,250,40,5,250,60,1,8,11,0,0.06,4,0.556,50,8,5
56,1,60,FrameTimeStutter,5.000,shockwave,practice,2026-09-16T14:18:06.7270312-04:00,1,425,7.81118,16.0751,1576.47,1440.00,0.000,0.000,4.1561,7.8550,13.3376,Left,0,0,0,0,0.0000,300.000,0,0.000,1,127.500,71.914,4.500,0.0300,0.5000,90.00,shockwave,60,450;300;200;100;50,1.5,3,0.5,1,2,1,10,0,100,-10,5,250,40,5,250,60,1,8,11,0,0.06,4,0.556,50,8,5
56,1,60,FrameTimeStutter,5.000,shockwave,practice,2026-09-16T14:18:06.7270312-04:00,1,426,7.82928,18.1064,1576.47,1440.00,0.000,0.000,4.1561,7.8550,13.3376,Left,0,0,0,0,0.0000,300.000,0,0.000,1,127.500,71.914,4.500,0.0300,0.5000,90.00,shockwave,60,450;300;200;100;50,1.5,3,0.5,1,2,1,10,0,100,-10,5,250,40,5,250,60,1,8,11,0,0.06,4,0.556,50,8,5
56,1,60,FrameTimeStutter,5.000,shockwave,practice,2026-09-16T14:18:06.7270312-04:00,1,427,7.84521,15.9258,1576.47,1440.00,0.000,0.000,4.1561,7.8550,13.3376,Left,0,0,0,0,0.0000,300.000,0,0.000,1,127.500,71.914,4.500,0.0300,0.5000,90.00,shockwave,60,450;300;200;100;50,1.5,3,0.5,1,2,1,10,0,100,-10,5,250,40,5,250,60,1,8,11,0,0.06,4,0.556,50,8,5
56,1,60,FrameTimeStutter,5.000,shockwave,practice,2026-09-16T14:18:06.7270312-04:00,1,428,7.86117,15.9600,1576.47,1440.00,0.000,0.000,4.1561,7.8550,13.3376,Left,0,0,0,0,0.0000,300.000,0,0.000,1,127.500,71.914,4.500,0.0300,0.5000,90.00,shockwave,60,450;300;200;100;50,1.5,3,0.5,1,2,1,10,0,100,-10,5,250,40,5,250,60,1,8,11,0,0.06,4,0.556,50,8,5
56,1,60,FrameTimeStutter,5.000,shockwave,practice,2026-09-16T14:18:06.7270312-04:00,1,429,7.87801,16.8403,1576.47,1440.00,0.000,0.000,4.1561,7.8550,13.3376,Left,0,0,0,0,0.0000,300.000,0,0.000,1,127.500,71.914,4.500,0.0300,0.5000,90.00,shockwave,60,450;300;200;100;50,1.5,3,0.5,1,2,1,10,0,100,-10,5,250,40,5,250,60,1,8,11,0,0.06,4,0.556,50,8,5
56,1,60,FrameTimeStutter,5.000,shockwave,practice,2026-09-16T14:18:06.7270312-04:00,1,430,7.89439,16.3860,1576.47,1440.00,0.000,0.000,4.1561,7.8550,13.3376,Left,0,0,0,0,0.0000,300.000,0,0.000,1,127.500,71.914,4.500,0.0300,0.5000,90.00,shockwave,60,450;300;200;100;50,1.5,3,0.5,1,2,1,10,0,100,-10,5,250,40,5,250,60,1,8,11,0,0.06,4,0.556,50,8,5
56,1,60,FrameTimeStutter,5.000,shockwave,practice,2026-09-16T14:18:06.7270312-04:00,1,431,7.91138,16.9807,1576.47,1440.00,0.000,0.000,4.1561,7.8550,13.3376,Left,0,0,0,0,0.0000,300.000,0,0.000,1,127.500,71.914,4.500,0.0300,0.5000,90.00,shockwave,60,450;300;200;100;50,1.5,3,0.5,1,2,1,10,0,100,-10,5,250,40,5,250,60,1,8,11,0,0.06,4,0.556,50,8,5
56,1,60,FrameTimeStutter,5.000,shockwave,practice,2026-09-16T14:18:06.7270312-04:00,1,432,7.92803,16.6558,1576.47,1440.00,0.000,0.000,4.1561,7.8550,13.3376,Left,0,0,0,0,0.0000,300.000,0,0.000,1,127.500,71.914,4.500,0.0300,0.5000,90.00,shockwave,60,450;300;200;100;50,1.5,3,0.5,1,2,1,10,0,100,-10,5,250,40,5,250,60,1,8,11,0,0.06,4,0.556,50,8,5
56,1,60,FrameTimeStutter,5.000,shockwave,practice,2026-09-16T14:18:06.7270312-04:00,1,433,7.94474,16.7053,1576.47,1440.00,0.000,0.000,4.1561,7.8550,13.3376,Left,0,0,0,0,0.0000,300.000,0,0.000,1,127.500,71.914,4.500,0.0300,0.5000,90.00,shockwave,60,450;300;200;100;50,1.5,3,0.5,1,2,1,10,0,100,-10,5,250,40,5,250,60,1,8,11,0,0.06,4,0.556,50,8,5
56,1,60,FrameTimeStutter,5.000,shockwave,practice,2026-09-16T14:18:06.7270312-04:00,1,434,7.96156,16.8267,1576.47,1440.00,0.000,0.000,4.1561,7.8550,13.3376,Left,0,0,0,0,0.0000,300.000,0,0.000,1,127.500,71.914,4.500,0.0300,0.5000,90.00,shockwave,60,450;300;200;100;50,1.5,3,0.5,1,2,1,10,0,100,-10,5,250,40,5,250,60,1,8,11,0,0.06,4,0.556,50,8,5
56,1,60,FrameTimeStutter,5.000,shockwave,practice,2026-09-16T14:18:06.7270312-04:00,1,435,7.97822,16.6531,1576.47,1440.00,0.000,0.000,4.1561,7.8550,13.3376,Left,0,0,0,0,0.0000,300.000,0,0.000,1,127.500,71.914,4.500,0.0300,0.5000,90.00,shockwave,60,450;300;200;100;50,1.5,3,0.5,1,2,1,10,0,100,-10,5,250,40,5,250,60,1,8,11,0,0.06,4,0.556,50,8,5
56,1,60,FrameTimeStutter,5.000,shockwave,practice,2026-09-16T14:18:06.7270312-04:00,1,436,7.99502,16.8034,1576.47,1440.00,0.000,0.000,4.1561,7.8550,13.3376,Left,0,0,0,0,0.0000,300.000,0,0.000,1,127.500,71.914,4.500,0.0300,0.5000,90.00,shockwave,60,450;300;200;100;50,1.5,3,0.5,1,2,1,10,0,100,-10,5,250,40,5,250,60,1,8,11,0,0.06,4,0.556,50,8,5
56,1,60,FrameTimeStutter,5.000,shockwave,practice,2026-09-16T14:18:06.7270312-04:00,1,437,8.01177,16.7520,1576.47,1440.00,0.000,0.000,4.1561,7.8550,13.3376,Left,0,0,0,0,0.0000,300.000,0,0.000,1,127.500,71.914,4.500,0.0300,0.5000,90.00,shockwave,60,450;300;200;100;50,1.5,3,0.5,1,2,1,10,0,100,-10,5,250,40,5,250,60,1,8,11,0,0.06,4,0.556,50,8,5
56,1,60,FrameTimeStutter,5.000,shockwave,practice,2026-09-16T14:18:06.7270312-04:00,1,438,8.02839,16.6162,1576.47,1440.00,0.000,0.000,4.1561,7.8550,13.3376,Left,0,0,0,0,0.0000,300.000,0,0.000,1,127.500,71.914,4.500,0.0300,0.5000,90.00,shockwave,60,450;300;200;100;50,1.5,3,0.5,1,2,1,10,0,100,-10,5,250,40,5,250,60,1,8,11,0,0.06,4,0.556,50,8,5
56,1,60,FrameTimeStutter,5.000,shockwave,practice,2026-09-16T14:18:06.7270312-04:00,1,439,8.04499,16.6002,1576.47,1440.00,0.000,0.000,4.1561,7.8550,13.3376,Left,0,0,0,0,0.0000,300.000,0,0.000,1,127.500,71.914,4.500,0.0300,0.5000,90.00,shockwave,60,450;300;200;100;50,1.5,3,0.5,1,2,1,10,0,100,-10,5,250,40,5,250,60,1,8,11,0,0.06,4,0.556,50,8,5
56,1,60,FrameTimeStutter,5.000,shockwave,practice,2026-09-16T14:18:06.7270312-04:00,1,440,8.06163,16.6455,1576.47,1440.00,0.000,0.000,4.1561,7.8550,13.3376,Left,0,0,0,0,0.0000,300.000,0,0.000,1,127.500,71.914,4.500,0.0300,0.5000,90.00,shockwave,60,450;300;200;100;50,1.5,3,0.5,1,2,1,10,0,100,-10,5,250,40,5,250,60,1,8,11,0,0.06,4,0.556,50,8,5
56,1,60,FrameTimeStutter,5.000,shockwave,practice,2026-09-16T14:18:06.7270312-04:00,1,441,8.07845,16.8177,1576.47,1440.00,0.000,0.000,4.1561,7.8550,13.3376,Left,0,0,0,0,0.0000,300.000,0,0.000,1,127.500,71.914,4.500,0.0300,0.5000,90.00,shockwave,60,450;300;200;100;50,1.5,3,0.5,1,2,1,10,0,100,-10,5,250,40,5,250,60,1,8,11,0,0.06,4,0.556,50,8,5
56,1,60,FrameTimeStutter,5.000,shockwave,practice,2026-09-16T14:18:06.7270312-04:00,1,442,8.09505,16.5953,1576.47,1440.00,0.000,0.000,4.1561,7.8550,13.3376,Left,0,0,0,0,0.0000,300.000,0,0.000,1,127.500,71.914,4.500,0.0300,0.5000,90.00,shockwave,60,450;300;200;100;50,1.5,3,0.5,1,2,1,10,0,100,-10,5,250,40,5,250,60,1,8,11,0,0.06,4,0.556,50,8,5
56,1,60,FrameTimeStutter,5.000,shockwave,practice,2026-09-16T14:18:06.7270312-04:00,1,443,8.11167,16.6193,1576.47,1440.00,0.000,0.000,4.1561,7.8550,13.3376,Left,0,0,0,0,0.0000,300.000,0,0.000,1,127.500,71.914,4.500,0.0300,0.5000,90.00,shockwave,60,450;300;200;100;50,1.5,3,0.5,1,2,1,10,0,100,-10,5,250,40,5,250,60,1,8,11,0,0.06,4,0.556,50,8,5
56,1,60,FrameTimeStutter,5.000,shockwave,practice,2026-09-16T14:18:06.7270312-04:00,1,444,8.12789,16.2238,1576.47,1440.00,0.000,0.000,4.1561,7.8550,13.3376,Left,0,0,0,0,0.0000,300.000,0,0.000,1,127.500,71.914,4.500,0.0300,0.5000,90.00,shockwave,60,450;300;200;100;50,1.5,3,0.5,1,2,1,10,0,100,-10,5,250,40,5,250,60,1,8,11,0,0.06,4,0.556,50,8,5
56,1,60,FrameTimeStutter,5.000,shockwave,practice,2026-09-16T14:18:06.7270312-04:00,1,445,8.14475,16.8631,1576.47,1440.00,0.000,0.000,4.1561,7.8550,13.3376,Left,0,0,0,0,0.0000,300.000,0,0.000,1,127.500,71.914,4.500,0.0300,0.5000,90.00,shockwave,60,450;300;200;100;50,1.5,3,0.5,1,2,1,10,0,100,-10,5,250,40,5,250,60,1,8,11,0,0.06,4,0.556,50,8,5
56,1,60,FrameTimeStutter,5.000,shockwave,practice,2026-09-16T14:18:06.7270312-04:00,1,446,8.16130,16.5426,1576.47,1440.00,0.000,0.000,4.1561,7.8550,13.3376,Left,0,0,0,0,0.0000,300.000,0,0.000,1,127.500,71.914,4.500,0.0300,0.5000,90.00,shockwave,60,450;300;200;100;50,1.5,3,0.5,1,2,1,10,0,100,-10,5,250,40,5,250,60,1,8,11,0,0.06,4,0.556,50,8,5
56,1,60,FrameTimeStutter,5.000,shockwave,practice,2026-09-16T14:18:06.7270312-04:00,1,447,8.17831,17.0144,1576.47,1440.00,0.000,0.000,4.1561,7.8550,13.3376,Left,0,0,0,0,0.0000,300.000,0,0.000,1,127.500,71.914,4.500,0.0300,0.5000,90.00,shockwave,60,450;300;200;100;50,1.5,3,0.5,1,2,1,10,0,100,-10,5,250,40,5,250,60,1,8,11,0,0.06,4,0.556,50,8,5
56,1,60,FrameTimeStutter,5.000,shockwave,practice,2026-09-16T14:18:06.7270312-04:00,1,448,8.19473,16.4146,1576.47,1440.00,0.000,0.000,4.1561,7.8550,13.3376,Left,0,0,0,0,0.0000,300.000,0,0.000,1,127.500,71.914,4.500,0.0300,0.5000,90.00,shockwave,60,450;300;200;100;50,1.5,3,0.5,1,2,1,10,0,100,-10,5,250,40,5,250,60,1,8,11,0,0.06,4,0.556,50,8,5
56,1,60,FrameTimeStutter,5.000,shockwave,practice,2026-09-16T14:18:06.7270312-04:00,1,449,8.21133,16.6065,1576.47,1440.00,0.000,0.000,4.1561,7.8550,13.3376,Left,0,0,0,0,0.0000,300.000,0,0.000,1,127.500,71.914,4.500,0.0300,0.5000,90.00,shockwave,60,450;300;200;100;50,1.5,3,0.5,1,2,1,10,0,100,-10,5,250,40,5,250,60,1,8,11,0,0.06,4,0.556,50,8,5
56,1,60,FrameTimeStutter,5.000,shockwave,practice,2026-09-16T14:18:06.7270312-04:00,1,450,8.22793,16.5989,1576.47,1440.00,0.000,0.000,4.1561,7.8550,13.3376,Left,0,0,0,0,0.0000,300.000,0,0.000,1,127.500,71.914,4.500,0.0300,0.5000,90.00,shockwave,60,450;300;200;100;50,1.5,3,0.5,1,2,1,10,0,100,-10,5,250,40,5,250,60,1,8,11,0,0.06,4,0.556,50,8,5
56,1,60,FrameTimeStutter,5.000,shockwave,practice,2026-09-16T14:18:06.7270312-04:00,1,451,8.24473,16.7994,1576.47,1440.00,0.000,0.000,4.1561,7.8550,13.3376,Left,0,0,0,0,0.0000,300.000,0,0.000,1,127.500,71.914,4.500,0.0300,0.5000,90.00,shockwave,60,450;300;200;100;50,1.5,3,0.5,1,2,1,10,0,100,-10,5,250,40,5,250,60,1,8,11,0,0.06,4,0.556,50,8,5
56,1,60,FrameTimeStutter,5.000,shockwave,practice,2026-09-16T14:18:06.7270312-04:00,1,452,8.26149,16.7563,1576.47,1440.00,0.000,0.000,4.1561,7.8550,13.3376,Left,0,0,0,0,0.0000,300.000,0,0.000,1,127.500,71.914,4.500,0.0300,0.5000,90.00,shockwave,60,450;300;200;100;50,1.5,3,0.5,1,2,1,10,0,100,-10,5,250,40,5,250,60,1,8,11,0,0.06,4,0.556,50,8,5
56,1,60,FrameTimeStutter,5.000,shockwave,practice,2026-09-16T14:18:06.7270312-04:00,1,453,8.27838,16.8939,1576.47,1440.00,0.000,0.000,4.1561,7.8550,13.3376,Left,0,0,0,0,0.0000,300.000,0,0.000,0,127.500,71.914,4.500,0.0300,0.5000,90.00,shockwave,60,450;300;200;100;50,1.5,3,0.5,1,2,1,10,0,100,-10,5,250,40,5,250,60,1,8,11,0,0.06,4,0.556,50,8,5
56,1,60,FrameTimeStutter,5.000,shockwave,practice,2026-09-16T14:18:06.7270312-04:00,1,454,8.29453,16.1503,1576.47,1440.00,0.000,0.000,4.1561,7.8550,13.3376,Left,1,1,0,1,4.1561,300.000,0,0.000,0,127.500,71.914,4.500,0.0300,0.3333,80.00,shockwave,60,450;300;200;100;50,1.5,3,0.5,1,2,1,10,0,100,-10,5,250,40,5,250,60,1,8,11,0,0.06,4,0.556,50,8,5
56,1,60,FrameTimeStutter,5.000,shockwave,practice,2026-09-16T14:18:06.7270312-04:00,1,455,8.31142,16.8914,1576.47,1440.00,0.000,0.000,4.1561,7.8550,13.3376,Left,1,0,0,0,0.0000,300.000,0,0.000,0,127.500,71.914,4.500,0.0300,0.3333,80.00,shockwave,60,450;300;200;100;50,1.5,3,0.5,1,2,1,10,0,100,-10,5,250,40,5,250,60,1,8,11,0,0.06,4,0.556,50,8,5
56,1,60,FrameTimeStutter,5.000,shockwave,practice,2026-09-16T14:18:06.7270312-04:00,1,456,8.32846,17.0362,1576.47,1440.00,0.000,0.000,4.1561,7.8550,13.3376,Left,1,0,0,0,0.0000,300.000,0,0.000,0,127.500,71.914,4.500,0.0300,0.3333,80.00,shockwave,60,450;300;200;100;50,1.5,3,0.5,1,2,1,10,0,100,-10,5,250,40,5,250,60,1,8,11,0,0.06,4,0.556,50,8,5
56,1,60,FrameTimeStutter,5.000,shockwave,practice,2026-09-16T14:18:06.7270312-04:00,1,457,8.34462,16.1664,1576.47,1440.00,0.000,0.000,4.1561,7.8550,13.3376,Left,1,0,0,0,0.0000,300.000,0,0.000,0,127.500,71.914,4.500,0.0300,0.3333,80.00,shockwave,60,450;300;200;100;50,1.5,3,0.5,1,2,1,10,0,100,-10,5,250,40,5,250,60,1,8,11,0,0.06,4,0.556,50,8,5
56,1,60,FrameTimeStutter,5.000,shockwave,practice,2026-09-16T14:18:06.7270312-04:00,1,458,8.36141,16.7848,1576.47,1440.00,0.000,0.000,4.1561,7.8550,13.3376,Left,1,0,0,0,0.0000,300.000,0,0.000,0,127.500,71.914,4.500,0.0300,0.3333,80.00,shockwave,60,450;300;200;100;50,1.5,3,0.5,1,2,1,10,0,100,-10,5,250,40,5,250,60,1,8,11,0,0.06,4,0.556,50,8,5
56,1,60,FrameTimeStutter,5.000,shockwave,practice,2026-09-16T14:18:06.7270312-04:00,1,459,8.37833,16.9156,1576.47,1440.00,0.000,0.000,4.1561,7.8550,13.3376,Left,1,0,0,0,0.0000,300.000,0,0.000,0,127.500,71.914,4.500,0.0300,0.3333,80.00,shockwave,60,450;300;200;100;50,1.5,3,0.5,1,2,1,10,0,100,-10,5,250,40,5,250,60,1,8,11,0,0.06,4,0.556,50,8,5
56,1,60,FrameTimeStutter,5.000,shockwave,practice,2026-09-16T14:18:06.7270312-04:00,1,460,8.39453,16.2048,1576.47,1440.00,0.000,0.000,4.1561,7.8550,13.3376,Left,1,0,0,0,0.0000,300.000,0,0.000,0,127.500,71.914,4.500,0.0300,0.3333,80.00,shockwave,60,450;300;200;100;50,1.5,3,0.5,1,2,1,10,0,100,-10,5,250,40,5,250,60,1,8,11,0,0.06,4,0.556,50,8,5
56,1,60,FrameTimeStutter,5.000,shockwave,practice,2026-09-16T14:18:06.7270312-04:00,1,461,8.41177,17.2401,1576.47,1440.00,0.000,0.000,4.1561,7.8550,13.3376,Left,0,0,0,0,0.0000,300.000,0,0.000,0,127.500,71.914,4.500,0.0300,0.3333,80.00,shockwave,60,450;300;200;100;50,1.5,3,0.5,1,2,1,10,0,100,-10,5,250,40,5,250,60,1,8,11,0,0.06,4,0.556,50,8,5
56,1,60,FrameTimeStutter,5.000,shockwave,practice,2026-09-16T14:18:06.7270312-04:00,1,462,8.42814,16.3666,1576.47,1440.00,0.000,0.000,4.1561,7.8550,13.3376,Left,0,0,0,0,0.0000,300.000,0,0.000,0,127.500,71.914,4.500,0.0300,0.3333,80.00,shockwave,60,450;300;200;100;50,1.5,3,0.5,1,2,1,10,0,100,-10,5,250,40,5,250,60,1,8,11,0,0.06,4,0.556,50,8,5
56,1,60,FrameTimeStutter,5.000,shockwave,practice,2026-09-16T14:18:06.7270312-04:00,1,463,8.44501,16.8723,1576.47,1440.00,0.000,0.000,4.1561,7.8550,13.3376,Left,0,0,0,0,0.0000,300.000,0,0.000,0,127.500,71.914,4.500,0.0300,0.3333,80.00,shockwave,60,450;300;200;100;50,1.5,3,0.5,1,2,1,10,0,100,-10,5,250,40,5,250,60,1,8,11,0,0.06,4,0.556,50,8,5
56,1,60,FrameTimeStutter,5.000,shockwave,practice,2026-09-16T14:18:06.7270312-04:00,1,464,8.46159,16.5809,1576.47,1440.00,0.000,0.000,4.1561,7.8550,13.3376,Left,0,0,0,0,0.0000,300.000,0,0.000,0,127.500,71.914,4.500,0.0300,0.3333,80.00,shockwave,60,450;300;200;100;50,1.5,3,0.5,1,2,1,10,0,100,-10,5,250,40,5,250,60,1,8,11,0,0.06,4,0.556,50,8,5
56,1,60,FrameTimeStutter,5.000,shockwave,practice,2026-09-16T14:18:06.7270312-04:00,1,465,8.47839,16.8050,1576.47,1440.00,0.000,0.000,4.1561,7.8550,13.3376,Left,0,0,0,0,0.0000,300.000,0,0.000,0,127.500,71.914,4.500,0.0300,0.3333,80.00,shockwave,60,450;300;200;100;50,1.5,3,0.5,1,2,1,10,0,100,-10,5,250,40,5,250,60,1,8,11,0,0.06,4,0.556,50,8,5
56,1,60,FrameTimeStutter,5.000,shockwave,practice,2026-09-16T14:18:06.7270312-04:00,1,466,8.49480,16.4010,1576.47,1440.00,0.000,0.000,4.1561,7.8550,13.3376,Left,0,0,0,0,0.0000,300.000,0,0.000,0,127.500,71.914,4.500,0.0300,0.3333,80.00,shockwave,60,450;300;200;100;50,1.5,3,0.5,1,2,1,10,0,100,-10,5,250,40,5,250,60,1,8,11,0,0.06,4,0.556,50,8,5
56,1,60,FrameTimeStutter,5.000,shockwave,practice,2026-09-16T14:18:06.7270312-04:00,1,467,8.51125,16.4529,1576.47,1440.00,0.000,0.000,4.1561,7.8550,13.3376,Left,0,0,0,0,0.0000,300.000,0,0.000,0,127.500,71.914,4.500,0.0300,0.3333,80.00,shockwave,60,450;300;200;100;50,1.5,3,0.5,1,2,1,10,0,100,-10,5,250,40,5,250,60,1,8,11,0,0.06,4,0.556,50,8,5
56,1,60,FrameTimeStutter,5.000,shockwave,practice,2026-09-16T14:18:06.7270312-04:00,1,468,8.52803,16.7791,1576.47,1440.00,0.000,0.000,4.1561,7.8550,13.3376,Left,0,0,0,0,0.0000,300.000,0,0.000,0,127.500,71.914,4.500,0.0300,0.3333,80.00,shockwave,60,450;300;200;100;50,1.5,3,0.5,1,2,1,10,0,100,-10,5,250,40,5,250,60,1,8,11,0,0.06,4,0.556,50,8,5
56,1,60,FrameTimeStutter,5.000,shockwave,practice,2026-09-16T14:18:06.7270312-04:00,1,469,8.54503,17.0021,1576.47,1440.00,0.000,0.000,4.1561,7.8550,13.3376,Left,0,0,0,0,0.0000,300.000,0,0.000,0,127.500,71.914,4.500,0.0300,0.3333,80.00,shockwave,60,450;300;200;100;50,1.5,3,0.5,1,2,1,10,0,100,-10,5,250,40,5,250,60,1,8,11,0,0.06,4,0.556,50,8,5
56,1,60,FrameTimeStutter,5.000,shockwave,practice,2026-09-16T14:18:06.7270312-04:00,1,470,8.56139,16.3573,1576.47,1440.00,0.000,0.000,4.1561,7.8550,13.3376,Left,0,0,0,0,0.0000,300.000,0,0.000,0,127.500,71.914,4.500,0.0300,0.3333,80.00,shockwave,60,450;300;200;100;50,1.5,3,0.5,1,2,1,10,0,100,-10,5,250,40,5,250,60,1,8,11,0,0.06,4,0.556,50,8,5
56,1,60,FrameTimeStutter,5.000,shockwave,practice,2026-09-16T14:18:06.7270312-04:00,1,471,8.57828,16.8934,1576.47,1440.00,0.000,0.000,4.1561,7.8550,13.3376,Left,0,0,0,0,0.0000,300.000,0,0.000,0,127.500,71.914,4.500,0.0300,0.3333,80.00,shockwave,60,450;300;200;100;50,1.5,3,0.5,1,2,1,10,0,100,-10,5,250,40,5,250,60,1,8,11,0,0.06,4,0.556,50,8,5
56,1,60,FrameTimeStutter,5.000,shockwave,practice,2026-09-16T14:18:06.7270312-04:00,1,472,8.59438,16.1001,1576.47,1440.00,0.000,0.000,4.1561,7.8550,13.3376,Left,0,0,0,0,0.0000,300.000,0,0.000,0,127.500,71.914,4.500,0.0300,0.3333,80.00,shockwave,60,450;300;200;100;50,1.5,3,0.5,1,2,1,10,0,100,-10,5,250,40,5,250,60,1,8,11,0,0.06,4,0.556,50,8,5
56,1,60,FrameTimeStutter,5.000,shockwave,practice,2026-09-16T14:18:06.7270312-04:00,1,473,8.61179,17.4086,1576.47,1440.00,0.000,0.000,4.1561,7.8550,13.3376,Left,0,0,0,0,0.0000,300.000,0,0.000,0,127.500,71.914,4.500,0.0300,0.3333,80.00,shockwave,60,450;300;200;100;50,1.5,3,0.5,1,2,1,10,0,100,-10,5,250,40,5,250,60,1,8,11,0,0.06,4,0.556,50,8,5
56,1,60,FrameTimeStutter,5.000,shockwave,practice,2026-09-16T14:18:06.7270312-04:00,1,474,8.62820,16.4137,1576.47,1440.00,0.000,0.000,4.1561,7.8550,13.3376,Left,0,0,0,0,0.0000,300.000,0,0.000,0,127.500,71.914,4.500,0.0300,0.3333,80.00,shockwave,60,450;300;200;100;50,1.5,3,0.5,1,2,1,10,0,100,-10,5,250,40,5,250,60,1,8,11,0,0.06,4,0.556,50,8,5
56,1,60,FrameTimeStutter,5.000,shockwave,practice,2026-09-16T14:18:06.7270312-04:00,1,475,8.64475,16.5472,1576.47,1440.00,0.000,0.000,4.1561,7.8550,13.3376,Left,0,0,0,0,0.0000,300.000,0,0.000,0,127.500,71.914,4.500,0.0300,0.3333,80.00,shockwave,60,450;300;200;100;50,1.5,3,0.5,1,2,1,10,0,100,-10,5,250,40,5,250,60,1,8,11,0,0.06,4,0.556,50,8,5
56,1,60,FrameTimeStutter,5.000,shockwave,practice,2026-09-16T14:18:06.7270312-04:00,1,476,8.66133,16.5824,1576.47,1440.00,0.000,0.000,4.1561,7.8550,13.3376,Left,0,0,0,0,0.0000,300.000,0,0.000,0,127.500,71.914,4.500,0.0300,0.3333,80.00,shockwave,60,450;300;200;100;50,1.5,3,0.5,1,2,1,10,0,100,-10,5,250,40,5,250,60,1,8,11,0,0.06,4,0.556,50,8,5
56,1,60,FrameTimeStutter,5.000,shockwave,practice,2026-09-16T14:18:06.7270312-04:00,1,477,8.67810,16.7629,1576.47,1440.00,0.000,0.000,4.1561,7.8550,13.3376,Left,0,0,0,0,0.0000,300.000,0,0.000,0,127.500,71.914,4.500,0.0300,0.3333,80.00,shockwave,60,450;300;200;100;50,1.5,3,0.5,1,2,1,10,0,100,-10,5,250,40,5,250,60,1,8,11,0,0.06,4,0.556,50,8,5
56,1,60,FrameTimeStutter,5.000,shockwave,practice,2026-09-16T14:18:06.7270312-04:00,1,478,8.69446,16.3675,1576.47,1440.00,0.000,0.000,4.1561,7.8550,13.3376,Left,0,0,0,0,0.0000,300.000,0,0.000,0,127.500,71.914,4.500,0.0300,0.3333,80.00,shockwave,60,450;300;200;100;50,1.5,3,0.5,1,2,1,10,0,100,-10,5,250,40,5,250,60,1,8,11,0,0.06,4,0.556,50,8,5
56,1,60,FrameTimeStutter,5.000,shockwave,practice,2026-09-16T14:18:06.7270312-04:00,1,479,8.71189,17.4229,1576.47,1440.00,0.000,0.000,4.1561,7.8550,13.3376,Left,0,0,0,0,0.0000,300.000,0,0.000,0,127.500,71.914,4.500,0.0300,0.3333,80.00,shockwave,60,450;300;200;100;50,1.5,3,0.5,1,2,1,10,0,100,-10,5,250,40,5,250,60,1,8,11,0,0.06,4,0.556,50,8,5
56,1,60,FrameTimeStutter,5.000,shockwave,practice,2026-09-16T14:18:06.7270312-04:00,1,480,8.72837,16.4815,1576.47,1440.00,0.000,0.000,4.1561,7.8550,13.3376,Left,0,0,0,0,0.0000,300.000,0,0.000,0,127.500,71.914,4.500,0.0300,0.3333,80.00,shockwave,60,450;300;200;100;50,1.5,3,0.5,1,2,1,10,0,100,-10,5,250,40,5,250,60,1,8,11,0,0.06,4,0.556,50,8,5
56,1,60,FrameTimeStutter,5.000,shockwave,practice,2026-09-16T14:18:06.7270312-04:00,1,481,8.74456,16.1925,1576.47,1440.00,0.000,0.000,4.1561,7.8550,13.3376,Left,0,0,0,0,0.0000,300.000,0,0.000,0,127.500,71.914,4.500,0.0300,0.3333,80.00,shockwave,60,450;300;200;100;50,1.5,3,0.5,1,2,1,10,0,100,-10,5,250,40,5,250,60,1,8,11,0,0.06,4,0.556,50,8,5
56,1,60,FrameTimeStutter,5.000,shockwave,practice,2026-09-16T14:18:06.7270312-04:00,1,482,8.76158,17.0209,1576.47,1440.00,0.000,0.000,4.1561,7.8550,13.3376,Left,0,0,0,0,0.0000,300.000,0,0.000,0,127.500,71.914,4.500,0.0300,0.3333,80.00,shockwave,60,450;300;200;100;50,1.5,3,0.5,1,2,1,10,0,100,-10,5,250,40,5,250,60,1,8,11,0,0.06,4,0.556,50,8,5
56,1,60,FrameTimeStutter,5.000,shockwave,practice,2026-09-16T14:18:06.7270312-04:00,1,483,8.77812,16.5442,1576.47,1440.00,0.000,0.000,4.1561,7.8550,13.3376,Left,0,0,0,0,0.0000,300.000,0,0.000,0,127.500,71.914,4.500,0.0300,0.3333,80.00,shockwave,60,450;300;200;100;50,1.5,3,0.5,1,2,1,10,0,100,-10,5,250,40,5,250,60,1,8,11,0,0.06,4,0.556,50,8,5
56,1,60,FrameTimeStutter,5.000,shockwave,practice,2026-09-16T14:18:06.7270312-04:00,1,484,8.79519,17.0652,1576.47,1440.00,0.000,0.000,4.1561,7.8550,13.3376,Left,0,0,0,0,0.0000,300.000,0,0.000,0,127.500,71.914,4.500,0.0300,0.3333,80.00,shockwave,60,450;300;200;100;50,1.5,3,0.5,1,2,1,10,0,100,-10,5,250,40,5,250,60,1,8,11,0,0.06,4,0.556,50,8,5
56,1,60,FrameTimeStutter,5.000,shockwave,practice,2026-09-16T14:18:06.7270312-04:00,1,485,8.81107,15.8767,1576.47,1440.00,0.000,0.000,4.1561,7.8550,13.3376,Left,0,0,0,0,0.0000,300.000,0,0.000,0,127.500,71.914,4.500,0.0300,0.3333,80.00,shockwave,60,450;300;200;100;50,1.5,3,0.5,1,2,1,10,0,100,-10,5,250,40,5,250,60,1,8,11,0,0.06,4,0.556,50,8,5
56,1,60,FrameTimeStutter,5.000,shockwave,practice,2026-09-16T14:18:06.7270312-04:00,1,486,8.82774,16.6785,1576.47,1440.00,0.000,0.000,4.1561,7.8550,13.3376,Left,0,0,0,0,0.0000,300.000,0,0.000,0,127.500,71.914,4.500,0.0300,0.3333,80.00,shockwave,60,450;300;200;100;50,1.5,3,0.5,1,2,1,10,0,100,-10,5,250,40,5,250,60,1,8,11,0,0.06,4,0.556,50,8,5
56,1,60,FrameTimeStutter,5.000,shockwave,practice,2026-09-16T14:18:06.7270312-04:00,1,487,8.84505,17.3041,1576.47,1440.00,0.000,0.000,4.1561,7.8550,13.3376,Left,0,0,0,0,0.0000,300.000,0,0.000,0,127.500,71.914,4.500,0.0300,0.3333,80.00,shockwave,60,450;300;200;100;50,1.5,3,0.5,1,2,1,10,0,100,-10,5,250,40,5,250,60,1,8,11,0,0.06,4,0.556,50,8,5
56,1,60,FrameTimeStutter,5.000,shockwave,practice,2026-09-16T14:18:06.7270312-04:00,1,488,8.86185,16.7965,1576.47,1440.00,0.000,0.000,4.1561,7.8550,13.3376,Left,0,0,0,0,0.0000,300.000,0,0.000,0,127.500,71.914,4.500,0.0300,0.3333,80.00,shockwave,60,450;300;200;100;50,1.5,3,0.5,1,2,1,10,0,100,-10,5,250,40,5,250,60,1,8,11,0,0.06,4,0.556,50,8,5
56,1,60,FrameTimeStutter,5.000,shockwave,practice,2026-09-16T14:18:06.7270312-04:00,1,489,8.87854,16.6904,1576.47,1440.00,0.000,0.000,4.1561,7.8550,13.3376,Left,0,0,0,0,0.0000,300.000,0,0.000,0,127.500,71.914,4.500,0.0300,0.3333,80.00,shockwave,60,450;300;200;100;50,1.5,3,0.5,1,2,1,10,0,100,-10,5,250,40,5,250,60,1,8,11,0,0.06,4,0.556,50,8,5
56,1,60,FrameTimeStutter,5.000,shockwave,practice,2026-09-16T14:18:06.7270312-04:00,1,490,8.89465,16.1184,1576.47,1440.00,0.000,0.000,4.1561,7.8550,13.3376,Left,0,0,0,0,0.0000,300.000,0,0.000,0,127.500,71.914,4.500,0.0300,0.3333,80.00,shockwave,60,450;300;200;100;50,1.5,3,0.5,1,2,1,10,0,100,-10,5,250,40,5,250,60,1,8,11,0,0.06,4,0.556,50,8,5
56,1,60,FrameTimeStutter,5.000,shockwave,practice,2026-09-16T14:18:06.7270312-04:00,1,491,8.91113,16.4761,1576.47,1440.00,0.000,0.000,4.1561,7.8550,13.3376,Left,0,0,0,0,0.0000,300.000,0,0.000,0,127.500,71.914,4.500,0.0300,0.3333,80.00,shockwave,60,450;300;200;100;50,1.5,3,0.5,1,2,1,10,0,100,-10,5,250,40,5,250,60,1,8,11,0,0.06,4,0.556,50,8,5
56,1,60,FrameTimeStutter,5.000,shockwave,practice,2026-09-16T14:18:06.7270312-04:00,1,492,8.92831,17.1770,1576.47,1440.00,0.000,0.000,4.1561,7.8550,13.3376,Left,0,0,0,0,0.0000,300.000,0,0.000,0,127.500,71.914,4.500,0.0300,0.3333,80.00,shockwave,60,450;300;200;100;50,1.5,3,0.5,1,2,1,10,0,100,-10,5,250,40,5,250,60,1,8,11,0,0.06,4,0.556,50,8,5
56,1,60,FrameTimeStutter,5.000,shockwave,practice,2026-09-16T14:18:06.7270312-04:00,1,493,8.94460,16.2900,1576.47,1440.00,0.000,0.000,4.1561,7.8550,13.3376,Left,0,0,0,0,0.0000,300.000,0,0.000,0,127.500,71.914,4.500,0.0300,0.3333,80.00,shockwave,60,450;300;200;100;50,1.5,3,0.5,1,2,1,10,0,100,-10,5,250,40,5,250,60,1,8,11,0,0.06,4,0.556,50,8,5
56,1,60,FrameTimeStutter,5.000,shockwave,practice,2026-09-16T14:18:06.7270312-04:00,1,494,8.96174,17.1458,1576.47,1440.00,0.000,0.000,4.1561,7.8550,13.3376,Left,0,0,0,0,0.0000,300.000,0,0.000,0,127.500,71.914,4.500,0.0300,0.3333,80.00,shockwave,60,450;300;200;100;50,1.5,3,0.5,1,2,1,10,0,100,-10,5,250,40,5,250,60,1,8,11,0,0.06,4,0.556,50,8,5
56,1,60,FrameTimeStutter,5.000,shockwave,practice,2026-09-16T14:18:06.7270312-04:00,1,495,8.97784,16.0972,1576.47,1440.00,0.000,0.000,4.1561,7.8550,13.3376,Left,0,0,0,0,0.0000,300.000,0,0.000,0,127.500,71.914,4.500,0.0300,0.3333,80.00,shockwave,60,450;300;200;100;50,1.5,3,0.5,1,2,1,10,0,100,-10,5,250,40,5,250,60,1,8,11,0,0.06,4,0.556,50,8,5
56,1,60,FrameTimeStutter,5.000,shockwave,practice,2026-09-16T14:18:06.7270312-04:00,1,496,8.99483,16.9859,1576.47,1440.00,0.000,0.000,4.1561,7.8550,13.3376,Left,0,0,0,0,0.0000,300.000,0,0.000,0,127.500,71.914,4.500,0.0300,0.3333,80.00,shockwave,60,450;300;200;100;50,1.5,3,0.5,1,2,1,10,0,100,-10,5,250,40,5,250,60,1,8,11,0,0.06,4,0.556,50,8,5
56,1,60,FrameTimeStutter,5.000,shockwave,practice,2026-09-16T14:18:06.7270312-04:00,1,497,9.01150,16.6783,1576.47,1440.00,0.000,0.000,4.1561,7.8550,13.3376,Left,0,0,0,0,0.0000,300.000,0,0.000,0,127.500,71.914,4.500,0.0300,0.3333,80.00,shockwave,60,450;300;200;100;50,1.5,3,0.5,1,2,1,10,0,100,-10,5,250,40,5,250,60,1,8,11,0,0.06,4,0.556,50,8,5
56,1,60,FrameTimeStutter,5.000,shockwave,practice,2026-09-16T14:18:06.7270312-04:00,1,498,9.02774,16.2348,1576.47,1440.00,0.000,0.000,4.1561,7.8550,13.3376,Left,0,0,0,0,0.0000,300.000,0,0.000,0,127.500,71.914,4.500,0.0300,0.3333,80.00,shockwave,60,450;300;200;100;50,1.5,3,0.5,1,2,1,10,0,100,-10,5,250,40,5,250,60,1,8,11,0,0.06,4,0.556,50,8,5
56,1,60,FrameTimeStutter,5.000,shockwave,practice,2026-09-16T14:18:06.7270312-04:00,1,499,9.04502,17.2824,1576.47,1440.00,0.000,0.000,4.1561,7.8550,13.3376,Left,0,0,0,0,0.0000,300.000,0,0.000,0,127.500,71.914,4.500,0.0300,0.3333,80.00,shockwave,60,450;300;200;100;50,1.5,3,0.5,1,2,1,10,0,100,-10,5,250,40,5,250,60,1,8,11,0,0.06,4,0.556,50,8,5
56,1,60,FrameTimeStutter,5.000,shockwave,practice,2026-09-16T14:18:06.7270312-04:00,1,500,9.06106,16.0418,1576.47,1440.00,0.000,0.000,4.1561,7.8550,13.3376,Left,0,0,0,0,0.0000,300.000,0,0.000,0,127.500,71.914,4.500,0.0300,0.3333,80.00,shockwave,60,450;300;200;100;50,1.5,3,0.5,1,2,1,10,0,100,-10,5,250,40,5,250,60,1,8,11,0,0.06,4,0.556,50,8,5
56,1,60,FrameTimeStutter,5.000,shockwave,practice,2026-09-16T14:18:06.7270312-04:00,1,501,9.07791,16.8504,1576.47,1440.00,0.000,0.000,4.1561,7.8550,13.3376,Left,0,0,0,0,0.0000,300.000,0,0.000,0,127.500,71.914,4.500,0.0300,0.3333,80.00,shockwave,60,450;300;200;100;50,1.5,3,0.5,1,2,1,10,0,100,-10,5,250,40,5,250,60,1,8,11,0,0.06,4,0.556,50,8,5
56,1,60,FrameTimeStutter,5.000,shockwave,practice,2026-09-16T14:18:06.7270312-04:00,1,502,9.09485,16.9390,1576.47,1440.00,0.000,0.000,4.1561,7.8550,13.3376,Left,0,0,0,0,0.0000,300.000,0,0.000,0,127.500,71.914,4.500,0.0300,0.3333,80.00,shockwave,60,450;300;200;100;50,1.5,3,0.5,1,2,1,10,0,100,-10,5,250,40,5,250,60,1,8,11,0,0.06,4,0.556,50,8,5
56,1,60,FrameTimeStutter,5.000,shockwave,practice,2026-09-16T14:18:06.7270312-04:00,1,503,9.11166,16.8093,1576.47,1440.00,0.000,0.000,4.1561,7.8550,13.3376,Left,0,0,0,0,0.0000,300.000,0,0.000,0,127.500,71.914,4.500,0.0300,0.3333,80.00,shockwave,60,450;300;200;100;50,1.5,3,0.5,1,2,1,10,0,100,-10,5,250,40,5,250,60,1,8,11,0,0.06,4,0.556,50,8,5
56,1,60,FrameTimeStutter,5.000,shockwave,practice,2026-09-16T14:18:06.7270312-04:00,1,504,9.12821,16.5499,1576.47,1440.00,0.000,0.000,4.1561,7.8550,13.3376,Left,0,0,0,0,0.0000,300.000,0,0.000,0,127.500,71.914,4.500,0.0300,0.3333,80.00,shockwave,60,450;300;200;100;50,1.5,3,0.5,1,2,1,10,0,100,-10,5,250,40,5,250,60,1,8,11,0,0.06,4,0.556,50,8,5
56,1,60,FrameTimeStutter,5.000,shockwave,practice,2026-09-16T14:18:06.7270312-04:00,1,505,9.14475,16.5350,1576.47,1440.00,0.000,0.000,4.1561,7.8550,13.3376,Left,0,0,0,0,0.0000,300.000,0,0.000,0,127.500,71.914,4.500,0.0300,0.3333,80.00,shockwave,60,450;300;200;100;50,1.5,3,0.5,1,2,1,10,0,100,-10,5,250,40,5,250,60,1,8,11,0,0.06,4,0.556,50,8,5
56,1,60,FrameTimeStutter,5.000,shockwave,practice,2026-09-16T14:18:06.7270312-04:00,1,506,9.16122,16.4725,1576.47,1440.00,0.000,0.000,4.1561,7.8550,13.3376,Left,0,0,0,0,0.0000,300.000,0,0.000,0,127.500,71.914,4.500,0.0300,0.3333,80.00,shockwave,60,450;300;200;100;50,1.5,3,0.5,1,2,1,10,0,100,-10,5,250,40,5,250,60,1,8,11,0,0.06,4,0.556,50,8,5
56,1,60,FrameTimeStutter,5.000,shockwave,practice,2026-09-16T14:18:06.7270312-04:00,1,507,9.17789,16.6651,1576.47,1440.00,0.000,0.000,4.1561,7.8550,13.3376,Left,0,0,0,0,0.0000,300.000,0,0.000,0,127.500,71.914,4.500,0.0300,0.3333,80.00,shockwave,60,450;300;200;100;50,1.5,3,0.5,1,2,1,10,0,100,-10,5,250,40,5,250,60,1,8,11,0,0.06,4,0.556,50,8,5
56,1,60,FrameTimeStutter,5.000,shockwave,practice,2026-09-16T14:18:06.7270312-04:00,1,508,9.19525,17.3694,1576.47,1440.00,0.000,0.000,4.1561,7.8550,13.3376,Left,0,0,0,0,0.0000,300.000,0,0.000,0,127.500,71.914,4.500,0.0300,0.3333,80.00,shockwave,60,450;300;200;100;50,1.5,3,0.5,1,2,1,10,0,100,-10,5,250,40,5,250,60,1,8,11,0,0.06,4,0.556,50,8,5
56,1,60,FrameTimeStutter,5.000,shockwave,practice,2026-09-16T14:18:06.7270312-04:00,1,509,9.21157,16.3158,1576.47,1440.00,0.000,0.000,4.1561,7.8550,13.3376,Left,0,0,0,0,0.0000,300.000,0,0.000,0,127.500,71.914,4.500,0.0300,0.3333,80.00,shockwave,60,450;300;200;100;50,1.5,3,0.5,1,2,1,10,0,100,-10,5,250,40,5,250,60,1,8,11,0,0.06,4,0.556,50,8,5
56,1,60,FrameTimeStutter,5.000,shockwave,practice,2026-09-16T14:18:06.7270312-04:00,1,510,9.22845,16.8772,1576.47,1440.00,0.000,0.000,4.1561,7.8550,13.3376,Left,0,0,0,0,0.0000,300.000,0,0.000,0,127.500,71.914,4.500,0.0300,0.3333,80.00,shockwave,60,450;300;200;100;50,1.5,3,0.5,1,2,1,10,0,100,-10,5,250,40,5,250,60,1,8,11,0,0.06,4,0.556,50,8,5
56,1,60,FrameTimeStutter,5.000,shockwave,practice,2026-09-16T14:18:06.7270312-04:00,1,511,9.24524,16.7881,1576.47,1440.00,0.000,0.000,4.1561,7.8550,13.3376,Left,0,0,0,0,0.0000,300.000,0,0.000,0,127.500,71.914,4.500,0.0300,0.3333,80.00,shockwave,60,450;300;200;100;50,1.5,3,0.5,1,2,1,10,0,100,-10,5,250,40,5,250,60,1,8,11,0,0.06,4,0.556,50,8,5
56,1,60,FrameTimeStutter,5.000,shockwave,practice,2026-09-16T14:18:06.7270312-04:00,1,512,9.26115,15.9196,1576.47,1440.00,0.000,0.000,4.1561,7.8550,13.3376,Left,0,0,0,0,0.0000,300.000,0,0.000,0,127.500,71.914,4.500,0.0300,0.3333,80.00,shockwave,60,450;300;200;100;50,1.5,3,0.5,1,2,1,10,0,100,-10,5,250,40,5,250,60,1,8,11,0,0.06,4,0.556,50,8,5
56,1,60,FrameTimeStutter,5.000,shockwave,practice,2026-09-16T14:18:06.7270312-04:00,1,513,9.27797,16.8157,1576.47,1440.00,0.000,0.000,4.1561,7.8550,13.3376,Left,0,0,0,0,0.0000,300.000,0,0.000,0,127.500,71.914,4.500,0.0300,0.3333,80.00,shockwave,60,450;300;200;100;50,1.5,3,0.5,1,2,1,10,0,100,-10,5,250,40,5,250,60,1,8,11,0,0.06,4,0.556,50,8,5
56,1,60,FrameTimeStutter,5.000,shockwave,practice,2026-09-16T14:18:06.7270312-04:00,1,514,9.29479,16.8162,1576.47,1440.00,0.000,0.000,4.1561,7.8550,13.3376,Left,0,0,0,0,0.0000,300.000,0,0.000,0,127.500,71.914,4.500,0.0300,0.3333,80.00,shockwave,60,450;300;200;100;50,1.5,3,0.5,1,2,1,10,0,100,-10,5,250,40,5,250,60,1,8,11,0,0.06,4,0.556,50,8,5
56,1,60,FrameTimeStutter,5.000,shockwave,practice,2026-09-16T14:18:06.7270312-04:00,1,515,9.31152,16.7303,1576.47,1440.00,0.000,0.000,4.1561,7.8550,13.3376,Left,0,0,0,0,0.0000,300.000,0,0.000,0,127.500,71.914,4.500,0.0300,0.3333,80.00,shockwave,60,450;300;200;100;50,1.5,3,0.5,1,2,1,10,0,100,-10,5,250,40,5,250,60,1,8,11,0,0.06,4,0.556,50,8,5
56,1,60,FrameTimeStutter,5.000,shockwave,practice,2026-09-16T14:18:06.7270312-04:00,1,516,9.32794,16.4192,1576.47,1440.00,0.000,0.000,4.1561,7.8550,13.3376,Left,0,0,0,0,0.0000,300.000,0,0.000,0,127.500,71.914,4.500,0.0300,0.3333,80.00,shockwave,60,450;300;200;100;50,1.5,3,0.5,1,2,1,10,0,100,-10,5,250,40,5,250,60,1,8,11,0,0.06,4,0.556,50,8,5
56,1,60,FrameTimeStutter,5.000,shockwave,practice,2026-09-16T14:18:06.7270312-04:00,1,517,9.34441,16.4771,1576.47,1440.00,0.000,0.000,4.1561,7.8550,13.3376,Left,0,0,0,0,0.0000,300.000,0,0.000,0,127.500,71.914,4.500,0.0300,0.3333,80.00,shockwave,60,450;300;200;100;50,1.5,3,0.5,1,2,1,10,0,100,-10,5,250,40,5,250,60,1,8,11,0,0.06,4,0.556,50,8,5
56,1,60,FrameTimeStutter,5.000,shockwave,practice,2026-09-16T14:18:06.7270312-04:00,1,518,9.36117,16.7574,1576.47,1440.00,0.000,0.000,4.1561,7.8550,13.3376,Left,0,0,0,0,0.0000,300.000,0,0.000,0,127.500,71.914,4.500,0.0300,0.3333,80.00,shockwave,60,450;300;200;100;50,1.5,3,0.5,1,2,1,10,0,100,-10,5,250,40,5,250,60,1,8,11,0,0.06,4,0.556,50,8,5
56,1,60,FrameTimeStutter,5.000,shockwave,practice,2026-09-16T14:18:06.7270312-04:00,1,519,9.37815,16.9803,1576.47,1440.00,0.000,0.000,4.1561,7.8550,13.3376,Left,0,0,0,0,0.0000,300.000,0,0.000,0,127.500,71.914,4.500,0.0300,0.3333,80.00,shockwave,60,450;300;200;100;50,1.5,3,0.5,1,2,1,10,0,100,-10,5,250,40,5,250,60,1,8,11,0,0.06,4,0.556,50,8,5
56,1,60,FrameTimeStutter,5.000,shockwave,practice,2026-09-16T14:18:06.7270312-04:00,1,520,9.39499,16.8349,1576.47,1440.00,0.000,0.000,4.1561,7.8550,13.3376,Left,0,0,0,0,0.0000,300.000,0,0.000,0,127.500,71.914,4.500,0.0300,0.3333,80.00,shockwave,60,450;300;200;100;50,1.5,3,0.5,1,2,1,10,0,100,-10,5,250,40,5,250,60,1,8,11,0,0.06,4,0.556,50,8,5
56,1,60,FrameTimeStutter,5.000,shockwave,practice,2026-09-16T14:18:06.7270312-04:00,1,521,9.41158,16.5973,1576.47,1440.00,0.000,0.000,4.1561,7.8550,13.3376,Left,0,0,0,0,0.0000,300.000,0,0.000,0,127.500,71.914,4.500,0.0300,0.3333,80.00,shockwave,60,450;300;200;100;50,1.5,3,0.5,1,2,1,10,0,100,-10,5,250,40,5,250,60,1,8,11,0,0.06,4,0.556,50,8,5
56,1,60,FrameTimeStutter,5.000,shockwave,practice,2026-09-16T14:18:06.7270312-04:00,1,522,9.42838,16.7973,1576.47,1440.00,0.000,0.000,4.1561,7.8550,13.3376,Left,0,0,0,0,0.0000,300.000,0,0.000,0,127.500,71.914,4.500,0.0300,0.3333,80.00,shockwave,60,450;300;200;100;50,1.5,3,0.5,1,2,1,10,0,100,-10,5,250,40,5,250,60,1,8,11,0,0.06,4,0.556,50,8,5
56,1,60,FrameTimeStutter,5.000,shockwave,practice,2026-09-16T14:18:06.7270312-04:00,1,523,9.44515,16.7684,1576.47,1440.00,0.000,0.000,4.1561,7.8550,13.3376,Left,0,0,0,0,0.0000,300.000,0,0.000,0,127.500,71.914,4.500,0.0300,0.3333,80.00,shockwave,60,450;300;200;100;50,1.5,3,0.5,1,2,1,10,0,100,-10,5,250,40,5,250,60,1,8,11,0,0.06,4,0.556,50,8,5
56,1,60,FrameTimeStutter,5.000,shockwave,practice,2026-09-16T14:18:06.7270312-04:00,1,524,9.46182,16.6660,1576.47,1440.00,0.000,0.000,4.1561,7.8550,13.3376,Left,0,0,0,0,0.0000,300.000,0,0.000,0,127.500,71.914,4.500,0.0300,0.3333,80.00,shockwave,60,450;300;200;100;50,1.5,3,0.5,1,2,1,10,0,100,-10,5,250,40,5,250,60,1,8,11,0,0.06,4,0.556,50,8,5
56,1,60,FrameTimeStutter,5.000,shockwave,practice,2026-09-16T14:18:06.7270312-04:00,1,525,9.47795,16.1360,1576.47,1440.00,0.000,0.000,4.1561,7.8550,13.3376,Left,0,0,0,0,0.0000,300.000,0,0.000,0,127.500,71.914,4.500,0.0300,0.3333,80.00,shockwave,60,450;300;200;100;50,1.5,3,0.5,1,2,1,10,0,100,-10,5,250,40,5,250,60,1,8,11,0,0.06,4,0.556,50,8,5
56,1,60,FrameTimeStutter,5.000,shockwave,practice,2026-09-16T14:18:06.7270312-04:00,1,526,9.49493,16.9785,1576.47,1440.00,0.000,0.000,4.1561,7.8550,13.3376,Left,0,0,0,0,0.0000,300.000,0,0.000,0,127.500,71.914,4.500,0.0300,0.3333,80.00,shockwave,60,450;300;200;100;50,1.5,3,0.5,1,2,1,10,0,100,-10,5,250,40,5,250,60,1,8,11,0,0.06,4,0.556,50,8,5
56,1,60,FrameTimeStutter,5.000,shockwave,practice,2026-09-16T14:18:06.7270312-04:00,1,527,9.51137,16.4398,1576.47,1440.00,0.000,0.000,4.1561,7.8550,13.3376,Left,0,0,0,0,0.0000,300.000,0,0.000,0,127.500,71.914,4.500,0.0300,0.3333,80.00,shockwave,60,450;300;200;100;50,1.5,3,0.5,1,2,1,10,0,100,-10,5,250,40,5,250,60,1,8,11,0,0.06,4,0.556,50,8,5
56,1,60,FrameTimeStutter,5.000,shockwave,practice,2026-09-16T14:18:06.7270312-04:00,1,528,9.52799,16.6184,1576.47,1440.00,0.000,0.000,4.1561,7.8550,13.3376,Left,0,0,0,0,0.0000,300.000,0,0.000,0,127.500,71.914,4.500,0.0300,0.3333,80.00,shockwave,60,450;300;200;100;50,1.5,3,0.5,1,2,1,10,0,100,-10,5,250,40,5,250,60,1,8,11,0,0.06,4,0.556,50,8,5
56,1,60,FrameTimeStutter,5.000,shockwave,practice,2026-09-16T14:18:06.7270312-04:00,1,529,9.54460,16.6115,1576.47,1440.00,0.000,0.000,4.1561,7.8550,13.3376,Left,0,0,0,0,0.0000,300.000,0,0.000,0,127.500,71.914,4.500,0.0300,0.3333,80.00,shockwave,60,450;300;200;100;50,1.5,3,0.5,1,2,1,10,0,100,-10,5,250,40,5,250,60,1,8,11,0,0.06,4,0.556,50,8,5
56,1,60,FrameTimeStutter,5.000,shockwave,practice,2026-09-16T14:18:06.7270312-04:00,1,530,9.56121,16.6148,1576.47,1440.00,0.000,0.000,4.1561,7.8550,13.3376,Left,0,0,0,0,0.0000,300.000,0,0.000,0,127.500,71.914,4.500,0.0300,0.3333,80.00,shockwave,60,450;300;200;100;50,1.5,3,0.5,1,2,1,10,0,100,-10,5,250,40,5,250,60,1,8,11,0,0.06,4,0.556,50,8,5
56,1,60,FrameTimeStutter,5.000,shockwave,practice,2026-09-16T14:18:06.7270312-04:00,1,531,9.57795,16.7348,1576.47,1440.00,0.000,0.000,4.1561,7.8550,13.3376,Left,0,0,0,0,0.0000,300.000,0,0.000,0,127.500,71.914,4.500,0.0300,0.3333,80.00,shockwave,60,450;300;200;100;50,1.5,3,0.5,1,2,1,10,0,100,-10,5,250,40,5,250,60,1,8,11,0,0.06,4,0.556,50,8,5
56,1,60,FrameTimeStutter,5.000,shockwave,practice,2026-09-16T14:18:06.7270312-04:00,1,532,9.59444,16.4887,1576.47,1440.00,0.000,0.000,4.1561,7.8550,13.3376,Left,0,0,0,0,0.0000,300.000,0,0.000,0,127.500,71.914,4.500,0.0300,0.3333,80.00,shockwave,60,450;300;200;100;50,1.5,3,0.5,1,2,1,10,0,100,-10,5,250,40,5,250,60,1,8,11,0,0.06,4,0.556,50,8,5
56,1,60,FrameTimeStutter,5.000,shockwave,practice,2026-09-16T14:18:06.7270312-04:00,1,533,9.61192,17.4793,1576.47,1440.00,0.000,0.000,4.1561,7.8550,13.3376,Left,0,0,0,0,0.0000,300.000,0,0.000,0,127.500,71.914,4.500,0.0300,0.3333,80.00,shockwave,60,450;300;200;100;50,1.5,3,0.5,1,2,1,10,0,100,-10,5,250,40,5,250,60,1,8,11,0,0.06,4,0.556,50,8,5
56,1,60,FrameTimeStutter,5.000,shockwave,practice,2026-09-16T14:18:06.7270312-04:00,1,534,9.62804,16.1186,1576.47,1440.00,0.000,0.000,4.1561,7.8550,13.3376,Left,0,0,0,0,0.0000,300.000,0,0.000,0,127.500,71.914,4.500,0.0300,0.3333,80.00,shockwave,60,450;300;200;100;50,1.5,3,0.5,1,2,1,10,0,100,-10,5,250,40,5,250,60,1,8,11,0,0.06,4,0.556,50,8,5
56,1,60,FrameTimeStutter,5.000,shockwave,practice,2026-09-16T14:18:06.7270312-04:00,1,535,9.64453,16.4921,1576.47,1440.00,0.000,0.000,4.1561,7.8550,13.3376,Left,0,0,0,0,0.0000,300.000,0,0.000,0,127.500,71.914,4.500,0.0300,0.3333,80.00,shockwave,60,450;300;200;100;50,1.5,3,0.5,1,2,1,10,0,100,-10,5,250,40,5,250,60,1,8,11,0,0.06,4,0.556,50,8,5
56,1,60,FrameTimeStutter,5.000,shockwave,practice,2026-09-16T14:18:06.7270312-04:00,1,536,9.66164,17.1153,1576.47,1440.00,0.000,0.000,4.1561,7.8550,13.3376,Left,0,0,0,0,0.0000,300.000,0,0.000,0,127.500,71.914,4.500,0.0300,0.3333,80.00,shockwave,60,450;300;200;100;50,1.5,3,0.5,1,2,1,10,0,100,-10,5,250,40,5,250,60,1,8,11,0,0.06,4,0.556,50,8,5
56,1,60,FrameTimeStutter,5.000,shockwave,practice,2026-09-16T14:18:06.7270312-04:00,1,537,9.67799,16.3493,1576.47,1440.00,0.000,0.000,4.1561,7.8550,13.3376,Left,0,0,0,0,0.0000,300.000,0,0.000,0,127.500,71.914,4.500,0.0300,0.3333,80.00,shockwave,60,450;300;200;100;50,1.5,3,0.5,1,2,1,10,0,100,-10,5,250,40,5,250,60,1,8,11,0,0.06,4,0.556,50,8,5
56,1,60,FrameTimeStutter,5.000,shockwave,practice,2026-09-16T14:18:06.7270312-04:00,1,538,9.69449,16.4922,1576.47,1440.00,0.000,0.000,4.1561,7.8550,13.3376,Left,1,1,0,1,4.1561,300.000,0,0.000,0,127.500,71.914,4.500,0.0300,0.2500,70.00,shockwave,60,450;300;200;100;50,1.5,3,0.5,1,2,1,10,0,100,-10,5,250,40,5,250,60,1,8,11,0,0.06,4,0.556,50,8,5
56,1,60,FrameTimeStutter,5.000,shockwave,practice,2026-09-16T14:18:06.7270312-04:00,1,539,9.71146,16.9786,1576.47,1440.00,0.000,0.000,4.1561,7.8550,13.3376,Left,1,0,0,0,0.0000,300.000,0,0.000,0,127.500,71.914,4.500,0.0300,0.2500,70.00,shockwave,60,450;300;200;100;50,1.5,3,0.5,1,2,1,10,0,100,-10,5,250,40,5,250,60,1,8,11,0,0.06,4,0.556,50,8,5
56,1,60,FrameTimeStutter,5.000,shockwave,practice,2026-09-16T14:18:06.7270312-04:00,1,540,9.72831,16.8444,1576.47,1440.00,0.000,0.000,4.1561,7.8550,13.3376,Left,1,0,0,0,0.0000,300.000,0,0.000,0,127.500,71.914,4.500,0.0300,0.2500,70.00,shockwave,60,450;300;200;100;50,1.5,3,0.5,1,2,1,10,0,100,-10,5,250,40,5,250,60,1,8,11,0,0.06,4,0.556,50,8,5
56,1,60,FrameTimeStutter,5.000,shockwave,practice,2026-09-16T14:18:06.7270312-04:00,1,541,9.74487,16.5631,1576.47,1440.00,0.000,0.000,4.1561,7.8550,13.3376,Left,1,0,0,0,0.0000,300.000,0,0.000,0,127.500,71.914,4.500,0.0300,0.2500,70.00,shockwave,60,450;300;200;100;50,1.5,3,0.5,1,2,1,10,0,100,-10,5,250,40,5,250,60,1,8,11,0,0.06,4,0.556,50,8,5
56,1,60,FrameTimeStutter,5.000,shockwave,practice,2026-09-16T14:18:06.7270312-04:00,1,542,9.76151,16.6338,1576.47,1440.00,0.000,0.000,4.1561,7.8550,13.3376,Left,1,0,0,0,0.0000,300.000,0,0.000,0,127.500,71.914,4.500,0.0300,0.2500,70.00,shockwave,60,450;300;200;100;50,1.5,3,0.5,1,2,1,10,0,100,-10,5,250,40,5,250,60,1,8,11,0,0.06,4,0.556,50,8,5
56,1,60,FrameTimeStutter,5.000,shockwave,practice,2026-09-16T14:18:06.7270312-04:00,1,543,9.77813,16.6266,1576.47,1440.00,0.000,0.000,4.1561,7.8550,13.3376,Left,1,0,0,0,0.0000,300.000,0,0.000,0,127.500,71.914,4.500,0.0300,0.2500,70.00,shockwave,60,450;300;200;100;50,1.5,3,0.5,1,2,1,10,0,100,-10,5,250,40,5,250,60,1,8,11,0,0.06,4,0.556,50,8,5
56,1,60,FrameTimeStutter,5.000,shockwave,practice,2026-09-16T14:18:06.7270312-04:00,1,544,9.79506,16.9288,1576.47,1440.00,0.000,0.000,4.1561,7.8550,13.3376,Left,1,0,0,0,0.0000,300.000,0,0.000,0,127.500,71.914,4.500,0.0300,0.2500,70.00,shockwave,60,450;300;200;100;50,1.5,3,0.5,1,2,1,10,0,100,-10,5,250,40,5,250,60,1,8,11,0,0.06,4,0.556,50,8,5
56,1,60,FrameTimeStutter,5.000,shockwave,practice,2026-09-16T14:18:06.7270312-04:00,1,545,9.81128,16.2244,1576.47,1440.00,0.000,0.000,4.1561,7.8550,13.3376,Left,0,0,0,0,0.0000,300.000,0,0.000,0,127.500,71.914,4.500,0.0300,0.2500,70.00,shockwave,60,450;300;200;100;50,1.5,3,0.5,1,2,1,10,0,100,-10,5,250,40,5,250,60,1,8,11,0,0.06,4,0.556,50,8,5
56,1,60,FrameTimeStutter,5.000,shockwave,practice,2026-09-16T14:18:06.7270312-04:00,1,546,9.82775,16.4669,1576.47,1440.00,0.000,0.000,4.1561,7.8550,13.3376,Left,0,0,0,0,0.0000,300.000,0,0.000,0,127.500,71.914,4.500,0.0300,0.2500,70.00,shockwave,60,450;300;200;100;50,1.5,3,0.5,1,2,1,10,0,100,-10,5,250,40,5,250,60,1,8,11,0,0.06,4,0.556,50,8,5
56,1,60,FrameTimeStutter,5.000,shockwave,practice,2026-09-16T14:18:06.7270312-04:00,1,547,9.84482,17.0701,1576.47,1440.00,0.000,0.000,4.1561,7.8550,13.3376,Left,0,0,0,0,0.0000,300.000,0,0.000,0,127.500,71.914,4.500,0.0300,0.2500,70.00,shockwave,60,450;300;200;100;50,1.5,3,0.5,1,2,1,10,0,100,-10,5,250,40,5,250,60,1,8,11,0,0.06,4,0.556,50,8,5
56,1,60,FrameTimeStutter,5.000,shockwave,practice,2026-09-16T14:18:06.7270312-04:00,1,548,9.86125,16.4254,1576.47,1440.00,0.000,0.000,4.1561,7.8550,13.3376,Left,0,0,0,0,0.0000,300.000,0,0.000,0,127.500,71.914,4.500,0.0300,0.2500,70.00,shockwave,60,450;300;200;100;50,1.5,3,0.5,1,2,1,10,0,100,-10,5,250,40,5,250,60,1,8,11,0,0.06,4,0.556,50,8,5
56,1,60,FrameTimeStutter,5.000,shockwave,practice,2026-09-16T14:18:06.7270312-04:00,1,549,9.87795,16.6995,1576.47,1440.00,0.000,0.000,4.1561,7.8550,13.3376,Left,0,0,0,0,0.0000,300.000,0,0.000,0,127.500,71.914,4.500,0.0300,0.2500,70.00,shockwave,60,450;300;200;100;50,1.5,3,0.5,1,2,1,10,0,100,-10,5,250,40,5,250,60,1,8,11,0,0.06,4,0.556,50,8,5
56,1,60,FrameTimeStutter,5.000,shockwave,practice,2026-09-16T14:18:06.7270312-04:00,1,550,9.89482,16.8711,1576.47,1440.00,0.000,0.000,4.1561,7.8550,13.3376,Left,0,0,0,0,0.0000,300.000,0,0.000,0,127.500,71.914,4.500,0.0300,0.2500,70.00,shockwave,60,450;300;200;100;50,1.5,3,0.5,1,2,1,10,0,100,-10,5,250,40,5,250,60,1,8,11,0,0.06,4,0.556,50,8,5
56,1,60,FrameTimeStutter,5.000,shockwave,practice,2026-09-16T14:18:06.7270312-04:00,1,551,9.91115,16.3312,1576.47,1440.00,0.000,0.000,4.1561,7.8550,13.3376,Left,0,0,0,0,0.0000,300.000,0,0.000,0,127.500,71.914,4.500,0.0300,0.2500,70.00,shockwave,60,450;300;200;100;50,1.5,3,0.5,1,2,1,10,0,100,-10,5,250,40,5,250,60,1,8,11,0,0.06,4,0.556,50,8,5
56,1,60,FrameTimeStutter,5.000,shockwave,practice,2026-09-16T14:18:06.7270312-04:00,1,552,9.92843,17.2867,1576.47,1440.00,0.000,0.000,4.1561,7.8550,13.3376,Left,0,0,0,0,0.0000,300.000,0,0.000,0,127.500,71.914,4.500,0.0300,0.2500,70.00,shockwave,60,450;300;200;100;50,1.5,3,0.5,1,2,1,10,0,100,-10,5,250,40,5,250,60,1,8,11,0,0.06,4,0.556,50,8,5
56,1,60,FrameTimeStutter,5.000,shockwave,practice,2026-09-16T14:18:06.7270312-04:00,1,553,9.94459,16.1520,1576.47,1440.00,0.000,0.000,4.1561,7.8550,13.3376,Left,0,0,0,0,0.0000,300.000,0,0.000,0,127.500,71.914,4.500,0.0300,0.2500,70.00,shockwave,60,450;300;200;100;50,1.5,3,0.5,1,2,1,10,0,100,-10,5,250,40,5,250,60,1,8,11,0,0.06,4,0.556,50,8,5
56,1,60,FrameTimeStutter,5.000,shockwave,practice,2026-09-16T14:18:06.7270312-04:00,1,554,9.96167,17.0786,1576.47,1440.00,0.000,0.000,4.1561,7.8550,13.3376,Left,0,0,0,0,0.0000,300.000,0,0.000,0,127.500,71.914,4.500,0.0300,0.2500,70.00,shockwave,60,450;300;200;100;50,1.5,3,0.5,1,2,1,10,0,100,-10,5,250,40,5,250,60,1,8,11,0,0.06,4,0.556,50,8,5
56,1,60,FrameTimeStutter,5.000,shockwave,practice,2026-09-16T14:18:06.7270312-04:00,1,555,9.97784,16.1688,1576.47,1440.00,0.000,0.000,4.1561,7.8550,13.3376,Left,0,0,0,0,0.0000,300.000,0,0.000,0,127.500,71.914,4.500,0.0300,0.2500,70.00,shockwave,60,450;300;200;100;50,1.5,3,0.5,1,2,1,10,0,100,-10,5,250,40,5,250,60,1,8,11,0,0.06,4,0.556,50,8,5
56,1,60,FrameTimeStutter,5.000,shockwave,practice,2026-09-16T14:18:06.7270312-04:00,1,556,9.99449,16.6559,1576.47,1440.00,0.000,0.000,4.1561,7.8550,13.3376,Left,0,0,0,0,0.0000,300.000,0,0.000,0,127.500,71.914,4.500,0.0300,0.2500,70.00,shockwave,60,450;300;200;100;50,1.5,3,0.5,1,2,1,10,0,100,-10,5,250,40,5,250,60,1,8,11,0,0.06,4,0.556,50,8,5
56,1,60,FrameTimeStutter,5.000,shockwave,practice,2026-09-16T14:18:06.7270312-04:00,1,557,10.01139,16.8992,1576.47,1440.00,0.000,0.000,4.1561,7.8550,13.3376,Left,0,0,0,0,0.0000,300.000,0,0.000,0,127.500,71.914,4.500,0.0300,0.2500,70.00,shockwave,60,450;300;200;100;50,1.5,3,0.5,1,2,1,10,0,100,-10,5,250,40,5,250,60,1,8,11,0,0.06,4,0.556,50,8,5
56,1,60,FrameTimeStutter,5.000,shockwave,practice,2026-09-16T14:18:06.7270312-04:00,1,558,10.02788,16.4919,1576.47,1440.00,0.000,0.000,4.1561,7.8550,13.3376,Left,0,0,0,0,0.0000,300.000,0,0.000,0,127.500,71.914,4.500,0.0300,0.2500,70.00,shockwave,60,450;300;200;100;50,1.5,3,0.5,1,2,1,10,0,100,-10,5,250,40,5,250,60,1,8,11,0,0.06,4,0.556,50,8,5
56,1,60,FrameTimeStutter,5.000,shockwave,practice,2026-09-16T14:18:06.7270312-04:00,1,559,10.04451,16.6238,1576.47,1440.00,0.000,0.000,4.1561,7.8550,13.3376,Left,0,0,0,0,0.0000,300.000,0,0.000,0,127.500,71.914,4.500,0.0300,0.2500,70.00,shockwave,60,450;300;200;100;50,1.5,3,0.5,1,2,1,10,0,100,-10,5,250,40,5,250,60,1,8,11,0,0.06,4,0.556,50,8,5
56,1,60,FrameTimeStutter,5.000,shockwave,practice,2026-09-16T14:18:06.7270312-04:00,1,560,10.06119,16.6835,1576.47,1440.00,0.000,0.000,4.1561,7.8550,13.3376,Left,0,0,0,0,0.0000,300.000,0,0.000,0,127.500,71.914,4.500,0.0300,0.2500,70.00,shockwave,60,450;300;200;100;50,1.5,3,0.5,1,2,1,10,0,100,-10,5,250,40,5,250,60,1,8,11,0,0.06,4,0.556,50,8,5
56,1,60,FrameTimeStutter,5.000,shockwave,practice,2026-09-16T14:18:06.7270312-04:00,1,561,10.07787,16.6802,1576.47,1440.00,0.000,0.000,4.1561,7.8550,13.3376,Left,0,0,0,0,0.0000,300.000,0,0.000,0,127.500,71.914,4.500,0.0300,0.2500,70.00,shockwave,60,450;300;200;100;50,1.5,3,0.5,1,2,1,10,0,100,-10,5,250,40,5,250,60,1,8,11,0,0.06,4,0.556,50,8,5
56,1,60,FrameTimeStutter,5.000,shockwave,practice,2026-09-16T14:18:06.7270312-04:00,1,562,10.09484,16.9691,1576.47,1440.00,0.000,0.000,4.1561,7.8550,13.3376,Left,0,0,0,0,0.0000,300.000,0,0.000,0,127.500,71.914,4.500,0.0300,0.2500,70.00,shockwave,60,450;300;200;100;50,1.5,3,0.5,1,2,1,10,0,100,-10,5,250,40,5,250,60,1,8,11,0,0.06,4,0.556,50,8,5
56,1,60,FrameTimeStutter,5.000,shockwave,practice,2026-09-16T14:18:06.7270312-04:00,1,563,10.11134,16.5040,1576.47,1440.00,0.000,0.000,4.1561,7.8550,13.3376,Left,0,0,0,0,0.0000,300.000,0,0.000,0,127.500,71.914,4.500,0.0300,0.2500,70.00,shockwave,60,450;300;200;100;50,1.5,3,0.5,1,2,1,10,0,100,-10,5,250,40,5,250,60,1,8,11,0,0.06,4,0.556,50,8,5
56,1,60,FrameTimeStutter,5.000,shockwave,practice,2026-09-16T14:18:06.7270312-04:00,1,564,10.12821,16.8727,1576.47,1440.00,0.000,0.000,4.1561,7.8550,13.3376,Left,0,0,0,0,0.0000,300.000,0,0.000,0,127.500,71.914,4.500,0.0300,0.2500,70.00,shockwave,60,450;300;200;100;50,1.5,3,0.5,1,2,1,10,0,100,-10,5,250,40,5,250,60,1,8,11,0,0.06,4,0.556,50,8,5
56,1,60,FrameTimeStutter,5.000,shockwave,practice,2026-09-16T14:18:06.7270312-04:00,1,565,10.14494,16.7292,1576.47,1440.00,0.000,0.000,4.1561,7.8550,13.3376,Left,0,0,0,0,0.0000,300.000,0,0.000,0,127.500,71.914,4.500,0.0300,0.2500,70.00,shockwave,60,450;300;200;100;50,1.5,3,0.5,1,2,1,10,0,100,-10,5,250,40,5,250,60,1,8,11,0,0.06,4,0.556,50,8,5
56,1,60,FrameTimeStutter,5.000,shockwave,practice,2026-09-16T14:18:06.7270312-04:00,1,566,10.16155,16.6083,1576.47,1440.00,0.000,0.000,4.1561,7.8550,13.3376,Left,0,0,0,0,0.0000,300.000,0,0.000,0,127.500,71.914,4.500,0.0300,0.2500,70.00,shockwave,60,450;300;200;100;50,1.5,3,0.5,1,2,1,10,0,100,-10,5,250,40,5,250,60,1,8,11,0,0.06,4,0.556,50,8,5
56,1,60,FrameTimeStutter,5.000,shockwave,practice,2026-09-16T14:18:06.7270312-04:00,1,567,10.17786,16.3071,1576.47,1440.00,0.000,0.000,4.1561,7.8550,13.3376,Left,0,0,0,0,0.0000,300.000,0,0.000,0,127.500,71.914,4.500,0.0300,0.2500,70.00,shockwave,60,450;300;200;100;50,1.5,3,0.5,1,2,1,10,0,100,-10,5,250,40,5,250,60,1,8,11,0,0.06,4,0.556,50,8,5
56,1,60,FrameTimeStutter,5.000,shockwave,practice,2026-09-16T14:18:06.7270312-04:00,1,568,10.19476,16.8961,1576.47,1440.00,0.000,0.000,4.1561,7.8550,13.3376,Left,0,0,0,0,0.0000,300.000,0,0.000,0,127.500,71.914,4.500,0.0300,0.2500,70.00,shockwave,60,450;300;200;100;50,1.5,3,0.5,1,2,1,10,0,100,-10,5,250,40,5,250,60,1,8,11,0,0.06,4,0.556,50,8,5
56,1,60,FrameTimeStutter,5.000,shockwave,practice,2026-09-16T14:18:06.7270312-04:00,1,569,10.21183,17.0722,1576.47,1440.00,0.000,0.000,4.1561,7.8550,13.3376,Left,0,0,0,0,0.0000,300.000,0,0.000,0,127.500,71.914,4.500,0.0300,0.2500,70.00,shockwave,60,450;300;200;100;50,1.5,3,0.5,1,2,1,10,0,100,-10,5,250,40,5,250,60,1,8,11,0,0.06,4,0.556,50,8,5
56,1,60,FrameTimeStutter,5.000,shockwave,practice,2026-09-16T14:18:06.7270312-04:00,1,570,10.22813,16.2996,1576.47,1440.00,0.000,0.000,4.1561,7.8550,13.3376,Left,0,0,0,0,0.0000,300.000,0,0.000,0,127.500,71.914,4.500,0.0300,0.2500,70.00,shockwave,60,450;300;200;100;50,1.5,3,0.5,1,2,1,10,0,100,-10,5,250,40,5,250,60,1,8,11,0,0.06,4,0.556,50,8,5
56,1,60,FrameTimeStutter,5.000,shockwave,practice,2026-09-16T14:18:06.7270312-04:00,1,571,10.24508,16.9516,1576.47,1440.00,0.000,0.000,4.1561,7.8550,13.3376,Left,0,0,0,0,0.0000,300.000,0,0.000,0,127.500,71.914,4.500,0.0300,0.2500,70.00,shockwave,60,450;300;200;100;50,1.5,3,0.5,1,2,1,10,0,100,-10,5,250,40,5,250,60,1,8,11,0,0.06,4,0.556,50,8,5
56,1,60,FrameTimeStutter,5.000,shockwave,practice,2026-09-16T14:18:06.7270312-04:00,1,572,10.26162,16.5363,1576.47,1440.00,0.000,0.000,4.1561,7.8550,13.3376,Left,0,0,0,0,0.0000,300.000,0,0.000,0,127.500,71.914,4.500,0.0300,0.2500,70.00,shockwave,60,450;300;200;100;50,1.5,3,0.5,1,2,1,10,0,100,-10,5,250,40,5,250,60,1,8,11,0,0.06,4,0.556,50,8,5
56,1,60,FrameTimeStutter,5.000,shockwave,practice,2026-09-16T14:18:06.7270312-04:00,1,573,10.27798,16.3700,1576.47,1440.00,0.000,0.000,4.1561,7.8550,13.3376,Left,0,0,0,0,0.0000,300.000,0,0.000,0,127.500,71.914,4.500,0.0300,0.2500,70.00,shockwave,60,450;300;200;100;50,1.5,3,0.5,1,2,1,10,0,100,-10,5,250,40,5,250,60,1,8,11,0,0.06,4,0.556,50,8,5
56,1,60,FrameTimeStutter,5.000,shockwave,practice,2026-09-16T14:18:06.7270312-04:00,1,574,10.29494,16.9555,1576.47,1440.00,0.000,0.000,4.1561,7.8550,13.3376,Left,0,0,0,0,0.0000,300.000,0,0.000,0,127.500,71.914,4.500,0.0300,0.2500,70.00,shockwave,60,450;300;200;100;50,1.5,3,0.5,1,2,1,10,0,100,-10,5,250,40,5,250,60,1,8,11,0,0.06,4,0.556,50,8,5
56,1,60,FrameTimeStutter,5.000,shockwave,practice,2026-09-16T14:18:06.7270312-04:00,1,575,10.31186,16.9156,1576.47,1440.00,0.000,0.000,4.1561,7.8550,13.3376,Left,0,0,0,0,0.0000,300.000,0,0.000,0,127.500,71.914,4.500,0.0300,0.2500,70.00,shockwave,60,450;300;200;100;50,1.5,3,0.5,1,2,1,10,0,100,-10,5,250,40,5,250,60,1,8,11,0,0.06,4,0.556,50,8,5
56,1,60,FrameTimeStutter,5.000,shockwave,practice,2026-09-16T14:18:06.7270312-04:00,1,576,10.32840,16.5420,1576.47,1440.00,0.000,0.000,4.1561,7.8550,13.3376,Left,0,0,0,0,0.0000,300.000,0,0.000,0,127.500,71.914,4.500,0.0300,0.2500,70.00,shockwave,60,450;300;200;100;50,1.5,3,0.5,1,2,1,10,0,100,-10,5,250,40,5,250,60,1,8,11,0,0.06,4,0.556,50,8,5
56,1,60,FrameTimeStutter,5.000,shockwave,practice,2026-09-16T14:18:06.7270312-04:00,1,577,10.34495,16.5540,1576.47,1440.00,0.000,0.000,4.1561,7.8550,13.3376,Left,0,0,0,0,0.0000,300.000,0,0.000,0,127.500,71.914,4.500,0.0300,0.2500,70.00,shockwave,60,450;300;200;100;50,1.5,3,0.5,1,2,1,10,0,100,-10,5,250,40,5,250,60,1,8,11,0,0.06,4,0.556,50,8,5
56,1,60,FrameTimeStutter,5.000,shockwave,practice,2026-09-16T14:18:06.7270312-04:00,1,578,10.36182,16.8716,1576.47,1440.00,0.000,0.000,4.1561,7.8550,13.3376,Left,0,0,0,0,0.0000,300.000,0,0.000,0,127.500,71.914,4.500,0.0300,0.2500,70.00,shockwave,60,450;300;200;100;50,1.5,3,0.5,1,2,1,10,0,100,-10,5,250,40,5,250,60,1,8,11,0,0.06,4,0.556,50,8,5
56,1,60,FrameTimeStutter,5.000,shockwave,practice,2026-09-16T14:18:06.7270312-04:00,1,579,10.37820,16.3743,1576.47,1440.00,0.000,0.000,4.1561,7.8550,13.3376,Left,0,0,0,0,0.0000,300.000,0,0.000,0,127.500,71.914,4.500,0.0300,0.2500,70.00,shockwave,60,450;300;200;100;50,1.5,3,0.5,1,2,1,10,0,100,-10,5,250,40,5,250,60,1,8,11,0,0.06,4,0.556,50,8,5
56,1,60,FrameTimeStutter,5.000,shockwave,practice,2026-09-16T14:18:06.7270312-04:00,1,580,10.39444,16.2392,1576.47,1440.00,0.000,0.000,4.1561,7.8550,13.3376,Left,0,0,0,0,0.0000,300.000,0,0.000,0,127.500,71.914,4.500,0.0300,0.2500,70.00,shockwave,60,450;300;200;100;50,1.5,3,0.5,1,2,1,10,0,100,-10,5,250,40,5,250,60,1,8,11,0,0.06,4,0.556,50,8,5
56,1,60,FrameTimeStutter,5.000,shockwave,practice,2026-09-16T14:18:06.7270312-04:00,1,581,10.41143,16.9978,1576.47,1440.00,0.000,0.000,4.1561,7.8550,13.3376,Left,0,0,0,0,0.0000,300.000,0,0.000,0,127.500,71.914,4.500,0.0300,0.2500,70.00,shockwave,60,450;300;200;100;50,1.5,3,0.5,1,2,1,10,0,100,-10,5,250,40,5,250,60,1,8,11,0,0.06,4,0.556,50,8,5
56,1,60,FrameTimeStutter,5.000,shockwave,practice,2026-09-16T14:18:06.7270312-04:00,1,582,10.42812,16.6841,1576.47,1440.00,0.000,0.000,4.1561,7.8550,13.3376,Left,0,0,0,0,0.0000,300.000,0,0.000,0,127.500,71.914,4.500,0.0300,0.2500,70.00,shockwave,60,450;300;200;100;50,1.5,3,0.5,1,2,1,10,0,100,-10,5,250,40,5,250,60,1,8,11,0,0.06,4,0.556,50,8,5
56,1,60,FrameTimeStutter,5.000,shockwave,practice,2026-09-16T14:18:06.7270312-04:00,1,583,10.44503,16.9135,1576.47,1440.00,0.000,0.000,4.1561,7.8550,13.3376,Left,0,0,0,0,0.0000,300.000,0,0.000,0,127.500,71.914,4.500,0.0300,0.2500,70.00,shockwave,60,450;300;200;100;50,1.5,3,0.5,1,2,1,10,0,100,-10,5,250,40,5,250,60,1,8,11,0,0.06,4,0.556,50,8,5
56,1,60,FrameTimeStutter,5.000,shockwave,practice,2026-09-16T14:18:06.7270312-04:00,1,584,10.46185,16.8213,1576.47,1440.00,0.000,0.000,4.1561,7.8550,13.3376,Left,0,0,0,0,0.0000,300.000,0,0.000,0,127.500,71.914,4.500,0.0300,0.2500,70.00,shockwave,60,450;300;200;100;50,1.5,3,0.5,1,2,1,10,0,100,-10,5,250,40,5,250,60,1,8,11,0,0.06,4,0.556,50,8,5
56,1,60,FrameTimeStutter,5.000,shockwave,practice,2026-09-16T14:18:06.7270312-04:00,1,585,10.47776,15.9058,1576.47,1440.00,0.000,0.000,4.1561,7.8550,13.3376,Left,0,0,0,0,0.0000,300.000,0,0.000,0,127.500,71.914,4.500,0.0300,0.2500,70.00,shockwave,60,450;300;200;100;50,1.5,3,0.5,1,2,1,10,0,100,-10,5,250,40,5,250,60,1,8,11,0,0.06,4,0.556,50,8,5
56,1,60,FrameTimeStutter,5.000,shockwave,practice,2026-09-16T14:18:06.7270312-04:00,1,586,10.49456,16.8032,1576.47,1440.00,0.000,0.000,4.1561,7.8550,13.3376,Left,0,0,0,0,0.0000,300.000,0,0.000,0,127.500,71.914,4.500,0.0300,0.2500,70.00,shockwave,60,450;300;200;100;50,1.5,3,0.5,1,2,1,10,0,100,-10,5,250,40,5,250,60,1,8,11,0,0.06,4,0.556,50,8,5
56,1,60,FrameTimeStutter,5.000,shockwave,practice,2026-09-16T14:18:06.7270312-04:00,1,587,10.51120,16.6400,1576.47,1440.00,0.000,0.000,4.1561,7.8550,13.3376,Left,0,0,0,0,0.0000,300.000,0,0.000,0,127.500,71.914,4.500,0.0300,0.2500,70.00,shockwave,60,450;300;200;100;50,1.5,3,0.5,1,2,1,10,0,100,-10,5,250,40,5,250,60,1,8,11,0,0.06,4,0.556,50,8,5
56,1,60,FrameTimeStutter,5.000,shockwave,practice,2026-09-16T14:18:06.7270312-04:00,1,588,10.52776,16.5552,1576.47,1440.00,0.000,0.000,4.1561,7.8550,13.3376,Left,0,0,0,0,0.0000,300.000,0,0.000,0,127.500,71.914,4.500,0.0300,0.2500,70.00,shockwave,60,450;300;200;100;50,1.5,3,0.5,1,2,1,10,0,100,-10,5,250,40,5,250,60,1,8,11,0,0.06,4,0.556,50,8,5
56,1,60,FrameTimeStutter,5.000,shockwave,practice,2026-09-16T14:18:06.7270312-04:00,1,589,10.54443,16.6672,1576.47,1440.00,0.000,0.000,4.1561,7.8550,13.3376,Left,0,0,0,0,0.0000,300.000,0,0.000,0,127.500,71.914,4.500,0.0300,0.2500,70.00,shockwave,60,450;300;200;100;50,1.5,3,0.5,1,2,1,10,0,100,-10,5,250,40,5,250,60,1,8,11,0,0.06,4,0.556,50,8,5
56,1,60,FrameTimeStutter,5.000,shockwave,practice,2026-09-16T14:18:06.7270312-04:00,1,590,10.56124,16.8124,1576.47,1440.00,0.000,0.000,4.1561,7.8550,13.3376,Left,0,0,0,0,0.0000,300.000,0,0.000,0,127.500,71.914,4.500,0.0300,0.2500,70.00,shockwave,60,450;300;200;100;50,1.5,3,0.5,1,2,1,10,0,100,-10,5,250,40,5,250,60,1,8,11,0,0.06,4,0.556,50,8,5
56,1,60,FrameTimeStutter,5.000,shockwave,practice,2026-09-16T14:18:06.7270312-04:00,1,591,10.57794,16.6981,1576.47,1440.00,0.000,0.000,4.1561,7.8550,13.3376,Left,0,0,0,0,0.0000,300.000,0,0.000,0,127.500,71.914,4.500,0.0300,0.2500,70.00,shockwave,60,450;300;200;100;50,1.5,3,0.5,1,2,1,10,0,100,-10,5,250,40,5,250,60,1,8,11,0,0.06,4,0.556,50,8,5
56,1,60,FrameTimeStutter,5.000,shockwave,practice,2026-09-16T14:18:06.7270312-04:00,1,592,10.59518,17.2460,1576.47,1440.00,0.000,0.000,4.1561,7.8550,13.3376,Left,0,0,0,0,0.0000,300.000,0,0.000,0,127.500,71.914,4.500,0.0300,0.2500,70.00,shockwave,60,450;300;200;100;50,1.5,3,0.5,1,2,1,10,0,100,-10,5,250,40,5,250,60,1,8,11,0,0.06,4,0.556,50,8,5
56,1,60,FrameTimeStutter,5.000,shockwave,practice,2026-09-16T14:18:06.7270312-04:00,1,593,10.61143,16.2466,1576.47,1440.00,0.000,0.000,4.1561,7.8550,13.3376,Left,0,0,0,0,0.0000,300.000,0,0.000,0,127.500,71.914,4.500,0.0300,0.2500,70.00,shockwave,60,450;300;200;100;50,1.5,3,0.5,1,2,1,10,0,100,-10,5,250,40,5,250,60,1,8,11,0,0.06,4,0.556,50,8,5
56,1,60,FrameTimeStutter,5.000,shockwave,practice,2026-09-16T14:18:06.7270312-04:00,1,594,10.62856,17.1287,1576.47,1440.00,0.000,0.000,4.1561,7.8550,13.3376,Left,0,0,0,0,0.0000,300.000,0,0.000,0,127.500,71.914,4.500,0.0300,0.2500,70.00,shockwave,60,450;300;200;100;50,1.5,3,0.5,1,2,1,10,0,100,-10,5,250,40,5,250,60,1,8,11,0,0.06,4,0.556,50,8,5
56,1,60,FrameTimeStutter,5.000,shockwave,practice,2026-09-16T14:18:06.7270312-04:00,1,595,10.64460,16.0424,1576.47,1440.00,0.000,0.000,4.1561,7.8550,13.3376,Left,0,0,0,0,0.0000,300.000,0,0.000,0,127.500,71.914,4.500,0.0300,0.2500,70.00,shockwave,60,450;300;200;100;50,1.5,3,0.5,1,2,1,10,0,100,-10,5,250,40,5,250,60,1,8,11,0,0.06,4,0.556,50,8,5
56,1,60,FrameTimeStutter,5.000,shockwave,practice,2026-09-16T14:18:06.7270312-04:00,1,596,10.66159,16.9914,1576.47,1440.00,0.000,0.000,4.1561,7.8550,13.3376,Left,0,0,0,0,0.0000,300.000,0,0.000,0,127.500,71.914,4.500,0.0300,0.2500,70.00,shockwave,60,450;300;200;100;50,1.5,3,0.5,1,2,1,10,0,100,-10,5,250,40,5,250,60,1,8,11,0,0.06,4,0.556,50,8,5
56,1,60,FrameTimeStutter,5.000,shockwave,practice,2026-09-16T14:18:06.7270312-04:00,1,597,10.67782,16.2312,1576.47,1440.00,0.000,0.000,4.1561,7.8550,13.3376,Left,0,0,0,0,0.0000,300.000,0,0.000,0,127.500,71.914,4.500,0.0300,0.2500,70.00,shockwave,60,450;300;200;100;50,1.5,3,0.5,1,2,1,10,0,100,-10,5,250,40,5,250,60,1,8,11,0,0.06,4,0.556,50,8,5
56,1,60,FrameTimeStutter,5.000,shockwave,practice,2026-09-16T14:18:06.7270312-04:00,1,598,10.69464,16.8146,1576.47,1440.00,0.000,0.000,4.1561,7.8550,13.3376,Left,0,0,0,0,0.0000,300.000,0,0.000,0,127.500,71.914,4.500,0.0300,0.2500,70.00,shockwave,60,450;300;200;100;50,1.5,3,0.5,1,2,1,10,0,100,-10,5,250,40,5,250,60,1,8,11,0,0.06,4,0.556,50,8,5
56,1,60,FrameTimeStutter,5.000,shockwave,practice,2026-09-16T14:18:06.7270312-04:00,1,599,10.71122,16.5810,1576.47,1440.00,0.000,0.000,4.1561,7.8550,13.3376,Left,0,0,0,0,0.0000,300.000,0,0.000,0,127.500,71.914,4.500,0.0300,0.2500,70.00,shockwave,60,450;300;200;100;50,1.5,3,0.5,1,2,1,10,0,100,-10,5,250,40,5,250,60,1,8,11,0,0.06,4,0.556,50,8,5
56,1,60,FrameTimeStutter,5.000,shockwave,practice,2026-09-16T14:18:06.7270312-04:00,1,600,10.72796,16.7431,1576.47,1440.00,0.000,0.000,4.1561,7.8550,13.3376,Left,0,0,0,0,0.0000,300.000,0,0.000,0,127.500,71.914,4.500,0.0300,0.2500,70.00,shockwave,60,450;300;200;100;50,1.5,3,0.5,1,2,1,10,0,100,-10,5,250,40,5,250,60,1,8,11,0,0.06,4,0.556,50,8,5
56,1,60,FrameTimeStutter,5.000,shockwave,practice,2026-09-16T14:18:06.7270312-04:00,1,601,10.74450,16.5369,1576.47,1440.00,0.000,0.000,4.1561,7.8550,13.3376,Left,0,0,0,0,0.0000,300.000,0,0.000,0,127.500,71.914,4.500,0.0300,0.2500,70.00,shockwave,60,450;300;200;100;50,1.5,3,0.5,1,2,1,10,0,100,-10,5,250,40,5,250,60,1,8,11,0,0.06,4,0.556,50,8,5
56,1,60,FrameTimeStutter,5.000,shockwave,practice,2026-09-16T14:18:06.7270312-04:00,1,602,10.76140,16.9031,1576.47,1440.00,0.000,0.000,4.1561,7.8550,13.3376,Left,0,0,0,0,0.0000,300.000,0,0.000,0,127.500,71.914,4.500,0.0300,0.2500,70.00,shockwave,60,450;300;200;100;50,1.5,3,0.5,1,2,1,10,0,100,-10,5,250,40,5,250,60,1,8,11,0,0.06,4,0.556,50,8,5
56,1,60,FrameTimeStutter,5.000,shockwave,practice,2026-09-16T14:18:06.7270312-04:00,1,603,10.77794,16.5367,1576.47,1440.00,0.000,0.000,4.1561,7.8550,13.3376,Left,0,0,0,0,0.0000,300.000,0,0.000,0,127.500,71.914,4.500,0.0300,0.2500,70.00,shockwave,60,450;300;200;100;50,1.5,3,0.5,1,2,1,10,0,100,-10,5,250,40,5,250,60,1,8,11,0,0.06,4,0.556,50,8,5
56,1,60,FrameTimeStutter,5.000,shockwave,practice,2026-09-16T14:18:06.7270312-04:00,1,604,10.79513,17.1913,1576.47,1440.00,0.000,0.000,4.1561,7.8550,13.3376,Left,0,0,0,0,0.0000,300.000,0,0.000,0,127.500,71.914,4.500,0.0300,0.2500,70.00,shockwave,60,450;300;200;100;50,1.5,3,0.5,1,2,1,10,0,100,-10,5,250,40,5,250,60,1,8,11,0,0.06,4,0.556,50,8,5
56,1,60,FrameTimeStutter,5.000,shockwave,practice,2026-09-16T14:18:06.7270312-04:00,1,605,10.81182,16.6886,1576.47,1440.00,0.000,0.000,4.1561,7.8550,13.3376,Left,0,0,0,0,0.0000,300.000,0,0.000,0,127.500,71.914,4.500,0.0300,0.2500,70.00,shockwave,60,450;300;200;100;50,1.5,3,0.5,1,2,1,10,0,100,-10,5,250,40,5,250,60,1,8,11,0,0.06,4,0.556,50,8,5
56,1,60,FrameTimeStutter,5.000,shockwave,practice,2026-09-16T14:18:06.7270312-04:00,1,606,10.82776,15.9439,1576.47,1440.00,0.000,0.000,4.1561,7.8550,13.3376,Left,0,0,0,0,0.0000,300.000,0,0.000,0,127.500,71.914,4.500,0.0300,0.2500,70.00,shockwave,60,450;300;200;100;50,1.5,3,0.5,1,2,1,10,0,100,-10,5,250,40,5,250,60,1,8,11,0,0.06,4,0.556,50,8,5
56,1,60,FrameTimeStutter,5.000,shockwave,practice,2026-09-16T14:18:06.7270312-04:00,1,607,10.84518,17.4162,1576.47,1440.00,0.000,0.000,4.1561,7.8550,13.3376,Left,0,0,0,0,0.0000,300.000,0,0.000,0,127.500,71.914,4.500,0.0300,0.2500,70.00,shockwave,60,450;300;200;100;50,1.5,3,0.5,1,2,1,10,0,100,-10,5,250,40,5,250,60,1,8,11,0,0.06,4,0.556,50,8,5
56,1,60,FrameTimeStutter,5.000,shockwave,practice,2026-09-16T14:18:06.7270312-04:00,1,608,10.86185,16.6684,1576.47,1440.00,0.000,0.000,4.1561,7.8550,13.3376,Left,0,0,0,0,0.0000,300.000,0,0.000,0,127.500,71.914,4.500,0.0300,0.2500,70.00,shockwave,60,450;300;200;100;50,1.5,3,0.5,1,2,1,10,0,100,-10,5,250,40,5,250,60,1,8,11,0,0.06,4,0.556,50,8,5
56,1,60,FrameTimeStutter,5.000,shockwave,practice,2026-09-16T14:18:06.7270312-04:00,1,609,10.87786,16.0096,1576.47,1440.00,0.000,0.000,4.1561,7.8550,13.3376,Left,0,0,0,0,0.0000,300.000,0,0.000,0,127.500,71.914,4.500,0.0300,0.2500,70.00,shockwave,60,450;300;200;100;50,1.5,3,0.5,1,2,1,10,0,100,-10,5,250,40,5,250,60,1,8,11,0,0.06,4,0.556,50,8,5
56,1,60,FrameTimeStutter,5.000,shockwave,practice,2026-09-16T14:18:06.7270312-04:00,1,610,10.89517,17.3107,1576.47,1440.00,0.000,0.000,4.1561,7.8550,13.3376,Left,0,0,0,0,0.0000,300.000,0,0.000,0,127.500,71.914,4.500,0.0300,0.2500,70.00,shockwave,60,450;300;200;100;50,1.5,3,0.5,1,2,1,10,0,100,-10,5,250,40,5,250,60,1,8,11,0,0.06,4,0.556,50,8,5
56,1,60,FrameTimeStutter,5.000,shockwave,practice,2026-09-16T14:18:06.7270312-04:00,1,611,10.91164,16.4705,1576.47,1440.00,0.000,0.000,4.1561,7.8550,13.3376,Left,0,0,0,0,0.0000,300.000,0,0.000,0,127.500,71.914,4.500,0.0300,0.2500,70.00,shockwave,60,450;300;200;100;50,1.5,3,0.5,1,2,1,10,0,100,-10,5,250,40,5,250,60,1,8,11,0,0.06,4,0.556,50,8,5
56,1,60,FrameTimeStutter,5.000,shockwave,practice,2026-09-16T14:18:06.7270312-04:00,1,612,10.92814,16.5049,1576.47,1440.00,0.000,0.000,4.1561,7.8550,13.3376,Left,0,0,0,0,0.0000,300.000,0,0.000,0,127.500,71.914,4.500,0.0300,0.2500,70.00,shockwave,60,450;300;200;100;50,1.5,3,0.5,1,2,1,10,0,100,-10,5,250,40,5,250,60,1,8,11,0,0.06,4,0.556,50,8,5
56,1,60,FrameTimeStutter,5.000,shockwave,practice,2026-09-16T14:18:06.7270312-04:00,1,613,10.94450,16.3558,1576.47,1440.00,0.000,0.000,4.1561,7.8550,13.3376,Left,0,0,0,0,0.0000,300.000,0,0.000,0,127.500,71.914,4.500,0.0300,0.2500,70.00,shockwave,60,450;300;200;100;50,1.5,3,0.5,1,2,1,10,0,100,-10,5,250,40,5,250,60,1,8,11,0,0.06,4,0.556,50,8,5
56,1,60,FrameTimeStutter,5.000,shockwave,practice,2026-09-16T14:18:06.7270312-04:00,1,614,10.96168,17.1777,1576.47,1440.00,0.000,0.000,4.1561,7.8550,13.3376,Left,0,0,0,0,0.0000,300.000,0,0.000,0,127.500,71.914,4.500,0.0300,0.2500,70.00,shockwave,60,450;300;200;100;50,1.5,3,0.5,1,2,1,10,0,100,-10,5,250,40,5,250,60,1,8,11,0,0.06,4,0.556,50,8,5
56,1,60,FrameTimeStutter,5.000,shockwave,practice,2026-09-16T14:18:06.7270312-04:00,1,615,10.97827,16.5928,1576.47,1440.00,0.000,0.000,4.1561,7.8550,13.3376,Left,0,0,0,0,0.0000,300.000,0,0.000,0,127.500,71.914,4.500,0.0300,0.2500,70.00,shockwave,60,450;300;200;100;50,1.5,3,0.5,1,2,1,10,0,100,-10,5,250,40,5,250,60,1,8,11,0,0.06,4,0.556,50,8,5
56,1,60,FrameTimeStutter,5.000,shockwave,practice,2026-09-16T14:18:06.7270312-04:00,1,616,10.99518,16.9099,1576.47,1440.00,0.000,0.000,4.1561,7.8550,13.3376,Left,0,0,0,0,0.0000,300.000,0,0.000,0,127.500,71.914,4.500,0.0300,0.2500,70.00,shockwave,60,450;300;200;100;50,1.5,3,0.5,1,2,1,10,0,100,-10,5,250,40,5,250,60,1,8,11,0,0.06,4,0.556,50,8,5
56,1,60,FrameTimeStutter,5.000,shockwave,practice,2026-09-16T14:18:06.7270312-04:00,1,617,11.01167,16.4872,1576.47,1440.00,0.000,0.000,4.1561,7.8550,13.3376,Left,0,0,0,0,0.0000,300.000,0,0.000,0,127.500,71.914,4.500,0.0300,0.2500,70.00,shockwave,60,450;300;200;100;50,1.5,3,0.5,1,2,1,10,0,100,-10,5,250,40,5,250,60,1,8,11,0,0.06,4,0.556,50,8,5
56,1,60,FrameTimeStutter,5.000,shockwave,practice,2026-09-16T14:18:06.7270312-04:00,1,618,11.02796,16.2942,1576.47,1440.00,0.000,0.000,4.1561,7.8550,13.3376,Left,0,0,0,0,0.0000,300.000,0,0.000,0,127.500,71.914,4.500,0.0300,0.2500,70.00,shockwave,60,450;300;200;100;50,1.5,3,0.5,1,2,1,10,0,100,-10,5,250,40,5,250,60,1,8,11,0,0.06,4,0.556,50,8,5
56,1,60,FrameTimeStutter,5.000,shockwave,practice,2026-09-16T14:18:06.7270312-04:00,1,619,11.04467,16.7088,1576.47,1440.00,0.000,0.000,4.1561,7.8550,13.3376,Left,0,0,0,0,0.0000,300.000,0,0.000,0,127.500,71.914,4.500,0.0300,0.2500,70.00,shockwave,60,450;300;200;100;50,1.5,3,0.5,1,2,1,10,0,100,-10,5,250,40,5,250,60,1,8,11,0,0.06,4,0.556,50,8,5
56,1,60,FrameTimeStutter,5.000,shockwave,practice,2026-09-16T14:18:06.7270312-04:00,1,620,11.06119,16.5225,1576.47,1440.00,0.000,0.000,4.1561,7.8550,13.3376,Left,0,0,0,0,0.0000,300.000,0,0.000,0,127.500,71.914,4.500,0.0300,0.2500,70.00,shockwave,60,450;300;200;100;50,1.5,3,0.5,1,2,1,10,0,100,-10,5,250,40,5,250,60,1,8,11,0,0.06,4,0.556,50,8,5
56,1,60,FrameTimeStutter,5.000,shockwave,practice,2026-09-16T14:18:06.7270312-04:00,1,621,11.07845,17.2608,1576.47,1440.00,0.000,0.000,4.1561,7.8550,13.3376,Left,0,0,0,0,0.0000,300.000,0,0.000,0,127.500,71.914,4.500,0.0300,0.2500,70.00,shockwave,60,450;300;200;100;50,1.5,3,0.5,1,2,1,10,0,100,-10,5,250,40,5,250,60,1,8,11,0,0.06,4,0.556,50,8,5
56,1,60,FrameTimeStutter,5.000,shockwave,practice,2026-09-16T14:18:06.7270312-04:00,1,622,11.09526,16.8076,1576.47,1440.00,0.000,0.000,4.1561,7.8550,13.3376,Left,0,0,0,0,0.0000,300.000,0,0.000,0,127.500,71.914,4.500,0.0300,0.2500,70.00,shockwave,60,450;300;200;100;50,1.5,3,0.5,1,2,1,10,0,100,-10,5,250,40,5,250,60,1,8,11,0,0.06,4,0.556,50,8,5
56,1,60,FrameTimeStutter,5.000,shockwave,practice,2026-09-16T14:18:06.7270312-04:00,1,623,11.11133,16.0738,1576.47,1440.00,0.000,0.000,4.1561,7.8550,13.3376,Left,0,0,0,0,0.0000,300.000,0,0.000,0,127.500,71.914,4.500,0.0300,0.2500,70.00,shockwave,60,450;300;200;100;50,1.5,3,0.5,1,2,1,10,0,100,-10,5,250,40,5,250,60,1,8,11,0,0.06,4,0.556,50,8,5
56,1,60,FrameTimeStutter,5.000,shockwave,practice,2026-09-16T14:18:06.7270312-04:00,1,624,11.12841,17.0787,1576.47,1440.00,0.000,0.000,4.1561,7.8550,13.3376,Left,0,0,0,0,0.0000,300.000,0,0.000,0,127.500,71.914,4.500,0.0300,0.2500,70.00,shockwave,60,450;300;200;100;50,1.5,3,0.5,1,2,1,10,0,100,-10,5,250,40,5,250,60,1,8,11,0,0.06,4,0.556,50,8,5
56,1,60,FrameTimeStutter,5.000,shockwave,practice,2026-09-16T14:18:06.7270312-04:00,1,625,11.14479,16.3753,1576.47,1440.00,0.000,0.000,4.1561,7.8550,13.3376,Left,0,0,0,0,0.0000,300.000,0,0.000,0,127.500,71.914,4.500,0.0300,0.2500,70.00,shockwave,60,450;300;200;100;50,1.5,3,0.5,1,2,1,10,0,100,-10,5,250,40,5,250,60,1,8,11,0,0.06,4,0.556,50,8,5
56,1,60,FrameTimeStutter,5.000,shockwave,practice,2026-09-16T14:18:06.7270312-04:00,1,626,11.16145,16.6658,1576.47,1440.00,0.000,0.000,4.1561,7.8550,13.3376,Left,0,0,0,0,0.0000,300.000,0,0.000,0,127.500,71.914,4.500,0.0300,0.2500,70.00,shockwave,60,450;300;200;100;50,1.5,3,0.5,1,2,1,10,0,100,-10,5,250,40,5,250,60,1,8,11,0,0.06,4,0.556,50,8,5
56,1,60,FrameTimeStutter,5.000,shockwave,practice,2026-09-16T14:18:06.7270312-04:00,1,627,11.17841,16.9598,1576.47,1440.00,0.000,0.000,4.1561,7.8550,13.3376,Left,0,0,0,0,0.0000,300.000,0,0.000,0,127.500,71.914,4.500,0.0300,0.2500,70.00,shockwave,60,450;300;200;100;50,1.5,3,0.5,1,2,1,10,0,100,-10,5,250,40,5,250,60,1,8,11,0,0.06,4,0.556,50,8,5
56,1,60,FrameTimeStutter,5.000,shockwave,practice,2026-09-16T14:18:06.7270312-04:00,1,628,11.19503,16.6187,1576.47,1440.00,0.000,0.000,4.1561,7.8550,13.3376,Left,0,0,0,0,0.0000,300.000,0,0.000,0,127.500,71.914,4.500,0.0300,0.2500,70.00,shockwave,60,450;300;200;100;50,1.5,3,0.5,1,2,1,10,0,100,-10,5,250,40,5,250,60,1,8,11,0,0.06,4,0.556,50,8,5
56,1,60,FrameTimeStutter,5.000,shockwave,practice,2026-09-16T14:18:06.7270312-04:00,1,629,11.21129,16.2588,1576.47,1440.00,0.000,0.000,4.1561,7.8550,13.3376,Left,0,0,0,0,0.0000,300.000,0,0.000,0,127.500,71.914,4.500,0.0300,0.2500,70.00,shockwave,60,450;300;200;100;50,1.5,3,0.5,1,2,1,10,0,100,-10,5,250,40,5,250,60,1,8,11,0,0.06,4,0.556,50,8,5
56,1,60,FrameTimeStutter,5.000,shockwave,practice,2026-09-16T14:18:06.7270312-04:00,1,630,11.22791,16.6171,1576.47,1440.00,0.000,0.000,4.1561,7.8550,13.3376,Left,0,0,0,0,0.0000,300.000,0,0.000,0,127.500,71.914,4.500,0.0300,0.2500,70.00,shockwave,60,450;300;200;100;50,1.5,3,0.5,1,2,1,10,0,100,-10,5,250,40,5,250,60,1,8,11,0,0.06,4,0.556,50,8,5
56,1,60,FrameTimeStutter,5.000,shockwave,practice,2026-09-16T14:18:06.7270312-04:00,1,631,11.24488,16.9756,1576.47,1440.00,0.000,0.000,4.1561,7.8550,13.3376,Left,0,0,0,0,0.0000,300.000,0,0.000,0,127.500,71.914,4.500,0.0300,0.2500,70.00,shockwave,60,450;300;200;100;50,1.5,3,0.5,1,2,1,10,0,100,-10,5,250,40,5,250,60,1,8,11,0,0.06,4,0.556,50,8,5
56,1,60,FrameTimeStutter,5.000,shockwave,practice,2026-09-16T14:18:06.7270312-04:00,1,632,11.26150,16.6169,1576.47,1440.00,0.000,0.000,4.1561,7.8550,13.3376,Left,0,0,0,0,0.0000,300.000,0,0.000,0,127.500,71.914,4.500,0.0300,0.2500,70.00,shockwave,60,450;300;200;100;50,1.5,3,0.5,1,2,1,10,0,100,-10,5,250,40,5,250,60,1,8,11,0,0.06,4,0.556,50,8,5
56,1,60,FrameTimeStutter,5.000,shockwave,practice,2026-09-16T14:18:06.7270312-04:00,1,633,11.27776,16.2567,1576.47,1440.00,0.000,0.000,4.1561,7.8550,13.3376,Left,0,0,0,0,0.0000,300.000,0,0.000,0,127.500,71.914,4.500,0.0300,0.2500,70.00,shockwave,60,450;300;200;100;50,1.5,3,0.5,1,2,1,10,0,100,-10,5,250,40,5,250,60,1,8,11,0,0.06,4,0.556,50,8,5
56,1,60,FrameTimeStutter,5.000,shockwave,practice,2026-09-16T14:18:06.7270312-04:00,1,634,11.29492,17.1643,1578.27,1440.00,1.000,0.000,4.1744,7.8549,13.3376,Left,0,0,0,0,0.0000,300.000,0,0.000,0,127.500,71.914,4.500,0.0300,0.2500,70.00,shockwave,60,450;300;200;100;50,1.5,3,0.5,1,2,1,10,0,100,-10,5,250,40,5,250,60,1,8,11,0,0.06,4,0.556,50,8,5
56,1,60,FrameTimeStutter,5.000,shockwave,practice,2026-09-16T14:18:06.7270312-04:00,1,635,11.31166,16.7397,1601.70,1440.00,13.000,2.000,4.4123,7.8904,13.3376,Left,0,0,0,0,0.0000,300.000,0,0.000,0,127.500,71.914,4.500,0.0300,0.2500,70.00,shockwave,60,450;300;200;100;50,1.5,3,0.5,1,2,1,10,0,100,-10,5,250,40,5,250,60,1,8,11,0,0.06,4,0.556,50,8,5
56,1,60,FrameTimeStutter,5.000,shockwave,practice,2026-09-16T14:18:06.7270312-04:00,1,636,11.32860,16.9423,1754.89,1440.00,85.000,3.000,5.9668,7.9376,13.3376,Left,0,0,0,0,0.0000,300.000,0,0.000,0,127.500,71.914,4.500,0.0300,0.2500,70.00,shockwave,60,450;300;200;100;50,1.5,3,0.5,1,2,1,10,0,100,-10,5,250,40,5,250,60,1,8,11,0,0.06,4,0.556,50,8,5
56,1,60,FrameTimeStutter,5.000,shockwave,practice,2026-09-16T14:18:06.7270312-04:00,1,637,11.34504,16.4348,1918.90,1440.00,91.000,2.000,7.6309,7.9658,13.3376,Left,0,0,0,0,0.0000,300.000,0,0.000,0,127.500,71.914,4.500,0.0300,0.2500,70.00,shockwave,60,450;300;200;100;50,1.5,3,0.5,1,2,1,10,0,100,-10,5,250,40,5,250,60,1,8,11,0,0.06,4,0.556,50,8,5
56,1,60,FrameTimeStutter,5.000,shockwave,practice,2026-09-16T14:18:06.7270312-04:00,1,638,11.36107,16.0364,2102.73,1440.00,102.000,2.000,9.4962,7.9933,13.3376,Left,0,0,0,0,0.0000,300.000,0,0.000,0,127.500,71.914,4.500,0.0300,0.2500,70.00,shockwave,60,450;300;200;100;50,1.5,3,0.5,1,2,1,10,0,100,-10,5,250,40,5,250,60,1,8,11,0,0.06,4,0.556,50,8,5
56,1,60,FrameTimeStutter,5.000,shockwave,practice,2026-09-16T14:18:06.7270312-04:00,1,639,11.37841,17.3374,2297.37,1440.00,108.000,2.000,11.4711,8.0206,13.3376,Left,0,0,0,0,0.0000,300.000,0,0.000,0,127.500,71.914,4.500,0.0300,0.2500,70.00,shockwave,60,450;300;200;100;50,1.5,3,0.5,1,2,1,10,0,100,-10,5,250,40,5,250,60,1,8,11,0,0.06,4,0.556,50,8,5
56,1,60,FrameTimeStutter,5.000,shockwave,practice,2026-09-16T14:18:06.7270312-04:00,1,640,11.39458,16.1705,2481.20,1440.00,102.000,1.000,13.3363,8.0309,13.3376,Left,0,0,0,0,0.0000,300.000,0,0.000,0,127.500,71.914,4.500,0.0300,0.2500,70.00,shockwave,60,450;300;200;100;50,1.5,3,0.5,1,2,1,10,0,100,-10,5,250,40,5,250,60,1,8,11,0,0.06,4,0.556,50,8,5
56,1,60,FrameTimeStutter,5.000,shockwave,practice,2026-09-16T14:18:06.7270312-04:00,1,641,11.41153,16.9485,2558.70,1440.00,83.000,1.000,14.8540,8.0432,13.3376,Left,0,0,0,0,0.0000,300.000,0,0.000,0,127.500,71.914,4.500,0.0300,0.2500,70.00,shockwave,60,450;300;200;100;50,1.5,3,0.5,1,2,1,10,0,100,-10,5,250,40,5,250,60,1,8,11,0,0.06,4,0.556,50,8,5
56,1,60,FrameTimeStutter,5.000,shockwave,practice,2026-09-16T14:18:06.7270312-04:00,1,642,11.42818,16.6496,2558.70,1440.00,56.000,1.000,15.8781,8.0579,13.3376,Right,0,0,0,0,0.0000,300.000,0,0.000,0,127.500,71.914,4.500,0.0300,0.2500,70.00,shockwave,60,450;300;200;100;50,1.5,3,0.5,1,2,1,10,0,100,-10,5,250,40,5,250,60,1,8,11,0,0.06,4,0.556,50,8,5
56,1,60,FrameTimeStutter,5.000,shockwave,practice,2026-09-16T14:18:06.7270312-04:00,1,643,11.44466,16.4834,2558.70,1440.00,28.000,0.000,16.3901,8.0562,13.3376,Right,0,0,0,0,0.0000,300.000,0,0.000,0,127.500,71.914,4.500,0.0300,0.2500,70.00,shockwave,60,450;300;200;100;50,1.5,3,0.5,1,2,1,10,0,100,-10,5,250,40,5,250,60,1,8,11,0,0.06,4,0.556,50,8,5
56,1,60,FrameTimeStutter,5.000,shockwave,practice,2026-09-16T14:18:06.7270312-04:00,1,644,11.46137,16.7035,2558.70,1440.00,4.000,0.000,16.4632,8.0560,13.3376,Right,0,0,0,0,0.0000,300.000,0,0.000,0,127.500,71.914,4.500,0.0300,0.2500,70.00,shockwave,60,450;300;200;100;50,1.5,3,0.5,1,2,1,10,0,100,-10,5,250,40,5,250,60,1,8,11,0,0.06,4,0.556,50,8,5
56,1,60,FrameTimeStutter,5.000,shockwave,practice,2026-09-16T14:18:06.7270312-04:00,1,645,11.47805,16.6866,2558.70,1440.00,0.000,0.000,16.4632,8.0560,13.3376,Right,0,0,0,0,0.0000,300.000,0,0.000,0,127.500,71.914,4.500,0.0300,0.2500,70.00,shockwave,60,450;300;200;100;50,1.5,3,0.5,1,2,1,10,0,100,-10,5,250,40,5,250,60,1,8,11,0,0.06,4,0.556,50,8,5
56,1,60,FrameTimeStutter,5.000,shockwave,practice,2026-09-16T14:18:06.7270312-04:00,1,646,11.49448,16.4229,2558.70,1440.00,0.000,0.000,16.4632,8.0560,13.3376,Right,0,0,0,0,0.0000,300.000,0,0.000,0,127.500,71.914,4.500,0.0300,0.2500,70.00,shockwave,60,450;300;200;100;50,1.5,3,0.5,1,2,1,10,0,100,-10,5,250,40,5,250,60,1,8,11,0,0.06,4,0.556,50,8,5
56,1,60,FrameTimeStutter,5.000,shockwave,practice,2026-09-16T14:18:06.7270312-04:00,1,647,11.51191,17.4348,2558.70,1440.00,0.000,0.000,16.4632,8.0560,13.3376,Right,0,0,0,0,0.0000,300.000,0,0.000,0,127.500,71.914,4.500,0.0300,0.2500,70.00,shockwave,60,450;300;200;100;50,1.5,3,0.5,1,2,1,10,0,100,-10,5,250,40,5,250,60,1,8,11,0,0.06,4,0.556,50,8,5
56,1,60,FrameTimeStutter,5.000,shockwave,practice,2026-09-16T14:18:06.7270312-04:00,1,648,11.52835,16.4414,2555.09,1440.00,-2.000,0.000,16.4266,8.0560,13.3376,Right,0,0,0,0,0.0000,300.000,0,0.000,0,127.500,71.914,4.500,0.0300,0.2500,70.00,shockwave,60,450;300;200;100;50,1.5,3,0.5,1,2,1,10,0,100,-10,5,250,40,5,250,60,1,8,11,0,0.06,4,0.556,50,8,5
56,1,60,FrameTimeStutter,5.000,shockwave,practice,2026-09-16T14:18:06.7270312-04:00,1,649,11.54487,16.5229,2508.24,1436.40,-26.000,-2.000,15.9512,8.0194,13.3376,Right,0,0,0,0,0.0000,300.000,0,0.000,0,127.500,71.914,4.500,0.0300,0.2500,70.00,shockwave,60,450;300;200;100;50,1.5,3,0.5,1,2,1,10,0,100,-10,5,250,40,5,250,60,1,8,11,0,0.06,4,0.556,50,8,5
56,1,60,FrameTimeStutter,5.000,shockwave,practice,2026-09-16T14:18:06.7270312-04:00,1,650,11.56151,16.6345,2396.50,1430.99,-62.000,-3.000,14.8175,7.9645,13.3376,Right,0,0,0,0,0.0000,300.000,0,0.000,0,127.500,71.914,4.500,0.0300,0.2500,70.00,shockwave,60,450;300;200;100;50,1.5,3,0.5,1,2,1,10,0,100,-10,5,250,40,5,250,60,1,8,11,0,0.06,4,0.556,50,8,5
56,1,60,FrameTimeStutter,5.000,shockwave,practice,2026-09-16T14:18:06.7270312-04:00,1,651,11.57834,16.8303,2239.70,1427.38,-87.000,-2.000,13.2267,7.9280,13.3376,Right,0,0,0,0,0.0000,300.000,0,0.000,0,127.500,71.914,4.500,0.0300,0.2500,70.00,shockwave,60,450;300;200;100;50,1.5,3,0.5,1,2,1,10,0,100,-10,5,250,40,5,250,60,1,8,11,0,0.06,4,0.556,50,8,5
56,1,60,FrameTimeStutter,5.000,shockwave,practice,2026-09-16T14:18:06.7270312-04:00,1,652,11.59441,16.0659,2039.65,1423.78,-111.000,-2.000,11.1970,7.8914,13.3376,Right,0,0,0,0,0.0000,300.000,0,0.000,0,127.500,71.914,4.500,0.0300,0.2500,70.00,shockwave,60,450;300;200;100;50,1.5,3,0.5,1,2,1,10,0,100,-10,5,250,40,5,250,60,1,8,11,0,0.06,4,0.556,50,8,5
56,1,60,FrameTimeStutter,5.000,shockwave,practice,2026-09-16T14:18:06.7270312-04:00,1,653,11.61134,16.9321,1841.40,1423.78,-110.000,0.000,9.1856,7.8914,13.3376,Left,0,0,0,0,0.0000,300.000,0,0.000,0,127.500,71.914,4.500,0.0300,0.2500,70.00,shockwave,60,450;300;200;100;50,1.5,3,0.5,1,2,1,10,0,100,-10,5,250,40,5,250,60,1,8,11,0,0.06,4,0.556,50,8,5
56,1,60,FrameTimeStutter,5.000,shockwave,practice,2026-09-16T14:18:06.7270312-04:00,1,654,11.62843,17.0933,1616.12,1425.58,-125.000,1.000,6.9000,7.9097,13.3376,Left,0,0,0,0,0.0000,300.000,0,0.000,0,127.500,71.914,4.500,0.0300,0.2500,70.00,shockwave,60,450;300;200;100;50,1.5,3,0.5,1,2,1,10,0,100,-10,5,250,40,5,250,60,1,8,11,0,0.06,4,0.556,50,8,5
56,1,60,FrameTimeStutter,5.000,shockwave,practice,2026-09-16T14:18:06.7270312-04:00,1,655,11.64462,16.1906,1401.65,1430.99,-119.000,3.000,4.7240,7.9645,13.3376,Left,0,0,0,0,0.0000,300.000,0,0.000,0,127.500,71.914,4.500,0.0300,0.2500,70.00,shockwave,60,450;300;200;100;50,1.5,3,0.5,1,2,1,10,0,100,-10,5,250,40,5,250,60,1,8,11,0,0.06,4,0.556,50,8,5
56,1,60,FrameTimeStutter,5.000,shockwave,practice,2026-09-16T14:18:06.7270312-04:00,1,656,11.66180,17.1739,1194.39,1440.00,-115.000,7.000,2.6212,8.0925,13.3376,Left,0,0,0,0,0.0000,300.000,0,0.000,0,127.500,71.914,4.500,0.0300,0.2500,70.00,shockwave,60,450;300;200;100;50,1.5,3,0.5,1,2,1,10,0,100,-10,5,250,40,5,250,60,1,8,11,0,0.06,4,0.556,50,8,5
56,1,60,FrameTimeStutter,5.000,shockwave,practice,2026-09-16T14:18:06.7270312-04:00,1,657,11.67855,16.7586,1001.55,1440.00,-107.000,7.000,0.6647,8.2205,13.3376,Left,0,0,0,0,0.0000,300.000,0,0.000,0,127.500,71.914,4.500,0.0300,0.2500,70.00,shockwave,60,450;300;200;100;50,1.5,3,0.5,1,2,1,10,0,100,-10,5,250,40,5,250,60,1,8,11,0,0.06,4,0.556,50,8,5
56,1,60,FrameTimeStutter,5.000,shockwave,practice,2026-09-16T14:18:06.7270312-04:00,1,658,11.69448,15.9245,823.13,1440.00,-99.000,7.000,-1.1456,8.3485,13.3376,Left,0,0,0,0,0.0000,300.000,0,0.000,0,127.500,71.914,4.500,0.0300,0.2500,70.00,shockwave,60,450;300;200;100;50,1.5,3,0.5,1,2,1,10,0,100,-10,5,250,40,5,250,60,1,8,11,0,0.06,4,0.556,50,8,5
56,1,60,FrameTimeStutter,5.000,shockwave,practice,2026-09-16T14:18:06.7270312-04:00,1,659,11.71172,17.2379,680.75,1440.00,-79.000,7.000,-2.5901,8.4765,13.3376,Left,0,0,0,0,0.0000,300.000,0,0.000,0,127.500,71.914,4.500,0.0300,0.2500,70.00,shockwave,60,450;300;200;100;50,1.5,3,0.5,1,2,1,10,0,100,-10,5,250,40,5,250,60,1,8,11,0,0.06,4,0.556,50,8,5
56,1,60,FrameTimeStutter,5.000,shockwave,practice,2026-09-16T14:18:06.7270312-04:00,1,660,11.72865,16.9368,511.34,1440.00,-94.000,8.000,-4.3089,8.6228,13.3376,Left,0,0,0,0,0.0000,300.000,0,0.000,0,127.500,71.914,4.500,0.0300,0.2500,70.00,shockwave,60,450;300;200;100;50,1.5,3,0.5,1,2,1,10,0,100,-10,5,250,40,5,250,60,1,8,11,0,0.06,4,0.556,50,8,5
56,1,60,FrameTimeStutter,5.000,shockwave,practice,2026-09-16T14:18:06.7270312-04:00,1,661,11.74491,16.2603,426.63,1440.00,-47.000,5.000,-5.1683,8.7142,13.3376,Left,0,0,0,0,0.0000,300.000,0,0.000,0,127.500,71.914,4.500,0.0300,0.2500,70.00,shockwave,60,450;300;200;100;50,1.5,3,0.5,1,2,1,10,0,100,-10,5,250,40,5,250,60,1,8,11,0,0.06,4,0.556,50,8,5
56,1,60,FrameTimeStutter,5.000,shockwave,practice,2026-09-16T14:18:06.7270312-04:00,1,662,11.76127,16.3533,356.35,1440.00,-39.000,4.000,-5.8815,8.7874,13.3376,Left,0,0,0,0,0.0000,300.000,0,0.000,0,127.500,71.914,4.500,0.0300,0.2500,70.00,shockwave,60,450;300;200;100;50,1.5,3,0.5,1,2,1,10,0,100,-10,5,250,40,5,250,60,1,8,11,0,0.06,4,0.556,50,8,5
56,1,60,FrameTimeStutter,5.000,shockwave,practice,2026-09-16T14:18:06.7270312-04:00,1,663,11.77766,16.3934,280.65,1440.00,-42.000,3.000,-6.6494,8.8422,13.3376,Left,0,0,0,0,0.0000,300.000,0,0.000,0,127.500,71.914,4.500,0.0300,0.2500,70.00,shockwave,60,450;300;200;100;50,1.5,3,0.5,1,2,1,10,0,100,-10,5,250,40,5,250,60,1,8,11,0,0.06,4,0.556,50,8,5
56,1,60,FrameTimeStutter,5.000,shockwave,practice,2026-09-16T14:18:06.7270312-04:00,1,664,11.79517,17.5140,199.55,1440.00,-45.000,4.000,-7.4723,8.9154,13.3376,Left,0,0,0,0,0.0000,300.000,0,0.000,0,127.500,71.914,4.500,0.0300,0.2500,70.00,shockwave,60,450;300;200;100;50,1.5,3,0.5,1,2,1,10,0,100,-10,5,250,40,5,250,60,1,8,11,0,0.06,4,0.556,50,8,5
56,1,60,FrameTimeStutter,5.000,shockwave,practice,2026-09-16T14:18:06.7270312-04:00,1,665,11.81135,16.1711,122.05,1440.00,-43.000,3.000,-8.2585,8.9702,13.3376,Left,0,0,0,0,0.0000,300.000,0,0.000,0,127.500,71.914,4.500,0.0300,0.2500,70.00,shockwave,60,450;300;200;100;50,1.5,3,0.5,1,2,1,10,0,100,-10,5,250,40,5,250,60,1,8,11,0,0.06,4,0.556,50,8,5
56,1,60,FrameTimeStutter,5.000,shockwave,practice,2026-09-16T14:18:06.7270312-04:00,1,666,11.82800,16.6504,55.37,1440.00,-37.000,3.000,-8.9351,9.0251,13.3376,Left,0,0,0,0,0.0000,300.000,0,0.000,0,127.500,71.914,4.500,0.0300,0.2500,70.00,shockwave,60,450;300;200;100;50,1.5,3,0.5,1,2,1,10,0,100,-10,5,250,40,5,250,60,1,8,11,0,0.06,4,0.556,50,8,5
56,1,60,FrameTimeStutter,5.000,shockwave,practice,2026-09-16T14:18:06.7270312-04:00,1,667,11.84461,16.6163,1.30,1440.00,-30.000,2.000,-9.4837,9.0616,13.3376,Left,0,0,0,0,0.0000,300.000,0,0.000,0,127.500,71.914,4.500,0.0300,0.2500,70.00,shockwave,60,450;300;200;100;50,1.5,3,0.5,1,2,1,10,0,100,-10,5,250,40,5,250,60,1,8,11,0,0.06,4,0.556,50,8,5
56,1,60,FrameTimeStutter,5.000,shockwave,practice,2026-09-16T14:18:06.7270312-04:00,1,668,11.86177,17.1555,-0.50,1440.00,-26.000,1.000,-9.9591,9.0799,13.3376,Left,0,0,0,0,0.0000,300.000,0,0.000,0,127.500,71.914,4.500,0.0300,0.2500,70.00,shockwave,60,450;300;200;100;50,1.5,3,0.5,1,2,1,10,0,100,-10,5,250,40,5,250,60,1,8,11,0,0.06,4,0.556,50,8,5
56,1,60,FrameTimeStutter,5.000,shockwave,practice,2026-09-16T14:18:06.7270312-04:00,1,669,11.87813,16.3590,-0.50,1440.00,-27.000,1.000,-10.4528,9.0982,13.3376,Left,0,0,0,0,0.0000,300.000,1,300.000,0,127.500,71.914,4.500,0.0300,0.2500,70.00,shockwave,60,450;300;200;100;50,1.5,3,0.5,1,2,1,10,0,100,-10,5,250,40,5,250,60,1,8,11,0,0.06,4,0.556,50,8,5
56,1,60,FrameTimeStutter,5.000,shockwave,practice,2026-09-16T14:18:06.7270312-04:00,1,670,12.18224,304.1165,266.23,1440.00,36.000,19.000,-9.7945,9.4456,13.3376,Left,0,0,0,0,0.0000,300.000,0,0.000,1,127.500,71.914,4.500,0.0300,0.2500,70.00,shockwave,60,450;300;200;100;50,1.5,3,0.5,1,2,1,10,0,100,-10,5,250,40,5,250,60,1,8,11,0,0.06,4,0.556,50,8,5
56,1,60,FrameTimeStutter,5.000,shockwave,practice,2026-09-16T14:18:06.7270312-04:00,1,671,12.19863,16.3908,374.37,1440.00,60.000,2.000,-8.6974,9.4822,13.3376,Left,0,0,0,0,0.0000,300.000,0,0.000,1,127.500,71.914,4.500,0.0300,0.2500,70.00,shockwave,60,450;300;200;100;50,1.5,3,0.5,1,2,1,10,0,100,-10,5,250,40,5,250,60,1,8,11,0,0.06,4,0.556,50,8,5
56,1,60,FrameTimeStutter,5.000,shockwave,practice,2026-09-16T14:18:06.7270312-04:00,1,672,12.21495,16.3150,487.91,1440.00,63.000,2.000,-7.5454,9.5187,13.3376,Left,0,0,0,0,0.0000,300.000,0,0.000,1,127.500,71.914,4.500,0.0300,0.2500,70.00,shockwave,60,450;300;200;100;50,1.5,3,0.5,1,2,1,10,0,100,-10,5,250,40,5,250,60,1,8,11,0,0.06,4,0.556,50,8,5
56,1,60,FrameTimeStutter,5.000,shockwave,practice,2026-09-16T14:18:06.7270312-04:00,1,673,12.23180,16.8505,587.03,1440.00,55.000,0.000,-6.5398,9.5187,13.3376,Left,0,0,0,0,0.0000,300.000,0,0.000,1,127.500,71.914,4.500,0.0300,0.2500,70.00,shockwave,60,450;300;200;100;50,1.5,3,0.5,1,2,1,10,0,100,-10,5,250,40,5,250,60,1,8,11,0,0.06,4,0.556,50,8,5
56,1,60,FrameTimeStutter,5.000,shockwave,practice,2026-09-16T14:18:06.7270312-04:00,1,674,12.24849,16.6870,696.97,1440.00,61.000,0.000,-5.4244,9.5187,13.3376,Left,0,0,0,0,0.0000,300.000,0,0.000,1,127.500,71.914,4.500,0.0300,0.2500,70.00,shockwave,60,450;300;200;100;50,1.5,3,0.5,1,2,1,10,0,100,-10,5,250,40,5,250,60,1,8,11,0,0.06,4,0.556,50,8,5
56,1,60,FrameTimeStutter,5.000,shockwave,practice,2026-09-16T14:18:06.7270312-04:00,1,675,12.26572,17.2310,734.82,1438.20,21.000,-1.000,-5.0404,9.5004,13.3376,Left,0,0,0,0,0.0000,300.000,0,0.000,1,127.500,71.914,4.500,0.0300,0.2500,70.00,shockwave,60,450;300;200;100;50,1.5,3,0.5,1,2,1,10,0,100,-10,5,250,40,5,250,60,1,8,11,0,0.06,4,0.556,50,8,5
56,1,60,FrameTimeStutter,5.000,shockwave,practice,2026-09-16T14:18:06.7270312-04:00,1,676,12.28129,15.5749,756.45,1438.20,12.000,0.000,-4.8210,9.5004,13.3376,Left,0,0,0,0,0.0000,300.000,0,0.000,1,127.500,71.914,4.500,0.0300,0.2500,70.00,shockwave,60,450;300;200;100;50,1.5,3,0.5,1,2,1,10,0,100,-10,5,250,40,5,250,60,1,8,11,0,0.06,4,0.556,50,8,5
56,1,60,FrameTimeStutter,5.000,shockwave,practice,2026-09-16T14:18:06.7270312-04:00,1,677,12.29854,17.2511,772.67,1438.20,9.000,0.000,-4.6564,9.5004,13.3376,Left,0,0,0,0,0.0000,300.000,0,0.000,1,127.500,71.914,4.500,0.0300,0.2500,70.00,shockwave,60,450;300;200;100;50,1.5,3,0.5,1,2,1,10,0,100,-10,5,250,40,5,250,60,1,8,11,0,0.06,4,0.556,50,8,5
56,1,60,FrameTimeStutter,5.000,shockwave,practice,2026-09-16T14:18:06.7270312-04:00,1,678,12.31492,16.3773,787.08,1438.20,8.000,0.000,-4.5101,9.5004,13.3376,Left,0,0,0,0,0.0000,300.000,0,0.000,1,127.500,71.914,4.500,0.0300,0.2500,70.00,shockwave,60,450;300;200;100;50,1.5,3,0.5,1,2,1,10,0,100,-10,5,250,40,5,250,60,1,8,11,0,0.06,4,0.556,50,8,5
56,1,60,FrameTimeStutter,5.000,shockwave,practice,2026-09-16T14:18:06.7270312-04:00,1,679,12.33129,16.3669,796.10,1438.20,5.000,0.000,-4.4187,9.5004,13.3376,Left,0,0,0,0,0.0000,300.000,0,0.000,1,127.500,71.914,4.500,0.0300,0.2500,70.00,shockwave,60,450;300;200;100;50,1.5,3,0.5,1,2,1,10,0,100,-10,5,250,40,5,250,60,1,8,11,0,0.06,4,0.556,50,8,5
56,1,60,FrameTimeStutter,5.000,shockwave,practice,2026-09-16T14:18:06.7270312-04:00,1,680,12.34837,17.0801,805.11,1438.20,5.000,0.000,-4.3273,9.5004,13.3376,Left,0,0,0,0,0.0000,300.000,0,0.000,1,127.500,71.914,4.500,0.0300,0.2500,70.00,shockwave,60,450;300;200;100;50,1.5,3,0.5,1,2,1,10,0,100,-10,5,250,40,5,250,60,1,8,11,0,0.06,4,0.556,50,8,5
56,1,60,FrameTimeStutter,5.000,shockwave,practice,2026-09-16T14:18:06.7270312-04:00,1,681,12.36505,16.6769,815.92,1438.20,6.000,0.000,-4.2176,9.5004,13.3376,Left,0,0,0,0,0.0000,300.000,0,0.000,1,127.500,71.914,4.500,0.0300,0.2500,70.00,shockwave,60,450;300;200;100;50,1.5,3,0.5,1,2,1,10,0,100,-10,5,250,40,5,250,60,1,8,11,0,0.06,4,0.556,50,8,5
56,1,60,FrameTimeStutter,5.000,shockwave,practice,2026-09-16T14:18:06.7270312-04:00,1,682,12.38124,16.1918,826.73,1438.20,6.000,0.000,-4.1079,9.5004,13.3376,Left,0,0,0,0,0.0000,300.000,0,0.000,1,127.500,71.914,4.500,0.0300,0.2500,70.00,shockwave,60,450;300;200;100;50,1.5,3,0.5,1,2,1,10,0,100,-10,5,250,40,5,250,60,1,8,11,0,0.06,4,0.556,50,8,5
56,1,60,FrameTimeStutter,5.000,shockwave,practice,2026-09-16T14:18:06.7270312-04:00,1,683,12.39869,17.4525,832.14,1438.20,3.000,0.000,-4.0531,9.5004,13.3376,Left,0,0,0,0,0.0000,300.000,0,0.000,1,127.500,71.914,4.500,0.0300,0.2500,70.00,shockwave,60,450;300;200;100;50,1.5,3,0.5,1,2,1,10,0,100,-10,5,250,40,5,250,60,1,8,11,0,0.06,4,0.556,50,8,5
56,1,60,FrameTimeStutter,5.000,shockwave,practice,2026-09-16T14:18:06.7270312-04:00,1,684,12.41463,15.9414,832.14,1438.20,0.000,0.000,-4.0531,9.5004,13.3376,Left,0,0,0,0,0.0000,300.000,0,0.000,1,127.500,71.914,4.500,0.0300,0.2500,70.00,shockwave,60,450;300;200;100;50,1.5,3,0.5,1,2,1,10,0,100,-10,5,250,40,5,250,60,1,8,11,0,0.06,4,0.556,50,8,5
56,1,60,FrameTimeStutter,5.000,shockwave,practice,2026-09-16T14:18:06.7270312-04:00,2,685,12.43171,17.0798,832.14,1438.20,0.000,0.000,-4.0531,9.5004,13.3376,Left,1,1,0,1,-4.0531,200.000,0,0.000,0,127.500,71.914,4.500,0.0300,0.4000,170.00,shockwave,60,450;300;200;100;50,1.5,3,0.5,1,2,1,10,0,100,-10,5,250,40,5,250,60,1,8,11,0,0.06,4,0.556,50,8,5
56,1,60,FrameTimeStutter,5.000,shockwave,practice,2026-09-16T14:18:06.7270312-04:00,2,686,12.44815,16.4450,833.94,1438.20,1.000,0.000,-4.0348,9.5009,13.3376,Left,1,0,0,0,0.0000,200.000,0,0.000,0,127.500,71.914,4.500,0.0300,0.4000,170.00,shockwave,60,450;300;200;100;50,1.5,3,0.5,1,2,1,10,0,100,-10,5,250,40,5,250,60,1,8,11,0,0.06,4,0.556,50,8,5
56,1,60,FrameTimeStutter,5.000,shockwave,practice,2026-09-16T14:18:06.7270312-04:00,2,687,12.46477,16.6154,833.94,1438.20,0.000,0.000,-4.0348,9.5009,13.3376,Left,1,0,0,0,0.0000,200.000,0,0.000,0,127.500,71.914,4.500,0.0300,0.4000,170.00,shockwave,60,450;300;200;100;50,1.5,3,0.5,1,2,1,10,0,100,-10,5,250,40,5,250,60,1,8,11,0,0.06,4,0.556,50,8,5
56,1,60,FrameTimeStutter,5.000,shockwave,practice,2026-09-16T14:18:06.7270312-04:00,2,688,12.48189,17.1147,833.94,1438.20,0.000,0.000,-4.0348,9.5009,13.3376,Left,1,0,0,0,0.0000,200.000,0,0.000,0,127.500,71.914,4.500,0.0300,0.4000,170.00,shockwave,60,450;300;200;100;50,1.5,3,0.5,1,2,1,10,0,100,-10,5,250,40,5,250,60,1,8,11,0,0.06,4,0.556,50,8,5
56,1,60,FrameTimeStutter,5.000,shockwave,practice,2026-09-16T14:18:06.7270312-04:00,2,689,12.49808,16.1930,833.94,1438.20,0.000,0.000,-4.0348,9.5009,13.3376,Left,1,0,0,0,0.0000,200.000,0,0.000,0,127.500,71.914,4.500,0.0300,0.4000,170.00,shockwave,60,450;300;200;100;50,1.5,3,0.5,1,2,1,10,0,100,-10,5,250,40,5,250,60,1,8,11,0,0.06,4,0.556,50,8,5
56,1,60,FrameTimeStutter,5.000,shockwave,practice,2026-09-16T14:18:06.7270312-04:00,2,690,12.51483,16.7530,833.94,1438.20,0.000,0.000,-4.0348,9.5009,13.3376,Left,1,0,0,0,0.0000,200.000,0,0.000,0,127.500,71.914,4.500,0.0300,0.4000,170.00,shockwave,60,450;300;200;100;50,1.5,3,0.5,1,2,1,10,0,100,-10,5,250,40,5,250,60,1,8,11,0,0.06,4,0.556,50,8,5
56,1,60,FrameTimeStutter,5.000,shockwave,practice,2026-09-16T14:18:06.7270312-04:00,2,691,12.53199,17.1561,833.94,1438.20,0.000,0.000,-4.0348,9.5009,13.3376,Left,1,0,0,0,0.0000,200.000,0,0.000,0,127.500,71.914,4.500,0.0300,0.4000,170.00,shockwave,60,450;300;200;100;50,1.5,3,0.5,1,2,1,10,0,100,-10,5,250,40,5,250,60,1,8,11,0,0.06,4,0.556,50,8,5
56,1,60,FrameTimeStutter,5.000,shockwave,practice,2026-09-16T14:18:06.7270312-04:00,2,692,12.54819,16.1969,833.94,1438.20,0.000,0.000,-4.0348,9.5009,13.3376,Left,0,0,0,0,0.0000,200.000,0,0.000,0,127.500,71.914,4.500,0.0300,0.4000,170.00,shockwave,60,450;300;200;100;50,1.5,3,0.5,1,2,1,10,0,100,-10,5,250,40,5,250,60,1,8,11,0,0.06,4,0.556,50,8,5
56,1,60,FrameTimeStutter,5.000,shockwave,practice,2026-09-16T14:18:06.7270312-04:00,2,693,12.56505,16.8670,833.94,1438.20,0.000,0.000,-4.0348,9.5009,13.3376,Left,0,0,0,0,0.0000,200.000,0,0.000,0,127.500,71.914,4.500,0.0300,0.4000,170.00,shockwave,60,450;300;200;100;50,1.5,3,0.5,1,2,1,10,0,100,-10,5,250,40,5,250,60,1,8,11,0,0.06,4,0.556,50,8,5
56,1,60,FrameTimeStutter,5.000,shockwave,practice,2026-09-16T14:18:06.7270312-04:00,2,694,12.58159,16.5421,833.94,1438.20,0.000,0.000,-4.0348,9.5009,13.3376,Left,0,0,0,0,0.0000,200.000,0,0.000,0,127.500,71.914,4.500,0.0300,0.4000,170.00,shockwave,60,450;300;200;100;50,1.5,3,0.5,1,2,1,10,0,100,-10,5,250,40,5,250,60,1,8,11,0,0.06,4,0.556,50,8,5
56,1,60,FrameTimeStutter,5.000,shockwave,practice,2026-09-16T14:18:06.7270312-04:00,2,695,12.59830,16.7022,833.94,1438.20,0.000,0.000,-4.0348,9.5009,13.3376,Left,0,0,0,0,0.0000,200.000,0,0.000,0,127.500,71.914,4.500,0.0300,0.4000,170.00,shockwave,60,450;300;200;100;50,1.5,3,0.5,1,2,1,10,0,100,-10,5,250,40,5,250,60,1,8,11,0,0.06,4,0.556,50,8,5
56,1,60,FrameTimeStutter,5.000,shockwave,practice,2026-09-16T14:18:06.7270312-04:00,2,696,12.61459,16.2986,833.94,1438.20,0.000,0.000,-4.0348,9.5009,13.3376,Left,0,0,0,0,0.0000,200.000,0,0.000,0,127.500,71.914,4.500,0.0300,0.4000,170.00,shockwave,60,450;300;200;100;50,1.5,3,0.5,1,2,1,10,0,100,-10,5,250,40,5,250,60,1,8,11,0,0.06,4,0.556,50,8,5
56,1,60,FrameTimeStutter,5.000,shockwave,practice,2026-09-16T14:18:06.7270312-04:00,2,697,12.63179,17.1999,833.94,1438.20,0.000,0.000,-4.0348,9.5009,13.3376,Left,0,0,0,0,0.0000,200.000,0,0.000,0,127.500,71.914,4.500,0.0300,0.4000,170.00,shockwave,60,450;300;200;100;50,1.5,3,0.5,1,2,1,10,0,100,-10,5,250,40,5,250,60,1,8,11,0,0.06,4,0.556,50,8,5
56,1,60,FrameTimeStutter,5.000,shockwave,practice,2026-09-16T14:18:06.7270312-04:00,2,698,12.64797,16.1747,833.94,1438.20,0.000,0.000,-4.0348,9.5009,13.3376,Left,0,0,0,0,0.0000,200.000,0,0.000,0,127.500,71.914,4.500,0.0300,0.4000,170.00,shockwave,60,450;300;200;100;50,1.5,3,0.5,1,2,1,10,0,100,-10,5,250,40,5,250,60,1,8,11,0,0.06,4,0.556,50,8,5
56,1,60,FrameTimeStutter,5.000,shockwave,practice,2026-09-16T14:18:06.7270312-04:00,2,699,12.66493,16.9578,833.94,1438.20,0.000,0.000,-4.0348,9.5009,13.3376,Left,0,0,0,0,0.0000,200.000,0,0.000,0,127.500,71.914,4.500,0.0300,0.4000,170.00,shockwave,60,450;300;200;100;50,1.5,3,0.5,1,2,1,10,0,100,-10,5,250,40,5,250,60,1,8,11,0,0.06,4,0.556,50,8,5
56,1,60,FrameTimeStutter,5.000,shockwave,practice,2026-09-16T14:18:06.7270312-04:00,2,700,12.68181,16.8868,833.94,1438.20,0.000,0.000,-4.0348,9.5009,13.3376,Left,0,0,0,0,0.0000,200.000,0,0.000,0,127.500,71.914,4.500,0.0300,0.4000,170.00,shockwave,60,450;300;200;100;50,1.5,3,0.5,1,2,1,10,0,100,-10,5,250,40,5,250,60,1,8,11,0,0.06,4,0.556,50,8,5
56,1,60,FrameTimeStutter,5.000,shockwave,practice,2026-09-16T14:18:06.7270312-04:00,2,701,12.69842,16.6032,833.94,1438.20,0.000,0.000,-4.0348,9.5009,13.3376,Left,0,0,0,0,0.0000,200.000,0,0.000,0,127.500,71.914,4.500,0.0300,0.4000,170.00,shockwave,60,450;300;200;100;50,1.5,3,0.5,1,2,1,10,0,100,-10,5,250,40,5,250,60,1,8,11,0,0.06,4,0.556,50,8,5
56,1,60,FrameTimeStutter,5.000,shockwave,practice,2026-09-16T14:18:06.7270312-04:00,2,702,12.71471,16.2933,833.94,1438.20,0.000,0.000,-4.0348,9.5009,13.3376,Left,0,0,0,0,0.0000,200.000,0,0.000,0,127.500,71.914,4.500,0.0300,0.4000,170.00,shockwave,60,450;300;200;100;50,1.5,3,0.5,1,2,1,10,0,100,-10,5,250,40,5,250,60,1,8,11,0,0.06,4,0.556,50,8,5
56,1,60,FrameTimeStutter,5.000,shockwave,practice,2026-09-16T14:18:06.7270312-04:00,2,703,12.73175,17.0429,833.94,1438.20,0.000,0.000,-4.0348,9.5009,13.3376,Left,0,0,0,0,0.0000,200.000,0,0.000,0,127.500,71.914,4.500,0.0300,0.4000,170.00,shockwave,60,450;300;200;100;50,1.5,3,0.5,1,2,1,10,0,100,-10,5,250,40,5,250,60,1,8,11,0,0.06,4,0.556,50,8,5
56,1,60,FrameTimeStutter,5.000,shockwave,practice,2026-09-16T14:18:06.7270312-04:00,2,704,12.74809,16.3425,833.94,1438.20,0.000,0.000,-4.0348,9.5009,13.3376,Left,0,0,0,0,0.0000,200.000,0,0.000,0,127.500,71.914,4.500,0.0300,0.4000,170.00,shockwave,60,450;300;200;100;50,1.5,3,0.5,1,2,1,10,0,100,-10,5,250,40,5,250,60,1,8,11,0,0.06,4,0.556,50,8,5
56,1,60,FrameTimeStutter,5.000,shockwave,practice,2026-09-16T14:18:06.7270312-04:00,2,705,12.76498,16.8847,833.94,1438.20,0.000,0.000,-4.0348,9.5009,13.3376,Left,0,0,0,0,0.0000,200.000,0,0.000,0,127.500,71.914,4.500,0.0300,0.4000,170.00,shockwave,60,450;300;200;100;50,1.5,3,0.5,1,2,1,10,0,100,-10,5,250,40,5,250,60,1,8,11,0,0.06,4,0.556,50,8,5
56,1,60,FrameTimeStutter,5.000,shockwave,practice,2026-09-16T14:18:06.7270312-04:00,2,706,12.78170,16.7220,833.94,1438.20,0.000,0.000,-4.0348,9.5009,13.3376,Left,0,0,0,0,0.0000,200.000,0,0.000,0,127.500,71.914,4.500,0.0300,0.4000,170.00,shockwave,60,450;300;200;100;50,1.5,3,0.5,1,2,1,10,0,100,-10,5,250,40,5,250,60,1,8,11,0,0.06,4,0.556,50,8,5
56,1,60,FrameTimeStutter,5.000,shockwave,practice,2026-09-16T14:18:06.7270312-04:00,2,707,12.79804,16.3416,833.94,1438.20,0.000,0.000,-4.0348,9.5009,13.3376,Left,0,0,0,0,0.0000,200.000,0,0.000,0,127.500,71.914,4.500,0.0300,0.4000,170.00,shockwave,60,450;300;200;100;50,1.5,3,0.5,1,2,1,10,0,100,-10,5,250,40,5,250,60,1,8,11,0,0.06,4,0.556,50,8,5
56,1,60,FrameTimeStutter,5.000,shockwave,practice,2026-09-16T14:18:06.7270312-04:00,2,708,12.81532,17.2779,833.94,1438.20,0.000,0.000,-4.0348,9.5009,13.3376,Left,0,0,0,0,0.0000,200.000,0,0.000,0,127.500,71.914,4.500,0.0300,0.4000,170.00,shockwave,60,450;300;200;100;50,1.5,3,0.5,1,2,1,10,0,100,-10,5,250,40,5,250,60,1,8,11,0,0.06,4,0.556,50,8,5
56,1,60,FrameTimeStutter,5.000,shockwave,practice,2026-09-16T14:18:06.7270312-04:00,2,709,12.83139,16.0721,833.94,1438.20,0.000,0.000,-4.0348,9.5009,13.3376,Left,0,0,0,0,0.0000,200.000,0,0.000,0,127.500,71.914,4.500,0.0300,0.4000,170.00,shockwave,60,450;300;200;100;50,1.5,3,0.5,1,2,1,10,0,100,-10,5,250,40,5,250,60,1,8,11,0,0.06,4,0.556,50,8,5
56,1,60,FrameTimeStutter,5.000,shockwave,practice,2026-09-16T14:18:06.7270312-04:00,2,710,12.84798,16.5844,833.94,1438.20,0.000,0.000,-4.0348,9.5009,13.3376,Left,0,0,0,0,0.0000,200.000,0,0.000,0,127.500,71.914,4.500,0.0300,0.4000,170.00,shockwave,60,450;300;200;100;50,1.5,3,0.5,1,2,1,10,0,100,-10,5,250,40,5,250,60,1,8,11,0,0.06,4,0.556,50,8,5
56,1,60,FrameTimeStutter,5.000,shockwave,practice,2026-09-16T14:18:06.7270312-04:00,2,711,12.86526,17.2798,833.94,1438.20,0.000,0.000,-4.0348,9.5009,13.3376,Left,0,0,0,0,0.0000,200.000,0,0.000,0,127.500,71.914,4.500,0.0300,0.4000,170.00,shockwave,60,450;300;200;100;50,1.5,3,0.5,1,2,1,10,0,100,-10,5,250,40,5,250,60,1,8,11,0,0.06,4,0.556,50,8,5
56,1,60,FrameTimeStutter,5.000,shockwave,practice,2026-09-16T14:18:06.7270312-04:00,2,712,12.88144,16.1866,833.94,1438.20,0.000,0.000,-4.0348,9.5009,13.3376,Left,0,0,0,0,0.0000,200.000,0,0.000,0,127.500,71.914,4.500,0.0300,0.4000,170.00,shockwave,60,450;300;200;100;50,1.5,3,0.5,1,2,1,10,0,100,-10,5,250,40,5,250,60,1,8,11,0,0.06,4,0.556,50,8,5
56,1,60,FrameTimeStutter,5.000,shockwave,practice,2026-09-16T14:18:06.7270312-04:00,2,713,12.89841,16.9666,833.94,1438.20,0.000,0.000,-4.0348,9.5009,13.3376,Left,0,0,0,0,0.0000,200.000,0,0.000,0,127.500,71.914,4.500,0.0300,0.4000,170.00,shockwave,60,450;300;200;100;50,1.5,3,0.5,1,2,1,10,0,100,-10,5,250,40,5,250,60,1,8,11,0,0.06,4,0.556,50,8,5
56,1,60,FrameTimeStutter,5.000,shockwave,practice,2026-09-16T14:18:06.7270312-04:00,2,714,12.91520,16.7899,833.94,1438.20,0.000,0.000,-4.0348,9.5009,13.3376,Left,0,0,0,0,0.0000,200.000,0,0.000,0,127.500,71.914,4.500,0.0300,0.4000,170.00,shockwave,60,450;300;200;100;50,1.5,3,0.5,1,2,1,10,0,100,-10,5,250,40,5,250,60,1,8,11,0,0.06,4,0.556,50,8,5
56,1,60,FrameTimeStutter,5.000,shockwave,practice,2026-09-16T14:18:06.7270312-04:00,2,715,12.93180,16.5976,833.94,1438.20,0.000,0.000,-4.0348,9.5009,13.3376,Left,0,0,0,0,0.0000,200.000,0,0.000,0,127.500,71.914,4.500,0.0300,0.4000,170.00,shockwave,60,450;300;200;100;50,1.5,3,0.5,1,2,1,10,0,100,-10,5,250,40,5,250,60,1,8,11,0,0.06,4,0.556,50,8,5
56,1,60,FrameTimeStutter,5.000,shockwave,practice,2026-09-16T14:18:06.7270312-04:00,2,716,12.94797,16.1727,833.94,1438.20,0.000,0.000,-4.0348,9.5009,13.3376,Left,0,0,0,0,0.0000,200.000,0,0.000,0,127.500,71.914,4.500,0.0300,0.4000,170.00,shockwave,60,450;300;200;100;50,1.5,3,0.5,1,2,1,10,0,100,-10,5,250,40,5,250,60,1,8,11,0,0.06,4,0.556,50,8,5
56,1,60,FrameTimeStutter,5.000,shockwave,practice,2026-09-16T14:18:06.7270312-04:00,2,717,12.96464,16.6730,833.94,1438.20,0.000,0.000,-4.0348,9.5009,13.3376,Left,0,0,0,0,0.0000,200.000,0,0.000,0,127.500,71.914,4.500,0.0300,0.4000,170.00,shockwave,60,450;300;200;100;50,1.5,3,0.5,1,2,1,10,0,100,-10,5,250,40,5,250,60,1,8,11,0,0.06,4,0.556,50,8,5
56,1,60,FrameTimeStutter,5.000,shockwave,practice,2026-09-16T14:18:06.7270312-04:00,2,718,12.98181,17.1695,833.94,1438.20,0.000,0.000,-4.0348,9.5009,13.3376,Left,0,0,0,0,0.0000,200.000,0,0.000,0,127.500,71.914,4.500,0.0300,0.4000,170.00,shockwave,60,450;300;200;100;50,1.5,3,0.5,1,2,1,10,0,100,-10,5,250,40,5,250,60,1,8,11,0,0.06,4,0.556,50,8,5
56,1,60,FrameTimeStutter,5.000,shockwave,practice,2026-09-16T14:18:06.7270312-04:00,2,719,12.99815,16.3336,833.94,1438.20,0.000,0.000,-4.0348,9.5009,13.3376,Left,0,0,0,0,0.0000,200.000,0,0.000,0,127.500,71.914,4.500,0.0300,0.4000,170.00,shockwave,60,450;300;200;100;50,1.5,3,0.5,1,2,1,10,0,100,-10,5,250,40,5,250,60,1,8,11,0,0.06,4,0.556,50,8,5
56,1,60,FrameTimeStutter,5.000,shockwave,practice,2026-09-16T14:18:06.7270312-04:00,2,720,13.01459,16.4393,833.94,1438.20,0.000,0.000,-4.0348,9.5009,13.3376,Left,0,0,0,0,0.0000,200.000,0,0.000,0,127.500,71.914,4.500,0.0300,0.4000,170.00,shockwave,60,450;300;200;100;50,1.5,3,0.5,1,2,1,10,0,100,-10,5,250,40,5,250,60,1,8,11,0,0.06,4,0.556,50,8,5
56,1,60,FrameTimeStutter,5.000,shockwave,practice,2026-09-16T14:18:06.7270312-04:00,2,721,13.03120,16.6147,833.94,1438.20,0.000,0.000,-4.0348,9.5009,13.3376,Left,0,0,0,0,0.0000,200.000,0,0.000,0,127.500,71.914,4.500,0.0300,0.4000,170.00,shockwave,60,450;300;200;100;50,1.5,3,0.5,1,2,1,10,0,100,-10,5,250,40,5,250,60,1,8,11,0,0.06,4,0.556,50,8,5
56,1,60,FrameTimeStutter,5.000,shockwave,practice,2026-09-16T14:18:06.7270312-04:00,2,722,13.04888,17.6827,833.94,1438.20,0.000,0.000,-4.0348,9.5009,13.3376,Left,0,0,0,0,0.0000,200.000,0,0.000,0,127.500,71.914,4.500,0.0300,0.4000,170.00,shockwave,60,450;300;200;100;50,1.5,3,0.5,1,2,1,10,0,100,-10,5,250,40,5,250,60,1,8,11,0,0.06,4,0.556,50,8,5
56,1,60,FrameTimeStutter,5.000,shockwave,practice,2026-09-16T14:18:06.7270312-04:00,2,723,13.06414,15.2552,833.94,1438.20,0.000,0.000,-4.0348,9.5009,13.3376,Left,0,0,0,0,0.0000,200.000,0,0.000,0,127.500,71.914,4.500,0.0300,0.4000,170.00,shockwave,60,450;300;200;100;50,1.5,3,0.5,1,2,1,10,0,100,-10,5,250,40,5,250,60,1,8,11,0,0.06,4,0.556,50,8,5
56,1,60,FrameTimeStutter,5.000,shockwave,practice,2026-09-16T14:18:06.7270312-04:00,2,724,13.08204,17.8984,833.94,1438.20,0.000,0.000,-4.0348,9.5009,13.3376,Left,0,0,0,0,0.0000,200.000,0,0.000,0,127.500,71.914,4.500,0.0300,0.4000,170.00,shockwave,60,450;300;200;100;50,1.5,3,0.5,1,2,1,10,0,100,-10,5,250,40,5,250,60,1,8,11,0,0.06,4,0.556,50,8,5
56,1,60,FrameTimeStutter,5.000,shockwave,practice,2026-09-16T14:18:06.7270312-04:00,2,725,13.09753,15.4961,833.94,1438.20,0.000,0.000,-4.0348,9.5009,13.3376,Left,0,0,0,0,0.0000,200.000,0,0.000,0,127.500,71.914,4.500,0.0300,0.4000,170.00,shockwave,60,450;300;200;100;50,1.5,3,0.5,1,2,1,10,0,100,-10,5,250,40,5,250,60,1,8,11,0,0.06,4,0.556,50,8,5
56,1,60,FrameTimeStutter,5.000,shockwave,practice,2026-09-16T14:18:06.7270312-04:00,2,726,13.11516,17.6255,833.94,1438.20,0.000,0.000,-4.0348,9.5009,13.3376,Left,0,0,0,0,0.0000,200.000,0,0.000,0,127.500,71.914,4.500,0.0300,0.4000,170.00,shockwave,60,450;300;200;100;50,1.5,3,0.5,1,2,1,10,0,100,-10,5,250,40,5,250,60,1,8,11,0,0.06,4,0.556,50,8,5
56,1,60,FrameTimeStutter,5.000,shockwave,practice,2026-09-16T14:18:06.7270312-04:00,2,727,13.14109,25.9334,833.94,1438.20,0.000,0.000,-4.0348,9.5009,13.3376,Left,0,0,0,0,0.0000,200.000,0,0.000,0,127.500,71.914,4.500,0.0300,0.4000,170.00,shockwave,60,450;300;200;100;50,1.5,3,0.5,1,2,1,10,0,100,-10,5,250,40,5,250,60,1,8,11,0,0.06,4,0.556,50,8,5
56,1,60,FrameTimeStutter,5.000,shockwave,practice,2026-09-16T14:18:06.7270312-04:00,2,728,13.15077,9.6739,833.94,1438.20,0.000,0.000,-4.0348,9.5009,13.3376,Left,0,0,0,0,0.0000,200.000,0,0.000,0,127.500,71.914,4.500,0.0300,0.4000,170.00,shockwave,60,450;300;200;100;50,1.5,3,0.5,1,2,1,10,0,100,-10,5,250,40,5,250,60,1,8,11,0,0.06,4,0.556,50,8,5
56,1,60,FrameTimeStutter,5.000,shockwave,practice,2026-09-16T14:18:06.7270312-04:00,2,729,13.16870,17.9364,833.94,1438.20,0.000,0.000,-4.0348,9.5009,13.3376,Left,0,0,0,0,0.0000,200.000,0,0.000,0,127.500,71.914,4.500,0.0300,0.4000,170.00,shockwave,60,450;300;200;100;50,1.5,3,0.5,1,2,1,10,0,100,-10,5,250,40,5,250,60,1,8,11,0,0.06,4,0.556,50,8,5
56,1,60,FrameTimeStutter,5.000,shockwave,practice,2026-09-16T14:18:06.7270312-04:00,2,730,13.18557,16.8638,833.94,1438.20,0.000,0.000,-4.0348,9.5009,13.3376,Left,0,0,0,0,0.0000,200.000,0,0.000,0,127.500,71.914,4.500,0.0300,0.4000,170.00,shockwave,60,450;300;200;100;50,1.5,3,0.5,1,2,1,10,0,100,-10,5,250,40,5,250,60,1,8,11,0,0.06,4,0.556,50,8,5
56,1,60,FrameTimeStutter,5.000,shockwave,practice,2026-09-16T14:18:06.7270312-04:00,2,731,13.20171,16.1423,833.94,1438.20,0.000,0.000,-4.0348,9.5009,13.3376,Left,0,0,0,0,0.0000,200.000,0,0.000,0,127.500,71.914,4.500,0.0300,0.4000,170.00,shockwave,60,450;300;200;100;50,1.5,3,0.5,1,2,1,10,0,100,-10,5,250,40,5,250,60,1,8,11,0,0.06,4,0.556,50,8,5
56,1,60,FrameTimeStutter,5.000,shockwave,practice,2026-09-16T14:18:06.7270312-04:00,2,732,13.21853,16.8233,833.94,1438.20,0.000,0.000,-4.0348,9.5009,13.3376,Left,0,0,0,0,0.0000,200.000,0,0.000,0,127.500,71.914,4.500,0.0300,0.4000,170.00,shockwave,60,450;300;200;100;50,1.5,3,0.5,1,2,1,10,0,100,-10,5,250,40,5,250,60,1,8,11,0,0.06,4,0.556,50,8,5
56,1,60,FrameTimeStutter,5.000,shockwave,practice,2026-09-16T14:18:06.7270312-04:00,2,733,13.23547,16.9346,833.94,1438.20,0.000,0.000,-4.0348,9.5009,13.3376,Left,0,0,0,0,0.0000,200.000,0,0.000,0,127.500,71.914,4.500,0.0300,0.4000,170.00,shockwave,60,450;300;200;100;50,1.5,3,0.5,1,2,1,10,0,100,-10,5,250,40,5,250,60,1,8,11,0,0.06,4,0.556,50,8,5
56,1,60,FrameTimeStutter,5.000,shockwave,practice,2026-09-16T14:18:06.7270312-04:00,2,734,13.25239,16.9262,833.94,1438.20,0.000,0.000,-4.0348,9.5009,13.3376,Left,0,0,0,0,0.0000,200.000,0,0.000,0,127.500,71.914,4.500,0.0300,0.4000,170.00,shockwave,60,450;300;200;100;50,1.5,3,0.5,1,2,1,10,0,100,-10,5,250,40,5,250,60,1,8,11,0,0.06,4,0.556,50,8,5
56,1,60,FrameTimeStutter,5.000,shockwave,practice,2026-09-16T14:18:06.7270312-04:00,2,735,13.26847,16.0733,833.94,1438.20,0.000,0.000,-4.0348,9.5009,13.3376,Left,0,0,0,0,0.0000,200.000,0,0.000,0,127.500,71.914,4.500,0.0300,0.4000,170.00,shockwave,60,450;300;200;100;50,1.5,3,0.5,1,2,1,10,0,100,-10,5,250,40,5,250,60,1,8,11,0,0.06,4,0.556,50,8,5
56,1,60,FrameTimeStutter,5.000,shockwave,practice,2026-09-16T14:18:06.7270312-04:00,2,736,13.28524,16.7737,833.94,1438.20,0.000,0.000,-4.0348,9.5009,13.3376,Left,0,0,0,0,0.0000,200.000,0,0.000,0,127.500,71.914,4.500,0.0300,0.4000,170.00,shockwave,60,450;300;200;100;50,1.5,3,0.5,1,2,1,10,0,100,-10,5,250,40,5,250,60,1,8,11,0,0.06,4,0.556,50,8,5
56,1,60,FrameTimeStutter,5.000,shockwave,practice,2026-09-16T14:18:06.7270312-04:00,2,737,13.30207,16.8310,833.94,1438.20,0.000,0.000,-4.0348,9.5009,13.3376,Left,0,0,0,0,0.0000,200.000,0,0.000,0,127.500,71.914,4.500,0.0300,0.4000,170.00,shockwave,60,450;300;200;100;50,1.5,3,0.5,1,2,1,10,0,100,-10,5,250,40,5,250,60,1,8,11,0,0.06,4,0.556,50,8,5
56,1,60,FrameTimeStutter,5.000,shockwave,practice,2026-09-16T14:18:06.7270312-04:00,2,738,13.31872,16.6475,833.94,1438.20,0.000,0.000,-4.0348,9.5009,13.3376,Left,0,0,0,0,0.0000,200.000,0,0.000,0,127.500,71.914,4.500,0.0300,0.4000,170.00,shockwave,60,450;300;200;100;50,1.5,3,0.5,1,2,1,10,0,100,-10,5,250,40,5,250,60,1,8,11,0,0.06,4,0.556,50,8,5
56,1,60,FrameTimeStutter,5.000,shockwave,practice,2026-09-16T14:18:06.7270312-04:00,2,739,13.33495,16.2321,833.94,1438.20,0.000,0.000,-4.0348,9.5009,13.3376,Left,0,0,0,0,0.0000,200.000,0,0.000,0,127.500,71.914,4.500,0.0300,0.4000,170.00,shockwave,60,450;300;200;100;50,1.5,3,0.5,1,2,1,10,0,100,-10,5,250,40,5,250,60,1,8,11,0,0.06,4,0.556,50,8,5
56,1,60,FrameTimeStutter,5.000,shockwave,practice,2026-09-16T14:18:06.7270312-04:00,2,740,13.35236,17.4042,833.94,1438.20,0.000,0.000,-4.0348,9.5009,13.3376,Left,0,0,0,0,0.0000,200.000,0,0.000,0,127.500,71.914,4.500,0.0300,0.4000,170.00,shockwave,60,450;300;200;100;50,1.5,3,0.5,1,2,1,10,0,100,-10,5,250,40,5,250,60,1,8,11,0,0.06,4,0.556,50,8,5
56,1,60,FrameTimeStutter,5.000,shockwave,practice,2026-09-16T14:18:06.7270312-04:00,2,741,13.36897,16.6111,833.94,1438.20,0.000,0.000,-4.0348,9.5009,13.3376,Left,0,0,0,0,0.0000,200.000,0,0.000,0,127.500,71.914,4.500,0.0300,0.4000,170.00,shockwave,60,450;300;200;100;50,1.5,3,0.5,1,2,1,10,0,100,-10,5,250,40,5,250,60,1,8,11,0,0.06,4,0.556,50,8,5
56,1,60,FrameTimeStutter,5.000,shockwave,practice,2026-09-16T14:18:06.7270312-04:00,2,742,13.38509,16.1204,833.94,1438.20,0.000,0.000,-4.0348,9.5009,13.3376,Left,0,0,0,0,0.0000,200.000,0,0.000,0,127.500,71.914,4.500,0.0300,0.4000,170.00,shockwave,60,450;300;200;100;50,1.5,3,0.5,1,2,1,10,0,100,-10,5,250,40,5,250,60,1,8,11,0,0.06,4,0.556,50,8,5
56,1,60,FrameTimeStutter,5.000,shockwave,practice,2026-09-16T14:18:06.7270312-04:00,2,743,13.40245,17.3600,833.94,1438.20,0.000,0.000,-4.0348,9.5009,13.3376,Left,0,0,0,0,0.0000,200.000,0,0.000,0,127.500,71.914,4.500,0.0300,0.4000,170.00,shockwave,60,450;300;200;100;50,1.5,3,0.5,1,2,1,10,0,100,-10,5,250,40,5,250,60,1,8,11,0,0.06,4,0.556,50,8,5
56,1,60,FrameTimeStutter,5.000,shockwave,practice,2026-09-16T14:18:06.7270312-04:00,2,744,13.41833,15.8804,833.94,1438.20,0.000,0.000,-4.0348,9.5009,13.3376,Left,0,0,0,0,0.0000,200.000,0,0.000,0,127.500,71.914,4.500,0.0300,0.4000,170.00,shockwave,60,450;300;200;100;50,1.5,3,0.5,1,2,1,10,0,100,-10,5,250,40,5,250,60,1,8,11,0,0.06,4,0.556,50,8,5
56,1,60,FrameTimeStutter,5.000,shockwave,practice,2026-09-16T14:18:06.7270312-04:00,2,745,13.43568,17.3564,833.94,1438.20,0.000,0.000,-4.0348,9.5009,13.3376,Left,0,0,0,0,0.0000,200.000,0,0.000,0,127.500,71.914,4.500,0.0300,0.4000,170.00,shockwave,60,450;300;200;100;50,1.5,3,0.5,1,2,1,10,0,100,-10,5,250,40,5,250,60,1,8,11,0,0.06,4,0.556,50,8,5
56,1,60,FrameTimeStutter,5.000,shockwave,practice,2026-09-16T14:18:06.7270312-04:00,2,746,13.45218,16.4950,833.94,1438.20,0.000,0.000,-4.0348,9.5009,13.3376,Left,0,0,0,0,0.0000,200.000,0,0.000,0,127.500,71.914,4.500,0.0300,0.4000,170.00,shockwave,60,450;300;200;100;50,1.5,3,0.5,1,2,1,10,0,100,-10,5,250,40,5,250,60,1,8,11,0,0.06,4,0.556,50,8,5
56,1,60,FrameTimeStutter,5.000,shockwave,practice,2026-09-16T14:18:06.7270312-04:00,2,747,13.46831,16.1310,833.94,1438.20,0.000,0.000,-4.0348,9.5009,13.3376,Left,0,0,0,0,0.0000,200.000,0,0.000,0,127.500,71.914,4.500,0.0300,0.4000,170.00,shockwave,60,450;300;200;100;50,1.5,3,0.5,1,2,1,10,0,100,-10,5,250,40,5,250,60,1,8,11,0,0.06,4,0.556,50,8,5
56,1,60,FrameTimeStutter,5.000,shockwave,practice,2026-09-16T14:18:06.7270312-04:00,2,748,13.48506,16.7510,833.94,1438.20,0.000,0.000,-4.0348,9.5009,13.3376,Left,0,0,0,0,0.0000,200.000,0,0.000,0,127.500,71.914,4.500,0.0300,0.4000,170.00,shockwave,60,450;300;200;100;50,1.5,3,0.5,1,2,1,10,0,100,-10,5,250,40,5,250,60,1,8,11,0,0.06,4,0.556,50,8,5
56,1,60,FrameTimeStutter,5.000,shockwave,practice,2026-09-16T14:18:06.7270312-04:00,2,749,13.50170,16.6374,833.94,1438.20,0.000,0.000,-4.0348,9.5009,13.3376,Left,0,0,0,0,0.0000,200.000,0,0.000,0,127.500,71.914,4.500,0.0300,0.4000,170.00,shockwave,60,450;300;200;100;50,1.5,3,0.5,1,2,1,10,0,100,-10,5,250,40,5,250,60,1,8,11,0,0.06,4,0.556,50,8,5
56,1,60,FrameTimeStutter,5.000,shockwave,practice,2026-09-16T14:18:06.7270312-04:00,2,750,13.51859,16.8871,833.94,1438.20,0.000,0.000,-4.0348,9.5009,13.3376,Left,0,0,0,0,0.0000,200.000,0,0.000,0,127.500,71.914,4.500,0.0300,0.4000,170.00,shockwave,60,450;300;200;100;50,1.5,3,0.5,1,2,1,10,0,100,-10,5,250,40,5,250,60,1,8,11,0,0.06,4,0.556,50,8,5
56,1,60,FrameTimeStutter,5.000,shockwave,practice,2026-09-16T14:18:06.7270312-04:00,2,751,13.53504,16.4565,833.94,1438.20,0.000,0.000,-4.0348,9.5009,13.3376,Left,0,0,0,0,0.0000,200.000,0,0.000,0,127.500,71.914,4.500,0.0300,0.4000,170.00,shockwave,60,450;300;200;100;50,1.5,3,0.5,1,2,1,10,0,100,-10,5,250,40,5,250,60,1,8,11,0,0.06,4,0.556,50,8,5
56,1,60,FrameTimeStutter,5.000,shockwave,practice,2026-09-16T14:18:06.7270312-04:00,2,752,13.55242,17.3744,833.94,1438.20,0.000,0.000,-4.0348,9.5009,13.3376,Left,0,0,0,0,0.0000,200.000,0,0.000,0,127.500,71.914,4.500,0.0300,0.4000,170.00,shockwave,60,450;300;200;100;50,1.5,3,0.5,1,2,1,10,0,100,-10,5,250,40,5,250,60,1,8,11,0,0.06,4,0.556,50,8,5
56,1,60,FrameTimeStutter,5.000,shockwave,practice,2026-09-16T14:18:06.7270312-04:00,2,753,13.56906,16.6406,833.94,1438.20,0.000,0.000,-4.0348,9.5009,13.3376,Left,0,0,0,0,0.0000,200.000,0,0.000,0,127.500,71.914,4.500,0.0300,0.4000,170.00,shockwave,60,450;300;200;100;50,1.5,3,0.5,1,2,1,10,0,100,-10,5,250,40,5,250,60,1,8,11,0,0.06,4,0.556,50,8,5
56,1,60,FrameTimeStutter,5.000,shockwave,practice,2026-09-16T14:18:06.7270312-04:00,2,754,13.58499,15.9360,833.94,1438.20,0.000,0.000,-4.0348,9.5009,13.3376,Left,0,0,0,0,0.0000,200.000,0,0.000,0,127.500,71.914,4.500,0.0300,0.4000,170.00,shockwave,60,450;300;200;100;50,1.5,3,0.5,1,2,1,10,0,100,-10,5,250,40,5,250,60,1,8,11,0,0.06,4,0.556,50,8,5
56,1,60,FrameTimeStutter,5.000,shockwave,practice,2026-09-16T14:18:06.7270312-04:00,2,755,13.60239,17.3963,833.94,1438.20,0.000,0.000,-4.0348,9.5009,13.3376,Left,0,0,0,0,0.0000,200.000,0,0.000,0,127.500,71.914,4.500,0.0300,0.4000,170.00,shockwave,60,450;300;200;100;50,1.5,3,0.5,1,2,1,10,0,100,-10,5,250,40,5,250,60,1,8,11,0,0.06,4,0.556,50,8,5
56,1,60,FrameTimeStutter,5.000,shockwave,practice,2026-09-16T14:18:06.7270312-04:00,2,756,13.61838,15.9946,833.94,1438.20,0.000,0.000,-4.0348,9.5009,13.3376,Left,0,0,0,0,0.0000,200.000,0,0.000,0,127.500,71.914,4.500,0.0300,0.4000,170.00,shockwave,60,450;300;200;100;50,1.5,3,0.5,1,2,1,10,0,100,-10,5,250,40,5,250,60,1,8,11,0,0.06,4,0.556,50,8,5
56,1,60,FrameTimeStutter,5.000,shockwave,practice,2026-09-16T14:18:06.7270312-04:00,2,757,13.63577,17.3920,833.94,1438.20,0.000,0.000,-4.0348,9.5009,13.3376,Left,0,0,0,0,0.0000,200.000,0,0.000,0,127.500,71.914,4.500,0.0300,0.4000,170.00,shockwave,60,450;300;200;100;50,1.5,3,0.5,1,2,1,10,0,100,-10,5,250,40,5,250,60,1,8,11,0,0.06,4,0.556,50,8,5
56,1,60,FrameTimeStutter,5.000,shockwave,practice,2026-09-16T14:18:06.7270312-04:00,2,758,13.65219,16.4129,833.94,1438.20,0.000,0.000,-4.0348,9.5009,13.3376,Left,0,0,0,0,0.0000,200.000,0,0.000,0,127.500,71.914,4.500,0.0300,0.4000,170.00,shockwave,60,450;300;200;100;50,1.5,3,0.5,1,2,1,10,0,100,-10,5,250,40,5,250,60,1,8,11,0,0.06,4,0.556,50,8,5
56,1,60,FrameTimeStutter,5.000,shockwave,practice,2026-09-16T14:18:06.7270312-04:00,2,759,13.66842,16.2320,833.94,1438.20,0.000,0.000,-4.0348,9.5009,13.3376,Left,0,0,0,0,0.0000,200.000,0,0.000,0,127.500,71.914,4.500,0.0300,0.4000,170.00,shockwave,60,450;300;200;100;50,1.5,3,0.5,1,2,1,10,0,100,-10,5,250,40,5,250,60,1,8,11,0,0.06,4,0.556,50,8,5
56,1,60,FrameTimeStutter,5.000,shockwave,practice,2026-09-16T14:18:06.7270312-04:00,2,760,13.68493,16.5088,833.94,1438.20,0.000,0.000,-4.0348,9.5009,13.3376,Left,0,0,0,0,0.0000,200.000,0,0.000,0,127.500,71.914,4.500,0.0300,0.4000,170.00,shockwave,60,450;300;200;100;50,1.5,3,0.5,1,2,1,10,0,100,-10,5,250,40,5,250,60,1,8,11,0,0.06,4,0.556,50,8,5
56,1,60,FrameTimeStutter,5.000,shockwave,practice,2026-09-16T14:18:06.7270312-04:00,2,761,13.70233,17.4029,833.94,1438.20,0.000,0.000,-4.0348,9.5009,13.3376,Left,0,0,0,0,0.0000,200.000,0,0.000,0,127.500,71.914,4.500,0.0300,0.4000,170.00,shockwave,60,450;300;200;100;50,1.5,3,0.5,1,2,1,10,0,100,-10,5,250,40,5,250,60,1,8,11,0,0.06,4,0.556,50,8,5
56,1,60,FrameTimeStutter,5.000,shockwave,practice,2026-09-16T14:18:06.7270312-04:00,2,762,13.71866,16.3277,833.94,1438.20,0.000,0.000,-4.0348,9.5009,13.3376,Left,0,0,0,0,0.0000,200.000,0,0.000,0,127.500,71.914,4.500,0.0300,0.4000,170.00,shockwave,60,450;300;200;100;50,1.5,3,0.5,1,2,1,10,0,100,-10,5,250,40,5,250,60,1,8,11,0,0.06,4,0.556,50,8,5
56,1,60,FrameTimeStutter,5.000,shockwave,practice,2026-09-16T14:18:06.7270312-04:00,2,763,13.73502,16.3565,833.94,1438.20,0.000,0.000,-4.0348,9.5009,13.3376,Left,0,0,0,0,0.0000,200.000,0,0.000,0,127.500,71.914,4.500,0.0300,0.4000,170.00,shockwave,60,450;300;200;100;50,1.5,3,0.5,1,2,1,10,0,100,-10,5,250,40,5,250,60,1,8,11,0,0.06,4,0.556,50,8,5
56,1,60,FrameTimeStutter,5.000,shockwave,practice,2026-09-16T14:18:06.7270312-04:00,2,764,13.75220,17.1884,833.94,1438.20,0.000,0.000,-4.0348,9.5009,13.3376,Left,0,0,0,0,0.0000,200.000,0,0.000,0,127.500,71.914,4.500,0.0300,0.4000,170.00,shockwave,60,450;300;200;100;50,1.5,3,0.5,1,2,1,10,0,100,-10,5,250,40,5,250,60,1,8,11,0,0.06,4,0.556,50,8,5
56,1,60,FrameTimeStutter,5.000,shockwave,practice,2026-09-16T14:18:06.7270312-04:00,2,765,13.76875,16.5478,833.94,1438.20,0.000,0.000,-4.0348,9.5009,13.3376,Left,0,0,0,0,0.0000,200.000,0,0.000,0,127.500,71.914,4.500,0.0300,0.4000,170.00,shockwave,60,450;300;200;100;50,1.5,3,0.5,1,2,1,10,0,100,-10,5,250,40,5,250,60,1,8,11,0,0.06,4,0.556,50,8,5
56,1,60,FrameTimeStutter,5.000,shockwave,practice,2026-09-16T14:18:06.7270312-04:00,2,766,13.78494,16.1840,833.94,1438.20,0.000,0.000,-4.0348,9.5009,13.3376,Left,0,0,0,0,0.0000,200.000,0,0.000,0,127.500,71.914,4.500,0.0300,0.4000,170.00,shockwave,60,450;300;200;100;50,1.5,3,0.5,1,2,1,10,0,100,-10,5,250,40,5,250,60,1,8,11,0,0.06,4,0.556,50,8,5
56,1,60,FrameTimeStutter,5.000,shockwave,practice,2026-09-16T14:18:06.7270312-04:00,2,767,13.80252,17.5882,833.94,1438.20,0.000,0.000,-4.0348,9.5009,13.3376,Left,0,0,0,0,0.0000,200.000,0,0.000,0,127.500,71.914,4.500,0.0300,0.4000,170.00,shockwave,60,450;300;200;100;50,1.5,3,0.5,1,2,1,10,0,100,-10,5,250,40,5,250,60,1,8,11,0,0.06,4,0.556,50,8,5
56,1,60,FrameTimeStutter,5.000,shockwave,practice,2026-09-16T14:18:06.7270312-04:00,2,768,13.81853,16.0027,833.94,1438.20,0.000,0.000,-4.0348,9.5009,13.3376,Left,0,0,0,0,0.0000,200.000,0,0.000,0,127.500,71.914,4.500,0.0300,0.4000,170.00,shockwave,60,450;300;200;100;50,1.5,3,0.5,1,2,1,10,0,100,-10,5,250,40,5,250,60,1,8,11,0,0.06,4,0.556,50,8,5
56,1,60,FrameTimeStutter,5.000,shockwave,practice,2026-09-16T14:18:06.7270312-04:00,2,769,13.83544,16.9121,833.94,1438.20,0.000,0.000,-4.0348,9.5009,13.3376,Left,0,0,0,0,0.0000,200.000,0,0.000,0,127.500,71.914,4.500,0.0300,0.4000,170.00,shockwave,60,450;300;200;100;50,1.5,3,0.5,1,2,1,10,0,100,-10,5,250,40,5,250,60,1,8,11,0,0.06,4,0.556,50,8,5
56,1,60,FrameTimeStutter,5.000,shockwave,practice,2026-09-16T14:18:06.7270312-04:00,2,770,13.85229,16.8520,833.94,1438.20,0.000,0.000,-4.0348,9.5009,13.3376,Left,0,0,0,0,0.0000,200.000,0,0.000,0,127.500,71.914,4.500,0.0300,0.4000,170.00,shockwave,60,450;300;200;100;50,1.5,3,0.5,1,2,1,10,0,100,-10,5,250,40,5,250,60,1,8,11,0,0.06,4,0.556,50,8,5
56,1,60,FrameTimeStutter,5.000,shockwave,practice,2026-09-16T14:18:06.7270312-04:00,2,771,13.86842,16.1291,833.94,1438.20,0.000,0.000,-4.0348,9.5009,13.3376,Left,0,0,0,0,0.0000,200.000,0,0.000,0,127.500,71.914,4.500,0.0300,0.4000,170.00,shockwave,60,450;300;200;100;50,1.5,3,0.5,1,2,1,10,0,100,-10,5,250,40,5,250,60,1,8,11,0,0.06,4,0.556,50,8,5
56,1,60,FrameTimeStutter,5.000,shockwave,practice,2026-09-16T14:18:06.7270312-04:00,2,772,13.88543,17.0094,833.94,1438.20,0.000,0.000,-4.0348,9.5009,13.3376,Left,0,0,0,0,0.0000,200.000,0,0.000,0,127.500,71.914,4.500,0.0300,0.4000,170.00,shockwave,60,450;300;200;100;50,1.5,3,0.5,1,2,1,10,0,100,-10,5,250,40,5,250,60,1,8,11,0,0.06,4,0.556,50,8,5
56,1,60,FrameTimeStutter,5.000,shockwave,practice,2026-09-16T14:18:06.7270312-04:00,2,773,13.90187,16.4417,833.94,1438.20,0.000,0.000,-4.0348,9.5009,13.3376,Left,0,0,0,0,0.0000,200.000,0,0.000,0,127.500,71.914,4.500,0.0300,0.4000,170.00,shockwave,60,450;300;200;100;50,1.5,3,0.5,1,2,1,10,0,100,-10,5,250,40,5,250,60,1,8,11,0,0.06,4,0.556,50,8,5
56,1,60,FrameTimeStutter,5.000,shockwave,practice,2026-09-16T14:18:06.7270312-04:00,2,774,13.91838,16.5125,833.94,1438.20,0.000,0.000,-4.0348,9.5009,13.3376,Left,0,0,0,0,0.0000,200.000,0,0.000,0,127.500,71.914,4.500,0.0300,0.4000,170.00,shockwave,60,450;300;200;100;50,1.5,3,0.5,1,2,1,10,0,100,-10,5,250,40,5,250,60,1,8,11,0,0.06,4,0.556,50,8,5
56,1,60,FrameTimeStutter,5.000,shockwave,practice,2026-09-16T14:18:06.7270312-04:00,2,775,13.93501,16.6233,833.94,1438.20,0.000,0.000,-4.0348,9.5009,13.3376,Left,0,0,0,0,0.0000,200.000,0,0.000,0,127.500,71.914,4.500,0.0300,0.4000,170.00,shockwave,60,450;300;200;100;50,1.5,3,0.5,1,2,1,10,0,100,-10,5,250,40,5,250,60,1,8,11,0,0.06,4,0.556,50,8,5
56,1,60,FrameTimeStutter,5.000,shockwave,practice,2026-09-16T14:18:06.7270312-04:00,2,776,13.95231,17.3024,833.94,1438.20,0.000,0.000,-4.0348,9.5009,13.3376,Left,0,0,0,0,0.0000,200.000,0,0.000,0,127.500,71.914,4.500,0.0300,0.4000,170.00,shockwave,60,450;300;200;100;50,1.5,3,0.5,1,2,1,10,0,100,-10,5,250,40,5,250,60,1,8,11,0,0.06,4,0.556,50,8,5
56,1,60,FrameTimeStutter,5.000,shockwave,practice,2026-09-16T14:18:06.7270312-04:00,2,777,13.96887,16.5602,833.94,1438.20,0.000,0.000,-4.0348,9.5009,13.3376,Left,0,0,0,0,0.0000,200.000,0,0.000,0,127.500,71.914,4.500,0.0300,0.4000,170.00,shockwave,60,450;300;200;100;50,1.5,3,0.5,1,2,1,10,0,100,-10,5,250,40,5,250,60,1,8,11,0,0.06,4,0.556,50,8,5
56,1,60,FrameTimeStutter,5.000,shockwave,practice,2026-09-16T14:18:06.7270312-04:00,2,778,13.98578,16.9128,833.94,1438.20,0.000,0.000,-4.0348,9.5009,13.3376,Left,0,0,0,0,0.0000,200.000,0,0.000,0,127.500,71.914,4.500,0.0300,0.4000,170.00,shockwave,60,450;300;200;100;50,1.5,3,0.5,1,2,1,10,0,100,-10,5,250,40,5,250,60,1,8,11,0,0.06,4,0.556,50,8,5
56,1,60,FrameTimeStutter,5.000,shockwave,practice,2026-09-16T14:18:06.7270312-04:00,2,779,14.00191,16.1296,833.94,1438.20,0.000,0.000,-4.0348,9.5009,13.3376,Left,0,0,0,0,0.0000,200.000,0,0.000,0,127.500,71.914,4.500,0.0300,0.4000,170.00,shockwave,60,450;300;200;100;50,1.5,3,0.5,1,2,1,10,0,100,-10,5,250,40,5,250,60,1,8,11,0,0.06,4,0.556,50,8,5
56,1,60,FrameTimeStutter,5.000,shockwave,practice,2026-09-16T14:18:06.7270312-04:00,2,780,14.01910,17.1872,833.94,1438.20,0.000,0.000,-4.0348,9.5009,13.3376,Left,0,0,0,0,0.0000,200.000,0,0.000,0,127.500,71.914,4.500,0.0300,0.4000,170.00,shockwave,60,450;300;200;100;50,1.5,3,0.5,1,2,1,10,0,100,-10,5,250,40,5,250,60,1,8,11,0,0.06,4,0.556,50,8,5
56,1,60,FrameTimeStutter,5.000,shockwave,practice,2026-09-16T14:18:06.7270312-04:00,2,781,14.03517,16.0747,833.94,1438.20,0.000,0.000,-4.0348,9.5009,13.3376,Left,0,0,0,0,0.0000,200.000,0,0.000,0,127.500,71.914,4.500,0.0300,0.4000,170.00,shockwave,60,450;300;200;100;50,1.5,3,0.5,1,2,1,10,0,100,-10,5,250,40,5,250,60,1,8,11,0,0.06,4,0.556,50,8,5
56,1,60,FrameTimeStutter,5.000,shockwave,practice,2026-09-16T14:18:06.7270312-04:00,2,782,14.05205,16.8787,833.94,1438.20,0.000,0.000,-4.0348,9.5009,13.3376,Left,0,0,0,0,0.0000,200.000,0,0.000,0,127.500,71.914,4.500,0.0300,0.4000,170.00,shockwave,60,450;300;200;100;50,1.5,3,0.5,1,2,1,10,0,100,-10,5,250,40,5,250,60,1,8,11,0,0.06,4,0.556,50,8,5
56,1,60,FrameTimeStutter,5.000,shockwave,practice,2026-09-16T14:18:06.7270312-04:00,2,783,14.06863,16.5788,833.94,1438.20,0.000,0.000,-4.0348,9.5009,13.3376,Left,0,0,0,0,0.0000,200.000,0,0.000,0,127.500,71.914,4.500,0.0300,0.4000,170.00,shockwave,60,450;300;200;100;50,1.5,3,0.5,1,2,1,10,0,100,-10,5,250,40,5,250,60,1,8,11,0,0.06,4,0.556,50,8,5
56,1,60,FrameTimeStutter,5.000,shockwave,practice,2026-09-16T14:18:06.7270312-04:00,2,784,14.08499,16.3609,833.94,1438.20,0.000,0.000,-4.0348,9.5009,13.3376,Left,0,0,0,0,0.0000,200.000,0,0.000,0,127.500,71.914,4.500,0.0300,0.4000,170.00,shockwave,60,450;300;200;100;50,1.5,3,0.5,1,2,1,10,0,100,-10,5,250,40,5,250,60,1,8,11,0,0.06,4,0.556,50,8,5
56,1,60,FrameTimeStutter,5.000,shockwave,practice,2026-09-16T14:18:06.7270312-04:00,2,785,14.10202,17.0290,833.94,1438.20,0.000,0.000,-4.0348,9.5009,13.3376,Left,0,0,0,0,0.0000,200.000,0,0.000,0,127.500,71.914,4.500,0.0300,0.4000,170.00,shockwave,60,450;300;200;100;50,1.5,3,0.5,1,2,1,10,0,100,-10,5,250,40,5,250,60,1,8,11,0,0.06,4,0.556,50,8,5
56,1,60,FrameTimeStutter,5.000,shockwave,practice,2026-09-16T14:18:06.7270312-04:00,2,786,14.11856,16.5394,833.94,1438.20,0.000,0.000,-4.0348,9.5009,13.3376,Left,0,0,0,0,0.0000,200.000,0,0.000,0,127.500,71.914,4.500,0.0300,0.4000,170.00,shockwave,60,450;300;200;100;50,1.5,3,0.5,1,2,1,10,0,100,-10,5,250,40,5,250,60,1,8,11,0,0.06,4,0.556,50,8,5
56,1,60,FrameTimeStutter,5.000,shockwave,practice,2026-09-16T14:18:06.7270312-04:00,2,787,14.13554,16.9744,833.94,1438.20,0.000,0.000,-4.0348,9.5009,13.3376,Left,0,0,0,0,0.0000,200.000,0,0.000,0,127.500,71.914,4.500,0.0300,0.4000,170.00,shockwave,60,450;300;200;100;50,1.5,3,0.5,1,2,1,10,0,100,-10,5,250,40,5,250,60,1,8,11,0,0.06,4,0.556,50,8,5
56,1,60,FrameTimeStutter,5.000,shockwave,practice,2026-09-16T14:18:06.7270312-04:00,2,788,14.15221,16.6747,833.94,1438.20,0.000,0.000,-4.0348,9.5009,13.3376,Left,0,0,0,0,0.0000,200.000,0,0.000,0,127.500,71.914,4.500,0.0300,0.4000,170.00,shockwave,60,450;300;200;100;50,1.5,3,0.5,1,2,1,10,0,100,-10,5,250,40,5,250,60,1,8,11,0,0.06,4,0.556,50,8,5
56,1,60,FrameTimeStutter,5.000,shockwave,practice,2026-09-16T14:18:06.7270312-04:00,2,789,14.16830,16.0931,833.94,1438.20,0.000,0.000,-4.0348,9.5009,13.3376,Left,0,0,0,0,0.0000,200.000,0,0.000,0,127.500,71.914,4.500,0.0300,0.4000,170.00,shockwave,60,450;300;200;100;50,1.5,3,0.5,1,2,1,10,0,100,-10,5,250,40,5,250,60,1,8,11,0,0.06,4,0.556,50,8,5
56,1,60,FrameTimeStutter,5.000,shockwave,practice,2026-09-16T14:18:06.7270312-04:00,2,790,14.18421,15.9057,833.94,1438.20,0.000,0.000,-4.2794,9.5009,13.3376,Left,0,0,0,0,0.0000,200.000,0,0.000,0,127.500,71.914,4.500,0.0300,0.4000,170.00,shockwave,60,450;300;200;100;50,1.5,3,0.5,1,2,1,10,0,100,-10,5,250,40,5,250,60,1,8,11,0,0.06,4,0.556,50,8,5
56,1,60,FrameTimeStutter,5.000,shockwave,practice,2026-09-16T14:18:06.7270312-04:00,2,791,14.20218,17.9717,833.94,1438.20,0.000,0.000,-4.5343,9.5009,13.3376,Left,0,0,0,0,0.0000,200.000,0,0.000,0,127.500,71.914,4.500,0.0300,0.4000,170.00,shockwave,60,450;300;200;100;50,1.5,3,0.5,1,2,1,10,0,100,-10,5,250,40,5,250,60,1,8,11,0,0.06,4,0.556,50,8,5
56,1,60,FrameTimeStutter,5.000,shockwave,practice,2026-09-16T14:18:06.7270312-04:00,2,792,14.21876,16.5826,833.94,1438.20,0.000,0.000,-4.7500,9.5009,13.3376,Left,0,0,0,0,0.0000,200.000,0,0.000,0,127.500,71.914,4.500,0.0300,0.4000,170.00,shockwave,60,450;300;200;100;50,1.5,3,0.5,1,2,1,10,0,100,-10,5,250,40,5,250,60,1,8,11,0,0.06,4,0.556,50,8,5
56,1,60,FrameTimeStutter,5.000,shockwave,practice,2026-09-16T14:18:06.7270312-04:00,2,793,14.23491,16.1414,833.94,1438.20,0.000,0.000,-4.9428,9.5009,13.3376,Left,0,0,0,0,0.0000,200.000,0,0.000,0,127.500,71.914,4.500,0.0300,0.4000,170.00,shockwave,60,450;300;200;100;50,1.5,3,0.5,1,2,1,10,0,100,-10,5,250,40,5,250,60,1,8,11,0,0.06,4,0.556,50,8,5
56,1,60,FrameTimeStutter,5.000,shockwave,practice,2026-09-16T14:18:06.7270312-04:00,2,794,14.25167,16.7633,833.94,1438.20,0.000,0.000,-5.1259,9.5009,13.3376,Left,0,0,0,0,0.0000,200.000,0,0.000,0,127.500,71.914,4.500,0.0300,0.4000,170.00,shockwave,60,450;300;200;100;50,1.5,3,0.5,1,2,1,10,0,100,-10,5,250,40,5,250,60,1,8,11,0,0.06,4,0.556,50,8,5
56,1,60,FrameTimeStutter,5.000,shockwave,practice,2026-09-16T14:18:06.7270312-04:00,2,795,14.26865,16.9842,833.94,1438.20,0.000,0.000,-5.2943,9.5009,13.3376,Left,0,0,0,0,0.0000,200.000,0,0.000,0,127.500,71.914,4.500,0.0300,0.4000,170.00,shockwave,60,450;300;200;100;50,1.5,3,0.5,1,2,1,10,0,100,-10,5,250,40,5,250,60,1,8,11,0,0.06,4,0.556,50,8,5
56,1,60,FrameTimeStutter,5.000,shockwave,practice,2026-09-16T14:18:06.7270312-04:00,2,796,14.28497,16.3218,833.94,1438.20,0.000,0.000,-5.4408,9.5009,13.3376,Left,0,0,0,0,0.0000,200.000,0,0.000,0,127.500,71.914,4.500,0.0300,0.4000,170.00,shockwave,60,450;300;200;100;50,1.5,3,0.5,1,2,1,10,0,100,-10,5,250,40,5,250,60,1,8,11,0,0.06,4,0.556,50,8,5
56,1,60,FrameTimeStutter,5.000,shockwave,practice,2026-09-16T14:18:06.7270312-04:00,2,797,14.30156,16.5876,833.94,1438.20,0.000,0.000,-5.5751,9.5009,13.3376,Left,0,0,0,0,0.0000,200.000,0,0.000,0,127.500,71.914,4.500,0.0300,0.4000,170.00,shockwave,60,450;300;200;100;50,1.5,3,0.5,1,2,1,10,0,100,-10,5,250,40,5,250,60,1,8,11,0,0.06,4,0.556,50,8,5
56,1,60,FrameTimeStutter,5.000,shockwave,practice,2026-09-16T14:18:06.7270312-04:00,2,798,14.31839,16.8272,833.94,1438.20,0.000,0.000,-5.6969,9.5009,13.3376,Left,0,0,0,0,0.0000,200.000,0,0.000,0,127.500,71.914,4.500,0.0300,0.4000,170.00,shockwave,60,450;300;200;100;50,1.5,3,0.5,1,2,1,10,0,100,-10,5,250,40,5,250,60,1,8,11,0,0.06,4,0.556,50,8,5
56,1,60,FrameTimeStutter,5.000,shockwave,practice,2026-09-16T14:18:06.7270312-04:00,2,799,14.33551,17.1236,833.94,1438.20,0.000,0.000,-5.8069,9.5009,13.3376,Left,0,0,0,0,0.0000,200.000,0,0.000,0,127.500,71.914,4.500,0.0300,0.4000,170.00,shockwave,60,450;300;200;100;50,1.5,3,0.5,1,2,1,10,0,100,-10,5,250,40,5,250,60,1,8,11,0,0.06,4,0.556,50,8,5
56,1,60,FrameTimeStutter,5.000,shockwave,practice,2026-09-16T14:18:06.7270312-04:00,2,800,14.35196,16.4504,833.94,1438.20,0.000,0.000,-5.9001,9.5009,13.3376,Left,0,0,0,0,0.0000,200.000,0,0.000,0,127.500,71.914,4.500,0.0300,0.4000,170.00,shockwave,60,450;300;200;100;50,1.5,3,0.5,1,2,1,10,0,100,-10,5,250,40,5,250,60,1,8,11,0,0.06,4,0.556,50,8,5
56,1,60,FrameTimeStutter,5.000,shockwave,practice,2026-09-16T14:18:06.7270312-04:00,2,801,14.36827,16.3046,833.94,1438.20,0.000,0.000,-5.9811,9.5009,13.3376,Left,0,0,0,0,0.0000,200.000,0,0.000,0,127.500,71.914,4.500,0.0300,0.4000,170.00,shockwave,60,450;300;200;100;50,1.5,3,0.5,1,2,1,10,0,100,-10,5,250,40,5,250,60,1,8,11,0,0.06,4,0.556,50,8,5
56,1,60,FrameTimeStutter,5.000,shockwave,practice,2026-09-16T14:18:06.7270312-04:00,2,802,14.38576,17.4890,833.94,1438.20,0.000,0.000,-6.0563,9.5009,13.3376,Left,0,0,0,0,0.0000,200.000,0,0.000,0,127.500,71.914,4.500,0.0300,0.4000,170.00,shockwave,60,450;300;200;100;50,1.5,3,0.5,1,2,1,10,0,100,-10,5,250,40,5,250,60,1,8,11,0,0.06,4,0.556,50,8,5
56,1,60,FrameTimeStutter,5.000,shockwave,practice,2026-09-16T14:18:06.7270312-04:00,2,803,14.40236,16.5986,833.94,1438.20,0.000,0.000,-6.1173,9.5009,13.3376,Left,0,0,0,0,0.0000,200.000,0,0.000,0,127.500,71.914,4.500,0.0300,0.4000,170.00,shockwave,60,450;300;200;100;50,1.5,3,0.5,1,2,1,10,0,100,-10,5,250,40,5,250,60,1,8,11,0,0.06,4,0.556,50,8,5
56,1,60,FrameTimeStutter,5.000,shockwave,practice,2026-09-16T14:18:06.7270312-04:00,2,804,14.41833,15.9747,833.94,1438.20,0.000,0.000,-6.1672,9.5009,13.3376,Left,0,0,0,0,0.0000,200.000,0,0.000,0,127.500,71.914,4.500,0.0300,0.4000,170.00,shockwave,60,450;300;200;100;50,1.5,3,0.5,1,2,1,10,0,100,-10,5,250,40,5,250,60,1,8,11,0,0.06,4,0.556,50,8,5
56,1,60,FrameTimeStutter,5.000,shockwave,practice,2026-09-16T14:18:06.7270312-04:00,2,805,14.43550,17.1694,833.94,1438.20,0.000,0.000,-6.2119,9.5009,13.3376,Left,0,0,0,0,0.0000,200.000,0,0.000,0,127.500,71.914,4.500,0.0300,0.4000,170.00,shockwave,60,450;300;200;100;50,1.5,3,0.5,1,2,1,10,0,100,-10,5,250,40,5,250,60,1,8,11,0,0.06,4,0.556,50,8,5
56,1,60,FrameTimeStutter,5.000,shockwave,practice,2026-09-16T14:18:06.7270312-04:00,2,806,14.45234,16.8396,833.94,1438.20,0.000,0.000,-6.2477,9.5009,13.3376,Left,0,0,0,0,0.0000,200.000,0,0.000,0,127.500,71.914,4.500,0.0300,0.4000,170.00,shockwave,60,450;300;200;100;50,1.5,3,0.5,1,2,1,10,0,100,-10,5,250,40,5,250,60,1,8,11,0,0.06,4,0.556,50,8,5
56,1,60,FrameTimeStutter,5.000,shockwave,practice,2026-09-16T14:18:06.7270312-04:00,2,807,14.46882,16.4804,833.94,1438.20,0.000,0.000,-6.2758,9.5009,13.3376,Left,0,0,0,0,0.0000,200.000,0,0.000,0,127.500,71.914,4.500,0.0300,0.4000,170.00,shockwave,60,450;300;200;100;50,1.5,3,0.5,1,2,1,10,0,100,-10,5,250,40,5,250,60,1,8,11,0,0.06,4,0.556,50,8,5
56,1,60,FrameTimeStutter,5.000,shockwave,practice,2026-09-16T14:18:06.7270312-04:00,2,808,14.48531,16.4941,833.94,1438.20,0.000,0.000,-6.2977,9.5009,13.3376,Left,0,0,0,0,0.0000,200.000,0,0.000,0,127.500,71.914,4.500,0.0300,0.4000,170.00,shockwave,60,450;300;200;100;50,1.5,3,0.5,1,2,1,10,0,100,-10,5,250,40,5,250,60,1,8,11,0,0.06,4,0.556,50,8,5
56,1,60,FrameTimeStutter,5.000,shockwave,practice,2026-09-16T14:18:06.7270312-04:00,2,809,14.50227,16.9587,833.94,1438.20,0.000,0.000,-6.3146,9.5009,13.3376,Left,0,0,0,0,0.0000,200.000,0,0.000,0,127.500,71.914,4.500,0.0300,0.4000,170.00,shockwave,60,450;300;200;100;50,1.5,3,0.5,1,2,1,10,0,100,-10,5,250,40,5,250,60,1,8,11,0,0.06,4,0.556,50,8,5
56,1,60,FrameTimeStutter,5.000,shockwave,practice,2026-09-16T14:18:06.7270312-04:00,2,810,14.51866,16.3908,833.94,1438.20,0.000,0.000,-6.3264,9.5009,13.3376,Left,0,0,0,0,0.0000,200.000,0,0.000,0,127.500,71.914,4.500,0.0300,0.4000,170.00,shockwave,60,450;300;200;100;50,1.5,3,0.5,1,2,1,10,0,100,-10,5,250,40,5,250,60,1,8,11,0,0.06,4,0.556,50,8,5
56,1,60,FrameTimeStutter,5.000,shockwave,practice,2026-09-16T14:18:06.7270312-04:00,2,811,14.53568,17.0137,833.94,1438.20,0.000,0.000,-6.3345,9.5009,13.3376,Left,0,0,0,0,0.0000,200.000,0,0.000,0,127.500,71.914,4.500,0.0300,0.4000,170.00,shockwave,60,450;300;200;100;50,1.5,3,0.5,1,2,1,10,0,100,-10,5,250,40,5,250,60,1,8,11,0,0.06,4,0.556,50,8,5
56,1,60,FrameTimeStutter,5.000,shockwave,practice,2026-09-16T14:18:06.7270312-04:00,2,812,14.55193,16.2578,833.94,1438.20,0.000,0.000,-6.3392,9.5009,13.3376,Left,0,0,0,0,0.0000,200.000,0,0.000,0,127.500,71.914,4.500,0.0300,0.4000,170.00,shockwave,60,450;300;200;100;50,1.5,3,0.5,1,2,1,10,0,100,-10,5,250,40,5,250,60,1,8,11,0,0.06,4,0.556,50,8,5
56,1,60,FrameTimeStutter,5.000,shockwave,practice,2026-09-16T14:18:06.7270312-04:00,2,813,14.56848,16.5493,833.94,1438.20,0.000,0.000,-6.3417,9.5009,13.3376,Left,0,0,0,0,0.0000,200.000,0,0.000,0,127.500,71.914,4.500,0.0300,0.4000,170.00,shockwave,60,450;300;200;100;50,1.5,3,0.5,1,2,1,10,0,100,-10,5,250,40,5,250,60,1,8,11,0,0.06,4,0.556,50,8,5
56,1,60,FrameTimeStutter,5.000,shockwave,practice,2026-09-16T14:18:06.7270312-04:00,2,814,14.58483,16.3447,833.94,1438.20,0.000,0.000,-6.3427,9.5009,13.3376,Left,0,0,0,0,0.0000,200.000,0,0.000,0,127.500,71.914,4.500,0.0300,0.4000,170.00,shockwave,60,450;300;200;100;50,1.5,3,0.5,1,2,1,10,0,100,-10,5,250,40,5,250,60,1,8,11,0,0.06,4,0.556,50,8,5
56,1,60,FrameTimeStutter,5.000,shockwave,practice,2026-09-16T14:18:06.7270312-04:00,2,815,14.60216,17.3316,833.94,1438.20,0.000,0.000,-6.3428,9.5009,13.3376,Left,0,0,0,0,0.0000,200.000,0,0.000,0,127.500,71.914,4.500,0.0300,0.4000,170.00,shockwave,60,450;300;200;100;50,1.5,3,0.5,1,2,1,10,0,100,-10,5,250,40,5,250,60,1,8,11,0,0.06,4,0.556,50,8,5
56,1,60,FrameTimeStutter,5.000,shockwave,practice,2026-09-16T14:18:06.7270312-04:00,2,816,14.61828,16.1174,833.94,1438.20,0.000,0.000,-6.3428,9.5009,13.3376,Left,0,0,0,0,0.0000,200.000,0,0.000,0,127.500,71.914,4.500,0.0300,0.4000,170.00,shockwave,60,450;300;200;100;50,1.5,3,0.5,1,2,1,10,0,100,-10,5,250,40,5,250,60,1,8,11,0,0.06,4,0.556,50,8,5
56,1,60,FrameTimeStutter,5.000,shockwave,practice,2026-09-16T14:18:06.7270312-04:00,2,817,14.63525,16.9688,833.94,1438.20,0.000,0.000,-6.3428,9.5009,-11.5675,Left,0,0,0,0,0.0000,200.000,0,0.000,0,127.500,71.914,4.500,0.0300,0.4000,170.00,shockwave,60,450;300;200;100;50,1.5,3,0.5,1,2,1,10,0,100,-10,5,250,40,5,250,60,1,8,11,0,0.06,4,0.556,50,8,5
56,1,60,FrameTimeStutter,5.000,shockwave,practice,2026-09-16T14:18:06.7270312-04:00,2,818,14.65104,15.7971,833.94,1438.20,0.000,0.000,-6.3428,9.5009,-11.5675,Right,0,0,0,0,0.0000,200.000,0,0.000,0,127.500,71.914,4.500,0.0300,0.4000,170.00,shockwave,60,450;300;200;100;50,1.5,3,0.5,1,2,1,10,0,100,-10,5,250,40,5,250,60,1,8,11,0,0.06,4,0.556,50,8,5
56,1,60,FrameTimeStutter,5.000,shockwave,practice,2026-09-16T14:18:06.7270312-04:00,2,819,14.66878,17.7344,833.94,1438.20,0.000,0.000,-6.3428,9.5009,-11.5675,Right,0,0,0,0,0.0000,200.000,0,0.000,0,127.500,71.914,4.500,0.0300,0.4000,170.00,shockwave,60,450;300;200;100;50,1.5,3,0.5,1,2,1,10,0,100,-10,5,250,40,5,250,60,1,8,11,0,0.06,4,0.556,50,8,5
56,1,60,FrameTimeStutter,5.000,shockwave,practice,2026-09-16T14:18:06.7270312-04:00,2,820,14.68570,16.9238,833.94,1438.20,0.000,0.000,-6.3428,9.5009,-11.5675,Right,0,0,0,0,0.0000,200.000,0,0.000,0,127.500,71.914,4.500,0.0300,0.4000,170.00,shockwave,60,450;300;200;100;50,1.5,3,0.5,1,2,1,10,0,100,-10,5,250,40,5,250,60,1,8,11,0,0.06,4,0.556,50,8,5
56,1,60,FrameTimeStutter,5.000,shockwave,practice,2026-09-16T14:18:06.7270312-04:00,2,821,14.70164,15.9419,833.94,1438.20,0.000,0.000,-6.3428,9.5009,-11.5675,Right,0,0,0,0,0.0000,200.000,0,0.000,0,127.500,71.914,4.500,0.0300,0.4000,170.00,shockwave,60,450;300;200;100;50,1.5,3,0.5,1,2,1,10,0,100,-10,5,250,40,5,250,60,1,8,11,0,0.06,4,0.556,50,8,5
56,1,60,FrameTimeStutter,5.000,shockwave,practice,2026-09-16T14:18:06.7270312-04:00,2,822,14.71912,17.4785,833.94,1438.20,0.000,0.000,-6.3428,9.5009,-11.5675,Right,0,0,0,0,0.0000,200.000,0,0.000,0,127.500,71.914,4.500,0.0300,0.4000,170.00,shockwave,60,450;300;200;100;50,1.5,3,0.5,1,2,1,10,0,100,-10,5,250,40,5,250,60,1,8,11,0,0.06,4,0.556,50,8,5
56,1,60,FrameTimeStutter,5.000,shockwave,practice,2026-09-16T14:18:06.7270312-04:00,2,823,14.73514,16.0191,833.94,1438.20,0.000,0.000,-6.3428,9.5009,-11.5675,Right,0,0,0,0,0.0000,200.000,0,0.000,0,127.500,71.914,4.500,0.0300,0.4000,170.00,shockwave,60,450;300;200;100;50,1.5,3,0.5,1,2,1,10,0,100,-10,5,250,40,5,250,60,1,8,11,0,0.06,4,0.556,50,8,5
56,1,60,FrameTimeStutter,5.000,shockwave,practice,2026-09-16T14:18:06.7270312-04:00,2,824,14.75223,17.0891,833.94,1438.20,0.000,0.000,-6.3428,9.5009,-11.5675,Right,0,0,0,0,0.0000,200.000,0,0.000,0,127.500,71.914,4.500,0.0300,0.4000,170.00,shockwave,60,450;300;200;100;50,1.5,3,0.5,1,2,1,10,0,100,-10,5,250,40,5,250,60,1,8,11,0,0.06,4,0.556,50,8,5
56,1,60,FrameTimeStutter,5.000,shockwave,practice,2026-09-16T14:18:06.7270312-04:00,2,825,14.76899,16.7603,833.94,1438.20,0.000,0.000,-6.3428,9.5009,-11.5675,Right,0,0,0,0,0.0000,200.000,0,0.000,0,127.500,71.914,4.500,0.0300,0.4000,170.00,shockwave,60,450;300;200;100;50,1.5,3,0.5,1,2,1,10,0,100,-10,5,250,40,5,250,60,1,8,11,0,0.06,4,0.556,50,8,5
56,1,60,FrameTimeStutter,5.000,shockwave,practice,2026-09-16T14:18:06.7270312-04:00,2,826,14.78580,16.8076,833.94,1438.20,0.000,0.000,-6.3428,9.5009,-11.5675,Right,0,0,0,0,0.0000,200.000,0,0.000,0,127.500,71.914,4.500,0.0300,0.4000,170.00,shockwave,60,450;300;200;100;50,1.5,3,0.5,1,2,1,10,0,100,-10,5,250,40,5,250,60,1,8,11,0,0.06,4,0.556,50,8,5
56,1,60,FrameTimeStutter,5.000,shockwave,practice,2026-09-16T14:18:06.7270312-04:00,2,827,14.80234,16.5418,833.94,1438.20,0.000,0.000,-6.3428,9.5009,-11.5675,Right,0,0,0,0,0.0000,200.000,0,0.000,0,127.500,71.914,4.500,0.0300,0.4000,170.00,shockwave,60,450;300;200;100;50,1.5,3,0.5,1,2,1,10,0,100,-10,5,250,40,5,250,60,1,8,11,0,0.06,4,0.556,50,8,5
56,1,60,FrameTimeStutter,5.000,shockwave,practice,2026-09-16T14:18:06.7270312-04:00,2,828,14.81834,15.9971,833.94,1438.20,0.000,0.000,-6.3428,9.5009,-11.5675,Right,0,0,0,0,0.0000,200.000,0,0.000,0,127.500,71.914,4.500,0.0300,0.4000,170.00,shockwave,60,450;300;200;100;50,1.5,3,0.5,1,2,1,10,0,100,-10,5,250,40,5,250,60,1,8,11,0,0.06,4,0.556,50,8,5
56,1,60,FrameTimeStutter,5.000,shockwave,practice,2026-09-16T14:18:06.7270312-04:00,2,829,14.83519,16.8557,833.94,1438.20,0.000,0.000,-6.3428,9.5009,-11.5675,Right,0,0,0,0,0.0000,200.000,0,0.000,0,127.500,71.914,4.500,0.0300,0.4000,170.00,shockwave,60,450;300;200;100;50,1.5,3,0.5,1,2,1,10,0,100,-10,5,250,40,5,250,60,1,8,11,0,0.06,4,0.556,50,8,5
56,1,60,FrameTimeStutter,5.000,shockwave,practice,2026-09-16T14:18:06.7270312-04:00,2,830,14.85240,17.2044,833.94,1438.20,0.000,0.000,-6.3428,9.5009,-11.5675,Right,0,0,0,0,0.0000,200.000,0,0.000,0,127.500,71.914,4.500,0.0300,0.4000,170.00,shockwave,60,450;300;200;100;50,1.5,3,0.5,1,2,1,10,0,100,-10,5,250,40,5,250,60,1,8,11,0,0.06,4,0.556,50,8,5
56,1,60,FrameTimeStutter,5.000,shockwave,practice,2026-09-16T14:18:06.7270312-04:00,2,831,14.86824,15.8457,833.94,1438.20,0.000,0.000,-6.3428,9.5009,-11.5675,Right,0,0,0,0,0.0000,200.000,0,0.000,0,127.500,71.914,4.500,0.0300,0.4000,170.00,shockwave,60,450;300;200;100;50,1.5,3,0.5,1,2,1,10,0,100,-10,5,250,40,5,250,60,1,8,11,0,0.06,4,0.556,50,8,5
56,1,60,FrameTimeStutter,5.000,shockwave,practice,2026-09-16T14:18:06.7270312-04:00,2,832,14.88529,17.0447,833.94,1438.20,0.000,0.000,-6.3428,9.5009,-11.5675,Right,0,0,0,0,0.0000,200.000,0,0.000,0,127.500,71.914,4.500,0.0300,0.4000,170.00,shockwave,60,450;300;200;100;50,1.5,3,0.5,1,2,1,10,0,100,-10,5,250,40,5,250,60,1,8,11,0,0.06,4,0.556,50,8,5
56,1,60,FrameTimeStutter,5.000,shockwave,practice,2026-09-16T14:18:06.7270312-04:00,2,833,14.90231,17.0186,833.94,1438.20,0.000,0.000,-6.3428,9.5009,-11.5675,Right,0,0,0,0,0.0000,200.000,0,0.000,0,127.500,71.914,4.500,0.0300,0.4000,170.00,shockwave,60,450;300;200;100;50,1.5,3,0.5,1,2,1,10,0,100,-10,5,250,40,5,250,60,1,8,11,0,0.06,4,0.556,50,8,5
56,1,60,FrameTimeStutter,5.000,shockwave,practice,2026-09-16T14:18:06.7270312-04:00,2,834,14.91858,16.2747,833.94,1438.20,0.000,0.000,-6.3428,9.5009,-11.5675,Right,0,0,0,0,0.0000,200.000,0,0.000,0,127.500,71.914,4.500,0.0300,0.4000,170.00,shockwave,60,450;300;200;100;50,1.5,3,0.5,1,2,1,10,0,100,-10,5,250,40,5,250,60,1,8,11,0,0.06,4,0.556,50,8,5
56,1,60,FrameTimeStutter,5.000,shockwave,practice,2026-09-16T14:18:06.7270312-04:00,2,835,14.93525,16.6686,833.94,1438.20,0.000,0.000,-6.3428,9.5009,-11.5675,Right,0,0,0,0,0.0000,200.000,0,0.000,0,127.500,71.914,4.500,0.0300,0.4000,170.00,shockwave,60,450;300;200;100;50,1.5,3,0.5,1,2,1,10,0,100,-10,5,250,40,5,250,60,1,8,11,0,0.06,4,0.556,50,8,5
56,1,60,FrameTimeStutter,5.000,shockwave,practice,2026-09-16T14:18:06.7270312-04:00,2,836,14.95227,17.0224,833.94,1438.20,0.000,0.000,-6.3428,9.5009,-11.5675,Right,0,0,0,0,0.0000,200.000,0,0.000,0,127.500,71.914,4.500,0.0300,0.4000,170.00,shockwave,60,450;300;200;100;50,1.5,3,0.5,1,2,1,10,0,100,-10,5,250,40,5,250,60,1,8,11,0,0.06,4,0.556,50,8,5
56,1,60,FrameTimeStutter,5.000,shockwave,practice,2026-09-16T14:18:06.7270312-04:00,2,837,14.96860,16.3296,833.94,1438.20,0.000,0.000,-6.3428,9.5009,-11.5675,Right,0,0,0,0,0.0000,200.000,0,0.000,0,127.500,71.914,4.500,0.0300,0.4000,170.00,shockwave,60,450;300;200;100;50,1.5,3,0.5,1,2,1,10,0,100,-10,5,250,40,5,250,60,1,8,11,0,0.06,4,0.556,50,8,5
56,1,60,FrameTimeStutter,5.000,shockwave,practice,2026-09-16T14:18:06.7270312-04:00,2,838,14.98549,16.8841,833.94,1438.20,0.000,0.000,-6.3428,9.5009,-11.5675,Right,0,0,0,0,0.0000,200.000,0,0.000,0,127.500,71.914,4.500,0.0300,0.4000,170.00,shockwave,60,450;300;200;100;50,1.5,3,0.5,1,2,1,10,0,100,-10,5,250,40,5,250,60,1,8,11,0,0.06,4,0.556,50,8,5
56,1,60,FrameTimeStutter,5.000,shockwave,practice,2026-09-16T14:18:06.7270312-04:00,2,839,15.00198,16.4968,833.94,1438.20,0.000,0.000,-6.3428,9.5009,-11.5675,Right,0,0,0,0,0.0000,200.000,0,0.000,0,127.500,71.914,4.500,0.0300,0.4000,170.00,shockwave,60,450;300;200;100;50,1.5,3,0.5,1,2,1,10,0,100,-10,5,250,40,5,250,60,1,8,11,0,0.06,4,0.556,50,8,5
56,1,60,FrameTimeStutter,5.000,shockwave,practice,2026-09-16T14:18:06.7270312-04:00,2,840,15.01830,16.3205,833.94,1438.20,0.000,0.000,-6.3428,9.5009,-11.5675,Right,0,0,0,0,0.0000,200.000,0,0.000,0,127.500,71.914,4.500,0.0300,0.4000,170.00,shockwave,60,450;300;200;100;50,1.5,3,0.5,1,2,1,10,0,100,-10,5,250,40,5,250,60,1,8,11,0,0.06,4,0.556,50,8,5
56,1,60,FrameTimeStutter,5.000,shockwave,practice,2026-09-16T14:18:06.7270312-04:00,2,841,15.03502,16.7139,833.94,1438.20,0.000,0.000,-6.3428,9.5009,-11.5675,Right,0,0,0,0,0.0000,200.000,0,0.000,0,127.500,71.914,4.500,0.0300,0.4000,170.00,shockwave,60,450;300;200;100;50,1.5,3,0.5,1,2,1,10,0,100,-10,5,250,40,5,250,60,1,8,11,0,0.06,4,0.556,50,8,5
56,1,60,FrameTimeStutter,5.000,shockwave,practice,2026-09-16T14:18:06.7270312-04:00,2,842,15.05235,17.3350,833.94,1438.20,0.000,0.000,-6.3428,9.5009,-11.5675,Right,0,0,0,0,0.0000,200.000,0,0.000,0,127.500,71.914,4.500,0.0300,0.4000,170.00,shockwave,60,450;300;200;100;50,1.5,3,0.5,1,2,1,10,0,100,-10,5,250,40,5,250,60,1,8,11,0,0.06,4,0.556,50,8,5
56,1,60,FrameTimeStutter,5.000,shockwave,practice,2026-09-16T14:18:06.7270312-04:00,2,843,15.06840,16.0496,832.14,1438.20,-1.000,0.000,-6.3428,9.5009,-11.5675,Right,0,0,0,0,0.0000,200.000,0,0.000,0,127.500,71.914,4.500,0.0300,0.4000,170.00,shockwave,60,450;300;200;100;50,1.5,3,0.5,1,2,1,10,0,100,-10,5,250,40,5,250,60,1,8,11,0,0.06,4,0.556,50,8,5
56,1,60,FrameTimeStutter,5.000,shockwave,practice,2026-09-16T14:18:06.7270312-04:00,2,844,15.08511,16.7055,823.13,1436.40,-5.000,-1.000,-6.3428,9.5009,-11.5675,Right,0,0,0,0,0.0000,200.000,0,0.000,0,127.500,71.914,4.500,0.0300,0.4000,170.00,shockwave,60,450;300;200;100;50,1.5,3,0.5,1,2,1,10,0,100,-10,5,250,40,5,250,60,1,8,11,0,0.06,4,0.556,50,8,5
56,1,60,FrameTimeStutter,5.000,shockwave,practice,2026-09-16T14:18:06.7270312-04:00,2,845,15.10180,16.6918,817.72,1434.59,-3.000,-1.000,-6.3428,9.5009,-11.5675,Right,0,0,0,0,0.0000,200.000,0,0.000,0,127.500,71.914,4.500,0.0300,0.4000,170.00,shockwave,60,450;300;200;100;50,1.5,3,0.5,1,2,1,10,0,100,-10,5,250,40,5,250,60,1,8,11,0,0.06,4,0.556,50,8,5
56,1,60,FrameTimeStutter,5.000,shockwave,practice,2026-09-16T14:18:06.7270312-04:00,2,846,15.11898,17.1830,817.72,1434.59,0.000,0.000,-6.3428,9.5009,-11.5675,Right,0,0,0,0,0.0000,200.000,0,0.000,0,127.500,71.914,4.500,0.0300,0.4000,170.00,shockwave,60,450;300;200;100;50,1.5,3,0.5,1,2,1,10,0,100,-10,5,250,40,5,250,60,1,8,11,0,0.06,4,0.556,50,8,5
56,1,60,FrameTimeStutter,5.000,shockwave,practice,2026-09-16T14:18:06.7270312-04:00,2,847,15.13523,16.2519,817.72,1434.59,0.000,0.000,-6.3428,9.5009,-11.5675,Right,0,0,0,0,0.0000,200.000,0,0.000,0,127.500,71.914,4.500,0.0300,0.4000,170.00,shockwave,60,450;300;200;100;50,1.5,3,0.5,1,2,1,10,0,100,-10,5,250,40,5,250,60,1,8,11,0,0.06,4,0.556,50,8,5
56,1,60,FrameTimeStutter,5.000,shockwave,practice,2026-09-16T14:18:06.7270312-04:00,2,848,15.15162,16.3842,819.52,1434.59,1.000,0.000,-6.3245,9.5009,-11.5675,Right,0,0,0,0,0.0000,200.000,0,0.000,0,127.500,71.914,4.500,0.0300,0.4000,170.00,shockwave,60,450;300;200;100;50,1.5,3,0.5,1,2,1,10,0,100,-10,5,250,40,5,250,60,1,8,11,0,0.06,4,0.556,50,8,5
56,1,60,FrameTimeStutter,5.000,shockwave,practice,2026-09-16T14:18:06.7270312-04:00,2,849,15.16904,17.4250,850.16,1432.79,17.000,-1.000,-6.0137,9.4826,-11.5675,Right,0,0,0,0,0.0000,200.000,0,0.000,0,127.500,71.914,4.500,0.0300,0.4000,170.00,shockwave,60,450;300;200;100;50,1.5,3,0.5,1,2,1,10,0,100,-10,5,250,40,5,250,60,1,8,11,0,0.06,4,0.556,50,8,5
56,1,60,FrameTimeStutter,5.000,shockwave,practice,2026-09-16T14:18:06.7270312-04:00,2,850,15.18543,16.3868,913.24,1429.19,35.000,-2.000,-5.3737,9.4461,-11.5675,Right,0,0,0,0,0.0000,200.000,0,0.000,0,127.500,71.914,4.500,0.0300,0.4000,170.00,shockwave,60,450;300;200;100;50,1.5,3,0.5,1,2,1,10,0,100,-10,5,250,40,5,250,60,1,8,11,0,0.06,4,0.556,50,8,5
56,1,60,FrameTimeStutter,5.000,shockwave,practice,2026-09-16T14:18:06.7270312-04:00,2,851,15.20203,16.6000,1012.37,1421.98,55.000,-4.000,-4.3680,9.3729,-11.5675,Right,0,0,0,0,0.0000,200.000,0,0.000,0,127.500,71.914,4.500,0.0300,0.4000,170.00,shockwave,60,450;300;200;100;50,1.5,3,0.5,1,2,1,10,0,100,-10,5,250,40,5,250,60,1,8,11,0,0.06,4,0.556,50,8,5
56,1,60,FrameTimeStutter,5.000,shockwave,practice,2026-09-16T14:18:06.7270312-04:00,2,852,15.21873,16.7037,1169.16,1407.56,87.000,-8.000,-2.7772,9.2266,-11.5675,Right,0,0,0,0,0.0000,200.000,0,0.000,0,127.500,71.914,4.500,0.0300,0.4000,170.00,shockwave,60,450;300;200;100;50,1.5,3,0.5,1,2,1,10,0,100,-10,5,250,40,5,250,60,1,8,11,0,0.06,4,0.556,50,8,5
56,1,60,FrameTimeStutter,5.000,shockwave,practice,2026-09-16T14:18:06.7270312-04:00,2,853,15.23565,16.9225,1376.42,1387.74,115.000,-11.000,-0.6744,9.0255,-11.5675,Right,0,0,0,0,0.0000,200.000,0,0.000,0,127.500,71.914,4.500,0.0300,0.4000,170.00,shockwave,60,450;300;200;100;50,1.5,3,0.5,1,2,1,10,0,100,-10,5,250,40,5,250,60,1,8,11,0,0.06,4,0.556,50,8,5
56,1,60,FrameTimeStutter,5.000,shockwave,practice,2026-09-16T14:18:06.7270312-04:00,2,854,15.25173,16.0714,1628.74,1366.11,140.000,-12.000,1.8856,8.8061,-11.5675,Right,0,0,0,0,0.0000,200.000,0,0.000,0,127.500,71.914,4.500,0.0300,0.4000,170.00,shockwave,60,450;300;200;100;50,1.5,3,0.5,1,2,1,10,0,100,-10,5,250,40,5,250,60,1,8,11,0,0.06,4,0.556,50,8,5
56,1,60,FrameTimeStutter,5.000,shockwave,practice,2026-09-16T14:18:06.7270312-04:00,2,855,15.26846,16.7304,1895.47,1348.09,148.000,-10.000,4.5918,8.6232,-11.5675,Right,0,0,0,0,0.0000,200.000,0,0.000,0,127.500,71.914,4.500,0.0300,0.4000,170.00,shockwave,60,450;300;200;100;50,1.5,3,0.5,1,2,1,10,0,100,-10,5,250,40,5,250,60,1,8,11,0,0.06,4,0.556,50,8,5
56,1,60,FrameTimeStutter,5.000,shockwave,practice,2026-09-16T14:18:06.7270312-04:00,2,856,15.28534,16.8800,2144.18,1340.88,138.000,-4.000,7.1152,8.5501,-11.5675,Right,0,0,0,0,0.0000,200.000,0,0.000,0,127.500,71.914,4.500,0.0300,0.4000,170.00,shockwave,60,450;300;200;100;50,1.5,3,0.5,1,2,1,10,0,100,-10,5,250,40,5,250,60,1,8,11,0,0.06,4,0.556,50,8,5
56,1,60,FrameTimeStutter,5.000,shockwave,practice,2026-09-16T14:18:06.7270312-04:00,2,857,15.30193,16.5940,2351.44,1342.68,115.000,1.000,9.2180,8.5683,-11.5675,Right,0,0,0,0,0.0000,200.000,0,0.000,0,127.500,71.914,4.500,0.0300,0.4000,170.00,shockwave,60,450;300;200;100;50,1.5,3,0.5,1,2,1,10,0,100,-10,5,250,40,5,250,60,1,8,11,0,0.06,4,0.556,50,8,5
56,1,60,FrameTimeStutter,5.000,shockwave,practice,2026-09-16T14:18:06.7270312-04:00,2,858,15.31858,16.6462,2517.25,1348.09,92.000,3.000,10.9002,8.6232,-11.5675,Right,0,0,0,0,0.0000,200.000,0,0.000,0,127.500,71.914,4.500,0.0300,0.4000,170.00,shockwave,60,450;300;200;100;50,1.5,3,0.5,1,2,1,10,0,100,-10,5,250,40,5,250,60,1,8,11,0,0.06,4,0.556,50,8,5
56,1,60,FrameTimeStutter,5.000,shockwave,practice,2026-09-16T14:18:06.7270312-04:00,2,859,15.33547,16.8894,2558.70,1351.69,72.000,2.000,12.2168,8.6598,-11.5675,Right,0,0,0,0,0.0000,200.000,0,0.000,0,127.500,71.914,4.500,0.0300,0.4000,170.00,shockwave,60,450;300;200;100;50,1.5,3,0.5,1,2,1,10,0,100,-10,5,250,40,5,250,60,1,8,11,0,0.06,4,0.556,50,8,5
56,1,60,FrameTimeStutter,5.000,shockwave,practice,2026-09-16T14:18:06.7270312-04:00,2,860,15.35234,16.8744,2558.70,1355.29,72.000,2.000,13.5333,8.6963,-11.5675,Right,0,0,0,0,0.0000,200.000,0,0.000,0,127.500,71.914,4.500,0.0300,0.4000,170.00,shockwave,60,450;300;200;100;50,1.5,3,0.5,1,2,1,10,0,100,-10,5,250,40,5,250,60,1,8,11,0,0.06,4,0.556,50,8,5
56,1,60,FrameTimeStutter,5.000,shockwave,practice,2026-09-16T14:18:06.7270312-04:00,2,861,15.36922,16.8763,2558.70,1358.90,30.000,2.000,14.0819,8.7329,-11.5675,Right,0,0,0,0,0.0000,200.000,0,0.000,0,127.500,71.914,4.500,0.0300,0.4000,170.00,shockwave,60,450;300;200;100;50,1.5,3,0.5,1,2,1,10,0,100,-10,5,250,40,5,250,60,1,8,11,0,0.06,4,0.556,50,8,5
56,1,60,FrameTimeStutter,5.000,shockwave,practice,2026-09-16T14:18:06.7270312-04:00,2,862,15.38576,16.5422,2558.70,1362.50,12.000,2.000,14.3013,8.7694,-11.5675,Right,0,0,0,0,0.0000,200.000,0,0.000,0,127.500,71.914,4.500,0.0300,0.4000,170.00,shockwave,60,450;300;200;100;50,1.5,3,0.5,1,2,1,10,0,100,-10,5,250,40,5,250,60,1,8,11,0,0.06,4,0.556,50,8,5
56,1,60,FrameTimeStutter,5.000,shockwave,practice,2026-09-16T14:18:06.7270312-04:00,2,863,15.40217,16.4103,2558.70,1362.50,0.000,0.000,14.3013,8.7694,-11.5675,Right,0,0,0,0,0.0000,200.000,0,0.000,0,127.500,71.914,4.500,0.0300,0.4000,170.00,shockwave,60,450;300;200;100;50,1.5,3,0.5,1,2,1,10,0,100,-10,5,250,40,5,250,60,1,8,11,0,0.06,4,0.556,50,8,5
56,1,60,FrameTimeStutter,5.000,shockwave,practice,2026-09-16T14:18:06.7270312-04:00,2,864,15.41886,16.6908,2558.70,1362.50,0.000,0.000,14.3013,8.7694,-11.5675,Right,0,0,0,0,0.0000,200.000,0,0.000,0,127.500,71.914,4.500,0.0300,0.4000,170.00,shockwave,60,450;300;200;100;50,1.5,3,0.5,1,2,1,10,0,100,-10,5,250,40,5,250,60,1,8,11,0,0.06,4,0.556,50,8,5
56,1,60,FrameTimeStutter,5.000,shockwave,practice,2026-09-16T14:18:06.7270312-04:00,2,865,15.43505,16.1878,2555.09,1362.50,-2.000,0.000,14.2647,8.7694,-11.5675,Right,0,0,0,0,0.0000,200.000,0,0.000,0,127.500,71.914,4.500,0.0300,0.4000,170.00,shockwave,60,450;300;200;100;50,1.5,3,0.5,1,2,1,10,0,100,-10,5,250,40,5,250,60,1,8,11,0,0.06,4,0.556,50,8,5
56,1,60,FrameTimeStutter,5.000,shockwave,practice,2026-09-16T14:18:06.7270312-04:00,2,866,15.45210,17.0478,2520.85,1364.31,-19.000,1.000,13.9173,8.7877,-11.5675,Right,0,0,0,0,0.0000,200.000,0,0.000,0,127.500,71.914,4.500,0.0300,0.4000,170.00,shockwave,60,450;300;200;100;50,1.5,3,0.5,1,2,1,10,0,100,-10,5,250,40,5,250,60,1,8,11,0,0.06,4,0.556,50,8,5
56,1,60,FrameTimeStutter,5.000,shockwave,practice,2026-09-16T14:18:06.7270312-04:00,2,867,15.46900,16.9069,2412.72,1366.11,-60.000,1.000,12.8202,8.8060,-11.5675,Right,0,0,0,0,0.0000,200.000,0,0.000,0,127.500,71.914,4.500,0.0300,0.4000,170.00,shockwave,60,450;300;200;100;50,1.5,3,0.5,1,2,1,10,0,100,-10,5,250,40,5,250,60,1,8,11,0,0.06,4,0.556,50,8,5
56,1,60,FrameTimeStutter,5.000,shockwave,practice,2026-09-16T14:18:06.7270312-04:00,2,868,15.48507,16.0635,2223.48,1367.91,-105.000,1.000,10.9002,8.8243,-11.5675,Right,0,0,0,0,0.0000,200.000,0,0.000,0,127.500,71.914,4.500,0.0300,0.4000,170.00,shockwave,60,450;300;200;100;50,1.5,3,0.5,1,2,1,10,0,100,-10,5,250,40,5,250,60,1,8,11,0,0.06,4,0.556,50,8,5
56,1,60,FrameTimeStutter,5.000,shockwave,practice,2026-09-16T14:18:06.7270312-04:00,2,869,15.50223,17.1587,1938.72,1371.51,-158.000,2.000,8.0112,8.8609,-11.5675,Right,0,0,0,0,0.0000,200.000,0,0.000,0,127.500,71.914,4.500,0.0300,0.4000,170.00,shockwave,60,450;300;200;100;50,1.5,3,0.5,1,2,1,10,0,100,-10,5,250,40,5,250,60,1,8,11,0,0.06,4,0.556,50,8,5
56,1,60,FrameTimeStutter,5.000,shockwave,practice,2026-09-16T14:18:06.7270312-04:00,2,870,15.51838,16.1565,1598.10,1376.92,-189.000,3.000,4.5553,8.9157,-11.5675,Right,0,0,0,0,0.0000,200.000,0,0.000,0,127.500,71.914,4.500,0.0300,0.4000,170.00,shockwave,60,450;300;200;100;50,1.5,3,0.5,1,2,1,10,0,100,-10,5,250,40,5,250,60,1,8,11,0,0.06,4,0.556,50,8,5
56,1,60,FrameTimeStutter,5.000,shockwave,practice,2026-09-16T14:18:06.7270312-04:00,2,871,15.53528,16.8958,1248.46,1385.93,-194.000,5.000,1.0079,9.0071,-11.5675,Right,0,0,0,0,0.0000,200.000,0,0.000,0,127.500,71.914,4.500,0.0300,0.4000,170.00,shockwave,60,450;300;200;100;50,1.5,3,0.5,1,2,1,10,0,100,-10,5,250,40,5,250,60,1,8,11,0,0.06,4,0.556,50,8,5
56,1,60,FrameTimeStutter,5.000,shockwave,practice,2026-09-16T14:18:06.7270312-04:00,2,872,15.55181,16.5308,893.42,1394.94,-286.000,7.000,-4.2216,9.1351,-11.5675,Right,0,0,0,0,0.0000,200.000,0,0.000,0,127.500,71.914,4.500,0.0300,0.4000,170.00,shockwave,60,450;300;200;100;50,1.5,3,0.5,1,2,1,10,0,100,-10,5,250,40,5,250,60,1,8,11,0,0.06,4,0.556,50,8,5
56,1,60,FrameTimeStutter,5.000,shockwave,practice,2026-09-16T14:18:06.7270312-04:00,2,873,15.56900,17.1953,421.23,1405.76,-173.000,4.000,-7.3850,9.2083,-11.5675,Right,0,0,0,0,0.0000,200.000,0,0.000,0,127.500,71.914,4.500,0.0300,0.4000,170.00,shockwave,60,450;300;200;100;50,1.5,3,0.5,1,2,1,10,0,100,-10,5,250,40,5,250,60,1,8,11,0,0.06,4,0.556,50,8,5
56,1,60,FrameTimeStutter,5.000,shockwave,practice,2026-09-16T14:18:06.7270312-04:00,2,874,15.58559,16.5874,154.49,1412.97,-148.000,4.000,-10.0912,9.2814,-11.5675,Right,0,0,0,0,0.0000,200.000,0,0.000,0,127.500,71.914,4.500,0.0300,0.4000,170.00,shockwave,60,450;300;200;100;50,1.5,3,0.5,1,2,1,10,0,100,-10,5,250,40,5,250,60,1,8,11,0,0.06,4,0.556,50,8,5
56,1,60,FrameTimeStutter,5.000,shockwave,practice,2026-09-16T14:18:06.7270312-04:00,2,875,15.60195,16.3608,-0.50,1421.98,-145.000,5.000,-12.7426,9.3728,-11.5675,Right,0,0,0,0,0.0000,200.000,0,0.000,0,127.500,71.914,4.500,0.0300,0.4000,170.00,shockwave,60,450;300;200;100;50,1.5,3,0.5,1,2,1,10,0,100,-10,5,250,40,5,250,60,1,8,11,0,0.06,4,0.556,50,8,5
56,1,60,FrameTimeStutter,5.000,shockwave,practice,2026-09-16T14:18:06.7270312-04:00,2,876,15.61903,17.0745,-0.50,1429.19,-103.000,4.000,-14.6259,9.4460,-11.5675,Left,0,0,0,0,0.0000,200.000,0,0.000,0,127.500,71.914,4.500,0.0300,0.4000,170.00,shockwave,60,450;300;200;100;50,1.5,3,0.5,1,2,1,10,0,100,-10,5,250,40,5,250,60,1,8,11,0,0.06,4,0.556,50,8,5
56,1,60,FrameTimeStutter,5.000,shockwave,practice,2026-09-16T14:18:06.7270312-04:00,2,877,15.63498,15.9565,-0.50,1432.79,-67.000,2.000,-15.8510,9.4825,-11.5675,Left,0,0,0,0,0.0000,200.000,0,0.000,0,127.500,71.914,4.500,0.0300,0.4000,170.00,shockwave,60,450;300;200;100;50,1.5,3,0.5,1,2,1,10,0,100,-10,5,250,40,5,250,60,1,8,11,0,0.06,4,0.556,50,8,5
56,1,60,FrameTimeStutter,5.000,shockwave,practice,2026-09-16T14:18:06.7270312-04:00,2,878,15.65218,17.1927,-0.50,1432.79,-24.000,0.000,-16.2899,9.4825,-11.5675,Left,0,0,0,0,0.0000,200.000,0,0.000,0,127.500,71.914,4.500,0.0300,0.4000,170.00,shockwave,60,450;300;200;100;50,1.5,3,0.5,1,2,1,10,0,100,-10,5,250,40,5,250,60,1,8,11,0,0.06,4,0.556,50,8,5
56,1,60,FrameTimeStutter,5.000,shockwave,practice,2026-09-16T14:18:06.7270312-04:00,2,879,15.66909,16.9176,-0.50,1432.79,-1.000,0.000,-16.3082,9.4825,-11.5675,Left,0,0,0,0,0.0000,200.000,0,0.000,0,127.500,71.914,4.500,0.0300,0.4000,170.00,shockwave,60,450;300;200;100;50,1.5,3,0.5,1,2,1,10,0,100,-10,5,250,40,5,250,60,1,8,11,0,0.06,4,0.556,50,8,5
56,1,60,FrameTimeStutter,5.000,shockwave,practice,2026-09-16T14:18:06.7270312-04:00,2,880,15.68495,15.8523,1.30,1432.79,1.000,0.000,-16.2899,9.4825,-11.5675,Left,0,0,0,0,0.0000,200.000,0,0.000,0,127.500,71.914,4.500,0.0300,0.4000,170.00,shockwave,60,450;300;200;100;50,1.5,3,0.5,1,2,1,10,0,100,-10,5,250,40,5,250,60,1,8,11,0,0.06,4,0.556,50,8,5
56,1,60,FrameTimeStutter,5.000,shockwave,practice,2026-09-16T14:18:06.7270312-04:00,2,881,15.70243,17.4853,26.53,1430.99,14.000,-1.000,-16.0339,9.4642,-11.5675,Left,0,0,0,0,0.0000,200.000,0,0.000,0,127.500,71.914,4.500,0.0300,0.4000,170.00,shockwave,60,450;300;200;100;50,1.5,3,0.5,1,2,1,10,0,100,-10,5,250,40,5,250,60,1,8,11,0,0.06,4,0.556,50,8,5
56,1,60,FrameTimeStutter,5.000,shockwave,practice,2026-09-16T14:18:06.7270312-04:00,2,882,15.71915,16.7183,96.82,1423.78,39.000,-4.000,-15.3207,9.3911,-11.5675,Left,0,0,0,0,0.0000,200.000,0,0.000,0,127.500,71.914,4.500,0.0300,0.4000,170.00,shockwave,60,450;300;200;100;50,1.5,3,0.5,1,2,1,10,0,100,-10,5,250,40,5,250,60,1,8,11,0,0.06,4,0.556,50,8,5
56,1,60,FrameTimeStutter,5.000,shockwave,practice,2026-09-16T14:18:06.7270312-04:00,2,883,15.73503,15.8857,233.79,1409.36,76.000,-8.000,-13.9311,9.2448,-11.5675,Left,0,0,0,0,0.0000,200.000,0,0.000,0,127.500,71.914,4.500,0.0300,0.4000,170.00,shockwave,60,450;300;200;100;50,1.5,3,0.5,1,2,1,10,0,100,-10,5,250,40,5,250,60,1,8,11,0,0.06,4,0.556,50,8,5
56,1,60,FrameTimeStutter,5.000,shockwave,practice,2026-09-16T14:18:06.7270312-04:00,2,884,15.75181,16.7721,451.86,1393.14,192.000,-12.000,-10.4203,9.0254,-11.5675,Left,0,0,0,0,0.0000,200.000,0,0.000,0,127.500,71.914,4.500,0.0300,0.4000,170.00,shockwave,60,450;300;200;100;50,1.5,3,0.5,1,2,1,10,0,100,-10,5,250,40,5,250,60,1,8,11,0,0.06,4,0.556,50,8,5
56,1,60,FrameTimeStutter,5.000,shockwave,practice,2026-09-16T14:18:06.7270312-04:00,2,885,15.76910,17.2918,909.64,1382.33,183.000,-3.000,-7.0741,8.9705,-11.5675,Right,0,0,0,0,0.0000,200.000,0,0.000,0,127.500,71.914,4.500,0.0300,0.4000,170.00,shockwave,60,450;300;200;100;50,1.5,3,0.5,1,2,1,10,0,100,-10,5,250,40,5,250,60,1,8,11,0,0.06,4,0.556,50,8,5
56,1,60,FrameTimeStutter,5.000,shockwave,practice,2026-09-16T14:18:06.7270312-04:00,2,886,15.78548,16.3833,1266.48,1380.53,198.000,-1.000,-3.4536,8.9522,-11.5675,Right,0,0,0,0,0.0000,200.000,0,0.000,0,127.500,71.914,4.500,0.0300,0.4000,170.00,shockwave,60,450;300;200;100;50,1.5,3,0.5,1,2,1,10,0,100,-10,5,250,40,5,250,60,1,8,11,0,0.06,4,0.556,50,8,5
56,1,60,FrameTimeStutter,5.000,shockwave,practice,2026-09-16T14:18:06.7270312-04:00,2,887,15.80192,16.4405,1619.73,1382.33,196.000,1.000,0.1303,8.9705,-11.5675,Right,0,0,0,0,0.0000,200.000,0,0.000,0,127.500,71.914,4.500,0.0300,0.4000,170.00,shockwave,60,450;300;200;100;50,1.5,3,0.5,1,2,1,10,0,100,-10,5,250,40,5,250,60,1,8,11,0,0.06,4,0.556,50,8,5
56,1,60,FrameTimeStutter,5.000,shockwave,practice,2026-09-16T14:18:06.7270312-04:00,2,888,15.81910,17.1755,1960.35,1389.54,189.000,4.000,3.5862,9.0437,-11.5675,Right,0,0,0,0,0.0000,200.000,0,0.000,0,127.500,71.914,4.500,0.0300,0.4000,170.00,shockwave,60,450;300;200;100;50,1.5,3,0.5,1,2,1,10,0,100,-10,5,250,40,5,250,60,1,8,11,0,0.06,4,0.556,50,8,5
56,1,60,FrameTimeStutter,5.000,shockwave,practice,2026-09-16T14:18:06.7270312-04:00,2,889,15.83572,16.6174,2257.72,1402.15,165.000,7.000,6.6033,9.1717,-11.5675,Right,0,0,0,0,0.0000,200.000,0,0.000,0,127.500,71.914,4.500,0.0300,0.4000,170.00,shockwave,60,450;300;200;100;50,1.5,3,0.5,1,2,1,10,0,100,-10,5,250,40,5,250,60,1,8,11,0,0.06,4,0.556,50,8,5
56,1,60,FrameTimeStutter,5.000,shockwave,practice,2026-09-16T14:18:06.7270312-04:00,2,890,15.85184,16.1201,2508.24,1407.56,139.000,3.000,9.1450,9.2265,-11.5675,Right,0,0,0,0,0.0000,200.000,0,0.000,0,127.500,71.914,4.500,0.0300,0.4000,170.00,shockwave,60,450;300;200;100;50,1.5,3,0.5,1,2,1,10,0,100,-10,5,250,40,5,250,60,1,8,11,0,0.06,4,0.556,50,8,5
56,1,60,FrameTimeStutter,5.000,shockwave,practice,2026-09-16T14:18:06.7270312-04:00,2,891,15.86861,16.7737,2558.70,1411.16,115.000,2.000,11.2478,9.2631,-11.5675,Right,0,0,0,0,0.0000,200.000,0,0.000,0,127.500,71.914,4.500,0.0300,0.4000,170.00,shockwave,60,450;300;200;100;50,1.5,3,0.5,1,2,1,10,0,100,-10,5,250,40,5,250,60,1,8,11,0,0.06,4,0.556,50,8,5
56,1,60,FrameTimeStutter,5.000,shockwave,practice,2026-09-16T14:18:06.7270312-04:00,2,892,15.88538,16.7749,2558.70,1412.97,82.000,1.000,12.7472,9.2814,-11.5675,Right,0,0,0,0,0.0000,200.000,0,0.000,0,127.500,71.914,4.500,0.0300,0.4000,170.00,shockwave,60,450;300;200;100;50,1.5,3,0.5,1,2,1,10,0,100,-10,5,250,40,5,250,60,1,8,11,0,0.06,4,0.556,50,8,5
56,1,60,FrameTimeStutter,5.000,shockwave,practice,2026-09-16T14:18:06.7270312-04:00,2,893,15.90211,16.7245,2558.70,1414.77,42.000,1.000,13.5151,9.2996,-11.5675,Right,0,0,0,0,0.0000,200.000,0,0.000,0,127.500,71.914,4.500,0.0300,0.4000,170.00,shockwave,60,450;300;200;100;50,1.5,3,0.5,1,2,1,10,0,100,-10,5,250,40,5,250,60,1,8,11,0,0.06,4,0.556,50,8,5
56,1,60,FrameTimeStutter,5.000,shockwave,practice,2026-09-16T14:18:06.7270312-04:00,2,894,15.91895,16.8369,2558.70,1414.77,7.000,0.000,13.6431,9.2996,-11.5675,Right,0,0,0,0,0.0000,200.000,0,0.000,0,127.500,71.914,4.500,0.0300,0.4000,170.00,shockwave,60,450;300;200;100;50,1.5,3,0.5,1,2,1,10,0,100,-10,5,250,40,5,250,60,1,8,11,0,0.06,4,0.556,50,8,5
56,1,60,FrameTimeStutter,5.000,shockwave,practice,2026-09-16T14:18:06.7270312-04:00,2,895,15.93573,16.7850,2551.49,1414.77,-4.000,0.000,13.5700,9.2996,-11.5675,Right,0,0,0,0,0.0000,200.000,0,0.000,0,127.500,71.914,4.500,0.0300,0.4000,170.00,shockwave,60,450;300;200;100;50,1.5,3,0.5,1,2,1,10,0,100,-10,5,250,40,5,250,60,1,8,11,0,0.06,4,0.556,50,8,5
56,1,60,FrameTimeStutter,5.000,shockwave,practice,2026-09-16T14:18:06.7270312-04:00,2,896,15.95289,17.1600,2461.38,1414.77,-50.000,0.000,12.6557,9.2996,-11.5675,Right,0,0,0,0,0.0000,200.000,0,0.000,0,127.500,71.914,4.500,0.0300,0.4000,170.00,shockwave,60,450;300;200;100;50,1.5,3,0.5,1,2,1,10,0,100,-10,5,250,40,5,250,60,1,8,11,0,0.06,4,0.556,50,8,5
56,1,60,FrameTimeStutter,5.000,shockwave,practice,2026-09-16T14:18:06.7270312-04:00,2,897,15.96943,16.5429,2324.41,1414.77,-76.000,0.000,11.2661,9.2996,-11.5675,Right,0,0,0,0,0.0000,200.000,0,0.000,0,127.500,71.914,4.500,0.0300,0.4000,170.00,shockwave,60,450;300;200;100;50,1.5,3,0.5,1,2,1,10,0,100,-10,5,250,40,5,250,60,1,8,11,0,0.06,4,0.556,50,8,5
56,1,60,FrameTimeStutter,5.000,shockwave,practice,2026-09-16T14:18:06.7270312-04:00,2,898,15.98495,15.5193,2117.15,1414.77,-115.000,0.000,9.1633,9.2996,-11.5675,Right,0,0,0,0,0.0000,200.000,0,0.000,0,127.500,71.914,4.500,0.0300,0.4000,170.00,shockwave,60,450;300;200;100;50,1.5,3,0.5,1,2,1,10,0,100,-10,5,250,40,5,250,60,1,8,11,0,0.06,4,0.556,50,8,5
56,1,60,FrameTimeStutter,5.000,shockwave,practice,2026-09-16T14:18:06.7270312-04:00,2,899,16.00213,17.1759,1850.41,1409.36,-148.000,-3.000,6.4571,9.2448,-11.5675,Right,0,0,0,0,0.0000,200.000,0,0.000,0,127.500,71.914,4.500,0.0300,0.4000,170.00,shockwave,60,450;300;200;100;50,1.5,3,0.5,1,2,1,10,0,100,-10,5,250,40,5,250,60,1,8,11,0,0.06,4,0.556,50,8,5
56,1,60,FrameTimeStutter,5.000,shockwave,practice,2026-09-16T14:18:06.7270312-04:00,2,900,16.01894,16.8145,1553.04,1405.76,-165.000,-2.000,3.4400,9.2082,-11.5675,Right,0,0,0,0,0.0000,200.000,0,0.000,0,127.500,71.914,4.500,0.0300,0.4000,170.00,shockwave,60,450;300;200;100;50,1.5,3,0.5,1,2,1,10,0,100,-10,5,250,40,5,250,60,1,8,11,0,0.06,4,0.556,50,8,5
56,1,60,FrameTimeStutter,5.000,shockwave,practice,2026-09-16T14:18:06.7270312-04:00,2,901,16.03565,16.7038,1226.83,1394.94,-181.000,-6.000,0.1304,9.0985,-11.5675,Right,0,0,0,0,0.0000,200.000,0,0.000,0,127.500,71.914,4.500,0.0300,0.4000,170.00,shockwave,60,450;300;200;100;50,1.5,3,0.5,1,2,1,10,0,100,-10,5,250,40,5,250,60,1,8,11,0,0.06,4,0.556,50,8,5
56,1,60,FrameTimeStutter,5.000,shockwave,practice,2026-09-16T14:18:06.7270312-04:00,2,902,16.05226,16.6160,860.98,1384.13,-203.000,-6.000,-3.5815,8.9888,-11.5675,Right,0,0,0,0,0.0000,200.000,0,0.000,0,127.500,71.914,4.500,0.0300,0.4000,170.00,shockwave,60,450;300;200;100;50,1.5,3,0.5,1,2,1,10,0,100,-10,5,250,40,5,250,60,1,8,11,0,0.06,4,0.556,50,8,5
56,1,60,FrameTimeStutter,5.000,shockwave,practice,2026-09-16T14:18:06.7270312-04:00,2,903,16.06876,16.4932,482.50,1375.12,-210.000,-5.000,-7.4214,8.8974,-11.5675,Right,0,0,0,0,0.0000,200.000,0,0.000,0,127.500,71.914,4.500,0.0300,0.4000,170.00,shockwave,60,450;300;200;100;50,1.5,3,0.5,1,2,1,10,0,100,-10,5,250,40,5,250,60,1,8,11,0,0.06,4,0.556,50,8,5
56,1,60,FrameTimeStutter,5.000,shockwave,practice,2026-09-16T14:18:06.7270312-04:00,2,904,16.08549,16.7348,145.48,1371.51,-187.000,-2.000,-10.8408,8.8608,-11.5675,Right,0,0,0,0,0.0000,200.000,0,0.000,0,127.500,71.914,4.500,0.0300,0.4000,170.00,shockwave,60,450;300;200;100;50,1.5,3,0.5,1,2,1,10,0,100,-10,5,250,40,5,250,60,1,8,11,0,0.06,4,0.556,50,8,5
56,1,60,FrameTimeStutter,5.000,shockwave,practice,2026-09-16T14:18:06.7270312-04:00,2,905,16.10225,16.7596,-0.50,1373.32,-179.000,1.000,-14.1138,8.8791,-11.5675,Right,0,0,0,0,0.0000,200.000,0,0.000,0,127.500,71.914,4.500,0.0300,0.4000,170.00,shockwave,60,450;300;200;100;50,1.5,3,0.5,1,2,1,10,0,100,-10,5,250,40,5,250,60,1,8,11,0,0.06,4,0.556,50,8,5
56,1,60,FrameTimeStutter,5.000,shockwave,practice,2026-09-16T14:18:06.7270312-04:00,2,906,16.11889,16.6365,-0.50,1376.92,-128.000,2.000,-16.4543,8.9156,-11.5675,Left,0,0,0,0,0.0000,200.000,0,0.000,0,127.500,71.914,4.500,0.0300,0.4000,170.00,shockwave,60,450;300;200;100;50,1.5,3,0.5,1,2,1,10,0,100,-10,5,250,40,5,250,60,1,8,11,0,0.06,4,0.556,50,8,5
56,1,60,FrameTimeStutter,5.000,shockwave,practice,2026-09-16T14:18:06.7270312-04:00,2,907,16.13541,16.5189,-0.50,1378.72,-85.000,1.000,-18.0086,8.9339,-11.5675,Left,0,0,0,0,0.0000,200.000,0,0.000,0,127.500,71.914,4.500,0.0300,0.4000,170.00,shockwave,60,450;300;200;100;50,1.5,3,0.5,1,2,1,10,0,100,-10,5,250,40,5,250,60,1,8,11,0,0.06,4,0.556,50,8,5
56,1,60,FrameTimeStutter,5.000,shockwave,practice,2026-09-16T14:18:06.7270312-04:00,2,908,16.15178,16.3768,-0.50,1378.72,-45.000,0.000,-18.8314,8.9339,-11.5675,Left,0,0,0,0,0.0000,200.000,0,0.000,0,127.500,71.914,4.500,0.0300,0.4000,170.00,shockwave,60,450;300;200;100;50,1.5,3,0.5,1,2,1,10,0,100,-10,5,250,40,5,250,60,1,8,11,0,0.06,4,0.556,50,8,5
56,1,60,FrameTimeStutter,5.000,shockwave,practice,2026-09-16T14:18:06.7270312-04:00,2,909,16.16852,16.7379,-0.50,1378.72,0.000,0.000,-18.8314,8.9339,-11.5675,Left,0,0,0,0,0.0000,200.000,0,0.000,0,127.500,71.914,4.500,0.0300,0.4000,170.00,shockwave,60,450;300;200;100;50,1.5,3,0.5,1,2,1,10,0,100,-10,5,250,40,5,250,60,1,8,11,0,0.06,4,0.556,50,8,5
56,1,60,FrameTimeStutter,5.000,shockwave,practice,2026-09-16T14:18:06.7270312-04:00,2,910,16.18507,16.5485,1.30,1378.72,1.000,0.000,-18.8131,8.9339,-11.5675,Left,0,0,0,0,0.0000,200.000,0,0.000,0,127.500,71.914,4.500,0.0300,0.4000,170.00,shockwave,60,450;300;200;100;50,1.5,3,0.5,1,2,1,10,0,100,-10,5,250,40,5,250,60,1,8,11,0,0.06,4,0.556,50,8,5
56,1,60,FrameTimeStutter,5.000,shockwave,practice,2026-09-16T14:18:06.7270312-04:00,2,911,16.20222,17.1556,24.73,1376.92,13.000,-1.000,-18.5754,8.9156,-11.5675,Left,0,0,0,0,0.0000,200.000,0,0.000,0,127.500,71.914,4.500,0.0300,0.4000,170.00,shockwave,60,450;300;200;100;50,1.5,3,0.5,1,2,1,10,0,100,-10,5,250,40,5,250,60,1,8,11,0,0.06,4,0.556,50,8,5
56,1,60,FrameTimeStutter,5.000,shockwave,practice,2026-09-16T14:18:06.7270312-04:00,2,912,16.21898,16.7499,125.66,1366.11,56.000,-6.000,-17.5514,8.8059,-11.5675,Left,0,0,0,0,0.0000,200.000,0,0.000,0,127.500,71.914,4.500,0.0300,0.4000,170.00,shockwave,60,450;300;200;100;50,1.5,3,0.5,1,2,1,10,0,100,-10,5,250,40,5,250,60,1,8,11,0,0.06,4,0.556,50,8,5
56,1,60,FrameTimeStutter,5.000,shockwave,practice,2026-09-16T14:18:06.7270312-04:00,2,913,16.23495,15.9736,323.90,1349.89,110.000,-9.000,-15.5400,8.6414,-11.5675,Left,0,0,0,0,0.0000,200.000,0,0.000,0,127.500,71.914,4.500,0.0300,0.4000,170.00,shockwave,60,450;300;200;100;50,1.5,3,0.5,1,2,1,10,0,100,-10,5,250,40,5,250,60,1,8,11,0,0.06,4,0.556,50,8,5
56,1,60,FrameTimeStutter,5.000,shockwave,practice,2026-09-16T14:18:06.7270312-04:00,2,914,16.25242,17.4743,599.65,1340.88,153.000,-5.000,-12.7424,8.5499,-11.5675,Left,0,0,0,0,0.0000,200.000,0,0.000,0,127.500,71.914,4.500,0.0300,0.4000,170.00,shockwave,60,450;300;200;100;50,1.5,3,0.5,1,2,1,10,0,100,-10,5,250,40,5,250,60,1,8,11,0,0.06,4,0.556,50,8,5
56,1,60,FrameTimeStutter,5.000,shockwave,practice,2026-09-16T14:18:06.7270312-04:00,2,915,16.26841,15.9871,933.07,1330.06,185.000,-6.000,-9.3596,8.4402,-11.5675,Left,0,0,0,0,0.0000,200.000,0,0.000,0,127.500,71.914,4.500,0.0300,0.4000,170.00,shockwave,60,450;300;200;100;50,1.5,3,0.5,1,2,1,10,0,100,-10,5,250,40,5,250,60,1,8,11,0,0.06,4,0.556,50,8,5
56,1,60,FrameTimeStutter,5.000,shockwave,practice,2026-09-16T14:18:06.7270312-04:00,2,916,16.28527,16.8592,1302.53,1326.46,205.000,-2.000,-5.6111,8.4037,-11.5675,Right,0,0,0,0,0.0000,200.000,0,0.000,0,127.500,71.914,4.500,0.0300,0.4000,170.00,shockwave,60,450;300;200;100;50,1.5,3,0.5,1,2,1,10,0,100,-10,5,250,40,5,250,60,1,8,11,0,0.06,4,0.556,50,8,5
56,1,60,FrameTimeStutter,5.000,shockwave,practice,2026-09-16T14:18:06.7270312-04:00,2,917,16.30213,16.8594,1670.19,1335.47,204.000,5.000,-1.8809,8.4951,-11.5675,Right,0,0,0,0,0.0000,200.000,0,0.000,0,127.500,71.914,4.500,0.0300,0.4000,170.00,shockwave,60,450;300;200;100;50,1.5,3,0.5,1,2,1,10,0,100,-10,5,250,40,5,250,60,1,8,11,0,0.06,4,0.556,50,8,5
56,1,60,FrameTimeStutter,5.000,shockwave,practice,2026-09-16T14:18:06.7270312-04:00,2,918,16.31877,16.6403,1985.58,1351.69,175.000,9.000,1.3190,8.6597,-11.5675,Right,0,0,0,0,0.0000,200.000,0,0.000,0,127.500,71.914,4.500,0.0300,0.4000,170.00,shockwave,60,450;300;200;100;50,1.5,3,0.5,1,2,1,10,0,100,-10,5,250,40,5,250,60,1,8,11,0,0.06,4,0.556,50,8,5
56,1,60,FrameTimeStutter,5.000,shockwave,practice,2026-09-16T14:18:06.7270312-04:00,2,919,16.33554,16.7658,2257.72,1364.31,151.000,7.000,4.0801,8.7877,-11.5675,Right,0,0,0,0,0.0000,200.000,0,0.000,0,127.500,71.914,4.500,0.0300,0.4000,170.00,shockwave,60,450;300;200;100;50,1.5,3,0.5,1,2,1,10,0,100,-10,5,250,40,5,250,60,1,8,11,0,0.06,4,0.556,50,8,5
56,1,60,FrameTimeStutter,5.000,shockwave,practice,2026-09-16T14:18:06.7270312-04:00,2,920,16.35232,16.7827,2558.70,1376.92,198.000,7.000,7.7005,8.9157,-11.5675,Right,0,0,0,0,0.0000,200.000,0,0.000,0,127.500,71.914,4.500,0.0300,0.4000,170.00,shockwave,60,450;300;200;100;50,1.5,3,0.5,1,2,1,10,0,100,-10,5,250,40,5,250,60,1,8,11,0,0.06,4,0.556,50,8,5
56,1,60,FrameTimeStutter,5.000,shockwave,practice,2026-09-16T14:18:06.7270312-04:00,2,921,16.36892,16.6027,2558.70,1382.33,106.000,3.000,9.6388,8.9705,-11.5675,Right,0,0,0,0,0.0000,200.000,0,0.000,0,127.500,71.914,4.500,0.0300,0.4000,170.00,shockwave,60,450;300;200;100;50,1.5,3,0.5,1,2,1,10,0,100,-10,5,250,40,5,250,60,1,8,11,0,0.06,4,0.556,50,8,5
56,1,60,FrameTimeStutter,5.000,shockwave,practice,2026-09-16T14:18:06.7270312-04:00,2,922,16.38565,16.7317,2558.70,1384.13,76.000,1.000,11.0285,8.9888,-11.5675,Right,0,0,0,0,0.0000,200.000,0,0.000,0,127.500,71.914,4.500,0.0300,0.4000,170.00,shockwave,60,450;300;200;100;50,1.5,3,0.5,1,2,1,10,0,100,-10,5,250,40,5,250,60,1,8,11,0,0.06,4,0.556,50,8,5
56,1,60,FrameTimeStutter,5.000,shockwave,practice,2026-09-16T14:18:06.7270312-04:00,2,923,16.40151,15.8601,2558.70,1385.93,38.000,1.000,11.7233,9.0071,-11.5675,Right,0,0,0,0,0.0000,200.000,0,0.000,0,127.500,71.914,4.500,0.0300,0.4000,170.00,shockwave,60,450;300;200;100;50,1.5,3,0.5,1,2,1,10,0,100,-10,5,250,40,5,250,60,1,8,11,0,0.06,4,0.556,50,8,5
56,1,60,FrameTimeStutter,5.000,shockwave,practice,2026-09-16T14:18:06.7270312-04:00,2,924,16.41883,17.3204,2558.70,1385.93,5.000,0.000,11.8147,9.0071,-11.5675,Right,0,0,0,0,0.0000,200.000,0,0.000,0,127.500,71.914,4.500,0.0300,0.4000,170.00,shockwave,60,450;300;200;100;50,1.5,3,0.5,1,2,1,10,0,100,-10,5,250,40,5,250,60,1,8,11,0,0.06,4,0.556,50,8,5
56,1,60,FrameTimeStutter,5.000,shockwave,practice,2026-09-16T14:18:06.7270312-04:00,2,925,16.43552,16.6840,2553.29,1385.93,-3.000,0.000,11.7599,9.0071,-11.5675,Right,0,0,0,0,0.0000,200.000,0,0.000,0,127.500,71.914,4.500,0.0300,0.4000,170.00,shockwave,60,450;300;200;100;50,1.5,3,0.5,1,2,1,10,0,100,-10,5,250,40,5,250,60,1,8,11,0,0.06,4,0.556,50,8,5
56,1,60,FrameTimeStutter,5.000,shockwave,practice,2026-09-16T14:18:06.7270312-04:00,2,926,16.45201,16.4931,2524.46,1385.93,-16.000,0.000,11.4673,9.0071,-11.5675,Right,0,0,0,0,0.0000,200.000,0,0.000,0,127.500,71.914,4.500,0.0300,0.4000,170.00,shockwave,60,450;300;200;100;50,1.5,3,0.5,1,2,1,10,0,100,-10,5,250,40,5,250,60,1,8,11,0,0.06,4,0.556,50,8,5
56,1,60,FrameTimeStutter,5.000,shockwave,practice,2026-09-16T14:18:06.7270312-04:00,2,927,16.46905,17.0391,2445.16,1384.13,-44.000,-1.000,10.6628,8.9888,-11.5675,Right,0,0,0,0,0.0000,200.000,0,0.000,0,127.500,71.914,4.500,0.0300,0.4000,170.00,shockwave,60,450;300;200;100;50,1.5,3,0.5,1,2,1,10,0,100,-10,5,250,40,5,250,60,1,8,11,0,0.06,4,0.556,50,8,5
56,1,60,FrameTimeStutter,5.000,shockwave,practice,2026-09-16T14:18:06.7270312-04:00,2,928,16.48492,15.8764,2311.79,1378.72,-74.000,-3.000,9.3097,8.9339,-11.5675,Right,0,0,0,0,0.0000,200.000,0,0.000,0,127.500,71.914,4.500,0.0300,0.4000,170.00,shockwave,60,450;300;200;100;50,1.5,3,0.5,1,2,1,10,0,100,-10,5,250,40,5,250,60,1,8,11,0,0.06,4,0.556,50,8,5
56,1,60,FrameTimeStutter,5.000,shockwave,practice,2026-09-16T14:18:06.7270312-04:00,2,929,16.50183,16.9085,2118.95,1375.12,-107.000,-2.000,7.3532,8.8974,-11.5675,Right,0,0,0,0,0.0000,200.000,0,0.000,0,127.500,71.914,4.500,0.0300,0.4000,170.00,shockwave,60,450;300;200;100;50,1.5,3,0.5,1,2,1,10,0,100,-10,5,250,40,5,250,60,1,8,11,0,0.06,4,0.556,50,8,5
56,1,60,FrameTimeStutter,5.000,shockwave,practice,2026-09-16T14:18:06.7270312-04:00,2,930,16.51838,16.5425,1891.87,1369.71,-126.000,-3.000,5.0492,8.8425,-11.5675,Right,0,0,0,0,0.0000,200.000,0,0.000,0,127.500,71.914,4.500,0.0300,0.4000,170.00,shockwave,60,450;300;200;100;50,1.5,3,0.5,1,2,1,10,0,100,-10,5,250,40,5,250,60,1,8,11,0,0.06,4,0.556,50,8,5
56,1,60,FrameTimeStutter,5.000,shockwave,practice,2026-09-16T14:18:06.7270312-04:00,2,931,16.53511,16.7363,1601.70,1366.11,-161.000,-2.000,2.1053,8.8059,-11.5675,Right,0,0,0,0,0.0000,200.000,0,0.000,0,127.500,71.914,4.500,0.0300,0.4000,170.00,shockwave,60,450;300;200;100;50,1.5,3,0.5,1,2,1,10,0,100,-10,5,250,40,5,250,60,1,8,11,0,0.06,4,0.556,50,8,5
56,1,60,FrameTimeStutter,5.000,shockwave,practice,2026-09-16T14:18:06.7270312-04:00,2,932,16.55163,16.5177,1311.54,1360.70,-161.000,-3.000,-0.8386,8.7511,-11.5675,Right,0,0,0,0,0.0000,200.000,0,0.000,0,127.500,71.914,4.500,0.0300,0.4000,170.00,shockwave,60,450;300;200;100;50,1.5,3,0.5,1,2,1,10,0,100,-10,5,250,40,5,250,60,1,8,11,0,0.06,4,0.556,50,8,5
56,1,60,FrameTimeStutter,5.000,shockwave,practice,2026-09-16T14:18:06.7270312-04:00,2,933,16.56875,17.1239,904.23,1355.29,-226.000,-3.000,-4.9711,8.6962,-11.5675,Right,0,0,0,0,0.0000,200.000,0,0.000,0,127.500,71.914,4.500,0.0300,0.4000,170.00,shockwave,60,450;300;200;100;50,1.5,3,0.5,1,2,1,10,0,100,-10,5,250,40,5,250,60,1,8,11,0,0.06,4,0.556,50,8,5
56,1,60,FrameTimeStutter,5.000,shockwave,practice,2026-09-16T14:18:06.7270312-04:00,2,934,16.58543,16.6774,662.73,1353.49,-134.000,-1.000,-7.4213,8.6779,-11.5675,Right,0,0,0,0,0.0000,200.000,0,0.000,0,127.500,71.914,4.500,0.0300,0.4000,170.00,shockwave,60,450;300;200;100;50,1.5,3,0.5,1,2,1,10,0,100,-10,5,250,40,5,250,60,1,8,11,0,0.06,4,0.556,50,8,5
56,1,60,FrameTimeStutter,5.000,shockwave,practice,2026-09-16T14:18:06.7270312-04:00,2,935,16.60184,16.4103,448.26,1353.49,-119.000,0.000,-9.5972,8.6779,-11.5675,Right,0,0,0,0,0.0000,200.000,0,0.000,0,127.500,71.914,4.500,0.0300,0.4000,170.00,shockwave,60,450;300;200;100;50,1.5,3,0.5,1,2,1,10,0,100,-10,5,250,40,5,250,60,1,8,11,0,0.06,4,0.556,50,8,5
56,1,60,FrameTimeStutter,5.000,shockwave,practice,2026-09-16T14:18:06.7270312-04:00,2,936,16.61897,17.1327,278.85,1357.10,-94.000,2.000,-11.3161,8.7145,-11.5675,Right,0,0,0,0,0.0000,200.000,0,0.000,0,127.500,71.914,4.500,0.0300,0.4000,170.00,shockwave,60,450;300;200;100;50,1.5,3,0.5,1,2,1,10,0,100,-10,5,250,40,5,250,60,1,8,11,0,0.06,4,0.556,50,8,5
56,1,60,FrameTimeStutter,5.000,shockwave,practice,2026-09-16T14:18:06.7270312-04:00,2,937,16.63567,16.6997,161.70,1360.70,-65.000,2.000,-12.5046,8.7511,-11.5675,Right,0,0,0,0,0.0000,200.000,0,0.000,0,127.500,71.914,4.500,0.0300,0.4000,170.00,shockwave,60,450;300;200;100;50,1.5,3,0.5,1,2,1,10,0,100,-10,5,250,40,5,250,60,1,8,11,0,0.06,4,0.556,50,8,5
56,1,60,FrameTimeStutter,5.000,shockwave,practice,2026-09-16T14:18:06.7270312-04:00,2,938,16.65158,15.9028,95.02,1362.50,-37.000,1.000,-13.1811,8.7693,-11.5675,Left,0,0,0,0,0.0000,200.000,0,0.000,0,127.500,71.914,4.500,0.0300,0.4000,170.00,shockwave,60,450;300;200;100;50,1.5,3,0.5,1,2,1,10,0,100,-10,5,250,40,5,250,60,1,8,11,0,0.06,4,0.556,50,8,5
56,1,60,FrameTimeStutter,5.000,shockwave,practice,2026-09-16T14:18:06.7270312-04:00,2,939,16.66883,17.2500,75.19,1362.50,-11.000,0.000,-13.3823,8.7693,-11.5675,Left,0,0,0,0,0.0000,200.000,0,0.000,0,127.500,71.914,4.500,0.0300,0.4000,170.00,shockwave,60,450;300;200;100;50,1.5,3,0.5,1,2,1,10,0,100,-10,5,250,40,5,250,60,1,8,11,0,0.06,4,0.556,50,8,5
56,1,60,FrameTimeStutter,5.000,shockwave,practice,2026-09-16T14:18:06.7270312-04:00,2,940,16.68510,16.2786,75.19,1362.50,0.000,0.000,-13.3823,8.7693,-11.5675,Left,0,0,0,0,0.0000,200.000,0,0.000,0,127.500,71.914,4.500,0.0300,0.4000,170.00,shockwave,60,450;300;200;100;50,1.5,3,0.5,1,2,1,10,0,100,-10,5,250,40,5,250,60,1,8,11,0,0.06,4,0.556,50,8,5
56,1,60,FrameTimeStutter,5.000,shockwave,practice,2026-09-16T14:18:06.7270312-04:00,2,941,16.70230,17.1967,75.19,1362.50,0.000,0.000,-13.3823,8.7693,-11.5675,Left,0,0,0,0,0.0000,200.000,0,0.000,0,127.500,71.914,4.500,0.0300,0.4000,170.00,shockwave,60,450;300;200;100;50,1.5,3,0.5,1,2,1,10,0,100,-10,5,250,40,5,250,60,1,8,11,0,0.06,4,0.556,50,8,5
56,1,60,FrameTimeStutter,5.000,shockwave,practice,2026-09-16T14:18:06.7270312-04:00,2,942,16.71838,16.0809,77.00,1362.50,1.000,0.000,-13.3640,8.7693,-11.5675,Left,0,0,0,0,0.0000,200.000,0,0.000,0,127.500,71.914,4.500,0.0300,0.4000,170.00,shockwave,60,450;300;200;100;50,1.5,3,0.5,1,2,1,10,0,100,-10,5,250,40,5,250,60,1,8,11,0,0.06,4,0.556,50,8,5
56,1,60,FrameTimeStutter,5.000,shockwave,practice,2026-09-16T14:18:06.7270312-04:00,2,943,16.73504,16.6549,102.23,1362.50,14.000,0.000,-13.1080,8.7693,-11.5675,Left,0,0,0,0,0.0000,200.000,0,0.000,0,127.500,71.914,4.500,0.0300,0.4000,170.00,shockwave,60,450;300;200;100;50,1.5,3,0.5,1,2,1,10,0,100,-10,5,250,40,5,250,60,1,8,11,0,0.06,4,0.556,50,8,5
56,1,60,FrameTimeStutter,5.000,shockwave,practice,2026-09-16T14:18:06.7270312-04:00,2,944,16.75217,17.1355,273.44,1348.09,95.000,-8.000,-11.3709,8.6231,-11.5675,Left,0,0,0,0,0.0000,200.000,0,0.000,0,127.500,71.914,4.500,0.0300,0.4000,170.00,shockwave,60,450;300;200;100;50,1.5,3,0.5,1,2,1,10,0,100,-10,5,250,40,5,250,60,1,8,11,0,0.06,4,0.556,50,8,5
56,1,60,FrameTimeStutter,5.000,shockwave,practice,2026-09-16T14:18:06.7270312-04:00,2,945,16.76929,17.1185,489.71,1339.07,120.000,-5.000,-9.1767,8.5316,-11.5675,Left,0,0,0,0,0.0000,200.000,0,0.000,0,127.500,71.914,4.500,0.0300,0.4000,170.00,shockwave,60,450;300;200;100;50,1.5,3,0.5,1,2,1,10,0,100,-10,5,250,40,5,250,60,1,8,11,0,0.06,4,0.556,50,8,5
56,1,60,FrameTimeStutter,5.000,shockwave,practice,2026-09-16T14:18:06.7270312-04:00,2,946,16.78530,16.0124,770.86,1337.27,156.000,-1.000,-6.3241,8.5134,-11.5675,Right,0,0,0,0,0.0000,200.000,0,0.000,0,127.500,71.914,4.500,0.0300,0.4000,170.00,shockwave,60,450;300;200;100;50,1.5,3,0.5,1,2,1,10,0,100,-10,5,250,40,5,250,60,1,8,11,0,0.06,4,0.556,50,8,5
56,1,60,FrameTimeStutter,5.000,shockwave,practice,2026-09-16T14:18:06.7270312-04:00,2,947,16.80200,16.6998,1079.05,1340.88,171.000,2.000,-3.1974,8.5499,-11.5675,Right,0,0,0,0,0.0000,200.000,0,0.000,0,127.500,71.914,4.500,0.0300,0.4000,170.00,shockwave,60,450;300;200;100;50,1.5,3,0.5,1,2,1,10,0,100,-10,5,250,40,5,250,60,1,8,11,0,0.06,4,0.556,50,8,5
56,1,60,FrameTimeStutter,5.000,shockwave,practice,2026-09-16T14:18:06.7270312-04:00,2,948,16.81821,16.2069,1432.29,1348.09,196.000,4.000,0.3866,8.6230,-11.5675,Right,0,0,0,0,0.0000,200.000,0,0.000,0,127.500,71.914,4.500,0.0300,0.4000,170.00,shockwave,60,450;300;200;100;50,1.5,3,0.5,1,2,1,10,0,100,-10,5,250,40,5,250,60,1,8,11,0,0.06,4,0.556,50,8,5
56,1,60,FrameTimeStutter,5.000,shockwave,practice,2026-09-16T14:18:06.7270312-04:00,2,949,16.83566,17.4454,1789.14,1355.29,198.000,4.000,4.0070,8.6962,-11.5675,Right,0,0,0,0,0.0000,200.000,0,0.000,0,127.500,71.914,4.500,0.0300,0.4000,170.00,shockwave,60,450;300;200;100;50,1.5,3,0.5,1,2,1,10,0,100,-10,5,250,40,5,250,60,1,8,11,0,0.06,4,0.556,50,8,5
56,1,60,FrameTimeStutter,5.000,shockwave,practice,2026-09-16T14:18:06.7270312-04:00,2,950,16.85233,16.6742,2117.15,1367.91,182.000,7.000,7.3349,8.8242,-11.5675,Right,0,0,0,0,0.0000,200.000,0,0.000,0,127.500,71.914,4.500,0.0300,0.4000,170.00,shockwave,60,450;300;200;100;50,1.5,3,0.5,1,2,1,10,0,100,-10,5,250,40,5,250,60,1,8,11,0,0.06,4,0.556,50,8,5
56,1,60,FrameTimeStutter,5.000,shockwave,practice,2026-09-16T14:18:06.7270312-04:00,2,951,16.86882,16.4919,2418.12,1382.33,167.000,8.000,10.3886,8.9705,-11.5675,Right,0,0,0,0,0.0000,200.000,0,0.000,0,127.500,71.914,4.500,0.0300,0.4000,170.00,shockwave,60,450;300;200;100;50,1.5,3,0.5,1,2,1,10,0,100,-10,5,250,40,5,250,60,1,8,11,0,0.06,4,0.556,50,8,5
56,1,60,FrameTimeStutter,5.000,shockwave,practice,2026-09-16T14:18:06.7270312-04:00,2,952,16.88573,16.9097,2558.70,1396.75,128.000,8.000,12.7291,9.1167,-11.5675,Right,0,0,0,0,0.0000,200.000,0,0.000,0,127.500,71.914,4.500,0.0300,0.4000,170.00,shockwave,60,450;300;200;100;50,1.5,3,0.5,1,2,1,10,0,100,-10,5,250,40,5,250,60,1,8,11,0,0.06,4,0.556,50,8,5
56,1,60,FrameTimeStutter,5.000,shockwave,practice,2026-09-16T14:18:06.7270312-04:00,2,953,16.90169,15.9590,2558.70,1405.76,89.000,5.000,14.3565,9.2082,-11.5675,Right,0,0,0,0,0.0000,200.000,0,0.000,0,127.500,71.914,4.500,0.0300,0.4000,170.00,shockwave,60,450;300;200;100;50,1.5,3,0.5,1,2,1,10,0,100,-10,5,250,40,5,250,60,1,8,11,0,0.06,4,0.556,50,8,5
56,1,60,FrameTimeStutter,5.000,shockwave,practice,2026-09-16T14:18:06.7270312-04:00,2,954,16.91887,17.1763,2558.70,1407.56,42.000,1.000,15.1245,9.2265,-11.5675,Right,0,0,0,0,0.0000,200.000,0,0.000,0,127.500,71.914,4.500,0.0300,0.4000,170.00,shockwave,60,450;300;200;100;50,1.5,3,0.5,1,2,1,10,0,100,-10,5,250,40,5,250,60,1,8,11,0,0.06,4,0.556,50,8,5
56,1,60,FrameTimeStutter,5.000,shockwave,practice,2026-09-16T14:18:06.7270312-04:00,2,955,16.93493,16.0669,2555.09,1407.56,1.000,0.000,15.1428,9.2265,-11.5675,Right,0,0,0,0,0.0000,200.000,0,0.000,0,127.500,71.914,4.500,0.0300,0.4000,170.00,shockwave,60,450;300;200;100;50,1.5,3,0.5,1,2,1,10,0,100,-10,5,250,40,5,250,60,1,8,11,0,0.06,4,0.556,50,8,5
56,1,60,FrameTimeStutter,5.000,shockwave,practice,2026-09-16T14:18:06.7270312-04:00,2,956,16.95196,17.0257,2463.18,1402.15,-51.000,-3.000,14.2102,9.1716,-11.5675,Right,0,0,0,0,0.0000,200.000,0,0.000,0,127.500,71.914,4.500,0.0300,0.4000,170.00,shockwave,60,450;300;200;100;50,1.5,3,0.5,1,2,1,10,0,100,-10,5,250,40,5,250,60,1,8,11,0,0.06,4,0.556,50,8,5
56,1,60,FrameTimeStutter,5.000,shockwave,practice,2026-09-16T14:18:06.7270312-04:00,2,957,16.96878,16.8198,2308.19,1394.94,-86.000,-4.000,12.6377,9.0985,-11.5675,Right,0,0,0,0,0.0000,200.000,0,0.000,0,127.500,71.914,4.500,0.0300,0.4000,170.00,shockwave,60,450;300;200;100;50,1.5,3,0.5,1,2,1,10,0,100,-10,5,250,40,5,250,60,1,8,11,0,0.06,4,0.556,50,8,5
56,1,60,FrameTimeStutter,5.000,shockwave,practice,2026-09-16T14:18:06.7270312-04:00,2,958,16.98550,16.7198,2073.89,1384.13,-130.000,-6.000,10.2606,8.9887,-11.5675,Right,0,0,0,0,0.0000,200.000,0,0.000,0,127.500,71.914,4.500,0.0300,0.4000,170.00,shockwave,60,450;300;200;100;50,1.5,3,0.5,1,2,1,10,0,100,-10,5,250,40,5,250,60,1,8,11,0,0.06,4,0.556,50,8,5
56,1,60,FrameTimeStutter,5.000,shockwave,practice,2026-09-16T14:18:06.7270312-04:00,2,959,17.00216,16.6552,1778.32,1371.51,-164.000,-7.000,7.2618,8.8607,-11.5675,Right,0,0,0,0,0.0000,200.000,0,0.000,0,127.500,71.914,4.500,0.0300,0.4000,170.00,shockwave,60,450;300;200;100;50,1.5,3,0.5,1,2,1,10,0,100,-10,5,250,40,5,250,60,1,8,11,0,0.06,4,0.556,50,8,5
56,1,60,FrameTimeStutter,5.000,shockwave,practice,2026-09-16T14:18:06.7270312-04:00,2,960,17.01929,17.1342,1448.51,1362.50,-183.000,-5.000,3.9157,8.7693,-11.5675,Right,0,0,0,0,0.0000,200.000,0,0.000,0,127.500,71.914,4.500,0.0300,0.4000,170.00,shockwave,60,450;300;200;100;50,1.5,3,0.5,1,2,1,10,0,100,-10,5,250,40,5,250,60,1,8,11,0,0.06,4,0.556,50,8,5
56,1,60,FrameTimeStutter,5.000,shockwave,practice,2026-09-16T14:18:06.7270312-04:00,2,961,17.03520,15.9162,1091.67,1357.10,-198.000,-3.000,0.2952,8.7145,-11.5675,Right,0,0,0,0,0.0000,200.000,0,0.000,0,127.500,71.914,4.500,0.0300,0.4000,170.00,shockwave,60,450;300;200;100;50,1.5,3,0.5,1,2,1,10,0,100,-10,5,250,40,5,250,60,1,8,11,0,0.06,4,0.556,50,8,5
56,1,60,FrameTimeStutter,5.000,shockwave,practice,2026-09-16T14:18:06.7270312-04:00,2,962,17.05221,17.0031,700.58,1353.49,-217.000,-2.000,-3.6727,8.6779,-11.5675,Right,0,0,0,0,0.0000,200.000,0,0.000,0,127.500,71.914,4.500,0.0300,0.4000,170.00,shockwave,60,450;300;200;100;50,1.5,3,0.5,1,2,1,10,0,100,-10,5,250,40,5,250,60,1,8,11,0,0.06,4,0.556,50,8,5
56,1,60,FrameTimeStutter,5.000,shockwave,practice,2026-09-16T14:18:06.7270312-04:00,2,963,17.06900,16.7969,345.53,1351.69,-197.000,-1.000,-7.2749,8.6596,-11.5675,Right,0,0,0,0,0.0000,200.000,0,0.000,0,127.500,71.914,4.500,0.0300,0.4000,170.00,shockwave,60,450;300;200;100;50,1.5,3,0.5,1,2,1,10,0,100,-10,5,250,40,5,250,60,1,8,11,0,0.06,4,0.556,50,8,5
56,1,60,FrameTimeStutter,5.000,shockwave,practice,2026-09-16T14:18:06.7270312-04:00,2,964,17.08508,16.0776,19.32,1351.69,-181.000,0.000,-10.5845,8.6596,-11.5675,Right,0,0,0,0,0.0000,200.000,0,0.000,0,127.500,71.914,4.500,0.0300,0.4000,170.00,shockwave,60,450;300;200;100;50,1.5,3,0.5,1,2,1,10,0,100,-10,5,250,40,5,250,60,1,8,11,0,0.06,4,0.556,50,8,5
56,1,60,FrameTimeStutter,5.000,shockwave,practice,2026-09-16T14:18:06.7270312-04:00,2,965,17.10233,17.2479,-0.50,1348.09,-144.000,-2.000,-13.2176,8.6230,-11.5675,Right,0,0,0,0,0.0000,200.000,0,0.000,0,127.500,71.914,4.500,0.0300,0.4000,170.00,shockwave,60,450;300;200;100;50,1.5,3,0.5,1,2,1,10,0,100,-10,5,250,40,5,250,60,1,8,11,0,0.06,4,0.556,50,8,5
56,1,60,FrameTimeStutter,5.000,shockwave,practice,2026-09-16T14:18:06.7270312-04:00,2,966,17.11842,16.0850,-0.50,1346.28,-107.000,-1.000,-15.1741,8.6048,-11.5675,Left,0,0,0,0,0.0000,200.000,0,0.000,0,127.500,71.914,4.500,0.0300,0.4000,170.00,shockwave,60,450;300;200;100;50,1.5,3,0.5,1,2,1,10,0,100,-10,5,250,40,5,250,60,1,8,11,0,0.06,4,0.556,50,8,5
56,1,60,FrameTimeStutter,5.000,shockwave,practice,2026-09-16T14:18:06.7270312-04:00,2,967,17.13536,16.9498,-0.50,1344.48,-68.000,-1.000,-16.4175,8.5865,-11.5675,Left,0,0,0,0,0.0000,200.000,0,0.000,0,127.500,71.914,4.500,0.0300,0.4000,170.00,shockwave,60,450;300;200;100;50,1.5,3,0.5,1,2,1,10,0,100,-10,5,250,40,5,250,60,1,8,11,0,0.06,4,0.556,50,8,5
56,1,60,FrameTimeStutter,5.000,shockwave,practice,2026-09-16T14:18:06.7270312-04:00,2,968,17.15248,17.1136,-0.50,1342.68,-33.000,-1.000,-17.0209,8.5682,-11.5675,Left,0,0,0,0,0.0000,200.000,0,0.000,0,127.500,71.914,4.500,0.0300,0.4000,170.00,shockwave,60,450;300;200;100;50,1.5,3,0.5,1,2,1,10,0,100,-10,5,250,40,5,250,60,1,8,11,0,0.06,4,0.556,50,8,5
56,1,60,FrameTimeStutter,5.000,shockwave,practice,2026-09-16T14:18:06.7270312-04:00,2,969,17.16850,16.0245,-0.50,1342.68,0.000,0.000,-17.0209,8.5682,-11.5675,Left,0,0,0,0,0.0000,200.000,0,0.000,0,127.500,71.914,4.500,0.0300,0.4000,170.00,shockwave,60,450;300;200;100;50,1.5,3,0.5,1,2,1,10,0,100,-10,5,250,40,5,250,60,1,8,11,0,0.06,4,0.556,50,8,5
56,1,60,FrameTimeStutter,5.000,shockwave,practice,2026-09-16T14:18:06.7270312-04:00,2,970,17.18529,16.7861,1.30,1342.68,1.000,0.000,-17.0026,8.5682,-11.5675,Left,0,0,0,0,0.0000,200.000,0,0.000,0,127.500,71.914,4.500,0.0300,0.4000,170.00,shockwave,60,450;300;200;100;50,1.5,3,0.5,1,2,1,10,0,100,-10,5,250,40,5,250,60,1,8,11,0,0.06,4,0.556,50,8,5
56,1,60,FrameTimeStutter,5.000,shockwave,practice,2026-09-16T14:18:06.7270312-04:00,2,971,17.20154,16.2464,6.71,1342.68,3.000,0.000,-16.9478,8.5682,-11.5675,Left,0,0,0,0,0.0000,200.000,0,0.000,0,127.500,71.914,4.500,0.0300,0.4000,170.00,shockwave,60,450;300;200;100;50,1.5,3,0.5,1,2,1,10,0,100,-10,5,250,40,5,250,60,1,8,11,0,0.06,4,0.556,50,8,5
56,1,60,FrameTimeStutter,5.000,shockwave,practice,2026-09-16T14:18:06.7270312-04:00,2,972,17.21886,17.3287,24.73,1342.68,10.000,0.000,-16.7649,8.5682,-11.5675,Left,0,0,0,0,0.0000,200.000,0,0.000,0,127.500,71.914,4.500,0.0300,0.4000,170.00,shockwave,60,450;300;200;100;50,1.5,3,0.5,1,2,1,10,0,100,-10,5,250,40,5,250,60,1,8,11,0,0.06,4,0.556,50,8,5
56,1,60,FrameTimeStutter,5.000,shockwave,practice,2026-09-16T14:18:06.7270312-04:00,2,973,17.23491,16.0507,87.81,1340.88,35.000,-1.000,-16.1249,8.5499,-11.5675,Left,0,0,0,0,0.0000,200.000,0,0.000,0,127.500,71.914,4.500,0.0300,0.4000,170.00,shockwave,60,450;300;200;100;50,1.5,3,0.5,1,2,1,10,0,100,-10,5,250,40,5,250,60,1,8,11,0,0.06,4,0.556,50,8,5
56,1,60,FrameTimeStutter,5.000,shockwave,practice,2026-09-16T14:18:06.7270312-04:00,2,974,17.25175,16.8292,237.40,1333.67,83.000,-4.000,-14.6072,8.4767,-11.5675,Left,0,0,0,0,0.0000,200.000,0,0.000,0,127.500,71.914,4.500,0.0300,0.4000,170.00,shockwave,60,450;300;200;100;50,1.5,3,0.5,1,2,1,10,0,100,-10,5,250,40,5,250,60,1,8,11,0,0.06,4,0.556,50,8,5
56,1,60,FrameTimeStutter,5.000,shockwave,practice,2026-09-16T14:18:06.7270312-04:00,2,975,17.26845,16.7038,477.10,1326.46,133.000,-4.000,-12.1753,8.4036,-11.5675,Left,0,0,0,0,0.0000,200.000,0,0.000,0,127.500,71.914,4.500,0.0300,0.4000,170.00,shockwave,60,450;300;200;100;50,1.5,3,0.5,1,2,1,10,0,100,-10,5,250,40,5,250,60,1,8,11,0,0.06,4,0.556,50,8,5
56,1,60,FrameTimeStutter,5.000,shockwave,practice,2026-09-16T14:18:06.7270312-04:00,2,976,17.28507,16.6260,781.68,1326.46,169.000,0.000,-9.0851,8.4036,-11.5675,Left,0,0,0,0,0.0000,200.000,0,0.000,0,127.500,71.914,4.500,0.0300,0.4000,170.00,shockwave,60,450;300;200;100;50,1.5,3,0.5,1,2,1,10,0,100,-10,5,250,40,5,250,60,1,8,11,0,0.06,4,0.556,50,8,5
56,1,60,FrameTimeStutter,5.000,shockwave,practice,2026-09-16T14:18:06.7270312-04:00,2,977,17.30174,16.6707,1134.92,1337.27,196.000,6.000,-5.5012,8.5133,-11.5675,Right,0,0,0,0,0.0000,200.000,0,0.000,0,127.500,71.914,4.500,0.0300,0.4000,170.00,shockwave,60,450;300;200;100;50,1.5,3,0.5,1,2,1,10,0,100,-10,5,250,40,5,250,60,1,8,11,0,0.06,4,0.556,50,8,5
56,1,60,FrameTimeStutter,5.000,shockwave,practice,2026-09-16T14:18:06.7270312-04:00,2,978,17.31852,16.7760,1480.95,1351.69,192.000,8.000,-1.9904,8.6596,-11.5675,Right,0,0,0,0,0.0000,200.000,0,0.000,0,127.500,71.914,4.500,0.0300,0.4000,170.00,shockwave,60,450;300;200;100;50,1.5,3,0.5,1,2,1,10,0,100,-10,5,250,40,5,250,60,1,8,11,0,0.06,4,0.556,50,8,5
56,1,60,FrameTimeStutter,5.000,shockwave,practice,2026-09-16T14:18:06.7270312-04:00,2,979,17.33552,17.0020,1817.97,1362.50,187.000,6.000,1.4289,8.7693,-11.5675,Right,0,0,0,0,0.0000,200.000,0,0.000,0,127.500,71.914,4.500,0.0300,0.4000,170.00,shockwave,60,450;300;200;100;50,1.5,3,0.5,1,2,1,10,0,100,-10,5,250,40,5,250,60,1,8,11,0,0.06,4,0.556,50,8,5
56,1,60,FrameTimeStutter,5.000,shockwave,practice,2026-09-16T14:18:06.7270312-04:00,2,980,17.35261,17.0846,2355.04,1378.72,298.000,9.000,6.8780,8.9339,-11.5675,Right,0,0,0,0,0.0000,200.000,0,0.000,0,127.500,71.914,4.500,0.0300,0.4000,170.00,shockwave,60,450;300;200;100;50,1.5,3,0.5,1,2,1,10,0,100,-10,5,250,40,5,250,60,1,8,11,0,0.06,4,0.556,50,8,5
56,1,60,FrameTimeStutter,5.000,shockwave,practice,2026-09-16T14:18:06.7270312-04:00,2,981,17.36909,16.4842,2558.70,1400.35,196.000,12.000,10.4619,9.1533,-11.5675,Right,0,0,0,0,0.0000,200.000,0,0.000,0,127.500,71.914,4.500,0.0300,0.4000,170.00,shockwave,60,450;300;200;100;50,1.5,3,0.5,1,2,1,10,0,100,-10,5,250,40,5,250,60,1,8,11,0,0.06,4,0.556,50,8,5
56,1,60,FrameTimeStutter,5.000,shockwave,practice,2026-09-16T14:18:06.7270312-04:00,2,982,17.38531,16.2238,2558.70,1418.37,155.000,10.000,13.2961,9.3361,-11.5675,Right,0,0,0,0,0.0000,200.000,0,0.000,0,127.500,71.914,4.500,0.0300,0.4000,170.00,shockwave,60,450;300;200;100;50,1.5,3,0.5,1,2,1,10,0,100,-10,5,250,40,5,250,60,1,8,11,0,0.06,4,0.556,50,8,5
56,1,60,FrameTimeStutter,5.000,shockwave,practice,2026-09-16T14:18:06.7270312-04:00,2,983,17.40176,16.4489,2558.70,1425.58,100.000,4.000,15.1246,9.4093,-11.5675,Right,0,0,0,0,0.0000,200.000,0,0.000,0,127.500,71.914,4.500,0.0300,0.4000,170.00,shockwave,60,450;300;200;100;50,1.5,3,0.5,1,2,1,10,0,100,-10,5,250,40,5,250,60,1,8,11,0,0.06,4,0.556,50,8,5
56,1,60,FrameTimeStutter,5.000,shockwave,practice,2026-09-16T14:18:06.7270312-04:00,2,984,17.41866,16.8921,2558.70,1427.38,45.000,1.000,15.9475,9.4276,-11.5675,Right,0,0,0,0,0.0000,200.000,0,0.000,0,127.500,71.914,4.500,0.0300,0.4000,170.00,shockwave,60,450;300;200;100;50,1.5,3,0.5,1,2,1,10,0,100,-10,5,250,40,5,250,60,1,8,11,0,0.06,4,0.556,50,8,5
56,1,60,FrameTimeStutter,5.000,shockwave,practice,2026-09-16T14:18:06.7270312-04:00,2,985,17.43546,16.7987,2556.90,1427.38,2.000,0.000,15.9840,9.4276,-11.5675,Right,0,0,0,0,0.0000,200.000,0,0.000,0,127.500,71.914,4.500,0.0300,0.4000,170.00,shockwave,60,450;300;200;100;50,1.5,3,0.5,1,2,1,10,0,100,-10,5,250,40,5,250,60,1,8,11,0,0.06,4,0.556,50,8,5
56,1,60,FrameTimeStutter,5.000,shockwave,practice,2026-09-16T14:18:06.7270312-04:00,2,986,17.45198,16.5297,2528.06,1427.38,-16.000,0.000,15.6915,9.4276,-11.5675,Right,0,0,0,0,0.0000,200.000,0,0.000,0,127.500,71.914,4.500,0.0300,0.4000,170.00,shockwave,60,450;300;200;100;50,1.5,3,0.5,1,2,1,10,0,100,-10,5,250,40,5,250,60,1,8,11,0,0.06,4,0.556,50,8,5
56,1,60,FrameTimeStutter,5.000,shockwave,practice,2026-09-16T14:18:06.7270312-04:00,2,987,17.46852,16.5349,2455.97,1421.98,-40.000,-3.000,14.9601,9.3727,-11.5675,Right,0,0,0,0,0.0000,200.000,0,0.000,0,127.500,71.914,4.500,0.0300,0.4000,170.00,shockwave,60,450;300;200;100;50,1.5,3,0.5,1,2,1,10,0,100,-10,5,250,40,5,250,60,1,8,11,0,0.06,4,0.556,50,8,5
56,1,60,FrameTimeStutter,5.000,shockwave,practice,2026-09-16T14:18:06.7270312-04:00,2,988,17.48519,16.6656,2328.01,1412.97,-71.000,-5.000,13.6618,9.2813,-11.5675,Right,0,0,0,0,0.0000,200.000,0,0.000,0,127.500,71.914,4.500,0.0300,0.4000,170.00,shockwave,60,450;300;200;100;50,1.5,3,0.5,1,2,1,10,0,100,-10,5,250,40,5,250,60,1,8,11,0,0.06,4,0.556,50,8,5
56,1,60,FrameTimeStutter,5.000,shockwave,practice,2026-09-16T14:18:06.7270312-04:00,2,989,17.50206,16.8707,2140.58,1400.35,-104.000,-7.000,11.7602,9.1533,-11.5675,Right,0,0,0,0,0.0000,200.000,0,0.000,0,127.500,71.914,4.500,0.0300,0.4000,170.00,shockwave,60,450;300;200;100;50,1.5,3,0.5,1,2,1,10,0,100,-10,5,250,40,5,250,60,1,8,11,0,0.06,4,0.556,50,8,5
56,1,60,FrameTimeStutter,5.000,shockwave,practice,2026-09-16T14:18:06.7270312-04:00,2,990,17.51871,16.6552,1891.87,1389.54,-138.000,-6.000,9.2368,9.0436,-11.5675,Right,0,0,0,0,0.0000,200.000,0,0.000,0,127.500,71.914,4.500,0.0300,0.4000,170.00,shockwave,60,450;300;200;100;50,1.5,3,0.5,1,2,1,10,0,100,-10,5,250,40,5,250,60,1,8,11,0,0.06,4,0.556,50,8,5
56,1,60,FrameTimeStutter,5.000,shockwave,practice,2026-09-16T14:18:06.7270312-04:00,2,991,17.53544,16.7295,1592.69,1380.53,-166.000,-5.000,6.2014,8.9521,-11.5675,Right,0,0,0,0,0.0000,200.000,0,0.000,0,127.500,71.914,4.500,0.0300,0.4000,170.00,shockwave,60,450;300;200;100;50,1.5,3,0.5,1,2,1,10,0,100,-10,5,250,40,5,250,60,1,8,11,0,0.06,4,0.556,50,8,5
56,1,60,FrameTimeStutter,5.000,shockwave,practice,2026-09-16T14:18:06.7270312-04:00,2,992,17.55276,17.3204,1055.62,1375.12,-298.000,-3.000,0.7525,8.8973,-11.5675,Right,0,0,0,0,0.0000,200.000,0,0.000,0,127.500,71.914,4.500,0.0300,0.4000,170.00,shockwave,60,450;300;200;100;50,1.5,3,0.5,1,2,1,10,0,100,-10,5,250,40,5,250,60,1,8,11,0,0.06,4,0.556,50,8,5
56,1,60,FrameTimeStutter,5.000,shockwave,practice,2026-09-16T14:18:06.7270312-04:00,2,993,17.56905,16.2865,682.55,1375.12,-207.000,0.000,-3.0326,8.8973,-11.5675,Right,0,0,0,0,0.0000,200.000,0,0.000,0,127.500,71.914,4.500,0.0300,0.4000,170.00,shockwave,60,450;300;200;100;50,1.5,3,0.5,1,2,1,10,0,100,-10,5,250,40,5,250,60,1,8,11,0,0.06,4,0.556,50,8,5
56,1,60,FrameTimeStutter,5.000,shockwave,practice,2026-09-16T14:18:06.7270312-04:00,2,994,17.58544,16.3947,347.33,1376.92,-186.000,1.000,-6.4336,8.9156,-11.5675,Right,0,0,0,0,0.0000,200.000,0,0.000,0,127.500,71.914,4.500,0.0300,0.4000,170.00,shockwave,60,450;300;200;100;50,1.5,3,0.5,1,2,1,10,0,100,-10,5,250,40,5,250,60,1,8,11,0,0.06,4,0.556,50,8,5
56,1,60,FrameTimeStutter,5.000,shockwave,practice,2026-09-16T14:18:06.7270312-04:00,2,995,17.60236,16.9212,31.94,1376.92,-175.000,0.000,-9.6336,8.9156,-11.5675,Right,0,0,0,0,0.0000,200.000,0,0.000,0,127.500,71.914,4.500,0.0300,0.4000,170.00,shockwave,60,450;300;200;100;50,1.5,3,0.5,1,2,1,10,0,100,-10,5,250,40,5,250,60,1,8,11,0,0.06,4,0.556,50,8,5
56,1,60,FrameTimeStutter,5.000,shockwave,practice,2026-09-16T14:18:06.7270312-04:00,2,996,17.61886,16.4978,-0.50,1371.51,-146.000,-3.000,-12.3032,8.8607,-11.5675,Right,0,0,0,0,0.0000,200.000,0,0.000,0,127.500,71.914,4.500,0.0300,0.4000,170.00,shockwave,60,450;300;200;100;50,1.5,3,0.5,1,2,1,10,0,100,-10,5,250,40,5,250,60,1,8,11,0,0.06,4,0.556,50,8,5
56,1,60,FrameTimeStutter,5.000,shockwave,practice,2026-09-16T14:18:06.7270312-04:00,2,997,17.63566,16.8030,-0.50,1366.11,-118.000,-3.000,-14.4608,8.8059,-11.5675,Left,0,0,0,0,0.0000,200.000,0,0.000,0,127.500,71.914,4.500,0.0300,0.4000,170.00,shockwave,60,450;300;200;100;50,1.5,3,0.5,1,2,1,10,0,100,-10,5,250,40,5,250,60,1,8,11,0,0.06,4,0.556,50,8,5
56,1,60,FrameTimeStutter,5.000,shockwave,practice,2026-09-16T14:18:06.7270312-04:00,2,998,17.65161,15.9446,-0.50,1362.50,-81.000,-2.000,-15.9420,8.7693,-11.5675,Left,0,0,0,0,0.0000,200.000,0,0.000,0,127.500,71.914,4.500,0.0300,0.4000,170.00,shockwave,60,450;300;200;100;50,1.5,3,0.5,1,2,1,10,0,100,-10,5,250,40,5,250,60,1,8,11,0,0.06,4,0.556,50,8,5
56,1,60,FrameTimeStutter,5.000,shockwave,practice,2026-09-16T14:18:06.7270312-04:00,2,999,17.66828,16.6692,-0.50,1358.90,-31.000,-2.000,-16.5088,8.7327,-11.5675,Left,0,0,0,0,0.0000,200.000,0,0.000,0,127.500,71.914,4.500,0.0300,0.4000,170.00,shockwave,60,450;300;200;100;50,1.5,3,0.5,1,2,1,10,0,100,-10,5,250,40,5,250,60,1,8,11,0,0.06,4,0.556,50,8,5
56,1,60,FrameTimeStutter,5.000,shockwave,practice,2026-09-16T14:18:06.7270312-04:00,2,1000,17.68538,17.1053,4.91,1357.10,3.000,-1.000,-16.4539,8.7144,-11.5675,Left,0,0,0,0,0.0000,200.000,0,0.000,0,127.500,71.914,4.500,0.0300,0.4000,170.00,shockwave,60,450;300;200;100;50,1.5,3,0.5,1,2,1,10,0,100,-10,5,250,40,5,250,60,1,8,11,0,0.06,4,0.556,50,8,5
56,1,60,FrameTimeStutter,5.000,shockwave,practice,2026-09-16T14:18:06.7270312-04:00,2,1001,17.70260,17.2166,51.76,1353.49,26.000,-2.000,-15.9785,8.6779,-11.5675,Left,0,0,0,0,0.0000,200.000,0,0.000,0,127.500,71.914,4.500,0.0300,0.4000,170.00,shockwave,60,450;300;200;100;50,1.5,3,0.5,1,2,1,10,0,100,-10,5,250,40,5,250,60,1,8,11,0,0.06,4,0.556,50,8,5
56,1,60,FrameTimeStutter,5.000,shockwave,practice,2026-09-16T14:18:06.7270312-04:00,2,1002,17.71900,16.3953,167.11,1346.28,64.000,-4.000,-14.8083,8.6047,-11.5675,Left,0,0,0,0,0.0000,200.000,0,0.000,0,127.500,71.914,4.500,0.0300,0.4000,170.00,shockwave,60,450;300;200;100;50,1.5,3,0.5,1,2,1,10,0,100,-10,5,250,40,5,250,60,1,8,11,0,0.06,4,0.556,50,8,5
56,1,60,FrameTimeStutter,5.000,shockwave,practice,2026-09-16T14:18:06.7270312-04:00,2,1003,17.73546,16.4693,341.93,1342.68,97.000,-2.000,-13.0346,8.5681,-11.5675,Left,0,0,0,0,0.0000,200.000,0,0.000,0,127.500,71.914,4.500,0.0300,0.4000,170.00,shockwave,60,450;300;200;100;50,1.5,3,0.5,1,2,1,10,0,100,-10,5,250,40,5,250,60,1,8,11,0,0.06,4,0.556,50,8,5
56,1,60,FrameTimeStutter,5.000,shockwave,practice,2026-09-16T14:18:06.7270312-04:00,2,1004,17.75160,16.1339,587.03,1342.68,136.000,0.000,-10.5478,8.5681,-11.5675,Left,0,0,0,0,0.0000,200.000,0,0.000,0,127.500,71.914,4.500,0.0300,0.4000,170.00,shockwave,60,450;300;200;100;50,1.5,3,0.5,1,2,1,10,0,100,-10,5,250,40,5,250,60,1,8,11,0,0.06,4,0.556,50,8,5
56,1,60,FrameTimeStutter,5.000,shockwave,practice,2026-09-16T14:18:06.7270312-04:00,2,1005,17.76892,17.3170,1070.04,1339.07,268.000,-2.000,-5.6473,8.5316,-11.5675,Right,0,0,0,0,0.0000,200.000,0,0.000,0,127.500,71.914,4.500,0.0300,0.4000,170.00,shockwave,60,450;300;200;100;50,1.5,3,0.5,1,2,1,10,0,100,-10,5,250,40,5,250,60,1,8,11,0,0.06,4,0.556,50,8,5
56,1,60,FrameTimeStutter,5.000,shockwave,practice,2026-09-16T14:18:06.7270312-04:00,2,1006,17.78525,16.3295,1455.72,1337.27,214.000,-1.000,-1.7343,8.5133,-11.5675,Right,0,0,0,0,0.0000,200.000,0,0.000,0,127.500,71.914,4.500,0.0300,0.4000,170.00,shockwave,60,450;300;200;100;50,1.5,3,0.5,1,2,1,10,0,100,-10,5,250,40,5,250,60,1,8,11,0,0.06,4,0.556,50,8,5
56,1,60,FrameTimeStutter,5.000,shockwave,practice,2026-09-16T14:18:06.7270312-04:00,2,1007,17.80183,16.5882,1868.44,1337.27,229.000,0.000,2.4530,8.5133,-11.5675,Right,0,0,0,0,0.0000,200.000,0,0.000,0,127.500,71.914,4.500,0.0300,0.4000,170.00,shockwave,60,450;300;200;100;50,1.5,3,0.5,1,2,1,10,0,100,-10,5,250,40,5,250,60,1,8,11,0,0.06,4,0.556,50,8,5
56,1,60,FrameTimeStutter,5.000,shockwave,practice,2026-09-16T14:18:06.7270312-04:00,2,1008,17.81840,16.5657,2272.14,1346.28,224.000,5.000,6.5489,8.6047,-11.5675,Right,0,0,0,0,0.0000,200.000,0,0.000,0,127.500,71.914,4.500,0.0300,0.4000,170.00,shockwave,60,450;300;200;100;50,1.5,3,0.5,1,2,1,10,0,100,-10,5,250,40,5,250,60,1,8,11,0,0.06,4,0.556,50,8,5
56,1,60,FrameTimeStutter,5.000,shockwave,practice,2026-09-16T14:18:06.7270312-04:00,2,1009,17.83554,17.1415,2558.70,1364.31,188.000,10.000,9.9866,8.7875,-11.5675,Right,0,0,0,0,0.0000,200.000,0,0.000,0,127.500,71.914,4.500,0.0300,0.4000,170.00,shockwave,60,450;300;200;100;50,1.5,3,0.5,1,2,1,10,0,100,-10,5,250,40,5,250,60,1,8,11,0,0.06,4,0.556,50,8,5
56,1,60,FrameTimeStutter,5.000,shockwave,practice,2026-09-16T14:18:06.7270312-04:00,2,1010,17.85242,16.8840,2558.70,1382.33,140.000,10.000,12.5465,8.9704,-11.5675,Right,0,0,0,0,0.0000,200.000,0,0.000,0,127.500,71.914,4.500,0.0300,0.4000,170.00,shockwave,60,450;300;200;100;50,1.5,3,0.5,1,2,1,10,0,100,-10,5,250,40,5,250,60,1,8,11,0,0.06,4,0.556,50,8,5
56,1,60,FrameTimeStutter,5.000,shockwave,practice,2026-09-16T14:18:06.7270312-04:00,2,1011,17.86851,16.0866,2558.70,1396.75,99.000,8.000,14.3568,9.1167,-11.5675,Right,0,0,0,0,0.0000,200.000,0,0.000,0,127.500,71.914,4.500,0.0300,0.4000,170.00,shockwave,60,450;300;200;100;50,1.5,3,0.5,1,2,1,10,0,100,-10,5,250,40,5,250,60,1,8,11,0,0.06,4,0.556,50,8,5
56,1,60,FrameTimeStutter,5.000,shockwave,practice,2026-09-16T14:18:06.7270312-04:00,2,1012,17.88574,17.2320,2558.70,1400.35,45.000,2.000,15.1796,9.1532,-11.5675,Right,0,0,0,0,0.0000,200.000,1,200.000,0,127.500,71.914,4.500,0.0300,0.4000,170.00,shockwave,60,450;300;200;100;50,1.5,3,0.5,1,2,1,10,0,100,-10,5,250,40,5,250,60,1,8,11,0,0.06,4,0.556,50,8,5
56,1,60,FrameTimeStutter,5.000,shockwave,practice,2026-09-16T14:18:06.7270312-04:00,2,1013,18.08959,203.8512,-0.50,1373.32,-1481.000,-15.000,-11.9009,8.8789,-11.5675,Right,0,0,0,0,0.0000,200.000,0,0.000,1,127.500,71.914,4.500,0.0300,0.4000,170.00,shockwave,60,450;300;200;100;50,1.5,3,0.5,1,2,1,10,0,100,-10,5,250,40,5,250,60,1,8,11,0,0.06,4,0.556,50,8,5
56,1,60,FrameTimeStutter,5.000,shockwave,practice,2026-09-16T14:18:06.7270312-04:00,2,1014,18.10528,15.6837,-0.50,1375.12,-47.000,1.000,-12.7603,8.8972,-11.5675,Left,0,0,0,0,0.0000,200.000,0,0.000,1,127.500,71.914,4.500,0.0300,0.4000,170.00,shockwave,60,450;300;200;100;50,1.5,3,0.5,1,2,1,10,0,100,-10,5,250,40,5,250,60,1,8,11,0,0.06,4,0.556,50,8,5
56,1,60,FrameTimeStutter,5.000,shockwave,practice,2026-09-16T14:18:06.7270312-04:00,2,1015,18.12146,16.1797,-0.50,1375.12,-9.000,0.000,-12.9248,8.8972,-11.5675,Left,0,0,0,0,0.0000,200.000,0,0.000,1,127.500,71.914,4.500,0.0300,0.4000,170.00,shockwave,60,450;300;200;100;50,1.5,3,0.5,1,2,1,10,0,100,-10,5,250,40,5,250,60,1,8,11,0,0.06,4,0.556,50,8,5
56,1,60,FrameTimeStutter,5.000,shockwave,practice,2026-09-16T14:18:06.7270312-04:00,2,1016,18.14068,19.2264,3.10,1375.12,2.000,0.000,-12.8883,8.8972,-11.5675,Left,0,0,0,0,0.0000,200.000,0,0.000,1,127.500,71.914,4.500,0.0300,0.4000,170.00,shockwave,60,450;300;200;100;50,1.5,3,0.5,1,2,1,10,0,100,-10,5,250,40,5,250,60,1,8,11,0,0.06,4,0.556,50,8,5
56,1,60,FrameTimeStutter,5.000,shockwave,practice,2026-09-16T14:18:06.7270312-04:00,2,1017,18.15486,14.1721,30.14,1375.12,15.000,0.000,-12.6140,8.8972,-11.5675,Left,0,0,0,0,0.0000,200.000,0,0.000,1,127.500,71.914,4.500,0.0300,0.4000,170.00,shockwave,60,450;300;200;100;50,1.5,3,0.5,1,2,1,10,0,100,-10,5,250,40,5,250,60,1,8,11,0,0.06,4,0.556,50,8,5
56,1,60,FrameTimeStutter,5.000,shockwave,practice,2026-09-16T14:18:06.7270312-04:00,2,1018,18.17172,16.8657,95.02,1375.12,36.000,0.000,-11.9557,8.8972,-11.5675,Left,0,0,0,0,0.0000,200.000,0,0.000,1,127.500,71.914,4.500,0.0300,0.4000,170.00,shockwave,60,450;300;200;100;50,1.5,3,0.5,1,2,1,10,0,100,-10,5,250,40,5,250,60,1,8,11,0,0.06,4,0.556,50,8,5
56,1,60,FrameTimeStutter,5.000,shockwave,practice,2026-09-16T14:18:06.7270312-04:00,2,1019,18.18827,16.5483,208.56,1375.12,63.000,0.000,-10.8037,8.8972,-11.5675,Left,0,0,0,0,0.0000,200.000,0,0.000,1,127.500,71.914,4.500,0.0300,0.4000,170.00,shockwave,60,450;300;200;100;50,1.5,3,0.5,1,2,1,10,0,100,-10,5,250,40,5,250,60,1,8,11,0,0.06,4,0.556,50,8,5
56,1,60,FrameTimeStutter,5.000,shockwave,practice,2026-09-16T14:18:06.7270312-04:00,2,1020,18.20499,16.7222,368.96,1371.51,89.000,-2.000,-9.1763,8.8607,-11.5675,Right,0,0,0,0,0.0000,200.000,0,0.000,1,127.500,71.914,4.500,0.0300,0.4000,170.00,shockwave,60,450;300;200;100;50,1.5,3,0.5,1,2,1,10,0,100,-10,5,250,40,5,250,60,1,8,11,0,0.06,4,0.556,50,8,5
56,1,60,FrameTimeStutter,5.000,shockwave,practice,2026-09-16T14:18:06.7270312-04:00,2,1021,18.22217,17.1768,601.45,1369.71,129.000,-1.000,-6.8175,8.8424,-11.5675,Right,0,0,0,0,0.0000,200.000,0,0.000,1,127.500,71.914,4.500,0.0300,0.4000,170.00,shockwave,60,450;300;200;100;50,1.5,3,0.5,1,2,1,10,0,100,-10,5,250,40,5,250,60,1,8,11,0,0.06,4,0.556,50,8,5
56,1,60,FrameTimeStutter,5.000,shockwave,practice,2026-09-16T14:18:06.7270312-04:00,2,1022,18.23815,15.9852,873.59,1369.71,151.000,0.000,-4.0564,8.8424,-11.5675,Right,0,0,0,0,0.0000,200.000,0,0.000,1,127.500,71.914,4.500,0.0300,0.4000,170.00,shockwave,60,450;300;200;100;50,1.5,3,0.5,1,2,1,10,0,100,-10,5,250,40,5,250,60,1,8,11,0,0.06,4,0.556,50,8,5
56,1,60,FrameTimeStutter,5.000,shockwave,practice,2026-09-16T14:18:06.7270312-04:00,2,1023,18.25510,16.9471,1198.00,1375.12,180.000,3.000,-0.7651,8.8972,-11.5675,Right,0,0,0,0,0.0000,200.000,0,0.000,1,127.500,71.914,4.500,0.0300,0.4000,170.00,shockwave,60,450;300;200;100;50,1.5,3,0.5,1,2,1,10,0,100,-10,5,250,40,5,250,60,1,8,11,0,0.06,4,0.556,50,8,5
56,1,60,FrameTimeStutter,5.000,shockwave,practice,2026-09-16T14:18:06.7270312-04:00,2,1024,18.27151,16.4068,1531.41,1385.93,185.000,6.000,2.6177,9.0069,-11.5675,Right,0,0,0,0,0.0000,200.000,0,0.000,1,127.500,71.914,4.500,0.0300,0.4000,170.00,shockwave,60,450;300;200;100;50,1.5,3,0.5,1,2,1,10,0,100,-10,5,250,40,5,250,60,1,8,11,0,0.06,4,0.556,50,8,5
56,1,60,FrameTimeStutter,5.000,shockwave,practice,2026-09-16T14:18:06.7270312-04:00,2,1025,18.28890,17.3915,1929.71,1407.56,221.000,12.000,6.6587,9.2264,-11.5675,Right,0,0,0,0,0.0000,200.000,0,0.000,1,127.500,71.914,4.500,0.0300,0.4000,170.00,shockwave,60,450;300;200;100;50,1.5,3,0.5,1,2,1,10,0,100,-10,5,250,40,5,250,60,1,8,11,0,0.06,4,0.556,50,8,5
56,1,60,FrameTimeStutter,5.000,shockwave,practice,2026-09-16T14:18:06.7270312-04:00,2,1026,18.30595,17.0477,2120.75,1420.18,106.000,7.000,8.5970,9.3544,-11.5675,Right,0,0,0,0,0.0000,200.000,0,0.000,1,127.500,71.914,4.500,0.0300,0.4000,170.00,shockwave,60,450;300;200;100;50,1.5,3,0.5,1,2,1,10,0,100,-10,5,250,40,5,250,60,1,8,11,0,0.06,4,0.556,50,8,5
56,1,60,FrameTimeStutter,5.000,shockwave,practice,2026-09-16T14:18:06.7270312-04:00,2,1027,18.32221,16.2644,2248.71,1425.58,71.000,3.000,9.8952,9.4092,-11.5675,Right,0,0,0,0,0.0000,200.000,0,0.000,1,127.500,71.914,4.500,0.0300,0.4000,170.00,shockwave,60,450;300;200;100;50,1.5,3,0.5,1,2,1,10,0,100,-10,5,250,40,5,250,60,1,8,11,0,0.06,4,0.556,50,8,5
56,1,60,FrameTimeStutter,5.000,shockwave,practice,2026-09-16T14:18:06.7270312-04:00,2,1028,18.33888,16.6706,2302.78,1427.38,30.000,1.000,10.4438,9.4275,-11.5675,Right,0,0,0,0,0.0000,200.000,0,0.000,1,127.500,71.914,4.500,0.0300,0.4000,170.00,shockwave,60,450;300;200;100;50,1.5,3,0.5,1,2,1,10,0,100,-10,5,250,40,5,250,60,1,8,11,0,0.06,4,0.556,50,8,5
56,1,60,FrameTimeStutter,5.000,shockwave,practice,2026-09-16T14:18:06.7270312-04:00,2,1029,18.35517,16.2858,2306.38,1427.38,2.000,0.000,10.4804,9.4275,-11.5675,Right,0,0,0,0,0.0000,200.000,0,0.000,1,127.500,71.914,4.500,0.0300,0.4000,170.00,shockwave,60,450;300;200;100;50,1.5,3,0.5,1,2,1,10,0,100,-10,5,250,40,5,250,60,1,8,11,0,0.06,4,0.556,50,8,5
56,1,60,FrameTimeStutter,5.000,shockwave,practice,2026-09-16T14:18:06.7270312-04:00,2,1030,18.37228,17.1163,2300.98,1427.38,-3.000,0.000,10.4255,9.4275,-11.5675,Right,0,0,0,0,0.0000,200.000,0,0.000,1,127.500,71.914,4.500,0.0300,0.4000,170.00,shockwave,60,450;300;200;100;50,1.5,3,0.5,1,2,1,10,0,100,-10,5,250,40,5,250,60,1,8,11,0,0.06,4,0.556,50,8,5
56,1,60,FrameTimeStutter,5.000,shockwave,practice,2026-09-16T14:18:06.7270312-04:00,2,1031,18.38844,16.1574,2284.76,1427.38,-9.000,0.000,10.2609,9.4275,-11.5675,Right,0,0,0,0,0.0000,200.000,0,0.000,1,127.500,71.914,4.500,0.0300,0.4000,170.00,shockwave,60,450;300;200;100;50,1.5,3,0.5,1,2,1,10,0,100,-10,5,250,40,5,250,60,1,8,11,0,0.06,4,0.556,50,8,5
56,1,60,FrameTimeStutter,5.000,shockwave,practice,2026-09-16T14:18:06.7270312-04:00,3,1032,18.40530,16.8628,2272.14,1427.38,-7.000,0.000,10.1329,9.4275,-11.5675,Right,1,1,0,1,10.2609,100.000,0,0.000,0,127.500,71.914,4.500,0.0300,0.5000,270.00,shockwave,60,450;300;200;100;50,1.5,3,0.5,1,2,1,10,0,100,-10,5,250,40,5,250,60,1,8,11,0,0.06,4,0.556,50,8,5
56,1,60,FrameTimeStutter,5.000,shockwave,practice,2026-09-16T14:18:06.7270312-04:00,3,1033,18.42174,16.4342,2272.14,1427.38,0.000,0.000,10.1329,9.4275,-11.5675,Right,1,0,0,0,0.0000,100.000,0,0.000,0,127.500,71.914,4.500,0.0300,0.5000,270.00,shockwave,60,450;300;200;100;50,1.5,3,0.5,1,2,1,10,0,100,-10,5,250,40,5,250,60,1,8,11,0,0.06,4,0.556,50,8,5
56,1,60,FrameTimeStutter,5.000,shockwave,practice,2026-09-16T14:18:06.7270312-04:00,3,1034,18.43893,17.1949,2272.14,1427.38,0.000,0.000,10.1329,9.4275,-11.5675,Right,1,0,0,0,0.0000,100.000,0,0.000,0,127.500,71.914,4.500,0.0300,0.5000,270.00,shockwave,60,450;300;200;100;50,1.5,3,0.5,1,2,1,10,0,100,-10,5,250,40,5,250,60,1,8,11,0,0.06,4,0.556,50,8,5
56,1,60,FrameTimeStutter,5.000,shockwave,practice,2026-09-16T14:18:06.7270312-04:00,3,1035,18.45514,16.2040,2272.14,1427.38,0.000,0.000,10.1329,9.4275,-11.5675,Right,1,0,0,0,0.0000,100.000,0,0.000,0,127.500,71.914,4.500,0.0300,0.5000,270.00,shockwave,60,450;300;200;100;50,1.5,3,0.5,1,2,1,10,0,100,-10,5,250,40,5,250,60,1,8,11,0,0.06,4,0.556,50,8,5
56,1,60,FrameTimeStutter,5.000,shockwave,practice,2026-09-16T14:18:06.7270312-04:00,3,1036,18.47150,16.3641,2272.14,1427.38,0.000,0.000,10.1329,9.4275,-11.5675,Right,1,0,0,0,0.0000,100.000,0,0.000,0,127.500,71.914,4.500,0.0300,0.5000,270.00,shockwave,60,450;300;200;100;50,1.5,3,0.5,1,2,1,10,0,100,-10,5,250,40,5,250,60,1,8,11,0,0.06,4,0.556,50,8,5
56,1,60,FrameTimeStutter,5.000,shockwave,practice,2026-09-16T14:18:06.7270312-04:00,3,1037,18.48863,17.1304,2272.14,1427.38,0.000,0.000,10.1329,9.4275,-11.5675,Right,1,0,0,0,0.0000,100.000,0,0.000,0,127.500,71.914,4.500,0.0300,0.5000,270.00,shockwave,60,450;300;200;100;50,1.5,3,0.5,1,2,1,10,0,100,-10,5,250,40,5,250,60,1,8,11,0,0.06,4,0.556,50,8,5
56,1,60,FrameTimeStutter,5.000,shockwave,practice,2026-09-16T14:18:06.7270312-04:00,3,1038,18.50519,16.5554,2272.14,1427.38,0.000,0.000,10.1329,9.4275,-11.5675,Right,0,0,0,0,0.0000,100.000,0,0.000,0,127.500,71.914,4.500,0.0300,0.5000,270.00,shockwave,60,450;300;200;100;50,1.5,3,0.5,1,2,1,10,0,100,-10,5,250,40,5,250,60,1,8,11,0,0.06,4,0.556,50,8,5
56,1,60,FrameTimeStutter,5.000,shockwave,practice,2026-09-16T14:18:06.7270312-04:00,3,1039,18.52191,16.7255,2272.14,1427.38,0.000,0.000,10.1329,9.4275,-11.5675,Right,0,0,0,0,0.0000,100.000,0,0.000,0,127.500,71.914,4.500,0.0300,0.5000,270.00,shockwave,60,450;300;200;100;50,1.5,3,0.5,1,2,1,10,0,100,-10,5,250,40,5,250,60,1,8,11,0,0.06,4,0.556,50,8,5
56,1,60,FrameTimeStutter,5.000,shockwave,practice,2026-09-16T14:18:06.7270312-04:00,3,1040,18.53871,16.7960,2272.14,1427.38,0.000,0.000,10.1329,9.4275,-11.5675,Right,0,0,0,0,0.0000,100.000,0,0.000,0,127.500,71.914,4.500,0.0300,0.5000,270.00,shockwave,60,450;300;200;100;50,1.5,3,0.5,1,2,1,10,0,100,-10,5,250,40,5,250,60,1,8,11,0,0.06,4,0.556,50,8,5
56,1,60,FrameTimeStutter,5.000,shockwave,practice,2026-09-16T14:18:06.7270312-04:00,3,1041,18.55494,16.2346,2272.14,1427.38,0.000,0.000,10.1329,9.4275,-11.5675,Right,0,0,0,0,0.0000,100.000,0,0.000,0,127.500,71.914,4.500,0.0300,0.5000,270.00,shockwave,60,450;300;200;100;50,1.5,3,0.5,1,2,1,10,0,100,-10,5,250,40,5,250,60,1,8,11,0,0.06,4,0.556,50,8,5
56,1,60,FrameTimeStutter,5.000,shockwave,practice,2026-09-16T14:18:06.7270312-04:00,3,1042,18.57219,17.2475,2272.14,1427.38,0.000,0.000,10.1329,9.4275,-11.5675,Right,0,0,0,0,0.0000,100.000,0,0.000,0,127.500,71.914,4.500,0.0300,0.5000,270.00,shockwave,60,450;300;200;100;50,1.5,3,0.5,1,2,1,10,0,100,-10,5,250,40,5,250,60,1,8,11,0,0.06,4,0.556,50,8,5
56,1,60,FrameTimeStutter,5.000,shockwave,practice,2026-09-16T14:18:06.7270312-04:00,3,1043,18.58837,16.1782,2272.14,1427.38,0.000,0.000,10.1329,9.4275,-11.5675,Right,0,0,0,0,0.0000,100.000,0,0.000,0,127.500,71.914,4.500,0.0300,0.5000,270.00,shockwave,60,450;300;200;100;50,1.5,3,0.5,1,2,1,10,0,100,-10,5,250,40,5,250,60,1,8,11,0,0.06,4,0.556,50,8,5
56,1,60,FrameTimeStutter,5.000,shockwave,practice,2026-09-16T14:18:06.7270312-04:00,3,1044,18.60528,16.9104,2272.14,1427.38,0.000,0.000,10.1329,9.4275,-11.5675,Right,0,0,0,0,0.0000,100.000,0,0.000,0,127.500,71.914,4.500,0.0300,0.5000,270.00,shockwave,60,450;300;200;100;50,1.5,3,0.5,1,2,1,10,0,100,-10,5,250,40,5,250,60,1,8,11,0,0.06,4,0.556,50,8,5
56,1,60,FrameTimeStutter,5.000,shockwave,practice,2026-09-16T14:18:06.7270312-04:00,3,1045,18.62194,16.6615,2272.14,1427.38,0.000,0.000,10.1329,9.4275,-11.5675,Right,0,0,0,0,0.0000,100.000,0,0.000,0,127.500,71.914,4.500,0.0300,0.5000,270.00,shockwave,60,450;300;200;100;50,1.5,3,0.5,1,2,1,10,0,100,-10,5,250,40,5,250,60,1,8,11,0,0.06,4,0.556,50,8,5
56,1,60,FrameTimeStutter,5.000,shockwave,practice,2026-09-16T14:18:06.7270312-04:00,3,1046,18.63841,16.4673,2272.14,1427.38,0.000,0.000,10.1329,9.4275,-11.5675,Right,0,0,0,0,0.0000,100.000,0,0.000,0,127.500,71.914,4.500,0.0300,0.5000,270.00,shockwave,60,450;300;200;100;50,1.5,3,0.5,1,2,1,10,0,100,-10,5,250,40,5,250,60,1,8,11,0,0.06,4,0.556,50,8,5
56,1,60,FrameTimeStutter,5.000,shockwave,practice,2026-09-16T14:18:06.7270312-04:00,3,1047,18.65553,17.1223,2272.14,1427.38,0.000,0.000,10.1329,9.4275,-11.5675,Right,0,0,0,0,0.0000,100.000,0,0.000,0,127.500,71.914,4.500,0.0300,0.5000,270.00,shockwave,60,450;300;200;100;50,1.5,3,0.5,1,2,1,10,0,100,-10,5,250,40,5,250,60,1,8,11,0,0.06,4,0.556,50,8,5
56,1,60,FrameTimeStutter,5.000,shockwave,practice,2026-09-16T14:18:06.7270312-04:00,3,1048,18.67182,16.2922,2272.14,1427.38,0.000,0.000,10.1329,9.4275,-11.5675,Right,0,0,0,0,0.0000,100.000,0,0.000,0,127.500,71.914,4.500,0.0300,0.5000,270.00,shockwave,60,450;300;200;100;50,1.5,3,0.5,1,2,1,10,0,100,-10,5,250,40,5,250,60,1,8,11,0,0.06,4,0.556,50,8,5
56,1,60,FrameTimeStutter,5.000,shockwave,practice,2026-09-16T14:18:06.7270312-04:00,3,1049,18.68811,16.2916,2272.14,1427.38,0.000,0.000,10.1329,9.4275,-11.5675,Right,0,0,0,0,0.0000,100.000,0,0.000,0,127.500,71.914,4.500,0.0300,0.5000,270.00,shockwave,60,450;300;200;100;50,1.5,3,0.5,1,2,1,10,0,100,-10,5,250,40,5,250,60,1,8,11,0,0.06,4,0.556,50,8,5
56,1,60,FrameTimeStutter,5.000,shockwave,practice,2026-09-16T14:18:06.7270312-04:00,3,1050,18.70510,16.9848,2272.14,1427.38,0.000,0.000,10.1329,9.4275,-11.5675,Right,0,0,0,0,0.0000,100.000,0,0.000,0,127.500,71.914,4.500,0.0300,0.5000,270.00,shockwave,60,450;300;200;100;50,1.5,3,0.5,1,2,1,10,0,100,-10,5,250,40,5,250,60,1,8,11,0,0.06,4,0.556,50,8,5
56,1,60,FrameTimeStutter,5.000,shockwave,practice,2026-09-16T14:18:06.7270312-04:00,3,1051,18.72161,16.5058,2272.14,1427.38,0.000,0.000,10.1329,9.4275,-11.5675,Right,0,0,0,0,0.0000,100.000,0,0.000,0,127.500,71.914,4.500,0.0300,0.5000,270.00,shockwave,60,450;300;200;100;50,1.5,3,0.5,1,2,1,10,0,100,-10,5,250,40,5,250,60,1,8,11,0,0.06,4,0.556,50,8,5
56,1,60,FrameTimeStutter,5.000,shockwave,practice,2026-09-16T14:18:06.7270312-04:00,3,1052,18.73841,16.8088,2272.14,1427.38,0.000,0.000,10.1329,9.4275,-11.5675,Right,0,0,0,0,0.0000,100.000,0,0.000,0,127.500,71.914,4.500,0.0300,0.5000,270.00,shockwave,60,450;300;200;100;50,1.5,3,0.5,1,2,1,10,0,100,-10,5,250,40,5,250,60,1,8,11,0,0.06,4,0.556,50,8,5
56,1,60,FrameTimeStutter,5.000,shockwave,practice,2026-09-16T14:18:06.7270312-04:00,3,1053,18.75481,16.3992,2272.14,1427.38,0.000,0.000,10.1329,9.4275,-11.5675,Right,0,0,0,0,0.0000,100.000,0,0.000,0,127.500,71.914,4.500,0.0300,0.5000,270.00,shockwave,60,450;300;200;100;50,1.5,3,0.5,1,2,1,10,0,100,-10,5,250,40,5,250,60,1,8,11,0,0.06,4,0.556,50,8,5
56,1,60,FrameTimeStutter,5.000,shockwave,practice,2026-09-16T14:18:06.7270312-04:00,3,1054,18.77175,16.9394,2272.14,1427.38,0.000,0.000,10.1329,9.4275,-11.5675,Right,0,0,0,0,0.0000,100.000,0,0.000,0,127.500,71.914,4.500,0.0300,0.5000,270.00,shockwave,60,450;300;200;100;50,1.5,3,0.5,1,2,1,10,0,100,-10,5,250,40,5,250,60,1,8,11,0,0.06,4,0.556,50,8,5
56,1,60,FrameTimeStutter,5.000,shockwave,practice,2026-09-16T14:18:06.7270312-04:00,3,1055,18.78892,17.1705,2272.14,1427.38,0.000,0.000,10.1329,9.4275,-11.5675,Right,0,0,0,0,0.0000,100.000,0,0.000,0,127.500,71.914,4.500,0.0300,0.5000,270.00,shockwave,60,450;300;200;100;50,1.5,3,0.5,1,2,1,10,0,100,-10,5,250,40,5,250,60,1,8,11,0,0.06,4,0.556,50,8,5
56,1,60,FrameTimeStutter,5.000,shockwave,practice,2026-09-16T14:18:06.7270312-04:00,3,1056,18.80536,16.4389,2272.14,1427.38,0.000,0.000,10.1329,9.4275,-11.5675,Right,0,0,0,0,0.0000,100.000,0,0.000,0,127.500,71.914,4.500,0.0300,0.5000,270.00,shockwave,60,450;300;200;100;50,1.5,3,0.5,1,2,1,10,0,100,-10,5,250,40,5,250,60,1,8,11,0,0.06,4,0.556,50,8,5
56,1,60,FrameTimeStutter,5.000,shockwave,practice,2026-09-16T14:18:06.7270312-04:00,3,1057,18.82147,16.1125,2272.14,1427.38,0.000,0.000,10.1329,9.4275,-11.5675,Right,0,0,0,0,0.0000,100.000,0,0.000,0,127.500,71.914,4.500,0.0300,0.5000,270.00,shockwave,60,450;300;200;100;50,1.5,3,0.5,1,2,1,10,0,100,-10,5,250,40,5,250,60,1,8,11,0,0.06,4,0.556,50,8,5
56,1,60,FrameTimeStutter,5.000,shockwave,practice,2026-09-16T14:18:06.7270312-04:00,3,1058,18.83843,16.9575,2272.14,1427.38,0.000,0.000,10.1329,9.4275,-11.5675,Right,0,0,0,0,0.0000,100.000,0,0.000,0,127.500,71.914,4.500,0.0300,0.5000,270.00,shockwave,60,450;300;200;100;50,1.5,3,0.5,1,2,1,10,0,100,-10,5,250,40,5,250,60,1,8,11,0,0.06,4,0.556,50,8,5
56,1,60,FrameTimeStutter,5.000,shockwave,practice,2026-09-16T14:18:06.7270312-04:00,3,1059,18.85508,16.6519,2272.14,1427.38,0.000,0.000,10.1329,9.4275,-11.5675,Right,0,0,0,0,0.0000,100.000,0,0.000,0,127.500,71.914,4.500,0.0300,0.5000,270.00,shockwave,60,450;300;200;100;50,1.5,3,0.5,1,2,1,10,0,100,-10,5,250,40,5,250,60,1,8,11,0,0.06,4,0.556,50,8,5
56,1,60,FrameTimeStutter,5.000,shockwave,practice,2026-09-16T14:18:06.7270312-04:00,3,1060,18.87231,17.2309,2272.14,1427.38,0.000,0.000,10.1329,9.4275,-11.5675,Right,0,0,0,0,0.0000,100.000,0,0.000,0,127.500,71.914,4.500,0.0300,0.5000,270.00,shockwave,60,450;300;200;100;50,1.5,3,0.5,1,2,1,10,0,100,-10,5,250,40,5,250,60,1,8,11,0,0.06,4,0.556,50,8,5
56,1,60,FrameTimeStutter,5.000,shockwave,practice,2026-09-16T14:18:06.7270312-04:00,3,1061,18.88835,16.0372,2272.14,1427.38,0.000,0.000,10.1329,9.4275,-11.5675,Right,0,0,0,0,0.0000,100.000,0,0.000,0,127.500,71.914,4.500,0.0300,0.5000,270.00,shockwave,60,450;300;200;100;50,1.5,3,0.5,1,2,1,10,0,100,-10,5,250,40,5,250,60,1,8,11,0,0.06,4,0.556,50,8,5
56,1,60,FrameTimeStutter,5.000,shockwave,practice,2026-09-16T14:18:06.7270312-04:00,3,1062,18.90544,17.0838,2272.14,1427.38,0.000,0.000,10.1329,9.4275,-11.5675,Right,0,0,0,0,0.0000,100.000,0,0.000,0,127.500,71.914,4.500,0.0300,0.5000,270.00,shockwave,60,450;300;200;100;50,1.5,3,0.5,1,2,1,10,0,100,-10,5,250,40,5,250,60,1,8,11,0,0.06,4,0.556,50,8,5
56,1,60,FrameTimeStutter,5.000,shockwave,practice,2026-09-16T14:18:06.7270312-04:00,3,1063,18.92211,16.6740,2272.14,1427.38,0.000,0.000,10.1329,9.4275,-11.5675,Right,0,0,0,0,0.0000,100.000,0,0.000,0,127.500,71.914,4.500,0.0300,0.5000,270.00,shockwave,60,450;300;200;100;50,1.5,3,0.5,1,2,1,10,0,100,-10,5,250,40,5,250,60,1,8,11,0,0.06,4,0.556,50,8,5
56,1,60,FrameTimeStutter,5.000,shockwave,practice,2026-09-16T14:18:06.7270312-04:00,3,1064,18.93875,16.6431,2272.14,1427.38,0.000,0.000,10.1329,9.4275,-11.5675,Right,0,0,0,0,0.0000,100.000,0,0.000,0,127.500,71.914,4.500,0.0300,0.5000,270.00,shockwave,60,450;300;200;100;50,1.5,3,0.5,1,2,1,10,0,100,-10,5,250,40,5,250,60,1,8,11,0,0.06,4,0.556,50,8,5
56,1,60,FrameTimeStutter,5.000,shockwave,practice,2026-09-16T14:18:06.7270312-04:00,3,1065,18.95547,16.7196,2272.14,1427.38,0.000,0.000,10.1329,9.4275,-11.5675,Right,0,0,0,0,0.0000,100.000,0,0.000,0,127.500,71.914,4.500,0.0300,0.5000,270.00,shockwave,60,450;300;200;100;50,1.5,3,0.5,1,2,1,10,0,100,-10,5,250,40,5,250,60,1,8,11,0,0.06,4,0.556,50,8,5
56,1,60,FrameTimeStutter,5.000,shockwave,practice,2026-09-16T14:18:06.7270312-04:00,3,1066,18.97208,16.6067,2272.14,1427.38,0.000,0.000,10.1329,9.4275,-11.5675,Right,0,0,0,0,0.0000,100.000,0,0.000,0,127.500,71.914,4.500,0.0300,0.5000,270.00,shockwave,60,450;300;200;100;50,1.5,3,0.5,1,2,1,10,0,100,-10,5,250,40,5,250,60,1,8,11,0,0.06,4,0.556,50,8,5
56,1,60,FrameTimeStutter,5.000,shockwave,practice,2026-09-16T14:18:06.7270312-04:00,3,1067,18.98820,16.1165,2272.14,1427.38,0.000,0.000,10.1329,9.4275,-11.5675,Right,0,0,0,0,0.0000,100.000,0,0.000,0,127.500,71.914,4.500,0.0300,0.5000,270.00,shockwave,60,450;300;200;100;50,1.5,3,0.5,1,2,1,10,0,100,-10,5,250,40,5,250,60,1,8,11,0,0.06,4,0.556,50,8,5
56,1,60,FrameTimeStutter,5.000,shockwave,practice,2026-09-16T14:18:06.7270312-04:00,3,1068,19.00489,16.6958,2272.14,1427.38,0.000,0.000,10.1329,9.4275,-11.5675,Right,0,0,0,0,0.0000,100.000,0,0.000,0,127.500,71.914,4.500,0.0300,0.5000,270.00,shockwave,60,450;300;200;100;50,1.5,3,0.5,1,2,1,10,0,100,-10,5,250,40,5,250,60,1,8,11,0,0.06,4,0.556,50,8,5
56,1,60,FrameTimeStutter,5.000,shockwave,practice,2026-09-16T14:18:06.7270312-04:00,3,1069,19.02196,17.0635,2272.14,1427.38,0.000,0.000,10.1329,9.4275,-11.5675,Right,0,0,0,0,0.0000,100.000,0,0.000,0,127.500,71.914,4.500,0.0300,0.5000,270.00,shockwave,60,450;300;200;100;50,1.5,3,0.5,1,2,1,10,0,100,-10,5,250,40,5,250,60,1,8,11,0,0.06,4,0.556,50,8,5
56,1,60,FrameTimeStutter,5.000,shockwave,practice,2026-09-16T14:18:06.7270312-04:00,3,1070,19.03870,16.7418,2272.14,1427.38,0.000,0.000,10.1329,9.4275,-11.5675,Right,0,0,0,0,0.0000,100.000,0,0.000,0,127.500,71.914,4.500,0.0300,0.5000,270.00,shockwave,60,450;300;200;100;50,1.5,3,0.5,1,2,1,10,0,100,-10,5,250,40,5,250,60,1,8,11,0,0.06,4,0.556,50,8,5
56,1,60,FrameTimeStutter,5.000,shockwave,practice,2026-09-16T14:18:06.7270312-04:00,3,1071,19.05544,16.7391,2272.14,1427.38,0.000,0.000,10.1329,9.4275,-11.5675,Right,0,0,0,0,0.0000,100.000,0,0.000,0,127.500,71.914,4.500,0.0300,0.5000,270.00,shockwave,60,450;300;200;100;50,1.5,3,0.5,1,2,1,10,0,100,-10,5,250,40,5,250,60,1,8,11,0,0.06,4,0.556,50,8,5
56,1,60,FrameTimeStutter,5.000,shockwave,practice,2026-09-16T14:18:06.7270312-04:00,3,1072,19.07158,16.1391,2272.14,1427.38,0.000,0.000,10.1329,9.4275,-11.5675,Right,0,0,0,0,0.0000,100.000,0,0.000,0,127.500,71.914,4.500,0.0300,0.5000,270.00,shockwave,60,450;300;200;100;50,1.5,3,0.5,1,2,1,10,0,100,-10,5,250,40,5,250,60,1,8,11,0,0.06,4,0.556,50,8,5
56,1,60,FrameTimeStutter,5.000,shockwave,practice,2026-09-16T14:18:06.7270312-04:00,3,1073,19.08874,17.1668,2272.14,1427.38,0.000,0.000,10.1329,9.4275,-11.5675,Right,0,0,0,0,0.0000,100.000,0,0.000,0,127.500,71.914,4.500,0.0300,0.5000,270.00,shockwave,60,450;300;200;100;50,1.5,3,0.5,1,2,1,10,0,100,-10,5,250,40,5,250,60,1,8,11,0,0.06,4,0.556,50,8,5
56,1,60,FrameTimeStutter,5.000,shockwave,practice,2026-09-16T14:18:06.7270312-04:00,3,1074,19.10495,16.2055,2272.14,1427.38,0.000,0.000,10.1329,9.4275,-11.5675,Right,0,0,0,0,0.0000,100.000,0,0.000,0,127.500,71.914,4.500,0.0300,0.5000,270.00,shockwave,60,450;300;200;100;50,1.5,3,0.5,1,2,1,10,0,100,-10,5,250,40,5,250,60,1,8,11,0,0.06,4,0.556,50,8,5
56,1,60,FrameTimeStutter,5.000,shockwave,practice,2026-09-16T14:18:06.7270312-04:00,3,1075,19.12227,17.3185,2272.14,1427.38,0.000,0.000,10.1329,9.4275,-11.5675,Right,0,0,0,0,0.0000,100.000,0,0.000,0,127.500,71.914,4.500,0.0300,0.5000,270.00,shockwave,60,450;300;200;100;50,1.5,3,0.5,1,2,1,10,0,100,-10,5,250,40,5,250,60,1,8,11,0,0.06,4,0.556,50,8,5
56,1,60,FrameTimeStutter,5.000,shockwave,practice,2026-09-16T14:18:06.7270312-04:00,3,1076,19.13894,16.6689,2272.14,1427.38,0.000,0.000,10.1329,9.4275,-11.5675,Right,0,0,0,0,0.0000,100.000,0,0.000,0,127.500,71.914,4.500,0.0300,0.5000,270.00,shockwave,60,450;300;200;100;50,1.5,3,0.5,1,2,1,10,0,100,-10,5,250,40,5,250,60,1,8,11,0,0.06,4,0.556,50,8,5
56,1,60,FrameTimeStutter,5.000,shockwave,practice,2026-09-16T14:18:06.7270312-04:00,3,1077,19.15504,16.1042,2272.14,1427.38,0.000,0.000,10.1329,9.4275,-11.5675,Right,0,0,0,0,0.0000,100.000,0,0.000,0,127.500,71.914,4.500,0.0300,0.5000,270.00,shockwave,60,450;300;200;100;50,1.5,3,0.5,1,2,1,10,0,100,-10,5,250,40,5,250,60,1,8,11,0,0.06,4,0.556,50,8,5
56,1,60,FrameTimeStutter,5.000,shockwave,practice,2026-09-16T14:18:06.7270312-04:00,3,1078,19.17159,16.5483,2272.14,1427.38,0.000,0.000,10.1329,9.4275,-11.5675,Right,0,0,0,0,0.0000,100.000,0,0.000,0,127.500,71.914,4.500,0.0300,0.5000,270.00,shockwave,60,450;300;200;100;50,1.5,3,0.5,1,2,1,10,0,100,-10,5,250,40,5,250,60,1,8,11,0,0.06,4,0.556,50,8,5
56,1,60,FrameTimeStutter,5.000,shockwave,practice,2026-09-16T14:18:06.7270312-04:00,3,1079,19.18822,16.6352,2272.14,1427.38,0.000,0.000,10.1329,9.4275,-11.5675,Right,0,0,0,0,0.0000,100.000,0,0.000,0,127.500,71.914,4.500,0.0300,0.5000,270.00,shockwave,60,450;300;200;100;50,1.5,3,0.5,1,2,1,10,0,100,-10,5,250,40,5,250,60,1,8,11,0,0.06,4,0.556,50,8,5
56,1,60,FrameTimeStutter,5.000,shockwave,practice,2026-09-16T14:18:06.7270312-04:00,3,1080,19.20501,16.7823,2272.14,1427.38,0.000,0.000,10.1329,9.4275,-11.5675,Right,0,0,0,0,0.0000,100.000,0,0.000,0,127.500,71.914,4.500,0.0300,0.5000,270.00,shockwave,60,450;300;200;100;50,1.5,3,0.5,1,2,1,10,0,100,-10,5,250,40,5,250,60,1,8,11,0,0.06,4,0.556,50,8,5
56,1,60,FrameTimeStutter,5.000,shockwave,practice,2026-09-16T14:18:06.7270312-04:00,3,1081,19.22193,16.9271,2272.14,1427.38,0.000,0.000,10.1329,9.4275,-11.5675,Right,0,0,0,0,0.0000,100.000,0,0.000,0,127.500,71.914,4.500,0.0300,0.5000,270.00,shockwave,60,450;300;200;100;50,1.5,3,0.5,1,2,1,10,0,100,-10,5,250,40,5,250,60,1,8,11,0,0.06,4,0.556,50,8,5
56,1,60,FrameTimeStutter,5.000,shockwave,practice,2026-09-16T14:18:06.7270312-04:00,3,1082,19.23837,16.4396,2272.14,1427.38,0.000,0.000,10.1329,9.4275,-11.5675,Right,0,0,0,0,0.0000,100.000,0,0.000,0,127.500,71.914,4.500,0.0300,0.5000,270.00,shockwave,60,450;300;200;100;50,1.5,3,0.5,1,2,1,10,0,100,-10,5,250,40,5,250,60,1,8,11,0,0.06,4,0.556,50,8,5
56,1,60,FrameTimeStutter,5.000,shockwave,practice,2026-09-16T14:18:06.7270312-04:00,3,1083,19.25488,16.5041,2272.14,1427.38,0.000,0.000,10.1329,9.4275,-11.5675,Right,0,0,0,0,0.0000,100.000,0,0.000,0,127.500,71.914,4.500,0.0300,0.5000,270.00,shockwave,60,450;300;200;100;50,1.5,3,0.5,1,2,1,10,0,100,-10,5,250,40,5,250,60,1,8,11,0,0.06,4,0.556,50,8,5
56,1,60,FrameTimeStutter,5.000,shockwave,practice,2026-09-16T14:18:06.7270312-04:00,3,1084,19.27216,17.2852,2272.14,1427.38,0.000,0.000,10.1329,9.4275,-11.5675,Right,0,0,0,0,0.0000,100.000,0,0.000,0,127.500,71.914,4.500,0.0300,0.5000,270.00,shockwave,60,450;300;200;100;50,1.5,3,0.5,1,2,1,10,0,100,-10,5,250,40,5,250,60,1,8,11,0,0.06,4,0.556,50,8,5
56,1,60,FrameTimeStutter,5.000,shockwave,practice,2026-09-16T14:18:06.7270312-04:00,3,1085,19.28887,16.7081,2272.14,1427.38,0.000,0.000,10.1329,9.4275,-11.5675,Right,0,0,0,0,0.0000,100.000,0,0.000,0,127.500,71.914,4.500,0.0300,0.5000,270.00,shockwave,60,450;300;200;100;50,1.5,3,0.5,1,2,1,10,0,100,-10,5,250,40,5,250,60,1,8,11,0,0.06,4,0.556,50,8,5
56,1,60,FrameTimeStutter,5.000,shockwave,practice,2026-09-16T14:18:06.7270312-04:00,3,1086,19.30491,16.0434,2272.14,1427.38,0.000,0.000,10.1329,9.4275,-11.5675,Right,0,0,0,0,0.0000,100.000,0,0.000,0,127.500,71.914,4.500,0.0300,0.5000,270.00,shockwave,60,450;300;200;100;50,1.5,3,0.5,1,2,1,10,0,100,-10,5,250,40,5,250,60,1,8,11,0,0.06,4,0.556,50,8,5
56,1,60,FrameTimeStutter,5.000,shockwave,practice,2026-09-16T14:18:06.7270312-04:00,3,1087,19.32227,17.3542,2272.14,1427.38,0.000,0.000,10.1329,9.4275,-11.5675,Right,0,0,0,0,0.0000,100.000,0,0.000,0,127.500,71.914,4.500,0.0300,0.5000,270.00,shockwave,60,450;300;200;100;50,1.5,3,0.5,1,2,1,10,0,100,-10,5,250,40,5,250,60,1,8,11,0,0.06,4,0.556,50,8,5
56,1,60,FrameTimeStutter,5.000,shockwave,practice,2026-09-16T14:18:06.7270312-04:00,3,1088,19.33864,16.3746,2272.14,1427.38,0.000,0.000,10.1329,9.4275,-11.5675,Right,0,0,0,0,0.0000,100.000,0,0.000,0,127.500,71.914,4.500,0.0300,0.5000,270.00,shockwave,60,450;300;200;100;50,1.5,3,0.5,1,2,1,10,0,100,-10,5,250,40,5,250,60,1,8,11,0,0.06,4,0.556,50,8,5
56,1,60,FrameTimeStutter,5.000,shockwave,practice,2026-09-16T14:18:06.7270312-04:00,3,1089,19.35564,16.9950,2272.14,1427.38,0.000,0.000,10.1329,9.4275,-11.5675,Right,0,0,0,0,0.0000,100.000,0,0.000,0,127.500,71.914,4.500,0.0300,0.5000,270.00,shockwave,60,450;300;200;100;50,1.5,3,0.5,1,2,1,10,0,100,-10,5,250,40,5,250,60,1,8,11,0,0.06,4,0.556,50,8,5
56,1,60,FrameTimeStutter,5.000,shockwave,practice,2026-09-16T14:18:06.7270312-04:00,3,1090,19.37151,15.8724,2272.14,1427.38,0.000,0.000,10.1329,9.4275,-11.5675,Right,0,0,0,0,0.0000,100.000,0,0.000,0,127.500,71.914,4.500,0.0300,0.5000,270.00,shockwave,60,450;300;200;100;50,1.5,3,0.5,1,2,1,10,0,100,-10,5,250,40,5,250,60,1,8,11,0,0.06,4,0.556,50,8,5
56,1,60,FrameTimeStutter,5.000,shockwave,practice,2026-09-16T14:18:06.7270312-04:00,3,1091,19.38823,16.7162,2272.14,1427.38,0.000,0.000,10.1329,9.4275,-11.5675,Right,0,0,0,0,0.0000,100.000,0,0.000,0,127.500,71.914,4.500,0.0300,0.5000,270.00,shockwave,60,450;300;200;100;50,1.5,3,0.5,1,2,1,10,0,100,-10,5,250,40,5,250,60,1,8,11,0,0.06,4,0.556,50,8,5
56,1,60,FrameTimeStutter,5.000,shockwave,practice,2026-09-16T14:18:06.7270312-04:00,3,1092,19.40523,17.0031,2272.14,1427.38,0.000,0.000,10.1329,9.4275,-11.5675,Right,0,0,0,0,0.0000,100.000,0,0.000,0,127.500,71.914,4.500,0.0300,0.5000,270.00,shockwave,60,450;300;200;100;50,1.5,3,0.5,1,2,1,10,0,100,-10,5,250,40,5,250,60,1,8,11,0,0.06,4,0.556,50,8,5
56,1,60,FrameTimeStutter,5.000,shockwave,practice,2026-09-16T14:18:06.7270312-04:00,3,1093,19.42204,16.8129,2272.14,1427.38,0.000,0.000,10.1329,9.4275,-11.5675,Right,0,0,0,0,0.0000,100.000,0,0.000,0,127.500,71.914,4.500,0.0300,0.5000,270.00,shockwave,60,450;300;200;100;50,1.5,3,0.5,1,2,1,10,0,100,-10,5,250,40,5,250,60,1,8,11,0,0.06,4,0.556,50,8,5
56,1,60,FrameTimeStutter,5.000,shockwave,practice,2026-09-16T14:18:06.7270312-04:00,3,1094,19.43886,16.8201,2272.14,1427.38,0.000,0.000,10.1329,9.4275,-11.5675,Right,0,0,0,0,0.0000,100.000,0,0.000,0,127.500,71.914,4.500,0.0300,0.5000,270.00,shockwave,60,450;300;200;100;50,1.5,3,0.5,1,2,1,10,0,100,-10,5,250,40,5,250,60,1,8,11,0,0.06,4,0.556,50,8,5
56,1,60,FrameTimeStutter,5.000,shockwave,practice,2026-09-16T14:18:06.7270312-04:00,3,1095,19.45492,16.0615,2272.14,1427.38,0.000,0.000,10.1329,9.4275,-11.5675,Right,0,0,0,0,0.0000,100.000,0,0.000,0,127.500,71.914,4.500,0.0300,0.5000,270.00,shockwave,60,450;300;200;100;50,1.5,3,0.5,1,2,1,10,0,100,-10,5,250,40,5,250,60,1,8,11,0,0.06,4,0.556,50,8,5
56,1,60,FrameTimeStutter,5.000,shockwave,practice,2026-09-16T14:18:06.7270312-04:00,3,1096,19.47218,17.2535,2272.14,1427.38,0.000,0.000,10.1329,9.4275,-11.5675,Right,0,0,0,0,0.0000,100.000,0,0.000,0,127.500,71.914,4.500,0.0300,0.5000,270.00,shockwave,60,450;300;200;100;50,1.5,3,0.5,1,2,1,10,0,100,-10,5,250,40,5,250,60,1,8,11,0,0.06,4,0.556,50,8,5
56,1,60,FrameTimeStutter,5.000,shockwave,practice,2026-09-16T14:18:06.7270312-04:00,3,1097,19.48870,16.5254,2272.14,1427.38,0.000,0.000,10.1329,9.4275,-11.5675,Right,0,0,0,0,0.0000,100.000,0,0.000,0,127.500,71.914,4.500,0.0300,0.5000,270.00,shockwave,60,450;300;200;100;50,1.5,3,0.5,1,2,1,10,0,100,-10,5,250,40,5,250,60,1,8,11,0,0.06,4,0.556,50,8,5
56,1,60,FrameTimeStutter,5.000,shockwave,practice,2026-09-16T14:18:06.7270312-04:00,3,1098,19.50481,16.1096,2272.14,1427.38,0.000,0.000,10.1329,9.4275,-11.5675,Right,0,0,0,0,0.0000,100.000,0,0.000,0,127.500,71.914,4.500,0.0300,0.5000,270.00,shockwave,60,450;300;200;100;50,1.5,3,0.5,1,2,1,10,0,100,-10,5,250,40,5,250,60,1,8,11,0,0.06,4,0.556,50,8,5
56,1,60,FrameTimeStutter,5.000,shockwave,practice,2026-09-16T14:18:06.7270312-04:00,3,1099,19.52157,16.7608,2272.14,1427.38,0.000,0.000,10.1329,9.4275,-11.5675,Right,0,0,0,0,0.0000,100.000,0,0.000,0,127.500,71.914,4.500,0.0300,0.5000,270.00,shockwave,60,450;300;200;100;50,1.5,3,0.5,1,2,1,10,0,100,-10,5,250,40,5,250,60,1,8,11,0,0.06,4,0.556,50,8,5
56,1,60,FrameTimeStutter,5.000,shockwave,practice,2026-09-16T14:18:06.7270312-04:00,3,1100,19.53834,16.7694,2272.14,1427.38,0.000,0.000,10.1329,9.4275,-11.5675,Right,0,0,0,0,0.0000,100.000,0,0.000,0,127.500,71.914,4.500,0.0300,0.5000,270.00,shockwave,60,450;300;200;100;50,1.5,3,0.5,1,2,1,10,0,100,-10,5,250,40,5,250,60,1,8,11,0,0.06,4,0.556,50,8,5
56,1,60,FrameTimeStutter,5.000,shockwave,practice,2026-09-16T14:18:06.7270312-04:00,3,1101,19.55487,16.5331,2272.14,1427.38,0.000,0.000,10.1329,9.4275,-11.5675,Right,0,0,0,0,0.0000,100.000,0,0.000,0,127.500,71.914,4.500,0.0300,0.5000,270.00,shockwave,60,450;300;200;100;50,1.5,3,0.5,1,2,1,10,0,100,-10,5,250,40,5,250,60,1,8,11,0,0.06,4,0.556,50,8,5
56,1,60,FrameTimeStutter,5.000,shockwave,practice,2026-09-16T14:18:06.7270312-04:00,3,1102,19.57146,16.5895,2272.14,1427.38,0.000,0.000,10.1329,9.4275,-11.5675,Right,0,0,0,0,0.0000,100.000,0,0.000,0,127.500,71.914,4.500,0.0300,0.5000,270.00,shockwave,60,450;300;200;100;50,1.5,3,0.5,1,2,1,10,0,100,-10,5,250,40,5,250,60,1,8,11,0,0.06,4,0.556,50,8,5
56,1,60,FrameTimeStutter,5.000,shockwave,practice,2026-09-16T14:18:06.7270312-04:00,3,1103,19.58870,17.2325,2272.14,1427.38,0.000,0.000,10.1329,9.4275,-11.5675,Right,0,0,0,0,0.0000,100.000,0,0.000,0,127.500,71.914,4.500,0.0300,0.5000,270.00,shockwave,60,450;300;200;100;50,1.5,3,0.5,1,2,1,10,0,100,-10,5,250,40,5,250,60,1,8,11,0,0.06,4,0.556,50,8,5
56,1,60,FrameTimeStutter,5.000,shockwave,practice,2026-09-16T14:18:06.7270312-04:00,3,1104,19.60550,16.8071,2272.14,1427.38,0.000,0.000,10.1329,9.4275,-11.5675,Right,0,0,0,0,0.0000,100.000,0,0.000,0,127.500,71.914,4.500,0.0300,0.5000,270.00,shockwave,60,450;300;200;100;50,1.5,3,0.5,1,2,1,10,0,100,-10,5,250,40,5,250,60,1,8,11,0,0.06,4,0.556,50,8,5
56,1,60,FrameTimeStutter,5.000,shockwave,practice,2026-09-16T14:18:06.7270312-04:00,3,1105,19.62149,15.9857,2272.14,1427.38,0.000,0.000,10.1329,9.4275,-11.5675,Right,0,0,0,0,0.0000,100.000,0,0.000,0,127.500,71.914,4.500,0.0300,0.5000,270.00,shockwave,60,450;300;200;100;50,1.5,3,0.5,1,2,1,10,0,100,-10,5,250,40,5,250,60,1,8,11,0,0.06,4,0.556,50,8,5
56,1,60,FrameTimeStutter,5.000,shockwave,practice,2026-09-16T14:18:06.7270312-04:00,3,1106,19.63877,17.2762,2272.14,1427.38,0.000,0.000,10.1329,9.4275,-11.5675,Right,0,0,0,0,0.0000,100.000,0,0.000,0,127.500,71.914,4.500,0.0300,0.5000,270.00,shockwave,60,450;300;200;100;50,1.5,3,0.5,1,2,1,10,0,100,-10,5,250,40,5,250,60,1,8,11,0,0.06,4,0.556,50,8,5
56,1,60,FrameTimeStutter,5.000,shockwave,practice,2026-09-16T14:18:06.7270312-04:00,3,1107,19.65520,16.4342,2272.14,1427.38,0.000,0.000,10.1329,9.4275,-11.5675,Right,0,0,0,0,0.0000,100.000,0,0.000,0,127.500,71.914,4.500,0.0300,0.5000,270.00,shockwave,60,450;300;200;100;50,1.5,3,0.5,1,2,1,10,0,100,-10,5,250,40,5,250,60,1,8,11,0,0.06,4,0.556,50,8,5
56,1,60,FrameTimeStutter,5.000,shockwave,practice,2026-09-16T14:18:06.7270312-04:00,3,1108,19.67235,17.1515,2272.14,1427.38,0.000,0.000,10.1329,9.4275,-11.5675,Right,0,0,0,0,0.0000,100.000,0,0.000,0,127.500,71.914,4.500,0.0300,0.5000,270.00,shockwave,60,450;300;200;100;50,1.5,3,0.5,1,2,1,10,0,100,-10,5,250,40,5,250,60,1,8,11,0,0.06,4,0.556,50,8,5
56,1,60,FrameTimeStutter,5.000,shockwave,practice,2026-09-16T14:18:06.7270312-04:00,3,1109,19.68825,15.8974,2272.14,1427.38,0.000,0.000,10.1329,9.4275,-11.5675,Right,0,0,0,0,0.0000,100.000,0,0.000,0,127.500,71.914,4.500,0.0300,0.5000,270.00,shockwave,60,450;300;200;100;50,1.5,3,0.5,1,2,1,10,0,100,-10,5,250,40,5,250,60,1,8,11,0,0.06,4,0.556,50,8,5
56,1,60,FrameTimeStutter,5.000,shockwave,practice,2026-09-16T14:18:06.7270312-04:00,3,1110,19.70550,17.2551,2272.14,1427.38,0.000,0.000,10.1329,9.4275,-11.5675,Right,0,0,0,0,0.0000,100.000,0,0.000,0,127.500,71.914,4.500,0.0300,0.5000,270.00,shockwave,60,450;300;200;100;50,1.5,3,0.5,1,2,1,10,0,100,-10,5,250,40,5,250,60,1,8,11,0,0.06,4,0.556,50,8,5
56,1,60,FrameTimeStutter,5.000,shockwave,practice,2026-09-16T14:18:06.7270312-04:00,3,1111,19.72225,16.7421,2272.14,1427.38,0.000,0.000,10.1329,9.4275,-11.5675,Right,0,0,0,0,0.0000,100.000,0,0.000,0,127.500,71.914,4.500,0.0300,0.5000,270.00,shockwave,60,450;300;200;100;50,1.5,3,0.5,1,2,1,10,0,100,-10,5,250,40,5,250,60,1,8,11,0,0.06,4,0.556,50,8,5
56,1,60,FrameTimeStutter,5.000,shockwave,practice,2026-09-16T14:18:06.7270312-04:00,3,1112,19.73863,16.3868,2272.14,1427.38,0.000,0.000,10.1329,9.4275,-11.5675,Right,0,0,0,0,0.0000,100.000,0,0.000,0,127.500,71.914,4.500,0.0300,0.5000,270.00,shockwave,60,450;300;200;100;50,1.5,3,0.5,1,2,1,10,0,100,-10,5,250,40,5,250,60,1,8,11,0,0.06,4,0.556,50,8,5
56,1,60,FrameTimeStutter,5.000,shockwave,practice,2026-09-16T14:18:06.7270312-04:00,3,1113,19.75541,16.7787,2272.14,1427.38,0.000,0.000,10.1329,9.4275,-11.5675,Right,0,0,0,0,0.0000,100.000,0,0.000,0,127.500,71.914,4.500,0.0300,0.5000,270.00,shockwave,60,450;300;200;100;50,1.5,3,0.5,1,2,1,10,0,100,-10,5,250,40,5,250,60,1,8,11,0,0.06,4,0.556,50,8,5
56,1,60,FrameTimeStutter,5.000,shockwave,practice,2026-09-16T14:18:06.7270312-04:00,3,1114,19.77187,16.4546,2272.14,1427.38,0.000,0.000,10.1329,9.4275,-11.5675,Right,0,0,0,0,0.0000,100.000,0,0.000,0,127.500,71.914,4.500,0.0300,0.5000,270.00,shockwave,60,450;300;200;100;50,1.5,3,0.5,1,2,1,10,0,100,-10,5,250,40,5,250,60,1,8,11,0,0.06,4,0.556,50,8,5
56,1,60,FrameTimeStutter,5.000,shockwave,practice,2026-09-16T14:18:06.7270312-04:00,3,1115,19.78867,16.8082,2272.14,1427.38,0.000,0.000,10.1329,9.4275,-11.5675,Right,0,0,0,0,0.0000,100.000,0,0.000,0,127.500,71.914,4.500,0.0300,0.5000,270.00,shockwave,60,450;300;200;100;50,1.5,3,0.5,1,2,1,10,0,100,-10,5,250,40,5,250,60,1,8,11,0,0.06,4,0.556,50,8,5
56,1,60,FrameTimeStutter,5.000,shockwave,practice,2026-09-16T14:18:06.7270312-04:00,3,1116,19.80484,16.1636,2272.14,1427.38,0.000,0.000,10.1329,9.4275,-11.5675,Right,0,0,0,0,0.0000,100.000,0,0.000,0,127.500,71.914,4.500,0.0300,0.5000,270.00,shockwave,60,450;300;200;100;50,1.5,3,0.5,1,2,1,10,0,100,-10,5,250,40,5,250,60,1,8,11,0,0.06,4,0.556,50,8,5
56,1,60,FrameTimeStutter,5.000,shockwave,practice,2026-09-16T14:18:06.7270312-04:00,3,1117,19.82200,17.1661,2272.14,1427.38,0.000,0.000,10.1329,9.4275,-11.5675,Right,0,0,0,0,0.0000,100.000,0,0.000,0,127.500,71.914,4.500,0.0300,0.5000,270.00,shockwave,60,450;300;200;100;50,1.5,3,0.5,1,2,1,10,0,100,-10,5,250,40,5,250,60,1,8,11,0,0.06,4,0.556,50,8,5
56,1,60,FrameTimeStutter,5.000,shockwave,practice,2026-09-16T14:18:06.7270312-04:00,3,1118,19.83887,16.8658,2272.14,1427.38,0.000,0.000,10.1329,9.4275,-11.5675,Right,0,0,0,0,0.0000,100.000,0,0.000,0,127.500,71.914,4.500,0.0300,0.5000,270.00,shockwave,60,450;300;200;100;50,1.5,3,0.5,1,2,1,10,0,100,-10,5,250,40,5,250,60,1,8,11,0,0.06,4,0.556,50,8,5
56,1,60,FrameTimeStutter,5.000,shockwave,practice,2026-09-16T14:18:06.7270312-04:00,3,1119,19.85512,16.2462,2272.14,1427.38,0.000,0.000,10.1329,9.4275,-11.5675,Right,0,0,0,0,0.0000,100.000,0,0.000,0,127.500,71.914,4.500,0.0300,0.5000,270.00,shockwave,60,450;300;200;100;50,1.5,3,0.5,1,2,1,10,0,100,-10,5,250,40,5,250,60,1,8,11,0,0.06,4,0.556,50,8,5
56,1,60,FrameTimeStutter,5.000,shockwave,practice,2026-09-16T14:18:06.7270312-04:00,3,1120,19.87222,17.1045,2272.14,1427.38,0.000,0.000,10.1329,9.4275,-11.5675,Right,0,0,0,0,0.0000,100.000,0,0.000,0,127.500,71.914,4.500,0.0300,0.5000,270.00,shockwave,60,450;300;200;100;50,1.5,3,0.5,1,2,1,10,0,100,-10,5,250,40,5,250,60,1,8,11,0,0.06,4,0.556,50,8,5
56,1,60,FrameTimeStutter,5.000,shockwave,practice,2026-09-16T14:18:06.7270312-04:00,3,1121,19.88843,16.2063,2272.14,1427.38,0.000,0.000,10.1329,9.4275,-11.5675,Right,0,0,0,0,0.0000,100.000,0,0.000,0,127.500,71.914,4.500,0.0300,0.5000,270.00,shockwave,60,450;300;200;100;50,1.5,3,0.5,1,2,1,10,0,100,-10,5,250,40,5,250,60,1,8,11,0,0.06,4,0.556,50,8,5
56,1,60,FrameTimeStutter,5.000,shockwave,practice,2026-09-16T14:18:06.7270312-04:00,3,1122,19.90545,17.0211,2272.14,1427.38,0.000,0.000,10.1329,9.4275,-11.5675,Right,0,0,0,0,0.0000,100.000,0,0.000,0,127.500,71.914,4.500,0.0300,0.5000,270.00,shockwave,60,450;300;200;100;50,1.5,3,0.5,1,2,1,10,0,100,-10,5,250,40,5,250,60,1,8,11,0,0.06,4,0.556,50,8,5
56,1,60,FrameTimeStutter,5.000,shockwave,practice,2026-09-16T14:18:06.7270312-04:00,3,1123,19.92169,16.2386,2272.14,1427.38,0.000,0.000,10.1329,9.4275,-11.5675,Right,0,0,0,0,0.0000,100.000,0,0.000,0,127.500,71.914,4.500,0.0300,0.5000,270.00,shockwave,60,450;300;200;100;50,1.5,3,0.5,1,2,1,10,0,100,-10,5,250,40,5,250,60,1,8,11,0,0.06,4,0.556,50,8,5
56,1,60,FrameTimeStutter,5.000,shockwave,practice,2026-09-16T14:18:06.7270312-04:00,3,1124,19.93872,17.0364,2272.14,1427.38,0.000,0.000,10.1329,9.4275,-11.5675,Right,0,0,0,0,0.0000,100.000,0,0.000,0,127.500,71.914,4.500,0.0300,0.5000,270.00,shockwave,60,450;300;200;100;50,1.5,3,0.5,1,2,1,10,0,100,-10,5,250,40,5,250,60,1,8,11,0,0.06,4,0.556,50,8,5
56,1,60,FrameTimeStutter,5.000,shockwave,practice,2026-09-16T14:18:06.7270312-04:00,3,1125,19.95480,16.0739,2272.14,1427.38,0.000,0.000,10.1329,9.4275,-11.5675,Right,0,0,0,0,0.0000,100.000,0,0.000,0,127.500,71.914,4.500,0.0300,0.5000,270.00,shockwave,60,450;300;200;100;50,1.5,3,0.5,1,2,1,10,0,100,-10,5,250,40,5,250,60,1,8,11,0,0.06,4,0.556,50,8,5
56,1,60,FrameTimeStutter,5.000,shockwave,practice,2026-09-16T14:18:06.7270312-04:00,3,1126,19.97209,17.2953,2272.14,1427.38,0.000,0.000,10.1329,9.4275,-11.5675,Right,0,0,0,0,0.0000,100.000,0,0.000,0,127.500,71.914,4.500,0.0300,0.5000,270.00,shockwave,60,450;300;200;100;50,1.5,3,0.5,1,2,1,10,0,100,-10,5,250,40,5,250,60,1,8,11,0,0.06,4,0.556,50,8,5
56,1,60,FrameTimeStutter,5.000,shockwave,practice,2026-09-16T14:18:06.7270312-04:00,3,1127,19.98852,16.4269,2272.14,1427.38,0.000,0.000,10.1329,9.4275,-11.5675,Right,0,0,0,0,0.0000,100.000,0,0.000,0,127.500,71.914,4.500,0.0300,0.5000,270.00,shockwave,60,450;300;200;100;50,1.5,3,0.5,1,2,1,10,0,100,-10,5,250,40,5,250,60,1,8,11,0,0.06,4,0.556,50,8,5
56,1,60,FrameTimeStutter,5.000,shockwave,practice,2026-09-16T14:18:06.7270312-04:00,3,1128,20.00544,16.9205,2272.14,1427.38,0.000,0.000,10.1329,9.4275,-11.5675,Right,0,0,0,0,0.0000,100.000,0,0.000,0,127.500,71.914,4.500,0.0300,0.5000,270.00,shockwave,60,450;300;200;100;50,1.5,3,0.5,1,2,1,10,0,100,-10,5,250,40,5,250,60,1,8,11,0,0.06,4,0.556,50,8,5
56,1,60,FrameTimeStutter,5.000,shockwave,practice,2026-09-16T14:18:06.7270312-04:00,3,1129,20.02163,16.1948,2272.14,1427.38,0.000,0.000,10.1329,9.4275,-11.5675,Right,0,0,0,0,0.0000,100.000,0,0.000,0,127.500,71.914,4.500,0.0300,0.5000,270.00,shockwave,60,450;300;200;100;50,1.5,3,0.5,1,2,1,10,0,100,-10,5,250,40,5,250,60,1,8,11,0,0.06,4,0.556,50,8,5
56,1,60,FrameTimeStutter,5.000,shockwave,practice,2026-09-16T14:18:06.7270312-04:00,3,1130,20.03873,17.0928,2272.14,1427.38,0.000,0.000,10.1329,9.4275,-11.5675,Right,0,0,0,0,0.0000,100.000,0,0.000,0,127.500,71.914,4.500,0.0300,0.5000,270.00,shockwave,60,450;300;200;100;50,1.5,3,0.5,1,2,1,10,0,100,-10,5,250,40,5,250,60,1,8,11,0,0.06,4,0.556,50,8,5
56,1,60,FrameTimeStutter,5.000,shockwave,practice,2026-09-16T14:18:06.7270312-04:00,3,1131,20.05479,16.0610,2272.14,1427.38,0.000,0.000,10.1329,9.4275,-11.5675,Right,0,0,0,0,0.0000,100.000,0,0.000,0,127.500,71.914,4.500,0.0300,0.5000,270.00,shockwave,60,450;300;200;100;50,1.5,3,0.5,1,2,1,10,0,100,-10,5,250,40,5,250,60,1,8,11,0,0.06,4,0.556,50,8,5
56,1,60,FrameTimeStutter,5.000,shockwave,practice,2026-09-16T14:18:06.7270312-04:00,3,1132,20.07185,17.0639,2272.14,1427.38,0.000,0.000,10.1329,9.4275,-11.5675,Right,0,0,0,0,0.0000,100.000,0,0.000,0,127.500,71.914,4.500,0.0300,0.5000,270.00,shockwave,60,450;300;200;100;50,1.5,3,0.5,1,2,1,10,0,100,-10,5,250,40,5,250,60,1,8,11,0,0.06,4,0.556,50,8,5
56,1,60,FrameTimeStutter,5.000,shockwave,practice,2026-09-16T14:18:06.7270312-04:00,3,1133,20.08819,16.3351,2272.14,1427.38,0.000,0.000,10.1329,9.4275,-11.5675,Right,0,0,0,0,0.0000,100.000,0,0.000,0,127.500,71.914,4.500,0.0300,0.5000,270.00,shockwave,60,450;300;200;100;50,1.5,3,0.5,1,2,1,10,0,100,-10,5,250,40,5,250,60,1,8,11,0,0.06,4,0.556,50,8,5
56,1,60,FrameTimeStutter,5.000,shockwave,practice,2026-09-16T14:18:06.7270312-04:00,3,1134,20.10525,17.0639,2272.14,1427.38,0.000,0.000,10.1329,9.4275,-11.5675,Right,0,0,0,0,0.0000,100.000,0,0.000,0,127.500,71.914,4.500,0.0300,0.5000,270.00,shockwave,60,450;300;200;100;50,1.5,3,0.5,1,2,1,10,0,100,-10,5,250,40,5,250,60,1,8,11,0,0.06,4,0.556,50,8,5
56,1,60,FrameTimeStutter,5.000,shockwave,practice,2026-09-16T14:18:06.7270312-04:00,3,1135,20.12173,16.4737,2272.14,1427.38,0.000,0.000,10.1329,9.4275,-11.5675,Right,0,0,0,0,0.0000,100.000,0,0.000,0,127.500,71.914,4.500,0.0300,0.5000,270.00,shockwave,60,450;300;200;100;50,1.5,3,0.5,1,2,1,10,0,100,-10,5,250,40,5,250,60,1,8,11,0,0.06,4,0.556,50,8,5
56,1,60,FrameTimeStutter,5.000,shockwave,practice,2026-09-16T14:18:06.7270312-04:00,3,1136,20.13895,17.2301,2272.14,1427.38,0.000,0.000,10.1329,9.4275,-11.5675,Right,0,0,0,0,0.0000,100.000,0,0.000,0,127.500,71.914,4.500,0.0300,0.5000,270.00,shockwave,60,450;300;200;100;50,1.5,3,0.5,1,2,1,10,0,100,-10,5,250,40,5,250,60,1,8,11,0,0.06,4,0.556,50,8,5
56,1,60,FrameTimeStutter,5.000,shockwave,practice,2026-09-16T14:18:06.7270312-04:00,3,1137,20.15541,16.4566,2272.14,1427.38,0.000,0.000,10.1329,9.4275,-11.5675,Right,0,0,0,0,0.0000,100.000,0,0.000,0,127.500,71.914,4.500,0.0300,0.5000,270.00,shockwave,60,450;300;200;100;50,1.5,3,0.5,1,2,1,10,0,100,-10,5,250,40,5,250,60,1,8,11,0,0.06,4,0.556,50,8,5
56,1,60,FrameTimeStutter,5.000,shockwave,practice,2026-09-16T14:18:06.7270312-04:00,3,1138,20.16679,11.3782,2272.14,1427.38,0.000,0.000,10.2811,9.4275,-11.5675,Right,0,0,0,0,0.0000,100.000,0,0.000,0,127.500,71.914,4.500,0.0300,0.5000,270.00,shockwave,60,450;300;200;100;50,1.5,3,0.5,1,2,1,10,0,100,-10,5,250,40,5,250,60,1,8,11,0,0.06,4,0.556,50,8,5
56,1,60,FrameTimeStutter,5.000,shockwave,practice,2026-09-16T14:18:06.7270312-04:00,3,1139,20.18872,21.9294,2272.14,1427.38,0.000,0.000,10.5449,9.4275,-11.5675,Right,0,0,0,0,0.0000,100.000,0,0.000,0,127.500,71.914,4.500,0.0300,0.5000,270.00,shockwave,60,450;300;200;100;50,1.5,3,0.5,1,2,1,10,0,100,-10,5,250,40,5,250,60,1,8,11,0,0.06,4,0.556,50,8,5
56,1,60,FrameTimeStutter,5.000,shockwave,practice,2026-09-16T14:18:06.7270312-04:00,3,1140,20.20551,16.7878,2272.14,1427.38,0.000,0.000,10.7282,9.4275,-11.5675,Right,0,0,0,0,0.0000,100.000,0,0.000,0,127.500,71.914,4.500,0.0300,0.5000,270.00,shockwave,60,450;300;200;100;50,1.5,3,0.5,1,2,1,10,0,100,-10,5,250,40,5,250,60,1,8,11,0,0.06,4,0.556,50,8,5
56,1,60,FrameTimeStutter,5.000,shockwave,practice,2026-09-16T14:18:06.7270312-04:00,3,1141,20.22234,16.8299,2272.14,1427.38,0.000,0.000,10.8966,9.4275,-11.5675,Right,0,0,0,0,0.0000,100.000,0,0.000,0,127.500,71.914,4.500,0.0300,0.5000,270.00,shockwave,60,450;300;200;100;50,1.5,3,0.5,1,2,1,10,0,100,-10,5,250,40,5,250,60,1,8,11,0,0.06,4,0.556,50,8,5
56,1,60,FrameTimeStutter,5.000,shockwave,practice,2026-09-16T14:18:06.7270312-04:00,3,1142,20.23839,16.0496,2272.14,1427.38,0.000,0.000,11.0434,9.4275,-11.5675,Right,0,0,0,0,0.0000,100.000,0,0.000,0,127.500,71.914,4.500,0.0300,0.5000,270.00,shockwave,60,450;300;200;100;50,1.5,3,0.5,1,2,1,10,0,100,-10,5,250,40,5,250,60,1,8,11,0,0.06,4,0.556,50,8,5
56,1,60,FrameTimeStutter,5.000,shockwave,practice,2026-09-16T14:18:06.7270312-04:00,3,1143,20.25559,17.2092,2272.14,1427.38,0.000,0.000,11.1866,9.4275,-11.5675,Right,0,0,0,0,0.0000,100.000,0,0.000,0,127.500,71.914,4.500,0.0300,0.5000,270.00,shockwave,60,450;300;200;100;50,1.5,3,0.5,1,2,1,10,0,100,-10,5,250,40,5,250,60,1,8,11,0,0.06,4,0.556,50,8,5
56,1,60,FrameTimeStutter,5.000,shockwave,practice,2026-09-16T14:18:06.7270312-04:00,3,1144,20.27212,16.5202,2272.14,1427.38,0.000,0.000,11.3108,9.4275,-11.5675,Right,0,0,0,0,0.0000,100.000,0,0.000,0,127.500,71.914,4.500,0.0300,0.5000,270.00,shockwave,60,450;300;200;100;50,1.5,3,0.5,1,2,1,10,0,100,-10,5,250,40,5,250,60,1,8,11,0,0.06,4,0.556,50,8,5
56,1,60,FrameTimeStutter,5.000,shockwave,practice,2026-09-16T14:18:06.7270312-04:00,3,1145,20.28876,16.6412,2272.14,1427.38,0.000,0.000,11.4235,9.4275,-11.5675,Right,0,0,0,0,0.0000,100.000,0,0.000,0,127.500,71.914,4.500,0.0300,0.5000,270.00,shockwave,60,450;300;200;100;50,1.5,3,0.5,1,2,1,10,0,100,-10,5,250,40,5,250,60,1,8,11,0,0.06,4,0.556,50,8,5
56,1,60,FrameTimeStutter,5.000,shockwave,practice,2026-09-16T14:18:06.7270312-04:00,3,1146,20.30549,16.7339,2272.14,1427.38,0.000,0.000,11.5249,9.4275,-11.5675,Right,0,0,0,0,0.0000,100.000,0,0.000,0,127.500,71.914,4.500,0.0300,0.5000,270.00,shockwave,60,450;300;200;100;50,1.5,3,0.5,1,2,1,10,0,100,-10,5,250,40,5,250,60,1,8,11,0,0.06,4,0.556,50,8,5
56,1,60,FrameTimeStutter,5.000,shockwave,practice,2026-09-16T14:18:06.7270312-04:00,3,1147,20.32191,16.4211,2272.14,1427.38,0.000,0.000,11.6134,9.4275,-11.5675,Right,0,0,0,0,0.0000,100.000,0,0.000,0,127.500,71.914,4.500,0.0300,0.5000,270.00,shockwave,60,450;300;200;100;50,1.5,3,0.5,1,2,1,10,0,100,-10,5,250,40,5,250,60,1,8,11,0,0.06,4,0.556,50,8,5
56,1,60,FrameTimeStutter,5.000,shockwave,practice,2026-09-16T14:18:06.7270312-04:00,3,1148,20.33881,16.8974,2272.14,1427.38,0.000,0.000,11.6938,9.4275,-11.5675,Right,0,0,0,0,0.0000,100.000,0,0.000,0,127.500,71.914,4.500,0.0300,0.5000,270.00,shockwave,60,450;300;200;100;50,1.5,3,0.5,1,2,1,10,0,100,-10,5,250,40,5,250,60,1,8,11,0,0.06,4,0.556,50,8,5
56,1,60,FrameTimeStutter,5.000,shockwave,practice,2026-09-16T14:18:06.7270312-04:00,3,1149,20.35506,16.2536,2272.14,1427.38,0.000,0.000,11.7615,9.4275,-11.5675,Right,0,0,0,0,0.0000,100.000,0,0.000,0,127.500,71.914,4.500,0.0300,0.5000,270.00,shockwave,60,450;300;200;100;50,1.5,3,0.5,1,2,1,10,0,100,-10,5,250,40,5,250,60,1,8,11,0,0.06,4,0.556,50,8,5
56,1,60,FrameTimeStutter,5.000,shockwave,practice,2026-09-16T14:18:06.7270312-04:00,3,1150,20.37168,16.6212,2272.14,1427.38,0.000,0.000,11.8217,9.4275,-11.5675,Right,0,0,0,0,0.0000,100.000,0,0.000,0,127.500,71.914,4.500,0.0300,0.5000,270.00,shockwave,60,450;300;200;100;50,1.5,3,0.5,1,2,1,10,0,100,-10,5,250,40,5,250,60,1,8,11,0,0.06,4,0.556,50,8,5
56,1,60,FrameTimeStutter,5.000,shockwave,practice,2026-09-16T14:18:06.7270312-04:00,3,1151,20.38872,17.0399,2272.14,1427.38,0.000,0.000,11.8745,9.4275,-11.5675,Right,0,0,0,0,0.0000,100.000,0,0.000,0,127.500,71.914,4.500,0.0300,0.5000,270.00,shockwave,60,450;300;200;100;50,1.5,3,0.5,1,2,1,10,0,100,-10,5,250,40,5,250,60,1,8,11,0,0.06,4,0.556,50,8,5
56,1,60,FrameTimeStutter,5.000,shockwave,practice,2026-09-16T14:18:06.7270312-04:00,3,1152,20.40522,16.4923,2272.14,1427.38,0.000,0.000,11.9178,9.4275,-11.5675,Right,0,0,0,0,0.0000,100.000,0,0.000,0,127.500,71.914,4.500,0.0300,0.5000,270.00,shockwave,60,450;300;200;100;50,1.5,3,0.5,1,2,1,10,0,100,-10,5,250,40,5,250,60,1,8,11,0,0.06,4,0.556,50,8,5
56,1,60,FrameTimeStutter,5.000,shockwave,practice,2026-09-16T14:18:06.7270312-04:00,3,1153,20.42160,16.3857,2272.14,1427.38,0.000,0.000,11.9537,9.4275,-11.5675,Right,0,0,0,0,0.0000,100.000,0,0.000,0,127.500,71.914,4.500,0.0300,0.5000,270.00,shockwave,60,450;300;200;100;50,1.5,3,0.5,1,2,1,10,0,100,-10,5,250,40,5,250,60,1,8,11,0,0.06,4,0.556,50,8,5
56,1,60,FrameTimeStutter,5.000,shockwave,practice,2026-09-16T14:18:06.7270312-04:00,3,1154,20.43894,17.3347,2272.14,1427.38,0.000,0.000,11.9848,9.4275,-11.5675,Right,0,0,0,0,0.0000,100.000,0,0.000,0,127.500,71.914,4.500,0.0300,0.5000,270.00,shockwave,60,450;300;200;100;50,1.5,3,0.5,1,2,1,10,0,100,-10,5,250,40,5,250,60,1,8,11,0,0.06,4,0.556,50,8,5
56,1,60,FrameTimeStutter,5.000,shockwave,practice,2026-09-16T14:18:06.7270312-04:00,3,1155,20.45523,16.2983,2272.14,1427.38,0.000,0.000,12.0082,9.4275,-11.5675,Right,0,0,0,0,0.0000,100.000,0,0.000,0,127.500,71.914,4.500,0.0300,0.5000,270.00,shockwave,60,450;300;200;100;50,1.5,3,0.5,1,2,1,10,0,100,-10,5,250,40,5,250,60,1,8,11,0,0.06,4,0.556,50,8,5
56,1,60,FrameTimeStutter,5.000,shockwave,practice,2026-09-16T14:18:06.7270312-04:00,3,1156,20.47154,16.3058,2272.14,1427.38,0.000,0.000,12.0265,9.4275,-11.5675,Right,0,0,0,0,0.0000,100.000,0,0.000,0,127.500,71.914,4.500,0.0300,0.5000,270.00,shockwave,60,450;300;200;100;50,1.5,3,0.5,1,2,1,10,0,100,-10,5,250,40,5,250,60,1,8,11,0,0.06,4,0.556,50,8,5
56,1,60,FrameTimeStutter,5.000,shockwave,practice,2026-09-16T14:18:06.7270312-04:00,3,1157,20.48856,17.0154,2272.14,1427.38,0.000,0.000,12.0409,9.4275,-11.5675,Right,0,0,0,0,0.0000,100.000,0,0.000,0,127.500,71.914,4.500,0.0300,0.5000,270.00,shockwave,60,450;300;200;100;50,1.5,3,0.5,1,2,1,10,0,100,-10,5,250,40,5,250,60,1,8,11,0,0.06,4,0.556,50,8,5
56,1,60,FrameTimeStutter,5.000,shockwave,practice,2026-09-16T14:18:06.7270312-04:00,3,1158,20.50532,16.7613,2272.14,1427.38,0.000,0.000,12.0510,9.4275,-11.5675,Right,0,0,0,0,0.0000,100.000,0,0.000,0,127.500,71.914,4.500,0.0300,0.5000,270.00,shockwave,60,450;300;200;100;50,1.5,3,0.5,1,2,1,10,0,100,-10,5,250,40,5,250,60,1,8,11,0,0.06,4,0.556,50,8,5
56,1,60,FrameTimeStutter,5.000,shockwave,practice,2026-09-16T14:18:06.7270312-04:00,3,1159,20.52187,16.5569,2272.14,1427.38,0.000,0.000,12.0577,9.4275,-11.5675,Right,0,0,0,0,0.0000,100.000,0,0.000,0,127.500,71.914,4.500,0.0300,0.5000,270.00,shockwave,60,450;300;200;100;50,1.5,3,0.5,1,2,1,10,0,100,-10,5,250,40,5,250,60,1,8,11,0,0.06,4,0.556,50,8,5
56,1,60,FrameTimeStutter,5.000,shockwave,practice,2026-09-16T14:18:06.7270312-04:00,3,1160,20.53897,17.0965,2272.14,1427.38,0.000,0.000,12.0619,9.4275,-11.5675,Right,0,0,0,0,0.0000,100.000,0,0.000,0,127.500,71.914,4.500,0.0300,0.5000,270.00,shockwave,60,450;300;200;100;50,1.5,3,0.5,1,2,1,10,0,100,-10,5,250,40,5,250,60,1,8,11,0,0.06,4,0.556,50,8,5
56,1,60,FrameTimeStutter,5.000,shockwave,practice,2026-09-16T14:18:06.7270312-04:00,3,1161,20.55503,16.0637,2272.14,1427.38,0.000,0.000,12.0639,9.4275,-11.5675,Right,0,0,0,0,0.0000,100.000,0,0.000,0,127.500,71.914,4.500,0.0300,0.5000,270.00,shockwave,60,450;300;200;100;50,1.5,3,0.5,1,2,1,10,0,100,-10,5,250,40,5,250,60,1,8,11,0,0.06,4,0.556,50,8,5
56,1,60,FrameTimeStutter,5.000,shockwave,practice,2026-09-16T14:18:06.7270312-04:00,3,1162,20.57189,16.8510,2272.14,1427.38,0.000,0.000,12.0647,9.4275,-11.5675,Right,0,0,0,0,0.0000,100.000,0,0.000,0,127.500,71.914,4.500,0.0300,0.5000,270.00,shockwave,60,450;300;200;100;50,1.5,3,0.5,1,2,1,10,0,100,-10,5,250,40,5,250,60,1,8,11,0,0.06,4,0.556,50,8,5
56,1,60,FrameTimeStutter,5.000,shockwave,practice,2026-09-16T14:18:06.7270312-04:00,3,1163,20.58870,16.8100,2272.14,1427.38,0.000,0.000,12.0648,9.4275,-11.5675,Right,0,0,0,0,0.0000,100.000,0,0.000,0,127.500,71.914,4.500,0.0300,0.5000,270.00,shockwave,60,450;300;200;100;50,1.5,3,0.5,1,2,1,10,0,100,-10,5,250,40,5,250,60,1,8,11,0,0.06,4,0.556,50,8,5
56,1,60,FrameTimeStutter,5.000,shockwave,practice,2026-09-16T14:18:06.7270312-04:00,3,1164,20.60478,16.0860,2272.14,1427.38,0.000,0.000,12.0648,9.4275,-11.5675,Right,0,0,0,0,0.0000,100.000,0,0.000,0,127.500,71.914,4.500,0.0300,0.5000,270.00,shockwave,60,450;300;200;100;50,1.5,3,0.5,1,2,1,10,0,100,-10,5,250,40,5,250,60,1,8,11,0,0.06,4,0.556,50,8,5
56,1,60,FrameTimeStutter,5.000,shockwave,practice,2026-09-16T14:18:06.7270312-04:00,3,1165,20.62171,16.9247,2272.14,1427.38,0.000,0.000,12.0648,9.4275,17.4479,Right,0,0,0,0,0.0000,100.000,0,0.000,0,127.500,71.914,4.500,0.0300,0.5000,270.00,shockwave,60,450;300;200;100;50,1.5,3,0.5,1,2,1,10,0,100,-10,5,250,40,5,250,60,1,8,11,0,0.06,4,0.556,50,8,5
56,1,60,FrameTimeStutter,5.000,shockwave,practice,2026-09-16T14:18:06.7270312-04:00,3,1166,20.63754,15.8308,2272.14,1427.38,0.000,0.000,12.0648,9.4275,17.4479,Left,0,0,0,0,0.0000,100.000,0,0.000,0,127.500,71.914,4.500,0.0300,0.5000,270.00,shockwave,60,450;300;200;100;50,1.5,3,0.5,1,2,1,10,0,100,-10,5,250,40,5,250,60,1,8,11,0,0.06,4,0.556,50,8,5
56,1,60,FrameTimeStutter,5.000,shockwave,practice,2026-09-16T14:18:06.7270312-04:00,3,1167,20.65486,17.3274,2272.14,1427.38,0.000,0.000,12.0648,9.4275,17.4479,Left,0,0,0,0,0.0000,100.000,0,0.000,0,127.500,71.914,4.500,0.0300,0.5000,270.00,shockwave,60,450;300;200;100;50,1.5,3,0.5,1,2,1,10,0,100,-10,5,250,40,5,250,60,1,8,11,0,0.06,4,0.556,50,8,5
56,1,60,FrameTimeStutter,5.000,shockwave,practice,2026-09-16T14:18:06.7270312-04:00,3,1168,20.67211,17.2488,2272.14,1427.38,0.000,0.000,12.0648,9.4275,17.4479,Left,0,0,0,0,0.0000,100.000,0,0.000,0,127.500,71.914,4.500,0.0300,0.5000,270.00,shockwave,60,450;300;200;100;50,1.5,3,0.5,1,2,1,10,0,100,-10,5,250,40,5,250,60,1,8,11,0,0.06,4,0.556,50,8,5
56,1,60,FrameTimeStutter,5.000,shockwave,practice,2026-09-16T14:18:06.7270312-04:00,3,1169,20.68863,16.5166,2272.14,1427.38,0.000,0.000,12.0648,9.4275,17.4479,Left,0,0,0,0,0.0000,100.000,0,0.000,0,127.500,71.914,4.500,0.0300,0.5000,270.00,shockwave,60,450;300;200;100;50,1.5,3,0.5,1,2,1,10,0,100,-10,5,250,40,5,250,60,1,8,11,0,0.06,4,0.556,50,8,5
56,1,60,FrameTimeStutter,5.000,shockwave,practice,2026-09-16T14:18:06.7270312-04:00,3,1170,20.70522,16.5926,2272.14,1427.38,0.000,0.000,12.0648,9.4275,17.4479,Left,0,0,0,0,0.0000,100.000,0,0.000,0,127.500,71.914,4.500,0.0300,0.5000,270.00,shockwave,60,450;300;200;100;50,1.5,3,0.5,1,2,1,10,0,100,-10,5,250,40,5,250,60,1,8,11,0,0.06,4,0.556,50,8,5
56,1,60,FrameTimeStutter,5.000,shockwave,practice,2026-09-16T14:18:06.7270312-04:00,3,1171,20.72164,16.4220,2272.14,1427.38,0.000,0.000,12.0648,9.4275,17.4479,Left,0,0,0,0,0.0000,100.000,0,0.000,0,127.500,71.914,4.500,0.0300,0.5000,270.00,shockwave,60,450;300;200;100;50,1.5,3,0.5,1,2,1,10,0,100,-10,5,250,40,5,250,60,1,8,11,0,0.06,4,0.556,50,8,5
56,1,60,FrameTimeStutter,5.000,shockwave,practice,2026-09-16T14:18:06.7270312-04:00,3,1172,20.73839,16.7485,2272.14,1427.38,0.000,0.000,12.0648,9.4275,17.4479,Left,0,0,0,0,0.0000,100.000,0,0.000,0,127.500,71.914,4.500,0.0300,0.5000,270.00,shockwave,60,450;300;200;100;50,1.5,3,0.5,1,2,1,10,0,100,-10,5,250,40,5,250,60,1,8,11,0,0.06,4,0.556,50,8,5
56,1,60,FrameTimeStutter,5.000,shockwave,practice,2026-09-16T14:18:06.7270312-04:00,3,1173,20.75497,16.5735,2272.14,1427.38,0.000,0.000,12.0648,9.4275,17.4479,Left,0,0,0,0,0.0000,100.000,0,0.000,0,127.500,71.914,4.500,0.0300,0.5000,270.00,shockwave,60,450;300;200;100;50,1.5,3,0.5,1,2,1,10,0,100,-10,5,250,40,5,250,60,1,8,11,0,0.06,4,0.556,50,8,5
56,1,60,FrameTimeStutter,5.000,shockwave,practice,2026-09-16T14:18:06.7270312-04:00,3,1174,20.77192,16.9501,2272.14,1427.38,0.000,0.000,12.0648,9.4275,17.4479,Left,0,0,0,0,0.0000,100.000,0,0.000,0,127.500,71.914,4.500,0.0300,0.5000,270.00,shockwave,60,450;300;200;100;50,1.5,3,0.5,1,2,1,10,0,100,-10,5,250,40,5,250,60,1,8,11,0,0.06,4,0.556,50,8,5
56,1,60,FrameTimeStutter,5.000,shockwave,practice,2026-09-16T14:18:06.7270312-04:00,3,1175,20.78847,16.5550,2272.14,1427.38,0.000,0.000,12.0648,9.4275,17.4479,Left,0,0,0,0,0.0000,100.000,0,0.000,0,127.500,71.914,4.500,0.0300,0.5000,270.00,shockwave,60,450;300;200;100;50,1.5,3,0.5,1,2,1,10,0,100,-10,5,250,40,5,250,60,1,8,11,0,0.06,4,0.556,50,8,5
56,1,60,FrameTimeStutter,5.000,shockwave,practice,2026-09-16T14:18:06.7270312-04:00,3,1176,20.80484,16.3643,2270.34,1427.38,-1.000,0.000,12.0648,9.4275,17.4479,Left,0,0,0,0,0.0000,100.000,0,0.000,0,127.500,71.914,4.500,0.0300,0.5000,270.00,shockwave,60,450;300;200;100;50,1.5,3,0.5,1,2,1,10,0,100,-10,5,250,40,5,250,60,1,8,11,0,0.06,4,0.556,50,8,5
56,1,60,FrameTimeStutter,5.000,shockwave,practice,2026-09-16T14:18:06.7270312-04:00,3,1177,20.82227,17.4335,2255.92,1427.38,-8.000,0.000,12.0648,9.4275,17.4479,Left,0,0,0,0,0.0000,100.000,0,0.000,0,127.500,71.914,4.500,0.0300,0.5000,270.00,shockwave,60,450;300;200;100;50,1.5,3,0.5,1,2,1,10,0,100,-10,5,250,40,5,250,60,1,8,11,0,0.06,4,0.556,50,8,5
56,1,60,FrameTimeStutter,5.000,shockwave,practice,2026-09-16T14:18:06.7270312-04:00,3,1178,20.83905,16.7795,2194.64,1427.38,-34.000,0.000,12.0648,9.4275,17.4479,Left,0,0,0,0,0.0000,100.000,0,0.000,0,127.500,71.914,4.500,0.0300,0.5000,270.00,shockwave,60,450;300;200;100;50,1.5,3,0.5,1,2,1,10,0,100,-10,5,250,40,5,250,60,1,8,11,0,0.06,4,0.556,50,8,5
56,1,60,FrameTimeStutter,5.000,shockwave,practice,2026-09-16T14:18:06.7270312-04:00,3,1179,20.85553,16.4823,2106.33,1425.58,-49.000,-1.000,12.0648,9.4275,17.4479,Left,0,0,0,0,0.0000,100.000,0,0.000,0,127.500,71.914,4.500,0.0300,0.5000,270.00,shockwave,60,450;300;200;100;50,1.5,3,0.5,1,2,1,10,0,100,-10,5,250,40,5,250,60,1,8,11,0,0.06,4,0.556,50,8,5
56,1,60,FrameTimeStutter,5.000,shockwave,practice,2026-09-16T14:18:06.7270312-04:00,3,1180,20.87226,16.7329,1935.12,1405.76,-95.000,-11.000,12.0648,9.4275,17.4479,Left,0,0,0,0,0.0000,100.000,0,0.000,0,127.500,71.914,4.500,0.0300,0.5000,270.00,shockwave,60,450;300;200;100;50,1.5,3,0.5,1,2,1,10,0,100,-10,5,250,40,5,250,60,1,8,11,0,0.06,4,0.556,50,8,5
56,1,60,FrameTimeStutter,5.000,shockwave,practice,2026-09-16T14:18:06.7270312-04:00,3,1181,20.88854,16.2805,1798.15,1391.34,-76.000,-8.000,12.0648,9.4275,17.4479,Left,0,0,0,0,0.0000,100.000,0,0.000,0,127.500,71.914,4.500,0.0300,0.5000,270.00,shockwave,60,450;300;200;100;50,1.5,3,0.5,1,2,1,10,0,100,-10,5,250,40,5,250,60,1,8,11,0,0.06,4,0.556,50,8,5
56,1,60,FrameTimeStutter,5.000,shockwave,practice,2026-09-16T14:18:06.7270312-04:00,3,1182,20.90529,16.7467,1635.95,1373.32,-90.000,-10.000,12.0648,9.4275,17.4479,Left,0,0,0,0,0.0000,100.000,0,0.000,0,127.500,71.914,4.500,0.0300,0.5000,270.00,shockwave,60,450;300;200;100;50,1.5,3,0.5,1,2,1,10,0,100,-10,5,250,40,5,250,60,1,8,11,0,0.06,4,0.556,50,8,5
56,1,60,FrameTimeStutter,5.000,shockwave,practice,2026-09-16T14:18:06.7270312-04:00,3,1183,20.92166,16.3656,1452.12,1355.29,-102.000,-10.000,12.0648,9.4275,17.4479,Left,0,0,0,0,0.0000,100.000,0,0.000,0,127.500,71.914,4.500,0.0300,0.5000,270.00,shockwave,60,450;300;200;100;50,1.5,3,0.5,1,2,1,10,0,100,-10,5,250,40,5,250,60,1,8,11,0,0.06,4,0.556,50,8,5
56,1,60,FrameTimeStutter,5.000,shockwave,practice,2026-09-16T14:18:06.7270312-04:00,3,1184,20.93842,16.7663,1232.24,1337.27,-122.000,-10.000,12.0648,9.4275,17.4479,Left,0,0,0,0,0.0000,100.000,0,0.000,0,127.500,71.914,4.500,0.0300,0.5000,270.00,shockwave,60,450;300;200;100;50,1.5,3,0.5,1,2,1,10,0,100,-10,5,250,40,5,250,60,1,8,11,0,0.06,4,0.556,50,8,5
56,1,60,FrameTimeStutter,5.000,shockwave,practice,2026-09-16T14:18:06.7270312-04:00,3,1185,20.95529,16.8694,985.33,1326.46,-137.000,-6.000,12.0648,9.4275,17.4479,Left,0,0,0,0,0.0000,100.000,0,0.000,0,127.500,71.914,4.500,0.0300,0.5000,270.00,shockwave,60,450;300;200;100;50,1.5,3,0.5,1,2,1,10,0,100,-10,5,250,40,5,250,60,1,8,11,0,0.06,4,0.556,50,8,5
56,1,60,FrameTimeStutter,5.000,shockwave,practice,2026-09-16T14:18:06.7270312-04:00,3,1186,20.97200,16.7120,749.24,1324.66,-131.000,-1.000,12.0648,9.4275,17.4479,Left,0,0,0,0,0.0000,100.000,0,0.000,0,127.500,71.914,4.500,0.0300,0.5000,270.00,shockwave,60,450;300;200;100;50,1.5,3,0.5,1,2,1,10,0,100,-10,5,250,40,5,250,60,1,8,11,0,0.06,4,0.556,50,8,5
56,1,60,FrameTimeStutter,5.000,shockwave,practice,2026-09-16T14:18:06.7270312-04:00,3,1187,20.98813,16.1268,505.93,1322.85,-135.000,-1.000,12.0648,9.4275,17.4479,Left,0,0,0,0,0.0000,100.000,0,0.000,0,127.500,71.914,4.500,0.0300,0.5000,270.00,shockwave,60,450;300;200;100;50,1.5,3,0.5,1,2,1,10,0,100,-10,5,250,40,5,250,60,1,8,11,0,0.06,4,0.556,50,8,5
56,1,60,FrameTimeStutter,5.000,shockwave,practice,2026-09-16T14:18:06.7270312-04:00,3,1188,21.00506,16.9297,277.05,1324.66,-127.000,1.000,12.0648,9.4275,17.4479,Left,0,0,0,0,0.0000,100.000,0,0.000,0,127.500,71.914,4.500,0.0300,0.5000,270.00,shockwave,60,450;300;200;100;50,1.5,3,0.5,1,2,1,10,0,100,-10,5,250,40,5,250,60,1,8,11,0,0.06,4,0.556,50,8,5
56,1,60,FrameTimeStutter,5.000,shockwave,practice,2026-09-16T14:18:06.7270312-04:00,3,1189,21.02229,17.2269,69.79,1328.26,-115.000,2.000,12.0648,9.4275,17.4479,Left,0,0,0,0,0.0000,100.000,0,0.000,0,127.500,71.914,4.500,0.0300,0.5000,270.00,shockwave,60,450;300;200;100;50,1.5,3,0.5,1,2,1,10,0,100,-10,5,250,40,5,250,60,1,8,11,0,0.06,4,0.556,50,8,5
56,1,60,FrameTimeStutter,5.000,shockwave,practice,2026-09-16T14:18:06.7270312-04:00,3,1190,21.03831,16.0169,-0.50,1331.87,-97.000,2.000,12.0648,9.4275,17.4479,Left,0,0,0,0,0.0000,100.000,0,0.000,0,127.500,71.914,4.500,0.0300,0.5000,270.00,shockwave,60,450;300;200;100;50,1.5,3,0.5,1,2,1,10,0,100,-10,5,250,40,5,250,60,1,8,11,0,0.06,4,0.556,50,8,5
56,1,60,FrameTimeStutter,5.000,shockwave,practice,2026-09-16T14:18:06.7270312-04:00,3,1191,21.05525,16.9492,-0.50,1335.47,-64.000,2.000,12.0648,9.4275,17.4479,Left,0,0,0,0,0.0000,100.000,0,0.000,0,127.500,71.914,4.500,0.0300,0.5000,270.00,shockwave,60,450;300;200;100;50,1.5,3,0.5,1,2,1,10,0,100,-10,5,250,40,5,250,60,1,8,11,0,0.06,4,0.556,50,8,5
56,1,60,FrameTimeStutter,5.000,shockwave,practice,2026-09-16T14:18:06.7270312-04:00,3,1192,21.07216,16.9092,-0.50,1344.48,-41.000,5.000,12.0648,9.4275,17.4479,Left,0,0,0,0,0.0000,100.000,0,0.000,0,127.500,71.914,4.500,0.0300,0.5000,270.00,shockwave,60,450;300;200;100;50,1.5,3,0.5,1,2,1,10,0,100,-10,5,250,40,5,250,60,1,8,11,0,0.06,4,0.556,50,8,5
56,1,60,FrameTimeStutter,5.000,shockwave,practice,2026-09-16T14:18:06.7270312-04:00,3,1193,21.08895,16.7887,-0.50,1344.48,-3.000,0.000,12.0648,9.4275,17.4479,Left,0,0,0,0,0.0000,100.000,0,0.000,0,127.500,71.914,4.500,0.0300,0.5000,270.00,shockwave,60,450;300;200;100;50,1.5,3,0.5,1,2,1,10,0,100,-10,5,250,40,5,250,60,1,8,11,0,0.06,4,0.556,50,8,5
56,1,60,FrameTimeStutter,5.000,shockwave,practice,2026-09-16T14:18:06.7270312-04:00,3,1194,21.10536,16.4090,-0.50,1344.48,0.000,0.000,12.0648,9.4275,17.4479,Left,0,0,0,0,0.0000,100.000,0,0.000,0,127.500,71.914,4.500,0.0300,0.5000,270.00,shockwave,60,450;300;200;100;50,1.5,3,0.5,1,2,1,10,0,100,-10,5,250,40,5,250,60,1,8,11,0,0.06,4,0.556,50,8,5
56,1,60,FrameTimeStutter,5.000,shockwave,practice,2026-09-16T14:18:06.7270312-04:00,3,1195,21.12194,16.5848,-0.50,1344.48,0.000,0.000,12.0648,9.4275,17.4479,Left,0,0,0,0,0.0000,100.000,0,0.000,0,127.500,71.914,4.500,0.0300,0.5000,270.00,shockwave,60,450;300;200;100;50,1.5,3,0.5,1,2,1,10,0,100,-10,5,250,40,5,250,60,1,8,11,0,0.06,4,0.556,50,8,5
56,1,60,FrameTimeStutter,5.000,shockwave,practice,2026-09-16T14:18:06.7270312-04:00,3,1196,21.13857,16.6221,6.71,1344.48,4.000,0.000,12.1380,9.4275,17.4479,Left,0,0,0,0,0.0000,100.000,0,0.000,0,127.500,71.914,4.500,0.0300,0.5000,270.00,shockwave,60,450;300;200;100;50,1.5,3,0.5,1,2,1,10,0,100,-10,5,250,40,5,250,60,1,8,11,0,0.06,4,0.556,50,8,5
56,1,60,FrameTimeStutter,5.000,shockwave,practice,2026-09-16T14:18:06.7270312-04:00,3,1197,21.15519,16.6180,42.75,1346.28,20.000,1.000,12.5037,9.4458,17.4479,Left,0,0,0,0,0.0000,100.000,0,0.000,0,127.500,71.914,4.500,0.0300,0.5000,270.00,shockwave,60,450;300;200;100;50,1.5,3,0.5,1,2,1,10,0,100,-10,5,250,40,5,250,60,1,8,11,0,0.06,4,0.556,50,8,5
56,1,60,FrameTimeStutter,5.000,shockwave,practice,2026-09-16T14:18:06.7270312-04:00,3,1198,21.17147,16.2877,120.25,1349.89,43.000,2.000,13.2899,9.4823,17.4479,Left,0,0,0,0,0.0000,100.000,0,0.000,0,127.500,71.914,4.500,0.0300,0.5000,270.00,shockwave,60,450;300;200;100;50,1.5,3,0.5,1,2,1,10,0,100,-10,5,250,40,5,250,60,1,8,11,0,0.06,4,0.556,50,8,5
56,1,60,FrameTimeStutter,5.000,shockwave,practice,2026-09-16T14:18:06.7270312-04:00,3,1199,21.18866,17.1826,244.61,1355.29,69.000,3.000,14.5516,9.5372,17.4479,Left,0,0,0,0,0.0000,100.000,0,0.000,0,127.500,71.914,4.500,0.0300,0.5000,270.00,shockwave,60,450;300;200;100;50,1.5,3,0.5,1,2,1,10,0,100,-10,5,250,40,5,250,60,1,8,11,0,0.06,4,0.556,50,8,5
56,1,60,FrameTimeStutter,5.000,shockwave,practice,2026-09-16T14:18:06.7270312-04:00,3,1200,21.20564,16.9853,448.26,1367.91,113.000,7.000,16.6179,9.6652,17.4479,Left,0,0,0,0,0.0000,100.000,0,0.000,0,127.500,71.914,4.500,0.0300,0.5000,270.00,shockwave,60,450;300;200;100;50,1.5,3,0.5,1,2,1,10,0,100,-10,5,250,40,5,250,60,1,8,11,0,0.06,4,0.556,50,8,5
56,1,60,FrameTimeStutter,5.000,shockwave,practice,2026-09-16T14:18:06.7270312-04:00,3,1201,21.22188,16.2392,740.23,1382.33,162.000,8.000,19.5801,9.8115,17.4479,Left,0,0,0,0,0.0000,100.000,0,0.000,0,127.500,71.914,4.500,0.0300,0.5000,270.00,shockwave,60,450;300;200;100;50,1.5,3,0.5,1,2,1,10,0,100,-10,5,250,40,5,250,60,1,8,11,0,0.06,4,0.556,50,8,5
56,1,60,FrameTimeStutter,5.000,shockwave,practice,2026-09-16T14:18:06.7270312-04:00,3,1202,21.23884,16.9628,1061.03,1384.13,178.000,1.000,22.8348,9.8298,17.4479,Right,0,0,0,0,0.0000,100.000,0,0.000,0,127.500,71.914,4.500,0.0300,0.5000,270.00,shockwave,60,450;300;200;100;50,1.5,3,0.5,1,2,1,10,0,100,-10,5,250,40,5,250,60,1,8,11,0,0.06,4,0.556,50,8,5
56,1,60,FrameTimeStutter,5.000,shockwave,practice,2026-09-16T14:18:06.7270312-04:00,3,1203,21.25494,16.0996,1362.00,1380.53,167.000,-2.000,24.3065,9.7932,17.4479,Right,0,0,0,0,0.0000,100.000,0,0.000,0,127.500,71.914,4.500,0.0300,0.5000,270.00,shockwave,60,450;300;200;100;50,1.5,3,0.5,1,2,1,10,0,100,-10,5,250,40,5,250,60,1,8,11,0,0.06,4,0.556,50,8,5
56,1,60,FrameTimeStutter,5.000,shockwave,practice,2026-09-16T14:18:06.7270312-04:00,3,1204,21.27217,17.2328,1780.13,1375.12,232.000,-3.000,24.3065,9.7383,17.4479,Right,0,0,0,0,0.0000,100.000,0,0.000,0,127.500,71.914,4.500,0.0300,0.5000,270.00,shockwave,60,450;300;200;100;50,1.5,3,0.5,1,2,1,10,0,100,-10,5,250,40,5,250,60,1,8,11,0,0.06,4,0.556,50,8,5
56,1,60,FrameTimeStutter,5.000,shockwave,practice,2026-09-16T14:18:06.7270312-04:00,3,1205,21.28860,16.4229,1992.79,1373.32,118.000,-1.000,24.3065,9.7200,17.4479,Right,0,0,0,0,0.0000,100.000,0,0.000,0,127.500,71.914,4.500,0.0300,0.5000,270.00,shockwave,60,450;300;200;100;50,1.5,3,0.5,1,2,1,10,0,100,-10,5,250,40,5,250,60,1,8,11,0,0.06,4,0.556,50,8,5
56,1,60,FrameTimeStutter,5.000,shockwave,practice,2026-09-16T14:18:06.7270312-04:00,3,1206,21.30505,16.4474,2156.80,1373.32,91.000,0.000,24.3065,9.7200,17.4479,Right,0,0,0,0,0.0000,100.000,0,0.000,0,127.500,71.914,4.500,0.0300,0.5000,270.00,shockwave,60,450;300;200;100;50,1.5,3,0.5,1,2,1,10,0,100,-10,5,250,40,5,250,60,1,8,11,0,0.06,4,0.556,50,8,5
56,1,60,FrameTimeStutter,5.000,shockwave,practice,2026-09-16T14:18:06.7270312-04:00,3,1207,21.32154,16.4994,2255.92,1375.12,55.000,1.000,24.3065,9.7383,17.4479,Right,0,0,0,0,0.0000,100.000,0,0.000,0,127.500,71.914,4.500,0.0300,0.5000,270.00,shockwave,60,450;300;200;100;50,1.5,3,0.5,1,2,1,10,0,100,-10,5,250,40,5,250,60,1,8,11,0,0.06,4,0.556,50,8,5
56,1,60,FrameTimeStutter,5.000,shockwave,practice,2026-09-16T14:18:06.7270312-04:00,3,1208,21.33866,17.1152,2281.15,1376.92,14.000,1.000,24.3065,9.7566,17.4479,Right,0,0,0,0,0.0000,100.000,0,0.000,0,127.500,71.914,4.500,0.0300,0.5000,270.00,shockwave,60,450;300;200;100;50,1.5,3,0.5,1,2,1,10,0,100,-10,5,250,40,5,250,60,1,8,11,0,0.06,4,0.556,50,8,5
56,1,60,FrameTimeStutter,5.000,shockwave,practice,2026-09-16T14:18:06.7270312-04:00,3,1209,21.35502,16.3566,2270.34,1376.92,-6.000,0.000,24.1968,9.7566,17.4479,Right,0,0,0,0,0.0000,100.000,0,0.000,0,127.500,71.914,4.500,0.0300,0.5000,270.00,shockwave,60,450;300;200;100;50,1.5,3,0.5,1,2,1,10,0,100,-10,5,250,40,5,250,60,1,8,11,0,0.06,4,0.556,50,8,5
56,1,60,FrameTimeStutter,5.000,shockwave,practice,2026-09-16T14:18:06.7270312-04:00,3,1210,21.37207,17.0527,2207.26,1376.92,-35.000,0.000,23.5568,9.7566,17.4479,Right,0,0,0,0,0.0000,100.000,0,0.000,0,127.500,71.914,4.500,0.0300,0.5000,270.00,shockwave,60,450;300;200;100;50,1.5,3,0.5,1,2,1,10,0,100,-10,5,250,40,5,250,60,1,8,11,0,0.06,4,0.556,50,8,5
56,1,60,FrameTimeStutter,5.000,shockwave,practice,2026-09-16T14:18:06.7270312-04:00,3,1211,21.38885,16.7782,2046.86,1375.12,-89.000,-1.000,21.9294,9.7383,17.4479,Right,0,0,0,0,0.0000,100.000,0,0.000,0,127.500,71.914,4.500,0.0300,0.5000,270.00,shockwave,60,450;300;200;100;50,1.5,3,0.5,1,2,1,10,0,100,-10,5,250,40,5,250,60,1,8,11,0,0.06,4,0.556,50,8,5
56,1,60,FrameTimeStutter,5.000,shockwave,practice,2026-09-16T14:18:06.7270312-04:00,3,1212,21.40491,16.0582,1798.15,1378.72,-138.000,2.000,19.4061,9.7749,17.4479,Right,0,0,0,0,0.0000,100.000,0,0.000,0,127.500,71.914,4.500,0.0300,0.5000,270.00,shockwave,60,450;300;200;100;50,1.5,3,0.5,1,2,1,10,0,100,-10,5,250,40,5,250,60,1,8,11,0,0.06,4,0.556,50,8,5
56,1,60,FrameTimeStutter,5.000,shockwave,practice,2026-09-16T14:18:06.7270312-04:00,3,1213,21.42228,17.3740,1482.75,1384.13,-175.000,3.000,16.2062,9.8297,17.4479,Right,0,0,0,0,0.0000,100.000,0,0.000,0,127.500,71.914,4.500,0.0300,0.5000,270.00,shockwave,60,450;300;200;100;50,1.5,3,0.5,1,2,1,10,0,100,-10,5,250,40,5,250,60,1,8,11,0,0.06,4,0.556,50,8,5
56,1,60,FrameTimeStutter,5.000,shockwave,practice,2026-09-16T14:18:06.7270312-04:00,3,1214,21.43864,16.3577,1145.73,1389.54,-187.000,3.000,12.7868,9.8846,17.4479,Left,0,0,0,0,0.0000,100.000,0,0.000,0,127.500,71.914,4.500,0.0300,0.5000,270.00,shockwave,60,450;300;200;100;50,1.5,3,0.5,1,2,1,10,0,100,-10,5,250,40,5,250,60,1,8,11,0,0.06,4,0.556,50,8,5
56,1,60,FrameTimeStutter,5.000,shockwave,practice,2026-09-16T14:18:06.7270312-04:00,3,1215,21.45489,16.2537,770.86,1393.14,-208.000,2.000,8.9835,9.9212,17.4479,Left,0,0,0,0,0.0000,100.000,0,0.000,0,127.500,71.914,4.500,0.0300,0.5000,270.00,shockwave,60,450;300;200;100;50,1.5,3,0.5,1,2,1,10,0,100,-10,5,250,40,5,250,60,1,8,11,0,0.06,4,0.556,50,8,5
56,1,60,FrameTimeStutter,5.000,shockwave,practice,2026-09-16T14:18:06.7270312-04:00,3,1216,21.47233,17.4400,213.97,1398.55,-309.000,3.000,3.3333,9.9760,17.4479,Left,0,0,0,0,0.0000,100.000,0,0.000,0,127.500,71.914,4.500,0.0300,0.5000,270.00,shockwave,60,450;300;200;100;50,1.5,3,0.5,1,2,1,10,0,100,-10,5,250,40,5,250,60,1,8,11,0,0.06,4,0.556,50,8,5
56,1,60,FrameTimeStutter,5.000,shockwave,practice,2026-09-16T14:18:06.7270312-04:00,3,1217,21.48926,16.9283,-0.50,1403.96,-189.000,3.000,-0.1226,10.0309,17.4479,Left,0,0,0,0,0.0000,100.000,0,0.000,0,127.500,71.914,4.500,0.0300,0.5000,270.00,shockwave,60,450;300;200;100;50,1.5,3,0.5,1,2,1,10,0,100,-10,5,250,40,5,250,60,1,8,11,0,0.06,4,0.556,50,8,5
56,1,60,FrameTimeStutter,5.000,shockwave,practice,2026-09-16T14:18:06.7270312-04:00,3,1218,21.50558,16.3251,-0.50,1407.56,-172.000,2.000,-3.2676,10.0674,17.4479,Left,0,0,0,0,0.0000,100.000,0,0.000,0,127.500,71.914,4.500,0.0300,0.5000,270.00,shockwave,60,450;300;200;100;50,1.5,3,0.5,1,2,1,10,0,100,-10,5,250,40,5,250,60,1,8,11,0,0.06,4,0.556,50,8,5
56,1,60,FrameTimeStutter,5.000,shockwave,practice,2026-09-16T14:18:06.7270312-04:00,3,1219,21.52149,15.9075,-0.50,1414.77,-141.000,4.000,-5.8459,10.1406,17.4479,Left,0,0,0,0,0.0000,100.000,0,0.000,0,127.500,71.914,4.500,0.0300,0.5000,270.00,shockwave,60,450;300;200;100;50,1.5,3,0.5,1,2,1,10,0,100,-10,5,250,40,5,250,60,1,8,11,0,0.06,4,0.556,50,8,5
56,1,60,FrameTimeStutter,5.000,shockwave,practice,2026-09-16T14:18:06.7270312-04:00,3,1220,21.53859,17.0987,-0.50,1420.18,-108.000,3.000,-7.8207,10.1954,17.4479,Left,0,0,0,0,0.0000,100.000,0,0.000,0,127.500,71.914,4.500,0.0300,0.5000,270.00,shockwave,60,450;300;200;100;50,1.5,3,0.5,1,2,1,10,0,100,-10,5,250,40,5,250,60,1,8,11,0,0.06,4,0.556,50,8,5
56,1,60,FrameTimeStutter,5.000,shockwave,practice,2026-09-16T14:18:06.7270312-04:00,3,1221,21.55534,16.7506,-0.50,1423.78,-60.000,2.000,-8.9178,10.2320,17.4479,Left,0,0,0,0,0.0000,100.000,0,0.000,0,127.500,71.914,4.500,0.0300,0.5000,270.00,shockwave,60,450;300;200;100;50,1.5,3,0.5,1,2,1,10,0,100,-10,5,250,40,5,250,60,1,8,11,0,0.06,4,0.556,50,8,5
56,1,60,FrameTimeStutter,5.000,shockwave,practice,2026-09-16T14:18:06.7270312-04:00,3,1222,21.57166,16.3188,-0.50,1425.58,-20.000,1.000,-9.2835,10.2503,17.4479,Left,0,0,0,0,0.0000,100.000,0,0.000,0,127.500,71.914,4.500,0.0300,0.5000,270.00,shockwave,60,450;300;200;100;50,1.5,3,0.5,1,2,1,10,0,100,-10,5,250,40,5,250,60,1,8,11,0,0.06,4,0.556,50,8,5
56,1,60,FrameTimeStutter,5.000,shockwave,practice,2026-09-16T14:18:06.7270312-04:00,3,1223,21.58843,16.7715,-0.50,1425.58,0.000,0.000,-9.2835,10.2503,17.4479,Left,0,0,0,0,0.0000,100.000,0,0.000,0,127.500,71.914,4.500,0.0300,0.5000,270.00,shockwave,60,450;300;200;100;50,1.5,3,0.5,1,2,1,10,0,100,-10,5,250,40,5,250,60,1,8,11,0,0.06,4,0.556,50,8,5
56,1,60,FrameTimeStutter,5.000,shockwave,practice,2026-09-16T14:18:06.7270312-04:00,3,1224,21.60505,16.6139,-0.50,1425.58,0.000,0.000,-9.2835,10.2503,17.4479,Left,0,0,0,0,0.0000,100.000,0,0.000,0,127.500,71.914,4.500,0.0300,0.5000,270.00,shockwave,60,450;300;200;100;50,1.5,3,0.5,1,2,1,10,0,100,-10,5,250,40,5,250,60,1,8,11,0,0.06,4,0.556,50,8,5
56,1,60,FrameTimeStutter,5.000,shockwave,practice,2026-09-16T14:18:06.7270312-04:00,3,1225,21.62189,16.8421,-0.50,1425.58,0.000,0.000,-9.2835,10.2503,17.4479,Left,0,0,0,0,0.0000,100.000,0,0.000,0,127.500,71.914,4.500,0.0300,0.5000,270.00,shockwave,60,450;300;200;100;50,1.5,3,0.5,1,2,1,10,0,100,-10,5,250,40,5,250,60,1,8,11,0,0.06,4,0.556,50,8,5
56,1,60,FrameTimeStutter,5.000,shockwave,practice,2026-09-16T14:18:06.7270312-04:00,3,1226,21.63893,17.0387,1.30,1425.58,1.000,0.000,-9.2652,10.2503,17.4479,Left,0,0,0,0,0.0000,100.000,0,0.000,0,127.500,71.914,4.500,0.0300,0.5000,270.00,shockwave,60,450;300;200;100;50,1.5,3,0.5,1,2,1,10,0,100,-10,5,250,40,5,250,60,1,8,11,0,0.06,4,0.556,50,8,5
56,1,60,FrameTimeStutter,5.000,shockwave,practice,2026-09-16T14:18:06.7270312-04:00,3,1227,21.65504,16.1122,21.13,1425.58,11.000,0.000,-9.0641,10.2503,17.4479,Left,0,0,0,0,0.0000,100.000,0,0.000,0,127.500,71.914,4.500,0.0300,0.5000,270.00,shockwave,60,450;300;200;100;50,1.5,3,0.5,1,2,1,10,0,100,-10,5,250,40,5,250,60,1,8,11,0,0.06,4,0.556,50,8,5
56,1,60,FrameTimeStutter,5.000,shockwave,practice,2026-09-16T14:18:06.7270312-04:00,3,1228,21.67225,17.2088,158.10,1418.37,76.000,-4.000,-7.6744,10.1771,17.4479,Left,0,0,0,0,0.0000,100.000,0,0.000,0,127.500,71.914,4.500,0.0300,0.5000,270.00,shockwave,60,450;300;200;100;50,1.5,3,0.5,1,2,1,10,0,100,-10,5,250,40,5,250,60,1,8,11,0,0.06,4,0.556,50,8,5
56,1,60,FrameTimeStutter,5.000,shockwave,practice,2026-09-16T14:18:06.7270312-04:00,3,1229,21.68863,16.3835,307.68,1412.97,83.000,-3.000,-6.1567,10.1223,17.4479,Left,0,0,0,0,0.0000,100.000,0,0.000,0,127.500,71.914,4.500,0.0300,0.5000,270.00,shockwave,60,450;300;200;100;50,1.5,3,0.5,1,2,1,10,0,100,-10,5,250,40,5,250,60,1,8,11,0,0.06,4,0.556,50,8,5
56,1,60,FrameTimeStutter,5.000,shockwave,practice,2026-09-16T14:18:06.7270312-04:00,3,1230,21.70572,17.0912,498.72,1405.76,106.000,-4.000,-4.2185,10.0491,17.4479,Left,0,0,0,0,0.0000,100.000,0,0.000,0,127.500,71.914,4.500,0.0300,0.5000,270.00,shockwave,60,450;300;200;100;50,1.5,3,0.5,1,2,1,10,0,100,-10,5,250,40,5,250,60,1,8,11,0,0.06,4,0.556,50,8,5
56,1,60,FrameTimeStutter,5.000,shockwave,practice,2026-09-16T14:18:06.7270312-04:00,3,1231,21.72199,16.2661,760.05,1389.54,145.000,-9.000,-1.5671,9.8845,17.4479,Left,0,0,0,0,0.0000,100.000,0,0.000,0,127.500,71.914,4.500,0.0300,0.5000,270.00,shockwave,60,450;300;200;100;50,1.5,3,0.5,1,2,1,10,0,100,-10,5,250,40,5,250,60,1,8,11,0,0.06,4,0.556,50,8,5
56,1,60,FrameTimeStutter,5.000,shockwave,practice,2026-09-16T14:18:06.7270312-04:00,3,1232,21.73891,16.9245,1053.82,1367.91,163.000,-12.000,1.4134,9.6651,17.4479,Left,0,0,0,0,0.0000,100.000,0,0.000,0,127.500,71.914,4.500,0.0300,0.5000,270.00,shockwave,60,450;300;200;100;50,1.5,3,0.5,1,2,1,10,0,100,-10,5,250,40,5,250,60,1,8,11,0,0.06,4,0.556,50,8,5
56,1,60,FrameTimeStutter,5.000,shockwave,practice,2026-09-16T14:18:06.7270312-04:00,3,1233,21.75525,16.3415,1401.65,1339.07,193.000,-16.000,4.9424,9.3725,17.4479,Left,0,0,0,0,0.0000,100.000,0,0.000,0,127.500,71.914,4.500,0.0300,0.5000,270.00,shockwave,60,450;300;200;100;50,1.5,3,0.5,1,2,1,10,0,100,-10,5,250,40,5,250,60,1,8,11,0,0.06,4,0.556,50,8,5
56,1,60,FrameTimeStutter,5.000,shockwave,practice,2026-09-16T14:18:06.7270312-04:00,3,1234,21.77228,17.0255,1733.27,1313.84,184.000,-14.000,8.3069,9.1165,17.4479,Left,0,0,0,0,0.0000,100.000,0,0.000,0,127.500,71.914,4.500,0.0300,0.5000,270.00,shockwave,60,450;300;200;100;50,1.5,3,0.5,1,2,1,10,0,100,-10,5,250,40,5,250,60,1,8,11,0,0.06,4,0.556,50,8,5
56,1,60,FrameTimeStutter,5.000,shockwave,practice,2026-09-16T14:18:06.7270312-04:00,3,1235,21.78824,15.9615,2034.24,1292.22,167.000,-12.000,11.3605,8.8971,17.4479,Left,0,0,0,0,0.0000,100.000,0,0.000,0,127.500,71.914,4.500,0.0300,0.5000,270.00,shockwave,60,450;300;200;100;50,1.5,3,0.5,1,2,1,10,0,100,-10,5,250,40,5,250,60,1,8,11,0,0.06,4,0.556,50,8,5
56,1,60,FrameTimeStutter,5.000,shockwave,practice,2026-09-16T14:18:06.7270312-04:00,3,1236,21.80511,16.8693,2239.70,1266.98,114.000,-14.000,13.4450,8.6411,17.4479,Left,0,0,0,0,0.0000,100.000,0,0.000,0,127.500,71.914,4.500,0.0300,0.5000,270.00,shockwave,60,450;300;200;100;50,1.5,3,0.5,1,2,1,10,0,100,-10,5,250,40,5,250,60,1,8,11,0,0.06,4,0.556,50,8,5
56,1,60,FrameTimeStutter,5.000,shockwave,practice,2026-09-16T14:18:06.7270312-04:00,3,1237,21.82157,16.4615,2319.00,1248.96,44.000,-10.000,14.2496,8.4583,17.4479,Left,0,0,0,0,0.0000,100.000,0,0.000,0,127.500,71.914,4.500,0.0300,0.5000,270.00,shockwave,60,450;300;200;100;50,1.5,3,0.5,1,2,1,10,0,100,-10,5,250,40,5,250,60,1,8,11,0,0.06,4,0.556,50,8,5
56,1,60,FrameTimeStutter,5.000,shockwave,practice,2026-09-16T14:18:06.7270312-04:00,3,1238,21.83858,17.0104,2293.77,1243.55,-14.000,-3.000,13.9936,8.4034,17.4479,Left,0,0,0,0,0.0000,100.000,0,0.000,0,127.500,71.914,4.500,0.0300,0.5000,270.00,shockwave,60,450;300;200;100;50,1.5,3,0.5,1,2,1,10,0,100,-10,5,250,40,5,250,60,1,8,11,0,0.06,4,0.556,50,8,5
56,1,60,FrameTimeStutter,5.000,shockwave,practice,2026-09-16T14:18:06.7270312-04:00,3,1239,21.85538,16.7939,2207.26,1238.15,-48.000,-3.000,13.1159,8.3486,17.4479,Left,0,0,0,0,0.0000,100.000,0,0.000,0,127.500,71.914,4.500,0.0300,0.5000,270.00,shockwave,60,450;300;200;100;50,1.5,3,0.5,1,2,1,10,0,100,-10,5,250,40,5,250,60,1,8,11,0,0.06,4,0.556,50,8,5
56,1,60,FrameTimeStutter,5.000,shockwave,practice,2026-09-16T14:18:06.7270312-04:00,3,1240,21.87167,16.2931,2037.85,1238.15,-94.000,0.000,11.3971,8.3486,17.4479,Left,0,0,0,0,0.0000,100.000,0,0.000,0,127.500,71.914,4.500,0.0300,0.5000,270.00,shockwave,60,450;300;200;100;50,1.5,3,0.5,1,2,1,10,0,100,-10,5,250,40,5,250,60,1,8,11,0,0.06,4,0.556,50,8,5
56,1,60,FrameTimeStutter,5.000,shockwave,practice,2026-09-16T14:18:06.7270312-04:00,3,1241,21.88883,17.1559,1632.34,1247.16,-225.000,5.000,7.2829,8.4400,17.4479,Left,0,0,0,0,0.0000,100.000,0,0.000,0,127.500,71.914,4.500,0.0300,0.5000,270.00,shockwave,60,450;300;200;100;50,1.5,3,0.5,1,2,1,10,0,100,-10,5,250,40,5,250,60,1,8,11,0,0.06,4,0.556,50,8,5
56,1,60,FrameTimeStutter,5.000,shockwave,practice,2026-09-16T14:18:06.7270312-04:00,3,1242,21.90511,16.2798,1261.08,1261.58,-206.000,8.000,3.5161,8.5863,17.4479,Left,0,0,0,0,0.0000,100.000,0,0.000,0,127.500,71.914,4.500,0.0300,0.5000,270.00,shockwave,60,450;300;200;100;50,1.5,3,0.5,1,2,1,10,0,100,-10,5,250,40,5,250,60,1,8,11,0,0.06,4,0.556,50,8,5
56,1,60,FrameTimeStutter,5.000,shockwave,practice,2026-09-16T14:18:06.7270312-04:00,3,1243,21.92201,16.9078,837.55,1281.40,-235.000,11.000,-0.7809,8.7874,17.4479,Left,0,0,0,0,0.0000,100.000,0,0.000,0,127.500,71.914,4.500,0.0300,0.5000,270.00,shockwave,60,450;300;200;100;50,1.5,3,0.5,1,2,1,10,0,100,-10,5,250,40,5,250,60,1,8,11,0,0.06,4,0.556,50,8,5
56,1,60,FrameTimeStutter,5.000,shockwave,practice,2026-09-16T14:18:06.7270312-04:00,3,1244,21.93828,16.2678,401.40,1303.03,-242.000,12.000,-5.2059,9.0068,17.4479,Left,0,0,0,0,0.0000,100.000,0,0.000,0,127.500,71.914,4.500,0.0300,0.5000,270.00,shockwave,60,450;300;200;100;50,1.5,3,0.5,1,2,1,10,0,100,-10,5,250,40,5,250,60,1,8,11,0,0.06,4,0.556,50,8,5
56,1,60,FrameTimeStutter,5.000,shockwave,practice,2026-09-16T14:18:06.7270312-04:00,3,1245,21.95566,17.3824,-0.50,1313.84,-229.000,6.000,-9.3933,9.1165,17.4479,Left,0,0,0,0,0.0000,100.000,0,0.000,0,127.500,71.914,4.500,0.0300,0.5000,270.00,shockwave,60,450;300;200;100;50,1.5,3,0.5,1,2,1,10,0,100,-10,5,250,40,5,250,60,1,8,11,0,0.06,4,0.556,50,8,5
56,1,60,FrameTimeStutter,5.000,shockwave,practice,2026-09-16T14:18:06.7270312-04:00,3,1246,21.97163,15.9662,-0.50,1317.45,-183.000,2.000,-12.7395,9.1531,17.4479,Left,0,0,0,0,0.0000,100.000,0,0.000,0,127.500,71.914,4.500,0.0300,0.5000,270.00,shockwave,60,450;300;200;100;50,1.5,3,0.5,1,2,1,10,0,100,-10,5,250,40,5,250,60,1,8,11,0,0.06,4,0.556,50,8,5
56,1,60,FrameTimeStutter,5.000,shockwave,practice,2026-09-16T14:18:06.7270312-04:00,3,1247,21.98818,16.5463,-0.50,1319.25,-127.000,1.000,-15.0617,9.1714,17.4479,Left,0,0,0,0,0.0000,100.000,0,0.000,0,127.500,71.914,4.500,0.0300,0.5000,270.00,shockwave,60,450;300;200;100;50,1.5,3,0.5,1,2,1,10,0,100,-10,5,250,40,5,250,60,1,8,11,0,0.06,4,0.556,50,8,5
56,1,60,FrameTimeStutter,5.000,shockwave,practice,2026-09-16T14:18:06.7270312-04:00,3,1248,22.00497,16.7911,-0.50,1313.84,-70.000,-3.000,-16.3417,9.1165,17.4479,Left,0,0,0,0,0.0000,100.000,0,0.000,0,127.500,71.914,4.500,0.0300,0.5000,270.00,shockwave,60,450;300;200;100;50,1.5,3,0.5,1,2,1,10,0,100,-10,5,250,40,5,250,60,1,8,11,0,0.06,4,0.556,50,8,5
56,1,60,FrameTimeStutter,5.000,shockwave,practice,2026-09-16T14:18:06.7270312-04:00,3,1249,22.02225,17.2874,-0.50,1310.24,-25.000,-2.000,-16.7988,9.0799,17.4479,Left,0,0,0,0,0.0000,100.000,0,0.000,0,127.500,71.914,4.500,0.0300,0.5000,270.00,shockwave,60,450;300;200;100;50,1.5,3,0.5,1,2,1,10,0,100,-10,5,250,40,5,250,60,1,8,11,0,0.06,4,0.556,50,8,5
56,1,60,FrameTimeStutter,5.000,shockwave,practice,2026-09-16T14:18:06.7270312-04:00,3,1250,22.03897,16.7153,-0.50,1310.24,0.000,0.000,-16.7988,9.0799,17.4479,Left,0,0,0,0,0.0000,100.000,0,0.000,0,127.500,71.914,4.500,0.0300,0.5000,270.00,shockwave,60,450;300;200;100;50,1.5,3,0.5,1,2,1,10,0,100,-10,5,250,40,5,250,60,1,8,11,0,0.06,4,0.556,50,8,5
56,1,60,FrameTimeStutter,5.000,shockwave,practice,2026-09-16T14:18:06.7270312-04:00,3,1251,22.05489,15.9225,3.10,1310.24,2.000,0.000,-16.7622,9.0799,17.4479,Left,0,0,0,0,0.0000,100.000,0,0.000,0,127.500,71.914,4.500,0.0300,0.5000,270.00,shockwave,60,450;300;200;100;50,1.5,3,0.5,1,2,1,10,0,100,-10,5,250,40,5,250,60,1,8,11,0,0.06,4,0.556,50,8,5
56,1,60,FrameTimeStutter,5.000,shockwave,practice,2026-09-16T14:18:06.7270312-04:00,3,1252,22.07228,17.3880,77.00,1312.04,41.000,1.000,-16.0125,9.0982,17.4479,Left,0,0,0,0,0.0000,100.000,0,0.000,0,127.500,71.914,4.500,0.0300,0.5000,270.00,shockwave,60,450;300;200;100;50,1.5,3,0.5,1,2,1,10,0,100,-10,5,250,40,5,250,60,1,8,11,0,0.06,4,0.556,50,8,5
56,1,60,FrameTimeStutter,5.000,shockwave,practice,2026-09-16T14:18:06.7270312-04:00,3,1253,22.08914,16.8618,215.77,1315.65,77.000,2.000,-14.6046,9.1348,17.4479,Left,0,0,0,0,0.0000,100.000,0,0.000,0,127.500,71.914,4.500,0.0300,0.5000,270.00,shockwave,60,450;300;200;100;50,1.5,3,0.5,1,2,1,10,0,100,-10,5,250,40,5,250,60,1,8,11,0,0.06,4,0.556,50,8,5
56,1,60,FrameTimeStutter,5.000,shockwave,practice,2026-09-16T14:18:06.7270312-04:00,3,1254,22.10544,16.2978,428.44,1317.45,118.000,1.000,-12.4469,9.1531,17.4479,Left,0,0,0,0,0.0000,100.000,0,0.000,0,127.500,71.914,4.500,0.0300,0.5000,270.00,shockwave,60,450;300;200;100;50,1.5,3,0.5,1,2,1,10,0,100,-10,5,250,40,5,250,60,1,8,11,0,0.06,4,0.556,50,8,5
56,1,60,FrameTimeStutter,5.000,shockwave,practice,2026-09-16T14:18:06.7270312-04:00,3,1255,22.12189,16.4516,707.78,1319.25,155.000,1.000,-9.6127,9.1714,17.4479,Left,0,0,0,0,0.0000,100.000,0,0.000,0,127.500,71.914,4.500,0.0300,0.5000,270.00,shockwave,60,450;300;200;100;50,1.5,3,0.5,1,2,1,10,0,100,-10,5,250,40,5,250,60,1,8,11,0,0.06,4,0.556,50,8,5
56,1,60,FrameTimeStutter,5.000,shockwave,practice,2026-09-16T14:18:06.7270312-04:00,3,1256,22.13791,16.0204,1037.60,1322.85,183.000,2.000,-6.2665,9.2079,17.4479,Left,0,0,0,0,0.0000,100.000,0,0.000,0,127.500,71.914,4.500,0.0300,0.5000,270.00,shockwave,60,450;300;200;100;50,1.5,3,0.5,1,2,1,10,0,100,-10,5,250,40,5,250,60,1,8,11,0,0.06,4,0.556,50,8,5
56,1,60,FrameTimeStutter,5.000,shockwave,practice,2026-09-16T14:18:06.7270312-04:00,3,1257,22.15498,17.0655,1428.69,1326.46,217.000,2.000,-2.2986,9.2445,17.4479,Left,0,0,0,0,0.0000,100.000,0,0.000,0,127.500,71.914,4.500,0.0300,0.5000,270.00,shockwave,60,450;300;200;100;50,1.5,3,0.5,1,2,1,10,0,100,-10,5,250,40,5,250,60,1,8,11,0,0.06,4,0.556,50,8,5
56,1,60,FrameTimeStutter,5.000,shockwave,practice,2026-09-16T14:18:06.7270312-04:00,3,1258,22.17190,16.9185,1808.96,1331.87,211.000,3.000,1.5595,9.2993,17.4479,Left,0,0,0,0,0.0000,100.000,0,0.000,0,127.500,71.914,4.500,0.0300,0.5000,270.00,shockwave,60,450;300;200;100;50,1.5,3,0.5,1,2,1,10,0,100,-10,5,250,40,5,250,60,1,8,11,0,0.06,4,0.556,50,8,5
56,1,60,FrameTimeStutter,5.000,shockwave,practice,2026-09-16T14:18:06.7270312-04:00,3,1259,22.18818,16.2807,2178.42,1340.88,205.000,5.000,5.3080,9.3908,17.4479,Left,0,0,0,0,0.0000,100.000,0,0.000,0,127.500,71.914,4.500,0.0300,0.5000,270.00,shockwave,60,450;300;200;100;50,1.5,3,0.5,1,2,1,10,0,100,-10,5,250,40,5,250,60,1,8,11,0,0.06,4,0.556,50,8,5
56,1,60,FrameTimeStutter,5.000,shockwave,practice,2026-09-16T14:18:06.7270312-04:00,3,1260,22.20514,16.9590,2486.61,1349.89,171.000,5.000,8.4348,9.4822,17.4479,Left,0,0,0,0,0.0000,100.000,0,0.000,0,127.500,71.914,4.500,0.0300,0.5000,270.00,shockwave,60,450;300;200;100;50,1.5,3,0.5,1,2,1,10,0,100,-10,5,250,40,5,250,60,1,8,11,0,0.06,4,0.556,50,8,5
56,1,60,FrameTimeStutter,5.000,shockwave,practice,2026-09-16T14:18:06.7270312-04:00,3,1261,22.22180,16.6644,2558.70,1353.49,121.000,2.000,10.6473,9.5187,17.4479,Left,0,0,0,0,0.0000,100.000,0,0.000,0,127.500,71.914,4.500,0.0300,0.5000,270.00,shockwave,60,450;300;200;100;50,1.5,3,0.5,1,2,1,10,0,100,-10,5,250,40,5,250,60,1,8,11,0,0.06,4,0.556,50,8,5
56,1,60,FrameTimeStutter,5.000,shockwave,practice,2026-09-16T14:18:06.7270312-04:00,3,1262,22.23853,16.7328,2558.70,1348.09,57.000,-3.000,11.6896,9.4639,17.4479,Left,0,0,0,0,0.0000,100.000,0,0.000,0,127.500,71.914,4.500,0.0300,0.5000,270.00,shockwave,60,450;300;200;100;50,1.5,3,0.5,1,2,1,10,0,100,-10,5,250,40,5,250,60,1,8,11,0,0.06,4,0.556,50,8,5
56,1,60,FrameTimeStutter,5.000,shockwave,practice,2026-09-16T14:18:06.7270312-04:00,3,1263,22.25551,16.9758,2542.48,1342.68,-6.000,-3.000,11.5798,9.4090,17.4479,Left,0,0,0,0,0.0000,100.000,0,0.000,0,127.500,71.914,4.500,0.0300,0.5000,270.00,shockwave,60,450;300;200;100;50,1.5,3,0.5,1,2,1,10,0,100,-10,5,250,40,5,250,60,1,8,11,0,0.06,4,0.556,50,8,5
56,1,60,FrameTimeStutter,5.000,shockwave,practice,2026-09-16T14:18:06.7270312-04:00,3,1264,22.27194,16.4288,2371.26,1331.87,-95.000,-6.000,9.8427,9.2993,17.4479,Left,0,0,0,0,0.0000,100.000,0,0.000,0,127.500,71.914,4.500,0.0300,0.5000,270.00,shockwave,60,450;300;200;100;50,1.5,3,0.5,1,2,1,10,0,100,-10,5,250,40,5,250,60,1,8,11,0,0.06,4,0.556,50,8,5
56,1,60,FrameTimeStutter,5.000,shockwave,practice,2026-09-16T14:18:06.7270312-04:00,3,1265,22.28840,16.4657,2149.59,1328.26,-123.000,-2.000,7.5936,9.2627,17.4479,Left,0,0,0,0,0.0000,100.000,0,0.000,0,127.500,71.914,4.500,0.0300,0.5000,270.00,shockwave,60,450;300;200;100;50,1.5,3,0.5,1,2,1,10,0,100,-10,5,250,40,5,250,60,1,8,11,0,0.06,4,0.556,50,8,5
56,1,60,FrameTimeStutter,5.000,shockwave,practice,2026-09-16T14:18:06.7270312-04:00,3,1266,22.30550,17.0971,1857.62,1326.46,-162.000,-1.000,4.6314,9.2445,17.4479,Left,0,0,0,0,0.0000,100.000,0,0.000,0,127.500,71.914,4.500,0.0300,0.5000,270.00,shockwave,60,450;300;200;100;50,1.5,3,0.5,1,2,1,10,0,100,-10,5,250,40,5,250,60,1,8,11,0,0.06,4,0.556,50,8,5
56,1,60,FrameTimeStutter,5.000,shockwave,practice,2026-09-16T14:18:06.7270312-04:00,3,1267,22.32145,15.9503,1524.21,1324.66,-185.000,-1.000,1.2486,9.2262,17.4479,Left,0,0,0,0,0.0000,100.000,0,0.000,0,127.500,71.914,4.500,0.0300,0.5000,270.00,shockwave,60,450;300;200;100;50,1.5,3,0.5,1,2,1,10,0,100,-10,5,250,40,5,250,60,1,8,11,0,0.06,4,0.556,50,8,5
56,1,60,FrameTimeStutter,5.000,shockwave,practice,2026-09-16T14:18:06.7270312-04:00,3,1268,22.33851,17.0562,1143.93,1321.05,-211.000,-2.000,-2.6096,9.1896,17.4479,Left,0,0,0,0,0.0000,100.000,0,0.000,0,127.500,71.914,4.500,0.0300,0.5000,270.00,shockwave,60,450;300;200;100;50,1.5,3,0.5,1,2,1,10,0,100,-10,5,250,40,5,250,60,1,8,11,0,0.06,4,0.556,50,8,5
56,1,60,FrameTimeStutter,5.000,shockwave,practice,2026-09-16T14:18:06.7270312-04:00,3,1269,22.35499,16.4842,769.06,1317.45,-208.000,-2.000,-6.4129,9.1530,17.4479,Left,0,0,0,0,0.0000,100.000,0,0.000,0,127.500,71.914,4.500,0.0300,0.5000,270.00,shockwave,60,450;300;200;100;50,1.5,3,0.5,1,2,1,10,0,100,-10,5,250,40,5,250,60,1,8,11,0,0.06,4,0.556,50,8,5
56,1,60,FrameTimeStutter,5.000,shockwave,practice,2026-09-16T14:18:06.7270312-04:00,3,1270,22.37147,16.4766,406.81,1310.24,-201.000,-4.000,-10.0882,9.0799,17.4479,Left,0,0,0,0,0.0000,100.000,0,0.000,0,127.500,71.914,4.500,0.0300,0.5000,270.00,shockwave,60,450;300;200;100;50,1.5,3,0.5,1,2,1,10,0,100,-10,5,250,40,5,250,60,1,8,11,0,0.06,4,0.556,50,8,5
56,1,60,FrameTimeStutter,5.000,shockwave,practice,2026-09-16T14:18:06.7270312-04:00,3,1271,22.38818,16.7091,98.62,1303.03,-171.000,-4.000,-13.2150,9.0067,17.4479,Left,0,0,0,0,0.0000,100.000,0,0.000,0,127.500,71.914,4.500,0.0300,0.5000,270.00,shockwave,60,450;300;200;100;50,1.5,3,0.5,1,2,1,10,0,100,-10,5,250,40,5,250,60,1,8,11,0,0.06,4,0.556,50,8,5
56,1,60,FrameTimeStutter,5.000,shockwave,practice,2026-09-16T14:18:06.7270312-04:00,3,1272,22.40527,17.0948,-0.50,1299.42,-126.000,-2.000,-15.5190,8.9701,17.4479,Left,0,0,0,0,0.0000,100.000,0,0.000,0,127.500,71.914,4.500,0.0300,0.5000,270.00,shockwave,60,450;300;200;100;50,1.5,3,0.5,1,2,1,10,0,100,-10,5,250,40,5,250,60,1,8,11,0,0.06,4,0.556,50,8,5
56,1,60,FrameTimeStutter,5.000,shockwave,practice,2026-09-16T14:18:06.7270312-04:00,3,1273,22.42150,16.2273,-0.50,1295.82,-80.000,-2.000,-16.9818,8.9336,17.4479,Left,0,0,0,0,0.0000,100.000,0,0.000,0,127.500,71.914,4.500,0.0300,0.5000,270.00,shockwave,60,450;300;200;100;50,1.5,3,0.5,1,2,1,10,0,100,-10,5,250,40,5,250,60,1,8,11,0,0.06,4,0.556,50,8,5
56,1,60,FrameTimeStutter,5.000,shockwave,practice,2026-09-16T14:18:06.7270312-04:00,3,1274,22.43836,16.8641,-0.50,1294.02,-40.000,-1.000,-17.7132,8.9153,17.4479,Left,0,0,0,0,0.0000,100.000,0,0.000,0,127.500,71.914,4.500,0.0300,0.5000,270.00,shockwave,60,450;300;200;100;50,1.5,3,0.5,1,2,1,10,0,100,-10,5,250,40,5,250,60,1,8,11,0,0.06,4,0.556,50,8,5
56,1,60,FrameTimeStutter,5.000,shockwave,practice,2026-09-16T14:18:06.7270312-04:00,3,1275,22.45510,16.7399,-0.50,1294.02,-7.000,0.000,-17.8412,8.9153,17.4479,Left,0,0,0,0,0.0000,100.000,0,0.000,0,127.500,71.914,4.500,0.0300,0.5000,270.00,shockwave,60,450;300;200;100;50,1.5,3,0.5,1,2,1,10,0,100,-10,5,250,40,5,250,60,1,8,11,0,0.06,4,0.556,50,8,5
56,1,60,FrameTimeStutter,5.000,shockwave,practice,2026-09-16T14:18:06.7270312-04:00,3,1276,22.47252,17.4182,31.94,1299.42,18.000,3.000,-17.5121,8.9701,17.4479,Left,0,0,0,0,0.0000,100.000,0,0.000,0,127.500,71.914,4.500,0.0300,0.5000,270.00,shockwave,60,450;300;200;100;50,1.5,3,0.5,1,2,1,10,0,100,-10,5,250,40,5,250,60,1,8,11,0,0.06,4,0.556,50,8,5
56,1,60,FrameTimeStutter,5.000,shockwave,practice,2026-09-16T14:18:06.7270312-04:00,3,1277,22.48866,16.1382,111.24,1310.24,44.000,6.000,-16.7075,9.0798,17.4479,Left,0,0,0,0,0.0000,100.000,0,0.000,0,127.500,71.914,4.500,0.0300,0.5000,270.00,shockwave,60,450;300;200;100;50,1.5,3,0.5,1,2,1,10,0,100,-10,5,250,40,5,250,60,1,8,11,0,0.06,4,0.556,50,8,5
56,1,60,FrameTimeStutter,5.000,shockwave,practice,2026-09-16T14:18:06.7270312-04:00,3,1278,22.50515,16.4908,253.62,1321.05,79.000,6.000,-15.2630,9.1896,17.4479,Left,0,0,0,0,0.0000,100.000,0,0.000,0,127.500,71.914,4.500,0.0300,0.5000,270.00,shockwave,60,450;300;200;100;50,1.5,3,0.5,1,2,1,10,0,100,-10,5,250,40,5,250,60,1,8,11,0,0.06,4,0.556,50,8,5
56,1,60,FrameTimeStutter,5.000,shockwave,practice,2026-09-16T14:18:06.7270312-04:00,3,1279,22.52143,16.2747,471.69,1326.46,121.000,3.000,-13.0505,9.2444,17.4479,Left,0,0,0,0,0.0000,100.000,0,0.000,0,127.500,71.914,4.500,0.0300,0.5000,270.00,shockwave,60,450;300;200;100;50,1.5,3,0.5,1,2,1,10,0,100,-10,5,250,40,5,250,60,1,8,11,0,0.06,4,0.556,50,8,5
56,1,60,FrameTimeStutter,5.000,shockwave,practice,2026-09-16T14:18:06.7270312-04:00,3,1280,22.53814,16.7163,760.05,1331.87,160.000,3.000,-10.1249,9.2993,17.4479,Left,0,0,0,0,0.0000,100.000,0,0.000,0,127.500,71.914,4.500,0.0300,0.5000,270.00,shockwave,60,450;300;200;100;50,1.5,3,0.5,1,2,1,10,0,100,-10,5,250,40,5,250,60,1,8,11,0,0.06,4,0.556,50,8,5
56,1,60,FrameTimeStutter,5.000,shockwave,practice,2026-09-16T14:18:06.7270312-04:00,3,1281,22.55513,16.9850,1116.90,1339.07,198.000,4.000,-6.5044,9.3724,17.4479,Left,0,0,0,0,0.0000,100.000,0,0.000,0,127.500,71.914,4.500,0.0300,0.5000,270.00,shockwave,60,450;300;200;100;50,1.5,3,0.5,1,2,1,10,0,100,-10,5,250,40,5,250,60,1,8,11,0,0.06,4,0.556,50,8,5
56,1,60,FrameTimeStutter,5.000,shockwave,practice,2026-09-16T14:18:06.7270312-04:00,3,1282,22.57158,16.4566,1486.36,1346.28,205.000,4.000,-2.7559,9.4455,17.4479,Left,0,0,0,0,0.0000,100.000,0,0.000,0,127.500,71.914,4.500,0.0300,0.5000,270.00,shockwave,60,450;300;200;100;50,1.5,3,0.5,1,2,1,10,0,100,-10,5,250,40,5,250,60,1,8,11,0,0.06,4,0.556,50,8,5
56,1,60,FrameTimeStutter,5.000,shockwave,practice,2026-09-16T14:18:06.7270312-04:00,3,1283,22.58876,17.1808,1855.82,1351.69,205.000,3.000,0.9926,9.5004,17.4479,Left,0,0,0,0,0.0000,100.000,0,0.000,0,127.500,71.914,4.500,0.0300,0.5000,270.00,shockwave,60,450;300;200;100;50,1.5,3,0.5,1,2,1,10,0,100,-10,5,250,40,5,250,60,1,8,11,0,0.06,4,0.556,50,8,5
56,1,60,FrameTimeStutter,5.000,shockwave,practice,2026-09-16T14:18:06.7270312-04:00,3,1284,22.60489,16.1238,2180.23,1357.10,180.000,3.000,4.2839,9.5552,17.4479,Left,0,0,0,0,0.0000,100.000,0,0.000,0,127.500,71.914,4.500,0.0300,0.5000,270.00,shockwave,60,450;300;200;100;50,1.5,3,0.5,1,2,1,10,0,100,-10,5,250,40,5,250,60,1,8,11,0,0.06,4,0.556,50,8,5
56,1,60,FrameTimeStutter,5.000,shockwave,practice,2026-09-16T14:18:06.7270312-04:00,3,1285,22.62166,16.7696,2452.37,1358.90,151.000,1.000,7.0450,9.5735,17.4479,Left,0,0,0,0,0.0000,100.000,0,0.000,0,127.500,71.914,4.500,0.0300,0.5000,270.00,shockwave,60,450;300;200;100;50,1.5,3,0.5,1,2,1,10,0,100,-10,5,250,40,5,250,60,1,8,11,0,0.06,4,0.556,50,8,5
56,1,60,FrameTimeStutter,5.000,shockwave,practice,2026-09-16T14:18:06.7270312-04:00,3,1286,22.63832,16.6667,2558.70,1358.90,126.000,0.000,9.3489,9.5735,17.4479,Left,0,0,0,0,0.0000,100.000,0,0.000,0,127.500,71.914,4.500,0.0300,0.5000,270.00,shockwave,60,450;300;200;100;50,1.5,3,0.5,1,2,1,10,0,100,-10,5,250,40,5,250,60,1,8,11,0,0.06,4,0.556,50,8,5
56,1,60,FrameTimeStutter,5.000,shockwave,practice,2026-09-16T14:18:06.7270312-04:00,3,1287,22.65541,17.0896,2558.70,1355.29,94.000,-2.000,11.0677,9.5369,17.4479,Left,0,0,0,0,0.0000,100.000,0,0.000,0,127.500,71.914,4.500,0.0300,0.5000,270.00,shockwave,60,450;300;200;100;50,1.5,3,0.5,1,2,1,10,0,100,-10,5,250,40,5,250,60,1,8,11,0,0.06,4,0.556,50,8,5
56,1,60,FrameTimeStutter,5.000,shockwave,practice,2026-09-16T14:18:06.7270312-04:00,3,1288,22.67150,16.0888,2558.70,1351.69,53.000,-2.000,12.0368,9.5004,17.4479,Left,0,0,0,0,0.0000,100.000,0,0.000,0,127.500,71.914,4.500,0.0300,0.5000,270.00,shockwave,60,450;300;200;100;50,1.5,3,0.5,1,2,1,10,0,100,-10,5,250,40,5,250,60,1,8,11,0,0.06,4,0.556,50,8,5
56,1,60,FrameTimeStutter,5.000,shockwave,practice,2026-09-16T14:18:06.7270312-04:00,3,1289,22.68861,17.1115,2547.89,1348.09,3.000,-2.000,12.0917,9.4638,17.4479,Left,0,0,0,0,0.0000,100.000,0,0.000,0,127.500,71.914,4.500,0.0300,0.5000,270.00,shockwave,60,450;300;200;100;50,1.5,3,0.5,1,2,1,10,0,100,-10,5,250,40,5,250,60,1,8,11,0,0.06,4,0.556,50,8,5
56,1,60,FrameTimeStutter,5.000,shockwave,practice,2026-09-16T14:18:06.7270312-04:00,3,1290,22.70491,16.2958,2486.61,1344.48,-34.000,-2.000,11.4700,9.4272,17.4479,Left,0,0,0,0,0.0000,100.000,0,0.000,0,127.500,71.914,4.500,0.0300,0.5000,270.00,shockwave,60,450;300;200;100;50,1.5,3,0.5,1,2,1,10,0,100,-10,5,250,40,5,250,60,1,8,11,0,0.06,4,0.556,50,8,5
56,1,60,FrameTimeStutter,5.000,shockwave,practice,2026-09-16T14:18:06.7270312-04:00,3,1291,22.72211,17.1955,2358.65,1340.88,-71.000,-2.000,10.1717,9.3907,17.4479,Left,0,0,0,0,0.0000,100.000,0,0.000,0,127.500,71.914,4.500,0.0300,0.5000,270.00,shockwave,60,450;300;200;100;50,1.5,3,0.5,1,2,1,10,0,100,-10,5,250,40,5,250,60,1,8,11,0,0.06,4,0.556,50,8,5
56,1,60,FrameTimeStutter,5.000,shockwave,practice,2026-09-16T14:18:06.7270312-04:00,3,1292,22.73828,16.1761,2180.23,1339.07,-99.000,-1.000,8.3615,9.3724,17.4479,Left,0,0,0,0,0.0000,100.000,0,0.000,0,127.500,71.914,4.500,0.0300,0.5000,270.00,shockwave,60,450;300;200;100;50,1.5,3,0.5,1,2,1,10,0,100,-10,5,250,40,5,250,60,1,8,11,0,0.06,4,0.556,50,8,5
56,1,60,FrameTimeStutter,5.000,shockwave,practice,2026-09-16T14:18:06.7270312-04:00,3,1293,22.75566,17.3842,1958.55,1339.07,-123.000,0.000,6.1124,9.3724,17.4479,Left,0,0,0,0,0.0000,100.000,0,0.000,0,127.500,71.914,4.500,0.0300,0.5000,270.00,shockwave,60,450;300;200;100;50,1.5,3,0.5,1,2,1,10,0,100,-10,5,250,40,5,250,60,1,8,11,0,0.06,4,0.556,50,8,5
56,1,60,FrameTimeStutter,5.000,shockwave,practice,2026-09-16T14:18:06.7270312-04:00,3,1294,22.77156,15.8918,1713.44,1337.27,-136.000,-1.000,3.6256,9.3541,17.4479,Left,0,0,0,0,0.0000,100.000,0,0.000,0,127.500,71.914,4.500,0.0300,0.5000,270.00,shockwave,60,450;300;200;100;50,1.5,3,0.5,1,2,1,10,0,100,-10,5,250,40,5,250,60,1,8,11,0,0.06,4,0.556,50,8,5
56,1,60,FrameTimeStutter,5.000,shockwave,practice,2026-09-16T14:18:06.7270312-04:00,3,1295,22.78888,17.3266,1446.71,1333.67,-148.000,-2.000,0.9193,9.3175,17.4479,Left,0,0,0,0,0.0000,100.000,0,0.000,0,127.500,71.914,4.500,0.0300,0.5000,270.00,shockwave,60,450;300;200;100;50,1.5,3,0.5,1,2,1,10,0,100,-10,5,250,40,5,250,60,1,8,11,0,0.06,4,0.556,50,8,5
56,1,60,FrameTimeStutter,5.000,shockwave,practice,2026-09-16T14:18:06.7270312-04:00,3,1296,22.80505,16.1672,1152.94,1328.26,-163.000,-3.000,-2.0612,9.2626,17.4479,Left,0,0,0,0,0.0000,100.000,0,0.000,0,127.500,71.914,4.500,0.0300,0.5000,270.00,shockwave,60,450;300;200;100;50,1.5,3,0.5,1,2,1,10,0,100,-10,5,250,40,5,250,60,1,8,11,0,0.06,4,0.556,50,8,5
56,1,60,FrameTimeStutter,5.000,shockwave,practice,2026-09-16T14:18:06.7270312-04:00,3,1297,22.82166,16.6058,848.36,1324.66,-169.000,-2.000,-5.1514,9.2261,17.4479,Left,0,0,0,0,0.0000,100.000,0,0.000,0,127.500,71.914,4.500,0.0300,0.5000,270.00,shockwave,60,450;300;200;100;50,1.5,3,0.5,1,2,1,10,0,100,-10,5,250,40,5,250,60,1,8,11,0,0.06,4,0.556,50,8,5
56,1,60,FrameTimeStutter,5.000,shockwave,practice,2026-09-16T14:18:06.7270312-04:00,3,1298,22.83815,16.4923,565.41,1321.05,-157.000,-2.000,-8.0221,9.1895,17.4479,Left,0,0,0,0,0.0000,100.000,0,0.000,0,127.500,71.914,4.500,0.0300,0.5000,270.00,shockwave,60,450;300;200;100;50,1.5,3,0.5,1,2,1,10,0,100,-10,5,250,40,5,250,60,1,8,11,0,0.06,4,0.556,50,8,5
56,1,60,FrameTimeStutter,5.000,shockwave,practice,2026-09-16T14:18:06.7270312-04:00,3,1299,22.85552,17.3698,336.52,1321.05,-127.000,0.000,-10.3444,9.1895,17.4479,Left,0,0,0,0,0.0000,100.000,0,0.000,0,127.500,71.914,4.500,0.0300,0.5000,270.00,shockwave,60,450;300;200;100;50,1.5,3,0.5,1,2,1,10,0,100,-10,5,250,40,5,250,60,1,8,11,0,0.06,4,0.556,50,8,5
56,1,60,FrameTimeStutter,5.000,shockwave,practice,2026-09-16T14:18:06.7270312-04:00,3,1300,22.87154,16.0184,174.32,1319.25,-90.000,-1.000,-11.9901,9.1712,17.4479,Left,0,0,0,0,0.0000,100.000,0,0.000,0,127.500,71.914,4.500,0.0300,0.5000,270.00,shockwave,60,450;300;200;100;50,1.5,3,0.5,1,2,1,10,0,100,-10,5,250,40,5,250,60,1,8,11,0,0.06,4,0.556,50,8,5
56,1,60,FrameTimeStutter,5.000,shockwave,practice,2026-09-16T14:18:06.7270312-04:00,3,1301,22.88891,17.3754,67.98,1319.25,-59.000,0.000,-13.0689,9.1712,17.4479,Left,0,0,0,0,0.0000,100.000,0,0.000,0,127.500,71.914,4.500,0.0300,0.5000,270.00,shockwave,60,450;300;200;100;50,1.5,3,0.5,1,2,1,10,0,100,-10,5,250,40,5,250,60,1,8,11,0,0.06,4,0.556,50,8,5
56,1,60,FrameTimeStutter,5.000,shockwave,practice,2026-09-16T14:18:06.7270312-04:00,3,1302,22.90480,15.8869,66.18,1319.25,-1.000,0.000,-13.0872,9.1712,17.4479,Left,0,0,0,0,0.0000,100.000,0,0.000,0,127.500,71.914,4.500,0.0300,0.5000,270.00,shockwave,60,450;300;200;100;50,1.5,3,0.5,1,2,1,10,0,100,-10,5,250,40,5,250,60,1,8,11,0,0.06,4,0.556,50,8,5
56,1,60,FrameTimeStutter,5.000,shockwave,practice,2026-09-16T14:18:06.7270312-04:00,3,1303,22.92209,17.2884,71.59,1319.25,3.000,0.000,-13.0323,9.1712,17.4479,Left,0,0,0,0,0.0000,100.000,0,0.000,0,127.500,71.914,4.500,0.0300,0.5000,270.00,shockwave,60,450;300;200;100;50,1.5,3,0.5,1,2,1,10,0,100,-10,5,250,40,5,250,60,1,8,11,0,0.06,4,0.556,50,8,5
56,1,60,FrameTimeStutter,5.000,shockwave,practice,2026-09-16T14:18:06.7270312-04:00,3,1304,22.93896,16.8725,109.44,1322.85,21.000,2.000,-12.6483,9.2078,17.4479,Left,0,0,0,0,0.0000,100.000,0,0.000,0,127.500,71.914,4.500,0.0300,0.5000,270.00,shockwave,60,450;300;200;100;50,1.5,3,0.5,1,2,1,10,0,100,-10,5,250,40,5,250,60,1,8,11,0,0.06,4,0.556,50,8,5
56,1,60,FrameTimeStutter,5.000,shockwave,practice,2026-09-16T14:18:06.7270312-04:00,3,1305,22.95522,16.2657,215.77,1326.46,59.000,2.000,-11.5695,9.2443,17.4479,Left,0,0,0,0,0.0000,100.000,0,0.000,0,127.500,71.914,4.500,0.0300,0.5000,270.00,shockwave,60,450;300;200;100;50,1.5,3,0.5,1,2,1,10,0,100,-10,5,250,40,5,250,60,1,8,11,0,0.06,4,0.556,50,8,5
56,1,60,FrameTimeStutter,5.000,shockwave,practice,2026-09-16T14:18:06.7270312-04:00,3,1306,22.97218,16.9496,399.60,1326.46,102.000,0.000,-9.7044,9.2443,17.4479,Left,0,0,0,0,0.0000,100.000,0,0.000,0,127.500,71.914,4.500,0.0300,0.5000,270.00,shockwave,60,450;300;200;100;50,1.5,3,0.5,1,2,1,10,0,100,-10,5,250,40,5,250,60,1,8,11,0,0.06,4,0.556,50,8,5
56,1,60,FrameTimeStutter,5.000,shockwave,practice,2026-09-16T14:18:06.7270312-04:00,3,1307,22.98870,16.5232,653.72,1326.46,141.000,0.000,-7.1262,9.2443,17.4479,Left,0,0,0,0,0.0000,100.000,0,0.000,0,127.500,71.914,4.500,0.0300,0.5000,270.00,shockwave,60,450;300;200;100;50,1.5,3,0.5,1,2,1,10,0,100,-10,5,250,40,5,250,60,1,8,11,0,0.06,4,0.556,50,8,5
56,1,60,FrameTimeStutter,5.000,shockwave,practice,2026-09-16T14:18:06.7270312-04:00,3,1308,23.00489,16.1882,978.12,1328.26,180.000,1.000,-3.8349,9.2626,17.4479,Left,0,0,0,0,0.0000,100.000,0,0.000,0,127.500,71.914,4.500,0.0300,0.5000,270.00,shockwave,60,450;300;200;100;50,1.5,3,0.5,1,2,1,10,0,100,-10,5,250,40,5,250,60,1,8,11,0,0.06,4,0.556,50,8,5
56,1,60,FrameTimeStutter,5.000,shockwave,practice,2026-09-16T14:18:06.7270312-04:00,3,1309,23.02256,17.6723,1329.56,1331.87,195.000,2.000,-0.2693,9.2992,17.4479,Left,0,0,0,0,0.0000,100.000,0,0.000,0,127.500,71.914,4.500,0.0300,0.5000,270.00,shockwave,60,450;300;200;100;50,1.5,3,0.5,1,2,1,10,0,100,-10,5,250,40,5,250,60,1,8,11,0,0.06,4,0.556,50,8,5
56,1,60,FrameTimeStutter,5.000,shockwave,practice,2026-09-16T14:18:06.7270312-04:00,3,1310,23.03873,16.1745,1681.00,1337.27,195.000,3.000,3.2963,9.3540,17.4479,Left,0,0,0,0,0.0000,100.000,0,0.000,0,127.500,71.914,4.500,0.0300,0.5000,270.00,shockwave,60,450;300;200;100;50,1.5,3,0.5,1,2,1,10,0,100,-10,5,250,40,5,250,60,1,8,11,0,0.06,4,0.556,50,8,5
56,1,60,FrameTimeStutter,5.000,shockwave,practice,2026-09-16T14:18:06.7270312-04:00,3,1311,23.05542,16.6910,1992.79,1346.28,173.000,5.000,6.4597,9.4455,17.4479,Left,0,0,0,0,0.0000,100.000,0,0.000,0,127.500,71.914,4.500,0.0300,0.5000,270.00,shockwave,60,450;300;200;100;50,1.5,3,0.5,1,2,1,10,0,100,-10,5,250,40,5,250,60,1,8,11,0,0.06,4,0.556,50,8,5
56,1,60,FrameTimeStutter,5.000,shockwave,practice,2026-09-16T14:18:06.7270312-04:00,3,1312,23.07248,17.0593,2364.06,1355.29,206.000,5.000,10.2265,9.5369,17.4479,Left,0,0,0,0,0.0000,100.000,0,0.000,0,127.500,71.914,4.500,0.0300,0.5000,270.00,shockwave,60,450;300;200;100;50,1.5,3,0.5,1,2,1,10,0,100,-10,5,250,40,5,250,60,1,8,11,0,0.06,4,0.556,50,8,5
56,1,60,FrameTimeStutter,5.000,shockwave,practice,2026-09-16T14:18:06.7270312-04:00,3,1313,23.08918,16.6971,2556.90,1351.69,107.000,-2.000,12.1830,9.5003,17.4479,Left,0,0,0,0,0.0000,100.000,0,0.000,0,127.500,71.914,4.500,0.0300,0.5000,270.00,shockwave,60,450;300;200;100;50,1.5,3,0.5,1,2,1,10,0,100,-10,5,250,40,5,250,60,1,8,11,0,0.06,4,0.556,50,8,5
56,1,60,FrameTimeStutter,5.000,shockwave,practice,2026-09-16T14:18:06.7270312-04:00,3,1314,23.10579,16.6049,2558.70,1337.27,62.000,-8.000,13.3167,9.3540,17.4479,Left,0,0,0,0,0.0000,100.000,0,0.000,0,127.500,71.914,4.500,0.0300,0.5000,270.00,shockwave,60,450;300;200;100;50,1.5,3,0.5,1,2,1,10,0,100,-10,5,250,40,5,250,60,1,8,11,0,0.06,4,0.556,50,8,5
56,1,60,FrameTimeStutter,5.000,shockwave,practice,2026-09-16T14:18:06.7270312-04:00,3,1315,23.12206,16.2751,2558.70,1330.06,16.000,-4.000,13.6092,9.2809,17.4479,Left,0,0,0,0,0.0000,100.000,0,0.000,0,127.500,71.914,4.500,0.0300,0.5000,270.00,shockwave,60,450;300;200;100;50,1.5,3,0.5,1,2,1,10,0,100,-10,5,250,40,5,250,60,1,8,11,0,0.06,4,0.556,50,8,5
56,1,60,FrameTimeStutter,5.000,shockwave,practice,2026-09-16T14:18:06.7270312-04:00,3,1316,23.13874,16.6774,2547.89,1330.06,-6.000,0.000,13.4995,9.2809,17.4479,Left,0,0,0,0,0.0000,100.000,0,0.000,0,127.500,71.914,4.500,0.0300,0.5000,270.00,shockwave,60,450;300;200;100;50,1.5,3,0.5,1,2,1,10,0,100,-10,5,250,40,5,250,60,1,8,11,0,0.06,4,0.556,50,8,5
56,1,60,FrameTimeStutter,5.000,shockwave,practice,2026-09-16T14:18:06.7270312-04:00,3,1317,23.15565,16.9132,2497.42,1324.66,-28.000,-3.000,12.9875,9.2260,17.4479,Left,0,0,0,0,0.0000,100.000,0,0.000,0,127.500,71.914,4.500,0.0300,0.5000,270.00,shockwave,60,450;300;200;100;50,1.5,3,0.5,1,2,1,10,0,100,-10,5,250,40,5,250,60,1,8,11,0,0.06,4,0.556,50,8,5
56,1,60,FrameTimeStutter,5.000,shockwave,practice,2026-09-16T14:18:06.7270312-04:00,3,1318,23.17148,15.8255,2392.89,1321.05,-58.000,-2.000,11.9270,9.1894,17.4479,Left,0,0,0,0,0.0000,100.000,0,0.000,0,127.500,71.914,4.500,0.0300,0.5000,270.00,shockwave,60,450;300;200;100;50,1.5,3,0.5,1,2,1,10,0,100,-10,5,250,40,5,250,60,1,8,11,0,0.06,4,0.556,50,8,5
56,1,60,FrameTimeStutter,5.000,shockwave,practice,2026-09-16T14:18:06.7270312-04:00,3,1319,23.18833,16.8548,2223.48,1317.45,-94.000,-2.000,10.2081,9.1529,17.4479,Left,0,0,0,0,0.0000,100.000,0,0.000,0,127.500,71.914,4.500,0.0300,0.5000,270.00,shockwave,60,450;300;200;100;50,1.5,3,0.5,1,2,1,10,0,100,-10,5,250,40,5,250,60,1,8,11,0,0.06,4,0.556,50,8,5
56,1,60,FrameTimeStutter,5.000,shockwave,practice,2026-09-16T14:18:06.7270312-04:00,3,1320,23.20542,17.0882,1987.38,1315.65,-131.000,-1.000,7.8128,9.1346,17.4479,Left,0,0,0,0,0.0000,100.000,0,0.000,0,127.500,71.914,4.500,0.0300,0.5000,270.00,shockwave,60,450;300;200;100;50,1.5,3,0.5,1,2,1,10,0,100,-10,5,250,40,5,250,60,1,8,11,0,0.06,4,0.556,50,8,5
56,1,60,FrameTimeStutter,5.000,shockwave,practice,2026-09-16T14:18:06.7270312-04:00,3,1321,23.22190,16.4851,1718.85,1313.84,-149.000,-1.000,5.0883,9.1163,17.4479,Left,0,0,0,0,0.0000,100.000,0,0.000,0,127.500,71.914,4.500,0.0300,0.5000,270.00,shockwave,60,450;300;200;100;50,1.5,3,0.5,1,2,1,10,0,100,-10,5,250,40,5,250,60,1,8,11,0,0.06,4,0.556,50,8,5
56,1,60,FrameTimeStutter,5.000,shockwave,practice,2026-09-16T14:18:06.7270312-04:00,3,1322,23.23848,16.5709,1423.28,1312.04,-164.000,-1.000,2.0895,9.0980,17.4479,Left,0,0,0,0,0.0000,100.000,0,0.000,0,127.500,71.914,4.500,0.0300,0.5000,270.00,shockwave,60,450;300;200;100;50,1.5,3,0.5,1,2,1,10,0,100,-10,5,250,40,5,250,60,1,8,11,0,0.06,4,0.556,50,8,5
56,1,60,FrameTimeStutter,5.000,shockwave,practice,2026-09-16T14:18:06.7270312-04:00,3,1323,23.25545,16.9733,1151.14,1310.24,-151.000,-1.000,-0.6716,9.0797,17.4479,Left,0,0,0,0,0.0000,100.000,0,0.000,0,127.500,71.914,4.500,0.0300,0.5000,270.00,shockwave,60,450;300;200;100;50,1.5,3,0.5,1,2,1,10,0,100,-10,5,250,40,5,250,60,1,8,11,0,0.06,4,0.556,50,8,5
56,1,60,FrameTimeStutter,5.000,shockwave,practice,2026-09-16T14:18:06.7270312-04:00,3,1324,23.27239,16.9373,797.90,1308.44,-196.000,-1.000,-4.2555,9.0614,17.4479,Left,0,0,0,0,0.0000,100.000,0,0.000,0,127.500,71.914,4.500,0.0300,0.5000,270.00,shockwave,60,450;300;200;100;50,1.5,3,0.5,1,2,1,10,0,100,-10,5,250,40,5,250,60,1,8,11,0,0.06,4,0.556,50,8,5
56,1,60,FrameTimeStutter,5.000,shockwave,practice,2026-09-16T14:18:06.7270312-04:00,3,1325,23.28878,16.3981,615.87,1304.83,-101.000,-2.000,-6.1023,9.0249,17.4479,Left,0,0,0,0,0.0000,100.000,0,0.000,0,127.500,71.914,4.500,0.0300,0.5000,270.00,shockwave,60,450;300;200;100;50,1.5,3,0.5,1,2,1,10,0,100,-10,5,250,40,5,250,60,1,8,11,0,0.06,4,0.556,50,8,5
56,1,60,FrameTimeStutter,5.000,shockwave,practice,2026-09-16T14:18:06.7270312-04:00,3,1326,23.30542,16.6331,468.09,1303.03,-82.000,-1.000,-7.6017,9.0066,17.4479,Left,0,0,0,0,0.0000,100.000,0,0.000,0,127.500,71.914,4.500,0.0300,0.5000,270.00,shockwave,60,450;300;200;100;50,1.5,3,0.5,1,2,1,10,0,100,-10,5,250,40,5,250,60,1,8,11,0,0.06,4,0.556,50,8,5
56,1,60,FrameTimeStutter,5.000,shockwave,practice,2026-09-16T14:18:06.7270312-04:00,3,1327,23.32200,16.5809,383.38,1301.23,-47.000,-1.000,-8.4611,8.9883,17.4479,Left,0,0,0,0,0.0000,100.000,0,0.000,0,127.500,71.914,4.500,0.0300,0.5000,270.00,shockwave,60,450;300;200;100;50,1.5,3,0.5,1,2,1,10,0,100,-10,5,250,40,5,250,60,1,8,11,0,0.06,4,0.556,50,8,5
56,1,60,FrameTimeStutter,5.000,shockwave,practice,2026-09-16T14:18:06.7270312-04:00,3,1328,23.33845,16.4491,368.96,1301.23,-8.000,0.000,-8.6074,8.9883,17.4479,Left,0,0,0,0,0.0000,100.000,1,100.000,0,127.500,71.914,4.500,0.0300,0.5000,270.00,shockwave,60,450;300;200;100;50,1.5,3,0.5,1,2,1,10,0,100,-10,5,250,40,5,250,60,1,8,11,0,0.06,4,0.556,50,8,5
56,1,60,FrameTimeStutter,5.000,shockwave,practice,2026-09-16T14:18:06.7270312-04:00,3,1329,23.44227,103.8217,1235.85,1304.83,481.000,2.000,0.1878,9.0249,17.4479,Left,0,0,0,0,0.0000,100.000,0,0.000,1,127.500,71.914,4.500,0.0300,0.5000,270.00,shockwave,60,450;300;200;100;50,1.5,3,0.5,1,2,1,10,0,100,-10,5,250,40,5,250,60,1,8,11,0,0.06,4,0.556,50,8,5
56,1,60,FrameTimeStutter,5.000,shockwave,practice,2026-09-16T14:18:06.7270312-04:00,3,1330,23.45774,15.4673,1598.10,1303.03,201.000,-1.000,3.8631,9.0066,17.4479,Left,0,0,0,0,0.0000,100.000,0,0.000,1,127.500,71.914,4.500,0.0300,0.5000,270.00,shockwave,60,450;300;200;100;50,1.5,3,0.5,1,2,1,10,0,100,-10,5,250,40,5,250,60,1,8,11,0,0.06,4,0.556,50,8,5
56,1,60,FrameTimeStutter,5.000,shockwave,practice,2026-09-16T14:18:06.7270312-04:00,3,1331,23.47522,17.4806,1981.98,1306.63,213.000,2.000,7.7578,9.0431,17.4479,Left,0,0,0,0,0.0000,100.000,0,0.000,1,127.500,71.914,4.500,0.0300,0.5000,270.00,shockwave,60,450;300;200;100;50,1.5,3,0.5,1,2,1,10,0,100,-10,5,250,40,5,250,60,1,8,11,0,0.06,4,0.556,50,8,5
56,1,60,FrameTimeStutter,5.000,shockwave,practice,2026-09-16T14:18:06.7270312-04:00,3,1332,23.49640,21.1786,2495.62,1326.46,285.000,11.000,12.9691,9.2443,17.4479,Left,0,0,0,0,0.0000,100.000,0,0.000,1,127.500,71.914,4.500,0.0300,0.5000,270.00,shockwave,60,450;300;200;100;50,1.5,3,0.5,1,2,1,10,0,100,-10,5,250,40,5,250,60,1,8,11,0,0.06,4,0.556,50,8,5
56,1,60,FrameTimeStutter,5.000,shockwave,practice,2026-09-16T14:18:06.7270312-04:00,3,1333,23.50797,11.5738,2558.70,1333.67,73.000,4.000,14.3040,9.3174,17.4479,Left,0,0,0,0,0.0000,100.000,0,0.000,1,127.500,71.914,4.500,0.0300,0.5000,270.00,shockwave,60,450;300;200;100;50,1.5,3,0.5,1,2,1,10,0,100,-10,5,250,40,5,250,60,1,8,11,0,0.06,4,0.556,50,8,5
56,1,60,FrameTimeStutter,5.000,shockwave,practice,2026-09-16T14:18:06.7270312-04:00,3,1334,23.52506,17.0946,2558.70,1344.48,117.000,6.000,16.4433,9.4271,17.4479,Left,0,0,0,0,0.0000,100.000,0,0.000,1,127.500,71.914,4.500,0.0300,0.5000,270.00,shockwave,60,450;300;200;100;50,1.5,3,0.5,1,2,1,10,0,100,-10,5,250,40,5,250,60,1,8,11,0,0.06,4,0.556,50,8,5
56,1,60,FrameTimeStutter,5.000,shockwave,practice,2026-09-16T14:18:06.7270312-04:00,3,1335,23.54207,17.0033,2558.70,1346.28,66.000,1.000,17.6501,9.4454,17.4479,Left,0,0,0,0,0.0000,100.000,0,0.000,1,127.500,71.914,4.500,0.0300,0.5000,270.00,shockwave,60,450;300;200;100;50,1.5,3,0.5,1,2,1,10,0,100,-10,5,250,40,5,250,60,1,8,11,0,0.06,4,0.556,50,8,5
56,1,60,FrameTimeStutter,5.000,shockwave,practice,2026-09-16T14:18:06.7270312-04:00,3,1336,23.55804,15.9726,2558.70,1348.09,19.000,1.000,17.9975,9.4637,17.4479,Left,0,0,0,0,0.0000,100.000,0,0.000,1,127.500,71.914,4.500,0.0300,0.5000,270.00,shockwave,60,450;300;200;100;50,1.5,3,0.5,1,2,1,10,0,100,-10,5,250,40,5,250,60,1,8,11,0,0.06,4,0.556,50,8,5
56,1,60,FrameTimeStutter,5.000,shockwave,practice,2026-09-16T14:18:06.7270312-04:00,3,1337,23.57475,16.7117,2535.27,1346.28,-13.000,-1.000,17.7598,9.4454,17.4479,Right,0,0,0,0,0.0000,100.000,0,0.000,1,127.500,71.914,4.500,0.0300,0.5000,270.00,shockwave,60,450;300;200;100;50,1.5,3,0.5,1,2,1,10,0,100,-10,5,250,40,5,250,60,1,8,11,0,0.06,4,0.556,50,8,5
56,1,60,FrameTimeStutter,5.000,shockwave,practice,2026-09-16T14:18:06.7270312-04:00,3,1338,23.59139,16.6369,2452.37,1342.68,-46.000,-2.000,16.9187,9.4088,17.4479,Right,0,0,0,0,0.0000,100.000,0,0.000,1,127.500,71.914,4.500,0.0300,0.5000,270.00,shockwave,60,450;300;200;100;50,1.5,3,0.5,1,2,1,10,0,100,-10,5,250,40,5,250,60,1,8,11,0,0.06,4,0.556,50,8,5
56,1,60,FrameTimeStutter,5.000,shockwave,practice,2026-09-16T14:18:06.7270312-04:00,3,1339,23.60830,16.9112,2209.06,1331.87,-135.000,-6.000,14.4502,9.2991,17.4479,Left,0,0,0,0,0.0000,100.000,0,0.000,1,127.500,71.914,4.500,0.0300,0.5000,270.00,shockwave,60,450;300;200;100;50,1.5,3,0.5,1,2,1,10,0,100,-10,5,250,40,5,250,60,1,8,11,0,0.06,4,0.556,50,8,5
56,1,60,FrameTimeStutter,5.000,shockwave,practice,2026-09-16T14:18:06.7270312-04:00,3,1340,23.62569,17.3919,2028.84,1324.66,-100.000,-4.000,12.6217,9.2260,17.4479,Left,0,0,0,0,0.0000,100.000,0,0.000,1,127.500,71.914,4.500,0.0300,0.5000,270.00,shockwave,60,450;300;200;100;50,1.5,3,0.5,1,2,1,10,0,100,-10,5,250,40,5,250,60,1,8,11,0,0.06,4,0.556,50,8,5
56,1,60,FrameTimeStutter,5.000,shockwave,practice,2026-09-16T14:18:06.7270312-04:00,3,1341,23.64201,16.3218,1832.39,1317.45,-109.000,-4.000,10.6286,9.1528,17.4479,Left,0,0,0,0,0.0000,100.000,0,0.000,1,127.500,71.914,4.500,0.0300,0.5000,270.00,shockwave,60,450;300;200;100;50,1.5,3,0.5,1,2,1,10,0,100,-10,5,250,40,5,250,60,1,8,11,0,0.06,4,0.556,50,8,5
56,1,60,FrameTimeStutter,5.000,shockwave,practice,2026-09-16T14:18:06.7270312-04:00,3,1342,23.65787,15.8549,1641.35,1312.04,-106.000,-3.000,8.6903,9.0980,17.4479,Left,0,0,0,0,0.0000,100.000,0,0.000,1,127.500,71.914,4.500,0.0300,0.5000,270.00,shockwave,60,450;300;200;100;50,1.5,3,0.5,1,2,1,10,0,100,-10,5,250,40,5,250,60,1,8,11,0,0.06,4,0.556,50,8,5
56,1,60,FrameTimeStutter,5.000,shockwave,practice,2026-09-16T14:18:06.7270312-04:00,3,1343,23.67479,16.9163,1412.47,1306.63,-127.000,-3.000,6.3681,9.0431,17.4479,Left,0,0,0,0,0.0000,100.000,0,0.000,1,127.500,71.914,4.500,0.0300,0.5000,270.00,shockwave,60,450;300;200;100;50,1.5,3,0.5,1,2,1,10,0,100,-10,5,250,40,5,250,60,1,8,11,0,0.06,4,0.556,50,8,5
56,1,60,FrameTimeStutter,5.000,shockwave,practice,2026-09-16T14:18:06.7270312-04:00,3,1344,23.69179,17.0092,1181.78,1304.83,-128.000,-1.000,4.0276,9.0248,17.4479,Left,0,0,0,0,0.0000,100.000,0,0.000,1,127.500,71.914,4.500,0.0300,0.5000,270.00,shockwave,60,450;300;200;100;50,1.5,3,0.5,1,2,1,10,0,100,-10,5,250,40,5,250,60,1,8,11,0,0.06,4,0.556,50,8,5
56,1,60,FrameTimeStutter,5.000,shockwave,practice,2026-09-16T14:18:06.7270312-04:00,3,1345,23.70809,16.2968,960.10,1304.83,-123.000,0.000,1.7785,9.0248,17.4479,Left,0,0,0,0,0.0000,100.000,0,0.000,1,127.500,71.914,4.500,0.0300,0.5000,270.00,shockwave,60,450;300;200;100;50,1.5,3,0.5,1,2,1,10,0,100,-10,5,250,40,5,250,60,1,8,11,0,0.06,4,0.556,50,8,5
56,1,60,FrameTimeStutter,5.000,shockwave,practice,2026-09-16T14:18:06.7270312-04:00,3,1346,23.72507,16.9759,770.86,1306.63,-105.000,1.000,-0.1415,9.0431,17.4479,Left,0,0,0,0,0.0000,100.000,0,0.000,1,127.500,71.914,4.500,0.0300,0.5000,270.00,shockwave,60,450;300;200;100;50,1.5,3,0.5,1,2,1,10,0,100,-10,5,250,40,5,250,60,1,8,11,0,0.06,4,0.556,50,8,5
56,1,60,FrameTimeStutter,5.000,shockwave,practice,2026-09-16T14:18:06.7270312-04:00,3,1347,23.74179,16.7190,682.55,1308.44,-49.000,1.000,-1.0375,9.0614,17.4479,Left,0,0,0,0,0.0000,100.000,0,0.000,1,127.500,71.914,4.500,0.0300,0.5000,270.00,shockwave,60,450;300;200;100;50,1.5,3,0.5,1,2,1,10,0,100,-10,5,250,40,5,250,60,1,8,11,0,0.06,4,0.556,50,8,5
56,1,60,FrameTimeStutter,5.000,shockwave,practice,2026-09-16T14:18:06.7270312-04:00,3,1348,23.75838,16.5966,678.95,1308.44,-2.000,0.000,-1.0740,9.0614,17.4479,Left,0,0,0,0,0.0000,100.000,0,0.000,1,127.500,71.914,4.500,0.0300,0.5000,270.00,shockwave,60,450;300;200;100;50,1.5,3,0.5,1,2,1,10,0,100,-10,5,250,40,5,250,60,1,8,11,0,0.06,4,0.556,50,8,5
56,1,60,FrameTimeStutter,5.000,shockwave,practice,2026-09-16T14:18:06.7270312-04:00,4,1349,23.77541,17.0313,691.56,1306.63,7.000,-1.000,-0.9461,9.0431,17.4479,Left,1,1,0,1,-1.0740,50.000,0,0.000,0,127.500,71.914,4.500,0.0300,0.5714,370.00,shockwave,60,450;300;200;100;50,1.5,3,0.5,1,2,1,10,0,100,-10,5,250,40,5,250,60,1,8,11,0,0.06,4,0.556,50,8,5
56,1,60,FrameTimeStutter,5.000,shockwave,practice,2026-09-16T14:18:06.7270312-04:00,4,1350,23.79250,17.0837,705.98,1306.63,8.000,0.000,-0.7998,9.0433,17.4479,Left,1,0,0,0,0.0000,50.000,0,0.000,0,127.500,71.914,4.500,0.0300,0.5714,370.00,shockwave,60,450;300;200;100;50,1.5,3,0.5,1,2,1,10,0,100,-10,5,250,40,5,250,60,1,8,11,0,0.06,4,0.556,50,8,5
56,1,60,FrameTimeStutter,5.000,shockwave,practice,2026-09-16T14:18:06.7270312-04:00,4,1351,23.80862,16.1211,707.78,1306.63,1.000,0.000,-0.7815,9.0437,17.4479,Left,1,0,0,0,0.0000,50.000,0,0.000,0,127.500,71.914,4.500,0.0300,0.5714,370.00,shockwave,60,450;300;200;100;50,1.5,3,0.5,1,2,1,10,0,100,-10,5,250,40,5,250,60,1,8,11,0,0.06,4,0.556,50,8,5
56,1,60,FrameTimeStutter,5.000,shockwave,practice,2026-09-16T14:18:06.7270312-04:00,4,1352,23.82499,16.3668,707.78,1306.63,0.000,0.000,-0.7815,9.0437,17.4479,Left,1,0,0,0,0.0000,50.000,0,0.000,0,127.500,71.914,4.500,0.0300,0.5714,370.00,shockwave,60,450;300;200;100;50,1.5,3,0.5,1,2,1,10,0,100,-10,5,250,40,5,250,60,1,8,11,0,0.06,4,0.556,50,8,5
56,1,60,FrameTimeStutter,5.000,shockwave,practice,2026-09-16T14:18:06.7270312-04:00,4,1353,23.84188,16.8890,707.78,1306.63,0.000,0.000,-0.7815,9.0437,17.4479,Left,1,0,0,0,0.0000,50.000,0,0.000,0,127.500,71.914,4.500,0.0300,0.5714,370.00,shockwave,60,450;300;200;100;50,1.5,3,0.5,1,2,1,10,0,100,-10,5,250,40,5,250,60,1,8,11,0,0.06,4,0.556,50,8,5
56,1,60,FrameTimeStutter,5.000,shockwave,practice,2026-09-16T14:18:06.7270312-04:00,4,1354,23.85866,16.7829,707.78,1306.63,0.000,0.000,-0.7815,9.0437,17.4479,Left,1,0,0,0,0.0000,50.000,0,0.000,0,127.500,71.914,4.500,0.0300,0.5714,370.00,shockwave,60,450;300;200;100;50,1.5,3,0.5,1,2,1,10,0,100,-10,5,250,40,5,250,60,1,8,11,0,0.06,4,0.556,50,8,5
56,1,60,FrameTimeStutter,5.000,shockwave,practice,2026-09-16T14:18:06.7270312-04:00,4,1355,23.87482,16.1676,707.78,1306.63,0.000,0.000,-0.7815,9.0437,17.4479,Left,0,0,0,0,0.0000,50.000,0,0.000,0,127.500,71.914,4.500,0.0300,0.5714,370.00,shockwave,60,450;300;200;100;50,1.5,3,0.5,1,2,1,10,0,100,-10,5,250,40,5,250,60,1,8,11,0,0.06,4,0.556,50,8,5
56,1,60,FrameTimeStutter,5.000,shockwave,practice,2026-09-16T14:18:06.7270312-04:00,4,1356,23.89208,17.2578,707.78,1306.63,0.000,0.000,-0.7815,9.0437,17.4479,Left,0,0,0,0,0.0000,50.000,0,0.000,0,127.500,71.914,4.500,0.0300,0.5714,370.00,shockwave,60,450;300;200;100;50,1.5,3,0.5,1,2,1,10,0,100,-10,5,250,40,5,250,60,1,8,11,0,0.06,4,0.556,50,8,5
56,1,60,FrameTimeStutter,5.000,shockwave,practice,2026-09-16T14:18:06.7270312-04:00,4,1357,23.90854,16.4562,707.78,1306.63,0.000,0.000,-0.7815,9.0437,17.4479,Left,0,0,0,0,0.0000,50.000,0,0.000,0,127.500,71.914,4.500,0.0300,0.5714,370.00,shockwave,60,450;300;200;100;50,1.5,3,0.5,1,2,1,10,0,100,-10,5,250,40,5,250,60,1,8,11,0,0.06,4,0.556,50,8,5
56,1,60,FrameTimeStutter,5.000,shockwave,practice,2026-09-16T14:18:06.7270312-04:00,4,1358,23.92472,16.1788,707.78,1306.63,0.000,0.000,-0.7815,9.0437,17.4479,Left,0,0,0,0,0.0000,50.000,0,0.000,0,127.500,71.914,4.500,0.0300,0.5714,370.00,shockwave,60,450;300;200;100;50,1.5,3,0.5,1,2,1,10,0,100,-10,5,250,40,5,250,60,1,8,11,0,0.06,4,0.556,50,8,5
56,1,60,FrameTimeStutter,5.000,shockwave,practice,2026-09-16T14:18:06.7270312-04:00,4,1359,23.94212,17.3979,707.78,1306.63,0.000,0.000,-0.7815,9.0437,17.4479,Left,0,0,0,0,0.0000,50.000,0,0.000,0,127.500,71.914,4.500,0.0300,0.5714,370.00,shockwave,60,450;300;200;100;50,1.5,3,0.5,1,2,1,10,0,100,-10,5,250,40,5,250,60,1,8,11,0,0.06,4,0.556,50,8,5
56,1,60,FrameTimeStutter,5.000,shockwave,practice,2026-09-16T14:18:06.7270312-04:00,4,1360,23.95853,16.4118,707.78,1306.63,0.000,0.000,-0.7815,9.0437,17.4479,Left,0,0,0,0,0.0000,50.000,0,0.000,0,127.500,71.914,4.500,0.0300,0.5714,370.00,shockwave,60,450;300;200;100;50,1.5,3,0.5,1,2,1,10,0,100,-10,5,250,40,5,250,60,1,8,11,0,0.06,4,0.556,50,8,5
56,1,60,FrameTimeStutter,5.000,shockwave,practice,2026-09-16T14:18:06.7270312-04:00,4,1361,23.97477,16.2438,707.78,1306.63,0.000,0.000,-0.7815,9.0437,17.4479,Left,0,0,0,0,0.0000,50.000,0,0.000,0,127.500,71.914,4.500,0.0300,0.5714,370.00,shockwave,60,450;300;200;100;50,1.5,3,0.5,1,2,1,10,0,100,-10,5,250,40,5,250,60,1,8,11,0,0.06,4,0.556,50,8,5
56,1,60,FrameTimeStutter,5.000,shockwave,practice,2026-09-16T14:18:06.7270312-04:00,4,1362,23.99143,16.6605,707.78,1306.63,0.000,0.000,-0.7815,9.0437,17.4479,Left,0,0,0,0,0.0000,50.000,0,0.000,0,127.500,71.914,4.500,0.0300,0.5714,370.00,shockwave,60,450;300;200;100;50,1.5,3,0.5,1,2,1,10,0,100,-10,5,250,40,5,250,60,1,8,11,0,0.06,4,0.556,50,8,5
56,1,60,FrameTimeStutter,5.000,shockwave,practice,2026-09-16T14:18:06.7270312-04:00,4,1363,24.00823,16.8030,707.78,1306.63,0.000,0.000,-0.7815,9.0437,17.4479,Left,0,0,0,0,0.0000,50.000,0,0.000,0,127.500,71.914,4.500,0.0300,0.5714,370.00,shockwave,60,450;300;200;100;50,1.5,3,0.5,1,2,1,10,0,100,-10,5,250,40,5,250,60,1,8,11,0,0.06,4,0.556,50,8,5
56,1,60,FrameTimeStutter,5.000,shockwave,practice,2026-09-16T14:18:06.7270312-04:00,4,1364,24.02534,17.1048,707.78,1306.63,0.000,0.000,-0.7815,9.0437,17.4479,Left,0,0,0,0,0.0000,50.000,0,0.000,0,127.500,71.914,4.500,0.0300,0.5714,370.00,shockwave,60,450;300;200;100;50,1.5,3,0.5,1,2,1,10,0,100,-10,5,250,40,5,250,60,1,8,11,0,0.06,4,0.556,50,8,5
56,1,60,FrameTimeStutter,5.000,shockwave,practice,2026-09-16T14:18:06.7270312-04:00,4,1365,24.04212,16.7811,707.78,1306.63,0.000,0.000,-0.7815,9.0437,17.4479,Left,0,0,0,0,0.0000,50.000,0,0.000,0,127.500,71.914,4.500,0.0300,0.5714,370.00,shockwave,60,450;300;200;100;50,1.5,3,0.5,1,2,1,10,0,100,-10,5,250,40,5,250,60,1,8,11,0,0.06,4,0.556,50,8,5
56,1,60,FrameTimeStutter,5.000,shockwave,practice,2026-09-16T14:18:06.7270312-04:00,4,1366,24.05860,16.4753,707.78,1306.63,0.000,0.000,-0.7815,9.0437,17.4479,Left,0,0,0,0,0.0000,50.000,0,0.000,0,127.500,71.914,4.500,0.0300,0.5714,370.00,shockwave,60,450;300;200;100;50,1.5,3,0.5,1,2,1,10,0,100,-10,5,250,40,5,250,60,1,8,11,0,0.06,4,0.556,50,8,5
56,1,60,FrameTimeStutter,5.000,shockwave,practice,2026-09-16T14:18:06.7270312-04:00,4,1367,24.07530,16.7021,707.78,1306.63,0.000,0.000,-0.7815,9.0437,17.4479,Left,0,0,0,0,0.0000,50.000,0,0.000,0,127.500,71.914,4.500,0.0300,0.5714,370.00,shockwave,60,450;300;200;100;50,1.5,3,0.5,1,2,1,10,0,100,-10,5,250,40,5,250,60,1,8,11,0,0.06,4,0.556,50,8,5
56,1,60,FrameTimeStutter,5.000,shockwave,practice,2026-09-16T14:18:06.7270312-04:00,4,1368,24.09174,16.4389,707.78,1306.63,0.000,0.000,-0.7815,9.0437,17.4479,Left,0,0,0,0,0.0000,50.000,0,0.000,0,127.500,71.914,4.500,0.0300,0.5714,370.00,shockwave,60,450;300;200;100;50,1.5,3,0.5,1,2,1,10,0,100,-10,5,250,40,5,250,60,1,8,11,0,0.06,4,0.556,50,8,5
56,1,60,FrameTimeStutter,5.000,shockwave,practice,2026-09-16T14:18:06.7270312-04:00,4,1369,24.10864,16.9010,707.78,1306.63,0.000,0.000,-0.7815,9.0437,17.4479,Left,0,0,0,0,0.0000,50.000,0,0.000,0,127.500,71.914,4.500,0.0300,0.5714,370.00,shockwave,60,450;300;200;100;50,1.5,3,0.5,1,2,1,10,0,100,-10,5,250,40,5,250,60,1,8,11,0,0.06,4,0.556,50,8,5
56,1,60,FrameTimeStutter,5.000,shockwave,practice,2026-09-16T14:18:06.7270312-04:00,4,1370,24.12512,16.4778,707.78,1306.63,0.000,0.000,-0.7815,9.0437,17.4479,Left,0,0,0,0,0.0000,50.000,0,0.000,0,127.500,71.914,4.500,0.0300,0.5714,370.00,shockwave,60,450;300;200;100;50,1.5,3,0.5,1,2,1,10,0,100,-10,5,250,40,5,250,60,1,8,11,0,0.06,4,0.556,50,8,5
56,1,60,FrameTimeStutter,5.000,shockwave,practice,2026-09-16T14:18:06.7270312-04:00,4,1371,24.14176,16.6415,707.78,1306.63,0.000,0.000,-0.7815,9.0437,17.4479,Left,0,0,0,0,0.0000,50.000,0,0.000,0,127.500,71.914,4.500,0.0300,0.5714,370.00,shockwave,60,450;300;200;100;50,1.5,3,0.5,1,2,1,10,0,100,-10,5,250,40,5,250,60,1,8,11,0,0.06,4,0.556,50,8,5
56,1,60,FrameTimeStutter,5.000,shockwave,practice,2026-09-16T14:18:06.7270312-04:00,4,1372,24.15801,16.2568,707.78,1306.63,0.000,0.000,-0.7815,9.0437,17.4479,Left,0,0,0,0,0.0000,50.000,0,0.000,0,127.500,71.914,4.500,0.0300,0.5714,370.00,shockwave,60,450;300;200;100;50,1.5,3,0.5,1,2,1,10,0,100,-10,5,250,40,5,250,60,1,8,11,0,0.06,4,0.556,50,8,5
56,1,60,FrameTimeStutter,5.000,shockwave,practice,2026-09-16T14:18:06.7270312-04:00,4,1373,24.17508,17.0656,707.78,1306.63,0.000,0.000,-0.7815,9.0437,17.4479,Left,0,0,0,0,0.0000,50.000,0,0.000,0,127.500,71.914,4.500,0.0300,0.5714,370.00,shockwave,60,450;300;200;100;50,1.5,3,0.5,1,2,1,10,0,100,-10,5,250,40,5,250,60,1,8,11,0,0.06,4,0.556,50,8,5
56,1,60,FrameTimeStutter,5.000,shockwave,practice,2026-09-16T14:18:06.7270312-04:00,4,1374,24.19151,16.4361,707.78,1306.63,0.000,0.000,-0.7815,9.0437,17.4479,Left,0,0,0,0,0.0000,50.000,0,0.000,0,127.500,71.914,4.500,0.0300,0.5714,370.00,shockwave,60,450;300;200;100;50,1.5,3,0.5,1,2,1,10,0,100,-10,5,250,40,5,250,60,1,8,11,0,0.06,4,0.556,50,8,5
56,1,60,FrameTimeStutter,5.000,shockwave,practice,2026-09-16T14:18:06.7270312-04:00,4,1375,24.20860,17.0824,707.78,1306.63,0.000,0.000,-0.7815,9.0437,17.4479,Left,0,0,0,0,0.0000,50.000,0,0.000,0,127.500,71.914,4.500,0.0300,0.5714,370.00,shockwave,60,450;300;200;100;50,1.5,3,0.5,1,2,1,10,0,100,-10,5,250,40,5,250,60,1,8,11,0,0.06,4,0.556,50,8,5
56,1,60,FrameTimeStutter,5.000,shockwave,practice,2026-09-16T14:18:06.7270312-04:00,4,1376,24.22477,16.1698,707.78,1306.63,0.000,0.000,-0.7815,9.0437,17.4479,Left,0,0,0,0,0.0000,50.000,0,0.000,0,127.500,71.914,4.500,0.0300,0.5714,370.00,shockwave,60,450;300;200;100;50,1.5,3,0.5,1,2,1,10,0,100,-10,5,250,40,5,250,60,1,8,11,0,0.06,4,0.556,50,8,5
56,1,60,FrameTimeStutter,5.000,shockwave,practice,2026-09-16T14:18:06.7270312-04:00,4,1377,24.24183,17.0583,707.78,1306.63,0.000,0.000,-0.7815,9.0437,17.4479,Left,0,0,0,0,0.0000,50.000,0,0.000,0,127.500,71.914,4.500,0.0300,0.5714,370.00,shockwave,60,450;300;200;100;50,1.5,3,0.5,1,2,1,10,0,100,-10,5,250,40,5,250,60,1,8,11,0,0.06,4,0.556,50,8,5
56,1,60,FrameTimeStutter,5.000,shockwave,practice,2026-09-16T14:18:06.7270312-04:00,4,1378,24.25808,16.2531,707.78,1306.63,0.000,0.000,-0.7815,9.0437,17.4479,Left,0,0,0,0,0.0000,50.000,0,0.000,0,127.500,71.914,4.500,0.0300,0.5714,370.00,shockwave,60,450;300;200;100;50,1.5,3,0.5,1,2,1,10,0,100,-10,5,250,40,5,250,60,1,8,11,0,0.06,4,0.556,50,8,5
56,1,60,FrameTimeStutter,5.000,shockwave,practice,2026-09-16T14:18:06.7270312-04:00,4,1379,24.27472,16.6377,707.78,1306.63,0.000,0.000,-0.7815,9.0437,17.4479,Left,0,0,0,0,0.0000,50.000,0,0.000,0,127.500,71.914,4.500,0.0300,0.5714,370.00,shockwave,60,450;300;200;100;50,1.5,3,0.5,1,2,1,10,0,100,-10,5,250,40,5,250,60,1,8,11,0,0.06,4,0.556,50,8,5
56,1,60,FrameTimeStutter,5.000,shockwave,practice,2026-09-16T14:18:06.7270312-04:00,4,1380,24.29172,16.9983,707.78,1306.63,0.000,0.000,-0.7815,9.0437,17.4479,Left,0,0,0,0,0.0000,50.000,0,0.000,0,127.500,71.914,4.500,0.0300,0.5714,370.00,shockwave,60,450;300;200;100;50,1.5,3,0.5,1,2,1,10,0,100,-10,5,250,40,5,250,60,1,8,11,0,0.06,4,0.556,50,8,5
56,1,60,FrameTimeStutter,5.000,shockwave,practice,2026-09-16T14:18:06.7270312-04:00,4,1381,24.30835,16.6358,707.78,1306.63,0.000,0.000,-0.7815,9.0437,17.4479,Left,0,0,0,0,0.0000,50.000,0,0.000,0,127.500,71.914,4.500,0.0300,0.5714,370.00,shockwave,60,450;300;200;100;50,1.5,3,0.5,1,2,1,10,0,100,-10,5,250,40,5,250,60,1,8,11,0,0.06,4,0.556,50,8,5
56,1,60,FrameTimeStutter,5.000,shockwave,practice,2026-09-16T14:18:06.7270312-04:00,4,1382,24.32545,17.0964,707.78,1306.63,0.000,0.000,-0.7815,9.0437,17.4479,Left,0,0,0,0,0.0000,50.000,0,0.000,0,127.500,71.914,4.500,0.0300,0.5714,370.00,shockwave,60,450;300;200;100;50,1.5,3,0.5,1,2,1,10,0,100,-10,5,250,40,5,250,60,1,8,11,0,0.06,4,0.556,50,8,5
56,1,60,FrameTimeStutter,5.000,shockwave,practice,2026-09-16T14:18:06.7270312-04:00,4,1383,24.34209,16.6444,707.78,1306.63,0.000,0.000,-0.7815,9.0437,17.4479,Left,0,0,0,0,0.0000,50.000,0,0.000,0,127.500,71.914,4.500,0.0300,0.5714,370.00,shockwave,60,450;300;200;100;50,1.5,3,0.5,1,2,1,10,0,100,-10,5,250,40,5,250,60,1,8,11,0,0.06,4,0.556,50,8,5
56,1,60,FrameTimeStutter,5.000,shockwave,practice,2026-09-16T14:18:06.7270312-04:00,4,1384,24.35839,16.2965,707.78,1306.63,0.000,0.000,-0.7815,9.0437,17.4479,Left,0,0,0,0,0.0000,50.000,0,0.000,0,127.500,71.914,4.500,0.0300,0.5714,370.00,shockwave,60,450;300;200;100;50,1.5,3,0.5,1,2,1,10,0,100,-10,5,250,40,5,250,60,1,8,11,0,0.06,4,0.556,50,8,5
56,1,60,FrameTimeStutter,5.000,shockwave,practice,2026-09-16T14:18:06.7270312-04:00,4,1385,24.37545,17.0572,707.78,1306.63,0.000,0.000,-0.7815,9.0437,17.4479,Left,0,0,0,0,0.0000,50.000,0,0.000,0,127.500,71.914,4.500,0.0300,0.5714,370.00,shockwave,60,450;300;200;100;50,1.5,3,0.5,1,2,1,10,0,100,-10,5,250,40,5,250,60,1,8,11,0,0.06,4,0.556,50,8,5
56,1,60,FrameTimeStutter,5.000,shockwave,practice,2026-09-16T14:18:06.7270312-04:00,4,1386,24.39136,15.9155,707.78,1306.63,0.000,0.000,-0.7815,9.0437,17.4479,Left,0,0,0,0,0.0000,50.000,0,0.000,0,127.500,71.914,4.500,0.0300,0.5714,370.00,shockwave,60,450;300;200;100;50,1.5,3,0.5,1,2,1,10,0,100,-10,5,250,40,5,250,60,1,8,11,0,0.06,4,0.556,50,8,5
56,1,60,FrameTimeStutter,5.000,shockwave,practice,2026-09-16T14:18:06.7270312-04:00,4,1387,24.40841,17.0467,707.78,1306.63,0.000,0.000,-0.7815,9.0437,17.4479,Left,0,0,0,0,0.0000,50.000,0,0.000,0,127.500,71.914,4.500,0.0300,0.5714,370.00,shockwave,60,450;300;200;100;50,1.5,3,0.5,1,2,1,10,0,100,-10,5,250,40,5,250,60,1,8,11,0,0.06,4,0.556,50,8,5
56,1,60,FrameTimeStutter,5.000,shockwave,practice,2026-09-16T14:18:06.7270312-04:00,4,1388,24.42515,16.7437,707.78,1306.63,0.000,0.000,-0.7815,9.0437,17.4479,Left,0,0,0,0,0.0000,50.000,0,0.000,0,127.500,71.914,4.500,0.0300,0.5714,370.00,shockwave,60,450;300;200;100;50,1.5,3,0.5,1,2,1,10,0,100,-10,5,250,40,5,250,60,1,8,11,0,0.06,4,0.556,50,8,5
56,1,60,FrameTimeStutter,5.000,shockwave,practice,2026-09-16T14:18:06.7270312-04:00,4,1389,24.44173,16.5760,707.78,1306.63,0.000,0.000,-0.7815,9.0437,17.4479,Left,0,0,0,0,0.0000,50.000,0,0.000,0,127.500,71.914,4.500,0.0300,0.5714,370.00,shockwave,60,450;300;200;100;50,1.5,3,0.5,1,2,1,10,0,100,-10,5,250,40,5,250,60,1,8,11,0,0.06,4,0.556,50,8,5
56,1,60,FrameTimeStutter,5.000,shockwave,practice,2026-09-16T14:18:06.7270312-04:00,4,1390,24.45804,16.3161,707.78,1306.63,0.000,0.000,-0.7815,9.0437,17.4479,Left,0,0,0,0,0.0000,50.000,0,0.000,0,127.500,71.914,4.500,0.0300,0.5714,370.00,shockwave,60,450;300;200;100;50,1.5,3,0.5,1,2,1,10,0,100,-10,5,250,40,5,250,60,1,8,11,0,0.06,4,0.556,50,8,5
56,1,60,FrameTimeStutter,5.000,shockwave,practice,2026-09-16T14:18:06.7270312-04:00,4,1391,24.47478,16.7313,707.78,1306.63,0.000,0.000,-0.7815,9.0437,17.4479,Left,0,0,0,0,0.0000,50.000,0,0.000,0,127.500,71.914,4.500,0.0300,0.5714,370.00,shockwave,60,450;300;200;100;50,1.5,3,0.5,1,2,1,10,0,100,-10,5,250,40,5,250,60,1,8,11,0,0.06,4,0.556,50,8,5
56,1,60,FrameTimeStutter,5.000,shockwave,practice,2026-09-16T14:18:06.7270312-04:00,4,1392,24.49201,17.2307,707.78,1306.63,0.000,0.000,-0.7815,9.0437,17.4479,Left,0,0,0,0,0.0000,50.000,0,0.000,0,127.500,71.914,4.500,0.0300,0.5714,370.00,shockwave,60,450;300;200;100;50,1.5,3,0.5,1,2,1,10,0,100,-10,5,250,40,5,250,60,1,8,11,0,0.06,4,0.556,50,8,5
56,1,60,FrameTimeStutter,5.000,shockwave,practice,2026-09-16T14:18:06.7270312-04:00,4,1393,24.50871,16.7063,707.78,1306.63,0.000,0.000,-0.7815,9.0437,17.4479,Left,0,0,0,0,0.0000,50.000,0,0.000,0,127.500,71.914,4.500,0.0300,0.5714,370.00,shockwave,60,450;300;200;100;50,1.5,3,0.5,1,2,1,10,0,100,-10,5,250,40,5,250,60,1,8,11,0,0.06,4,0.556,50,8,5
56,1,60,FrameTimeStutter,5.000,shockwave,practice,2026-09-16T14:18:06.7270312-04:00,4,1394,24.52494,16.2317,707.78,1306.63,0.000,0.000,-0.7815,9.0437,17.4479,Left,0,0,0,0,0.0000,50.000,0,0.000,0,127.500,71.914,4.500,0.0300,0.5714,370.00,shockwave,60,450;300;200;100;50,1.5,3,0.5,1,2,1,10,0,100,-10,5,250,40,5,250,60,1,8,11,0,0.06,4,0.556,50,8,5
56,1,60,FrameTimeStutter,5.000,shockwave,practice,2026-09-16T14:18:06.7270312-04:00,4,1395,24.54149,16.5483,707.78,1306.63,0.000,0.000,-0.7815,9.0437,17.4479,Left,0,0,0,0,0.0000,50.000,0,0.000,0,127.500,71.914,4.500,0.0300,0.5714,370.00,shockwave,60,450;300;200;100;50,1.5,3,0.5,1,2,1,10,0,100,-10,5,250,40,5,250,60,1,8,11,0,0.06,4,0.556,50,8,5
56,1,60,FrameTimeStutter,5.000,shockwave,practice,2026-09-16T14:18:06.7270312-04:00,4,1396,24.55877,17.2731,707.78,1306.63,0.000,0.000,-0.7815,9.0437,17.4479,Left,0,0,0,0,0.0000,50.000,0,0.000,0,127.500,71.914,4.500,0.0300,0.5714,370.00,shockwave,60,450;300;200;100;50,1.5,3,0.5,1,2,1,10,0,100,-10,5,250,40,5,250,60,1,8,11,0,0.06,4,0.556,50,8,5
56,1,60,FrameTimeStutter,5.000,shockwave,practice,2026-09-16T14:18:06.7270312-04:00,4,1397,24.57535,16.5878,707.78,1306.63,0.000,0.000,-0.7815,9.0437,17.4479,Left,0,0,0,0,0.0000,50.000,0,0.000,0,127.500,71.914,4.500,0.0300,0.5714,370.00,shockwave,60,450;300;200;100;50,1.5,3,0.5,1,2,1,10,0,100,-10,5,250,40,5,250,60,1,8,11,0,0.06,4,0.556,50,8,5
56,1,60,FrameTimeStutter,5.000,shockwave,practice,2026-09-16T14:18:06.7270312-04:00,4,1398,24.59206,16.7118,707.78,1306.63,0.000,0.000,-0.7815,9.0437,17.4479,Left,0,0,0,0,0.0000,50.000,0,0.000,0,127.500,71.914,4.500,0.0300,0.5714,370.00,shockwave,60,450;300;200;100;50,1.5,3,0.5,1,2,1,10,0,100,-10,5,250,40,5,250,60,1,8,11,0,0.06,4,0.556,50,8,5
56,1,60,FrameTimeStutter,5.000,shockwave,practice,2026-09-16T14:18:06.7270312-04:00,4,1399,24.60850,16.4369,707.78,1306.63,0.000,0.000,-0.7815,9.0437,17.4479,Left,0,0,0,0,0.0000,50.000,0,0.000,0,127.500,71.914,4.500,0.0300,0.5714,370.00,shockwave,60,450;300;200;100;50,1.5,3,0.5,1,2,1,10,0,100,-10,5,250,40,5,250,60,1,8,11,0,0.06,4,0.556,50,8,5
56,1,60,FrameTimeStutter,5.000,shockwave,practice,2026-09-16T14:18:06.7270312-04:00,4,1400,24.62531,16.8102,707.78,1306.63,0.000,0.000,-0.7815,9.0437,17.4479,Left,0,0,0,0,0.0000,50.000,0,0.000,0,127.500,71.914,4.500,0.0300,0.5714,370.00,shockwave,60,450;300;200;100;50,1.5,3,0.5,1,2,1,10,0,100,-10,5,250,40,5,250,60,1,8,11,0,0.06,4,0.556,50,8,5
56,1,60,FrameTimeStutter,5.000,shockwave,practice,2026-09-16T14:18:06.7270312-04:00,4,1401,24.64194,16.6262,707.78,1306.63,0.000,0.000,-0.7815,9.0437,17.4479,Left,0,0,0,0,0.0000,50.000,0,0.000,0,127.500,71.914,4.500,0.0300,0.5714,370.00,shockwave,60,450;300;200;100;50,1.5,3,0.5,1,2,1,10,0,100,-10,5,250,40,5,250,60,1,8,11,0,0.06,4,0.556,50,8,5
56,1,60,FrameTimeStutter,5.000,shockwave,practice,2026-09-16T14:18:06.7270312-04:00,4,1402,24.65829,16.3544,707.78,1306.63,0.000,0.000,-0.7815,9.0437,17.4479,Left,0,0,0,0,0.0000,50.000,0,0.000,0,127.500,71.914,4.500,0.0300,0.5714,370.00,shockwave,60,450;300;200;100;50,1.5,3,0.5,1,2,1,10,0,100,-10,5,250,40,5,250,60,1,8,11,0,0.06,4,0.556,50,8,5
56,1,60,FrameTimeStutter,5.000,shockwave,practice,2026-09-16T14:18:06.7270312-04:00,4,1403,24.67480,16.5062,707.78,1306.63,0.000,0.000,-0.7815,9.0437,17.4479,Left,0,0,0,0,0.0000,50.000,0,0.000,0,127.500,71.914,4.500,0.0300,0.5714,370.00,shockwave,60,450;300;200;100;50,1.5,3,0.5,1,2,1,10,0,100,-10,5,250,40,5,250,60,1,8,11,0,0.06,4,0.556,50,8,5
56,1,60,FrameTimeStutter,5.000,shockwave,practice,2026-09-16T14:18:06.7270312-04:00,4,1404,24.69200,17.2054,707.78,1306.63,0.000,0.000,-0.7815,9.0437,17.4479,Left,0,0,0,0,0.0000,50.000,0,0.000,0,127.500,71.914,4.500,0.0300,0.5714,370.00,shockwave,60,450;300;200;100;50,1.5,3,0.5,1,2,1,10,0,100,-10,5,250,40,5,250,60,1,8,11,0,0.06,4,0.556,50,8,5
56,1,60,FrameTimeStutter,5.000,shockwave,practice,2026-09-16T14:18:06.7270312-04:00,4,1405,24.70821,16.2035,707.78,1306.63,0.000,0.000,-0.7815,9.0437,17.4479,Left,0,0,0,0,0.0000,50.000,0,0.000,0,127.500,71.914,4.500,0.0300,0.5714,370.00,shockwave,60,450;300;200;100;50,1.5,3,0.5,1,2,1,10,0,100,-10,5,250,40,5,250,60,1,8,11,0,0.06,4,0.556,50,8,5
56,1,60,FrameTimeStutter,5.000,shockwave,practice,2026-09-16T14:18:06.7270312-04:00,4,1406,24.72549,17.2827,707.78,1306.63,0.000,0.000,-0.7815,9.0437,17.4479,Left,0,0,0,0,0.0000,50.000,0,0.000,0,127.500,71.914,4.500,0.0300,0.5714,370.00,shockwave,60,450;300;200;100;50,1.5,3,0.5,1,2,1,10,0,100,-10,5,250,40,5,250,60,1,8,11,0,0.06,4,0.556,50,8,5
56,1,60,FrameTimeStutter,5.000,shockwave,practice,2026-09-16T14:18:06.7270312-04:00,4,1407,24.74164,16.1455,707.78,1306.63,0.000,0.000,-0.7815,9.0437,17.4479,Left,0,0,0,0,0.0000,50.000,0,0.000,0,127.500,71.914,4.500,0.0300,0.5714,370.00,shockwave,60,450;300;200;100;50,1.5,3,0.5,1,2,1,10,0,100,-10,5,250,40,5,250,60,1,8,11,0,0.06,4,0.556,50,8,5
56,1,60,FrameTimeStutter,5.000,shockwave,practice,2026-09-16T14:18:06.7270312-04:00,4,1408,24.75830,16.6620,707.78,1306.63,0.000,0.000,-0.7815,9.0437,17.4479,Left,0,0,0,0,0.0000,50.000,0,0.000,0,127.500,71.914,4.500,0.0300,0.5714,370.00,shockwave,60,450;300;200;100;50,1.5,3,0.5,1,2,1,10,0,100,-10,5,250,40,5,250,60,1,8,11,0,0.06,4,0.556,50,8,5
56,1,60,FrameTimeStutter,5.000,shockwave,practice,2026-09-16T14:18:06.7270312-04:00,4,1409,24.77518,16.8846,707.78,1306.63,0.000,0.000,-0.7815,9.0437,17.4479,Left,0,0,0,0,0.0000,50.000,0,0.000,0,127.500,71.914,4.500,0.0300,0.5714,370.00,shockwave,60,450;300;200;100;50,1.5,3,0.5,1,2,1,10,0,100,-10,5,250,40,5,250,60,1,8,11,0,0.06,4,0.556,50,8,5
56,1,60,FrameTimeStutter,5.000,shockwave,practice,2026-09-16T14:18:06.7270312-04:00,4,1410,24.79217,16.9854,707.78,1306.63,0.000,0.000,-0.7815,9.0437,17.4479,Left,0,0,0,0,0.0000,50.000,0,0.000,0,127.500,71.914,4.500,0.0300,0.5714,370.00,shockwave,60,450;300;200;100;50,1.5,3,0.5,1,2,1,10,0,100,-10,5,250,40,5,250,60,1,8,11,0,0.06,4,0.556,50,8,5
56,1,60,FrameTimeStutter,5.000,shockwave,practice,2026-09-16T14:18:06.7270312-04:00,4,1411,24.80866,16.4883,707.78,1306.63,0.000,0.000,-0.7815,9.0437,17.4479,Left,0,0,0,0,0.0000,50.000,0,0.000,0,127.500,71.914,4.500,0.0300,0.5714,370.00,shockwave,60,450;300;200;100;50,1.5,3,0.5,1,2,1,10,0,100,-10,5,250,40,5,250,60,1,8,11,0,0.06,4,0.556,50,8,5
56,1,60,FrameTimeStutter,5.000,shockwave,practice,2026-09-16T14:18:06.7270312-04:00,4,1412,24.82468,16.0212,707.78,1306.63,0.000,0.000,-0.7815,9.0437,17.4479,Left,0,0,0,0,0.0000,50.000,0,0.000,0,127.500,71.914,4.500,0.0300,0.5714,370.00,shockwave,60,450;300;200;100;50,1.5,3,0.5,1,2,1,10,0,100,-10,5,250,40,5,250,60,1,8,11,0,0.06,4,0.556,50,8,5
56,1,60,FrameTimeStutter,5.000,shockwave,practice,2026-09-16T14:18:06.7270312-04:00,4,1413,24.84212,17.4421,707.78,1306.63,0.000,0.000,-0.7815,9.0437,17.4479,Left,0,0,0,0,0.0000,50.000,0,0.000,0,127.500,71.914,4.500,0.0300,0.5714,370.00,shockwave,60,450;300;200;100;50,1.5,3,0.5,1,2,1,10,0,100,-10,5,250,40,5,250,60,1,8,11,0,0.06,4,0.556,50,8,5
56,1,60,FrameTimeStutter,5.000,shockwave,practice,2026-09-16T14:18:06.7270312-04:00,4,1414,24.85806,15.9397,707.78,1306.63,0.000,0.000,-0.7815,9.0437,17.4479,Left,0,0,0,0,0.0000,50.000,0,0.000,0,127.500,71.914,4.500,0.0300,0.5714,370.00,shockwave,60,450;300;200;100;50,1.5,3,0.5,1,2,1,10,0,100,-10,5,250,40,5,250,60,1,8,11,0,0.06,4,0.556,50,8,5
56,1,60,FrameTimeStutter,5.000,shockwave,practice,2026-09-16T14:18:06.7270312-04:00,4,1415,24.87480,16.7417,707.78,1306.63,0.000,0.000,-0.7815,9.0437,17.4479,Left,0,0,0,0,0.0000,50.000,0,0.000,0,127.500,71.914,4.500,0.0300,0.5714,370.00,shockwave,60,450;300;200;100;50,1.5,3,0.5,1,2,1,10,0,100,-10,5,250,40,5,250,60,1,8,11,0,0.06,4,0.556,50,8,5
56,1,60,FrameTimeStutter,5.000,shockwave,practice,2026-09-16T14:18:06.7270312-04:00,4,1416,24.89158,16.7824,707.78,1306.63,0.000,0.000,-0.7815,9.0437,17.4479,Left,0,0,0,0,0.0000,50.000,0,0.000,0,127.500,71.914,4.500,0.0300,0.5714,370.00,shockwave,60,450;300;200;100;50,1.5,3,0.5,1,2,1,10,0,100,-10,5,250,40,5,250,60,1,8,11,0,0.06,4,0.556,50,8,5
56,1,60,FrameTimeStutter,5.000,shockwave,practice,2026-09-16T14:18:06.7270312-04:00,4,1417,24.90816,16.5726,707.78,1306.63,0.000,0.000,-0.7815,9.0437,17.4479,Left,0,0,0,0,0.0000,50.000,0,0.000,0,127.500,71.914,4.500,0.0300,0.5714,370.00,shockwave,60,450;300;200;100;50,1.5,3,0.5,1,2,1,10,0,100,-10,5,250,40,5,250,60,1,8,11,0,0.06,4,0.556,50,8,5
56,1,60,FrameTimeStutter,5.000,shockwave,practice,2026-09-16T14:18:06.7270312-04:00,4,1418,24.92489,16.7345,707.78,1306.63,0.000,0.000,-0.7815,9.0437,17.4479,Left,0,0,0,0,0.0000,50.000,0,0.000,0,127.500,71.914,4.500,0.0300,0.5714,370.00,shockwave,60,450;300;200;100;50,1.5,3,0.5,1,2,1,10,0,100,-10,5,250,40,5,250,60,1,8,11,0,0.06,4,0.556,50,8,5
56,1,60,FrameTimeStutter,5.000,shockwave,practice,2026-09-16T14:18:06.7270312-04:00,4,1419,24.94174,16.8509,707.78,1306.63,0.000,0.000,-0.7815,9.0437,17.4479,Left,0,0,0,0,0.0000,50.000,0,0.000,0,127.500,71.914,4.500,0.0300,0.5714,370.00,shockwave,60,450;300;200;100;50,1.5,3,0.5,1,2,1,10,0,100,-10,5,250,40,5,250,60,1,8,11,0,0.06,4,0.556,50,8,5
56,1,60,FrameTimeStutter,5.000,shockwave,practice,2026-09-16T14:18:06.7270312-04:00,4,1420,24.95852,16.7758,707.78,1306.63,0.000,0.000,-0.7815,9.0437,17.4479,Left,0,0,0,0,0.0000,50.000,0,0.000,0,127.500,71.914,4.500,0.0300,0.5714,370.00,shockwave,60,450;300;200;100;50,1.5,3,0.5,1,2,1,10,0,100,-10,5,250,40,5,250,60,1,8,11,0,0.06,4,0.556,50,8,5
56,1,60,FrameTimeStutter,5.000,shockwave,practice,2026-09-16T14:18:06.7270312-04:00,4,1421,24.97516,16.6415,707.78,1306.63,0.000,0.000,-0.7815,9.0437,17.4479,Left,0,0,0,0,0.0000,50.000,0,0.000,0,127.500,71.914,4.500,0.0300,0.5714,370.00,shockwave,60,450;300;200;100;50,1.5,3,0.5,1,2,1,10,0,100,-10,5,250,40,5,250,60,1,8,11,0,0.06,4,0.556,50,8,5
56,1,60,FrameTimeStutter,5.000,shockwave,practice,2026-09-16T14:18:06.7270312-04:00,4,1422,24.99180,16.6388,707.78,1306.63,0.000,0.000,-0.7815,9.0437,17.4479,Left,0,0,0,0,0.0000,50.000,0,0.000,0,127.500,71.914,4.500,0.0300,0.5714,370.00,shockwave,60,450;300;200;100;50,1.5,3,0.5,1,2,1,10,0,100,-10,5,250,40,5,250,60,1,8,11,0,0.06,4,0.556,50,8,5
56,1,60,FrameTimeStutter,5.000,shockwave,practice,2026-09-16T14:18:06.7270312-04:00,4,1423,25.00849,16.6945,707.78,1306.63,0.000,0.000,-0.7815,9.0437,17.4479,Left,0,0,0,0,0.0000,50.000,0,0.000,0,127.500,71.914,4.500,0.0300,0.5714,370.00,shockwave,60,450;300;200;100;50,1.5,3,0.5,1,2,1,10,0,100,-10,5,250,40,5,250,60,1,8,11,0,0.06,4,0.556,50,8,5
56,1,60,FrameTimeStutter,5.000,shockwave,practice,2026-09-16T14:18:06.7270312-04:00,4,1424,25.02534,16.8510,707.78,1306.63,0.000,0.000,-0.7815,9.0437,17.4479,Left,0,0,0,0,0.0000,50.000,0,0.000,0,127.500,71.914,4.500,0.0300,0.5714,370.00,shockwave,60,450;300;200;100;50,1.5,3,0.5,1,2,1,10,0,100,-10,5,250,40,5,250,60,1,8,11,0,0.06,4,0.556,50,8,5
56,1,60,FrameTimeStutter,5.000,shockwave,practice,2026-09-16T14:18:06.7270312-04:00,4,1425,25.04190,16.5607,707.78,1306.63,0.000,0.000,-0.7815,9.0437,17.4479,Left,0,0,0,0,0.0000,50.000,0,0.000,0,127.500,71.914,4.500,0.0300,0.5714,370.00,shockwave,60,450;300;200;100;50,1.5,3,0.5,1,2,1,10,0,100,-10,5,250,40,5,250,60,1,8,11,0,0.06,4,0.556,50,8,5
56,1,60,FrameTimeStutter,5.000,shockwave,practice,2026-09-16T14:18:06.7270312-04:00,4,1426,25.05877,16.8670,707.78,1306.63,0.000,0.000,-0.7815,9.0437,17.4479,Left,0,0,0,0,0.0000,50.000,0,0.000,0,127.500,71.914,4.500,0.0300,0.5714,370.00,shockwave,60,450;300;200;100;50,1.5,3,0.5,1,2,1,10,0,100,-10,5,250,40,5,250,60,1,8,11,0,0.06,4,0.556,50,8,5
56,1,60,FrameTimeStutter,5.000,shockwave,practice,2026-09-16T14:18:06.7270312-04:00,4,1427,25.07519,16.4168,707.78,1306.63,0.000,0.000,-0.7815,9.0437,17.4479,Left,0,0,0,0,0.0000,50.000,0,0.000,0,127.500,71.914,4.500,0.0300,0.5714,370.00,shockwave,60,450;300;200;100;50,1.5,3,0.5,1,2,1,10,0,100,-10,5,250,40,5,250,60,1,8,11,0,0.06,4,0.556,50,8,5
56,1,60,FrameTimeStutter,5.000,shockwave,practice,2026-09-16T14:18:06.7270312-04:00,4,1428,25.09132,16.1286,707.78,1306.63,0.000,0.000,-0.7815,9.0437,17.4479,Left,0,0,0,0,0.0000,50.000,0,0.000,0,127.500,71.914,4.500,0.0300,0.5714,370.00,shockwave,60,450;300;200;100;50,1.5,3,0.5,1,2,1,10,0,100,-10,5,250,40,5,250,60,1,8,11,0,0.06,4,0.556,50,8,5
56,1,60,FrameTimeStutter,5.000,shockwave,practice,2026-09-16T14:18:06.7270312-04:00,4,1429,25.10879,17.4729,707.78,1306.63,0.000,0.000,-0.7815,9.0437,17.4479,Left,0,0,0,0,0.0000,50.000,0,0.000,0,127.500,71.914,4.500,0.0300,0.5714,370.00,shockwave,60,450;300;200;100;50,1.5,3,0.5,1,2,1,10,0,100,-10,5,250,40,5,250,60,1,8,11,0,0.06,4,0.556,50,8,5
56,1,60,FrameTimeStutter,5.000,shockwave,practice,2026-09-16T14:18:06.7270312-04:00,4,1430,25.12525,16.4603,707.78,1306.63,0.000,0.000,-0.7815,9.0437,17.4479,Left,0,0,0,0,0.0000,50.000,0,0.000,0,127.500,71.914,4.500,0.0300,0.5714,370.00,shockwave,60,450;300;200;100;50,1.5,3,0.5,1,2,1,10,0,100,-10,5,250,40,5,250,60,1,8,11,0,0.06,4,0.556,50,8,5
56,1,60,FrameTimeStutter,5.000,shockwave,practice,2026-09-16T14:18:06.7270312-04:00,4,1431,25.14191,16.6650,707.78,1306.63,0.000,0.000,-0.7815,9.0437,17.4479,Left,0,0,0,0,0.0000,50.000,0,0.000,0,127.500,71.914,4.500,0.0300,0.5714,370.00,shockwave,60,450;300;200;100;50,1.5,3,0.5,1,2,1,10,0,100,-10,5,250,40,5,250,60,1,8,11,0,0.06,4,0.556,50,8,5
56,1,60,FrameTimeStutter,5.000,shockwave,practice,2026-09-16T14:18:06.7270312-04:00,4,1432,25.15814,16.2250,707.78,1306.63,0.000,0.000,-0.7815,9.0437,17.4479,Left,0,0,0,0,0.0000,50.000,0,0.000,0,127.500,71.914,4.500,0.0300,0.5714,370.00,shockwave,60,450;300;200;100;50,1.5,3,0.5,1,2,1,10,0,100,-10,5,250,40,5,250,60,1,8,11,0,0.06,4,0.556,50,8,5
56,1,60,FrameTimeStutter,5.000,shockwave,practice,2026-09-16T14:18:06.7270312-04:00,4,1433,25.17546,17.3161,707.78,1306.63,0.000,0.000,-0.7815,9.0437,17.4479,Left,0,0,0,0,0.0000,50.000,0,0.000,0,127.500,71.914,4.500,0.0300,0.5714,370.00,shockwave,60,450;300;200;100;50,1.5,3,0.5,1,2,1,10,0,100,-10,5,250,40,5,250,60,1,8,11,0,0.06,4,0.556,50,8,5
56,1,60,FrameTimeStutter,5.000,shockwave,practice,2026-09-16T14:18:06.7270312-04:00,4,1434,25.19175,16.2990,707.78,1306.63,0.000,0.000,-0.7815,9.0437,17.4479,Left,0,0,0,0,0.0000,50.000,0,0.000,0,127.500,71.914,4.500,0.0300,0.5714,370.00,shockwave,60,450;300;200;100;50,1.5,3,0.5,1,2,1,10,0,100,-10,5,250,40,5,250,60,1,8,11,0,0.06,4,0.556,50,8,5
56,1,60,FrameTimeStutter,5.000,shockwave,practice,2026-09-16T14:18:06.7270312-04:00,4,1435,25.20844,16.6842,707.78,1306.63,0.000,0.000,-0.7815,9.0437,17.4479,Left,0,0,0,0,0.0000,50.000,0,0.000,0,127.500,71.914,4.500,0.0300,0.5714,370.00,shockwave,60,450;300;200;100;50,1.5,3,0.5,1,2,1,10,0,100,-10,5,250,40,5,250,60,1,8,11,0,0.06,4,0.556,50,8,5
56,1,60,FrameTimeStutter,5.000,shockwave,practice,2026-09-16T14:18:06.7270312-04:00,4,1436,25.22539,16.9535,707.78,1306.63,0.000,0.000,-0.7815,9.0437,17.4479,Left,0,0,0,0,0.0000,50.000,0,0.000,0,127.500,71.914,4.500,0.0300,0.5714,370.00,shockwave,60,450;300;200;100;50,1.5,3,0.5,1,2,1,10,0,100,-10,5,250,40,5,250,60,1,8,11,0,0.06,4,0.556,50,8,5
56,1,60,FrameTimeStutter,5.000,shockwave,practice,2026-09-16T14:18:06.7270312-04:00,4,1437,25.24212,16.7292,707.78,1306.63,0.000,0.000,-0.7815,9.0437,17.4479,Left,0,0,0,0,0.0000,50.000,0,0.000,0,127.500,71.914,4.500,0.0300,0.5714,370.00,shockwave,60,450;300;200;100;50,1.5,3,0.5,1,2,1,10,0,100,-10,5,250,40,5,250,60,1,8,11,0,0.06,4,0.556,50,8,5
56,1,60,FrameTimeStutter,5.000,shockwave,practice,2026-09-16T14:18:06.7270312-04:00,4,1438,25.25844,16.3150,707.78,1306.63,0.000,0.000,-0.7815,9.0437,17.4479,Left,0,0,0,0,0.0000,50.000,0,0.000,0,127.500,71.914,4.500,0.0300,0.5714,370.00,shockwave,60,450;300;200;100;50,1.5,3,0.5,1,2,1,10,0,100,-10,5,250,40,5,250,60,1,8,11,0,0.06,4,0.556,50,8,5
56,1,60,FrameTimeStutter,5.000,shockwave,practice,2026-09-16T14:18:06.7270312-04:00,4,1439,25.27491,16.4783,707.78,1306.63,0.000,0.000,-0.7815,9.0437,17.4479,Left,0,0,0,0,0.0000,50.000,0,0.000,0,127.500,71.914,4.500,0.0300,0.5714,370.00,shockwave,60,450;300;200;100;50,1.5,3,0.5,1,2,1,10,0,100,-10,5,250,40,5,250,60,1,8,11,0,0.06,4,0.556,50,8,5
56,1,60,FrameTimeStutter,5.000,shockwave,practice,2026-09-16T14:18:06.7270312-04:00,4,1440,25.29189,16.9754,707.78,1306.63,0.000,0.000,-0.7815,9.0437,17.4479,Left,0,0,0,0,0.0000,50.000,0,0.000,0,127.500,71.914,4.500,0.0300,0.5714,370.00,shockwave,60,450;300;200;100;50,1.5,3,0.5,1,2,1,10,0,100,-10,5,250,40,5,250,60,1,8,11,0,0.06,4,0.556,50,8,5
56,1,60,FrameTimeStutter,5.000,shockwave,practice,2026-09-16T14:18:06.7270312-04:00,4,1441,25.30810,16.2126,707.78,1306.63,0.000,0.000,-0.7815,9.0437,17.4479,Left,0,0,0,0,0.0000,50.000,0,0.000,0,127.500,71.914,4.500,0.0300,0.5714,370.00,shockwave,60,450;300;200;100;50,1.5,3,0.5,1,2,1,10,0,100,-10,5,250,40,5,250,60,1,8,11,0,0.06,4,0.556,50,8,5
56,1,60,FrameTimeStutter,5.000,shockwave,practice,2026-09-16T14:18:06.7270312-04:00,4,1442,25.32520,17.0987,707.78,1306.63,0.000,0.000,-0.7815,9.0437,17.4479,Left,0,0,0,0,0.0000,50.000,0,0.000,0,127.500,71.914,4.500,0.0300,0.5714,370.00,shockwave,60,450;300;200;100;50,1.5,3,0.5,1,2,1,10,0,100,-10,5,250,40,5,250,60,1,8,11,0,0.06,4,0.556,50,8,5
56,1,60,FrameTimeStutter,5.000,shockwave,practice,2026-09-16T14:18:06.7270312-04:00,4,1443,25.34152,16.3240,707.78,1306.63,0.000,0.000,-0.7815,9.0437,17.4479,Left,0,0,0,0,0.0000,50.000,0,0.000,0,127.500,71.914,4.500,0.0300,0.5714,370.00,shockwave,60,450;300;200;100;50,1.5,3,0.5,1,2,1,10,0,100,-10,5,250,40,5,250,60,1,8,11,0,0.06,4,0.556,50,8,5
56,1,60,FrameTimeStutter,5.000,shockwave,practice,2026-09-16T14:18:06.7270312-04:00,4,1444,25.35838,16.8509,707.78,1306.63,0.000,0.000,-0.7815,9.0437,17.4479,Left,0,0,0,0,0.0000,50.000,0,0.000,0,127.500,71.914,4.500,0.0300,0.5714,370.00,shockwave,60,450;300;200;100;50,1.5,3,0.5,1,2,1,10,0,100,-10,5,250,40,5,250,60,1,8,11,0,0.06,4,0.556,50,8,5
56,1,60,FrameTimeStutter,5.000,shockwave,practice,2026-09-16T14:18:06.7270312-04:00,4,1445,25.37539,17.0104,707.78,1306.63,0.000,0.000,-0.7815,9.0437,17.4479,Left,0,0,0,0,0.0000,50.000,0,0.000,0,127.500,71.914,4.500,0.0300,0.5714,370.00,shockwave,60,450;300;200;100;50,1.5,3,0.5,1,2,1,10,0,100,-10,5,250,40,5,250,60,1,8,11,0,0.06,4,0.556,50,8,5
56,1,60,FrameTimeStutter,5.000,shockwave,practice,2026-09-16T14:18:06.7270312-04:00,4,1446,25.39158,16.1930,707.78,1306.63,0.000,0.000,-0.7815,9.0437,17.4479,Left,0,0,0,0,0.0000,50.000,0,0.000,0,127.500,71.914,4.500,0.0300,0.5714,370.00,shockwave,60,450;300;200;100;50,1.5,3,0.5,1,2,1,10,0,100,-10,5,250,40,5,250,60,1,8,11,0,0.06,4,0.556,50,8,5
56,1,60,FrameTimeStutter,5.000,shockwave,practice,2026-09-16T14:18:06.7270312-04:00,4,1447,25.40813,16.5563,707.78,1306.63,0.000,0.000,-0.7815,9.0437,17.4479,Left,0,0,0,0,0.0000,50.000,0,0.000,0,127.500,71.914,4.500,0.0300,0.5714,370.00,shockwave,60,450;300;200;100;50,1.5,3,0.5,1,2,1,10,0,100,-10,5,250,40,5,250,60,1,8,11,0,0.06,4,0.556,50,8,5
56,1,60,FrameTimeStutter,5.000,shockwave,practice,2026-09-16T14:18:06.7270312-04:00,4,1448,25.42525,17.1110,707.78,1306.63,0.000,0.000,-0.7815,9.0437,17.4479,Left,0,0,0,0,0.0000,50.000,0,0.000,0,127.500,71.914,4.500,0.0300,0.5714,370.00,shockwave,60,450;300;200;100;50,1.5,3,0.5,1,2,1,10,0,100,-10,5,250,40,5,250,60,1,8,11,0,0.06,4,0.556,50,8,5
56,1,60,FrameTimeStutter,5.000,shockwave,practice,2026-09-16T14:18:06.7270312-04:00,4,1449,25.44144,16.1968,707.78,1306.63,0.000,0.000,-0.7815,9.0437,17.4479,Left,0,0,0,0,0.0000,50.000,0,0.000,0,127.500,71.914,4.500,0.0300,0.5714,370.00,shockwave,60,450;300;200;100;50,1.5,3,0.5,1,2,1,10,0,100,-10,5,250,40,5,250,60,1,8,11,0,0.06,4,0.556,50,8,5
56,1,60,FrameTimeStutter,5.000,shockwave,practice,2026-09-16T14:18:06.7270312-04:00,4,1450,25.45821,16.7674,707.78,1306.63,0.000,0.000,-0.7815,9.0437,17.4479,Left,0,0,0,0,0.0000,50.000,0,0.000,0,127.500,71.914,4.500,0.0300,0.5714,370.00,shockwave,60,450;300;200;100;50,1.5,3,0.5,1,2,1,10,0,100,-10,5,250,40,5,250,60,1,8,11,0,0.06,4,0.556,50,8,5
56,1,60,FrameTimeStutter,5.000,shockwave,practice,2026-09-16T14:18:06.7270312-04:00,4,1451,25.47486,16.6489,707.78,1306.63,0.000,0.000,-0.7815,9.0437,17.4479,Left,0,0,0,0,0.0000,50.000,0,0.000,0,127.500,71.914,4.500,0.0300,0.5714,370.00,shockwave,60,450;300;200;100;50,1.5,3,0.5,1,2,1,10,0,100,-10,5,250,40,5,250,60,1,8,11,0,0.06,4,0.556,50,8,5
56,1,60,FrameTimeStutter,5.000,shockwave,practice,2026-09-16T14:18:06.7270312-04:00,4,1452,25.49140,16.5428,707.78,1306.63,0.000,0.000,-0.7815,9.0437,17.4479,Left,0,0,0,0,0.0000,50.000,0,0.000,0,127.500,71.914,4.500,0.0300,0.5714,370.00,shockwave,60,450;300;200;100;50,1.5,3,0.5,1,2,1,10,0,100,-10,5,250,40,5,250,60,1,8,11,0,0.06,4,0.556,50,8,5
56,1,60,FrameTimeStutter,5.000,shockwave,practice,2026-09-16T14:18:06.7270312-04:00,4,1453,25.50824,16.8393,707.78,1306.63,0.000,0.000,-0.7815,9.0437,17.4479,Left,0,0,0,0,0.0000,50.000,0,0.000,0,127.500,71.914,4.500,0.0300,0.5714,370.00,shockwave,60,450;300;200;100;50,1.5,3,0.5,1,2,1,10,0,100,-10,5,250,40,5,250,60,1,8,11,0,0.06,4,0.556,50,8,5
56,1,60,FrameTimeStutter,5.000,shockwave,practice,2026-09-16T14:18:06.7270312-04:00,4,1454,25.52451,16.2650,707.78,1306.63,0.000,0.000,-0.6068,9.0437,17.4479,Left,0,0,0,0,0.0000,50.000,0,0.000,0,127.500,71.914,4.500,0.0300,0.5714,370.00,shockwave,60,450;300;200;100;50,1.5,3,0.5,1,2,1,10,0,100,-10,5,250,40,5,250,60,1,8,11,0,0.06,4,0.556,50,8,5
56,1,60,FrameTimeStutter,5.000,shockwave,practice,2026-09-16T14:18:06.7270312-04:00,4,1455,25.54176,17.2491,707.78,1306.63,0.000,0.000,-0.4359,9.0437,17.4479,Left,0,0,0,0,0.0000,50.000,0,0.000,0,127.500,71.914,4.500,0.0300,0.5714,370.00,shockwave,60,450;300;200;100;50,1.5,3,0.5,1,2,1,10,0,100,-10,5,250,40,5,250,60,1,8,11,0,0.06,4,0.556,50,8,5
56,1,60,FrameTimeStutter,5.000,shockwave,practice,2026-09-16T14:18:06.7270312-04:00,4,1456,25.55830,16.5433,707.78,1306.63,0.000,0.000,-0.2852,9.0437,17.4479,Left,0,0,0,0,0.0000,50.000,0,0.000,0,127.500,71.914,4.500,0.0300,0.5714,370.00,shockwave,60,450;300;200;100;50,1.5,3,0.5,1,2,1,10,0,100,-10,5,250,40,5,250,60,1,8,11,0,0.06,4,0.556,50,8,5
56,1,60,FrameTimeStutter,5.000,shockwave,practice,2026-09-16T14:18:06.7270312-04:00,4,1457,25.57509,16.7959,707.78,1306.63,0.000,0.000,-0.1450,9.0437,17.4479,Left,0,0,0,0,0.0000,50.000,0,0.000,0,127.500,71.914,4.500,0.0300,0.5714,370.00,shockwave,60,450;300;200;100;50,1.5,3,0.5,1,2,1,10,0,100,-10,5,250,40,5,250,60,1,8,11,0,0.06,4,0.556,50,8,5
56,1,60,FrameTimeStutter,5.000,shockwave,practice,2026-09-16T14:18:06.7270312-04:00,4,1458,25.59135,16.2557,707.78,1306.63,0.000,0.000,-0.0210,9.0437,17.4479,Left,0,0,0,0,0.0000,50.000,0,0.000,0,127.500,71.914,4.500,0.0300,0.5714,370.00,shockwave,60,450;300;200;100;50,1.5,3,0.5,1,2,1,10,0,100,-10,5,250,40,5,250,60,1,8,11,0,0.06,4,0.556,50,8,5
56,1,60,FrameTimeStutter,5.000,shockwave,practice,2026-09-16T14:18:06.7270312-04:00,4,1459,25.60827,16.9176,707.78,1306.63,0.000,0.000,0.0963,9.0437,17.4479,Left,0,0,0,0,0.0000,50.000,0,0.000,0,127.500,71.914,4.500,0.0300,0.5714,370.00,shockwave,60,450;300;200;100;50,1.5,3,0.5,1,2,1,10,0,100,-10,5,250,40,5,250,60,1,8,11,0,0.06,4,0.556,50,8,5
56,1,60,FrameTimeStutter,5.000,shockwave,practice,2026-09-16T14:18:06.7270312-04:00,4,1460,25.62547,17.2057,707.78,1306.63,0.000,0.000,0.2041,9.0437,17.4479,Left,0,0,0,0,0.0000,50.000,0,0.000,0,127.500,71.914,4.500,0.0300,0.5714,370.00,shockwave,60,450;300;200;100;50,1.5,3,0.5,1,2,1,10,0,100,-10,5,250,40,5,250,60,1,8,11,0,0.06,4,0.556,50,8,5
56,1,60,FrameTimeStutter,5.000,shockwave,practice,2026-09-16T14:18:06.7270312-04:00,4,1461,25.64207,16.5936,707.78,1306.63,0.000,0.000,0.2974,9.0437,17.4479,Left,0,0,0,0,0.0000,50.000,0,0.000,0,127.500,71.914,4.500,0.0300,0.5714,370.00,shockwave,60,450;300;200;100;50,1.5,3,0.5,1,2,1,10,0,100,-10,5,250,40,5,250,60,1,8,11,0,0.06,4,0.556,50,8,5
56,1,60,FrameTimeStutter,5.000,shockwave,practice,2026-09-16T14:18:06.7270312-04:00,4,1462,25.65865,16.5808,707.78,1306.63,0.000,0.000,0.3809,9.0437,17.4479,Left,0,0,0,0,0.0000,50.000,0,0.000,0,127.500,71.914,4.500,0.0300,0.5714,370.00,shockwave,60,450;300;200;100;50,1.5,3,0.5,1,2,1,10,0,100,-10,5,250,40,5,250,60,1,8,11,0,0.06,4,0.556,50,8,5
56,1,60,FrameTimeStutter,5.000,shockwave,practice,2026-09-16T14:18:06.7270312-04:00,4,1463,25.67515,16.4979,707.78,1306.63,0.000,0.000,0.4548,9.0437,17.4479,Left,0,0,0,0,0.0000,50.000,0,0.000,0,127.500,71.914,4.500,0.0300,0.5714,370.00,shockwave,60,450;300;200;100;50,1.5,3,0.5,1,2,1,10,0,100,-10,5,250,40,5,250,60,1,8,11,0,0.06,4,0.556,50,8,5
56,1,60,FrameTimeStutter,5.000,shockwave,practice,2026-09-16T14:18:06.7270312-04:00,4,1464,25.69158,16.4342,707.78,1306.63,0.000,0.000,0.5199,9.0437,17.4479,Left,0,0,0,0,0.0000,50.000,0,0.000,0,127.500,71.914,4.500,0.0300,0.5714,370.00,shockwave,60,450;300;200;100;50,1.5,3,0.5,1,2,1,10,0,100,-10,5,250,40,5,250,60,1,8,11,0,0.06,4,0.556,50,8,5
56,1,60,FrameTimeStutter,5.000,shockwave,practice,2026-09-16T14:18:06.7270312-04:00,4,1465,25.70881,17.2279,707.78,1306.63,0.000,0.000,0.5795,9.0437,17.4479,Left,0,0,0,0,0.0000,50.000,0,0.000,0,127.500,71.914,4.500,0.0300,0.5714,370.00,shockwave,60,450;300;200;100;50,1.5,3,0.5,1,2,1,10,0,100,-10,5,250,40,5,250,60,1,8,11,0,0.06,4,0.556,50,8,5
56,1,60,FrameTimeStutter,5.000,shockwave,practice,2026-09-16T14:18:06.7270312-04:00,4,1466,25.72468,15.8728,707.78,1306.63,0.000,0.000,0.6272,9.0437,17.4479,Left,0,0,0,0,0.0000,50.000,0,0.000,0,127.500,71.914,4.500,0.0300,0.5714,370.00,shockwave,60,450;300;200;100;50,1.5,3,0.5,1,2,1,10,0,100,-10,5,250,40,5,250,60,1,8,11,0,0.06,4,0.556,50,8,5
56,1,60,FrameTimeStutter,5.000,shockwave,practice,2026-09-16T14:18:06.7270312-04:00,4,1467,25.74166,16.9791,707.78,1306.63,0.000,0.000,0.6709,9.0437,17.4479,Left,0,0,0,0,0.0000,50.000,0,0.000,0,127.500,71.914,4.500,0.0300,0.5714,370.00,shockwave,60,450;300;200;100;50,1.5,3,0.5,1,2,1,10,0,100,-10,5,250,40,5,250,60,1,8,11,0,0.06,4,0.556,50,8,5
56,1,60,FrameTimeStutter,5.000,shockwave,practice,2026-09-16T14:18:06.7270312-04:00,4,1468,25.75865,16.9933,707.78,1306.63,0.000,0.000,0.7079,9.0437,17.4479,Left,0,0,0,0,0.0000,50.000,0,0.000,0,127.500,71.914,4.500,0.0300,0.5714,370.00,shockwave,60,450;300;200;100;50,1.5,3,0.5,1,2,1,10,0,100,-10,5,250,40,5,250,60,1,8,11,0,0.06,4,0.556,50,8,5
56,1,60,FrameTimeStutter,5.000,shockwave,practice,2026-09-16T14:18:06.7270312-04:00,4,1469,25.77511,16.4558,707.78,1306.63,0.000,0.000,0.7377,9.0437,17.4479,Left,0,0,0,0,0.0000,50.000,0,0.000,0,127.500,71.914,4.500,0.0300,0.5714,370.00,shockwave,60,450;300;200;100;50,1.5,3,0.5,1,2,1,10,0,100,-10,5,250,40,5,250,60,1,8,11,0,0.06,4,0.556,50,8,5
56,1,60,FrameTimeStutter,5.000,shockwave,practice,2026-09-16T14:18:06.7270312-04:00,4,1470,25.79176,16.6473,707.78,1306.63,0.000,0.000,0.7624,9.0437,17.4479,Left,0,0,0,0,0.0000,50.000,0,0.000,0,127.500,71.914,4.500,0.0300,0.5714,370.00,shockwave,60,450;300;200;100;50,1.5,3,0.5,1,2,1,10,0,100,-10,5,250,40,5,250,60,1,8,11,0,0.06,4,0.556,50,8,5
56,1,60,FrameTimeStutter,5.000,shockwave,practice,2026-09-16T14:18:06.7270312-04:00,4,1471,25.80803,16.2773,707.78,1306.63,0.000,0.000,0.7818,9.0437,17.4479,Left,0,0,0,0,0.0000,50.000,0,0.000,0,127.500,71.914,4.500,0.0300,0.5714,370.00,shockwave,60,450;300;200;100;50,1.5,3,0.5,1,2,1,10,0,100,-10,5,250,40,5,250,60,1,8,11,0,0.06,4,0.556,50,8,5
56,1,60,FrameTimeStutter,5.000,shockwave,practice,2026-09-16T14:18:06.7270312-04:00,4,1472,25.82510,17.0644,707.78,1306.63,0.000,0.000,0.7977,9.0437,17.4479,Left,0,0,0,0,0.0000,50.000,0,0.000,0,127.500,71.914,4.500,0.0300,0.5714,370.00,shockwave,60,450;300;200;100;50,1.5,3,0.5,1,2,1,10,0,100,-10,5,250,40,5,250,60,1,8,11,0,0.06,4,0.556,50,8,5
56,1,60,FrameTimeStutter,5.000,shockwave,practice,2026-09-16T14:18:06.7270312-04:00,4,1473,25.84156,16.4611,707.78,1306.63,0.000,0.000,0.8091,9.0437,17.4479,Left,0,0,0,0,0.0000,50.000,0,0.000,0,127.500,71.914,4.500,0.0300,0.5714,370.00,shockwave,60,450;300;200;100;50,1.5,3,0.5,1,2,1,10,0,100,-10,5,250,40,5,250,60,1,8,11,0,0.06,4,0.556,50,8,5
56,1,60,FrameTimeStutter,5.000,shockwave,practice,2026-09-16T14:18:06.7270312-04:00,4,1474,25.85818,16.6224,707.78,1306.63,0.000,0.000,0.8174,9.0437,17.4479,Left,0,0,0,0,0.0000,50.000,0,0.000,0,127.500,71.914,4.500,0.0300,0.5714,370.00,shockwave,60,450;300;200;100;50,1.5,3,0.5,1,2,1,10,0,100,-10,5,250,40,5,250,60,1,8,11,0,0.06,4,0.556,50,8,5
56,1,60,FrameTimeStutter,5.000,shockwave,practice,2026-09-16T14:18:06.7270312-04:00,4,1475,25.87530,17.1140,707.78,1306.63,0.000,0.000,0.8231,9.0437,17.4479,Left,0,0,0,0,0.0000,50.000,0,0.000,0,127.500,71.914,4.500,0.0300,0.5714,370.00,shockwave,60,450;300;200;100;50,1.5,3,0.5,1,2,1,10,0,100,-10,5,250,40,5,250,60,1,8,11,0,0.06,4,0.556,50,8,5
56,1,60,FrameTimeStutter,5.000,shockwave,practice,2026-09-16T14:18:06.7270312-04:00,4,1476,25.89195,16.6579,707.78,1306.63,0.000,0.000,0.8264,9.0437,17.4479,Left,0,0,0,0,0.0000,50.000,0,0.000,0,127.500,71.914,4.500,0.0300,0.5714,370.00,shockwave,60,450;300;200;100;50,1.5,3,0.5,1,2,1,10,0,100,-10,5,250,40,5,250,60,1,8,11,0,0.06,4,0.556,50,8,5
56,1,60,FrameTimeStutter,5.000,shockwave,practice,2026-09-16T14:18:06.7270312-04:00,4,1477,25.90873,16.7745,707.78,1306.63,0.000,0.000,0.8281,9.0437,17.4479,Left,0,0,0,0,0.0000,50.000,0,0.000,0,127.500,71.914,4.500,0.0300,0.5714,370.00,shockwave,60,450;300;200;100;50,1.5,3,0.5,1,2,1,10,0,100,-10,5,250,40,5,250,60,1,8,11,0,0.06,4,0.556,50,8,5
56,1,60,FrameTimeStutter,5.000,shockwave,practice,2026-09-16T14:18:06.7270312-04:00,4,1478,25.92470,15.9689,707.78,1306.63,0.000,0.000,0.8287,9.0437,17.4479,Left,0,0,0,0,0.0000,50.000,0,0.000,0,127.500,71.914,4.500,0.0300,0.5714,370.00,shockwave,60,450;300;200;100;50,1.5,3,0.5,1,2,1,10,0,100,-10,5,250,40,5,250,60,1,8,11,0,0.06,4,0.556,50,8,5
56,1,60,FrameTimeStutter,5.000,shockwave,practice,2026-09-16T14:18:06.7270312-04:00,4,1479,25.94182,17.1209,707.78,1306.63,0.000,0.000,0.8288,9.0437,17.4479,Left,0,0,0,0,0.0000,50.000,0,0.000,0,127.500,71.914,4.500,0.0300,0.5714,370.00,shockwave,60,450;300;200;100;50,1.5,3,0.5,1,2,1,10,0,100,-10,5,250,40,5,250,60,1,8,11,0,0.06,4,0.556,50,8,5
56,1,60,FrameTimeStutter,5.000,shockwave,practice,2026-09-16T14:18:06.7270312-04:00,4,1480,25.95864,16.8212,707.78,1306.63,0.000,0.000,0.8288,9.0437,18.3774,Left,0,0,0,0,0.0000,50.000,0,0.000,0,127.500,71.914,4.500,0.0300,0.5714,370.00,shockwave,60,450;300;200;100;50,1.5,3,0.5,1,2,1,10,0,100,-10,5,250,40,5,250,60,1,8,11,0,0.06,4,0.556,50,8,5
56,1,60,FrameTimeStutter,5.000,shockwave,practice,2026-09-16T14:18:06.7270312-04:00,4,1481,25.97444,15.8000,707.78,1306.63,0.000,0.000,0.8288,9.0437,18.3774,Left,0,0,0,0,0.0000,50.000,0,0.000,0,127.500,71.914,4.500,0.0300,0.5714,370.00,shockwave,60,450;300;200;100;50,1.5,3,0.5,1,2,1,10,0,100,-10,5,250,40,5,250,60,1,8,11,0,0.06,4,0.556,50,8,5
56,1,60,FrameTimeStutter,5.000,shockwave,practice,2026-09-16T14:18:06.7270312-04:00,4,1482,25.99191,17.4695,707.78,1306.63,0.000,0.000,0.8288,9.0437,18.3774,Left,0,0,0,0,0.0000,50.000,0,0.000,0,127.500,71.914,4.500,0.0300,0.5714,370.00,shockwave,60,450;300;200;100;50,1.5,3,0.5,1,2,1,10,0,100,-10,5,250,40,5,250,60,1,8,11,0,0.06,4,0.556,50,8,5
56,1,60,FrameTimeStutter,5.000,shockwave,practice,2026-09-16T14:18:06.7270312-04:00,4,1483,26.00782,15.9144,707.78,1306.63,0.000,0.000,0.8288,9.0437,18.3774,Left,0,0,0,0,0.0000,50.000,0,0.000,0,127.500,71.914,4.500,0.0300,0.5714,370.00,shockwave,60,450;300;200;100;50,1.5,3,0.5,1,2,1,10,0,100,-10,5,250,40,5,250,60,1,8,11,0,0.06,4,0.556,50,8,5
56,1,60,FrameTimeStutter,5.000,shockwave,practice,2026-09-16T14:18:06.7270312-04:00,4,1484,26.02508,17.2549,707.78,1306.63,0.000,0.000,0.8288,9.0437,18.3774,Left,0,0,0,0,0.0000,50.000,0,0.000,0,127.500,71.914,4.500,0.0300,0.5714,370.00,shockwave,60,450;300;200;100;50,1.5,3,0.5,1,2,1,10,0,100,-10,5,250,40,5,250,60,1,8,11,0,0.06,4,0.556,50,8,5
56,1,60,FrameTimeStutter,5.000,shockwave,practice,2026-09-16T14:18:06.7270312-04:00,4,1485,26.04157,16.4897,707.78,1306.63,0.000,0.000,0.8288,9.0437,18.3774,Left,0,0,0,0,0.0000,50.000,0,0.000,0,127.500,71.914,4.500,0.0300,0.5714,370.00,shockwave,60,450;300;200;100;50,1.5,3,0.5,1,2,1,10,0,100,-10,5,250,40,5,250,60,1,8,11,0,0.06,4,0.556,50,8,5
56,1,60,FrameTimeStutter,5.000,shockwave,practice,2026-09-16T14:18:06.7270312-04:00,4,1486,26.05875,17.1771,707.78,1306.63,0.000,0.000,0.8288,9.0437,18.3774,Left,0,0,0,0,0.0000,50.000,0,0.000,0,127.500,71.914,4.500,0.0300,0.5714,370.00,shockwave,60,450;300;200;100;50,1.5,3,0.5,1,2,1,10,0,100,-10,5,250,40,5,250,60,1,8,11,0,0.06,4,0.556,50,8,5
56,1,60,FrameTimeStutter,5.000,shockwave,practice,2026-09-16T14:18:06.7270312-04:00,4,1487,26.07520,16.4555,707.78,1306.63,0.000,0.000,0.8288,9.0437,18.3774,Left,0,0,0,0,0.0000,50.000,0,0.000,0,127.500,71.914,4.500,0.0300,0.5714,370.00,shockwave,60,450;300;200;100;50,1.5,3,0.5,1,2,1,10,0,100,-10,5,250,40,5,250,60,1,8,11,0,0.06,4,0.556,50,8,5
56,1,60,FrameTimeStutter,5.000,shockwave,practice,2026-09-16T14:18:06.7270312-04:00,4,1488,26.09155,16.3542,707.78,1306.63,0.000,0.000,0.8288,9.0437,18.3774,Left,0,0,0,0,0.0000,50.000,0,0.000,0,127.500,71.914,4.500,0.0300,0.5714,370.00,shockwave,60,450;300;200;100;50,1.5,3,0.5,1,2,1,10,0,100,-10,5,250,40,5,250,60,1,8,11,0,0.06,4,0.556,50,8,5
56,1,60,FrameTimeStutter,5.000,shockwave,practice,2026-09-16T14:18:06.7270312-04:00,4,1489,26.10882,17.2688,707.78,1306.63,0.000,0.000,0.8288,9.0437,18.3774,Left,0,0,0,0,0.0000,50.000,0,0.000,0,127.500,71.914,4.500,0.0300,0.5714,370.00,shockwave,60,450;300;200;100;50,1.5,3,0.5,1,2,1,10,0,100,-10,5,250,40,5,250,60,1,8,11,0,0.06,4,0.556,50,8,5
56,1,60,FrameTimeStutter,5.000,shockwave,practice,2026-09-16T14:18:06.7270312-04:00,4,1490,26.12487,16.0490,707.78,1306.63,0.000,0.000,0.8288,9.0437,18.3774,Left,0,0,0,0,0.0000,50.000,0,0.000,0,127.500,71.914,4.500,0.0300,0.5714,370.00,shockwave,60,450;300;200;100;50,1.5,3,0.5,1,2,1,10,0,100,-10,5,250,40,5,250,60,1,8,11,0,0.06,4,0.556,50,8,5
56,1,60,FrameTimeStutter,5.000,shockwave,practice,2026-09-16T14:18:06.7270312-04:00,4,1491,26.14168,16.8103,707.78,1306.63,0.000,0.000,0.8288,9.0437,18.3774,Left,0,0,0,0,0.0000,50.000,0,0.000,0,127.500,71.914,4.500,0.0300,0.5714,370.00,shockwave,60,450;300;200;100;50,1.5,3,0.5,1,2,1,10,0,100,-10,5,250,40,5,250,60,1,8,11,0,0.06,4,0.556,50,8,5
56,1,60,FrameTimeStutter,5.000,shockwave,practice,2026-09-16T14:18:06.7270312-04:00,4,1492,26.15856,16.8736,707.78,1306.63,0.000,0.000,0.8288,9.0437,18.3774,Left,0,0,0,0,0.0000,50.000,0,0.000,0,127.500,71.914,4.500,0.0300,0.5714,370.00,shockwave,60,450;300;200;100;50,1.5,3,0.5,1,2,1,10,0,100,-10,5,250,40,5,250,60,1,8,11,0,0.06,4,0.556,50,8,5
56,1,60,FrameTimeStutter,5.000,shockwave,practice,2026-09-16T14:18:06.7270312-04:00,4,1493,26.17496,16.4106,707.78,1306.63,0.000,0.000,0.8288,9.0437,18.3774,Left,0,0,0,0,0.0000,50.000,0,0.000,0,127.500,71.914,4.500,0.0300,0.5714,370.00,shockwave,60,450;300;200;100;50,1.5,3,0.5,1,2,1,10,0,100,-10,5,250,40,5,250,60,1,8,11,0,0.06,4,0.556,50,8,5
56,1,60,FrameTimeStutter,5.000,shockwave,practice,2026-09-16T14:18:06.7270312-04:00,4,1494,26.19192,16.9509,707.78,1306.63,0.000,0.000,0.8288,9.0437,18.3774,Left,0,0,0,0,0.0000,50.000,0,0.000,0,127.500,71.914,4.500,0.0300,0.5714,370.00,shockwave,60,450;300;200;100;50,1.5,3,0.5,1,2,1,10,0,100,-10,5,250,40,5,250,60,1,8,11,0,0.06,4,0.556,50,8,5
56,1,60,FrameTimeStutter,5.000,shockwave,practice,2026-09-16T14:18:06.7270312-04:00,4,1495,26.20829,16.3669,707.78,1306.63,0.000,0.000,0.8288,9.0437,18.3774,Left,0,0,0,0,0.0000,50.000,0,0.000,0,127.500,71.914,4.500,0.0300,0.5714,370.00,shockwave,60,450;300;200;100;50,1.5,3,0.5,1,2,1,10,0,100,-10,5,250,40,5,250,60,1,8,11,0,0.06,4,0.556,50,8,5
56,1,60,FrameTimeStutter,5.000,shockwave,practice,2026-09-16T14:18:06.7270312-04:00,4,1496,26.22546,17.1755,707.78,1306.63,0.000,0.000,0.8288,9.0437,18.3774,Left,0,0,0,0,0.0000,50.000,0,0.000,0,127.500,71.914,4.500,0.0300,0.5714,370.00,shockwave,60,450;300;200;100;50,1.5,3,0.5,1,2,1,10,0,100,-10,5,250,40,5,250,60,1,8,11,0,0.06,4,0.556,50,8,5
56,1,60,FrameTimeStutter,5.000,shockwave,practice,2026-09-16T14:18:06.7270312-04:00,4,1497,26.24161,16.1500,707.78,1306.63,0.000,0.000,0.8288,9.0437,18.3774,Left,0,0,0,0,0.0000,50.000,0,0.000,0,127.500,71.914,4.500,0.0300,0.5714,370.00,shockwave,60,450;300;200;100;50,1.5,3,0.5,1,2,1,10,0,100,-10,5,250,40,5,250,60,1,8,11,0,0.06,4,0.556,50,8,5
56,1,60,FrameTimeStutter,5.000,shockwave,practice,2026-09-16T14:18:06.7270312-04:00,4,1498,26.25835,16.7413,707.78,1306.63,0.000,0.000,0.8288,9.0437,18.3774,Left,0,0,0,0,0.0000,50.000,0,0.000,0,127.500,71.914,4.500,0.0300,0.5714,370.00,shockwave,60,450;300;200;100;50,1.5,3,0.5,1,2,1,10,0,100,-10,5,250,40,5,250,60,1,8,11,0,0.06,4,0.556,50,8,5
56,1,60,FrameTimeStutter,5.000,shockwave,practice,2026-09-16T14:18:06.7270312-04:00,4,1499,26.27532,16.9671,707.78,1306.63,0.000,0.000,0.8288,9.0437,18.3774,Left,0,0,0,0,0.0000,50.000,0,0.000,0,127.500,71.914,4.500,0.0300,0.5714,370.00,shockwave,60,450;300;200;100;50,1.5,3,0.5,1,2,1,10,0,100,-10,5,250,40,5,250,60,1,8,11,0,0.06,4,0.556,50,8,5
56,1,60,FrameTimeStutter,5.000,shockwave,practice,2026-09-16T14:18:06.7270312-04:00,4,1500,26.29158,16.2655,707.78,1306.63,0.000,0.000,0.8288,9.0437,18.3774,Left,0,0,0,0,0.0000,50.000,0,0.000,0,127.500,71.914,4.500,0.0300,0.5714,370.00,shockwave,60,450;300;200;100;50,1.5,3,0.5,1,2,1,10,0,100,-10,5,250,40,5,250,60,1,8,11,0,0.06,4,0.556,50,8,5
56,1,60,FrameTimeStutter,5.000,shockwave,practice,2026-09-16T14:18:06.7270312-04:00,4,1501,26.30802,16.4342,707.78,1306.63,0.000,0.000,0.8288,9.0437,18.3774,Left,0,0,0,0,0.0000,50.000,0,0.000,0,127.500,71.914,4.500,0.0300,0.5714,370.00,shockwave,60,450;300;200;100;50,1.5,3,0.5,1,2,1,10,0,100,-10,5,250,40,5,250,60,1,8,11,0,0.06,4,0.556,50,8,5
56,1,60,FrameTimeStutter,5.000,shockwave,practice,2026-09-16T14:18:06.7270312-04:00,4,1502,26.32487,16.8558,707.78,1306.63,0.000,0.000,0.8288,9.0437,18.3774,Left,0,0,0,0,0.0000,50.000,0,0.000,0,127.500,71.914,4.500,0.0300,0.5714,370.00,shockwave,60,450;300;200;100;50,1.5,3,0.5,1,2,1,10,0,100,-10,5,250,40,5,250,60,1,8,11,0,0.06,4,0.556,50,8,5
56,1,60,FrameTimeStutter,5.000,shockwave,practice,2026-09-16T14:18:06.7270312-04:00,4,1503,26.34178,16.9090,707.78,1306.63,0.000,0.000,0.8288,9.0437,18.3774,Left,0,0,0,0,0.0000,50.000,0,0.000,0,127.500,71.914,4.500,0.0300,0.5714,370.00,shockwave,60,450;300;200;100;50,1.5,3,0.5,1,2,1,10,0,100,-10,5,250,40,5,250,60,1,8,11,0,0.06,4,0.556,50,8,5
56,1,60,FrameTimeStutter,5.000,shockwave,practice,2026-09-16T14:18:06.7270312-04:00,4,1504,26.35821,16.4235,707.78,1306.63,0.000,0.000,0.8288,9.0437,18.3774,Left,0,0,0,0,0.0000,50.000,0,0.000,0,127.500,71.914,4.500,0.0300,0.5714,370.00,shockwave,60,450;300;200;100;50,1.5,3,0.5,1,2,1,10,0,100,-10,5,250,40,5,250,60,1,8,11,0,0.06,4,0.556,50,8,5
56,1,60,FrameTimeStutter,5.000,shockwave,practice,2026-09-16T14:18:06.7270312-04:00,4,1505,26.37486,16.6523,707.78,1306.63,0.000,0.000,0.8288,9.0437,18.3774,Left,0,0,0,0,0.0000,50.000,0,0.000,0,127.500,71.914,4.500,0.0300,0.5714,370.00,shockwave,60,450;300;200;100;50,1.5,3,0.5,1,2,1,10,0,100,-10,5,250,40,5,250,60,1,8,11,0,0.06,4,0.556,50,8,5
56,1,60,FrameTimeStutter,5.000,shockwave,practice,2026-09-16T14:18:06.7270312-04:00,4,1506,26.39189,17.0297,707.78,1306.63,0.000,0.000,0.8288,9.0437,18.3774,Left,0,0,0,0,0.0000,50.000,0,0.000,0,127.500,71.914,4.500,0.0300,0.5714,370.00,shockwave,60,450;300;200;100;50,1.5,3,0.5,1,2,1,10,0,100,-10,5,250,40,5,250,60,1,8,11,0,0.06,4,0.556,50,8,5
56,1,60,FrameTimeStutter,5.000,shockwave,practice,2026-09-16T14:18:06.7270312-04:00,4,1507,26.40850,16.6125,709.59,1306.63,1.000,0.000,0.8288,9.0437,18.3774,Left,0,0,0,0,0.0000,50.000,0,0.000,0,127.500,71.914,4.500,0.0300,0.5714,370.00,shockwave,60,450;300;200;100;50,1.5,3,0.5,1,2,1,10,0,100,-10,5,250,40,5,250,60,1,8,11,0,0.06,4,0.556,50,8,5
56,1,60,FrameTimeStutter,5.000,shockwave,practice,2026-09-16T14:18:06.7270312-04:00,4,1508,26.42492,16.4205,733.02,1304.83,13.000,-1.000,0.8288,9.0437,18.3774,Left,0,0,0,0,0.0000,50.000,0,0.000,0,127.500,71.914,4.500,0.0300,0.5714,370.00,shockwave,60,450;300;200;100;50,1.5,3,0.5,1,2,1,10,0,100,-10,5,250,40,5,250,60,1,8,11,0,0.06,4,0.556,50,8,5
56,1,60,FrameTimeStutter,5.000,shockwave,practice,2026-09-16T14:18:06.7270312-04:00,4,1509,26.44175,16.8275,792.49,1301.23,33.000,-2.000,0.8288,9.0437,18.3774,Left,0,0,0,0,0.0000,50.000,0,0.000,0,127.500,71.914,4.500,0.0300,0.5714,370.00,shockwave,60,450;300;200;100;50,1.5,3,0.5,1,2,1,10,0,100,-10,5,250,40,5,250,60,1,8,11,0,0.06,4,0.556,50,8,5
56,1,60,FrameTimeStutter,5.000,shockwave,practice,2026-09-16T14:18:06.7270312-04:00,4,1510,26.45777,16.0232,893.42,1299.42,56.000,-1.000,0.8288,9.0437,18.3774,Left,0,0,0,0,0.0000,50.000,0,0.000,0,127.500,71.914,4.500,0.0300,0.5714,370.00,shockwave,60,450;300;200;100;50,1.5,3,0.5,1,2,1,10,0,100,-10,5,250,40,5,250,60,1,8,11,0,0.06,4,0.556,50,8,5
56,1,60,FrameTimeStutter,5.000,shockwave,practice,2026-09-16T14:18:06.7270312-04:00,4,1511,26.47495,17.1781,1041.20,1301.23,82.000,1.000,0.8288,9.0437,18.3774,Left,0,0,0,0,0.0000,50.000,0,0.000,0,127.500,71.914,4.500,0.0300,0.5714,370.00,shockwave,60,450;300;200;100;50,1.5,3,0.5,1,2,1,10,0,100,-10,5,250,40,5,250,60,1,8,11,0,0.06,4,0.556,50,8,5
56,1,60,FrameTimeStutter,5.000,shockwave,practice,2026-09-16T14:18:06.7270312-04:00,4,1512,26.49203,17.0832,1264.68,1306.63,124.000,3.000,3.0962,9.0985,18.3774,Left,0,0,0,0,0.0000,50.000,0,0.000,0,127.500,71.914,4.500,0.0300,0.5714,370.00,shockwave,60,450;300;200;100;50,1.5,3,0.5,1,2,1,10,0,100,-10,5,250,40,5,250,60,1,8,11,0,0.06,4,0.556,50,8,5
56,1,60,FrameTimeStutter,5.000,shockwave,practice,2026-09-16T14:18:06.7270312-04:00,4,1513,26.50862,16.5867,1531.41,1310.24,148.000,2.000,5.8024,9.1351,18.3774,Left,0,0,0,0,0.0000,50.000,0,0.000,0,127.500,71.914,4.500,0.0300,0.5714,370.00,shockwave,60,450;300;200;100;50,1.5,3,0.5,1,2,1,10,0,100,-10,5,250,40,5,250,60,1,8,11,0,0.06,4,0.556,50,8,5
56,1,60,FrameTimeStutter,5.000,shockwave,practice,2026-09-16T14:18:06.7270312-04:00,4,1514,26.52496,16.3373,1817.97,1312.04,159.000,1.000,8.7098,9.1534,18.3774,Left,0,0,0,0,0.0000,50.000,0,0.000,0,127.500,71.914,4.500,0.0300,0.5714,370.00,shockwave,60,450;300;200;100;50,1.5,3,0.5,1,2,1,10,0,100,-10,5,250,40,5,250,60,1,8,11,0,0.06,4,0.556,50,8,5
56,1,60,FrameTimeStutter,5.000,shockwave,practice,2026-09-16T14:18:06.7270312-04:00,4,1515,26.54194,16.9803,2104.53,1315.65,159.000,2.000,11.6172,9.1899,18.3774,Left,0,0,0,0,0.0000,50.000,0,0.000,0,127.500,71.914,4.500,0.0300,0.5714,370.00,shockwave,60,450;300;200;100;50,1.5,3,0.5,1,2,1,10,0,100,-10,5,250,40,5,250,60,1,8,11,0,0.06,4,0.556,50,8,5
56,1,60,FrameTimeStutter,5.000,shockwave,practice,2026-09-16T14:18:06.7270312-04:00,4,1516,26.55840,16.4634,2353.24,1321.05,138.000,3.000,14.1405,9.2448,18.3774,Left,0,0,0,0,0.0000,50.000,0,0.000,0,127.500,71.914,4.500,0.0300,0.5714,370.00,shockwave,60,450;300;200;100;50,1.5,3,0.5,1,2,1,10,0,100,-10,5,250,40,5,250,60,1,8,11,0,0.06,4,0.556,50,8,5
56,1,60,FrameTimeStutter,5.000,shockwave,practice,2026-09-16T14:18:06.7270312-04:00,4,1517,26.57496,16.5595,2542.48,1322.85,105.000,1.000,16.0605,9.2631,18.3774,Left,0,0,0,0,0.0000,50.000,0,0.000,0,127.500,71.914,4.500,0.0300,0.5714,370.00,shockwave,60,450;300;200;100;50,1.5,3,0.5,1,2,1,10,0,100,-10,5,250,40,5,250,60,1,8,11,0,0.06,4,0.556,50,8,5
56,1,60,FrameTimeStutter,5.000,shockwave,practice,2026-09-16T14:18:06.7270312-04:00,4,1518,26.59145,16.4875,2558.70,1324.66,68.000,1.000,17.3039,9.2814,18.3774,Left,0,0,0,0,0.0000,50.000,0,0.000,0,127.500,71.914,4.500,0.0300,0.5714,370.00,shockwave,60,450;300;200;100;50,1.5,3,0.5,1,2,1,10,0,100,-10,5,250,40,5,250,60,1,8,11,0,0.06,4,0.556,50,8,5
56,1,60,FrameTimeStutter,5.000,shockwave,practice,2026-09-16T14:18:06.7270312-04:00,4,1519,26.60814,16.6888,2556.90,1321.05,22.000,-2.000,17.7061,9.2448,18.3774,Left,0,0,0,0,0.0000,50.000,0,0.000,0,127.500,71.914,4.500,0.0300,0.5714,370.00,shockwave,60,450;300;200;100;50,1.5,3,0.5,1,2,1,10,0,100,-10,5,250,40,5,250,60,1,8,11,0,0.06,4,0.556,50,8,5
56,1,60,FrameTimeStutter,5.000,shockwave,practice,2026-09-16T14:18:06.7270312-04:00,4,1520,26.62516,17.0226,2526.26,1315.65,-17.000,-3.000,17.3953,9.1899,18.3774,Left,0,0,0,0,0.0000,50.000,0,0.000,0,127.500,71.914,4.500,0.0300,0.5714,370.00,shockwave,60,450;300;200;100;50,1.5,3,0.5,1,2,1,10,0,100,-10,5,250,40,5,250,60,1,8,11,0,0.06,4,0.556,50,8,5
56,1,60,FrameTimeStutter,5.000,shockwave,practice,2026-09-16T14:18:06.7270312-04:00,4,1521,26.64215,16.9955,2418.12,1304.83,-60.000,-6.000,16.2982,9.0802,18.3774,Left,0,0,0,0,0.0000,50.000,0,0.000,0,127.500,71.914,4.500,0.0300,0.5714,370.00,shockwave,60,450;300;200;100;50,1.5,3,0.5,1,2,1,10,0,100,-10,5,250,40,5,250,60,1,8,11,0,0.06,4,0.556,50,8,5
56,1,60,FrameTimeStutter,5.000,shockwave,practice,2026-09-16T14:18:06.7270312-04:00,4,1522,26.65968,17.5256,2223.48,1295.82,-108.000,-5.000,14.3234,8.9888,18.3774,Left,0,0,0,0,0.0000,50.000,0,0.000,0,127.500,71.914,4.500,0.0300,0.5714,370.00,shockwave,60,450;300;200;100;50,1.5,3,0.5,1,2,1,10,0,100,-10,5,250,40,5,250,60,1,8,11,0,0.06,4,0.556,50,8,5
56,1,60,FrameTimeStutter,5.000,shockwave,practice,2026-09-16T14:18:06.7270312-04:00,4,1523,26.67503,15.3444,1981.98,1294.02,-134.000,-1.000,11.8732,8.9705,18.3774,Left,0,0,0,0,0.0000,50.000,0,0.000,0,127.500,71.914,4.500,0.0300,0.5714,370.00,shockwave,60,450;300;200;100;50,1.5,3,0.5,1,2,1,10,0,100,-10,5,250,40,5,250,60,1,8,11,0,0.06,4,0.556,50,8,5
56,1,60,FrameTimeStutter,5.000,shockwave,practice,2026-09-16T14:18:06.7270312-04:00,4,1524,26.69120,16.1703,1697.22,1295.82,-158.000,1.000,8.9841,8.9888,18.3774,Left,0,0,0,0,0.0000,50.000,0,0.000,0,127.500,71.914,4.500,0.0300,0.5714,370.00,shockwave,60,450;300;200;100;50,1.5,3,0.5,1,2,1,10,0,100,-10,5,250,40,5,250,60,1,8,11,0,0.06,4,0.556,50,8,5
56,1,60,FrameTimeStutter,5.000,shockwave,practice,2026-09-16T14:18:06.7270312-04:00,4,1525,26.70935,18.1538,1423.28,1303.03,-152.000,4.000,6.2047,9.0619,18.3774,Left,0,0,0,0,0.0000,50.000,0,0.000,0,127.500,71.914,4.500,0.0300,0.5714,370.00,shockwave,60,450;300;200;100;50,1.5,3,0.5,1,2,1,10,0,100,-10,5,250,40,5,250,60,1,8,11,0,0.06,4,0.556,50,8,5
56,1,60,FrameTimeStutter,5.000,shockwave,practice,2026-09-16T14:18:06.7270312-04:00,4,1526,26.72542,16.0673,1170.96,1310.24,-140.000,4.000,3.6448,9.1351,18.3774,Left,0,0,0,0,0.0000,50.000,0,0.000,0,127.500,71.914,4.500,0.0300,0.5714,370.00,shockwave,60,450;300;200;100;50,1.5,3,0.5,1,2,1,10,0,100,-10,5,250,40,5,250,60,1,8,11,0,0.06,4,0.556,50,8,5
56,1,60,FrameTimeStutter,5.000,shockwave,practice,2026-09-16T14:18:06.7270312-04:00,4,1527,26.75454,29.1283,742.03,1328.26,-238.000,10.000,-0.7071,9.3179,18.3774,Left,0,0,0,0,0.0000,50.000,0,0.000,0,127.500,71.914,4.500,0.0300,0.5714,370.00,shockwave,60,450;300;200;100;50,1.5,3,0.5,1,2,1,10,0,100,-10,5,250,40,5,250,60,1,8,11,0,0.06,4,0.556,50,8,5
56,1,60,FrameTimeStutter,5.000,shockwave,practice,2026-09-16T14:18:06.7270312-04:00,4,1528,26.76254,7.9952,648.31,1333.67,-52.000,3.000,-1.6579,9.3728,18.3774,Left,0,0,0,0,0.0000,50.000,0,0.000,0,127.500,71.914,4.500,0.0300,0.5714,370.00,shockwave,60,450;300;200;100;50,1.5,3,0.5,1,2,1,10,0,100,-10,5,250,40,5,250,60,1,8,11,0,0.06,4,0.556,50,8,5
56,1,60,FrameTimeStutter,5.000,shockwave,practice,2026-09-16T14:18:06.7270312-04:00,4,1529,26.78011,17.5658,484.31,1344.48,-91.000,6.000,-3.3219,9.4825,18.3774,Left,0,0,0,0,0.0000,50.000,0,0.000,0,127.500,71.914,4.500,0.0300,0.5714,370.00,shockwave,60,450;300;200;100;50,1.5,3,0.5,1,2,1,10,0,100,-10,5,250,40,5,250,60,1,8,11,0,0.06,4,0.556,50,8,5
56,1,60,FrameTimeStutter,5.000,shockwave,practice,2026-09-16T14:18:06.7270312-04:00,4,1530,26.79665,16.5410,363.55,1353.49,-67.000,5.000,-4.5470,9.5739,18.3774,Left,0,0,0,0,0.0000,50.000,0,0.000,0,127.500,71.914,4.500,0.0300,0.5714,370.00,shockwave,60,450;300;200;100;50,1.5,3,0.5,1,2,1,10,0,100,-10,5,250,40,5,250,60,1,8,11,0,0.06,4,0.556,50,8,5
56,1,60,FrameTimeStutter,5.000,shockwave,practice,2026-09-16T14:18:06.7270312-04:00,4,1531,26.81320,16.5521,323.90,1355.29,-22.000,1.000,-4.9493,9.5922,18.3774,Left,0,0,0,0,0.0000,50.000,0,0.000,0,127.500,71.914,4.500,0.0300,0.5714,370.00,shockwave,60,450;300;200;100;50,1.5,3,0.5,1,2,1,10,0,100,-10,5,250,40,5,250,60,1,8,11,0,0.06,4,0.556,50,8,5
56,1,60,FrameTimeStutter,5.000,shockwave,practice,2026-09-16T14:18:06.7270312-04:00,4,1532,26.83017,16.9664,327.51,1355.29,2.000,0.000,-4.9127,9.5922,18.3774,Left,0,0,0,0,0.0000,50.000,0,0.000,0,127.500,71.914,4.500,0.0300,0.5714,370.00,shockwave,60,450;300;200;100;50,1.5,3,0.5,1,2,1,10,0,100,-10,5,250,40,5,250,60,1,8,11,0,0.06,4,0.556,50,8,5
56,1,60,FrameTimeStutter,5.000,shockwave,practice,2026-09-16T14:18:06.7270312-04:00,4,1533,26.84614,15.9757,352.74,1355.29,14.000,0.000,-4.6567,9.5922,18.3774,Left,0,0,0,0,0.0000,50.000,0,0.000,0,127.500,71.914,4.500,0.0300,0.5714,370.00,shockwave,60,450;300;200;100;50,1.5,3,0.5,1,2,1,10,0,100,-10,5,250,40,5,250,60,1,8,11,0,0.06,4,0.556,50,8,5
56,1,60,FrameTimeStutter,5.000,shockwave,practice,2026-09-16T14:18:06.7270312-04:00,4,1534,26.86309,16.9490,410.41,1355.29,32.000,0.000,-4.0716,9.5922,18.3774,Left,0,0,0,0,0.0000,50.000,0,0.000,0,127.500,71.914,4.500,0.0300,0.5714,370.00,shockwave,60,450;300;200;100;50,1.5,3,0.5,1,2,1,10,0,100,-10,5,250,40,5,250,60,1,8,11,0,0.06,4,0.556,50,8,5
56,1,60,FrameTimeStutter,5.000,shockwave,practice,2026-09-16T14:18:06.7270312-04:00,4,1535,26.88028,17.1878,583.43,1351.69,96.000,-2.000,-2.3162,9.5556,18.3774,Left,0,0,0,0,0.0000,50.000,0,0.000,0,127.500,71.914,4.500,0.0300,0.5714,370.00,shockwave,60,450;300;200;100;50,1.5,3,0.5,1,2,1,10,0,100,-10,5,250,40,5,250,60,1,8,11,0,0.06,4,0.556,50,8,5
56,1,60,FrameTimeStutter,5.000,shockwave,practice,2026-09-16T14:18:06.7270312-04:00,4,1536,26.89637,16.0960,783.48,1337.27,111.000,-8.000,-0.2865,9.4093,18.3774,Left,0,0,0,0,0.0000,50.000,0,0.000,0,127.500,71.914,4.500,0.0300,0.5714,370.00,shockwave,60,450;300;200;100;50,1.5,3,0.5,1,2,1,10,0,100,-10,5,250,40,5,250,60,1,8,11,0,0.06,4,0.556,50,8,5
56,1,60,FrameTimeStutter,5.000,shockwave,practice,2026-09-16T14:18:06.7270312-04:00,4,1537,26.91336,16.9866,1070.04,1313.84,159.000,-13.000,2.6208,9.1716,18.3774,Left,0,0,0,0,0.0000,50.000,0,0.000,0,127.500,71.914,4.500,0.0300,0.5714,370.00,shockwave,60,450;300;200;100;50,1.5,3,0.5,1,2,1,10,0,100,-10,5,250,40,5,250,60,1,8,11,0,0.06,4,0.556,50,8,5
56,1,60,FrameTimeStutter,5.000,shockwave,practice,2026-09-16T14:18:06.7270312-04:00,4,1538,26.92982,16.4653,1401.65,1290.41,184.000,-13.000,5.9853,8.9339,18.3774,Left,0,0,0,0,0.0000,50.000,0,0.000,0,127.500,71.914,4.500,0.0300,0.5714,370.00,shockwave,60,450;300;200;100;50,1.5,3,0.5,1,2,1,10,0,100,-10,5,250,40,5,250,60,1,8,11,0,0.06,4,0.556,50,8,5
56,1,60,FrameTimeStutter,5.000,shockwave,practice,2026-09-16T14:18:06.7270312-04:00,4,1539,26.94656,16.7290,1758.50,1276.00,198.000,-8.000,9.6058,8.7876,18.3774,Left,0,0,0,0,0.0000,50.000,0,0.000,0,127.500,71.914,4.500,0.0300,0.5714,370.00,shockwave,60,450;300;200;100;50,1.5,3,0.5,1,2,1,10,0,100,-10,5,250,40,5,250,60,1,8,11,0,0.06,4,0.556,50,8,5
56,1,60,FrameTimeStutter,5.000,shockwave,practice,2026-09-16T14:18:06.7270312-04:00,4,1540,26.96275,16.1926,2091.92,1272.39,185.000,-2.000,12.9886,8.7510,18.3774,Left,0,0,0,0,0.0000,50.000,0,0.000,0,127.500,71.914,4.500,0.0300,0.5714,370.00,shockwave,60,450;300;200;100;50,1.5,3,0.5,1,2,1,10,0,100,-10,5,250,40,5,250,60,1,8,11,0,0.06,4,0.556,50,8,5
56,1,60,FrameTimeStutter,5.000,shockwave,practice,2026-09-16T14:18:06.7270312-04:00,4,1541,26.97947,16.7257,2358.65,1276.00,148.000,2.000,15.6948,8.7876,18.3774,Left,0,0,0,0,0.0000,50.000,0,0.000,0,127.500,71.914,4.500,0.0300,0.5714,370.00,shockwave,60,450;300;200;100;50,1.5,3,0.5,1,2,1,10,0,100,-10,5,250,40,5,250,60,1,8,11,0,0.06,4,0.556,50,8,5
56,1,60,FrameTimeStutter,5.000,shockwave,practice,2026-09-16T14:18:06.7270312-04:00,4,1542,26.99635,16.8771,2558.70,1281.40,119.000,3.000,17.8707,8.8424,18.3774,Left,0,0,0,0,0.0000,50.000,0,0.000,0,127.500,71.914,4.500,0.0300,0.5714,370.00,shockwave,60,450;300;200;100;50,1.5,3,0.5,1,2,1,10,0,100,-10,5,250,40,5,250,60,1,8,11,0,0.06,4,0.556,50,8,5
56,1,60,FrameTimeStutter,5.000,shockwave,practice,2026-09-16T14:18:06.7270312-04:00,4,1543,27.01283,16.4789,2558.70,1283.20,69.000,1.000,19.1324,8.8607,18.3774,Left,0,0,0,0,0.0000,50.000,0,0.000,0,127.500,71.914,4.500,0.0300,0.5714,370.00,shockwave,60,450;300;200;100;50,1.5,3,0.5,1,2,1,10,0,100,-10,5,250,40,5,250,60,1,8,11,0,0.06,4,0.556,50,8,5
56,1,60,FrameTimeStutter,5.000,shockwave,practice,2026-09-16T14:18:06.7270312-04:00,4,1544,27.02967,16.8440,2556.90,1283.20,11.000,0.000,19.3335,8.8607,18.3774,Right,0,0,0,0,0.0000,50.000,0,0.000,0,127.500,71.914,4.500,0.0300,0.5714,370.00,shockwave,60,450;300;200;100;50,1.5,3,0.5,1,2,1,10,0,100,-10,5,250,40,5,250,60,1,8,11,0,0.06,4,0.556,50,8,5
56,1,60,FrameTimeStutter,5.000,shockwave,practice,2026-09-16T14:18:06.7270312-04:00,4,1545,27.04623,16.5575,2524.46,1283.20,-18.000,0.000,19.0044,8.8607,18.3774,Right,0,0,0,0,0.0000,50.000,0,0.000,0,127.500,71.914,4.500,0.0300,0.5714,370.00,shockwave,60,450;300;200;100;50,1.5,3,0.5,1,2,1,10,0,100,-10,5,250,40,5,250,60,1,8,11,0,0.06,4,0.556,50,8,5
56,1,60,FrameTimeStutter,5.000,shockwave,practice,2026-09-16T14:18:06.7270312-04:00,4,1546,27.06306,16.8326,2416.32,1283.20,-60.000,0.000,17.9073,8.8607,18.3774,Right,0,0,0,0,0.0000,50.000,0,0.000,0,127.500,71.914,4.500,0.0300,0.5714,370.00,shockwave,60,450;300;200;100;50,1.5,3,0.5,1,2,1,10,0,100,-10,5,250,40,5,250,60,1,8,11,0,0.06,4,0.556,50,8,5
56,1,60,FrameTimeStutter,5.000,shockwave,practice,2026-09-16T14:18:06.7270312-04:00,4,1547,27.07970,16.6422,2227.08,1288.61,-105.000,3.000,15.9873,8.9156,18.3774,Left,0,0,0,0,0.0000,50.000,0,0.000,0,127.500,71.914,4.500,0.0300,0.5714,370.00,shockwave,60,450;300;200;100;50,1.5,3,0.5,1,2,1,10,0,100,-10,5,250,40,5,250,60,1,8,11,0,0.06,4,0.556,50,8,5
56,1,60,FrameTimeStutter,5.000,shockwave,practice,2026-09-16T14:18:06.7270312-04:00,4,1548,27.09635,16.6458,1816.17,1299.42,-228.000,6.000,11.8183,9.0253,18.3774,Left,0,0,0,0,0.0000,50.000,0,0.000,0,127.500,71.914,4.500,0.0300,0.5714,370.00,shockwave,60,450;300;200;100;50,1.5,3,0.5,1,2,1,10,0,100,-10,5,250,40,5,250,60,1,8,11,0,0.06,4,0.556,50,8,5
56,1,60,FrameTimeStutter,5.000,shockwave,practice,2026-09-16T14:18:06.7270312-04:00,4,1549,27.11322,16.8744,1517.00,1306.63,-166.000,4.000,8.7830,9.0984,18.3774,Left,0,0,0,0,0.0000,50.000,0,0.000,0,127.500,71.914,4.500,0.0300,0.5714,370.00,shockwave,60,450;300;200;100;50,1.5,3,0.5,1,2,1,10,0,100,-10,5,250,40,5,250,60,1,8,11,0,0.06,4,0.556,50,8,5
56,1,60,FrameTimeStutter,5.000,shockwave,practice,2026-09-16T14:18:06.7270312-04:00,4,1550,27.13007,16.8392,1216.02,1310.24,-167.000,2.000,5.7293,9.1350,18.3774,Left,0,0,0,0,0.0000,50.000,0,0.000,0,127.500,71.914,4.500,0.0300,0.5714,370.00,shockwave,60,450;300;200;100;50,1.5,3,0.5,1,2,1,10,0,100,-10,5,250,40,5,250,60,1,8,11,0,0.06,4,0.556,50,8,5
56,1,60,FrameTimeStutter,5.000,shockwave,practice,2026-09-16T14:18:06.7270312-04:00,4,1551,27.14653,16.4626,911.44,1310.24,-169.000,0.000,2.6391,9.1350,18.3774,Left,0,0,0,0,0.0000,50.000,0,0.000,0,127.500,71.914,4.500,0.0300,0.5714,370.00,shockwave,60,450;300;200;100;50,1.5,3,0.5,1,2,1,10,0,100,-10,5,250,40,5,250,60,1,8,11,0,0.06,4,0.556,50,8,5
56,1,60,FrameTimeStutter,5.000,shockwave,practice,2026-09-16T14:18:06.7270312-04:00,4,1552,27.16315,16.6242,606.86,1308.44,-169.000,-1.000,-0.4511,9.1167,18.3774,Left,0,0,0,0,0.0000,50.000,0,0.000,0,127.500,71.914,4.500,0.0300,0.5714,370.00,shockwave,60,450;300;200;100;50,1.5,3,0.5,1,2,1,10,0,100,-10,5,250,40,5,250,60,1,8,11,0,0.06,4,0.556,50,8,5
56,1,60,FrameTimeStutter,5.000,shockwave,practice,2026-09-16T14:18:06.7270312-04:00,4,1553,27.17999,16.8321,349.14,1306.63,-143.000,-1.000,-3.0659,9.0984,18.3774,Left,0,0,0,0,0.0000,50.000,0,0.000,0,127.500,71.914,4.500,0.0300,0.5714,370.00,shockwave,60,450;300;200;100;50,1.5,3,0.5,1,2,1,10,0,100,-10,5,250,40,5,250,60,1,8,11,0,0.06,4,0.556,50,8,5
56,1,60,FrameTimeStutter,5.000,shockwave,practice,2026-09-16T14:18:06.7270312-04:00,4,1554,27.19617,16.1911,147.28,1301.23,-112.000,-3.000,-5.1139,9.0435,18.3774,Left,0,0,0,0,0.0000,50.000,0,0.000,0,127.500,71.914,4.500,0.0300,0.5714,370.00,shockwave,60,450;300;200;100;50,1.5,3,0.5,1,2,1,10,0,100,-10,5,250,40,5,250,60,1,8,11,0,0.06,4,0.556,50,8,5
56,1,60,FrameTimeStutter,5.000,shockwave,practice,2026-09-16T14:18:06.7270312-04:00,4,1555,27.21303,16.8566,46.36,1297.62,-56.000,-2.000,-6.1378,9.0070,18.3774,Left,0,0,0,0,0.0000,50.000,0,0.000,0,127.500,71.914,4.500,0.0300,0.5714,370.00,shockwave,60,450;300;200;100;50,1.5,3,0.5,1,2,1,10,0,100,-10,5,250,40,5,250,60,1,8,11,0,0.06,4,0.556,50,8,5
56,1,60,FrameTimeStutter,5.000,shockwave,practice,2026-09-16T14:18:06.7270312-04:00,4,1556,27.23010,17.0677,35.54,1295.82,-6.000,-1.000,-6.2476,8.9887,18.3774,Left,0,0,0,0,0.0000,50.000,0,0.000,0,127.500,71.914,4.500,0.0300,0.5714,370.00,shockwave,60,450;300;200;100;50,1.5,3,0.5,1,2,1,10,0,100,-10,5,250,40,5,250,60,1,8,11,0,0.06,4,0.556,50,8,5
56,1,60,FrameTimeStutter,5.000,shockwave,practice,2026-09-16T14:18:06.7270312-04:00,4,1557,27.24627,16.1691,64.38,1295.82,16.000,0.000,-5.9550,8.9887,18.3774,Left,0,0,0,0,0.0000,50.000,0,0.000,0,127.500,71.914,4.500,0.0300,0.5714,370.00,shockwave,60,450;300;200;100;50,1.5,3,0.5,1,2,1,10,0,100,-10,5,250,40,5,250,60,1,8,11,0,0.06,4,0.556,50,8,5
56,1,60,FrameTimeStutter,5.000,shockwave,practice,2026-09-16T14:18:06.7270312-04:00,4,1558,27.26326,16.9893,138.27,1295.82,41.000,0.000,-5.2053,8.9887,18.3774,Left,0,0,0,0,0.0000,50.000,0,0.000,0,127.500,71.914,4.500,0.0300,0.5714,370.00,shockwave,60,450;300;200;100;50,1.5,3,0.5,1,2,1,10,0,100,-10,5,250,40,5,250,60,1,8,11,0,0.06,4,0.556,50,8,5
56,1,60,FrameTimeStutter,5.000,shockwave,practice,2026-09-16T14:18:06.7270312-04:00,4,1559,27.28019,16.9327,359.95,1297.62,123.000,1.000,-2.9563,9.0070,18.3774,Left,0,0,0,0,0.0000,50.000,0,0.000,0,127.500,71.914,4.500,0.0300,0.5714,370.00,shockwave,60,450;300;200;100;50,1.5,3,0.5,1,2,1,10,0,100,-10,5,250,40,5,250,60,1,8,11,0,0.06,4,0.556,50,8,5
56,1,60,FrameTimeStutter,5.000,shockwave,practice,2026-09-16T14:18:06.7270312-04:00,4,1560,27.29683,16.6341,578.02,1294.02,121.000,-2.000,-0.7438,8.9704,18.3774,Left,0,0,0,0,0.0000,50.000,0,0.000,0,127.500,71.914,4.500,0.0300,0.5714,370.00,shockwave,60,450;300;200;100;50,1.5,3,0.5,1,2,1,10,0,100,-10,5,250,40,5,250,60,1,8,11,0,0.06,4,0.556,50,8,5
56,1,60,FrameTimeStutter,5.000,shockwave,practice,2026-09-16T14:18:06.7270312-04:00,4,1561,27.31285,16.0261,875.39,1281.40,165.000,-7.000,2.2733,8.8424,18.3774,Left,0,0,0,0,0.0000,50.000,0,0.000,0,127.500,71.914,4.500,0.0300,0.5714,370.00,shockwave,60,450;300;200;100;50,1.5,3,0.5,1,2,1,10,0,100,-10,5,250,40,5,250,60,1,8,11,0,0.06,4,0.556,50,8,5
56,1,60,FrameTimeStutter,5.000,shockwave,practice,2026-09-16T14:18:06.7270312-04:00,4,1562,27.33014,17.2859,1194.39,1270.59,177.000,-6.000,5.5098,8.7327,18.3774,Left,0,0,0,0,0.0000,50.000,0,0.000,0,127.500,71.914,4.500,0.0300,0.5714,370.00,shockwave,60,450;300;200;100;50,1.5,3,0.5,1,2,1,10,0,100,-10,5,250,40,5,250,60,1,8,11,0,0.06,4,0.556,50,8,5
56,1,60,FrameTimeStutter,5.000,shockwave,practice,2026-09-16T14:18:06.7270312-04:00,4,1563,27.34573,15.5975,1498.97,1263.38,169.000,-4.000,8.6000,8.6595,18.3774,Left,0,0,0,0,0.0000,50.000,0,0.000,0,127.500,71.914,4.500,0.0300,0.5714,370.00,shockwave,60,450;300;200;100;50,1.5,3,0.5,1,2,1,10,0,100,-10,5,250,40,5,250,60,1,8,11,0,0.06,4,0.556,50,8,5
56,1,60,FrameTimeStutter,5.000,shockwave,practice,2026-09-16T14:18:06.7270312-04:00,4,1564,27.36262,16.8841,1783.73,1261.58,158.000,-1.000,11.4891,8.6412,18.3774,Left,0,0,0,0,0.0000,50.000,0,0.000,0,127.500,71.914,4.500,0.0300,0.5714,370.00,shockwave,60,450;300;200;100;50,1.5,3,0.5,1,2,1,10,0,100,-10,5,250,40,5,250,60,1,8,11,0,0.06,4,0.556,50,8,5
56,1,60,FrameTimeStutter,5.000,shockwave,practice,2026-09-16T14:18:06.7270312-04:00,4,1565,27.37956,16.9396,1981.98,1259.78,110.000,-1.000,13.5005,8.6230,18.3774,Left,0,0,0,0,0.0000,50.000,0,0.000,0,127.500,71.914,4.500,0.0300,0.5714,370.00,shockwave,60,450;300;200;100;50,1.5,3,0.5,1,2,1,10,0,100,-10,5,250,40,5,250,60,1,8,11,0,0.06,4,0.556,50,8,5
56,1,60,FrameTimeStutter,5.000,shockwave,practice,2026-09-16T14:18:06.7270312-04:00,4,1566,27.39621,16.6471,2097.32,1257.97,64.000,-1.000,14.6707,8.6047,18.3774,Left,0,0,0,0,0.0000,50.000,0,0.000,0,127.500,71.914,4.500,0.0300,0.5714,370.00,shockwave,60,450;300;200;100;50,1.5,3,0.5,1,2,1,10,0,100,-10,5,250,40,5,250,60,1,8,11,0,0.06,4,0.556,50,8,5
56,1,60,FrameTimeStutter,5.000,shockwave,practice,2026-09-16T14:18:06.7270312-04:00,4,1567,27.41289,16.6867,2126.16,1256.17,16.000,-1.000,14.9633,8.5864,18.3774,Left,0,0,0,0,0.0000,50.000,0,0.000,0,127.500,71.914,4.500,0.0300,0.5714,370.00,shockwave,60,450;300;200;100;50,1.5,3,0.5,1,2,1,10,0,100,-10,5,250,40,5,250,60,1,8,11,0,0.06,4,0.556,50,8,5
56,1,60,FrameTimeStutter,5.000,shockwave,practice,2026-09-16T14:18:06.7270312-04:00,4,1568,27.43018,17.2881,2106.33,1252.57,-11.000,-2.000,14.7622,8.5498,18.3774,Left,0,0,0,0,0.0000,50.000,0,0.000,0,127.500,71.914,4.500,0.0300,0.5714,370.00,shockwave,60,450;300;200;100;50,1.5,3,0.5,1,2,1,10,0,100,-10,5,250,40,5,250,60,1,8,11,0,0.06,4,0.556,50,8,5
56,1,60,FrameTimeStutter,5.000,shockwave,practice,2026-09-16T14:18:06.7270312-04:00,4,1569,27.44637,16.1916,2018.02,1245.36,-49.000,-4.000,13.8662,8.4767,18.3774,Left,0,0,0,0,0.0000,50.000,0,0.000,0,127.500,71.914,4.500,0.0300,0.5714,370.00,shockwave,60,450;300;200;100;50,1.5,3,0.5,1,2,1,10,0,100,-10,5,250,40,5,250,60,1,8,11,0,0.06,4,0.556,50,8,5
56,1,60,FrameTimeStutter,5.000,shockwave,practice,2026-09-16T14:18:06.7270312-04:00,4,1570,27.46330,16.9332,1819.78,1238.15,-110.000,-4.000,11.8548,8.4035,18.3774,Left,0,0,0,0,0.0000,50.000,0,0.000,0,127.500,71.914,4.500,0.0300,0.5714,370.00,shockwave,60,450;300;200;100;50,1.5,3,0.5,1,2,1,10,0,100,-10,5,250,40,5,250,60,1,8,11,0,0.06,4,0.556,50,8,5
56,1,60,FrameTimeStutter,5.000,shockwave,practice,2026-09-16T14:18:06.7270312-04:00,4,1571,27.48026,16.9555,1398.05,1238.15,-234.000,0.000,7.5760,8.4035,18.3774,Left,0,0,0,0,0.0000,50.000,0,0.000,0,127.500,71.914,4.500,0.0300,0.5714,370.00,shockwave,60,450;300;200;100;50,1.5,3,0.5,1,2,1,10,0,100,-10,5,250,40,5,250,60,1,8,11,0,0.06,4,0.556,50,8,5
56,1,60,FrameTimeStutter,5.000,shockwave,practice,2026-09-16T14:18:06.7270312-04:00,4,1572,27.49619,15.9328,1093.47,1245.36,-169.000,4.000,4.4858,8.4766,18.3774,Left,0,0,0,0,0.0000,50.000,0,0.000,0,127.500,71.914,4.500,0.0300,0.5714,370.00,shockwave,60,450;300;200;100;50,1.5,3,0.5,1,2,1,10,0,100,-10,5,250,40,5,250,60,1,8,11,0,0.06,4,0.556,50,8,5
56,1,60,FrameTimeStutter,5.000,shockwave,practice,2026-09-16T14:18:06.7270312-04:00,4,1573,27.51361,17.4210,788.89,1256.17,-169.000,6.000,1.3956,8.5863,18.3774,Left,0,0,0,0,0.0000,50.000,0,0.000,0,127.500,71.914,4.500,0.0300,0.5714,370.00,shockwave,60,450;300;200;100;50,1.5,3,0.5,1,2,1,10,0,100,-10,5,250,40,5,250,60,1,8,11,0,0.06,4,0.556,50,8,5
56,1,60,FrameTimeStutter,5.000,shockwave,practice,2026-09-16T14:18:06.7270312-04:00,4,1574,27.52953,15.9154,518.55,1263.38,-150.000,4.000,-1.3472,8.6595,18.3774,Left,0,0,0,0,0.0000,50.000,0,0.000,0,127.500,71.914,4.500,0.0300,0.5714,370.00,shockwave,60,450;300;200;100;50,1.5,3,0.5,1,2,1,10,0,100,-10,5,250,40,5,250,60,1,8,11,0,0.06,4,0.556,50,8,5
56,1,60,FrameTimeStutter,5.000,shockwave,practice,2026-09-16T14:18:06.7270312-04:00,4,1575,27.54682,17.2893,268.04,1268.79,-139.000,3.000,-3.8888,8.7143,18.3774,Left,0,0,0,0,0.0000,50.000,0,0.000,0,127.500,71.914,4.500,0.0300,0.5714,370.00,shockwave,60,450;300;200;100;50,1.5,3,0.5,1,2,1,10,0,100,-10,5,250,40,5,250,60,1,8,11,0,0.06,4,0.556,50,8,5
56,1,60,FrameTimeStutter,5.000,shockwave,practice,2026-09-16T14:18:06.7270312-04:00,4,1576,27.56313,16.3070,77.00,1272.39,-106.000,2.000,-5.8271,8.7509,18.3774,Left,0,0,0,0,0.0000,50.000,0,0.000,0,127.500,71.914,4.500,0.0300,0.5714,370.00,shockwave,60,450;300;200;100;50,1.5,3,0.5,1,2,1,10,0,100,-10,5,250,40,5,250,60,1,8,11,0,0.06,4,0.556,50,8,5
56,1,60,FrameTimeStutter,5.000,shockwave,practice,2026-09-16T14:18:06.7270312-04:00,4,1577,27.57983,16.7071,-0.50,1276.00,-72.000,2.000,-7.1437,8.7875,18.3774,Left,0,0,0,0,0.0000,50.000,0,0.000,0,127.500,71.914,4.500,0.0300,0.5714,370.00,shockwave,60,450;300;200;100;50,1.5,3,0.5,1,2,1,10,0,100,-10,5,250,40,5,250,60,1,8,11,0,0.06,4,0.556,50,8,5
56,1,60,FrameTimeStutter,5.000,shockwave,practice,2026-09-16T14:18:06.7270312-04:00,4,1578,27.59656,16.7250,-0.50,1277.80,-36.000,1.000,-7.8020,8.8057,18.3774,Left,0,0,0,0,0.0000,50.000,0,0.000,0,127.500,71.914,4.500,0.0300,0.5714,370.00,shockwave,60,450;300;200;100;50,1.5,3,0.5,1,2,1,10,0,100,-10,5,250,40,5,250,60,1,8,11,0,0.06,4,0.556,50,8,5
56,1,60,FrameTimeStutter,5.000,shockwave,practice,2026-09-16T14:18:06.7270312-04:00,4,1579,27.61285,16.2978,-0.50,1277.80,-3.000,0.000,-7.8568,8.8057,18.3774,Left,0,0,0,0,0.0000,50.000,0,0.000,0,127.500,71.914,4.500,0.0300,0.5714,370.00,shockwave,60,450;300;200;100;50,1.5,3,0.5,1,2,1,10,0,100,-10,5,250,40,5,250,60,1,8,11,0,0.06,4,0.556,50,8,5
56,1,60,FrameTimeStutter,5.000,shockwave,practice,2026-09-16T14:18:06.7270312-04:00,4,1580,27.62949,16.6389,3.10,1277.80,2.000,0.000,-7.8202,8.8057,18.3774,Left,0,0,0,0,0.0000,50.000,0,0.000,0,127.500,71.914,4.500,0.0300,0.5714,370.00,shockwave,60,450;300;200;100;50,1.5,3,0.5,1,2,1,10,0,100,-10,5,250,40,5,250,60,1,8,11,0,0.06,4,0.556,50,8,5
56,1,60,FrameTimeStutter,5.000,shockwave,practice,2026-09-16T14:18:06.7270312-04:00,4,1581,27.64671,17.2154,39.15,1277.80,20.000,0.000,-7.4545,8.8057,18.3774,Left,0,0,0,0,0.0000,50.000,0,0.000,0,127.500,71.914,4.500,0.0300,0.5714,370.00,shockwave,60,450;300;200;100;50,1.5,3,0.5,1,2,1,10,0,100,-10,5,250,40,5,250,60,1,8,11,0,0.06,4,0.556,50,8,5
56,1,60,FrameTimeStutter,5.000,shockwave,practice,2026-09-16T14:18:06.7270312-04:00,4,1582,27.66331,16.6037,141.88,1276.00,57.000,-1.000,-6.4123,8.7875,18.3774,Left,0,0,0,0,0.0000,50.000,0,0.000,0,127.500,71.914,4.500,0.0300,0.5714,370.00,shockwave,60,450;300;200;100;50,1.5,3,0.5,1,2,1,10,0,100,-10,5,250,40,5,250,60,1,8,11,0,0.06,4,0.556,50,8,5
56,1,60,FrameTimeStutter,5.000,shockwave,practice,2026-09-16T14:18:06.7270312-04:00,4,1583,27.68018,16.8681,466.28,1263.38,180.000,-7.000,-3.1209,8.6595,18.3774,Left,0,0,0,0,0.0000,50.000,0,0.000,0,127.500,71.914,4.500,0.0300,0.5714,370.00,shockwave,60,450;300;200;100;50,1.5,3,0.5,1,2,1,10,0,100,-10,5,250,40,5,250,60,1,8,11,0,0.06,4,0.556,50,8,5
56,1,60,FrameTimeStutter,5.000,shockwave,practice,2026-09-16T14:18:06.7270312-04:00,4,1584,27.69656,16.3773,769.06,1261.58,168.000,-1.000,-0.0490,8.6412,18.3774,Left,0,0,0,0,0.0000,50.000,0,0.000,0,127.500,71.914,4.500,0.0300,0.5714,370.00,shockwave,60,450;300;200;100;50,1.5,3,0.5,1,2,1,10,0,100,-10,5,250,40,5,250,60,1,8,11,0,0.06,4,0.556,50,8,5
56,1,60,FrameTimeStutter,5.000,shockwave,practice,2026-09-16T14:18:06.7270312-04:00,4,1585,27.71321,16.6564,1093.47,1265.18,180.000,2.000,3.2423,8.6777,18.3774,Left,0,0,0,0,0.0000,50.000,0,0.000,0,127.500,71.914,4.500,0.0300,0.5714,370.00,shockwave,60,450;300;200;100;50,1.5,3,0.5,1,2,1,10,0,100,-10,5,250,40,5,250,60,1,8,11,0,0.06,4,0.556,50,8,5
56,1,60,FrameTimeStutter,5.000,shockwave,practice,2026-09-16T14:18:06.7270312-04:00,4,1586,27.72998,16.7691,1423.28,1276.00,183.000,6.000,6.5885,8.7874,18.3774,Left,0,0,0,0,0.0000,50.000,0,0.000,0,127.500,71.914,4.500,0.0300,0.5714,370.00,shockwave,60,450;300;200;100;50,1.5,3,0.5,1,2,1,10,0,100,-10,5,250,40,5,250,60,1,8,11,0,0.06,4,0.556,50,8,5
56,1,60,FrameTimeStutter,5.000,shockwave,practice,2026-09-16T14:18:06.7270312-04:00,4,1587,27.74680,16.8117,1711.64,1295.82,160.000,11.000,9.5141,8.9886,18.3774,Left,0,0,0,0,0.0000,50.000,0,0.000,0,127.500,71.914,4.500,0.0300,0.5714,370.00,shockwave,60,450;300;200;100;50,1.5,3,0.5,1,2,1,10,0,100,-10,5,250,40,5,250,60,1,8,11,0,0.06,4,0.556,50,8,5
56,1,60,FrameTimeStutter,5.000,shockwave,practice,2026-09-16T14:18:06.7270312-04:00,4,1588,27.76276,15.9697,1944.13,1315.65,129.000,11.000,11.8729,9.1897,18.3774,Left,0,0,0,0,0.0000,50.000,0,0.000,0,127.500,71.914,4.500,0.0300,0.5714,370.00,shockwave,60,450;300;200;100;50,1.5,3,0.5,1,2,1,10,0,100,-10,5,250,40,5,250,60,1,8,11,0,0.06,4,0.556,50,8,5
56,1,60,FrameTimeStutter,5.000,shockwave,practice,2026-09-16T14:18:06.7270312-04:00,4,1589,27.77975,16.9913,2090.11,1328.26,81.000,7.000,13.3541,9.3177,18.3774,Left,0,0,0,0,0.0000,50.000,0,0.000,0,127.500,71.914,4.500,0.0300,0.5714,370.00,shockwave,60,450;300;200;100;50,1.5,3,0.5,1,2,1,10,0,100,-10,5,250,40,5,250,60,1,8,11,0,0.06,4,0.556,50,8,5
56,1,60,FrameTimeStutter,5.000,shockwave,practice,2026-09-16T14:18:06.7270312-04:00,4,1590,27.79644,16.6802,2147.79,1330.06,32.000,1.000,13.9392,9.3360,18.3774,Left,0,0,0,0,0.0000,50.000,0,0.000,0,127.500,71.914,4.500,0.0300,0.5714,370.00,shockwave,60,450;300;200;100;50,1.5,3,0.5,1,2,1,10,0,100,-10,5,250,40,5,250,60,1,8,11,0,0.06,4,0.556,50,8,5
56,1,60,FrameTimeStutter,5.000,shockwave,practice,2026-09-16T14:18:06.7270312-04:00,4,1591,27.81331,16.8740,2138.77,1330.06,-5.000,0.000,13.8478,9.3360,18.3774,Left,0,0,0,0,0.0000,50.000,0,0.000,0,127.500,71.914,4.500,0.0300,0.5714,370.00,shockwave,60,450;300;200;100;50,1.5,3,0.5,1,2,1,10,0,100,-10,5,250,40,5,250,60,1,8,11,0,0.06,4,0.556,50,8,5
56,1,60,FrameTimeStutter,5.000,shockwave,practice,2026-09-16T14:18:06.7270312-04:00,4,1592,27.83017,16.8635,2064.88,1326.46,-41.000,-2.000,13.0981,9.2994,18.3774,Left,0,0,0,0,0.0000,50.000,0,0.000,0,127.500,71.914,4.500,0.0300,0.5714,370.00,shockwave,60,450;300;200;100;50,1.5,3,0.5,1,2,1,10,0,100,-10,5,250,40,5,250,60,1,8,11,0,0.06,4,0.556,50,8,5
56,1,60,FrameTimeStutter,5.000,shockwave,practice,2026-09-16T14:18:06.7270312-04:00,4,1593,27.84644,16.2684,1913.49,1322.85,-84.000,-2.000,11.5621,9.2628,18.3774,Left,0,0,0,0,0.0000,50.000,0,0.000,0,127.500,71.914,4.500,0.0300,0.5714,370.00,shockwave,60,450;300;200;100;50,1.5,3,0.5,1,2,1,10,0,100,-10,5,250,40,5,250,60,1,8,11,0,0.06,4,0.556,50,8,5
56,1,60,FrameTimeStutter,5.000,shockwave,practice,2026-09-16T14:18:06.7270312-04:00,4,1594,27.86293,16.4834,1695.42,1319.25,-121.000,-2.000,9.3496,9.2263,18.3774,Left,0,0,0,0,0.0000,50.000,0,0.000,0,127.500,71.914,4.500,0.0300,0.5714,370.00,shockwave,60,450;300;200;100;50,1.5,3,0.5,1,2,1,10,0,100,-10,5,250,40,5,250,60,1,8,11,0,0.06,4,0.556,50,8,5
56,1,60,FrameTimeStutter,5.000,shockwave,practice,2026-09-16T14:18:06.7270312-04:00,4,1595,27.88041,17.4845,1300.73,1317.45,-219.000,-1.000,5.3452,9.2080,18.3774,Left,0,0,0,0,0.0000,50.000,0,0.000,0,127.500,71.914,4.500,0.0300,0.5714,370.00,shockwave,60,450;300;200;100;50,1.5,3,0.5,1,2,1,10,0,100,-10,5,250,40,5,250,60,1,8,11,0,0.06,4,0.556,50,8,5
56,1,60,FrameTimeStutter,5.000,shockwave,practice,2026-09-16T14:18:06.7270312-04:00,4,1596,27.89694,16.5320,1024.98,1312.04,-153.000,-3.000,2.5475,9.1531,18.3774,Left,0,0,0,0,0.0000,50.000,0,0.000,0,127.500,71.914,4.500,0.0300,0.5714,370.00,shockwave,60,450;300;200;100;50,1.5,3,0.5,1,2,1,10,0,100,-10,5,250,40,5,250,60,1,8,11,0,0.06,4,0.556,50,8,5
56,1,60,FrameTimeStutter,5.000,shockwave,practice,2026-09-16T14:18:06.7270312-04:00,4,1597,27.91301,16.0681,754.64,1306.63,-150.000,-3.000,-0.1953,9.0982,18.3774,Left,0,0,0,0,0.0000,50.000,0,0.000,0,127.500,71.914,4.500,0.0300,0.5714,370.00,shockwave,60,450;300;200;100;50,1.5,3,0.5,1,2,1,10,0,100,-10,5,250,40,5,250,60,1,8,11,0,0.06,4,0.556,50,8,5
56,1,60,FrameTimeStutter,5.000,shockwave,practice,2026-09-16T14:18:06.7270312-04:00,4,1598,27.92988,16.8685,482.50,1303.03,-151.000,-2.000,-2.9563,9.0617,18.3774,Left,0,0,0,0,0.0000,50.000,0,0.000,0,127.500,71.914,4.500,0.0300,0.5714,370.00,shockwave,60,450;300;200;100;50,1.5,3,0.5,1,2,1,10,0,100,-10,5,250,40,5,250,60,1,8,11,0,0.06,4,0.556,50,8,5
56,1,60,FrameTimeStutter,5.000,shockwave,practice,2026-09-16T14:18:06.7270312-04:00,4,1599,27.94670,16.8191,248.21,1301.23,-130.000,-1.000,-5.3334,9.0434,18.3774,Left,0,0,0,0,0.0000,50.000,0,0.000,0,127.500,71.914,4.500,0.0300,0.5714,370.00,shockwave,60,450;300;200;100;50,1.5,3,0.5,1,2,1,10,0,100,-10,5,250,40,5,250,60,1,8,11,0,0.06,4,0.556,50,8,5
56,1,60,FrameTimeStutter,5.000,shockwave,practice,2026-09-16T14:18:06.7270312-04:00,4,1600,27.96282,16.1182,78.80,1301.23,-94.000,0.000,-7.0522,9.0434,18.3774,Left,0,0,0,0,0.0000,50.000,0,0.000,0,127.500,71.914,4.500,0.0300,0.5714,370.00,shockwave,60,450;300;200;100;50,1.5,3,0.5,1,2,1,10,0,100,-10,5,250,40,5,250,60,1,8,11,0,0.06,4,0.556,50,8,5
56,1,60,FrameTimeStutter,5.000,shockwave,practice,2026-09-16T14:18:06.7270312-04:00,4,1601,27.97949,16.6729,-0.50,1303.03,-51.000,1.000,-7.9848,9.0617,18.3774,Left,0,0,0,0,0.0000,50.000,0,0.000,0,127.500,71.914,4.500,0.0300,0.5714,370.00,shockwave,60,450;300;200;100;50,1.5,3,0.5,1,2,1,10,0,100,-10,5,250,40,5,250,60,1,8,11,0,0.06,4,0.556,50,8,5
56,1,60,FrameTimeStutter,5.000,shockwave,practice,2026-09-16T14:18:06.7270312-04:00,4,1602,27.99629,16.7986,1.30,1303.03,-7.000,0.000,-8.1128,9.0617,18.3774,Left,0,0,0,0,0.0000,50.000,0,0.000,0,127.500,71.914,4.500,0.0300,0.5714,370.00,shockwave,60,450;300;200;100;50,1.5,3,0.5,1,2,1,10,0,100,-10,5,250,40,5,250,60,1,8,11,0,0.06,4,0.556,50,8,5
56,1,60,FrameTimeStutter,5.000,shockwave,practice,2026-09-16T14:18:06.7270312-04:00,4,1603,28.01305,16.7614,8.51,1303.03,4.000,0.000,-8.0396,9.0617,18.3774,Left,0,0,0,0,0.0000,50.000,0,0.000,0,127.500,71.914,4.500,0.0300,0.5714,370.00,shockwave,60,450;300;200;100;50,1.5,3,0.5,1,2,1,10,0,100,-10,5,250,40,5,250,60,1,8,11,0,0.06,4,0.556,50,8,5
56,1,60,FrameTimeStutter,5.000,shockwave,practice,2026-09-16T14:18:06.7270312-04:00,4,1604,28.02983,16.7805,44.56,1306.63,20.000,2.000,-7.6739,9.0982,18.3774,Left,0,0,0,0,0.0000,50.000,0,0.000,0,127.500,71.914,4.500,0.0300,0.5714,370.00,shockwave,60,450;300;200;100;50,1.5,3,0.5,1,2,1,10,0,100,-10,5,250,40,5,250,60,1,8,11,0,0.06,4,0.556,50,8,5
56,1,60,FrameTimeStutter,5.000,shockwave,practice,2026-09-16T14:18:06.7270312-04:00,4,1605,28.04657,16.7388,125.66,1310.24,45.000,2.000,-6.8511,9.1348,18.3774,Left,0,0,0,0,0.0000,50.000,0,0.000,0,127.500,71.914,4.500,0.0300,0.5714,370.00,shockwave,60,450;300;200;100;50,1.5,3,0.5,1,2,1,10,0,100,-10,5,250,40,5,250,60,1,8,11,0,0.06,4,0.556,50,8,5
56,1,60,FrameTimeStutter,5.000,shockwave,practice,2026-09-16T14:18:06.7270312-04:00,4,1606,28.06334,16.7669,278.85,1310.24,85.000,0.000,-5.2969,9.1348,18.3774,Left,0,0,0,0,0.0000,50.000,0,0.000,0,127.500,71.914,4.500,0.0300,0.5714,370.00,shockwave,60,450;300;200;100;50,1.5,3,0.5,1,2,1,10,0,100,-10,5,250,40,5,250,60,1,8,11,0,0.06,4,0.556,50,8,5
56,1,60,FrameTimeStutter,5.000,shockwave,practice,2026-09-16T14:18:06.7270312-04:00,4,1607,28.08043,17.0986,673.54,1294.02,219.000,-9.000,-1.2924,8.9702,18.3774,Left,0,0,0,0,0.0000,50.000,0,0.000,0,127.500,71.914,4.500,0.0300,0.5714,370.00,shockwave,60,450;300;200;100;50,1.5,3,0.5,1,2,1,10,0,100,-10,5,250,40,5,250,60,1,8,11,0,0.06,4,0.556,50,8,5
56,1,60,FrameTimeStutter,5.000,shockwave,practice,2026-09-16T14:18:06.7270312-04:00,4,1608,28.09648,16.0441,1071.84,1279.60,221.000,-8.000,2.7486,8.8239,18.3774,Left,0,0,0,0,0.0000,50.000,0,0.000,0,127.500,71.914,4.500,0.0300,0.5714,370.00,shockwave,60,450;300;200;100;50,1.5,3,0.5,1,2,1,10,0,100,-10,5,250,40,5,250,60,1,8,11,0,0.06,4,0.556,50,8,5
56,1,60,FrameTimeStutter,5.000,shockwave,practice,2026-09-16T14:18:06.7270312-04:00,4,1609,28.11343,16.9517,1470.14,1276.00,221.000,-2.000,6.7897,8.7874,18.3774,Left,0,0,0,0,0.0000,50.000,0,0.000,0,127.500,71.914,4.500,0.0300,0.5714,370.00,shockwave,60,450;300;200;100;50,1.5,3,0.5,1,2,1,10,0,100,-10,5,250,40,5,250,60,1,8,11,0,0.06,4,0.556,50,8,5
56,1,60,FrameTimeStutter,5.000,shockwave,practice,2026-09-16T14:18:06.7270312-04:00,4,1610,28.12941,15.9854,1873.84,1281.40,224.000,3.000,10.8856,8.8422,18.3774,Left,0,0,0,0,0.0000,50.000,0,0.000,0,127.500,71.914,4.500,0.0300,0.5714,370.00,shockwave,60,450;300;200;100;50,1.5,3,0.5,1,2,1,10,0,100,-10,5,250,40,5,250,60,1,8,11,0,0.06,4,0.556,50,8,5
56,1,60,FrameTimeStutter,5.000,shockwave,practice,2026-09-16T14:18:06.7270312-04:00,4,1611,28.14611,16.6986,2203.65,1303.03,183.000,12.000,14.2318,9.0616,18.3774,Left,0,0,0,0,0.0000,50.000,0,0.000,0,127.500,71.914,4.500,0.0300,0.5714,370.00,shockwave,60,450;300;200;100;50,1.5,3,0.5,1,2,1,10,0,100,-10,5,250,40,5,250,60,1,8,11,0,0.06,4,0.556,50,8,5
56,1,60,FrameTimeStutter,5.000,shockwave,practice,2026-09-16T14:18:06.7270312-04:00,4,1612,28.16291,16.7974,2464.98,1324.66,145.000,12.000,16.8831,9.2810,18.3774,Left,0,0,0,0,0.0000,50.000,0,0.000,0,127.500,71.914,4.500,0.0300,0.5714,370.00,shockwave,60,450;300;200;100;50,1.5,3,0.5,1,2,1,10,0,100,-10,5,250,40,5,250,60,1,8,11,0,0.06,4,0.556,50,8,5
56,1,60,FrameTimeStutter,5.000,shockwave,practice,2026-09-16T14:18:06.7270312-04:00,4,1613,28.17976,16.8535,2558.70,1331.87,87.000,4.000,18.4739,9.3542,18.3774,Left,0,0,0,0,0.0000,50.000,0,0.000,0,127.500,71.914,4.500,0.0300,0.5714,370.00,shockwave,60,450;300;200;100;50,1.5,3,0.5,1,2,1,10,0,100,-10,5,250,40,5,250,60,1,8,11,0,0.06,4,0.556,50,8,5
56,1,60,FrameTimeStutter,5.000,shockwave,practice,2026-09-16T14:18:06.7270312-04:00,4,1614,28.19633,16.5657,2558.70,1331.87,23.000,0.000,18.8945,9.3542,18.3774,Left,0,0,0,0,0.0000,50.000,0,0.000,0,127.500,71.914,4.500,0.0300,0.5714,370.00,shockwave,60,450;300;200;100;50,1.5,3,0.5,1,2,1,10,0,100,-10,5,250,40,5,250,60,1,8,11,0,0.06,4,0.556,50,8,5
56,1,60,FrameTimeStutter,5.000,shockwave,practice,2026-09-16T14:18:06.7270312-04:00,4,1615,28.21308,16.7472,2522.65,1331.87,-20.000,0.000,18.5288,9.3542,18.3774,Right,0,0,0,0,0.0000,50.000,0,0.000,0,127.500,71.914,4.500,0.0300,0.5714,370.00,shockwave,60,450;300;200;100;50,1.5,3,0.5,1,2,1,10,0,100,-10,5,250,40,5,250,60,1,8,11,0,0.06,4,0.556,50,8,5
56,1,60,FrameTimeStutter,5.000,shockwave,practice,2026-09-16T14:18:06.7270312-04:00,4,1616,28.22941,16.3313,2401.90,1330.06,-67.000,-1.000,17.3037,9.3359,18.3774,Right,0,0,0,0,0.0000,50.000,0,0.000,0,127.500,71.914,4.500,0.0300,0.5714,370.00,shockwave,60,450;300;200;100;50,1.5,3,0.5,1,2,1,10,0,100,-10,5,250,40,5,250,60,1,8,11,0,0.06,4,0.556,50,8,5
56,1,60,FrameTimeStutter,5.000,shockwave,practice,2026-09-16T14:18:06.7270312-04:00,4,1617,28.24691,17.4975,2180.23,1330.06,-123.000,0.000,15.0546,9.3359,18.3774,Left,0,0,0,0,0.0000,50.000,0,0.000,0,127.500,71.914,4.500,0.0300,0.5714,370.00,shockwave,60,450;300;200;100;50,1.5,3,0.5,1,2,1,10,0,100,-10,5,250,40,5,250,60,1,8,11,0,0.06,4,0.556,50,8,5
56,1,60,FrameTimeStutter,5.000,shockwave,practice,2026-09-16T14:18:06.7270312-04:00,4,1618,28.26289,15.9804,1877.45,1335.47,-168.000,3.000,11.9827,9.3907,18.3774,Left,0,0,0,0,0.0000,50.000,0,0.000,0,127.500,71.914,4.500,0.0300,0.5714,370.00,shockwave,60,450;300;200;100;50,1.5,3,0.5,1,2,1,10,0,100,-10,5,250,40,5,250,60,1,8,11,0,0.06,4,0.556,50,8,5
56,1,60,FrameTimeStutter,5.000,shockwave,practice,2026-09-16T14:18:06.7270312-04:00,4,1619,28.28008,17.1904,1351.19,1340.88,-292.000,3.000,6.6434,9.4456,18.3774,Left,0,0,0,0,0.0000,50.000,0,0.000,0,127.500,71.914,4.500,0.0300,0.5714,370.00,shockwave,60,450;300;200;100;50,1.5,3,0.5,1,2,1,10,0,100,-10,5,250,40,5,250,60,1,8,11,0,0.06,4,0.556,50,8,5
56,1,60,FrameTimeStutter,5.000,shockwave,practice,2026-09-16T14:18:06.7270312-04:00,4,1620,28.29651,16.4303,996.15,1340.88,-197.000,0.000,3.0412,9.4456,18.3774,Left,0,0,0,0,0.0000,50.000,0,0.000,0,127.500,71.914,4.500,0.0300,0.5714,370.00,shockwave,60,450;300;200;100;50,1.5,3,0.5,1,2,1,10,0,100,-10,5,250,40,5,250,60,1,8,11,0,0.06,4,0.556,50,8,5
56,1,60,FrameTimeStutter,5.000,shockwave,practice,2026-09-16T14:18:06.7270312-04:00,4,1621,28.31328,16.7726,646.51,1339.07,-194.000,-1.000,-0.5061,9.4273,18.3774,Left,0,0,0,0,0.0000,50.000,0,0.000,0,127.500,71.914,4.500,0.0300,0.5714,370.00,shockwave,60,450;300;200;100;50,1.5,3,0.5,1,2,1,10,0,100,-10,5,250,40,5,250,60,1,8,11,0,0.06,4,0.556,50,8,5
56,1,60,FrameTimeStutter,5.000,shockwave,practice,2026-09-16T14:18:06.7270312-04:00,4,1622,28.32934,16.0578,329.31,1335.47,-176.000,-2.000,-3.7243,9.3907,18.3774,Left,0,0,0,0,0.0000,50.000,0,0.000,0,127.500,71.914,4.500,0.0300,0.5714,370.00,shockwave,60,450;300;200;100;50,1.5,3,0.5,1,2,1,10,0,100,-10,5,250,40,5,250,60,1,8,11,0,0.06,4,0.556,50,8,5
56,1,60,FrameTimeStutter,5.000,shockwave,practice,2026-09-16T14:18:06.7270312-04:00,4,1623,28.34643,17.0911,55.37,1331.87,-152.000,-2.000,-6.5037,9.3542,18.3774,Left,0,0,0,0,0.0000,50.000,0,0.000,0,127.500,71.914,4.500,0.0300,0.5714,370.00,shockwave,60,450;300;200;100;50,1.5,3,0.5,1,2,1,10,0,100,-10,5,250,40,5,250,60,1,8,11,0,0.06,4,0.556,50,8,5
56,1,60,FrameTimeStutter,5.000,shockwave,practice,2026-09-16T14:18:06.7270312-04:00,4,1624,28.36347,17.0395,-0.50,1324.66,-125.000,-4.000,-8.7894,9.2810,18.3774,Left,0,0,0,0,0.0000,50.000,0,0.000,0,127.500,71.914,4.500,0.0300,0.5714,370.00,shockwave,60,450;300;200;100;50,1.5,3,0.5,1,2,1,10,0,100,-10,5,250,40,5,250,60,1,8,11,0,0.06,4,0.556,50,8,5
56,1,60,FrameTimeStutter,5.000,shockwave,practice,2026-09-16T14:18:06.7270312-04:00,4,1625,28.37959,16.1256,-0.50,1317.45,-79.000,-4.000,-10.2339,9.2079,18.3774,Left,0,0,0,0,0.0000,50.000,0,0.000,0,127.500,71.914,4.500,0.0300,0.5714,370.00,shockwave,60,450;300;200;100;50,1.5,3,0.5,1,2,1,10,0,100,-10,5,250,40,5,250,60,1,8,11,0,0.06,4,0.556,50,8,5
56,1,60,FrameTimeStutter,5.000,shockwave,practice,2026-09-16T14:18:06.7270312-04:00,4,1626,28.39635,16.7588,-0.50,1317.45,-31.000,0.000,-10.8008,9.2079,18.3774,Left,0,0,0,0,0.0000,50.000,0,0.000,0,127.500,71.914,4.500,0.0300,0.5714,370.00,shockwave,60,450;300;200;100;50,1.5,3,0.5,1,2,1,10,0,100,-10,5,250,40,5,250,60,1,8,11,0,0.06,4,0.556,50,8,5
56,1,60,FrameTimeStutter,5.000,shockwave,practice,2026-09-16T14:18:06.7270312-04:00,4,1627,28.41324,16.8846,1.30,1317.45,1.000,0.000,-10.7825,9.2079,18.3774,Left,0,0,0,0,0.0000,50.000,0,0.000,0,127.500,71.914,4.500,0.0300,0.5714,370.00,shockwave,60,450;300;200;100;50,1.5,3,0.5,1,2,1,10,0,100,-10,5,250,40,5,250,60,1,8,11,0,0.06,4,0.556,50,8,5
56,1,60,FrameTimeStutter,5.000,shockwave,practice,2026-09-16T14:18:06.7270312-04:00,4,1628,28.42998,16.7419,17.52,1317.45,9.000,0.000,-10.6179,9.2078,18.3774,Left,0,0,0,0,0.0000,50.000,0,0.000,0,127.500,71.914,4.500,0.0300,0.5714,370.00,shockwave,60,450;300;200;100;50,1.5,3,0.5,1,2,1,10,0,100,-10,5,250,40,5,250,60,1,8,11,0,0.06,4,0.556,50,8,5
56,1,60,FrameTimeStutter,5.000,shockwave,practice,2026-09-16T14:18:06.7270312-04:00,4,1629,28.44611,16.1351,69.79,1322.85,29.000,3.000,-10.0877,9.2627,18.3774,Left,0,0,0,0,0.0000,50.000,0,0.000,0,127.500,71.914,4.500,0.0300,0.5714,370.00,shockwave,60,450;300;200;100;50,1.5,3,0.5,1,2,1,10,0,100,-10,5,250,40,5,250,60,1,8,11,0,0.06,4,0.556,50,8,5
56,1,60,FrameTimeStutter,5.000,shockwave,practice,2026-09-16T14:18:06.7270312-04:00,4,1630,28.46336,17.2420,194.14,1324.66,69.000,1.000,-8.8260,9.2810,18.3774,Left,0,0,0,0,0.0000,50.000,0,0.000,0,127.500,71.914,4.500,0.0300,0.5714,370.00,shockwave,60,450;300;200;100;50,1.5,3,0.5,1,2,1,10,0,100,-10,5,250,40,5,250,60,1,8,11,0,0.06,4,0.556,50,8,5
56,1,60,FrameTimeStutter,5.000,shockwave,practice,2026-09-16T14:18:06.7270312-04:00,4,1631,28.47993,16.5744,560.00,1315.65,203.000,-5.000,-5.1141,9.1896,18.3774,Left,0,0,0,0,0.0000,50.000,0,0.000,0,127.500,71.914,4.500,0.0300,0.5714,370.00,shockwave,60,450;300;200;100;50,1.5,3,0.5,1,2,1,10,0,100,-10,5,250,40,5,250,60,1,8,11,0,0.06,4,0.556,50,8,5
56,1,60,FrameTimeStutter,5.000,shockwave,practice,2026-09-16T14:18:06.7270312-04:00,4,1632,28.49697,17.0368,911.44,1306.63,195.000,-5.000,-1.5485,9.0981,18.3774,Left,0,0,0,0,0.0000,50.000,0,0.000,0,127.500,71.914,4.500,0.0300,0.5714,370.00,shockwave,60,450;300;200;100;50,1.5,3,0.5,1,2,1,10,0,100,-10,5,250,40,5,250,60,1,8,11,0,0.06,4,0.556,50,8,5
56,1,60,FrameTimeStutter,5.000,shockwave,practice,2026-09-16T14:18:06.7270312-04:00,4,1633,28.51368,16.7072,1293.52,1301.23,212.000,-3.000,2.3280,9.0433,18.3774,Left,0,0,0,0,0.0000,50.000,0,0.000,0,127.500,71.914,4.500,0.0300,0.5714,370.00,shockwave,60,450;300;200;100;50,1.5,3,0.5,1,2,1,10,0,100,-10,5,250,40,5,250,60,1,8,11,0,0.06,4,0.556,50,8,5
56,1,60,FrameTimeStutter,5.000,shockwave,practice,2026-09-16T14:18:06.7270312-04:00,4,1634,28.52992,16.2490,1697.22,1301.23,224.000,0.000,6.4239,9.0433,18.3774,Left,0,0,0,0,0.0000,50.000,0,0.000,0,127.500,71.914,4.500,0.0300,0.5714,370.00,shockwave,60,450;300;200;100;50,1.5,3,0.5,1,2,1,10,0,100,-10,5,250,40,5,250,60,1,8,11,0,0.06,4,0.556,50,8,5
56,1,60,FrameTimeStutter,5.000,shockwave,practice,2026-09-16T14:18:06.7270312-04:00,4,1635,28.54666,16.7377,2052.27,1312.04,197.000,6.000,10.0261,9.1530,18.3774,Left,0,0,0,0,0.0000,50.000,0,0.000,0,127.500,71.914,4.500,0.0300,0.5714,370.00,shockwave,60,450;300;200;100;50,1.5,3,0.5,1,2,1,10,0,100,-10,5,250,40,5,250,60,1,8,11,0,0.06,4,0.556,50,8,5
56,1,60,FrameTimeStutter,5.000,shockwave,practice,2026-09-16T14:18:06.7270312-04:00,4,1636,28.56292,16.2532,2337.02,1331.87,158.000,11.000,12.9152,9.3541,18.3774,Left,0,0,0,0,0.0000,50.000,0,0.000,0,127.500,71.914,4.500,0.0300,0.5714,370.00,shockwave,60,450;300;200;100;50,1.5,3,0.5,1,2,1,10,0,100,-10,5,250,40,5,250,60,1,8,11,0,0.06,4,0.556,50,8,5
56,1,60,FrameTimeStutter,5.000,shockwave,practice,2026-09-16T14:18:06.7270312-04:00,4,1637,28.57995,17.0354,2529.86,1340.88,107.000,5.000,14.8717,9.4455,18.3774,Left,0,0,0,0,0.0000,50.000,0,0.000,0,127.500,71.914,4.500,0.0300,0.5714,370.00,shockwave,60,450;300;200;100;50,1.5,3,0.5,1,2,1,10,0,100,-10,5,250,40,5,250,60,1,8,11,0,0.06,4,0.556,50,8,5
56,1,60,FrameTimeStutter,5.000,shockwave,practice,2026-09-16T14:18:06.7270312-04:00,4,1638,28.59635,16.3958,2558.70,1340.88,58.000,0.000,15.9322,9.4455,18.3774,Left,0,0,0,0,0.0000,50.000,0,0.000,0,127.500,71.914,4.500,0.0300,0.5714,370.00,shockwave,60,450;300;200;100;50,1.5,3,0.5,1,2,1,10,0,100,-10,5,250,40,5,250,60,1,8,11,0,0.06,4,0.556,50,8,5
56,1,60,FrameTimeStutter,5.000,shockwave,practice,2026-09-16T14:18:06.7270312-04:00,4,1639,28.61308,16.7293,2555.09,1337.27,3.000,-2.000,15.9871,9.4090,18.3774,Left,0,0,0,0,0.0000,50.000,0,0.000,0,127.500,71.914,4.500,0.0300,0.5714,370.00,shockwave,60,450;300;200;100;50,1.5,3,0.5,1,2,1,10,0,100,-10,5,250,40,5,250,60,1,8,11,0,0.06,4,0.556,50,8,5
56,1,60,FrameTimeStutter,5.000,shockwave,practice,2026-09-16T14:18:06.7270312-04:00,4,1640,28.62981,16.7391,2484.81,1330.06,-39.000,-4.000,15.2740,9.3358,18.3774,Left,0,0,0,0,0.0000,50.000,0,0.000,0,127.500,71.914,4.500,0.0300,0.5714,370.00,shockwave,60,450;300;200;100;50,1.5,3,0.5,1,2,1,10,0,100,-10,5,250,40,5,250,60,1,8,11,0,0.06,4,0.556,50,8,5
56,1,60,FrameTimeStutter,5.000,shockwave,practice,2026-09-16T14:18:06.7270312-04:00,4,1641,28.64673,16.9161,2313.59,1324.66,-95.000,-3.000,13.5369,9.2810,18.3774,Left,0,0,0,0,0.0000,50.000,0,0.000,0,127.500,71.914,4.500,0.0300,0.5714,370.00,shockwave,60,450;300;200;100;50,1.5,3,0.5,1,2,1,10,0,100,-10,5,250,40,5,250,60,1,8,11,0,0.06,4,0.556,50,8,5
56,1,60,FrameTimeStutter,5.000,shockwave,practice,2026-09-16T14:18:06.7270312-04:00,4,1642,28.66362,16.8886,2061.28,1324.66,-140.000,0.000,10.9770,9.2810,18.3774,Left,0,0,0,0,0.0000,50.000,0,0.000,0,127.500,71.914,4.500,0.0300,0.5714,370.00,shockwave,60,450;300;200;100;50,1.5,3,0.5,1,2,1,10,0,100,-10,5,250,40,5,250,60,1,8,11,0,0.06,4,0.556,50,8,5
56,1,60,FrameTimeStutter,5.000,shockwave,practice,2026-09-16T14:18:06.7270312-04:00,4,1643,28.68042,16.8003,1596.30,1331.87,-258.000,4.000,6.2594,9.3541,18.3774,Left,0,0,0,0,0.0000,50.000,0,0.000,0,127.500,71.914,4.500,0.0300,0.5714,370.00,shockwave,60,450;300;200;100;50,1.5,3,0.5,1,2,1,10,0,100,-10,5,250,40,5,250,60,1,8,11,0,0.06,4,0.556,50,8,5
56,1,60,FrameTimeStutter,5.000,shockwave,practice,2026-09-16T14:18:06.7270312-04:00,4,1644,28.69658,16.1587,1244.86,1337.27,-195.000,3.000,2.6937,9.4089,18.3774,Left,0,0,0,0,0.0000,50.000,0,0.000,0,127.500,71.914,4.500,0.0300,0.5714,370.00,shockwave,60,450;300;200;100;50,1.5,3,0.5,1,2,1,10,0,100,-10,5,250,40,5,250,60,1,8,11,0,0.06,4,0.556,50,8,5
56,1,60,FrameTimeStutter,5.000,shockwave,practice,2026-09-16T14:18:06.7270312-04:00,4,1645,28.71289,16.3094,904.23,1340.88,-189.000,2.000,-0.7622,9.4455,18.3774,Left,0,0,0,0,0.0000,50.000,0,0.000,0,127.500,71.914,4.500,0.0300,0.5714,370.00,shockwave,60,450;300;200;100;50,1.5,3,0.5,1,2,1,10,0,100,-10,5,250,40,5,250,60,1,8,11,0,0.06,4,0.556,50,8,5
56,1,60,FrameTimeStutter,5.000,shockwave,practice,2026-09-16T14:18:06.7270312-04:00,4,1646,28.72931,16.4203,583.43,1340.88,-178.000,0.000,-4.0170,9.4455,18.3774,Left,0,0,0,0,0.0000,50.000,0,0.000,0,127.500,71.914,4.500,0.0300,0.5714,370.00,shockwave,60,450;300;200;100;50,1.5,3,0.5,1,2,1,10,0,100,-10,5,250,40,5,250,60,1,8,11,0,0.06,4,0.556,50,8,5
56,1,60,FrameTimeStutter,5.000,shockwave,practice,2026-09-16T14:18:06.7270312-04:00,4,1647,28.74681,17.5001,318.50,1344.48,-147.000,2.000,-6.7049,9.4821,18.3774,Left,0,0,0,0,0.0000,50.000,0,0.000,0,127.500,71.914,4.500,0.0300,0.5714,370.00,shockwave,60,450;300;200;100;50,1.5,3,0.5,1,2,1,10,0,100,-10,5,250,40,5,250,60,1,8,11,0,0.06,4,0.556,50,8,5
56,1,60,FrameTimeStutter,5.000,shockwave,practice,2026-09-16T14:18:06.7270312-04:00,4,1648,28.76286,16.0479,125.66,1342.68,-107.000,-1.000,-8.6614,9.4638,18.3774,Left,0,0,0,0,0.0000,50.000,0,0.000,0,127.500,71.914,4.500,0.0300,0.5714,370.00,shockwave,60,450;300;200;100;50,1.5,3,0.5,1,2,1,10,0,100,-10,5,250,40,5,250,60,1,8,11,0,0.06,4,0.556,50,8,5
56,1,60,FrameTimeStutter,5.000,shockwave,practice,2026-09-16T14:18:06.7270312-04:00,4,1649,28.78028,17.4295,1.30,1342.68,-69.000,0.000,-9.9231,9.4638,18.3774,Left,0,0,0,0,0.0000,50.000,0,0.000,0,127.500,71.914,4.500,0.0300,0.5714,370.00,shockwave,60,450;300;200;100;50,1.5,3,0.5,1,2,1,10,0,100,-10,5,250,40,5,250,60,1,8,11,0,0.06,4,0.556,50,8,5
56,1,60,FrameTimeStutter,5.000,shockwave,practice,2026-09-16T14:18:06.7270312-04:00,4,1650,28.79622,15.9380,-0.50,1342.68,-18.000,0.000,-10.2522,9.4638,18.3774,Left,0,0,0,0,0.0000,50.000,0,0.000,0,127.500,71.914,4.500,0.0300,0.5714,370.00,shockwave,60,450;300;200;100;50,1.5,3,0.5,1,2,1,10,0,100,-10,5,250,40,5,250,60,1,8,11,0,0.06,4,0.556,50,8,5
56,1,60,FrameTimeStutter,5.000,shockwave,practice,2026-09-16T14:18:06.7270312-04:00,4,1651,28.81315,16.9304,15.72,1342.68,9.000,0.000,-10.0877,9.4638,18.3774,Left,0,0,0,0,0.0000,50.000,0,0.000,0,127.500,71.914,4.500,0.0300,0.5714,370.00,shockwave,60,450;300;200;100;50,1.5,3,0.5,1,2,1,10,0,100,-10,5,250,40,5,250,60,1,8,11,0,0.06,4,0.556,50,8,5
56,1,60,FrameTimeStutter,5.000,shockwave,practice,2026-09-16T14:18:06.7270312-04:00,4,1652,28.83012,16.9694,78.80,1344.48,35.000,1.000,-9.4477,9.4821,18.3774,Left,0,0,0,0,0.0000,50.000,0,0.000,0,127.500,71.914,4.500,0.0300,0.5714,370.00,shockwave,60,450;300;200;100;50,1.5,3,0.5,1,2,1,10,0,100,-10,5,250,40,5,250,60,1,8,11,0,0.06,4,0.556,50,8,5
56,1,60,FrameTimeStutter,5.000,shockwave,practice,2026-09-16T14:18:06.7270312-04:00,4,1653,28.84609,15.9683,194.14,1348.09,64.000,2.000,-8.2774,9.5186,18.3774,Left,0,0,0,0,0.0000,50.000,0,0.000,0,127.500,71.914,4.500,0.0300,0.5714,370.00,shockwave,60,450;300;200;100;50,1.5,3,0.5,1,2,1,10,0,100,-10,5,250,40,5,250,60,1,8,11,0,0.06,4,0.556,50,8,5
56,1,60,FrameTimeStutter,5.000,shockwave,practice,2026-09-16T14:18:06.7270312-04:00,4,1654,28.86291,16.8168,367.16,1348.09,96.000,0.000,-6.5220,9.5186,18.3774,Left,0,0,0,0,0.0000,50.000,0,0.000,0,127.500,71.914,4.500,0.0300,0.5714,370.00,shockwave,60,450;300;200;100;50,1.5,3,0.5,1,2,1,10,0,100,-10,5,250,40,5,250,60,1,8,11,0,0.06,4,0.556,50,8,5
56,1,60,FrameTimeStutter,5.000,shockwave,practice,2026-09-16T14:18:06.7270312-04:00,4,1655,28.88028,17.3694,718.60,1344.48,195.000,-2.000,-2.9564,9.4820,18.3774,Left,0,0,0,0,0.0000,50.000,0,0.000,0,127.500,71.914,4.500,0.0300,0.5714,370.00,shockwave,60,450;300;200;100;50,1.5,3,0.5,1,2,1,10,0,100,-10,5,250,40,5,250,60,1,8,11,0,0.06,4,0.556,50,8,5
56,1,60,FrameTimeStutter,5.000,shockwave,practice,2026-09-16T14:18:06.7270312-04:00,4,1656,28.89649,16.2087,1039.40,1337.27,178.000,-4.000,0.2984,9.4089,18.3774,Left,0,0,0,0,0.0000,50.000,0,0.000,0,127.500,71.914,4.500,0.0300,0.5714,370.00,shockwave,60,450;300;200;100;50,1.5,3,0.5,1,2,1,10,0,100,-10,5,250,40,5,250,60,1,8,11,0,0.06,4,0.556,50,8,5
56,1,60,FrameTimeStutter,5.000,shockwave,practice,2026-09-16T14:18:06.7270312-04:00,4,1657,28.91369,17.2027,1396.25,1330.06,198.000,-4.000,3.9188,9.3357,18.3774,Left,0,0,0,0,0.0000,50.000,0,0.000,0,127.500,71.914,4.500,0.0300,0.5714,370.00,shockwave,60,450;300;200;100;50,1.5,3,0.5,1,2,1,10,0,100,-10,5,250,40,5,250,60,1,8,11,0,0.06,4,0.556,50,8,5
56,1,60,FrameTimeStutter,5.000,shockwave,practice,2026-09-16T14:18:06.7270312-04:00,4,1658,28.92978,16.0926,1729.66,1326.46,185.000,-2.000,7.3016,9.2992,18.3774,Left,0,0,0,0,0.0000,50.000,0,0.000,0,127.500,71.914,4.500,0.0300,0.5714,370.00,shockwave,60,450;300;200;100;50,1.5,3,0.5,1,2,1,10,0,100,-10,5,250,40,5,250,60,1,8,11,0,0.06,4,0.556,50,8,5
56,1,60,FrameTimeStutter,5.000,shockwave,practice,2026-09-16T14:18:06.7270312-04:00,4,1659,28.94665,16.8710,2043.25,1328.26,174.000,1.000,10.4833,9.3175,18.3774,Left,0,0,0,0,0.0000,50.000,0,0.000,0,127.500,71.914,4.500,0.0300,0.5714,370.00,shockwave,60,450;300;200;100;50,1.5,3,0.5,1,2,1,10,0,100,-10,5,250,40,5,250,60,1,8,11,0,0.06,4,0.556,50,8,5
56,1,60,FrameTimeStutter,5.000,shockwave,practice,2026-09-16T14:18:06.7270312-04:00,4,1660,28.96297,16.3170,2291.97,1330.06,138.000,1.000,13.0066,9.3357,18.3774,Left,0,0,0,0,0.0000,50.000,0,0.000,0,127.500,71.914,4.500,0.0300,0.5714,370.00,shockwave,60,450;300;200;100;50,1.5,3,0.5,1,2,1,10,0,100,-10,5,250,40,5,250,60,1,8,11,0,0.06,4,0.556,50,8,5
56,1,60,FrameTimeStutter,5.000,shockwave,practice,2026-09-16T14:18:06.7270312-04:00,4,1661,28.97976,16.7928,2457.77,1330.06,92.000,0.000,14.6889,9.3357,18.3774,Left,0,0,0,0,0.0000,50.000,0,0.000,0,127.500,71.914,4.500,0.0300,0.5714,370.00,shockwave,60,450;300;200;100;50,1.5,3,0.5,1,2,1,10,0,100,-10,5,250,40,5,250,60,1,8,11,0,0.06,4,0.556,50,8,5
56,1,60,FrameTimeStutter,5.000,shockwave,practice,2026-09-16T14:18:06.7270312-04:00,4,1662,28.99688,17.1155,2515.44,1322.85,32.000,-4.000,15.2740,9.2626,18.3774,Left,0,0,0,0,0.0000,50.000,0,0.000,0,127.500,71.914,4.500,0.0300,0.5714,370.00,shockwave,60,450;300;200;100;50,1.5,3,0.5,1,2,1,10,0,100,-10,5,250,40,5,250,60,1,8,11,0,0.06,4,0.556,50,8,5
56,1,60,FrameTimeStutter,5.000,shockwave,practice,2026-09-16T14:18:06.7270312-04:00,4,1663,29.01271,15.8298,2493.82,1319.25,-12.000,-2.000,15.0545,9.2260,18.3774,Left,0,0,0,0,0.0000,50.000,0,0.000,0,127.500,71.914,4.500,0.0300,0.5714,370.00,shockwave,60,450;300;200;100;50,1.5,3,0.5,1,2,1,10,0,100,-10,5,250,40,5,250,60,1,8,11,0,0.06,4,0.556,50,8,5
56,1,60,FrameTimeStutter,5.000,shockwave,practice,2026-09-16T14:18:06.7270312-04:00,4,1664,29.02974,17.0338,2401.90,1310.24,-51.000,-5.000,14.1220,9.1346,18.3774,Left,0,0,0,0,0.0000,50.000,1,50.000,0,127.500,71.914,4.500,0.0300,0.5714,370.00,shockwave,60,450;300;200;100;50,1.5,3,0.5,1,2,1,10,0,100,-10,5,250,40,5,250,60,1,8,11,0,0.06,4,0.556,50,8,5
56,1,60,FrameTimeStutter,5.000,shockwave,practice,2026-09-16T14:18:06.7270312-04:00,4,1665,29.08332,53.5802,1466.53,1310.24,-519.000,0.000,4.6319,9.1346,18.3774,Left,0,0,0,0,0.0000,50.000,0,0.000,1,127.500,71.914,4.500,0.0300,0.5714,370.00,shockwave,60,450;300;200;100;50,1.5,3,0.5,1,2,1,10,0,100,-10,5,250,40,5,250,60,1,8,11,0,0.06,4,0.556,50,8,5
56,1,60,FrameTimeStutter,5.000,shockwave,practice,2026-09-16T14:18:06.7270312-04:00,4,1666,29.09966,16.3399,1093.47,1319.25,-207.000,5.000,0.8468,9.2260,18.3774,Left,0,0,0,0,0.0000,50.000,0,0.000,1,127.500,71.914,4.500,0.0300,0.5714,370.00,shockwave,60,450;300;200;100;50,1.5,3,0.5,1,2,1,10,0,100,-10,5,250,40,5,250,60,1,8,11,0,0.06,4,0.556,50,8,5
56,1,60,FrameTimeStutter,5.000,shockwave,practice,2026-09-16T14:18:06.7270312-04:00,4,1667,29.11634,16.6777,729.41,1328.26,-202.000,5.000,-2.8468,9.3174,18.3774,Left,0,0,0,0,0.0000,50.000,0,0.000,1,127.500,71.914,4.500,0.0300,0.5714,370.00,shockwave,60,450;300;200;100;50,1.5,3,0.5,1,2,1,10,0,100,-10,5,250,40,5,250,60,1,8,11,0,0.06,4,0.556,50,8,5
56,1,60,FrameTimeStutter,5.000,shockwave,practice,2026-09-16T14:18:06.7270312-04:00,4,1668,29.13131,14.9746,377.97,1335.47,-195.000,4.000,-6.4124,9.3906,18.3774,Left,0,0,0,0,0.0000,50.000,0,0.000,1,127.500,71.914,4.500,0.0300,0.5714,370.00,shockwave,60,450;300;200;100;50,1.5,3,0.5,1,2,1,10,0,100,-10,5,250,40,5,250,60,1,8,11,0,0.06,4,0.556,50,8,5
56,1,60,FrameTimeStutter,5.000,shockwave,practice,2026-09-16T14:18:06.7270312-04:00,4,1669,29.14994,18.6251,80.60,1337.27,-165.000,1.000,-9.4295,9.4089,18.3774,Left,0,0,0,0,0.0000,50.000,0,0.000,1,127.500,71.914,4.500,0.0300,0.5714,370.00,shockwave,60,450;300;200;100;50,1.5,3,0.5,1,2,1,10,0,100,-10,5,250,40,5,250,60,1,8,11,0,0.06,4,0.556,50,8,5
56,1,60,FrameTimeStutter,5.000,shockwave,practice,2026-09-16T14:18:06.7270312-04:00,4,1670,29.16581,15.8739,-0.50,1337.27,-122.000,0.000,-11.6603,9.4089,18.3774,Left,0,0,0,0,0.0000,50.000,0,0.000,1,127.500,71.914,4.500,0.0300,0.5714,370.00,shockwave,60,450;300;200;100;50,1.5,3,0.5,1,2,1,10,0,100,-10,5,250,40,5,250,60,1,8,11,0,0.06,4,0.556,50,8,5
56,1,60,FrameTimeStutter,5.000,shockwave,practice,2026-09-16T14:18:06.7270312-04:00,4,1671,29.18284,17.0289,-0.50,1335.47,-64.000,-1.000,-12.8306,9.3906,18.3774,Left,0,0,0,0,0.0000,50.000,0,0.000,1,127.500,71.914,4.500,0.0300,0.5714,370.00,shockwave,60,450;300;200;100;50,1.5,3,0.5,1,2,1,10,0,100,-10,5,250,40,5,250,60,1,8,11,0,0.06,4,0.556,50,8,5
56,1,60,FrameTimeStutter,5.000,shockwave,practice,2026-09-16T14:18:06.7270312-04:00,4,1672,29.19915,16.3091,1.30,1333.67,-6.000,-1.000,-12.9403,9.3723,18.3774,Left,0,0,0,0,0.0000,50.000,0,0.000,1,127.500,71.914,4.500,0.0300,0.5714,370.00,shockwave,60,450;300;200;100;50,1.5,3,0.5,1,2,1,10,0,100,-10,5,250,40,5,250,60,1,8,11,0,0.06,4,0.556,50,8,5
56,1,60,FrameTimeStutter,5.000,shockwave,practice,2026-09-16T14:18:06.7270312-04:00,4,1673,29.21685,17.6978,95.02,1328.26,52.000,-3.000,-11.9895,9.3174,18.3774,Left,0,0,0,0,0.0000,50.000,0,0.000,1,127.500,71.914,4.500,0.0300,0.5714,370.00,shockwave,60,450;300;200;100;50,1.5,3,0.5,1,2,1,10,0,100,-10,5,250,40,5,250,60,1,8,11,0,0.06,4,0.556,50,8,5
56,1,60,FrameTimeStutter,5.000,shockwave,practice,2026-09-16T14:18:06.7270312-04:00,4,1674,29.23343,16.5806,278.85,1321.05,102.000,-4.000,-10.1244,9.2443,18.3774,Left,0,0,0,0,0.0000,50.000,0,0.000,1,127.500,71.914,4.500,0.0300,0.5714,370.00,shockwave,60,450;300;200;100;50,1.5,3,0.5,1,2,1,10,0,100,-10,5,250,40,5,250,60,1,8,11,0,0.06,4,0.556,50,8,5
56,1,60,FrameTimeStutter,5.000,shockwave,practice,2026-09-16T14:18:06.7270312-04:00,4,1675,29.24974,16.3056,550.99,1312.04,151.000,-5.000,-7.3633,9.1529,18.3774,Left,0,0,0,0,0.0000,50.000,0,0.000,1,127.500,71.914,4.500,0.0300,0.5714,370.00,shockwave,60,450;300;200;100;50,1.5,3,0.5,1,2,1,10,0,100,-10,5,250,40,5,250,60,1,8,11,0,0.06,4,0.556,50,8,5
56,1,60,FrameTimeStutter,5.000,shockwave,practice,2026-09-16T14:18:06.7270312-04:00,4,1676,29.26612,16.3873,877.20,1310.24,181.000,-1.000,-4.0537,9.1346,18.3774,Left,0,0,0,0,0.0000,50.000,0,0.000,1,127.500,71.914,4.500,0.0300,0.5714,370.00,shockwave,60,450;300;200;100;50,1.5,3,0.5,1,2,1,10,0,100,-10,5,250,40,5,250,60,1,8,11,0,0.06,4,0.556,50,8,5
56,1,60,FrameTimeStutter,5.000,shockwave,practice,2026-09-16T14:18:06.7270312-04:00,4,1677,29.28290,16.7798,1188.99,1313.84,173.000,2.000,-0.8904,9.1711,18.3774,Left,0,0,0,0,0.0000,50.000,0,0.000,1,127.500,71.914,4.500,0.0300,0.5714,370.00,shockwave,60,450;300;200;100;50,1.5,3,0.5,1,2,1,10,0,100,-10,5,250,40,5,250,60,1,8,11,0,0.06,4,0.556,50,8,5
56,1,60,FrameTimeStutter,5.000,shockwave,practice,2026-09-16T14:18:06.7270312-04:00,4,1678,29.29991,17.0042,1479.15,1317.45,161.000,2.000,2.0535,9.2077,18.3774,Left,0,0,0,0,0.0000,50.000,0,0.000,1,127.500,71.914,4.500,0.0300,0.5714,370.00,shockwave,60,450;300;200;100;50,1.5,3,0.5,1,2,1,10,0,100,-10,5,250,40,5,250,60,1,8,11,0,0.06,4,0.556,50,8,5
56,1,60,FrameTimeStutter,5.000,shockwave,practice,2026-09-16T14:18:06.7270312-04:00,4,1679,29.31601,16.0977,1747.69,1319.25,149.000,1.000,4.7780,9.2260,18.3774,Left,0,0,0,0,0.0000,50.000,0,0.000,1,127.500,71.914,4.500,0.0300,0.5714,370.00,shockwave,60,450;300;200;100;50,1.5,3,0.5,1,2,1,10,0,100,-10,5,250,40,5,250,60,1,8,11,0,0.06,4,0.556,50,8,5
56,1,60,FrameTimeStutter,5.000,shockwave,practice,2026-09-16T14:18:06.7270312-04:00,4,1680,29.33292,16.9130,1935.12,1319.25,104.000,0.000,6.6797,9.2260,18.3774,Left,0,0,0,0,0.0000,50.000,0,0.000,1,127.500,71.914,4.500,0.0300,0.5714,370.00,shockwave,60,450;300;200;100;50,1.5,3,0.5,1,2,1,10,0,100,-10,5,250,40,5,250,60,1,8,11,0,0.06,4,0.556,50,8,5
56,1,60,FrameTimeStutter,5.000,shockwave,practice,2026-09-16T14:18:06.7270312-04:00,4,1681,29.34977,16.8543,2070.29,1313.84,75.000,-3.000,8.0511,9.1711,18.3774,Left,0,0,0,0,0.0000,50.000,0,0.000,1,127.500,71.914,4.500,0.0300,0.5714,370.00,shockwave,60,450;300;200;100;50,1.5,3,0.5,1,2,1,10,0,100,-10,5,250,40,5,250,60,1,8,11,0,0.06,4,0.556,50,8,5
56,1,60,FrameTimeStutter,5.000,shockwave,practice,2026-09-16T14:18:06.7270312-04:00,4,1682,29.36644,16.6651,2109.94,1303.03,22.000,-6.000,8.4533,9.0614,18.3774,Left,0,0,0,0,0.0000,50.000,0,0.000,1,127.500,71.914,4.500,0.0300,0.5714,370.00,shockwave,60,450;300;200;100;50,1.5,3,0.5,1,2,1,10,0,100,-10,5,250,40,5,250,60,1,8,11,0,0.06,4,0.556,50,8,5
56,1,60,FrameTimeStutter,5.000,shockwave,practice,2026-09-16T14:18:06.7270312-04:00,4,1683,29.38333,16.8908,2086.51,1295.82,-13.000,-4.000,8.2156,8.9883,18.3774,Left,0,0,0,0,0.0000,50.000,0,0.000,1,127.500,71.914,4.500,0.0300,0.5714,370.00,shockwave,60,450;300;200;100;50,1.5,3,0.5,1,2,1,10,0,100,-10,5,250,40,5,250,60,1,8,11,0,0.06,4,0.556,50,8,5
56,1,60,FrameTimeStutter,5.000,shockwave,practice,2026-09-16T14:18:06.7270312-04:00,4,1684,29.39945,16.1212,2016.22,1286.81,-39.000,-5.000,7.5025,8.8968,18.3774,Left,0,0,0,0,0.0000,50.000,0,0.000,1,127.500,71.914,4.500,0.0300,0.5714,370.00,shockwave,60,450;300;200;100;50,1.5,3,0.5,1,2,1,10,0,100,-10,5,250,40,5,250,60,1,8,11,0,0.06,4,0.556,50,8,5
56,1,60,FrameTimeStutter,5.000,shockwave,practice,2026-09-16T14:18:06.7270312-04:00,4,1685,29.41685,17.4041,1832.39,1279.60,-102.000,-4.000,5.6374,8.8237,18.3774,Left,0,0,0,0,0.0000,50.000,0,0.000,1,127.500,71.914,4.500,0.0300,0.5714,370.00,shockwave,60,450;300;200;100;50,1.5,3,0.5,1,2,1,10,0,100,-10,5,250,40,5,250,60,1,8,11,0,0.06,4,0.556,50,8,5
56,1,60,FrameTimeStutter,5.000,shockwave,practice,2026-09-16T14:18:06.7270312-04:00,4,1686,29.43343,16.5819,1690.01,1279.60,-79.000,0.000,4.1929,8.8237,18.3774,Left,0,0,0,0,0.0000,50.000,0,0.000,1,127.500,71.914,4.500,0.0300,0.5714,370.00,shockwave,60,450;300;200;100;50,1.5,3,0.5,1,2,1,10,0,100,-10,5,250,40,5,250,60,1,8,11,0,0.06,4,0.556,50,8,5
56,1,60,FrameTimeStutter,5.000,shockwave,main,2026-09-16T14:18:43.8763942-04:00,0,0,0.00000,17.5903,1491.77,1279.60,0.000,0.000,3.4392,8.8259,7.2829,Left,0,0,0,1,4.1929,111.795,0,0.000,0,127.500,71.914,4.500,0.0300,0.0000,0.00,shockwave,60,450;300;200;100;50,1.5,3,0.5,1,2,1,10,0,100,-10,5,250,40,5,250,60,1,8,11,0,0.06,4,0.556,50,8,5
56,1,60,FrameTimeStutter,5.000,shockwave,main,2026-09-16T14:18:43.8763942-04:00,0,1,0.01578,15.7794,1491.77,1279.60,0.000,0.000,3.4392,8.8259,7.2829,Left,0,0,0,0,0.0000,111.795,0,0.000,0,127.500,71.914,4.500,0.0300,0.0000,0.00,shockwave,60,450;300;200;100;50,1.5,3,0.5,1,2,1,10,0,100,-10,5,250,40,5,250,60,1,8,11,0,0.06,4,0.556,50,8,5
56,1,60,FrameTimeStutter,5.000,shockwave,main,2026-09-16T14:18:43.8763942-04:00,0,2,0.03231,16.5288,1491.77,1279.60,0.000,0.000,3.4392,8.8259,7.2829,Left,0,0,0,0,0.0000,111.795,0,0.000,0,127.500,71.914,4.500,0.0300,0.0000,0.00,shockwave,60,450;300;200;100;50,1.5,3,0.5,1,2,1,10,0,100,-10,5,250,40,5,250,60,1,8,11,0,0.06,4,0.556,50,8,5
56,1,60,FrameTimeStutter,5.000,shockwave,main,2026-09-16T14:18:43.8763942-04:00,0,3,0.04905,16.7411,1491.77,1279.60,0.000,0.000,3.4392,8.8259,7.2829,Left,0,0,0,0,0.0000,111.795,0,0.000,0,127.500,71.914,4.500,0.0300,0.0000,0.00,shockwave,60,450;300;200;100;50,1.5,3,0.5,1,2,1,10,0,100,-10,5,250,40,5,250,60,1,8,11,0,0.06,4,0.556,50,8,5
56,1,60,FrameTimeStutter,5.000,shockwave,main,2026-09-16T14:18:43.8763942-04:00,0,4,0.06643,17.3771,1491.77,1279.60,0.000,0.000,3.4392,8.8259,7.2829,Left,0,0,0,0,0.0000,111.795,0,0.000,0,127.500,71.914,4.500,0.0300,0.0000,0.00,shockwave,60,450;300;200;100;50,1.5,3,0.5,1,2,1,10,0,100,-10,5,250,40,5,250,60,1,8,11,0,0.06,4,0.556,50,8,5
56,1,60,FrameTimeStutter,5.000,shockwave,main,2026-09-16T14:18:43.8763942-04:00,0,5,0.08236,15.9293,1491.77,1279.60,0.000,0.000,3.4392,8.8259,7.2829,Left,0,0,0,0,0.0000,111.795,0,0.000,0,127.500,71.914,4.500,0.0300,0.0000,0.00,shockwave,60,450;300;200;100;50,1.5,3,0.5,1,2,1,10,0,100,-10,5,250,40,5,250,60,1,8,11,0,0.06,4,0.556,50,8,5
56,1,60,FrameTimeStutter,5.000,shockwave,main,2026-09-16T14:18:43.8763942-04:00,0,6,0.09967,17.3171,1491.77,1279.60,0.000,0.000,3.4392,8.8259,7.2829,Left,0,0,0,0,0.0000,111.795,0,0.000,0,127.500,71.914,4.500,0.0300,0.0000,0.00,shockwave,60,450;300;200;100;50,1.5,3,0.5,1,2,1,10,0,100,-10,5,250,40,5,250,60,1,8,11,0,0.06,4,0.556,50,8,5
56,1,60,FrameTimeStutter,5.000,shockwave,main,2026-09-16T14:18:43.8763942-04:00,0,7,0.11639,16.7145,1491.77,1279.60,0.000,0.000,3.4392,8.8259,7.2829,Left,0,0,0,0,0.0000,111.795,0,0.000,0,127.500,71.914,4.500,0.0300,0.0000,0.00,shockwave,60,450;300;200;100;50,1.5,3,0.5,1,2,1,10,0,100,-10,5,250,40,5,250,60,1,8,11,0,0.06,4,0.556,50,8,5
56,1,60,FrameTimeStutter,5.000,shockwave,main,2026-09-16T14:18:43.8763942-04:00,0,8,0.13289,16.5046,1491.77,1279.60,0.000,0.000,3.4392,8.8259,7.2829,Left,0,0,0,0,0.0000,111.795,0,0.000,0,127.500,71.914,4.500,0.0300,0.0000,0.00,shockwave,60,450;300;200;100;50,1.5,3,0.5,1,2,1,10,0,100,-10,5,250,40,5,250,60,1,8,11,0,0.06,4,0.556,50,8,5
56,1,60,FrameTimeStutter,5.000,shockwave,main,2026-09-16T14:18:43.8763942-04:00,0,9,0.14876,15.8670,1491.77,1279.60,0.000,0.000,3.4392,8.8259,7.2829,Left,0,0,0,0,0.0000,111.795,0,0.000,0,127.500,71.914,4.500,0.0300,0.0000,0.00,shockwave,60,450;300;200;100;50,1.5,3,0.5,1,2,1,10,0,100,-10,5,250,40,5,250,60,1,8,11,0,0.06,4,0.556,50,8,5
56,1,60,FrameTimeStutter,5.000,shockwave,main,2026-09-16T14:18:43.8763942-04:00,0,10,0.16577,17.0086,1491.77,1279.60,0.000,0.000,3.4392,8.8259,7.2829,Left,0,0,0,0,0.0000,111.795,0,0.000,0,127.500,71.914,4.500,0.0300,0.0000,0.00,shockwave,60,450;300;200;100;50,1.5,3,0.5,1,2,1,10,0,100,-10,5,250,40,5,250,60,1,8,11,0,0.06,4,0.556,50,8,5
56,1,60,FrameTimeStutter,5.000,shockwave,main,2026-09-16T14:18:43.8763942-04:00,0,11,0.18289,17.1242,1491.77,1279.60,0.000,0.000,3.4392,8.8259,7.2829,Left,0,0,0,0,0.0000,111.795,0,0.000,0,127.500,71.914,4.500,0.0300,0.0000,0.00,shockwave,60,450;300;200;100;50,1.5,3,0.5,1,2,1,10,0,100,-10,5,250,40,5,250,60,1,8,11,0,0.06,4,0.556,50,8,5
56,1,60,FrameTimeStutter,5.000,shockwave,main,2026-09-16T14:18:43.8763942-04:00,0,12,0.19939,16.4982,1491.77,1279.60,0.000,0.000,3.4392,8.8259,7.2829,Left,0,0,0,0,0.0000,111.795,0,0.000,0,127.500,71.914,4.500,0.0300,0.0000,0.00,shockwave,60,450;300;200;100;50,1.5,3,0.5,1,2,1,10,0,100,-10,5,250,40,5,250,60,1,8,11,0,0.06,4,0.556,50,8,5
56,1,60,FrameTimeStutter,5.000,shockwave,main,2026-09-16T14:18:43.8763942-04:00,0,13,0.21575,16.3587,1491.77,1279.60,0.000,0.000,3.4392,8.8259,7.2829,Left,0,0,0,0,0.0000,111.795,0,0.000,0,127.500,71.914,4.500,0.0300,0.0000,0.00,shockwave,60,450;300;200;100;50,1.5,3,0.5,1,2,1,10,0,100,-10,5,250,40,5,250,60,1,8,11,0,0.06,4,0.556,50,8,5
56,1,60,FrameTimeStutter,5.000,shockwave,main,2026-09-16T14:18:43.8763942-04:00,0,14,0.23251,16.7567,1491.77,1279.60,0.000,0.000,3.4392,8.8259,7.2829,Left,0,0,0,0,0.0000,111.795,0,0.000,0,127.500,71.914,4.500,0.0300,0.0000,0.00,shockwave,60,450;300;200;100;50,1.5,3,0.5,1,2,1,10,0,100,-10,5,250,40,5,250,60,1,8,11,0,0.06,4,0.556,50,8,5
56,1,60,FrameTimeStutter,5.000,shockwave,main,2026-09-16T14:18:43.8763942-04:00,0,15,0.24961,17.1045,1491.77,1279.60,0.000,0.000,3.4392,8.8259,7.2829,Left,0,0,0,0,0.0000,111.795,0,0.000,0,127.500,71.914,4.500,0.0300,0.0000,0.00,shockwave,60,450;300;200;100;50,1.5,3,0.5,1,2,1,10,0,100,-10,5,250,40,5,250,60,1,8,11,0,0.06,4,0.556,50,8,5
56,1,60,FrameTimeStutter,5.000,shockwave,main,2026-09-16T14:18:43.8763942-04:00,0,16,0.26580,16.1862,1491.77,1279.60,0.000,0.000,3.4392,8.8259,7.2829,Left,0,0,0,0,0.0000,111.795,0,0.000,0,127.500,71.914,4.500,0.0300,0.0000,0.00,shockwave,60,450;300;200;100;50,1.5,3,0.5,1,2,1,10,0,100,-10,5,250,40,5,250,60,1,8,11,0,0.06,4,0.556,50,8,5
56,1,60,FrameTimeStutter,5.000,shockwave,main,2026-09-16T14:18:43.8763942-04:00,0,17,0.28236,16.5637,1491.77,1279.60,0.000,0.000,3.4392,8.8259,7.2829,Left,0,0,0,0,0.0000,111.795,0,0.000,0,127.500,71.914,4.500,0.0300,0.0000,0.00,shockwave,60,450;300;200;100;50,1.5,3,0.5,1,2,1,10,0,100,-10,5,250,40,5,250,60,1,8,11,0,0.06,4,0.556,50,8,5
56,1,60,FrameTimeStutter,5.000,shockwave,main,2026-09-16T14:18:43.8763942-04:00,0,18,0.29906,16.6984,1491.77,1279.60,0.000,0.000,3.4392,8.8259,7.2829,Left,0,0,0,0,0.0000,111.795,0,0.000,0,127.500,71.914,4.500,0.0300,0.0000,0.00,shockwave,60,450;300;200;100;50,1.5,3,0.5,1,2,1,10,0,100,-10,5,250,40,5,250,60,1,8,11,0,0.06,4,0.556,50,8,5
56,1,60,FrameTimeStutter,5.000,shockwave,main,2026-09-16T14:18:43.8763942-04:00,0,19,0.31633,17.2678,1491.77,1279.60,0.000,0.000,3.4392,8.8259,7.2829,Left,0,0,0,0,0.0000,111.795,0,0.000,0,127.500,71.914,4.500,0.0300,0.0000,0.00,shockwave,60,450;300;200;100;50,1.5,3,0.5,1,2,1,10,0,100,-10,5,250,40,5,250,60,1,8,11,0,0.06,4,0.556,50,8,5
56,1,60,FrameTimeStutter,5.000,shockwave,main,2026-09-16T14:18:43.8763942-04:00,0,20,0.33305,16.7194,1491.77,1279.60,0.000,0.000,3.4392,8.8259,7.2829,Left,0,0,0,0,0.0000,111.795,0,0.000,0,127.500,71.914,4.500,0.0300,0.0000,0.00,shockwave,60,450;300;200;100;50,1.5,3,0.5,1,2,1,10,0,100,-10,5,250,40,5,250,60,1,8,11,0,0.06,4,0.556,50,8,5
56,1,60,FrameTimeStutter,5.000,shockwave,main,2026-09-16T14:18:43.8763942-04:00,0,21,0.34909,16.0500,1491.77,1279.60,0.000,0.000,3.4392,8.8259,7.2829,Left,0,0,0,0,0.0000,111.795,0,0.000,0,127.500,71.914,4.500,0.0300,0.0000,0.00,shockwave,60,450;300;200;100;50,1.5,3,0.5,1,2,1,10,0,100,-10,5,250,40,5,250,60,1,8,11,0,0.06,4,0.556,50,8,5
56,1,60,FrameTimeStutter,5.000,shockwave,main,2026-09-16T14:18:43.8763942-04:00,0,22,0.36625,17.1513,1491.77,1279.60,0.000,0.000,3.4392,8.8259,7.2829,Left,0,0,0,0,0.0000,111.795,0,0.000,0,127.500,71.914,4.500,0.0300,0.0000,0.00,shockwave,60,450;300;200;100;50,1.5,3,0.5,1,2,1,10,0,100,-10,5,250,40,5,250,60,1,8,11,0,0.06,4,0.556,50,8,5
56,1,60,FrameTimeStutter,5.000,shockwave,main,2026-09-16T14:18:43.8763942-04:00,0,23,0.38252,16.2723,1491.77,1279.60,0.000,0.000,3.4392,8.8259,7.2829,Left,0,0,0,0,0.0000,111.795,0,0.000,0,127.500,71.914,4.500,0.0300,0.0000,0.00,shockwave,60,450;300;200;100;50,1.5,3,0.5,1,2,1,10,0,100,-10,5,250,40,5,250,60,1,8,11,0,0.06,4,0.556,50,8,5
56,1,60,FrameTimeStutter,5.000,shockwave,main,2026-09-16T14:18:43.8763942-04:00,0,24,0.39924,16.7203,1491.77,1279.60,0.000,0.000,3.4392,8.8259,7.2829,Left,0,0,0,0,0.0000,111.795,0,0.000,0,127.500,71.914,4.500,0.0300,0.0000,0.00,shockwave,60,450;300;200;100;50,1.5,3,0.5,1,2,1,10,0,100,-10,5,250,40,5,250,60,1,8,11,0,0.06,4,0.556,50,8,5
56,1,60,FrameTimeStutter,5.000,shockwave,main,2026-09-16T14:18:43.8763942-04:00,0,25,0.41579,16.5529,1491.77,1279.60,0.000,0.000,3.4392,8.8259,7.2829,Left,0,0,0,0,0.0000,111.795,0,0.000,0,127.500,71.914,4.500,0.0300,0.0000,0.00,shockwave,60,450;300;200;100;50,1.5,3,0.5,1,2,1,10,0,100,-10,5,250,40,5,250,60,1,8,11,0,0.06,4,0.556,50,8,5
56,1,60,FrameTimeStutter,5.000,shockwave,main,2026-09-16T14:18:43.8763942-04:00,0,26,0.43243,16.6437,1491.77,1279.60,0.000,0.000,3.4392,8.8259,7.2829,Left,0,0,0,0,0.0000,111.795,0,0.000,0,127.500,71.914,4.500,0.0300,0.0000,0.00,shockwave,60,450;300;200;100;50,1.5,3,0.5,1,2,1,10,0,100,-10,5,250,40,5,250,60,1,8,11,0,0.06,4,0.556,50,8,5
56,1,60,FrameTimeStutter,5.000,shockwave,main,2026-09-16T14:18:43.8763942-04:00,0,27,0.44971,17.2805,1491.77,1279.60,0.000,0.000,3.4392,8.8259,7.2829,Left,0,0,0,0,0.0000,111.795,0,0.000,0,127.500,71.914,4.500,0.0300,0.0000,0.00,shockwave,60,450;300;200;100;50,1.5,3,0.5,1,2,1,10,0,100,-10,5,250,40,5,250,60,1,8,11,0,0.06,4,0.556,50,8,5
56,1,60,FrameTimeStutter,5.000,shockwave,main,2026-09-16T14:18:43.8763942-04:00,0,28,0.46617,16.4505,1491.77,1279.60,0.000,0.000,3.4392,8.8259,7.2829,Left,0,0,0,0,0.0000,111.795,0,0.000,0,127.500,71.914,4.500,0.0300,0.0000,0.00,shockwave,60,450;300;200;100;50,1.5,3,0.5,1,2,1,10,0,100,-10,5,250,40,5,250,60,1,8,11,0,0.06,4,0.556,50,8,5
56,1,60,FrameTimeStutter,5.000,shockwave,main,2026-09-16T14:18:43.8763942-04:00,0,29,0.48295,16.7851,1491.77,1279.60,0.000,0.000,3.4392,8.8259,7.2829,Left,0,0,0,0,0.0000,111.795,0,0.000,0,127.500,71.914,4.500,0.0300,0.0000,0.00,shockwave,60,450;300;200;100;50,1.5,3,0.5,1,2,1,10,0,100,-10,5,250,40,5,250,60,1,8,11,0,0.06,4,0.556,50,8,5
56,1,60,FrameTimeStutter,5.000,shockwave,main,2026-09-16T14:18:43.8763942-04:00,0,30,0.49960,16.6538,1491.77,1279.60,0.000,0.000,3.4392,8.8259,7.2829,Left,0,0,0,0,0.0000,111.795,0,0.000,0,127.500,71.914,4.500,0.0300,0.0000,0.00,shockwave,60,450;300;200;100;50,1.5,3,0.5,1,2,1,10,0,100,-10,5,250,40,5,250,60,1,8,11,0,0.06,4,0.556,50,8,5
56,1,60,FrameTimeStutter,5.000,shockwave,main,2026-09-16T14:18:43.8763942-04:00,0,31,0.51556,15.9578,1491.77,1279.60,0.000,0.000,3.4392,8.8259,7.2829,Left,0,0,0,0,0.0000,111.795,0,0.000,0,127.500,71.914,4.500,0.0300,0.0000,0.00,shockwave,60,450;300;200;100;50,1.5,3,0.5,1,2,1,10,0,100,-10,5,250,40,5,250,60,1,8,11,0,0.06,4,0.556,50,8,5
56,1,60,FrameTimeStutter,5.000,shockwave,main,2026-09-16T14:18:43.8763942-04:00,0,32,0.53222,16.6527,1491.77,1279.60,0.000,0.000,3.4392,8.8259,7.2829,Left,0,0,0,0,0.0000,111.795,0,0.000,0,127.500,71.914,4.500,0.0300,0.0000,0.00,shockwave,60,450;300;200;100;50,1.5,3,0.5,1,2,1,10,0,100,-10,5,250,40,5,250,60,1,8,11,0,0.06,4,0.556,50,8,5
56,1,60,FrameTimeStutter,5.000,shockwave,main,2026-09-16T14:18:43.8763942-04:00,0,33,0.54890,16.6823,1491.77,1279.60,0.000,0.000,3.4392,8.8259,7.2829,Left,0,0,0,0,0.0000,111.795,0,0.000,0,127.500,71.914,4.500,0.0300,0.0000,0.00,shockwave,60,450;300;200;100;50,1.5,3,0.5,1,2,1,10,0,100,-10,5,250,40,5,250,60,1,8,11,0,0.06,4,0.556,50,8,5
56,1,60,FrameTimeStutter,5.000,shockwave,main,2026-09-16T14:18:43.8763942-04:00,0,34,0.56591,17.0172,1491.77,1279.60,0.000,0.000,3.4392,8.8259,7.2829,Left,0,0,0,0,0.0000,111.795,0,0.000,0,127.500,71.914,4.500,0.0300,0.0000,0.00,shockwave,60,450;300;200;100;50,1.5,3,0.5,1,2,1,10,0,100,-10,5,250,40,5,250,60,1,8,11,0,0.06,4,0.556,50,8,5
56,1,60,FrameTimeStutter,5.000,shockwave,main,2026-09-16T14:18:43.8763942-04:00,0,35,0.58257,16.6491,1491.77,1279.60,0.000,0.000,3.4392,8.8259,7.2829,Left,0,0,0,0,0.0000,111.795,0,0.000,0,127.500,71.914,4.500,0.0300,0.0000,0.00,shockwave,60,450;300;200;100;50,1.5,3,0.5,1,2,1,10,0,100,-10,5,250,40,5,250,60,1,8,11,0,0.06,4,0.556,50,8,5
56,1,60,FrameTimeStutter,5.000,shockwave,main,2026-09-16T14:18:43.8763942-04:00,0,36,0.59905,16.4870,1491.77,1279.60,0.000,0.000,3.4392,8.8259,7.2829,Left,0,0,0,0,0.0000,111.795,0,0.000,0,127.500,71.914,4.500,0.0300,0.0000,0.00,shockwave,60,450;300;200;100;50,1.5,3,0.5,1,2,1,10,0,100,-10,5,250,40,5,250,60,1,8,11,0,0.06,4,0.556,50,8,5
56,1,60,FrameTimeStutter,5.000,shockwave,main,2026-09-16T14:18:43.8763942-04:00,0,37,0.61640,17.3456,1491.77,1279.60,0.000,0.000,3.4392,8.8259,7.2829,Left,0,0,0,0,0.0000,111.795,0,0.000,0,127.500,71.914,4.500,0.0300,0.0000,0.00,shockwave,60,450;300;200;100;50,1.5,3,0.5,1,2,1,10,0,100,-10,5,250,40,5,250,60,1,8,11,0,0.06,4,0.556,50,8,5
56,1,60,FrameTimeStutter,5.000,shockwave,main,2026-09-16T14:18:43.8763942-04:00,0,38,0.63271,16.3136,1491.77,1279.60,0.000,0.000,3.4392,8.8259,7.2829,Left,0,0,0,0,0.0000,111.795,0,0.000,0,127.500,71.914,4.500,0.0300,0.0000,0.00,shockwave,60,450;300;200;100;50,1.5,3,0.5,1,2,1,10,0,100,-10,5,250,40,5,250,60,1,8,11,0,0.06,4,0.556,50,8,5
56,1,60,FrameTimeStutter,5.000,shockwave,main,2026-09-16T14:18:43.8763942-04:00,0,39,0.64930,16.5888,1491.77,1279.60,0.000,0.000,3.4392,8.8259,7.2829,Left,0,0,0,0,0.0000,111.795,0,0.000,0,127.500,71.914,4.500,0.0300,0.0000,0.00,shockwave,60,450;300;200;100;50,1.5,3,0.5,1,2,1,10,0,100,-10,5,250,40,5,250,60,1,8,11,0,0.06,4,0.556,50,8,5
56,1,60,FrameTimeStutter,5.000,shockwave,main,2026-09-16T14:18:43.8763942-04:00,0,40,0.66605,16.7548,1491.77,1279.60,0.000,0.000,3.4392,8.8259,7.2829,Left,0,0,0,0,0.0000,111.795,0,0.000,0,127.500,71.914,4.500,0.0300,0.0000,0.00,shockwave,60,450;300;200;100;50,1.5,3,0.5,1,2,1,10,0,100,-10,5,250,40,5,250,60,1,8,11,0,0.06,4,0.556,50,8,5
56,1,60,FrameTimeStutter,5.000,shockwave,main,2026-09-16T14:18:43.8763942-04:00,0,41,0.68253,16.4724,1491.77,1279.60,0.000,0.000,3.4392,8.8259,7.2829,Left,0,0,0,0,0.0000,111.795,0,0.000,0,127.500,71.914,4.500,0.0300,0.0000,0.00,shockwave,60,450;300;200;100;50,1.5,3,0.5,1,2,1,10,0,100,-10,5,250,40,5,250,60,1,8,11,0,0.06,4,0.556,50,8,5
56,1,60,FrameTimeStutter,5.000,shockwave,main,2026-09-16T14:18:43.8763942-04:00,0,42,0.69966,17.1349,1491.77,1279.60,0.000,0.000,3.4392,8.8259,7.2829,Left,0,0,0,0,0.0000,111.795,0,0.000,0,127.500,71.914,4.500,0.0300,0.0000,0.00,shockwave,60,450;300;200;100;50,1.5,3,0.5,1,2,1,10,0,100,-10,5,250,40,5,250,60,1,8,11,0,0.06,4,0.556,50,8,5
56,1,60,FrameTimeStutter,5.000,shockwave,main,2026-09-16T14:18:43.8763942-04:00,0,43,0.71566,15.9941,1495.37,1279.60,2.000,0.000,3.4758,8.8259,7.2829,Left,0,0,0,0,0.0000,111.795,0,0.000,0,127.500,71.914,4.500,0.0300,0.0000,0.00,shockwave,60,450;300;200;100;50,1.5,3,0.5,1,2,1,10,0,100,-10,5,250,40,5,250,60,1,8,11,0,0.06,4,0.556,50,8,5
56,1,60,FrameTimeStutter,5.000,shockwave,main,2026-09-16T14:18:43.8763942-04:00,0,44,0.73294,17.2889,1504.38,1279.60,5.000,0.000,3.5673,8.8259,7.2829,Left,0,0,0,0,0.0000,111.795,0,0.000,0,127.500,71.914,4.500,0.0300,0.0000,0.00,shockwave,60,450;300;200;100;50,1.5,3,0.5,1,2,1,10,0,100,-10,5,250,40,5,250,60,1,8,11,0,0.06,4,0.556,50,8,5
56,1,60,FrameTimeStutter,5.000,shockwave,main,2026-09-16T14:18:43.8763942-04:00,0,45,0.74971,16.7642,1529.61,1279.60,14.000,0.000,3.8233,8.8259,7.2829,Left,0,0,0,0,0.0000,111.795,0,0.000,0,127.500,71.914,4.500,0.0300,0.0000,0.00,shockwave,60,450;300;200;100;50,1.5,3,0.5,1,2,1,10,0,100,-10,5,250,40,5,250,60,1,8,11,0,0.06,4,0.556,50,8,5
56,1,60,FrameTimeStutter,5.000,shockwave,main,2026-09-16T14:18:43.8763942-04:00,0,46,0.76635,16.6408,1563.86,1279.60,19.000,0.000,4.1707,8.8259,7.2829,Left,0,0,0,0,0.0000,111.795,0,0.000,0,127.500,71.914,4.500,0.0300,0.0000,0.00,shockwave,60,450;300;200;100;50,1.5,3,0.5,1,2,1,10,0,100,-10,5,250,40,5,250,60,1,8,11,0,0.06,4,0.556,50,8,5
56,1,60,FrameTimeStutter,5.000,shockwave,main,2026-09-16T14:18:43.8763942-04:00,0,47,0.78244,16.0885,1614.32,1279.60,28.000,0.000,4.6828,8.8259,7.2829,Left,0,0,0,0,0.0000,111.795,0,0.000,0,127.500,71.914,4.500,0.0300,0.0000,0.00,shockwave,60,450;300;200;100;50,1.5,3,0.5,1,2,1,10,0,100,-10,5,250,40,5,250,60,1,8,11,0,0.06,4,0.556,50,8,5
56,1,60,FrameTimeStutter,5.000,shockwave,main,2026-09-16T14:18:43.8763942-04:00,0,48,0.79904,16.6033,1664.78,1279.60,28.000,0.000,5.1948,8.8259,7.2829,Left,0,0,0,0,0.0000,111.795,0,0.000,0,127.500,71.914,4.500,0.0300,0.0000,0.00,shockwave,60,450;300;200;100;50,1.5,3,0.5,1,2,1,10,0,100,-10,5,250,40,5,250,60,1,8,11,0,0.06,4,0.556,50,8,5
56,1,60,FrameTimeStutter,5.000,shockwave,main,2026-09-16T14:18:43.8763942-04:00,0,49,0.81562,16.5765,1718.85,1279.60,30.000,0.000,5.7434,8.8259,7.2829,Left,0,0,0,0,0.0000,111.795,0,0.000,0,127.500,71.914,4.500,0.0300,0.0000,0.00,shockwave,60,450;300;200;100;50,1.5,3,0.5,1,2,1,10,0,100,-10,5,250,40,5,250,60,1,8,11,0,0.06,4,0.556,50,8,5
56,1,60,FrameTimeStutter,5.000,shockwave,main,2026-09-16T14:18:43.8763942-04:00,0,50,0.83263,17.0163,1771.11,1279.60,29.000,0.000,6.2737,8.8259,7.2829,Left,0,0,0,0,0.0000,111.795,0,0.000,0,127.500,71.914,4.500,0.0300,0.0000,0.00,shockwave,60,450;300;200;100;50,1.5,3,0.5,1,2,1,10,0,100,-10,5,250,40,5,250,60,1,8,11,0,0.06,4,0.556,50,8,5
56,1,60,FrameTimeStutter,5.000,shockwave,main,2026-09-16T14:18:43.8763942-04:00,0,51,0.84962,16.9894,1845.01,1277.80,41.000,-1.000,7.0234,8.8076,7.2829,Left,0,0,0,0,0.0000,111.795,0,0.000,0,127.500,71.914,4.500,0.0300,0.0000,0.00,shockwave,60,450;300;200;100;50,1.5,3,0.5,1,2,1,10,0,100,-10,5,250,40,5,250,60,1,8,11,0,0.06,4,0.556,50,8,5
56,1,60,FrameTimeStutter,5.000,shockwave,main,2026-09-16T14:18:43.8763942-04:00,0,52,0.86604,16.4134,1891.87,1277.80,26.000,0.000,7.4988,8.8076,7.2829,Left,0,0,0,0,0.0000,111.795,0,0.000,0,127.500,71.914,4.500,0.0300,0.0000,0.00,shockwave,60,450;300;200;100;50,1.5,3,0.5,1,2,1,10,0,100,-10,5,250,40,5,250,60,1,8,11,0,0.06,4,0.556,50,8,5
56,1,60,FrameTimeStutter,5.000,shockwave,main,2026-09-16T14:18:43.8763942-04:00,0,53,0.88273,16.6927,1944.13,1277.80,29.000,0.000,8.0291,8.8076,7.2829,Left,0,0,0,0,0.0000,111.795,0,0.000,0,127.500,71.914,4.500,0.0300,0.0000,0.00,shockwave,60,450;300;200;100;50,1.5,3,0.5,1,2,1,10,0,100,-10,5,250,40,5,250,60,1,8,11,0,0.06,4,0.556,50,8,5
56,1,60,FrameTimeStutter,5.000,shockwave,main,2026-09-16T14:18:43.8763942-04:00,0,54,0.89922,16.4945,1989.19,1276.00,25.000,-1.000,8.4863,8.7893,7.2829,Right,0,0,0,0,0.0000,111.795,0,0.000,0,127.500,71.914,4.500,0.0300,0.0000,0.00,shockwave,60,450;300;200;100;50,1.5,3,0.5,1,2,1,10,0,100,-10,5,250,40,5,250,60,1,8,11,0,0.06,4,0.556,50,8,5
56,1,60,FrameTimeStutter,5.000,shockwave,main,2026-09-16T14:18:43.8763942-04:00,0,55,0.91546,16.2346,2027.03,1276.00,21.000,0.000,8.8704,8.7893,7.2829,Right,0,0,0,0,0.0000,111.795,0,0.000,0,127.500,71.914,4.500,0.0300,0.0000,0.00,shockwave,60,450;300;200;100;50,1.5,3,0.5,1,2,1,10,0,100,-10,5,250,40,5,250,60,1,8,11,0,0.06,4,0.556,50,8,5
56,1,60,FrameTimeStutter,5.000,shockwave,main,2026-09-16T14:18:43.8763942-04:00,0,56,0.93242,16.9632,2063.08,1274.19,20.000,-1.000,9.2361,8.7710,7.2829,Right,0,0,0,0,0.0000,111.795,0,0.000,0,127.500,71.914,4.500,0.0300,0.0000,0.00,shockwave,60,450;300;200;100;50,1.5,3,0.5,1,2,1,10,0,100,-10,5,250,40,5,250,60,1,8,11,0,0.06,4,0.556,50,8,5
56,1,60,FrameTimeStutter,5.000,shockwave,main,2026-09-16T14:18:43.8763942-04:00,0,57,0.94906,16.6396,2100.93,1274.19,21.000,0.000,9.6202,8.7710,7.2829,Right,0,0,0,0,0.0000,111.795,0,0.000,0,127.500,71.914,4.500,0.0300,0.0000,0.00,shockwave,60,450;300;200;100;50,1.5,3,0.5,1,2,1,10,0,100,-10,5,250,40,5,250,60,1,8,11,0,0.06,4,0.556,50,8,5
56,1,60,FrameTimeStutter,5.000,shockwave,main,2026-09-16T14:18:43.8763942-04:00,0,58,0.96631,17.2466,2131.56,1272.39,17.000,-1.000,9.9311,8.7527,7.2829,Right,0,0,0,0,0.0000,111.795,0,0.000,0,127.500,71.914,4.500,0.0300,0.0000,0.00,shockwave,60,450;300;200;100;50,1.5,3,0.5,1,2,1,10,0,100,-10,5,250,40,5,250,60,1,8,11,0,0.06,4,0.556,50,8,5
56,1,60,FrameTimeStutter,5.000,shockwave,main,2026-09-16T14:18:43.8763942-04:00,0,59,0.98215,15.8484,2156.80,1272.39,14.000,0.000,10.1871,8.7527,7.2829,Right,0,0,0,0,0.0000,111.795,0,0.000,0,127.500,71.914,4.500,0.0300,0.0000,0.00,shockwave,60,450;300;200;100;50,1.5,3,0.5,1,2,1,10,0,100,-10,5,250,40,5,250,60,1,8,11,0,0.06,4,0.556,50,8,5
56,1,60,FrameTimeStutter,5.000,shockwave,main,2026-09-16T14:18:43.8763942-04:00,0,60,0.99899,16.8335,2180.23,1272.39,13.000,0.000,10.4249,8.7527,7.2829,Right,0,0,0,0,0.0000,111.795,0,0.000,0,127.500,71.914,4.500,0.0300,0.0000,0.00,shockwave,60,450;300;200;100;50,1.5,3,0.5,1,2,1,10,0,100,-10,5,250,40,5,250,60,1,8,11,0,0.06,4,0.556,50,8,5
56,1,60,FrameTimeStutter,5.000,shockwave,main,2026-09-16T14:18:43.8763942-04:00,0,61,1.01569,16.6972,2212.67,1272.39,18.000,0.000,10.7541,8.7527,7.2829,Right,0,0,0,0,0.0000,111.795,0,0.000,0,127.500,71.914,4.500,0.0300,0.0000,0.00,shockwave,60,450;300;200;100;50,1.5,3,0.5,1,2,1,10,0,100,-10,5,250,40,5,250,60,1,8,11,0,0.06,4,0.556,50,8,5
56,1,60,FrameTimeStutter,5.000,shockwave,main,2026-09-16T14:18:43.8763942-04:00,0,62,1.03218,16.4947,2261.33,1272.39,27.000,0.000,11.2478,8.7527,7.2829,Right,0,0,0,0,0.0000,111.795,0,0.000,0,127.500,71.914,4.500,0.0300,0.0000,0.00,shockwave,60,450;300;200;100;50,1.5,3,0.5,1,2,1,10,0,100,-10,5,250,40,5,250,60,1,8,11,0,0.06,4,0.556,50,8,5
56,1,60,FrameTimeStutter,5.000,shockwave,main,2026-09-16T14:18:43.8763942-04:00,0,63,1.04931,17.1277,2322.60,1270.59,34.000,-1.000,11.8695,8.7344,7.2829,Right,0,0,0,0,0.0000,111.795,0,0.000,0,127.500,71.914,4.500,0.0300,0.0000,0.00,shockwave,60,450;300;200;100;50,1.5,3,0.5,1,2,1,10,0,100,-10,5,250,40,5,250,60,1,8,11,0,0.06,4,0.556,50,8,5
56,1,60,FrameTimeStutter,5.000,shockwave,main,2026-09-16T14:18:43.8763942-04:00,0,64,1.06653,17.2144,2423.53,1266.98,56.000,-2.000,12.8935,8.6979,7.2829,Right,0,0,0,0,0.0000,111.795,0,0.000,0,127.500,71.914,4.500,0.0300,0.0000,0.00,shockwave,60,450;300;200;100;50,1.5,3,0.5,1,2,1,10,0,100,-10,5,250,40,5,250,60,1,8,11,0,0.06,4,0.556,50,8,5
56,1,60,FrameTimeStutter,5.000,shockwave,main,2026-09-16T14:18:43.8763942-04:00,0,65,1.08258,16.0529,2481.20,1266.98,32.000,0.000,13.4787,8.6979,7.2829,Right,0,0,0,0,0.0000,111.795,0,0.000,0,127.500,71.914,4.500,0.0300,0.0000,0.00,shockwave,60,450;300;200;100;50,1.5,3,0.5,1,2,1,10,0,100,-10,5,250,40,5,250,60,1,8,11,0,0.06,4,0.556,50,8,5
56,1,60,FrameTimeStutter,5.000,shockwave,main,2026-09-16T14:18:43.8763942-04:00,0,66,1.09886,16.2853,2529.86,1265.18,27.000,-1.000,13.9724,8.6796,7.2829,Right,0,0,0,0,0.0000,111.795,0,0.000,0,127.500,71.914,4.500,0.0300,0.0000,0.00,shockwave,60,450;300;200;100;50,1.5,3,0.5,1,2,1,10,0,100,-10,5,250,40,5,250,60,1,8,11,0,0.06,4,0.556,50,8,5
56,1,60,FrameTimeStutter,5.000,shockwave,main,2026-09-16T14:18:43.8763942-04:00,0,67,1.11592,17.0561,2558.70,1265.18,28.000,0.000,14.4844,8.6796,7.2829,Right,0,0,0,0,0.0000,111.795,0,0.000,0,127.500,71.914,4.500,0.0300,0.0000,0.00,shockwave,60,450;300;200;100;50,1.5,3,0.5,1,2,1,10,0,100,-10,5,250,40,5,250,60,1,8,11,0,0.06,4,0.556,50,8,5
56,1,60,FrameTimeStutter,5.000,shockwave,main,2026-09-16T14:18:43.8763942-04:00,0,68,1.13274,16.8280,2558.70,1263.38,29.000,-1.000,15.0148,8.6613,7.2829,Right,0,0,0,0,0.0000,111.795,0,0.000,0,127.500,71.914,4.500,0.0300,0.0000,0.00,shockwave,60,450;300;200;100;50,1.5,3,0.5,1,2,1,10,0,100,-10,5,250,40,5,250,60,1,8,11,0,0.06,4,0.556,50,8,5
56,1,60,FrameTimeStutter,5.000,shockwave,main,2026-09-16T14:18:43.8763942-04:00,0,69,1.14952,16.7748,2558.70,1261.58,23.000,-1.000,15.4353,8.6430,7.2829,Right,0,0,0,0,0.0000,111.795,0,0.000,0,127.500,71.914,4.500,0.0300,0.0000,0.00,shockwave,60,450;300;200;100;50,1.5,3,0.5,1,2,1,10,0,100,-10,5,250,40,5,250,60,1,8,11,0,0.06,4,0.556,50,8,5
56,1,60,FrameTimeStutter,5.000,shockwave,main,2026-09-16T14:18:43.8763942-04:00,0,70,1.16600,16.4773,2558.70,1261.58,17.000,0.000,15.7462,8.6430,7.2829,Right,0,0,0,0,0.0000,111.795,0,0.000,0,127.500,71.914,4.500,0.0300,0.0000,0.00,shockwave,60,450;300;200;100;50,1.5,3,0.5,1,2,1,10,0,100,-10,5,250,40,5,250,60,1,8,11,0,0.06,4,0.556,50,8,5
56,1,60,FrameTimeStutter,5.000,shockwave,main,2026-09-16T14:18:43.8763942-04:00,0,71,1.18273,16.7310,2558.70,1261.58,14.000,0.000,16.0023,8.6430,7.2829,Right,0,0,0,0,0.0000,111.795,0,0.000,0,127.500,71.914,4.500,0.0300,0.0000,0.00,shockwave,60,450;300;200;100;50,1.5,3,0.5,1,2,1,10,0,100,-10,5,250,40,5,250,60,1,8,11,0,0.06,4,0.556,50,8,5
56,1,60,FrameTimeStutter,5.000,shockwave,main,2026-09-16T14:18:43.8763942-04:00,0,72,1.19907,16.3469,2558.70,1261.58,16.000,0.000,16.2949,8.6430,7.2829,Right,0,0,0,0,0.0000,111.795,0,0.000,0,127.500,71.914,4.500,0.0300,0.0000,0.00,shockwave,60,450;300;200;100;50,1.5,3,0.5,1,2,1,10,0,100,-10,5,250,40,5,250,60,1,8,11,0,0.06,4,0.556,50,8,5
56,1,60,FrameTimeStutter,5.000,shockwave,main,2026-09-16T14:18:43.8763942-04:00,0,73,1.21586,16.7839,2558.70,1261.58,17.000,0.000,16.6058,8.6430,7.2829,Right,0,0,0,0,0.0000,111.795,0,0.000,0,127.500,71.914,4.500,0.0300,0.0000,0.00,shockwave,60,450;300;200;100;50,1.5,3,0.5,1,2,1,10,0,100,-10,5,250,40,5,250,60,1,8,11,0,0.06,4,0.556,50,8,5
56,1,60,FrameTimeStutter,5.000,shockwave,main,2026-09-16T14:18:43.8763942-04:00,0,74,1.23242,16.5608,2558.70,1261.58,15.000,0.000,16.8801,8.6430,7.2829,Right,0,0,0,0,0.0000,111.795,0,0.000,0,127.500,71.914,4.500,0.0300,0.0000,0.00,shockwave,60,450;300;200;100;50,1.5,3,0.5,1,2,1,10,0,100,-10,5,250,40,5,250,60,1,8,11,0,0.06,4,0.556,50,8,5
56,1,60,FrameTimeStutter,5.000,shockwave,main,2026-09-16T14:18:43.8763942-04:00,0,75,1.24896,16.5390,2558.70,1261.58,12.000,0.000,17.0995,8.6430,7.2829,Right,0,0,0,0,0.0000,111.795,0,0.000,0,127.500,71.914,4.500,0.0300,0.0000,0.00,shockwave,60,450;300;200;100;50,1.5,3,0.5,1,2,1,10,0,100,-10,5,250,40,5,250,60,1,8,11,0,0.06,4,0.556,50,8,5
56,1,60,FrameTimeStutter,5.000,shockwave,main,2026-09-16T14:18:43.8763942-04:00,0,76,1.26637,17.4095,2558.70,1261.58,16.000,0.000,17.3921,8.6430,7.2829,Right,0,0,0,0,0.0000,111.795,0,0.000,0,127.500,71.914,4.500,0.0300,0.0000,0.00,shockwave,60,450;300;200;100;50,1.5,3,0.5,1,2,1,10,0,100,-10,5,250,40,5,250,60,1,8,11,0,0.06,4,0.556,50,8,5
56,1,60,FrameTimeStutter,5.000,shockwave,main,2026-09-16T14:18:43.8763942-04:00,0,77,1.28298,16.6075,2558.70,1261.58,8.000,0.000,17.5384,8.6430,7.2829,Right,0,0,0,0,0.0000,111.795,0,0.000,0,127.500,71.914,4.500,0.0300,0.0000,0.00,shockwave,60,450;300;200;100;50,1.5,3,0.5,1,2,1,10,0,100,-10,5,250,40,5,250,60,1,8,11,0,0.06,4,0.556,50,8,5
56,1,60,FrameTimeStutter,5.000,shockwave,main,2026-09-16T14:18:43.8763942-04:00,0,78,1.29934,16.3676,2558.70,1261.58,7.000,0.000,17.6665,8.6430,7.2829,Right,0,0,0,0,0.0000,111.795,0,0.000,0,127.500,71.914,4.500,0.0300,0.0000,0.00,shockwave,60,450;300;200;100;50,1.5,3,0.5,1,2,1,10,0,100,-10,5,250,40,5,250,60,1,8,11,0,0.06,4,0.556,50,8,5
56,1,60,FrameTimeStutter,5.000,shockwave,main,2026-09-16T14:18:43.8763942-04:00,0,79,1.31593,16.5841,2558.70,1261.58,5.000,0.000,17.7579,8.6430,7.2829,Right,0,0,0,0,0.0000,111.795,0,0.000,0,127.500,71.914,4.500,0.0300,0.0000,0.00,shockwave,60,450;300;200;100;50,1.5,3,0.5,1,2,1,10,0,100,-10,5,250,40,5,250,60,1,8,11,0,0.06,4,0.556,50,8,5
56,1,60,FrameTimeStutter,5.000,shockwave,main,2026-09-16T14:18:43.8763942-04:00,0,80,1.33230,16.3758,2558.70,1261.58,4.000,0.000,17.8311,8.6430,7.2829,Right,0,0,0,0,0.0000,111.795,0,0.000,0,127.500,71.914,4.500,0.0300,0.0000,0.00,shockwave,60,450;300;200;100;50,1.5,3,0.5,1,2,1,10,0,100,-10,5,250,40,5,250,60,1,8,11,0,0.06,4,0.556,50,8,5
56,1,60,FrameTimeStutter,5.000,shockwave,main,2026-09-16T14:18:43.8763942-04:00,0,81,1.34967,17.3627,2558.70,1261.58,4.000,0.000,17.9042,8.6430,7.2829,Right,0,0,0,0,0.0000,111.795,0,0.000,0,127.500,71.914,4.500,0.0300,0.0000,0.00,shockwave,60,450;300;200;100;50,1.5,3,0.5,1,2,1,10,0,100,-10,5,250,40,5,250,60,1,8,11,0,0.06,4,0.556,50,8,5
56,1,60,FrameTimeStutter,5.000,shockwave,main,2026-09-16T14:18:43.8763942-04:00,0,82,1.36621,16.5390,2558.70,1261.58,5.000,0.000,17.9957,8.6430,7.2829,Right,0,0,0,0,0.0000,111.795,0,0.000,0,127.500,71.914,4.500,0.0300,0.0000,0.00,shockwave,60,450;300;200;100;50,1.5,3,0.5,1,2,1,10,0,100,-10,5,250,40,5,250,60,1,8,11,0,0.06,4,0.556,50,8,5
56,1,60,FrameTimeStutter,5.000,shockwave,main,2026-09-16T14:18:43.8763942-04:00,0,83,1.38262,16.4109,2558.70,1261.58,7.000,0.000,18.1238,8.6430,7.2829,Right,0,0,0,0,0.0000,111.795,0,0.000,0,127.500,71.914,4.500,0.0300,0.0000,0.00,shockwave,60,450;300;200;100;50,1.5,3,0.5,1,2,1,10,0,100,-10,5,250,40,5,250,60,1,8,11,0,0.06,4,0.556,50,8,5
56,1,60,FrameTimeStutter,5.000,shockwave,main,2026-09-16T14:18:43.8763942-04:00,0,84,1.39949,16.8759,2558.70,1261.58,7.000,0.000,18.2518,8.6430,7.2829,Right,0,0,0,0,0.0000,111.795,0,0.000,0,127.500,71.914,4.500,0.0300,0.0000,0.00,shockwave,60,450;300;200;100;50,1.5,3,0.5,1,2,1,10,0,100,-10,5,250,40,5,250,60,1,8,11,0,0.06,4,0.556,50,8,5
56,1,60,FrameTimeStutter,5.000,shockwave,main,2026-09-16T14:18:43.8763942-04:00,0,85,1.41611,16.6167,2558.70,1261.58,5.000,0.000,18.3433,8.6430,7.2829,Right,0,0,0,0,0.0000,111.795,0,0.000,0,127.500,71.914,4.500,0.0300,0.0000,0.00,shockwave,60,450;300;200;100;50,1.5,3,0.5,1,2,1,10,0,100,-10,5,250,40,5,250,60,1,8,11,0,0.06,4,0.556,50,8,5
56,1,60,FrameTimeStutter,5.000,shockwave,main,2026-09-16T14:18:43.8763942-04:00,0,86,1.43256,16.4501,2558.70,1261.58,3.000,0.000,18.3982,8.6430,7.2829,Right,0,0,0,0,0.0000,111.795,0,0.000,0,127.500,71.914,4.500,0.0300,0.0000,0.00,shockwave,60,450;300;200;100;50,1.5,3,0.5,1,2,1,10,0,100,-10,5,250,40,5,250,60,1,8,11,0,0.06,4,0.556,50,8,5
56,1,60,FrameTimeStutter,5.000,shockwave,main,2026-09-16T14:18:43.8763942-04:00,0,87,1.44920,16.6353,2558.70,1261.58,3.000,0.000,18.4532,8.6430,7.2829,Right,0,0,0,0,0.0000,111.795,0,0.000,0,127.500,71.914,4.500,0.0300,0.0000,0.00,shockwave,60,450;300;200;100;50,1.5,3,0.5,1,2,1,10,0,100,-10,5,250,40,5,250,60,1,8,11,0,0.06,4,0.556,50,8,5
56,1,60,FrameTimeStutter,5.000,shockwave,main,2026-09-16T14:18:43.8763942-04:00,0,88,1.46605,16.8584,2558.70,1261.58,5.000,0.000,18.5446,8.6430,7.2829,Right,0,0,0,0,0.0000,111.795,0,0.000,0,127.500,71.914,4.500,0.0300,0.0000,0.00,shockwave,60,450;300;200;100;50,1.5,3,0.5,1,2,1,10,0,100,-10,5,250,40,5,250,60,1,8,11,0,0.06,4,0.556,50,8,5
56,1,60,FrameTimeStutter,5.000,shockwave,main,2026-09-16T14:18:43.8763942-04:00,0,89,1.48241,16.3622,2558.70,1261.58,6.000,0.000,18.6544,8.6430,7.2829,Right,0,0,0,0,0.0000,111.795,0,0.000,0,127.500,71.914,4.500,0.0300,0.0000,0.00,shockwave,60,450;300;200;100;50,1.5,3,0.5,1,2,1,10,0,100,-10,5,250,40,5,250,60,1,8,11,0,0.06,4,0.556,50,8,5
56,1,60,FrameTimeStutter,5.000,shockwave,main,2026-09-16T14:18:43.8763942-04:00,0,90,1.49918,16.7664,2558.70,1261.58,9.000,0.000,18.8190,8.6430,7.2829,Right,0,0,0,0,0.0000,111.795,0,0.000,0,127.500,71.914,4.500,0.0300,0.0000,0.00,shockwave,60,450;300;200;100;50,1.5,3,0.5,1,2,1,10,0,100,-10,5,250,40,5,250,60,1,8,11,0,0.06,4,0.556,50,8,5
56,1,60,FrameTimeStutter,5.000,shockwave,main,2026-09-16T14:18:43.8763942-04:00,0,91,1.51584,16.6562,2558.70,1261.58,10.000,0.000,19.0019,8.6430,7.2829,Right,0,0,0,0,0.0000,111.795,0,0.000,0,127.500,71.914,4.500,0.0300,0.0000,0.00,shockwave,60,450;300;200;100;50,1.5,3,0.5,1,2,1,10,0,100,-10,5,250,40,5,250,60,1,8,11,0,0.06,4,0.556,50,8,5
56,1,60,FrameTimeStutter,5.000,shockwave,main,2026-09-16T14:18:43.8763942-04:00,0,92,1.53237,16.5289,2558.70,1261.58,8.000,0.000,19.1482,8.6430,7.2829,Right,0,0,0,0,0.0000,111.795,0,0.000,0,127.500,71.914,4.500,0.0300,0.0000,0.00,shockwave,60,450;300;200;100;50,1.5,3,0.5,1,2,1,10,0,100,-10,5,250,40,5,250,60,1,8,11,0,0.06,4,0.556,50,8,5
56,1,60,FrameTimeStutter,5.000,shockwave,main,2026-09-16T14:18:43.8763942-04:00,0,93,1.54888,16.5166,2558.70,1261.58,6.000,0.000,19.2580,8.6430,7.2829,Right,0,0,0,0,0.0000,111.795,0,0.000,0,127.500,71.914,4.500,0.0300,0.0000,0.00,shockwave,60,450;300;200;100;50,1.5,3,0.5,1,2,1,10,0,100,-10,5,250,40,5,250,60,1,8,11,0,0.06,4,0.556,50,8,5
56,1,60,FrameTimeStutter,5.000,shockwave,main,2026-09-16T14:18:43.8763942-04:00,0,94,1.56558,16.6947,2558.70,1261.58,8.000,0.000,19.4043,8.6430,7.2829,Right,0,0,0,0,0.0000,111.795,0,0.000,0,127.500,71.914,4.500,0.0300,0.0000,0.00,shockwave,60,450;300;200;100;50,1.5,3,0.5,1,2,1,10,0,100,-10,5,250,40,5,250,60,1,8,11,0,0.06,4,0.556,50,8,5
56,1,60,FrameTimeStutter,5.000,shockwave,main,2026-09-16T14:18:43.8763942-04:00,0,95,1.58233,16.7503,2558.70,1259.78,20.000,-1.000,19.7700,8.6247,7.2829,Right,0,0,0,0,0.0000,111.795,0,0.000,0,127.500,71.914,4.500,0.0300,0.0000,0.00,shockwave,60,450;300;200;100;50,1.5,3,0.5,1,2,1,10,0,100,-10,5,250,40,5,250,60,1,8,11,0,0.06,4,0.556,50,8,5
56,1,60,FrameTimeStutter,5.000,shockwave,main,2026-09-16T14:18:43.8763942-04:00,0,96,1.59890,16.5730,2558.70,1257.97,32.000,-1.000,20.3552,8.6064,7.2829,Right,0,0,0,0,0.0000,111.795,0,0.000,0,127.500,71.914,4.500,0.0300,0.0000,0.00,shockwave,60,450;300;200;100;50,1.5,3,0.5,1,2,1,10,0,100,-10,5,250,40,5,250,60,1,8,11,0,0.06,4,0.556,50,8,5
56,1,60,FrameTimeStutter,5.000,shockwave,main,2026-09-16T14:18:43.8763942-04:00,0,97,1.61631,17.4055,2558.70,1256.17,42.000,-1.000,21.1232,8.5881,7.2829,Right,0,0,0,0,0.0000,111.795,0,0.000,0,127.500,71.914,4.500,0.0300,0.0000,0.00,shockwave,60,450;300;200;100;50,1.5,3,0.5,1,2,1,10,0,100,-10,5,250,40,5,250,60,1,8,11,0,0.06,4,0.556,50,8,5
56,1,60,FrameTimeStutter,5.000,shockwave,main,2026-09-16T14:18:43.8763942-04:00,0,98,1.63287,16.5653,2558.70,1256.17,32.000,0.000,21.7084,8.5881,7.2829,Right,0,0,0,0,0.0000,111.795,0,0.000,0,127.500,71.914,4.500,0.0300,0.0000,0.00,shockwave,60,450;300;200;100;50,1.5,3,0.5,1,2,1,10,0,100,-10,5,250,40,5,250,60,1,8,11,0,0.06,4,0.556,50,8,5
56,1,60,FrameTimeStutter,5.000,shockwave,main,2026-09-16T14:18:43.8763942-04:00,0,99,1.64928,16.4045,2558.70,1256.17,23.000,0.000,22.1289,8.5881,7.2829,Right,0,0,0,0,0.0000,111.795,0,0.000,0,127.500,71.914,4.500,0.0300,0.0000,0.00,shockwave,60,450;300;200;100;50,1.5,3,0.5,1,2,1,10,0,100,-10,5,250,40,5,250,60,1,8,11,0,0.06,4,0.556,50,8,5
56,1,60,FrameTimeStutter,5.000,shockwave,main,2026-09-16T14:18:43.8763942-04:00,0,100,1.66570,16.4227,2558.70,1256.17,5.000,0.000,22.2204,8.5881,7.2829,Right,0,0,0,0,0.0000,111.795,0,0.000,0,127.500,71.914,4.500,0.0300,0.0000,0.00,shockwave,60,450;300;200;100;50,1.5,3,0.5,1,2,1,10,0,100,-10,5,250,40,5,250,60,1,8,11,0,0.06,4,0.556,50,8,5
56,1,60,FrameTimeStutter,5.000,shockwave,main,2026-09-16T14:18:43.8763942-04:00,0,101,1.68228,16.5768,2558.70,1256.17,0.000,0.000,22.2204,8.5881,7.2829,Right,0,0,0,0,0.0000,111.795,0,0.000,0,127.500,71.914,4.500,0.0300,0.0000,0.00,shockwave,60,450;300;200;100;50,1.5,3,0.5,1,2,1,10,0,100,-10,5,250,40,5,250,60,1,8,11,0,0.06,4,0.556,50,8,5
56,1,60,FrameTimeStutter,5.000,shockwave,main,2026-09-16T14:18:43.8763942-04:00,0,102,1.69892,16.6436,2558.70,1256.17,0.000,0.000,22.2204,8.5881,7.2829,Right,0,0,0,0,0.0000,111.795,0,0.000,0,127.500,71.914,4.500,0.0300,0.0000,0.00,shockwave,60,450;300;200;100;50,1.5,3,0.5,1,2,1,10,0,100,-10,5,250,40,5,250,60,1,8,11,0,0.06,4,0.556,50,8,5
56,1,60,FrameTimeStutter,5.000,shockwave,main,2026-09-16T14:18:43.8763942-04:00,0,103,1.71612,17.2032,2558.70,1256.17,0.000,0.000,22.2204,8.5881,7.2829,Right,0,0,0,0,0.0000,111.795,0,0.000,0,127.500,71.914,4.500,0.0300,0.0000,0.00,shockwave,60,450;300;200;100;50,1.5,3,0.5,1,2,1,10,0,100,-10,5,250,40,5,250,60,1,8,11,0,0.06,4,0.556,50,8,5
56,1,60,FrameTimeStutter,5.000,shockwave,main,2026-09-16T14:18:43.8763942-04:00,0,104,1.73240,16.2769,2558.70,1256.17,0.000,0.000,22.2204,8.5881,7.2829,Right,0,0,0,0,0.0000,111.795,0,0.000,0,127.500,71.914,4.500,0.0300,0.0000,0.00,shockwave,60,450;300;200;100;50,1.5,3,0.5,1,2,1,10,0,100,-10,5,250,40,5,250,60,1,8,11,0,0.06,4,0.556,50,8,5
56,1,60,FrameTimeStutter,5.000,shockwave,main,2026-09-16T14:18:43.8763942-04:00,0,105,1.74957,17.1660,2558.70,1256.17,0.000,0.000,22.2204,8.5881,7.2829,Right,0,0,0,0,0.0000,111.795,0,0.000,0,127.500,71.914,4.500,0.0300,0.0000,0.00,shockwave,60,450;300;200;100;50,1.5,3,0.5,1,2,1,10,0,100,-10,5,250,40,5,250,60,1,8,11,0,0.06,4,0.556,50,8,5
56,1,60,FrameTimeStutter,5.000,shockwave,main,2026-09-16T14:18:43.8763942-04:00,0,106,1.76629,16.7198,2556.90,1256.17,-1.000,0.000,22.2022,8.5881,7.2829,Right,0,0,0,0,0.0000,111.795,0,0.000,0,127.500,71.914,4.500,0.0300,0.0000,0.00,shockwave,60,450;300;200;100;50,1.5,3,0.5,1,2,1,10,0,100,-10,5,250,40,5,250,60,1,8,11,0,0.06,4,0.556,50,8,5
56,1,60,FrameTimeStutter,5.000,shockwave,main,2026-09-16T14:18:43.8763942-04:00,0,107,1.78222,15.9321,2549.69,1256.17,-4.000,0.000,22.1291,8.5881,7.2829,Right,0,0,0,0,0.0000,111.795,0,0.000,0,127.500,71.914,4.500,0.0300,0.0000,0.00,shockwave,60,450;300;200;100;50,1.5,3,0.5,1,2,1,10,0,100,-10,5,250,40,5,250,60,1,8,11,0,0.06,4,0.556,50,8,5
56,1,60,FrameTimeStutter,5.000,shockwave,main,2026-09-16T14:18:43.8763942-04:00,0,108,1.79976,17.5428,2528.06,1256.17,-12.000,0.000,21.9098,8.5881,7.2829,Right,0,0,0,0,0.0000,111.795,0,0.000,0,127.500,71.914,4.500,0.0300,0.0000,0.00,shockwave,60,450;300;200;100;50,1.5,3,0.5,1,2,1,10,0,100,-10,5,250,40,5,250,60,1,8,11,0,0.06,4,0.556,50,8,5
56,1,60,FrameTimeStutter,5.000,shockwave,main,2026-09-16T14:18:43.8763942-04:00,0,109,1.81598,16.2162,2493.82,1256.17,-19.000,0.000,21.5625,8.5881,7.2829,Right,0,0,0,0,0.0000,111.795,0,0.000,0,127.500,71.914,4.500,0.0300,0.0000,0.00,shockwave,60,450;300;200;100;50,1.5,3,0.5,1,2,1,10,0,100,-10,5,250,40,5,250,60,1,8,11,0,0.06,4,0.556,50,8,5
56,1,60,FrameTimeStutter,5.000,shockwave,main,2026-09-16T14:18:43.8763942-04:00,0,110,1.83275,16.7675,2452.37,1256.17,-23.000,0.000,21.1420,8.5881,7.2829,Right,0,0,0,0,0.0000,111.795,0,0.000,0,127.500,71.914,4.500,0.0300,0.0000,0.00,shockwave,60,450;300;200;100;50,1.5,3,0.5,1,2,1,10,0,100,-10,5,250,40,5,250,60,1,8,11,0,0.06,4,0.556,50,8,5
56,1,60,FrameTimeStutter,5.000,shockwave,main,2026-09-16T14:18:43.8763942-04:00,0,111,1.85000,17.2497,2365.86,1257.97,-48.000,1.000,20.2643,8.6064,7.2829,Right,0,0,0,0,0.0000,111.795,0,0.000,0,127.500,71.914,4.500,0.0300,0.0000,0.00,shockwave,60,450;300;200;100;50,1.5,3,0.5,1,2,1,10,0,100,-10,5,250,40,5,250,60,1,8,11,0,0.06,4,0.556,50,8,5
56,1,60,FrameTimeStutter,5.000,shockwave,main,2026-09-16T14:18:43.8763942-04:00,0,112,1.86600,16.0028,2281.15,1257.97,-47.000,0.000,19.4049,8.6064,7.2829,Right,0,0,0,0,0.0000,111.795,0,0.000,0,127.500,71.914,4.500,0.0300,0.0000,0.00,shockwave,60,450;300;200;100;50,1.5,3,0.5,1,2,1,10,0,100,-10,5,250,40,5,250,60,1,8,11,0,0.06,4,0.556,50,8,5
56,1,60,FrameTimeStutter,5.000,shockwave,main,2026-09-16T14:18:43.8763942-04:00,0,113,1.88335,17.3578,2182.03,1259.78,-55.000,1.000,18.3993,8.6247,7.2829,Right,0,0,0,0,0.0000,111.795,0,0.000,0,127.500,71.914,4.500,0.0300,0.0000,0.00,shockwave,60,450;300;200;100;50,1.5,3,0.5,1,2,1,10,0,100,-10,5,250,40,5,250,60,1,8,11,0,0.06,4,0.556,50,8,5
56,1,60,FrameTimeStutter,5.000,shockwave,main,2026-09-16T14:18:43.8763942-04:00,0,114,1.89953,16.1791,2075.70,1261.58,-59.000,1.000,17.3205,8.6430,7.2829,Right,0,0,0,0,0.0000,111.795,0,0.000,0,127.500,71.914,4.500,0.0300,0.0000,0.00,shockwave,60,450;300;200;100;50,1.5,3,0.5,1,2,1,10,0,100,-10,5,250,40,5,250,60,1,8,11,0,0.06,4,0.556,50,8,5
56,1,60,FrameTimeStutter,5.000,shockwave,main,2026-09-16T14:18:43.8763942-04:00,0,115,1.91577,16.2376,1980.18,1263.38,-53.000,1.000,16.3514,8.6613,7.2829,Right,0,0,0,0,0.0000,111.795,0,0.000,0,127.500,71.914,4.500,0.0300,0.0000,0.00,shockwave,60,450;300;200;100;50,1.5,3,0.5,1,2,1,10,0,100,-10,5,250,40,5,250,60,1,8,11,0,0.06,4,0.556,50,8,5
56,1,60,FrameTimeStutter,5.000,shockwave,main,2026-09-16T14:18:43.8763942-04:00,0,116,1.93224,16.4687,1888.26,1265.18,-51.000,1.000,15.4189,8.6796,7.2829,Right,0,0,0,0,0.0000,111.795,0,0.000,0,127.500,71.914,4.500,0.0300,0.0000,0.00,shockwave,60,450;300;200;100;50,1.5,3,0.5,1,2,1,10,0,100,-10,5,250,40,5,250,60,1,8,11,0,0.06,4,0.556,50,8,5
56,1,60,FrameTimeStutter,5.000,shockwave,main,2026-09-16T14:18:43.8763942-04:00,0,117,1.94939,17.1564,1817.97,1266.98,-39.000,1.000,14.7058,8.6978,7.2829,Right,0,0,0,0,0.0000,111.795,0,0.000,0,127.500,71.914,4.500,0.0300,0.0000,0.00,shockwave,60,450;300;200;100;50,1.5,3,0.5,1,2,1,10,0,100,-10,5,250,40,5,250,60,1,8,11,0,0.06,4,0.556,50,8,5
56,1,60,FrameTimeStutter,5.000,shockwave,main,2026-09-16T14:18:43.8763942-04:00,0,118,1.96595,16.5553,1754.89,1268.79,-35.000,1.000,14.0659,8.7161,7.2829,Right,0,0,0,0,0.0000,111.795,0,0.000,0,127.500,71.914,4.500,0.0300,0.0000,0.00,shockwave,60,450;300;200;100;50,1.5,3,0.5,1,2,1,10,0,100,-10,5,250,40,5,250,60,1,8,11,0,0.06,4,0.556,50,8,5
56,1,60,FrameTimeStutter,5.000,shockwave,main,2026-09-16T14:18:43.8763942-04:00,0,119,1.98302,17.0656,1704.43,1270.59,-28.000,1.000,13.5540,8.7344,7.2829,Right,0,0,0,0,0.0000,111.795,0,0.000,0,127.500,71.914,4.500,0.0300,0.0000,0.00,shockwave,60,450;300;200;100;50,1.5,3,0.5,1,2,1,10,0,100,-10,5,250,40,5,250,60,1,8,11,0,0.06,4,0.556,50,8,5
56,1,60,FrameTimeStutter,5.000,shockwave,main,2026-09-16T14:18:43.8763942-04:00,0,120,1.99886,15.8395,1661.18,1270.59,-24.000,0.000,13.1152,8.7344,7.2829,Right,0,0,0,0,0.0000,111.795,0,0.000,0,127.500,71.914,4.500,0.0300,0.0000,0.00,shockwave,60,450;300;200;100;50,1.5,3,0.5,1,2,1,10,0,100,-10,5,250,40,5,250,60,1,8,11,0,0.06,4,0.556,50,8,5
56,1,60,FrameTimeStutter,5.000,shockwave,main,2026-09-16T14:18:43.8763942-04:00,0,121,2.01629,17.4368,1616.12,1270.59,-25.000,0.000,12.6581,8.7344,7.2829,Right,0,0,0,0,0.0000,111.795,0,0.000,0,127.500,71.914,4.500,0.0300,0.0000,0.00,shockwave,60,450;300;200;100;50,1.5,3,0.5,1,2,1,10,0,100,-10,5,250,40,5,250,60,1,8,11,0,0.06,4,0.556,50,8,5
56,1,60,FrameTimeStutter,5.000,shockwave,main,2026-09-16T14:18:43.8763942-04:00,0,122,2.03247,16.1731,1578.27,1270.59,-21.000,0.000,12.2741,8.7344,7.2829,Right,0,0,0,0,0.0000,111.795,0,0.000,0,127.500,71.914,4.500,0.0300,0.0000,0.00,shockwave,60,450;300;200;100;50,1.5,3,0.5,1,2,1,10,0,100,-10,5,250,40,5,250,60,1,8,11,0,0.06,4,0.556,50,8,5
56,1,60,FrameTimeStutter,5.000,shockwave,main,2026-09-16T14:18:43.8763942-04:00,0,123,2.04909,16.6232,1542.23,1270.59,-20.000,0.000,11.9085,8.7344,7.2829,Right,0,0,0,0,0.0000,111.795,0,0.000,0,127.500,71.914,4.500,0.0300,0.0000,0.00,shockwave,60,450;300;200;100;50,1.5,3,0.5,1,2,1,10,0,100,-10,5,250,40,5,250,60,1,8,11,0,0.06,4,0.556,50,8,5
56,1,60,FrameTimeStutter,5.000,shockwave,main,2026-09-16T14:18:43.8763942-04:00,0,124,2.06603,16.9393,1491.77,1268.79,-28.000,-1.000,11.3965,8.7161,7.2829,Right,0,0,0,0,0.0000,111.795,0,0.000,0,127.500,71.914,4.500,0.0300,0.0000,0.00,shockwave,60,450;300;200;100;50,1.5,3,0.5,1,2,1,10,0,100,-10,5,250,40,5,250,60,1,8,11,0,0.06,4,0.556,50,8,5
56,1,60,FrameTimeStutter,5.000,shockwave,main,2026-09-16T14:18:43.8763942-04:00,0,125,2.08315,17.1157,1450.31,1268.79,-23.000,0.000,10.9761,8.7161,7.2829,Right,0,0,0,0,0.0000,111.795,0,0.000,0,127.500,71.914,4.500,0.0300,0.0000,0.00,shockwave,60,450;300;200;100;50,1.5,3,0.5,1,2,1,10,0,100,-10,5,250,40,5,250,60,1,8,11,0,0.06,4,0.556,50,8,5
56,1,60,FrameTimeStutter,5.000,shockwave,main,2026-09-16T14:18:43.8763942-04:00,0,126,2.09960,16.4555,1399.85,1268.79,-28.000,0.000,10.4641,8.7161,7.2829,Right,0,0,0,0,0.0000,111.795,0,0.000,0,127.500,71.914,4.500,0.0300,0.0000,0.00,shockwave,60,450;300;200;100;50,1.5,3,0.5,1,2,1,10,0,100,-10,5,250,40,5,250,60,1,8,11,0,0.06,4,0.556,50,8,5
56,1,60,FrameTimeStutter,5.000,shockwave,main,2026-09-16T14:18:43.8763942-04:00,0,127,2.11583,16.2345,1345.78,1266.98,-30.000,-1.000,9.9156,8.6978,7.2829,Right,0,0,0,0,0.0000,111.795,0,0.000,0,127.500,71.914,4.500,0.0300,0.0000,0.00,shockwave,60,450;300;200;100;50,1.5,3,0.5,1,2,1,10,0,100,-10,5,250,40,5,250,60,1,8,11,0,0.06,4,0.556,50,8,5
56,1,60,FrameTimeStutter,5.000,shockwave,main,2026-09-16T14:18:43.8763942-04:00,0,128,2.13260,16.7667,1284.51,1266.98,-34.000,0.000,9.2939,8.6978,7.2829,Right,0,0,0,0,0.0000,111.795,0,0.000,0,127.500,71.914,4.500,0.0300,0.0000,0.00,shockwave,60,450;300;200;100;50,1.5,3,0.5,1,2,1,10,0,100,-10,5,250,40,5,250,60,1,8,11,0,0.06,4,0.556,50,8,5
56,1,60,FrameTimeStutter,5.000,shockwave,main,2026-09-16T14:18:43.8763942-04:00,0,129,2.14935,16.7508,1232.24,1266.98,-29.000,0.000,8.7637,8.6978,7.2829,Right,0,0,0,0,0.0000,111.795,0,0.000,0,127.500,71.914,4.500,0.0300,0.0000,0.00,shockwave,60,450;300;200;100;50,1.5,3,0.5,1,2,1,10,0,100,-10,5,250,40,5,250,60,1,8,11,0,0.06,4,0.556,50,8,5
56,1,60,FrameTimeStutter,5.000,shockwave,main,2026-09-16T14:18:43.8763942-04:00,0,130,2.16617,16.8167,1185.38,1266.98,-26.000,0.000,8.2883,8.6978,7.2829,Right,0,0,0,0,0.0000,111.795,0,0.000,0,127.500,71.914,4.500,0.0300,0.0000,0.00,shockwave,60,450;300;200;100;50,1.5,3,0.5,1,2,1,10,0,100,-10,5,250,40,5,250,60,1,8,11,0,0.06,4,0.556,50,8,5
56,1,60,FrameTimeStutter,5.000,shockwave,main,2026-09-16T14:18:43.8763942-04:00,0,131,2.18295,16.7788,1151.14,1266.98,-19.000,0.000,7.9410,8.6978,7.2829,Right,0,0,0,0,0.0000,111.795,0,0.000,0,127.500,71.914,4.500,0.0300,0.0000,0.00,shockwave,60,450;300;200;100;50,1.5,3,0.5,1,2,1,10,0,100,-10,5,250,40,5,250,60,1,8,11,0,0.06,4,0.556,50,8,5
56,1,60,FrameTimeStutter,5.000,shockwave,main,2026-09-16T14:18:43.8763942-04:00,0,132,2.19906,16.1081,1125.91,1266.98,-14.000,0.000,7.6850,8.6978,7.2829,Right,0,0,0,0,0.0000,111.795,0,0.000,0,127.500,71.914,4.500,0.0300,0.0000,0.00,shockwave,60,450;300;200;100;50,1.5,3,0.5,1,2,1,10,0,100,-10,5,250,40,5,250,60,1,8,11,0,0.06,4,0.556,50,8,5
56,1,60,FrameTimeStutter,5.000,shockwave,main,2026-09-16T14:18:43.8763942-04:00,0,133,2.21592,16.8615,1102.48,1266.98,-13.000,0.000,7.4473,8.6978,7.2829,Right,0,0,0,0,0.0000,111.795,0,0.000,0,127.500,71.914,4.500,0.0300,0.0000,0.00,shockwave,60,450;300;200;100;50,1.5,3,0.5,1,2,1,10,0,100,-10,5,250,40,5,250,60,1,8,11,0,0.06,4,0.556,50,8,5
56,1,60,FrameTimeStutter,5.000,shockwave,main,2026-09-16T14:18:43.8763942-04:00,0,134,2.23269,16.7706,1082.65,1268.79,-11.000,1.000,7.2462,8.7161,7.2829,Right,0,0,0,0,0.0000,111.795,0,0.000,0,127.500,71.914,4.500,0.0300,0.0000,0.00,shockwave,60,450;300;200;100;50,1.5,3,0.5,1,2,1,10,0,100,-10,5,250,40,5,250,60,1,8,11,0,0.06,4,0.556,50,8,5
56,1,60,FrameTimeStutter,5.000,shockwave,main,2026-09-16T14:18:43.8763942-04:00,0,135,2.24930,16.6160,1059.22,1268.79,-13.000,0.000,7.0085,8.7161,7.2829,Right,0,0,0,0,0.0000,111.795,0,0.000,0,127.500,71.914,4.500,0.0300,0.0000,0.00,shockwave,60,450;300;200;100;50,1.5,3,0.5,1,2,1,10,0,100,-10,5,250,40,5,250,60,1,8,11,0,0.06,4,0.556,50,8,5
56,1,60,FrameTimeStutter,5.000,shockwave,main,2026-09-16T14:18:43.8763942-04:00,0,136,2.26613,16.8195,1010.56,1268.79,-27.000,0.000,6.5149,8.7161,7.2829,Left,0,0,0,0,0.0000,111.795,0,0.000,0,127.500,71.914,4.500,0.0300,0.0000,0.00,shockwave,60,450;300;200;100;50,1.5,3,0.5,1,2,1,10,0,100,-10,5,250,40,5,250,60,1,8,11,0,0.06,4,0.556,50,8,5
56,1,60,FrameTimeStutter,5.000,shockwave,main,2026-09-16T14:18:43.8763942-04:00,0,137,2.28235,16.2290,979.92,1268.79,-17.000,0.000,6.2041,8.7161,7.2829,Left,0,0,0,0,0.0000,111.795,0,0.000,0,127.500,71.914,4.500,0.0300,0.0000,0.00,shockwave,60,450;300;200;100;50,1.5,3,0.5,1,2,1,10,0,100,-10,5,250,40,5,250,60,1,8,11,0,0.06,4,0.556,50,8,5
56,1,60,FrameTimeStutter,5.000,shockwave,main,2026-09-16T14:18:43.8763942-04:00,0,138,2.29942,17.0657,960.10,1270.59,-11.000,1.000,6.0030,8.7344,7.2829,Left,0,0,0,0,0.0000,111.795,0,0.000,0,127.500,71.914,4.500,0.0300,0.0000,0.00,shockwave,60,450;300;200;100;50,1.5,3,0.5,1,2,1,10,0,100,-10,5,250,40,5,250,60,1,8,11,0,0.06,4,0.556,50,8,5
56,1,60,FrameTimeStutter,5.000,shockwave,main,2026-09-16T14:18:43.8763942-04:00,0,139,2.31614,16.7190,956.50,1270.59,-2.000,0.000,5.9664,8.7344,7.2829,Left,0,0,0,0,0.0000,111.795,0,0.000,0,127.500,71.914,4.500,0.0300,0.0000,0.00,shockwave,60,450;300;200;100;50,1.5,3,0.5,1,2,1,10,0,100,-10,5,250,40,5,250,60,1,8,11,0,0.06,4,0.556,50,8,5
56,1,60,FrameTimeStutter,5.000,shockwave,main,2026-09-16T14:18:43.8763942-04:00,0,140,2.33255,16.4085,956.50,1270.59,0.000,0.000,5.9664,8.7344,7.2829,Left,0,0,0,0,0.0000,111.795,0,0.000,0,127.500,71.914,4.500,0.0300,0.0000,0.00,shockwave,60,450;300;200;100;50,1.5,3,0.5,1,2,1,10,0,100,-10,5,250,40,5,250,60,1,8,11,0,0.06,4,0.556,50,8,5
56,1,60,FrameTimeStutter,5.000,shockwave,main,2026-09-16T14:18:43.8763942-04:00,0,141,2.34905,16.4981,956.50,1270.59,0.000,0.000,5.9664,8.7344,7.2829,Left,0,0,0,0,0.0000,111.795,0,0.000,0,127.500,71.914,4.500,0.0300,0.0000,0.00,shockwave,60,450;300;200;100;50,1.5,3,0.5,1,2,1,10,0,100,-10,5,250,40,5,250,60,1,8,11,0,0.06,4,0.556,50,8,5
56,1,60,FrameTimeStutter,5.000,shockwave,main,2026-09-16T14:18:43.8763942-04:00,0,142,2.36572,16.6794,956.50,1270.59,0.000,0.000,5.9664,8.7344,7.2829,Left,0,0,0,0,0.0000,111.795,0,0.000,0,127.500,71.914,4.500,0.0300,0.0000,0.00,shockwave,60,450;300;200;100;50,1.5,3,0.5,1,2,1,10,0,100,-10,5,250,40,5,250,60,1,8,11,0,0.06,4,0.556,50,8,5
56,1,60,FrameTimeStutter,5.000,shockwave,main,2026-09-16T14:18:43.8763942-04:00,0,143,2.38222,16.4993,956.50,1270.59,0.000,0.000,5.9664,8.7344,7.2829,Left,0,0,0,0,0.0000,111.795,0,0.000,0,127.500,71.914,4.500,0.0300,0.0000,0.00,shockwave,60,450;300;200;100;50,1.5,3,0.5,1,2,1,10,0,100,-10,5,250,40,5,250,60,1,8,11,0,0.06,4,0.556,50,8,5
56,1,60,FrameTimeStutter,5.000,shockwave,main,2026-09-16T14:18:43.8763942-04:00,0,144,2.39969,17.4690,956.50,1270.59,0.000,0.000,5.9664,8.7344,7.2829,Left,0,0,0,0,0.0000,111.795,0,0.000,0,127.500,71.914,4.500,0.0300,0.0000,0.00,shockwave,60,450;300;200;100;50,1.5,3,0.5,1,2,1,10,0,100,-10,5,250,40,5,250,60,1,8,11,0,0.06,4,0.556,50,8,5
56,1,60,FrameTimeStutter,5.000,shockwave,main,2026-09-16T14:18:43.8763942-04:00,0,145,2.41632,16.6313,956.50,1270.59,0.000,0.000,5.9664,8.7344,7.2829,Left,0,0,0,0,0.0000,111.795,0,0.000,0,127.500,71.914,4.500,0.0300,0.0000,0.00,shockwave,60,450;300;200;100;50,1.5,3,0.5,1,2,1,10,0,100,-10,5,250,40,5,250,60,1,8,11,0,0.06,4,0.556,50,8,5
56,1,60,FrameTimeStutter,5.000,shockwave,main,2026-09-16T14:18:43.8763942-04:00,0,146,2.43237,16.0421,958.30,1272.39,1.000,1.000,5.9847,8.7527,7.2829,Left,0,0,0,0,0.0000,111.795,0,0.000,0,127.500,71.914,4.500,0.0300,0.0000,0.00,shockwave,60,450;300;200;100;50,1.5,3,0.5,1,2,1,10,0,100,-10,5,250,40,5,250,60,1,8,11,0,0.06,4,0.556,50,8,5
56,1,60,FrameTimeStutter,5.000,shockwave,main,2026-09-16T14:18:43.8763942-04:00,0,147,2.44940,17.0341,963.70,1274.19,3.000,1.000,6.0397,8.7710,7.2829,Left,0,0,0,0,0.0000,111.795,0,0.000,0,127.500,71.914,4.500,0.0300,0.0000,0.00,shockwave,60,450;300;200;100;50,1.5,3,0.5,1,2,1,10,0,100,-10,5,250,40,5,250,60,1,8,11,0,0.06,4,0.556,50,8,5
56,1,60,FrameTimeStutter,5.000,shockwave,main,2026-09-16T14:18:43.8763942-04:00,0,148,2.46645,17.0513,970.91,1276.00,4.000,1.000,6.1128,8.7893,7.2829,Left,0,0,0,0,0.0000,111.795,0,0.000,0,127.500,71.914,4.500,0.0300,0.0000,0.00,shockwave,60,450;300;200;100;50,1.5,3,0.5,1,2,1,10,0,100,-10,5,250,40,5,250,60,1,8,11,0,0.06,4,0.556,50,8,5
56,1,60,FrameTimeStutter,5.000,shockwave,main,2026-09-16T14:18:43.8763942-04:00,0,149,2.48259,16.1425,976.32,1277.80,3.000,1.000,6.1678,8.8075,7.2829,Left,0,0,0,0,0.0000,111.795,0,0.000,0,127.500,71.914,4.500,0.0300,0.0000,0.00,shockwave,60,450;300;200;100;50,1.5,3,0.5,1,2,1,10,0,100,-10,5,250,40,5,250,60,1,8,11,0,0.06,4,0.556,50,8,5
56,1,60,FrameTimeStutter,5.000,shockwave,main,2026-09-16T14:18:43.8763942-04:00,0,150,2.49881,16.2135,997.95,1279.60,12.000,1.000,6.3872,8.8258,7.2829,Left,0,0,0,0,0.0000,111.795,0,0.000,0,127.500,71.914,4.500,0.0300,0.0000,0.00,shockwave,60,450;300;200;100;50,1.5,3,0.5,1,2,1,10,0,100,-10,5,250,40,5,250,60,1,8,11,0,0.06,4,0.556,50,8,5
56,1,60,FrameTimeStutter,5.000,shockwave,main,2026-09-16T14:18:43.8763942-04:00,0,151,2.51566,16.8511,1033.99,1281.40,20.000,1.000,6.7529,8.8441,7.2829,Left,0,0,0,0,0.0000,111.795,0,0.000,0,127.500,71.914,4.500,0.0300,0.0000,0.00,shockwave,60,450;300;200;100;50,1.5,3,0.5,1,2,1,10,0,100,-10,5,250,40,5,250,60,1,8,11,0,0.06,4,0.556,50,8,5
56,1,60,FrameTimeStutter,5.000,shockwave,main,2026-09-16T14:18:43.8763942-04:00,0,152,2.53246,16.7976,1075.44,1285.01,23.000,2.000,7.1735,8.8807,7.2829,Left,0,0,0,0,0.0000,111.795,0,0.000,0,127.500,71.914,4.500,0.0300,0.0000,0.00,shockwave,60,450;300;200;100;50,1.5,3,0.5,1,2,1,10,0,100,-10,5,250,40,5,250,60,1,8,11,0,0.06,4,0.556,50,8,5
56,1,60,FrameTimeStutter,5.000,shockwave,main,2026-09-16T14:18:43.8763942-04:00,0,153,2.54945,16.9978,1118.70,1286.81,24.000,1.000,7.6124,8.8990,7.2829,Left,0,0,0,0,0.0000,111.795,0,0.000,0,127.500,71.914,4.500,0.0300,0.0000,0.00,shockwave,60,450;300;200;100;50,1.5,3,0.5,1,2,1,10,0,100,-10,5,250,40,5,250,60,1,8,11,0,0.06,4,0.556,50,8,5
56,1,60,FrameTimeStutter,5.000,shockwave,main,2026-09-16T14:18:43.8763942-04:00,0,154,2.56626,16.8043,1156.55,1286.81,21.000,0.000,7.9964,8.8990,7.2829,Right,0,0,0,0,0.0000,111.795,0,0.000,0,127.500,71.914,4.500,0.0300,0.0000,0.00,shockwave,60,450;300;200;100;50,1.5,3,0.5,1,2,1,10,0,100,-10,5,250,40,5,250,60,1,8,11,0,0.06,4,0.556,50,8,5
56,1,60,FrameTimeStutter,5.000,shockwave,main,2026-09-16T14:18:43.8763942-04:00,0,155,2.58295,16.6935,1199.80,1288.61,24.000,1.000,8.4353,8.9173,7.2829,Right,0,0,0,0,0.0000,111.795,0,0.000,0,127.500,71.914,4.500,0.0300,0.0000,0.00,shockwave,60,450;300;200;100;50,1.5,3,0.5,1,2,1,10,0,100,-10,5,250,40,5,250,60,1,8,11,0,0.06,4,0.556,50,8,5
56,1,60,FrameTimeStutter,5.000,shockwave,main,2026-09-16T14:18:43.8763942-04:00,0,156,2.59927,16.3196,1252.07,1292.22,29.000,2.000,8.9657,8.9538,7.2829,Right,0,0,0,0,0.0000,111.795,0,0.000,0,127.500,71.914,4.500,0.0300,0.0000,0.00,shockwave,60,450;300;200;100;50,1.5,3,0.5,1,2,1,10,0,100,-10,5,250,40,5,250,60,1,8,11,0,0.06,4,0.556,50,8,5
56,1,60,FrameTimeStutter,5.000,shockwave,main,2026-09-16T14:18:43.8763942-04:00,0,157,2.61640,17.1262,1318.75,1297.62,37.000,3.000,9.6423,9.0087,7.2829,Right,0,0,0,0,0.0000,111.795,0,0.000,0,127.500,71.914,4.500,0.0300,0.0000,0.00,shockwave,60,450;300;200;100;50,1.5,3,0.5,1,2,1,10,0,100,-10,5,250,40,5,250,60,1,8,11,0,0.06,4,0.556,50,8,5
56,1,60,FrameTimeStutter,5.000,shockwave,main,2026-09-16T14:18:43.8763942-04:00,0,158,2.63224,15.8400,1389.04,1304.83,39.000,4.000,10.3555,9.0818,7.2829,Right,0,0,0,0,0.0000,111.795,0,0.000,0,127.500,71.914,4.500,0.0300,0.0000,0.00,shockwave,60,450;300;200;100;50,1.5,3,0.5,1,2,1,10,0,100,-10,5,250,40,5,250,60,1,8,11,0,0.06,4,0.556,50,8,5
56,1,60,FrameTimeStutter,5.000,shockwave,main,2026-09-16T14:18:43.8763942-04:00,0,159,2.64908,16.8418,1452.12,1315.65,35.000,6.000,10.9955,9.1915,7.2829,Right,0,0,0,0,0.0000,111.795,0,0.000,0,127.500,71.914,4.500,0.0300,0.0000,0.00,shockwave,60,450;300;200;100;50,1.5,3,0.5,1,2,1,10,0,100,-10,5,250,40,5,250,60,1,8,11,0,0.06,4,0.556,50,8,5
56,1,60,FrameTimeStutter,5.000,shockwave,main,2026-09-16T14:18:43.8763942-04:00,0,160,2.66583,16.7489,1507.99,1324.66,31.000,5.000,11.5623,9.2829,7.2829,Right,0,0,0,0,0.0000,111.795,0,0.000,0,127.500,71.914,4.500,0.0300,0.0000,0.00,shockwave,60,450;300;200;100;50,1.5,3,0.5,1,2,1,10,0,100,-10,5,250,40,5,250,60,1,8,11,0,0.06,4,0.556,50,8,5
56,1,60,FrameTimeStutter,5.000,shockwave,main,2026-09-16T14:18:43.8763942-04:00,0,161,2.68294,17.1128,1509.79,1324.66,1.000,0.000,11.5807,9.2829,7.2829,Right,0,0,0,0,0.0000,111.795,1,111.795,0,127.500,71.914,4.500,0.0300,0.0000,0.00,shockwave,60,450;300;200;100;50,1.5,3,0.5,1,2,1,10,0,100,-10,5,250,40,5,250,60,1,8,11,0,0.06,4,0.556,50,8,5
56,1,60,FrameTimeStutter,5.000,shockwave,main,2026-09-16T14:18:43.8763942-04:00,0,162,2.79755,114.6055,1509.79,1324.66,0.000,0.000,11.5807,9.2829,7.2829,Right,0,0,0,0,0.0000,111.795,0,0.000,1,127.500,71.914,4.500,0.0300,0.0000,0.00,shockwave,60,450;300;200;100;50,1.5,3,0.5,1,2,1,10,0,100,-10,5,250,40,5,250,60,1,8,11,0,0.06,4,0.556,50,8,5
56,1,60,FrameTimeStutter,5.000,shockwave,main,2026-09-16T14:18:43.8763942-04:00,0,163,2.81368,16.1389,1509.79,1324.66,0.000,0.000,11.5807,9.2829,7.2829,Right,0,0,0,0,0.0000,111.795,0,0.000,1,127.500,71.914,4.500,0.0300,0.0000,0.00,shockwave,60,450;300;200;100;50,1.5,3,0.5,1,2,1,10,0,100,-10,5,250,40,5,250,60,1,8,11,0,0.06,4,0.556,50,8,5
56,1,60,FrameTimeStutter,5.000,shockwave,main,2026-09-16T14:18:43.8763942-04:00,0,164,2.83046,16.7748,1509.79,1324.66,0.000,0.000,11.5807,9.2829,7.2829,Right,0,0,0,0,0.0000,111.795,0,0.000,1,127.500,71.914,4.500,0.0300,0.0000,0.00,shockwave,60,450;300;200;100;50,1.5,3,0.5,1,2,1,10,0,100,-10,5,250,40,5,250,60,1,8,11,0,0.06,4,0.556,50,8,5
56,1,60,FrameTimeStutter,5.000,shockwave,main,2026-09-16T14:18:43.8763942-04:00,0,165,2.84691,16.4481,1509.79,1324.66,0.000,0.000,11.5807,9.2829,7.2829,Right,0,0,0,0,0.0000,111.795,0,0.000,1,127.500,71.914,4.500,0.0300,0.0000,0.00,shockwave,60,450;300;200;100;50,1.5,3,0.5,1,2,1,10,0,100,-10,5,250,40,5,250,60,1,8,11,0,0.06,4,0.556,50,8,5
56,1,60,FrameTimeStutter,5.000,shockwave,main,2026-09-16T14:18:43.8763942-04:00,0,166,2.86342,16.5077,1509.79,1324.66,0.000,0.000,11.5807,9.2829,7.2829,Right,0,0,0,0,0.0000,111.795,0,0.000,1,127.500,71.914,4.500,0.0300,0.0000,0.00,shockwave,60,450;300;200;100;50,1.5,3,0.5,1,2,1,10,0,100,-10,5,250,40,5,250,60,1,8,11,0,0.06,4,0.556,50,8,5
56,1,60,FrameTimeStutter,5.000,shockwave,main,2026-09-16T14:18:43.8763942-04:00,0,167,2.88001,16.5992,1509.79,1324.66,0.000,0.000,11.5807,9.2829,7.2829,Right,0,0,0,0,0.0000,111.795,0,0.000,1,127.500,71.914,4.500,0.0300,0.0000,0.00,shockwave,60,450;300;200;100;50,1.5,3,0.5,1,2,1,10,0,100,-10,5,250,40,5,250,60,1,8,11,0,0.06,4,0.556,50,8,5
56,1,60,FrameTimeStutter,5.000,shockwave,main,2026-09-16T14:18:43.8763942-04:00,0,168,2.89704,17.0228,1509.79,1324.66,0.000,0.000,11.5807,9.2829,7.2829,Right,0,0,0,0,0.0000,111.795,0,0.000,1,127.500,71.914,4.500,0.0300,0.0000,0.00,shockwave,60,450;300;200;100;50,1.5,3,0.5,1,2,1,10,0,100,-10,5,250,40,5,250,60,1,8,11,0,0.06,4,0.556,50,8,5
56,1,60,FrameTimeStutter,5.000,shockwave,main,2026-09-16T14:18:43.8763942-04:00,0,169,2.91451,17.4671,1511.59,1324.66,1.000,0.000,11.5990,9.2829,7.2829,Right,0,0,0,0,0.0000,111.795,0,0.000,1,127.500,71.914,4.500,0.0300,0.0000,0.00,shockwave,60,450;300;200;100;50,1.5,3,0.5,1,2,1,10,0,100,-10,5,250,40,5,250,60,1,8,11,0,0.06,4,0.556,50,8,5
56,1,60,FrameTimeStutter,5.000,shockwave,main,2026-09-16T14:18:43.8763942-04:00,0,170,2.93031,15.8057,1511.59,1324.66,0.000,0.000,11.5990,9.2829,7.2829,Right,0,0,0,0,0.0000,111.795,0,0.000,1,127.500,71.914,4.500,0.0300,0.0000,0.00,shockwave,60,450;300;200;100;50,1.5,3,0.5,1,2,1,10,0,100,-10,5,250,40,5,250,60,1,8,11,0,0.06,4,0.556,50,8,5
56,1,60,FrameTimeStutter,5.000,shockwave,main,2026-09-16T14:18:43.8763942-04:00,0,171,2.94763,17.3171,1513.39,1326.46,1.000,1.000,11.6173,9.3012,7.2829,Right,0,0,0,0,0.0000,111.795,0,0.000,1,127.500,71.914,4.500,0.0300,0.0000,0.00,shockwave,60,450;300;200;100;50,1.5,3,0.5,1,2,1,10,0,100,-10,5,250,40,5,250,60,1,8,11,0,0.06,4,0.556,50,8,5
56,1,60,FrameTimeStutter,5.000,shockwave,main,2026-09-16T14:18:43.8763942-04:00,0,172,2.96402,16.3891,1515.19,1328.26,1.000,1.000,11.6356,9.3195,7.2829,Right,0,0,0,0,0.0000,111.795,0,0.000,1,127.500,71.914,4.500,0.0300,0.0000,0.00,shockwave,60,450;300;200;100;50,1.5,3,0.5,1,2,1,10,0,100,-10,5,250,40,5,250,60,1,8,11,0,0.06,4,0.556,50,8,5
56,1,60,FrameTimeStutter,5.000,shockwave,main,2026-09-16T14:18:43.8763942-04:00,0,173,2.98040,16.3862,1518.80,1333.67,2.000,3.000,11.6722,9.3744,7.2829,Right,0,0,0,0,0.0000,111.795,0,0.000,1,127.500,71.914,4.500,0.0300,0.0000,0.00,shockwave,60,450;300;200;100;50,1.5,3,0.5,1,2,1,10,0,100,-10,5,250,40,5,250,60,1,8,11,0,0.06,4,0.556,50,8,5
56,1,60,FrameTimeStutter,5.000,shockwave,main,2026-09-16T14:18:43.8763942-04:00,0,174,2.99727,16.8666,1524.21,1340.88,3.000,4.000,11.7271,9.4475,7.2829,Right,0,0,0,0,0.0000,111.795,0,0.000,1,127.500,71.914,4.500,0.0300,0.0000,0.00,shockwave,60,450;300;200;100;50,1.5,3,0.5,1,2,1,10,0,100,-10,5,250,40,5,250,60,1,8,11,0,0.06,4,0.556,50,8,5
56,1,60,FrameTimeStutter,5.000,shockwave,main,2026-09-16T14:18:43.8763942-04:00,0,175,3.93141,934.1386,1792.74,1564.36,0.000,0.000,11.7271,9.4475,7.2829,Right,0,0,0,0,0.0000,111.795,0,0.000,0,127.500,71.914,4.500,0.0300,0.0000,0.00,shockwave,60,450;300;200;100;50,1.5,3,0.5,1,2,1,10,0,100,-10,5,250,40,5,250,60,1,8,11,0,0.06,4,0.556,50,8,5
56,1,60,FrameTimeStutter,5.000,shockwave,main,2026-09-16T14:18:43.8763942-04:00,0,176,3.93793,6.5222,1792.74,1564.36,0.000,0.000,11.7271,9.4475,7.2829,Right,0,0,0,0,0.0000,111.795,0,0.000,0,127.500,71.914,4.500,0.0300,0.0000,0.00,shockwave,60,450;300;200;100;50,1.5,3,0.5,1,2,1,10,0,100,-10,5,250,40,5,250,60,1,8,11,0,0.06,4,0.556,50,8,5
56,1,60,FrameTimeStutter,5.000,shockwave,main,2026-09-16T14:18:43.8763942-04:00,0,177,3.94179,3.8624,1792.74,1564.36,0.000,0.000,11.7271,9.4475,7.2829,Right,0,0,0,0,0.0000,111.795,0,0.000,0,127.500,71.914,4.500,0.0300,0.0000,0.00,shockwave,60,450;300;200;100;50,1.5,3,0.5,1,2,1,10,0,100,-10,5,250,40,5,250,60,1,8,11,0,0.06,4,0.556,50,8,5
56,1,60,FrameTimeStutter,5.000,shockwave,main,2026-09-16T14:18:43.8763942-04:00,0,178,3.94803,6.2365,1792.74,1564.36,0.000,0.000,11.7271,9.4475,7.2829,Right,0,0,0,0,0.0000,111.795,0,0.000,0,127.500,71.914,4.500,0.0300,0.0000,0.00,shockwave,60,450;300;200;100;50,1.5,3,0.5,1,2,1,10,0,100,-10,5,250,40,5,250,60,1,8,11,0,0.06,4,0.556,50,8,5
56,1,60,FrameTimeStutter,5.000,shockwave,main,2026-09-16T14:18:43.8763942-04:00,0,179,3.95495,6.9174,1792.74,1564.36,0.000,0.000,11.7271,9.4475,7.2829,Right,0,0,0,0,0.0000,111.795,0,0.000,0,127.500,71.914,4.500,0.0300,0.0000,0.00,shockwave,60,450;300;200;100;50,1.5,3,0.5,1,2,1,10,0,100,-10,5,250,40,5,250,60,1,8,11,0,0.06,4,0.556,50,8,5
56,1,60,FrameTimeStutter,5.000,shockwave,main,2026-09-16T14:18:43.8763942-04:00,0,180,3.95797,3.0206,1792.74,1564.36,0.000,0.000,11.7271,9.4475,7.2829,Right,0,0,0,0,0.0000,111.795,0,0.000,0,127.500,71.914,4.500,0.0300,0.0000,0.00,shockwave,60,450;300;200;100;50,1.5,3,0.5,1,2,1,10,0,100,-10,5,250,40,5,250,60,1,8,11,0,0.06,4,0.556,50,8,5
56,1,60,FrameTimeStutter,5.000,shockwave,main,2026-09-16T14:18:43.8763942-04:00,0,181,3.97717,19.1994,1792.74,1564.36,0.000,0.000,11.7271,9.4475,7.2829,Right,0,0,0,0,0.0000,111.795,0,0.000,0,127.500,71.914,4.500,0.0300,0.0000,0.00,shockwave,60,450;300;200;100;50,1.5,3,0.5,1,2,1,10,0,100,-10,5,250,40,5,250,60,1,8,11,0,0.06,4,0.556,50,8,5
56,1,60,FrameTimeStutter,5.000,shockwave,main,2026-09-16T14:18:43.8763942-04:00,0,182,3.99411,16.9428,1792.74,1564.36,0.000,0.000,11.7271,9.4475,7.2829,Right,0,0,0,0,0.0000,111.795,0,0.000,0,127.500,71.914,4.500,0.0300,0.0000,0.00,shockwave,60,450;300;200;100;50,1.5,3,0.5,1,2,1,10,0,100,-10,5,250,40,5,250,60,1,8,11,0,0.06,4,0.556,50,8,5
56,1,60,FrameTimeStutter,5.000,shockwave,main,2026-09-16T14:18:43.8763942-04:00,0,183,4.01080,16.6862,1792.74,1564.36,0.000,0.000,11.7271,9.4475,7.2829,Right,0,0,0,0,0.0000,111.795,0,0.000,0,127.500,71.914,4.500,0.0300,0.0000,0.00,shockwave,60,450;300;200;100;50,1.5,3,0.5,1,2,1,10,0,100,-10,5,250,40,5,250,60,1,8,11,0,0.06,4,0.556,50,8,5
56,1,60,FrameTimeStutter,5.000,shockwave,main,2026-09-16T14:18:43.8763942-04:00,0,184,4.03286,22.0618,1792.74,1564.36,0.000,0.000,11.7271,9.4475,7.2829,Right,0,0,0,0,0.0000,111.795,0,0.000,0,127.500,71.914,4.500,0.0300,0.0000,0.00,shockwave,60,450;300;200;100;50,1.5,3,0.5,1,2,1,10,0,100,-10,5,250,40,5,250,60,1,8,11,0,0.06,4,0.556,50,8,5
56,1,60,FrameTimeStutter,5.000,shockwave,main,2026-09-16T14:18:43.8763942-04:00,0,185,4.05003,17.1787,0.00,0.00,0.000,0.000,11.7271,9.4475,7.2829,Right,0,0,0,0,0.0000,111.795,0,0.000,0,127.500,71.914,4.500,0.0300,0.0000,0.00,shockwave,60,450;300;200;100;50,1.5,3,0.5,1,2,1,10,0,100,-10,5,250,40,5,250,60,1,8,11,0,0.06,4,0.556,50,8,5
