sessionId,blockIndex,unityApplicationFps,testMode,closeRadius,weapon,phase,phaseStartIso,roundNumber,frameIndex,timeSinceStartSec,unscaledDeltaMs,mouseX,mouseY,mouseDeltaX,mouseDeltaY,ufoX,ufoY,towerX,side,leftButtonDown,leftButtonPressed,fireKeyDown,shotFired,shotHitX,stimulusMs,spikeFired,stutterMs,windowOpen,threshEstimateMs,sd,slopeEstimate,lapseEstimate,accuracy,score,cfg_weapon,cfg_unityApplicationFps,cfg_practiceStuttersMs,cfg_amSpikeDelayMinSec,cfg_amSpikeDelayMaxSec,cfg_amWindowMinSec,cfg_amWindowMaxSec,cfg_hitPoints,cfg_missPoints,cfg_stimMinMs,cfg_stimMaxMs,cfg_stimCount,cfg_threshMinMs,cfg_threshMaxMs,cfg_threshCount,cfg_slopeMin,cfg_slopeMax,cfg_slopeCount,cfg_lapseMin,cfg_lapseMax,cfg_lapseCount,cfg_guessRate,cfg_maxTrials,cfg_minTrials,cfg_stopSD
35,1,60,FrameTimeStutter,6.000,antimatter,practice,2026-08-31T12:06:02.6229449-04:00,0,0,0.00000,16.8992,2547.47,1439.88,0.000,0.000,5.1052,8.3631,-2.8843,Right,0,0,0,0,0.0000,450.000,0,0.000,0,127.500,71.914,4.500,0.0300,0.0000,0.00,antimatter,60,450;300;200;100;50,2,8,2.5,3.5,100,-10,5,250,40,5,250,60,1,8,11,0,0.06,4,0.5,50,8,5
35,1,60,FrameTimeStutter,6.000,antimatter,practice,2026-08-31T12:06:02.6229449-04:00,0,1,0.01673,16.7284,2547.47,1439.88,0.000,0.000,5.1052,8.3631,-2.8843,Right,0,0,0,0,0.0000,450.000,0,0.000,0,127.500,71.914,4.500,0.0300,0.0000,0.00,antimatter,60,450;300;200;100;50,2,8,2.5,3.5,100,-10,5,250,40,5,250,60,1,8,11,0,0.06,4,0.5,50,8,5
35,1,60,FrameTimeStutter,6.000,antimatter,practice,2026-08-31T12:06:02.6229449-04:00,0,2,0.03358,16.8548,2547.47,1439.88,0.000,0.000,5.1052,8.3631,-2.8843,Right,0,0,0,0,0.0000,450.000,0,0.000,0,127.500,71.914,4.500,0.0300,0.0000,0.00,antimatter,60,450;300;200;100;50,2,8,2.5,3.5,100,-10,5,250,40,5,250,60,1,8,11,0,0.06,4,0.5,50,8,5
35,1,60,FrameTimeStutter,6.000,antimatter,practice,2026-08-31T12:06:02.6229449-04:00,0,3,0.05004,16.4606,2547.47,1439.88,0.000,0.000,5.1052,8.3631,-2.8843,Right,0,0,0,0,0.0000,450.000,0,0.000,0,127.500,71.914,4.500,0.0300,0.0000,0.00,antimatter,60,450;300;200;100;50,2,8,2.5,3.5,100,-10,5,250,40,5,250,60,1,8,11,0,0.06,4,0.5,50,8,5
35,1,60,FrameTimeStutter,6.000,antimatter,practice,2026-08-31T12:06:02.6229449-04:00,0,4,0.06722,17.1779,2547.47,1439.88,0.000,0.000,5.1052,8.3631,-2.8843,Right,0,0,0,0,0.0000,450.000,0,0.000,0,127.500,71.914,4.500,0.0300,0.0000,0.00,antimatter,60,450;300;200;100;50,2,8,2.5,3.5,100,-10,5,250,40,5,250,60,1,8,11,0,0.06,4,0.5,50,8,5
35,1,60,FrameTimeStutter,6.000,antimatter,practice,2026-08-31T12:06:02.6229449-04:00,0,5,0.08361,16.3935,2547.47,1439.88,0.000,0.000,5.1052,8.3631,-2.8843,Right,0,0,0,0,0.0000,450.000,0,0.000,0,127.500,71.914,4.500,0.0300,0.0000,0.00,antimatter,60,450;300;200;100;50,2,8,2.5,3.5,100,-10,5,250,40,5,250,60,1,8,11,0,0.06,4,0.5,50,8,5
35,1,60,FrameTimeStutter,6.000,antimatter,practice,2026-08-31T12:06:02.6229449-04:00,0,6,0.10041,16.7949,2547.47,1439.88,0.000,0.000,5.1052,8.3631,-2.8843,Right,0,0,0,0,0.0000,450.000,0,0.000,0,127.500,71.914,4.500,0.0300,0.0000,0.00,antimatter,60,450;300;200;100;50,2,8,2.5,3.5,100,-10,5,250,40,5,250,60,1,8,11,0,0.06,4,0.5,50,8,5
35,1,60,FrameTimeStutter,6.000,antimatter,practice,2026-08-31T12:06:02.6229449-04:00,0,7,0.11660,16.1908,2547.47,1439.88,0.000,0.000,5.1052,8.3631,-2.8843,Right,0,0,0,0,0.0000,450.000,0,0.000,0,127.500,71.914,4.500,0.0300,0.0000,0.00,antimatter,60,450;300;200;100;50,2,8,2.5,3.5,100,-10,5,250,40,5,250,60,1,8,11,0,0.06,4,0.5,50,8,5
35,1,60,FrameTimeStutter,6.000,antimatter,practice,2026-08-31T12:06:02.6229449-04:00,0,8,0.13392,17.3222,2547.47,1439.88,0.000,0.000,5.1052,8.3631,-2.8843,Right,0,0,0,0,0.0000,450.000,0,0.000,0,127.500,71.914,4.500,0.0300,0.0000,0.00,antimatter,60,450;300;200;100;50,2,8,2.5,3.5,100,-10,5,250,40,5,250,60,1,8,11,0,0.06,4,0.5,50,8,5
35,1,60,FrameTimeStutter,6.000,antimatter,practice,2026-08-31T12:06:02.6229449-04:00,0,9,0.15027,16.3442,2547.47,1439.88,0.000,0.000,5.1052,8.3631,-2.8843,Right,0,0,0,0,0.0000,450.000,0,0.000,0,127.500,71.914,4.500,0.0300,0.0000,0.00,antimatter,60,450;300;200;100;50,2,8,2.5,3.5,100,-10,5,250,40,5,250,60,1,8,11,0,0.06,4,0.5,50,8,5
35,1,60,FrameTimeStutter,6.000,antimatter,practice,2026-08-31T12:06:02.6229449-04:00,0,10,0.16680,16.5311,2547.47,1439.88,0.000,0.000,5.1052,8.3631,-2.8843,Right,0,0,0,0,0.0000,450.000,0,0.000,0,127.500,71.914,4.500,0.0300,0.0000,0.00,antimatter,60,450;300;200;100;50,2,8,2.5,3.5,100,-10,5,250,40,5,250,60,1,8,11,0,0.06,4,0.5,50,8,5
35,1,60,FrameTimeStutter,6.000,antimatter,practice,2026-08-31T12:06:02.6229449-04:00,0,11,0.18373,16.9309,2547.47,1439.88,0.000,0.000,5.1052,8.3631,-2.8843,Right,0,0,0,0,0.0000,450.000,0,0.000,0,127.500,71.914,4.500,0.0300,0.0000,0.00,antimatter,60,450;300;200;100;50,2,8,2.5,3.5,100,-10,5,250,40,5,250,60,1,8,11,0,0.06,4,0.5,50,8,5
35,1,60,FrameTimeStutter,6.000,antimatter,practice,2026-08-31T12:06:02.6229449-04:00,0,12,0.20013,16.4030,2547.47,1439.88,0.000,0.000,5.1052,8.3631,-2.8843,Right,0,0,0,0,0.0000,450.000,0,0.000,0,127.500,71.914,4.500,0.0300,0.0000,0.00,antimatter,60,450;300;200;100;50,2,8,2.5,3.5,100,-10,5,250,40,5,250,60,1,8,11,0,0.06,4,0.5,50,8,5
35,1,60,FrameTimeStutter,6.000,antimatter,practice,2026-08-31T12:06:02.6229449-04:00,0,13,0.21724,17.1070,2547.47,1439.88,0.000,0.000,5.1052,8.3631,-2.8843,Right,0,0,0,0,0.0000,450.000,0,0.000,0,127.500,71.914,4.500,0.0300,0.0000,0.00,antimatter,60,450;300;200;100;50,2,8,2.5,3.5,100,-10,5,250,40,5,250,60,1,8,11,0,0.06,4,0.5,50,8,5
35,1,60,FrameTimeStutter,6.000,antimatter,practice,2026-08-31T12:06:02.6229449-04:00,0,14,0.23311,15.8732,2547.47,1439.88,0.000,0.000,5.1052,8.3631,-2.8843,Right,0,0,0,0,0.0000,450.000,0,0.000,0,127.500,71.914,4.500,0.0300,0.0000,0.00,antimatter,60,450;300;200;100;50,2,8,2.5,3.5,100,-10,5,250,40,5,250,60,1,8,11,0,0.06,4,0.5,50,8,5
35,1,60,FrameTimeStutter,6.000,antimatter,practice,2026-08-31T12:06:02.6229449-04:00,0,15,0.24992,16.8084,2547.47,1439.88,0.000,0.000,5.1052,8.3631,-2.8843,Right,0,0,0,0,0.0000,450.000,0,0.000,0,127.500,71.914,4.500,0.0300,0.0000,0.00,antimatter,60,450;300;200;100;50,2,8,2.5,3.5,100,-10,5,250,40,5,250,60,1,8,11,0,0.06,4,0.5,50,8,5
35,1,60,FrameTimeStutter,6.000,antimatter,practice,2026-08-31T12:06:02.6229449-04:00,0,16,0.26723,17.3099,2547.47,1439.88,0.000,0.000,5.1052,8.3631,-2.8843,Right,0,0,0,0,0.0000,450.000,0,0.000,0,127.500,71.914,4.500,0.0300,0.0000,0.00,antimatter,60,450;300;200;100;50,2,8,2.5,3.5,100,-10,5,250,40,5,250,60,1,8,11,0,0.06,4,0.5,50,8,5
35,1,60,FrameTimeStutter,6.000,antimatter,practice,2026-08-31T12:06:02.6229449-04:00,0,17,0.28394,16.7105,2547.47,1439.88,0.000,0.000,5.1052,8.3631,-2.8843,Right,0,0,0,0,0.0000,450.000,0,0.000,0,127.500,71.914,4.500,0.0300,0.0000,0.00,antimatter,60,450;300;200;100;50,2,8,2.5,3.5,100,-10,5,250,40,5,250,60,1,8,11,0,0.06,4,0.5,50,8,5
35,1,60,FrameTimeStutter,6.000,antimatter,practice,2026-08-31T12:06:02.6229449-04:00,0,18,0.30010,16.1636,2547.47,1439.88,0.000,0.000,5.1052,8.3631,-2.8843,Right,0,0,0,0,0.0000,450.000,0,0.000,0,127.500,71.914,4.500,0.0300,0.0000,0.00,antimatter,60,450;300;200;100;50,2,8,2.5,3.5,100,-10,5,250,40,5,250,60,1,8,11,0,0.06,4,0.5,50,8,5
35,1,60,FrameTimeStutter,6.000,antimatter,practice,2026-08-31T12:06:02.6229449-04:00,0,19,0.31724,17.1386,2547.47,1439.88,0.000,0.000,5.1052,8.3631,-2.8843,Right,0,0,0,0,0.0000,450.000,0,0.000,0,127.500,71.914,4.500,0.0300,0.0000,0.00,antimatter,60,450;300;200;100;50,2,8,2.5,3.5,100,-10,5,250,40,5,250,60,1,8,11,0,0.06,4,0.5,50,8,5
35,1,60,FrameTimeStutter,6.000,antimatter,practice,2026-08-31T12:06:02.6229449-04:00,0,20,0.33347,16.2228,2547.47,1439.88,0.000,0.000,5.1052,8.3631,-2.8843,Right,0,0,0,0,0.0000,450.000,0,0.000,0,127.500,71.914,4.500,0.0300,0.0000,0.00,antimatter,60,450;300;200;100;50,2,8,2.5,3.5,100,-10,5,250,40,5,250,60,1,8,11,0,0.06,4,0.5,50,8,5
35,1,60,FrameTimeStutter,6.000,antimatter,practice,2026-08-31T12:06:02.6229449-04:00,0,21,0.35021,16.7394,2547.47,1439.88,0.000,0.000,5.1052,8.3631,-2.8843,Right,0,0,0,0,0.0000,450.000,0,0.000,0,127.500,71.914,4.500,0.0300,0.0000,0.00,antimatter,60,450;300;200;100;50,2,8,2.5,3.5,100,-10,5,250,40,5,250,60,1,8,11,0,0.06,4,0.5,50,8,5
35,1,60,FrameTimeStutter,6.000,antimatter,practice,2026-08-31T12:06:02.6229449-04:00,0,22,0.36650,16.2920,2547.47,1439.88,0.000,0.000,5.1052,8.3631,-2.8843,Right,0,0,0,0,0.0000,450.000,0,0.000,0,127.500,71.914,4.500,0.0300,0.0000,0.00,antimatter,60,450;300;200;100;50,2,8,2.5,3.5,100,-10,5,250,40,5,250,60,1,8,11,0,0.06,4,0.5,50,8,5
35,1,60,FrameTimeStutter,6.000,antimatter,practice,2026-08-31T12:06:02.6229449-04:00,0,23,0.38361,17.1117,2547.47,1439.88,0.000,0.000,5.1052,8.3631,-2.8843,Right,0,0,0,0,0.0000,450.000,0,0.000,0,127.500,71.914,4.500,0.0300,0.0000,0.00,antimatter,60,450;300;200;100;50,2,8,2.5,3.5,100,-10,5,250,40,5,250,60,1,8,11,0,0.06,4,0.5,50,8,5
35,1,60,FrameTimeStutter,6.000,antimatter,practice,2026-08-31T12:06:02.6229449-04:00,0,24,0.39971,16.1011,2546.22,1439.88,-1.000,0.000,5.0869,8.3631,-2.8843,Right,0,0,0,0,0.0000,450.000,0,0.000,0,127.500,71.914,4.500,0.0300,0.0000,0.00,antimatter,60,450;300;200;100;50,2,8,2.5,3.5,100,-10,5,250,40,5,250,60,1,8,11,0,0.06,4,0.5,50,8,5
35,1,60,FrameTimeStutter,6.000,antimatter,practice,2026-08-31T12:06:02.6229449-04:00,0,25,0.41647,16.7600,2542.46,1439.88,-3.000,0.000,5.0321,8.3631,-2.8843,Right,0,0,0,0,0.0000,450.000,0,0.000,0,127.500,71.914,4.500,0.0300,0.0000,0.00,antimatter,60,450;300;200;100;50,2,8,2.5,3.5,100,-10,5,250,40,5,250,60,1,8,11,0,0.06,4,0.5,50,8,5
35,1,60,FrameTimeStutter,6.000,antimatter,practice,2026-08-31T12:06:02.6229449-04:00,0,26,0.43366,17.1866,2527.42,1439.88,-12.000,2.000,4.8126,8.3996,-2.8843,Right,0,0,0,0,0.0000,450.000,0,0.000,0,127.500,71.914,4.500,0.0300,0.0000,0.00,antimatter,60,450;300;200;100;50,2,8,2.5,3.5,100,-10,5,250,40,5,250,60,1,8,11,0,0.06,4,0.5,50,8,5
35,1,60,FrameTimeStutter,6.000,antimatter,practice,2026-08-31T12:06:02.6229449-04:00,0,27,0.45009,16.4328,2504.87,1439.88,-18.000,5.000,4.4835,8.4910,-2.8843,Right,0,0,0,0,0.0000,450.000,0,0.000,0,127.500,71.914,4.500,0.0300,0.0000,0.00,antimatter,60,450;300;200;100;50,2,8,2.5,3.5,100,-10,5,250,40,5,250,60,1,8,11,0,0.06,4,0.5,50,8,5
35,1,60,FrameTimeStutter,6.000,antimatter,practice,2026-08-31T12:06:02.6229449-04:00,0,28,0.46715,17.0603,2478.55,1439.88,-21.000,5.000,4.0995,8.5825,-2.8843,Right,0,0,0,0,0.0000,450.000,0,0.000,0,127.500,71.914,4.500,0.0300,0.0000,0.00,antimatter,60,450;300;200;100;50,2,8,2.5,3.5,100,-10,5,250,40,5,250,60,1,8,11,0,0.06,4,0.5,50,8,5
35,1,60,FrameTimeStutter,6.000,antimatter,practice,2026-08-31T12:06:02.6229449-04:00,0,29,0.48392,16.7653,2450.98,1439.88,-22.000,7.000,3.6972,8.7105,-2.8843,Right,0,0,0,0,0.0000,450.000,0,0.000,0,127.500,71.914,4.500,0.0300,0.0000,0.00,antimatter,60,450;300;200;100;50,2,8,2.5,3.5,100,-10,5,250,40,5,250,60,1,8,11,0,0.06,4,0.5,50,8,5
35,1,60,FrameTimeStutter,6.000,antimatter,practice,2026-08-31T12:06:02.6229449-04:00,0,30,0.49998,16.0606,2427.18,1439.88,-19.000,5.000,3.3498,8.8019,-2.8843,Right,0,0,0,0,0.0000,450.000,0,0.000,0,127.500,71.914,4.500,0.0300,0.0000,0.00,antimatter,60,450;300;200;100;50,2,8,2.5,3.5,100,-10,5,250,40,5,250,60,1,8,11,0,0.06,4,0.5,50,8,5
35,1,60,FrameTimeStutter,6.000,antimatter,practice,2026-08-31T12:06:02.6229449-04:00,0,31,0.51657,16.5900,2407.13,1439.88,-16.000,4.000,3.0573,8.8750,-2.8843,Right,0,0,0,0,0.0000,450.000,0,0.000,0,127.500,71.914,4.500,0.0300,0.0000,0.00,antimatter,60,450;300;200;100;50,2,8,2.5,3.5,100,-10,5,250,40,5,250,60,1,8,11,0,0.06,4,0.5,50,8,5
35,1,60,FrameTimeStutter,6.000,antimatter,practice,2026-08-31T12:06:02.6229449-04:00,0,32,0.53380,17.2300,2394.60,1439.88,-10.000,3.000,2.8744,8.9299,-2.8843,Right,0,0,0,0,0.0000,450.000,0,0.000,0,127.500,71.914,4.500,0.0300,0.0000,0.00,antimatter,60,450;300;200;100;50,2,8,2.5,3.5,100,-10,5,250,40,5,250,60,1,8,11,0,0.06,4,0.5,50,8,5
35,1,60,FrameTimeStutter,6.000,antimatter,practice,2026-08-31T12:06:02.6229449-04:00,0,33,0.54986,16.0677,2392.09,1439.88,-2.000,0.000,2.8378,8.9299,-2.8843,Right,0,0,0,0,0.0000,450.000,0,0.000,0,127.500,71.914,4.500,0.0300,0.0000,0.00,antimatter,60,450;300;200;100;50,2,8,2.5,3.5,100,-10,5,250,40,5,250,60,1,8,11,0,0.06,4,0.5,50,8,5
35,1,60,FrameTimeStutter,6.000,antimatter,practice,2026-08-31T12:06:02.6229449-04:00,0,34,0.56656,16.6947,2392.09,1439.88,0.000,0.000,2.8378,8.9299,-2.8843,Right,0,0,0,0,0.0000,450.000,0,0.000,0,127.500,71.914,4.500,0.0300,0.0000,0.00,antimatter,60,450;300;200;100;50,2,8,2.5,3.5,100,-10,5,250,40,5,250,60,1,8,11,0,0.06,4,0.5,50,8,5
35,1,60,FrameTimeStutter,6.000,antimatter,practice,2026-08-31T12:06:02.6229449-04:00,0,35,0.58360,17.0381,2392.09,1439.88,0.000,0.000,2.8378,8.9299,-2.8843,Right,0,0,0,0,0.0000,450.000,0,0.000,0,127.500,71.914,4.500,0.0300,0.0000,0.00,antimatter,60,450;300;200;100;50,2,8,2.5,3.5,100,-10,5,250,40,5,250,60,1,8,11,0,0.06,4,0.5,50,8,5
35,1,60,FrameTimeStutter,6.000,antimatter,practice,2026-08-31T12:06:02.6229449-04:00,0,36,0.60009,16.4903,2392.09,1439.88,0.000,0.000,2.8378,8.9299,-2.8843,Right,0,0,0,0,0.0000,450.000,0,0.000,0,127.500,71.914,4.500,0.0300,0.0000,0.00,antimatter,60,450;300;200;100;50,2,8,2.5,3.5,100,-10,5,250,40,5,250,60,1,8,11,0,0.06,4,0.5,50,8,5
35,1,60,FrameTimeStutter,6.000,antimatter,practice,2026-08-31T12:06:02.6229449-04:00,0,37,0.61677,16.6848,2392.09,1439.88,0.000,0.000,2.8378,8.9299,-2.8843,Right,0,0,0,0,0.0000,450.000,0,0.000,0,127.500,71.914,4.500,0.0300,0.0000,0.00,antimatter,60,450;300;200;100;50,2,8,2.5,3.5,100,-10,5,250,40,5,250,60,1,8,11,0,0.06,4,0.5,50,8,5
35,1,60,FrameTimeStutter,6.000,antimatter,practice,2026-08-31T12:06:02.6229449-04:00,0,38,0.63391,17.1422,2392.09,1439.88,0.000,0.000,2.8378,8.9299,-2.8843,Right,0,0,0,0,0.0000,450.000,0,0.000,0,127.500,71.914,4.500,0.0300,0.0000,0.00,antimatter,60,450;300;200;100;50,2,8,2.5,3.5,100,-10,5,250,40,5,250,60,1,8,11,0,0.06,4,0.5,50,8,5
35,1,60,FrameTimeStutter,6.000,antimatter,practice,2026-08-31T12:06:02.6229449-04:00,0,39,0.65049,16.5780,2392.09,1439.88,0.000,0.000,2.8378,8.9299,-2.8843,Right,0,0,0,0,0.0000,450.000,0,0.000,0,127.500,71.914,4.500,0.0300,0.0000,0.00,antimatter,60,450;300;200;100;50,2,8,2.5,3.5,100,-10,5,250,40,5,250,60,1,8,11,0,0.06,4,0.5,50,8,5
35,1,60,FrameTimeStutter,6.000,antimatter,practice,2026-08-31T12:06:02.6229449-04:00,0,40,0.66708,16.5865,2392.09,1439.88,0.000,0.000,2.8378,8.9299,-2.8843,Right,0,0,0,0,0.0000,450.000,0,0.000,0,127.500,71.914,4.500,0.0300,0.0000,0.00,antimatter,60,450;300;200;100;50,2,8,2.5,3.5,100,-10,5,250,40,5,250,60,1,8,11,0,0.06,4,0.5,50,8,5
35,1,60,FrameTimeStutter,6.000,antimatter,practice,2026-08-31T12:06:02.6229449-04:00,0,41,0.68362,16.5398,2392.09,1439.88,0.000,0.000,2.8378,8.9299,-2.8843,Right,0,0,0,0,0.0000,450.000,0,0.000,0,127.500,71.914,4.500,0.0300,0.0000,0.00,antimatter,60,450;300;200;100;50,2,8,2.5,3.5,100,-10,5,250,40,5,250,60,1,8,11,0,0.06,4,0.5,50,8,5
35,1,60,FrameTimeStutter,6.000,antimatter,practice,2026-08-31T12:06:02.6229449-04:00,0,42,0.70022,16.5971,2392.09,1439.88,0.000,0.000,2.8378,8.9299,-2.8843,Right,0,0,0,0,0.0000,450.000,0,0.000,0,127.500,71.914,4.500,0.0300,0.0000,0.00,antimatter,60,450;300;200;100;50,2,8,2.5,3.5,100,-10,5,250,40,5,250,60,1,8,11,0,0.06,4,0.5,50,8,5
35,1,60,FrameTimeStutter,6.000,antimatter,practice,2026-08-31T12:06:02.6229449-04:00,0,43,0.71681,16.5975,2392.09,1439.88,0.000,0.000,2.8378,8.9299,-2.8843,Right,0,0,0,0,0.0000,450.000,0,0.000,0,127.500,71.914,4.500,0.0300,0.0000,0.00,antimatter,60,450;300;200;100;50,2,8,2.5,3.5,100,-10,5,250,40,5,250,60,1,8,11,0,0.06,4,0.5,50,8,5
35,1,60,FrameTimeStutter,6.000,antimatter,practice,2026-08-31T12:06:02.6229449-04:00,0,44,0.73350,16.6860,2392.09,1439.88,0.000,0.000,2.8378,8.9299,-2.8843,Right,0,0,0,0,0.0000,450.000,0,0.000,0,127.500,71.914,4.500,0.0300,0.0000,0.00,antimatter,60,450;300;200;100;50,2,8,2.5,3.5,100,-10,5,250,40,5,250,60,1,8,11,0,0.06,4,0.5,50,8,5
35,1,60,FrameTimeStutter,6.000,antimatter,practice,2026-08-31T12:06:02.6229449-04:00,0,45,0.75003,16.5283,2392.09,1439.88,0.000,0.000,2.8378,8.9299,-2.8843,Right,0,0,0,0,0.0000,450.000,0,0.000,0,127.500,71.914,4.500,0.0300,0.0000,0.00,antimatter,60,450;300;200;100;50,2,8,2.5,3.5,100,-10,5,250,40,5,250,60,1,8,11,0,0.06,4,0.5,50,8,5
35,1,60,FrameTimeStutter,6.000,antimatter,practice,2026-08-31T12:06:02.6229449-04:00,0,46,0.76643,16.4058,2392.09,1439.88,0.000,0.000,2.8378,8.9299,-2.8843,Right,0,0,0,0,0.0000,450.000,0,0.000,0,127.500,71.914,4.500,0.0300,0.0000,0.00,antimatter,60,450;300;200;100;50,2,8,2.5,3.5,100,-10,5,250,40,5,250,60,1,8,11,0,0.06,4,0.5,50,8,5
35,1,60,FrameTimeStutter,6.000,antimatter,practice,2026-08-31T12:06:02.6229449-04:00,0,47,0.78323,16.7939,2392.09,1439.88,0.000,0.000,2.8378,8.9299,-2.8843,Right,0,0,0,0,0.0000,450.000,0,0.000,0,127.500,71.914,4.500,0.0300,0.0000,0.00,antimatter,60,450;300;200;100;50,2,8,2.5,3.5,100,-10,5,250,40,5,250,60,1,8,11,0,0.06,4,0.5,50,8,5
35,1,60,FrameTimeStutter,6.000,antimatter,practice,2026-08-31T12:06:02.6229449-04:00,0,48,0.80028,17.0542,2392.09,1439.88,0.000,0.000,2.8378,8.9299,-2.8843,Right,0,0,0,0,0.0000,450.000,0,0.000,0,127.500,71.914,4.500,0.0300,0.0000,0.00,antimatter,60,450;300;200;100;50,2,8,2.5,3.5,100,-10,5,250,40,5,250,60,1,8,11,0,0.06,4,0.5,50,8,5
35,1,60,FrameTimeStutter,6.000,antimatter,practice,2026-08-31T12:06:02.6229449-04:00,0,49,0.81726,16.9802,2392.09,1439.88,0.000,0.000,2.8378,8.9299,-2.8843,Right,0,0,0,0,0.0000,450.000,0,0.000,0,127.500,71.914,4.500,0.0300,0.0000,0.00,antimatter,60,450;300;200;100;50,2,8,2.5,3.5,100,-10,5,250,40,5,250,60,1,8,11,0,0.06,4,0.5,50,8,5
35,1,60,FrameTimeStutter,6.000,antimatter,practice,2026-08-31T12:06:02.6229449-04:00,0,50,0.83355,16.2845,2392.09,1439.88,0.000,0.000,2.8378,8.9299,-2.8843,Right,0,0,0,0,0.0000,450.000,0,0.000,0,127.500,71.914,4.500,0.0300,0.0000,0.00,antimatter,60,450;300;200;100;50,2,8,2.5,3.5,100,-10,5,250,40,5,250,60,1,8,11,0,0.06,4,0.5,50,8,5
35,1,60,FrameTimeStutter,6.000,antimatter,practice,2026-08-31T12:06:02.6229449-04:00,0,51,0.84979,16.2412,2392.09,1439.88,0.000,0.000,2.8378,8.9299,-2.8843,Right,0,0,0,0,0.0000,450.000,0,0.000,0,127.500,71.914,4.500,0.0300,0.0000,0.00,antimatter,60,450;300;200;100;50,2,8,2.5,3.5,100,-10,5,250,40,5,250,60,1,8,11,0,0.06,4,0.5,50,8,5
35,1,60,FrameTimeStutter,6.000,antimatter,practice,2026-08-31T12:06:02.6229449-04:00,1,52,0.86723,17.4472,2392.09,1439.88,0.000,1.000,2.8378,8.9482,-2.8843,Right,1,1,0,1,2.8378,300.000,0,0.000,0,127.500,71.914,4.500,0.0300,0.0000,-10.00,antimatter,60,450;300;200;100;50,2,8,2.5,3.5,100,-10,5,250,40,5,250,60,1,8,11,0,0.06,4,0.5,50,8,5
35,1,60,FrameTimeStutter,6.000,antimatter,practice,2026-08-31T12:06:02.6229449-04:00,1,53,0.88989,22.6583,2392.09,1439.88,0.000,0.000,2.8378,8.9482,-2.8843,Right,1,0,0,0,0.0000,300.000,0,0.000,0,127.500,71.914,4.500,0.0300,0.0000,-10.00,antimatter,60,450;300;200;100;50,2,8,2.5,3.5,100,-10,5,250,40,5,250,60,1,8,11,0,0.06,4,0.5,50,8,5
35,1,60,FrameTimeStutter,6.000,antimatter,practice,2026-08-31T12:06:02.6229449-04:00,1,54,0.90609,16.1987,2392.09,1439.88,0.000,0.000,2.8378,8.9482,-2.8843,Right,1,0,0,0,0.0000,300.000,0,0.000,0,127.500,71.914,4.500,0.0300,0.0000,-10.00,antimatter,60,450;300;200;100;50,2,8,2.5,3.5,100,-10,5,250,40,5,250,60,1,8,11,0,0.06,4,0.5,50,8,5
35,1,60,FrameTimeStutter,6.000,antimatter,practice,2026-08-31T12:06:02.6229449-04:00,1,55,0.92247,16.3797,2392.09,1439.88,0.000,0.000,2.8378,8.9482,-2.8843,Right,1,0,0,0,0.0000,300.000,0,0.000,0,127.500,71.914,4.500,0.0300,0.0000,-10.00,antimatter,60,450;300;200;100;50,2,8,2.5,3.5,100,-10,5,250,40,5,250,60,1,8,11,0,0.06,4,0.5,50,8,5
35,1,60,FrameTimeStutter,6.000,antimatter,practice,2026-08-31T12:06:02.6229449-04:00,1,56,0.93977,17.2944,2392.09,1439.88,0.000,0.000,2.8378,8.9482,-2.8843,Right,1,0,0,0,0.0000,300.000,0,0.000,0,127.500,71.914,4.500,0.0300,0.0000,-10.00,antimatter,60,450;300;200;100;50,2,8,2.5,3.5,100,-10,5,250,40,5,250,60,1,8,11,0,0.06,4,0.5,50,8,5
35,1,60,FrameTimeStutter,6.000,antimatter,practice,2026-08-31T12:06:02.6229449-04:00,1,57,0.95653,16.7628,2392.09,1439.88,0.000,0.000,2.8378,8.9482,-2.8843,Right,1,0,0,0,0.0000,300.000,0,0.000,0,127.500,71.914,4.500,0.0300,0.0000,-10.00,antimatter,60,450;300;200;100;50,2,8,2.5,3.5,100,-10,5,250,40,5,250,60,1,8,11,0,0.06,4,0.5,50,8,5
35,1,60,FrameTimeStutter,6.000,antimatter,practice,2026-08-31T12:06:02.6229449-04:00,1,58,0.97287,16.3407,2392.09,1439.88,0.000,0.000,2.8378,8.9482,-2.8843,Right,1,0,0,0,0.0000,300.000,0,0.000,0,127.500,71.914,4.500,0.0300,0.0000,-10.00,antimatter,60,450;300;200;100;50,2,8,2.5,3.5,100,-10,5,250,40,5,250,60,1,8,11,0,0.06,4,0.5,50,8,5
35,1,60,FrameTimeStutter,6.000,antimatter,practice,2026-08-31T12:06:02.6229449-04:00,1,59,0.98919,16.3212,2392.09,1439.88,0.000,0.000,2.8378,8.9482,-2.8843,Right,0,0,0,0,0.0000,300.000,0,0.000,0,127.500,71.914,4.500,0.0300,0.0000,-10.00,antimatter,60,450;300;200;100;50,2,8,2.5,3.5,100,-10,5,250,40,5,250,60,1,8,11,0,0.06,4,0.5,50,8,5
35,1,60,FrameTimeStutter,6.000,antimatter,practice,2026-08-31T12:06:02.6229449-04:00,1,60,1.00658,17.3907,2392.09,1439.88,0.000,0.000,2.8378,8.9482,-2.8843,Right,0,0,0,0,0.0000,300.000,0,0.000,0,127.500,71.914,4.500,0.0300,0.0000,-10.00,antimatter,60,450;300;200;100;50,2,8,2.5,3.5,100,-10,5,250,40,5,250,60,1,8,11,0,0.06,4,0.5,50,8,5
35,1,60,FrameTimeStutter,6.000,antimatter,practice,2026-08-31T12:06:02.6229449-04:00,1,61,1.02310,16.5171,2392.09,1439.88,0.000,0.000,2.8378,8.9482,-2.8843,Right,0,0,0,0,0.0000,300.000,0,0.000,0,127.500,71.914,4.500,0.0300,0.0000,-10.00,antimatter,60,450;300;200;100;50,2,8,2.5,3.5,100,-10,5,250,40,5,250,60,1,8,11,0,0.06,4,0.5,50,8,5
35,1,60,FrameTimeStutter,6.000,antimatter,practice,2026-08-31T12:06:02.6229449-04:00,1,62,1.03965,16.5476,2392.09,1439.88,0.000,0.000,2.8378,8.9482,-2.8843,Right,0,0,0,0,0.0000,300.000,0,0.000,0,127.500,71.914,4.500,0.0300,0.0000,-10.00,antimatter,60,450;300;200;100;50,2,8,2.5,3.5,100,-10,5,250,40,5,250,60,1,8,11,0,0.06,4,0.5,50,8,5
35,1,60,FrameTimeStutter,6.000,antimatter,practice,2026-08-31T12:06:02.6229449-04:00,1,63,1.05619,16.5469,2392.09,1439.88,0.000,0.000,2.8378,8.9482,-2.8843,Right,0,0,0,0,0.0000,300.000,0,0.000,0,127.500,71.914,4.500,0.0300,0.0000,-10.00,antimatter,60,450;300;200;100;50,2,8,2.5,3.5,100,-10,5,250,40,5,250,60,1,8,11,0,0.06,4,0.5,50,8,5
35,1,60,FrameTimeStutter,6.000,antimatter,practice,2026-08-31T12:06:02.6229449-04:00,1,64,1.07265,16.4587,2392.09,1439.88,0.000,0.000,2.8378,8.9482,-2.8843,Right,0,0,0,0,0.0000,300.000,0,0.000,0,127.500,71.914,4.500,0.0300,0.0000,-10.00,antimatter,60,450;300;200;100;50,2,8,2.5,3.5,100,-10,5,250,40,5,250,60,1,8,11,0,0.06,4,0.5,50,8,5
35,1,60,FrameTimeStutter,6.000,antimatter,practice,2026-08-31T12:06:02.6229449-04:00,1,65,1.08969,17.0391,2392.09,1439.88,0.000,0.000,2.8378,8.9482,-2.8843,Right,0,0,0,0,0.0000,300.000,0,0.000,0,127.500,71.914,4.500,0.0300,0.0000,-10.00,antimatter,60,450;300;200;100;50,2,8,2.5,3.5,100,-10,5,250,40,5,250,60,1,8,11,0,0.06,4,0.5,50,8,5
35,1,60,FrameTimeStutter,6.000,antimatter,practice,2026-08-31T12:06:02.6229449-04:00,1,66,1.10629,16.5947,2392.09,1439.88,0.000,0.000,2.8378,8.9482,-2.8843,Right,0,0,0,0,0.0000,300.000,0,0.000,0,127.500,71.914,4.500,0.0300,0.0000,-10.00,antimatter,60,450;300;200;100;50,2,8,2.5,3.5,100,-10,5,250,40,5,250,60,1,8,11,0,0.06,4,0.5,50,8,5
35,1,60,FrameTimeStutter,6.000,antimatter,practice,2026-08-31T12:06:02.6229449-04:00,1,67,1.12266,16.3741,2392.09,1439.88,0.000,0.000,2.8378,8.9482,-2.8843,Right,0,0,0,0,0.0000,300.000,0,0.000,0,127.500,71.914,4.500,0.0300,0.0000,-10.00,antimatter,60,450;300;200;100;50,2,8,2.5,3.5,100,-10,5,250,40,5,250,60,1,8,11,0,0.06,4,0.5,50,8,5
35,1,60,FrameTimeStutter,6.000,antimatter,practice,2026-08-31T12:06:02.6229449-04:00,1,68,1.13988,17.2183,2392.09,1439.88,0.000,0.000,2.8378,8.9482,-2.8843,Right,0,0,0,0,0.0000,300.000,0,0.000,0,127.500,71.914,4.500,0.0300,0.0000,-10.00,antimatter,60,450;300;200;100;50,2,8,2.5,3.5,100,-10,5,250,40,5,250,60,1,8,11,0,0.06,4,0.5,50,8,5
35,1,60,FrameTimeStutter,6.000,antimatter,practice,2026-08-31T12:06:02.6229449-04:00,1,69,1.15582,15.9474,2392.09,1439.88,0.000,0.000,2.8378,8.9482,-2.8843,Right,0,0,0,0,0.0000,300.000,0,0.000,0,127.500,71.914,4.500,0.0300,0.0000,-10.00,antimatter,60,450;300;200;100;50,2,8,2.5,3.5,100,-10,5,250,40,5,250,60,1,8,11,0,0.06,4,0.5,50,8,5
35,1,60,FrameTimeStutter,6.000,antimatter,practice,2026-08-31T12:06:02.6229449-04:00,1,70,1.17322,17.3906,2392.09,1439.88,0.000,0.000,2.8378,8.9482,-2.8843,Right,0,0,0,0,0.0000,300.000,0,0.000,0,127.500,71.914,4.500,0.0300,0.0000,-10.00,antimatter,60,450;300;200;100;50,2,8,2.5,3.5,100,-10,5,250,40,5,250,60,1,8,11,0,0.06,4,0.5,50,8,5
35,1,60,FrameTimeStutter,6.000,antimatter,practice,2026-08-31T12:06:02.6229449-04:00,1,71,1.18970,16.4870,2392.09,1439.88,0.000,0.000,2.8378,8.9482,-2.8843,Right,0,0,0,0,0.0000,300.000,0,0.000,0,127.500,71.914,4.500,0.0300,0.0000,-10.00,antimatter,60,450;300;200;100;50,2,8,2.5,3.5,100,-10,5,250,40,5,250,60,1,8,11,0,0.06,4,0.5,50,8,5
35,1,60,FrameTimeStutter,6.000,antimatter,practice,2026-08-31T12:06:02.6229449-04:00,1,72,1.20594,16.2392,2392.09,1439.88,0.000,0.000,2.8378,8.9482,-2.8843,Right,0,0,0,0,0.0000,300.000,0,0.000,0,127.500,71.914,4.500,0.0300,0.0000,-10.00,antimatter,60,450;300;200;100;50,2,8,2.5,3.5,100,-10,5,250,40,5,250,60,1,8,11,0,0.06,4,0.5,50,8,5
35,1,60,FrameTimeStutter,6.000,antimatter,practice,2026-08-31T12:06:02.6229449-04:00,1,73,1.22302,17.0751,2392.09,1439.88,0.000,0.000,2.8378,8.9482,-2.8843,Right,0,0,0,0,0.0000,300.000,0,0.000,0,127.500,71.914,4.500,0.0300,0.0000,-10.00,antimatter,60,450;300;200;100;50,2,8,2.5,3.5,100,-10,5,250,40,5,250,60,1,8,11,0,0.06,4,0.5,50,8,5
35,1,60,FrameTimeStutter,6.000,antimatter,practice,2026-08-31T12:06:02.6229449-04:00,1,74,1.23929,16.2777,2392.09,1439.88,0.000,0.000,2.8378,8.9482,-2.8843,Right,0,0,0,0,0.0000,300.000,0,0.000,0,127.500,71.914,4.500,0.0300,0.0000,-10.00,antimatter,60,450;300;200;100;50,2,8,2.5,3.5,100,-10,5,250,40,5,250,60,1,8,11,0,0.06,4,0.5,50,8,5
35,1,60,FrameTimeStutter,6.000,antimatter,practice,2026-08-31T12:06:02.6229449-04:00,1,75,1.25603,16.7345,2392.09,1439.88,0.000,0.000,2.8378,8.9482,-2.8843,Right,0,0,0,0,0.0000,300.000,0,0.000,0,127.500,71.914,4.500,0.0300,0.0000,-10.00,antimatter,60,450;300;200;100;50,2,8,2.5,3.5,100,-10,5,250,40,5,250,60,1,8,11,0,0.06,4,0.5,50,8,5
35,1,60,FrameTimeStutter,6.000,antimatter,practice,2026-08-31T12:06:02.6229449-04:00,1,76,1.27258,16.5502,2392.09,1439.88,0.000,0.000,2.8378,8.9482,-2.8843,Right,0,0,0,0,0.0000,300.000,0,0.000,0,127.500,71.914,4.500,0.0300,0.0000,-10.00,antimatter,60,450;300;200;100;50,2,8,2.5,3.5,100,-10,5,250,40,5,250,60,1,8,11,0,0.06,4,0.5,50,8,5
35,1,60,FrameTimeStutter,6.000,antimatter,practice,2026-08-31T12:06:02.6229449-04:00,1,77,1.28905,16.4746,2392.09,1439.88,0.000,0.000,2.8378,8.9482,-2.8843,Right,0,0,0,0,0.0000,300.000,0,0.000,0,127.500,71.914,4.500,0.0300,0.0000,-10.00,antimatter,60,450;300;200;100;50,2,8,2.5,3.5,100,-10,5,250,40,5,250,60,1,8,11,0,0.06,4,0.5,50,8,5
35,1,60,FrameTimeStutter,6.000,antimatter,practice,2026-08-31T12:06:02.6229449-04:00,1,78,1.30632,17.2686,2392.09,1439.88,0.000,0.000,2.8378,8.9482,-2.8843,Right,0,0,0,0,0.0000,300.000,0,0.000,0,127.500,71.914,4.500,0.0300,0.0000,-10.00,antimatter,60,450;300;200;100;50,2,8,2.5,3.5,100,-10,5,250,40,5,250,60,1,8,11,0,0.06,4,0.5,50,8,5
35,1,60,FrameTimeStutter,6.000,antimatter,practice,2026-08-31T12:06:02.6229449-04:00,1,79,1.32253,16.2029,2392.09,1439.88,0.000,0.000,2.8378,8.9482,-2.8843,Right,0,0,0,0,0.0000,300.000,0,0.000,0,127.500,71.914,4.500,0.0300,0.0000,-10.00,antimatter,60,450;300;200;100;50,2,8,2.5,3.5,100,-10,5,250,40,5,250,60,1,8,11,0,0.06,4,0.5,50,8,5
35,1,60,FrameTimeStutter,6.000,antimatter,practice,2026-08-31T12:06:02.6229449-04:00,1,80,1.33927,16.7486,2392.09,1439.88,0.000,0.000,2.8378,8.9482,-2.8843,Right,0,0,0,0,0.0000,300.000,0,0.000,0,127.500,71.914,4.500,0.0300,0.0000,-10.00,antimatter,60,450;300;200;100;50,2,8,2.5,3.5,100,-10,5,250,40,5,250,60,1,8,11,0,0.06,4,0.5,50,8,5
35,1,60,FrameTimeStutter,6.000,antimatter,practice,2026-08-31T12:06:02.6229449-04:00,1,81,1.35617,16.9009,2392.09,1439.88,0.000,0.000,2.8378,8.9482,-2.8843,Right,0,0,0,0,0.0000,300.000,0,0.000,0,127.500,71.914,4.500,0.0300,0.0000,-10.00,antimatter,60,450;300;200;100;50,2,8,2.5,3.5,100,-10,5,250,40,5,250,60,1,8,11,0,0.06,4,0.5,50,8,5
35,1,60,FrameTimeStutter,6.000,antimatter,practice,2026-08-31T12:06:02.6229449-04:00,1,82,1.37270,16.5281,2392.09,1439.88,0.000,0.000,2.8378,8.9482,-2.8843,Right,0,0,0,0,0.0000,300.000,0,0.000,0,127.500,71.914,4.500,0.0300,0.0000,-10.00,antimatter,60,450;300;200;100;50,2,8,2.5,3.5,100,-10,5,250,40,5,250,60,1,8,11,0,0.06,4,0.5,50,8,5
35,1,60,FrameTimeStutter,6.000,antimatter,practice,2026-08-31T12:06:02.6229449-04:00,1,83,1.38919,16.4851,2392.09,1439.88,0.000,0.000,2.8378,8.9482,-2.8843,Right,0,0,0,0,0.0000,300.000,0,0.000,0,127.500,71.914,4.500,0.0300,0.0000,-10.00,antimatter,60,450;300;200;100;50,2,8,2.5,3.5,100,-10,5,250,40,5,250,60,1,8,11,0,0.06,4,0.5,50,8,5
35,1,60,FrameTimeStutter,6.000,antimatter,practice,2026-08-31T12:06:02.6229449-04:00,1,84,1.40581,16.6214,2392.09,1439.88,0.000,0.000,2.8378,8.9482,-2.8843,Right,0,0,0,0,0.0000,300.000,0,0.000,0,127.500,71.914,4.500,0.0300,0.0000,-10.00,antimatter,60,450;300;200;100;50,2,8,2.5,3.5,100,-10,5,250,40,5,250,60,1,8,11,0,0.06,4,0.5,50,8,5
35,1,60,FrameTimeStutter,6.000,antimatter,practice,2026-08-31T12:06:02.6229449-04:00,1,85,1.42316,17.3551,2392.09,1439.88,0.000,0.000,2.8378,8.9482,-2.8843,Right,0,0,0,0,0.0000,300.000,0,0.000,0,127.500,71.914,4.500,0.0300,0.0000,-10.00,antimatter,60,450;300;200;100;50,2,8,2.5,3.5,100,-10,5,250,40,5,250,60,1,8,11,0,0.06,4,0.5,50,8,5
35,1,60,FrameTimeStutter,6.000,antimatter,practice,2026-08-31T12:06:02.6229449-04:00,1,86,1.43946,16.2981,2392.09,1439.88,0.000,0.000,2.8378,8.9482,-2.8843,Right,0,0,0,0,0.0000,300.000,0,0.000,0,127.500,71.914,4.500,0.0300,0.0000,-10.00,antimatter,60,450;300;200;100;50,2,8,2.5,3.5,100,-10,5,250,40,5,250,60,1,8,11,0,0.06,4,0.5,50,8,5
35,1,60,FrameTimeStutter,6.000,antimatter,practice,2026-08-31T12:06:02.6229449-04:00,1,87,1.45612,16.6609,2392.09,1439.88,0.000,0.000,2.8378,8.9482,-2.8843,Right,0,0,0,0,0.0000,300.000,0,0.000,0,127.500,71.914,4.500,0.0300,0.0000,-10.00,antimatter,60,450;300;200;100;50,2,8,2.5,3.5,100,-10,5,250,40,5,250,60,1,8,11,0,0.06,4,0.5,50,8,5
35,1,60,FrameTimeStutter,6.000,antimatter,practice,2026-08-31T12:06:02.6229449-04:00,1,88,1.47316,17.0372,2392.09,1439.88,0.000,0.000,2.8378,8.9482,-2.8843,Right,0,0,0,0,0.0000,300.000,0,0.000,0,127.500,71.914,4.500,0.0300,0.0000,-10.00,antimatter,60,450;300;200;100;50,2,8,2.5,3.5,100,-10,5,250,40,5,250,60,1,8,11,0,0.06,4,0.5,50,8,5
35,1,60,FrameTimeStutter,6.000,antimatter,practice,2026-08-31T12:06:02.6229449-04:00,1,89,1.48939,16.2285,2392.09,1439.88,0.000,0.000,2.8378,8.9482,-2.8843,Right,0,0,0,0,0.0000,300.000,0,0.000,0,127.500,71.914,4.500,0.0300,0.0000,-10.00,antimatter,60,450;300;200;100;50,2,8,2.5,3.5,100,-10,5,250,40,5,250,60,1,8,11,0,0.06,4,0.5,50,8,5
35,1,60,FrameTimeStutter,6.000,antimatter,practice,2026-08-31T12:06:02.6229449-04:00,1,90,1.50626,16.8745,2392.09,1439.88,0.000,0.000,2.8378,8.9482,-2.8843,Right,0,0,0,0,0.0000,300.000,0,0.000,0,127.500,71.914,4.500,0.0300,0.0000,-10.00,antimatter,60,450;300;200;100;50,2,8,2.5,3.5,100,-10,5,250,40,5,250,60,1,8,11,0,0.06,4,0.5,50,8,5
35,1,60,FrameTimeStutter,6.000,antimatter,practice,2026-08-31T12:06:02.6229449-04:00,1,91,1.52263,16.3674,2392.09,1439.88,0.000,0.000,2.8378,8.9482,-2.8843,Right,0,0,0,0,0.0000,300.000,0,0.000,0,127.500,71.914,4.500,0.0300,0.0000,-10.00,antimatter,60,450;300;200;100;50,2,8,2.5,3.5,100,-10,5,250,40,5,250,60,1,8,11,0,0.06,4,0.5,50,8,5
35,1,60,FrameTimeStutter,6.000,antimatter,practice,2026-08-31T12:06:02.6229449-04:00,1,92,1.53971,17.0817,2392.09,1439.88,0.000,0.000,2.8378,8.9482,-2.8843,Right,0,0,0,0,0.0000,300.000,0,0.000,0,127.500,71.914,4.500,0.0300,0.0000,-10.00,antimatter,60,450;300;200;100;50,2,8,2.5,3.5,100,-10,5,250,40,5,250,60,1,8,11,0,0.06,4,0.5,50,8,5
35,1,60,FrameTimeStutter,6.000,antimatter,practice,2026-08-31T12:06:02.6229449-04:00,1,93,1.55580,16.0826,2392.09,1439.88,0.000,0.000,2.8378,8.9482,-2.8843,Right,0,0,0,0,0.0000,300.000,0,0.000,0,127.500,71.914,4.500,0.0300,0.0000,-10.00,antimatter,60,450;300;200;100;50,2,8,2.5,3.5,100,-10,5,250,40,5,250,60,1,8,11,0,0.06,4,0.5,50,8,5
35,1,60,FrameTimeStutter,6.000,antimatter,practice,2026-08-31T12:06:02.6229449-04:00,1,94,1.57312,17.3247,2392.09,1439.88,0.000,0.000,2.8378,8.9482,-2.8843,Right,0,0,0,0,0.0000,300.000,0,0.000,0,127.500,71.914,4.500,0.0300,0.0000,-10.00,antimatter,60,450;300;200;100;50,2,8,2.5,3.5,100,-10,5,250,40,5,250,60,1,8,11,0,0.06,4,0.5,50,8,5
35,1,60,FrameTimeStutter,6.000,antimatter,practice,2026-08-31T12:06:02.6229449-04:00,1,95,1.58937,16.2470,2392.09,1439.88,0.000,0.000,2.8378,8.9482,-2.8843,Right,0,0,0,0,0.0000,300.000,0,0.000,0,127.500,71.914,4.500,0.0300,0.0000,-10.00,antimatter,60,450;300;200;100;50,2,8,2.5,3.5,100,-10,5,250,40,5,250,60,1,8,11,0,0.06,4,0.5,50,8,5
35,1,60,FrameTimeStutter,6.000,antimatter,practice,2026-08-31T12:06:02.6229449-04:00,1,96,1.60573,16.3642,2392.09,1439.88,0.000,0.000,2.8378,8.9482,-2.8843,Right,0,0,0,0,0.0000,300.000,0,0.000,0,127.500,71.914,4.500,0.0300,0.0000,-10.00,antimatter,60,450;300;200;100;50,2,8,2.5,3.5,100,-10,5,250,40,5,250,60,1,8,11,0,0.06,4,0.5,50,8,5
35,1,60,FrameTimeStutter,6.000,antimatter,practice,2026-08-31T12:06:02.6229449-04:00,1,97,1.62287,17.1360,2392.09,1439.88,0.000,0.000,2.8378,8.9482,-2.8843,Right,0,0,0,0,0.0000,300.000,0,0.000,0,127.500,71.914,4.500,0.0300,0.0000,-10.00,antimatter,60,450;300;200;100;50,2,8,2.5,3.5,100,-10,5,250,40,5,250,60,1,8,11,0,0.06,4,0.5,50,8,5
35,1,60,FrameTimeStutter,6.000,antimatter,practice,2026-08-31T12:06:02.6229449-04:00,1,98,1.63913,16.2591,2392.09,1439.88,0.000,0.000,2.8378,8.9482,-2.8843,Right,0,0,0,0,0.0000,300.000,0,0.000,0,127.500,71.914,4.500,0.0300,0.0000,-10.00,antimatter,60,450;300;200;100;50,2,8,2.5,3.5,100,-10,5,250,40,5,250,60,1,8,11,0,0.06,4,0.5,50,8,5
35,1,60,FrameTimeStutter,6.000,antimatter,practice,2026-08-31T12:06:02.6229449-04:00,1,99,1.65640,17.2753,2392.09,1439.88,0.000,0.000,2.8378,8.9482,-2.8843,Right,0,0,0,0,0.0000,300.000,0,0.000,0,127.500,71.914,4.500,0.0300,0.0000,-10.00,antimatter,60,450;300;200;100;50,2,8,2.5,3.5,100,-10,5,250,40,5,250,60,1,8,11,0,0.06,4,0.5,50,8,5
35,1,60,FrameTimeStutter,6.000,antimatter,practice,2026-08-31T12:06:02.6229449-04:00,1,100,1.67274,16.3354,2392.09,1439.88,0.000,0.000,2.8378,8.9482,-2.8843,Right,0,0,0,0,0.0000,300.000,0,0.000,0,127.500,71.914,4.500,0.0300,0.0000,-10.00,antimatter,60,450;300;200;100;50,2,8,2.5,3.5,100,-10,5,250,40,5,250,60,1,8,11,0,0.06,4,0.5,50,8,5
35,1,60,FrameTimeStutter,6.000,antimatter,practice,2026-08-31T12:06:02.6229449-04:00,1,101,1.68945,16.7108,2392.09,1439.88,0.000,0.000,2.8378,8.9482,-2.8843,Right,0,0,0,0,0.0000,300.000,0,0.000,0,127.500,71.914,4.500,0.0300,0.0000,-10.00,antimatter,60,450;300;200;100;50,2,8,2.5,3.5,100,-10,5,250,40,5,250,60,1,8,11,0,0.06,4,0.5,50,8,5
35,1,60,FrameTimeStutter,6.000,antimatter,practice,2026-08-31T12:06:02.6229449-04:00,1,102,1.70623,16.7818,2392.09,1439.88,0.000,0.000,2.8378,8.9482,-2.8843,Right,0,0,0,0,0.0000,300.000,0,0.000,0,127.500,71.914,4.500,0.0300,0.0000,-10.00,antimatter,60,450;300;200;100;50,2,8,2.5,3.5,100,-10,5,250,40,5,250,60,1,8,11,0,0.06,4,0.5,50,8,5
35,1,60,FrameTimeStutter,6.000,antimatter,practice,2026-08-31T12:06:02.6229449-04:00,1,103,1.72295,16.7170,2392.09,1439.88,0.000,0.000,2.8378,8.9482,-2.8843,Right,0,0,0,0,0.0000,300.000,0,0.000,0,127.500,71.914,4.500,0.0300,0.0000,-10.00,antimatter,60,450;300;200;100;50,2,8,2.5,3.5,100,-10,5,250,40,5,250,60,1,8,11,0,0.06,4,0.5,50,8,5
35,1,60,FrameTimeStutter,6.000,antimatter,practice,2026-08-31T12:06:02.6229449-04:00,1,104,1.73947,16.5205,2392.09,1439.88,0.000,0.000,2.8378,8.9482,-2.8843,Right,0,0,0,0,0.0000,300.000,0,0.000,0,127.500,71.914,4.500,0.0300,0.0000,-10.00,antimatter,60,450;300;200;100;50,2,8,2.5,3.5,100,-10,5,250,40,5,250,60,1,8,11,0,0.06,4,0.5,50,8,5
35,1,60,FrameTimeStutter,6.000,antimatter,practice,2026-08-31T12:06:02.6229449-04:00,1,105,1.75676,17.2918,2392.09,1439.88,0.000,0.000,2.8378,8.9482,-2.8843,Right,0,0,0,0,0.0000,300.000,0,0.000,0,127.500,71.914,4.500,0.0300,0.0000,-10.00,antimatter,60,450;300;200;100;50,2,8,2.5,3.5,100,-10,5,250,40,5,250,60,1,8,11,0,0.06,4,0.5,50,8,5
35,1,60,FrameTimeStutter,6.000,antimatter,practice,2026-08-31T12:06:02.6229449-04:00,1,106,1.77317,16.4121,2392.09,1439.88,0.000,0.000,2.8378,8.9482,-2.8843,Right,0,0,0,0,0.0000,300.000,0,0.000,0,127.500,71.914,4.500,0.0300,0.0000,-10.00,antimatter,60,450;300;200;100;50,2,8,2.5,3.5,100,-10,5,250,40,5,250,60,1,8,11,0,0.06,4,0.5,50,8,5
35,1,60,FrameTimeStutter,6.000,antimatter,practice,2026-08-31T12:06:02.6229449-04:00,1,107,1.78958,16.4113,2392.09,1439.88,0.000,0.000,2.8378,8.9482,-2.8843,Right,0,0,0,0,0.0000,300.000,0,0.000,0,127.500,71.914,4.500,0.0300,0.0000,-10.00,antimatter,60,450;300;200;100;50,2,8,2.5,3.5,100,-10,5,250,40,5,250,60,1,8,11,0,0.06,4,0.5,50,8,5
35,1,60,FrameTimeStutter,6.000,antimatter,practice,2026-08-31T12:06:02.6229449-04:00,1,108,1.80610,16.5204,2392.09,1439.88,0.000,0.000,2.8378,8.9482,-2.8843,Right,0,0,0,0,0.0000,300.000,0,0.000,0,127.500,71.914,4.500,0.0300,0.0000,-10.00,antimatter,60,450;300;200;100;50,2,8,2.5,3.5,100,-10,5,250,40,5,250,60,1,8,11,0,0.06,4,0.5,50,8,5
35,1,60,FrameTimeStutter,6.000,antimatter,practice,2026-08-31T12:06:02.6229449-04:00,1,109,1.82292,16.8169,2392.09,1439.88,0.000,0.000,2.8378,8.9482,-2.8843,Right,0,0,0,0,0.0000,300.000,0,0.000,0,127.500,71.914,4.500,0.0300,0.0000,-10.00,antimatter,60,450;300;200;100;50,2,8,2.5,3.5,100,-10,5,250,40,5,250,60,1,8,11,0,0.06,4,0.5,50,8,5
35,1,60,FrameTimeStutter,6.000,antimatter,practice,2026-08-31T12:06:02.6229449-04:00,1,110,1.83952,16.6011,2392.09,1439.88,0.000,0.000,2.8378,8.9482,-2.8843,Right,0,0,0,0,0.0000,300.000,0,0.000,0,127.500,71.914,4.500,0.0300,0.0000,-10.00,antimatter,60,450;300;200;100;50,2,8,2.5,3.5,100,-10,5,250,40,5,250,60,1,8,11,0,0.06,4,0.5,50,8,5
35,1,60,FrameTimeStutter,6.000,antimatter,practice,2026-08-31T12:06:02.6229449-04:00,1,111,1.85638,16.8604,2392.09,1439.88,0.000,0.000,2.8378,8.9482,-2.8843,Right,0,0,0,0,0.0000,300.000,0,0.000,0,127.500,71.914,4.500,0.0300,0.0000,-10.00,antimatter,60,450;300;200;100;50,2,8,2.5,3.5,100,-10,5,250,40,5,250,60,1,8,11,0,0.06,4,0.5,50,8,5
35,1,60,FrameTimeStutter,6.000,antimatter,practice,2026-08-31T12:06:02.6229449-04:00,1,112,1.87281,16.4259,2392.09,1439.88,0.000,0.000,2.8378,8.9482,-2.8843,Right,0,0,0,0,0.0000,300.000,0,0.000,0,127.500,71.914,4.500,0.0300,0.0000,-10.00,antimatter,60,450;300;200;100;50,2,8,2.5,3.5,100,-10,5,250,40,5,250,60,1,8,11,0,0.06,4,0.5,50,8,5
35,1,60,FrameTimeStutter,6.000,antimatter,practice,2026-08-31T12:06:02.6229449-04:00,1,113,1.88946,16.6530,2392.09,1439.88,0.000,0.000,2.8378,8.9482,-2.8843,Right,0,0,0,0,0.0000,300.000,0,0.000,0,127.500,71.914,4.500,0.0300,0.0000,-10.00,antimatter,60,450;300;200;100;50,2,8,2.5,3.5,100,-10,5,250,40,5,250,60,1,8,11,0,0.06,4,0.5,50,8,5
35,1,60,FrameTimeStutter,6.000,antimatter,practice,2026-08-31T12:06:02.6229449-04:00,1,114,1.90631,16.8537,2392.09,1439.88,0.000,0.000,2.8378,8.9482,-2.8843,Right,0,0,0,0,0.0000,300.000,0,0.000,0,127.500,71.914,4.500,0.0300,0.0000,-10.00,antimatter,60,450;300;200;100;50,2,8,2.5,3.5,100,-10,5,250,40,5,250,60,1,8,11,0,0.06,4,0.5,50,8,5
35,1,60,FrameTimeStutter,6.000,antimatter,practice,2026-08-31T12:06:02.6229449-04:00,1,115,1.92294,16.6247,2392.09,1439.88,0.000,0.000,2.8378,8.9482,-2.8843,Right,0,0,0,0,0.0000,300.000,0,0.000,0,127.500,71.914,4.500,0.0300,0.0000,-10.00,antimatter,60,450;300;200;100;50,2,8,2.5,3.5,100,-10,5,250,40,5,250,60,1,8,11,0,0.06,4,0.5,50,8,5
35,1,60,FrameTimeStutter,6.000,antimatter,practice,2026-08-31T12:06:02.6229449-04:00,1,116,1.93919,16.2473,2392.09,1439.88,0.000,0.000,2.8378,8.9482,-2.8843,Right,0,0,0,0,0.0000,300.000,0,0.000,0,127.500,71.914,4.500,0.0300,0.0000,-10.00,antimatter,60,450;300;200;100;50,2,8,2.5,3.5,100,-10,5,250,40,5,250,60,1,8,11,0,0.06,4,0.5,50,8,5
35,1,60,FrameTimeStutter,6.000,antimatter,practice,2026-08-31T12:06:02.6229449-04:00,1,117,1.95618,16.9981,2392.09,1439.88,0.000,0.000,2.8378,8.9482,-2.8843,Right,0,0,0,0,0.0000,300.000,0,0.000,0,127.500,71.914,4.500,0.0300,0.0000,-10.00,antimatter,60,450;300;200;100;50,2,8,2.5,3.5,100,-10,5,250,40,5,250,60,1,8,11,0,0.06,4,0.5,50,8,5
35,1,60,FrameTimeStutter,6.000,antimatter,practice,2026-08-31T12:06:02.6229449-04:00,1,118,1.97275,16.5656,2392.09,1439.88,0.000,0.000,2.8378,8.9482,-2.8843,Right,0,0,0,0,0.0000,300.000,0,0.000,0,127.500,71.914,4.500,0.0300,0.0000,-10.00,antimatter,60,450;300;200;100;50,2,8,2.5,3.5,100,-10,5,250,40,5,250,60,1,8,11,0,0.06,4,0.5,50,8,5
35,1,60,FrameTimeStutter,6.000,antimatter,practice,2026-08-31T12:06:02.6229449-04:00,1,119,1.98913,16.3816,2392.09,1439.88,0.000,0.000,2.8378,8.9482,-2.8843,Right,0,0,0,0,0.0000,300.000,0,0.000,0,127.500,71.914,4.500,0.0300,0.0000,-10.00,antimatter,60,450;300;200;100;50,2,8,2.5,3.5,100,-10,5,250,40,5,250,60,1,8,11,0,0.06,4,0.5,50,8,5
35,1,60,FrameTimeStutter,6.000,antimatter,practice,2026-08-31T12:06:02.6229449-04:00,1,120,2.00632,17.1852,2392.09,1439.88,0.000,0.000,2.8378,8.9482,-2.8843,Right,0,0,0,0,0.0000,300.000,0,0.000,0,127.500,71.914,4.500,0.0300,0.0000,-10.00,antimatter,60,450;300;200;100;50,2,8,2.5,3.5,100,-10,5,250,40,5,250,60,1,8,11,0,0.06,4,0.5,50,8,5
35,1,60,FrameTimeStutter,6.000,antimatter,practice,2026-08-31T12:06:02.6229449-04:00,1,121,2.02258,16.2615,2392.09,1439.88,0.000,0.000,2.8378,8.9482,-2.8843,Right,0,0,0,0,0.0000,300.000,0,0.000,0,127.500,71.914,4.500,0.0300,0.0000,-10.00,antimatter,60,450;300;200;100;50,2,8,2.5,3.5,100,-10,5,250,40,5,250,60,1,8,11,0,0.06,4,0.5,50,8,5
35,1,60,FrameTimeStutter,6.000,antimatter,practice,2026-08-31T12:06:02.6229449-04:00,1,122,2.03973,17.1527,2392.09,1439.88,0.000,0.000,2.8378,8.9482,-2.8843,Right,0,0,0,0,0.0000,300.000,0,0.000,0,127.500,71.914,4.500,0.0300,0.0000,-10.00,antimatter,60,450;300;200;100;50,2,8,2.5,3.5,100,-10,5,250,40,5,250,60,1,8,11,0,0.06,4,0.5,50,8,5
35,1,60,FrameTimeStutter,6.000,antimatter,practice,2026-08-31T12:06:02.6229449-04:00,1,123,2.05593,16.1953,2392.09,1439.88,0.000,0.000,2.8378,8.9482,-2.8843,Right,0,0,0,0,0.0000,300.000,0,0.000,0,127.500,71.914,4.500,0.0300,0.0000,-10.00,antimatter,60,450;300;200;100;50,2,8,2.5,3.5,100,-10,5,250,40,5,250,60,1,8,11,0,0.06,4,0.5,50,8,5
35,1,60,FrameTimeStutter,6.000,antimatter,practice,2026-08-31T12:06:02.6229449-04:00,1,124,2.07312,17.1928,2392.09,1439.88,0.000,0.000,2.8378,8.9482,-2.8843,Right,0,0,0,0,0.0000,300.000,0,0.000,0,127.500,71.914,4.500,0.0300,0.0000,-10.00,antimatter,60,450;300;200;100;50,2,8,2.5,3.5,100,-10,5,250,40,5,250,60,1,8,11,0,0.06,4,0.5,50,8,5
35,1,60,FrameTimeStutter,6.000,antimatter,practice,2026-08-31T12:06:02.6229449-04:00,1,125,2.08911,15.9926,2392.09,1439.88,0.000,0.000,2.8378,8.9482,-2.8843,Right,0,0,0,0,0.0000,300.000,0,0.000,0,127.500,71.914,4.500,0.0300,0.0000,-10.00,antimatter,60,450;300;200;100;50,2,8,2.5,3.5,100,-10,5,250,40,5,250,60,1,8,11,0,0.06,4,0.5,50,8,5
35,1,60,FrameTimeStutter,6.000,antimatter,practice,2026-08-31T12:06:02.6229449-04:00,1,126,2.10612,17.0051,2392.09,1439.88,0.000,0.000,2.8378,8.9482,-2.8843,Right,0,0,0,0,0.0000,300.000,0,0.000,0,127.500,71.914,4.500,0.0300,0.0000,-10.00,antimatter,60,450;300;200;100;50,2,8,2.5,3.5,100,-10,5,250,40,5,250,60,1,8,11,0,0.06,4,0.5,50,8,5
35,1,60,FrameTimeStutter,6.000,antimatter,practice,2026-08-31T12:06:02.6229449-04:00,1,127,2.12300,16.8802,2392.09,1439.88,0.000,0.000,2.8378,8.9482,-2.8843,Right,0,0,0,0,0.0000,300.000,0,0.000,0,127.500,71.914,4.500,0.0300,0.0000,-10.00,antimatter,60,450;300;200;100;50,2,8,2.5,3.5,100,-10,5,250,40,5,250,60,1,8,11,0,0.06,4,0.5,50,8,5
35,1,60,FrameTimeStutter,6.000,antimatter,practice,2026-08-31T12:06:02.6229449-04:00,1,128,2.13925,16.2577,2392.09,1439.88,0.000,0.000,2.8378,8.9482,-2.8843,Right,0,0,0,0,0.0000,300.000,0,0.000,0,127.500,71.914,4.500,0.0300,0.0000,-10.00,antimatter,60,450;300;200;100;50,2,8,2.5,3.5,100,-10,5,250,40,5,250,60,1,8,11,0,0.06,4,0.5,50,8,5
35,1,60,FrameTimeStutter,6.000,antimatter,practice,2026-08-31T12:06:02.6229449-04:00,1,129,2.15631,17.0543,2392.09,1439.88,0.000,0.000,2.8378,8.9482,-2.8843,Right,0,0,0,0,0.0000,300.000,0,0.000,0,127.500,71.914,4.500,0.0300,0.0000,-10.00,antimatter,60,450;300;200;100;50,2,8,2.5,3.5,100,-10,5,250,40,5,250,60,1,8,11,0,0.06,4,0.5,50,8,5
35,1,60,FrameTimeStutter,6.000,antimatter,practice,2026-08-31T12:06:02.6229449-04:00,1,130,2.17296,16.6521,2392.09,1439.88,0.000,0.000,2.8378,8.9482,-2.8843,Right,0,0,0,0,0.0000,300.000,0,0.000,0,127.500,71.914,4.500,0.0300,0.0000,-10.00,antimatter,60,450;300;200;100;50,2,8,2.5,3.5,100,-10,5,250,40,5,250,60,1,8,11,0,0.06,4,0.5,50,8,5
35,1,60,FrameTimeStutter,6.000,antimatter,practice,2026-08-31T12:06:02.6229449-04:00,1,131,2.18986,16.9008,2392.09,1439.88,0.000,0.000,2.8378,8.9482,-2.8843,Right,0,0,0,0,0.0000,300.000,0,0.000,0,127.500,71.914,4.500,0.0300,0.0000,-10.00,antimatter,60,450;300;200;100;50,2,8,2.5,3.5,100,-10,5,250,40,5,250,60,1,8,11,0,0.06,4,0.5,50,8,5
35,1,60,FrameTimeStutter,6.000,antimatter,practice,2026-08-31T12:06:02.6229449-04:00,1,132,2.20636,16.4999,2392.09,1439.88,0.000,0.000,2.8378,8.9482,-2.8843,Right,0,0,0,0,0.0000,300.000,0,0.000,0,127.500,71.914,4.500,0.0300,0.0000,-10.00,antimatter,60,450;300;200;100;50,2,8,2.5,3.5,100,-10,5,250,40,5,250,60,1,8,11,0,0.06,4,0.5,50,8,5
35,1,60,FrameTimeStutter,6.000,antimatter,practice,2026-08-31T12:06:02.6229449-04:00,1,133,2.22316,16.7934,2392.09,1439.88,0.000,0.000,2.8378,8.9482,-2.8843,Right,0,0,0,0,0.0000,300.000,0,0.000,0,127.500,71.914,4.500,0.0300,0.0000,-10.00,antimatter,60,450;300;200;100;50,2,8,2.5,3.5,100,-10,5,250,40,5,250,60,1,8,11,0,0.06,4,0.5,50,8,5
35,1,60,FrameTimeStutter,6.000,antimatter,practice,2026-08-31T12:06:02.6229449-04:00,1,134,2.23974,16.5891,2392.09,1439.88,0.000,0.000,2.8378,8.9482,-2.8843,Right,0,0,0,0,0.0000,300.000,0,0.000,0,127.500,71.914,4.500,0.0300,0.0000,-10.00,antimatter,60,450;300;200;100;50,2,8,2.5,3.5,100,-10,5,250,40,5,250,60,1,8,11,0,0.06,4,0.5,50,8,5
35,1,60,FrameTimeStutter,6.000,antimatter,practice,2026-08-31T12:06:02.6229449-04:00,1,135,2.25634,16.6010,2392.09,1439.88,0.000,0.000,2.8378,8.9482,-2.8843,Right,0,0,0,0,0.0000,300.000,0,0.000,0,127.500,71.914,4.500,0.0300,0.0000,-10.00,antimatter,60,450;300;200;100;50,2,8,2.5,3.5,100,-10,5,250,40,5,250,60,1,8,11,0,0.06,4,0.5,50,8,5
35,1,60,FrameTimeStutter,6.000,antimatter,practice,2026-08-31T12:06:02.6229449-04:00,1,136,2.27289,16.5491,2392.09,1439.88,0.000,0.000,2.8378,8.9482,-2.8843,Right,0,0,0,0,0.0000,300.000,0,0.000,0,127.500,71.914,4.500,0.0300,0.0000,-10.00,antimatter,60,450;300;200;100;50,2,8,2.5,3.5,100,-10,5,250,40,5,250,60,1,8,11,0,0.06,4,0.5,50,8,5
35,1,60,FrameTimeStutter,6.000,antimatter,practice,2026-08-31T12:06:02.6229449-04:00,1,137,2.28985,16.9512,2392.09,1439.88,0.000,0.000,2.8378,8.9482,-2.8843,Right,0,0,0,0,0.0000,300.000,0,0.000,0,127.500,71.914,4.500,0.0300,0.0000,-10.00,antimatter,60,450;300;200;100;50,2,8,2.5,3.5,100,-10,5,250,40,5,250,60,1,8,11,0,0.06,4,0.5,50,8,5
35,1,60,FrameTimeStutter,6.000,antimatter,practice,2026-08-31T12:06:02.6229449-04:00,1,138,2.30617,16.3212,2392.09,1439.88,0.000,0.000,2.8378,8.9482,-2.8843,Right,0,0,0,0,0.0000,300.000,0,0.000,0,127.500,71.914,4.500,0.0300,0.0000,-10.00,antimatter,60,450;300;200;100;50,2,8,2.5,3.5,100,-10,5,250,40,5,250,60,1,8,11,0,0.06,4,0.5,50,8,5
35,1,60,FrameTimeStutter,6.000,antimatter,practice,2026-08-31T12:06:02.6229449-04:00,1,139,2.32275,16.5862,2392.09,1439.88,0.000,0.000,2.8378,8.9482,-2.8843,Right,0,0,0,0,0.0000,300.000,0,0.000,0,127.500,71.914,4.500,0.0300,0.0000,-10.00,antimatter,60,450;300;200;100;50,2,8,2.5,3.5,100,-10,5,250,40,5,250,60,1,8,11,0,0.06,4,0.5,50,8,5
35,1,60,FrameTimeStutter,6.000,antimatter,practice,2026-08-31T12:06:02.6229449-04:00,1,140,2.33938,16.6245,2392.09,1439.88,0.000,0.000,2.8378,8.9482,-2.8843,Right,0,0,0,0,0.0000,300.000,0,0.000,0,127.500,71.914,4.500,0.0300,0.0000,-10.00,antimatter,60,450;300;200;100;50,2,8,2.5,3.5,100,-10,5,250,40,5,250,60,1,8,11,0,0.06,4,0.5,50,8,5
35,1,60,FrameTimeStutter,6.000,antimatter,practice,2026-08-31T12:06:02.6229449-04:00,1,141,2.35639,17.0092,2392.09,1439.88,0.000,0.000,2.8378,8.9482,-2.8843,Right,0,0,0,0,0.0000,300.000,0,0.000,0,127.500,71.914,4.500,0.0300,0.0000,-10.00,antimatter,60,450;300;200;100;50,2,8,2.5,3.5,100,-10,5,250,40,5,250,60,1,8,11,0,0.06,4,0.5,50,8,5
35,1,60,FrameTimeStutter,6.000,antimatter,practice,2026-08-31T12:06:02.6229449-04:00,1,142,2.37241,16.0190,2392.09,1439.88,0.000,0.000,2.8378,8.9482,-2.8843,Right,0,0,0,0,0.0000,300.000,0,0.000,0,127.500,71.914,4.500,0.0300,0.0000,-10.00,antimatter,60,450;300;200;100;50,2,8,2.5,3.5,100,-10,5,250,40,5,250,60,1,8,11,0,0.06,4,0.5,50,8,5
35,1,60,FrameTimeStutter,6.000,antimatter,practice,2026-08-31T12:06:02.6229449-04:00,1,143,2.38906,16.6590,2392.09,1439.88,0.000,0.000,2.8378,8.9482,-2.8843,Right,0,0,0,0,0.0000,300.000,0,0.000,0,127.500,71.914,4.500,0.0300,0.0000,-10.00,antimatter,60,450;300;200;100;50,2,8,2.5,3.5,100,-10,5,250,40,5,250,60,1,8,11,0,0.06,4,0.5,50,8,5
35,1,60,FrameTimeStutter,6.000,antimatter,practice,2026-08-31T12:06:02.6229449-04:00,1,144,2.40576,16.6960,2392.09,1439.88,0.000,0.000,2.8378,8.9482,-2.8843,Right,0,0,0,0,0.0000,300.000,0,0.000,0,127.500,71.914,4.500,0.0300,0.0000,-10.00,antimatter,60,450;300;200;100;50,2,8,2.5,3.5,100,-10,5,250,40,5,250,60,1,8,11,0,0.06,4,0.5,50,8,5
35,1,60,FrameTimeStutter,6.000,antimatter,practice,2026-08-31T12:06:02.6229449-04:00,1,145,2.42272,16.9557,2392.09,1439.88,0.000,0.000,2.8378,8.9482,-2.8843,Right,0,0,0,0,0.0000,300.000,0,0.000,0,127.500,71.914,4.500,0.0300,0.0000,-10.00,antimatter,60,450;300;200;100;50,2,8,2.5,3.5,100,-10,5,250,40,5,250,60,1,8,11,0,0.06,4,0.5,50,8,5
35,1,60,FrameTimeStutter,6.000,antimatter,practice,2026-08-31T12:06:02.6229449-04:00,1,146,2.43916,16.4481,2392.09,1439.88,0.000,0.000,2.8378,8.9482,-2.8843,Right,0,0,0,0,0.0000,300.000,0,0.000,0,127.500,71.914,4.500,0.0300,0.0000,-10.00,antimatter,60,450;300;200;100;50,2,8,2.5,3.5,100,-10,5,250,40,5,250,60,1,8,11,0,0.06,4,0.5,50,8,5
35,1,60,FrameTimeStutter,6.000,antimatter,practice,2026-08-31T12:06:02.6229449-04:00,1,147,2.45569,16.5281,2392.09,1439.88,0.000,0.000,2.8378,8.9482,-2.8843,Right,0,0,0,0,0.0000,300.000,0,0.000,0,127.500,71.914,4.500,0.0300,0.0000,-10.00,antimatter,60,450;300;200;100;50,2,8,2.5,3.5,100,-10,5,250,40,5,250,60,1,8,11,0,0.06,4,0.5,50,8,5
35,1,60,FrameTimeStutter,6.000,antimatter,practice,2026-08-31T12:06:02.6229449-04:00,1,148,2.47240,16.7110,2392.09,1439.88,0.000,0.000,2.8378,8.9482,-2.8843,Right,0,0,0,0,0.0000,300.000,0,0.000,0,127.500,71.914,4.500,0.0300,0.0000,-10.00,antimatter,60,450;300;200;100;50,2,8,2.5,3.5,100,-10,5,250,40,5,250,60,1,8,11,0,0.06,4,0.5,50,8,5
35,1,60,FrameTimeStutter,6.000,antimatter,practice,2026-08-31T12:06:02.6229449-04:00,1,149,2.48964,17.2377,2392.09,1439.88,0.000,0.000,2.8378,8.9482,-2.8843,Right,0,0,0,0,0.0000,300.000,0,0.000,0,127.500,71.914,4.500,0.0300,0.0000,-10.00,antimatter,60,450;300;200;100;50,2,8,2.5,3.5,100,-10,5,250,40,5,250,60,1,8,11,0,0.06,4,0.5,50,8,5
35,1,60,FrameTimeStutter,6.000,antimatter,practice,2026-08-31T12:06:02.6229449-04:00,1,150,2.50615,16.5069,2392.09,1439.88,0.000,0.000,2.8378,8.9482,-2.8843,Right,0,0,0,0,0.0000,300.000,0,0.000,0,127.500,71.914,4.500,0.0300,0.0000,-10.00,antimatter,60,450;300;200;100;50,2,8,2.5,3.5,100,-10,5,250,40,5,250,60,1,8,11,0,0.06,4,0.5,50,8,5
35,1,60,FrameTimeStutter,6.000,antimatter,practice,2026-08-31T12:06:02.6229449-04:00,1,151,2.52272,16.5704,2392.09,1439.88,0.000,0.000,2.8378,8.9482,-2.8843,Right,0,0,0,0,0.0000,300.000,0,0.000,0,127.500,71.914,4.500,0.0300,0.0000,-10.00,antimatter,60,450;300;200;100;50,2,8,2.5,3.5,100,-10,5,250,40,5,250,60,1,8,11,0,0.06,4,0.5,50,8,5
35,1,60,FrameTimeStutter,6.000,antimatter,practice,2026-08-31T12:06:02.6229449-04:00,1,152,2.53938,16.6583,2392.09,1439.88,0.000,0.000,2.8378,8.9482,-2.8843,Right,0,0,0,0,0.0000,300.000,0,0.000,0,127.500,71.914,4.500,0.0300,0.0000,-10.00,antimatter,60,450;300;200;100;50,2,8,2.5,3.5,100,-10,5,250,40,5,250,60,1,8,11,0,0.06,4,0.5,50,8,5
35,1,60,FrameTimeStutter,6.000,antimatter,practice,2026-08-31T12:06:02.6229449-04:00,1,153,2.55575,16.3735,2392.09,1439.88,0.000,0.000,2.8378,8.9482,-2.8843,Right,0,0,0,0,0.0000,300.000,0,0.000,0,127.500,71.914,4.500,0.0300,0.0000,-10.00,antimatter,60,450;300;200;100;50,2,8,2.5,3.5,100,-10,5,250,40,5,250,60,1,8,11,0,0.06,4,0.5,50,8,5
35,1,60,FrameTimeStutter,6.000,antimatter,practice,2026-08-31T12:06:02.6229449-04:00,1,154,2.57277,17.0198,2392.09,1439.88,0.000,0.000,2.8378,8.9482,-2.8843,Right,0,0,0,0,0.0000,300.000,0,0.000,0,127.500,71.914,4.500,0.0300,0.0000,-10.00,antimatter,60,450;300;200;100;50,2,8,2.5,3.5,100,-10,5,250,40,5,250,60,1,8,11,0,0.06,4,0.5,50,8,5
35,1,60,FrameTimeStutter,6.000,antimatter,practice,2026-08-31T12:06:02.6229449-04:00,1,155,2.58911,16.3398,2392.09,1439.88,0.000,0.000,2.8378,8.9482,-2.8843,Right,0,0,0,0,0.0000,300.000,0,0.000,0,127.500,71.914,4.500,0.0300,0.0000,-10.00,antimatter,60,450;300;200;100;50,2,8,2.5,3.5,100,-10,5,250,40,5,250,60,1,8,11,0,0.06,4,0.5,50,8,5
35,1,60,FrameTimeStutter,6.000,antimatter,practice,2026-08-31T12:06:02.6229449-04:00,1,156,2.60590,16.7899,2392.09,1439.88,0.000,0.000,2.8378,8.9482,-2.8843,Right,0,0,0,0,0.0000,300.000,0,0.000,0,127.500,71.914,4.500,0.0300,0.0000,-10.00,antimatter,60,450;300;200;100;50,2,8,2.5,3.5,100,-10,5,250,40,5,250,60,1,8,11,0,0.06,4,0.5,50,8,5
35,1,60,FrameTimeStutter,6.000,antimatter,practice,2026-08-31T12:06:02.6229449-04:00,1,157,2.62287,16.9741,2392.09,1439.88,0.000,0.000,2.8378,8.9482,-2.8843,Right,0,0,0,0,0.0000,300.000,0,0.000,0,127.500,71.914,4.500,0.0300,0.0000,-10.00,antimatter,60,450;300;200;100;50,2,8,2.5,3.5,100,-10,5,250,40,5,250,60,1,8,11,0,0.06,4,0.5,50,8,5
35,1,60,FrameTimeStutter,6.000,antimatter,practice,2026-08-31T12:06:02.6229449-04:00,1,158,2.63990,17.0216,2392.09,1439.88,0.000,0.000,2.8378,8.9482,-2.8843,Right,0,0,0,0,0.0000,300.000,0,0.000,0,127.500,71.914,4.500,0.0300,0.0000,-10.00,antimatter,60,450;300;200;100;50,2,8,2.5,3.5,100,-10,5,250,40,5,250,60,1,8,11,0,0.06,4,0.5,50,8,5
35,1,60,FrameTimeStutter,6.000,antimatter,practice,2026-08-31T12:06:02.6229449-04:00,1,159,2.65605,16.1550,2392.09,1439.88,0.000,0.000,2.8378,8.9482,-2.8843,Right,0,0,0,0,0.0000,300.000,0,0.000,0,127.500,71.914,4.500,0.0300,0.0000,-10.00,antimatter,60,450;300;200;100;50,2,8,2.5,3.5,100,-10,5,250,40,5,250,60,1,8,11,0,0.06,4,0.5,50,8,5
35,1,60,FrameTimeStutter,6.000,antimatter,practice,2026-08-31T12:06:02.6229449-04:00,1,160,2.67310,17.0479,2392.09,1439.88,0.000,0.000,2.8378,8.9482,-2.8843,Right,0,0,0,0,0.0000,300.000,0,0.000,0,127.500,71.914,4.500,0.0300,0.0000,-10.00,antimatter,60,450;300;200;100;50,2,8,2.5,3.5,100,-10,5,250,40,5,250,60,1,8,11,0,0.06,4,0.5,50,8,5
35,1,60,FrameTimeStutter,6.000,antimatter,practice,2026-08-31T12:06:02.6229449-04:00,1,161,2.68935,16.2565,2392.09,1439.88,0.000,0.000,2.8378,8.9482,-2.8843,Right,0,0,0,0,0.0000,300.000,0,0.000,0,127.500,71.914,4.500,0.0300,0.0000,-10.00,antimatter,60,450;300;200;100;50,2,8,2.5,3.5,100,-10,5,250,40,5,250,60,1,8,11,0,0.06,4,0.5,50,8,5
35,1,60,FrameTimeStutter,6.000,antimatter,practice,2026-08-31T12:06:02.6229449-04:00,1,162,2.70605,16.6919,2392.09,1439.88,0.000,0.000,2.8378,8.9482,-2.8843,Right,0,0,0,0,0.0000,300.000,0,0.000,0,127.500,71.914,4.500,0.0300,0.0000,-10.00,antimatter,60,450;300;200;100;50,2,8,2.5,3.5,100,-10,5,250,40,5,250,60,1,8,11,0,0.06,4,0.5,50,8,5
35,1,60,FrameTimeStutter,6.000,antimatter,practice,2026-08-31T12:06:02.6229449-04:00,1,163,2.72297,16.9190,2392.09,1439.88,0.000,0.000,2.8378,8.9482,-2.8843,Right,0,0,0,0,0.0000,300.000,0,0.000,0,127.500,71.914,4.500,0.0300,0.0000,-10.00,antimatter,60,450;300;200;100;50,2,8,2.5,3.5,100,-10,5,250,40,5,250,60,1,8,11,0,0.06,4,0.5,50,8,5
35,1,60,FrameTimeStutter,6.000,antimatter,practice,2026-08-31T12:06:02.6229449-04:00,1,164,2.73924,16.2729,2392.09,1439.88,0.000,0.000,2.8378,8.9482,-2.8843,Right,0,0,0,0,0.0000,300.000,0,0.000,0,127.500,71.914,4.500,0.0300,0.0000,-10.00,antimatter,60,450;300;200;100;50,2,8,2.5,3.5,100,-10,5,250,40,5,250,60,1,8,11,0,0.06,4,0.5,50,8,5
35,1,60,FrameTimeStutter,6.000,antimatter,practice,2026-08-31T12:06:02.6229449-04:00,1,165,2.75653,17.2917,2392.09,1439.88,0.000,0.000,2.8378,8.9482,-2.8843,Right,0,0,0,0,0.0000,300.000,0,0.000,0,127.500,71.914,4.500,0.0300,0.0000,-10.00,antimatter,60,450;300;200;100;50,2,8,2.5,3.5,100,-10,5,250,40,5,250,60,1,8,11,0,0.06,4,0.5,50,8,5
35,1,60,FrameTimeStutter,6.000,antimatter,practice,2026-08-31T12:06:02.6229449-04:00,1,166,2.77244,15.9100,2392.09,1439.88,0.000,0.000,2.8378,8.9482,-2.8843,Right,0,0,0,0,0.0000,300.000,0,0.000,0,127.500,71.914,4.500,0.0300,0.0000,-10.00,antimatter,60,450;300;200;100;50,2,8,2.5,3.5,100,-10,5,250,40,5,250,60,1,8,11,0,0.06,4,0.5,50,8,5
35,1,60,FrameTimeStutter,6.000,antimatter,practice,2026-08-31T12:06:02.6229449-04:00,1,167,2.78996,17.5209,2392.09,1439.88,0.000,0.000,2.8378,8.9482,-2.8843,Right,0,0,0,0,0.0000,300.000,0,0.000,0,127.500,71.914,4.500,0.0300,0.0000,-10.00,antimatter,60,450;300;200;100;50,2,8,2.5,3.5,100,-10,5,250,40,5,250,60,1,8,11,0,0.06,4,0.5,50,8,5
35,1,60,FrameTimeStutter,6.000,antimatter,practice,2026-08-31T12:06:02.6229449-04:00,1,168,2.80582,15.8567,2392.09,1439.88,0.000,0.000,2.8378,8.9482,-2.8843,Right,0,0,0,0,0.0000,300.000,0,0.000,0,127.500,71.914,4.500,0.0300,0.0000,-10.00,antimatter,60,450;300;200;100;50,2,8,2.5,3.5,100,-10,5,250,40,5,250,60,1,8,11,0,0.06,4,0.5,50,8,5
35,1,60,FrameTimeStutter,6.000,antimatter,practice,2026-08-31T12:06:02.6229449-04:00,1,169,2.82279,16.9728,2392.09,1439.88,0.000,0.000,2.8378,8.9482,-2.8843,Right,0,0,0,0,0.0000,300.000,0,0.000,0,127.500,71.914,4.500,0.0300,0.0000,-10.00,antimatter,60,450;300;200;100;50,2,8,2.5,3.5,100,-10,5,250,40,5,250,60,1,8,11,0,0.06,4,0.5,50,8,5
35,1,60,FrameTimeStutter,6.000,antimatter,practice,2026-08-31T12:06:02.6229449-04:00,1,170,2.83958,16.7911,2392.09,1439.88,0.000,0.000,2.8378,8.9482,-2.8843,Right,0,0,0,0,0.0000,300.000,0,0.000,0,127.500,71.914,4.500,0.0300,0.0000,-10.00,antimatter,60,450;300;200;100;50,2,8,2.5,3.5,100,-10,5,250,40,5,250,60,1,8,11,0,0.06,4,0.5,50,8,5
35,1,60,FrameTimeStutter,6.000,antimatter,practice,2026-08-31T12:06:02.6229449-04:00,1,171,2.85637,16.7903,2392.09,1439.88,0.000,0.000,2.8378,8.9482,-2.8843,Right,0,0,0,0,0.0000,300.000,0,0.000,0,127.500,71.914,4.500,0.0300,0.0000,-10.00,antimatter,60,450;300;200;100;50,2,8,2.5,3.5,100,-10,5,250,40,5,250,60,1,8,11,0,0.06,4,0.5,50,8,5
35,1,60,FrameTimeStutter,6.000,antimatter,practice,2026-08-31T12:06:02.6229449-04:00,1,172,2.87271,16.3418,2392.09,1439.88,0.000,0.000,2.8378,8.9482,-2.8843,Right,0,0,0,0,0.0000,300.000,0,0.000,0,127.500,71.914,4.500,0.0300,0.0000,-10.00,antimatter,60,450;300;200;100;50,2,8,2.5,3.5,100,-10,5,250,40,5,250,60,1,8,11,0,0.06,4,0.5,50,8,5
35,1,60,FrameTimeStutter,6.000,antimatter,practice,2026-08-31T12:06:02.6229449-04:00,1,173,2.88959,16.8756,2392.09,1439.88,0.000,0.000,2.8378,8.9482,-2.8843,Right,0,0,0,0,0.0000,300.000,0,0.000,0,127.500,71.914,4.500,0.0300,0.0000,-10.00,antimatter,60,450;300;200;100;50,2,8,2.5,3.5,100,-10,5,250,40,5,250,60,1,8,11,0,0.06,4,0.5,50,8,5
35,1,60,FrameTimeStutter,6.000,antimatter,practice,2026-08-31T12:06:02.6229449-04:00,1,174,2.90588,16.2954,2392.09,1439.88,0.000,0.000,2.8378,8.9482,-2.8843,Right,0,0,0,0,0.0000,300.000,0,0.000,0,127.500,71.914,4.500,0.0300,0.0000,-10.00,antimatter,60,450;300;200;100;50,2,8,2.5,3.5,100,-10,5,250,40,5,250,60,1,8,11,0,0.06,4,0.5,50,8,5
35,1,60,FrameTimeStutter,6.000,antimatter,practice,2026-08-31T12:06:02.6229449-04:00,1,175,2.92251,16.6222,2392.09,1439.88,0.000,0.000,2.8378,8.9482,-2.8843,Right,0,0,0,0,0.0000,300.000,0,0.000,0,127.500,71.914,4.500,0.0300,0.0000,-10.00,antimatter,60,450;300;200;100;50,2,8,2.5,3.5,100,-10,5,250,40,5,250,60,1,8,11,0,0.06,4,0.5,50,8,5
35,1,60,FrameTimeStutter,6.000,antimatter,practice,2026-08-31T12:06:02.6229449-04:00,1,176,2.93951,17.0071,2392.09,1439.88,0.000,0.000,2.8378,8.9482,-2.8843,Right,0,0,0,0,0.0000,300.000,0,0.000,0,127.500,71.914,4.500,0.0300,0.0000,-10.00,antimatter,60,450;300;200;100;50,2,8,2.5,3.5,100,-10,5,250,40,5,250,60,1,8,11,0,0.06,4,0.5,50,8,5
35,1,60,FrameTimeStutter,6.000,antimatter,practice,2026-08-31T12:06:02.6229449-04:00,1,177,2.95638,16.8626,2392.09,1439.88,0.000,0.000,2.8378,8.9482,-2.8843,Right,0,0,0,0,0.0000,300.000,0,0.000,0,127.500,71.914,4.500,0.0300,0.0000,-10.00,antimatter,60,450;300;200;100;50,2,8,2.5,3.5,100,-10,5,250,40,5,250,60,1,8,11,0,0.06,4,0.5,50,8,5
35,1,60,FrameTimeStutter,6.000,antimatter,practice,2026-08-31T12:06:02.6229449-04:00,1,178,2.97288,16.5031,2392.09,1439.88,0.000,0.000,2.8378,8.9482,-2.8843,Right,0,0,0,0,0.0000,300.000,0,0.000,0,127.500,71.914,4.500,0.0300,0.0000,-10.00,antimatter,60,450;300;200;100;50,2,8,2.5,3.5,100,-10,5,250,40,5,250,60,1,8,11,0,0.06,4,0.5,50,8,5
35,1,60,FrameTimeStutter,6.000,antimatter,practice,2026-08-31T12:06:02.6229449-04:00,1,179,2.98986,16.9761,2392.09,1439.88,0.000,0.000,2.8378,8.9482,-2.8843,Right,0,0,0,0,0.0000,300.000,0,0.000,0,127.500,71.914,4.500,0.0300,0.0000,-10.00,antimatter,60,450;300;200;100;50,2,8,2.5,3.5,100,-10,5,250,40,5,250,60,1,8,11,0,0.06,4,0.5,50,8,5
35,1,60,FrameTimeStutter,6.000,antimatter,practice,2026-08-31T12:06:02.6229449-04:00,1,180,3.00567,15.8114,2392.09,1439.88,0.000,0.000,3.1685,8.9482,-2.8843,Right,0,0,0,0,0.0000,300.000,0,0.000,0,127.500,71.914,4.500,0.0300,0.0000,-10.00,antimatter,60,450;300;200;100;50,2,8,2.5,3.5,100,-10,5,250,40,5,250,60,1,8,11,0,0.06,4,0.5,50,8,5
35,1,60,FrameTimeStutter,6.000,antimatter,practice,2026-08-31T12:06:02.6229449-04:00,1,181,3.02247,16.7988,2392.09,1439.88,0.000,0.000,3.4983,8.9482,-2.8843,Right,0,0,0,0,0.0000,300.000,0,0.000,0,127.500,71.914,4.500,0.0300,0.0000,-10.00,antimatter,60,450;300;200;100;50,2,8,2.5,3.5,100,-10,5,250,40,5,250,60,1,8,11,0,0.06,4,0.5,50,8,5
35,1,60,FrameTimeStutter,6.000,antimatter,practice,2026-08-31T12:06:02.6229449-04:00,1,182,3.03926,16.7966,2392.09,1439.88,0.000,0.000,3.8066,8.9482,-2.8843,Right,0,0,0,0,0.0000,300.000,0,0.000,0,127.500,71.914,4.500,0.0300,0.0000,-10.00,antimatter,60,450;300;200;100;50,2,8,2.5,3.5,100,-10,5,250,40,5,250,60,1,8,11,0,0.06,4,0.5,50,8,5
35,1,60,FrameTimeStutter,6.000,antimatter,practice,2026-08-31T12:06:02.6229449-04:00,1,183,3.05592,16.6539,2392.09,1439.88,0.000,0.000,4.0919,8.9482,-2.8843,Right,0,0,0,0,0.0000,300.000,0,0.000,0,127.500,71.914,4.500,0.0300,0.0000,-10.00,antimatter,60,450;300;200;100;50,2,8,2.5,3.5,100,-10,5,250,40,5,250,60,1,8,11,0,0.06,4,0.5,50,8,5
35,1,60,FrameTimeStutter,6.000,antimatter,practice,2026-08-31T12:06:02.6229449-04:00,1,184,3.07247,16.5499,2392.09,1439.88,0.000,0.000,4.3560,8.9482,-2.8843,Right,0,0,0,0,0.0000,300.000,0,0.000,0,127.500,71.914,4.500,0.0300,0.0000,-10.00,antimatter,60,450;300;200;100;50,2,8,2.5,3.5,100,-10,5,250,40,5,250,60,1,8,11,0,0.06,4,0.5,50,8,5
35,1,60,FrameTimeStutter,6.000,antimatter,practice,2026-08-31T12:06:02.6229449-04:00,1,185,3.08913,16.6638,2392.09,1439.88,0.000,0.000,4.6030,8.9482,-2.8843,Right,0,0,0,0,0.0000,300.000,0,0.000,0,127.500,71.914,4.500,0.0300,0.0000,-10.00,antimatter,60,450;300;200;100;50,2,8,2.5,3.5,100,-10,5,250,40,5,250,60,1,8,11,0,0.06,4,0.5,50,8,5
35,1,60,FrameTimeStutter,6.000,antimatter,practice,2026-08-31T12:06:02.6229449-04:00,1,186,3.10623,17.0977,2392.09,1439.88,0.000,0.000,4.8374,8.9482,-2.8843,Right,0,0,0,0,0.0000,300.000,0,0.000,0,127.500,71.914,4.500,0.0300,0.0000,-10.00,antimatter,60,450;300;200;100;50,2,8,2.5,3.5,100,-10,5,250,40,5,250,60,1,8,11,0,0.06,4,0.5,50,8,5
35,1,60,FrameTimeStutter,6.000,antimatter,practice,2026-08-31T12:06:02.6229449-04:00,1,187,3.12329,17.0593,2392.09,1439.88,0.000,0.000,5.0529,8.9482,-2.8843,Right,0,0,0,0,0.0000,300.000,0,0.000,0,127.500,71.914,4.500,0.0300,0.0000,-10.00,antimatter,60,450;300;200;100;50,2,8,2.5,3.5,100,-10,5,250,40,5,250,60,1,8,11,0,0.06,4,0.5,50,8,5
35,1,60,FrameTimeStutter,6.000,antimatter,practice,2026-08-31T12:06:02.6229449-04:00,1,188,3.13916,15.8769,2392.09,1439.88,0.000,0.000,5.2376,8.9482,-2.8843,Right,0,0,0,0,0.0000,300.000,0,0.000,0,127.500,71.914,4.500,0.0300,0.0000,-10.00,antimatter,60,450;300;200;100;50,2,8,2.5,3.5,100,-10,5,250,40,5,250,60,1,8,11,0,0.06,4,0.5,50,8,5
35,1,60,FrameTimeStutter,6.000,antimatter,practice,2026-08-31T12:06:02.6229449-04:00,1,189,3.15647,17.3049,2392.09,1439.88,0.000,0.000,5.4222,8.9482,-2.8843,Right,0,0,0,0,0.0000,300.000,0,0.000,0,127.500,71.914,4.500,0.0300,0.0000,-10.00,antimatter,60,450;300;200;100;50,2,8,2.5,3.5,100,-10,5,250,40,5,250,60,1,8,11,0,0.06,4,0.5,50,8,5
35,1,60,FrameTimeStutter,6.000,antimatter,practice,2026-08-31T12:06:02.6229449-04:00,1,190,3.17288,16.4166,2392.09,1439.88,0.000,0.000,5.5820,8.9482,-2.8843,Right,0,0,0,0,0.0000,300.000,0,0.000,0,127.500,71.914,4.500,0.0300,0.0000,-10.00,antimatter,60,450;300;200;100;50,2,8,2.5,3.5,100,-10,5,250,40,5,250,60,1,8,11,0,0.06,4,0.5,50,8,5
35,1,60,FrameTimeStutter,6.000,antimatter,practice,2026-08-31T12:06:02.6229449-04:00,1,191,3.18933,16.4477,2392.09,1439.88,0.000,0.000,5.7277,8.9482,-2.8843,Right,0,0,0,0,0.0000,300.000,0,0.000,0,127.500,71.914,4.500,0.0300,0.0000,-10.00,antimatter,60,450;300;200;100;50,2,8,2.5,3.5,100,-10,5,250,40,5,250,60,1,8,11,0,0.06,4,0.5,50,8,5
35,1,60,FrameTimeStutter,6.000,antimatter,practice,2026-08-31T12:06:02.6229449-04:00,1,192,3.20571,16.3794,2392.09,1439.88,0.000,0.000,5.8592,8.9482,-2.8843,Right,0,0,0,0,0.0000,300.000,0,0.000,0,127.500,71.914,4.500,0.0300,0.0000,-10.00,antimatter,60,450;300;200;100;50,2,8,2.5,3.5,100,-10,5,250,40,5,250,60,1,8,11,0,0.06,4,0.5,50,8,5
35,1,60,FrameTimeStutter,6.000,antimatter,practice,2026-08-31T12:06:02.6229449-04:00,1,193,3.22294,17.2290,2392.09,1439.88,0.000,0.000,5.9836,8.9482,-2.8843,Right,0,0,0,0,0.0000,300.000,0,0.000,0,127.500,71.914,4.500,0.0300,0.0000,-10.00,antimatter,60,450;300;200;100;50,2,8,2.5,3.5,100,-10,5,250,40,5,250,60,1,8,11,0,0.06,4,0.5,50,8,5
35,1,60,FrameTimeStutter,6.000,antimatter,practice,2026-08-31T12:06:02.6229449-04:00,1,194,3.23925,16.3087,2392.09,1439.88,0.000,0.000,6.0889,8.9482,-2.8843,Right,0,0,0,0,0.0000,300.000,0,0.000,0,127.500,71.914,4.500,0.0300,0.0000,-10.00,antimatter,60,450;300;200;100;50,2,8,2.5,3.5,100,-10,5,250,40,5,250,60,1,8,11,0,0.06,4,0.5,50,8,5
35,1,60,FrameTimeStutter,6.000,antimatter,practice,2026-08-31T12:06:02.6229449-04:00,1,195,3.25632,17.0669,2392.09,1439.88,0.000,0.000,6.1869,8.9482,-2.8843,Right,0,0,0,0,0.0000,300.000,0,0.000,0,127.500,71.914,4.500,0.0300,0.0000,-10.00,antimatter,60,450;300;200;100;50,2,8,2.5,3.5,100,-10,5,250,40,5,250,60,1,8,11,0,0.06,4,0.5,50,8,5
35,1,60,FrameTimeStutter,6.000,antimatter,practice,2026-08-31T12:06:02.6229449-04:00,1,196,3.27263,16.3146,2392.09,1439.88,0.000,0.000,6.2695,8.9482,-2.8843,Right,0,0,0,0,0.0000,300.000,0,0.000,0,127.500,71.914,4.500,0.0300,0.0000,-10.00,antimatter,60,450;300;200;100;50,2,8,2.5,3.5,100,-10,5,250,40,5,250,60,1,8,11,0,0.06,4,0.5,50,8,5
35,1,60,FrameTimeStutter,6.000,antimatter,practice,2026-08-31T12:06:02.6229449-04:00,1,197,3.28899,16.3555,2392.09,1439.88,0.000,0.000,6.3422,8.9482,-2.8843,Right,0,0,0,0,0.0000,300.000,0,0.000,0,127.500,71.914,4.500,0.0300,0.0000,-10.00,antimatter,60,450;300;200;100;50,2,8,2.5,3.5,100,-10,5,250,40,5,250,60,1,8,11,0,0.06,4,0.5,50,8,5
35,1,60,FrameTimeStutter,6.000,antimatter,practice,2026-08-31T12:06:02.6229449-04:00,1,198,3.30630,17.3079,2392.09,1439.88,0.000,0.000,6.4088,8.9482,-2.8843,Right,0,0,0,0,0.0000,300.000,0,0.000,0,127.500,71.914,4.500,0.0300,0.0000,-10.00,antimatter,60,450;300;200;100;50,2,8,2.5,3.5,100,-10,5,250,40,5,250,60,1,8,11,0,0.06,4,0.5,50,8,5
35,1,60,FrameTimeStutter,6.000,antimatter,practice,2026-08-31T12:06:02.6229449-04:00,1,199,3.32256,16.2642,2392.09,1439.88,0.000,0.000,6.4624,8.9482,-2.8843,Right,0,0,0,0,0.0000,300.000,0,0.000,0,127.500,71.914,4.500,0.0300,0.0000,-10.00,antimatter,60,450;300;200;100;50,2,8,2.5,3.5,100,-10,5,250,40,5,250,60,1,8,11,0,0.06,4,0.5,50,8,5
35,1,60,FrameTimeStutter,6.000,antimatter,practice,2026-08-31T12:06:02.6229449-04:00,1,200,3.33980,17.2429,2392.09,1439.88,0.000,0.000,6.5105,8.9482,-2.8843,Right,0,0,0,0,0.0000,300.000,0,0.000,0,127.500,71.914,4.500,0.0300,0.0000,-10.00,antimatter,60,450;300;200;100;50,2,8,2.5,3.5,100,-10,5,250,40,5,250,60,1,8,11,0,0.06,4,0.5,50,8,5
35,1,60,FrameTimeStutter,6.000,antimatter,practice,2026-08-31T12:06:02.6229449-04:00,1,201,3.35613,16.3235,2392.09,1439.88,0.000,0.000,6.5484,8.9482,-2.8843,Right,0,0,0,0,0.0000,300.000,0,0.000,0,127.500,71.914,4.500,0.0300,0.0000,-10.00,antimatter,60,450;300;200;100;50,2,8,2.5,3.5,100,-10,5,250,40,5,250,60,1,8,11,0,0.06,4,0.5,50,8,5
35,1,60,FrameTimeStutter,6.000,antimatter,practice,2026-08-31T12:06:02.6229449-04:00,1,202,3.37255,16.4264,2392.09,1439.88,0.000,0.000,6.5798,8.9482,-2.8843,Right,0,0,0,0,0.0000,300.000,0,0.000,0,127.500,71.914,4.500,0.0300,0.0000,-10.00,antimatter,60,450;300;200;100;50,2,8,2.5,3.5,100,-10,5,250,40,5,250,60,1,8,11,0,0.06,4,0.5,50,8,5
35,1,60,FrameTimeStutter,6.000,antimatter,practice,2026-08-31T12:06:02.6229449-04:00,1,203,3.38955,16.9964,2392.09,1439.88,0.000,0.000,6.6057,8.9482,-2.8843,Right,0,0,0,0,0.0000,300.000,0,0.000,0,127.500,71.914,4.500,0.0300,0.0000,-10.00,antimatter,60,450;300;200;100;50,2,8,2.5,3.5,100,-10,5,250,40,5,250,60,1,8,11,0,0.06,4,0.5,50,8,5
35,1,60,FrameTimeStutter,6.000,antimatter,practice,2026-08-31T12:06:02.6229449-04:00,1,204,3.40614,16.5945,2392.09,1439.88,0.000,0.000,6.6254,8.9482,-2.8843,Right,0,0,0,0,0.0000,300.000,0,0.000,0,127.500,71.914,4.500,0.0300,0.0000,-10.00,antimatter,60,450;300;200;100;50,2,8,2.5,3.5,100,-10,5,250,40,5,250,60,1,8,11,0,0.06,4,0.5,50,8,5
35,1,60,FrameTimeStutter,6.000,antimatter,practice,2026-08-31T12:06:02.6229449-04:00,1,205,3.42272,16.5756,2392.09,1439.88,0.000,0.000,6.6402,8.9482,-2.8843,Right,0,0,0,0,0.0000,300.000,0,0.000,0,127.500,71.914,4.500,0.0300,0.0000,-10.00,antimatter,60,450;300;200;100;50,2,8,2.5,3.5,100,-10,5,250,40,5,250,60,1,8,11,0,0.06,4,0.5,50,8,5
35,1,60,FrameTimeStutter,6.000,antimatter,practice,2026-08-31T12:06:02.6229449-04:00,1,206,3.43982,17.0966,2392.09,1439.88,0.000,0.000,6.6511,8.9482,-2.8843,Right,0,0,0,0,0.0000,300.000,0,0.000,0,127.500,71.914,4.500,0.0300,0.0000,-10.00,antimatter,60,450;300;200;100;50,2,8,2.5,3.5,100,-10,5,250,40,5,250,60,1,8,11,0,0.06,4,0.5,50,8,5
35,1,60,FrameTimeStutter,6.000,antimatter,practice,2026-08-31T12:06:02.6229449-04:00,1,207,3.45615,16.3336,2392.09,1439.88,0.000,0.000,6.6581,8.9482,-2.8843,Right,0,0,0,0,0.0000,300.000,0,0.000,0,127.500,71.914,4.500,0.0300,0.0000,-10.00,antimatter,60,450;300;200;100;50,2,8,2.5,3.5,100,-10,5,250,40,5,250,60,1,8,11,0,0.06,4,0.5,50,8,5
35,1,60,FrameTimeStutter,6.000,antimatter,practice,2026-08-31T12:06:02.6229449-04:00,1,208,3.47243,16.2844,2392.09,1439.88,0.000,0.000,6.6624,8.9482,-2.8843,Right,0,0,0,0,0.0000,300.000,0,0.000,0,127.500,71.914,4.500,0.0300,0.0000,-10.00,antimatter,60,450;300;200;100;50,2,8,2.5,3.5,100,-10,5,250,40,5,250,60,1,8,11,0,0.06,4,0.5,50,8,5
35,1,60,FrameTimeStutter,6.000,antimatter,practice,2026-08-31T12:06:02.6229449-04:00,1,209,3.48974,17.3077,2392.09,1439.88,0.000,0.000,6.6647,8.9482,-2.8843,Right,0,0,0,0,0.0000,300.000,0,0.000,0,127.500,71.914,4.500,0.0300,0.0000,-10.00,antimatter,60,450;300;200;100;50,2,8,2.5,3.5,100,-10,5,250,40,5,250,60,1,8,11,0,0.06,4,0.5,50,8,5
35,1,60,FrameTimeStutter,6.000,antimatter,practice,2026-08-31T12:06:02.6229449-04:00,1,210,3.50612,16.3810,2392.09,1439.88,0.000,0.000,6.6655,8.9482,-2.8843,Right,0,0,0,0,0.0000,300.000,0,0.000,0,127.500,71.914,4.500,0.0300,0.0000,-10.00,antimatter,60,450;300;200;100;50,2,8,2.5,3.5,100,-10,5,250,40,5,250,60,1,8,11,0,0.06,4,0.5,50,8,5
35,1,60,FrameTimeStutter,6.000,antimatter,practice,2026-08-31T12:06:02.6229449-04:00,1,211,3.52270,16.5753,2392.09,1439.88,0.000,0.000,6.6656,8.9482,-2.8843,Right,0,0,0,0,0.0000,300.000,0,0.000,0,127.500,71.914,4.500,0.0300,0.0000,-10.00,antimatter,60,450;300;200;100;50,2,8,2.5,3.5,100,-10,5,250,40,5,250,60,1,8,11,0,0.06,4,0.5,50,8,5
35,1,60,FrameTimeStutter,6.000,antimatter,practice,2026-08-31T12:06:02.6229449-04:00,1,212,3.53936,16.6630,2392.09,1439.88,0.000,0.000,6.6656,8.9482,-2.8843,Right,0,0,0,0,0.0000,300.000,0,0.000,0,127.500,71.914,4.500,0.0300,0.0000,-10.00,antimatter,60,450;300;200;100;50,2,8,2.5,3.5,100,-10,5,250,40,5,250,60,1,8,11,0,0.06,4,0.5,50,8,5
35,1,60,FrameTimeStutter,6.000,antimatter,practice,2026-08-31T12:06:02.6229449-04:00,1,213,3.55601,16.6466,2392.09,1439.88,0.000,0.000,6.6656,8.9482,-7.1633,Right,0,0,0,0,0.0000,300.000,0,0.000,0,127.500,71.914,4.500,0.0300,0.0000,-10.00,antimatter,60,450;300;200;100;50,2,8,2.5,3.5,100,-10,5,250,40,5,250,60,1,8,11,0,0.06,4,0.5,50,8,5
35,1,60,FrameTimeStutter,6.000,antimatter,practice,2026-08-31T12:06:02.6229449-04:00,1,214,3.57299,16.9787,2392.09,1439.88,0.000,0.000,6.6656,8.9482,-7.1633,Right,0,0,0,0,0.0000,300.000,0,0.000,0,127.500,71.914,4.500,0.0300,0.0000,-10.00,antimatter,60,450;300;200;100;50,2,8,2.5,3.5,100,-10,5,250,40,5,250,60,1,8,11,0,0.06,4,0.5,50,8,5
35,1,60,FrameTimeStutter,6.000,antimatter,practice,2026-08-31T12:06:02.6229449-04:00,1,215,3.58966,16.6730,2392.09,1439.88,0.000,0.000,6.6656,8.9482,-7.1633,Right,0,0,0,0,0.0000,300.000,0,0.000,0,127.500,71.914,4.500,0.0300,0.0000,-10.00,antimatter,60,450;300;200;100;50,2,8,2.5,3.5,100,-10,5,250,40,5,250,60,1,8,11,0,0.06,4,0.5,50,8,5
35,1,60,FrameTimeStutter,6.000,antimatter,practice,2026-08-31T12:06:02.6229449-04:00,1,216,3.60649,16.8339,2392.09,1439.88,0.000,0.000,6.6656,8.9482,-7.1633,Right,0,0,0,0,0.0000,300.000,0,0.000,0,127.500,71.914,4.500,0.0300,0.0000,-10.00,antimatter,60,450;300;200;100;50,2,8,2.5,3.5,100,-10,5,250,40,5,250,60,1,8,11,0,0.06,4,0.5,50,8,5
35,1,60,FrameTimeStutter,6.000,antimatter,practice,2026-08-31T12:06:02.6229449-04:00,1,217,3.62298,16.4918,2392.09,1439.88,0.000,0.000,6.6656,8.9482,-7.1633,Right,0,0,0,0,0.0000,300.000,0,0.000,0,127.500,71.914,4.500,0.0300,0.0000,-10.00,antimatter,60,450;300;200;100;50,2,8,2.5,3.5,100,-10,5,250,40,5,250,60,1,8,11,0,0.06,4,0.5,50,8,5
35,1,60,FrameTimeStutter,6.000,antimatter,practice,2026-08-31T12:06:02.6229449-04:00,1,218,3.63988,16.8988,2392.09,1439.88,0.000,0.000,6.6656,8.9482,-7.1633,Right,0,0,0,0,0.0000,300.000,0,0.000,0,127.500,71.914,4.500,0.0300,0.0000,-10.00,antimatter,60,450;300;200;100;50,2,8,2.5,3.5,100,-10,5,250,40,5,250,60,1,8,11,0,0.06,4,0.5,50,8,5
35,1,60,FrameTimeStutter,6.000,antimatter,practice,2026-08-31T12:06:02.6229449-04:00,1,219,3.65643,16.5445,2392.09,1439.88,0.000,0.000,6.6656,8.9482,-7.1633,Right,0,0,0,0,0.0000,300.000,0,0.000,0,127.500,71.914,4.500,0.0300,0.0000,-10.00,antimatter,60,450;300;200;100;50,2,8,2.5,3.5,100,-10,5,250,40,5,250,60,1,8,11,0,0.06,4,0.5,50,8,5
35,1,60,FrameTimeStutter,6.000,antimatter,practice,2026-08-31T12:06:02.6229449-04:00,1,220,3.67272,16.2911,2392.09,1439.88,0.000,0.000,6.6656,8.9482,-7.1633,Right,0,0,0,0,0.0000,300.000,0,0.000,0,127.500,71.914,4.500,0.0300,0.0000,-10.00,antimatter,60,450;300;200;100;50,2,8,2.5,3.5,100,-10,5,250,40,5,250,60,1,8,11,0,0.06,4,0.5,50,8,5
35,1,60,FrameTimeStutter,6.000,antimatter,practice,2026-08-31T12:06:02.6229449-04:00,1,221,3.68914,16.4228,2392.09,1439.88,0.000,0.000,6.6656,8.9482,-7.1633,Right,0,0,0,0,0.0000,300.000,0,0.000,0,127.500,71.914,4.500,0.0300,0.0000,-10.00,antimatter,60,450;300;200;100;50,2,8,2.5,3.5,100,-10,5,250,40,5,250,60,1,8,11,0,0.06,4,0.5,50,8,5
35,1,60,FrameTimeStutter,6.000,antimatter,practice,2026-08-31T12:06:02.6229449-04:00,1,222,3.70573,16.5914,2392.09,1439.88,0.000,0.000,6.6656,8.9482,-7.1633,Right,0,0,0,0,0.0000,300.000,0,0.000,0,127.500,71.914,4.500,0.0300,0.0000,-10.00,antimatter,60,450;300;200;100;50,2,8,2.5,3.5,100,-10,5,250,40,5,250,60,1,8,11,0,0.06,4,0.5,50,8,5
35,1,60,FrameTimeStutter,6.000,antimatter,practice,2026-08-31T12:06:02.6229449-04:00,1,223,3.72260,16.8695,2392.09,1439.88,0.000,0.000,6.6656,8.9482,-7.1633,Right,0,0,0,0,0.0000,300.000,0,0.000,0,127.500,71.914,4.500,0.0300,0.0000,-10.00,antimatter,60,450;300;200;100;50,2,8,2.5,3.5,100,-10,5,250,40,5,250,60,1,8,11,0,0.06,4,0.5,50,8,5
35,1,60,FrameTimeStutter,6.000,antimatter,practice,2026-08-31T12:06:02.6229449-04:00,1,224,3.73917,16.5665,2392.09,1439.88,0.000,0.000,6.6656,8.9482,-7.1633,Right,0,0,0,0,0.0000,300.000,0,0.000,0,127.500,71.914,4.500,0.0300,0.0000,-10.00,antimatter,60,450;300;200;100;50,2,8,2.5,3.5,100,-10,5,250,40,5,250,60,1,8,11,0,0.06,4,0.5,50,8,5
35,1,60,FrameTimeStutter,6.000,antimatter,practice,2026-08-31T12:06:02.6229449-04:00,1,225,3.75634,17.1690,2392.09,1439.88,0.000,0.000,6.6656,8.9482,-7.1633,Right,0,0,0,0,0.0000,300.000,0,0.000,0,127.500,71.914,4.500,0.0300,0.0000,-10.00,antimatter,60,450;300;200;100;50,2,8,2.5,3.5,100,-10,5,250,40,5,250,60,1,8,11,0,0.06,4,0.5,50,8,5
35,1,60,FrameTimeStutter,6.000,antimatter,practice,2026-08-31T12:06:02.6229449-04:00,1,226,3.77246,16.1193,2392.09,1439.88,0.000,0.000,6.6656,8.9482,-7.1633,Right,0,0,0,0,0.0000,300.000,0,0.000,0,127.500,71.914,4.500,0.0300,0.0000,-10.00,antimatter,60,450;300;200;100;50,2,8,2.5,3.5,100,-10,5,250,40,5,250,60,1,8,11,0,0.06,4,0.5,50,8,5
35,1,60,FrameTimeStutter,6.000,antimatter,practice,2026-08-31T12:06:02.6229449-04:00,1,227,3.78943,16.9723,2392.09,1439.88,0.000,0.000,6.6656,8.9482,-7.1633,Right,0,0,0,0,0.0000,300.000,0,0.000,0,127.500,71.914,4.500,0.0300,0.0000,-10.00,antimatter,60,450;300;200;100;50,2,8,2.5,3.5,100,-10,5,250,40,5,250,60,1,8,11,0,0.06,4,0.5,50,8,5
35,1,60,FrameTimeStutter,6.000,antimatter,practice,2026-08-31T12:06:02.6229449-04:00,1,228,3.80626,16.8280,2392.09,1439.88,0.000,0.000,6.6656,8.9482,-7.1633,Right,0,0,0,0,0.0000,300.000,0,0.000,0,127.500,71.914,4.500,0.0300,0.0000,-10.00,antimatter,60,450;300;200;100;50,2,8,2.5,3.5,100,-10,5,250,40,5,250,60,1,8,11,0,0.06,4,0.5,50,8,5
35,1,60,FrameTimeStutter,6.000,antimatter,practice,2026-08-31T12:06:02.6229449-04:00,1,229,3.82295,16.6959,2392.09,1439.88,0.000,0.000,6.6656,8.9482,-7.1633,Right,0,0,0,0,0.0000,300.000,0,0.000,0,127.500,71.914,4.500,0.0300,0.0000,-10.00,antimatter,60,450;300;200;100;50,2,8,2.5,3.5,100,-10,5,250,40,5,250,60,1,8,11,0,0.06,4,0.5,50,8,5
35,1,60,FrameTimeStutter,6.000,antimatter,practice,2026-08-31T12:06:02.6229449-04:00,1,230,3.83911,16.1579,2392.09,1439.88,0.000,0.000,6.6656,8.9482,-7.1633,Right,0,0,0,0,0.0000,300.000,0,0.000,0,127.500,71.914,4.500,0.0300,0.0000,-10.00,antimatter,60,450;300;200;100;50,2,8,2.5,3.5,100,-10,5,250,40,5,250,60,1,8,11,0,0.06,4,0.5,50,8,5
35,1,60,FrameTimeStutter,6.000,antimatter,practice,2026-08-31T12:06:02.6229449-04:00,1,231,3.85608,16.9653,2392.09,1439.88,0.000,0.000,6.6656,8.9482,-7.1633,Right,0,0,0,0,0.0000,300.000,0,0.000,0,127.500,71.914,4.500,0.0300,0.0000,-10.00,antimatter,60,450;300;200;100;50,2,8,2.5,3.5,100,-10,5,250,40,5,250,60,1,8,11,0,0.06,4,0.5,50,8,5
35,1,60,FrameTimeStutter,6.000,antimatter,practice,2026-08-31T12:06:02.6229449-04:00,1,232,3.87281,16.7294,2392.09,1439.88,0.000,0.000,6.6656,8.9482,-7.1633,Right,0,0,0,0,0.0000,300.000,0,0.000,0,127.500,71.914,4.500,0.0300,0.0000,-10.00,antimatter,60,450;300;200;100;50,2,8,2.5,3.5,100,-10,5,250,40,5,250,60,1,8,11,0,0.06,4,0.5,50,8,5
35,1,60,FrameTimeStutter,6.000,antimatter,practice,2026-08-31T12:06:02.6229449-04:00,1,233,3.88953,16.7250,2392.09,1439.88,0.000,0.000,6.6656,8.9482,-7.1633,Right,0,0,0,0,0.0000,300.000,0,0.000,0,127.500,71.914,4.500,0.0300,0.0000,-10.00,antimatter,60,450;300;200;100;50,2,8,2.5,3.5,100,-10,5,250,40,5,250,60,1,8,11,0,0.06,4,0.5,50,8,5
35,1,60,FrameTimeStutter,6.000,antimatter,practice,2026-08-31T12:06:02.6229449-04:00,1,234,3.90624,16.7070,2392.09,1439.88,0.000,0.000,6.6656,8.9482,-7.1633,Right,0,0,0,0,0.0000,300.000,0,0.000,0,127.500,71.914,4.500,0.0300,0.0000,-10.00,antimatter,60,450;300;200;100;50,2,8,2.5,3.5,100,-10,5,250,40,5,250,60,1,8,11,0,0.06,4,0.5,50,8,5
35,1,60,FrameTimeStutter,6.000,antimatter,practice,2026-08-31T12:06:02.6229449-04:00,1,235,3.92311,16.8757,2392.09,1439.88,0.000,0.000,6.6656,8.9482,-7.1633,Right,0,0,0,0,0.0000,300.000,0,0.000,0,127.500,71.914,4.500,0.0300,0.0000,-10.00,antimatter,60,450;300;200;100;50,2,8,2.5,3.5,100,-10,5,250,40,5,250,60,1,8,11,0,0.06,4,0.5,50,8,5
35,1,60,FrameTimeStutter,6.000,antimatter,practice,2026-08-31T12:06:02.6229449-04:00,1,236,3.93983,16.7214,2392.09,1439.88,0.000,0.000,6.6656,8.9482,-7.1633,Right,0,0,0,0,0.0000,300.000,0,0.000,0,127.500,71.914,4.500,0.0300,0.0000,-10.00,antimatter,60,450;300;200;100;50,2,8,2.5,3.5,100,-10,5,250,40,5,250,60,1,8,11,0,0.06,4,0.5,50,8,5
35,1,60,FrameTimeStutter,6.000,antimatter,practice,2026-08-31T12:06:02.6229449-04:00,1,237,3.95613,16.2992,2392.09,1439.88,0.000,0.000,6.6656,8.9482,-7.1633,Right,0,0,0,0,0.0000,300.000,0,0.000,0,127.500,71.914,4.500,0.0300,0.0000,-10.00,antimatter,60,450;300;200;100;50,2,8,2.5,3.5,100,-10,5,250,40,5,250,60,1,8,11,0,0.06,4,0.5,50,8,5
35,1,60,FrameTimeStutter,6.000,antimatter,practice,2026-08-31T12:06:02.6229449-04:00,1,238,3.97282,16.6822,2392.09,1439.88,0.000,0.000,6.6656,8.9482,-7.1633,Right,0,0,0,0,0.0000,300.000,0,0.000,0,127.500,71.914,4.500,0.0300,0.0000,-10.00,antimatter,60,450;300;200;100;50,2,8,2.5,3.5,100,-10,5,250,40,5,250,60,1,8,11,0,0.06,4,0.5,50,8,5
35,1,60,FrameTimeStutter,6.000,antimatter,practice,2026-08-31T12:06:02.6229449-04:00,1,239,3.98959,16.7708,2392.09,1439.88,0.000,0.000,6.6656,8.9482,-7.1633,Right,0,0,0,0,0.0000,300.000,0,0.000,0,127.500,71.914,4.500,0.0300,0.0000,-10.00,antimatter,60,450;300;200;100;50,2,8,2.5,3.5,100,-10,5,250,40,5,250,60,1,8,11,0,0.06,4,0.5,50,8,5
35,1,60,FrameTimeStutter,6.000,antimatter,practice,2026-08-31T12:06:02.6229449-04:00,1,240,4.00573,16.1390,2392.09,1439.88,0.000,0.000,6.6656,8.9482,-7.1633,Right,0,0,0,0,0.0000,300.000,0,0.000,0,127.500,71.914,4.500,0.0300,0.0000,-10.00,antimatter,60,450;300;200;100;50,2,8,2.5,3.5,100,-10,5,250,40,5,250,60,1,8,11,0,0.06,4,0.5,50,8,5
35,1,60,FrameTimeStutter,6.000,antimatter,practice,2026-08-31T12:06:02.6229449-04:00,1,241,4.02250,16.7762,2392.09,1439.88,0.000,0.000,6.6656,8.9482,-7.1633,Right,0,0,0,0,0.0000,300.000,0,0.000,0,127.500,71.914,4.500,0.0300,0.0000,-10.00,antimatter,60,450;300;200;100;50,2,8,2.5,3.5,100,-10,5,250,40,5,250,60,1,8,11,0,0.06,4,0.5,50,8,5
35,1,60,FrameTimeStutter,6.000,antimatter,practice,2026-08-31T12:06:02.6229449-04:00,1,242,4.03938,16.8768,2392.09,1439.88,0.000,0.000,6.6656,8.9482,-7.1633,Right,0,0,0,0,0.0000,300.000,0,0.000,0,127.500,71.914,4.500,0.0300,0.0000,-10.00,antimatter,60,450;300;200;100;50,2,8,2.5,3.5,100,-10,5,250,40,5,250,60,1,8,11,0,0.06,4,0.5,50,8,5
35,1,60,FrameTimeStutter,6.000,antimatter,practice,2026-08-31T12:06:02.6229449-04:00,1,243,4.05653,17.1484,2392.09,1439.88,0.000,0.000,6.6656,8.9482,-7.1633,Right,0,0,0,0,0.0000,300.000,0,0.000,0,127.500,71.914,4.500,0.0300,0.0000,-10.00,antimatter,60,450;300;200;100;50,2,8,2.5,3.5,100,-10,5,250,40,5,250,60,1,8,11,0,0.06,4,0.5,50,8,5
35,1,60,FrameTimeStutter,6.000,antimatter,practice,2026-08-31T12:06:02.6229449-04:00,1,244,4.07313,16.5989,2392.09,1439.88,0.000,0.000,6.6656,8.9482,-7.1633,Right,0,0,0,0,0.0000,300.000,0,0.000,0,127.500,71.914,4.500,0.0300,0.0000,-10.00,antimatter,60,450;300;200;100;50,2,8,2.5,3.5,100,-10,5,250,40,5,250,60,1,8,11,0,0.06,4,0.5,50,8,5
35,1,60,FrameTimeStutter,6.000,antimatter,practice,2026-08-31T12:06:02.6229449-04:00,1,245,4.08934,16.2086,2392.09,1439.88,0.000,0.000,6.6656,8.9482,-7.1633,Right,0,0,0,0,0.0000,300.000,0,0.000,0,127.500,71.914,4.500,0.0300,0.0000,-10.00,antimatter,60,450;300;200;100;50,2,8,2.5,3.5,100,-10,5,250,40,5,250,60,1,8,11,0,0.06,4,0.5,50,8,5
35,1,60,FrameTimeStutter,6.000,antimatter,practice,2026-08-31T12:06:02.6229449-04:00,1,246,4.10614,16.8068,2392.09,1439.88,0.000,0.000,6.6656,8.9482,-7.1633,Right,0,0,0,0,0.0000,300.000,0,0.000,0,127.500,71.914,4.500,0.0300,0.0000,-10.00,antimatter,60,450;300;200;100;50,2,8,2.5,3.5,100,-10,5,250,40,5,250,60,1,8,11,0,0.06,4,0.5,50,8,5
35,1,60,FrameTimeStutter,6.000,antimatter,practice,2026-08-31T12:06:02.6229449-04:00,1,247,4.12294,16.7966,2392.09,1439.88,0.000,0.000,6.6656,8.9482,-7.1633,Right,0,0,0,0,0.0000,300.000,0,0.000,0,127.500,71.914,4.500,0.0300,0.0000,-10.00,antimatter,60,450;300;200;100;50,2,8,2.5,3.5,100,-10,5,250,40,5,250,60,1,8,11,0,0.06,4,0.5,50,8,5
35,1,60,FrameTimeStutter,6.000,antimatter,practice,2026-08-31T12:06:02.6229449-04:00,1,248,4.13981,16.8709,2392.09,1439.88,0.000,0.000,6.6656,8.9482,-7.1633,Right,0,0,0,0,0.0000,300.000,0,0.000,0,127.500,71.914,4.500,0.0300,0.0000,-10.00,antimatter,60,450;300;200;100;50,2,8,2.5,3.5,100,-10,5,250,40,5,250,60,1,8,11,0,0.06,4,0.5,50,8,5
35,1,60,FrameTimeStutter,6.000,antimatter,practice,2026-08-31T12:06:02.6229449-04:00,1,249,4.15653,16.7162,2392.09,1439.88,0.000,0.000,6.6656,8.9482,-7.1633,Right,0,0,0,0,0.0000,300.000,0,0.000,0,127.500,71.914,4.500,0.0300,0.0000,-10.00,antimatter,60,450;300;200;100;50,2,8,2.5,3.5,100,-10,5,250,40,5,250,60,1,8,11,0,0.06,4,0.5,50,8,5
35,1,60,FrameTimeStutter,6.000,antimatter,practice,2026-08-31T12:06:02.6229449-04:00,1,250,4.17246,15.9351,2392.09,1439.88,0.000,0.000,6.6656,8.9482,-7.1633,Right,0,0,0,0,0.0000,300.000,0,0.000,0,127.500,71.914,4.500,0.0300,0.0000,-10.00,antimatter,60,450;300;200;100;50,2,8,2.5,3.5,100,-10,5,250,40,5,250,60,1,8,11,0,0.06,4,0.5,50,8,5
35,1,60,FrameTimeStutter,6.000,antimatter,practice,2026-08-31T12:06:02.6229449-04:00,1,251,4.18912,16.6593,2392.09,1439.88,0.000,0.000,6.6656,8.9482,-7.1633,Right,0,0,0,0,0.0000,300.000,0,0.000,0,127.500,71.914,4.500,0.0300,0.0000,-10.00,antimatter,60,450;300;200;100;50,2,8,2.5,3.5,100,-10,5,250,40,5,250,60,1,8,11,0,0.06,4,0.5,50,8,5
35,1,60,FrameTimeStutter,6.000,antimatter,practice,2026-08-31T12:06:02.6229449-04:00,1,252,4.20617,17.0533,2392.09,1439.88,0.000,0.000,6.6656,8.9482,-7.1633,Right,0,0,0,0,0.0000,300.000,0,0.000,0,127.500,71.914,4.500,0.0300,0.0000,-10.00,antimatter,60,450;300;200;100;50,2,8,2.5,3.5,100,-10,5,250,40,5,250,60,1,8,11,0,0.06,4,0.5,50,8,5
35,1,60,FrameTimeStutter,6.000,antimatter,practice,2026-08-31T12:06:02.6229449-04:00,1,253,4.22304,16.8633,2392.09,1439.88,0.000,0.000,6.6656,8.9482,-7.1633,Right,0,0,0,0,0.0000,300.000,0,0.000,0,127.500,71.914,4.500,0.0300,0.0000,-10.00,antimatter,60,450;300;200;100;50,2,8,2.5,3.5,100,-10,5,250,40,5,250,60,1,8,11,0,0.06,4,0.5,50,8,5
35,1,60,FrameTimeStutter,6.000,antimatter,practice,2026-08-31T12:06:02.6229449-04:00,1,254,4.23979,16.7521,2392.09,1439.88,0.000,0.000,6.6656,8.9482,-7.1633,Right,0,0,0,0,0.0000,300.000,0,0.000,0,127.500,71.914,4.500,0.0300,0.0000,-10.00,antimatter,60,450;300;200;100;50,2,8,2.5,3.5,100,-10,5,250,40,5,250,60,1,8,11,0,0.06,4,0.5,50,8,5
35,1,60,FrameTimeStutter,6.000,antimatter,practice,2026-08-31T12:06:02.6229449-04:00,1,255,4.25592,16.1321,2392.09,1439.88,0.000,0.000,6.6656,8.9482,-7.1633,Right,0,0,0,0,0.0000,300.000,0,0.000,0,127.500,71.914,4.500,0.0300,0.0000,-10.00,antimatter,60,450;300;200;100;50,2,8,2.5,3.5,100,-10,5,250,40,5,250,60,1,8,11,0,0.06,4,0.5,50,8,5
35,1,60,FrameTimeStutter,6.000,antimatter,practice,2026-08-31T12:06:02.6229449-04:00,1,256,4.27240,16.4841,2392.09,1439.88,0.000,0.000,6.6656,8.9482,-7.1633,Right,0,0,0,0,0.0000,300.000,0,0.000,0,127.500,71.914,4.500,0.0300,0.0000,-10.00,antimatter,60,450;300;200;100;50,2,8,2.5,3.5,100,-10,5,250,40,5,250,60,1,8,11,0,0.06,4,0.5,50,8,5
35,1,60,FrameTimeStutter,6.000,antimatter,practice,2026-08-31T12:06:02.6229449-04:00,1,257,4.28943,17.0265,2392.09,1439.88,0.000,0.000,6.6656,8.9482,-7.1633,Right,0,0,0,0,0.0000,300.000,0,0.000,0,127.500,71.914,4.500,0.0300,0.0000,-10.00,antimatter,60,450;300;200;100;50,2,8,2.5,3.5,100,-10,5,250,40,5,250,60,1,8,11,0,0.06,4,0.5,50,8,5
35,1,60,FrameTimeStutter,6.000,antimatter,practice,2026-08-31T12:06:02.6229449-04:00,1,258,4.30619,16.7624,2392.09,1439.88,0.000,0.000,6.6656,8.9482,-7.1633,Right,0,0,0,0,0.0000,300.000,0,0.000,0,127.500,71.914,4.500,0.0300,0.0000,-10.00,antimatter,60,450;300;200;100;50,2,8,2.5,3.5,100,-10,5,250,40,5,250,60,1,8,11,0,0.06,4,0.5,50,8,5
35,1,60,FrameTimeStutter,6.000,antimatter,practice,2026-08-31T12:06:02.6229449-04:00,1,259,4.32284,16.6467,2392.09,1439.88,0.000,0.000,6.6656,8.9482,-7.1633,Right,0,0,0,0,0.0000,300.000,0,0.000,0,127.500,71.914,4.500,0.0300,0.0000,-10.00,antimatter,60,450;300;200;100;50,2,8,2.5,3.5,100,-10,5,250,40,5,250,60,1,8,11,0,0.06,4,0.5,50,8,5
35,1,60,FrameTimeStutter,6.000,antimatter,practice,2026-08-31T12:06:02.6229449-04:00,1,260,4.33961,16.7739,2392.09,1439.88,0.000,0.000,6.6656,8.9482,-7.1633,Right,0,0,0,0,0.0000,300.000,0,0.000,0,127.500,71.914,4.500,0.0300,0.0000,-10.00,antimatter,60,450;300;200;100;50,2,8,2.5,3.5,100,-10,5,250,40,5,250,60,1,8,11,0,0.06,4,0.5,50,8,5
35,1,60,FrameTimeStutter,6.000,antimatter,practice,2026-08-31T12:06:02.6229449-04:00,1,261,4.35644,16.8229,2392.09,1439.88,0.000,0.000,6.6656,8.9482,-7.1633,Right,0,0,0,0,0.0000,300.000,0,0.000,0,127.500,71.914,4.500,0.0300,0.0000,-10.00,antimatter,60,450;300;200;100;50,2,8,2.5,3.5,100,-10,5,250,40,5,250,60,1,8,11,0,0.06,4,0.5,50,8,5
35,1,60,FrameTimeStutter,6.000,antimatter,practice,2026-08-31T12:06:02.6229449-04:00,1,262,4.37322,16.7861,2392.09,1439.88,0.000,0.000,6.6656,8.9482,-7.1633,Right,0,0,0,0,0.0000,300.000,0,0.000,0,127.500,71.914,4.500,0.0300,0.0000,-10.00,antimatter,60,450;300;200;100;50,2,8,2.5,3.5,100,-10,5,250,40,5,250,60,1,8,11,0,0.06,4,0.5,50,8,5
35,1,60,FrameTimeStutter,6.000,antimatter,practice,2026-08-31T12:06:02.6229449-04:00,1,263,4.38935,16.1217,2392.09,1439.88,0.000,0.000,6.6656,8.9482,-7.1633,Right,0,0,0,0,0.0000,300.000,0,0.000,0,127.500,71.914,4.500,0.0300,0.0000,-10.00,antimatter,60,450;300;200;100;50,2,8,2.5,3.5,100,-10,5,250,40,5,250,60,1,8,11,0,0.06,4,0.5,50,8,5
35,1,60,FrameTimeStutter,6.000,antimatter,practice,2026-08-31T12:06:02.6229449-04:00,1,264,4.40637,17.0282,2392.09,1439.88,0.000,0.000,6.6656,8.9482,-7.1633,Right,0,0,0,0,0.0000,300.000,0,0.000,0,127.500,71.914,4.500,0.0300,0.0000,-10.00,antimatter,60,450;300;200;100;50,2,8,2.5,3.5,100,-10,5,250,40,5,250,60,1,8,11,0,0.06,4,0.5,50,8,5
35,1,60,FrameTimeStutter,6.000,antimatter,practice,2026-08-31T12:06:02.6229449-04:00,1,265,4.42286,16.4861,2392.09,1439.88,0.000,0.000,6.6656,8.9482,-7.1633,Right,0,0,0,0,0.0000,300.000,0,0.000,0,127.500,71.914,4.500,0.0300,0.0000,-10.00,antimatter,60,450;300;200;100;50,2,8,2.5,3.5,100,-10,5,250,40,5,250,60,1,8,11,0,0.06,4,0.5,50,8,5
35,1,60,FrameTimeStutter,6.000,antimatter,practice,2026-08-31T12:06:02.6229449-04:00,1,266,4.43982,16.9634,2392.09,1439.88,0.000,0.000,6.6656,8.9482,-7.1633,Right,0,0,0,0,0.0000,300.000,0,0.000,0,127.500,71.914,4.500,0.0300,0.0000,-10.00,antimatter,60,450;300;200;100;50,2,8,2.5,3.5,100,-10,5,250,40,5,250,60,1,8,11,0,0.06,4,0.5,50,8,5
35,1,60,FrameTimeStutter,6.000,antimatter,practice,2026-08-31T12:06:02.6229449-04:00,1,267,4.45592,16.0950,2392.09,1439.88,0.000,0.000,6.6656,8.9482,-7.1633,Right,0,0,0,0,0.0000,300.000,0,0.000,0,127.500,71.914,4.500,0.0300,0.0000,-10.00,antimatter,60,450;300;200;100;50,2,8,2.5,3.5,100,-10,5,250,40,5,250,60,1,8,11,0,0.06,4,0.5,50,8,5
35,1,60,FrameTimeStutter,6.000,antimatter,practice,2026-08-31T12:06:02.6229449-04:00,1,268,4.47277,16.8545,2392.09,1439.88,0.000,0.000,6.6656,8.9482,-7.1633,Right,0,0,0,0,0.0000,300.000,0,0.000,0,127.500,71.914,4.500,0.0300,0.0000,-10.00,antimatter,60,450;300;200;100;50,2,8,2.5,3.5,100,-10,5,250,40,5,250,60,1,8,11,0,0.06,4,0.5,50,8,5
35,1,60,FrameTimeStutter,6.000,antimatter,practice,2026-08-31T12:06:02.6229449-04:00,1,269,4.48976,16.9849,2392.09,1439.88,0.000,0.000,6.6656,8.9482,-7.1633,Right,0,0,0,0,0.0000,300.000,0,0.000,0,127.500,71.914,4.500,0.0300,0.0000,-10.00,antimatter,60,450;300;200;100;50,2,8,2.5,3.5,100,-10,5,250,40,5,250,60,1,8,11,0,0.06,4,0.5,50,8,5
35,1,60,FrameTimeStutter,6.000,antimatter,practice,2026-08-31T12:06:02.6229449-04:00,1,270,4.50590,16.1420,2392.09,1439.88,0.000,0.000,6.6656,8.9482,-7.1633,Right,0,0,0,0,0.0000,300.000,0,0.000,0,127.500,71.914,4.500,0.0300,0.0000,-10.00,antimatter,60,450;300;200;100;50,2,8,2.5,3.5,100,-10,5,250,40,5,250,60,1,8,11,0,0.06,4,0.5,50,8,5
35,1,60,FrameTimeStutter,6.000,antimatter,practice,2026-08-31T12:06:02.6229449-04:00,1,271,4.52278,16.8803,2392.09,1439.88,0.000,0.000,6.6656,8.9482,-7.1633,Right,0,0,0,0,0.0000,300.000,0,0.000,0,127.500,71.914,4.500,0.0300,0.0000,-10.00,antimatter,60,450;300;200;100;50,2,8,2.5,3.5,100,-10,5,250,40,5,250,60,1,8,11,0,0.06,4,0.5,50,8,5
35,1,60,FrameTimeStutter,6.000,antimatter,practice,2026-08-31T12:06:02.6229449-04:00,1,272,4.53960,16.8164,2392.09,1439.88,0.000,0.000,6.6656,8.9482,-7.1633,Right,0,0,0,0,0.0000,300.000,0,0.000,0,127.500,71.914,4.500,0.0300,0.0000,-10.00,antimatter,60,450;300;200;100;50,2,8,2.5,3.5,100,-10,5,250,40,5,250,60,1,8,11,0,0.06,4,0.5,50,8,5
35,1,60,FrameTimeStutter,6.000,antimatter,practice,2026-08-31T12:06:02.6229449-04:00,1,273,4.55572,16.1224,2392.09,1439.88,0.000,0.000,6.6656,8.9482,-7.1633,Right,0,0,0,0,0.0000,300.000,0,0.000,0,127.500,71.914,4.500,0.0300,0.0000,-10.00,antimatter,60,450;300;200;100;50,2,8,2.5,3.5,100,-10,5,250,40,5,250,60,1,8,11,0,0.06,4,0.5,50,8,5
35,1,60,FrameTimeStutter,6.000,antimatter,practice,2026-08-31T12:06:02.6229449-04:00,1,274,4.57275,17.0302,2392.09,1439.88,0.000,0.000,6.6656,8.9482,-7.1633,Right,0,0,0,0,0.0000,300.000,0,0.000,0,127.500,71.914,4.500,0.0300,0.0000,-10.00,antimatter,60,450;300;200;100;50,2,8,2.5,3.5,100,-10,5,250,40,5,250,60,1,8,11,0,0.06,4,0.5,50,8,5
35,1,60,FrameTimeStutter,6.000,antimatter,practice,2026-08-31T12:06:02.6229449-04:00,1,275,4.58962,16.8739,2392.09,1439.88,0.000,0.000,6.6656,8.9482,-7.1633,Right,0,0,0,0,0.0000,300.000,0,0.000,0,127.500,71.914,4.500,0.0300,0.0000,-10.00,antimatter,60,450;300;200;100;50,2,8,2.5,3.5,100,-10,5,250,40,5,250,60,1,8,11,0,0.06,4,0.5,50,8,5
35,1,60,FrameTimeStutter,6.000,antimatter,practice,2026-08-31T12:06:02.6229449-04:00,1,276,4.60597,16.3447,2392.09,1439.88,0.000,0.000,6.6656,8.9482,-7.1633,Right,0,0,0,0,0.0000,300.000,0,0.000,0,127.500,71.914,4.500,0.0300,0.0000,-10.00,antimatter,60,450;300;200;100;50,2,8,2.5,3.5,100,-10,5,250,40,5,250,60,1,8,11,0,0.06,4,0.5,50,8,5
35,1,60,FrameTimeStutter,6.000,antimatter,practice,2026-08-31T12:06:02.6229449-04:00,1,277,4.62261,16.6459,2392.09,1439.88,0.000,0.000,6.6656,8.9482,-7.1633,Right,0,0,0,0,0.0000,300.000,0,0.000,0,127.500,71.914,4.500,0.0300,0.0000,-10.00,antimatter,60,450;300;200;100;50,2,8,2.5,3.5,100,-10,5,250,40,5,250,60,1,8,11,0,0.06,4,0.5,50,8,5
35,1,60,FrameTimeStutter,6.000,antimatter,practice,2026-08-31T12:06:02.6229449-04:00,1,278,4.63928,16.6632,2392.09,1439.88,0.000,0.000,6.6656,8.9482,-7.1633,Right,0,0,0,0,0.0000,300.000,0,0.000,0,127.500,71.914,4.500,0.0300,0.0000,-10.00,antimatter,60,450;300;200;100;50,2,8,2.5,3.5,100,-10,5,250,40,5,250,60,1,8,11,0,0.06,4,0.5,50,8,5
35,1,60,FrameTimeStutter,6.000,antimatter,practice,2026-08-31T12:06:02.6229449-04:00,1,279,4.65617,16.8963,2392.09,1439.88,0.000,0.000,6.6656,8.9482,-7.1633,Right,0,0,0,0,0.0000,300.000,0,0.000,0,127.500,71.914,4.500,0.0300,0.0000,-10.00,antimatter,60,450;300;200;100;50,2,8,2.5,3.5,100,-10,5,250,40,5,250,60,1,8,11,0,0.06,4,0.5,50,8,5
35,1,60,FrameTimeStutter,6.000,antimatter,practice,2026-08-31T12:06:02.6229449-04:00,1,280,4.67294,16.7700,2392.09,1439.88,0.000,0.000,6.6656,8.9482,-7.1633,Right,0,0,0,0,0.0000,300.000,0,0.000,0,127.500,71.914,4.500,0.0300,0.0000,-10.00,antimatter,60,450;300;200;100;50,2,8,2.5,3.5,100,-10,5,250,40,5,250,60,1,8,11,0,0.06,4,0.5,50,8,5
35,1,60,FrameTimeStutter,6.000,antimatter,practice,2026-08-31T12:06:02.6229449-04:00,1,281,4.68910,16.1537,2392.09,1439.88,0.000,0.000,6.6656,8.9482,-7.1633,Right,0,0,0,0,0.0000,300.000,0,0.000,0,127.500,71.914,4.500,0.0300,0.0000,-10.00,antimatter,60,450;300;200;100;50,2,8,2.5,3.5,100,-10,5,250,40,5,250,60,1,8,11,0,0.06,4,0.5,50,8,5
35,1,60,FrameTimeStutter,6.000,antimatter,practice,2026-08-31T12:06:02.6229449-04:00,1,282,4.70579,16.6986,2392.09,1439.88,0.000,0.000,6.6656,8.9482,-7.1633,Right,0,0,0,0,0.0000,300.000,0,0.000,0,127.500,71.914,4.500,0.0300,0.0000,-10.00,antimatter,60,450;300;200;100;50,2,8,2.5,3.5,100,-10,5,250,40,5,250,60,1,8,11,0,0.06,4,0.5,50,8,5
35,1,60,FrameTimeStutter,6.000,antimatter,practice,2026-08-31T12:06:02.6229449-04:00,1,283,4.72249,16.6971,2392.09,1439.88,0.000,0.000,6.6656,8.9482,-7.1633,Right,0,0,0,0,0.0000,300.000,0,0.000,0,127.500,71.914,4.500,0.0300,0.0000,-10.00,antimatter,60,450;300;200;100;50,2,8,2.5,3.5,100,-10,5,250,40,5,250,60,1,8,11,0,0.06,4,0.5,50,8,5
35,1,60,FrameTimeStutter,6.000,antimatter,practice,2026-08-31T12:06:02.6229449-04:00,1,284,4.73966,17.1713,2392.09,1439.88,0.000,0.000,6.6656,8.9482,-7.1633,Right,0,0,0,0,0.0000,300.000,0,0.000,0,127.500,71.914,4.500,0.0300,0.0000,-10.00,antimatter,60,450;300;200;100;50,2,8,2.5,3.5,100,-10,5,250,40,5,250,60,1,8,11,0,0.06,4,0.5,50,8,5
35,1,60,FrameTimeStutter,6.000,antimatter,practice,2026-08-31T12:06:02.6229449-04:00,1,285,4.75581,16.1468,2392.09,1439.88,0.000,0.000,6.6656,8.9482,-7.1633,Right,0,0,0,0,0.0000,300.000,0,0.000,0,127.500,71.914,4.500,0.0300,0.0000,-10.00,antimatter,60,450;300;200;100;50,2,8,2.5,3.5,100,-10,5,250,40,5,250,60,1,8,11,0,0.06,4,0.5,50,8,5
35,1,60,FrameTimeStutter,6.000,antimatter,practice,2026-08-31T12:06:02.6229449-04:00,1,286,4.77254,16.7252,2392.09,1439.88,0.000,0.000,6.6656,8.9482,-7.1633,Right,0,0,0,0,0.0000,300.000,0,0.000,0,127.500,71.914,4.500,0.0300,0.0000,-10.00,antimatter,60,450;300;200;100;50,2,8,2.5,3.5,100,-10,5,250,40,5,250,60,1,8,11,0,0.06,4,0.5,50,8,5
35,1,60,FrameTimeStutter,6.000,antimatter,practice,2026-08-31T12:06:02.6229449-04:00,1,287,4.78964,17.1095,2392.09,1439.88,0.000,0.000,6.6656,8.9482,-7.1633,Right,0,0,0,0,0.0000,300.000,0,0.000,0,127.500,71.914,4.500,0.0300,0.0000,-10.00,antimatter,60,450;300;200;100;50,2,8,2.5,3.5,100,-10,5,250,40,5,250,60,1,8,11,0,0.06,4,0.5,50,8,5
35,1,60,FrameTimeStutter,6.000,antimatter,practice,2026-08-31T12:06:02.6229449-04:00,1,288,4.80634,16.6920,2392.09,1439.88,0.000,0.000,6.6656,8.9482,-7.1633,Right,0,0,0,0,0.0000,300.000,0,0.000,0,127.500,71.914,4.500,0.0300,0.0000,-10.00,antimatter,60,450;300;200;100;50,2,8,2.5,3.5,100,-10,5,250,40,5,250,60,1,8,11,0,0.06,4,0.5,50,8,5
35,1,60,FrameTimeStutter,6.000,antimatter,practice,2026-08-31T12:06:02.6229449-04:00,1,289,4.82312,16.7881,2392.09,1439.88,0.000,0.000,6.6656,8.9482,-7.1633,Right,0,0,0,0,0.0000,300.000,0,0.000,0,127.500,71.914,4.500,0.0300,0.0000,-10.00,antimatter,60,450;300;200;100;50,2,8,2.5,3.5,100,-10,5,250,40,5,250,60,1,8,11,0,0.06,4,0.5,50,8,5
35,1,60,FrameTimeStutter,6.000,antimatter,practice,2026-08-31T12:06:02.6229449-04:00,1,290,4.83981,16.6890,2392.09,1439.88,0.000,0.000,6.6656,8.9482,-7.1633,Right,0,0,0,0,0.0000,300.000,0,0.000,0,127.500,71.914,4.500,0.0300,0.0000,-10.00,antimatter,60,450;300;200;100;50,2,8,2.5,3.5,100,-10,5,250,40,5,250,60,1,8,11,0,0.06,4,0.5,50,8,5
35,1,60,FrameTimeStutter,6.000,antimatter,practice,2026-08-31T12:06:02.6229449-04:00,1,291,4.85579,15.9780,2392.09,1439.88,0.000,0.000,6.6656,8.9482,-7.1633,Right,0,0,0,0,0.0000,300.000,0,0.000,0,127.500,71.914,4.500,0.0300,0.0000,-10.00,antimatter,60,450;300;200;100;50,2,8,2.5,3.5,100,-10,5,250,40,5,250,60,1,8,11,0,0.06,4,0.5,50,8,5
35,1,60,FrameTimeStutter,6.000,antimatter,practice,2026-08-31T12:06:02.6229449-04:00,1,292,4.87271,16.9141,2392.09,1439.88,0.000,0.000,6.6656,8.9482,-7.1633,Right,0,0,0,0,0.0000,300.000,0,0.000,0,127.500,71.914,4.500,0.0300,0.0000,-10.00,antimatter,60,450;300;200;100;50,2,8,2.5,3.5,100,-10,5,250,40,5,250,60,1,8,11,0,0.06,4,0.5,50,8,5
35,1,60,FrameTimeStutter,6.000,antimatter,practice,2026-08-31T12:06:02.6229449-04:00,1,293,4.88983,17.1268,2385.83,1439.88,-5.000,1.000,6.5742,8.9664,-7.1633,Right,0,0,0,0,0.0000,300.000,0,0.000,0,127.500,71.914,4.500,0.0300,0.0000,-10.00,antimatter,60,450;300;200;100;50,2,8,2.5,3.5,100,-10,5,250,40,5,250,60,1,8,11,0,0.06,4,0.5,50,8,5
35,1,60,FrameTimeStutter,6.000,antimatter,practice,2026-08-31T12:06:02.6229449-04:00,1,294,4.90586,16.0259,2365.78,1439.88,-16.000,3.000,6.2816,9.0213,-7.1633,Right,0,0,0,0,0.0000,300.000,0,0.000,0,127.500,71.914,4.500,0.0300,0.0000,-10.00,antimatter,60,450;300;200;100;50,2,8,2.5,3.5,100,-10,5,250,40,5,250,60,1,8,11,0,0.06,4,0.5,50,8,5
35,1,60,FrameTimeStutter,6.000,antimatter,practice,2026-08-31T12:06:02.6229449-04:00,1,295,4.92264,16.7775,2345.73,1439.88,-16.000,3.000,5.9890,9.0761,-7.1633,Right,0,0,0,0,0.0000,300.000,0,0.000,0,127.500,71.914,4.500,0.0300,0.0000,-10.00,antimatter,60,450;300;200;100;50,2,8,2.5,3.5,100,-10,5,250,40,5,250,60,1,8,11,0,0.06,4,0.5,50,8,5
35,1,60,FrameTimeStutter,6.000,antimatter,practice,2026-08-31T12:06:02.6229449-04:00,1,296,4.93912,16.4832,2331.94,1439.88,-11.000,3.000,5.7879,9.1310,-7.1633,Right,0,0,0,0,0.0000,300.000,0,0.000,0,127.500,71.914,4.500,0.0300,0.0000,-10.00,antimatter,60,450;300;200;100;50,2,8,2.5,3.5,100,-10,5,250,40,5,250,60,1,8,11,0,0.06,4,0.5,50,8,5
35,1,60,FrameTimeStutter,6.000,antimatter,practice,2026-08-31T12:06:02.6229449-04:00,1,297,4.95614,17.0187,2326.93,1439.88,-4.000,1.000,5.7148,9.1493,-7.1633,Right,0,0,0,0,0.0000,300.000,0,0.000,0,127.500,71.914,4.500,0.0300,0.0000,-10.00,antimatter,60,450;300;200;100;50,2,8,2.5,3.5,100,-10,5,250,40,5,250,60,1,8,11,0,0.06,4,0.5,50,8,5
35,1,60,FrameTimeStutter,6.000,antimatter,practice,2026-08-31T12:06:02.6229449-04:00,1,298,4.97260,16.4583,2321.92,1439.88,-4.000,2.000,5.6416,9.1858,-7.1633,Right,0,0,0,0,0.0000,300.000,0,0.000,0,127.500,71.914,4.500,0.0300,0.0000,-10.00,antimatter,60,450;300;200;100;50,2,8,2.5,3.5,100,-10,5,250,40,5,250,60,1,8,11,0,0.06,4,0.5,50,8,5
35,1,60,FrameTimeStutter,6.000,antimatter,practice,2026-08-31T12:06:02.6229449-04:00,1,299,4.98984,17.2436,2316.91,1439.88,-4.000,1.000,5.5685,9.2041,-7.1633,Right,0,0,0,0,0.0000,300.000,0,0.000,0,127.500,71.914,4.500,0.0300,0.0000,-10.00,antimatter,60,450;300;200;100;50,2,8,2.5,3.5,100,-10,5,250,40,5,250,60,1,8,11,0,0.06,4,0.5,50,8,5
35,1,60,FrameTimeStutter,6.000,antimatter,practice,2026-08-31T12:06:02.6229449-04:00,1,300,5.00591,16.0709,2311.89,1439.88,-4.000,1.000,5.4953,9.2224,-7.1633,Right,0,0,0,0,0.0000,300.000,0,0.000,0,127.500,71.914,4.500,0.0300,0.0000,-10.00,antimatter,60,450;300;200;100;50,2,8,2.5,3.5,100,-10,5,250,40,5,250,60,1,8,11,0,0.06,4,0.5,50,8,5
35,1,60,FrameTimeStutter,6.000,antimatter,practice,2026-08-31T12:06:02.6229449-04:00,1,301,5.02288,16.9725,2310.64,1439.88,-1.000,0.000,5.4770,9.2224,-7.1633,Right,0,0,0,0,0.0000,300.000,0,0.000,0,127.500,71.914,4.500,0.0300,0.0000,-10.00,antimatter,60,450;300;200;100;50,2,8,2.5,3.5,100,-10,5,250,40,5,250,60,1,8,11,0,0.06,4,0.5,50,8,5
35,1,60,FrameTimeStutter,6.000,antimatter,practice,2026-08-31T12:06:02.6229449-04:00,1,302,5.03986,16.9739,2310.64,1439.88,0.000,0.000,5.4770,9.2224,-7.1633,Right,0,0,0,0,0.0000,300.000,0,0.000,0,127.500,71.914,4.500,0.0300,0.0000,-10.00,antimatter,60,450;300;200;100;50,2,8,2.5,3.5,100,-10,5,250,40,5,250,60,1,8,11,0,0.06,4,0.5,50,8,5
35,1,60,FrameTimeStutter,6.000,antimatter,practice,2026-08-31T12:06:02.6229449-04:00,1,303,5.05583,15.9709,2310.64,1439.88,0.000,0.000,5.4770,9.2224,-7.1633,Right,0,0,0,0,0.0000,300.000,0,0.000,0,127.500,71.914,4.500,0.0300,0.0000,-10.00,antimatter,60,450;300;200;100;50,2,8,2.5,3.5,100,-10,5,250,40,5,250,60,1,8,11,0,0.06,4,0.5,50,8,5
35,1,60,FrameTimeStutter,6.000,antimatter,practice,2026-08-31T12:06:02.6229449-04:00,1,304,5.07306,17.2351,2309.39,1439.88,-1.000,1.000,5.4587,9.2407,-7.1633,Right,0,0,0,0,0.0000,300.000,0,0.000,0,127.500,71.914,4.500,0.0300,0.0000,-10.00,antimatter,60,450;300;200;100;50,2,8,2.5,3.5,100,-10,5,250,40,5,250,60,1,8,11,0,0.06,4,0.5,50,8,5
35,1,60,FrameTimeStutter,6.000,antimatter,practice,2026-08-31T12:06:02.6229449-04:00,1,305,5.08983,16.7681,2309.39,1439.88,0.000,0.000,5.4587,9.2407,-7.1633,Right,0,0,0,0,0.0000,300.000,0,0.000,0,127.500,71.914,4.500,0.0300,0.0000,-10.00,antimatter,60,450;300;200;100;50,2,8,2.5,3.5,100,-10,5,250,40,5,250,60,1,8,11,0,0.06,4,0.5,50,8,5
35,1,60,FrameTimeStutter,6.000,antimatter,practice,2026-08-31T12:06:02.6229449-04:00,1,306,5.10637,16.5343,2309.39,1439.88,0.000,0.000,5.4587,9.2407,-7.1633,Right,0,0,0,0,0.0000,300.000,0,0.000,0,127.500,71.914,4.500,0.0300,0.0000,-10.00,antimatter,60,450;300;200;100;50,2,8,2.5,3.5,100,-10,5,250,40,5,250,60,1,8,11,0,0.06,4,0.5,50,8,5
35,1,60,FrameTimeStutter,6.000,antimatter,practice,2026-08-31T12:06:02.6229449-04:00,1,307,5.12288,16.5111,2309.39,1439.88,0.000,0.000,5.4587,9.2407,-7.1633,Right,0,0,0,0,0.0000,300.000,0,0.000,0,127.500,71.914,4.500,0.0300,0.0000,-10.00,antimatter,60,450;300;200;100;50,2,8,2.5,3.5,100,-10,5,250,40,5,250,60,1,8,11,0,0.06,4,0.5,50,8,5
35,1,60,FrameTimeStutter,6.000,antimatter,practice,2026-08-31T12:06:02.6229449-04:00,1,308,5.13939,16.5184,2309.39,1439.88,0.000,0.000,5.4587,9.2407,-7.1633,Right,0,0,0,0,0.0000,300.000,0,0.000,0,127.500,71.914,4.500,0.0300,0.0000,-10.00,antimatter,60,450;300;200;100;50,2,8,2.5,3.5,100,-10,5,250,40,5,250,60,1,8,11,0,0.06,4,0.5,50,8,5
35,1,60,FrameTimeStutter,6.000,antimatter,practice,2026-08-31T12:06:02.6229449-04:00,1,309,5.15640,17.0069,2309.39,1439.88,0.000,0.000,5.4587,9.2407,-7.1633,Right,0,0,0,0,0.0000,300.000,0,0.000,0,127.500,71.914,4.500,0.0300,0.0000,-10.00,antimatter,60,450;300;200;100;50,2,8,2.5,3.5,100,-10,5,250,40,5,250,60,1,8,11,0,0.06,4,0.5,50,8,5
35,1,60,FrameTimeStutter,6.000,antimatter,practice,2026-08-31T12:06:02.6229449-04:00,1,310,5.17261,16.2061,2309.39,1439.88,0.000,0.000,5.4587,9.2407,-7.1633,Right,0,0,0,0,0.0000,300.000,0,0.000,0,127.500,71.914,4.500,0.0300,0.0000,-10.00,antimatter,60,450;300;200;100;50,2,8,2.5,3.5,100,-10,5,250,40,5,250,60,1,8,11,0,0.06,4,0.5,50,8,5
35,1,60,FrameTimeStutter,6.000,antimatter,practice,2026-08-31T12:06:02.6229449-04:00,1,311,5.18944,16.8290,2309.39,1439.88,0.000,0.000,5.4587,9.2407,-7.1633,Right,0,0,0,0,0.0000,300.000,0,0.000,0,127.500,71.914,4.500,0.0300,0.0000,-10.00,antimatter,60,450;300;200;100;50,2,8,2.5,3.5,100,-10,5,250,40,5,250,60,1,8,11,0,0.06,4,0.5,50,8,5
35,1,60,FrameTimeStutter,6.000,antimatter,practice,2026-08-31T12:06:02.6229449-04:00,1,312,5.20627,16.8319,2309.39,1439.88,0.000,0.000,5.4587,9.2407,-7.1633,Right,0,0,0,0,0.0000,300.000,0,0.000,0,127.500,71.914,4.500,0.0300,0.0000,-10.00,antimatter,60,450;300;200;100;50,2,8,2.5,3.5,100,-10,5,250,40,5,250,60,1,8,11,0,0.06,4,0.5,50,8,5
35,1,60,FrameTimeStutter,6.000,antimatter,practice,2026-08-31T12:06:02.6229449-04:00,1,313,5.22297,16.7042,2309.39,1439.88,0.000,0.000,5.4587,9.2407,-7.1633,Right,0,0,0,0,0.0000,300.000,0,0.000,0,127.500,71.914,4.500,0.0300,0.0000,-10.00,antimatter,60,450;300;200;100;50,2,8,2.5,3.5,100,-10,5,250,40,5,250,60,1,8,11,0,0.06,4,0.5,50,8,5
35,1,60,FrameTimeStutter,6.000,antimatter,practice,2026-08-31T12:06:02.6229449-04:00,1,314,5.23915,16.1738,2309.39,1439.88,0.000,0.000,5.4587,9.2407,-7.1633,Right,0,0,0,0,0.0000,300.000,0,0.000,0,127.500,71.914,4.500,0.0300,0.0000,-10.00,antimatter,60,450;300;200;100;50,2,8,2.5,3.5,100,-10,5,250,40,5,250,60,1,8,11,0,0.06,4,0.5,50,8,5
35,1,60,FrameTimeStutter,6.000,antimatter,practice,2026-08-31T12:06:02.6229449-04:00,2,315,5.25643,17.2841,2309.39,1439.88,0.000,0.000,5.4587,9.2407,-7.1633,Right,1,1,0,1,5.4587,200.000,0,0.000,0,127.500,71.914,4.500,0.0300,0.0000,-20.00,antimatter,60,450;300;200;100;50,2,8,2.5,3.5,100,-10,5,250,40,5,250,60,1,8,11,0,0.06,4,0.5,50,8,5
35,1,60,FrameTimeStutter,6.000,antimatter,practice,2026-08-31T12:06:02.6229449-04:00,2,316,5.27271,16.2762,2309.39,1439.88,0.000,0.000,5.4587,9.2407,-7.1633,Right,1,0,0,0,0.0000,200.000,0,0.000,0,127.500,71.914,4.500,0.0300,0.0000,-20.00,antimatter,60,450;300;200;100;50,2,8,2.5,3.5,100,-10,5,250,40,5,250,60,1,8,11,0,0.06,4,0.5,50,8,5
35,1,60,FrameTimeStutter,6.000,antimatter,practice,2026-08-31T12:06:02.6229449-04:00,2,317,5.28932,16.6157,2309.39,1439.88,0.000,0.000,5.4587,9.2407,-7.1633,Right,1,0,0,0,0.0000,200.000,0,0.000,0,127.500,71.914,4.500,0.0300,0.0000,-20.00,antimatter,60,450;300;200;100;50,2,8,2.5,3.5,100,-10,5,250,40,5,250,60,1,8,11,0,0.06,4,0.5,50,8,5
35,1,60,FrameTimeStutter,6.000,antimatter,practice,2026-08-31T12:06:02.6229449-04:00,2,318,5.30620,16.8774,2309.39,1439.88,0.000,0.000,5.4587,9.2407,-7.1633,Right,1,0,0,0,0.0000,200.000,0,0.000,0,127.500,71.914,4.500,0.0300,0.0000,-20.00,antimatter,60,450;300;200;100;50,2,8,2.5,3.5,100,-10,5,250,40,5,250,60,1,8,11,0,0.06,4,0.5,50,8,5
35,1,60,FrameTimeStutter,6.000,antimatter,practice,2026-08-31T12:06:02.6229449-04:00,2,319,5.32236,16.1631,2309.39,1439.88,0.000,0.000,5.4587,9.2407,-7.1633,Right,1,0,0,0,0.0000,200.000,0,0.000,0,127.500,71.914,4.500,0.0300,0.0000,-20.00,antimatter,60,450;300;200;100;50,2,8,2.5,3.5,100,-10,5,250,40,5,250,60,1,8,11,0,0.06,4,0.5,50,8,5
35,1,60,FrameTimeStutter,6.000,antimatter,practice,2026-08-31T12:06:02.6229449-04:00,2,320,5.33962,17.2552,2309.39,1439.88,0.000,0.000,5.4587,9.2407,-7.1633,Right,0,0,0,0,0.0000,200.000,0,0.000,0,127.500,71.914,4.500,0.0300,0.0000,-20.00,antimatter,60,450;300;200;100;50,2,8,2.5,3.5,100,-10,5,250,40,5,250,60,1,8,11,0,0.06,4,0.5,50,8,5
35,1,60,FrameTimeStutter,6.000,antimatter,practice,2026-08-31T12:06:02.6229449-04:00,2,321,5.35574,16.1200,2309.39,1439.88,0.000,0.000,5.4587,9.2407,-7.1633,Right,0,0,0,0,0.0000,200.000,0,0.000,0,127.500,71.914,4.500,0.0300,0.0000,-20.00,antimatter,60,450;300;200;100;50,2,8,2.5,3.5,100,-10,5,250,40,5,250,60,1,8,11,0,0.06,4,0.5,50,8,5
35,1,60,FrameTimeStutter,6.000,antimatter,practice,2026-08-31T12:06:02.6229449-04:00,2,322,5.37257,16.8265,2309.39,1439.88,0.000,0.000,5.4587,9.2407,-7.1633,Right,0,0,0,0,0.0000,200.000,0,0.000,0,127.500,71.914,4.500,0.0300,0.0000,-20.00,antimatter,60,450;300;200;100;50,2,8,2.5,3.5,100,-10,5,250,40,5,250,60,1,8,11,0,0.06,4,0.5,50,8,5
35,1,60,FrameTimeStutter,6.000,antimatter,practice,2026-08-31T12:06:02.6229449-04:00,2,323,5.38962,17.0549,2309.39,1439.88,0.000,0.000,5.4587,9.2407,-7.1633,Right,0,0,0,0,0.0000,200.000,0,0.000,0,127.500,71.914,4.500,0.0300,0.0000,-20.00,antimatter,60,450;300;200;100;50,2,8,2.5,3.5,100,-10,5,250,40,5,250,60,1,8,11,0,0.06,4,0.5,50,8,5
35,1,60,FrameTimeStutter,6.000,antimatter,practice,2026-08-31T12:06:02.6229449-04:00,2,324,5.40633,16.7130,2309.39,1439.88,0.000,0.000,5.4587,9.2407,-7.1633,Right,0,0,0,0,0.0000,200.000,0,0.000,0,127.500,71.914,4.500,0.0300,0.0000,-20.00,antimatter,60,450;300;200;100;50,2,8,2.5,3.5,100,-10,5,250,40,5,250,60,1,8,11,0,0.06,4,0.5,50,8,5
35,1,60,FrameTimeStutter,6.000,antimatter,practice,2026-08-31T12:06:02.6229449-04:00,2,325,5.42306,16.7302,2309.39,1439.88,0.000,0.000,5.4587,9.2407,-7.1633,Right,0,0,0,0,0.0000,200.000,0,0.000,0,127.500,71.914,4.500,0.0300,0.0000,-20.00,antimatter,60,450;300;200;100;50,2,8,2.5,3.5,100,-10,5,250,40,5,250,60,1,8,11,0,0.06,4,0.5,50,8,5
35,1,60,FrameTimeStutter,6.000,antimatter,practice,2026-08-31T12:06:02.6229449-04:00,2,326,5.43984,16.7791,2309.39,1439.88,0.000,0.000,5.4587,9.2407,-7.1633,Right,0,0,0,0,0.0000,200.000,0,0.000,0,127.500,71.914,4.500,0.0300,0.0000,-20.00,antimatter,60,450;300;200;100;50,2,8,2.5,3.5,100,-10,5,250,40,5,250,60,1,8,11,0,0.06,4,0.5,50,8,5
35,1,60,FrameTimeStutter,6.000,antimatter,practice,2026-08-31T12:06:02.6229449-04:00,2,327,5.45584,15.9972,2309.39,1439.88,0.000,0.000,5.4587,9.2407,-7.1633,Right,0,0,0,0,0.0000,200.000,0,0.000,0,127.500,71.914,4.500,0.0300,0.0000,-20.00,antimatter,60,450;300;200;100;50,2,8,2.5,3.5,100,-10,5,250,40,5,250,60,1,8,11,0,0.06,4,0.5,50,8,5
35,1,60,FrameTimeStutter,6.000,antimatter,practice,2026-08-31T12:06:02.6229449-04:00,2,328,5.47265,16.8076,2309.39,1439.88,0.000,0.000,5.4587,9.2407,-7.1633,Right,0,0,0,0,0.0000,200.000,0,0.000,0,127.500,71.914,4.500,0.0300,0.0000,-20.00,antimatter,60,450;300;200;100;50,2,8,2.5,3.5,100,-10,5,250,40,5,250,60,1,8,11,0,0.06,4,0.5,50,8,5
35,1,60,FrameTimeStutter,6.000,antimatter,practice,2026-08-31T12:06:02.6229449-04:00,2,329,5.48972,17.0750,2309.39,1439.88,0.000,0.000,5.4587,9.2407,-7.1633,Right,0,0,0,0,0.0000,200.000,0,0.000,0,127.500,71.914,4.500,0.0300,0.0000,-20.00,antimatter,60,450;300;200;100;50,2,8,2.5,3.5,100,-10,5,250,40,5,250,60,1,8,11,0,0.06,4,0.5,50,8,5
35,1,60,FrameTimeStutter,6.000,antimatter,practice,2026-08-31T12:06:02.6229449-04:00,2,330,5.50599,16.2653,2309.39,1439.88,0.000,0.000,5.4587,9.2407,-7.1633,Right,0,0,0,0,0.0000,200.000,0,0.000,0,127.500,71.914,4.500,0.0300,0.0000,-20.00,antimatter,60,450;300;200;100;50,2,8,2.5,3.5,100,-10,5,250,40,5,250,60,1,8,11,0,0.06,4,0.5,50,8,5
35,1,60,FrameTimeStutter,6.000,antimatter,practice,2026-08-31T12:06:02.6229449-04:00,2,331,5.52242,16.4369,2309.39,1439.88,0.000,0.000,5.4587,9.2407,-7.1633,Right,0,0,0,0,0.0000,200.000,0,0.000,0,127.500,71.914,4.500,0.0300,0.0000,-20.00,antimatter,60,450;300;200;100;50,2,8,2.5,3.5,100,-10,5,250,40,5,250,60,1,8,11,0,0.06,4,0.5,50,8,5
35,1,60,FrameTimeStutter,6.000,antimatter,practice,2026-08-31T12:06:02.6229449-04:00,2,332,5.53913,16.7033,2309.39,1439.88,0.000,0.000,5.4587,9.2407,-7.1633,Right,0,0,0,0,0.0000,200.000,0,0.000,0,127.500,71.914,4.500,0.0300,0.0000,-20.00,antimatter,60,450;300;200;100;50,2,8,2.5,3.5,100,-10,5,250,40,5,250,60,1,8,11,0,0.06,4,0.5,50,8,5
35,1,60,FrameTimeStutter,6.000,antimatter,practice,2026-08-31T12:06:02.6229449-04:00,2,333,5.55581,16.6803,2309.39,1439.88,0.000,0.000,5.4587,9.2407,-7.1633,Right,0,0,0,0,0.0000,200.000,0,0.000,0,127.500,71.914,4.500,0.0300,0.0000,-20.00,antimatter,60,450;300;200;100;50,2,8,2.5,3.5,100,-10,5,250,40,5,250,60,1,8,11,0,0.06,4,0.5,50,8,5
35,1,60,FrameTimeStutter,6.000,antimatter,practice,2026-08-31T12:06:02.6229449-04:00,2,334,5.57250,16.6880,2309.39,1439.88,0.000,0.000,5.4587,9.2407,-7.1633,Right,0,0,0,0,0.0000,200.000,0,0.000,0,127.500,71.914,4.500,0.0300,0.0000,-20.00,antimatter,60,450;300;200;100;50,2,8,2.5,3.5,100,-10,5,250,40,5,250,60,1,8,11,0,0.06,4,0.5,50,8,5
35,1,60,FrameTimeStutter,6.000,antimatter,practice,2026-08-31T12:06:02.6229449-04:00,2,335,5.58946,16.9606,2309.39,1439.88,0.000,0.000,5.4587,9.2407,-7.1633,Right,0,0,0,0,0.0000,200.000,0,0.000,0,127.500,71.914,4.500,0.0300,0.0000,-20.00,antimatter,60,450;300;200;100;50,2,8,2.5,3.5,100,-10,5,250,40,5,250,60,1,8,11,0,0.06,4,0.5,50,8,5
35,1,60,FrameTimeStutter,6.000,antimatter,practice,2026-08-31T12:06:02.6229449-04:00,2,336,5.60627,16.8123,2309.39,1439.88,0.000,0.000,5.4587,9.2407,-7.1633,Right,0,0,0,0,0.0000,200.000,0,0.000,0,127.500,71.914,4.500,0.0300,0.0000,-20.00,antimatter,60,450;300;200;100;50,2,8,2.5,3.5,100,-10,5,250,40,5,250,60,1,8,11,0,0.06,4,0.5,50,8,5
35,1,60,FrameTimeStutter,6.000,antimatter,practice,2026-08-31T12:06:02.6229449-04:00,2,337,5.62319,16.9235,2309.39,1439.88,0.000,0.000,5.4587,9.2407,-7.1633,Right,0,0,0,0,0.0000,200.000,0,0.000,0,127.500,71.914,4.500,0.0300,0.0000,-20.00,antimatter,60,450;300;200;100;50,2,8,2.5,3.5,100,-10,5,250,40,5,250,60,1,8,11,0,0.06,4,0.5,50,8,5
35,1,60,FrameTimeStutter,6.000,antimatter,practice,2026-08-31T12:06:02.6229449-04:00,2,338,5.63979,16.5997,2309.39,1439.88,0.000,0.000,5.4587,9.2407,-7.1633,Right,0,0,0,0,0.0000,200.000,0,0.000,0,127.500,71.914,4.500,0.0300,0.0000,-20.00,antimatter,60,450;300;200;100;50,2,8,2.5,3.5,100,-10,5,250,40,5,250,60,1,8,11,0,0.06,4,0.5,50,8,5
35,1,60,FrameTimeStutter,6.000,antimatter,practice,2026-08-31T12:06:02.6229449-04:00,2,339,5.65637,16.5809,2309.39,1439.88,0.000,0.000,5.4587,9.2407,-7.1633,Right,0,0,0,0,0.0000,200.000,0,0.000,0,127.500,71.914,4.500,0.0300,0.0000,-20.00,antimatter,60,450;300;200;100;50,2,8,2.5,3.5,100,-10,5,250,40,5,250,60,1,8,11,0,0.06,4,0.5,50,8,5
35,1,60,FrameTimeStutter,6.000,antimatter,practice,2026-08-31T12:06:02.6229449-04:00,2,340,5.67307,16.6979,2309.39,1439.88,0.000,0.000,5.4587,9.2407,-7.1633,Right,0,0,0,0,0.0000,200.000,0,0.000,0,127.500,71.914,4.500,0.0300,0.0000,-20.00,antimatter,60,450;300;200;100;50,2,8,2.5,3.5,100,-10,5,250,40,5,250,60,1,8,11,0,0.06,4,0.5,50,8,5
35,1,60,FrameTimeStutter,6.000,antimatter,practice,2026-08-31T12:06:02.6229449-04:00,2,341,5.68931,16.2412,2309.39,1439.88,0.000,0.000,5.4587,9.2407,-7.1633,Right,0,0,0,0,0.0000,200.000,0,0.000,0,127.500,71.914,4.500,0.0300,0.0000,-20.00,antimatter,60,450;300;200;100;50,2,8,2.5,3.5,100,-10,5,250,40,5,250,60,1,8,11,0,0.06,4,0.5,50,8,5
35,1,60,FrameTimeStutter,6.000,antimatter,practice,2026-08-31T12:06:02.6229449-04:00,2,342,5.70627,16.9576,2309.39,1439.88,0.000,0.000,5.4587,9.2407,-7.1633,Right,0,0,0,0,0.0000,200.000,0,0.000,0,127.500,71.914,4.500,0.0300,0.0000,-20.00,antimatter,60,450;300;200;100;50,2,8,2.5,3.5,100,-10,5,250,40,5,250,60,1,8,11,0,0.06,4,0.5,50,8,5
35,1,60,FrameTimeStutter,6.000,antimatter,practice,2026-08-31T12:06:02.6229449-04:00,2,343,5.72245,16.1778,2309.39,1439.88,0.000,0.000,5.4587,9.2407,-7.1633,Right,0,0,0,0,0.0000,200.000,0,0.000,0,127.500,71.914,4.500,0.0300,0.0000,-20.00,antimatter,60,450;300;200;100;50,2,8,2.5,3.5,100,-10,5,250,40,5,250,60,1,8,11,0,0.06,4,0.5,50,8,5
35,1,60,FrameTimeStutter,6.000,antimatter,practice,2026-08-31T12:06:02.6229449-04:00,2,344,5.73950,17.0529,2309.39,1439.88,0.000,0.000,5.4587,9.2407,-7.1633,Right,0,0,0,0,0.0000,200.000,0,0.000,0,127.500,71.914,4.500,0.0300,0.0000,-20.00,antimatter,60,450;300;200;100;50,2,8,2.5,3.5,100,-10,5,250,40,5,250,60,1,8,11,0,0.06,4,0.5,50,8,5
35,1,60,FrameTimeStutter,6.000,antimatter,practice,2026-08-31T12:06:02.6229449-04:00,2,345,5.75623,16.7306,2309.39,1439.88,0.000,0.000,5.4587,9.2407,-7.1633,Right,0,0,0,0,0.0000,200.000,0,0.000,0,127.500,71.914,4.500,0.0300,0.0000,-20.00,antimatter,60,450;300;200;100;50,2,8,2.5,3.5,100,-10,5,250,40,5,250,60,1,8,11,0,0.06,4,0.5,50,8,5
35,1,60,FrameTimeStutter,6.000,antimatter,practice,2026-08-31T12:06:02.6229449-04:00,2,346,5.77307,16.8366,2309.39,1439.88,0.000,0.000,5.4587,9.2407,-7.1633,Right,0,0,0,0,0.0000,200.000,0,0.000,0,127.500,71.914,4.500,0.0300,0.0000,-20.00,antimatter,60,450;300;200;100;50,2,8,2.5,3.5,100,-10,5,250,40,5,250,60,1,8,11,0,0.06,4,0.5,50,8,5
35,1,60,FrameTimeStutter,6.000,antimatter,practice,2026-08-31T12:06:02.6229449-04:00,2,347,5.78957,16.4997,2309.39,1439.88,0.000,0.000,5.4587,9.2407,-7.1633,Right,0,0,0,0,0.0000,200.000,0,0.000,0,127.500,71.914,4.500,0.0300,0.0000,-20.00,antimatter,60,450;300;200;100;50,2,8,2.5,3.5,100,-10,5,250,40,5,250,60,1,8,11,0,0.06,4,0.5,50,8,5
35,1,60,FrameTimeStutter,6.000,antimatter,practice,2026-08-31T12:06:02.6229449-04:00,2,348,5.80644,16.8751,2309.39,1439.88,0.000,0.000,5.4587,9.2407,-7.1633,Right,0,0,0,0,0.0000,200.000,0,0.000,0,127.500,71.914,4.500,0.0300,0.0000,-20.00,antimatter,60,450;300;200;100;50,2,8,2.5,3.5,100,-10,5,250,40,5,250,60,1,8,11,0,0.06,4,0.5,50,8,5
35,1,60,FrameTimeStutter,6.000,antimatter,practice,2026-08-31T12:06:02.6229449-04:00,2,349,5.82282,16.3778,2309.39,1439.88,0.000,0.000,5.4587,9.2407,-7.1633,Right,0,0,0,0,0.0000,200.000,0,0.000,0,127.500,71.914,4.500,0.0300,0.0000,-20.00,antimatter,60,450;300;200;100;50,2,8,2.5,3.5,100,-10,5,250,40,5,250,60,1,8,11,0,0.06,4,0.5,50,8,5
35,1,60,FrameTimeStutter,6.000,antimatter,practice,2026-08-31T12:06:02.6229449-04:00,2,350,5.83933,16.5074,2309.39,1439.88,0.000,0.000,5.4587,9.2407,-7.1633,Right,0,0,0,0,0.0000,200.000,0,0.000,0,127.500,71.914,4.500,0.0300,0.0000,-20.00,antimatter,60,450;300;200;100;50,2,8,2.5,3.5,100,-10,5,250,40,5,250,60,1,8,11,0,0.06,4,0.5,50,8,5
35,1,60,FrameTimeStutter,6.000,antimatter,practice,2026-08-31T12:06:02.6229449-04:00,2,351,5.85602,16.6886,2309.39,1439.88,0.000,0.000,5.4587,9.2407,-7.1633,Right,0,0,0,0,0.0000,200.000,0,0.000,0,127.500,71.914,4.500,0.0300,0.0000,-20.00,antimatter,60,450;300;200;100;50,2,8,2.5,3.5,100,-10,5,250,40,5,250,60,1,8,11,0,0.06,4,0.5,50,8,5
35,1,60,FrameTimeStutter,6.000,antimatter,practice,2026-08-31T12:06:02.6229449-04:00,2,352,5.87281,16.7899,2309.39,1439.88,0.000,0.000,5.4587,9.2407,-7.1633,Right,0,0,0,0,0.0000,200.000,0,0.000,0,127.500,71.914,4.500,0.0300,0.0000,-20.00,antimatter,60,450;300;200;100;50,2,8,2.5,3.5,100,-10,5,250,40,5,250,60,1,8,11,0,0.06,4,0.5,50,8,5
35,1,60,FrameTimeStutter,6.000,antimatter,practice,2026-08-31T12:06:02.6229449-04:00,2,353,5.88916,16.3538,2309.39,1439.88,0.000,0.000,5.4587,9.2407,-7.1633,Right,0,0,0,0,0.0000,200.000,0,0.000,0,127.500,71.914,4.500,0.0300,0.0000,-20.00,antimatter,60,450;300;200;100;50,2,8,2.5,3.5,100,-10,5,250,40,5,250,60,1,8,11,0,0.06,4,0.5,50,8,5
35,1,60,FrameTimeStutter,6.000,antimatter,practice,2026-08-31T12:06:02.6229449-04:00,2,354,5.90638,17.2186,2309.39,1439.88,0.000,0.000,5.4587,9.2407,-7.1633,Right,0,0,0,0,0.0000,200.000,0,0.000,0,127.500,71.914,4.500,0.0300,0.0000,-20.00,antimatter,60,450;300;200;100;50,2,8,2.5,3.5,100,-10,5,250,40,5,250,60,1,8,11,0,0.06,4,0.5,50,8,5
35,1,60,FrameTimeStutter,6.000,antimatter,practice,2026-08-31T12:06:02.6229449-04:00,2,355,5.92253,16.1549,2309.39,1439.88,0.000,0.000,5.4587,9.2407,-7.1633,Right,0,0,0,0,0.0000,200.000,0,0.000,0,127.500,71.914,4.500,0.0300,0.0000,-20.00,antimatter,60,450;300;200;100;50,2,8,2.5,3.5,100,-10,5,250,40,5,250,60,1,8,11,0,0.06,4,0.5,50,8,5
35,1,60,FrameTimeStutter,6.000,antimatter,practice,2026-08-31T12:06:02.6229449-04:00,2,356,5.93968,17.1416,2309.39,1439.88,0.000,0.000,5.4587,9.2407,-7.1633,Right,0,0,0,0,0.0000,200.000,0,0.000,0,127.500,71.914,4.500,0.0300,0.0000,-20.00,antimatter,60,450;300;200;100;50,2,8,2.5,3.5,100,-10,5,250,40,5,250,60,1,8,11,0,0.06,4,0.5,50,8,5
35,1,60,FrameTimeStutter,6.000,antimatter,practice,2026-08-31T12:06:02.6229449-04:00,2,357,5.95625,16.5776,2309.39,1439.88,0.000,0.000,5.4587,9.2407,-7.1633,Right,0,0,0,0,0.0000,200.000,0,0.000,0,127.500,71.914,4.500,0.0300,0.0000,-20.00,antimatter,60,450;300;200;100;50,2,8,2.5,3.5,100,-10,5,250,40,5,250,60,1,8,11,0,0.06,4,0.5,50,8,5
35,1,60,FrameTimeStutter,6.000,antimatter,practice,2026-08-31T12:06:02.6229449-04:00,2,358,5.97257,16.3179,2309.39,1439.88,0.000,0.000,5.4587,9.2407,-7.1633,Right,0,0,0,0,0.0000,200.000,0,0.000,0,127.500,71.914,4.500,0.0300,0.0000,-20.00,antimatter,60,450;300;200;100;50,2,8,2.5,3.5,100,-10,5,250,40,5,250,60,1,8,11,0,0.06,4,0.5,50,8,5
35,1,60,FrameTimeStutter,6.000,antimatter,practice,2026-08-31T12:06:02.6229449-04:00,2,359,5.98948,16.9076,2309.39,1439.88,0.000,0.000,5.4587,9.2407,-7.1633,Right,0,0,0,0,0.0000,200.000,0,0.000,0,127.500,71.914,4.500,0.0300,0.0000,-20.00,antimatter,60,450;300;200;100;50,2,8,2.5,3.5,100,-10,5,250,40,5,250,60,1,8,11,0,0.06,4,0.5,50,8,5
35,1,60,FrameTimeStutter,6.000,antimatter,practice,2026-08-31T12:06:02.6229449-04:00,2,360,6.00572,16.2434,2309.39,1439.88,0.000,0.000,5.4587,9.2407,-7.1633,Right,0,0,0,0,0.0000,200.000,0,0.000,0,127.500,71.914,4.500,0.0300,0.0000,-20.00,antimatter,60,450;300;200;100;50,2,8,2.5,3.5,100,-10,5,250,40,5,250,60,1,8,11,0,0.06,4,0.5,50,8,5
35,1,60,FrameTimeStutter,6.000,antimatter,practice,2026-08-31T12:06:02.6229449-04:00,2,361,6.02230,16.5739,2309.39,1439.88,0.000,0.000,5.4587,9.2407,-7.1633,Right,0,0,0,0,0.0000,200.000,0,0.000,0,127.500,71.914,4.500,0.0300,0.0000,-20.00,antimatter,60,450;300;200;100;50,2,8,2.5,3.5,100,-10,5,250,40,5,250,60,1,8,11,0,0.06,4,0.5,50,8,5
35,1,60,FrameTimeStutter,6.000,antimatter,practice,2026-08-31T12:06:02.6229449-04:00,2,362,6.03928,16.9862,2309.39,1439.88,0.000,0.000,5.4587,9.2407,-7.1633,Right,0,0,0,0,0.0000,200.000,0,0.000,0,127.500,71.914,4.500,0.0300,0.0000,-20.00,antimatter,60,450;300;200;100;50,2,8,2.5,3.5,100,-10,5,250,40,5,250,60,1,8,11,0,0.06,4,0.5,50,8,5
35,1,60,FrameTimeStutter,6.000,antimatter,practice,2026-08-31T12:06:02.6229449-04:00,2,363,6.05624,16.9578,2309.39,1439.88,0.000,0.000,5.4587,9.2407,-7.1633,Right,0,0,0,0,0.0000,200.000,0,0.000,0,127.500,71.914,4.500,0.0300,0.0000,-20.00,antimatter,60,450;300;200;100;50,2,8,2.5,3.5,100,-10,5,250,40,5,250,60,1,8,11,0,0.06,4,0.5,50,8,5
35,1,60,FrameTimeStutter,6.000,antimatter,practice,2026-08-31T12:06:02.6229449-04:00,2,364,6.07242,16.1829,2309.39,1439.88,0.000,0.000,5.4587,9.2407,-7.1633,Right,0,0,0,0,0.0000,200.000,0,0.000,0,127.500,71.914,4.500,0.0300,0.0000,-20.00,antimatter,60,450;300;200;100;50,2,8,2.5,3.5,100,-10,5,250,40,5,250,60,1,8,11,0,0.06,4,0.5,50,8,5
35,1,60,FrameTimeStutter,6.000,antimatter,practice,2026-08-31T12:06:02.6229449-04:00,2,365,6.08981,17.3875,2309.39,1439.88,0.000,0.000,5.4587,9.2407,-7.1633,Right,0,0,0,0,0.0000,200.000,0,0.000,0,127.500,71.914,4.500,0.0300,0.0000,-20.00,antimatter,60,450;300;200;100;50,2,8,2.5,3.5,100,-10,5,250,40,5,250,60,1,8,11,0,0.06,4,0.5,50,8,5
35,1,60,FrameTimeStutter,6.000,antimatter,practice,2026-08-31T12:06:02.6229449-04:00,2,366,6.10651,16.6991,2309.39,1439.88,0.000,0.000,5.4587,9.2407,-7.1633,Right,0,0,0,0,0.0000,200.000,0,0.000,0,127.500,71.914,4.500,0.0300,0.0000,-20.00,antimatter,60,450;300;200;100;50,2,8,2.5,3.5,100,-10,5,250,40,5,250,60,1,8,11,0,0.06,4,0.5,50,8,5
35,1,60,FrameTimeStutter,6.000,antimatter,practice,2026-08-31T12:06:02.6229449-04:00,2,367,6.12300,16.4895,2309.39,1439.88,0.000,0.000,5.4587,9.2407,-7.1633,Right,0,0,0,0,0.0000,200.000,0,0.000,0,127.500,71.914,4.500,0.0300,0.0000,-20.00,antimatter,60,450;300;200;100;50,2,8,2.5,3.5,100,-10,5,250,40,5,250,60,1,8,11,0,0.06,4,0.5,50,8,5
35,1,60,FrameTimeStutter,6.000,antimatter,practice,2026-08-31T12:06:02.6229449-04:00,2,368,6.13913,16.1294,2309.39,1439.88,0.000,0.000,5.4587,9.2407,-7.1633,Right,0,0,0,0,0.0000,200.000,0,0.000,0,127.500,71.914,4.500,0.0300,0.0000,-20.00,antimatter,60,450;300;200;100;50,2,8,2.5,3.5,100,-10,5,250,40,5,250,60,1,8,11,0,0.06,4,0.5,50,8,5
35,1,60,FrameTimeStutter,6.000,antimatter,practice,2026-08-31T12:06:02.6229449-04:00,2,369,6.15596,16.8351,2309.39,1439.88,0.000,0.000,5.4587,9.2407,-7.1633,Right,0,0,0,0,0.0000,200.000,0,0.000,0,127.500,71.914,4.500,0.0300,0.0000,-20.00,antimatter,60,450;300;200;100;50,2,8,2.5,3.5,100,-10,5,250,40,5,250,60,1,8,11,0,0.06,4,0.5,50,8,5
35,1,60,FrameTimeStutter,6.000,antimatter,practice,2026-08-31T12:06:02.6229449-04:00,2,370,6.17240,16.4411,2309.39,1439.88,0.000,0.000,5.4587,9.2407,-7.1633,Right,0,0,0,0,0.0000,200.000,0,0.000,0,127.500,71.914,4.500,0.0300,0.0000,-20.00,antimatter,60,450;300;200;100;50,2,8,2.5,3.5,100,-10,5,250,40,5,250,60,1,8,11,0,0.06,4,0.5,50,8,5
35,1,60,FrameTimeStutter,6.000,antimatter,practice,2026-08-31T12:06:02.6229449-04:00,2,371,6.18910,16.6990,2309.39,1439.88,0.000,0.000,5.4587,9.2407,-7.1633,Right,0,0,0,0,0.0000,200.000,0,0.000,0,127.500,71.914,4.500,0.0300,0.0000,-20.00,antimatter,60,450;300;200;100;50,2,8,2.5,3.5,100,-10,5,250,40,5,250,60,1,8,11,0,0.06,4,0.5,50,8,5
35,1,60,FrameTimeStutter,6.000,antimatter,practice,2026-08-31T12:06:02.6229449-04:00,2,372,6.20581,16.7090,2309.39,1439.88,0.000,0.000,5.4587,9.2407,-7.1633,Right,0,0,0,0,0.0000,200.000,0,0.000,0,127.500,71.914,4.500,0.0300,0.0000,-20.00,antimatter,60,450;300;200;100;50,2,8,2.5,3.5,100,-10,5,250,40,5,250,60,1,8,11,0,0.06,4,0.5,50,8,5
35,1,60,FrameTimeStutter,6.000,antimatter,practice,2026-08-31T12:06:02.6229449-04:00,2,373,6.22299,17.1779,2309.39,1439.88,0.000,0.000,5.4587,9.2407,-7.1633,Right,0,0,0,0,0.0000,200.000,0,0.000,0,127.500,71.914,4.500,0.0300,0.0000,-20.00,antimatter,60,450;300;200;100;50,2,8,2.5,3.5,100,-10,5,250,40,5,250,60,1,8,11,0,0.06,4,0.5,50,8,5
35,1,60,FrameTimeStutter,6.000,antimatter,practice,2026-08-31T12:06:02.6229449-04:00,2,374,6.23935,16.3596,2309.39,1439.88,0.000,0.000,5.4587,9.2407,-7.1633,Right,0,0,0,0,0.0000,200.000,0,0.000,0,127.500,71.914,4.500,0.0300,0.0000,-20.00,antimatter,60,450;300;200;100;50,2,8,2.5,3.5,100,-10,5,250,40,5,250,60,1,8,11,0,0.06,4,0.5,50,8,5
35,1,60,FrameTimeStutter,6.000,antimatter,practice,2026-08-31T12:06:02.6229449-04:00,2,375,6.25594,16.5938,2309.39,1439.88,0.000,0.000,5.4587,9.2407,-7.1633,Right,0,0,0,0,0.0000,200.000,0,0.000,0,127.500,71.914,4.500,0.0300,0.0000,-20.00,antimatter,60,450;300;200;100;50,2,8,2.5,3.5,100,-10,5,250,40,5,250,60,1,8,11,0,0.06,4,0.5,50,8,5
35,1,60,FrameTimeStutter,6.000,antimatter,practice,2026-08-31T12:06:02.6229449-04:00,2,376,6.27236,16.4127,2309.39,1439.88,0.000,0.000,5.4587,9.2407,-7.1633,Right,0,0,0,0,0.0000,200.000,0,0.000,0,127.500,71.914,4.500,0.0300,0.0000,-20.00,antimatter,60,450;300;200;100;50,2,8,2.5,3.5,100,-10,5,250,40,5,250,60,1,8,11,0,0.06,4,0.5,50,8,5
35,1,60,FrameTimeStutter,6.000,antimatter,practice,2026-08-31T12:06:02.6229449-04:00,2,377,6.28911,16.7541,2309.39,1439.88,0.000,0.000,5.4587,9.2407,-7.1633,Right,0,0,0,0,0.0000,200.000,0,0.000,0,127.500,71.914,4.500,0.0300,0.0000,-20.00,antimatter,60,450;300;200;100;50,2,8,2.5,3.5,100,-10,5,250,40,5,250,60,1,8,11,0,0.06,4,0.5,50,8,5
35,1,60,FrameTimeStutter,6.000,antimatter,practice,2026-08-31T12:06:02.6229449-04:00,2,378,6.30593,16.8248,2309.39,1439.88,0.000,0.000,5.4587,9.2407,-7.1633,Right,0,0,0,0,0.0000,200.000,0,0.000,0,127.500,71.914,4.500,0.0300,0.0000,-20.00,antimatter,60,450;300;200;100;50,2,8,2.5,3.5,100,-10,5,250,40,5,250,60,1,8,11,0,0.06,4,0.5,50,8,5
35,1,60,FrameTimeStutter,6.000,antimatter,practice,2026-08-31T12:06:02.6229449-04:00,2,379,6.32303,17.0992,2309.39,1439.88,0.000,0.000,5.4587,9.2407,-7.1633,Right,0,0,0,0,0.0000,200.000,0,0.000,0,127.500,71.914,4.500,0.0300,0.0000,-20.00,antimatter,60,450;300;200;100;50,2,8,2.5,3.5,100,-10,5,250,40,5,250,60,1,8,11,0,0.06,4,0.5,50,8,5
35,1,60,FrameTimeStutter,6.000,antimatter,practice,2026-08-31T12:06:02.6229449-04:00,2,380,6.33939,16.3543,2309.39,1439.88,0.000,0.000,5.4587,9.2407,-7.1633,Right,0,0,0,0,0.0000,200.000,0,0.000,0,127.500,71.914,4.500,0.0300,0.0000,-20.00,antimatter,60,450;300;200;100;50,2,8,2.5,3.5,100,-10,5,250,40,5,250,60,1,8,11,0,0.06,4,0.5,50,8,5
35,1,60,FrameTimeStutter,6.000,antimatter,practice,2026-08-31T12:06:02.6229449-04:00,2,381,6.35648,17.0898,2309.39,1439.88,0.000,0.000,5.4587,9.2407,-7.1633,Right,0,0,0,0,0.0000,200.000,0,0.000,0,127.500,71.914,4.500,0.0300,0.0000,-20.00,antimatter,60,450;300;200;100;50,2,8,2.5,3.5,100,-10,5,250,40,5,250,60,1,8,11,0,0.06,4,0.5,50,8,5
35,1,60,FrameTimeStutter,6.000,antimatter,practice,2026-08-31T12:06:02.6229449-04:00,2,382,6.37253,16.0519,2309.39,1439.88,0.000,0.000,5.4587,9.2407,-7.1633,Right,0,0,0,0,0.0000,200.000,0,0.000,0,127.500,71.914,4.500,0.0300,0.0000,-20.00,antimatter,60,450;300;200;100;50,2,8,2.5,3.5,100,-10,5,250,40,5,250,60,1,8,11,0,0.06,4,0.5,50,8,5
35,1,60,FrameTimeStutter,6.000,antimatter,practice,2026-08-31T12:06:02.6229449-04:00,2,383,6.38934,16.8055,2309.39,1439.88,0.000,0.000,5.4587,9.2407,-7.1633,Right,0,0,0,0,0.0000,200.000,0,0.000,0,127.500,71.914,4.500,0.0300,0.0000,-20.00,antimatter,60,450;300;200;100;50,2,8,2.5,3.5,100,-10,5,250,40,5,250,60,1,8,11,0,0.06,4,0.5,50,8,5
35,1,60,FrameTimeStutter,6.000,antimatter,practice,2026-08-31T12:06:02.6229449-04:00,2,384,6.40572,16.3825,2309.39,1439.88,0.000,0.000,5.4587,9.2407,-7.1633,Right,0,0,0,0,0.0000,200.000,0,0.000,0,127.500,71.914,4.500,0.0300,0.0000,-20.00,antimatter,60,450;300;200;100;50,2,8,2.5,3.5,100,-10,5,250,40,5,250,60,1,8,11,0,0.06,4,0.5,50,8,5
35,1,60,FrameTimeStutter,6.000,antimatter,practice,2026-08-31T12:06:02.6229449-04:00,2,385,6.42276,17.0425,2309.39,1439.88,0.000,0.000,5.4587,9.2407,-7.1633,Right,0,0,0,0,0.0000,200.000,0,0.000,0,127.500,71.914,4.500,0.0300,0.0000,-20.00,antimatter,60,450;300;200;100;50,2,8,2.5,3.5,100,-10,5,250,40,5,250,60,1,8,11,0,0.06,4,0.5,50,8,5
35,1,60,FrameTimeStutter,6.000,antimatter,practice,2026-08-31T12:06:02.6229449-04:00,2,386,6.43977,17.0143,2309.39,1439.88,0.000,0.000,5.4587,9.2407,-7.1633,Right,0,0,0,0,0.0000,200.000,0,0.000,0,127.500,71.914,4.500,0.0300,0.0000,-20.00,antimatter,60,450;300;200;100;50,2,8,2.5,3.5,100,-10,5,250,40,5,250,60,1,8,11,0,0.06,4,0.5,50,8,5
35,1,60,FrameTimeStutter,6.000,antimatter,practice,2026-08-31T12:06:02.6229449-04:00,2,387,6.45576,15.9803,2309.39,1439.88,0.000,0.000,5.4587,9.2407,-7.1633,Right,0,0,0,0,0.0000,200.000,0,0.000,0,127.500,71.914,4.500,0.0300,0.0000,-20.00,antimatter,60,450;300;200;100;50,2,8,2.5,3.5,100,-10,5,250,40,5,250,60,1,8,11,0,0.06,4,0.5,50,8,5
35,1,60,FrameTimeStutter,6.000,antimatter,practice,2026-08-31T12:06:02.6229449-04:00,2,388,6.47295,17.1972,2309.39,1439.88,0.000,0.000,5.4587,9.2407,-7.1633,Right,0,0,0,0,0.0000,200.000,0,0.000,0,127.500,71.914,4.500,0.0300,0.0000,-20.00,antimatter,60,450;300;200;100;50,2,8,2.5,3.5,100,-10,5,250,40,5,250,60,1,8,11,0,0.06,4,0.5,50,8,5
35,1,60,FrameTimeStutter,6.000,antimatter,practice,2026-08-31T12:06:02.6229449-04:00,2,389,6.48956,16.6121,2309.39,1439.88,0.000,0.000,5.4587,9.2407,-7.1633,Right,0,0,0,0,0.0000,200.000,0,0.000,0,127.500,71.914,4.500,0.0300,0.0000,-20.00,antimatter,60,450;300;200;100;50,2,8,2.5,3.5,100,-10,5,250,40,5,250,60,1,8,11,0,0.06,4,0.5,50,8,5
35,1,60,FrameTimeStutter,6.000,antimatter,practice,2026-08-31T12:06:02.6229449-04:00,2,390,6.50577,16.2098,2309.39,1439.88,0.000,0.000,5.4587,9.2407,-7.1633,Right,0,0,0,0,0.0000,200.000,0,0.000,0,127.500,71.914,4.500,0.0300,0.0000,-20.00,antimatter,60,450;300;200;100;50,2,8,2.5,3.5,100,-10,5,250,40,5,250,60,1,8,11,0,0.06,4,0.5,50,8,5
35,1,60,FrameTimeStutter,6.000,antimatter,practice,2026-08-31T12:06:02.6229449-04:00,2,391,6.52281,17.0343,2309.39,1439.88,0.000,0.000,5.4587,9.2407,-7.1633,Right,0,0,0,0,0.0000,200.000,0,0.000,0,127.500,71.914,4.500,0.0300,0.0000,-20.00,antimatter,60,450;300;200;100;50,2,8,2.5,3.5,100,-10,5,250,40,5,250,60,1,8,11,0,0.06,4,0.5,50,8,5
35,1,60,FrameTimeStutter,6.000,antimatter,practice,2026-08-31T12:06:02.6229449-04:00,2,392,6.53998,17.1689,2309.39,1439.88,0.000,0.000,5.4587,9.2407,-7.1633,Right,0,0,0,0,0.0000,200.000,0,0.000,0,127.500,71.914,4.500,0.0300,0.0000,-20.00,antimatter,60,450;300;200;100;50,2,8,2.5,3.5,100,-10,5,250,40,5,250,60,1,8,11,0,0.06,4,0.5,50,8,5
35,1,60,FrameTimeStutter,6.000,antimatter,practice,2026-08-31T12:06:02.6229449-04:00,2,393,6.55617,16.1957,2309.39,1439.88,0.000,0.000,5.4587,9.2407,-7.1633,Right,0,0,0,0,0.0000,200.000,0,0.000,0,127.500,71.914,4.500,0.0300,0.0000,-20.00,antimatter,60,450;300;200;100;50,2,8,2.5,3.5,100,-10,5,250,40,5,250,60,1,8,11,0,0.06,4,0.5,50,8,5
35,1,60,FrameTimeStutter,6.000,antimatter,practice,2026-08-31T12:06:02.6229449-04:00,2,394,6.57307,16.8952,2309.39,1439.88,0.000,0.000,5.4587,9.2407,-7.1633,Right,0,0,0,0,0.0000,200.000,0,0.000,0,127.500,71.914,4.500,0.0300,0.0000,-20.00,antimatter,60,450;300;200;100;50,2,8,2.5,3.5,100,-10,5,250,40,5,250,60,1,8,11,0,0.06,4,0.5,50,8,5
35,1,60,FrameTimeStutter,6.000,antimatter,practice,2026-08-31T12:06:02.6229449-04:00,2,395,6.58982,16.7513,2309.39,1439.88,0.000,0.000,5.4587,9.2407,-7.1633,Right,0,0,0,0,0.0000,200.000,0,0.000,0,127.500,71.914,4.500,0.0300,0.0000,-20.00,antimatter,60,450;300;200;100;50,2,8,2.5,3.5,100,-10,5,250,40,5,250,60,1,8,11,0,0.06,4,0.5,50,8,5
35,1,60,FrameTimeStutter,6.000,antimatter,practice,2026-08-31T12:06:02.6229449-04:00,2,396,6.60640,16.5758,2309.39,1439.88,0.000,0.000,5.4587,9.2407,-7.1633,Right,0,0,0,0,0.0000,200.000,0,0.000,0,127.500,71.914,4.500,0.0300,0.0000,-20.00,antimatter,60,450;300;200;100;50,2,8,2.5,3.5,100,-10,5,250,40,5,250,60,1,8,11,0,0.06,4,0.5,50,8,5
35,1,60,FrameTimeStutter,6.000,antimatter,practice,2026-08-31T12:06:02.6229449-04:00,2,397,6.62249,16.0944,2309.39,1439.88,0.000,0.000,5.4587,9.2407,-7.1633,Right,0,0,0,0,0.0000,200.000,0,0.000,0,127.500,71.914,4.500,0.0300,0.0000,-20.00,antimatter,60,450;300;200;100;50,2,8,2.5,3.5,100,-10,5,250,40,5,250,60,1,8,11,0,0.06,4,0.5,50,8,5
35,1,60,FrameTimeStutter,6.000,antimatter,practice,2026-08-31T12:06:02.6229449-04:00,2,398,6.63914,16.6538,2309.39,1439.88,0.000,0.000,5.4587,9.2407,-7.1633,Right,0,0,0,0,0.0000,200.000,0,0.000,0,127.500,71.914,4.500,0.0300,0.0000,-20.00,antimatter,60,450;300;200;100;50,2,8,2.5,3.5,100,-10,5,250,40,5,250,60,1,8,11,0,0.06,4,0.5,50,8,5
35,1,60,FrameTimeStutter,6.000,antimatter,practice,2026-08-31T12:06:02.6229449-04:00,2,399,6.65599,16.8482,2309.39,1439.88,0.000,0.000,5.4587,9.2407,-7.1633,Right,0,0,0,0,0.0000,200.000,0,0.000,0,127.500,71.914,4.500,0.0300,0.0000,-20.00,antimatter,60,450;300;200;100;50,2,8,2.5,3.5,100,-10,5,250,40,5,250,60,1,8,11,0,0.06,4,0.5,50,8,5
35,1,60,FrameTimeStutter,6.000,antimatter,practice,2026-08-31T12:06:02.6229449-04:00,2,400,6.67259,16.5993,2309.39,1439.88,0.000,0.000,5.4587,9.2407,-7.1633,Right,0,0,0,0,0.0000,200.000,0,0.000,0,127.500,71.914,4.500,0.0300,0.0000,-20.00,antimatter,60,450;300;200;100;50,2,8,2.5,3.5,100,-10,5,250,40,5,250,60,1,8,11,0,0.06,4,0.5,50,8,5
35,1,60,FrameTimeStutter,6.000,antimatter,practice,2026-08-31T12:06:02.6229449-04:00,2,401,6.68967,17.0820,2309.39,1439.88,0.000,0.000,5.4587,9.2407,-7.1633,Right,0,0,0,0,0.0000,200.000,0,0.000,0,127.500,71.914,4.500,0.0300,0.0000,-20.00,antimatter,60,450;300;200;100;50,2,8,2.5,3.5,100,-10,5,250,40,5,250,60,1,8,11,0,0.06,4,0.5,50,8,5
35,1,60,FrameTimeStutter,6.000,antimatter,practice,2026-08-31T12:06:02.6229449-04:00,2,402,6.70622,16.5502,2309.39,1439.88,0.000,0.000,5.4587,9.2407,-7.1633,Right,0,0,0,0,0.0000,200.000,0,0.000,0,127.500,71.914,4.500,0.0300,0.0000,-20.00,antimatter,60,450;300;200;100;50,2,8,2.5,3.5,100,-10,5,250,40,5,250,60,1,8,11,0,0.06,4,0.5,50,8,5
35,1,60,FrameTimeStutter,6.000,antimatter,practice,2026-08-31T12:06:02.6229449-04:00,2,403,6.72286,16.6317,2309.39,1439.88,0.000,0.000,5.4587,9.2407,-7.1633,Right,0,0,0,0,0.0000,200.000,0,0.000,0,127.500,71.914,4.500,0.0300,0.0000,-20.00,antimatter,60,450;300;200;100;50,2,8,2.5,3.5,100,-10,5,250,40,5,250,60,1,8,11,0,0.06,4,0.5,50,8,5
35,1,60,FrameTimeStutter,6.000,antimatter,practice,2026-08-31T12:06:02.6229449-04:00,2,404,6.73969,16.8380,2309.39,1439.88,0.000,0.000,5.4587,9.2407,-7.1633,Right,0,0,0,0,0.0000,200.000,0,0.000,0,127.500,71.914,4.500,0.0300,0.0000,-20.00,antimatter,60,450;300;200;100;50,2,8,2.5,3.5,100,-10,5,250,40,5,250,60,1,8,11,0,0.06,4,0.5,50,8,5
35,1,60,FrameTimeStutter,6.000,antimatter,practice,2026-08-31T12:06:02.6229449-04:00,2,405,6.75585,16.1531,2309.39,1439.88,0.000,0.000,5.4587,9.2407,-7.1633,Right,0,0,0,0,0.0000,200.000,0,0.000,0,127.500,71.914,4.500,0.0300,0.0000,-20.00,antimatter,60,450;300;200;100;50,2,8,2.5,3.5,100,-10,5,250,40,5,250,60,1,8,11,0,0.06,4,0.5,50,8,5
35,1,60,FrameTimeStutter,6.000,antimatter,practice,2026-08-31T12:06:02.6229449-04:00,2,406,6.77238,16.5329,2309.39,1439.88,0.000,0.000,5.4587,9.2407,-7.1633,Right,0,0,0,0,0.0000,200.000,0,0.000,0,127.500,71.914,4.500,0.0300,0.0000,-20.00,antimatter,60,450;300;200;100;50,2,8,2.5,3.5,100,-10,5,250,40,5,250,60,1,8,11,0,0.06,4,0.5,50,8,5
35,1,60,FrameTimeStutter,6.000,antimatter,practice,2026-08-31T12:06:02.6229449-04:00,2,407,6.78948,17.1004,2309.39,1439.88,0.000,0.000,5.4587,9.2407,-7.1633,Right,0,0,0,0,0.0000,200.000,0,0.000,0,127.500,71.914,4.500,0.0300,0.0000,-20.00,antimatter,60,450;300;200;100;50,2,8,2.5,3.5,100,-10,5,250,40,5,250,60,1,8,11,0,0.06,4,0.5,50,8,5
35,1,60,FrameTimeStutter,6.000,antimatter,practice,2026-08-31T12:06:02.6229449-04:00,2,408,6.80636,16.8794,2309.39,1439.88,0.000,0.000,5.4587,9.2407,-7.1633,Right,0,0,0,0,0.0000,200.000,0,0.000,0,127.500,71.914,4.500,0.0300,0.0000,-20.00,antimatter,60,450;300;200;100;50,2,8,2.5,3.5,100,-10,5,250,40,5,250,60,1,8,11,0,0.06,4,0.5,50,8,5
35,1,60,FrameTimeStutter,6.000,antimatter,practice,2026-08-31T12:06:02.6229449-04:00,2,409,6.82299,16.6340,2309.39,1439.88,0.000,0.000,5.4587,9.2407,-7.1633,Right,0,0,0,0,0.0000,200.000,0,0.000,0,127.500,71.914,4.500,0.0300,0.0000,-20.00,antimatter,60,450;300;200;100;50,2,8,2.5,3.5,100,-10,5,250,40,5,250,60,1,8,11,0,0.06,4,0.5,50,8,5
35,1,60,FrameTimeStutter,6.000,antimatter,practice,2026-08-31T12:06:02.6229449-04:00,2,410,6.83964,16.6511,2309.39,1439.88,0.000,0.000,5.4587,9.2407,-7.1633,Right,0,0,0,0,0.0000,200.000,0,0.000,0,127.500,71.914,4.500,0.0300,0.0000,-20.00,antimatter,60,450;300;200;100;50,2,8,2.5,3.5,100,-10,5,250,40,5,250,60,1,8,11,0,0.06,4,0.5,50,8,5
35,1,60,FrameTimeStutter,6.000,antimatter,practice,2026-08-31T12:06:02.6229449-04:00,2,411,6.85609,16.4414,2309.39,1439.88,0.000,0.000,5.4587,9.2407,-7.1633,Right,0,0,0,0,0.0000,200.000,0,0.000,0,127.500,71.914,4.500,0.0300,0.0000,-20.00,antimatter,60,450;300;200;100;50,2,8,2.5,3.5,100,-10,5,250,40,5,250,60,1,8,11,0,0.06,4,0.5,50,8,5
35,1,60,FrameTimeStutter,6.000,antimatter,practice,2026-08-31T12:06:02.6229449-04:00,2,412,6.87269,16.6027,2309.39,1439.88,0.000,0.000,5.4587,9.2407,-7.1633,Right,0,0,0,0,0.0000,200.000,0,0.000,0,127.500,71.914,4.500,0.0300,0.0000,-20.00,antimatter,60,450;300;200;100;50,2,8,2.5,3.5,100,-10,5,250,40,5,250,60,1,8,11,0,0.06,4,0.5,50,8,5
35,1,60,FrameTimeStutter,6.000,antimatter,practice,2026-08-31T12:06:02.6229449-04:00,2,413,6.88946,16.7698,2309.39,1439.88,0.000,0.000,5.4587,9.2407,-7.1633,Right,0,0,0,0,0.0000,200.000,0,0.000,0,127.500,71.914,4.500,0.0300,0.0000,-20.00,antimatter,60,450;300;200;100;50,2,8,2.5,3.5,100,-10,5,250,40,5,250,60,1,8,11,0,0.06,4,0.5,50,8,5
35,1,60,FrameTimeStutter,6.000,antimatter,practice,2026-08-31T12:06:02.6229449-04:00,2,414,6.90616,16.7066,2309.39,1439.88,0.000,0.000,5.4587,9.2407,-7.1633,Right,0,0,0,0,0.0000,200.000,0,0.000,0,127.500,71.914,4.500,0.0300,0.0000,-20.00,antimatter,60,450;300;200;100;50,2,8,2.5,3.5,100,-10,5,250,40,5,250,60,1,8,11,0,0.06,4,0.5,50,8,5
35,1,60,FrameTimeStutter,6.000,antimatter,practice,2026-08-31T12:06:02.6229449-04:00,2,415,6.92265,16.4812,2309.39,1439.88,0.000,0.000,5.4587,9.2407,-7.1633,Right,0,0,0,0,0.0000,200.000,0,0.000,0,127.500,71.914,4.500,0.0300,0.0000,-20.00,antimatter,60,450;300;200;100;50,2,8,2.5,3.5,100,-10,5,250,40,5,250,60,1,8,11,0,0.06,4,0.5,50,8,5
35,1,60,FrameTimeStutter,6.000,antimatter,practice,2026-08-31T12:06:02.6229449-04:00,2,416,6.93959,16.9398,2309.39,1439.88,0.000,0.000,5.4587,9.2407,-7.1633,Right,0,0,0,0,0.0000,200.000,0,0.000,0,127.500,71.914,4.500,0.0300,0.0000,-20.00,antimatter,60,450;300;200;100;50,2,8,2.5,3.5,100,-10,5,250,40,5,250,60,1,8,11,0,0.06,4,0.5,50,8,5
35,1,60,FrameTimeStutter,6.000,antimatter,practice,2026-08-31T12:06:02.6229449-04:00,2,417,6.95619,16.6094,2309.39,1439.88,0.000,0.000,5.4587,9.2407,-7.1633,Right,0,0,0,0,0.0000,200.000,0,0.000,0,127.500,71.914,4.500,0.0300,0.0000,-20.00,antimatter,60,450;300;200;100;50,2,8,2.5,3.5,100,-10,5,250,40,5,250,60,1,8,11,0,0.06,4,0.5,50,8,5
35,1,60,FrameTimeStutter,6.000,antimatter,practice,2026-08-31T12:06:02.6229449-04:00,2,418,6.97324,17.0424,2309.39,1439.88,0.000,0.000,5.4587,9.2407,-7.1633,Right,0,0,0,0,0.0000,200.000,0,0.000,0,127.500,71.914,4.500,0.0300,0.0000,-20.00,antimatter,60,450;300;200;100;50,2,8,2.5,3.5,100,-10,5,250,40,5,250,60,1,8,11,0,0.06,4,0.5,50,8,5
35,1,60,FrameTimeStutter,6.000,antimatter,practice,2026-08-31T12:06:02.6229449-04:00,2,419,6.98980,16.5649,2309.39,1439.88,0.000,0.000,5.4587,9.2407,-7.1633,Right,0,0,0,0,0.0000,200.000,0,0.000,0,127.500,71.914,4.500,0.0300,0.0000,-20.00,antimatter,60,450;300;200;100;50,2,8,2.5,3.5,100,-10,5,250,40,5,250,60,1,8,11,0,0.06,4,0.5,50,8,5
35,1,60,FrameTimeStutter,6.000,antimatter,practice,2026-08-31T12:06:02.6229449-04:00,2,420,7.00634,16.5383,2309.39,1439.88,0.000,0.000,5.4587,9.2407,-7.1633,Right,0,0,0,0,0.0000,200.000,0,0.000,0,127.500,71.914,4.500,0.0300,0.0000,-20.00,antimatter,60,450;300;200;100;50,2,8,2.5,3.5,100,-10,5,250,40,5,250,60,1,8,11,0,0.06,4,0.5,50,8,5
35,1,60,FrameTimeStutter,6.000,antimatter,practice,2026-08-31T12:06:02.6229449-04:00,2,421,7.02292,16.5758,2309.39,1439.88,0.000,0.000,5.4587,9.2407,-7.1633,Right,0,0,0,0,0.0000,200.000,0,0.000,0,127.500,71.914,4.500,0.0300,0.0000,-20.00,antimatter,60,450;300;200;100;50,2,8,2.5,3.5,100,-10,5,250,40,5,250,60,1,8,11,0,0.06,4,0.5,50,8,5
35,1,60,FrameTimeStutter,6.000,antimatter,practice,2026-08-31T12:06:02.6229449-04:00,2,422,7.03938,16.4617,2309.39,1439.88,0.000,0.000,5.4587,9.2407,-7.1633,Right,0,0,0,0,0.0000,200.000,0,0.000,0,127.500,71.914,4.500,0.0300,0.0000,-20.00,antimatter,60,450;300;200;100;50,2,8,2.5,3.5,100,-10,5,250,40,5,250,60,1,8,11,0,0.06,4,0.5,50,8,5
35,1,60,FrameTimeStutter,6.000,antimatter,practice,2026-08-31T12:06:02.6229449-04:00,2,423,7.05612,16.7399,2309.39,1439.88,0.000,0.000,5.4587,9.2407,-7.1633,Right,0,0,0,0,0.0000,200.000,0,0.000,0,127.500,71.914,4.500,0.0300,0.0000,-20.00,antimatter,60,450;300;200;100;50,2,8,2.5,3.5,100,-10,5,250,40,5,250,60,1,8,11,0,0.06,4,0.5,50,8,5
35,1,60,FrameTimeStutter,6.000,antimatter,practice,2026-08-31T12:06:02.6229449-04:00,2,424,7.07302,16.9020,2309.39,1439.88,0.000,0.000,5.4587,9.2407,-7.1633,Right,0,0,0,0,0.0000,200.000,0,0.000,0,127.500,71.914,4.500,0.0300,0.0000,-20.00,antimatter,60,450;300;200;100;50,2,8,2.5,3.5,100,-10,5,250,40,5,250,60,1,8,11,0,0.06,4,0.5,50,8,5
35,1,60,FrameTimeStutter,6.000,antimatter,practice,2026-08-31T12:06:02.6229449-04:00,2,425,7.08951,16.4946,2309.39,1439.88,0.000,0.000,5.4587,9.2407,-7.1633,Right,0,0,0,0,0.0000,200.000,0,0.000,0,127.500,71.914,4.500,0.0300,0.0000,-20.00,antimatter,60,450;300;200;100;50,2,8,2.5,3.5,100,-10,5,250,40,5,250,60,1,8,11,0,0.06,4,0.5,50,8,5
35,1,60,FrameTimeStutter,6.000,antimatter,practice,2026-08-31T12:06:02.6229449-04:00,2,426,7.10626,16.7469,2309.39,1439.88,0.000,0.000,5.4587,9.2407,-7.1633,Right,0,0,0,0,0.0000,200.000,0,0.000,0,127.500,71.914,4.500,0.0300,0.0000,-20.00,antimatter,60,450;300;200;100;50,2,8,2.5,3.5,100,-10,5,250,40,5,250,60,1,8,11,0,0.06,4,0.5,50,8,5
35,1,60,FrameTimeStutter,6.000,antimatter,practice,2026-08-31T12:06:02.6229449-04:00,2,427,7.12238,16.1214,2309.39,1439.88,0.000,0.000,5.4587,9.2407,-7.1633,Right,0,0,0,0,0.0000,200.000,0,0.000,0,127.500,71.914,4.500,0.0300,0.0000,-20.00,antimatter,60,450;300;200;100;50,2,8,2.5,3.5,100,-10,5,250,40,5,250,60,1,8,11,0,0.06,4,0.5,50,8,5
35,1,60,FrameTimeStutter,6.000,antimatter,practice,2026-08-31T12:06:02.6229449-04:00,2,428,7.13930,16.9156,2309.39,1439.88,0.000,0.000,5.4587,9.2407,-7.1633,Right,0,0,0,0,0.0000,200.000,0,0.000,0,127.500,71.914,4.500,0.0300,0.0000,-20.00,antimatter,60,450;300;200;100;50,2,8,2.5,3.5,100,-10,5,250,40,5,250,60,1,8,11,0,0.06,4,0.5,50,8,5
35,1,60,FrameTimeStutter,6.000,antimatter,practice,2026-08-31T12:06:02.6229449-04:00,2,429,7.15604,16.7376,2309.39,1439.88,0.000,0.000,5.4587,9.2407,-7.1633,Right,0,0,0,0,0.0000,200.000,0,0.000,0,127.500,71.914,4.500,0.0300,0.0000,-20.00,antimatter,60,450;300;200;100;50,2,8,2.5,3.5,100,-10,5,250,40,5,250,60,1,8,11,0,0.06,4,0.5,50,8,5
35,1,60,FrameTimeStutter,6.000,antimatter,practice,2026-08-31T12:06:02.6229449-04:00,2,430,7.17250,16.4673,2309.39,1439.88,0.000,0.000,5.4587,9.2407,-7.1633,Right,0,0,0,0,0.0000,200.000,0,0.000,0,127.500,71.914,4.500,0.0300,0.0000,-20.00,antimatter,60,450;300;200;100;50,2,8,2.5,3.5,100,-10,5,250,40,5,250,60,1,8,11,0,0.06,4,0.5,50,8,5
35,1,60,FrameTimeStutter,6.000,antimatter,practice,2026-08-31T12:06:02.6229449-04:00,2,431,7.18967,17.1714,2309.39,1439.88,0.000,0.000,5.4587,9.2407,-7.1633,Right,0,0,0,0,0.0000,200.000,0,0.000,0,127.500,71.914,4.500,0.0300,0.0000,-20.00,antimatter,60,450;300;200;100;50,2,8,2.5,3.5,100,-10,5,250,40,5,250,60,1,8,11,0,0.06,4,0.5,50,8,5
35,1,60,FrameTimeStutter,6.000,antimatter,practice,2026-08-31T12:06:02.6229449-04:00,2,432,7.20586,16.1886,2309.39,1439.88,0.000,0.000,5.4587,9.2407,-7.1633,Right,0,0,0,0,0.0000,200.000,0,0.000,0,127.500,71.914,4.500,0.0300,0.0000,-20.00,antimatter,60,450;300;200;100;50,2,8,2.5,3.5,100,-10,5,250,40,5,250,60,1,8,11,0,0.06,4,0.5,50,8,5
35,1,60,FrameTimeStutter,6.000,antimatter,practice,2026-08-31T12:06:02.6229449-04:00,2,433,7.22246,16.5991,2309.39,1439.88,0.000,0.000,5.4587,9.2407,-7.1633,Right,0,0,0,0,0.0000,200.000,0,0.000,0,127.500,71.914,4.500,0.0300,0.0000,-20.00,antimatter,60,450;300;200;100;50,2,8,2.5,3.5,100,-10,5,250,40,5,250,60,1,8,11,0,0.06,4,0.5,50,8,5
35,1,60,FrameTimeStutter,6.000,antimatter,practice,2026-08-31T12:06:02.6229449-04:00,2,434,7.23909,16.6288,2309.39,1439.88,0.000,0.000,5.4587,9.2407,-7.1633,Right,0,0,0,0,0.0000,200.000,0,0.000,0,127.500,71.914,4.500,0.0300,0.0000,-20.00,antimatter,60,450;300;200;100;50,2,8,2.5,3.5,100,-10,5,250,40,5,250,60,1,8,11,0,0.06,4,0.5,50,8,5
35,1,60,FrameTimeStutter,6.000,antimatter,practice,2026-08-31T12:06:02.6229449-04:00,2,435,7.25637,17.2835,2309.39,1439.88,0.000,0.000,5.4587,9.2407,-7.1633,Right,0,0,0,0,0.0000,200.000,0,0.000,0,127.500,71.914,4.500,0.0300,0.0000,-20.00,antimatter,60,450;300;200;100;50,2,8,2.5,3.5,100,-10,5,250,40,5,250,60,1,8,11,0,0.06,4,0.5,50,8,5
35,1,60,FrameTimeStutter,6.000,antimatter,practice,2026-08-31T12:06:02.6229449-04:00,2,436,7.27246,16.0892,2309.39,1439.88,0.000,0.000,5.4587,9.2407,-7.1633,Right,0,0,0,0,0.0000,200.000,0,0.000,0,127.500,71.914,4.500,0.0300,0.0000,-20.00,antimatter,60,450;300;200;100;50,2,8,2.5,3.5,100,-10,5,250,40,5,250,60,1,8,11,0,0.06,4,0.5,50,8,5
35,1,60,FrameTimeStutter,6.000,antimatter,practice,2026-08-31T12:06:02.6229449-04:00,2,437,7.28914,16.6754,2309.39,1439.88,0.000,0.000,5.4587,9.2407,-7.1633,Right,0,0,0,0,0.0000,200.000,0,0.000,0,127.500,71.914,4.500,0.0300,0.0000,-20.00,antimatter,60,450;300;200;100;50,2,8,2.5,3.5,100,-10,5,250,40,5,250,60,1,8,11,0,0.06,4,0.5,50,8,5
35,1,60,FrameTimeStutter,6.000,antimatter,practice,2026-08-31T12:06:02.6229449-04:00,2,438,7.30593,16.7875,2309.39,1439.88,0.000,0.000,5.4587,9.2407,-7.1633,Right,0,0,0,0,0.0000,200.000,0,0.000,0,127.500,71.914,4.500,0.0300,0.0000,-20.00,antimatter,60,450;300;200;100;50,2,8,2.5,3.5,100,-10,5,250,40,5,250,60,1,8,11,0,0.06,4,0.5,50,8,5
35,1,60,FrameTimeStutter,6.000,antimatter,practice,2026-08-31T12:06:02.6229449-04:00,2,439,7.32290,16.9735,2309.39,1439.88,0.000,0.000,5.4587,9.2407,-7.1633,Right,0,0,0,0,0.0000,200.000,0,0.000,0,127.500,71.914,4.500,0.0300,0.0000,-20.00,antimatter,60,450;300;200;100;50,2,8,2.5,3.5,100,-10,5,250,40,5,250,60,1,8,11,0,0.06,4,0.5,50,8,5
35,1,60,FrameTimeStutter,6.000,antimatter,practice,2026-08-31T12:06:02.6229449-04:00,2,440,7.33945,16.5516,2309.39,1439.88,0.000,0.000,5.4587,9.2407,-7.1633,Right,0,0,0,0,0.0000,200.000,0,0.000,0,127.500,71.914,4.500,0.0300,0.0000,-20.00,antimatter,60,450;300;200;100;50,2,8,2.5,3.5,100,-10,5,250,40,5,250,60,1,8,11,0,0.06,4,0.5,50,8,5
35,1,60,FrameTimeStutter,6.000,antimatter,practice,2026-08-31T12:06:02.6229449-04:00,2,441,7.35594,16.4854,2309.39,1439.88,0.000,0.000,5.4587,9.2407,-7.1633,Right,0,0,0,0,0.0000,200.000,0,0.000,0,127.500,71.914,4.500,0.0300,0.0000,-20.00,antimatter,60,450;300;200;100;50,2,8,2.5,3.5,100,-10,5,250,40,5,250,60,1,8,11,0,0.06,4,0.5,50,8,5
35,1,60,FrameTimeStutter,6.000,antimatter,practice,2026-08-31T12:06:02.6229449-04:00,2,442,7.37301,17.0724,2309.39,1439.88,0.000,0.000,5.4587,9.2407,-7.1633,Right,0,0,0,0,0.0000,200.000,0,0.000,0,127.500,71.914,4.500,0.0300,0.0000,-20.00,antimatter,60,450;300;200;100;50,2,8,2.5,3.5,100,-10,5,250,40,5,250,60,1,8,11,0,0.06,4,0.5,50,8,5
35,1,60,FrameTimeStutter,6.000,antimatter,practice,2026-08-31T12:06:02.6229449-04:00,2,443,7.38915,16.1371,2309.39,1439.88,0.000,0.000,5.5134,9.2407,-7.1633,Right,0,0,0,0,0.0000,200.000,0,0.000,0,127.500,71.914,4.500,0.0300,0.0000,-20.00,antimatter,60,450;300;200;100;50,2,8,2.5,3.5,100,-10,5,250,40,5,250,60,1,8,11,0,0.06,4,0.5,50,8,5
35,1,60,FrameTimeStutter,6.000,antimatter,practice,2026-08-31T12:06:02.6229449-04:00,2,444,7.40575,16.6065,2309.39,1439.88,0.000,0.000,5.5662,9.2407,-7.1633,Right,0,0,0,0,0.0000,200.000,0,0.000,0,127.500,71.914,4.500,0.0300,0.0000,-20.00,antimatter,60,450;300;200;100;50,2,8,2.5,3.5,100,-10,5,250,40,5,250,60,1,8,11,0,0.06,4,0.5,50,8,5
35,1,60,FrameTimeStutter,6.000,antimatter,practice,2026-08-31T12:06:02.6229449-04:00,2,445,7.42274,16.9877,2309.39,1439.88,0.000,0.000,5.6167,9.2407,-7.1633,Right,0,0,0,0,0.0000,200.000,0,0.000,0,127.500,71.914,4.500,0.0300,0.0000,-20.00,antimatter,60,450;300;200;100;50,2,8,2.5,3.5,100,-10,5,250,40,5,250,60,1,8,11,0,0.06,4,0.5,50,8,5
35,1,60,FrameTimeStutter,6.000,antimatter,practice,2026-08-31T12:06:02.6229449-04:00,2,446,7.43917,16.4323,2309.39,1439.88,0.000,0.000,5.6622,9.2407,-7.1633,Right,0,0,0,0,0.0000,200.000,0,0.000,0,127.500,71.914,4.500,0.0300,0.0000,-20.00,antimatter,60,450;300;200;100;50,2,8,2.5,3.5,100,-10,5,250,40,5,250,60,1,8,11,0,0.06,4,0.5,50,8,5
35,1,60,FrameTimeStutter,6.000,antimatter,practice,2026-08-31T12:06:02.6229449-04:00,2,447,7.45641,17.2396,2309.39,1439.88,0.000,0.000,5.7067,9.2407,-7.1633,Right,0,0,0,0,0.0000,200.000,0,0.000,0,127.500,71.914,4.500,0.0300,0.0000,-20.00,antimatter,60,450;300;200;100;50,2,8,2.5,3.5,100,-10,5,250,40,5,250,60,1,8,11,0,0.06,4,0.5,50,8,5
35,1,60,FrameTimeStutter,6.000,antimatter,practice,2026-08-31T12:06:02.6229449-04:00,2,448,7.47319,16.7761,2309.39,1439.88,0.000,0.000,5.7469,9.2407,-7.1633,Right,0,0,0,0,0.0000,200.000,0,0.000,0,127.500,71.914,4.500,0.0300,0.0000,-20.00,antimatter,60,450;300;200;100;50,2,8,2.5,3.5,100,-10,5,250,40,5,250,60,1,8,11,0,0.06,4,0.5,50,8,5
35,1,60,FrameTimeStutter,6.000,antimatter,practice,2026-08-31T12:06:02.6229449-04:00,2,449,7.48944,16.2493,2309.39,1439.88,0.000,0.000,5.7829,9.2407,-7.1633,Right,0,0,0,0,0.0000,200.000,0,0.000,0,127.500,71.914,4.500,0.0300,0.0000,-20.00,antimatter,60,450;300;200;100;50,2,8,2.5,3.5,100,-10,5,250,40,5,250,60,1,8,11,0,0.06,4,0.5,50,8,5
35,1,60,FrameTimeStutter,6.000,antimatter,practice,2026-08-31T12:06:02.6229449-04:00,2,450,7.50613,16.6917,2309.39,1439.88,0.000,0.000,5.8171,9.2407,-7.1633,Right,0,0,0,0,0.0000,200.000,0,0.000,0,127.500,71.914,4.500,0.0300,0.0000,-20.00,antimatter,60,450;300;200;100;50,2,8,2.5,3.5,100,-10,5,250,40,5,250,60,1,8,11,0,0.06,4,0.5,50,8,5
35,1,60,FrameTimeStutter,6.000,antimatter,practice,2026-08-31T12:06:02.6229449-04:00,2,451,7.52260,16.4752,2309.39,1439.88,0.000,0.000,5.8482,9.2407,-7.1633,Right,0,0,0,0,0.0000,200.000,0,0.000,0,127.500,71.914,4.500,0.0300,0.0000,-20.00,antimatter,60,450;300;200;100;50,2,8,2.5,3.5,100,-10,5,250,40,5,250,60,1,8,11,0,0.06,4,0.5,50,8,5
35,1,60,FrameTimeStutter,6.000,antimatter,practice,2026-08-31T12:06:02.6229449-04:00,2,452,7.53973,17.1271,2309.39,1439.88,0.000,0.000,5.8777,9.2407,-7.1633,Right,0,0,0,0,0.0000,200.000,0,0.000,0,127.500,71.914,4.500,0.0300,0.0000,-20.00,antimatter,60,450;300;200;100;50,2,8,2.5,3.5,100,-10,5,250,40,5,250,60,1,8,11,0,0.06,4,0.5,50,8,5
35,1,60,FrameTimeStutter,6.000,antimatter,practice,2026-08-31T12:06:02.6229449-04:00,2,453,7.55607,16.3385,2309.39,1439.88,0.000,0.000,5.9035,9.2407,-7.1633,Right,0,0,0,0,0.0000,200.000,0,0.000,0,127.500,71.914,4.500,0.0300,0.0000,-20.00,antimatter,60,450;300;200;100;50,2,8,2.5,3.5,100,-10,5,250,40,5,250,60,1,8,11,0,0.06,4,0.5,50,8,5
35,1,60,FrameTimeStutter,6.000,antimatter,practice,2026-08-31T12:06:02.6229449-04:00,2,454,7.57252,16.4507,2309.39,1439.88,0.000,0.000,5.9271,9.2407,-7.1633,Right,0,0,0,0,0.0000,200.000,0,0.000,0,127.500,71.914,4.500,0.0300,0.0000,-20.00,antimatter,60,450;300;200;100;50,2,8,2.5,3.5,100,-10,5,250,40,5,250,60,1,8,11,0,0.06,4,0.5,50,8,5
35,1,60,FrameTimeStutter,6.000,antimatter,practice,2026-08-31T12:06:02.6229449-04:00,2,455,7.58901,16.4929,2309.39,1439.88,0.000,0.000,5.9486,9.2407,-7.1633,Right,0,0,0,0,0.0000,200.000,0,0.000,0,127.500,71.914,4.500,0.0300,0.0000,-20.00,antimatter,60,450;300;200;100;50,2,8,2.5,3.5,100,-10,5,250,40,5,250,60,1,8,11,0,0.06,4,0.5,50,8,5
35,1,60,FrameTimeStutter,6.000,antimatter,practice,2026-08-31T12:06:02.6229449-04:00,2,456,7.60638,17.3678,2309.39,1439.88,0.000,0.000,5.9688,9.2407,-7.1633,Right,0,0,0,0,0.0000,200.000,0,0.000,0,127.500,71.914,4.500,0.0300,0.0000,-20.00,antimatter,60,450;300;200;100;50,2,8,2.5,3.5,100,-10,5,250,40,5,250,60,1,8,11,0,0.06,4,0.5,50,8,5
35,1,60,FrameTimeStutter,6.000,antimatter,practice,2026-08-31T12:06:02.6229449-04:00,2,457,7.62292,16.5381,2309.39,1439.88,0.000,0.000,5.9861,9.2407,-7.1633,Right,0,0,0,0,0.0000,200.000,0,0.000,0,127.500,71.914,4.500,0.0300,0.0000,-20.00,antimatter,60,450;300;200;100;50,2,8,2.5,3.5,100,-10,5,250,40,5,250,60,1,8,11,0,0.06,4,0.5,50,8,5
35,1,60,FrameTimeStutter,6.000,antimatter,practice,2026-08-31T12:06:02.6229449-04:00,2,458,7.63914,16.2235,2309.39,1439.88,0.000,0.000,6.0012,9.2407,-7.1633,Right,0,0,0,0,0.0000,200.000,0,0.000,0,127.500,71.914,4.500,0.0300,0.0000,-20.00,antimatter,60,450;300;200;100;50,2,8,2.5,3.5,100,-10,5,250,40,5,250,60,1,8,11,0,0.06,4,0.5,50,8,5
35,1,60,FrameTimeStutter,6.000,antimatter,practice,2026-08-31T12:06:02.6229449-04:00,2,459,7.65646,17.3154,2309.39,1439.88,0.000,0.000,6.0154,9.2407,-7.1633,Right,0,0,0,0,0.0000,200.000,0,0.000,0,127.500,71.914,4.500,0.0300,0.0000,-20.00,antimatter,60,450;300;200;100;50,2,8,2.5,3.5,100,-10,5,250,40,5,250,60,1,8,11,0,0.06,4,0.5,50,8,5
35,1,60,FrameTimeStutter,6.000,antimatter,practice,2026-08-31T12:06:02.6229449-04:00,2,460,7.67263,16.1699,2309.39,1439.88,0.000,0.000,6.0270,9.2407,-7.1633,Right,0,0,0,0,0.0000,200.000,0,0.000,0,127.500,71.914,4.500,0.0300,0.0000,-20.00,antimatter,60,450;300;200;100;50,2,8,2.5,3.5,100,-10,5,250,40,5,250,60,1,8,11,0,0.06,4,0.5,50,8,5
35,1,60,FrameTimeStutter,6.000,antimatter,practice,2026-08-31T12:06:02.6229449-04:00,2,461,7.68961,16.9803,2309.39,1439.88,0.000,0.000,6.0375,9.2407,-7.1633,Right,0,0,0,0,0.0000,200.000,0,0.000,0,127.500,71.914,4.500,0.0300,0.0000,-20.00,antimatter,60,450;300;200;100;50,2,8,2.5,3.5,100,-10,5,250,40,5,250,60,1,8,11,0,0.06,4,0.5,50,8,5
35,1,60,FrameTimeStutter,6.000,antimatter,practice,2026-08-31T12:06:02.6229449-04:00,2,462,7.70589,16.2765,2309.39,1439.88,0.000,0.000,6.0462,9.2407,-7.1633,Right,0,0,0,0,0.0000,200.000,0,0.000,0,127.500,71.914,4.500,0.0300,0.0000,-20.00,antimatter,60,450;300;200;100;50,2,8,2.5,3.5,100,-10,5,250,40,5,250,60,1,8,11,0,0.06,4,0.5,50,8,5
35,1,60,FrameTimeStutter,6.000,antimatter,practice,2026-08-31T12:06:02.6229449-04:00,2,463,7.72353,17.6434,2309.39,1439.88,0.000,0.000,6.0541,9.2407,-7.1633,Right,0,0,0,0,0.0000,200.000,0,0.000,0,127.500,71.914,4.500,0.0300,0.0000,-20.00,antimatter,60,450;300;200;100;50,2,8,2.5,3.5,100,-10,5,250,40,5,250,60,1,8,11,0,0.06,4,0.5,50,8,5
35,1,60,FrameTimeStutter,6.000,antimatter,practice,2026-08-31T12:06:02.6229449-04:00,2,464,7.73989,16.3605,2309.39,1439.88,0.000,0.000,6.0602,9.2407,-7.1633,Right,0,0,0,0,0.0000,200.000,0,0.000,0,127.500,71.914,4.500,0.0300,0.0000,-20.00,antimatter,60,450;300;200;100;50,2,8,2.5,3.5,100,-10,5,250,40,5,250,60,1,8,11,0,0.06,4,0.5,50,8,5
35,1,60,FrameTimeStutter,6.000,antimatter,practice,2026-08-31T12:06:02.6229449-04:00,2,465,7.75631,16.4219,2309.39,1439.88,0.000,0.000,6.0653,9.2407,-7.1633,Right,0,0,0,0,0.0000,200.000,0,0.000,0,127.500,71.914,4.500,0.0300,0.0000,-20.00,antimatter,60,450;300;200;100;50,2,8,2.5,3.5,100,-10,5,250,40,5,250,60,1,8,11,0,0.06,4,0.5,50,8,5
35,1,60,FrameTimeStutter,6.000,antimatter,practice,2026-08-31T12:06:02.6229449-04:00,2,466,7.77228,15.9711,2309.39,1439.88,0.000,0.000,6.0692,9.2407,-7.1633,Right,0,0,0,0,0.0000,200.000,0,0.000,0,127.500,71.914,4.500,0.0300,0.0000,-20.00,antimatter,60,450;300;200;100;50,2,8,2.5,3.5,100,-10,5,250,40,5,250,60,1,8,11,0,0.06,4,0.5,50,8,5
35,1,60,FrameTimeStutter,6.000,antimatter,practice,2026-08-31T12:06:02.6229449-04:00,2,467,7.78981,17.5236,2309.39,1439.88,0.000,0.000,6.0726,9.2407,-7.1633,Right,0,0,0,0,0.0000,200.000,0,0.000,0,127.500,71.914,4.500,0.0300,0.0000,-20.00,antimatter,60,450;300;200;100;50,2,8,2.5,3.5,100,-10,5,250,40,5,250,60,1,8,11,0,0.06,4,0.5,50,8,5
35,1,60,FrameTimeStutter,6.000,antimatter,practice,2026-08-31T12:06:02.6229449-04:00,2,468,7.80640,16.5960,2309.39,1439.88,0.000,0.000,6.0750,9.2407,-7.1633,Right,0,0,0,0,0.0000,200.000,0,0.000,0,127.500,71.914,4.500,0.0300,0.0000,-20.00,antimatter,60,450;300;200;100;50,2,8,2.5,3.5,100,-10,5,250,40,5,250,60,1,8,11,0,0.06,4,0.5,50,8,5
35,1,60,FrameTimeStutter,6.000,antimatter,practice,2026-08-31T12:06:02.6229449-04:00,2,469,7.82280,16.3996,2309.39,1439.88,0.000,0.000,6.0767,9.2407,-7.1633,Right,0,0,0,0,0.0000,200.000,0,0.000,0,127.500,71.914,4.500,0.0300,0.0000,-20.00,antimatter,60,450;300;200;100;50,2,8,2.5,3.5,100,-10,5,250,40,5,250,60,1,8,11,0,0.06,4,0.5,50,8,5
35,1,60,FrameTimeStutter,6.000,antimatter,practice,2026-08-31T12:06:02.6229449-04:00,2,470,7.83939,16.5855,2309.39,1439.88,0.000,0.000,6.0778,9.2407,-7.1633,Right,0,0,0,0,0.0000,200.000,0,0.000,0,127.500,71.914,4.500,0.0300,0.0000,-20.00,antimatter,60,450;300;200;100;50,2,8,2.5,3.5,100,-10,5,250,40,5,250,60,1,8,11,0,0.06,4,0.5,50,8,5
35,1,60,FrameTimeStutter,6.000,antimatter,practice,2026-08-31T12:06:02.6229449-04:00,2,471,7.85574,16.3485,2309.39,1439.88,0.000,0.000,6.0785,9.2407,-7.1633,Right,0,0,0,0,0.0000,200.000,0,0.000,0,127.500,71.914,4.500,0.0300,0.0000,-20.00,antimatter,60,450;300;200;100;50,2,8,2.5,3.5,100,-10,5,250,40,5,250,60,1,8,11,0,0.06,4,0.5,50,8,5
35,1,60,FrameTimeStutter,6.000,antimatter,practice,2026-08-31T12:06:02.6229449-04:00,2,472,7.87305,17.3137,2309.39,1439.88,0.000,0.000,6.0789,9.2407,-7.1633,Right,0,0,0,0,0.0000,200.000,0,0.000,0,127.500,71.914,4.500,0.0300,0.0000,-20.00,antimatter,60,450;300;200;100;50,2,8,2.5,3.5,100,-10,5,250,40,5,250,60,1,8,11,0,0.06,4,0.5,50,8,5
35,1,60,FrameTimeStutter,6.000,antimatter,practice,2026-08-31T12:06:02.6229449-04:00,2,473,7.88967,16.6165,2309.39,1439.88,0.000,0.000,6.0790,9.2407,-7.1633,Right,0,0,0,0,0.0000,200.000,0,0.000,0,127.500,71.914,4.500,0.0300,0.0000,-20.00,antimatter,60,450;300;200;100;50,2,8,2.5,3.5,100,-10,5,250,40,5,250,60,1,8,11,0,0.06,4,0.5,50,8,5
35,1,60,FrameTimeStutter,6.000,antimatter,practice,2026-08-31T12:06:02.6229449-04:00,2,474,7.90628,16.6109,2309.39,1439.88,0.000,0.000,6.0790,9.2407,-7.1633,Right,0,0,0,0,0.0000,200.000,0,0.000,0,127.500,71.914,4.500,0.0300,0.0000,-20.00,antimatter,60,450;300;200;100;50,2,8,2.5,3.5,100,-10,5,250,40,5,250,60,1,8,11,0,0.06,4,0.5,50,8,5
35,1,60,FrameTimeStutter,6.000,antimatter,practice,2026-08-31T12:06:02.6229449-04:00,2,475,7.92253,16.2570,2309.39,1439.88,0.000,0.000,6.0790,9.2407,-4.5879,Right,0,0,0,0,0.0000,200.000,0,0.000,0,127.500,71.914,4.500,0.0300,0.0000,-20.00,antimatter,60,450;300;200;100;50,2,8,2.5,3.5,100,-10,5,250,40,5,250,60,1,8,11,0,0.06,4,0.5,50,8,5
35,1,60,FrameTimeStutter,6.000,antimatter,practice,2026-08-31T12:06:02.6229449-04:00,2,476,7.93917,16.6323,2309.39,1439.88,0.000,0.000,6.0790,9.2407,-4.5879,Right,0,0,0,0,0.0000,200.000,0,0.000,0,127.500,71.914,4.500,0.0300,0.0000,-20.00,antimatter,60,450;300;200;100;50,2,8,2.5,3.5,100,-10,5,250,40,5,250,60,1,8,11,0,0.06,4,0.5,50,8,5
35,1,60,FrameTimeStutter,6.000,antimatter,practice,2026-08-31T12:06:02.6229449-04:00,2,477,7.95617,17.0013,2309.39,1439.88,0.000,0.000,6.0790,9.2407,-4.5879,Right,0,0,0,0,0.0000,200.000,0,0.000,0,127.500,71.914,4.500,0.0300,0.0000,-20.00,antimatter,60,450;300;200;100;50,2,8,2.5,3.5,100,-10,5,250,40,5,250,60,1,8,11,0,0.06,4,0.5,50,8,5
35,1,60,FrameTimeStutter,6.000,antimatter,practice,2026-08-31T12:06:02.6229449-04:00,2,478,7.97320,17.0360,2309.39,1439.88,0.000,0.000,6.0790,9.2407,-4.5879,Right,0,0,0,0,0.0000,200.000,0,0.000,0,127.500,71.914,4.500,0.0300,0.0000,-20.00,antimatter,60,450;300;200;100;50,2,8,2.5,3.5,100,-10,5,250,40,5,250,60,1,8,11,0,0.06,4,0.5,50,8,5
35,1,60,FrameTimeStutter,6.000,antimatter,practice,2026-08-31T12:06:02.6229449-04:00,2,479,7.98944,16.2375,2309.39,1439.88,0.000,0.000,6.0790,9.2407,-4.5879,Right,0,0,0,0,0.0000,200.000,0,0.000,0,127.500,71.914,4.500,0.0300,0.0000,-20.00,antimatter,60,450;300;200;100;50,2,8,2.5,3.5,100,-10,5,250,40,5,250,60,1,8,11,0,0.06,4,0.5,50,8,5
35,1,60,FrameTimeStutter,6.000,antimatter,practice,2026-08-31T12:06:02.6229449-04:00,2,480,8.00648,17.0393,2309.39,1439.88,0.000,0.000,6.0790,9.2407,-4.5879,Right,0,0,0,0,0.0000,200.000,0,0.000,0,127.500,71.914,4.500,0.0300,0.0000,-20.00,antimatter,60,450;300;200;100;50,2,8,2.5,3.5,100,-10,5,250,40,5,250,60,1,8,11,0,0.06,4,0.5,50,8,5
35,1,60,FrameTimeStutter,6.000,antimatter,practice,2026-08-31T12:06:02.6229449-04:00,2,481,8.02294,16.4584,2309.39,1439.88,0.000,0.000,6.0790,9.2407,-4.5879,Right,0,0,0,0,0.0000,200.000,0,0.000,0,127.500,71.914,4.500,0.0300,0.0000,-20.00,antimatter,60,450;300;200;100;50,2,8,2.5,3.5,100,-10,5,250,40,5,250,60,1,8,11,0,0.06,4,0.5,50,8,5
35,1,60,FrameTimeStutter,6.000,antimatter,practice,2026-08-31T12:06:02.6229449-04:00,2,482,8.03961,16.6749,2309.39,1439.88,0.000,0.000,6.0790,9.2407,-4.5879,Right,0,0,0,0,0.0000,200.000,0,0.000,0,127.500,71.914,4.500,0.0300,0.0000,-20.00,antimatter,60,450;300;200;100;50,2,8,2.5,3.5,100,-10,5,250,40,5,250,60,1,8,11,0,0.06,4,0.5,50,8,5
35,1,60,FrameTimeStutter,6.000,antimatter,practice,2026-08-31T12:06:02.6229449-04:00,2,483,8.05570,16.0886,2309.39,1439.88,0.000,0.000,6.0790,9.2407,-4.5879,Right,0,0,0,0,0.0000,200.000,0,0.000,0,127.500,71.914,4.500,0.0300,0.0000,-20.00,antimatter,60,450;300;200;100;50,2,8,2.5,3.5,100,-10,5,250,40,5,250,60,1,8,11,0,0.06,4,0.5,50,8,5
35,1,60,FrameTimeStutter,6.000,antimatter,practice,2026-08-31T12:06:02.6229449-04:00,2,484,8.07268,16.9733,2309.39,1439.88,0.000,0.000,6.0790,9.2407,-4.5879,Right,0,0,0,0,0.0000,200.000,0,0.000,0,127.500,71.914,4.500,0.0300,0.0000,-20.00,antimatter,60,450;300;200;100;50,2,8,2.5,3.5,100,-10,5,250,40,5,250,60,1,8,11,0,0.06,4,0.5,50,8,5
35,1,60,FrameTimeStutter,6.000,antimatter,practice,2026-08-31T12:06:02.6229449-04:00,2,485,8.08947,16.7922,2309.39,1439.88,0.000,0.000,6.0790,9.2407,-4.5879,Right,0,0,0,0,0.0000,200.000,0,0.000,0,127.500,71.914,4.500,0.0300,0.0000,-20.00,antimatter,60,450;300;200;100;50,2,8,2.5,3.5,100,-10,5,250,40,5,250,60,1,8,11,0,0.06,4,0.5,50,8,5
35,1,60,FrameTimeStutter,6.000,antimatter,practice,2026-08-31T12:06:02.6229449-04:00,2,486,8.10640,16.9344,2309.39,1439.88,0.000,0.000,6.0790,9.2407,-4.5879,Right,0,0,0,0,0.0000,200.000,0,0.000,0,127.500,71.914,4.500,0.0300,0.0000,-20.00,antimatter,60,450;300;200;100;50,2,8,2.5,3.5,100,-10,5,250,40,5,250,60,1,8,11,0,0.06,4,0.5,50,8,5
35,1,60,FrameTimeStutter,6.000,antimatter,practice,2026-08-31T12:06:02.6229449-04:00,2,487,8.12243,16.0236,2309.39,1439.88,0.000,0.000,6.0790,9.2407,-4.5879,Right,0,0,0,0,0.0000,200.000,0,0.000,0,127.500,71.914,4.500,0.0300,0.0000,-20.00,antimatter,60,450;300;200;100;50,2,8,2.5,3.5,100,-10,5,250,40,5,250,60,1,8,11,0,0.06,4,0.5,50,8,5
35,1,60,FrameTimeStutter,6.000,antimatter,practice,2026-08-31T12:06:02.6229449-04:00,2,488,8.13945,17.0288,2309.39,1439.88,0.000,0.000,6.0790,9.2407,-4.5879,Right,0,0,0,0,0.0000,200.000,0,0.000,0,127.500,71.914,4.500,0.0300,0.0000,-20.00,antimatter,60,450;300;200;100;50,2,8,2.5,3.5,100,-10,5,250,40,5,250,60,1,8,11,0,0.06,4,0.5,50,8,5
35,1,60,FrameTimeStutter,6.000,antimatter,practice,2026-08-31T12:06:02.6229449-04:00,2,489,8.15637,16.9131,2309.39,1439.88,0.000,0.000,6.0790,9.2407,-4.5879,Right,0,0,0,0,0.0000,200.000,0,0.000,0,127.500,71.914,4.500,0.0300,0.0000,-20.00,antimatter,60,450;300;200;100;50,2,8,2.5,3.5,100,-10,5,250,40,5,250,60,1,8,11,0,0.06,4,0.5,50,8,5
35,1,60,FrameTimeStutter,6.000,antimatter,practice,2026-08-31T12:06:02.6229449-04:00,2,490,8.17315,16.7828,2309.39,1439.88,0.000,0.000,6.0790,9.2407,-4.5879,Right,0,0,0,0,0.0000,200.000,0,0.000,0,127.500,71.914,4.500,0.0300,0.0000,-20.00,antimatter,60,450;300;200;100;50,2,8,2.5,3.5,100,-10,5,250,40,5,250,60,1,8,11,0,0.06,4,0.5,50,8,5
35,1,60,FrameTimeStutter,6.000,antimatter,practice,2026-08-31T12:06:02.6229449-04:00,2,491,8.18915,15.9983,2309.39,1439.88,0.000,0.000,6.0790,9.2407,-4.5879,Right,0,0,0,0,0.0000,200.000,0,0.000,0,127.500,71.914,4.500,0.0300,0.0000,-20.00,antimatter,60,450;300;200;100;50,2,8,2.5,3.5,100,-10,5,250,40,5,250,60,1,8,11,0,0.06,4,0.5,50,8,5
35,1,60,FrameTimeStutter,6.000,antimatter,practice,2026-08-31T12:06:02.6229449-04:00,2,492,8.20597,16.8191,2309.39,1439.88,0.000,0.000,6.0790,9.2407,-4.5879,Right,0,0,0,0,0.0000,200.000,0,0.000,0,127.500,71.914,4.500,0.0300,0.0000,-20.00,antimatter,60,450;300;200;100;50,2,8,2.5,3.5,100,-10,5,250,40,5,250,60,1,8,11,0,0.06,4,0.5,50,8,5
35,1,60,FrameTimeStutter,6.000,antimatter,practice,2026-08-31T12:06:02.6229449-04:00,2,493,8.22238,16.4127,2309.39,1439.88,0.000,0.000,6.0790,9.2407,-4.5879,Right,0,0,0,0,0.0000,200.000,0,0.000,0,127.500,71.914,4.500,0.0300,0.0000,-20.00,antimatter,60,450;300;200;100;50,2,8,2.5,3.5,100,-10,5,250,40,5,250,60,1,8,11,0,0.06,4,0.5,50,8,5
35,1,60,FrameTimeStutter,6.000,antimatter,practice,2026-08-31T12:06:02.6229449-04:00,2,494,8.23941,17.0296,2309.39,1439.88,0.000,0.000,6.0790,9.2407,-4.5879,Right,0,0,0,0,0.0000,200.000,0,0.000,0,127.500,71.914,4.500,0.0300,0.0000,-20.00,antimatter,60,450;300;200;100;50,2,8,2.5,3.5,100,-10,5,250,40,5,250,60,1,8,11,0,0.06,4,0.5,50,8,5
35,1,60,FrameTimeStutter,6.000,antimatter,practice,2026-08-31T12:06:02.6229449-04:00,2,495,8.25633,16.9227,2309.39,1439.88,0.000,0.000,6.0790,9.2407,-4.5879,Right,0,0,0,0,0.0000,200.000,0,0.000,0,127.500,71.914,4.500,0.0300,0.0000,-20.00,antimatter,60,450;300;200;100;50,2,8,2.5,3.5,100,-10,5,250,40,5,250,60,1,8,11,0,0.06,4,0.5,50,8,5
35,1,60,FrameTimeStutter,6.000,antimatter,practice,2026-08-31T12:06:02.6229449-04:00,2,496,8.27314,16.8036,2309.39,1439.88,0.000,0.000,6.0790,9.2407,-4.5879,Right,0,0,0,0,0.0000,200.000,0,0.000,0,127.500,71.914,4.500,0.0300,0.0000,-20.00,antimatter,60,450;300;200;100;50,2,8,2.5,3.5,100,-10,5,250,40,5,250,60,1,8,11,0,0.06,4,0.5,50,8,5
35,1,60,FrameTimeStutter,6.000,antimatter,practice,2026-08-31T12:06:02.6229449-04:00,2,497,8.28919,16.0576,2309.39,1439.88,0.000,0.000,6.0790,9.2407,-4.5879,Right,0,0,0,0,0.0000,200.000,0,0.000,0,127.500,71.914,4.500,0.0300,0.0000,-20.00,antimatter,60,450;300;200;100;50,2,8,2.5,3.5,100,-10,5,250,40,5,250,60,1,8,11,0,0.06,4,0.5,50,8,5
35,1,60,FrameTimeStutter,6.000,antimatter,practice,2026-08-31T12:06:02.6229449-04:00,2,498,8.30598,16.7865,2309.39,1439.88,0.000,0.000,6.0790,9.2407,-4.5879,Right,0,0,0,0,0.0000,200.000,0,0.000,0,127.500,71.914,4.500,0.0300,0.0000,-20.00,antimatter,60,450;300;200;100;50,2,8,2.5,3.5,100,-10,5,250,40,5,250,60,1,8,11,0,0.06,4,0.5,50,8,5
35,1,60,FrameTimeStutter,6.000,antimatter,practice,2026-08-31T12:06:02.6229449-04:00,2,499,8.32244,16.4590,2309.39,1439.88,0.000,0.000,6.0790,9.2407,-4.5879,Right,0,0,0,0,0.0000,200.000,0,0.000,0,127.500,71.914,4.500,0.0300,0.0000,-20.00,antimatter,60,450;300;200;100;50,2,8,2.5,3.5,100,-10,5,250,40,5,250,60,1,8,11,0,0.06,4,0.5,50,8,5
35,1,60,FrameTimeStutter,6.000,antimatter,practice,2026-08-31T12:06:02.6229449-04:00,2,500,8.33933,16.8891,2309.39,1439.88,0.000,0.000,6.0790,9.2407,-4.5879,Right,0,0,0,0,0.0000,200.000,0,0.000,0,127.500,71.914,4.500,0.0300,0.0000,-20.00,antimatter,60,450;300;200;100;50,2,8,2.5,3.5,100,-10,5,250,40,5,250,60,1,8,11,0,0.06,4,0.5,50,8,5
35,1,60,FrameTimeStutter,6.000,antimatter,practice,2026-08-31T12:06:02.6229449-04:00,2,501,8.35578,16.4536,2309.39,1439.88,0.000,0.000,6.0790,9.2407,-4.5879,Right,0,0,0,0,0.0000,200.000,0,0.000,0,127.500,71.914,4.500,0.0300,0.0000,-20.00,antimatter,60,450;300;200;100;50,2,8,2.5,3.5,100,-10,5,250,40,5,250,60,1,8,11,0,0.06,4,0.5,50,8,5
35,1,60,FrameTimeStutter,6.000,antimatter,practice,2026-08-31T12:06:02.6229449-04:00,2,502,8.37265,16.8703,2309.39,1439.88,0.000,0.000,6.0790,9.2407,-4.5879,Right,0,0,0,0,0.0000,200.000,0,0.000,0,127.500,71.914,4.500,0.0300,0.0000,-20.00,antimatter,60,450;300;200;100;50,2,8,2.5,3.5,100,-10,5,250,40,5,250,60,1,8,11,0,0.06,4,0.5,50,8,5
35,1,60,FrameTimeStutter,6.000,antimatter,practice,2026-08-31T12:06:02.6229449-04:00,2,503,8.38947,16.8192,2309.39,1439.88,0.000,0.000,6.0790,9.2407,-4.5879,Right,0,0,0,0,0.0000,200.000,0,0.000,0,127.500,71.914,4.500,0.0300,0.0000,-20.00,antimatter,60,450;300;200;100;50,2,8,2.5,3.5,100,-10,5,250,40,5,250,60,1,8,11,0,0.06,4,0.5,50,8,5
35,1,60,FrameTimeStutter,6.000,antimatter,practice,2026-08-31T12:06:02.6229449-04:00,2,504,8.40576,16.2901,2309.39,1439.88,0.000,0.000,6.0790,9.2407,-4.5879,Right,0,0,0,0,0.0000,200.000,0,0.000,0,127.500,71.914,4.500,0.0300,0.0000,-20.00,antimatter,60,450;300;200;100;50,2,8,2.5,3.5,100,-10,5,250,40,5,250,60,1,8,11,0,0.06,4,0.5,50,8,5
35,1,60,FrameTimeStutter,6.000,antimatter,practice,2026-08-31T12:06:02.6229449-04:00,2,505,8.42278,17.0221,2309.39,1439.88,0.000,0.000,6.0790,9.2407,-4.5879,Right,0,0,0,0,0.0000,200.000,0,0.000,0,127.500,71.914,4.500,0.0300,0.0000,-20.00,antimatter,60,450;300;200;100;50,2,8,2.5,3.5,100,-10,5,250,40,5,250,60,1,8,11,0,0.06,4,0.5,50,8,5
35,1,60,FrameTimeStutter,6.000,antimatter,practice,2026-08-31T12:06:02.6229449-04:00,2,506,8.43967,16.8855,2309.39,1439.88,0.000,0.000,6.0790,9.2407,-4.5879,Right,0,0,0,0,0.0000,200.000,0,0.000,0,127.500,71.914,4.500,0.0300,0.0000,-20.00,antimatter,60,450;300;200;100;50,2,8,2.5,3.5,100,-10,5,250,40,5,250,60,1,8,11,0,0.06,4,0.5,50,8,5
35,1,60,FrameTimeStutter,6.000,antimatter,practice,2026-08-31T12:06:02.6229449-04:00,2,507,8.45636,16.6896,2309.39,1439.88,0.000,0.000,6.0790,9.2407,-4.5879,Right,0,0,0,0,0.0000,200.000,0,0.000,0,127.500,71.914,4.500,0.0300,0.0000,-20.00,antimatter,60,450;300;200;100;50,2,8,2.5,3.5,100,-10,5,250,40,5,250,60,1,8,11,0,0.06,4,0.5,50,8,5
35,1,60,FrameTimeStutter,6.000,antimatter,practice,2026-08-31T12:06:02.6229449-04:00,2,508,8.47246,16.0980,2309.39,1439.88,0.000,0.000,6.0790,9.2407,-4.5879,Right,0,0,0,0,0.0000,200.000,0,0.000,0,127.500,71.914,4.500,0.0300,0.0000,-20.00,antimatter,60,450;300;200;100;50,2,8,2.5,3.5,100,-10,5,250,40,5,250,60,1,8,11,0,0.06,4,0.5,50,8,5
35,1,60,FrameTimeStutter,6.000,antimatter,practice,2026-08-31T12:06:02.6229449-04:00,2,509,8.48923,16.7720,2309.39,1439.88,0.000,0.000,6.0790,9.2407,-4.5879,Right,0,0,0,0,0.0000,200.000,0,0.000,0,127.500,71.914,4.500,0.0300,0.0000,-20.00,antimatter,60,450;300;200;100;50,2,8,2.5,3.5,100,-10,5,250,40,5,250,60,1,8,11,0,0.06,4,0.5,50,8,5
35,1,60,FrameTimeStutter,6.000,antimatter,practice,2026-08-31T12:06:02.6229449-04:00,2,510,8.50609,16.8661,2309.39,1439.88,0.000,0.000,6.0790,9.2407,-4.5879,Right,0,0,0,0,0.0000,200.000,0,0.000,0,127.500,71.914,4.500,0.0300,0.0000,-20.00,antimatter,60,450;300;200;100;50,2,8,2.5,3.5,100,-10,5,250,40,5,250,60,1,8,11,0,0.06,4,0.5,50,8,5
35,1,60,FrameTimeStutter,6.000,antimatter,practice,2026-08-31T12:06:02.6229449-04:00,2,511,8.52253,16.4383,2309.39,1439.88,0.000,0.000,6.0790,9.2407,-4.5879,Right,0,0,0,0,0.0000,200.000,0,0.000,0,127.500,71.914,4.500,0.0300,0.0000,-20.00,antimatter,60,450;300;200;100;50,2,8,2.5,3.5,100,-10,5,250,40,5,250,60,1,8,11,0,0.06,4,0.5,50,8,5
35,1,60,FrameTimeStutter,6.000,antimatter,practice,2026-08-31T12:06:02.6229449-04:00,2,512,8.53941,16.8757,2309.39,1439.88,0.000,0.000,6.0790,9.2407,-4.5879,Right,0,0,0,0,0.0000,200.000,0,0.000,0,127.500,71.914,4.500,0.0300,0.0000,-20.00,antimatter,60,450;300;200;100;50,2,8,2.5,3.5,100,-10,5,250,40,5,250,60,1,8,11,0,0.06,4,0.5,50,8,5
35,1,60,FrameTimeStutter,6.000,antimatter,practice,2026-08-31T12:06:02.6229449-04:00,2,513,8.55617,16.7596,2309.39,1439.88,0.000,0.000,6.0790,9.2407,-4.5879,Right,0,0,0,0,0.0000,200.000,0,0.000,0,127.500,71.914,4.500,0.0300,0.0000,-20.00,antimatter,60,450;300;200;100;50,2,8,2.5,3.5,100,-10,5,250,40,5,250,60,1,8,11,0,0.06,4,0.5,50,8,5
35,1,60,FrameTimeStutter,6.000,antimatter,practice,2026-08-31T12:06:02.6229449-04:00,2,514,8.57302,16.8545,2309.39,1439.88,0.000,0.000,6.0790,9.2407,-4.5879,Right,0,0,0,0,0.0000,200.000,0,0.000,0,127.500,71.914,4.500,0.0300,0.0000,-20.00,antimatter,60,450;300;200;100;50,2,8,2.5,3.5,100,-10,5,250,40,5,250,60,1,8,11,0,0.06,4,0.5,50,8,5
35,1,60,FrameTimeStutter,6.000,antimatter,practice,2026-08-31T12:06:02.6229449-04:00,2,515,8.58909,16.0693,2309.39,1439.88,0.000,0.000,6.0790,9.2407,-4.5879,Right,0,0,0,0,0.0000,200.000,0,0.000,0,127.500,71.914,4.500,0.0300,0.0000,-20.00,antimatter,60,450;300;200;100;50,2,8,2.5,3.5,100,-10,5,250,40,5,250,60,1,8,11,0,0.06,4,0.5,50,8,5
35,1,60,FrameTimeStutter,6.000,antimatter,practice,2026-08-31T12:06:02.6229449-04:00,2,516,8.60584,16.7502,2309.39,1439.88,0.000,0.000,6.0790,9.2407,-4.5879,Right,0,0,0,0,0.0000,200.000,0,0.000,0,127.500,71.914,4.500,0.0300,0.0000,-20.00,antimatter,60,450;300;200;100;50,2,8,2.5,3.5,100,-10,5,250,40,5,250,60,1,8,11,0,0.06,4,0.5,50,8,5
35,1,60,FrameTimeStutter,6.000,antimatter,practice,2026-08-31T12:06:02.6229449-04:00,2,517,8.62313,17.2870,2309.39,1439.88,0.000,0.000,6.0790,9.2407,-4.5879,Right,0,0,0,0,0.0000,200.000,0,0.000,0,127.500,71.914,4.500,0.0300,0.0000,-20.00,antimatter,60,450;300;200;100;50,2,8,2.5,3.5,100,-10,5,250,40,5,250,60,1,8,11,0,0.06,4,0.5,50,8,5
35,1,60,FrameTimeStutter,6.000,antimatter,practice,2026-08-31T12:06:02.6229449-04:00,2,518,8.63935,16.2197,2309.39,1439.88,0.000,0.000,6.0790,9.2407,-4.5879,Right,0,0,0,0,0.0000,200.000,0,0.000,0,127.500,71.914,4.500,0.0300,0.0000,-20.00,antimatter,60,450;300;200;100;50,2,8,2.5,3.5,100,-10,5,250,40,5,250,60,1,8,11,0,0.06,4,0.5,50,8,5
35,1,60,FrameTimeStutter,6.000,antimatter,practice,2026-08-31T12:06:02.6229449-04:00,2,519,8.65639,17.0384,2309.39,1439.88,0.000,0.000,6.0790,9.2407,-4.5879,Right,0,0,0,0,0.0000,200.000,0,0.000,0,127.500,71.914,4.500,0.0300,0.0000,-20.00,antimatter,60,450;300;200;100;50,2,8,2.5,3.5,100,-10,5,250,40,5,250,60,1,8,11,0,0.06,4,0.5,50,8,5
35,1,60,FrameTimeStutter,6.000,antimatter,practice,2026-08-31T12:06:02.6229449-04:00,2,520,8.67237,15.9854,2309.39,1439.88,0.000,0.000,6.0790,9.2407,-4.5879,Right,0,0,0,0,0.0000,200.000,0,0.000,0,127.500,71.914,4.500,0.0300,0.0000,-20.00,antimatter,60,450;300;200;100;50,2,8,2.5,3.5,100,-10,5,250,40,5,250,60,1,8,11,0,0.06,4,0.5,50,8,5
35,1,60,FrameTimeStutter,6.000,antimatter,practice,2026-08-31T12:06:02.6229449-04:00,2,521,8.68961,17.2350,2309.39,1439.88,0.000,0.000,6.0790,9.2407,-4.5879,Right,0,0,0,0,0.0000,200.000,0,0.000,0,127.500,71.914,4.500,0.0300,0.0000,-20.00,antimatter,60,450;300;200;100;50,2,8,2.5,3.5,100,-10,5,250,40,5,250,60,1,8,11,0,0.06,4,0.5,50,8,5
35,1,60,FrameTimeStutter,6.000,antimatter,practice,2026-08-31T12:06:02.6229449-04:00,2,522,8.70572,16.1149,2309.39,1439.88,0.000,0.000,6.0790,9.2407,-4.5879,Right,0,0,0,0,0.0000,200.000,0,0.000,0,127.500,71.914,4.500,0.0300,0.0000,-20.00,antimatter,60,450;300;200;100;50,2,8,2.5,3.5,100,-10,5,250,40,5,250,60,1,8,11,0,0.06,4,0.5,50,8,5
35,1,60,FrameTimeStutter,6.000,antimatter,practice,2026-08-31T12:06:02.6229449-04:00,2,523,8.72260,16.8790,2309.39,1439.88,0.000,0.000,6.0790,9.2407,-4.5879,Right,0,0,0,0,0.0000,200.000,0,0.000,0,127.500,71.914,4.500,0.0300,0.0000,-20.00,antimatter,60,450;300;200;100;50,2,8,2.5,3.5,100,-10,5,250,40,5,250,60,1,8,11,0,0.06,4,0.5,50,8,5
35,1,60,FrameTimeStutter,6.000,antimatter,practice,2026-08-31T12:06:02.6229449-04:00,2,524,8.73980,17.2013,2309.39,1439.88,0.000,0.000,6.0790,9.2407,-4.5879,Right,0,0,0,0,0.0000,200.000,0,0.000,0,127.500,71.914,4.500,0.0300,0.0000,-20.00,antimatter,60,450;300;200;100;50,2,8,2.5,3.5,100,-10,5,250,40,5,250,60,1,8,11,0,0.06,4,0.5,50,8,5
35,1,60,FrameTimeStutter,6.000,antimatter,practice,2026-08-31T12:06:02.6229449-04:00,2,525,8.75637,16.5617,2309.39,1439.88,0.000,0.000,6.0790,9.2407,-4.5879,Right,0,0,0,0,0.0000,200.000,0,0.000,0,127.500,71.914,4.500,0.0300,0.0000,-20.00,antimatter,60,450;300;200;100;50,2,8,2.5,3.5,100,-10,5,250,40,5,250,60,1,8,11,0,0.06,4,0.5,50,8,5
35,1,60,FrameTimeStutter,6.000,antimatter,practice,2026-08-31T12:06:02.6229449-04:00,2,526,8.77248,16.1197,2309.39,1439.88,0.000,0.000,6.0790,9.2407,-4.5879,Right,0,0,0,0,0.0000,200.000,0,0.000,0,127.500,71.914,4.500,0.0300,0.0000,-20.00,antimatter,60,450;300;200;100;50,2,8,2.5,3.5,100,-10,5,250,40,5,250,60,1,8,11,0,0.06,4,0.5,50,8,5
35,1,60,FrameTimeStutter,6.000,antimatter,practice,2026-08-31T12:06:02.6229449-04:00,2,527,8.78915,16.6606,2309.39,1439.88,0.000,0.000,6.0790,9.2407,-4.5879,Right,0,0,0,0,0.0000,200.000,0,0.000,0,127.500,71.914,4.500,0.0300,0.0000,-20.00,antimatter,60,450;300;200;100;50,2,8,2.5,3.5,100,-10,5,250,40,5,250,60,1,8,11,0,0.06,4,0.5,50,8,5
35,1,60,FrameTimeStutter,6.000,antimatter,practice,2026-08-31T12:06:02.6229449-04:00,2,528,8.80582,16.6756,2309.39,1439.88,0.000,0.000,6.0790,9.2407,-4.5879,Right,0,0,0,0,0.0000,200.000,0,0.000,0,127.500,71.914,4.500,0.0300,0.0000,-20.00,antimatter,60,450;300;200;100;50,2,8,2.5,3.5,100,-10,5,250,40,5,250,60,1,8,11,0,0.06,4,0.5,50,8,5
35,1,60,FrameTimeStutter,6.000,antimatter,practice,2026-08-31T12:06:02.6229449-04:00,2,529,8.82254,16.7151,2309.39,1439.88,0.000,0.000,6.0790,9.2407,-4.5879,Right,0,0,0,0,0.0000,200.000,0,0.000,0,127.500,71.914,4.500,0.0300,0.0000,-20.00,antimatter,60,450;300;200;100;50,2,8,2.5,3.5,100,-10,5,250,40,5,250,60,1,8,11,0,0.06,4,0.5,50,8,5
35,1,60,FrameTimeStutter,6.000,antimatter,practice,2026-08-31T12:06:02.6229449-04:00,2,530,8.83951,16.9733,2309.39,1439.88,0.000,0.000,6.0790,9.2407,-4.5879,Right,0,0,0,0,0.0000,200.000,0,0.000,0,127.500,71.914,4.500,0.0300,0.0000,-20.00,antimatter,60,450;300;200;100;50,2,8,2.5,3.5,100,-10,5,250,40,5,250,60,1,8,11,0,0.06,4,0.5,50,8,5
35,1,60,FrameTimeStutter,6.000,antimatter,practice,2026-08-31T12:06:02.6229449-04:00,2,531,8.85635,16.8386,2309.39,1439.88,0.000,0.000,6.0790,9.2407,-4.5879,Right,0,0,0,0,0.0000,200.000,0,0.000,0,127.500,71.914,4.500,0.0300,0.0000,-20.00,antimatter,60,450;300;200;100;50,2,8,2.5,3.5,100,-10,5,250,40,5,250,60,1,8,11,0,0.06,4,0.5,50,8,5
35,1,60,FrameTimeStutter,6.000,antimatter,practice,2026-08-31T12:06:02.6229449-04:00,2,532,8.87314,16.7895,2309.39,1439.88,0.000,0.000,6.0790,9.2407,-4.5879,Right,0,0,0,0,0.0000,200.000,0,0.000,0,127.500,71.914,4.500,0.0300,0.0000,-20.00,antimatter,60,450;300;200;100;50,2,8,2.5,3.5,100,-10,5,250,40,5,250,60,1,8,11,0,0.06,4,0.5,50,8,5
35,1,60,FrameTimeStutter,6.000,antimatter,practice,2026-08-31T12:06:02.6229449-04:00,2,533,8.88904,15.8993,2309.39,1439.88,0.000,0.000,6.0790,9.2407,-4.5879,Right,0,0,0,0,0.0000,200.000,0,0.000,0,127.500,71.914,4.500,0.0300,0.0000,-20.00,antimatter,60,450;300;200;100;50,2,8,2.5,3.5,100,-10,5,250,40,5,250,60,1,8,11,0,0.06,4,0.5,50,8,5
35,1,60,FrameTimeStutter,6.000,antimatter,practice,2026-08-31T12:06:02.6229449-04:00,2,534,8.90636,17.3179,2309.39,1439.88,0.000,0.000,6.0790,9.2407,-4.5879,Right,0,0,0,0,0.0000,200.000,0,0.000,0,127.500,71.914,4.500,0.0300,0.0000,-20.00,antimatter,60,450;300;200;100;50,2,8,2.5,3.5,100,-10,5,250,40,5,250,60,1,8,11,0,0.06,4,0.5,50,8,5
35,1,60,FrameTimeStutter,6.000,antimatter,practice,2026-08-31T12:06:02.6229449-04:00,2,535,8.92307,16.7111,2309.39,1439.88,0.000,0.000,6.0790,9.2407,-4.5879,Right,0,0,0,0,0.0000,200.000,0,0.000,0,127.500,71.914,4.500,0.0300,0.0000,-20.00,antimatter,60,450;300;200;100;50,2,8,2.5,3.5,100,-10,5,250,40,5,250,60,1,8,11,0,0.06,4,0.5,50,8,5
35,1,60,FrameTimeStutter,6.000,antimatter,practice,2026-08-31T12:06:02.6229449-04:00,2,536,8.93940,16.3296,2309.39,1439.88,0.000,0.000,6.0790,9.2407,-4.5879,Right,0,0,0,0,0.0000,200.000,0,0.000,0,127.500,71.914,4.500,0.0300,0.0000,-20.00,antimatter,60,450;300;200;100;50,2,8,2.5,3.5,100,-10,5,250,40,5,250,60,1,8,11,0,0.06,4,0.5,50,8,5
35,1,60,FrameTimeStutter,6.000,antimatter,practice,2026-08-31T12:06:02.6229449-04:00,2,537,8.95579,16.3982,2309.39,1439.88,0.000,0.000,6.0790,9.2407,-4.5879,Right,0,0,0,0,0.0000,200.000,0,0.000,0,127.500,71.914,4.500,0.0300,0.0000,-20.00,antimatter,60,450;300;200;100;50,2,8,2.5,3.5,100,-10,5,250,40,5,250,60,1,8,11,0,0.06,4,0.5,50,8,5
35,1,60,FrameTimeStutter,6.000,antimatter,practice,2026-08-31T12:06:02.6229449-04:00,2,538,8.97320,17.4017,2309.39,1439.88,0.000,0.000,6.0790,9.2407,-4.5879,Right,0,0,0,0,0.0000,200.000,0,0.000,0,127.500,71.914,4.500,0.0300,0.0000,-20.00,antimatter,60,450;300;200;100;50,2,8,2.5,3.5,100,-10,5,250,40,5,250,60,1,8,11,0,0.06,4,0.5,50,8,5
35,1,60,FrameTimeStutter,6.000,antimatter,practice,2026-08-31T12:06:02.6229449-04:00,2,539,8.98979,16.5932,2309.39,1439.88,0.000,0.000,6.0790,9.2407,-4.5879,Right,0,0,0,0,0.0000,200.000,0,0.000,0,127.500,71.914,4.500,0.0300,0.0000,-20.00,antimatter,60,450;300;200;100;50,2,8,2.5,3.5,100,-10,5,250,40,5,250,60,1,8,11,0,0.06,4,0.5,50,8,5
35,1,60,FrameTimeStutter,6.000,antimatter,practice,2026-08-31T12:06:02.6229449-04:00,2,540,9.00588,16.0907,2309.39,1439.88,0.000,0.000,6.0790,9.2407,-4.5879,Right,0,0,0,0,0.0000,200.000,0,0.000,0,127.500,71.914,4.500,0.0300,0.0000,-20.00,antimatter,60,450;300;200;100;50,2,8,2.5,3.5,100,-10,5,250,40,5,250,60,1,8,11,0,0.06,4,0.5,50,8,5
35,1,60,FrameTimeStutter,6.000,antimatter,practice,2026-08-31T12:06:02.6229449-04:00,2,541,9.02257,16.6866,2309.39,1439.88,0.000,0.000,6.0790,9.2407,-4.5879,Right,0,0,0,0,0.0000,200.000,0,0.000,0,127.500,71.914,4.500,0.0300,0.0000,-20.00,antimatter,60,450;300;200;100;50,2,8,2.5,3.5,100,-10,5,250,40,5,250,60,1,8,11,0,0.06,4,0.5,50,8,5
35,1,60,FrameTimeStutter,6.000,antimatter,practice,2026-08-31T12:06:02.6229449-04:00,2,542,9.03955,16.9852,2309.39,1439.88,0.000,0.000,6.0790,9.2407,-4.5879,Right,0,0,0,0,0.0000,200.000,0,0.000,0,127.500,71.914,4.500,0.0300,0.0000,-20.00,antimatter,60,450;300;200;100;50,2,8,2.5,3.5,100,-10,5,250,40,5,250,60,1,8,11,0,0.06,4,0.5,50,8,5
35,1,60,FrameTimeStutter,6.000,antimatter,practice,2026-08-31T12:06:02.6229449-04:00,2,543,9.05639,16.8356,2309.39,1439.88,0.000,0.000,6.0790,9.2407,-4.5879,Right,0,0,0,0,0.0000,200.000,0,0.000,0,127.500,71.914,4.500,0.0300,0.0000,-20.00,antimatter,60,450;300;200;100;50,2,8,2.5,3.5,100,-10,5,250,40,5,250,60,1,8,11,0,0.06,4,0.5,50,8,5
35,1,60,FrameTimeStutter,6.000,antimatter,practice,2026-08-31T12:06:02.6229449-04:00,2,544,9.07287,16.4845,2309.39,1439.88,0.000,0.000,6.0790,9.2407,-4.5879,Right,0,0,0,0,0.0000,200.000,0,0.000,0,127.500,71.914,4.500,0.0300,0.0000,-20.00,antimatter,60,450;300;200;100;50,2,8,2.5,3.5,100,-10,5,250,40,5,250,60,1,8,11,0,0.06,4,0.5,50,8,5
35,1,60,FrameTimeStutter,6.000,antimatter,practice,2026-08-31T12:06:02.6229449-04:00,2,545,9.08961,16.7333,2309.39,1439.88,0.000,0.000,6.0790,9.2407,-4.5879,Right,0,0,0,0,0.0000,200.000,0,0.000,0,127.500,71.914,4.500,0.0300,0.0000,-20.00,antimatter,60,450;300;200;100;50,2,8,2.5,3.5,100,-10,5,250,40,5,250,60,1,8,11,0,0.06,4,0.5,50,8,5
35,1,60,FrameTimeStutter,6.000,antimatter,practice,2026-08-31T12:06:02.6229449-04:00,2,546,9.10610,16.4936,2309.39,1439.88,0.000,0.000,6.0790,9.2407,-4.5879,Right,0,0,0,0,0.0000,200.000,0,0.000,0,127.500,71.914,4.500,0.0300,0.0000,-20.00,antimatter,60,450;300;200;100;50,2,8,2.5,3.5,100,-10,5,250,40,5,250,60,1,8,11,0,0.06,4,0.5,50,8,5
35,1,60,FrameTimeStutter,6.000,antimatter,practice,2026-08-31T12:06:02.6229449-04:00,2,547,9.12271,16.6132,2309.39,1439.88,0.000,0.000,6.0790,9.2407,-4.5879,Right,0,0,0,0,0.0000,200.000,0,0.000,0,127.500,71.914,4.500,0.0300,0.0000,-20.00,antimatter,60,450;300;200;100;50,2,8,2.5,3.5,100,-10,5,250,40,5,250,60,1,8,11,0,0.06,4,0.5,50,8,5
35,1,60,FrameTimeStutter,6.000,antimatter,practice,2026-08-31T12:06:02.6229449-04:00,2,548,9.13931,16.5936,2309.39,1439.88,0.000,0.000,6.0790,9.2407,-4.5879,Right,0,0,0,0,0.0000,200.000,0,0.000,0,127.500,71.914,4.500,0.0300,0.0000,-20.00,antimatter,60,450;300;200;100;50,2,8,2.5,3.5,100,-10,5,250,40,5,250,60,1,8,11,0,0.06,4,0.5,50,8,5
35,1,60,FrameTimeStutter,6.000,antimatter,practice,2026-08-31T12:06:02.6229449-04:00,2,549,9.15600,16.6992,2309.39,1439.88,0.000,0.000,6.0790,9.2407,-4.5879,Right,0,0,0,0,0.0000,200.000,0,0.000,0,127.500,71.914,4.500,0.0300,0.0000,-20.00,antimatter,60,450;300;200;100;50,2,8,2.5,3.5,100,-10,5,250,40,5,250,60,1,8,11,0,0.06,4,0.5,50,8,5
35,1,60,FrameTimeStutter,6.000,antimatter,practice,2026-08-31T12:06:02.6229449-04:00,2,550,9.17264,16.6357,2309.39,1439.88,0.000,0.000,6.0790,9.2407,-4.5879,Right,0,0,0,0,0.0000,200.000,0,0.000,0,127.500,71.914,4.500,0.0300,0.0000,-20.00,antimatter,60,450;300;200;100;50,2,8,2.5,3.5,100,-10,5,250,40,5,250,60,1,8,11,0,0.06,4,0.5,50,8,5
35,1,60,FrameTimeStutter,6.000,antimatter,practice,2026-08-31T12:06:02.6229449-04:00,2,551,9.18909,16.4506,2309.39,1439.88,0.000,0.000,6.0790,9.2407,-4.5879,Right,0,0,0,0,0.0000,200.000,0,0.000,0,127.500,71.914,4.500,0.0300,0.0000,-20.00,antimatter,60,450;300;200;100;50,2,8,2.5,3.5,100,-10,5,250,40,5,250,60,1,8,11,0,0.06,4,0.5,50,8,5
35,1,60,FrameTimeStutter,6.000,antimatter,practice,2026-08-31T12:06:02.6229449-04:00,2,552,9.20595,16.8552,2309.39,1439.88,0.000,0.000,6.0790,9.2407,-4.5879,Right,0,0,0,0,0.0000,200.000,0,0.000,0,127.500,71.914,4.500,0.0300,0.0000,-20.00,antimatter,60,450;300;200;100;50,2,8,2.5,3.5,100,-10,5,250,40,5,250,60,1,8,11,0,0.06,4,0.5,50,8,5
35,1,60,FrameTimeStutter,6.000,antimatter,practice,2026-08-31T12:06:02.6229449-04:00,2,553,9.22316,17.2158,2309.39,1439.88,0.000,0.000,6.0790,9.2407,-4.5879,Right,0,0,0,0,0.0000,200.000,0,0.000,0,127.500,71.914,4.500,0.0300,0.0000,-20.00,antimatter,60,450;300;200;100;50,2,8,2.5,3.5,100,-10,5,250,40,5,250,60,1,8,11,0,0.06,4,0.5,50,8,5
35,1,60,FrameTimeStutter,6.000,antimatter,practice,2026-08-31T12:06:02.6229449-04:00,2,554,9.23908,15.9159,2309.39,1439.88,0.000,0.000,6.0790,9.2407,-4.5879,Right,0,0,0,0,0.0000,200.000,0,0.000,0,127.500,71.914,4.500,0.0300,0.0000,-20.00,antimatter,60,450;300;200;100;50,2,8,2.5,3.5,100,-10,5,250,40,5,250,60,1,8,11,0,0.06,4,0.5,50,8,5
35,1,60,FrameTimeStutter,6.000,antimatter,practice,2026-08-31T12:06:02.6229449-04:00,2,555,9.25579,16.7142,2309.39,1439.88,0.000,0.000,6.0790,9.2407,-4.5879,Right,0,0,0,0,0.0000,200.000,0,0.000,0,127.500,71.914,4.500,0.0300,0.0000,-20.00,antimatter,60,450;300;200;100;50,2,8,2.5,3.5,100,-10,5,250,40,5,250,60,1,8,11,0,0.06,4,0.5,50,8,5
35,1,60,FrameTimeStutter,6.000,antimatter,practice,2026-08-31T12:06:02.6229449-04:00,2,556,9.27265,16.8621,2309.39,1439.88,0.000,0.000,6.0790,9.2407,-4.5879,Right,0,0,0,0,0.0000,200.000,0,0.000,0,127.500,71.914,4.500,0.0300,0.0000,-20.00,antimatter,60,450;300;200;100;50,2,8,2.5,3.5,100,-10,5,250,40,5,250,60,1,8,11,0,0.06,4,0.5,50,8,5
35,1,60,FrameTimeStutter,6.000,antimatter,practice,2026-08-31T12:06:02.6229449-04:00,2,557,9.28937,16.7120,2309.39,1439.88,0.000,0.000,6.0790,9.2407,-4.5879,Right,0,0,0,0,0.0000,200.000,0,0.000,0,127.500,71.914,4.500,0.0300,0.0000,-20.00,antimatter,60,450;300;200;100;50,2,8,2.5,3.5,100,-10,5,250,40,5,250,60,1,8,11,0,0.06,4,0.5,50,8,5
35,1,60,FrameTimeStutter,6.000,antimatter,practice,2026-08-31T12:06:02.6229449-04:00,2,558,9.30578,16.4091,2309.39,1439.88,0.000,0.000,6.0790,9.2407,-4.5879,Right,0,0,0,0,0.0000,200.000,0,0.000,0,127.500,71.914,4.500,0.0300,0.0000,-20.00,antimatter,60,450;300;200;100;50,2,8,2.5,3.5,100,-10,5,250,40,5,250,60,1,8,11,0,0.06,4,0.5,50,8,5
35,1,60,FrameTimeStutter,6.000,antimatter,practice,2026-08-31T12:06:02.6229449-04:00,2,559,9.32305,17.2795,2306.88,1439.88,-2.000,0.000,6.0424,9.2407,-4.5879,Right,0,0,0,0,0.0000,200.000,0,0.000,0,127.500,71.914,4.500,0.0300,0.0000,-20.00,antimatter,60,450;300;200;100;50,2,8,2.5,3.5,100,-10,5,250,40,5,250,60,1,8,11,0,0.06,4,0.5,50,8,5
35,1,60,FrameTimeStutter,6.000,antimatter,practice,2026-08-31T12:06:02.6229449-04:00,2,560,9.33909,16.0364,2284.33,1439.88,-18.000,0.000,5.7133,9.2407,-4.5879,Right,0,0,0,0,0.0000,200.000,0,0.000,0,127.500,71.914,4.500,0.0300,0.0000,-20.00,antimatter,60,450;300;200;100;50,2,8,2.5,3.5,100,-10,5,250,40,5,250,60,1,8,11,0,0.06,4,0.5,50,8,5
35,1,60,FrameTimeStutter,6.000,antimatter,practice,2026-08-31T12:06:02.6229449-04:00,2,561,9.35683,17.7398,2240.47,1438.63,-35.000,-1.000,5.0733,9.2224,-4.5879,Right,0,0,0,0,0.0000,200.000,0,0.000,0,127.500,71.914,4.500,0.0300,0.0000,-20.00,antimatter,60,450;300;200;100;50,2,8,2.5,3.5,100,-10,5,250,40,5,250,60,1,8,11,0,0.06,4,0.5,50,8,5
35,1,60,FrameTimeStutter,6.000,antimatter,practice,2026-08-31T12:06:02.6229449-04:00,2,562,9.37299,16.1598,2177.82,1434.87,-50.000,-3.000,4.1590,9.1676,-4.5879,Right,0,0,0,0,0.0000,200.000,0,0.000,0,127.500,71.914,4.500,0.0300,0.0000,-20.00,antimatter,60,450;300;200;100;50,2,8,2.5,3.5,100,-10,5,250,40,5,250,60,1,8,11,0,0.06,4,0.5,50,8,5
35,1,60,FrameTimeStutter,6.000,antimatter,practice,2026-08-31T12:06:02.6229449-04:00,2,563,9.38916,16.1652,2122.68,1432.36,-44.000,-2.000,3.3545,9.1310,-4.5879,Right,0,0,0,0,0.0000,200.000,0,0.000,0,127.500,71.914,4.500,0.0300,0.0000,-20.00,antimatter,60,450;300;200;100;50,2,8,2.5,3.5,100,-10,5,250,40,5,250,60,1,8,11,0,0.06,4,0.5,50,8,5
35,1,60,FrameTimeStutter,6.000,antimatter,practice,2026-08-31T12:06:02.6229449-04:00,2,564,9.40601,16.8514,2070.05,1431.11,-42.000,-1.000,2.5865,9.1127,-4.5879,Right,0,0,0,0,0.0000,200.000,0,0.000,0,127.500,71.914,4.500,0.0300,0.0000,-20.00,antimatter,60,450;300;200;100;50,2,8,2.5,3.5,100,-10,5,250,40,5,250,60,1,8,11,0,0.06,4,0.5,50,8,5
35,1,60,FrameTimeStutter,6.000,antimatter,practice,2026-08-31T12:06:02.6229449-04:00,2,565,9.42329,17.2780,1994.87,1427.35,-60.000,-3.000,1.4894,9.0578,-4.5879,Right,0,0,0,0,0.0000,200.000,0,0.000,0,127.500,71.914,4.500,0.0300,0.0000,-20.00,antimatter,60,450;300;200;100;50,2,8,2.5,3.5,100,-10,5,250,40,5,250,60,1,8,11,0,0.06,4,0.5,50,8,5
35,1,60,FrameTimeStutter,6.000,antimatter,practice,2026-08-31T12:06:02.6229449-04:00,2,566,9.43981,16.5236,1947.25,1426.10,-38.000,-1.000,0.7945,9.0396,-4.5879,Right,0,0,0,0,0.0000,200.000,0,0.000,0,127.500,71.914,4.500,0.0300,0.0000,-20.00,antimatter,60,450;300;200;100;50,2,8,2.5,3.5,100,-10,5,250,40,5,250,60,1,8,11,0,0.06,4,0.5,50,8,5
35,1,60,FrameTimeStutter,6.000,antimatter,practice,2026-08-31T12:06:02.6229449-04:00,2,567,9.45609,16.2806,1908.41,1424.85,-31.000,-1.000,0.2276,9.0213,-4.5879,Right,0,0,0,0,0.0000,200.000,0,0.000,0,127.500,71.914,4.500,0.0300,0.0000,-20.00,antimatter,60,450;300;200;100;50,2,8,2.5,3.5,100,-10,5,250,40,5,250,60,1,8,11,0,0.06,4,0.5,50,8,5
35,1,60,FrameTimeStutter,6.000,antimatter,practice,2026-08-31T12:06:02.6229449-04:00,2,568,9.47321,17.1156,1867.06,1424.85,-33.000,0.000,-0.3758,9.0213,-4.5879,Right,0,0,0,0,0.0000,200.000,0,0.000,0,127.500,71.914,4.500,0.0300,0.0000,-20.00,antimatter,60,450;300;200;100;50,2,8,2.5,3.5,100,-10,5,250,40,5,250,60,1,8,11,0,0.06,4,0.5,50,8,5
35,1,60,FrameTimeStutter,6.000,antimatter,practice,2026-08-31T12:06:02.6229449-04:00,2,569,9.48908,15.8749,1823.20,1423.59,-35.000,-1.000,-1.0157,9.0030,-4.5879,Right,0,0,0,0,0.0000,200.000,0,0.000,0,127.500,71.914,4.500,0.0300,0.0000,-20.00,antimatter,60,450;300;200;100;50,2,8,2.5,3.5,100,-10,5,250,40,5,250,60,1,8,11,0,0.06,4,0.5,50,8,5
35,1,60,FrameTimeStutter,6.000,antimatter,practice,2026-08-31T12:06:02.6229449-04:00,2,570,9.50638,17.2975,1766.81,1423.59,-45.000,0.000,-1.8386,9.0030,-4.5879,Right,0,0,0,0,0.0000,200.000,0,0.000,0,127.500,71.914,4.500,0.0300,0.0000,-20.00,antimatter,60,450;300;200;100;50,2,8,2.5,3.5,100,-10,5,250,40,5,250,60,1,8,11,0,0.06,4,0.5,50,8,5
35,1,60,FrameTimeStutter,6.000,antimatter,practice,2026-08-31T12:06:02.6229449-04:00,2,571,9.52336,16.9789,1705.41,1423.59,-49.000,0.000,-2.7346,9.0030,-4.5879,Right,0,0,0,0,0.0000,200.000,0,0.000,0,127.500,71.914,4.500,0.0300,0.0000,-20.00,antimatter,60,450;300;200;100;50,2,8,2.5,3.5,100,-10,5,250,40,5,250,60,1,8,11,0,0.06,4,0.5,50,8,5
35,1,60,FrameTimeStutter,6.000,antimatter,practice,2026-08-31T12:06:02.6229449-04:00,2,572,9.53987,16.5141,1646.52,1427.35,-47.000,3.000,-3.5940,9.0578,-4.5879,Right,0,0,0,0,0.0000,200.000,0,0.000,0,127.500,71.914,4.500,0.0300,0.0000,-20.00,antimatter,60,450;300;200;100;50,2,8,2.5,3.5,100,-10,5,250,40,5,250,60,1,8,11,0,0.06,4,0.5,50,8,5
35,1,60,FrameTimeStutter,6.000,antimatter,practice,2026-08-31T12:06:02.6229449-04:00,2,573,9.55639,16.5192,1595.14,1432.36,-41.000,4.000,-4.3437,9.1310,-4.5879,Right,0,0,0,0,0.0000,200.000,0,0.000,0,127.500,71.914,4.500,0.0300,0.0000,-20.00,antimatter,60,450;300;200;100;50,2,8,2.5,3.5,100,-10,5,250,40,5,250,60,1,8,11,0,0.06,4,0.5,50,8,5
35,1,60,FrameTimeStutter,6.000,antimatter,practice,2026-08-31T12:06:02.6229449-04:00,2,574,9.57256,16.1686,1548.78,1433.62,-37.000,1.000,-5.0202,9.1493,-4.5879,Right,0,0,0,0,0.0000,200.000,0,0.000,0,127.500,71.914,4.500,0.0300,0.0000,-20.00,antimatter,60,450;300;200;100;50,2,8,2.5,3.5,100,-10,5,250,40,5,250,60,1,8,11,0,0.06,4,0.5,50,8,5
35,1,60,FrameTimeStutter,6.000,antimatter,practice,2026-08-31T12:06:02.6229449-04:00,2,575,9.58943,16.8681,1498.66,1434.87,-40.000,1.000,-5.7516,9.1675,-4.5879,Left,0,0,0,0,0.0000,200.000,0,0.000,0,127.500,71.914,4.500,0.0300,0.0000,-20.00,antimatter,60,450;300;200;100;50,2,8,2.5,3.5,100,-10,5,250,40,5,250,60,1,8,11,0,0.06,4,0.5,50,8,5
35,1,60,FrameTimeStutter,6.000,antimatter,practice,2026-08-31T12:06:02.6229449-04:00,2,576,9.60660,17.1739,1422.22,1436.12,-61.000,1.000,-6.8671,9.1858,-4.5879,Left,0,0,0,0,0.0000,200.000,0,0.000,0,127.500,71.914,4.500,0.0300,0.0000,-20.00,antimatter,60,450;300;200;100;50,2,8,2.5,3.5,100,-10,5,250,40,5,250,60,1,8,11,0,0.06,4,0.5,50,8,5
35,1,60,FrameTimeStutter,6.000,antimatter,practice,2026-08-31T12:06:02.6229449-04:00,2,577,9.62328,16.6801,1382.12,1436.12,-32.000,0.000,-7.4522,9.1858,-4.5879,Left,0,0,0,0,0.0000,200.000,0,0.000,0,127.500,71.914,4.500,0.0300,0.0000,-20.00,antimatter,60,450;300;200;100;50,2,8,2.5,3.5,100,-10,5,250,40,5,250,60,1,8,11,0,0.06,4,0.5,50,8,5
35,1,60,FrameTimeStutter,6.000,antimatter,practice,2026-08-31T12:06:02.6229449-04:00,2,578,9.63935,16.0710,1348.29,1436.12,-27.000,0.000,-7.9459,9.1858,-4.5879,Left,0,0,0,0,0.0000,200.000,0,0.000,0,127.500,71.914,4.500,0.0300,0.0000,-20.00,antimatter,60,450;300;200;100;50,2,8,2.5,3.5,100,-10,5,250,40,5,250,60,1,8,11,0,0.06,4,0.5,50,8,5
35,1,60,FrameTimeStutter,6.000,antimatter,practice,2026-08-31T12:06:02.6229449-04:00,2,579,9.65583,16.4766,1321.98,1437.38,-21.000,1.000,-8.3299,9.2041,-4.5879,Left,0,0,0,0,0.0000,200.000,0,0.000,0,127.500,71.914,4.500,0.0300,0.0000,-20.00,antimatter,60,450;300;200;100;50,2,8,2.5,3.5,100,-10,5,250,40,5,250,60,1,8,11,0,0.06,4,0.5,50,8,5
35,1,60,FrameTimeStutter,6.000,antimatter,practice,2026-08-31T12:06:02.6229449-04:00,2,580,9.67284,17.0166,1290.65,1438.63,-25.000,1.000,-8.7871,9.2224,-4.5879,Left,0,0,0,0,0.0000,200.000,0,0.000,0,127.500,71.914,4.500,0.0300,0.0000,-20.00,antimatter,60,450;300;200;100;50,2,8,2.5,3.5,100,-10,5,250,40,5,250,60,1,8,11,0,0.06,4,0.5,50,8,5
35,1,60,FrameTimeStutter,6.000,antimatter,practice,2026-08-31T12:06:02.6229449-04:00,2,581,9.68953,16.6820,1250.55,1439.88,-32.000,1.000,-9.3722,9.2407,-4.5879,Left,0,0,0,0,0.0000,200.000,0,0.000,0,127.500,71.914,4.500,0.0300,0.0000,-20.00,antimatter,60,450;300;200;100;50,2,8,2.5,3.5,100,-10,5,250,40,5,250,60,1,8,11,0,0.06,4,0.5,50,8,5
35,1,60,FrameTimeStutter,6.000,antimatter,practice,2026-08-31T12:06:02.6229449-04:00,2,582,9.70654,17.0083,1206.70,1439.88,-35.000,1.000,-10.0122,9.2590,-4.5879,Left,0,0,0,0,0.0000,200.000,0,0.000,0,127.500,71.914,4.500,0.0300,0.0000,-20.00,antimatter,60,450;300;200;100;50,2,8,2.5,3.5,100,-10,5,250,40,5,250,60,1,8,11,0,0.06,4,0.5,50,8,5
35,1,60,FrameTimeStutter,6.000,antimatter,practice,2026-08-31T12:06:02.6229449-04:00,2,583,9.72302,16.4833,1176.62,1439.88,-24.000,1.000,-10.4510,9.2773,-4.5879,Left,0,0,0,0,0.0000,200.000,0,0.000,0,127.500,71.914,4.500,0.0300,0.0000,-20.00,antimatter,60,450;300;200;100;50,2,8,2.5,3.5,100,-10,5,250,40,5,250,60,1,8,11,0,0.06,4,0.5,50,8,5
35,1,60,FrameTimeStutter,6.000,antimatter,practice,2026-08-31T12:06:02.6229449-04:00,2,584,9.73964,16.6185,1156.57,1439.88,-16.000,2.000,-10.7436,9.3138,-4.5879,Left,0,0,0,0,0.0000,200.000,0,0.000,0,127.500,71.914,4.500,0.0300,0.0000,-20.00,antimatter,60,450;300;200;100;50,2,8,2.5,3.5,100,-10,5,250,40,5,250,60,1,8,11,0,0.06,4,0.5,50,8,5
35,1,60,FrameTimeStutter,6.000,antimatter,practice,2026-08-31T12:06:02.6229449-04:00,2,585,9.75591,16.2728,1147.80,1439.88,-7.000,1.000,-10.8716,9.3321,-4.5879,Left,0,0,0,0,0.0000,200.000,0,0.000,0,127.500,71.914,4.500,0.0300,0.0000,-20.00,antimatter,60,450;300;200;100;50,2,8,2.5,3.5,100,-10,5,250,40,5,250,60,1,8,11,0,0.06,4,0.5,50,8,5
35,1,60,FrameTimeStutter,6.000,antimatter,practice,2026-08-31T12:06:02.6229449-04:00,2,586,9.77292,17.0106,1142.79,1439.88,-4.000,0.000,-10.9447,9.3321,-4.5879,Left,0,0,0,0,0.0000,200.000,0,0.000,0,127.500,71.914,4.500,0.0300,0.0000,-20.00,antimatter,60,450;300;200;100;50,2,8,2.5,3.5,100,-10,5,250,40,5,250,60,1,8,11,0,0.06,4,0.5,50,8,5
35,1,60,FrameTimeStutter,6.000,antimatter,practice,2026-08-31T12:06:02.6229449-04:00,2,587,9.78985,16.9341,1141.54,1439.88,-1.000,0.000,-10.9631,9.3321,-4.5879,Left,0,0,0,0,0.0000,200.000,0,0.000,0,127.500,71.914,4.500,0.0300,0.0000,-20.00,antimatter,60,450;300;200;100;50,2,8,2.5,3.5,100,-10,5,250,40,5,250,60,1,8,11,0,0.06,4,0.5,50,8,5
35,1,60,FrameTimeStutter,6.000,antimatter,practice,2026-08-31T12:06:02.6229449-04:00,2,588,9.80579,15.9328,1141.54,1439.88,0.000,0.000,-10.9631,9.3321,-4.5879,Left,0,0,0,0,0.0000,200.000,0,0.000,0,127.500,71.914,4.500,0.0300,0.0000,-20.00,antimatter,60,450;300;200;100;50,2,8,2.5,3.5,100,-10,5,250,40,5,250,60,1,8,11,0,0.06,4,0.5,50,8,5
35,1,60,FrameTimeStutter,6.000,antimatter,practice,2026-08-31T12:06:02.6229449-04:00,2,589,9.82256,16.7708,1141.54,1439.88,0.000,0.000,-10.9631,9.3321,-4.5879,Left,0,0,0,0,0.0000,200.000,0,0.000,0,127.500,71.914,4.500,0.0300,0.0000,-20.00,antimatter,60,450;300;200;100;50,2,8,2.5,3.5,100,-10,5,250,40,5,250,60,1,8,11,0,0.06,4,0.5,50,8,5
35,1,60,FrameTimeStutter,6.000,antimatter,practice,2026-08-31T12:06:02.6229449-04:00,2,590,9.84024,17.6785,1142.79,1439.88,1.000,0.000,-10.9448,9.3321,-4.5879,Left,0,0,0,0,0.0000,200.000,0,0.000,0,127.500,71.914,4.500,0.0300,0.0000,-20.00,antimatter,60,450;300;200;100;50,2,8,2.5,3.5,100,-10,5,250,40,5,250,60,1,8,11,0,0.06,4,0.5,50,8,5
35,1,60,FrameTimeStutter,6.000,antimatter,practice,2026-08-31T12:06:02.6229449-04:00,2,591,9.85602,15.7859,1149.06,1439.88,5.000,0.000,-10.8534,9.3321,-4.5879,Left,0,0,0,0,0.0000,200.000,0,0.000,0,127.500,71.914,4.500,0.0300,0.0000,-20.00,antimatter,60,450;300;200;100;50,2,8,2.5,3.5,100,-10,5,250,40,5,250,60,1,8,11,0,0.06,4,0.5,50,8,5
35,1,60,FrameTimeStutter,6.000,antimatter,practice,2026-08-31T12:06:02.6229449-04:00,2,592,9.87258,16.5616,1166.60,1438.63,14.000,-1.000,-10.5974,9.3138,-4.5879,Left,0,0,0,0,0.0000,200.000,0,0.000,0,127.500,71.914,4.500,0.0300,0.0000,-20.00,antimatter,60,450;300;200;100;50,2,8,2.5,3.5,100,-10,5,250,40,5,250,60,1,8,11,0,0.06,4,0.5,50,8,5
35,1,60,FrameTimeStutter,6.000,antimatter,practice,2026-08-31T12:06:02.6229449-04:00,2,593,9.88958,16.9931,1194.17,1436.12,22.000,-2.000,-10.1952,9.2772,-4.5879,Left,0,0,0,0,0.0000,200.000,0,0.000,0,127.500,71.914,4.500,0.0300,0.0000,-20.00,antimatter,60,450;300;200;100;50,2,8,2.5,3.5,100,-10,5,250,40,5,250,60,1,8,11,0,0.06,4,0.5,50,8,5
35,1,60,FrameTimeStutter,6.000,antimatter,practice,2026-08-31T12:06:02.6229449-04:00,2,594,9.90650,16.9209,1238.02,1432.36,35.000,-3.000,-9.5552,9.2224,-4.5879,Left,0,0,0,0,0.0000,200.000,0,0.000,0,127.500,71.914,4.500,0.0300,0.0000,-20.00,antimatter,60,450;300;200;100;50,2,8,2.5,3.5,100,-10,5,250,40,5,250,60,1,8,11,0,0.06,4,0.5,50,8,5
35,1,60,FrameTimeStutter,6.000,antimatter,practice,2026-08-31T12:06:02.6229449-04:00,2,595,9.92293,16.4308,1299.42,1427.35,49.000,-4.000,-8.6592,9.1492,-4.5879,Left,0,0,0,0,0.0000,200.000,0,0.000,0,127.500,71.914,4.500,0.0300,0.0000,-20.00,antimatter,60,450;300;200;100;50,2,8,2.5,3.5,100,-10,5,250,40,5,250,60,1,8,11,0,0.06,4,0.5,50,8,5
35,1,60,FrameTimeStutter,6.000,antimatter,practice,2026-08-31T12:06:02.6229449-04:00,2,596,9.93959,16.6596,1384.63,1423.59,68.000,-3.000,-7.4158,9.0944,-4.5879,Left,0,0,0,0,0.0000,200.000,0,0.000,0,127.500,71.914,4.500,0.0300,0.0000,-20.00,antimatter,60,450;300;200;100;50,2,8,2.5,3.5,100,-10,5,250,40,5,250,60,1,8,11,0,0.06,4,0.5,50,8,5
35,1,60,FrameTimeStutter,6.000,antimatter,practice,2026-08-31T12:06:02.6229449-04:00,2,597,9.95586,16.2694,1491.14,1418.58,85.000,-4.000,-5.8615,9.0212,-4.5879,Left,0,0,0,0,0.0000,200.000,0,0.000,0,127.500,71.914,4.500,0.0300,0.0000,-20.00,antimatter,60,450;300;200;100;50,2,8,2.5,3.5,100,-10,5,250,40,5,250,60,1,8,11,0,0.06,4,0.5,50,8,5
35,1,60,FrameTimeStutter,6.000,antimatter,practice,2026-08-31T12:06:02.6229449-04:00,2,598,9.97248,16.6187,1603.92,1413.57,90.000,-4.000,-4.2158,8.9481,-4.5879,Left,0,0,0,0,0.0000,200.000,0,0.000,0,127.500,71.914,4.500,0.0300,0.0000,-20.00,antimatter,60,450;300;200;100;50,2,8,2.5,3.5,100,-10,5,250,40,5,250,60,1,8,11,0,0.06,4,0.5,50,8,5
35,1,60,FrameTimeStutter,6.000,antimatter,practice,2026-08-31T12:06:02.6229449-04:00,2,599,9.98945,16.9782,1721.70,1407.30,94.000,-5.000,-2.4970,8.8567,-4.5879,Right,0,0,0,0,0.0000,200.000,0,0.000,0,127.500,71.914,4.500,0.0300,0.0000,-20.00,antimatter,60,450;300;200;100;50,2,8,2.5,3.5,100,-10,5,250,40,5,250,60,1,8,11,0,0.06,4,0.5,50,8,5
35,1,60,FrameTimeStutter,6.000,antimatter,practice,2026-08-31T12:06:02.6229449-04:00,2,600,10.00643,16.9786,1863.30,1398.53,113.000,-7.000,-0.4308,8.7287,-4.5879,Right,0,0,0,0,0.0000,200.000,0,0.000,0,127.500,71.914,4.500,0.0300,0.0000,-20.00,antimatter,60,450;300;200;100;50,2,8,2.5,3.5,100,-10,5,250,40,5,250,60,1,8,11,0,0.06,4,0.5,50,8,5
35,1,60,FrameTimeStutter,6.000,antimatter,practice,2026-08-31T12:06:02.6229449-04:00,2,601,10.02310,16.6654,1946.00,1393.52,66.000,-4.000,0.7761,8.6555,-4.5879,Right,0,0,0,0,0.0000,200.000,0,0.000,0,127.500,71.914,4.500,0.0300,0.0000,-20.00,antimatter,60,450;300;200;100;50,2,8,2.5,3.5,100,-10,5,250,40,5,250,60,1,8,11,0,0.06,4,0.5,50,8,5
35,1,60,FrameTimeStutter,6.000,antimatter,practice,2026-08-31T12:06:02.6229449-04:00,2,602,10.04015,17.0499,2014.92,1389.76,55.000,-3.000,1.7818,8.6007,-4.5879,Right,0,0,0,0,0.0000,200.000,0,0.000,0,127.500,71.914,4.500,0.0300,0.0000,-20.00,antimatter,60,450;300;200;100;50,2,8,2.5,3.5,100,-10,5,250,40,5,250,60,1,8,11,0,0.06,4,0.5,50,8,5
35,1,60,FrameTimeStutter,6.000,antimatter,practice,2026-08-31T12:06:02.6229449-04:00,2,603,10.05594,15.7963,2075.07,1388.51,48.000,-1.000,2.6594,8.5824,-4.5879,Right,0,0,0,0,0.0000,200.000,0,0.000,0,127.500,71.914,4.500,0.0300,0.0000,-20.00,antimatter,60,450;300;200;100;50,2,8,2.5,3.5,100,-10,5,250,40,5,250,60,1,8,11,0,0.06,4,0.5,50,8,5
35,1,60,FrameTimeStutter,6.000,antimatter,practice,2026-08-31T12:06:02.6229449-04:00,2,604,10.07238,16.4317,2136.47,1388.51,49.000,0.000,3.5554,8.5824,-4.5879,Right,0,0,0,0,0.0000,200.000,0,0.000,0,127.500,71.914,4.500,0.0300,0.0000,-20.00,antimatter,60,450;300;200;100;50,2,8,2.5,3.5,100,-10,5,250,40,5,250,60,1,8,11,0,0.06,4,0.5,50,8,5
35,1,60,FrameTimeStutter,6.000,antimatter,practice,2026-08-31T12:06:02.6229449-04:00,2,605,10.08983,17.4545,2196.61,1392.27,48.000,3.000,4.4331,8.6372,-4.5879,Right,0,0,0,0,0.0000,200.000,0,0.000,0,127.500,71.914,4.500,0.0300,0.0000,-20.00,antimatter,60,450;300;200;100;50,2,8,2.5,3.5,100,-10,5,250,40,5,250,60,1,8,11,0,0.06,4,0.5,50,8,5
35,1,60,FrameTimeStutter,6.000,antimatter,practice,2026-08-31T12:06:02.6229449-04:00,2,606,10.10627,16.4367,2261.77,1397.28,52.000,4.000,5.3839,8.7103,-4.5879,Right,0,0,0,0,0.0000,200.000,0,0.000,0,127.500,71.914,4.500,0.0300,0.0000,-20.00,antimatter,60,450;300;200;100;50,2,8,2.5,3.5,100,-10,5,250,40,5,250,60,1,8,11,0,0.06,4,0.5,50,8,5
35,1,60,FrameTimeStutter,6.000,antimatter,practice,2026-08-31T12:06:02.6229449-04:00,2,607,10.12321,16.9463,2329.44,1403.54,54.000,5.000,6.3713,8.8018,-4.5879,Right,0,0,0,0,0.0000,200.000,0,0.000,0,127.500,71.914,4.500,0.0300,0.0000,-20.00,antimatter,60,450;300;200;100;50,2,8,2.5,3.5,100,-10,5,250,40,5,250,60,1,8,11,0,0.06,4,0.5,50,8,5
35,1,60,FrameTimeStutter,6.000,antimatter,practice,2026-08-31T12:06:02.6229449-04:00,2,608,10.13972,16.5033,2397.10,1407.30,54.000,3.000,7.3587,8.8566,-4.5879,Right,0,0,0,0,0.0000,200.000,0,0.000,0,127.500,71.914,4.500,0.0300,0.0000,-20.00,antimatter,60,450;300;200;100;50,2,8,2.5,3.5,100,-10,5,250,40,5,250,60,1,8,11,0,0.06,4,0.5,50,8,5
35,1,60,FrameTimeStutter,6.000,antimatter,practice,2026-08-31T12:06:02.6229449-04:00,2,609,10.15624,16.5263,2463.51,1409.81,53.000,2.000,8.3279,8.8932,-4.5879,Right,0,0,0,0,0.0000,200.000,0,0.000,0,127.500,71.914,4.500,0.0300,0.0000,-20.00,antimatter,60,450;300;200;100;50,2,8,2.5,3.5,100,-10,5,250,40,5,250,60,1,8,11,0,0.06,4,0.5,50,8,5
35,1,60,FrameTimeStutter,6.000,antimatter,practice,2026-08-31T12:06:02.6229449-04:00,2,610,10.17256,16.3196,2523.66,1409.81,48.000,0.000,9.2055,8.8932,-4.5879,Right,0,0,0,0,0.0000,200.000,0,0.000,0,127.500,71.914,4.500,0.0300,0.0000,-20.00,antimatter,60,450;300;200;100;50,2,8,2.5,3.5,100,-10,5,250,40,5,250,60,1,8,11,0,0.06,4,0.5,50,8,5
35,1,60,FrameTimeStutter,6.000,antimatter,practice,2026-08-31T12:06:02.6229449-04:00,2,611,10.18974,17.1825,2558.75,1411.06,50.000,1.000,10.1198,8.9115,-4.5879,Right,0,0,0,0,0.0000,200.000,0,0.000,0,127.500,71.914,4.500,0.0300,0.0000,-20.00,antimatter,60,450;300;200;100;50,2,8,2.5,3.5,100,-10,5,250,40,5,250,60,1,8,11,0,0.06,4,0.5,50,8,5
35,1,60,FrameTimeStutter,6.000,antimatter,practice,2026-08-31T12:06:02.6229449-04:00,2,612,10.20577,16.0241,2558.75,1411.06,49.000,0.000,11.0158,8.9115,-4.5879,Right,0,0,0,0,0.0000,200.000,0,0.000,0,127.500,71.914,4.500,0.0300,0.0000,-20.00,antimatter,60,450;300;200;100;50,2,8,2.5,3.5,100,-10,5,250,40,5,250,60,1,8,11,0,0.06,4,0.5,50,8,5
35,1,60,FrameTimeStutter,6.000,antimatter,practice,2026-08-31T12:06:02.6229449-04:00,2,613,10.22505,19.2812,2558.75,1412.32,81.000,1.000,12.4969,8.9298,-4.5879,Right,0,0,0,0,0.0000,200.000,0,0.000,0,127.500,71.914,4.500,0.0300,0.0000,-20.00,antimatter,60,450;300;200;100;50,2,8,2.5,3.5,100,-10,5,250,40,5,250,60,1,8,11,0,0.06,4,0.5,50,8,5
35,1,60,FrameTimeStutter,6.000,antimatter,practice,2026-08-31T12:06:02.6229449-04:00,2,614,10.24047,15.4169,2558.75,1413.57,55.000,1.000,13.5026,8.9480,-4.5879,Right,0,0,0,0,0.0000,200.000,0,0.000,0,127.500,71.914,4.500,0.0300,0.0000,-20.00,antimatter,60,450;300;200;100;50,2,8,2.5,3.5,100,-10,5,250,40,5,250,60,1,8,11,0,0.06,4,0.5,50,8,5
35,1,60,FrameTimeStutter,6.000,antimatter,practice,2026-08-31T12:06:02.6229449-04:00,2,615,10.25640,15.9278,2558.75,1416.07,48.000,2.000,14.3803,8.9846,-4.5879,Right,0,0,0,0,0.0000,200.000,0,0.000,0,127.500,71.914,4.500,0.0300,0.0000,-20.00,antimatter,60,450;300;200;100;50,2,8,2.5,3.5,100,-10,5,250,40,5,250,60,1,8,11,0,0.06,4,0.5,50,8,5
35,1,60,FrameTimeStutter,6.000,antimatter,practice,2026-08-31T12:06:02.6229449-04:00,2,616,10.27265,16.2507,2558.75,1418.58,39.000,2.000,15.0934,9.0212,-4.5879,Right,0,0,0,0,0.0000,200.000,0,0.000,0,127.500,71.914,4.500,0.0300,0.0000,-20.00,antimatter,60,450;300;200;100;50,2,8,2.5,3.5,100,-10,5,250,40,5,250,60,1,8,11,0,0.06,4,0.5,50,8,5
35,1,60,FrameTimeStutter,6.000,antimatter,practice,2026-08-31T12:06:02.6229449-04:00,2,617,10.28846,15.8107,2558.75,1419.83,38.000,1.000,15.7882,9.0394,-4.5879,Right,0,0,0,0,0.0000,200.000,0,0.000,0,127.500,71.914,4.500,0.0300,0.0000,-20.00,antimatter,60,450;300;200;100;50,2,8,2.5,3.5,100,-10,5,250,40,5,250,60,1,8,11,0,0.06,4,0.5,50,8,5
35,1,60,FrameTimeStutter,6.000,antimatter,practice,2026-08-31T12:06:02.6229449-04:00,2,618,10.30670,18.2408,2558.75,1421.09,36.000,1.000,16.4465,9.0577,-4.5879,Right,0,0,0,0,0.0000,200.000,0,0.000,0,127.500,71.914,4.500,0.0300,0.0000,-20.00,antimatter,60,450;300;200;100;50,2,8,2.5,3.5,100,-10,5,250,40,5,250,60,1,8,11,0,0.06,4,0.5,50,8,5
35,1,60,FrameTimeStutter,6.000,antimatter,practice,2026-08-31T12:06:02.6229449-04:00,2,619,10.32228,15.5806,2558.75,1422.34,37.000,1.000,17.1231,9.0760,-4.5879,Right,0,0,0,0,0.0000,200.000,0,0.000,0,127.500,71.914,4.500,0.0300,0.0000,-20.00,antimatter,60,450;300;200;100;50,2,8,2.5,3.5,100,-10,5,250,40,5,250,60,1,8,11,0,0.06,4,0.5,50,8,5
35,1,60,FrameTimeStutter,6.000,antimatter,practice,2026-08-31T12:06:02.6229449-04:00,2,620,10.34972,27.4400,2558.75,1424.85,62.000,2.000,18.2567,9.1126,-4.5879,Right,0,0,0,0,0.0000,200.000,0,0.000,0,127.500,71.914,4.500,0.0300,0.0000,-20.00,antimatter,60,450;300;200;100;50,2,8,2.5,3.5,100,-10,5,250,40,5,250,60,1,8,11,0,0.06,4,0.5,50,8,5
35,1,60,FrameTimeStutter,6.000,antimatter,practice,2026-08-31T12:06:02.6229449-04:00,2,621,10.36184,12.1168,2558.75,1426.10,44.000,1.000,19.0613,9.1309,-4.5879,Right,0,0,0,0,0.0000,200.000,0,0.000,0,127.500,71.914,4.500,0.0300,0.0000,-20.00,antimatter,60,450;300;200;100;50,2,8,2.5,3.5,100,-10,5,250,40,5,250,60,1,8,11,0,0.06,4,0.5,50,8,5
35,1,60,FrameTimeStutter,6.000,antimatter,practice,2026-08-31T12:06:02.6229449-04:00,2,622,10.37855,16.7107,2558.75,1426.10,37.000,0.000,19.7378,9.1309,-4.5879,Right,0,0,0,0,0.0000,200.000,0,0.000,0,127.500,71.914,4.500,0.0300,0.0000,-20.00,antimatter,60,450;300;200;100;50,2,8,2.5,3.5,100,-10,5,250,40,5,250,60,1,8,11,0,0.06,4,0.5,50,8,5
35,1,60,FrameTimeStutter,6.000,antimatter,practice,2026-08-31T12:06:02.6229449-04:00,2,623,10.39518,16.6333,2558.75,1427.35,33.000,1.000,20.3412,9.1492,-4.5879,Right,0,0,0,0,0.0000,200.000,0,0.000,0,127.500,71.914,4.500,0.0300,0.0000,-20.00,antimatter,60,450;300;200;100;50,2,8,2.5,3.5,100,-10,5,250,40,5,250,60,1,8,11,0,0.06,4,0.5,50,8,5
35,1,60,FrameTimeStutter,6.000,antimatter,practice,2026-08-31T12:06:02.6229449-04:00,2,624,10.41129,16.1147,2558.75,1427.35,30.000,0.000,20.8898,9.1492,-4.5879,Right,0,0,0,0,0.0000,200.000,0,0.000,0,127.500,71.914,4.500,0.0300,0.0000,-20.00,antimatter,60,450;300;200;100;50,2,8,2.5,3.5,100,-10,5,250,40,5,250,60,1,8,11,0,0.06,4,0.5,50,8,5
35,1,60,FrameTimeStutter,6.000,antimatter,practice,2026-08-31T12:06:02.6229449-04:00,2,625,10.42803,16.7340,2558.75,1426.10,29.000,-1.000,21.4200,9.1309,-4.5879,Right,0,0,0,0,0.0000,200.000,0,0.000,0,127.500,71.914,4.500,0.0300,0.0000,-20.00,antimatter,60,450;300;200;100;50,2,8,2.5,3.5,100,-10,5,250,40,5,250,60,1,8,11,0,0.06,4,0.5,50,8,5
35,1,60,FrameTimeStutter,6.000,antimatter,practice,2026-08-31T12:06:02.6229449-04:00,2,626,10.44472,16.6954,2558.75,1426.10,26.000,0.000,21.8954,9.1309,-4.5879,Right,0,0,0,0,0.0000,200.000,0,0.000,0,127.500,71.914,4.500,0.0300,0.0000,-20.00,antimatter,60,450;300;200;100;50,2,8,2.5,3.5,100,-10,5,250,40,5,250,60,1,8,11,0,0.06,4,0.5,50,8,5
35,1,60,FrameTimeStutter,6.000,antimatter,practice,2026-08-31T12:06:02.6229449-04:00,2,627,10.46110,16.3732,2558.75,1424.85,22.000,-1.000,22.2977,9.1126,-4.5879,Right,0,0,0,0,0.0000,200.000,0,0.000,0,127.500,71.914,4.500,0.0300,0.0000,-20.00,antimatter,60,450;300;200;100;50,2,8,2.5,3.5,100,-10,5,250,40,5,250,60,1,8,11,0,0.06,4,0.5,50,8,5
35,1,60,FrameTimeStutter,6.000,antimatter,practice,2026-08-31T12:06:02.6229449-04:00,2,628,10.47837,17.2749,2558.75,1423.59,36.000,-1.000,22.9560,9.0943,-4.5879,Right,0,0,0,0,0.0000,200.000,0,0.000,0,127.500,71.914,4.500,0.0300,0.0000,-20.00,antimatter,60,450;300;200;100;50,2,8,2.5,3.5,100,-10,5,250,40,5,250,60,1,8,11,0,0.06,4,0.5,50,8,5
35,1,60,FrameTimeStutter,6.000,antimatter,practice,2026-08-31T12:06:02.6229449-04:00,2,629,10.49483,16.4592,2558.75,1422.34,30.000,-1.000,23.5045,9.0760,-4.5879,Right,0,0,0,0,0.0000,200.000,0,0.000,0,127.500,71.914,4.500,0.0300,0.0000,-20.00,antimatter,60,450;300;200;100;50,2,8,2.5,3.5,100,-10,5,250,40,5,250,60,1,8,11,0,0.06,4,0.5,50,8,5
35,1,60,FrameTimeStutter,6.000,antimatter,practice,2026-08-31T12:06:02.6229449-04:00,2,630,10.51150,16.6711,2558.75,1419.83,32.000,-2.000,24.0897,9.0394,-4.5879,Right,0,0,0,0,0.0000,200.000,0,0.000,0,127.500,71.914,4.500,0.0300,0.0000,-20.00,antimatter,60,450;300;200;100;50,2,8,2.5,3.5,100,-10,5,250,40,5,250,60,1,8,11,0,0.06,4,0.5,50,8,5
35,1,60,FrameTimeStutter,6.000,antimatter,practice,2026-08-31T12:06:02.6229449-04:00,2,631,10.52804,16.5398,2558.75,1416.07,30.000,-3.000,24.6382,8.9846,-4.5879,Right,0,0,0,0,0.0000,200.000,0,0.000,0,127.500,71.914,4.500,0.0300,0.0000,-20.00,antimatter,60,450;300;200;100;50,2,8,2.5,3.5,100,-10,5,250,40,5,250,60,1,8,11,0,0.06,4,0.5,50,8,5
35,1,60,FrameTimeStutter,6.000,antimatter,practice,2026-08-31T12:06:02.6229449-04:00,2,632,10.54429,16.2510,2558.75,1412.32,22.000,-3.000,25.0405,8.9297,-4.5879,Right,0,0,0,0,0.0000,200.000,0,0.000,0,127.500,71.914,4.500,0.0300,0.0000,-20.00,antimatter,60,450;300;200;100;50,2,8,2.5,3.5,100,-10,5,250,40,5,250,60,1,8,11,0,0.06,4,0.5,50,8,5
35,1,60,FrameTimeStutter,6.000,antimatter,practice,2026-08-31T12:06:02.6229449-04:00,2,633,10.56190,17.6091,2558.75,1409.81,9.000,-2.000,25.2051,8.8931,-4.5879,Right,0,0,0,0,0.0000,200.000,0,0.000,0,127.500,71.914,4.500,0.0300,0.0000,-20.00,antimatter,60,450;300;200;100;50,2,8,2.5,3.5,100,-10,5,250,40,5,250,60,1,8,11,0,0.06,4,0.5,50,8,5
35,1,60,FrameTimeStutter,6.000,antimatter,practice,2026-08-31T12:06:02.6229449-04:00,2,634,10.57787,15.9645,2558.75,1409.81,0.000,0.000,25.2051,8.8931,-4.5879,Right,0,0,0,0,0.0000,200.000,0,0.000,0,127.500,71.914,4.500,0.0300,0.0000,-20.00,antimatter,60,450;300;200;100;50,2,8,2.5,3.5,100,-10,5,250,40,5,250,60,1,8,11,0,0.06,4,0.5,50,8,5
35,1,60,FrameTimeStutter,6.000,antimatter,practice,2026-08-31T12:06:02.6229449-04:00,2,635,10.59461,16.7400,2558.75,1409.81,0.000,0.000,25.2051,8.8931,-4.5879,Right,0,0,0,0,0.0000,200.000,0,0.000,0,127.500,71.914,4.500,0.0300,0.0000,-20.00,antimatter,60,450;300;200;100;50,2,8,2.5,3.5,100,-10,5,250,40,5,250,60,1,8,11,0,0.06,4,0.5,50,8,5
35,1,60,FrameTimeStutter,6.000,antimatter,practice,2026-08-31T12:06:02.6229449-04:00,2,636,10.61188,17.2770,2558.75,1409.81,0.000,0.000,25.2051,8.8931,-4.5879,Right,0,0,0,0,0.0000,200.000,0,0.000,0,127.500,71.914,4.500,0.0300,0.0000,-20.00,antimatter,60,450;300;200;100;50,2,8,2.5,3.5,100,-10,5,250,40,5,250,60,1,8,11,0,0.06,4,0.5,50,8,5
35,1,60,FrameTimeStutter,6.000,antimatter,practice,2026-08-31T12:06:02.6229449-04:00,2,637,10.62823,16.3447,2557.49,1409.81,-1.000,0.000,25.1867,8.8931,-4.5879,Right,0,0,0,0,0.0000,200.000,0,0.000,0,127.500,71.914,4.500,0.0300,0.0000,-20.00,antimatter,60,450;300;200;100;50,2,8,2.5,3.5,100,-10,5,250,40,5,250,60,1,8,11,0,0.06,4,0.5,50,8,5
35,1,60,FrameTimeStutter,6.000,antimatter,practice,2026-08-31T12:06:02.6229449-04:00,2,638,10.64473,16.5060,2551.23,1408.56,-5.000,-1.000,25.0953,8.8749,-4.5879,Right,0,0,0,0,0.0000,200.000,0,0.000,0,127.500,71.914,4.500,0.0300,0.0000,-20.00,antimatter,60,450;300;200;100;50,2,8,2.5,3.5,100,-10,5,250,40,5,250,60,1,8,11,0,0.06,4,0.5,50,8,5
35,1,60,FrameTimeStutter,6.000,antimatter,practice,2026-08-31T12:06:02.6229449-04:00,2,639,10.66146,16.7226,2527.42,1404.80,-19.000,-3.000,24.7479,8.8200,-4.5879,Right,0,0,0,0,0.0000,200.000,0,0.000,0,127.500,71.914,4.500,0.0300,0.0000,-20.00,antimatter,60,450;300;200;100;50,2,8,2.5,3.5,100,-10,5,250,40,5,250,60,1,8,11,0,0.06,4,0.5,50,8,5
35,1,60,FrameTimeStutter,6.000,antimatter,practice,2026-08-31T12:06:02.6229449-04:00,2,640,10.67831,16.8582,2461.01,1398.53,-53.000,-5.000,23.7788,8.7286,-4.5879,Right,0,0,0,0,0.0000,200.000,0,0.000,0,127.500,71.914,4.500,0.0300,0.0000,-20.00,antimatter,60,450;300;200;100;50,2,8,2.5,3.5,100,-10,5,250,40,5,250,60,1,8,11,0,0.06,4,0.5,50,8,5
35,1,60,FrameTimeStutter,6.000,antimatter,practice,2026-08-31T12:06:02.6229449-04:00,2,641,10.69552,17.2097,2398.36,1394.77,-50.000,-3.000,22.8645,8.6737,-4.5879,Right,0,0,0,0,0.0000,200.000,0,0.000,0,127.500,71.914,4.500,0.0300,0.0000,-20.00,antimatter,60,450;300;200;100;50,2,8,2.5,3.5,100,-10,5,250,40,5,250,60,1,8,11,0,0.06,4,0.5,50,8,5
35,1,60,FrameTimeStutter,6.000,antimatter,practice,2026-08-31T12:06:02.6229449-04:00,2,642,10.71156,16.0376,2324.43,1391.01,-59.000,-3.000,21.7857,8.6188,-4.5879,Right,0,0,0,0,0.0000,200.000,0,0.000,0,127.500,71.914,4.500,0.0300,0.0000,-20.00,antimatter,60,450;300;200;100;50,2,8,2.5,3.5,100,-10,5,250,40,5,250,60,1,8,11,0,0.06,4,0.5,50,8,5
35,1,60,FrameTimeStutter,6.000,antimatter,practice,2026-08-31T12:06:02.6229449-04:00,2,643,10.72802,16.4551,2232.95,1386.00,-73.000,-4.000,20.4508,8.5457,-4.5879,Right,0,0,0,0,0.0000,200.000,0,0.000,0,127.500,71.914,4.500,0.0300,0.0000,-20.00,antimatter,60,450;300;200;100;50,2,8,2.5,3.5,100,-10,5,250,40,5,250,60,1,8,11,0,0.06,4,0.5,50,8,5
35,1,60,FrameTimeStutter,6.000,antimatter,practice,2026-08-31T12:06:02.6229449-04:00,2,644,10.74519,17.1743,2128.95,1383.50,-83.000,-2.000,18.9331,8.5091,-4.5879,Right,0,0,0,0,0.0000,200.000,0,0.000,0,127.500,71.914,4.500,0.0300,0.0000,-20.00,antimatter,60,450;300;200;100;50,2,8,2.5,3.5,100,-10,5,250,40,5,250,60,1,8,11,0,0.06,4,0.5,50,8,5
35,1,60,FrameTimeStutter,6.000,antimatter,practice,2026-08-31T12:06:02.6229449-04:00,2,645,10.76167,16.4838,2012.41,1379.74,-93.000,-3.000,17.2326,8.4543,-4.5879,Right,0,0,0,0,0.0000,200.000,0,0.000,0,127.500,71.914,4.500,0.0300,0.0000,-20.00,antimatter,60,450;300;200;100;50,2,8,2.5,3.5,100,-10,5,250,40,5,250,60,1,8,11,0,0.06,4,0.5,50,8,5
35,1,60,FrameTimeStutter,6.000,antimatter,practice,2026-08-31T12:06:02.6229449-04:00,2,646,10.77798,16.3070,1899.64,1375.98,-90.000,-3.000,15.5870,8.3994,-4.5879,Right,0,0,0,0,0.0000,200.000,0,0.000,0,127.500,71.914,4.500,0.0300,0.0000,-20.00,antimatter,60,450;300;200;100;50,2,8,2.5,3.5,100,-10,5,250,40,5,250,60,1,8,11,0,0.06,4,0.5,50,8,5
35,1,60,FrameTimeStutter,6.000,antimatter,practice,2026-08-31T12:06:02.6229449-04:00,2,647,10.79499,17.0075,1781.85,1369.71,-94.000,-5.000,13.8681,8.3080,-4.5879,Right,0,0,0,0,0.0000,200.000,0,0.000,0,127.500,71.914,4.500,0.0300,0.0000,-20.00,antimatter,60,450;300;200;100;50,2,8,2.5,3.5,100,-10,5,250,40,5,250,60,1,8,11,0,0.06,4,0.5,50,8,5
35,1,60,FrameTimeStutter,6.000,antimatter,practice,2026-08-31T12:06:02.6229449-04:00,2,648,10.81188,16.8938,1679.10,1362.19,-82.000,-6.000,12.3687,8.1983,-4.5879,Right,0,0,0,0,0.0000,200.000,0,0.000,0,127.500,71.914,4.500,0.0300,0.0000,-20.00,antimatter,60,450;300;200;100;50,2,8,2.5,3.5,100,-10,5,250,40,5,250,60,1,8,11,0,0.06,4,0.5,50,8,5
35,1,60,FrameTimeStutter,6.000,antimatter,practice,2026-08-31T12:06:02.6229449-04:00,2,649,10.82835,16.4660,1578.86,1353.42,-80.000,-7.000,10.9059,8.0703,-4.5879,Right,0,0,0,0,0.0000,200.000,0,0.000,0,127.500,71.914,4.500,0.0300,0.0000,-20.00,antimatter,60,450;300;200;100;50,2,8,2.5,3.5,100,-10,5,250,40,5,250,60,1,8,11,0,0.06,4,0.5,50,8,5
35,1,60,FrameTimeStutter,6.000,antimatter,practice,2026-08-31T12:06:02.6229449-04:00,2,650,10.84469,16.3419,1479.86,1343.40,-79.000,-8.000,9.4614,7.9240,-4.5879,Right,0,0,0,0,0.0000,200.000,0,0.000,0,127.500,71.914,4.500,0.0300,0.0000,-20.00,antimatter,60,450;300;200;100;50,2,8,2.5,3.5,100,-10,5,250,40,5,250,60,1,8,11,0,0.06,4,0.5,50,8,5
35,1,60,FrameTimeStutter,6.000,antimatter,practice,2026-08-31T12:06:02.6229449-04:00,2,651,10.86176,17.0729,1385.88,1333.37,-75.000,-8.000,8.0900,7.7777,-4.5879,Right,0,0,0,0,0.0000,200.000,0,0.000,0,127.500,71.914,4.500,0.0300,0.0000,-20.00,antimatter,60,450;300;200;100;50,2,8,2.5,3.5,100,-10,5,250,40,5,250,60,1,8,11,0,0.06,4,0.5,50,8,5
35,1,60,FrameTimeStutter,6.000,antimatter,practice,2026-08-31T12:06:02.6229449-04:00,2,652,10.87806,16.2960,1294.41,1324.60,-109.000,-11.000,6.0969,7.5766,-4.5879,Right,0,0,0,0,0.0000,200.000,0,0.000,0,127.500,71.914,4.500,0.0300,0.0000,-20.00,antimatter,60,450;300;200;100;50,2,8,2.5,3.5,100,-10,5,250,40,5,250,60,1,8,11,0,0.06,4,0.5,50,8,5
35,1,60,FrameTimeStutter,6.000,antimatter,practice,2026-08-31T12:06:02.6229449-04:00,2,653,10.89525,17.1871,1174.12,1314.58,-60.000,-4.000,4.9998,7.5034,-4.5879,Right,0,0,0,0,0.0000,200.000,0,0.000,0,127.500,71.914,4.500,0.0300,0.0000,-20.00,antimatter,60,450;300;200;100;50,2,8,2.5,3.5,100,-10,5,250,40,5,250,60,1,8,11,0,0.06,4,0.5,50,8,5
35,1,60,FrameTimeStutter,6.000,antimatter,practice,2026-08-31T12:06:02.6229449-04:00,2,654,10.91187,16.6231,1105.20,1312.07,-55.000,-2.000,3.9941,7.4668,-4.5879,Right,0,0,0,0,0.0000,200.000,0,0.000,0,127.500,71.914,4.500,0.0300,0.0000,-20.00,antimatter,60,450;300;200;100;50,2,8,2.5,3.5,100,-10,5,250,40,5,250,60,1,8,11,0,0.06,4,0.5,50,8,5
35,1,60,FrameTimeStutter,6.000,antimatter,practice,2026-08-31T12:06:02.6229449-04:00,2,655,10.92767,15.8041,1032.52,1310.82,-58.000,-1.000,2.9335,7.4486,-4.5879,Right,0,0,0,0,0.0000,200.000,0,0.000,0,127.500,71.914,4.500,0.0300,0.0000,-20.00,antimatter,60,450;300;200;100;50,2,8,2.5,3.5,100,-10,5,250,40,5,250,60,1,8,11,0,0.06,4,0.5,50,8,5
35,1,60,FrameTimeStutter,6.000,antimatter,practice,2026-08-31T12:06:02.6229449-04:00,2,656,10.94461,16.9401,957.34,1310.82,-60.000,0.000,1.8364,7.4486,-4.5879,Right,0,0,0,0,0.0000,200.000,0,0.000,0,127.500,71.914,4.500,0.0300,0.0000,-20.00,antimatter,60,450;300;200;100;50,2,8,2.5,3.5,100,-10,5,250,40,5,250,60,1,8,11,0,0.06,4,0.5,50,8,5
35,1,60,FrameTimeStutter,6.000,antimatter,practice,2026-08-31T12:06:02.6229449-04:00,2,657,10.96137,16.7552,892.18,1310.82,-52.000,0.000,0.8856,7.4486,-4.5879,Right,0,0,0,0,0.0000,200.000,0,0.000,0,127.500,71.914,4.500,0.0300,0.0000,-20.00,antimatter,60,450;300;200;100;50,2,8,2.5,3.5,100,-10,5,250,40,5,250,60,1,8,11,0,0.06,4,0.5,50,8,5
35,1,60,FrameTimeStutter,6.000,antimatter,practice,2026-08-31T12:06:02.6229449-04:00,2,658,10.97839,17.0238,835.79,1310.82,-45.000,0.000,0.0627,7.4486,-4.5879,Right,0,0,0,0,0.0000,200.000,0,0.000,0,127.500,71.914,4.500,0.0300,0.0000,-20.00,antimatter,60,450;300;200;100;50,2,8,2.5,3.5,100,-10,5,250,40,5,250,60,1,8,11,0,0.06,4,0.5,50,8,5
35,1,60,FrameTimeStutter,6.000,antimatter,practice,2026-08-31T12:06:02.6229449-04:00,2,659,10.99460,16.2101,783.16,1310.82,-42.000,0.000,-0.7053,7.4486,-4.5879,Right,0,0,0,0,0.0000,200.000,0,0.000,0,127.500,71.914,4.500,0.0300,0.0000,-20.00,antimatter,60,450;300;200;100;50,2,8,2.5,3.5,100,-10,5,250,40,5,250,60,1,8,11,0,0.06,4,0.5,50,8,5
35,1,60,FrameTimeStutter,6.000,antimatter,practice,2026-08-31T12:06:02.6229449-04:00,2,660,11.01180,17.2008,735.55,1310.82,-38.000,0.000,-1.4001,7.4486,-4.5879,Right,0,0,0,0,0.0000,200.000,0,0.000,0,127.500,71.914,4.500,0.0300,0.0000,-20.00,antimatter,60,450;300;200;100;50,2,8,2.5,3.5,100,-10,5,250,40,5,250,60,1,8,11,0,0.06,4,0.5,50,8,5
35,1,60,FrameTimeStutter,6.000,antimatter,practice,2026-08-31T12:06:02.6229449-04:00,2,661,11.02787,16.0635,681.66,1310.82,-43.000,0.000,-2.1864,7.4486,-4.5879,Right,0,0,0,0,0.0000,200.000,0,0.000,0,127.500,71.914,4.500,0.0300,0.0000,-20.00,antimatter,60,450;300;200;100;50,2,8,2.5,3.5,100,-10,5,250,40,5,250,60,1,8,11,0,0.06,4,0.5,50,8,5
35,1,60,FrameTimeStutter,6.000,antimatter,practice,2026-08-31T12:06:02.6229449-04:00,2,662,11.04510,17.2305,630.29,1308.31,-41.000,-2.000,-2.9361,7.4120,-4.5879,Right,0,0,0,0,0.0000,200.000,0,0.000,0,127.500,71.914,4.500,0.0300,0.0000,-20.00,antimatter,60,450;300;200;100;50,2,8,2.5,3.5,100,-10,5,250,40,5,250,60,1,8,11,0,0.06,4,0.5,50,8,5
35,1,60,FrameTimeStutter,6.000,antimatter,practice,2026-08-31T12:06:02.6229449-04:00,2,663,11.06160,16.4996,580.17,1307.06,-40.000,-1.000,-3.6675,7.3937,-4.5879,Right,0,0,0,0,0.0000,200.000,0,0.000,0,127.500,71.914,4.500,0.0300,0.0000,-20.00,antimatter,60,450;300;200;100;50,2,8,2.5,3.5,100,-10,5,250,40,5,250,60,1,8,11,0,0.06,4,0.5,50,8,5
35,1,60,FrameTimeStutter,6.000,antimatter,practice,2026-08-31T12:06:02.6229449-04:00,2,664,11.07797,16.3760,532.55,1307.06,-38.000,0.000,-4.3624,7.3937,-4.5879,Right,0,0,0,0,0.0000,200.000,0,0.000,0,127.500,71.914,4.500,0.0300,0.0000,-20.00,antimatter,60,450;300;200;100;50,2,8,2.5,3.5,100,-10,5,250,40,5,250,60,1,8,11,0,0.06,4,0.5,50,8,5
35,1,60,FrameTimeStutter,6.000,antimatter,practice,2026-08-31T12:06:02.6229449-04:00,2,665,11.09574,17.7657,461.13,1307.06,-57.000,0.000,-5.4047,7.3937,-4.5879,Right,0,0,0,0,0.0000,200.000,0,0.000,0,127.500,71.914,4.500,0.0300,0.0000,-20.00,antimatter,60,450;300;200;100;50,2,8,2.5,3.5,100,-10,5,250,40,5,250,60,1,8,11,0,0.06,4,0.5,50,8,5
35,1,60,FrameTimeStutter,6.000,antimatter,practice,2026-08-31T12:06:02.6229449-04:00,2,666,11.11159,15.8466,409.75,1308.31,-41.000,1.000,-6.1543,7.4120,-4.5879,Left,0,0,0,0,0.0000,200.000,0,0.000,0,127.500,71.914,4.500,0.0300,0.0000,-20.00,antimatter,60,450;300;200;100;50,2,8,2.5,3.5,100,-10,5,250,40,5,250,60,1,8,11,0,0.06,4,0.5,50,8,5
35,1,60,FrameTimeStutter,6.000,antimatter,practice,2026-08-31T12:06:02.6229449-04:00,2,667,11.12799,16.4074,355.87,1308.31,-43.000,0.000,-6.9406,7.4120,-4.5879,Left,0,0,0,0,0.0000,200.000,0,0.000,0,127.500,71.914,4.500,0.0300,0.0000,-20.00,antimatter,60,450;300;200;100;50,2,8,2.5,3.5,100,-10,5,250,40,5,250,60,1,8,11,0,0.06,4,0.5,50,8,5
35,1,60,FrameTimeStutter,6.000,antimatter,practice,2026-08-31T12:06:02.6229449-04:00,2,668,11.14469,16.6930,301.99,1308.31,-43.000,0.000,-7.7269,7.4120,-4.5879,Left,0,0,0,0,0.0000,200.000,0,0.000,0,127.500,71.914,4.500,0.0300,0.0000,-20.00,antimatter,60,450;300;200;100;50,2,8,2.5,3.5,100,-10,5,250,40,5,250,60,1,8,11,0,0.06,4,0.5,50,8,5
35,1,60,FrameTimeStutter,6.000,antimatter,practice,2026-08-31T12:06:02.6229449-04:00,2,669,11.16148,16.7931,245.60,1308.31,-45.000,0.000,-8.5497,7.4120,-4.5879,Left,0,0,0,0,0.0000,200.000,0,0.000,0,127.500,71.914,4.500,0.0300,0.0000,-20.00,antimatter,60,450;300;200;100;50,2,8,2.5,3.5,100,-10,5,250,40,5,250,60,1,8,11,0,0.06,4,0.5,50,8,5
35,1,60,FrameTimeStutter,6.000,antimatter,practice,2026-08-31T12:06:02.6229449-04:00,2,670,11.17861,17.1293,192.97,1308.31,-42.000,0.000,-9.3177,7.4120,-4.5879,Left,0,0,0,0,0.0000,200.000,0,0.000,0,127.500,71.914,4.500,0.0300,0.0000,-20.00,antimatter,60,450;300;200;100;50,2,8,2.5,3.5,100,-10,5,250,40,5,250,60,1,8,11,0,0.06,4,0.5,50,8,5
35,1,60,FrameTimeStutter,6.000,antimatter,practice,2026-08-31T12:06:02.6229449-04:00,2,671,11.19479,16.1822,135.33,1308.31,-46.000,0.000,-10.1589,7.4120,-4.5879,Left,0,0,0,0,0.0000,200.000,0,0.000,0,127.500,71.914,4.500,0.0300,0.0000,-20.00,antimatter,60,450;300;200;100;50,2,8,2.5,3.5,100,-10,5,250,40,5,250,60,1,8,11,0,0.06,4,0.5,50,8,5
35,1,60,FrameTimeStutter,6.000,antimatter,practice,2026-08-31T12:06:02.6229449-04:00,2,672,11.21116,16.3658,77.69,1309.56,-46.000,1.000,-11.0000,7.4303,-4.5879,Left,0,0,0,0,0.0000,200.000,0,0.000,0,127.500,71.914,4.500,0.0300,0.0000,-20.00,antimatter,60,450;300;200;100;50,2,8,2.5,3.5,100,-10,5,250,40,5,250,60,1,8,11,0,0.06,4,0.5,50,8,5
35,1,60,FrameTimeStutter,6.000,antimatter,practice,2026-08-31T12:06:02.6229449-04:00,2,673,11.22845,17.2974,21.30,1309.56,-45.000,0.000,-11.8229,7.4303,-4.5879,Left,0,0,0,0,0.0000,200.000,0,0.000,0,127.500,71.914,4.500,0.0300,0.0000,-20.00,antimatter,60,450;300;200;100;50,2,8,2.5,3.5,100,-10,5,250,40,5,250,60,1,8,11,0,0.06,4,0.5,50,8,5
35,1,60,FrameTimeStutter,6.000,antimatter,practice,2026-08-31T12:06:02.6229449-04:00,2,674,11.24505,16.6002,0.00,1309.56,-41.000,0.000,-12.5726,7.4303,-4.5879,Left,0,0,0,0,0.0000,200.000,0,0.000,0,127.500,71.914,4.500,0.0300,0.0000,-20.00,antimatter,60,450;300;200;100;50,2,8,2.5,3.5,100,-10,5,250,40,5,250,60,1,8,11,0,0.06,4,0.5,50,8,5
35,1,60,FrameTimeStutter,6.000,antimatter,practice,2026-08-31T12:06:02.6229449-04:00,2,675,11.26164,16.5902,0.00,1309.56,-39.000,0.000,-13.2857,7.4303,-4.5879,Left,0,0,0,0,0.0000,200.000,0,0.000,0,127.500,71.914,4.500,0.0300,0.0000,-20.00,antimatter,60,450;300;200;100;50,2,8,2.5,3.5,100,-10,5,250,40,5,250,60,1,8,11,0,0.06,4,0.5,50,8,5
35,1,60,FrameTimeStutter,6.000,antimatter,practice,2026-08-31T12:06:02.6229449-04:00,2,676,11.27797,16.3285,0.00,1309.56,-30.000,0.000,-13.8342,7.4302,-4.5879,Left,0,0,0,0,0.0000,200.000,0,0.000,0,127.500,71.914,4.500,0.0300,0.0000,-20.00,antimatter,60,450;300;200;100;50,2,8,2.5,3.5,100,-10,5,250,40,5,250,60,1,8,11,0,0.06,4,0.5,50,8,5
35,1,60,FrameTimeStutter,6.000,antimatter,practice,2026-08-31T12:06:02.6229449-04:00,2,677,11.29510,17.1254,0.00,1309.56,-28.000,0.000,-14.3462,7.4302,-4.5879,Left,0,0,0,0,0.0000,200.000,0,0.000,0,127.500,71.914,4.500,0.0300,0.0000,-20.00,antimatter,60,450;300;200;100;50,2,8,2.5,3.5,100,-10,5,250,40,5,250,60,1,8,11,0,0.06,4,0.5,50,8,5
35,1,60,FrameTimeStutter,6.000,antimatter,practice,2026-08-31T12:06:02.6229449-04:00,2,678,11.31111,16.0101,0.00,1309.56,-12.000,0.000,-14.5657,7.4302,-4.5879,Left,0,0,0,0,0.0000,200.000,0,0.000,0,127.500,71.914,4.500,0.0300,0.0000,-20.00,antimatter,60,450;300;200;100;50,2,8,2.5,3.5,100,-10,5,250,40,5,250,60,1,8,11,0,0.06,4,0.5,50,8,5
35,1,60,FrameTimeStutter,6.000,antimatter,practice,2026-08-31T12:06:02.6229449-04:00,2,679,11.32802,16.9115,0.00,1309.56,-9.000,0.000,-14.7302,7.4302,-4.5879,Left,0,0,0,0,0.0000,200.000,0,0.000,0,127.500,71.914,4.500,0.0300,0.0000,-20.00,antimatter,60,450;300;200;100;50,2,8,2.5,3.5,100,-10,5,250,40,5,250,60,1,8,11,0,0.06,4,0.5,50,8,5
35,1,60,FrameTimeStutter,6.000,antimatter,practice,2026-08-31T12:06:02.6229449-04:00,2,680,11.34501,16.9902,0.00,1309.56,-2.000,0.000,-14.7668,7.4302,-4.5879,Left,0,0,0,0,0.0000,200.000,0,0.000,0,127.500,71.914,4.500,0.0300,0.0000,-20.00,antimatter,60,450;300;200;100;50,2,8,2.5,3.5,100,-10,5,250,40,5,250,60,1,8,11,0,0.06,4,0.5,50,8,5
35,1,60,FrameTimeStutter,6.000,antimatter,practice,2026-08-31T12:06:02.6229449-04:00,2,681,11.36131,16.3002,0.00,1309.56,0.000,0.000,-14.7668,7.4302,-4.5879,Left,0,0,0,0,0.0000,200.000,0,0.000,0,127.500,71.914,4.500,0.0300,0.0000,-20.00,antimatter,60,450;300;200;100;50,2,8,2.5,3.5,100,-10,5,250,40,5,250,60,1,8,11,0,0.06,4,0.5,50,8,5
35,1,60,FrameTimeStutter,6.000,antimatter,practice,2026-08-31T12:06:02.6229449-04:00,2,682,11.37819,16.8747,0.00,1309.56,0.000,0.000,-14.7668,7.4302,-4.5879,Left,0,0,0,0,0.0000,200.000,0,0.000,0,127.500,71.914,4.500,0.0300,0.0000,-20.00,antimatter,60,450;300;200;100;50,2,8,2.5,3.5,100,-10,5,250,40,5,250,60,1,8,11,0,0.06,4,0.5,50,8,5
35,1,60,FrameTimeStutter,6.000,antimatter,practice,2026-08-31T12:06:02.6229449-04:00,2,683,11.39449,16.3031,1.25,1309.56,1.000,0.000,-14.7485,7.4302,-4.5879,Left,0,0,0,0,0.0000,200.000,0,0.000,0,127.500,71.914,4.500,0.0300,0.0000,-20.00,antimatter,60,450;300;200;100;50,2,8,2.5,3.5,100,-10,5,250,40,5,250,60,1,8,11,0,0.06,4,0.5,50,8,5
35,1,60,FrameTimeStutter,6.000,antimatter,practice,2026-08-31T12:06:02.6229449-04:00,2,684,11.41175,17.2574,3.76,1309.56,2.000,0.000,-14.7119,7.4302,-4.5879,Left,0,0,0,0,0.0000,200.000,0,0.000,0,127.500,71.914,4.500,0.0300,0.0000,-20.00,antimatter,60,450;300;200;100;50,2,8,2.5,3.5,100,-10,5,250,40,5,250,60,1,8,11,0,0.06,4,0.5,50,8,5
35,1,60,FrameTimeStutter,6.000,antimatter,practice,2026-08-31T12:06:02.6229449-04:00,2,685,11.42822,16.4686,16.29,1309.56,10.000,0.000,-14.5291,7.4302,-4.5879,Left,0,0,0,0,0.0000,200.000,0,0.000,0,127.500,71.914,4.500,0.0300,0.0000,-20.00,antimatter,60,450;300;200;100;50,2,8,2.5,3.5,100,-10,5,250,40,5,250,60,1,8,11,0,0.06,4,0.5,50,8,5
35,1,60,FrameTimeStutter,6.000,antimatter,practice,2026-08-31T12:06:02.6229449-04:00,2,686,11.44479,16.5767,37.59,1309.56,17.000,0.000,-14.2182,7.4302,-4.5879,Left,0,0,0,0,0.0000,200.000,0,0.000,0,127.500,71.914,4.500,0.0300,0.0000,-20.00,antimatter,60,450;300;200;100;50,2,8,2.5,3.5,100,-10,5,250,40,5,250,60,1,8,11,0,0.06,4,0.5,50,8,5
35,1,60,FrameTimeStutter,6.000,antimatter,practice,2026-08-31T12:06:02.6229449-04:00,2,687,11.46136,16.5737,71.42,1309.56,27.000,0.000,-13.7246,7.4302,-4.5879,Left,0,0,0,0,0.0000,200.000,0,0.000,0,127.500,71.914,4.500,0.0300,0.0000,-20.00,antimatter,60,450;300;200;100;50,2,8,2.5,3.5,100,-10,5,250,40,5,250,60,1,8,11,0,0.06,4,0.5,50,8,5
35,1,60,FrameTimeStutter,6.000,antimatter,practice,2026-08-31T12:06:02.6229449-04:00,2,688,11.47854,17.1775,155.38,1309.56,67.000,0.000,-12.4995,7.4302,-4.5879,Left,0,0,0,0,0.0000,200.000,0,0.000,0,127.500,71.914,4.500,0.0300,0.0000,-20.00,antimatter,60,450;300;200;100;50,2,8,2.5,3.5,100,-10,5,250,40,5,250,60,1,8,11,0,0.06,4,0.5,50,8,5
35,1,60,FrameTimeStutter,6.000,antimatter,practice,2026-08-31T12:06:02.6229449-04:00,2,689,11.49511,16.5708,243.09,1307.06,70.000,-2.000,-11.2195,7.3937,-4.5879,Left,0,0,0,0,0.0000,200.000,0,0.000,0,127.500,71.914,4.500,0.0300,0.0000,-20.00,antimatter,60,450;300;200;100;50,2,8,2.5,3.5,100,-10,5,250,40,5,250,60,1,8,11,0,0.06,4,0.5,50,8,5
35,1,60,FrameTimeStutter,6.000,antimatter,practice,2026-08-31T12:06:02.6229449-04:00,2,690,11.51166,16.5460,337.07,1304.55,75.000,-2.000,-9.8481,7.3571,-4.5879,Left,0,0,0,0,0.0000,200.000,0,0.000,0,127.500,71.914,4.500,0.0300,0.0000,-20.00,antimatter,60,450;300;200;100;50,2,8,2.5,3.5,100,-10,5,250,40,5,250,60,1,8,11,0,0.06,4,0.5,50,8,5
35,1,60,FrameTimeStutter,6.000,antimatter,practice,2026-08-31T12:06:02.6229449-04:00,2,691,11.52827,16.6114,448.60,1304.55,89.000,0.000,-8.2207,7.3571,-4.5879,Left,0,0,0,0,0.0000,200.000,0,0.000,0,127.500,71.914,4.500,0.0300,0.0000,-20.00,antimatter,60,450;300;200;100;50,2,8,2.5,3.5,100,-10,5,250,40,5,250,60,1,8,11,0,0.06,4,0.5,50,8,5
35,1,60,FrameTimeStutter,6.000,antimatter,practice,2026-08-31T12:06:02.6229449-04:00,2,692,11.54495,16.6844,563.88,1303.30,92.000,-1.000,-6.5385,7.3388,-4.5879,Left,0,0,0,0,0.0000,200.000,0,0.000,0,127.500,71.914,4.500,0.0300,0.0000,-20.00,antimatter,60,450;300;200;100;50,2,8,2.5,3.5,100,-10,5,250,40,5,250,60,1,8,11,0,0.06,4,0.5,50,8,5
35,1,60,FrameTimeStutter,6.000,antimatter,practice,2026-08-31T12:06:02.6229449-04:00,2,693,11.56108,16.1258,674.15,1303.30,88.000,0.000,-4.9294,7.3388,-4.5879,Left,0,0,0,0,0.0000,200.000,0,0.000,0,127.500,71.914,4.500,0.0300,0.0000,-20.00,antimatter,60,450;300;200;100;50,2,8,2.5,3.5,100,-10,5,250,40,5,250,60,1,8,11,0,0.06,4,0.5,50,8,5
35,1,60,FrameTimeStutter,6.000,antimatter,practice,2026-08-31T12:06:02.6229449-04:00,2,694,11.57817,17.0861,775.64,1303.30,81.000,0.000,-3.4482,7.3388,-4.5879,Left,0,0,0,0,0.0000,200.000,0,0.000,0,127.500,71.914,4.500,0.0300,0.0000,-20.00,antimatter,60,450;300;200;100;50,2,8,2.5,3.5,100,-10,5,250,40,5,250,60,1,8,11,0,0.06,4,0.5,50,8,5
35,1,60,FrameTimeStutter,6.000,antimatter,practice,2026-08-31T12:06:02.6229449-04:00,2,695,11.59492,16.7490,875.89,1303.30,80.000,0.000,-1.9854,7.3388,-4.5879,Right,0,0,0,0,0.0000,200.000,0,0.000,0,127.500,71.914,4.500,0.0300,0.0000,-20.00,antimatter,60,450;300;200;100;50,2,8,2.5,3.5,100,-10,5,250,40,5,250,60,1,8,11,0,0.06,4,0.5,50,8,5
35,1,60,FrameTimeStutter,6.000,antimatter,practice,2026-08-31T12:06:02.6229449-04:00,2,696,11.61114,16.2201,962.35,1304.55,69.000,1.000,-0.7238,7.3571,-4.5879,Right,0,0,0,0,0.0000,200.000,0,0.000,0,127.500,71.914,4.500,0.0300,0.0000,-20.00,antimatter,60,450;300;200;100;50,2,8,2.5,3.5,100,-10,5,250,40,5,250,60,1,8,11,0,0.06,4,0.5,50,8,5
35,1,60,FrameTimeStutter,6.000,antimatter,practice,2026-08-31T12:06:02.6229449-04:00,2,697,11.62824,17.1034,1048.81,1304.55,69.000,0.000,0.5379,7.3571,-4.5879,Right,0,0,0,0,0.0000,200.000,0,0.000,0,127.500,71.914,4.500,0.0300,0.0000,-20.00,antimatter,60,450;300;200;100;50,2,8,2.5,3.5,100,-10,5,250,40,5,250,60,1,8,11,0,0.06,4,0.5,50,8,5
35,1,60,FrameTimeStutter,6.000,antimatter,practice,2026-08-31T12:06:02.6229449-04:00,2,698,11.64515,16.9066,1123.99,1304.55,60.000,0.000,1.6350,7.3571,-4.5879,Right,0,0,0,0,0.0000,200.000,0,0.000,0,127.500,71.914,4.500,0.0300,0.0000,-20.00,antimatter,60,450;300;200;100;50,2,8,2.5,3.5,100,-10,5,250,40,5,250,60,1,8,11,0,0.06,4,0.5,50,8,5
35,1,60,FrameTimeStutter,6.000,antimatter,practice,2026-08-31T12:06:02.6229449-04:00,2,699,11.66140,16.2537,1196.67,1304.55,58.000,0.000,2.6956,7.3571,-4.5879,Right,0,0,0,0,0.0000,200.000,0,0.000,0,127.500,71.914,4.500,0.0300,0.0000,-20.00,antimatter,60,450;300;200;100;50,2,8,2.5,3.5,100,-10,5,250,40,5,250,60,1,8,11,0,0.06,4,0.5,50,8,5
35,1,60,FrameTimeStutter,6.000,antimatter,practice,2026-08-31T12:06:02.6229449-04:00,2,700,11.67796,16.5594,1264.34,1302.05,54.000,-2.000,3.6830,7.3205,-4.5879,Right,0,0,0,0,0.0000,200.000,0,0.000,0,127.500,71.914,4.500,0.0300,0.0000,-20.00,antimatter,60,450;300;200;100;50,2,8,2.5,3.5,100,-10,5,250,40,5,250,60,1,8,11,0,0.06,4,0.5,50,8,5
35,1,60,FrameTimeStutter,6.000,antimatter,practice,2026-08-31T12:06:02.6229449-04:00,2,701,11.69468,16.7183,1370.85,1302.05,85.000,0.000,5.2372,7.3205,-4.5879,Right,0,0,0,0,0.0000,200.000,0,0.000,0,127.500,71.914,4.500,0.0300,0.0000,-20.00,antimatter,60,450;300;200;100;50,2,8,2.5,3.5,100,-10,5,250,40,5,250,60,1,8,11,0,0.06,4,0.5,50,8,5
35,1,60,FrameTimeStutter,6.000,antimatter,practice,2026-08-31T12:06:02.6229449-04:00,2,702,11.71220,17.5205,1446.03,1302.05,60.000,0.000,6.3344,7.3205,-4.5879,Right,0,0,0,0,0.0000,200.000,0,0.000,0,127.500,71.914,4.500,0.0300,0.0000,-20.00,antimatter,60,450;300;200;100;50,2,8,2.5,3.5,100,-10,5,250,40,5,250,60,1,8,11,0,0.06,4,0.5,50,8,5
35,1,60,FrameTimeStutter,6.000,antimatter,practice,2026-08-31T12:06:02.6229449-04:00,2,703,11.72812,15.9232,1526.23,1304.55,64.000,2.000,7.5046,7.3571,-4.5879,Right,0,0,0,0,0.0000,200.000,0,0.000,0,127.500,71.914,4.500,0.0300,0.0000,-20.00,antimatter,60,450;300;200;100;50,2,8,2.5,3.5,100,-10,5,250,40,5,250,60,1,8,11,0,0.06,4,0.5,50,8,5
35,1,60,FrameTimeStutter,6.000,antimatter,practice,2026-08-31T12:06:02.6229449-04:00,2,704,11.74476,16.6384,1598.90,1307.06,58.000,2.000,8.5652,7.3936,-4.5879,Right,0,0,0,0,0.0000,200.000,0,0.000,0,127.500,71.914,4.500,0.0300,0.0000,-20.00,antimatter,60,450;300;200;100;50,2,8,2.5,3.5,100,-10,5,250,40,5,250,60,1,8,11,0,0.06,4,0.5,50,8,5
35,1,60,FrameTimeStutter,6.000,antimatter,practice,2026-08-31T12:06:02.6229449-04:00,2,705,11.76150,16.7394,1671.58,1308.31,58.000,1.000,9.6257,7.4119,-4.5879,Right,0,0,0,0,0.0000,200.000,0,0.000,0,127.500,71.914,4.500,0.0300,0.0000,-20.00,antimatter,60,450;300;200;100;50,2,8,2.5,3.5,100,-10,5,250,40,5,250,60,1,8,11,0,0.06,4,0.5,50,8,5
35,1,60,FrameTimeStutter,6.000,antimatter,practice,2026-08-31T12:06:02.6229449-04:00,2,706,11.77818,16.6836,1739.25,1309.56,54.000,1.000,10.6131,7.4302,-4.5879,Right,0,0,0,0,0.0000,200.000,0,0.000,0,127.500,71.914,4.500,0.0300,0.0000,-20.00,antimatter,60,450;300;200;100;50,2,8,2.5,3.5,100,-10,5,250,40,5,250,60,1,8,11,0,0.06,4,0.5,50,8,5
35,1,60,FrameTimeStutter,6.000,antimatter,practice,2026-08-31T12:06:02.6229449-04:00,2,707,11.79459,16.4065,1808.17,1309.56,55.000,0.000,11.6188,7.4302,-4.5879,Right,0,0,0,0,0.0000,200.000,0,0.000,0,127.500,71.914,4.500,0.0300,0.0000,-20.00,antimatter,60,450;300;200;100;50,2,8,2.5,3.5,100,-10,5,250,40,5,250,60,1,8,11,0,0.06,4,0.5,50,8,5
35,1,60,FrameTimeStutter,6.000,antimatter,practice,2026-08-31T12:06:02.6229449-04:00,2,708,11.81130,16.7121,1878.34,1309.56,56.000,0.000,12.6428,7.4302,-4.5879,Right,0,0,0,0,0.0000,200.000,0,0.000,0,127.500,71.914,4.500,0.0300,0.0000,-20.00,antimatter,60,450;300;200;100;50,2,8,2.5,3.5,100,-10,5,250,40,5,250,60,1,8,11,0,0.06,4,0.5,50,8,5
35,1,60,FrameTimeStutter,6.000,antimatter,practice,2026-08-31T12:06:02.6229449-04:00,2,709,11.82779,16.4906,1949.76,1309.56,57.000,0.000,13.6850,7.4302,-4.5879,Right,0,0,0,0,0.0000,200.000,0,0.000,0,127.500,71.914,4.500,0.0300,0.0000,-20.00,antimatter,60,450;300;200;100;50,2,8,2.5,3.5,100,-10,5,250,40,5,250,60,1,8,11,0,0.06,4,0.5,50,8,5
35,1,60,FrameTimeStutter,6.000,antimatter,practice,2026-08-31T12:06:02.6229449-04:00,2,710,11.84529,17.4982,2011.16,1309.56,49.000,0.000,14.5810,7.4302,-4.5879,Right,0,0,0,0,0.0000,200.000,0,0.000,0,127.500,71.914,4.500,0.0300,0.0000,-20.00,antimatter,60,450;300;200;100;50,2,8,2.5,3.5,100,-10,5,250,40,5,250,60,1,8,11,0,0.06,4,0.5,50,8,5
35,1,60,FrameTimeStutter,6.000,antimatter,practice,2026-08-31T12:06:02.6229449-04:00,2,711,11.86155,16.2558,2070.05,1309.56,47.000,0.000,15.4404,7.4302,-4.5879,Right,0,0,0,0,0.0000,200.000,0,0.000,0,127.500,71.914,4.500,0.0300,0.0000,-20.00,antimatter,60,450;300;200;100;50,2,8,2.5,3.5,100,-10,5,250,40,5,250,60,1,8,11,0,0.06,4,0.5,50,8,5
35,1,60,FrameTimeStutter,6.000,antimatter,practice,2026-08-31T12:06:02.6229449-04:00,2,712,11.87786,16.3163,2128.95,1309.56,47.000,0.000,16.2998,7.4302,-4.5879,Right,0,0,0,0,0.0000,200.000,0,0.000,0,127.500,71.914,4.500,0.0300,0.0000,-20.00,antimatter,60,450;300;200;100;50,2,8,2.5,3.5,100,-10,5,250,40,5,250,60,1,8,11,0,0.06,4,0.5,50,8,5
35,1,60,FrameTimeStutter,6.000,antimatter,practice,2026-08-31T12:06:02.6229449-04:00,2,713,11.89478,16.9228,2230.45,1309.56,81.000,0.000,17.7809,7.4302,-4.5879,Right,0,0,0,0,0.0000,200.000,0,0.000,0,127.500,71.914,4.500,0.0300,0.0000,-20.00,antimatter,60,450;300;200;100;50,2,8,2.5,3.5,100,-10,5,250,40,5,250,60,1,8,11,0,0.06,4,0.5,50,8,5
35,1,60,FrameTimeStutter,6.000,antimatter,practice,2026-08-31T12:06:02.6229449-04:00,2,714,11.91127,16.4866,2299.36,1309.56,55.000,0.000,18.7867,7.4302,-4.5879,Right,0,0,0,0,0.0000,200.000,0,0.000,0,127.500,71.914,4.500,0.0300,0.0000,-20.00,antimatter,60,450;300;200;100;50,2,8,2.5,3.5,100,-10,5,250,40,5,250,60,1,8,11,0,0.06,4,0.5,50,8,5
35,1,60,FrameTimeStutter,6.000,antimatter,practice,2026-08-31T12:06:02.6229449-04:00,2,715,11.92836,17.0882,2367.03,1309.56,54.000,0.000,19.7741,7.4302,-4.5879,Right,0,0,0,0,0.0000,200.000,0,0.000,0,127.500,71.914,4.500,0.0300,0.0000,-20.00,antimatter,60,450;300;200;100;50,2,8,2.5,3.5,100,-10,5,250,40,5,250,60,1,8,11,0,0.06,4,0.5,50,8,5
35,1,60,FrameTimeStutter,6.000,antimatter,practice,2026-08-31T12:06:02.6229449-04:00,2,716,11.94464,16.2835,2430.94,1308.31,51.000,-1.000,20.7066,7.4119,-4.5879,Right,0,0,0,0,0.0000,200.000,0,0.000,0,127.500,71.914,4.500,0.0300,0.0000,-20.00,antimatter,60,450;300;200;100;50,2,8,2.5,3.5,100,-10,5,250,40,5,250,60,1,8,11,0,0.06,4,0.5,50,8,5
35,1,60,FrameTimeStutter,6.000,antimatter,practice,2026-08-31T12:06:02.6229449-04:00,2,717,11.96141,16.7701,2492.34,1307.06,49.000,-1.000,21.6026,7.3936,-4.5879,Right,0,0,0,0,0.0000,200.000,0,0.000,0,127.500,71.914,4.500,0.0300,0.0000,-20.00,antimatter,60,450;300;200;100;50,2,8,2.5,3.5,100,-10,5,250,40,5,250,60,1,8,11,0,0.06,4,0.5,50,8,5
35,1,60,FrameTimeStutter,6.000,antimatter,practice,2026-08-31T12:06:02.6229449-04:00,2,718,11.97794,16.5281,2553.74,1305.81,49.000,-1.000,22.4986,7.3753,-4.5879,Right,0,0,0,0,0.0000,200.000,0,0.000,0,127.500,71.914,4.500,0.0300,0.0000,-20.00,antimatter,60,450;300;200;100;50,2,8,2.5,3.5,100,-10,5,250,40,5,250,60,1,8,11,0,0.06,4,0.5,50,8,5
35,1,60,FrameTimeStutter,6.000,antimatter,practice,2026-08-31T12:06:02.6229449-04:00,2,719,11.99494,17.0001,2558.75,1305.81,46.000,0.000,23.3397,7.3753,-4.5879,Right,0,0,0,0,0.0000,200.000,0,0.000,0,127.500,71.914,4.500,0.0300,0.0000,-20.00,antimatter,60,450;300;200;100;50,2,8,2.5,3.5,100,-10,5,250,40,5,250,60,1,8,11,0,0.06,4,0.5,50,8,5
35,1,60,FrameTimeStutter,6.000,antimatter,practice,2026-08-31T12:06:02.6229449-04:00,2,720,12.01112,16.1762,2558.75,1304.55,44.000,-1.000,24.1442,7.3570,-4.5879,Right,0,0,0,0,0.0000,200.000,0,0.000,0,127.500,71.914,4.500,0.0300,0.0000,-20.00,antimatter,60,450;300;200;100;50,2,8,2.5,3.5,100,-10,5,250,40,5,250,60,1,8,11,0,0.06,4,0.5,50,8,5
35,1,60,FrameTimeStutter,6.000,antimatter,practice,2026-08-31T12:06:02.6229449-04:00,2,721,12.02839,17.2769,2558.75,1303.30,39.000,-1.000,24.8573,7.3388,-4.5879,Right,0,0,0,0,0.0000,200.000,0,0.000,0,127.500,71.914,4.500,0.0300,0.0000,-20.00,antimatter,60,450;300;200;100;50,2,8,2.5,3.5,100,-10,5,250,40,5,250,60,1,8,11,0,0.06,4,0.5,50,8,5
35,1,60,FrameTimeStutter,6.000,antimatter,practice,2026-08-31T12:06:02.6229449-04:00,2,722,12.04517,16.7796,2558.75,1303.30,30.000,0.000,25.4059,7.3388,-4.5879,Right,0,0,0,0,0.0000,200.000,0,0.000,0,127.500,71.914,4.500,0.0300,0.0000,-20.00,antimatter,60,450;300;200;100;50,2,8,2.5,3.5,100,-10,5,250,40,5,250,60,1,8,11,0,0.06,4,0.5,50,8,5
35,1,60,FrameTimeStutter,6.000,antimatter,practice,2026-08-31T12:06:02.6229449-04:00,2,723,12.06171,16.5380,2558.75,1303.30,23.000,0.000,25.8265,7.3388,-4.5879,Right,0,0,0,0,0.0000,200.000,0,0.000,0,127.500,71.914,4.500,0.0300,0.0000,-20.00,antimatter,60,450;300;200;100;50,2,8,2.5,3.5,100,-10,5,250,40,5,250,60,1,8,11,0,0.06,4,0.5,50,8,5
35,1,60,FrameTimeStutter,6.000,antimatter,practice,2026-08-31T12:06:02.6229449-04:00,2,724,12.07839,16.6757,2558.75,1302.05,29.000,-1.000,26.3567,7.3205,-4.5879,Right,0,0,0,0,0.0000,200.000,0,0.000,0,127.500,71.914,4.500,0.0300,0.0000,-20.00,antimatter,60,450;300;200;100;50,2,8,2.5,3.5,100,-10,5,250,40,5,250,60,1,8,11,0,0.06,4,0.5,50,8,5
35,1,60,FrameTimeStutter,6.000,antimatter,practice,2026-08-31T12:06:02.6229449-04:00,2,725,12.09459,16.2060,2558.75,1300.79,19.000,-1.000,26.7041,7.3022,-4.5879,Right,0,0,0,0,0.0000,200.000,0,0.000,0,127.500,71.914,4.500,0.0300,0.0000,-20.00,antimatter,60,450;300;200;100;50,2,8,2.5,3.5,100,-10,5,250,40,5,250,60,1,8,11,0,0.06,4,0.5,50,8,5
35,1,60,FrameTimeStutter,6.000,antimatter,practice,2026-08-31T12:06:02.6229449-04:00,2,726,12.11135,16.7516,2558.75,1300.79,17.000,0.000,27.0150,7.3022,-4.5879,Right,0,0,0,0,0.0000,200.000,0,0.000,0,127.500,71.914,4.500,0.0300,0.0000,-20.00,antimatter,60,450;300;200;100;50,2,8,2.5,3.5,100,-10,5,250,40,5,250,60,1,8,11,0,0.06,4,0.5,50,8,5
35,1,60,FrameTimeStutter,6.000,antimatter,practice,2026-08-31T12:06:02.6229449-04:00,2,727,12.12848,17.1321,2558.75,1300.79,13.000,0.000,27.2527,7.3022,-4.5879,Right,0,0,0,0,0.0000,200.000,0,0.000,0,127.500,71.914,4.500,0.0300,0.0000,-20.00,antimatter,60,450;300;200;100;50,2,8,2.5,3.5,100,-10,5,250,40,5,250,60,1,8,11,0,0.06,4,0.5,50,8,5
35,1,60,FrameTimeStutter,6.000,antimatter,practice,2026-08-31T12:06:02.6229449-04:00,2,728,12.14488,16.4052,2558.75,1302.05,5.000,1.000,27.3441,7.3205,-4.5879,Right,0,0,0,0,0.0000,200.000,0,0.000,0,127.500,71.914,4.500,0.0300,0.0000,-20.00,antimatter,60,450;300;200;100;50,2,8,2.5,3.5,100,-10,5,250,40,5,250,60,1,8,11,0,0.06,4,0.5,50,8,5
35,1,60,FrameTimeStutter,6.000,antimatter,practice,2026-08-31T12:06:02.6229449-04:00,2,729,12.16113,16.2439,2558.75,1302.05,1.000,0.000,27.3561,7.3205,-4.5879,Right,0,0,0,0,0.0000,200.000,0,0.000,0,127.500,71.914,4.500,0.0300,0.0000,-20.00,antimatter,60,450;300;200;100;50,2,8,2.5,3.5,100,-10,5,250,40,5,250,60,1,8,11,0,0.06,4,0.5,50,8,5
35,1,60,FrameTimeStutter,6.000,antimatter,practice,2026-08-31T12:06:02.6229449-04:00,2,730,12.17833,17.2036,2558.75,1302.05,0.000,0.000,27.3561,7.3205,-4.5879,Right,0,0,0,0,0.0000,200.000,0,0.000,0,127.500,71.914,4.500,0.0300,0.0000,-20.00,antimatter,60,450;300;200;100;50,2,8,2.5,3.5,100,-10,5,250,40,5,250,60,1,8,11,0,0.06,4,0.5,50,8,5
35,1,60,FrameTimeStutter,6.000,antimatter,practice,2026-08-31T12:06:02.6229449-04:00,2,731,12.19455,16.2194,2558.75,1302.05,0.000,0.000,27.3561,7.3205,-4.5879,Right,0,0,0,0,0.0000,200.000,0,0.000,0,127.500,71.914,4.500,0.0300,0.0000,-20.00,antimatter,60,450;300;200;100;50,2,8,2.5,3.5,100,-10,5,250,40,5,250,60,1,8,11,0,0.06,4,0.5,50,8,5
35,1,60,FrameTimeStutter,6.000,antimatter,practice,2026-08-31T12:06:02.6229449-04:00,2,732,12.21152,16.9667,2558.75,1302.05,0.000,0.000,27.3561,7.3205,-4.5879,Right,0,0,0,0,0.0000,200.000,0,0.000,0,127.500,71.914,4.500,0.0300,0.0000,-20.00,antimatter,60,450;300;200;100;50,2,8,2.5,3.5,100,-10,5,250,40,5,250,60,1,8,11,0,0.06,4,0.5,50,8,5
35,1,60,FrameTimeStutter,6.000,antimatter,practice,2026-08-31T12:06:02.6229449-04:00,2,733,12.22840,16.8840,2558.75,1302.05,0.000,0.000,27.3561,7.3205,-4.5879,Right,0,0,0,0,0.0000,200.000,0,0.000,0,127.500,71.914,4.500,0.0300,0.0000,-20.00,antimatter,60,450;300;200;100;50,2,8,2.5,3.5,100,-10,5,250,40,5,250,60,1,8,11,0,0.06,4,0.5,50,8,5
35,1,60,FrameTimeStutter,6.000,antimatter,practice,2026-08-31T12:06:02.6229449-04:00,2,734,12.24523,16.8293,2553.74,1302.05,-4.000,0.000,27.2830,7.3205,-4.5879,Right,0,0,0,0,0.0000,200.000,0,0.000,0,127.500,71.914,4.500,0.0300,0.0000,-20.00,antimatter,60,450;300;200;100;50,2,8,2.5,3.5,100,-10,5,250,40,5,250,60,1,8,11,0,0.06,4,0.5,50,8,5
35,1,60,FrameTimeStutter,6.000,antimatter,practice,2026-08-31T12:06:02.6229449-04:00,2,735,12.26221,16.9760,2521.16,1299.54,-44.000,-3.000,26.4784,7.2656,-4.5879,Right,0,0,0,0,0.0000,200.000,0,0.000,0,127.500,71.914,4.500,0.0300,0.0000,-20.00,antimatter,60,450;300;200;100;50,2,8,2.5,3.5,100,-10,5,250,40,5,250,60,1,8,11,0,0.06,4,0.5,50,8,5
35,1,60,FrameTimeStutter,6.000,antimatter,practice,2026-08-31T12:06:02.6229449-04:00,2,736,12.27852,16.3125,2434.69,1292.02,-51.000,-5.000,25.5458,7.1742,-4.5879,Right,0,0,0,0,0.0000,200.000,0,0.000,0,127.500,71.914,4.500,0.0300,0.0000,-20.00,antimatter,60,450;300;200;100;50,2,8,2.5,3.5,100,-10,5,250,40,5,250,60,1,8,11,0,0.06,4,0.5,50,8,5
35,1,60,FrameTimeStutter,6.000,antimatter,practice,2026-08-31T12:06:02.6229449-04:00,2,737,12.29524,16.7217,2355.75,1288.26,-63.000,-3.000,24.3939,7.1193,-4.5879,Right,0,0,0,0,0.0000,200.000,0,0.000,0,127.500,71.914,4.500,0.0300,0.0000,-20.00,antimatter,60,450;300;200;100;50,2,8,2.5,3.5,100,-10,5,250,40,5,250,60,1,8,11,0,0.06,4,0.5,50,8,5
35,1,60,FrameTimeStutter,6.000,antimatter,practice,2026-08-31T12:06:02.6229449-04:00,2,738,12.31121,15.9713,2264.28,1287.01,-73.000,-1.000,23.0591,7.1010,-4.5879,Right,0,0,0,0,0.0000,200.000,0,0.000,0,127.500,71.914,4.500,0.0300,0.0000,-20.00,antimatter,60,450;300;200;100;50,2,8,2.5,3.5,100,-10,5,250,40,5,250,60,1,8,11,0,0.06,4,0.5,50,8,5
35,1,60,FrameTimeStutter,6.000,antimatter,practice,2026-08-31T12:06:02.6229449-04:00,2,739,12.32820,16.9877,2154.01,1287.01,-88.000,0.000,21.4500,7.1010,-4.5879,Right,0,0,0,0,0.0000,200.000,0,0.000,0,127.500,71.914,4.500,0.0300,0.0000,-20.00,antimatter,60,450;300;200;100;50,2,8,2.5,3.5,100,-10,5,250,40,5,250,60,1,8,11,0,0.06,4,0.5,50,8,5
35,1,60,FrameTimeStutter,6.000,antimatter,practice,2026-08-31T12:06:02.6229449-04:00,2,740,12.34526,17.0636,2032.46,1289.52,-97.000,2.000,19.6763,7.1376,-4.5879,Right,0,0,0,0,0.0000,200.000,0,0.000,0,127.500,71.914,4.500,0.0300,0.0000,-20.00,antimatter,60,450;300;200;100;50,2,8,2.5,3.5,100,-10,5,250,40,5,250,60,1,8,11,0,0.06,4,0.5,50,8,5
35,1,60,FrameTimeStutter,6.000,antimatter,practice,2026-08-31T12:06:02.6229449-04:00,2,741,12.36182,16.5619,1909.66,1292.02,-98.000,2.000,17.8843,7.1742,-4.5879,Right,0,0,0,0,0.0000,200.000,0,0.000,0,127.500,71.914,4.500,0.0300,0.0000,-20.00,antimatter,60,450;300;200;100;50,2,8,2.5,3.5,100,-10,5,250,40,5,250,60,1,8,11,0,0.06,4,0.5,50,8,5
35,1,60,FrameTimeStutter,6.000,antimatter,practice,2026-08-31T12:06:02.6229449-04:00,2,742,12.37795,16.1274,1795.63,1294.53,-91.000,2.000,16.2204,7.2107,-4.5879,Right,0,0,0,0,0.0000,200.000,0,0.000,0,127.500,71.914,4.500,0.0300,0.0000,-20.00,antimatter,60,450;300;200;100;50,2,8,2.5,3.5,100,-10,5,250,40,5,250,60,1,8,11,0,0.06,4,0.5,50,8,5
35,1,60,FrameTimeStutter,6.000,antimatter,practice,2026-08-31T12:06:02.6229449-04:00,2,743,12.39467,16.7145,1682.86,1294.53,-90.000,0.000,14.5747,7.2107,-4.5879,Right,0,0,0,0,0.0000,200.000,0,0.000,0,127.500,71.914,4.500,0.0300,0.0000,-20.00,antimatter,60,450;300;200;100;50,2,8,2.5,3.5,100,-10,5,250,40,5,250,60,1,8,11,0,0.06,4,0.5,50,8,5
35,1,60,FrameTimeStutter,6.000,antimatter,practice,2026-08-31T12:06:02.6229449-04:00,2,744,12.41184,17.1715,1573.84,1295.78,-87.000,1.000,12.9839,7.2290,-4.5879,Right,0,0,0,0,0.0000,200.000,0,0.000,0,127.500,71.914,4.500,0.0300,0.0000,-20.00,antimatter,60,450;300;200;100;50,2,8,2.5,3.5,100,-10,5,250,40,5,250,60,1,8,11,0,0.06,4,0.5,50,8,5
35,1,60,FrameTimeStutter,6.000,antimatter,practice,2026-08-31T12:06:02.6229449-04:00,2,745,12.42788,16.0396,1473.60,1297.03,-80.000,1.000,11.5211,7.2473,-4.5879,Right,0,0,0,0,0.0000,200.000,0,0.000,0,127.500,71.914,4.500,0.0300,0.0000,-20.00,antimatter,60,450;300;200;100;50,2,8,2.5,3.5,100,-10,5,250,40,5,250,60,1,8,11,0,0.06,4,0.5,50,8,5
35,1,60,FrameTimeStutter,6.000,antimatter,practice,2026-08-31T12:06:02.6229449-04:00,2,746,12.44481,16.9296,1385.88,1298.29,-70.000,1.000,10.2411,7.2656,-4.5879,Right,0,0,0,0,0.0000,200.000,0,0.000,0,127.500,71.914,4.500,0.0300,0.0000,-20.00,antimatter,60,450;300;200;100;50,2,8,2.5,3.5,100,-10,5,250,40,5,250,60,1,8,11,0,0.06,4,0.5,50,8,5
35,1,60,FrameTimeStutter,6.000,antimatter,practice,2026-08-31T12:06:02.6229449-04:00,2,747,12.46261,17.8057,1266.84,1299.54,-95.000,1.000,8.5040,7.2839,-4.5879,Right,0,0,0,0,0.0000,200.000,0,0.000,0,127.500,71.914,4.500,0.0300,0.0000,-20.00,antimatter,60,450;300;200;100;50,2,8,2.5,3.5,100,-10,5,250,40,5,250,60,1,8,11,0,0.06,4,0.5,50,8,5
35,1,60,FrameTimeStutter,6.000,antimatter,practice,2026-08-31T12:06:02.6229449-04:00,2,748,12.47887,16.2550,1182.89,1302.05,-67.000,2.000,7.2789,7.3204,-4.5879,Right,0,0,0,0,0.0000,200.000,0,0.000,0,127.500,71.914,4.500,0.0300,0.0000,-20.00,antimatter,60,450;300;200;100;50,2,8,2.5,3.5,100,-10,5,250,40,5,250,60,1,8,11,0,0.06,4,0.5,50,8,5
35,1,60,FrameTimeStutter,6.000,antimatter,practice,2026-08-31T12:06:02.6229449-04:00,2,749,12.49493,16.0664,1097.68,1302.05,-68.000,0.000,6.0355,7.3204,-4.5879,Right,0,0,0,0,0.0000,200.000,0,0.000,0,127.500,71.914,4.500,0.0300,0.0000,-20.00,antimatter,60,450;300;200;100;50,2,8,2.5,3.5,100,-10,5,250,40,5,250,60,1,8,11,0,0.06,4,0.5,50,8,5
35,1,60,FrameTimeStutter,6.000,antimatter,practice,2026-08-31T12:06:02.6229449-04:00,2,750,12.51188,16.9515,1011.22,1303.30,-69.000,1.000,4.7738,7.3387,-4.5879,Right,0,0,0,0,0.0000,200.000,0,0.000,0,127.500,71.914,4.500,0.0300,0.0000,-20.00,antimatter,60,450;300;200;100;50,2,8,2.5,3.5,100,-10,5,250,40,5,250,60,1,8,11,0,0.06,4,0.5,50,8,5
35,1,60,FrameTimeStutter,6.000,antimatter,practice,2026-08-31T12:06:02.6229449-04:00,2,751,12.52817,16.2807,918.49,1303.30,-74.000,0.000,3.4206,7.3387,-4.5879,Right,0,0,0,0,0.0000,200.000,0,0.000,0,127.500,71.914,4.500,0.0300,0.0000,-20.00,antimatter,60,450;300;200;100;50,2,8,2.5,3.5,100,-10,5,250,40,5,250,60,1,8,11,0,0.06,4,0.5,50,8,5
35,1,60,FrameTimeStutter,6.000,antimatter,practice,2026-08-31T12:06:02.6229449-04:00,2,752,12.54490,16.7387,832.03,1302.05,-69.000,-1.000,2.1590,7.3204,-4.5879,Right,0,0,0,0,0.0000,200.000,0,0.000,0,127.500,71.914,4.500,0.0300,0.0000,-20.00,antimatter,60,450;300;200;100;50,2,8,2.5,3.5,100,-10,5,250,40,5,250,60,1,8,11,0,0.06,4,0.5,50,8,5
35,1,60,FrameTimeStutter,6.000,antimatter,practice,2026-08-31T12:06:02.6229449-04:00,2,753,12.56121,16.3047,743.06,1300.79,-71.000,-1.000,0.8607,7.3021,-4.5879,Right,0,0,0,0,0.0000,200.000,0,0.000,0,127.500,71.914,4.500,0.0300,0.0000,-20.00,antimatter,60,450;300;200;100;50,2,8,2.5,3.5,100,-10,5,250,40,5,250,60,1,8,11,0,0.06,4,0.5,50,8,5
35,1,60,FrameTimeStutter,6.000,antimatter,practice,2026-08-31T12:06:02.6229449-04:00,2,754,12.57827,17.0564,657.86,1298.29,-68.000,-2.000,-0.3827,7.2656,-4.5879,Right,0,0,0,0,0.0000,200.000,0,0.000,0,127.500,71.914,4.500,0.0300,0.0000,-20.00,antimatter,60,450;300;200;100;50,2,8,2.5,3.5,100,-10,5,250,40,5,250,60,1,8,11,0,0.06,4,0.5,50,8,5
35,1,60,FrameTimeStutter,6.000,antimatter,practice,2026-08-31T12:06:02.6229449-04:00,2,755,12.59451,16.2429,572.65,1294.53,-68.000,-3.000,-1.6261,7.2107,-4.5879,Right,0,0,0,0,0.0000,200.000,0,0.000,0,127.500,71.914,4.500,0.0300,0.0000,-20.00,antimatter,60,450;300;200;100;50,2,8,2.5,3.5,100,-10,5,250,40,5,250,60,1,8,11,0,0.06,4,0.5,50,8,5
35,1,60,FrameTimeStutter,6.000,antimatter,practice,2026-08-31T12:06:02.6229449-04:00,2,756,12.61156,17.0477,497.46,1289.52,-60.000,-4.000,-2.7232,7.1376,-4.5879,Right,0,0,0,0,0.0000,200.000,0,0.000,0,127.500,71.914,4.500,0.0300,0.0000,-20.00,antimatter,60,450;300;200;100;50,2,8,2.5,3.5,100,-10,5,250,40,5,250,60,1,8,11,0,0.06,4,0.5,50,8,5
35,1,60,FrameTimeStutter,6.000,antimatter,practice,2026-08-31T12:06:02.6229449-04:00,2,757,12.62783,16.2732,424.79,1285.76,-58.000,-3.000,-3.7838,7.0827,-4.5879,Right,0,0,0,0,0.0000,200.000,0,0.000,0,127.500,71.914,4.500,0.0300,0.0000,-20.00,antimatter,60,450;300;200;100;50,2,8,2.5,3.5,100,-10,5,250,40,5,250,60,1,8,11,0,0.06,4,0.5,50,8,5
35,1,60,FrameTimeStutter,6.000,antimatter,practice,2026-08-31T12:06:02.6229449-04:00,2,758,12.64511,17.2773,355.87,1284.50,-55.000,-1.000,-4.7895,7.0644,-4.5879,Right,0,0,0,0,0.0000,200.000,0,0.000,0,127.500,71.914,4.500,0.0300,0.0000,-20.00,antimatter,60,450;300;200;100;50,2,8,2.5,3.5,100,-10,5,250,40,5,250,60,1,8,11,0,0.06,4,0.5,50,8,5
35,1,60,FrameTimeStutter,6.000,antimatter,practice,2026-08-31T12:06:02.6229449-04:00,2,759,12.66136,16.2570,288.20,1283.25,-54.000,-1.000,-5.7769,7.0461,-4.5879,Right,0,0,0,0,0.0000,200.000,0,0.000,0,127.500,71.914,4.500,0.0300,0.0000,-20.00,antimatter,60,450;300;200;100;50,2,8,2.5,3.5,100,-10,5,250,40,5,250,60,1,8,11,0,0.06,4,0.5,50,8,5
35,1,60,FrameTimeStutter,6.000,antimatter,practice,2026-08-31T12:06:02.6229449-04:00,2,760,12.67774,16.3779,221.79,1282.00,-53.000,-1.000,-6.7460,7.0278,-4.5879,Left,0,0,0,0,0.0000,200.000,0,0.000,0,127.500,71.914,4.500,0.0300,0.0000,-20.00,antimatter,60,450;300;200;100;50,2,8,2.5,3.5,100,-10,5,250,40,5,250,60,1,8,11,0,0.06,4,0.5,50,8,5
35,1,60,FrameTimeStutter,6.000,antimatter,practice,2026-08-31T12:06:02.6229449-04:00,2,761,12.69554,17.7967,134.08,1282.00,-70.000,0.000,-8.0260,7.0278,-4.5879,Left,0,0,0,0,0.0000,200.000,0,0.000,0,127.500,71.914,4.500,0.0300,0.0000,-20.00,antimatter,60,450;300;200;100;50,2,8,2.5,3.5,100,-10,5,250,40,5,250,60,1,8,11,0,0.06,4,0.5,50,8,5
35,1,60,FrameTimeStutter,6.000,antimatter,practice,2026-08-31T12:06:02.6229449-04:00,2,762,12.71115,15.6138,80.20,1282.00,-43.000,0.000,-8.8123,7.0278,-4.5879,Left,0,0,0,0,0.0000,200.000,0,0.000,0,127.500,71.914,4.500,0.0300,0.0000,-20.00,antimatter,60,450;300;200;100;50,2,8,2.5,3.5,100,-10,5,250,40,5,250,60,1,8,11,0,0.06,4,0.5,50,8,5
35,1,60,FrameTimeStutter,6.000,antimatter,practice,2026-08-31T12:06:02.6229449-04:00,2,763,12.72855,17.3962,25.06,1282.00,-44.000,0.000,-9.6168,7.0278,-4.5879,Left,0,0,0,0,0.0000,200.000,0,0.000,0,127.500,71.914,4.500,0.0300,0.0000,-20.00,antimatter,60,450;300;200;100;50,2,8,2.5,3.5,100,-10,5,250,40,5,250,60,1,8,11,0,0.06,4,0.5,50,8,5
35,1,60,FrameTimeStutter,6.000,antimatter,practice,2026-08-31T12:06:02.6229449-04:00,2,764,12.74488,16.3329,0.00,1282.00,-43.000,0.000,-10.4031,7.0278,-4.5879,Left,0,0,0,0,0.0000,200.000,0,0.000,0,127.500,71.914,4.500,0.0300,0.0000,-20.00,antimatter,60,450;300;200;100;50,2,8,2.5,3.5,100,-10,5,250,40,5,250,60,1,8,11,0,0.06,4,0.5,50,8,5
35,1,60,FrameTimeStutter,6.000,antimatter,practice,2026-08-31T12:06:02.6229449-04:00,2,765,12.76180,16.9167,0.00,1282.00,-49.000,0.000,-11.2991,7.0278,-4.5879,Left,0,0,0,0,0.0000,200.000,0,0.000,0,127.500,71.914,4.500,0.0300,0.0000,-20.00,antimatter,60,450;300;200;100;50,2,8,2.5,3.5,100,-10,5,250,40,5,250,60,1,8,11,0,0.06,4,0.5,50,8,5
35,1,60,FrameTimeStutter,6.000,antimatter,practice,2026-08-31T12:06:02.6229449-04:00,2,766,12.77808,16.2803,0.00,1282.00,-42.000,0.000,-12.0671,7.0278,-4.5879,Left,0,0,0,0,0.0000,200.000,0,0.000,0,127.500,71.914,4.500,0.0300,0.0000,-20.00,antimatter,60,450;300;200;100;50,2,8,2.5,3.5,100,-10,5,250,40,5,250,60,1,8,11,0,0.06,4,0.5,50,8,5
35,1,60,FrameTimeStutter,6.000,antimatter,practice,2026-08-31T12:06:02.6229449-04:00,2,767,12.79507,16.9929,0.00,1282.00,-40.000,0.000,-12.7985,7.0278,-4.5879,Left,0,0,0,0,0.0000,200.000,0,0.000,0,127.500,71.914,4.500,0.0300,0.0000,-20.00,antimatter,60,450;300;200;100;50,2,8,2.5,3.5,100,-10,5,250,40,5,250,60,1,8,11,0,0.06,4,0.5,50,8,5
35,1,60,FrameTimeStutter,6.000,antimatter,practice,2026-08-31T12:06:02.6229449-04:00,2,768,12.81177,16.6966,0.00,1283.25,-40.000,1.000,-13.5299,7.0461,-4.5879,Left,0,0,0,0,0.0000,200.000,0,0.000,0,127.500,71.914,4.500,0.0300,0.0000,-20.00,antimatter,60,450;300;200;100;50,2,8,2.5,3.5,100,-10,5,250,40,5,250,60,1,8,11,0,0.06,4,0.5,50,8,5
35,1,60,FrameTimeStutter,6.000,antimatter,practice,2026-08-31T12:06:02.6229449-04:00,2,769,12.82826,16.4883,0.00,1284.50,-49.000,1.000,-14.4259,7.0644,-4.5879,Left,0,0,0,0,0.0000,200.000,0,0.000,0,127.500,71.914,4.500,0.0300,0.0000,-20.00,antimatter,60,450;300;200;100;50,2,8,2.5,3.5,100,-10,5,250,40,5,250,60,1,8,11,0,0.06,4,0.5,50,8,5
35,1,60,FrameTimeStutter,6.000,antimatter,practice,2026-08-31T12:06:02.6229449-04:00,2,770,12.84517,16.9135,0.00,1285.76,-53.000,1.000,-15.3951,7.0827,-4.5879,Left,0,0,0,0,0.0000,200.000,0,0.000,0,127.500,71.914,4.500,0.0300,0.0000,-20.00,antimatter,60,450;300;200;100;50,2,8,2.5,3.5,100,-10,5,250,40,5,250,60,1,8,11,0,0.06,4,0.5,50,8,5
35,1,60,FrameTimeStutter,6.000,antimatter,practice,2026-08-31T12:06:02.6229449-04:00,2,771,12.86176,16.5927,0.00,1285.76,-49.000,0.000,-16.2911,7.0827,-4.5879,Left,0,0,0,0,0.0000,200.000,0,0.000,0,127.500,71.914,4.500,0.0300,0.0000,-20.00,antimatter,60,450;300;200;100;50,2,8,2.5,3.5,100,-10,5,250,40,5,250,60,1,8,11,0,0.06,4,0.5,50,8,5
35,1,60,FrameTimeStutter,6.000,antimatter,practice,2026-08-31T12:06:02.6229449-04:00,2,772,12.87829,16.5302,0.00,1288.26,-57.000,2.000,-17.3333,7.1193,-4.5879,Left,0,0,0,0,0.0000,200.000,0,0.000,0,127.500,71.914,4.500,0.0300,0.0000,-20.00,antimatter,60,450;300;200;100;50,2,8,2.5,3.5,100,-10,5,250,40,5,250,60,1,8,11,0,0.06,4,0.5,50,8,5
35,1,60,FrameTimeStutter,6.000,antimatter,practice,2026-08-31T12:06:02.6229449-04:00,2,773,12.89527,16.9802,0.00,1293.28,-20.000,4.000,-17.5818,7.1924,-4.5879,Left,0,0,0,0,0.0000,200.000,0,0.000,0,127.500,71.914,4.500,0.0300,0.0000,-20.00,antimatter,60,450;300;200;100;50,2,8,2.5,3.5,100,-10,5,250,40,5,250,60,1,8,11,0,0.06,4,0.5,50,8,5
35,1,60,FrameTimeStutter,6.000,antimatter,practice,2026-08-31T12:06:02.6229449-04:00,2,774,12.91154,16.2656,0.00,1294.53,-3.000,1.000,-17.5818,7.2107,-4.5879,Left,0,0,0,0,0.0000,200.000,0,0.000,0,127.500,71.914,4.500,0.0300,0.0000,-20.00,antimatter,60,450;300;200;100;50,2,8,2.5,3.5,100,-10,5,250,40,5,250,60,1,8,11,0,0.06,4,0.5,50,8,5
35,1,60,FrameTimeStutter,6.000,antimatter,practice,2026-08-31T12:06:02.6229449-04:00,2,775,12.92785,16.3059,0.00,1294.53,0.000,0.000,-17.5818,7.2107,-4.5879,Left,0,0,0,0,0.0000,200.000,0,0.000,0,127.500,71.914,4.500,0.0300,0.0000,-20.00,antimatter,60,450;300;200;100;50,2,8,2.5,3.5,100,-10,5,250,40,5,250,60,1,8,11,0,0.06,4,0.5,50,8,5
35,1,60,FrameTimeStutter,6.000,antimatter,practice,2026-08-31T12:06:02.6229449-04:00,2,776,12.94473,16.8838,0.00,1294.53,0.000,0.000,-17.5818,7.2107,-4.5879,Left,0,0,0,0,0.0000,200.000,0,0.000,0,127.500,71.914,4.500,0.0300,0.0000,-20.00,antimatter,60,450;300;200;100;50,2,8,2.5,3.5,100,-10,5,250,40,5,250,60,1,8,11,0,0.06,4,0.5,50,8,5
35,1,60,FrameTimeStutter,6.000,antimatter,practice,2026-08-31T12:06:02.6229449-04:00,2,777,12.96130,16.5715,0.00,1294.53,0.000,0.000,-17.5818,7.2107,-4.5879,Left,0,0,0,0,0.0000,200.000,0,0.000,0,127.500,71.914,4.500,0.0300,0.0000,-20.00,antimatter,60,450;300;200;100;50,2,8,2.5,3.5,100,-10,5,250,40,5,250,60,1,8,11,0,0.06,4,0.5,50,8,5
35,1,60,FrameTimeStutter,6.000,antimatter,practice,2026-08-31T12:06:02.6229449-04:00,2,778,12.97834,17.0376,0.00,1294.53,0.000,0.000,-17.5818,7.2107,-4.5879,Left,0,0,0,0,0.0000,200.000,0,0.000,0,127.500,71.914,4.500,0.0300,0.0000,-20.00,antimatter,60,450;300;200;100;50,2,8,2.5,3.5,100,-10,5,250,40,5,250,60,1,8,11,0,0.06,4,0.5,50,8,5
35,1,60,FrameTimeStutter,6.000,antimatter,practice,2026-08-31T12:06:02.6229449-04:00,2,779,12.99490,16.5634,5.01,1294.53,4.000,0.000,-17.5086,7.2107,-4.5879,Left,0,0,0,0,0.0000,200.000,0,0.000,0,127.500,71.914,4.500,0.0300,0.0000,-20.00,antimatter,60,450;300;200;100;50,2,8,2.5,3.5,100,-10,5,250,40,5,250,60,1,8,11,0,0.06,4,0.5,50,8,5
35,1,60,FrameTimeStutter,6.000,antimatter,practice,2026-08-31T12:06:02.6229449-04:00,2,780,13.01190,16.9992,30.07,1294.53,20.000,0.000,-17.1429,7.2107,-4.5879,Left,0,0,0,0,0.0000,200.000,0,0.000,0,127.500,71.914,4.500,0.0300,0.0000,-20.00,antimatter,60,450;300;200;100;50,2,8,2.5,3.5,100,-10,5,250,40,5,250,60,1,8,11,0,0.06,4,0.5,50,8,5
35,1,60,FrameTimeStutter,6.000,antimatter,practice,2026-08-31T12:06:02.6229449-04:00,2,781,13.02826,16.3620,80.20,1294.53,40.000,0.000,-16.4115,7.2107,-4.5879,Left,0,0,0,0,0.0000,200.000,0,0.000,0,127.500,71.914,4.500,0.0300,0.0000,-20.00,antimatter,60,450;300;200;100;50,2,8,2.5,3.5,100,-10,5,250,40,5,250,60,1,8,11,0,0.06,4,0.5,50,8,5
35,1,60,FrameTimeStutter,6.000,antimatter,practice,2026-08-31T12:06:02.6229449-04:00,2,782,13.04448,16.2164,161.64,1293.28,65.000,-1.000,-15.2230,7.1924,-4.5879,Left,0,0,0,0,0.0000,200.000,0,0.000,0,127.500,71.914,4.500,0.0300,0.0000,-20.00,antimatter,60,450;300;200;100;50,2,8,2.5,3.5,100,-10,5,250,40,5,250,60,1,8,11,0,0.06,4,0.5,50,8,5
35,1,60,FrameTimeStutter,6.000,antimatter,practice,2026-08-31T12:06:02.6229449-04:00,2,783,13.06182,17.3433,258.13,1288.26,77.000,-4.000,-13.8150,7.1192,-4.5879,Left,0,0,0,0,0.0000,200.000,0,0.000,0,127.500,71.914,4.500,0.0300,0.0000,-20.00,antimatter,60,450;300;200;100;50,2,8,2.5,3.5,100,-10,5,250,40,5,250,60,1,8,11,0,0.06,4,0.5,50,8,5
35,1,60,FrameTimeStutter,6.000,antimatter,practice,2026-08-31T12:06:02.6229449-04:00,2,784,13.07794,16.1200,359.63,1279.49,81.000,-7.000,-12.3339,6.9912,-4.5879,Left,0,0,0,0,0.0000,200.000,0,0.000,0,127.500,71.914,4.500,0.0300,0.0000,-20.00,antimatter,60,450;300;200;100;50,2,8,2.5,3.5,100,-10,5,250,40,5,250,60,1,8,11,0,0.06,4,0.5,50,8,5
35,1,60,FrameTimeStutter,6.000,antimatter,practice,2026-08-31T12:06:02.6229449-04:00,2,785,13.09467,16.7317,518.77,1263.20,127.000,-13.000,-10.0117,6.7535,-4.5879,Left,0,0,0,0,0.0000,200.000,0,0.000,0,127.500,71.914,4.500,0.0300,0.0000,-20.00,antimatter,60,450;300;200;100;50,2,8,2.5,3.5,100,-10,5,250,40,5,250,60,1,8,11,0,0.06,4,0.5,50,8,5
35,1,60,FrameTimeStutter,6.000,antimatter,practice,2026-08-31T12:06:02.6229449-04:00,2,786,13.11199,17.3128,637.81,1253.18,95.000,-8.000,-8.2746,6.6072,-4.5879,Left,0,0,0,0,0.0000,200.000,0,0.000,0,127.500,71.914,4.500,0.0300,0.0000,-20.00,antimatter,60,450;300;200;100;50,2,8,2.5,3.5,100,-10,5,250,40,5,250,60,1,8,11,0,0.06,4,0.5,50,8,5
35,1,60,FrameTimeStutter,6.000,antimatter,practice,2026-08-31T12:06:02.6229449-04:00,2,787,13.12784,15.8533,755.59,1245.66,94.000,-6.000,-6.5557,6.4975,-4.5879,Left,0,0,0,0,0.0000,200.000,0,0.000,0,127.500,71.914,4.500,0.0300,0.0000,-20.00,antimatter,60,450;300;200;100;50,2,8,2.5,3.5,100,-10,5,250,40,5,250,60,1,8,11,0,0.06,4,0.5,50,8,5
35,1,60,FrameTimeStutter,6.000,antimatter,practice,2026-08-31T12:06:02.6229449-04:00,2,788,13.14426,16.4187,878.39,1239.39,98.000,-5.000,-4.7638,6.4061,-4.5879,Left,0,0,0,0,0.0000,200.000,0,0.000,0,127.500,71.914,4.500,0.0300,0.0000,-20.00,antimatter,60,450;300;200;100;50,2,8,2.5,3.5,100,-10,5,250,40,5,250,60,1,8,11,0,0.06,4,0.5,50,8,5
35,1,60,FrameTimeStutter,6.000,antimatter,practice,2026-08-31T12:06:02.6229449-04:00,2,789,13.16165,17.3878,979.89,1231.88,81.000,-6.000,-3.2827,6.2964,-4.5879,Left,0,0,0,0,0.0000,200.000,0,0.000,0,127.500,71.914,4.500,0.0300,0.0000,-20.00,antimatter,60,450;300;200;100;50,2,8,2.5,3.5,100,-10,5,250,40,5,250,60,1,8,11,0,0.06,4,0.5,50,8,5
35,1,60,FrameTimeStutter,6.000,antimatter,practice,2026-08-31T12:06:02.6229449-04:00,2,790,13.17797,16.3229,1056.33,1225.61,61.000,-5.000,-2.1673,6.2050,-4.5879,Right,0,0,0,0,0.0000,200.000,0,0.000,0,127.500,71.914,4.500,0.0300,0.0000,-20.00,antimatter,60,450;300;200;100;50,2,8,2.5,3.5,100,-10,5,250,40,5,250,60,1,8,11,0,0.06,4,0.5,50,8,5
35,1,60,FrameTimeStutter,6.000,antimatter,practice,2026-08-31T12:06:02.6229449-04:00,2,791,13.19478,16.8136,1116.48,1221.85,48.000,-3.000,-1.2896,6.1501,-4.5879,Right,0,0,0,0,0.0000,200.000,0,0.000,0,127.500,71.914,4.500,0.0300,0.0000,-20.00,antimatter,60,450;300;200;100;50,2,8,2.5,3.5,100,-10,5,250,40,5,250,60,1,8,11,0,0.06,4,0.5,50,8,5
35,1,60,FrameTimeStutter,6.000,antimatter,practice,2026-08-31T12:06:02.6229449-04:00,2,792,13.21107,16.2877,1166.60,1219.34,40.000,-2.000,-0.5582,6.1135,-4.5879,Right,0,0,0,0,0.0000,200.000,0,0.000,0,127.500,71.914,4.500,0.0300,0.0000,-20.00,antimatter,60,450;300;200;100;50,2,8,2.5,3.5,100,-10,5,250,40,5,250,60,1,8,11,0,0.06,4,0.5,50,8,5
35,1,60,FrameTimeStutter,6.000,antimatter,practice,2026-08-31T12:06:02.6229449-04:00,2,793,13.22802,16.9537,1216.72,1218.09,40.000,-1.000,0.1733,6.0953,-4.5879,Right,0,0,0,0,0.0000,200.000,0,0.000,0,127.500,71.914,4.500,0.0300,0.0000,-20.00,antimatter,60,450;300;200;100;50,2,8,2.5,3.5,100,-10,5,250,40,5,250,60,1,8,11,0,0.06,4,0.5,50,8,5
35,1,60,FrameTimeStutter,6.000,antimatter,practice,2026-08-31T12:06:02.6229449-04:00,2,794,13.24518,17.1546,1265.59,1218.09,39.000,0.000,0.8864,6.0953,-4.5879,Right,0,0,0,0,0.0000,200.000,0,0.000,0,127.500,71.914,4.500,0.0300,0.0000,-20.00,antimatter,60,450;300;200;100;50,2,8,2.5,3.5,100,-10,5,250,40,5,250,60,1,8,11,0,0.06,4,0.5,50,8,5
35,1,60,FrameTimeStutter,6.000,antimatter,practice,2026-08-31T12:06:02.6229449-04:00,2,795,13.26142,16.2387,1326.99,1216.84,49.000,-1.000,1.7824,6.0770,-4.5879,Right,0,0,0,0,0.0000,200.000,0,0.000,0,127.500,71.914,4.500,0.0300,0.0000,-20.00,antimatter,60,450;300;200;100;50,2,8,2.5,3.5,100,-10,5,250,40,5,250,60,1,8,11,0,0.06,4,0.5,50,8,5
35,1,60,FrameTimeStutter,6.000,antimatter,practice,2026-08-31T12:06:02.6229449-04:00,2,796,13.27855,17.1321,1423.48,1214.33,77.000,-2.000,3.1903,6.0404,-4.5879,Right,0,0,0,0,0.0000,200.000,0,0.000,0,127.500,71.914,4.500,0.0300,0.0000,-20.00,antimatter,60,450;300;200;100;50,2,8,2.5,3.5,100,-10,5,250,40,5,250,60,1,8,11,0,0.06,4,0.5,50,8,5
35,1,60,FrameTimeStutter,6.000,antimatter,practice,2026-08-31T12:06:02.6229449-04:00,2,797,13.29553,16.9810,1494.90,1213.08,57.000,-1.000,4.2326,6.0221,-4.5879,Right,0,0,0,0,0.0000,200.000,0,0.000,0,127.500,71.914,4.500,0.0300,0.0000,-20.00,antimatter,60,450;300;200;100;50,2,8,2.5,3.5,100,-10,5,250,40,5,250,60,1,8,11,0,0.06,4,0.5,50,8,5
35,1,60,FrameTimeStutter,6.000,antimatter,practice,2026-08-31T12:06:02.6229449-04:00,2,798,13.31134,15.8075,1577.60,1210.57,66.000,-2.000,5.4394,5.9855,-4.5879,Right,0,0,0,0,0.0000,200.000,0,0.000,0,127.500,71.914,4.500,0.0300,0.0000,-20.00,antimatter,60,450;300;200;100;50,2,8,2.5,3.5,100,-10,5,250,40,5,250,60,1,8,11,0,0.06,4,0.5,50,8,5
35,1,60,FrameTimeStutter,6.000,antimatter,practice,2026-08-31T12:06:02.6229449-04:00,2,799,13.32811,16.7741,1671.58,1209.32,75.000,-1.000,6.8108,5.9672,-4.5879,Right,0,0,0,0,0.0000,200.000,0,0.000,0,127.500,71.914,4.500,0.0300,0.0000,-20.00,antimatter,60,450;300;200;100;50,2,8,2.5,3.5,100,-10,5,250,40,5,250,60,1,8,11,0,0.06,4,0.5,50,8,5
35,1,60,FrameTimeStutter,6.000,antimatter,practice,2026-08-31T12:06:02.6229449-04:00,2,800,13.34460,16.4887,1771.83,1209.32,80.000,0.000,8.2736,5.9672,-4.5879,Right,0,0,0,0,0.0000,200.000,0,0.000,0,127.500,71.914,4.500,0.0300,0.0000,-20.00,antimatter,60,450;300;200;100;50,2,8,2.5,3.5,100,-10,5,250,40,5,250,60,1,8,11,0,0.06,4,0.5,50,8,5
35,1,60,FrameTimeStutter,6.000,antimatter,practice,2026-08-31T12:06:02.6229449-04:00,2,801,13.36106,16.4643,1882.10,1210.57,88.000,1.000,9.8827,5.9855,-4.5879,Right,0,0,0,0,0.0000,200.000,0,0.000,0,127.500,71.914,4.500,0.0300,0.0000,-20.00,antimatter,60,450;300;200;100;50,2,8,2.5,3.5,100,-10,5,250,40,5,250,60,1,8,11,0,0.06,4,0.5,50,8,5
35,1,60,FrameTimeStutter,6.000,antimatter,practice,2026-08-31T12:06:02.6229449-04:00,2,802,13.37851,17.4450,1994.87,1214.33,90.000,3.000,11.5284,6.0404,-4.5879,Right,0,0,0,0,0.0000,200.000,0,0.000,0,127.500,71.914,4.500,0.0300,0.0000,-20.00,antimatter,60,450;300;200;100;50,2,8,2.5,3.5,100,-10,5,250,40,5,250,60,1,8,11,0,0.06,4,0.5,50,8,5
35,1,60,FrameTimeStutter,6.000,antimatter,practice,2026-08-31T12:06:02.6229449-04:00,2,803,13.39458,16.0734,2097.62,1220.60,82.000,5.000,13.0278,6.1318,-4.5879,Right,0,0,0,0,0.0000,200.000,0,0.000,0,127.500,71.914,4.500,0.0300,0.0000,-20.00,antimatter,60,450;300;200;100;50,2,8,2.5,3.5,100,-10,5,250,40,5,250,60,1,8,11,0,0.06,4,0.5,50,8,5
35,1,60,FrameTimeStutter,6.000,antimatter,practice,2026-08-31T12:06:02.6229449-04:00,2,804,13.41167,17.0846,2197.87,1226.86,80.000,5.000,14.4906,6.2232,-4.5879,Right,0,0,0,0,0.0000,200.000,0,0.000,0,127.500,71.914,4.500,0.0300,0.0000,-20.00,antimatter,60,450;300;200;100;50,2,8,2.5,3.5,100,-10,5,250,40,5,250,60,1,8,11,0,0.06,4,0.5,50,8,5
35,1,60,FrameTimeStutter,6.000,antimatter,practice,2026-08-31T12:06:02.6229449-04:00,2,805,13.42793,16.2620,2284.33,1229.37,69.000,2.000,15.7522,6.2598,-4.5879,Right,0,0,0,0,0.0000,200.000,0,0.000,0,127.500,71.914,4.500,0.0300,0.0000,-20.00,antimatter,60,450;300;200;100;50,2,8,2.5,3.5,100,-10,5,250,40,5,250,60,1,8,11,0,0.06,4,0.5,50,8,5
35,1,60,FrameTimeStutter,6.000,antimatter,practice,2026-08-31T12:06:02.6229449-04:00,2,806,13.44493,16.9983,2367.03,1231.88,66.000,2.000,16.9591,6.2964,-4.5879,Right,0,0,0,0,0.0000,200.000,0,0.000,0,127.500,71.914,4.500,0.0300,0.0000,-20.00,antimatter,60,450;300;200;100;50,2,8,2.5,3.5,100,-10,5,250,40,5,250,60,1,8,11,0,0.06,4,0.5,50,8,5
35,1,60,FrameTimeStutter,6.000,antimatter,practice,2026-08-31T12:06:02.6229449-04:00,2,807,13.46109,16.1609,2442.21,1234.38,60.000,2.000,18.0562,6.3329,-4.5879,Right,0,0,0,0,0.0000,200.000,0,0.000,0,127.500,71.914,4.500,0.0300,0.0000,-20.00,antimatter,60,450;300;200;100;50,2,8,2.5,3.5,100,-10,5,250,40,5,250,60,1,8,11,0,0.06,4,0.5,50,8,5
35,1,60,FrameTimeStutter,6.000,antimatter,practice,2026-08-31T12:06:02.6229449-04:00,2,808,13.47860,17.5074,2552.48,1236.89,88.000,2.000,19.6653,6.3695,-4.5879,Right,0,0,0,0,0.0000,200.000,0,0.000,0,127.500,71.914,4.500,0.0300,0.0000,-20.00,antimatter,60,450;300;200;100;50,2,8,2.5,3.5,100,-10,5,250,40,5,250,60,1,8,11,0,0.06,4,0.5,50,8,5
35,1,60,FrameTimeStutter,6.000,antimatter,practice,2026-08-31T12:06:02.6229449-04:00,2,809,13.49546,16.8626,2558.75,1238.14,60.000,1.000,20.7624,6.3878,-4.5879,Right,0,0,0,0,0.0000,200.000,0,0.000,0,127.500,71.914,4.500,0.0300,0.0000,-20.00,antimatter,60,450;300;200;100;50,2,8,2.5,3.5,100,-10,5,250,40,5,250,60,1,8,11,0,0.06,4,0.5,50,8,5
35,1,60,FrameTimeStutter,6.000,antimatter,practice,2026-08-31T12:06:02.6229449-04:00,2,810,13.51195,16.4952,2558.75,1238.14,56.000,0.000,21.7864,6.3878,-4.5879,Right,0,0,0,0,0.0000,200.000,0,0.000,0,127.500,71.914,4.500,0.0300,0.0000,-20.00,antimatter,60,450;300;200;100;50,2,8,2.5,3.5,100,-10,5,250,40,5,250,60,1,8,11,0,0.06,4,0.5,50,8,5
35,1,60,FrameTimeStutter,6.000,antimatter,practice,2026-08-31T12:06:02.6229449-04:00,2,811,13.52795,16.0004,2558.75,1238.14,54.000,0.000,22.7738,6.3878,-4.5879,Right,0,0,0,0,0.0000,200.000,0,0.000,0,127.500,71.914,4.500,0.0300,0.0000,-20.00,antimatter,60,450;300;200;100;50,2,8,2.5,3.5,100,-10,5,250,40,5,250,60,1,8,11,0,0.06,4,0.5,50,8,5
35,1,60,FrameTimeStutter,6.000,antimatter,practice,2026-08-31T12:06:02.6229449-04:00,2,812,13.54477,16.8129,2558.75,1238.14,50.000,0.000,23.6880,6.3878,-4.5879,Right,0,0,0,0,0.0000,200.000,0,0.000,0,127.500,71.914,4.500,0.0300,0.0000,-20.00,antimatter,60,450;300;200;100;50,2,8,2.5,3.5,100,-10,5,250,40,5,250,60,1,8,11,0,0.06,4,0.5,50,8,5
35,1,60,FrameTimeStutter,6.000,antimatter,practice,2026-08-31T12:06:02.6229449-04:00,2,813,13.56189,17.1252,2558.75,1238.14,45.000,0.000,24.5109,6.3878,-4.5879,Right,0,0,0,0,0.0000,200.000,0,0.000,0,127.500,71.914,4.500,0.0300,0.0000,-20.00,antimatter,60,450;300;200;100;50,2,8,2.5,3.5,100,-10,5,250,40,5,250,60,1,8,11,0,0.06,4,0.5,50,8,5
35,1,60,FrameTimeStutter,6.000,antimatter,practice,2026-08-31T12:06:02.6229449-04:00,2,814,13.57793,16.0357,2558.75,1238.14,41.000,0.000,25.2606,6.3878,-4.5879,Right,0,0,0,0,0.0000,200.000,0,0.000,0,127.500,71.914,4.500,0.0300,0.0000,-20.00,antimatter,60,450;300;200;100;50,2,8,2.5,3.5,100,-10,5,250,40,5,250,60,1,8,11,0,0.06,4,0.5,50,8,5
35,1,60,FrameTimeStutter,6.000,antimatter,practice,2026-08-31T12:06:02.6229449-04:00,2,815,13.59501,17.0780,2558.75,1239.39,35.000,1.000,25.9005,6.4060,-4.5879,Right,0,0,0,0,0.0000,200.000,0,0.000,0,127.500,71.914,4.500,0.0300,0.0000,-20.00,antimatter,60,450;300;200;100;50,2,8,2.5,3.5,100,-10,5,250,40,5,250,60,1,8,11,0,0.06,4,0.5,50,8,5
35,1,60,FrameTimeStutter,6.000,antimatter,practice,2026-08-31T12:06:02.6229449-04:00,2,816,13.61138,16.3732,2558.75,1240.65,33.000,1.000,26.5039,6.4243,-4.5879,Right,0,0,0,0,0.0000,200.000,0,0.000,0,127.500,71.914,4.500,0.0300,0.0000,-20.00,antimatter,60,450;300;200;100;50,2,8,2.5,3.5,100,-10,5,250,40,5,250,60,1,8,11,0,0.06,4,0.5,50,8,5
35,1,60,FrameTimeStutter,6.000,antimatter,practice,2026-08-31T12:06:02.6229449-04:00,2,817,13.62847,17.0884,2558.75,1243.15,25.000,2.000,26.9611,6.4609,-4.5879,Right,0,0,0,0,0.0000,200.000,0,0.000,0,127.500,71.914,4.500,0.0300,0.0000,-20.00,antimatter,60,450;300;200;100;50,2,8,2.5,3.5,100,-10,5,250,40,5,250,60,1,8,11,0,0.06,4,0.5,50,8,5
35,1,60,FrameTimeStutter,6.000,antimatter,practice,2026-08-31T12:06:02.6229449-04:00,2,818,13.64464,16.1707,2558.75,1244.41,18.000,1.000,27.2902,6.4792,-4.5879,Right,0,0,0,0,0.0000,200.000,0,0.000,0,127.500,71.914,4.500,0.0300,0.0000,-20.00,antimatter,60,450;300;200;100;50,2,8,2.5,3.5,100,-10,5,250,40,5,250,60,1,8,11,0,0.06,4,0.5,50,8,5
35,1,60,FrameTimeStutter,6.000,antimatter,practice,2026-08-31T12:06:02.6229449-04:00,2,819,13.66158,16.9439,2558.75,1245.66,12.000,1.000,27.3561,6.4975,-4.5879,Right,0,0,0,0,0.0000,200.000,0,0.000,0,127.500,71.914,4.500,0.0300,0.0000,-20.00,antimatter,60,450;300;200;100;50,2,8,2.5,3.5,100,-10,5,250,40,5,250,60,1,8,11,0,0.06,4,0.5,50,8,5
35,1,60,FrameTimeStutter,6.000,antimatter,practice,2026-08-31T12:06:02.6229449-04:00,2,820,13.67847,16.8856,2558.75,1246.91,8.000,1.000,27.3561,6.5157,-4.5879,Right,0,0,0,0,0.0000,200.000,0,0.000,0,127.500,71.914,4.500,0.0300,0.0000,-20.00,antimatter,60,450;300;200;100;50,2,8,2.5,3.5,100,-10,5,250,40,5,250,60,1,8,11,0,0.06,4,0.5,50,8,5
35,1,60,FrameTimeStutter,6.000,antimatter,practice,2026-08-31T12:06:02.6229449-04:00,2,821,13.69475,16.2802,2558.75,1246.91,1.000,0.000,27.3561,6.5157,-4.5879,Right,0,0,0,0,0.0000,200.000,0,0.000,0,127.500,71.914,4.500,0.0300,0.0000,-20.00,antimatter,60,450;300;200;100;50,2,8,2.5,3.5,100,-10,5,250,40,5,250,60,1,8,11,0,0.06,4,0.5,50,8,5
35,1,60,FrameTimeStutter,6.000,antimatter,practice,2026-08-31T12:06:02.6229449-04:00,2,822,13.71169,16.9464,2558.75,1246.91,0.000,0.000,27.3561,6.5157,-4.5879,Right,0,0,0,0,0.0000,200.000,0,0.000,0,127.500,71.914,4.500,0.0300,0.0000,-20.00,antimatter,60,450;300;200;100;50,2,8,2.5,3.5,100,-10,5,250,40,5,250,60,1,8,11,0,0.06,4,0.5,50,8,5
35,1,60,FrameTimeStutter,6.000,antimatter,practice,2026-08-31T12:06:02.6229449-04:00,2,823,13.72824,16.5437,2557.49,1246.91,-1.000,0.000,27.3378,6.5157,-4.5879,Right,0,0,0,0,0.0000,200.000,0,0.000,0,127.500,71.914,4.500,0.0300,0.0000,-20.00,antimatter,60,450;300;200;100;50,2,8,2.5,3.5,100,-10,5,250,40,5,250,60,1,8,11,0,0.06,4,0.5,50,8,5
35,1,60,FrameTimeStutter,6.000,antimatter,practice,2026-08-31T12:06:02.6229449-04:00,2,824,13.74442,16.1843,2546.22,1246.91,-9.000,0.000,27.1732,6.5157,-4.5879,Right,0,0,0,0,0.0000,200.000,0,0.000,0,127.500,71.914,4.500,0.0300,0.0000,-20.00,antimatter,60,450;300;200;100;50,2,8,2.5,3.5,100,-10,5,250,40,5,250,60,1,8,11,0,0.06,4,0.5,50,8,5
35,1,60,FrameTimeStutter,6.000,antimatter,practice,2026-08-31T12:06:02.6229449-04:00,2,825,13.76119,16.7711,2517.40,1244.41,-23.000,-2.000,26.7527,6.4792,-4.5879,Right,0,0,0,0,0.0000,200.000,0,0.000,0,127.500,71.914,4.500,0.0300,0.0000,-20.00,antimatter,60,450;300;200;100;50,2,8,2.5,3.5,100,-10,5,250,40,5,250,60,1,8,11,0,0.06,4,0.5,50,8,5
35,1,60,FrameTimeStutter,6.000,antimatter,practice,2026-08-31T12:06:02.6229449-04:00,2,826,13.77802,16.8226,2466.02,1243.15,-41.000,-1.000,26.0030,6.4609,-4.5879,Right,0,0,0,0,0.0000,200.000,0,0.000,0,127.500,71.914,4.500,0.0300,0.0000,-20.00,antimatter,60,450;300;200;100;50,2,8,2.5,3.5,100,-10,5,250,40,5,250,60,1,8,11,0,0.06,4,0.5,50,8,5
35,1,60,FrameTimeStutter,6.000,antimatter,practice,2026-08-31T12:06:02.6229449-04:00,2,827,13.79443,16.4126,2397.10,1244.41,-55.000,1.000,24.9973,6.4792,-4.5879,Right,0,0,0,0,0.0000,200.000,0,0.000,0,127.500,71.914,4.500,0.0300,0.0000,-20.00,antimatter,60,450;300;200;100;50,2,8,2.5,3.5,100,-10,5,250,40,5,250,60,1,8,11,0,0.06,4,0.5,50,8,5
35,1,60,FrameTimeStutter,6.000,antimatter,practice,2026-08-31T12:06:02.6229449-04:00,2,828,13.81125,16.8206,2310.64,1249.42,-69.000,4.000,23.7356,6.5523,-4.5879,Right,0,0,0,0,0.0000,200.000,0,0.000,0,127.500,71.914,4.500,0.0300,0.0000,-20.00,antimatter,60,450;300;200;100;50,2,8,2.5,3.5,100,-10,5,250,40,5,250,60,1,8,11,0,0.06,4,0.5,50,8,5
35,1,60,FrameTimeStutter,6.000,antimatter,practice,2026-08-31T12:06:02.6229449-04:00,2,829,13.82833,17.0811,2209.14,1258.19,-81.000,7.000,22.2545,6.6803,-4.5879,Right,0,0,0,0,0.0000,200.000,0,0.000,0,127.500,71.914,4.500,0.0300,0.0000,-20.00,antimatter,60,450;300;200;100;50,2,8,2.5,3.5,100,-10,5,250,40,5,250,60,1,8,11,0,0.06,4,0.5,50,8,5
35,1,60,FrameTimeStutter,6.000,antimatter,practice,2026-08-31T12:06:02.6229449-04:00,2,830,13.84472,16.3849,2096.37,1266.96,-90.000,7.000,20.6088,6.8083,-4.5879,Right,0,0,0,0,0.0000,200.000,0,0.000,0,127.500,71.914,4.500,0.0300,0.0000,-20.00,antimatter,60,450;300;200;100;50,2,8,2.5,3.5,100,-10,5,250,40,5,250,60,1,8,11,0,0.06,4,0.5,50,8,5
35,1,60,FrameTimeStutter,6.000,antimatter,practice,2026-08-31T12:06:02.6229449-04:00,2,831,13.86143,16.7131,1981.09,1273.23,-92.000,5.000,18.9265,6.8997,-4.5879,Right,0,0,0,0,0.0000,200.000,0,0.000,0,127.500,71.914,4.500,0.0300,0.0000,-20.00,antimatter,60,450;300;200;100;50,2,8,2.5,3.5,100,-10,5,250,40,5,250,60,1,8,11,0,0.06,4,0.5,50,8,5
35,1,60,FrameTimeStutter,6.000,antimatter,practice,2026-08-31T12:06:02.6229449-04:00,2,832,13.87858,17.1496,1793.13,1279.49,-150.000,5.000,16.1838,6.9911,-4.5879,Right,0,0,0,0,0.0000,200.000,0,0.000,0,127.500,71.914,4.500,0.0300,0.0000,-20.00,antimatter,60,450;300;200;100;50,2,8,2.5,3.5,100,-10,5,250,40,5,250,60,1,8,11,0,0.06,4,0.5,50,8,5
35,1,60,FrameTimeStutter,6.000,antimatter,practice,2026-08-31T12:06:02.6229449-04:00,2,833,13.89548,16.9073,1666.57,1283.25,-101.000,3.000,14.3369,7.0460,-4.5879,Right,0,0,0,0,0.0000,200.000,0,0.000,0,127.500,71.914,4.500,0.0300,0.0000,-20.00,antimatter,60,450;300;200;100;50,2,8,2.5,3.5,100,-10,5,250,40,5,250,60,1,8,11,0,0.06,4,0.5,50,8,5
35,1,60,FrameTimeStutter,6.000,antimatter,practice,2026-08-31T12:06:02.6229449-04:00,2,834,13.91238,16.8987,1538.76,1288.26,-102.000,4.000,12.4718,7.1191,-4.5879,Right,0,0,0,0,0.0000,200.000,0,0.000,0,127.500,71.914,4.500,0.0300,0.0000,-20.00,antimatter,60,450;300;200;100;50,2,8,2.5,3.5,100,-10,5,250,40,5,250,60,1,8,11,0,0.06,4,0.5,50,8,5
35,1,60,FrameTimeStutter,6.000,antimatter,practice,2026-08-31T12:06:02.6229449-04:00,2,835,13.92809,15.7058,1428.49,1290.77,-88.000,2.000,10.8627,7.1557,-4.5879,Right,0,0,0,0,0.0000,200.000,0,0.000,0,127.500,71.914,4.500,0.0300,0.0000,-20.00,antimatter,60,450;300;200;100;50,2,8,2.5,3.5,100,-10,5,250,40,5,250,60,1,8,11,0,0.06,4,0.5,50,8,5
35,1,60,FrameTimeStutter,6.000,antimatter,practice,2026-08-31T12:06:02.6229449-04:00,2,836,13.94484,16.7491,1326.99,1293.28,-81.000,2.000,9.3816,7.1922,-4.5879,Right,0,0,0,0,0.0000,200.000,0,0.000,0,127.500,71.914,4.500,0.0300,0.0000,-20.00,antimatter,60,450;300;200;100;50,2,8,2.5,3.5,100,-10,5,250,40,5,250,60,1,8,11,0,0.06,4,0.5,50,8,5
35,1,60,FrameTimeStutter,6.000,antimatter,practice,2026-08-31T12:06:02.6229449-04:00,2,837,13.96141,16.5680,1241.78,1293.28,-68.000,0.000,8.1382,7.1922,-4.5879,Right,0,0,0,0,0.0000,200.000,0,0.000,0,127.500,71.914,4.500,0.0300,0.0000,-20.00,antimatter,60,450;300;200;100;50,2,8,2.5,3.5,100,-10,5,250,40,5,250,60,1,8,11,0,0.06,4,0.5,50,8,5
35,1,60,FrameTimeStutter,6.000,antimatter,practice,2026-08-31T12:06:02.6229449-04:00,2,838,13.97809,16.6861,1150.31,1290.77,-73.000,-2.000,6.8034,7.1557,-4.5879,Right,0,0,0,0,0.0000,200.000,0,0.000,0,127.500,71.914,4.500,0.0300,0.0000,-20.00,antimatter,60,450;300;200;100;50,2,8,2.5,3.5,100,-10,5,250,40,5,250,60,1,8,11,0,0.06,4,0.5,50,8,5
35,1,60,FrameTimeStutter,6.000,antimatter,practice,2026-08-31T12:06:02.6229449-04:00,2,839,13.99465,16.5557,1055.08,1283.25,-76.000,-6.000,5.4137,7.0460,-4.5879,Right,0,0,0,0,0.0000,200.000,0,0.000,0,127.500,71.914,4.500,0.0300,0.0000,-20.00,antimatter,60,450;300;200;100;50,2,8,2.5,3.5,100,-10,5,250,40,5,250,60,1,8,11,0,0.06,4,0.5,50,8,5
35,1,60,FrameTimeStutter,6.000,antimatter,practice,2026-08-31T12:06:02.6229449-04:00,2,840,14.01137,16.7234,946.06,1271.97,-87.000,-9.000,3.8229,6.8814,-4.5879,Right,0,0,0,0,0.0000,200.000,0,0.000,0,127.500,71.914,4.500,0.0300,0.0000,-20.00,antimatter,60,450;300;200;100;50,2,8,2.5,3.5,100,-10,5,250,40,5,250,60,1,8,11,0,0.06,4,0.5,50,8,5
35,1,60,FrameTimeStutter,6.000,antimatter,practice,2026-08-31T12:06:02.6229449-04:00,2,841,14.02840,17.0257,840.80,1263.20,-84.000,-7.000,2.2869,6.7534,-4.5879,Right,0,0,0,0,0.0000,200.000,0,0.000,0,127.500,71.914,4.500,0.0300,0.0000,-20.00,antimatter,60,450;300;200;100;50,2,8,2.5,3.5,100,-10,5,250,40,5,250,60,1,8,11,0,0.06,4,0.5,50,8,5
35,1,60,FrameTimeStutter,6.000,antimatter,practice,2026-08-31T12:06:02.6229449-04:00,2,842,14.04478,16.3835,745.57,1255.68,-76.000,-6.000,0.8973,6.6437,-4.5879,Right,0,0,0,0,0.0000,200.000,0,0.000,0,127.500,71.914,4.500,0.0300,0.0000,-20.00,antimatter,60,450;300;200;100;50,2,8,2.5,3.5,100,-10,5,250,40,5,250,60,1,8,11,0,0.06,4,0.5,50,8,5
35,1,60,FrameTimeStutter,6.000,antimatter,practice,2026-08-31T12:06:02.6229449-04:00,2,843,14.06191,17.1300,646.58,1248.17,-79.000,-6.000,-0.5473,6.5340,-4.5879,Right,0,0,0,0,0.0000,200.000,0,0.000,0,127.500,71.914,4.500,0.0300,0.0000,-20.00,antimatter,60,450;300;200;100;50,2,8,2.5,3.5,100,-10,5,250,40,5,250,60,1,8,11,0,0.06,4,0.5,50,8,5
35,1,60,FrameTimeStutter,6.000,antimatter,practice,2026-08-31T12:06:02.6229449-04:00,2,844,14.07798,16.0679,557.61,1241.90,-71.000,-5.000,-1.8455,6.4426,-4.5879,Right,0,0,0,0,0.0000,200.000,0,0.000,0,127.500,71.914,4.500,0.0300,0.0000,-20.00,antimatter,60,450;300;200;100;50,2,8,2.5,3.5,100,-10,5,250,40,5,250,60,1,8,11,0,0.06,4,0.5,50,8,5
35,1,60,FrameTimeStutter,6.000,antimatter,practice,2026-08-31T12:06:02.6229449-04:00,2,845,14.09550,17.5243,444.84,1233.13,-90.000,-7.000,-3.4912,6.3146,-4.5879,Right,0,0,0,0,0.0000,200.000,0,0.000,0,127.500,71.914,4.500,0.0300,0.0000,-20.00,antimatter,60,450;300;200;100;50,2,8,2.5,3.5,100,-10,5,250,40,5,250,60,1,8,11,0,0.06,4,0.5,50,8,5
35,1,60,FrameTimeStutter,6.000,antimatter,practice,2026-08-31T12:06:02.6229449-04:00,2,846,14.11217,16.6674,372.16,1229.37,-58.000,-3.000,-4.5518,6.2597,-4.5879,Right,0,0,0,0,0.0000,200.000,0,0.000,0,127.500,71.914,4.500,0.0300,0.0000,-20.00,antimatter,60,450;300;200;100;50,2,8,2.5,3.5,100,-10,5,250,40,5,250,60,1,8,11,0,0.06,4,0.5,50,8,5
35,1,60,FrameTimeStutter,6.000,antimatter,practice,2026-08-31T12:06:02.6229449-04:00,2,847,14.12845,16.2820,314.52,1229.37,-46.000,0.000,-5.3929,6.2597,-4.5879,Right,0,0,0,0,0.0000,200.000,0,0.000,0,127.500,71.914,4.500,0.0300,0.0000,-20.00,antimatter,60,450;300;200;100;50,2,8,2.5,3.5,100,-10,5,250,40,5,250,60,1,8,11,0,0.06,4,0.5,50,8,5
35,1,60,FrameTimeStutter,6.000,antimatter,practice,2026-08-31T12:06:02.6229449-04:00,2,848,14.14505,16.6011,259.38,1229.37,-44.000,0.000,-6.1975,6.2597,-4.5879,Left,0,0,0,0,0.0000,200.000,0,0.000,0,127.500,71.914,4.500,0.0300,0.0000,-20.00,antimatter,60,450;300;200;100;50,2,8,2.5,3.5,100,-10,5,250,40,5,250,60,1,8,11,0,0.06,4,0.5,50,8,5
35,1,60,FrameTimeStutter,6.000,antimatter,practice,2026-08-31T12:06:02.6229449-04:00,2,849,14.16158,16.5296,206.75,1230.62,-42.000,1.000,-6.9655,6.2780,-4.5879,Left,0,0,0,0,0.0000,200.000,0,0.000,0,127.500,71.914,4.500,0.0300,0.0000,-20.00,antimatter,60,450;300;200;100;50,2,8,2.5,3.5,100,-10,5,250,40,5,250,60,1,8,11,0,0.06,4,0.5,50,8,5
35,1,60,FrameTimeStutter,6.000,antimatter,practice,2026-08-31T12:06:02.6229449-04:00,2,850,14.17813,16.5439,144.10,1231.88,-50.000,1.000,-7.8797,6.2963,-4.5879,Left,0,0,0,0,0.0000,200.000,0,0.000,0,127.500,71.914,4.500,0.0300,0.0000,-20.00,antimatter,60,450;300;200;100;50,2,8,2.5,3.5,100,-10,5,250,40,5,250,60,1,8,11,0,0.06,4,0.5,50,8,5
35,1,60,FrameTimeStutter,6.000,antimatter,practice,2026-08-31T12:06:02.6229449-04:00,2,851,14.19516,17.0289,75.18,1235.63,-55.000,3.000,-8.8854,6.3511,-4.5879,Left,0,0,0,0,0.0000,200.000,0,0.000,0,127.500,71.914,4.500,0.0300,0.0000,-20.00,antimatter,60,450;300;200;100;50,2,8,2.5,3.5,100,-10,5,250,40,5,250,60,1,8,11,0,0.06,4,0.5,50,8,5
35,1,60,FrameTimeStutter,6.000,antimatter,practice,2026-08-31T12:06:02.6229449-04:00,2,852,14.21146,16.3052,3.76,1239.39,-57.000,3.000,-9.9277,6.4060,-4.5879,Left,0,0,0,0,0.0000,200.000,0,0.000,0,127.500,71.914,4.500,0.0300,0.0000,-20.00,antimatter,60,450;300;200;100;50,2,8,2.5,3.5,100,-10,5,250,40,5,250,60,1,8,11,0,0.06,4,0.5,50,8,5
35,1,60,FrameTimeStutter,6.000,antimatter,practice,2026-08-31T12:06:02.6229449-04:00,2,853,14.22790,16.4337,0.00,1243.15,-54.000,3.000,-10.9151,6.4608,-4.5879,Left,0,0,0,0,0.0000,200.000,0,0.000,0,127.500,71.914,4.500,0.0300,0.0000,-20.00,antimatter,60,450;300;200;100;50,2,8,2.5,3.5,100,-10,5,250,40,5,250,60,1,8,11,0,0.06,4,0.5,50,8,5
35,1,60,FrameTimeStutter,6.000,antimatter,practice,2026-08-31T12:06:02.6229449-04:00,2,854,14.24448,16.5819,0.00,1246.91,-51.000,3.000,-11.8477,6.5157,-4.5879,Left,0,0,0,0,0.0000,200.000,0,0.000,0,127.500,71.914,4.500,0.0300,0.0000,-20.00,antimatter,60,450;300;200;100;50,2,8,2.5,3.5,100,-10,5,250,40,5,250,60,1,8,11,0,0.06,4,0.5,50,8,5
35,1,60,FrameTimeStutter,6.000,antimatter,practice,2026-08-31T12:06:02.6229449-04:00,2,855,14.26169,17.2126,0.00,1249.42,-46.000,2.000,-12.6888,6.5522,-4.5879,Left,0,0,0,0,0.0000,200.000,0,0.000,0,127.500,71.914,4.500,0.0300,0.0000,-20.00,antimatter,60,450;300;200;100;50,2,8,2.5,3.5,100,-10,5,250,40,5,250,60,1,8,11,0,0.06,4,0.5,50,8,5
35,1,60,FrameTimeStutter,6.000,antimatter,practice,2026-08-31T12:06:02.6229449-04:00,2,856,14.27791,16.2158,0.00,1251.92,-44.000,2.000,-13.4934,6.5888,-4.5879,Left,0,0,0,0,0.0000,200.000,0,0.000,0,127.500,71.914,4.500,0.0300,0.0000,-20.00,antimatter,60,450;300;200;100;50,2,8,2.5,3.5,100,-10,5,250,40,5,250,60,1,8,11,0,0.06,4,0.5,50,8,5
35,1,60,FrameTimeStutter,6.000,antimatter,practice,2026-08-31T12:06:02.6229449-04:00,2,857,14.29497,17.0650,0.00,1258.19,-66.000,5.000,-14.7003,6.6802,-4.5879,Left,0,0,0,0,0.0000,200.000,0,0.000,0,127.500,71.914,4.500,0.0300,0.0000,-20.00,antimatter,60,450;300;200;100;50,2,8,2.5,3.5,100,-10,5,250,40,5,250,60,1,8,11,0,0.06,4,0.5,50,8,5
35,1,60,FrameTimeStutter,6.000,antimatter,practice,2026-08-31T12:06:02.6229449-04:00,2,858,14.31161,16.6431,0.00,1263.20,-40.000,4.000,-15.4317,6.7533,-4.5879,Left,0,0,0,0,0.0000,200.000,0,0.000,0,127.500,71.914,4.500,0.0300,0.0000,-20.00,antimatter,60,450;300;200;100;50,2,8,2.5,3.5,100,-10,5,250,40,5,250,60,1,8,11,0,0.06,4,0.5,50,8,5
35,1,60,FrameTimeStutter,6.000,antimatter,practice,2026-08-31T12:06:02.6229449-04:00,2,859,14.32859,16.9765,0.00,1266.96,-28.000,3.000,-15.9437,6.8082,-4.5879,Left,0,0,0,0,0.0000,200.000,0,0.000,0,127.500,71.914,4.500,0.0300,0.0000,-20.00,antimatter,60,450;300;200;100;50,2,8,2.5,3.5,100,-10,5,250,40,5,250,60,1,8,11,0,0.06,4,0.5,50,8,5
35,1,60,FrameTimeStutter,6.000,antimatter,practice,2026-08-31T12:06:02.6229449-04:00,2,860,14.34508,16.4858,0.00,1269.47,-22.000,2.000,-16.3459,6.8448,-4.5879,Left,0,0,0,0,0.0000,200.000,0,0.000,0,127.500,71.914,4.500,0.0300,0.0000,-20.00,antimatter,60,450;300;200;100;50,2,8,2.5,3.5,100,-10,5,250,40,5,250,60,1,8,11,0,0.06,4,0.5,50,8,5
35,1,60,FrameTimeStutter,6.000,antimatter,practice,2026-08-31T12:06:02.6229449-04:00,2,861,14.36185,16.7722,0.00,1269.47,-24.000,0.000,-16.7848,6.8448,-4.5879,Left,0,0,0,0,0.0000,200.000,0,0.000,0,127.500,71.914,4.500,0.0300,0.0000,-20.00,antimatter,60,450;300;200;100;50,2,8,2.5,3.5,100,-10,5,250,40,5,250,60,1,8,11,0,0.06,4,0.5,50,8,5
35,1,60,FrameTimeStutter,6.000,antimatter,practice,2026-08-31T12:06:02.6229449-04:00,2,862,14.37798,16.1331,0.00,1266.96,-25.000,-2.000,-17.2419,6.8082,-4.5879,Left,0,0,0,0,0.0000,200.000,0,0.000,0,127.500,71.914,4.500,0.0300,0.0000,-20.00,antimatter,60,450;300;200;100;50,2,8,2.5,3.5,100,-10,5,250,40,5,250,60,1,8,11,0,0.06,4,0.5,50,8,5
35,1,60,FrameTimeStutter,6.000,antimatter,practice,2026-08-31T12:06:02.6229449-04:00,2,863,14.39515,17.1687,0.00,1261.95,-24.000,-4.000,-17.5818,6.7350,-4.5879,Left,0,0,0,0,0.0000,200.000,0,0.000,0,127.500,71.914,4.500,0.0300,0.0000,-20.00,antimatter,60,450;300;200;100;50,2,8,2.5,3.5,100,-10,5,250,40,5,250,60,1,8,11,0,0.06,4,0.5,50,8,5
35,1,60,FrameTimeStutter,6.000,antimatter,practice,2026-08-31T12:06:02.6229449-04:00,2,864,14.41112,15.9662,0.00,1260.70,-14.000,-1.000,-17.5818,6.7168,-4.5879,Left,0,0,0,0,0.0000,200.000,0,0.000,0,127.500,71.914,4.500,0.0300,0.0000,-20.00,antimatter,60,450;300;200;100;50,2,8,2.5,3.5,100,-10,5,250,40,5,250,60,1,8,11,0,0.06,4,0.5,50,8,5
35,1,60,FrameTimeStutter,6.000,antimatter,practice,2026-08-31T12:06:02.6229449-04:00,2,865,14.42835,17.2378,0.00,1259.44,-4.000,-1.000,-17.5818,6.6985,-4.5879,Left,0,0,0,0,0.0000,200.000,0,0.000,0,127.500,71.914,4.500,0.0300,0.0000,-20.00,antimatter,60,450;300;200;100;50,2,8,2.5,3.5,100,-10,5,250,40,5,250,60,1,8,11,0,0.06,4,0.5,50,8,5
35,1,60,FrameTimeStutter,6.000,antimatter,practice,2026-08-31T12:06:02.6229449-04:00,2,866,14.44447,16.1145,0.00,1259.44,0.000,0.000,-17.5818,6.6985,-4.5879,Left,0,0,0,0,0.0000,200.000,0,0.000,0,127.500,71.914,4.500,0.0300,0.0000,-20.00,antimatter,60,450;300;200;100;50,2,8,2.5,3.5,100,-10,5,250,40,5,250,60,1,8,11,0,0.06,4,0.5,50,8,5
35,1,60,FrameTimeStutter,6.000,antimatter,practice,2026-08-31T12:06:02.6229449-04:00,2,867,14.46162,17.1483,1.25,1259.44,1.000,0.000,-17.5635,6.6985,-4.5879,Left,0,0,0,0,0.0000,200.000,0,0.000,0,127.500,71.914,4.500,0.0300,0.0000,-20.00,antimatter,60,450;300;200;100;50,2,8,2.5,3.5,100,-10,5,250,40,5,250,60,1,8,11,0,0.06,4,0.5,50,8,5
35,1,60,FrameTimeStutter,6.000,antimatter,practice,2026-08-31T12:06:02.6229449-04:00,2,868,14.47824,16.6242,17.54,1259.44,13.000,0.000,-17.3258,6.6985,-4.5879,Left,0,0,0,0,0.0000,200.000,0,0.000,0,127.500,71.914,4.500,0.0300,0.0000,-20.00,antimatter,60,450;300;200;100;50,2,8,2.5,3.5,100,-10,5,250,40,5,250,60,1,8,11,0,0.06,4,0.5,50,8,5
35,1,60,FrameTimeStutter,6.000,antimatter,practice,2026-08-31T12:06:02.6229449-04:00,2,869,14.49509,16.8483,60.15,1261.95,34.000,2.000,-16.7041,6.7350,-4.5879,Left,0,0,0,0,0.0000,200.000,0,0.000,0,127.500,71.914,4.500,0.0300,0.0000,-20.00,antimatter,60,450;300;200;100;50,2,8,2.5,3.5,100,-10,5,250,40,5,250,60,1,8,11,0,0.06,4,0.5,50,8,5
35,1,60,FrameTimeStutter,6.000,antimatter,practice,2026-08-31T12:06:02.6229449-04:00,2,870,14.51155,16.4612,117.79,1261.95,46.000,0.000,-15.8630,6.7350,-4.5879,Left,0,0,0,0,0.0000,200.000,0,0.000,0,127.500,71.914,4.500,0.0300,0.0000,-20.00,antimatter,60,450;300;200;100;50,2,8,2.5,3.5,100,-10,5,250,40,5,250,60,1,8,11,0,0.06,4,0.5,50,8,5
35,1,60,FrameTimeStutter,6.000,antimatter,practice,2026-08-31T12:06:02.6229449-04:00,2,871,14.52830,16.7480,190.47,1260.70,58.000,-1.000,-14.8024,6.7167,-4.5879,Left,0,0,0,0,0.0000,200.000,0,0.000,0,127.500,71.914,4.500,0.0300,0.0000,-20.00,antimatter,60,450;300;200;100;50,2,8,2.5,3.5,100,-10,5,250,40,5,250,60,1,8,11,0,0.06,4,0.5,50,8,5
35,1,60,FrameTimeStutter,6.000,antimatter,practice,2026-08-31T12:06:02.6229449-04:00,2,872,14.54504,16.7460,273.17,1259.44,66.000,-1.000,-13.5956,6.6984,-4.5879,Left,0,0,0,0,0.0000,200.000,0,0.000,0,127.500,71.914,4.500,0.0300,0.0000,-20.00,antimatter,60,450;300;200;100;50,2,8,2.5,3.5,100,-10,5,250,40,5,250,60,1,8,11,0,0.06,4,0.5,50,8,5
35,1,60,FrameTimeStutter,6.000,antimatter,practice,2026-08-31T12:06:02.6229449-04:00,2,873,14.56117,16.1248,373.41,1260.70,80.000,1.000,-12.1328,6.7167,-4.5879,Left,0,0,0,0,0.0000,200.000,0,0.000,0,127.500,71.914,4.500,0.0300,0.0000,-20.00,antimatter,60,450;300;200;100;50,2,8,2.5,3.5,100,-10,5,250,40,5,250,60,1,8,11,0,0.06,4,0.5,50,8,5
35,1,60,FrameTimeStutter,6.000,antimatter,practice,2026-08-31T12:06:02.6229449-04:00,2,874,14.57848,17.3068,494.96,1268.21,97.000,6.000,-10.3591,6.8264,-4.5879,Left,0,0,0,0,0.0000,200.000,0,0.000,0,127.500,71.914,4.500,0.0300,0.0000,-20.00,antimatter,60,450;300;200;100;50,2,8,2.5,3.5,100,-10,5,250,40,5,250,60,1,8,11,0,0.06,4,0.5,50,8,5
35,1,60,FrameTimeStutter,6.000,antimatter,practice,2026-08-31T12:06:02.6229449-04:00,2,875,14.59472,16.2492,626.53,1274.48,105.000,5.000,-8.4392,6.9179,-4.5879,Left,0,0,0,0,0.0000,200.000,0,0.000,0,127.500,71.914,4.500,0.0300,0.0000,-20.00,antimatter,60,450;300;200;100;50,2,8,2.5,3.5,100,-10,5,250,40,5,250,60,1,8,11,0,0.06,4,0.5,50,8,5
35,1,60,FrameTimeStutter,6.000,antimatter,practice,2026-08-31T12:06:02.6229449-04:00,2,876,14.61142,16.6988,755.59,1276.99,103.000,2.000,-6.5558,6.9544,-4.5879,Left,0,0,0,0,0.0000,200.000,0,0.000,0,127.500,71.914,4.500,0.0300,0.0000,-20.00,antimatter,60,450;300;200;100;50,2,8,2.5,3.5,100,-10,5,250,40,5,250,60,1,8,11,0,0.06,4,0.5,50,8,5
35,1,60,FrameTimeStutter,6.000,antimatter,practice,2026-08-31T12:06:02.6229449-04:00,2,877,14.62778,16.3611,884.66,1276.99,103.000,0.000,-4.6724,6.9544,-4.5879,Left,0,0,0,0,0.0000,200.000,0,0.000,0,127.500,71.914,4.500,0.0300,0.0000,-20.00,antimatter,60,450;300;200;100;50,2,8,2.5,3.5,100,-10,5,250,40,5,250,60,1,8,11,0,0.06,4,0.5,50,8,5
35,1,60,FrameTimeStutter,6.000,antimatter,practice,2026-08-31T12:06:02.6229449-04:00,2,878,14.64504,17.2542,1011.22,1274.48,101.000,-2.000,-2.8256,6.9179,-4.5879,Left,0,0,0,0,0.0000,200.000,0,0.000,0,127.500,71.914,4.500,0.0300,0.0000,-20.00,antimatter,60,450;300;200;100;50,2,8,2.5,3.5,100,-10,5,250,40,5,250,60,1,8,11,0,0.06,4,0.5,50,8,5
35,1,60,FrameTimeStutter,6.000,antimatter,practice,2026-08-31T12:06:02.6229449-04:00,2,879,14.66113,16.0958,1127.75,1273.23,93.000,-1.000,-1.1251,6.8996,-4.5879,Right,0,0,0,0,0.0000,200.000,0,0.000,0,127.500,71.914,4.500,0.0300,0.0000,-20.00,antimatter,60,450;300;200;100;50,2,8,2.5,3.5,100,-10,5,250,40,5,250,60,1,8,11,0,0.06,4,0.5,50,8,5
35,1,60,FrameTimeStutter,6.000,antimatter,practice,2026-08-31T12:06:02.6229449-04:00,2,880,14.67771,16.5788,1240.53,1273.23,90.000,0.000,0.5206,6.8996,-4.5879,Right,0,0,0,0,0.0000,200.000,0,0.000,0,127.500,71.914,4.500,0.0300,0.0000,-20.00,antimatter,60,450;300;200;100;50,2,8,2.5,3.5,100,-10,5,250,40,5,250,60,1,8,11,0,0.06,4,0.5,50,8,5
35,1,60,FrameTimeStutter,6.000,antimatter,practice,2026-08-31T12:06:02.6229449-04:00,2,881,14.69518,17.4652,1423.48,1275.73,146.000,2.000,3.1902,6.9361,-4.5879,Right,0,0,0,0,0.0000,200.000,0,0.000,0,127.500,71.914,4.500,0.0300,0.0000,-20.00,antimatter,60,450;300;200;100;50,2,8,2.5,3.5,100,-10,5,250,40,5,250,60,1,8,11,0,0.06,4,0.5,50,8,5
35,1,60,FrameTimeStutter,6.000,antimatter,practice,2026-08-31T12:06:02.6229449-04:00,2,882,14.71143,16.2467,1538.76,1276.99,92.000,1.000,4.8725,6.9544,-4.5879,Right,0,0,0,0,0.0000,200.000,0,0.000,0,127.500,71.914,4.500,0.0300,0.0000,-20.00,antimatter,60,450;300;200;100;50,2,8,2.5,3.5,100,-10,5,250,40,5,250,60,1,8,11,0,0.06,4,0.5,50,8,5
35,1,60,FrameTimeStutter,6.000,antimatter,practice,2026-08-31T12:06:02.6229449-04:00,2,883,14.72783,16.3992,1640.26,1276.99,81.000,0.000,6.3536,6.9544,-4.5879,Right,0,0,0,0,0.0000,200.000,0,0.000,0,127.500,71.914,4.500,0.0300,0.0000,-20.00,antimatter,60,450;300;200;100;50,2,8,2.5,3.5,100,-10,5,250,40,5,250,60,1,8,11,0,0.06,4,0.5,50,8,5
35,1,60,FrameTimeStutter,6.000,antimatter,practice,2026-08-31T12:06:02.6229449-04:00,2,884,14.74508,17.2503,1734.23,1275.73,75.000,-1.000,7.7250,6.9361,-4.5879,Right,0,0,0,0,0.0000,200.000,0,0.000,0,127.500,71.914,4.500,0.0300,0.0000,-20.00,antimatter,60,450;300;200;100;50,2,8,2.5,3.5,100,-10,5,250,40,5,250,60,1,8,11,0,0.06,4,0.5,50,8,5
35,1,60,FrameTimeStutter,6.000,antimatter,practice,2026-08-31T12:06:02.6229449-04:00,2,885,14.76157,16.4986,1819.44,1274.48,68.000,-1.000,8.9684,6.9178,-4.5879,Right,0,0,0,0,0.0000,200.000,0,0.000,0,127.500,71.914,4.500,0.0300,0.0000,-20.00,antimatter,60,450;300;200;100;50,2,8,2.5,3.5,100,-10,5,250,40,5,250,60,1,8,11,0,0.06,4,0.5,50,8,5
35,1,60,FrameTimeStutter,6.000,antimatter,practice,2026-08-31T12:06:02.6229449-04:00,2,886,14.77806,16.4910,1903.40,1273.23,67.000,-1.000,10.1935,6.8995,-4.5879,Right,0,0,0,0,0.0000,200.000,0,0.000,0,127.500,71.914,4.500,0.0300,0.0000,-20.00,antimatter,60,450;300;200;100;50,2,8,2.5,3.5,100,-10,5,250,40,5,250,60,1,8,11,0,0.06,4,0.5,50,8,5
35,1,60,FrameTimeStutter,6.000,antimatter,practice,2026-08-31T12:06:02.6229449-04:00,2,887,14.79483,16.7603,1981.09,1273.23,62.000,0.000,11.3272,6.8995,-4.5879,Right,0,0,0,0,0.0000,200.000,0,0.000,0,127.500,71.914,4.500,0.0300,0.0000,-20.00,antimatter,60,450;300;200;100;50,2,8,2.5,3.5,100,-10,5,250,40,5,250,60,1,8,11,0,0.06,4,0.5,50,8,5
35,1,60,FrameTimeStutter,6.000,antimatter,practice,2026-08-31T12:06:02.6229449-04:00,2,888,14.81158,16.7509,2061.28,1273.23,64.000,0.000,12.4975,6.8995,-4.5879,Right,0,0,0,0,0.0000,200.000,0,0.000,0,127.500,71.914,4.500,0.0300,0.0000,-20.00,antimatter,60,450;300;200;100;50,2,8,2.5,3.5,100,-10,5,250,40,5,250,60,1,8,11,0,0.06,4,0.5,50,8,5
35,1,60,FrameTimeStutter,6.000,antimatter,practice,2026-08-31T12:06:02.6229449-04:00,2,889,14.82816,16.5781,2131.45,1274.48,56.000,1.000,13.5214,6.9178,-4.5879,Right,0,0,0,0,0.0000,200.000,0,0.000,0,127.500,71.914,4.500,0.0300,0.0000,-20.00,antimatter,60,450;300;200;100;50,2,8,2.5,3.5,100,-10,5,250,40,5,250,60,1,8,11,0,0.06,4,0.5,50,8,5
35,1,60,FrameTimeStutter,6.000,antimatter,practice,2026-08-31T12:06:02.6229449-04:00,2,890,14.84521,17.0551,2205.38,1278.24,59.000,3.000,14.6002,6.9727,-4.5879,Right,0,0,0,0,0.0000,200.000,0,0.000,0,127.500,71.914,4.500,0.0300,0.0000,-20.00,antimatter,60,450;300;200;100;50,2,8,2.5,3.5,100,-10,5,250,40,5,250,60,1,8,11,0,0.06,4,0.5,50,8,5
35,1,60,FrameTimeStutter,6.000,antimatter,practice,2026-08-31T12:06:02.6229449-04:00,2,891,14.86193,16.7176,2280.57,1279.49,60.000,1.000,15.6974,6.9910,-4.5879,Right,0,0,0,0,0.0000,200.000,0,0.000,0,127.500,71.914,4.500,0.0300,0.0000,-20.00,antimatter,60,450;300;200;100;50,2,8,2.5,3.5,100,-10,5,250,40,5,250,60,1,8,11,0,0.06,4,0.5,50,8,5
35,1,60,FrameTimeStutter,6.000,antimatter,practice,2026-08-31T12:06:02.6229449-04:00,2,892,14.87770,15.7672,2362.02,1282.00,65.000,2.000,16.8859,7.0275,-4.5879,Right,0,0,0,0,0.0000,200.000,0,0.000,0,127.500,71.914,4.500,0.0300,0.0000,-20.00,antimatter,60,450;300;200;100;50,2,8,2.5,3.5,100,-10,5,250,40,5,250,60,1,8,11,0,0.06,4,0.5,50,8,5
35,1,60,FrameTimeStutter,6.000,antimatter,practice,2026-08-31T12:06:02.6229449-04:00,2,893,14.89532,17.6227,2476.05,1282.00,91.000,0.000,18.5498,7.0275,-4.5879,Right,0,0,0,0,0.0000,200.000,0,0.000,0,127.500,71.914,4.500,0.0300,0.0000,-20.00,antimatter,60,450;300;200;100;50,2,8,2.5,3.5,100,-10,5,250,40,5,250,60,1,8,11,0,0.06,4,0.5,50,8,5
35,1,60,FrameTimeStutter,6.000,antimatter,practice,2026-08-31T12:06:02.6229449-04:00,2,894,14.91125,15.9279,2547.47,1282.00,57.000,0.000,19.5921,7.0275,-4.5879,Right,0,0,0,0,0.0000,200.000,0,0.000,0,127.500,71.914,4.500,0.0300,0.0000,-20.00,antimatter,60,450;300;200;100;50,2,8,2.5,3.5,100,-10,5,250,40,5,250,60,1,8,11,0,0.06,4,0.5,50,8,5
35,1,60,FrameTimeStutter,6.000,antimatter,practice,2026-08-31T12:06:02.6229449-04:00,2,895,14.92856,17.3192,2558.75,1282.00,56.000,0.000,20.6160,7.0275,-4.5879,Right,0,0,0,0,0.0000,200.000,0,0.000,0,127.500,71.914,4.500,0.0300,0.0000,-20.00,antimatter,60,450;300;200;100;50,2,8,2.5,3.5,100,-10,5,250,40,5,250,60,1,8,11,0,0.06,4,0.5,50,8,5
35,1,60,FrameTimeStutter,6.000,antimatter,practice,2026-08-31T12:06:02.6229449-04:00,2,896,14.94526,16.7000,2558.75,1280.74,63.000,-1.000,21.7680,7.0092,-4.5879,Right,0,0,0,0,0.0000,200.000,0,0.000,0,127.500,71.914,4.500,0.0300,0.0000,-20.00,antimatter,60,450;300;200;100;50,2,8,2.5,3.5,100,-10,5,250,40,5,250,60,1,8,11,0,0.06,4,0.5,50,8,5
35,1,60,FrameTimeStutter,6.000,antimatter,practice,2026-08-31T12:06:02.6229449-04:00,2,897,14.96156,16.2987,2558.75,1278.24,64.000,-2.000,22.9383,6.9727,-4.5879,Right,0,0,0,0,0.0000,200.000,0,0.000,0,127.500,71.914,4.500,0.0300,0.0000,-20.00,antimatter,60,450;300;200;100;50,2,8,2.5,3.5,100,-10,5,250,40,5,250,60,1,8,11,0,0.06,4,0.5,50,8,5
35,1,60,FrameTimeStutter,6.000,antimatter,practice,2026-08-31T12:06:02.6229449-04:00,2,898,14.97799,16.4325,2558.75,1271.97,68.000,-5.000,24.1817,6.8812,-4.5879,Right,0,0,0,0,0.0000,200.000,0,0.000,0,127.500,71.914,4.500,0.0300,0.0000,-20.00,antimatter,60,450;300;200;100;50,2,8,2.5,3.5,100,-10,5,250,40,5,250,60,1,8,11,0,0.06,4,0.5,50,8,5
35,1,60,FrameTimeStutter,6.000,antimatter,practice,2026-08-31T12:06:02.6229449-04:00,2,899,14.99516,17.1667,2558.75,1266.96,61.000,-4.000,25.2970,6.8081,-4.5879,Right,0,0,0,0,0.0000,200.000,0,0.000,0,127.500,71.914,4.500,0.0300,0.0000,-20.00,antimatter,60,450;300;200;100;50,2,8,2.5,3.5,100,-10,5,250,40,5,250,60,1,8,11,0,0.06,4,0.5,50,8,5
35,1,60,FrameTimeStutter,6.000,antimatter,practice,2026-08-31T12:06:02.6229449-04:00,2,900,15.01145,16.2832,2558.75,1260.70,58.000,-5.000,26.3576,6.7167,-4.5879,Right,0,0,0,0,0.0000,200.000,0,0.000,0,127.500,71.914,4.500,0.0300,0.0000,-20.00,antimatter,60,450;300;200;100;50,2,8,2.5,3.5,100,-10,5,250,40,5,250,60,1,8,11,0,0.06,4,0.5,50,8,5
35,1,60,FrameTimeStutter,6.000,antimatter,practice,2026-08-31T12:06:02.6229449-04:00,2,901,15.02779,16.3419,2558.75,1256.94,56.000,-3.000,27.3561,6.6618,-4.5879,Right,0,0,0,0,0.0000,200.000,0,0.000,0,127.500,71.914,4.500,0.0300,0.0000,-20.00,antimatter,60,450;300;200;100;50,2,8,2.5,3.5,100,-10,5,250,40,5,250,60,1,8,11,0,0.06,4,0.5,50,8,5
35,1,60,FrameTimeStutter,6.000,antimatter,practice,2026-08-31T12:06:02.6229449-04:00,2,902,15.04512,17.3309,2558.75,1254.43,65.000,-2.000,27.3561,6.6252,-4.5879,Right,0,0,0,0,0.0000,200.000,0,0.000,0,127.500,71.914,4.500,0.0300,0.0000,-20.00,antimatter,60,450;300;200;100;50,2,8,2.5,3.5,100,-10,5,250,40,5,250,60,1,8,11,0,0.06,4,0.5,50,8,5
35,1,60,FrameTimeStutter,6.000,antimatter,practice,2026-08-31T12:06:02.6229449-04:00,2,903,15.06165,16.5325,2558.75,1250.67,59.000,-3.000,27.3561,6.5704,-4.5879,Right,0,0,0,0,0.0000,200.000,0,0.000,0,127.500,71.914,4.500,0.0300,0.0000,-20.00,antimatter,60,450;300;200;100;50,2,8,2.5,3.5,100,-10,5,250,40,5,250,60,1,8,11,0,0.06,4,0.5,50,8,5
35,1,60,FrameTimeStutter,6.000,antimatter,practice,2026-08-31T12:06:02.6229449-04:00,2,904,15.07811,16.4556,2558.75,1246.91,82.000,-5.000,27.3561,6.4790,-4.5879,Right,0,0,0,0,0.0000,200.000,0,0.000,0,127.500,71.914,4.500,0.0300,0.0000,-20.00,antimatter,60,450;300;200;100;50,2,8,2.5,3.5,100,-10,5,250,40,5,250,60,1,8,11,0,0.06,4,0.5,50,8,5
35,1,60,FrameTimeStutter,6.000,antimatter,practice,2026-08-31T12:06:02.6229449-04:00,2,905,15.09500,16.8894,2558.75,1240.65,36.000,-3.000,27.3561,6.4241,-4.5879,Right,0,0,0,0,0.0000,200.000,0,0.000,0,127.500,71.914,4.500,0.0300,0.0000,-20.00,antimatter,60,450;300;200;100;50,2,8,2.5,3.5,100,-10,5,250,40,5,250,60,1,8,11,0,0.06,4,0.5,50,8,5
35,1,60,FrameTimeStutter,6.000,antimatter,practice,2026-08-31T12:06:02.6229449-04:00,2,906,15.11145,16.4507,2558.75,1238.14,21.000,-2.000,27.3561,6.3875,-4.5879,Right,0,0,0,0,0.0000,200.000,0,0.000,0,127.500,71.914,4.500,0.0300,0.0000,-20.00,antimatter,60,450;300;200;100;50,2,8,2.5,3.5,100,-10,5,250,40,5,250,60,1,8,11,0,0.06,4,0.5,50,8,5
35,1,60,FrameTimeStutter,6.000,antimatter,practice,2026-08-31T12:06:02.6229449-04:00,2,907,15.12786,16.4090,2558.75,1236.89,6.000,-1.000,27.3561,6.3692,-4.5879,Right,0,0,0,0,0.0000,200.000,0,0.000,0,127.500,71.914,4.500,0.0300,0.0000,-20.00,antimatter,60,450;300;200;100;50,2,8,2.5,3.5,100,-10,5,250,40,5,250,60,1,8,11,0,0.06,4,0.5,50,8,5
35,1,60,FrameTimeStutter,6.000,antimatter,practice,2026-08-31T12:06:02.6229449-04:00,2,908,15.14471,16.8536,2558.75,1236.89,0.000,0.000,27.3561,6.3692,-4.5879,Right,0,0,0,0,0.0000,200.000,0,0.000,0,127.500,71.914,4.500,0.0300,0.0000,-20.00,antimatter,60,450;300;200;100;50,2,8,2.5,3.5,100,-10,5,250,40,5,250,60,1,8,11,0,0.06,4,0.5,50,8,5
35,1,60,FrameTimeStutter,6.000,antimatter,practice,2026-08-31T12:06:02.6229449-04:00,2,909,15.16179,17.0806,2558.75,1236.89,0.000,0.000,27.3561,6.3692,-4.5879,Right,0,0,0,0,0.0000,200.000,0,0.000,0,127.500,71.914,4.500,0.0300,0.0000,-20.00,antimatter,60,450;300;200;100;50,2,8,2.5,3.5,100,-10,5,250,40,5,250,60,1,8,11,0,0.06,4,0.5,50,8,5
35,1,60,FrameTimeStutter,6.000,antimatter,practice,2026-08-31T12:06:02.6229449-04:00,2,910,15.17788,16.0896,2556.24,1236.89,-2.000,0.000,27.3195,6.3692,-4.5879,Right,0,0,0,0,0.0000,200.000,0,0.000,0,127.500,71.914,4.500,0.0300,0.0000,-20.00,antimatter,60,450;300;200;100;50,2,8,2.5,3.5,100,-10,5,250,40,5,250,60,1,8,11,0,0.06,4,0.5,50,8,5
35,1,60,FrameTimeStutter,6.000,antimatter,practice,2026-08-31T12:06:02.6229449-04:00,2,911,15.19489,17.0081,2542.46,1234.38,-11.000,-2.000,27.1184,6.3327,-4.5879,Right,0,0,0,0,0.0000,200.000,0,0.000,0,127.500,71.914,4.500,0.0300,0.0000,-20.00,antimatter,60,450;300;200;100;50,2,8,2.5,3.5,100,-10,5,250,40,5,250,60,1,8,11,0,0.06,4,0.5,50,8,5
35,1,60,FrameTimeStutter,6.000,antimatter,practice,2026-08-31T12:06:02.6229449-04:00,2,912,15.21169,16.7984,2502.36,1230.62,-32.000,-3.000,26.5333,6.2778,-4.5879,Right,0,0,0,0,0.0000,200.000,0,0.000,0,127.500,71.914,4.500,0.0300,0.0000,-20.00,antimatter,60,450;300;200;100;50,2,8,2.5,3.5,100,-10,5,250,40,5,250,60,1,8,11,0,0.06,4,0.5,50,8,5
35,1,60,FrameTimeStutter,6.000,antimatter,practice,2026-08-31T12:06:02.6229449-04:00,2,913,15.22841,16.7240,2435.95,1225.61,-53.000,-4.000,25.5641,6.2047,-4.5879,Right,0,0,0,0,0.0000,200.000,0,0.000,0,127.500,71.914,4.500,0.0300,0.0000,-20.00,antimatter,60,450;300;200;100;50,2,8,2.5,3.5,100,-10,5,250,40,5,250,60,1,8,11,0,0.06,4,0.5,50,8,5
35,1,60,FrameTimeStutter,6.000,antimatter,practice,2026-08-31T12:06:02.6229449-04:00,2,914,15.24446,16.0448,2343.22,1223.10,-74.000,-2.000,24.2110,6.1681,-4.5879,Right,0,0,0,0,0.0000,200.000,0,0.000,0,127.500,71.914,4.500,0.0300,0.0000,-20.00,antimatter,60,450;300;200;100;50,2,8,2.5,3.5,100,-10,5,250,40,5,250,60,1,8,11,0,0.06,4,0.5,50,8,5
35,1,60,FrameTimeStutter,6.000,antimatter,practice,2026-08-31T12:06:02.6229449-04:00,2,915,15.26166,17.2071,2232.95,1223.10,-88.000,0.000,22.6019,6.1681,-4.5879,Right,0,0,0,0,0.0000,200.000,0,0.000,0,127.500,71.914,4.500,0.0300,0.0000,-20.00,antimatter,60,450;300;200;100;50,2,8,2.5,3.5,100,-10,5,250,40,5,250,60,1,8,11,0,0.06,4,0.5,50,8,5
35,1,60,FrameTimeStutter,6.000,antimatter,practice,2026-08-31T12:06:02.6229449-04:00,2,916,15.27778,16.1148,2096.37,1224.36,-109.000,1.000,20.6088,6.1864,-4.5879,Right,0,0,0,0,0.0000,200.000,0,0.000,0,127.500,71.914,4.500,0.0300,0.0000,-20.00,antimatter,60,450;300;200;100;50,2,8,2.5,3.5,100,-10,5,250,40,5,250,60,1,8,11,0,0.06,4,0.5,50,8,5
35,1,60,FrameTimeStutter,6.000,antimatter,practice,2026-08-31T12:06:02.6229449-04:00,2,917,15.29520,17.4230,1893.37,1230.62,-162.000,5.000,17.6466,6.2778,-4.5879,Right,0,0,0,0,0.0000,200.000,1,200.012,0,127.500,71.914,4.500,0.0300,0.0000,-20.00,antimatter,60,450;300;200;100;50,2,8,2.5,3.5,100,-10,5,250,40,5,250,60,1,8,11,0,0.06,4,0.5,50,8,5
35,1,60,FrameTimeStutter,6.000,antimatter,practice,2026-08-31T12:06:02.6229449-04:00,2,918,15.49981,204.6092,679.16,1239.39,-969.000,7.000,-0.0718,6.4058,-4.5879,Right,0,0,0,0,0.0000,200.000,0,0.000,1,127.500,71.914,4.500,0.0300,0.0000,-20.00,antimatter,60,450;300;200;100;50,2,8,2.5,3.5,100,-10,5,250,40,5,250,60,1,8,11,0,0.06,4,0.5,50,8,5
35,1,60,FrameTimeStutter,6.000,antimatter,practice,2026-08-31T12:06:02.6229449-04:00,2,919,15.51587,16.0581,597.71,1240.65,-65.000,1.000,-1.2604,6.4241,-4.5879,Right,0,0,0,0,0.0000,200.000,0,0.000,1,127.500,71.914,4.500,0.0300,0.0000,-20.00,antimatter,60,450;300;200;100;50,2,8,2.5,3.5,100,-10,5,250,40,5,250,60,1,8,11,0,0.06,4,0.5,50,8,5
35,1,60,FrameTimeStutter,6.000,antimatter,practice,2026-08-31T12:06:02.6229449-04:00,2,920,15.53250,16.6308,518.77,1244.41,-63.000,3.000,-2.4123,6.4789,-4.5879,Right,0,0,0,0,0.0000,200.000,0,0.000,1,127.500,71.914,4.500,0.0300,0.0000,-20.00,antimatter,60,450;300;200;100;50,2,8,2.5,3.5,100,-10,5,250,40,5,250,60,1,8,11,0,0.06,4,0.5,50,8,5
35,1,60,FrameTimeStutter,6.000,antimatter,practice,2026-08-31T12:06:02.6229449-04:00,2,921,15.54855,16.0565,441.08,1250.67,-62.000,5.000,-3.5460,6.5703,-4.5879,Right,0,0,0,0,0.0000,200.000,0,0.000,1,127.500,71.914,4.500,0.0300,0.0000,-20.00,antimatter,60,450;300;200;100;50,2,8,2.5,3.5,100,-10,5,250,40,5,250,60,1,8,11,0,0.06,4,0.5,50,8,5
35,1,60,FrameTimeStutter,6.000,antimatter,practice,2026-08-31T12:06:02.6229449-04:00,2,922,15.56549,16.9336,367.15,1256.94,-59.000,5.000,-4.6249,6.6618,-4.5879,Right,0,0,0,0,0.0000,200.000,0,0.000,1,127.500,71.914,4.500,0.0300,0.0000,-20.00,antimatter,60,450;300;200;100;50,2,8,2.5,3.5,100,-10,5,250,40,5,250,60,1,8,11,0,0.06,4,0.5,50,8,5
35,1,60,FrameTimeStutter,6.000,antimatter,practice,2026-08-31T12:06:02.6229449-04:00,2,923,15.58256,17.0726,258.13,1263.20,-87.000,5.000,-6.2157,6.7532,-4.5879,Right,0,0,0,0,0.0000,200.000,0,0.000,1,127.500,71.914,4.500,0.0300,0.0000,-20.00,antimatter,60,450;300;200;100;50,2,8,2.5,3.5,100,-10,5,250,40,5,250,60,1,8,11,0,0.06,4,0.5,50,8,5
35,1,60,FrameTimeStutter,6.000,antimatter,practice,2026-08-31T12:06:02.6229449-04:00,2,924,15.59892,16.3601,191.72,1265.71,-53.000,2.000,-7.1848,6.7897,-4.5879,Left,0,0,0,0,0.0000,200.000,0,0.000,1,127.500,71.914,4.500,0.0300,0.0000,-20.00,antimatter,60,450;300;200;100;50,2,8,2.5,3.5,100,-10,5,250,40,5,250,60,1,8,11,0,0.06,4,0.5,50,8,5
35,1,60,FrameTimeStutter,6.000,antimatter,practice,2026-08-31T12:06:02.6229449-04:00,2,925,15.61533,16.4130,126.56,1268.21,-52.000,2.000,-8.1357,6.8263,-4.5879,Left,0,0,0,0,0.0000,200.000,0,0.000,1,127.500,71.914,4.500,0.0300,0.0000,-20.00,antimatter,60,450;300;200;100;50,2,8,2.5,3.5,100,-10,5,250,40,5,250,60,1,8,11,0,0.06,4,0.5,50,8,5
35,1,60,FrameTimeStutter,6.000,antimatter,practice,2026-08-31T12:06:02.6229449-04:00,2,926,15.63219,16.8541,71.42,1269.47,-44.000,1.000,-8.9402,6.8446,-4.5879,Left,0,0,0,0,0.0000,200.000,0,0.000,1,127.500,71.914,4.500,0.0300,0.0000,-20.00,antimatter,60,450;300;200;100;50,2,8,2.5,3.5,100,-10,5,250,40,5,250,60,1,8,11,0,0.06,4,0.5,50,8,5
35,1,60,FrameTimeStutter,6.000,antimatter,practice,2026-08-31T12:06:02.6229449-04:00,2,927,15.64928,17.0960,16.29,1269.47,-44.000,0.000,-9.7448,6.8446,-4.5879,Left,0,0,0,0,0.0000,200.000,0,0.000,1,127.500,71.914,4.500,0.0300,0.0000,-20.00,antimatter,60,450;300;200;100;50,2,8,2.5,3.5,100,-10,5,250,40,5,250,60,1,8,11,0,0.06,4,0.5,50,8,5
35,1,60,FrameTimeStutter,6.000,antimatter,practice,2026-08-31T12:06:02.6229449-04:00,2,928,15.66581,16.5243,0.00,1266.96,-40.000,-2.000,-10.4763,6.8080,-4.5879,Left,0,0,0,0,0.0000,200.000,0,0.000,1,127.500,71.914,4.500,0.0300,0.0000,-20.00,antimatter,60,450;300;200;100;50,2,8,2.5,3.5,100,-10,5,250,40,5,250,60,1,8,11,0,0.06,4,0.5,50,8,5
35,1,60,FrameTimeStutter,6.000,antimatter,practice,2026-08-31T12:06:02.6229449-04:00,2,929,15.68258,16.7709,0.00,1265.71,-36.000,-1.000,-11.1345,6.7897,-4.5879,Left,0,0,0,0,0.0000,200.000,0,0.000,1,127.500,71.914,4.500,0.0300,0.0000,-20.00,antimatter,60,450;300;200;100;50,2,8,2.5,3.5,100,-10,5,250,40,5,250,60,1,8,11,0,0.06,4,0.5,50,8,5
35,1,60,FrameTimeStutter,6.000,antimatter,practice,2026-08-31T12:06:02.6229449-04:00,2,930,15.69932,16.7441,0.00,1264.45,-31.000,-1.000,-11.7014,6.7714,-4.5879,Left,0,0,0,0,0.0000,200.000,0,0.000,1,127.500,71.914,4.500,0.0300,0.0000,-20.00,antimatter,60,450;300;200;100;50,2,8,2.5,3.5,100,-10,5,250,40,5,250,60,1,8,11,0,0.06,4,0.5,50,8,5
35,1,60,FrameTimeStutter,6.000,antimatter,practice,2026-08-31T12:06:02.6229449-04:00,2,931,15.71537,16.0460,0.00,1263.20,-25.000,-1.000,-12.1586,6.7532,-4.5879,Left,0,0,0,0,0.0000,200.000,0,0.000,1,127.500,71.914,4.500,0.0300,0.0000,-20.00,antimatter,60,450;300;200;100;50,2,8,2.5,3.5,100,-10,5,250,40,5,250,60,1,8,11,0,0.06,4,0.5,50,8,5
35,1,60,FrameTimeStutter,6.000,antimatter,practice,2026-08-31T12:06:02.6229449-04:00,2,932,15.73248,17.1058,0.00,1263.20,-27.000,0.000,-12.6523,6.7532,-4.5879,Left,0,0,0,0,0.0000,200.000,0,0.000,1,127.500,71.914,4.500,0.0300,0.0000,-20.00,antimatter,60,450;300;200;100;50,2,8,2.5,3.5,100,-10,5,250,40,5,250,60,1,8,11,0,0.06,4,0.5,50,8,5
35,1,60,FrameTimeStutter,6.000,antimatter,practice,2026-08-31T12:06:02.6229449-04:00,2,933,15.74880,16.3222,0.00,1261.95,-23.000,-1.000,-13.0729,6.7349,-4.5879,Left,0,0,0,0,0.0000,200.000,0,0.000,1,127.500,71.914,4.500,0.0300,0.0000,-20.00,antimatter,60,450;300;200;100;50,2,8,2.5,3.5,100,-10,5,250,40,5,250,60,1,8,11,0,0.06,4,0.5,50,8,5
35,1,60,FrameTimeStutter,6.000,antimatter,practice,2026-08-31T12:06:02.6229449-04:00,2,934,15.76596,17.1646,0.00,1261.95,-14.000,0.000,-13.3289,6.7349,-4.5879,Left,0,0,0,0,0.0000,200.000,0,0.000,1,127.500,71.914,4.500,0.0300,0.0000,-20.00,antimatter,60,450;300;200;100;50,2,8,2.5,3.5,100,-10,5,250,40,5,250,60,1,8,11,0,0.06,4,0.5,50,8,5
35,1,60,FrameTimeStutter,6.000,antimatter,practice,2026-08-31T12:06:02.6229449-04:00,2,935,15.78213,16.1688,0.00,1261.95,-3.000,0.000,-13.3838,6.7349,-4.5879,Left,0,0,0,0,0.0000,200.000,0,0.000,1,127.500,71.914,4.500,0.0300,0.0000,-20.00,antimatter,60,450;300;200;100;50,2,8,2.5,3.5,100,-10,5,250,40,5,250,60,1,8,11,0,0.06,4,0.5,50,8,5
35,1,60,FrameTimeStutter,6.000,antimatter,practice,2026-08-31T12:06:02.6229449-04:00,2,936,15.79871,16.5787,2.51,1261.95,2.000,0.000,-13.3472,6.7349,-4.5879,Left,0,0,0,0,0.0000,200.000,0,0.000,1,127.500,71.914,4.500,0.0300,0.0000,-20.00,antimatter,60,450;300;200;100;50,2,8,2.5,3.5,100,-10,5,250,40,5,250,60,1,8,11,0,0.06,4,0.5,50,8,5
35,1,60,FrameTimeStutter,6.000,antimatter,practice,2026-08-31T12:06:02.6229449-04:00,2,937,15.81616,17.4467,20.05,1259.44,14.000,-2.000,-13.0912,6.6983,-4.5879,Left,0,0,0,0,0.0000,200.000,0,0.000,1,127.500,71.914,4.500,0.0300,0.0000,-20.00,antimatter,60,450;300;200;100;50,2,8,2.5,3.5,100,-10,5,250,40,5,250,60,1,8,11,0,0.06,4,0.5,50,8,5
35,1,60,FrameTimeStutter,6.000,antimatter,practice,2026-08-31T12:06:02.6229449-04:00,2,938,15.83288,16.7292,62.65,1258.19,34.000,-1.000,-12.4695,6.6800,-4.5879,Left,0,0,0,0,0.0000,200.000,0,0.000,1,127.500,71.914,4.500,0.0300,0.0000,-20.00,antimatter,60,450;300;200;100;50,2,8,2.5,3.5,100,-10,5,250,40,5,250,60,1,8,11,0,0.06,4,0.5,50,8,5
35,1,60,FrameTimeStutter,6.000,antimatter,practice,2026-08-31T12:06:02.6229449-04:00,2,939,15.84875,15.8614,140.34,1254.43,62.000,-3.000,-11.3358,6.6251,-4.5879,Left,0,0,0,0,0.0000,200.000,0,0.000,1,127.500,71.914,4.500,0.0300,0.0000,-20.00,antimatter,60,450;300;200;100;50,2,8,2.5,3.5,100,-10,5,250,40,5,250,60,1,8,11,0,0.06,4,0.5,50,8,5
35,1,60,FrameTimeStutter,6.000,antimatter,practice,2026-08-31T12:06:02.6229449-04:00,2,940,15.86578,17.0318,239.33,1245.66,79.000,-7.000,-9.8913,6.4972,-4.5879,Left,0,0,0,0,0.0000,200.000,0,0.000,1,127.500,71.914,4.500,0.0300,0.0000,-20.00,antimatter,60,450;300;200;100;50,2,8,2.5,3.5,100,-10,5,250,40,5,250,60,1,8,11,0,0.06,4,0.5,50,8,5
35,1,60,FrameTimeStutter,6.000,antimatter,practice,2026-08-31T12:06:02.6229449-04:00,2,941,15.88173,15.9579,355.87,1235.63,93.000,-8.000,-8.1908,6.3509,-4.5879,Left,0,0,0,0,0.0000,200.000,0,0.000,1,127.500,71.914,4.500,0.0300,0.0000,-20.00,antimatter,60,450;300;200;100;50,2,8,2.5,3.5,100,-10,5,250,40,5,250,60,1,8,11,0,0.06,4,0.5,50,8,5
35,1,60,FrameTimeStutter,6.000,antimatter,practice,2026-08-31T12:06:02.6229449-04:00,2,942,15.89857,16.8343,461.13,1225.61,84.000,-8.000,-6.6548,6.2046,-4.5879,Left,0,0,0,0,0.0000,200.000,0,0.000,1,127.500,71.914,4.500,0.0300,0.0000,-20.00,antimatter,60,450;300;200;100;50,2,8,2.5,3.5,100,-10,5,250,40,5,250,60,1,8,11,0,0.06,4,0.5,50,8,5
35,1,60,FrameTimeStutter,6.000,antimatter,practice,2026-08-31T12:06:02.6229449-04:00,2,943,15.91581,17.2354,551.35,1216.84,72.000,-7.000,-5.3383,6.0766,-4.5879,Left,0,0,0,0,0.0000,200.000,0,0.000,1,127.500,71.914,4.500,0.0300,0.0000,-20.00,antimatter,60,450;300;200;100;50,2,8,2.5,3.5,100,-10,5,250,40,5,250,60,1,8,11,0,0.06,4,0.5,50,8,5
35,1,60,FrameTimeStutter,6.000,antimatter,practice,2026-08-31T12:06:02.6229449-04:00,2,944,15.93235,16.5418,631.54,1210.57,64.000,-5.000,-4.1680,5.9852,-4.5879,Left,0,0,0,0,0.0000,200.000,0,0.000,1,127.500,71.914,4.500,0.0300,0.0000,-20.00,antimatter,60,450;300;200;100;50,2,8,2.5,3.5,100,-10,5,250,40,5,250,60,1,8,11,0,0.06,4,0.5,50,8,5
35,1,60,FrameTimeStutter,6.000,antimatter,practice,2026-08-31T12:06:02.6229449-04:00,2,945,15.94888,16.5350,686.68,1206.81,44.000,-3.000,-3.3635,5.9303,-4.5879,Right,0,0,0,0,0.0000,200.000,0,0.000,1,127.500,71.914,4.500,0.0300,0.0000,-20.00,antimatter,60,450;300;200;100;50,2,8,2.5,3.5,100,-10,5,250,40,5,250,60,1,8,11,0,0.06,4,0.5,50,8,5
35,1,60,FrameTimeStutter,6.000,antimatter,practice,2026-08-31T12:06:02.6229449-04:00,2,946,15.96543,16.5513,718.00,1205.56,25.000,-1.000,-2.9063,5.9120,-4.5879,Right,0,0,0,0,0.0000,200.000,0,0.000,1,127.500,71.914,4.500,0.0300,0.0000,-20.00,antimatter,60,450;300;200;100;50,2,8,2.5,3.5,100,-10,5,250,40,5,250,60,1,8,11,0,0.06,4,0.5,50,8,5
35,1,60,FrameTimeStutter,6.000,antimatter,practice,2026-08-31T12:06:02.6229449-04:00,2,947,15.98245,17.0128,723.02,1205.56,4.000,0.000,-2.8332,5.9120,-4.5879,Right,0,0,0,0,0.0000,200.000,0,0.000,1,127.500,71.914,4.500,0.0300,0.0000,-20.00,antimatter,60,450;300;200;100;50,2,8,2.5,3.5,100,-10,5,250,40,5,250,60,1,8,11,0,0.06,4,0.5,50,8,5
35,1,60,FrameTimeStutter,6.000,antimatter,practice,2026-08-31T12:06:02.6229449-04:00,2,948,15.99861,16.1629,723.02,1205.56,0.000,0.000,-2.8332,5.9120,-4.5879,Right,0,0,0,0,0.0000,200.000,0,0.000,1,127.500,71.914,4.500,0.0300,0.0000,-20.00,antimatter,60,450;300;200;100;50,2,8,2.5,3.5,100,-10,5,250,40,5,250,60,1,8,11,0,0.06,4,0.5,50,8,5
35,1,60,FrameTimeStutter,6.000,antimatter,practice,2026-08-31T12:06:02.6229449-04:00,2,949,16.01588,17.2716,723.02,1205.56,0.000,0.000,-2.8332,5.9120,-4.5879,Right,0,0,0,0,0.0000,200.000,0,0.000,1,127.500,71.914,4.500,0.0300,0.0000,-20.00,antimatter,60,450;300;200;100;50,2,8,2.5,3.5,100,-10,5,250,40,5,250,60,1,8,11,0,0.06,4,0.5,50,8,5
35,1,60,FrameTimeStutter,6.000,antimatter,practice,2026-08-31T12:06:02.6229449-04:00,2,950,16.03199,16.1108,723.02,1205.56,0.000,0.000,-2.8332,5.9120,-4.5879,Right,0,0,0,0,0.0000,200.000,0,0.000,1,127.500,71.914,4.500,0.0300,0.0000,-20.00,antimatter,60,450;300;200;100;50,2,8,2.5,3.5,100,-10,5,250,40,5,250,60,1,8,11,0,0.06,4,0.5,50,8,5
35,1,60,FrameTimeStutter,6.000,antimatter,practice,2026-08-31T12:06:02.6229449-04:00,2,951,16.04901,17.0158,723.02,1205.56,0.000,0.000,-2.8332,5.9120,-4.5879,Right,0,0,0,0,0.0000,200.000,0,0.000,1,127.500,71.914,4.500,0.0300,0.0000,-20.00,antimatter,60,450;300;200;100;50,2,8,2.5,3.5,100,-10,5,250,40,5,250,60,1,8,11,0,0.06,4,0.5,50,8,5
35,1,60,FrameTimeStutter,6.000,antimatter,practice,2026-08-31T12:06:02.6229449-04:00,2,952,16.06591,16.9048,723.02,1205.56,0.000,0.000,-2.8332,5.9120,-4.5879,Right,0,0,0,0,0.0000,200.000,0,0.000,1,127.500,71.914,4.500,0.0300,0.0000,-20.00,antimatter,60,450;300;200;100;50,2,8,2.5,3.5,100,-10,5,250,40,5,250,60,1,8,11,0,0.06,4,0.5,50,8,5
35,1,60,FrameTimeStutter,6.000,antimatter,practice,2026-08-31T12:06:02.6229449-04:00,2,953,16.08224,16.3245,723.02,1205.56,0.000,0.000,-2.8332,5.9120,-4.5879,Right,0,0,0,0,0.0000,200.000,0,0.000,1,127.500,71.914,4.500,0.0300,0.0000,-20.00,antimatter,60,450;300;200;100;50,2,8,2.5,3.5,100,-10,5,250,40,5,250,60,1,8,11,0,0.06,4,0.5,50,8,5
35,1,60,FrameTimeStutter,6.000,antimatter,practice,2026-08-31T12:06:02.6229449-04:00,2,954,16.09876,16.5243,723.02,1205.56,0.000,0.000,-2.8332,5.9120,-4.5879,Right,0,0,0,0,0.0000,200.000,0,0.000,1,127.500,71.914,4.500,0.0300,0.0000,-20.00,antimatter,60,450;300;200;100;50,2,8,2.5,3.5,100,-10,5,250,40,5,250,60,1,8,11,0,0.06,4,0.5,50,8,5
35,1,60,FrameTimeStutter,6.000,antimatter,practice,2026-08-31T12:06:02.6229449-04:00,2,955,16.11570,16.9345,723.02,1205.56,0.000,0.000,-2.8332,5.9120,-4.5879,Right,0,0,0,0,0.0000,200.000,0,0.000,1,127.500,71.914,4.500,0.0300,0.0000,-20.00,antimatter,60,450;300;200;100;50,2,8,2.5,3.5,100,-10,5,250,40,5,250,60,1,8,11,0,0.06,4,0.5,50,8,5
35,1,60,FrameTimeStutter,6.000,antimatter,practice,2026-08-31T12:06:02.6229449-04:00,2,956,16.13256,16.8648,723.02,1205.56,0.000,0.000,-2.8332,5.9120,-4.5879,Right,0,0,0,0,0.0000,200.000,0,0.000,1,127.500,71.914,4.500,0.0300,0.0000,-20.00,antimatter,60,450;300;200;100;50,2,8,2.5,3.5,100,-10,5,250,40,5,250,60,1,8,11,0,0.06,4,0.5,50,8,5
35,1,60,FrameTimeStutter,6.000,antimatter,practice,2026-08-31T12:06:02.6229449-04:00,2,957,16.14892,16.3572,723.02,1205.56,0.000,0.000,-2.8332,5.9120,-4.5879,Right,0,0,0,0,0.0000,200.000,0,0.000,1,127.500,71.914,4.500,0.0300,0.0000,-20.00,antimatter,60,450;300;200;100;50,2,8,2.5,3.5,100,-10,5,250,40,5,250,60,1,8,11,0,0.06,4,0.5,50,8,5
35,1,60,FrameTimeStutter,6.000,antimatter,practice,2026-08-31T12:06:02.6229449-04:00,2,958,16.16568,16.7598,723.02,1205.56,0.000,0.000,-2.8332,5.9120,-4.5879,Right,0,0,0,0,0.0000,200.000,0,0.000,1,127.500,71.914,4.500,0.0300,0.0000,-20.00,antimatter,60,450;300;200;100;50,2,8,2.5,3.5,100,-10,5,250,40,5,250,60,1,8,11,0,0.06,4,0.5,50,8,5
35,1,60,FrameTimeStutter,6.000,antimatter,practice,2026-08-31T12:06:02.6229449-04:00,2,959,16.18238,16.6998,723.02,1205.56,0.000,0.000,-2.8332,5.9120,-4.5879,Right,0,0,0,0,0.0000,200.000,0,0.000,1,127.500,71.914,4.500,0.0300,0.0000,-20.00,antimatter,60,450;300;200;100;50,2,8,2.5,3.5,100,-10,5,250,40,5,250,60,1,8,11,0,0.06,4,0.5,50,8,5
35,1,60,FrameTimeStutter,6.000,antimatter,practice,2026-08-31T12:06:02.6229449-04:00,2,960,16.19928,16.9051,723.02,1205.56,0.000,0.000,-2.8332,5.9120,-4.5879,Right,0,0,0,0,0.0000,200.000,0,0.000,1,127.500,71.914,4.500,0.0300,0.0000,-20.00,antimatter,60,450;300;200;100;50,2,8,2.5,3.5,100,-10,5,250,40,5,250,60,1,8,11,0,0.06,4,0.5,50,8,5
35,1,60,FrameTimeStutter,6.000,antimatter,practice,2026-08-31T12:06:02.6229449-04:00,2,961,16.21525,15.9693,723.02,1205.56,0.000,0.000,-2.8332,5.9120,-4.5879,Right,0,0,0,0,0.0000,200.000,0,0.000,1,127.500,71.914,4.500,0.0300,0.0000,-20.00,antimatter,60,450;300;200;100;50,2,8,2.5,3.5,100,-10,5,250,40,5,250,60,1,8,11,0,0.06,4,0.5,50,8,5
35,1,60,FrameTimeStutter,6.000,antimatter,practice,2026-08-31T12:06:02.6229449-04:00,2,962,16.23225,16.9976,723.02,1205.56,0.000,0.000,-2.8332,5.9120,-4.5879,Right,0,0,0,0,0.0000,200.000,0,0.000,1,127.500,71.914,4.500,0.0300,0.0000,-20.00,antimatter,60,450;300;200;100;50,2,8,2.5,3.5,100,-10,5,250,40,5,250,60,1,8,11,0,0.06,4,0.5,50,8,5
35,1,60,FrameTimeStutter,6.000,antimatter,practice,2026-08-31T12:06:02.6229449-04:00,3,963,16.24887,16.6242,723.02,1205.56,0.000,0.000,-2.8332,5.9120,-4.5879,Right,1,1,0,1,-2.8332,100.000,0,0.000,0,127.500,71.914,4.500,0.0300,0.3333,80.00,antimatter,60,450;300;200;100;50,2,8,2.5,3.5,100,-10,5,250,40,5,250,60,1,8,11,0,0.06,4,0.5,50,8,5
35,1,60,FrameTimeStutter,6.000,antimatter,practice,2026-08-31T12:06:02.6229449-04:00,3,964,16.26532,16.4463,723.02,1205.56,0.000,0.000,-2.8332,5.9120,-4.5879,Right,1,0,0,0,0.0000,100.000,0,0.000,0,127.500,71.914,4.500,0.0300,0.3333,80.00,antimatter,60,450;300;200;100;50,2,8,2.5,3.5,100,-10,5,250,40,5,250,60,1,8,11,0,0.06,4,0.5,50,8,5
35,1,60,FrameTimeStutter,6.000,antimatter,practice,2026-08-31T12:06:02.6229449-04:00,3,965,16.28263,17.3155,723.02,1205.56,0.000,0.000,-2.8332,5.9120,-4.5879,Right,1,0,0,0,0.0000,100.000,0,0.000,0,127.500,71.914,4.500,0.0300,0.3333,80.00,antimatter,60,450;300;200;100;50,2,8,2.5,3.5,100,-10,5,250,40,5,250,60,1,8,11,0,0.06,4,0.5,50,8,5
35,1,60,FrameTimeStutter,6.000,antimatter,practice,2026-08-31T12:06:02.6229449-04:00,3,966,16.29852,15.8888,723.02,1205.56,0.000,0.000,-2.8332,5.9120,-4.5879,Right,1,0,0,0,0.0000,100.000,0,0.000,0,127.500,71.914,4.500,0.0300,0.3333,80.00,antimatter,60,450;300;200;100;50,2,8,2.5,3.5,100,-10,5,250,40,5,250,60,1,8,11,0,0.06,4,0.5,50,8,5
35,1,60,FrameTimeStutter,6.000,antimatter,practice,2026-08-31T12:06:02.6229449-04:00,3,967,16.31560,17.0732,723.02,1205.56,0.000,0.000,-2.8332,5.9120,-4.5879,Right,1,0,0,0,0.0000,100.000,0,0.000,0,127.500,71.914,4.500,0.0300,0.3333,80.00,antimatter,60,450;300;200;100;50,2,8,2.5,3.5,100,-10,5,250,40,5,250,60,1,8,11,0,0.06,4,0.5,50,8,5
35,1,60,FrameTimeStutter,6.000,antimatter,practice,2026-08-31T12:06:02.6229449-04:00,3,968,16.33265,17.0524,723.02,1205.56,0.000,0.000,-2.8332,5.9120,-4.5879,Right,1,0,0,0,0.0000,100.000,0,0.000,0,127.500,71.914,4.500,0.0300,0.3333,80.00,antimatter,60,450;300;200;100;50,2,8,2.5,3.5,100,-10,5,250,40,5,250,60,1,8,11,0,0.06,4,0.5,50,8,5
35,1,60,FrameTimeStutter,6.000,antimatter,practice,2026-08-31T12:06:02.6229449-04:00,3,969,16.34859,15.9430,723.02,1205.56,0.000,0.000,-2.8332,5.9120,-4.5879,Right,0,0,0,0,0.0000,100.000,0,0.000,0,127.500,71.914,4.500,0.0300,0.3333,80.00,antimatter,60,450;300;200;100;50,2,8,2.5,3.5,100,-10,5,250,40,5,250,60,1,8,11,0,0.06,4,0.5,50,8,5
35,1,60,FrameTimeStutter,6.000,antimatter,practice,2026-08-31T12:06:02.6229449-04:00,3,970,16.36569,17.0980,723.02,1205.56,0.000,0.000,-2.8332,5.9120,-4.5879,Right,0,0,0,0,0.0000,100.000,0,0.000,0,127.500,71.914,4.500,0.0300,0.3333,80.00,antimatter,60,450;300;200;100;50,2,8,2.5,3.5,100,-10,5,250,40,5,250,60,1,8,11,0,0.06,4,0.5,50,8,5
35,1,60,FrameTimeStutter,6.000,antimatter,practice,2026-08-31T12:06:02.6229449-04:00,3,971,16.38243,16.7380,723.02,1205.56,0.000,0.000,-2.8332,5.9120,-4.5879,Right,0,0,0,0,0.0000,100.000,0,0.000,0,127.500,71.914,4.500,0.0300,0.3333,80.00,antimatter,60,450;300;200;100;50,2,8,2.5,3.5,100,-10,5,250,40,5,250,60,1,8,11,0,0.06,4,0.5,50,8,5
35,1,60,FrameTimeStutter,6.000,antimatter,practice,2026-08-31T12:06:02.6229449-04:00,3,972,16.39892,16.4873,723.02,1205.56,0.000,0.000,-2.8332,5.9120,-4.5879,Right,0,0,0,0,0.0000,100.000,0,0.000,0,127.500,71.914,4.500,0.0300,0.3333,80.00,antimatter,60,450;300;200;100;50,2,8,2.5,3.5,100,-10,5,250,40,5,250,60,1,8,11,0,0.06,4,0.5,50,8,5
35,1,60,FrameTimeStutter,6.000,antimatter,practice,2026-08-31T12:06:02.6229449-04:00,3,973,16.41537,16.4545,723.02,1205.56,0.000,0.000,-2.8332,5.9120,-4.5879,Right,0,0,0,0,0.0000,100.000,0,0.000,0,127.500,71.914,4.500,0.0300,0.3333,80.00,antimatter,60,450;300;200;100;50,2,8,2.5,3.5,100,-10,5,250,40,5,250,60,1,8,11,0,0.06,4,0.5,50,8,5
35,1,60,FrameTimeStutter,6.000,antimatter,practice,2026-08-31T12:06:02.6229449-04:00,3,974,16.43264,17.2692,723.02,1205.56,0.000,0.000,-2.8332,5.9120,-4.5879,Right,0,0,0,0,0.0000,100.000,0,0.000,0,127.500,71.914,4.500,0.0300,0.3333,80.00,antimatter,60,450;300;200;100;50,2,8,2.5,3.5,100,-10,5,250,40,5,250,60,1,8,11,0,0.06,4,0.5,50,8,5
35,1,60,FrameTimeStutter,6.000,antimatter,practice,2026-08-31T12:06:02.6229449-04:00,3,975,16.44860,15.9621,723.02,1205.56,0.000,0.000,-2.8332,5.9120,-4.5879,Right,0,0,0,0,0.0000,100.000,0,0.000,0,127.500,71.914,4.500,0.0300,0.3333,80.00,antimatter,60,450;300;200;100;50,2,8,2.5,3.5,100,-10,5,250,40,5,250,60,1,8,11,0,0.06,4,0.5,50,8,5
35,1,60,FrameTimeStutter,6.000,antimatter,practice,2026-08-31T12:06:02.6229449-04:00,3,976,16.46552,16.9217,723.02,1205.56,0.000,0.000,-2.8332,5.9120,-4.5879,Right,0,0,0,0,0.0000,100.000,0,0.000,0,127.500,71.914,4.500,0.0300,0.3333,80.00,antimatter,60,450;300;200;100;50,2,8,2.5,3.5,100,-10,5,250,40,5,250,60,1,8,11,0,0.06,4,0.5,50,8,5
35,1,60,FrameTimeStutter,6.000,antimatter,practice,2026-08-31T12:06:02.6229449-04:00,3,977,16.48206,16.5341,723.02,1205.56,0.000,0.000,-2.8332,5.9120,-4.5879,Right,0,0,0,0,0.0000,100.000,0,0.000,0,127.500,71.914,4.500,0.0300,0.3333,80.00,antimatter,60,450;300;200;100;50,2,8,2.5,3.5,100,-10,5,250,40,5,250,60,1,8,11,0,0.06,4,0.5,50,8,5
35,1,60,FrameTimeStutter,6.000,antimatter,practice,2026-08-31T12:06:02.6229449-04:00,3,978,16.49895,16.8973,723.02,1205.56,0.000,0.000,-2.8332,5.9120,-4.5879,Right,0,0,0,0,0.0000,100.000,0,0.000,0,127.500,71.914,4.500,0.0300,0.3333,80.00,antimatter,60,450;300;200;100;50,2,8,2.5,3.5,100,-10,5,250,40,5,250,60,1,8,11,0,0.06,4,0.5,50,8,5
35,1,60,FrameTimeStutter,6.000,antimatter,practice,2026-08-31T12:06:02.6229449-04:00,3,979,16.51592,16.9672,723.02,1205.56,0.000,0.000,-2.8332,5.9120,-4.5879,Right,0,0,0,0,0.0000,100.000,0,0.000,0,127.500,71.914,4.500,0.0300,0.3333,80.00,antimatter,60,450;300;200;100;50,2,8,2.5,3.5,100,-10,5,250,40,5,250,60,1,8,11,0,0.06,4,0.5,50,8,5
35,1,60,FrameTimeStutter,6.000,antimatter,practice,2026-08-31T12:06:02.6229449-04:00,3,980,16.53231,16.3910,723.02,1205.56,0.000,0.000,-2.8332,5.9120,-4.5879,Right,0,0,0,0,0.0000,100.000,0,0.000,0,127.500,71.914,4.500,0.0300,0.3333,80.00,antimatter,60,450;300;200;100;50,2,8,2.5,3.5,100,-10,5,250,40,5,250,60,1,8,11,0,0.06,4,0.5,50,8,5
35,1,60,FrameTimeStutter,6.000,antimatter,practice,2026-08-31T12:06:02.6229449-04:00,3,981,16.54893,16.6149,723.02,1205.56,0.000,0.000,-2.8332,5.9120,-4.5879,Right,0,0,0,0,0.0000,100.000,0,0.000,0,127.500,71.914,4.500,0.0300,0.3333,80.00,antimatter,60,450;300;200;100;50,2,8,2.5,3.5,100,-10,5,250,40,5,250,60,1,8,11,0,0.06,4,0.5,50,8,5
35,1,60,FrameTimeStutter,6.000,antimatter,practice,2026-08-31T12:06:02.6229449-04:00,3,982,16.56533,16.4068,723.02,1205.56,0.000,0.000,-2.8332,5.9120,-4.5879,Right,0,0,0,0,0.0000,100.000,0,0.000,0,127.500,71.914,4.500,0.0300,0.3333,80.00,antimatter,60,450;300;200;100;50,2,8,2.5,3.5,100,-10,5,250,40,5,250,60,1,8,11,0,0.06,4,0.5,50,8,5
35,1,60,FrameTimeStutter,6.000,antimatter,practice,2026-08-31T12:06:02.6229449-04:00,3,983,16.58235,17.0120,723.02,1205.56,0.000,0.000,-2.8332,5.9120,-4.5879,Right,0,0,0,0,0.0000,100.000,0,0.000,0,127.500,71.914,4.500,0.0300,0.3333,80.00,antimatter,60,450;300;200;100;50,2,8,2.5,3.5,100,-10,5,250,40,5,250,60,1,8,11,0,0.06,4,0.5,50,8,5
35,1,60,FrameTimeStutter,6.000,antimatter,practice,2026-08-31T12:06:02.6229449-04:00,3,984,16.59856,16.2095,723.02,1205.56,0.000,0.000,-2.8332,5.9120,-4.5879,Right,0,0,0,0,0.0000,100.000,0,0.000,0,127.500,71.914,4.500,0.0300,0.3333,80.00,antimatter,60,450;300;200;100;50,2,8,2.5,3.5,100,-10,5,250,40,5,250,60,1,8,11,0,0.06,4,0.5,50,8,5
35,1,60,FrameTimeStutter,6.000,antimatter,practice,2026-08-31T12:06:02.6229449-04:00,3,985,16.61548,16.9215,723.02,1205.56,0.000,0.000,-2.8332,5.9120,-4.5879,Right,0,0,0,0,0.0000,100.000,0,0.000,0,127.500,71.914,4.500,0.0300,0.3333,80.00,antimatter,60,450;300;200;100;50,2,8,2.5,3.5,100,-10,5,250,40,5,250,60,1,8,11,0,0.06,4,0.5,50,8,5
35,1,60,FrameTimeStutter,6.000,antimatter,practice,2026-08-31T12:06:02.6229449-04:00,3,986,16.63239,16.9098,723.02,1205.56,0.000,0.000,-2.8332,5.9120,-4.5879,Right,0,0,0,0,0.0000,100.000,0,0.000,0,127.500,71.914,4.500,0.0300,0.3333,80.00,antimatter,60,450;300;200;100;50,2,8,2.5,3.5,100,-10,5,250,40,5,250,60,1,8,11,0,0.06,4,0.5,50,8,5
35,1,60,FrameTimeStutter,6.000,antimatter,practice,2026-08-31T12:06:02.6229449-04:00,3,987,16.64884,16.4539,723.02,1205.56,0.000,0.000,-2.8332,5.9120,-4.5879,Right,0,0,0,0,0.0000,100.000,0,0.000,0,127.500,71.914,4.500,0.0300,0.3333,80.00,antimatter,60,450;300;200;100;50,2,8,2.5,3.5,100,-10,5,250,40,5,250,60,1,8,11,0,0.06,4,0.5,50,8,5
35,1,60,FrameTimeStutter,6.000,antimatter,practice,2026-08-31T12:06:02.6229449-04:00,3,988,16.66540,16.5534,723.02,1205.56,0.000,0.000,-2.8332,5.9120,-4.5879,Right,0,0,0,0,0.0000,100.000,0,0.000,0,127.500,71.914,4.500,0.0300,0.3333,80.00,antimatter,60,450;300;200;100;50,2,8,2.5,3.5,100,-10,5,250,40,5,250,60,1,8,11,0,0.06,4,0.5,50,8,5
35,1,60,FrameTimeStutter,6.000,antimatter,practice,2026-08-31T12:06:02.6229449-04:00,3,989,16.68198,16.5838,723.02,1205.56,0.000,0.000,-2.8332,5.9120,-4.5879,Right,0,0,0,0,0.0000,100.000,0,0.000,0,127.500,71.914,4.500,0.0300,0.3333,80.00,antimatter,60,450;300;200;100;50,2,8,2.5,3.5,100,-10,5,250,40,5,250,60,1,8,11,0,0.06,4,0.5,50,8,5
35,1,60,FrameTimeStutter,6.000,antimatter,practice,2026-08-31T12:06:02.6229449-04:00,3,990,16.69924,17.2648,723.02,1205.56,0.000,0.000,-2.8332,5.9120,-4.5879,Right,0,0,0,0,0.0000,100.000,0,0.000,0,127.500,71.914,4.500,0.0300,0.3333,80.00,antimatter,60,450;300;200;100;50,2,8,2.5,3.5,100,-10,5,250,40,5,250,60,1,8,11,0,0.06,4,0.5,50,8,5
35,1,60,FrameTimeStutter,6.000,antimatter,practice,2026-08-31T12:06:02.6229449-04:00,3,991,16.71539,16.1465,723.02,1205.56,0.000,0.000,-2.8332,5.9120,-4.5879,Right,0,0,0,0,0.0000,100.000,0,0.000,0,127.500,71.914,4.500,0.0300,0.3333,80.00,antimatter,60,450;300;200;100;50,2,8,2.5,3.5,100,-10,5,250,40,5,250,60,1,8,11,0,0.06,4,0.5,50,8,5
35,1,60,FrameTimeStutter,6.000,antimatter,practice,2026-08-31T12:06:02.6229449-04:00,3,992,16.73270,17.3088,723.02,1205.56,0.000,0.000,-2.8332,5.9120,-4.5879,Right,0,0,0,0,0.0000,100.000,0,0.000,0,127.500,71.914,4.500,0.0300,0.3333,80.00,antimatter,60,450;300;200;100;50,2,8,2.5,3.5,100,-10,5,250,40,5,250,60,1,8,11,0,0.06,4,0.5,50,8,5
35,1,60,FrameTimeStutter,6.000,antimatter,practice,2026-08-31T12:06:02.6229449-04:00,3,993,16.74939,16.6868,723.02,1205.56,0.000,0.000,-2.8332,5.9120,-4.5879,Right,0,0,0,0,0.0000,100.000,0,0.000,0,127.500,71.914,4.500,0.0300,0.3333,80.00,antimatter,60,450;300;200;100;50,2,8,2.5,3.5,100,-10,5,250,40,5,250,60,1,8,11,0,0.06,4,0.5,50,8,5
35,1,60,FrameTimeStutter,6.000,antimatter,practice,2026-08-31T12:06:02.6229449-04:00,3,994,16.76604,16.6552,723.02,1205.56,0.000,0.000,-2.8332,5.9120,-4.5879,Right,0,0,0,0,0.0000,100.000,0,0.000,0,127.500,71.914,4.500,0.0300,0.3333,80.00,antimatter,60,450;300;200;100;50,2,8,2.5,3.5,100,-10,5,250,40,5,250,60,1,8,11,0,0.06,4,0.5,50,8,5
35,1,60,FrameTimeStutter,6.000,antimatter,practice,2026-08-31T12:06:02.6229449-04:00,3,995,16.78250,16.4554,723.02,1205.56,0.000,0.000,-2.8332,5.9120,-4.5879,Right,0,0,0,0,0.0000,100.000,0,0.000,0,127.500,71.914,4.500,0.0300,0.3333,80.00,antimatter,60,450;300;200;100;50,2,8,2.5,3.5,100,-10,5,250,40,5,250,60,1,8,11,0,0.06,4,0.5,50,8,5
35,1,60,FrameTimeStutter,6.000,antimatter,practice,2026-08-31T12:06:02.6229449-04:00,3,996,16.79917,16.6764,723.02,1205.56,0.000,0.000,-2.8332,5.9120,-4.5879,Right,0,0,0,0,0.0000,100.000,0,0.000,0,127.500,71.914,4.500,0.0300,0.3333,80.00,antimatter,60,450;300;200;100;50,2,8,2.5,3.5,100,-10,5,250,40,5,250,60,1,8,11,0,0.06,4,0.5,50,8,5
35,1,60,FrameTimeStutter,6.000,antimatter,practice,2026-08-31T12:06:02.6229449-04:00,3,997,16.81602,16.8499,723.02,1205.56,0.000,0.000,-2.8332,5.9120,-4.5879,Right,0,0,0,0,0.0000,100.000,0,0.000,0,127.500,71.914,4.500,0.0300,0.3333,80.00,antimatter,60,450;300;200;100;50,2,8,2.5,3.5,100,-10,5,250,40,5,250,60,1,8,11,0,0.06,4,0.5,50,8,5
35,1,60,FrameTimeStutter,6.000,antimatter,practice,2026-08-31T12:06:02.6229449-04:00,3,998,16.83194,15.9134,723.02,1205.56,0.000,0.000,-2.8332,5.9120,-4.5879,Right,0,0,0,0,0.0000,100.000,0,0.000,0,127.500,71.914,4.500,0.0300,0.3333,80.00,antimatter,60,450;300;200;100;50,2,8,2.5,3.5,100,-10,5,250,40,5,250,60,1,8,11,0,0.06,4,0.5,50,8,5
35,1,60,FrameTimeStutter,6.000,antimatter,practice,2026-08-31T12:06:02.6229449-04:00,3,999,16.84894,17.0072,723.02,1205.56,0.000,0.000,-2.8332,5.9120,-4.5879,Right,0,0,0,0,0.0000,100.000,0,0.000,0,127.500,71.914,4.500,0.0300,0.3333,80.00,antimatter,60,450;300;200;100;50,2,8,2.5,3.5,100,-10,5,250,40,5,250,60,1,8,11,0,0.06,4,0.5,50,8,5
35,1,60,FrameTimeStutter,6.000,antimatter,practice,2026-08-31T12:06:02.6229449-04:00,3,1000,16.86552,16.5775,723.02,1205.56,0.000,0.000,-2.8332,5.9120,-4.5879,Right,0,0,0,0,0.0000,100.000,0,0.000,0,127.500,71.914,4.500,0.0300,0.3333,80.00,antimatter,60,450;300;200;100;50,2,8,2.5,3.5,100,-10,5,250,40,5,250,60,1,8,11,0,0.06,4,0.5,50,8,5
35,1,60,FrameTimeStutter,6.000,antimatter,practice,2026-08-31T12:06:02.6229449-04:00,3,1001,16.88200,16.4750,723.02,1205.56,0.000,0.000,-2.8332,5.9120,-4.5879,Right,0,0,0,0,0.0000,100.000,0,0.000,0,127.500,71.914,4.500,0.0300,0.3333,80.00,antimatter,60,450;300;200;100;50,2,8,2.5,3.5,100,-10,5,250,40,5,250,60,1,8,11,0,0.06,4,0.5,50,8,5
35,1,60,FrameTimeStutter,6.000,antimatter,practice,2026-08-31T12:06:02.6229449-04:00,3,1002,16.89924,17.2483,723.02,1205.56,0.000,0.000,-2.8332,5.9120,-4.5879,Right,0,0,0,0,0.0000,100.000,0,0.000,0,127.500,71.914,4.500,0.0300,0.3333,80.00,antimatter,60,450;300;200;100;50,2,8,2.5,3.5,100,-10,5,250,40,5,250,60,1,8,11,0,0.06,4,0.5,50,8,5
35,1,60,FrameTimeStutter,6.000,antimatter,practice,2026-08-31T12:06:02.6229449-04:00,3,1003,16.91543,16.1859,723.02,1205.56,0.000,0.000,-2.8332,5.9120,-4.5879,Right,0,0,0,0,0.0000,100.000,0,0.000,0,127.500,71.914,4.500,0.0300,0.3333,80.00,antimatter,60,450;300;200;100;50,2,8,2.5,3.5,100,-10,5,250,40,5,250,60,1,8,11,0,0.06,4,0.5,50,8,5
35,1,60,FrameTimeStutter,6.000,antimatter,practice,2026-08-31T12:06:02.6229449-04:00,3,1004,16.93221,16.7774,723.02,1205.56,0.000,0.000,-2.8332,5.9120,-4.5879,Right,0,0,0,0,0.0000,100.000,0,0.000,0,127.500,71.914,4.500,0.0300,0.3333,80.00,antimatter,60,450;300;200;100;50,2,8,2.5,3.5,100,-10,5,250,40,5,250,60,1,8,11,0,0.06,4,0.5,50,8,5
35,1,60,FrameTimeStutter,6.000,antimatter,practice,2026-08-31T12:06:02.6229449-04:00,3,1005,16.94894,16.7285,723.02,1205.56,0.000,0.000,-2.8332,5.9120,-4.5879,Right,0,0,0,0,0.0000,100.000,0,0.000,0,127.500,71.914,4.500,0.0300,0.3333,80.00,antimatter,60,450;300;200;100;50,2,8,2.5,3.5,100,-10,5,250,40,5,250,60,1,8,11,0,0.06,4,0.5,50,8,5
35,1,60,FrameTimeStutter,6.000,antimatter,practice,2026-08-31T12:06:02.6229449-04:00,3,1006,16.96574,16.8060,723.02,1205.56,0.000,0.000,-2.8332,5.9120,-4.5879,Right,0,0,0,0,0.0000,100.000,0,0.000,0,127.500,71.914,4.500,0.0300,0.3333,80.00,antimatter,60,450;300;200;100;50,2,8,2.5,3.5,100,-10,5,250,40,5,250,60,1,8,11,0,0.06,4,0.5,50,8,5
35,1,60,FrameTimeStutter,6.000,antimatter,practice,2026-08-31T12:06:02.6229449-04:00,3,1007,16.98235,16.6035,723.02,1205.56,0.000,0.000,-2.8332,5.9120,-4.5879,Right,0,0,0,0,0.0000,100.000,0,0.000,0,127.500,71.914,4.500,0.0300,0.3333,80.00,antimatter,60,450;300;200;100;50,2,8,2.5,3.5,100,-10,5,250,40,5,250,60,1,8,11,0,0.06,4,0.5,50,8,5
35,1,60,FrameTimeStutter,6.000,antimatter,practice,2026-08-31T12:06:02.6229449-04:00,3,1008,16.99855,16.2070,723.02,1205.56,0.000,0.000,-2.8332,5.9120,-4.5879,Right,0,0,0,0,0.0000,100.000,0,0.000,0,127.500,71.914,4.500,0.0300,0.3333,80.00,antimatter,60,450;300;200;100;50,2,8,2.5,3.5,100,-10,5,250,40,5,250,60,1,8,11,0,0.06,4,0.5,50,8,5
35,1,60,FrameTimeStutter,6.000,antimatter,practice,2026-08-31T12:06:02.6229449-04:00,3,1009,17.01515,16.6016,723.02,1205.56,0.000,0.000,-2.8332,5.9120,-4.5879,Right,0,0,0,0,0.0000,100.000,0,0.000,0,127.500,71.914,4.500,0.0300,0.3333,80.00,antimatter,60,450;300;200;100;50,2,8,2.5,3.5,100,-10,5,250,40,5,250,60,1,8,11,0,0.06,4,0.5,50,8,5
35,1,60,FrameTimeStutter,6.000,antimatter,practice,2026-08-31T12:06:02.6229449-04:00,3,1010,17.03197,16.8182,723.02,1205.56,0.000,0.000,-2.8332,5.9120,-4.5879,Right,0,0,0,0,0.0000,100.000,0,0.000,0,127.500,71.914,4.500,0.0300,0.3333,80.00,antimatter,60,450;300;200;100;50,2,8,2.5,3.5,100,-10,5,250,40,5,250,60,1,8,11,0,0.06,4,0.5,50,8,5
35,1,60,FrameTimeStutter,6.000,antimatter,practice,2026-08-31T12:06:02.6229449-04:00,3,1011,17.04864,16.6687,723.02,1205.56,0.000,0.000,-2.8332,5.9120,-4.5879,Right,0,0,0,0,0.0000,100.000,0,0.000,0,127.500,71.914,4.500,0.0300,0.3333,80.00,antimatter,60,450;300;200;100;50,2,8,2.5,3.5,100,-10,5,250,40,5,250,60,1,8,11,0,0.06,4,0.5,50,8,5
35,1,60,FrameTimeStutter,6.000,antimatter,practice,2026-08-31T12:06:02.6229449-04:00,3,1012,17.06563,16.9866,723.02,1205.56,0.000,0.000,-2.8332,5.9120,-4.5879,Right,0,0,0,0,0.0000,100.000,0,0.000,0,127.500,71.914,4.500,0.0300,0.3333,80.00,antimatter,60,450;300;200;100;50,2,8,2.5,3.5,100,-10,5,250,40,5,250,60,1,8,11,0,0.06,4,0.5,50,8,5
35,1,60,FrameTimeStutter,6.000,antimatter,practice,2026-08-31T12:06:02.6229449-04:00,3,1013,17.08249,16.8646,723.02,1205.56,0.000,0.000,-2.8332,5.9120,-4.5879,Right,0,0,0,0,0.0000,100.000,0,0.000,0,127.500,71.914,4.500,0.0300,0.3333,80.00,antimatter,60,450;300;200;100;50,2,8,2.5,3.5,100,-10,5,250,40,5,250,60,1,8,11,0,0.06,4,0.5,50,8,5
35,1,60,FrameTimeStutter,6.000,antimatter,practice,2026-08-31T12:06:02.6229449-04:00,3,1014,17.09861,16.1217,723.02,1205.56,0.000,0.000,-2.8332,5.9120,-4.5879,Right,0,0,0,0,0.0000,100.000,0,0.000,0,127.500,71.914,4.500,0.0300,0.3333,80.00,antimatter,60,450;300;200;100;50,2,8,2.5,3.5,100,-10,5,250,40,5,250,60,1,8,11,0,0.06,4,0.5,50,8,5
35,1,60,FrameTimeStutter,6.000,antimatter,practice,2026-08-31T12:06:02.6229449-04:00,3,1015,17.11558,16.9696,723.02,1205.56,0.000,0.000,-2.8332,5.9120,-4.5879,Right,0,0,0,0,0.0000,100.000,0,0.000,0,127.500,71.914,4.500,0.0300,0.3333,80.00,antimatter,60,450;300;200;100;50,2,8,2.5,3.5,100,-10,5,250,40,5,250,60,1,8,11,0,0.06,4,0.5,50,8,5
35,1,60,FrameTimeStutter,6.000,antimatter,practice,2026-08-31T12:06:02.6229449-04:00,3,1016,17.13235,16.7655,723.02,1205.56,0.000,0.000,-2.8332,5.9120,-4.5879,Right,0,0,0,0,0.0000,100.000,0,0.000,0,127.500,71.914,4.500,0.0300,0.3333,80.00,antimatter,60,450;300;200;100;50,2,8,2.5,3.5,100,-10,5,250,40,5,250,60,1,8,11,0,0.06,4,0.5,50,8,5
35,1,60,FrameTimeStutter,6.000,antimatter,practice,2026-08-31T12:06:02.6229449-04:00,3,1017,17.14896,16.6146,723.02,1205.56,0.000,0.000,-2.8332,5.9120,-4.5879,Right,0,0,0,0,0.0000,100.000,0,0.000,0,127.500,71.914,4.500,0.0300,0.3333,80.00,antimatter,60,450;300;200;100;50,2,8,2.5,3.5,100,-10,5,250,40,5,250,60,1,8,11,0,0.06,4,0.5,50,8,5
35,1,60,FrameTimeStutter,6.000,antimatter,practice,2026-08-31T12:06:02.6229449-04:00,3,1018,17.16573,16.7639,723.02,1205.56,0.000,0.000,-2.8332,5.9120,-4.5879,Right,0,0,0,0,0.0000,100.000,0,0.000,0,127.500,71.914,4.500,0.0300,0.3333,80.00,antimatter,60,450;300;200;100;50,2,8,2.5,3.5,100,-10,5,250,40,5,250,60,1,8,11,0,0.06,4,0.5,50,8,5
35,1,60,FrameTimeStutter,6.000,antimatter,practice,2026-08-31T12:06:02.6229449-04:00,3,1019,17.18218,16.4579,723.02,1205.56,0.000,0.000,-2.8332,5.9120,-4.5879,Right,0,0,0,0,0.0000,100.000,0,0.000,0,127.500,71.914,4.500,0.0300,0.3333,80.00,antimatter,60,450;300;200;100;50,2,8,2.5,3.5,100,-10,5,250,40,5,250,60,1,8,11,0,0.06,4,0.5,50,8,5
35,1,60,FrameTimeStutter,6.000,antimatter,practice,2026-08-31T12:06:02.6229449-04:00,3,1020,17.19909,16.9057,723.02,1205.56,0.000,0.000,-2.8332,5.9120,-4.5879,Right,0,0,0,0,0.0000,100.000,0,0.000,0,127.500,71.914,4.500,0.0300,0.3333,80.00,antimatter,60,450;300;200;100;50,2,8,2.5,3.5,100,-10,5,250,40,5,250,60,1,8,11,0,0.06,4,0.5,50,8,5
35,1,60,FrameTimeStutter,6.000,antimatter,practice,2026-08-31T12:06:02.6229449-04:00,3,1021,17.21577,16.6766,723.02,1205.56,0.000,0.000,-2.8332,5.9120,-4.5879,Right,0,0,0,0,0.0000,100.000,0,0.000,0,127.500,71.914,4.500,0.0300,0.3333,80.00,antimatter,60,450;300;200;100;50,2,8,2.5,3.5,100,-10,5,250,40,5,250,60,1,8,11,0,0.06,4,0.5,50,8,5
35,1,60,FrameTimeStutter,6.000,antimatter,practice,2026-08-31T12:06:02.6229449-04:00,3,1022,17.23226,16.4949,723.02,1205.56,0.000,0.000,-2.8332,5.9120,-4.5879,Right,0,0,0,0,0.0000,100.000,0,0.000,0,127.500,71.914,4.500,0.0300,0.3333,80.00,antimatter,60,450;300;200;100;50,2,8,2.5,3.5,100,-10,5,250,40,5,250,60,1,8,11,0,0.06,4,0.5,50,8,5
35,1,60,FrameTimeStutter,6.000,antimatter,practice,2026-08-31T12:06:02.6229449-04:00,3,1023,17.24867,16.4042,723.02,1205.56,0.000,0.000,-2.8332,5.9120,-4.5879,Right,0,0,0,0,0.0000,100.000,0,0.000,0,127.500,71.914,4.500,0.0300,0.3333,80.00,antimatter,60,450;300;200;100;50,2,8,2.5,3.5,100,-10,5,250,40,5,250,60,1,8,11,0,0.06,4,0.5,50,8,5
35,1,60,FrameTimeStutter,6.000,antimatter,practice,2026-08-31T12:06:02.6229449-04:00,3,1024,17.26593,17.2613,723.02,1205.56,0.000,0.000,-2.8332,5.9120,-4.5879,Right,0,0,0,0,0.0000,100.000,0,0.000,0,127.500,71.914,4.500,0.0300,0.3333,80.00,antimatter,60,450;300;200;100;50,2,8,2.5,3.5,100,-10,5,250,40,5,250,60,1,8,11,0,0.06,4,0.5,50,8,5
35,1,60,FrameTimeStutter,6.000,antimatter,practice,2026-08-31T12:06:02.6229449-04:00,3,1025,17.28240,16.4706,723.02,1205.56,0.000,0.000,-2.8332,5.9120,-4.5879,Right,0,0,0,0,0.0000,100.000,0,0.000,0,127.500,71.914,4.500,0.0300,0.3333,80.00,antimatter,60,450;300;200;100;50,2,8,2.5,3.5,100,-10,5,250,40,5,250,60,1,8,11,0,0.06,4,0.5,50,8,5
35,1,60,FrameTimeStutter,6.000,antimatter,practice,2026-08-31T12:06:02.6229449-04:00,3,1026,17.29920,16.8033,723.02,1205.56,0.000,0.000,-2.8332,5.9120,-4.5879,Right,0,0,0,0,0.0000,100.000,0,0.000,0,127.500,71.914,4.500,0.0300,0.3333,80.00,antimatter,60,450;300;200;100;50,2,8,2.5,3.5,100,-10,5,250,40,5,250,60,1,8,11,0,0.06,4,0.5,50,8,5
35,1,60,FrameTimeStutter,6.000,antimatter,practice,2026-08-31T12:06:02.6229449-04:00,3,1027,17.31536,16.1559,723.02,1205.56,0.000,0.000,-2.8332,5.9120,-4.5879,Right,0,0,0,0,0.0000,100.000,0,0.000,0,127.500,71.914,4.500,0.0300,0.3333,80.00,antimatter,60,450;300;200;100;50,2,8,2.5,3.5,100,-10,5,250,40,5,250,60,1,8,11,0,0.06,4,0.5,50,8,5
35,1,60,FrameTimeStutter,6.000,antimatter,practice,2026-08-31T12:06:02.6229449-04:00,3,1028,17.33186,16.5014,723.02,1205.56,0.000,0.000,-2.8332,5.9120,-4.5879,Right,0,0,0,0,0.0000,100.000,0,0.000,0,127.500,71.914,4.500,0.0300,0.3333,80.00,antimatter,60,450;300;200;100;50,2,8,2.5,3.5,100,-10,5,250,40,5,250,60,1,8,11,0,0.06,4,0.5,50,8,5
35,1,60,FrameTimeStutter,6.000,antimatter,practice,2026-08-31T12:06:02.6229449-04:00,3,1029,17.34926,17.4021,723.02,1205.56,0.000,0.000,-2.8332,5.9120,-4.5879,Right,0,0,0,0,0.0000,100.000,0,0.000,0,127.500,71.914,4.500,0.0300,0.3333,80.00,antimatter,60,450;300;200;100;50,2,8,2.5,3.5,100,-10,5,250,40,5,250,60,1,8,11,0,0.06,4,0.5,50,8,5
35,1,60,FrameTimeStutter,6.000,antimatter,practice,2026-08-31T12:06:02.6229449-04:00,3,1030,17.36566,16.4021,723.02,1205.56,0.000,0.000,-2.8332,5.9120,-4.5879,Right,0,0,0,0,0.0000,100.000,0,0.000,0,127.500,71.914,4.500,0.0300,0.3333,80.00,antimatter,60,450;300;200;100;50,2,8,2.5,3.5,100,-10,5,250,40,5,250,60,1,8,11,0,0.06,4,0.5,50,8,5
35,1,60,FrameTimeStutter,6.000,antimatter,practice,2026-08-31T12:06:02.6229449-04:00,3,1031,17.38209,16.4230,723.02,1205.56,0.000,0.000,-2.8332,5.9120,-4.5879,Right,0,0,0,0,0.0000,100.000,0,0.000,0,127.500,71.914,4.500,0.0300,0.3333,80.00,antimatter,60,450;300;200;100;50,2,8,2.5,3.5,100,-10,5,250,40,5,250,60,1,8,11,0,0.06,4,0.5,50,8,5
35,1,60,FrameTimeStutter,6.000,antimatter,practice,2026-08-31T12:06:02.6229449-04:00,3,1032,17.39931,17.2198,723.02,1205.56,0.000,0.000,-2.8332,5.9120,-4.5879,Right,0,0,0,0,0.0000,100.000,0,0.000,0,127.500,71.914,4.500,0.0300,0.3333,80.00,antimatter,60,450;300;200;100;50,2,8,2.5,3.5,100,-10,5,250,40,5,250,60,1,8,11,0,0.06,4,0.5,50,8,5
35,1,60,FrameTimeStutter,6.000,antimatter,practice,2026-08-31T12:06:02.6229449-04:00,3,1033,17.41519,15.8876,723.02,1205.56,0.000,0.000,-2.8332,5.9120,-4.5879,Right,0,0,0,0,0.0000,100.000,0,0.000,0,127.500,71.914,4.500,0.0300,0.3333,80.00,antimatter,60,450;300;200;100;50,2,8,2.5,3.5,100,-10,5,250,40,5,250,60,1,8,11,0,0.06,4,0.5,50,8,5
35,1,60,FrameTimeStutter,6.000,antimatter,practice,2026-08-31T12:06:02.6229449-04:00,3,1034,17.43254,17.3428,723.02,1205.56,0.000,0.000,-2.8332,5.9120,-4.5879,Right,0,0,0,0,0.0000,100.000,0,0.000,0,127.500,71.914,4.500,0.0300,0.3333,80.00,antimatter,60,450;300;200;100;50,2,8,2.5,3.5,100,-10,5,250,40,5,250,60,1,8,11,0,0.06,4,0.5,50,8,5
35,1,60,FrameTimeStutter,6.000,antimatter,practice,2026-08-31T12:06:02.6229449-04:00,3,1035,17.44891,16.3702,723.02,1205.56,0.000,0.000,-2.8332,5.9120,-4.5879,Right,0,0,0,0,0.0000,100.000,0,0.000,0,127.500,71.914,4.500,0.0300,0.3333,80.00,antimatter,60,450;300;200;100;50,2,8,2.5,3.5,100,-10,5,250,40,5,250,60,1,8,11,0,0.06,4,0.5,50,8,5
35,1,60,FrameTimeStutter,6.000,antimatter,practice,2026-08-31T12:06:02.6229449-04:00,3,1036,17.46590,16.9981,723.02,1205.56,0.000,0.000,-2.8332,5.9120,-4.5879,Right,0,0,0,0,0.0000,100.000,0,0.000,0,127.500,71.914,4.500,0.0300,0.3333,80.00,antimatter,60,450;300;200;100;50,2,8,2.5,3.5,100,-10,5,250,40,5,250,60,1,8,11,0,0.06,4,0.5,50,8,5
35,1,60,FrameTimeStutter,6.000,antimatter,practice,2026-08-31T12:06:02.6229449-04:00,3,1037,17.48196,16.0554,723.02,1205.56,0.000,0.000,-2.8332,5.9120,-4.5879,Right,0,0,0,0,0.0000,100.000,0,0.000,0,127.500,71.914,4.500,0.0300,0.3333,80.00,antimatter,60,450;300;200;100;50,2,8,2.5,3.5,100,-10,5,250,40,5,250,60,1,8,11,0,0.06,4,0.5,50,8,5
35,1,60,FrameTimeStutter,6.000,antimatter,practice,2026-08-31T12:06:02.6229449-04:00,3,1038,17.49859,16.6306,723.02,1205.56,0.000,0.000,-2.8332,5.9120,-4.5879,Right,0,0,0,0,0.0000,100.000,0,0.000,0,127.500,71.914,4.500,0.0300,0.3333,80.00,antimatter,60,450;300;200;100;50,2,8,2.5,3.5,100,-10,5,250,40,5,250,60,1,8,11,0,0.06,4,0.5,50,8,5
35,1,60,FrameTimeStutter,6.000,antimatter,practice,2026-08-31T12:06:02.6229449-04:00,3,1039,17.51541,16.8147,723.02,1205.56,0.000,0.000,-2.8332,5.9120,-4.5879,Right,0,0,0,0,0.0000,100.000,0,0.000,0,127.500,71.914,4.500,0.0300,0.3333,80.00,antimatter,60,450;300;200;100;50,2,8,2.5,3.5,100,-10,5,250,40,5,250,60,1,8,11,0,0.06,4,0.5,50,8,5
35,1,60,FrameTimeStutter,6.000,antimatter,practice,2026-08-31T12:06:02.6229449-04:00,3,1040,17.53251,17.1077,723.02,1205.56,0.000,0.000,-2.8332,5.9120,-4.5879,Right,0,0,0,0,0.0000,100.000,0,0.000,0,127.500,71.914,4.500,0.0300,0.3333,80.00,antimatter,60,450;300;200;100;50,2,8,2.5,3.5,100,-10,5,250,40,5,250,60,1,8,11,0,0.06,4,0.5,50,8,5
35,1,60,FrameTimeStutter,6.000,antimatter,practice,2026-08-31T12:06:02.6229449-04:00,3,1041,17.54902,16.5033,723.02,1205.56,0.000,0.000,-2.8332,5.9120,-4.5879,Right,0,0,0,0,0.0000,100.000,0,0.000,0,127.500,71.914,4.500,0.0300,0.3333,80.00,antimatter,60,450;300;200;100;50,2,8,2.5,3.5,100,-10,5,250,40,5,250,60,1,8,11,0,0.06,4,0.5,50,8,5
35,1,60,FrameTimeStutter,6.000,antimatter,practice,2026-08-31T12:06:02.6229449-04:00,3,1042,17.56542,16.4029,723.02,1205.56,0.000,0.000,-2.8332,5.9120,-4.5879,Right,0,0,0,0,0.0000,100.000,0,0.000,0,127.500,71.914,4.500,0.0300,0.3333,80.00,antimatter,60,450;300;200;100;50,2,8,2.5,3.5,100,-10,5,250,40,5,250,60,1,8,11,0,0.06,4,0.5,50,8,5
35,1,60,FrameTimeStutter,6.000,antimatter,practice,2026-08-31T12:06:02.6229449-04:00,3,1043,17.58246,17.0400,723.02,1205.56,0.000,0.000,-2.8332,5.9120,-4.5879,Right,0,0,0,0,0.0000,100.000,0,0.000,0,127.500,71.914,4.500,0.0300,0.3333,80.00,antimatter,60,450;300;200;100;50,2,8,2.5,3.5,100,-10,5,250,40,5,250,60,1,8,11,0,0.06,4,0.5,50,8,5
35,1,60,FrameTimeStutter,6.000,antimatter,practice,2026-08-31T12:06:02.6229449-04:00,3,1044,17.59928,16.8181,723.02,1205.56,0.000,0.000,-2.8332,5.9120,-4.5879,Right,0,0,0,0,0.0000,100.000,0,0.000,0,127.500,71.914,4.500,0.0300,0.3333,80.00,antimatter,60,450;300;200;100;50,2,8,2.5,3.5,100,-10,5,250,40,5,250,60,1,8,11,0,0.06,4,0.5,50,8,5
35,1,60,FrameTimeStutter,6.000,antimatter,practice,2026-08-31T12:06:02.6229449-04:00,3,1045,17.61551,16.2286,723.02,1205.56,0.000,0.000,-2.8332,5.9120,-4.5879,Right,0,0,0,0,0.0000,100.000,0,0.000,0,127.500,71.914,4.500,0.0300,0.3333,80.00,antimatter,60,450;300;200;100;50,2,8,2.5,3.5,100,-10,5,250,40,5,250,60,1,8,11,0,0.06,4,0.5,50,8,5
35,1,60,FrameTimeStutter,6.000,antimatter,practice,2026-08-31T12:06:02.6229449-04:00,3,1046,17.63197,16.4665,723.02,1205.56,0.000,0.000,-2.8332,5.9120,-4.5879,Right,0,0,0,0,0.0000,100.000,0,0.000,0,127.500,71.914,4.500,0.0300,0.3333,80.00,antimatter,60,450;300;200;100;50,2,8,2.5,3.5,100,-10,5,250,40,5,250,60,1,8,11,0,0.06,4,0.5,50,8,5
35,1,60,FrameTimeStutter,6.000,antimatter,practice,2026-08-31T12:06:02.6229449-04:00,3,1047,17.64917,17.1978,723.02,1205.56,0.000,0.000,-2.8332,5.9120,-4.5879,Right,0,0,0,0,0.0000,100.000,0,0.000,0,127.500,71.914,4.500,0.0300,0.3333,80.00,antimatter,60,450;300;200;100;50,2,8,2.5,3.5,100,-10,5,250,40,5,250,60,1,8,11,0,0.06,4,0.5,50,8,5
35,1,60,FrameTimeStutter,6.000,antimatter,practice,2026-08-31T12:06:02.6229449-04:00,3,1048,17.66590,16.7308,723.02,1205.56,0.000,0.000,-2.8332,5.9120,-4.5879,Right,0,0,0,0,0.0000,100.000,0,0.000,0,127.500,71.914,4.500,0.0300,0.3333,80.00,antimatter,60,450;300;200;100;50,2,8,2.5,3.5,100,-10,5,250,40,5,250,60,1,8,11,0,0.06,4,0.5,50,8,5
35,1,60,FrameTimeStutter,6.000,antimatter,practice,2026-08-31T12:06:02.6229449-04:00,3,1049,17.68258,16.6736,723.02,1205.56,0.000,0.000,-2.8332,5.9120,-4.5879,Right,0,0,0,0,0.0000,100.000,0,0.000,0,127.500,71.914,4.500,0.0300,0.3333,80.00,antimatter,60,450;300;200;100;50,2,8,2.5,3.5,100,-10,5,250,40,5,250,60,1,8,11,0,0.06,4,0.5,50,8,5
35,1,60,FrameTimeStutter,6.000,antimatter,practice,2026-08-31T12:06:02.6229449-04:00,3,1050,17.69934,16.7677,723.02,1205.56,0.000,0.000,-2.8332,5.9120,-4.5879,Right,0,0,0,0,0.0000,100.000,0,0.000,0,127.500,71.914,4.500,0.0300,0.3333,80.00,antimatter,60,450;300;200;100;50,2,8,2.5,3.5,100,-10,5,250,40,5,250,60,1,8,11,0,0.06,4,0.5,50,8,5
35,1,60,FrameTimeStutter,6.000,antimatter,practice,2026-08-31T12:06:02.6229449-04:00,3,1051,17.71539,16.0447,723.02,1205.56,0.000,0.000,-2.8332,5.9120,-4.5879,Right,0,0,0,0,0.0000,100.000,0,0.000,0,127.500,71.914,4.500,0.0300,0.3333,80.00,antimatter,60,450;300;200;100;50,2,8,2.5,3.5,100,-10,5,250,40,5,250,60,1,8,11,0,0.06,4,0.5,50,8,5
35,1,60,FrameTimeStutter,6.000,antimatter,practice,2026-08-31T12:06:02.6229449-04:00,3,1052,17.73202,16.6342,723.02,1205.56,0.000,0.000,-2.8332,5.9120,-4.5879,Right,0,0,0,0,0.0000,100.000,0,0.000,0,127.500,71.914,4.500,0.0300,0.3333,80.00,antimatter,60,450;300;200;100;50,2,8,2.5,3.5,100,-10,5,250,40,5,250,60,1,8,11,0,0.06,4,0.5,50,8,5
35,1,60,FrameTimeStutter,6.000,antimatter,practice,2026-08-31T12:06:02.6229449-04:00,3,1053,17.74850,16.4843,723.02,1205.56,0.000,0.000,-2.8332,5.9120,-4.5879,Right,0,0,0,0,0.0000,100.000,0,0.000,0,127.500,71.914,4.500,0.0300,0.3333,80.00,antimatter,60,450;300;200;100;50,2,8,2.5,3.5,100,-10,5,250,40,5,250,60,1,8,11,0,0.06,4,0.5,50,8,5
35,1,60,FrameTimeStutter,6.000,antimatter,practice,2026-08-31T12:06:02.6229449-04:00,3,1054,17.76601,17.5007,723.02,1205.56,0.000,0.000,-2.8332,5.9120,-4.5879,Right,0,0,0,0,0.0000,100.000,0,0.000,0,127.500,71.914,4.500,0.0300,0.3333,80.00,antimatter,60,450;300;200;100;50,2,8,2.5,3.5,100,-10,5,250,40,5,250,60,1,8,11,0,0.06,4,0.5,50,8,5
35,1,60,FrameTimeStutter,6.000,antimatter,practice,2026-08-31T12:06:02.6229449-04:00,3,1055,17.78237,16.3629,723.02,1205.56,0.000,0.000,-2.8332,5.9120,-4.5879,Right,0,0,0,0,0.0000,100.000,0,0.000,0,127.500,71.914,4.500,0.0300,0.3333,80.00,antimatter,60,450;300;200;100;50,2,8,2.5,3.5,100,-10,5,250,40,5,250,60,1,8,11,0,0.06,4,0.5,50,8,5
35,1,60,FrameTimeStutter,6.000,antimatter,practice,2026-08-31T12:06:02.6229449-04:00,3,1056,17.79907,16.7020,723.02,1205.56,0.000,0.000,-2.8332,5.9120,-4.5879,Right,0,0,0,0,0.0000,100.000,0,0.000,0,127.500,71.914,4.500,0.0300,0.3333,80.00,antimatter,60,450;300;200;100;50,2,8,2.5,3.5,100,-10,5,250,40,5,250,60,1,8,11,0,0.06,4,0.5,50,8,5
35,1,60,FrameTimeStutter,6.000,antimatter,practice,2026-08-31T12:06:02.6229449-04:00,3,1057,17.81579,16.7213,723.02,1205.56,0.000,0.000,-2.8332,5.9120,-4.5879,Right,0,0,0,0,0.0000,100.000,0,0.000,0,127.500,71.914,4.500,0.0300,0.3333,80.00,antimatter,60,450;300;200;100;50,2,8,2.5,3.5,100,-10,5,250,40,5,250,60,1,8,11,0,0.06,4,0.5,50,8,5
35,1,60,FrameTimeStutter,6.000,antimatter,practice,2026-08-31T12:06:02.6229449-04:00,3,1058,17.83267,16.8731,723.02,1205.56,0.000,0.000,-2.8332,5.9120,-4.5879,Right,0,0,0,0,0.0000,100.000,0,0.000,0,127.500,71.914,4.500,0.0300,0.3333,80.00,antimatter,60,450;300;200;100;50,2,8,2.5,3.5,100,-10,5,250,40,5,250,60,1,8,11,0,0.06,4,0.5,50,8,5
35,1,60,FrameTimeStutter,6.000,antimatter,practice,2026-08-31T12:06:02.6229449-04:00,3,1059,17.84884,16.1716,723.02,1205.56,0.000,0.000,-2.8332,5.9120,-4.5879,Right,0,0,0,0,0.0000,100.000,0,0.000,0,127.500,71.914,4.500,0.0300,0.3333,80.00,antimatter,60,450;300;200;100;50,2,8,2.5,3.5,100,-10,5,250,40,5,250,60,1,8,11,0,0.06,4,0.5,50,8,5
35,1,60,FrameTimeStutter,6.000,antimatter,practice,2026-08-31T12:06:02.6229449-04:00,3,1060,17.86574,16.9016,723.02,1205.56,0.000,0.000,-2.8332,5.9120,-4.5879,Right,0,0,0,0,0.0000,100.000,0,0.000,0,127.500,71.914,4.500,0.0300,0.3333,80.00,antimatter,60,450;300;200;100;50,2,8,2.5,3.5,100,-10,5,250,40,5,250,60,1,8,11,0,0.06,4,0.5,50,8,5
35,1,60,FrameTimeStutter,6.000,antimatter,practice,2026-08-31T12:06:02.6229449-04:00,3,1061,17.88181,16.0771,723.02,1205.56,0.000,0.000,-2.8332,5.9120,-4.5879,Right,0,0,0,0,0.0000,100.000,0,0.000,0,127.500,71.914,4.500,0.0300,0.3333,80.00,antimatter,60,450;300;200;100;50,2,8,2.5,3.5,100,-10,5,250,40,5,250,60,1,8,11,0,0.06,4,0.5,50,8,5
35,1,60,FrameTimeStutter,6.000,antimatter,practice,2026-08-31T12:06:02.6229449-04:00,3,1062,17.89891,17.0964,723.02,1205.56,0.000,0.000,-2.8332,5.9120,-4.5879,Right,0,0,0,0,0.0000,100.000,0,0.000,0,127.500,71.914,4.500,0.0300,0.3333,80.00,antimatter,60,450;300;200;100;50,2,8,2.5,3.5,100,-10,5,250,40,5,250,60,1,8,11,0,0.06,4,0.5,50,8,5
35,1,60,FrameTimeStutter,6.000,antimatter,practice,2026-08-31T12:06:02.6229449-04:00,3,1063,17.91592,17.0103,723.02,1205.56,0.000,0.000,-2.8332,5.9120,-4.5879,Right,0,0,0,0,0.0000,100.000,0,0.000,0,127.500,71.914,4.500,0.0300,0.3333,80.00,antimatter,60,450;300;200;100;50,2,8,2.5,3.5,100,-10,5,250,40,5,250,60,1,8,11,0,0.06,4,0.5,50,8,5
35,1,60,FrameTimeStutter,6.000,antimatter,practice,2026-08-31T12:06:02.6229449-04:00,3,1064,17.93222,16.2950,723.02,1205.56,0.000,0.000,-2.8332,5.9120,-4.5879,Right,0,0,0,0,0.0000,100.000,0,0.000,0,127.500,71.914,4.500,0.0300,0.3333,80.00,antimatter,60,450;300;200;100;50,2,8,2.5,3.5,100,-10,5,250,40,5,250,60,1,8,11,0,0.06,4,0.5,50,8,5
35,1,60,FrameTimeStutter,6.000,antimatter,practice,2026-08-31T12:06:02.6229449-04:00,3,1065,17.94926,17.0424,723.02,1205.56,0.000,0.000,-2.8332,5.9120,-4.5879,Right,0,0,0,0,0.0000,100.000,0,0.000,0,127.500,71.914,4.500,0.0300,0.3333,80.00,antimatter,60,450;300;200;100;50,2,8,2.5,3.5,100,-10,5,250,40,5,250,60,1,8,11,0,0.06,4,0.5,50,8,5
35,1,60,FrameTimeStutter,6.000,antimatter,practice,2026-08-31T12:06:02.6229449-04:00,3,1066,17.96567,16.4070,723.02,1205.56,0.000,0.000,-2.8332,5.9120,-4.5879,Right,0,0,0,0,0.0000,100.000,0,0.000,0,127.500,71.914,4.500,0.0300,0.3333,80.00,antimatter,60,450;300;200;100;50,2,8,2.5,3.5,100,-10,5,250,40,5,250,60,1,8,11,0,0.06,4,0.5,50,8,5
35,1,60,FrameTimeStutter,6.000,antimatter,practice,2026-08-31T12:06:02.6229449-04:00,3,1067,17.98263,16.9596,723.02,1205.56,0.000,0.000,-2.8332,5.9120,-4.5879,Right,0,0,0,0,0.0000,100.000,0,0.000,0,127.500,71.914,4.500,0.0300,0.3333,80.00,antimatter,60,450;300;200;100;50,2,8,2.5,3.5,100,-10,5,250,40,5,250,60,1,8,11,0,0.06,4,0.5,50,8,5
35,1,60,FrameTimeStutter,6.000,antimatter,practice,2026-08-31T12:06:02.6229449-04:00,3,1068,17.99850,15.8682,723.02,1205.56,0.000,0.000,-2.8332,5.9120,-4.5879,Right,0,0,0,0,0.0000,100.000,0,0.000,0,127.500,71.914,4.500,0.0300,0.3333,80.00,antimatter,60,450;300;200;100;50,2,8,2.5,3.5,100,-10,5,250,40,5,250,60,1,8,11,0,0.06,4,0.5,50,8,5
35,1,60,FrameTimeStutter,6.000,antimatter,practice,2026-08-31T12:06:02.6229449-04:00,3,1069,18.01554,17.0439,723.02,1205.56,0.000,0.000,-2.8332,5.9120,-4.5879,Right,0,0,0,0,0.0000,100.000,0,0.000,0,127.500,71.914,4.500,0.0300,0.3333,80.00,antimatter,60,450;300;200;100;50,2,8,2.5,3.5,100,-10,5,250,40,5,250,60,1,8,11,0,0.06,4,0.5,50,8,5
35,1,60,FrameTimeStutter,6.000,antimatter,practice,2026-08-31T12:06:02.6229449-04:00,3,1070,18.03190,16.3603,723.02,1205.56,0.000,0.000,-2.8332,5.9120,-4.5879,Right,0,0,0,0,0.0000,100.000,0,0.000,0,127.500,71.914,4.500,0.0300,0.3333,80.00,antimatter,60,450;300;200;100;50,2,8,2.5,3.5,100,-10,5,250,40,5,250,60,1,8,11,0,0.06,4,0.5,50,8,5
35,1,60,FrameTimeStutter,6.000,antimatter,practice,2026-08-31T12:06:02.6229449-04:00,3,1071,18.04896,17.0627,723.02,1205.56,0.000,0.000,-2.8332,5.9120,-4.5879,Right,0,0,0,0,0.0000,100.000,0,0.000,0,127.500,71.914,4.500,0.0300,0.3333,80.00,antimatter,60,450;300;200;100;50,2,8,2.5,3.5,100,-10,5,250,40,5,250,60,1,8,11,0,0.06,4,0.5,50,8,5
35,1,60,FrameTimeStutter,6.000,antimatter,practice,2026-08-31T12:06:02.6229449-04:00,3,1072,18.06525,16.2860,723.02,1205.56,0.000,0.000,-2.8332,5.9120,-4.5879,Right,0,0,0,0,0.0000,100.000,0,0.000,0,127.500,71.914,4.500,0.0300,0.3333,80.00,antimatter,60,450;300;200;100;50,2,8,2.5,3.5,100,-10,5,250,40,5,250,60,1,8,11,0,0.06,4,0.5,50,8,5
35,1,60,FrameTimeStutter,6.000,antimatter,practice,2026-08-31T12:06:02.6229449-04:00,3,1073,18.08217,16.9231,723.02,1205.56,0.000,0.000,-2.8332,5.9120,-4.5879,Right,0,0,0,0,0.0000,100.000,0,0.000,0,127.500,71.914,4.500,0.0300,0.3333,80.00,antimatter,60,450;300;200;100;50,2,8,2.5,3.5,100,-10,5,250,40,5,250,60,1,8,11,0,0.06,4,0.5,50,8,5
35,1,60,FrameTimeStutter,6.000,antimatter,practice,2026-08-31T12:06:02.6229449-04:00,3,1074,18.09869,16.5156,723.02,1205.56,0.000,0.000,-2.8332,5.9120,-4.5879,Right,0,0,0,0,0.0000,100.000,0,0.000,0,127.500,71.914,4.500,0.0300,0.3333,80.00,antimatter,60,450;300;200;100;50,2,8,2.5,3.5,100,-10,5,250,40,5,250,60,1,8,11,0,0.06,4,0.5,50,8,5
35,1,60,FrameTimeStutter,6.000,antimatter,practice,2026-08-31T12:06:02.6229449-04:00,3,1075,18.11584,17.1536,723.02,1205.56,0.000,0.000,-2.8332,5.9120,-4.5879,Right,0,0,0,0,0.0000,100.000,0,0.000,0,127.500,71.914,4.500,0.0300,0.3333,80.00,antimatter,60,450;300;200;100;50,2,8,2.5,3.5,100,-10,5,250,40,5,250,60,1,8,11,0,0.06,4,0.5,50,8,5
35,1,60,FrameTimeStutter,6.000,antimatter,practice,2026-08-31T12:06:02.6229449-04:00,3,1076,18.13265,16.8122,723.02,1205.56,0.000,0.000,-2.8332,5.9120,-4.5879,Right,0,0,0,0,0.0000,100.000,0,0.000,0,127.500,71.914,4.500,0.0300,0.3333,80.00,antimatter,60,450;300;200;100;50,2,8,2.5,3.5,100,-10,5,250,40,5,250,60,1,8,11,0,0.06,4,0.5,50,8,5
35,1,60,FrameTimeStutter,6.000,antimatter,practice,2026-08-31T12:06:02.6229449-04:00,3,1077,18.14864,15.9853,723.02,1205.56,0.000,0.000,-2.8332,5.9120,-4.5879,Right,0,0,0,0,0.0000,100.000,0,0.000,0,127.500,71.914,4.500,0.0300,0.3333,80.00,antimatter,60,450;300;200;100;50,2,8,2.5,3.5,100,-10,5,250,40,5,250,60,1,8,11,0,0.06,4,0.5,50,8,5
35,1,60,FrameTimeStutter,6.000,antimatter,practice,2026-08-31T12:06:02.6229449-04:00,3,1078,18.16527,16.6340,723.02,1205.56,0.000,0.000,-2.8332,5.9120,-4.5879,Right,0,0,0,0,0.0000,100.000,0,0.000,0,127.500,71.914,4.500,0.0300,0.3333,80.00,antimatter,60,450;300;200;100;50,2,8,2.5,3.5,100,-10,5,250,40,5,250,60,1,8,11,0,0.06,4,0.5,50,8,5
35,1,60,FrameTimeStutter,6.000,antimatter,practice,2026-08-31T12:06:02.6229449-04:00,3,1079,18.18208,16.8033,723.02,1205.56,0.000,0.000,-2.8332,5.9120,-4.5879,Right,0,0,0,0,0.0000,100.000,0,0.000,0,127.500,71.914,4.500,0.0300,0.3333,80.00,antimatter,60,450;300;200;100;50,2,8,2.5,3.5,100,-10,5,250,40,5,250,60,1,8,11,0,0.06,4,0.5,50,8,5
35,1,60,FrameTimeStutter,6.000,antimatter,practice,2026-08-31T12:06:02.6229449-04:00,3,1080,18.19891,16.8314,723.02,1205.56,0.000,0.000,-2.8332,5.9120,-4.5879,Right,0,0,0,0,0.0000,100.000,0,0.000,0,127.500,71.914,4.500,0.0300,0.3333,80.00,antimatter,60,450;300;200;100;50,2,8,2.5,3.5,100,-10,5,250,40,5,250,60,1,8,11,0,0.06,4,0.5,50,8,5
35,1,60,FrameTimeStutter,6.000,antimatter,practice,2026-08-31T12:06:02.6229449-04:00,3,1081,18.21581,16.9038,723.02,1205.56,0.000,0.000,-2.8332,5.9120,-4.5879,Right,0,0,0,0,0.0000,100.000,0,0.000,0,127.500,71.914,4.500,0.0300,0.3333,80.00,antimatter,60,450;300;200;100;50,2,8,2.5,3.5,100,-10,5,250,40,5,250,60,1,8,11,0,0.06,4,0.5,50,8,5
35,1,60,FrameTimeStutter,6.000,antimatter,practice,2026-08-31T12:06:02.6229449-04:00,3,1082,18.23205,16.2413,723.02,1205.56,0.000,0.000,-2.8332,5.9120,-4.5879,Right,0,0,0,0,0.0000,100.000,0,0.000,0,127.500,71.914,4.500,0.0300,0.3333,80.00,antimatter,60,450;300;200;100;50,2,8,2.5,3.5,100,-10,5,250,40,5,250,60,1,8,11,0,0.06,4,0.5,50,8,5
35,1,60,FrameTimeStutter,6.000,antimatter,practice,2026-08-31T12:06:02.6229449-04:00,3,1083,18.24877,16.7211,723.02,1205.56,0.000,0.000,-2.8332,5.9120,-4.5879,Right,0,0,0,0,0.0000,100.000,0,0.000,0,127.500,71.914,4.500,0.0300,0.3333,80.00,antimatter,60,450;300;200;100;50,2,8,2.5,3.5,100,-10,5,250,40,5,250,60,1,8,11,0,0.06,4,0.5,50,8,5
35,1,60,FrameTimeStutter,6.000,antimatter,practice,2026-08-31T12:06:02.6229449-04:00,3,1084,18.26589,17.1192,723.02,1205.56,0.000,0.000,-2.8332,5.9120,-4.5879,Right,0,0,0,0,0.0000,100.000,0,0.000,0,127.500,71.914,4.500,0.0300,0.3333,80.00,antimatter,60,450;300;200;100;50,2,8,2.5,3.5,100,-10,5,250,40,5,250,60,1,8,11,0,0.06,4,0.5,50,8,5
35,1,60,FrameTimeStutter,6.000,antimatter,practice,2026-08-31T12:06:02.6229449-04:00,3,1085,18.28226,16.3705,723.02,1205.56,0.000,0.000,-2.8332,5.9120,-4.5879,Right,0,0,0,0,0.0000,100.000,0,0.000,0,127.500,71.914,4.500,0.0300,0.3333,80.00,antimatter,60,450;300;200;100;50,2,8,2.5,3.5,100,-10,5,250,40,5,250,60,1,8,11,0,0.06,4,0.5,50,8,5
35,1,60,FrameTimeStutter,6.000,antimatter,practice,2026-08-31T12:06:02.6229449-04:00,3,1086,18.29903,16.7678,723.02,1205.56,0.000,0.000,-2.8332,5.9120,-4.5879,Right,0,0,0,0,0.0000,100.000,0,0.000,0,127.500,71.914,4.500,0.0300,0.3333,80.00,antimatter,60,450;300;200;100;50,2,8,2.5,3.5,100,-10,5,250,40,5,250,60,1,8,11,0,0.06,4,0.5,50,8,5
35,1,60,FrameTimeStutter,6.000,antimatter,practice,2026-08-31T12:06:02.6229449-04:00,3,1087,18.31525,16.2247,723.02,1205.56,0.000,0.000,-2.8332,5.9120,-4.5879,Right,0,0,0,0,0.0000,100.000,0,0.000,0,127.500,71.914,4.500,0.0300,0.3333,80.00,antimatter,60,450;300;200;100;50,2,8,2.5,3.5,100,-10,5,250,40,5,250,60,1,8,11,0,0.06,4,0.5,50,8,5
35,1,60,FrameTimeStutter,6.000,antimatter,practice,2026-08-31T12:06:02.6229449-04:00,3,1088,19.41045,1095.1920,1627.72,1550.15,0.000,0.000,-2.8332,5.9120,-4.5879,Right,0,0,0,0,0.0000,100.000,0,0.000,0,127.500,71.914,4.500,0.0300,0.3333,80.00,antimatter,60,450;300;200;100;50,2,8,2.5,3.5,100,-10,5,250,40,5,250,60,1,8,11,0,0.06,4,0.5,50,8,5
35,1,60,FrameTimeStutter,6.000,antimatter,practice,2026-08-31T12:06:02.6229449-04:00,3,1089,19.41606,5.6142,1627.72,1550.15,0.000,0.000,-2.8332,5.9120,-4.5879,Right,0,0,0,0,0.0000,100.000,0,0.000,0,127.500,71.914,4.500,0.0300,0.3333,80.00,antimatter,60,450;300;200;100;50,2,8,2.5,3.5,100,-10,5,250,40,5,250,60,1,8,11,0,0.06,4,0.5,50,8,5
35,1,60,FrameTimeStutter,6.000,antimatter,practice,2026-08-31T12:06:02.6229449-04:00,3,1090,19.42076,4.6961,1627.72,1550.15,0.000,0.000,-2.8388,5.9120,-4.5879,Right,0,0,0,0,0.0000,100.000,0,0.000,0,127.500,71.914,4.500,0.0300,0.3333,80.00,antimatter,60,450;300;200;100;50,2,8,2.5,3.5,100,-10,5,250,40,5,250,60,1,8,11,0,0.06,4,0.5,50,8,5
35,1,60,FrameTimeStutter,6.000,antimatter,practice,2026-08-31T12:06:02.6229449-04:00,3,1091,19.42644,5.6812,1627.72,1550.15,0.000,0.000,-2.8455,5.9120,-4.5879,Right,0,0,0,0,0.0000,100.000,0,0.000,0,127.500,71.914,4.500,0.0300,0.3333,80.00,antimatter,60,450;300;200;100;50,2,8,2.5,3.5,100,-10,5,250,40,5,250,60,1,8,11,0,0.06,4,0.5,50,8,5
35,1,60,FrameTimeStutter,6.000,antimatter,practice,2026-08-31T12:06:02.6229449-04:00,3,1092,19.44423,17.7906,1627.72,1550.15,0.000,0.000,-2.8656,5.9120,-4.5879,Right,0,0,0,0,0.0000,100.000,0,0.000,0,127.500,71.914,4.500,0.0300,0.3333,80.00,antimatter,60,450;300;200;100;50,2,8,2.5,3.5,100,-10,5,250,40,5,250,60,1,8,11,0,0.06,4,0.5,50,8,5
35,1,60,FrameTimeStutter,6.000,antimatter,practice,2026-08-31T12:06:02.6229449-04:00,3,1093,19.46059,16.3624,1627.72,1550.15,0.000,0.000,-2.8829,5.9120,-4.5879,Right,0,0,0,0,0.0000,100.000,0,0.000,0,127.500,71.914,4.500,0.0300,0.3333,80.00,antimatter,60,450;300;200;100;50,2,8,2.5,3.5,100,-10,5,250,40,5,250,60,1,8,11,0,0.06,4,0.5,50,8,5
35,1,60,FrameTimeStutter,6.000,antimatter,practice,2026-08-31T12:06:02.6229449-04:00,3,1094,19.47694,16.3534,1627.72,1550.15,0.000,0.000,-2.8990,5.9120,-4.5879,Right,0,0,0,0,0.0000,100.000,0,0.000,0,127.500,71.914,4.500,0.0300,0.3333,80.00,antimatter,60,450;300;200;100;50,2,8,2.5,3.5,100,-10,5,250,40,5,250,60,1,8,11,0,0.06,4,0.5,50,8,5
35,1,60,FrameTimeStutter,6.000,antimatter,practice,2026-08-31T12:06:02.6229449-04:00,3,1095,19.50939,32.4438,0.00,0.00,0.000,0.000,-2.9280,5.9120,-4.5879,Right,0,0,0,0,0.0000,100.000,0,0.000,0,127.500,71.914,4.500,0.0300,0.3333,80.00,antimatter,60,450;300;200;100;50,2,8,2.5,3.5,100,-10,5,250,40,5,250,60,1,8,11,0,0.06,4,0.5,50,8,5
