sessionId,blockIndex,unityApplicationFps,testMode,closeRadius,weapon,phase,phaseStartIso,roundNumber,frameIndex,timeSinceStartSec,unscaledDeltaMs,mouseX,mouseY,mouseDeltaX,mouseDeltaY,ufoX,ufoY,towerX,side,leftButtonDown,leftButtonPressed,fireKeyDown,shotFired,shotHitX,stimulusMs,spikeFired,stutterMs,windowOpen,threshEstimateMs,sd,slopeEstimate,lapseEstimate,accuracy,score,cfg_weapon,cfg_unityApplicationFps,cfg_practiceStuttersMs,cfg_amSpikeDelayMinSec,cfg_amSpikeDelayMaxSec,cfg_amWindowMinSec,cfg_amWindowMaxSec,cfg_hitPoints,cfg_missPoints,cfg_stimMinMs,cfg_stimMaxMs,cfg_stimCount,cfg_threshMinMs,cfg_threshMaxMs,cfg_threshCount,cfg_slopeMin,cfg_slopeMax,cfg_slopeCount,cfg_lapseMin,cfg_lapseMax,cfg_lapseCount,cfg_guessRate,cfg_maxTrials,cfg_minTrials,cfg_stopSD
30,1,60,FrameTimeStutter,6.000,antimatter,practice,2026-08-31T00:06:27.6306034-04:00,0,0,0.00000,8.7759,2364.84,1337.25,0.000,0.000,-9.7058,3.8102,2.0108,Left,0,0,0,0,0.0000,450.000,0,0.000,0,127.500,71.914,4.500,0.0300,0.0000,0.00,antimatter,60,450;300;200;100;50,2,8,2.5,3.5,100,-10,5,250,40,5,250,60,1,8,11,0,0.06,4,0.5,50,8,5
30,1,60,FrameTimeStutter,6.000,antimatter,practice,2026-08-31T00:06:27.6306034-04:00,0,1,0.01595,15.9521,2364.84,1337.25,0.000,0.000,-9.7058,3.8102,2.0108,Left,0,0,0,0,0.0000,450.000,0,0.000,0,127.500,71.914,4.500,0.0300,0.0000,0.00,antimatter,60,450;300;200;100;50,2,8,2.5,3.5,100,-10,5,250,40,5,250,60,1,8,11,0,0.06,4,0.5,50,8,5
30,1,60,FrameTimeStutter,6.000,antimatter,practice,2026-08-31T00:06:27.6306034-04:00,0,2,0.03287,16.9176,2364.84,1337.25,0.000,0.000,-9.7058,3.8102,2.0108,Left,0,0,0,0,0.0000,450.000,0,0.000,0,127.500,71.914,4.500,0.0300,0.0000,0.00,antimatter,60,450;300;200;100;50,2,8,2.5,3.5,100,-10,5,250,40,5,250,60,1,8,11,0,0.06,4,0.5,50,8,5
30,1,60,FrameTimeStutter,6.000,antimatter,practice,2026-08-31T00:06:27.6306034-04:00,0,3,0.04994,17.0677,2364.84,1337.25,0.000,0.000,-9.7058,3.8102,2.0108,Left,0,0,0,0,0.0000,450.000,0,0.000,0,127.500,71.914,4.500,0.0300,0.0000,0.00,antimatter,60,450;300;200;100;50,2,8,2.5,3.5,100,-10,5,250,40,5,250,60,1,8,11,0,0.06,4,0.5,50,8,5
30,1,60,FrameTimeStutter,6.000,antimatter,practice,2026-08-31T00:06:27.6306034-04:00,0,4,0.06634,16.4018,2364.84,1337.25,0.000,0.000,-9.7058,3.8102,2.0108,Left,0,0,0,0,0.0000,450.000,0,0.000,0,127.500,71.914,4.500,0.0300,0.0000,0.00,antimatter,60,450;300;200;100;50,2,8,2.5,3.5,100,-10,5,250,40,5,250,60,1,8,11,0,0.06,4,0.5,50,8,5
30,1,60,FrameTimeStutter,6.000,antimatter,practice,2026-08-31T00:06:27.6306034-04:00,0,5,0.08291,16.5741,2364.84,1337.25,0.000,0.000,-9.7058,3.8102,2.0108,Left,0,0,0,0,0.0000,450.000,0,0.000,0,127.500,71.914,4.500,0.0300,0.0000,0.00,antimatter,60,450;300;200;100;50,2,8,2.5,3.5,100,-10,5,250,40,5,250,60,1,8,11,0,0.06,4,0.5,50,8,5
30,1,60,FrameTimeStutter,6.000,antimatter,practice,2026-08-31T00:06:27.6306034-04:00,0,6,0.09933,16.4129,2364.84,1337.25,0.000,0.000,-9.7058,3.8102,2.0108,Left,0,0,0,0,0.0000,450.000,0,0.000,0,127.500,71.914,4.500,0.0300,0.0000,0.00,antimatter,60,450;300;200;100;50,2,8,2.5,3.5,100,-10,5,250,40,5,250,60,1,8,11,0,0.06,4,0.5,50,8,5
30,1,60,FrameTimeStutter,6.000,antimatter,practice,2026-08-31T00:06:27.6306034-04:00,0,7,0.11639,17.0636,2364.84,1337.25,0.000,0.000,-9.7058,3.8102,2.0108,Left,0,0,0,0,0.0000,450.000,0,0.000,0,127.500,71.914,4.500,0.0300,0.0000,0.00,antimatter,60,450;300;200;100;50,2,8,2.5,3.5,100,-10,5,250,40,5,250,60,1,8,11,0,0.06,4,0.5,50,8,5
30,1,60,FrameTimeStutter,6.000,antimatter,practice,2026-08-31T00:06:27.6306034-04:00,0,8,0.13319,16.8036,2364.84,1337.25,0.000,0.000,-9.7058,3.8102,2.0108,Left,0,0,0,0,0.0000,450.000,0,0.000,0,127.500,71.914,4.500,0.0300,0.0000,0.00,antimatter,60,450;300;200;100;50,2,8,2.5,3.5,100,-10,5,250,40,5,250,60,1,8,11,0,0.06,4,0.5,50,8,5
30,1,60,FrameTimeStutter,6.000,antimatter,practice,2026-08-31T00:06:27.6306034-04:00,0,9,0.14945,16.2611,2364.84,1337.25,0.000,0.000,-9.7058,3.8102,2.0108,Left,0,0,0,0,0.0000,450.000,0,0.000,0,127.500,71.914,4.500,0.0300,0.0000,0.00,antimatter,60,450;300;200;100;50,2,8,2.5,3.5,100,-10,5,250,40,5,250,60,1,8,11,0,0.06,4,0.5,50,8,5
30,1,60,FrameTimeStutter,6.000,antimatter,practice,2026-08-31T00:06:27.6306034-04:00,0,10,0.16662,17.1695,2364.84,1337.25,0.000,0.000,-9.7058,3.8102,2.0108,Left,0,0,0,0,0.0000,450.000,0,0.000,0,127.500,71.914,4.500,0.0300,0.0000,0.00,antimatter,60,450;300;200;100;50,2,8,2.5,3.5,100,-10,5,250,40,5,250,60,1,8,11,0,0.06,4,0.5,50,8,5
30,1,60,FrameTimeStutter,6.000,antimatter,practice,2026-08-31T00:06:27.6306034-04:00,0,11,0.18317,16.5442,2364.84,1337.25,0.000,0.000,-9.7058,3.8102,2.0108,Left,0,0,0,0,0.0000,450.000,0,0.000,0,127.500,71.914,4.500,0.0300,0.0000,0.00,antimatter,60,450;300;200;100;50,2,8,2.5,3.5,100,-10,5,250,40,5,250,60,1,8,11,0,0.06,4,0.5,50,8,5
30,1,60,FrameTimeStutter,6.000,antimatter,practice,2026-08-31T00:06:27.6306034-04:00,0,12,0.19934,16.1685,2364.84,1337.25,0.000,0.000,-9.7058,3.8102,2.0108,Left,0,0,0,0,0.0000,450.000,0,0.000,0,127.500,71.914,4.500,0.0300,0.0000,0.00,antimatter,60,450;300;200;100;50,2,8,2.5,3.5,100,-10,5,250,40,5,250,60,1,8,11,0,0.06,4,0.5,50,8,5
30,1,60,FrameTimeStutter,6.000,antimatter,practice,2026-08-31T00:06:27.6306034-04:00,0,13,0.21632,16.9832,2364.84,1337.25,0.000,0.000,-9.7058,3.8102,2.0108,Left,0,0,0,0,0.0000,450.000,0,0.000,0,127.500,71.914,4.500,0.0300,0.0000,0.00,antimatter,60,450;300;200;100;50,2,8,2.5,3.5,100,-10,5,250,40,5,250,60,1,8,11,0,0.06,4,0.5,50,8,5
30,1,60,FrameTimeStutter,6.000,antimatter,practice,2026-08-31T00:06:27.6306034-04:00,0,14,0.23336,17.0359,2364.84,1337.25,0.000,0.000,-9.7058,3.8102,2.0108,Left,0,0,0,0,0.0000,450.000,0,0.000,0,127.500,71.914,4.500,0.0300,0.0000,0.00,antimatter,60,450;300;200;100;50,2,8,2.5,3.5,100,-10,5,250,40,5,250,60,1,8,11,0,0.06,4,0.5,50,8,5
30,1,60,FrameTimeStutter,6.000,antimatter,practice,2026-08-31T00:06:27.6306034-04:00,0,15,0.24978,16.4277,2364.84,1337.25,0.000,0.000,-9.7058,3.8102,2.0108,Left,0,0,0,0,0.0000,450.000,0,0.000,0,127.500,71.914,4.500,0.0300,0.0000,0.00,antimatter,60,450;300;200;100;50,2,8,2.5,3.5,100,-10,5,250,40,5,250,60,1,8,11,0,0.06,4,0.5,50,8,5
30,1,60,FrameTimeStutter,6.000,antimatter,practice,2026-08-31T00:06:27.6306034-04:00,0,16,0.26607,16.2854,2364.84,1337.25,0.000,0.000,-9.7058,3.8102,2.0108,Left,0,0,0,0,0.0000,450.000,0,0.000,0,127.500,71.914,4.500,0.0300,0.0000,0.00,antimatter,60,450;300;200;100;50,2,8,2.5,3.5,100,-10,5,250,40,5,250,60,1,8,11,0,0.06,4,0.5,50,8,5
30,1,60,FrameTimeStutter,6.000,antimatter,practice,2026-08-31T00:06:27.6306034-04:00,0,17,0.28242,16.3492,2364.84,1337.25,0.000,0.000,-9.7058,3.8102,2.0108,Left,0,0,0,0,0.0000,450.000,0,0.000,0,127.500,71.914,4.500,0.0300,0.0000,0.00,antimatter,60,450;300;200;100;50,2,8,2.5,3.5,100,-10,5,250,40,5,250,60,1,8,11,0,0.06,4,0.5,50,8,5
30,1,60,FrameTimeStutter,6.000,antimatter,practice,2026-08-31T00:06:27.6306034-04:00,0,18,0.29933,16.9154,2364.84,1337.25,0.000,0.000,-9.7058,3.8102,2.0108,Left,0,0,0,0,0.0000,450.000,0,0.000,0,127.500,71.914,4.500,0.0300,0.0000,0.00,antimatter,60,450;300;200;100;50,2,8,2.5,3.5,100,-10,5,250,40,5,250,60,1,8,11,0,0.06,4,0.5,50,8,5
30,1,60,FrameTimeStutter,6.000,antimatter,practice,2026-08-31T00:06:27.6306034-04:00,0,19,0.31595,16.6172,2364.84,1337.25,0.000,0.000,-9.7058,3.8102,2.0108,Left,0,0,0,0,0.0000,450.000,0,0.000,0,127.500,71.914,4.500,0.0300,0.0000,0.00,antimatter,60,450;300;200;100;50,2,8,2.5,3.5,100,-10,5,250,40,5,250,60,1,8,11,0,0.06,4,0.5,50,8,5
30,1,60,FrameTimeStutter,6.000,antimatter,practice,2026-08-31T00:06:27.6306034-04:00,0,20,0.33352,17.5680,2364.84,1337.25,0.000,0.000,-9.7058,3.8102,2.0108,Left,0,0,0,0,0.0000,450.000,0,0.000,0,127.500,71.914,4.500,0.0300,0.0000,0.00,antimatter,60,450;300;200;100;50,2,8,2.5,3.5,100,-10,5,250,40,5,250,60,1,8,11,0,0.06,4,0.5,50,8,5
30,1,60,FrameTimeStutter,6.000,antimatter,practice,2026-08-31T00:06:27.6306034-04:00,0,21,0.34960,16.0859,2364.84,1337.25,0.000,0.000,-9.7058,3.8102,2.0108,Left,0,0,0,0,0.0000,450.000,0,0.000,0,127.500,71.914,4.500,0.0300,0.0000,0.00,antimatter,60,450;300;200;100;50,2,8,2.5,3.5,100,-10,5,250,40,5,250,60,1,8,11,0,0.06,4,0.5,50,8,5
30,1,60,FrameTimeStutter,6.000,antimatter,practice,2026-08-31T00:06:27.6306034-04:00,0,22,0.36625,16.6454,2364.84,1337.25,0.000,0.000,-9.7058,3.8102,2.0108,Left,0,0,0,0,0.0000,450.000,0,0.000,0,127.500,71.914,4.500,0.0300,0.0000,0.00,antimatter,60,450;300;200;100;50,2,8,2.5,3.5,100,-10,5,250,40,5,250,60,1,8,11,0,0.06,4,0.5,50,8,5
30,1,60,FrameTimeStutter,6.000,antimatter,practice,2026-08-31T00:06:27.6306034-04:00,0,23,0.38355,17.2982,2364.84,1337.25,0.000,0.000,-9.7058,3.8102,2.0108,Left,0,0,0,0,0.0000,450.000,0,0.000,0,127.500,71.914,4.500,0.0300,0.0000,0.00,antimatter,60,450;300;200;100;50,2,8,2.5,3.5,100,-10,5,250,40,5,250,60,1,8,11,0,0.06,4,0.5,50,8,5
30,1,60,FrameTimeStutter,6.000,antimatter,practice,2026-08-31T00:06:27.6306034-04:00,0,24,0.39971,16.1587,2364.84,1337.25,0.000,0.000,-9.7058,3.8102,2.0108,Left,0,0,0,0,0.0000,450.000,0,0.000,0,127.500,71.914,4.500,0.0300,0.0000,0.00,antimatter,60,450;300;200;100;50,2,8,2.5,3.5,100,-10,5,250,40,5,250,60,1,8,11,0,0.06,4,0.5,50,8,5
30,1,60,FrameTimeStutter,6.000,antimatter,practice,2026-08-31T00:06:27.6306034-04:00,0,25,0.41674,17.0323,2364.84,1337.25,0.000,0.000,-9.7058,3.8102,2.0108,Left,0,0,0,0,0.0000,450.000,0,0.000,0,127.500,71.914,4.500,0.0300,0.0000,0.00,antimatter,60,450;300;200;100;50,2,8,2.5,3.5,100,-10,5,250,40,5,250,60,1,8,11,0,0.06,4,0.5,50,8,5
30,1,60,FrameTimeStutter,6.000,antimatter,practice,2026-08-31T00:06:27.6306034-04:00,0,26,0.43282,16.0844,2364.84,1337.25,0.000,0.000,-9.7058,3.8102,2.0108,Left,0,0,0,0,0.0000,450.000,0,0.000,0,127.500,71.914,4.500,0.0300,0.0000,0.00,antimatter,60,450;300;200;100;50,2,8,2.5,3.5,100,-10,5,250,40,5,250,60,1,8,11,0,0.06,4,0.5,50,8,5
30,1,60,FrameTimeStutter,6.000,antimatter,practice,2026-08-31T00:06:27.6306034-04:00,1,27,0.45034,17.5201,2364.84,1337.25,0.000,0.000,-9.7058,3.8102,2.0108,Left,1,1,0,1,-9.7058,300.000,0,0.000,0,127.500,71.914,4.500,0.0300,0.0000,-10.00,antimatter,60,450;300;200;100;50,2,8,2.5,3.5,100,-10,5,250,40,5,250,60,1,8,11,0,0.06,4,0.5,50,8,5
30,1,60,FrameTimeStutter,6.000,antimatter,practice,2026-08-31T00:06:27.6306034-04:00,1,28,0.49976,49.4205,2364.84,1337.25,0.000,0.000,-9.7058,3.8102,2.0108,Left,1,0,0,0,0.0000,300.000,0,0.000,0,127.500,71.914,4.500,0.0300,0.0000,-10.00,antimatter,60,450;300;200;100;50,2,8,2.5,3.5,100,-10,5,250,40,5,250,60,1,8,11,0,0.06,4,0.5,50,8,5
30,1,60,FrameTimeStutter,6.000,antimatter,practice,2026-08-31T00:06:27.6306034-04:00,1,29,0.51244,12.6793,2364.84,1337.25,0.000,0.000,-9.7058,3.8102,2.0108,Left,1,0,0,0,0.0000,300.000,0,0.000,0,127.500,71.914,4.500,0.0300,0.0000,-10.00,antimatter,60,450;300;200;100;50,2,8,2.5,3.5,100,-10,5,250,40,5,250,60,1,8,11,0,0.06,4,0.5,50,8,5
30,1,60,FrameTimeStutter,6.000,antimatter,practice,2026-08-31T00:06:27.6306034-04:00,1,30,0.53226,19.8176,2364.84,1337.25,0.000,0.000,-9.7058,3.8102,2.0108,Left,1,0,0,0,0.0000,300.000,0,0.000,0,127.500,71.914,4.500,0.0300,0.0000,-10.00,antimatter,60,450;300;200;100;50,2,8,2.5,3.5,100,-10,5,250,40,5,250,60,1,8,11,0,0.06,4,0.5,50,8,5
30,1,60,FrameTimeStutter,6.000,antimatter,practice,2026-08-31T00:06:27.6306034-04:00,1,31,0.65761,125.3476,2364.84,1337.25,0.000,0.000,-9.7058,3.8102,2.0108,Left,0,0,0,0,0.0000,300.000,0,0.000,0,127.500,71.914,4.500,0.0300,0.0000,-10.00,antimatter,60,450;300;200;100;50,2,8,2.5,3.5,100,-10,5,250,40,5,250,60,1,8,11,0,0.06,4,0.5,50,8,5
30,1,60,FrameTimeStutter,6.000,antimatter,practice,2026-08-31T00:06:27.6306034-04:00,1,32,0.82341,165.7974,2364.84,1337.25,0.000,0.000,-9.7058,3.8102,2.0108,Left,0,0,0,0,0.0000,300.000,0,0.000,0,127.500,71.914,4.500,0.0300,0.0000,-10.00,antimatter,60,450;300;200;100;50,2,8,2.5,3.5,100,-10,5,250,40,5,250,60,1,8,11,0,0.06,4,0.5,50,8,5
30,1,60,FrameTimeStutter,6.000,antimatter,practice,2026-08-31T00:06:27.6306034-04:00,1,33,0.83995,16.5423,2364.84,1337.25,0.000,0.000,-9.7058,3.8102,2.0108,Left,0,0,0,0,0.0000,300.000,0,0.000,0,127.500,71.914,4.500,0.0300,0.0000,-10.00,antimatter,60,450;300;200;100;50,2,8,2.5,3.5,100,-10,5,250,40,5,250,60,1,8,11,0,0.06,4,0.5,50,8,5
30,1,60,FrameTimeStutter,6.000,antimatter,practice,2026-08-31T00:06:27.6306034-04:00,1,34,0.85692,16.9765,2364.84,1337.25,0.000,0.000,-9.7058,3.8102,2.0108,Left,0,0,0,0,0.0000,300.000,0,0.000,0,127.500,71.914,4.500,0.0300,0.0000,-10.00,antimatter,60,450;300;200;100;50,2,8,2.5,3.5,100,-10,5,250,40,5,250,60,1,8,11,0,0.06,4,0.5,50,8,5
30,1,60,FrameTimeStutter,6.000,antimatter,practice,2026-08-31T00:06:27.6306034-04:00,1,35,0.88022,23.2981,2364.84,1337.25,0.000,0.000,-9.7058,3.8102,2.0108,Left,0,0,0,0,0.0000,300.000,0,0.000,0,127.500,71.914,4.500,0.0300,0.0000,-10.00,antimatter,60,450;300;200;100;50,2,8,2.5,3.5,100,-10,5,250,40,5,250,60,1,8,11,0,0.06,4,0.5,50,8,5
30,1,60,FrameTimeStutter,6.000,antimatter,practice,2026-08-31T00:06:27.6306034-04:00,1,36,0.89103,10.8058,2364.84,1337.25,0.000,0.000,-9.7058,3.8102,2.0108,Left,0,0,0,0,0.0000,300.000,0,0.000,0,127.500,71.914,4.500,0.0300,0.0000,-10.00,antimatter,60,450;300;200;100;50,2,8,2.5,3.5,100,-10,5,250,40,5,250,60,1,8,11,0,0.06,4,0.5,50,8,5
30,1,60,FrameTimeStutter,6.000,antimatter,practice,2026-08-31T00:06:27.6306034-04:00,1,37,0.90660,15.5731,2364.84,1337.25,0.000,0.000,-9.7058,3.8102,2.0108,Left,0,0,0,0,0.0000,300.000,0,0.000,0,127.500,71.914,4.500,0.0300,0.0000,-10.00,antimatter,60,450;300;200;100;50,2,8,2.5,3.5,100,-10,5,250,40,5,250,60,1,8,11,0,0.06,4,0.5,50,8,5
30,1,60,FrameTimeStutter,6.000,antimatter,practice,2026-08-31T00:06:27.6306034-04:00,1,38,0.92344,16.8393,2364.84,1337.25,0.000,0.000,-9.7058,3.8102,2.0108,Left,0,0,0,0,0.0000,300.000,0,0.000,0,127.500,71.914,4.500,0.0300,0.0000,-10.00,antimatter,60,450;300;200;100;50,2,8,2.5,3.5,100,-10,5,250,40,5,250,60,1,8,11,0,0.06,4,0.5,50,8,5
30,1,60,FrameTimeStutter,6.000,antimatter,practice,2026-08-31T00:06:27.6306034-04:00,1,39,0.94004,16.5982,2364.84,1337.25,0.000,0.000,-9.7058,3.8102,2.0108,Left,0,0,0,0,0.0000,300.000,0,0.000,0,127.500,71.914,4.500,0.0300,0.0000,-10.00,antimatter,60,450;300;200;100;50,2,8,2.5,3.5,100,-10,5,250,40,5,250,60,1,8,11,0,0.06,4,0.5,50,8,5
30,1,60,FrameTimeStutter,6.000,antimatter,practice,2026-08-31T00:06:27.6306034-04:00,1,40,0.95640,16.3582,2364.84,1337.25,0.000,0.000,-9.7058,3.8102,2.0108,Left,0,0,0,0,0.0000,300.000,0,0.000,0,127.500,71.914,4.500,0.0300,0.0000,-10.00,antimatter,60,450;300;200;100;50,2,8,2.5,3.5,100,-10,5,250,40,5,250,60,1,8,11,0,0.06,4,0.5,50,8,5
30,1,60,FrameTimeStutter,6.000,antimatter,practice,2026-08-31T00:06:27.6306034-04:00,1,41,0.97324,16.8425,2364.84,1337.25,0.000,0.000,-9.7058,3.8102,2.0108,Left,0,0,0,0,0.0000,300.000,0,0.000,0,127.500,71.914,4.500,0.0300,0.0000,-10.00,antimatter,60,450;300;200;100;50,2,8,2.5,3.5,100,-10,5,250,40,5,250,60,1,8,11,0,0.06,4,0.5,50,8,5
30,1,60,FrameTimeStutter,6.000,antimatter,practice,2026-08-31T00:06:27.6306034-04:00,1,42,0.99050,17.2603,2364.84,1337.25,0.000,0.000,-9.7058,3.8102,2.0108,Left,0,0,0,0,0.0000,300.000,0,0.000,0,127.500,71.914,4.500,0.0300,0.0000,-10.00,antimatter,60,450;300;200;100;50,2,8,2.5,3.5,100,-10,5,250,40,5,250,60,1,8,11,0,0.06,4,0.5,50,8,5
30,1,60,FrameTimeStutter,6.000,antimatter,practice,2026-08-31T00:06:27.6306034-04:00,1,43,1.00657,16.0734,2364.84,1337.25,0.000,0.000,-9.7058,3.8102,2.0108,Left,0,0,0,0,0.0000,300.000,0,0.000,0,127.500,71.914,4.500,0.0300,0.0000,-10.00,antimatter,60,450;300;200;100;50,2,8,2.5,3.5,100,-10,5,250,40,5,250,60,1,8,11,0,0.06,4,0.5,50,8,5
30,1,60,FrameTimeStutter,6.000,antimatter,practice,2026-08-31T00:06:27.6306034-04:00,1,44,1.02296,16.3899,2366.33,1340.23,1.000,2.000,-9.6879,3.8469,2.0108,Left,0,0,0,0,0.0000,300.000,0,0.000,0,127.500,71.914,4.500,0.0300,0.0000,-10.00,antimatter,60,450;300;200;100;50,2,8,2.5,3.5,100,-10,5,250,40,5,250,60,1,8,11,0,0.06,4,0.5,50,8,5
30,1,60,FrameTimeStutter,6.000,antimatter,practice,2026-08-31T00:06:27.6306034-04:00,1,45,1.04055,17.5861,2369.31,1341.72,2.000,1.000,-9.6514,3.8653,2.0108,Left,0,0,0,0,0.0000,300.000,0,0.000,0,127.500,71.914,4.500,0.0300,0.0000,-10.00,antimatter,60,450;300;200;100;50,2,8,2.5,3.5,100,-10,5,250,40,5,250,60,1,8,11,0,0.06,4,0.5,50,8,5
30,1,60,FrameTimeStutter,6.000,antimatter,practice,2026-08-31T00:06:27.6306034-04:00,1,46,1.05721,16.6565,2375.26,1347.67,4.000,4.000,-9.5779,3.9381,2.0108,Left,0,0,0,0,0.0000,300.000,0,0.000,0,127.500,71.914,4.500,0.0300,0.0000,-10.00,antimatter,60,450;300;200;100;50,2,8,2.5,3.5,100,-10,5,250,40,5,250,60,1,8,11,0,0.06,4,0.5,50,8,5
30,1,60,FrameTimeStutter,6.000,antimatter,practice,2026-08-31T00:06:27.6306034-04:00,1,47,1.07308,15.8776,2384.20,1353.63,6.000,4.000,-9.4675,4.0102,2.0108,Left,0,0,0,0,0.0000,300.000,0,0.000,0,127.500,71.914,4.500,0.0300,0.0000,-10.00,antimatter,60,450;300;200;100;50,2,8,2.5,3.5,100,-10,5,250,40,5,250,60,1,8,11,0,0.06,4,0.5,50,8,5
30,1,60,FrameTimeStutter,6.000,antimatter,practice,2026-08-31T00:06:27.6306034-04:00,1,48,1.09057,17.4876,2405.05,1368.52,14.000,10.000,-9.2095,4.1902,2.0108,Left,0,0,0,0,0.0000,300.000,0,0.000,0,127.500,71.914,4.500,0.0300,0.0000,-10.00,antimatter,60,450;300;200;100;50,2,8,2.5,3.5,100,-10,5,250,40,5,250,60,1,8,11,0,0.06,4,0.5,50,8,5
30,1,60,FrameTimeStutter,6.000,antimatter,practice,2026-08-31T00:06:27.6306034-04:00,1,49,1.10704,16.4634,2422.92,1380.43,12.000,8.000,-8.9889,4.3347,2.0108,Left,0,0,0,0,0.0000,300.000,0,0.000,0,127.500,71.914,4.500,0.0300,0.0000,-10.00,antimatter,60,450;300;200;100;50,2,8,2.5,3.5,100,-10,5,250,40,5,250,60,1,8,11,0,0.06,4,0.5,50,8,5
30,1,60,FrameTimeStutter,6.000,antimatter,practice,2026-08-31T00:06:27.6306034-04:00,1,50,1.12330,16.2680,2440.79,1392.35,12.000,8.000,-8.7691,4.4805,2.0108,Left,0,0,0,0,0.0000,300.000,0,0.000,0,127.500,71.914,4.500,0.0300,0.0000,-10.00,antimatter,60,450;300;200;100;50,2,8,2.5,3.5,100,-10,5,250,40,5,250,60,1,8,11,0,0.06,4,0.5,50,8,5
30,1,60,FrameTimeStutter,6.000,antimatter,practice,2026-08-31T00:06:27.6306034-04:00,1,51,1.13991,16.6110,2463.12,1405.75,15.000,9.000,-8.4956,4.6462,2.0108,Left,0,0,0,0,0.0000,300.000,0,0.000,0,127.500,71.914,4.500,0.0300,0.0000,-10.00,antimatter,60,450;300;200;100;50,2,8,2.5,3.5,100,-10,5,250,40,5,250,60,1,8,11,0,0.06,4,0.5,50,8,5
30,1,60,FrameTimeStutter,6.000,antimatter,practice,2026-08-31T00:06:27.6306034-04:00,1,52,1.15691,16.9976,2495.88,1425.11,22.000,13.000,-8.0954,4.8875,2.0108,Left,0,0,0,0,0.0000,300.000,0,0.000,0,127.500,71.914,4.500,0.0300,0.0000,-10.00,antimatter,60,450;300;200;100;50,2,8,2.5,3.5,100,-10,5,250,40,5,250,60,1,8,11,0,0.06,4,0.5,50,8,5
30,1,60,FrameTimeStutter,6.000,antimatter,practice,2026-08-31T00:06:27.6306034-04:00,1,53,1.17389,16.9812,2536.09,1440.00,27.000,14.000,-7.6045,5.1487,2.0108,Left,0,0,0,0,0.0000,300.000,0,0.000,0,127.500,71.914,4.500,0.0300,0.0000,-10.00,antimatter,60,450;300;200;100;50,2,8,2.5,3.5,100,-10,5,250,40,5,250,60,1,8,11,0,0.06,4,0.5,50,8,5
30,1,60,FrameTimeStutter,6.000,antimatter,practice,2026-08-31T00:06:27.6306034-04:00,1,54,1.18981,15.9156,2558.43,1440.00,29.000,15.000,-7.0765,5.4274,2.0108,Left,0,0,0,0,0.0000,300.000,0,0.000,0,127.500,71.914,4.500,0.0300,0.0000,-10.00,antimatter,60,450;300;200;100;50,2,8,2.5,3.5,100,-10,5,250,40,5,250,60,1,8,11,0,0.06,4,0.5,50,8,5
30,1,60,FrameTimeStutter,6.000,antimatter,practice,2026-08-31T00:06:27.6306034-04:00,1,55,1.20692,17.1066,2558.43,1440.00,27.000,12.000,-6.5836,5.6487,2.0108,Left,0,0,0,0,0.0000,300.000,0,0.000,0,127.500,71.914,4.500,0.0300,0.0000,-10.00,antimatter,60,450;300;200;100;50,2,8,2.5,3.5,100,-10,5,250,40,5,250,60,1,8,11,0,0.06,4,0.5,50,8,5
30,1,60,FrameTimeStutter,6.000,antimatter,practice,2026-08-31T00:06:27.6306034-04:00,1,56,1.22311,16.1951,2558.43,1440.00,25.000,11.000,-6.1261,5.8489,2.0108,Left,0,0,0,0,0.0000,300.000,0,0.000,0,127.500,71.914,4.500,0.0300,0.0000,-10.00,antimatter,60,450;300;200;100;50,2,8,2.5,3.5,100,-10,5,250,40,5,250,60,1,8,11,0,0.06,4,0.5,50,8,5
30,1,60,FrameTimeStutter,6.000,antimatter,practice,2026-08-31T00:06:27.6306034-04:00,1,57,1.24000,16.8923,2558.43,1440.00,22.000,9.000,-5.7227,6.0108,2.0108,Left,0,0,0,0,0.0000,300.000,0,0.000,0,127.500,71.914,4.500,0.0300,0.0000,-10.00,antimatter,60,450;300;200;100;50,2,8,2.5,3.5,100,-10,5,250,40,5,250,60,1,8,11,0,0.06,4,0.5,50,8,5
30,1,60,FrameTimeStutter,6.000,antimatter,practice,2026-08-31T00:06:27.6306034-04:00,1,58,1.25669,16.6843,2558.43,1440.00,20.000,9.000,-5.3555,6.1720,2.0108,Left,0,0,0,0,0.0000,300.000,0,0.000,0,127.500,71.914,4.500,0.0300,0.0000,-10.00,antimatter,60,450;300;200;100;50,2,8,2.5,3.5,100,-10,5,250,40,5,250,60,1,8,11,0,0.06,4,0.5,50,8,5
30,1,60,FrameTimeStutter,6.000,antimatter,practice,2026-08-31T00:06:27.6306034-04:00,1,59,1.27350,16.8137,2558.43,1440.00,31.000,16.000,-4.7863,6.4599,2.0108,Left,0,0,0,0,0.0000,300.000,0,0.000,0,127.500,71.914,4.500,0.0300,0.0000,-10.00,antimatter,60,450;300;200;100;50,2,8,2.5,3.5,100,-10,5,250,40,5,250,60,1,8,11,0,0.06,4,0.5,50,8,5
30,1,60,FrameTimeStutter,6.000,antimatter,practice,2026-08-31T00:06:27.6306034-04:00,1,60,1.29020,16.6982,2558.43,1440.00,24.000,12.000,-4.3463,6.6771,2.0108,Left,0,0,0,0,0.0000,300.000,0,0.000,0,127.500,71.914,4.500,0.0300,0.0000,-10.00,antimatter,60,450;300;200;100;50,2,8,2.5,3.5,100,-10,5,250,40,5,250,60,1,8,11,0,0.06,4,0.5,50,8,5
30,1,60,FrameTimeStutter,6.000,antimatter,practice,2026-08-31T00:06:27.6306034-04:00,1,61,1.30648,16.2850,2558.43,1440.00,27.000,13.000,-3.8524,6.9144,2.0108,Left,0,0,0,0,0.0000,300.000,0,0.000,0,127.500,71.914,4.500,0.0300,0.0000,-10.00,antimatter,60,450;300;200;100;50,2,8,2.5,3.5,100,-10,5,250,40,5,250,60,1,8,11,0,0.06,4,0.5,50,8,5
30,1,60,FrameTimeStutter,6.000,antimatter,practice,2026-08-31T00:06:27.6306034-04:00,1,62,1.32303,16.5433,2558.43,1440.00,35.000,19.000,-3.2135,7.2637,2.0108,Left,0,0,0,0,0.0000,300.000,0,0.000,0,127.500,71.914,4.500,0.0300,0.0000,-10.00,antimatter,60,450;300;200;100;50,2,8,2.5,3.5,100,-10,5,250,40,5,250,60,1,8,11,0,0.06,4,0.5,50,8,5
30,1,60,FrameTimeStutter,6.000,antimatter,practice,2026-08-31T00:06:27.6306034-04:00,1,63,1.34018,17.1516,2558.43,1440.00,46.000,22.000,-2.3745,7.6703,2.0108,Left,0,0,0,0,0.0000,300.000,0,0.000,0,127.500,71.914,4.500,0.0300,0.0000,-10.00,antimatter,60,450;300;200;100;50,2,8,2.5,3.5,100,-10,5,250,40,5,250,60,1,8,11,0,0.06,4,0.5,50,8,5
30,1,60,FrameTimeStutter,6.000,antimatter,practice,2026-08-31T00:06:27.6306034-04:00,1,64,1.35663,16.4527,2558.43,1440.00,48.000,19.000,-1.4985,8.0222,2.0108,Left,0,0,0,0,0.0000,300.000,0,0.000,0,127.500,71.914,4.500,0.0300,0.0000,-10.00,antimatter,60,450;300;200;100;50,2,8,2.5,3.5,100,-10,5,250,40,5,250,60,1,8,11,0,0.06,4,0.5,50,8,5
30,1,60,FrameTimeStutter,6.000,antimatter,practice,2026-08-31T00:06:27.6306034-04:00,1,65,1.37348,16.8485,2558.43,1440.00,52.000,19.000,-0.5487,8.3724,2.0108,Left,0,0,0,0,0.0000,300.000,0,0.000,0,127.500,71.914,4.500,0.0300,0.0000,-10.00,antimatter,60,450;300;200;100;50,2,8,2.5,3.5,100,-10,5,250,40,5,250,60,1,8,11,0,0.06,4,0.5,50,8,5
30,1,60,FrameTimeStutter,6.000,antimatter,practice,2026-08-31T00:06:27.6306034-04:00,1,66,1.39030,16.8172,2558.43,1440.00,50.000,14.000,0.3656,8.6281,2.0108,Left,0,0,0,0,0.0000,300.000,0,0.000,0,127.500,71.914,4.500,0.0300,0.0000,-10.00,antimatter,60,450;300;200;100;50,2,8,2.5,3.5,100,-10,5,250,40,5,250,60,1,8,11,0,0.06,4,0.5,50,8,5
30,1,60,FrameTimeStutter,6.000,antimatter,practice,2026-08-31T00:06:27.6306034-04:00,1,67,1.40681,16.5082,2558.43,1440.00,47.000,8.000,1.2255,8.7716,2.0108,Left,0,0,0,0,0.0000,300.000,0,0.000,0,127.500,71.914,4.500,0.0300,0.0000,-10.00,antimatter,60,450;300;200;100;50,2,8,2.5,3.5,100,-10,5,250,40,5,250,60,1,8,11,0,0.06,4,0.5,50,8,5
30,1,60,FrameTimeStutter,6.000,antimatter,practice,2026-08-31T00:06:27.6306034-04:00,1,68,1.42313,16.3213,2558.43,1440.00,0.000,0.000,1.2255,8.7716,2.0108,Left,0,0,0,0,0.0000,300.000,0,0.000,0,127.500,71.914,4.500,0.0300,0.0000,-10.00,antimatter,60,450;300;200;100;50,2,8,2.5,3.5,100,-10,5,250,40,5,250,60,1,8,11,0,0.06,4,0.5,50,8,5
30,1,60,FrameTimeStutter,6.000,antimatter,practice,2026-08-31T00:06:27.6306034-04:00,1,69,1.44042,17.2982,2558.43,1440.00,0.000,0.000,1.2255,8.7716,2.0108,Left,0,0,0,0,0.0000,300.000,0,0.000,0,127.500,71.914,4.500,0.0300,0.0000,-10.00,antimatter,60,450;300;200;100;50,2,8,2.5,3.5,100,-10,5,250,40,5,250,60,1,8,11,0,0.06,4,0.5,50,8,5
30,1,60,FrameTimeStutter,6.000,antimatter,practice,2026-08-31T00:06:27.6306034-04:00,1,70,1.45651,16.0903,2558.43,1440.00,0.000,0.000,1.2255,8.7716,2.0108,Left,0,0,0,0,0.0000,300.000,0,0.000,0,127.500,71.914,4.500,0.0300,0.0000,-10.00,antimatter,60,450;300;200;100;50,2,8,2.5,3.5,100,-10,5,250,40,5,250,60,1,8,11,0,0.06,4,0.5,50,8,5
30,1,60,FrameTimeStutter,6.000,antimatter,practice,2026-08-31T00:06:27.6306034-04:00,1,71,1.47395,17.4400,2558.43,1440.00,0.000,0.000,1.2255,8.7716,2.0108,Left,0,0,0,0,0.0000,300.000,0,0.000,0,127.500,71.914,4.500,0.0300,0.0000,-10.00,antimatter,60,450;300;200;100;50,2,8,2.5,3.5,100,-10,5,250,40,5,250,60,1,8,11,0,0.06,4,0.5,50,8,5
30,1,60,FrameTimeStutter,6.000,antimatter,practice,2026-08-31T00:06:27.6306034-04:00,1,72,1.49055,16.5980,2558.43,1440.00,0.000,0.000,1.2255,8.7716,2.0108,Left,0,0,0,0,0.0000,300.000,0,0.000,0,127.500,71.914,4.500,0.0300,0.0000,-10.00,antimatter,60,450;300;200;100;50,2,8,2.5,3.5,100,-10,5,250,40,5,250,60,1,8,11,0,0.06,4,0.5,50,8,5
30,1,60,FrameTimeStutter,6.000,antimatter,practice,2026-08-31T00:06:27.6306034-04:00,1,73,1.50763,17.0721,2558.43,1440.00,0.000,0.000,1.2255,8.7716,2.0108,Left,0,0,0,0,0.0000,300.000,0,0.000,0,127.500,71.914,4.500,0.0300,0.0000,-10.00,antimatter,60,450;300;200;100;50,2,8,2.5,3.5,100,-10,5,250,40,5,250,60,1,8,11,0,0.06,4,0.5,50,8,5
30,1,60,FrameTimeStutter,6.000,antimatter,practice,2026-08-31T00:06:27.6306034-04:00,1,74,1.52308,15.4579,2558.43,1440.00,0.000,0.000,1.2255,8.7716,2.0108,Left,0,0,0,0,0.0000,300.000,0,0.000,0,127.500,71.914,4.500,0.0300,0.0000,-10.00,antimatter,60,450;300;200;100;50,2,8,2.5,3.5,100,-10,5,250,40,5,250,60,1,8,11,0,0.06,4,0.5,50,8,5
30,1,60,FrameTimeStutter,6.000,antimatter,practice,2026-08-31T00:06:27.6306034-04:00,1,75,1.54086,17.7726,2558.43,1440.00,0.000,0.000,1.2255,8.7716,2.0108,Left,0,0,0,0,0.0000,300.000,0,0.000,0,127.500,71.914,4.500,0.0300,0.0000,-10.00,antimatter,60,450;300;200;100;50,2,8,2.5,3.5,100,-10,5,250,40,5,250,60,1,8,11,0,0.06,4,0.5,50,8,5
30,1,60,FrameTimeStutter,6.000,antimatter,practice,2026-08-31T00:06:27.6306034-04:00,1,76,1.55741,16.5578,2558.43,1440.00,0.000,0.000,1.2255,8.7716,2.0108,Left,0,0,0,0,0.0000,300.000,0,0.000,0,127.500,71.914,4.500,0.0300,0.0000,-10.00,antimatter,60,450;300;200;100;50,2,8,2.5,3.5,100,-10,5,250,40,5,250,60,1,8,11,0,0.06,4,0.5,50,8,5
30,1,60,FrameTimeStutter,6.000,antimatter,practice,2026-08-31T00:06:27.6306034-04:00,1,77,1.57327,15.8613,2558.43,1440.00,0.000,0.000,1.2255,8.7716,2.0108,Left,0,0,0,0,0.0000,300.000,0,0.000,0,127.500,71.914,4.500,0.0300,0.0000,-10.00,antimatter,60,450;300;200;100;50,2,8,2.5,3.5,100,-10,5,250,40,5,250,60,1,8,11,0,0.06,4,0.5,50,8,5
30,1,60,FrameTimeStutter,6.000,antimatter,practice,2026-08-31T00:06:27.6306034-04:00,1,78,1.59013,16.8539,2558.43,1440.00,0.000,0.000,1.2255,8.7716,2.0108,Left,0,0,0,0,0.0000,300.000,0,0.000,0,127.500,71.914,4.500,0.0300,0.0000,-10.00,antimatter,60,450;300;200;100;50,2,8,2.5,3.5,100,-10,5,250,40,5,250,60,1,8,11,0,0.06,4,0.5,50,8,5
30,1,60,FrameTimeStutter,6.000,antimatter,practice,2026-08-31T00:06:27.6306034-04:00,1,79,1.60770,17.5725,2558.43,1440.00,0.000,0.000,1.2255,8.7716,2.0108,Left,0,0,0,0,0.0000,300.000,0,0.000,0,127.500,71.914,4.500,0.0300,0.0000,-10.00,antimatter,60,450;300;200;100;50,2,8,2.5,3.5,100,-10,5,250,40,5,250,60,1,8,11,0,0.06,4,0.5,50,8,5
30,1,60,FrameTimeStutter,6.000,antimatter,practice,2026-08-31T00:06:27.6306034-04:00,1,80,1.62361,15.9104,2558.43,1440.00,0.000,0.000,1.2255,8.7716,2.0108,Left,0,0,0,0,0.0000,300.000,0,0.000,0,127.500,71.914,4.500,0.0300,0.0000,-10.00,antimatter,60,450;300;200;100;50,2,8,2.5,3.5,100,-10,5,250,40,5,250,60,1,8,11,0,0.06,4,0.5,50,8,5
30,1,60,FrameTimeStutter,6.000,antimatter,practice,2026-08-31T00:06:27.6306034-04:00,1,81,1.63982,16.2068,2558.43,1440.00,0.000,0.000,1.2255,8.7716,2.0108,Left,0,0,0,0,0.0000,300.000,0,0.000,0,127.500,71.914,4.500,0.0300,0.0000,-10.00,antimatter,60,450;300;200;100;50,2,8,2.5,3.5,100,-10,5,250,40,5,250,60,1,8,11,0,0.06,4,0.5,50,8,5
30,1,60,FrameTimeStutter,6.000,antimatter,practice,2026-08-31T00:06:27.6306034-04:00,1,82,1.65751,17.6891,2558.43,1440.00,0.000,0.000,1.2255,8.7716,2.0108,Left,0,0,0,0,0.0000,300.000,0,0.000,0,127.500,71.914,4.500,0.0300,0.0000,-10.00,antimatter,60,450;300;200;100;50,2,8,2.5,3.5,100,-10,5,250,40,5,250,60,1,8,11,0,0.06,4,0.5,50,8,5
30,1,60,FrameTimeStutter,6.000,antimatter,practice,2026-08-31T00:06:27.6306034-04:00,1,83,1.67313,15.6261,2558.43,1440.00,0.000,0.000,1.2255,8.7716,2.0108,Left,0,0,0,0,0.0000,300.000,0,0.000,0,127.500,71.914,4.500,0.0300,0.0000,-10.00,antimatter,60,450;300;200;100;50,2,8,2.5,3.5,100,-10,5,250,40,5,250,60,1,8,11,0,0.06,4,0.5,50,8,5
30,1,60,FrameTimeStutter,6.000,antimatter,practice,2026-08-31T00:06:27.6306034-04:00,1,84,1.68994,16.8028,2558.43,1440.00,15.000,12.000,1.4991,8.9919,2.0108,Left,0,0,0,0,0.0000,300.000,0,0.000,0,127.500,71.914,4.500,0.0300,0.0000,-10.00,antimatter,60,450;300;200;100;50,2,8,2.5,3.5,100,-10,5,250,40,5,250,60,1,8,11,0,0.06,4,0.5,50,8,5
30,1,60,FrameTimeStutter,6.000,antimatter,practice,2026-08-31T00:06:27.6306034-04:00,1,85,1.70662,16.6878,2558.43,1440.00,6.000,5.000,1.6086,9.0835,2.0108,Left,0,0,0,0,0.0000,300.000,0,0.000,0,127.500,71.914,4.500,0.0300,0.0000,-10.00,antimatter,60,450;300;200;100;50,2,8,2.5,3.5,100,-10,5,250,40,5,250,60,1,8,11,0,0.06,4,0.5,50,8,5
30,1,60,FrameTimeStutter,6.000,antimatter,practice,2026-08-31T00:06:27.6306034-04:00,1,86,1.72352,16.8945,2558.43,1440.00,7.000,2.000,1.7365,9.1202,2.0108,Left,0,0,0,0,0.0000,300.000,0,0.000,0,127.500,71.914,4.500,0.0300,0.0000,-10.00,antimatter,60,450;300;200;100;50,2,8,2.5,3.5,100,-10,5,250,40,5,250,60,1,8,11,0,0.06,4,0.5,50,8,5
30,1,60,FrameTimeStutter,6.000,antimatter,practice,2026-08-31T00:06:27.6306034-04:00,1,87,1.74006,16.5410,2558.43,1440.00,4.000,1.000,1.8097,9.1385,2.0108,Left,0,0,0,0,0.0000,300.000,0,0.000,0,127.500,71.914,4.500,0.0300,0.0000,-10.00,antimatter,60,450;300;200;100;50,2,8,2.5,3.5,100,-10,5,250,40,5,250,60,1,8,11,0,0.06,4,0.5,50,8,5
30,1,60,FrameTimeStutter,6.000,antimatter,practice,2026-08-31T00:06:27.6306034-04:00,1,88,1.75709,17.0329,2558.43,1438.51,8.000,-1.000,1.9559,9.1199,2.0108,Left,0,0,0,0,0.0000,300.000,0,0.000,0,127.500,71.914,4.500,0.0300,0.0000,-10.00,antimatter,60,450;300;200;100;50,2,8,2.5,3.5,100,-10,5,250,40,5,250,60,1,8,11,0,0.06,4,0.5,50,8,5
30,1,60,FrameTimeStutter,6.000,antimatter,practice,2026-08-31T00:06:27.6306034-04:00,1,89,1.77324,16.1449,2558.43,1437.02,8.000,-1.000,2.1022,9.1013,2.0108,Left,0,0,0,0,0.0000,300.000,0,0.000,0,127.500,71.914,4.500,0.0300,0.0000,-10.00,antimatter,60,450;300;200;100;50,2,8,2.5,3.5,100,-10,5,250,40,5,250,60,1,8,11,0,0.06,4,0.5,50,8,5
30,1,60,FrameTimeStutter,6.000,antimatter,practice,2026-08-31T00:06:27.6306034-04:00,1,90,1.79031,17.0748,2558.43,1434.04,9.000,-2.000,2.2667,9.0644,2.0108,Left,0,0,0,0,0.0000,300.000,0,0.000,0,127.500,71.914,4.500,0.0300,0.0000,-10.00,antimatter,60,450;300;200;100;50,2,8,2.5,3.5,100,-10,5,250,40,5,250,60,1,8,11,0,0.06,4,0.5,50,8,5
30,1,60,FrameTimeStutter,6.000,antimatter,practice,2026-08-31T00:06:27.6306034-04:00,1,91,1.80642,16.1029,2558.43,1429.58,10.000,-3.000,2.4495,9.0094,2.0108,Right,0,0,0,0,0.0000,300.000,0,0.000,0,127.500,71.914,4.500,0.0300,0.0000,-10.00,antimatter,60,450;300;200;100;50,2,8,2.5,3.5,100,-10,5,250,40,5,250,60,1,8,11,0,0.06,4,0.5,50,8,5
30,1,60,FrameTimeStutter,6.000,antimatter,practice,2026-08-31T00:06:27.6306034-04:00,1,92,1.82372,17.3016,2558.43,1426.60,5.000,-2.000,2.5409,8.9728,2.0108,Right,0,0,0,0,0.0000,300.000,0,0.000,0,127.500,71.914,4.500,0.0300,0.0000,-10.00,antimatter,60,450;300;200;100;50,2,8,2.5,3.5,100,-10,5,250,40,5,250,60,1,8,11,0,0.06,4,0.5,50,8,5
30,1,60,FrameTimeStutter,6.000,antimatter,practice,2026-08-31T00:06:27.6306034-04:00,1,93,1.83989,16.1712,2558.43,1423.62,3.000,-2.000,2.5958,8.9363,2.0108,Right,0,0,0,0,0.0000,300.000,0,0.000,0,127.500,71.914,4.500,0.0300,0.0000,-10.00,antimatter,60,450;300;200;100;50,2,8,2.5,3.5,100,-10,5,250,40,5,250,60,1,8,11,0,0.06,4,0.5,50,8,5
30,1,60,FrameTimeStutter,6.000,antimatter,practice,2026-08-31T00:06:27.6306034-04:00,1,94,1.85708,17.1924,2558.43,1422.13,1.000,-1.000,2.6141,8.9180,2.0108,Right,0,0,0,0,0.0000,300.000,0,0.000,0,127.500,71.914,4.500,0.0300,0.0000,-10.00,antimatter,60,450;300;200;100;50,2,8,2.5,3.5,100,-10,5,250,40,5,250,60,1,8,11,0,0.06,4,0.5,50,8,5
30,1,60,FrameTimeStutter,6.000,antimatter,practice,2026-08-31T00:06:27.6306034-04:00,1,95,1.87410,17.0187,2558.43,1422.13,5.000,0.000,2.7055,8.9180,2.0108,Right,0,0,0,0,0.0000,300.000,0,0.000,0,127.500,71.914,4.500,0.0300,0.0000,-10.00,antimatter,60,450;300;200;100;50,2,8,2.5,3.5,100,-10,5,250,40,5,250,60,1,8,11,0,0.06,4,0.5,50,8,5
30,1,60,FrameTimeStutter,6.000,antimatter,practice,2026-08-31T00:06:27.6306034-04:00,1,96,1.89070,16.6028,2558.43,1423.62,10.000,1.000,2.8884,8.9363,2.0108,Right,0,0,0,0,0.0000,300.000,0,0.000,0,127.500,71.914,4.500,0.0300,0.0000,-10.00,antimatter,60,450;300;200;100;50,2,8,2.5,3.5,100,-10,5,250,40,5,250,60,1,8,11,0,0.06,4,0.5,50,8,5
30,1,60,FrameTimeStutter,6.000,antimatter,practice,2026-08-31T00:06:27.6306034-04:00,1,97,1.90620,15.5025,2558.43,1425.11,11.000,1.000,3.0895,8.9546,2.0108,Right,0,0,0,0,0.0000,300.000,0,0.000,0,127.500,71.914,4.500,0.0300,0.0000,-10.00,antimatter,60,450;300;200;100;50,2,8,2.5,3.5,100,-10,5,250,40,5,250,60,1,8,11,0,0.06,4,0.5,50,8,5
30,1,60,FrameTimeStutter,6.000,antimatter,practice,2026-08-31T00:06:27.6306034-04:00,1,98,1.92349,17.2895,2558.43,1426.60,4.000,1.000,3.1627,8.9729,2.0108,Right,0,0,0,0,0.0000,300.000,0,0.000,0,127.500,71.914,4.500,0.0300,0.0000,-10.00,antimatter,60,450;300;200;100;50,2,8,2.5,3.5,100,-10,5,250,40,5,250,60,1,8,11,0,0.06,4,0.5,50,8,5
30,1,60,FrameTimeStutter,6.000,antimatter,practice,2026-08-31T00:06:27.6306034-04:00,1,99,1.94009,16.5974,2558.43,1428.09,1.000,1.000,3.1809,8.9912,2.0108,Right,0,0,0,0,0.0000,300.000,0,0.000,0,127.500,71.914,4.500,0.0300,0.0000,-10.00,antimatter,60,450;300;200;100;50,2,8,2.5,3.5,100,-10,5,250,40,5,250,60,1,8,11,0,0.06,4,0.5,50,8,5
30,1,60,FrameTimeStutter,6.000,antimatter,practice,2026-08-31T00:06:27.6306034-04:00,1,100,1.95680,16.7067,2558.43,1429.58,2.000,1.000,3.2175,9.0095,2.0108,Right,0,0,0,0,0.0000,300.000,0,0.000,0,127.500,71.914,4.500,0.0300,0.0000,-10.00,antimatter,60,450;300;200;100;50,2,8,2.5,3.5,100,-10,5,250,40,5,250,60,1,8,11,0,0.06,4,0.5,50,8,5
30,1,60,FrameTimeStutter,6.000,antimatter,practice,2026-08-31T00:06:27.6306034-04:00,1,101,1.97335,16.5564,2558.43,1437.02,8.000,5.000,3.3638,9.1009,2.0108,Right,0,0,0,0,0.0000,300.000,0,0.000,0,127.500,71.914,4.500,0.0300,0.0000,-10.00,antimatter,60,450;300;200;100;50,2,8,2.5,3.5,100,-10,5,250,40,5,250,60,1,8,11,0,0.06,4,0.5,50,8,5
30,1,60,FrameTimeStutter,6.000,antimatter,practice,2026-08-31T00:06:27.6306034-04:00,1,102,1.98966,16.3036,2558.43,1440.00,8.000,6.000,3.5101,9.2106,2.0108,Right,0,0,0,0,0.0000,300.000,0,0.000,0,127.500,71.914,4.500,0.0300,0.0000,-10.00,antimatter,60,450;300;200;100;50,2,8,2.5,3.5,100,-10,5,250,40,5,250,60,1,8,11,0,0.06,4,0.5,50,8,5
30,1,60,FrameTimeStutter,6.000,antimatter,practice,2026-08-31T00:06:27.6306034-04:00,1,103,2.00669,17.0332,2558.43,1440.00,5.000,4.000,3.6015,9.2837,2.0108,Right,0,0,0,0,0.0000,300.000,0,0.000,0,127.500,71.914,4.500,0.0300,0.0000,-10.00,antimatter,60,450;300;200;100;50,2,8,2.5,3.5,100,-10,5,250,40,5,250,60,1,8,11,0,0.06,4,0.5,50,8,5
30,1,60,FrameTimeStutter,6.000,antimatter,practice,2026-08-31T00:06:27.6306034-04:00,1,104,2.02390,17.2073,2558.43,1440.00,1.000,1.000,3.6198,9.3020,2.0108,Right,0,0,0,0,0.0000,300.000,0,0.000,0,127.500,71.914,4.500,0.0300,0.0000,-10.00,antimatter,60,450;300;200;100;50,2,8,2.5,3.5,100,-10,5,250,40,5,250,60,1,8,11,0,0.06,4,0.5,50,8,5
30,1,60,FrameTimeStutter,6.000,antimatter,practice,2026-08-31T00:06:27.6306034-04:00,1,105,2.04025,16.3482,2558.43,1440.00,0.000,0.000,3.6198,9.3020,2.0108,Right,0,0,0,0,0.0000,300.000,0,0.000,0,127.500,71.914,4.500,0.0300,0.0000,-10.00,antimatter,60,450;300;200;100;50,2,8,2.5,3.5,100,-10,5,250,40,5,250,60,1,8,11,0,0.06,4,0.5,50,8,5
30,1,60,FrameTimeStutter,6.000,antimatter,practice,2026-08-31T00:06:27.6306034-04:00,1,106,2.05620,15.9534,2558.43,1440.00,0.000,0.000,3.6198,9.3020,2.0108,Right,0,0,0,0,0.0000,300.000,0,0.000,0,127.500,71.914,4.500,0.0300,0.0000,-10.00,antimatter,60,450;300;200;100;50,2,8,2.5,3.5,100,-10,5,250,40,5,250,60,1,8,11,0,0.06,4,0.5,50,8,5
30,1,60,FrameTimeStutter,6.000,antimatter,practice,2026-08-31T00:06:27.6306034-04:00,1,107,2.07379,17.5863,2558.43,1440.00,0.000,0.000,3.6198,9.3020,2.0108,Right,0,0,0,0,0.0000,300.000,0,0.000,0,127.500,71.914,4.500,0.0300,0.0000,-10.00,antimatter,60,450;300;200;100;50,2,8,2.5,3.5,100,-10,5,250,40,5,250,60,1,8,11,0,0.06,4,0.5,50,8,5
30,1,60,FrameTimeStutter,6.000,antimatter,practice,2026-08-31T00:06:27.6306034-04:00,1,108,2.09039,16.6035,2558.43,1440.00,0.000,1.000,3.6198,9.3203,2.0108,Right,0,0,0,0,0.0000,300.000,0,0.000,0,127.500,71.914,4.500,0.0300,0.0000,-10.00,antimatter,60,450;300;200;100;50,2,8,2.5,3.5,100,-10,5,250,40,5,250,60,1,8,11,0,0.06,4,0.5,50,8,5
30,1,60,FrameTimeStutter,6.000,antimatter,practice,2026-08-31T00:06:27.6306034-04:00,1,109,2.10650,16.1085,2558.43,1440.00,0.000,0.000,3.6198,9.3203,2.0108,Right,0,0,0,0,0.0000,300.000,0,0.000,0,127.500,71.914,4.500,0.0300,0.0000,-10.00,antimatter,60,450;300;200;100;50,2,8,2.5,3.5,100,-10,5,250,40,5,250,60,1,8,11,0,0.06,4,0.5,50,8,5
30,1,60,FrameTimeStutter,6.000,antimatter,practice,2026-08-31T00:06:27.6306034-04:00,1,110,2.12324,16.7413,2558.43,1440.00,0.000,2.000,3.6198,9.3569,2.0108,Right,0,0,0,0,0.0000,300.000,0,0.000,0,127.500,71.914,4.500,0.0300,0.0000,-10.00,antimatter,60,450;300;200;100;50,2,8,2.5,3.5,100,-10,5,250,40,5,250,60,1,8,11,0,0.06,4,0.5,50,8,5
30,1,60,FrameTimeStutter,6.000,antimatter,practice,2026-08-31T00:06:27.6306034-04:00,1,111,2.13978,16.5403,2558.43,1440.00,0.000,2.000,3.6198,9.3934,2.0108,Right,0,0,0,0,0.0000,300.000,0,0.000,0,127.500,71.914,4.500,0.0300,0.0000,-10.00,antimatter,60,450;300;200;100;50,2,8,2.5,3.5,100,-10,5,250,40,5,250,60,1,8,11,0,0.06,4,0.5,50,8,5
30,1,60,FrameTimeStutter,6.000,antimatter,practice,2026-08-31T00:06:27.6306034-04:00,1,112,2.15636,16.5829,2558.43,1440.00,0.000,3.000,3.6198,9.4483,2.0108,Right,0,0,0,0,0.0000,300.000,0,0.000,0,127.500,71.914,4.500,0.0300,0.0000,-10.00,antimatter,60,450;300;200;100;50,2,8,2.5,3.5,100,-10,5,250,40,5,250,60,1,8,11,0,0.06,4,0.5,50,8,5
30,1,60,FrameTimeStutter,6.000,antimatter,practice,2026-08-31T00:06:27.6306034-04:00,1,113,2.17358,17.2171,2558.43,1440.00,1.000,4.000,3.6381,9.5214,2.0108,Right,0,0,0,0,0.0000,300.000,0,0.000,0,127.500,71.914,4.500,0.0300,0.0000,-10.00,antimatter,60,450;300;200;100;50,2,8,2.5,3.5,100,-10,5,250,40,5,250,60,1,8,11,0,0.06,4,0.5,50,8,5
30,1,60,FrameTimeStutter,6.000,antimatter,practice,2026-08-31T00:06:27.6306034-04:00,1,114,2.19023,16.6459,2558.43,1440.00,1.000,3.000,3.6564,9.5763,2.0108,Right,0,0,0,0,0.0000,300.000,0,0.000,0,127.500,71.914,4.500,0.0300,0.0000,-10.00,antimatter,60,450;300;200;100;50,2,8,2.5,3.5,100,-10,5,250,40,5,250,60,1,8,11,0,0.06,4,0.5,50,8,5
30,1,60,FrameTimeStutter,6.000,antimatter,practice,2026-08-31T00:06:27.6306034-04:00,1,115,2.20684,16.6179,2558.43,1440.00,1.000,3.000,3.6746,9.6311,2.0108,Right,0,0,0,0,0.0000,300.000,0,0.000,0,127.500,71.914,4.500,0.0300,0.0000,-10.00,antimatter,60,450;300;200;100;50,2,8,2.5,3.5,100,-10,5,250,40,5,250,60,1,8,11,0,0.06,4,0.5,50,8,5
30,1,60,FrameTimeStutter,6.000,antimatter,practice,2026-08-31T00:06:27.6306034-04:00,1,116,2.22421,17.3636,2558.43,1440.00,1.000,2.000,3.6929,9.6677,2.0108,Right,0,0,0,0,0.0000,300.000,0,0.000,0,127.500,71.914,4.500,0.0300,0.0000,-10.00,antimatter,60,450;300;200;100;50,2,8,2.5,3.5,100,-10,5,250,40,5,250,60,1,8,11,0,0.06,4,0.5,50,8,5
30,1,60,FrameTimeStutter,6.000,antimatter,practice,2026-08-31T00:06:27.6306034-04:00,1,117,2.23990,15.6887,2558.43,1440.00,1.000,3.000,3.7112,9.7225,2.0108,Right,0,0,0,0,0.0000,300.000,0,0.000,0,127.500,71.914,4.500,0.0300,0.0000,-10.00,antimatter,60,450;300;200;100;50,2,8,2.5,3.5,100,-10,5,250,40,5,250,60,1,8,11,0,0.06,4,0.5,50,8,5
30,1,60,FrameTimeStutter,6.000,antimatter,practice,2026-08-31T00:06:27.6306034-04:00,1,118,2.25619,16.2909,2558.43,1440.00,1.000,3.000,3.7295,9.7774,2.0108,Right,0,0,0,0,0.0000,300.000,0,0.000,0,127.500,71.914,4.500,0.0300,0.0000,-10.00,antimatter,60,450;300;200;100;50,2,8,2.5,3.5,100,-10,5,250,40,5,250,60,1,8,11,0,0.06,4,0.5,50,8,5
30,1,60,FrameTimeStutter,6.000,antimatter,practice,2026-08-31T00:06:27.6306034-04:00,1,119,2.27334,17.1478,2558.43,1440.00,3.000,4.000,3.7844,9.8505,2.0108,Right,0,0,0,0,0.0000,300.000,0,0.000,0,127.500,71.914,4.500,0.0300,0.0000,-10.00,antimatter,60,450;300;200;100;50,2,8,2.5,3.5,100,-10,5,250,40,5,250,60,1,8,11,0,0.06,4,0.5,50,8,5
30,1,60,FrameTimeStutter,6.000,antimatter,practice,2026-08-31T00:06:27.6306034-04:00,1,120,2.29043,17.0941,2558.43,1440.00,0.000,1.000,3.7844,9.8688,2.0108,Right,0,0,0,0,0.0000,300.000,0,0.000,0,127.500,71.914,4.500,0.0300,0.0000,-10.00,antimatter,60,450;300;200;100;50,2,8,2.5,3.5,100,-10,5,250,40,5,250,60,1,8,11,0,0.06,4,0.5,50,8,5
30,1,60,FrameTimeStutter,6.000,antimatter,practice,2026-08-31T00:06:27.6306034-04:00,1,121,2.30702,16.5934,2558.43,1440.00,0.000,0.000,3.7844,9.8688,2.0108,Right,0,0,0,0,0.0000,300.000,0,0.000,0,127.500,71.914,4.500,0.0300,0.0000,-10.00,antimatter,60,450;300;200;100;50,2,8,2.5,3.5,100,-10,5,250,40,5,250,60,1,8,11,0,0.06,4,0.5,50,8,5
30,1,60,FrameTimeStutter,6.000,antimatter,practice,2026-08-31T00:06:27.6306034-04:00,1,122,2.32343,16.4112,2558.43,1440.00,0.000,0.000,3.7844,9.8688,2.0108,Right,0,0,0,0,0.0000,300.000,0,0.000,0,127.500,71.914,4.500,0.0300,0.0000,-10.00,antimatter,60,450;300;200;100;50,2,8,2.5,3.5,100,-10,5,250,40,5,250,60,1,8,11,0,0.06,4,0.5,50,8,5
30,1,60,FrameTimeStutter,6.000,antimatter,practice,2026-08-31T00:06:27.6306034-04:00,1,123,2.34019,16.7551,2558.43,1440.00,0.000,0.000,3.7844,9.8688,2.0108,Right,0,0,0,0,0.0000,300.000,0,0.000,0,127.500,71.914,4.500,0.0300,0.0000,-10.00,antimatter,60,450;300;200;100;50,2,8,2.5,3.5,100,-10,5,250,40,5,250,60,1,8,11,0,0.06,4,0.5,50,8,5
30,1,60,FrameTimeStutter,6.000,antimatter,practice,2026-08-31T00:06:27.6306034-04:00,1,124,2.35668,16.4962,2558.43,1440.00,0.000,0.000,3.7844,9.8688,2.0108,Right,0,0,0,0,0.0000,300.000,0,0.000,0,127.500,71.914,4.500,0.0300,0.0000,-10.00,antimatter,60,450;300;200;100;50,2,8,2.5,3.5,100,-10,5,250,40,5,250,60,1,8,11,0,0.06,4,0.5,50,8,5
30,1,60,FrameTimeStutter,6.000,antimatter,practice,2026-08-31T00:06:27.6306034-04:00,1,125,2.37300,16.3172,2558.43,1440.00,2.000,0.000,3.8209,9.8688,2.0108,Right,0,0,0,0,0.0000,300.000,0,0.000,0,127.500,71.914,4.500,0.0300,0.0000,-10.00,antimatter,60,450;300;200;100;50,2,8,2.5,3.5,100,-10,5,250,40,5,250,60,1,8,11,0,0.06,4,0.5,50,8,5
30,1,60,FrameTimeStutter,6.000,antimatter,practice,2026-08-31T00:06:27.6306034-04:00,1,126,2.38991,16.9102,2558.43,1440.00,3.000,2.000,3.8758,9.9054,2.0108,Right,0,0,0,0,0.0000,300.000,0,0.000,0,127.500,71.914,4.500,0.0300,0.0000,-10.00,antimatter,60,450;300;200;100;50,2,8,2.5,3.5,100,-10,5,250,40,5,250,60,1,8,11,0,0.06,4,0.5,50,8,5
30,1,60,FrameTimeStutter,6.000,antimatter,practice,2026-08-31T00:06:27.6306034-04:00,1,127,2.40643,16.5225,2558.43,1440.00,7.000,2.000,4.0038,9.9419,2.0108,Right,0,0,0,0,0.0000,300.000,0,0.000,0,127.500,71.914,4.500,0.0300,0.0000,-10.00,antimatter,60,450;300;200;100;50,2,8,2.5,3.5,100,-10,5,250,40,5,250,60,1,8,11,0,0.06,4,0.5,50,8,5
30,1,60,FrameTimeStutter,6.000,antimatter,practice,2026-08-31T00:06:27.6306034-04:00,1,128,2.42336,16.9270,2558.43,1440.00,9.000,3.000,4.1683,9.9968,2.0108,Right,0,0,0,0,0.0000,300.000,0,0.000,0,127.500,71.914,4.500,0.0300,0.0000,-10.00,antimatter,60,450;300;200;100;50,2,8,2.5,3.5,100,-10,5,250,40,5,250,60,1,8,11,0,0.06,4,0.5,50,8,5
30,1,60,FrameTimeStutter,6.000,antimatter,practice,2026-08-31T00:06:27.6306034-04:00,1,129,2.43987,16.5046,2558.43,1440.00,10.000,2.000,4.3512,10.0333,2.0108,Right,0,0,0,0,0.0000,300.000,0,0.000,0,127.500,71.914,4.500,0.0300,0.0000,-10.00,antimatter,60,450;300;200;100;50,2,8,2.5,3.5,100,-10,5,250,40,5,250,60,1,8,11,0,0.06,4,0.5,50,8,5
30,1,60,FrameTimeStutter,6.000,antimatter,practice,2026-08-31T00:06:27.6306034-04:00,1,130,2.45677,16.9053,2558.43,1440.00,2.000,1.000,4.3878,10.0516,2.0108,Right,0,0,0,0,0.0000,300.000,0,0.000,0,127.500,71.914,4.500,0.0300,0.0000,-10.00,antimatter,60,450;300;200;100;50,2,8,2.5,3.5,100,-10,5,250,40,5,250,60,1,8,11,0,0.06,4,0.5,50,8,5
30,1,60,FrameTimeStutter,6.000,antimatter,practice,2026-08-31T00:06:27.6306034-04:00,1,131,2.47331,16.5427,2558.43,1440.00,0.000,0.000,4.3878,10.0516,2.0108,Right,0,0,0,0,0.0000,300.000,0,0.000,0,127.500,71.914,4.500,0.0300,0.0000,-10.00,antimatter,60,450;300;200;100;50,2,8,2.5,3.5,100,-10,5,250,40,5,250,60,1,8,11,0,0.06,4,0.5,50,8,5
30,1,60,FrameTimeStutter,6.000,antimatter,practice,2026-08-31T00:06:27.6306034-04:00,1,132,2.49047,17.1543,2558.43,1440.00,0.000,0.000,4.3878,10.0516,2.0108,Right,0,0,0,0,0.0000,300.000,0,0.000,0,127.500,71.914,4.500,0.0300,0.0000,-10.00,antimatter,60,450;300;200;100;50,2,8,2.5,3.5,100,-10,5,250,40,5,250,60,1,8,11,0,0.06,4,0.5,50,8,5
30,1,60,FrameTimeStutter,6.000,antimatter,practice,2026-08-31T00:06:27.6306034-04:00,1,133,2.50665,16.1842,2558.43,1440.00,0.000,0.000,4.3878,10.0516,2.0108,Right,0,0,0,0,0.0000,300.000,0,0.000,0,127.500,71.914,4.500,0.0300,0.0000,-10.00,antimatter,60,450;300;200;100;50,2,8,2.5,3.5,100,-10,5,250,40,5,250,60,1,8,11,0,0.06,4,0.5,50,8,5
30,1,60,FrameTimeStutter,6.000,antimatter,practice,2026-08-31T00:06:27.6306034-04:00,1,134,2.52303,16.3819,2558.43,1440.00,0.000,0.000,4.3878,10.0516,2.0108,Right,0,0,0,0,0.0000,300.000,0,0.000,0,127.500,71.914,4.500,0.0300,0.0000,-10.00,antimatter,60,450;300;200;100;50,2,8,2.5,3.5,100,-10,5,250,40,5,250,60,1,8,11,0,0.06,4,0.5,50,8,5
30,1,60,FrameTimeStutter,6.000,antimatter,practice,2026-08-31T00:06:27.6306034-04:00,1,135,2.54042,17.3851,2558.43,1440.00,0.000,0.000,4.3878,10.0516,2.0108,Right,0,0,0,0,0.0000,300.000,0,0.000,0,127.500,71.914,4.500,0.0300,0.0000,-10.00,antimatter,60,450;300;200;100;50,2,8,2.5,3.5,100,-10,5,250,40,5,250,60,1,8,11,0,0.06,4,0.5,50,8,5
30,1,60,FrameTimeStutter,6.000,antimatter,practice,2026-08-31T00:06:27.6306034-04:00,1,136,2.55716,16.7361,2558.43,1440.00,0.000,0.000,4.3878,10.0516,2.0108,Right,0,0,0,0,0.0000,300.000,0,0.000,0,127.500,71.914,4.500,0.0300,0.0000,-10.00,antimatter,60,450;300;200;100;50,2,8,2.5,3.5,100,-10,5,250,40,5,250,60,1,8,11,0,0.06,4,0.5,50,8,5
30,1,60,FrameTimeStutter,6.000,antimatter,practice,2026-08-31T00:06:27.6306034-04:00,1,137,2.57317,16.0100,2558.43,1440.00,0.000,0.000,4.3878,10.0516,2.0108,Right,0,0,0,0,0.0000,300.000,0,0.000,0,127.500,71.914,4.500,0.0300,0.0000,-10.00,antimatter,60,450;300;200;100;50,2,8,2.5,3.5,100,-10,5,250,40,5,250,60,1,8,11,0,0.06,4,0.5,50,8,5
30,1,60,FrameTimeStutter,6.000,antimatter,practice,2026-08-31T00:06:27.6306034-04:00,1,138,2.59028,17.1096,2558.43,1440.00,0.000,0.000,4.3878,10.0516,2.0108,Right,0,0,0,0,0.0000,300.000,0,0.000,0,127.500,71.914,4.500,0.0300,0.0000,-10.00,antimatter,60,450;300;200;100;50,2,8,2.5,3.5,100,-10,5,250,40,5,250,60,1,8,11,0,0.06,4,0.5,50,8,5
30,1,60,FrameTimeStutter,6.000,antimatter,practice,2026-08-31T00:06:27.6306034-04:00,1,139,2.60640,16.1270,2558.43,1440.00,0.000,0.000,4.3878,10.0516,2.0108,Right,0,0,0,0,0.0000,300.000,0,0.000,0,127.500,71.914,4.500,0.0300,0.0000,-10.00,antimatter,60,450;300;200;100;50,2,8,2.5,3.5,100,-10,5,250,40,5,250,60,1,8,11,0,0.06,4,0.5,50,8,5
30,1,60,FrameTimeStutter,6.000,antimatter,practice,2026-08-31T00:06:27.6306034-04:00,1,140,2.62309,16.6852,2558.43,1440.00,0.000,0.000,4.3878,10.0516,2.0108,Right,0,0,0,0,0.0000,300.000,0,0.000,0,127.500,71.914,4.500,0.0300,0.0000,-10.00,antimatter,60,450;300;200;100;50,2,8,2.5,3.5,100,-10,5,250,40,5,250,60,1,8,11,0,0.06,4,0.5,50,8,5
30,1,60,FrameTimeStutter,6.000,antimatter,practice,2026-08-31T00:06:27.6306034-04:00,1,141,2.63966,16.5747,2558.43,1440.00,0.000,0.000,4.3878,10.0516,2.0108,Right,0,0,0,0,0.0000,300.000,0,0.000,0,127.500,71.914,4.500,0.0300,0.0000,-10.00,antimatter,60,450;300;200;100;50,2,8,2.5,3.5,100,-10,5,250,40,5,250,60,1,8,11,0,0.06,4,0.5,50,8,5
30,1,60,FrameTimeStutter,6.000,antimatter,practice,2026-08-31T00:06:27.6306034-04:00,1,142,2.65720,17.5355,2558.43,1440.00,0.000,0.000,4.3878,10.0516,2.0108,Right,0,0,0,0,0.0000,300.000,0,0.000,0,127.500,71.914,4.500,0.0300,0.0000,-10.00,antimatter,60,450;300;200;100;50,2,8,2.5,3.5,100,-10,5,250,40,5,250,60,1,8,11,0,0.06,4,0.5,50,8,5
30,1,60,FrameTimeStutter,6.000,antimatter,practice,2026-08-31T00:06:27.6306034-04:00,1,143,2.67365,16.4502,2558.43,1440.00,0.000,0.000,4.3878,10.0516,2.0108,Right,0,0,0,0,0.0000,300.000,0,0.000,0,127.500,71.914,4.500,0.0300,0.0000,-10.00,antimatter,60,450;300;200;100;50,2,8,2.5,3.5,100,-10,5,250,40,5,250,60,1,8,11,0,0.06,4,0.5,50,8,5
30,1,60,FrameTimeStutter,6.000,antimatter,practice,2026-08-31T00:06:27.6306034-04:00,1,144,2.68985,16.2034,2558.43,1440.00,0.000,0.000,4.3878,10.0516,2.0108,Right,0,0,0,0,0.0000,300.000,0,0.000,0,127.500,71.914,4.500,0.0300,0.0000,-10.00,antimatter,60,450;300;200;100;50,2,8,2.5,3.5,100,-10,5,250,40,5,250,60,1,8,11,0,0.06,4,0.5,50,8,5
30,1,60,FrameTimeStutter,6.000,antimatter,practice,2026-08-31T00:06:27.6306034-04:00,1,145,2.70677,16.9231,2558.43,1440.00,0.000,0.000,4.3878,10.0516,2.0108,Right,0,0,0,0,0.0000,300.000,0,0.000,0,127.500,71.914,4.500,0.0300,0.0000,-10.00,antimatter,60,450;300;200;100;50,2,8,2.5,3.5,100,-10,5,250,40,5,250,60,1,8,11,0,0.06,4,0.5,50,8,5
30,1,60,FrameTimeStutter,6.000,antimatter,practice,2026-08-31T00:06:27.6306034-04:00,1,146,2.72324,16.4608,2558.43,1440.00,0.000,0.000,4.3878,10.0516,2.0108,Right,0,0,0,0,0.0000,300.000,0,0.000,0,127.500,71.914,4.500,0.0300,0.0000,-10.00,antimatter,60,450;300;200;100;50,2,8,2.5,3.5,100,-10,5,250,40,5,250,60,1,8,11,0,0.06,4,0.5,50,8,5
30,1,60,FrameTimeStutter,6.000,antimatter,practice,2026-08-31T00:06:27.6306034-04:00,1,147,2.74058,17.3430,2558.43,1440.00,0.000,0.000,4.3878,10.0516,2.0108,Right,0,0,0,0,0.0000,300.000,0,0.000,0,127.500,71.914,4.500,0.0300,0.0000,-10.00,antimatter,60,450;300;200;100;50,2,8,2.5,3.5,100,-10,5,250,40,5,250,60,1,8,11,0,0.06,4,0.5,50,8,5
30,1,60,FrameTimeStutter,6.000,antimatter,practice,2026-08-31T00:06:27.6306034-04:00,1,148,2.75733,16.7489,2558.43,1440.00,0.000,0.000,4.3878,10.0516,2.0108,Right,0,0,0,0,0.0000,300.000,0,0.000,0,127.500,71.914,4.500,0.0300,0.0000,-10.00,antimatter,60,450;300;200;100;50,2,8,2.5,3.5,100,-10,5,250,40,5,250,60,1,8,11,0,0.06,4,0.5,50,8,5
30,1,60,FrameTimeStutter,6.000,antimatter,practice,2026-08-31T00:06:27.6306034-04:00,1,149,2.77313,15.8053,2558.43,1440.00,0.000,0.000,4.6640,10.0516,2.0108,Right,0,0,0,0,0.0000,300.000,0,0.000,0,127.500,71.914,4.500,0.0300,0.0000,-10.00,antimatter,60,450;300;200;100;50,2,8,2.5,3.5,100,-10,5,250,40,5,250,60,1,8,11,0,0.06,4,0.5,50,8,5
30,1,60,FrameTimeStutter,6.000,antimatter,practice,2026-08-31T00:06:27.6306034-04:00,1,150,2.78988,16.7488,2558.43,1440.00,0.000,0.000,4.9389,10.0516,2.0108,Right,0,0,0,0,0.0000,300.000,0,0.000,0,127.500,71.914,4.500,0.0300,0.0000,-10.00,antimatter,60,450;300;200;100;50,2,8,2.5,3.5,100,-10,5,250,40,5,250,60,1,8,11,0,0.06,4,0.5,50,8,5
30,1,60,FrameTimeStutter,6.000,antimatter,practice,2026-08-31T00:06:27.6306034-04:00,1,151,2.80689,17.0133,2558.43,1440.00,0.000,0.000,5.1999,10.0516,2.0108,Right,0,0,0,0,0.0000,300.000,0,0.000,0,127.500,71.914,4.500,0.0300,0.0000,-10.00,antimatter,60,450;300;200;100;50,2,8,2.5,3.5,100,-10,5,250,40,5,250,60,1,8,11,0,0.06,4,0.5,50,8,5
30,1,60,FrameTimeStutter,6.000,antimatter,practice,2026-08-31T00:06:27.6306034-04:00,1,152,2.82379,16.8935,2558.43,1440.00,0.000,0.000,5.4415,10.0516,2.0108,Right,0,0,0,0,0.0000,300.000,0,0.000,0,127.500,71.914,4.500,0.0300,0.0000,-10.00,antimatter,60,450;300;200;100;50,2,8,2.5,3.5,100,-10,5,250,40,5,250,60,1,8,11,0,0.06,4,0.5,50,8,5
30,1,60,FrameTimeStutter,6.000,antimatter,practice,2026-08-31T00:06:27.6306034-04:00,1,153,2.83993,16.1461,2558.43,1440.00,0.000,0.000,5.6567,10.0516,2.0108,Right,0,0,0,0,0.0000,300.000,0,0.000,0,127.500,71.914,4.500,0.0300,0.0000,-10.00,antimatter,60,450;300;200;100;50,2,8,2.5,3.5,100,-10,5,250,40,5,250,60,1,8,11,0,0.06,4,0.5,50,8,5
30,1,60,FrameTimeStutter,6.000,antimatter,practice,2026-08-31T00:06:27.6306034-04:00,1,154,2.85655,16.6197,2558.43,1440.00,0.000,0.000,5.8626,10.0516,2.0108,Right,0,0,0,0,0.0000,300.000,0,0.000,0,127.500,71.914,4.500,0.0300,0.0000,-10.00,antimatter,60,450;300;200;100;50,2,8,2.5,3.5,100,-10,5,250,40,5,250,60,1,8,11,0,0.06,4,0.5,50,8,5
30,1,60,FrameTimeStutter,6.000,antimatter,practice,2026-08-31T00:06:27.6306034-04:00,1,155,2.87375,17.1980,2558.43,1440.00,0.000,0.000,6.0598,10.0516,2.0108,Right,0,0,0,0,0.0000,300.000,0,0.000,0,127.500,71.914,4.500,0.0300,0.0000,-10.00,antimatter,60,450;300;200;100;50,2,8,2.5,3.5,100,-10,5,250,40,5,250,60,1,8,11,0,0.06,4,0.5,50,8,5
30,1,60,FrameTimeStutter,6.000,antimatter,practice,2026-08-31T00:06:27.6306034-04:00,1,156,2.88995,16.1984,2558.43,1440.00,0.000,0.000,6.2311,10.0516,2.0108,Right,0,0,0,0,0.0000,300.000,0,0.000,0,127.500,71.914,4.500,0.0300,0.0000,-10.00,antimatter,60,450;300;200;100;50,2,8,2.5,3.5,100,-10,5,250,40,5,250,60,1,8,11,0,0.06,4,0.5,50,8,5
30,1,60,FrameTimeStutter,6.000,antimatter,practice,2026-08-31T00:06:27.6306034-04:00,1,157,2.90638,16.4339,2558.43,1440.00,0.000,0.000,6.3914,10.0516,2.0108,Right,0,0,0,0,0.0000,300.000,0,0.000,0,127.500,71.914,4.500,0.0300,0.0000,-10.00,antimatter,60,450;300;200;100;50,2,8,2.5,3.5,100,-10,5,250,40,5,250,60,1,8,11,0,0.06,4,0.5,50,8,5
30,1,60,FrameTimeStutter,6.000,antimatter,practice,2026-08-31T00:06:27.6306034-04:00,1,158,2.92348,17.0976,2558.43,1440.00,0.000,0.000,6.5442,10.0516,2.0108,Right,0,0,0,0,0.0000,300.000,0,0.000,0,127.500,71.914,4.500,0.0300,0.0000,-10.00,antimatter,60,450;300;200;100;50,2,8,2.5,3.5,100,-10,5,250,40,5,250,60,1,8,11,0,0.06,4,0.5,50,8,5
30,1,60,FrameTimeStutter,6.000,antimatter,practice,2026-08-31T00:06:27.6306034-04:00,1,159,2.94017,16.6851,2558.43,1440.00,0.000,0.000,6.6802,10.0516,2.0108,Right,0,0,0,0,0.0000,300.000,0,0.000,0,127.500,71.914,4.500,0.0300,0.0000,-10.00,antimatter,60,450;300;200;100;50,2,8,2.5,3.5,100,-10,5,250,40,5,250,60,1,8,11,0,0.06,4,0.5,50,8,5
30,1,60,FrameTimeStutter,6.000,antimatter,practice,2026-08-31T00:06:27.6306034-04:00,1,160,2.95699,16.8277,2558.43,1440.00,0.000,0.000,6.8049,10.0516,2.0108,Right,0,0,0,0,0.0000,300.000,0,0.000,0,127.500,71.914,4.500,0.0300,0.0000,-10.00,antimatter,60,450;300;200;100;50,2,8,2.5,3.5,100,-10,5,250,40,5,250,60,1,8,11,0,0.06,4,0.5,50,8,5
30,1,60,FrameTimeStutter,6.000,antimatter,practice,2026-08-31T00:06:27.6306034-04:00,1,161,2.97309,16.0974,2558.43,1440.00,0.000,0.000,6.9129,10.0516,2.0108,Right,0,0,0,0,0.0000,300.000,0,0.000,0,127.500,71.914,4.500,0.0300,0.0000,-10.00,antimatter,60,450;300;200;100;50,2,8,2.5,3.5,100,-10,5,250,40,5,250,60,1,8,11,0,0.06,4,0.5,50,8,5
30,1,60,FrameTimeStutter,6.000,antimatter,practice,2026-08-31T00:06:27.6306034-04:00,1,162,2.99005,16.9527,2558.43,1440.00,0.000,0.000,7.0155,10.0516,2.0108,Right,0,0,0,0,0.0000,300.000,0,0.000,0,127.500,71.914,4.500,0.0300,0.0000,-10.00,antimatter,60,450;300;200;100;50,2,8,2.5,3.5,100,-10,5,250,40,5,250,60,1,8,11,0,0.06,4,0.5,50,8,5
30,1,60,FrameTimeStutter,6.000,antimatter,practice,2026-08-31T00:06:27.6306034-04:00,1,163,3.00689,16.8440,2558.43,1440.00,0.000,0.000,7.1065,10.0516,2.0108,Right,0,0,0,0,0.0000,300.000,0,0.000,0,127.500,71.914,4.500,0.0300,0.0000,-10.00,antimatter,60,450;300;200;100;50,2,8,2.5,3.5,100,-10,5,250,40,5,250,60,1,8,11,0,0.06,4,0.5,50,8,5
30,1,60,FrameTimeStutter,6.000,antimatter,practice,2026-08-31T00:06:27.6306034-04:00,1,164,3.02310,16.2077,2558.43,1440.00,0.000,0.000,7.1845,10.0516,2.0108,Right,0,0,0,0,0.0000,300.000,0,0.000,0,127.500,71.914,4.500,0.0300,0.0000,-10.00,antimatter,60,450;300;200;100;50,2,8,2.5,3.5,100,-10,5,250,40,5,250,60,1,8,11,0,0.06,4,0.5,50,8,5
30,1,60,FrameTimeStutter,6.000,antimatter,practice,2026-08-31T00:06:27.6306034-04:00,1,165,3.03980,16.7019,2558.43,1440.00,0.000,0.000,7.2555,10.0516,2.0108,Right,0,0,0,0,0.0000,300.000,0,0.000,0,127.500,71.914,4.500,0.0300,0.0000,-10.00,antimatter,60,450;300;200;100;50,2,8,2.5,3.5,100,-10,5,250,40,5,250,60,1,8,11,0,0.06,4,0.5,50,8,5
30,1,60,FrameTimeStutter,6.000,antimatter,practice,2026-08-31T00:06:27.6306034-04:00,1,166,3.05708,17.2770,2558.43,1440.00,0.000,0.000,7.3197,10.0516,2.0108,Right,0,0,0,0,0.0000,300.000,0,0.000,0,127.500,71.914,4.500,0.0300,0.0000,-10.00,antimatter,60,450;300;200;100;50,2,8,2.5,3.5,100,-10,5,250,40,5,250,60,1,8,11,0,0.06,4,0.5,50,8,5
30,1,60,FrameTimeStutter,6.000,antimatter,practice,2026-08-31T00:06:27.6306034-04:00,1,167,3.07328,16.2029,2558.43,1440.00,0.000,0.000,7.3718,10.0516,2.0108,Right,0,0,0,0,0.0000,300.000,0,0.000,0,127.500,71.914,4.500,0.0300,0.0000,-10.00,antimatter,60,450;300;200;100;50,2,8,2.5,3.5,100,-10,5,250,40,5,250,60,1,8,11,0,0.06,4,0.5,50,8,5
30,1,60,FrameTimeStutter,6.000,antimatter,practice,2026-08-31T00:06:27.6306034-04:00,1,168,3.09008,16.8036,2558.43,1440.00,0.000,0.000,7.4183,10.0516,2.0108,Right,0,0,0,0,0.0000,300.000,0,0.000,0,127.500,71.914,4.500,0.0300,0.0000,-10.00,antimatter,60,450;300;200;100;50,2,8,2.5,3.5,100,-10,5,250,40,5,250,60,1,8,11,0,0.06,4,0.5,50,8,5
30,1,60,FrameTimeStutter,6.000,antimatter,practice,2026-08-31T00:06:27.6306034-04:00,1,169,3.10689,16.8096,2558.43,1440.00,0.000,0.000,7.4576,10.0516,2.0108,Right,0,0,0,0,0.0000,300.000,0,0.000,0,127.500,71.914,4.500,0.0300,0.0000,-10.00,antimatter,60,450;300;200;100;50,2,8,2.5,3.5,100,-10,5,250,40,5,250,60,1,8,11,0,0.06,4,0.5,50,8,5
30,1,60,FrameTimeStutter,6.000,antimatter,practice,2026-08-31T00:06:27.6306034-04:00,1,170,3.12382,16.9324,2558.43,1440.00,0.000,0.000,7.4905,10.0516,2.0108,Right,0,0,0,0,0.0000,300.000,0,0.000,0,127.500,71.914,4.500,0.0300,0.0000,-10.00,antimatter,60,450;300;200;100;50,2,8,2.5,3.5,100,-10,5,250,40,5,250,60,1,8,11,0,0.06,4,0.5,50,8,5
30,1,60,FrameTimeStutter,6.000,antimatter,practice,2026-08-31T00:06:27.6306034-04:00,1,171,3.13973,15.9093,2558.43,1440.00,0.000,0.000,7.5160,10.0516,2.0108,Right,0,0,0,0,0.0000,300.000,0,0.000,0,127.500,71.914,4.500,0.0300,0.0000,-10.00,antimatter,60,450;300;200;100;50,2,8,2.5,3.5,100,-10,5,250,40,5,250,60,1,8,11,0,0.06,4,0.5,50,8,5
30,1,60,FrameTimeStutter,6.000,antimatter,practice,2026-08-31T00:06:27.6306034-04:00,1,172,3.15685,17.1124,2558.43,1440.00,0.000,0.000,7.5379,10.0516,2.0108,Right,0,0,0,0,0.0000,300.000,0,0.000,0,127.500,71.914,4.500,0.0300,0.0000,-10.00,antimatter,60,450;300;200;100;50,2,8,2.5,3.5,100,-10,5,250,40,5,250,60,1,8,11,0,0.06,4,0.5,50,8,5
30,1,60,FrameTimeStutter,6.000,antimatter,practice,2026-08-31T00:06:27.6306034-04:00,1,173,3.17309,16.2449,2558.43,1440.00,0.000,0.000,7.5542,10.0516,2.0108,Right,0,0,0,0,0.0000,300.000,0,0.000,0,127.500,71.914,4.500,0.0300,0.0000,-10.00,antimatter,60,450;300;200;100;50,2,8,2.5,3.5,100,-10,5,250,40,5,250,60,1,8,11,0,0.06,4,0.5,50,8,5
30,1,60,FrameTimeStutter,6.000,antimatter,practice,2026-08-31T00:06:27.6306034-04:00,1,174,3.19023,17.1383,2558.43,1440.00,0.000,0.000,7.5671,10.0516,2.0108,Right,0,0,0,0,0.0000,300.000,0,0.000,0,127.500,71.914,4.500,0.0300,0.0000,-10.00,antimatter,60,450;300;200;100;50,2,8,2.5,3.5,100,-10,5,250,40,5,250,60,1,8,11,0,0.06,4,0.5,50,8,5
30,1,60,FrameTimeStutter,6.000,antimatter,practice,2026-08-31T00:06:27.6306034-04:00,1,175,3.20638,16.1527,2558.43,1440.00,0.000,0.000,7.5758,10.0516,2.0108,Right,0,0,0,0,0.0000,300.000,0,0.000,0,127.500,71.914,4.500,0.0300,0.0000,-10.00,antimatter,60,450;300;200;100;50,2,8,2.5,3.5,100,-10,5,250,40,5,250,60,1,8,11,0,0.06,4,0.5,50,8,5
30,1,60,FrameTimeStutter,6.000,antimatter,practice,2026-08-31T00:06:27.6306034-04:00,1,176,3.22331,16.9255,2558.43,1440.00,0.000,0.000,7.5820,10.0516,2.0108,Right,0,0,0,0,0.0000,300.000,0,0.000,0,127.500,71.914,4.500,0.0300,0.0000,-10.00,antimatter,60,450;300;200;100;50,2,8,2.5,3.5,100,-10,5,250,40,5,250,60,1,8,11,0,0.06,4,0.5,50,8,5
30,1,60,FrameTimeStutter,6.000,antimatter,practice,2026-08-31T00:06:27.6306034-04:00,1,177,3.23995,16.6455,2558.43,1440.00,0.000,0.000,7.5857,10.0516,2.0108,Right,0,0,0,0,0.0000,300.000,0,0.000,0,127.500,71.914,4.500,0.0300,0.0000,-10.00,antimatter,60,450;300;200;100;50,2,8,2.5,3.5,100,-10,5,250,40,5,250,60,1,8,11,0,0.06,4,0.5,50,8,5
30,1,60,FrameTimeStutter,6.000,antimatter,practice,2026-08-31T00:06:27.6306034-04:00,1,178,3.25685,16.8999,2558.43,1440.00,0.000,0.000,7.5876,10.0516,2.0108,Right,0,0,0,0,0.0000,300.000,0,0.000,0,127.500,71.914,4.500,0.0300,0.0000,-10.00,antimatter,60,450;300;200;100;50,2,8,2.5,3.5,100,-10,5,250,40,5,250,60,1,8,11,0,0.06,4,0.5,50,8,5
30,1,60,FrameTimeStutter,6.000,antimatter,practice,2026-08-31T00:06:27.6306034-04:00,1,179,3.27376,16.9091,2558.43,1440.00,0.000,0.000,7.5883,10.0516,2.0108,Right,0,0,0,0,0.0000,300.000,0,0.000,0,127.500,71.914,4.500,0.0300,0.0000,-10.00,antimatter,60,450;300;200;100;50,2,8,2.5,3.5,100,-10,5,250,40,5,250,60,1,8,11,0,0.06,4,0.5,50,8,5
30,1,60,FrameTimeStutter,6.000,antimatter,practice,2026-08-31T00:06:27.6306034-04:00,1,180,3.28995,16.1867,2558.43,1440.00,0.000,0.000,7.5884,10.0516,2.0108,Right,0,0,0,0,0.0000,300.000,0,0.000,0,127.500,71.914,4.500,0.0300,0.0000,-10.00,antimatter,60,450;300;200;100;50,2,8,2.5,3.5,100,-10,5,250,40,5,250,60,1,8,11,0,0.06,4,0.5,50,8,5
30,1,60,FrameTimeStutter,6.000,antimatter,practice,2026-08-31T00:06:27.6306034-04:00,1,181,3.30719,17.2437,2558.43,1440.00,0.000,0.000,7.5884,10.0516,2.0108,Right,0,0,0,0,0.0000,300.000,0,0.000,0,127.500,71.914,4.500,0.0300,0.0000,-10.00,antimatter,60,450;300;200;100;50,2,8,2.5,3.5,100,-10,5,250,40,5,250,60,1,8,11,0,0.06,4,0.5,50,8,5
30,1,60,FrameTimeStutter,6.000,antimatter,practice,2026-08-31T00:06:27.6306034-04:00,1,182,3.32330,16.1131,2558.43,1440.00,0.000,0.000,7.5884,10.0516,19.1486,Right,0,0,0,0,0.0000,300.000,0,0.000,0,127.500,71.914,4.500,0.0300,0.0000,-10.00,antimatter,60,450;300;200;100;50,2,8,2.5,3.5,100,-10,5,250,40,5,250,60,1,8,11,0,0.06,4,0.5,50,8,5
30,1,60,FrameTimeStutter,6.000,antimatter,practice,2026-08-31T00:06:27.6306034-04:00,1,183,3.33974,16.4306,2558.43,1440.00,0.000,0.000,7.5884,10.0516,19.1486,Left,0,0,0,0,0.0000,300.000,0,0.000,0,127.500,71.914,4.500,0.0300,0.0000,-10.00,antimatter,60,450;300;200;100;50,2,8,2.5,3.5,100,-10,5,250,40,5,250,60,1,8,11,0,0.06,4,0.5,50,8,5
30,1,60,FrameTimeStutter,6.000,antimatter,practice,2026-08-31T00:06:27.6306034-04:00,1,184,3.35717,17.4328,2558.43,1440.00,0.000,0.000,7.5884,10.0516,19.1486,Left,0,0,0,0,0.0000,300.000,0,0.000,0,127.500,71.914,4.500,0.0300,0.0000,-10.00,antimatter,60,450;300;200;100;50,2,8,2.5,3.5,100,-10,5,250,40,5,250,60,1,8,11,0,0.06,4,0.5,50,8,5
30,1,60,FrameTimeStutter,6.000,antimatter,practice,2026-08-31T00:06:27.6306034-04:00,1,185,3.37307,15.9007,2558.43,1440.00,0.000,0.000,7.5884,10.0516,19.1486,Left,0,0,0,0,0.0000,300.000,0,0.000,0,127.500,71.914,4.500,0.0300,0.0000,-10.00,antimatter,60,450;300;200;100;50,2,8,2.5,3.5,100,-10,5,250,40,5,250,60,1,8,11,0,0.06,4,0.5,50,8,5
30,1,60,FrameTimeStutter,6.000,antimatter,practice,2026-08-31T00:06:27.6306034-04:00,1,186,3.38977,16.6999,2558.43,1440.00,0.000,0.000,7.5884,10.0516,19.1486,Left,0,0,0,0,0.0000,300.000,0,0.000,0,127.500,71.914,4.500,0.0300,0.0000,-10.00,antimatter,60,450;300;200;100;50,2,8,2.5,3.5,100,-10,5,250,40,5,250,60,1,8,11,0,0.06,4,0.5,50,8,5
30,1,60,FrameTimeStutter,6.000,antimatter,practice,2026-08-31T00:06:27.6306034-04:00,1,187,3.40639,16.6173,2558.43,1440.00,0.000,0.000,7.5884,10.0516,19.1486,Left,0,0,0,0,0.0000,300.000,0,0.000,0,127.500,71.914,4.500,0.0300,0.0000,-10.00,antimatter,60,450;300;200;100;50,2,8,2.5,3.5,100,-10,5,250,40,5,250,60,1,8,11,0,0.06,4,0.5,50,8,5
30,1,60,FrameTimeStutter,6.000,antimatter,practice,2026-08-31T00:06:27.6306034-04:00,1,188,3.42329,16.9004,2558.43,1440.00,0.000,0.000,7.5884,10.0516,19.1486,Left,0,0,0,0,0.0000,300.000,0,0.000,0,127.500,71.914,4.500,0.0300,0.0000,-10.00,antimatter,60,450;300;200;100;50,2,8,2.5,3.5,100,-10,5,250,40,5,250,60,1,8,11,0,0.06,4,0.5,50,8,5
30,1,60,FrameTimeStutter,6.000,antimatter,practice,2026-08-31T00:06:27.6306034-04:00,1,189,3.44018,16.8927,2558.43,1440.00,0.000,0.000,7.5884,10.0516,19.1486,Left,0,0,0,0,0.0000,300.000,0,0.000,0,127.500,71.914,4.500,0.0300,0.0000,-10.00,antimatter,60,450;300;200;100;50,2,8,2.5,3.5,100,-10,5,250,40,5,250,60,1,8,11,0,0.06,4,0.5,50,8,5
30,1,60,FrameTimeStutter,6.000,antimatter,practice,2026-08-31T00:06:27.6306034-04:00,1,190,3.45742,17.2419,2558.43,1440.00,0.000,0.000,7.5884,10.0516,19.1486,Left,0,0,0,0,0.0000,300.000,0,0.000,0,127.500,71.914,4.500,0.0300,0.0000,-10.00,antimatter,60,450;300;200;100;50,2,8,2.5,3.5,100,-10,5,250,40,5,250,60,1,8,11,0,0.06,4,0.5,50,8,5
30,1,60,FrameTimeStutter,6.000,antimatter,practice,2026-08-31T00:06:27.6306034-04:00,1,191,3.47332,15.8944,2558.43,1440.00,0.000,0.000,7.5884,10.0516,19.1486,Left,0,0,0,0,0.0000,300.000,0,0.000,0,127.500,71.914,4.500,0.0300,0.0000,-10.00,antimatter,60,450;300;200;100;50,2,8,2.5,3.5,100,-10,5,250,40,5,250,60,1,8,11,0,0.06,4,0.5,50,8,5
30,1,60,FrameTimeStutter,6.000,antimatter,practice,2026-08-31T00:06:27.6306034-04:00,1,192,3.49012,16.8035,2558.43,1440.00,0.000,0.000,7.5884,10.0516,19.1486,Left,0,0,0,0,0.0000,300.000,0,0.000,0,127.500,71.914,4.500,0.0300,0.0000,-10.00,antimatter,60,450;300;200;100;50,2,8,2.5,3.5,100,-10,5,250,40,5,250,60,1,8,11,0,0.06,4,0.5,50,8,5
30,1,60,FrameTimeStutter,6.000,antimatter,practice,2026-08-31T00:06:27.6306034-04:00,1,193,3.50640,16.2821,2558.43,1440.00,0.000,0.000,7.5884,10.0516,19.1486,Left,0,0,0,0,0.0000,300.000,0,0.000,0,127.500,71.914,4.500,0.0300,0.0000,-10.00,antimatter,60,450;300;200;100;50,2,8,2.5,3.5,100,-10,5,250,40,5,250,60,1,8,11,0,0.06,4,0.5,50,8,5
30,1,60,FrameTimeStutter,6.000,antimatter,practice,2026-08-31T00:06:27.6306034-04:00,1,194,3.52385,17.4441,2558.43,1440.00,0.000,0.000,7.5884,10.0516,19.1486,Left,0,0,0,0,0.0000,300.000,0,0.000,0,127.500,71.914,4.500,0.0300,0.0000,-10.00,antimatter,60,450;300;200;100;50,2,8,2.5,3.5,100,-10,5,250,40,5,250,60,1,8,11,0,0.06,4,0.5,50,8,5
30,1,60,FrameTimeStutter,6.000,antimatter,practice,2026-08-31T00:06:27.6306034-04:00,1,195,3.53996,16.1131,2558.43,1440.00,0.000,0.000,7.5884,10.0516,19.1486,Left,0,0,0,0,0.0000,300.000,0,0.000,0,127.500,71.914,4.500,0.0300,0.0000,-10.00,antimatter,60,450;300;200;100;50,2,8,2.5,3.5,100,-10,5,250,40,5,250,60,1,8,11,0,0.06,4,0.5,50,8,5
30,1,60,FrameTimeStutter,6.000,antimatter,practice,2026-08-31T00:06:27.6306034-04:00,1,196,3.55646,16.5048,2558.43,1440.00,0.000,0.000,7.5884,10.0516,19.1486,Left,0,0,0,0,0.0000,300.000,0,0.000,0,127.500,71.914,4.500,0.0300,0.0000,-10.00,antimatter,60,450;300;200;100;50,2,8,2.5,3.5,100,-10,5,250,40,5,250,60,1,8,11,0,0.06,4,0.5,50,8,5
30,1,60,FrameTimeStutter,6.000,antimatter,practice,2026-08-31T00:06:27.6306034-04:00,1,197,3.57375,17.2891,2558.43,1440.00,0.000,0.000,7.5884,10.0516,19.1486,Left,0,0,0,0,0.0000,300.000,0,0.000,0,127.500,71.914,4.500,0.0300,0.0000,-10.00,antimatter,60,450;300;200;100;50,2,8,2.5,3.5,100,-10,5,250,40,5,250,60,1,8,11,0,0.06,4,0.5,50,8,5
30,1,60,FrameTimeStutter,6.000,antimatter,practice,2026-08-31T00:06:27.6306034-04:00,1,198,3.59008,16.3276,2558.43,1440.00,0.000,0.000,7.5884,10.0516,19.1486,Left,0,0,0,0,0.0000,300.000,0,0.000,0,127.500,71.914,4.500,0.0300,0.0000,-10.00,antimatter,60,450;300;200;100;50,2,8,2.5,3.5,100,-10,5,250,40,5,250,60,1,8,11,0,0.06,4,0.5,50,8,5
30,1,60,FrameTimeStutter,6.000,antimatter,practice,2026-08-31T00:06:27.6306034-04:00,1,199,3.60692,16.8430,2558.43,1440.00,0.000,0.000,7.5884,10.0516,19.1486,Left,0,0,0,0,0.0000,300.000,0,0.000,0,127.500,71.914,4.500,0.0300,0.0000,-10.00,antimatter,60,450;300;200;100;50,2,8,2.5,3.5,100,-10,5,250,40,5,250,60,1,8,11,0,0.06,4,0.5,50,8,5
30,1,60,FrameTimeStutter,6.000,antimatter,practice,2026-08-31T00:06:27.6306034-04:00,1,200,3.62307,16.1433,2558.43,1440.00,0.000,0.000,7.5884,10.0516,19.1486,Left,0,0,0,0,0.0000,300.000,0,0.000,0,127.500,71.914,4.500,0.0300,0.0000,-10.00,antimatter,60,450;300;200;100;50,2,8,2.5,3.5,100,-10,5,250,40,5,250,60,1,8,11,0,0.06,4,0.5,50,8,5
30,1,60,FrameTimeStutter,6.000,antimatter,practice,2026-08-31T00:06:27.6306034-04:00,1,201,3.64044,17.3767,2558.43,1440.00,0.000,0.000,7.5884,10.0516,19.1486,Left,0,0,0,0,0.0000,300.000,0,0.000,0,127.500,71.914,4.500,0.0300,0.0000,-10.00,antimatter,60,450;300;200;100;50,2,8,2.5,3.5,100,-10,5,250,40,5,250,60,1,8,11,0,0.06,4,0.5,50,8,5
30,1,60,FrameTimeStutter,6.000,antimatter,practice,2026-08-31T00:06:27.6306034-04:00,1,202,3.65658,16.1338,2558.43,1440.00,0.000,0.000,7.5884,10.0516,19.1486,Left,0,0,0,0,0.0000,300.000,0,0.000,0,127.500,71.914,4.500,0.0300,0.0000,-10.00,antimatter,60,450;300;200;100;50,2,8,2.5,3.5,100,-10,5,250,40,5,250,60,1,8,11,0,0.06,4,0.5,50,8,5
30,1,60,FrameTimeStutter,6.000,antimatter,practice,2026-08-31T00:06:27.6306034-04:00,1,203,3.67317,16.5953,2558.43,1440.00,0.000,0.000,7.5884,10.0516,19.1486,Left,0,0,0,0,0.0000,300.000,0,0.000,0,127.500,71.914,4.500,0.0300,0.0000,-10.00,antimatter,60,450;300;200;100;50,2,8,2.5,3.5,100,-10,5,250,40,5,250,60,1,8,11,0,0.06,4,0.5,50,8,5
30,1,60,FrameTimeStutter,6.000,antimatter,practice,2026-08-31T00:06:27.6306034-04:00,1,204,3.69040,17.2295,2558.43,1440.00,0.000,0.000,7.5884,10.0516,19.1486,Left,0,0,0,0,0.0000,300.000,0,0.000,0,127.500,71.914,4.500,0.0300,0.0000,-10.00,antimatter,60,450;300;200;100;50,2,8,2.5,3.5,100,-10,5,250,40,5,250,60,1,8,11,0,0.06,4,0.5,50,8,5
30,1,60,FrameTimeStutter,6.000,antimatter,practice,2026-08-31T00:06:27.6306034-04:00,1,205,3.70707,16.6707,2558.43,1440.00,0.000,0.000,7.5884,10.0516,19.1486,Left,0,0,0,0,0.0000,300.000,0,0.000,0,127.500,71.914,4.500,0.0300,0.0000,-10.00,antimatter,60,450;300;200;100;50,2,8,2.5,3.5,100,-10,5,250,40,5,250,60,1,8,11,0,0.06,4,0.5,50,8,5
30,1,60,FrameTimeStutter,6.000,antimatter,practice,2026-08-31T00:06:27.6306034-04:00,1,206,3.72352,16.4519,2558.43,1440.00,0.000,0.000,7.5884,10.0516,19.1486,Left,0,0,0,0,0.0000,300.000,0,0.000,0,127.500,71.914,4.500,0.0300,0.0000,-10.00,antimatter,60,450;300;200;100;50,2,8,2.5,3.5,100,-10,5,250,40,5,250,60,1,8,11,0,0.06,4,0.5,50,8,5
30,1,60,FrameTimeStutter,6.000,antimatter,practice,2026-08-31T00:06:27.6306034-04:00,1,207,3.74020,16.6796,2558.43,1440.00,0.000,0.000,7.5884,10.0516,19.1486,Left,0,0,0,0,0.0000,300.000,0,0.000,0,127.500,71.914,4.500,0.0300,0.0000,-10.00,antimatter,60,450;300;200;100;50,2,8,2.5,3.5,100,-10,5,250,40,5,250,60,1,8,11,0,0.06,4,0.5,50,8,5
30,1,60,FrameTimeStutter,6.000,antimatter,practice,2026-08-31T00:06:27.6306034-04:00,1,208,3.75716,16.9596,2558.43,1440.00,0.000,0.000,7.5884,10.0516,19.1486,Left,0,0,0,0,0.0000,300.000,0,0.000,0,127.500,71.914,4.500,0.0300,0.0000,-10.00,antimatter,60,450;300;200;100;50,2,8,2.5,3.5,100,-10,5,250,40,5,250,60,1,8,11,0,0.06,4,0.5,50,8,5
30,1,60,FrameTimeStutter,6.000,antimatter,practice,2026-08-31T00:06:27.6306034-04:00,1,209,3.77350,16.3364,2558.43,1440.00,0.000,0.000,7.5884,10.0516,19.1486,Left,0,0,0,0,0.0000,300.000,0,0.000,0,127.500,71.914,4.500,0.0300,0.0000,-10.00,antimatter,60,450;300;200;100;50,2,8,2.5,3.5,100,-10,5,250,40,5,250,60,1,8,11,0,0.06,4,0.5,50,8,5
30,1,60,FrameTimeStutter,6.000,antimatter,practice,2026-08-31T00:06:27.6306034-04:00,1,210,3.79066,17.1590,2558.43,1440.00,0.000,0.000,7.5884,10.0516,19.1486,Left,0,0,0,0,0.0000,300.000,0,0.000,0,127.500,71.914,4.500,0.0300,0.0000,-10.00,antimatter,60,450;300;200;100;50,2,8,2.5,3.5,100,-10,5,250,40,5,250,60,1,8,11,0,0.06,4,0.5,50,8,5
30,1,60,FrameTimeStutter,6.000,antimatter,practice,2026-08-31T00:06:27.6306034-04:00,1,211,3.80701,16.3522,2558.43,1440.00,0.000,0.000,7.5884,10.0516,19.1486,Left,0,0,0,0,0.0000,300.000,0,0.000,0,127.500,71.914,4.500,0.0300,0.0000,-10.00,antimatter,60,450;300;200;100;50,2,8,2.5,3.5,100,-10,5,250,40,5,250,60,1,8,11,0,0.06,4,0.5,50,8,5
30,1,60,FrameTimeStutter,6.000,antimatter,practice,2026-08-31T00:06:27.6306034-04:00,1,212,3.82316,16.1493,2558.43,1440.00,0.000,0.000,7.5884,10.0516,19.1486,Left,0,0,0,0,0.0000,300.000,0,0.000,0,127.500,71.914,4.500,0.0300,0.0000,-10.00,antimatter,60,450;300;200;100;50,2,8,2.5,3.5,100,-10,5,250,40,5,250,60,1,8,11,0,0.06,4,0.5,50,8,5
30,1,60,FrameTimeStutter,6.000,antimatter,practice,2026-08-31T00:06:27.6306034-04:00,1,213,3.83980,16.6417,2558.43,1440.00,0.000,0.000,7.5884,10.0516,19.1486,Left,0,0,0,0,0.0000,300.000,0,0.000,0,127.500,71.914,4.500,0.0300,0.0000,-10.00,antimatter,60,450;300;200;100;50,2,8,2.5,3.5,100,-10,5,250,40,5,250,60,1,8,11,0,0.06,4,0.5,50,8,5
30,1,60,FrameTimeStutter,6.000,antimatter,practice,2026-08-31T00:06:27.6306034-04:00,1,214,3.85658,16.7779,2558.43,1440.00,0.000,0.000,7.5884,10.0516,19.1486,Left,0,0,0,0,0.0000,300.000,0,0.000,0,127.500,71.914,4.500,0.0300,0.0000,-10.00,antimatter,60,450;300;200;100;50,2,8,2.5,3.5,100,-10,5,250,40,5,250,60,1,8,11,0,0.06,4,0.5,50,8,5
30,1,60,FrameTimeStutter,6.000,antimatter,practice,2026-08-31T00:06:27.6306034-04:00,1,215,3.87382,17.2406,2558.43,1440.00,0.000,0.000,7.5884,10.0516,19.1486,Left,0,0,0,0,0.0000,300.000,0,0.000,0,127.500,71.914,4.500,0.0300,0.0000,-10.00,antimatter,60,450;300;200;100;50,2,8,2.5,3.5,100,-10,5,250,40,5,250,60,1,8,11,0,0.06,4,0.5,50,8,5
30,1,60,FrameTimeStutter,6.000,antimatter,practice,2026-08-31T00:06:27.6306034-04:00,1,216,3.88987,16.0549,2558.43,1440.00,0.000,0.000,7.5884,10.0516,19.1486,Left,0,0,0,0,0.0000,300.000,0,0.000,0,127.500,71.914,4.500,0.0300,0.0000,-10.00,antimatter,60,450;300;200;100;50,2,8,2.5,3.5,100,-10,5,250,40,5,250,60,1,8,11,0,0.06,4,0.5,50,8,5
30,1,60,FrameTimeStutter,6.000,antimatter,practice,2026-08-31T00:06:27.6306034-04:00,1,217,3.90634,16.4665,2558.43,1440.00,0.000,0.000,7.5884,10.0516,19.1486,Left,0,0,0,0,0.0000,300.000,0,0.000,0,127.500,71.914,4.500,0.0300,0.0000,-10.00,antimatter,60,450;300;200;100;50,2,8,2.5,3.5,100,-10,5,250,40,5,250,60,1,8,11,0,0.06,4,0.5,50,8,5
30,1,60,FrameTimeStutter,6.000,antimatter,practice,2026-08-31T00:06:27.6306034-04:00,1,218,3.92301,16.6723,2558.43,1440.00,0.000,0.000,7.5884,10.0516,19.1486,Left,0,0,0,0,0.0000,300.000,0,0.000,0,127.500,71.914,4.500,0.0300,0.0000,-10.00,antimatter,60,450;300;200;100;50,2,8,2.5,3.5,100,-10,5,250,40,5,250,60,1,8,11,0,0.06,4,0.5,50,8,5
30,1,60,FrameTimeStutter,6.000,antimatter,practice,2026-08-31T00:06:27.6306034-04:00,1,219,3.93979,16.7721,2558.43,1440.00,0.000,0.000,7.5884,10.0516,19.1486,Left,0,0,0,0,0.0000,300.000,0,0.000,0,127.500,71.914,4.500,0.0300,0.0000,-10.00,antimatter,60,450;300;200;100;50,2,8,2.5,3.5,100,-10,5,250,40,5,250,60,1,8,11,0,0.06,4,0.5,50,8,5
30,1,60,FrameTimeStutter,6.000,antimatter,practice,2026-08-31T00:06:27.6306034-04:00,1,220,3.95756,17.7717,2558.43,1440.00,0.000,0.000,7.5884,10.0516,19.1486,Left,0,0,0,0,0.0000,300.000,0,0.000,0,127.500,71.914,4.500,0.0300,0.0000,-10.00,antimatter,60,450;300;200;100;50,2,8,2.5,3.5,100,-10,5,250,40,5,250,60,1,8,11,0,0.06,4,0.5,50,8,5
30,1,60,FrameTimeStutter,6.000,antimatter,practice,2026-08-31T00:06:27.6306034-04:00,1,221,3.97378,16.2214,2558.43,1440.00,0.000,0.000,7.5884,10.0516,19.1486,Left,0,0,0,0,0.0000,300.000,0,0.000,0,127.500,71.914,4.500,0.0300,0.0000,-10.00,antimatter,60,450;300;200;100;50,2,8,2.5,3.5,100,-10,5,250,40,5,250,60,1,8,11,0,0.06,4,0.5,50,8,5
30,1,60,FrameTimeStutter,6.000,antimatter,practice,2026-08-31T00:06:27.6306034-04:00,1,222,3.99025,16.4702,2558.43,1440.00,0.000,0.000,7.5884,10.0516,19.1486,Left,0,0,0,0,0.0000,300.000,0,0.000,0,127.500,71.914,4.500,0.0300,0.0000,-10.00,antimatter,60,450;300;200;100;50,2,8,2.5,3.5,100,-10,5,250,40,5,250,60,1,8,11,0,0.06,4,0.5,50,8,5
30,1,60,FrameTimeStutter,6.000,antimatter,practice,2026-08-31T00:06:27.6306034-04:00,1,223,4.00642,16.1673,2558.43,1440.00,0.000,0.000,7.5884,10.0516,19.1486,Left,0,0,0,0,0.0000,300.000,0,0.000,0,127.500,71.914,4.500,0.0300,0.0000,-10.00,antimatter,60,450;300;200;100;50,2,8,2.5,3.5,100,-10,5,250,40,5,250,60,1,8,11,0,0.06,4,0.5,50,8,5
30,1,60,FrameTimeStutter,6.000,antimatter,practice,2026-08-31T00:06:27.6306034-04:00,1,224,4.02369,17.2763,2558.43,1440.00,0.000,0.000,7.5884,10.0516,19.1486,Left,0,0,0,0,0.0000,300.000,0,0.000,0,127.500,71.914,4.500,0.0300,0.0000,-10.00,antimatter,60,450;300;200;100;50,2,8,2.5,3.5,100,-10,5,250,40,5,250,60,1,8,11,0,0.06,4,0.5,50,8,5
30,1,60,FrameTimeStutter,6.000,antimatter,practice,2026-08-31T00:06:27.6306034-04:00,1,225,4.03987,16.1717,2558.43,1440.00,0.000,0.000,7.5884,10.0516,19.1486,Left,0,0,0,0,0.0000,300.000,0,0.000,0,127.500,71.914,4.500,0.0300,0.0000,-10.00,antimatter,60,450;300;200;100;50,2,8,2.5,3.5,100,-10,5,250,40,5,250,60,1,8,11,0,0.06,4,0.5,50,8,5
30,1,60,FrameTimeStutter,6.000,antimatter,practice,2026-08-31T00:06:27.6306034-04:00,1,226,4.05643,16.5615,2558.43,1440.00,0.000,0.000,7.5884,10.0516,19.1486,Left,0,0,0,0,0.0000,300.000,0,0.000,0,127.500,71.914,4.500,0.0300,0.0000,-10.00,antimatter,60,450;300;200;100;50,2,8,2.5,3.5,100,-10,5,250,40,5,250,60,1,8,11,0,0.06,4,0.5,50,8,5
30,1,60,FrameTimeStutter,6.000,antimatter,practice,2026-08-31T00:06:27.6306034-04:00,1,227,4.07365,17.2277,2558.43,1440.00,0.000,0.000,7.5884,10.0516,19.1486,Left,0,0,0,0,0.0000,300.000,0,0.000,0,127.500,71.914,4.500,0.0300,0.0000,-10.00,antimatter,60,450;300;200;100;50,2,8,2.5,3.5,100,-10,5,250,40,5,250,60,1,8,11,0,0.06,4,0.5,50,8,5
30,1,60,FrameTimeStutter,6.000,antimatter,practice,2026-08-31T00:06:27.6306034-04:00,1,228,4.08986,16.2030,2558.43,1440.00,0.000,0.000,7.5884,10.0516,19.1486,Left,0,0,0,0,0.0000,300.000,0,0.000,0,127.500,71.914,4.500,0.0300,0.0000,-10.00,antimatter,60,450;300;200;100;50,2,8,2.5,3.5,100,-10,5,250,40,5,250,60,1,8,11,0,0.06,4,0.5,50,8,5
30,1,60,FrameTimeStutter,6.000,antimatter,practice,2026-08-31T00:06:27.6306034-04:00,1,229,4.10635,16.4914,2558.43,1440.00,0.000,0.000,7.5884,10.0516,19.1486,Left,0,0,0,0,0.0000,300.000,0,0.000,0,127.500,71.914,4.500,0.0300,0.0000,-10.00,antimatter,60,450;300;200;100;50,2,8,2.5,3.5,100,-10,5,250,40,5,250,60,1,8,11,0,0.06,4,0.5,50,8,5
30,1,60,FrameTimeStutter,6.000,antimatter,practice,2026-08-31T00:06:27.6306034-04:00,1,230,4.12313,16.7827,2558.43,1440.00,0.000,0.000,7.5884,10.0516,19.1486,Left,0,0,0,0,0.0000,300.000,0,0.000,0,127.500,71.914,4.500,0.0300,0.0000,-10.00,antimatter,60,450;300;200;100;50,2,8,2.5,3.5,100,-10,5,250,40,5,250,60,1,8,11,0,0.06,4,0.5,50,8,5
30,1,60,FrameTimeStutter,6.000,antimatter,practice,2026-08-31T00:06:27.6306034-04:00,1,231,4.13974,16.6056,2558.43,1440.00,0.000,0.000,7.5884,10.0516,19.1486,Left,0,0,0,0,0.0000,300.000,0,0.000,0,127.500,71.914,4.500,0.0300,0.0000,-10.00,antimatter,60,450;300;200;100;50,2,8,2.5,3.5,100,-10,5,250,40,5,250,60,1,8,11,0,0.06,4,0.5,50,8,5
30,1,60,FrameTimeStutter,6.000,antimatter,practice,2026-08-31T00:06:27.6306034-04:00,1,232,4.15705,17.3104,2558.43,1440.00,0.000,0.000,7.5884,10.0516,19.1486,Left,0,0,0,0,0.0000,300.000,0,0.000,0,127.500,71.914,4.500,0.0300,0.0000,-10.00,antimatter,60,450;300;200;100;50,2,8,2.5,3.5,100,-10,5,250,40,5,250,60,1,8,11,0,0.06,4,0.5,50,8,5
30,1,60,FrameTimeStutter,6.000,antimatter,practice,2026-08-31T00:06:27.6306034-04:00,1,233,4.17341,16.3637,2558.43,1440.00,0.000,0.000,7.5884,10.0516,19.1486,Left,0,0,0,0,0.0000,300.000,0,0.000,0,127.500,71.914,4.500,0.0300,0.0000,-10.00,antimatter,60,450;300;200;100;50,2,8,2.5,3.5,100,-10,5,250,40,5,250,60,1,8,11,0,0.06,4,0.5,50,8,5
30,1,60,FrameTimeStutter,6.000,antimatter,practice,2026-08-31T00:06:27.6306034-04:00,2,234,4.19048,17.0643,2558.43,1440.00,0.000,0.000,7.5884,10.0516,19.1486,Left,1,1,0,1,7.5884,200.000,0,0.000,0,127.500,71.914,4.500,0.0300,0.0000,-20.00,antimatter,60,450;300;200;100;50,2,8,2.5,3.5,100,-10,5,250,40,5,250,60,1,8,11,0,0.06,4,0.5,50,8,5
30,1,60,FrameTimeStutter,6.000,antimatter,practice,2026-08-31T00:06:27.6306034-04:00,2,235,4.20702,16.5492,2558.43,1440.00,0.000,0.000,7.5884,10.0516,19.1486,Left,1,0,0,0,0.0000,200.000,0,0.000,0,127.500,71.914,4.500,0.0300,0.0000,-20.00,antimatter,60,450;300;200;100;50,2,8,2.5,3.5,100,-10,5,250,40,5,250,60,1,8,11,0,0.06,4,0.5,50,8,5
30,1,60,FrameTimeStutter,6.000,antimatter,practice,2026-08-31T00:06:27.6306034-04:00,2,236,4.22312,16.0911,2558.43,1440.00,0.000,0.000,7.5884,10.0516,19.1486,Left,1,0,0,0,0.0000,200.000,0,0.000,0,127.500,71.914,4.500,0.0300,0.0000,-20.00,antimatter,60,450;300;200;100;50,2,8,2.5,3.5,100,-10,5,250,40,5,250,60,1,8,11,0,0.06,4,0.5,50,8,5
30,1,60,FrameTimeStutter,6.000,antimatter,practice,2026-08-31T00:06:27.6306034-04:00,2,237,4.24000,16.8824,2558.43,1440.00,0.000,0.000,7.5884,10.0516,19.1486,Left,1,0,0,0,0.0000,200.000,0,0.000,0,127.500,71.914,4.500,0.0300,0.0000,-20.00,antimatter,60,450;300;200;100;50,2,8,2.5,3.5,100,-10,5,250,40,5,250,60,1,8,11,0,0.06,4,0.5,50,8,5
30,1,60,FrameTimeStutter,6.000,antimatter,practice,2026-08-31T00:06:27.6306034-04:00,2,238,4.25643,16.4302,2558.43,1440.00,0.000,0.000,7.5884,10.0516,19.1486,Left,1,0,0,0,0.0000,200.000,0,0.000,0,127.500,71.914,4.500,0.0300,0.0000,-20.00,antimatter,60,450;300;200;100;50,2,8,2.5,3.5,100,-10,5,250,40,5,250,60,1,8,11,0,0.06,4,0.5,50,8,5
30,1,60,FrameTimeStutter,6.000,antimatter,practice,2026-08-31T00:06:27.6306034-04:00,2,239,4.27363,17.1988,2558.43,1440.00,0.000,0.000,7.5884,10.0516,19.1486,Left,1,0,0,0,0.0000,200.000,0,0.000,0,127.500,71.914,4.500,0.0300,0.0000,-20.00,antimatter,60,450;300;200;100;50,2,8,2.5,3.5,100,-10,5,250,40,5,250,60,1,8,11,0,0.06,4,0.5,50,8,5
30,1,60,FrameTimeStutter,6.000,antimatter,practice,2026-08-31T00:06:27.6306034-04:00,2,240,4.28985,16.2247,2558.43,1440.00,0.000,0.000,7.5884,10.0516,19.1486,Left,1,0,0,0,0.0000,200.000,0,0.000,0,127.500,71.914,4.500,0.0300,0.0000,-20.00,antimatter,60,450;300;200;100;50,2,8,2.5,3.5,100,-10,5,250,40,5,250,60,1,8,11,0,0.06,4,0.5,50,8,5
30,1,60,FrameTimeStutter,6.000,antimatter,practice,2026-08-31T00:06:27.6306034-04:00,2,241,4.30721,17.3571,2558.43,1440.00,0.000,0.000,7.5884,10.0516,19.1486,Left,0,0,0,0,0.0000,200.000,0,0.000,0,127.500,71.914,4.500,0.0300,0.0000,-20.00,antimatter,60,450;300;200;100;50,2,8,2.5,3.5,100,-10,5,250,40,5,250,60,1,8,11,0,0.06,4,0.5,50,8,5
30,1,60,FrameTimeStutter,6.000,antimatter,practice,2026-08-31T00:06:27.6306034-04:00,2,242,4.32357,16.3594,2558.43,1440.00,0.000,0.000,7.5884,10.0516,19.1486,Left,0,0,0,0,0.0000,200.000,0,0.000,0,127.500,71.914,4.500,0.0300,0.0000,-20.00,antimatter,60,450;300;200;100;50,2,8,2.5,3.5,100,-10,5,250,40,5,250,60,1,8,11,0,0.06,4,0.5,50,8,5
30,1,60,FrameTimeStutter,6.000,antimatter,practice,2026-08-31T00:06:27.6306034-04:00,2,243,4.34049,16.9247,2558.43,1440.00,0.000,0.000,7.5884,10.0516,19.1486,Left,0,0,0,0,0.0000,200.000,0,0.000,0,127.500,71.914,4.500,0.0300,0.0000,-20.00,antimatter,60,450;300;200;100;50,2,8,2.5,3.5,100,-10,5,250,40,5,250,60,1,8,11,0,0.06,4,0.5,50,8,5
30,1,60,FrameTimeStutter,6.000,antimatter,practice,2026-08-31T00:06:27.6306034-04:00,2,244,4.35714,16.6441,2558.43,1440.00,0.000,0.000,7.5884,10.0516,19.1486,Left,0,0,0,0,0.0000,200.000,0,0.000,0,127.500,71.914,4.500,0.0300,0.0000,-20.00,antimatter,60,450;300;200;100;50,2,8,2.5,3.5,100,-10,5,250,40,5,250,60,1,8,11,0,0.06,4,0.5,50,8,5
30,1,60,FrameTimeStutter,6.000,antimatter,practice,2026-08-31T00:06:27.6306034-04:00,2,245,4.37348,16.3411,2558.43,1440.00,0.000,0.000,7.5884,10.0516,19.1486,Left,0,0,0,0,0.0000,200.000,0,0.000,0,127.500,71.914,4.500,0.0300,0.0000,-20.00,antimatter,60,450;300;200;100;50,2,8,2.5,3.5,100,-10,5,250,40,5,250,60,1,8,11,0,0.06,4,0.5,50,8,5
30,1,60,FrameTimeStutter,6.000,antimatter,practice,2026-08-31T00:06:27.6306034-04:00,2,246,4.39000,16.5231,2558.43,1440.00,0.000,0.000,7.5884,10.0516,19.1486,Left,0,0,0,0,0.0000,200.000,0,0.000,0,127.500,71.914,4.500,0.0300,0.0000,-20.00,antimatter,60,450;300;200;100;50,2,8,2.5,3.5,100,-10,5,250,40,5,250,60,1,8,11,0,0.06,4,0.5,50,8,5
30,1,60,FrameTimeStutter,6.000,antimatter,practice,2026-08-31T00:06:27.6306034-04:00,2,247,4.40715,17.1465,2558.43,1440.00,0.000,0.000,7.5884,10.0516,19.1486,Left,0,0,0,0,0.0000,200.000,0,0.000,0,127.500,71.914,4.500,0.0300,0.0000,-20.00,antimatter,60,450;300;200;100;50,2,8,2.5,3.5,100,-10,5,250,40,5,250,60,1,8,11,0,0.06,4,0.5,50,8,5
30,1,60,FrameTimeStutter,6.000,antimatter,practice,2026-08-31T00:06:27.6306034-04:00,2,248,4.42344,16.2893,2558.43,1440.00,0.000,0.000,7.5884,10.0516,19.1486,Left,0,0,0,0,0.0000,200.000,0,0.000,0,127.500,71.914,4.500,0.0300,0.0000,-20.00,antimatter,60,450;300;200;100;50,2,8,2.5,3.5,100,-10,5,250,40,5,250,60,1,8,11,0,0.06,4,0.5,50,8,5
30,1,60,FrameTimeStutter,6.000,antimatter,practice,2026-08-31T00:06:27.6306034-04:00,2,249,4.44023,16.7913,2558.43,1440.00,0.000,0.000,7.5884,10.0516,19.1486,Left,0,0,0,0,0.0000,200.000,0,0.000,0,127.500,71.914,4.500,0.0300,0.0000,-20.00,antimatter,60,450;300;200;100;50,2,8,2.5,3.5,100,-10,5,250,40,5,250,60,1,8,11,0,0.06,4,0.5,50,8,5
30,1,60,FrameTimeStutter,6.000,antimatter,practice,2026-08-31T00:06:27.6306034-04:00,2,250,4.45683,16.6025,2558.43,1440.00,0.000,0.000,7.5884,10.0516,19.1486,Left,0,0,0,0,0.0000,200.000,0,0.000,0,127.500,71.914,4.500,0.0300,0.0000,-20.00,antimatter,60,450;300;200;100;50,2,8,2.5,3.5,100,-10,5,250,40,5,250,60,1,8,11,0,0.06,4,0.5,50,8,5
30,1,60,FrameTimeStutter,6.000,antimatter,practice,2026-08-31T00:06:27.6306034-04:00,2,251,4.47392,17.0901,2558.43,1440.00,0.000,0.000,7.5884,10.0516,19.1486,Left,0,0,0,0,0.0000,200.000,0,0.000,0,127.500,71.914,4.500,0.0300,0.0000,-20.00,antimatter,60,450;300;200;100;50,2,8,2.5,3.5,100,-10,5,250,40,5,250,60,1,8,11,0,0.06,4,0.5,50,8,5
30,1,60,FrameTimeStutter,6.000,antimatter,practice,2026-08-31T00:06:27.6306034-04:00,2,252,4.49038,16.4587,2558.43,1440.00,0.000,0.000,7.5884,10.0516,19.1486,Left,0,0,0,0,0.0000,200.000,0,0.000,0,127.500,71.914,4.500,0.0300,0.0000,-20.00,antimatter,60,450;300;200;100;50,2,8,2.5,3.5,100,-10,5,250,40,5,250,60,1,8,11,0,0.06,4,0.5,50,8,5
30,1,60,FrameTimeStutter,6.000,antimatter,practice,2026-08-31T00:06:27.6306034-04:00,2,253,4.50643,16.0479,2558.43,1440.00,0.000,0.000,7.5884,10.0516,19.1486,Left,0,0,0,0,0.0000,200.000,0,0.000,0,127.500,71.914,4.500,0.0300,0.0000,-20.00,antimatter,60,450;300;200;100;50,2,8,2.5,3.5,100,-10,5,250,40,5,250,60,1,8,11,0,0.06,4,0.5,50,8,5
30,1,60,FrameTimeStutter,6.000,antimatter,practice,2026-08-31T00:06:27.6306034-04:00,2,254,4.52308,16.6486,2558.43,1440.00,0.000,0.000,7.5884,10.0516,19.1486,Left,0,0,0,0,0.0000,200.000,0,0.000,0,127.500,71.914,4.500,0.0300,0.0000,-20.00,antimatter,60,450;300;200;100;50,2,8,2.5,3.5,100,-10,5,250,40,5,250,60,1,8,11,0,0.06,4,0.5,50,8,5
30,1,60,FrameTimeStutter,6.000,antimatter,practice,2026-08-31T00:06:27.6306034-04:00,2,255,4.54019,17.1161,2558.43,1440.00,0.000,0.000,7.5884,10.0516,19.1486,Left,0,0,0,0,0.0000,200.000,0,0.000,0,127.500,71.914,4.500,0.0300,0.0000,-20.00,antimatter,60,450;300;200;100;50,2,8,2.5,3.5,100,-10,5,250,40,5,250,60,1,8,11,0,0.06,4,0.5,50,8,5
30,1,60,FrameTimeStutter,6.000,antimatter,practice,2026-08-31T00:06:27.6306034-04:00,2,256,4.55689,16.6960,2558.43,1440.00,0.000,0.000,7.5884,10.0516,19.1486,Left,0,0,0,0,0.0000,200.000,0,0.000,0,127.500,71.914,4.500,0.0300,0.0000,-20.00,antimatter,60,450;300;200;100;50,2,8,2.5,3.5,100,-10,5,250,40,5,250,60,1,8,11,0,0.06,4,0.5,50,8,5
30,1,60,FrameTimeStutter,6.000,antimatter,practice,2026-08-31T00:06:27.6306034-04:00,2,257,4.57367,16.7810,2558.43,1440.00,0.000,0.000,7.5884,10.0516,19.1486,Left,0,0,0,0,0.0000,200.000,0,0.000,0,127.500,71.914,4.500,0.0300,0.0000,-20.00,antimatter,60,450;300;200;100;50,2,8,2.5,3.5,100,-10,5,250,40,5,250,60,1,8,11,0,0.06,4,0.5,50,8,5
30,1,60,FrameTimeStutter,6.000,antimatter,practice,2026-08-31T00:06:27.6306034-04:00,2,258,4.59022,16.5514,2558.43,1440.00,0.000,0.000,7.5884,10.0516,19.1486,Left,0,0,0,0,0.0000,200.000,0,0.000,0,127.500,71.914,4.500,0.0300,0.0000,-20.00,antimatter,60,450;300;200;100;50,2,8,2.5,3.5,100,-10,5,250,40,5,250,60,1,8,11,0,0.06,4,0.5,50,8,5
30,1,60,FrameTimeStutter,6.000,antimatter,practice,2026-08-31T00:06:27.6306034-04:00,2,259,4.60688,16.6595,2558.43,1440.00,0.000,0.000,7.5884,10.0516,19.1486,Left,0,0,0,0,0.0000,200.000,0,0.000,0,127.500,71.914,4.500,0.0300,0.0000,-20.00,antimatter,60,450;300;200;100;50,2,8,2.5,3.5,100,-10,5,250,40,5,250,60,1,8,11,0,0.06,4,0.5,50,8,5
30,1,60,FrameTimeStutter,6.000,antimatter,practice,2026-08-31T00:06:27.6306034-04:00,2,260,4.62308,16.2006,2558.43,1440.00,0.000,0.000,7.5884,10.0516,19.1486,Left,0,0,0,0,0.0000,200.000,0,0.000,0,127.500,71.914,4.500,0.0300,0.0000,-20.00,antimatter,60,450;300;200;100;50,2,8,2.5,3.5,100,-10,5,250,40,5,250,60,1,8,11,0,0.06,4,0.5,50,8,5
30,1,60,FrameTimeStutter,6.000,antimatter,practice,2026-08-31T00:06:27.6306034-04:00,2,261,4.63973,16.6513,2558.43,1440.00,0.000,0.000,7.5884,10.0516,19.1486,Left,0,0,0,0,0.0000,200.000,0,0.000,0,127.500,71.914,4.500,0.0300,0.0000,-20.00,antimatter,60,450;300;200;100;50,2,8,2.5,3.5,100,-10,5,250,40,5,250,60,1,8,11,0,0.06,4,0.5,50,8,5
30,1,60,FrameTimeStutter,6.000,antimatter,practice,2026-08-31T00:06:27.6306034-04:00,2,262,4.65684,17.1037,2558.43,1440.00,0.000,0.000,7.5884,10.0516,19.1486,Left,0,0,0,0,0.0000,200.000,0,0.000,0,127.500,71.914,4.500,0.0300,0.0000,-20.00,antimatter,60,450;300;200;100;50,2,8,2.5,3.5,100,-10,5,250,40,5,250,60,1,8,11,0,0.06,4,0.5,50,8,5
30,1,60,FrameTimeStutter,6.000,antimatter,practice,2026-08-31T00:06:27.6306034-04:00,2,263,4.67336,16.5273,2558.43,1440.00,0.000,0.000,7.5884,10.0516,19.1486,Left,0,0,0,0,0.0000,200.000,0,0.000,0,127.500,71.914,4.500,0.0300,0.0000,-20.00,antimatter,60,450;300;200;100;50,2,8,2.5,3.5,100,-10,5,250,40,5,250,60,1,8,11,0,0.06,4,0.5,50,8,5
30,1,60,FrameTimeStutter,6.000,antimatter,practice,2026-08-31T00:06:27.6306034-04:00,2,264,4.68989,16.5253,2558.43,1440.00,0.000,0.000,7.5884,10.0516,19.1486,Left,0,0,0,0,0.0000,200.000,0,0.000,0,127.500,71.914,4.500,0.0300,0.0000,-20.00,antimatter,60,450;300;200;100;50,2,8,2.5,3.5,100,-10,5,250,40,5,250,60,1,8,11,0,0.06,4,0.5,50,8,5
30,1,60,FrameTimeStutter,6.000,antimatter,practice,2026-08-31T00:06:27.6306034-04:00,2,265,4.70704,17.1515,2558.43,1440.00,0.000,0.000,7.5884,10.0516,19.1486,Left,0,0,0,0,0.0000,200.000,0,0.000,0,127.500,71.914,4.500,0.0300,0.0000,-20.00,antimatter,60,450;300;200;100;50,2,8,2.5,3.5,100,-10,5,250,40,5,250,60,1,8,11,0,0.06,4,0.5,50,8,5
30,1,60,FrameTimeStutter,6.000,antimatter,practice,2026-08-31T00:06:27.6306034-04:00,2,266,4.72359,16.5484,2558.43,1440.00,0.000,0.000,7.5884,10.0516,19.1486,Left,0,0,0,0,0.0000,200.000,0,0.000,0,127.500,71.914,4.500,0.0300,0.0000,-20.00,antimatter,60,450;300;200;100;50,2,8,2.5,3.5,100,-10,5,250,40,5,250,60,1,8,11,0,0.06,4,0.5,50,8,5
30,1,60,FrameTimeStutter,6.000,antimatter,practice,2026-08-31T00:06:27.6306034-04:00,2,267,4.74004,16.4563,2558.43,1440.00,0.000,0.000,7.5884,10.0516,19.1486,Left,0,0,0,0,0.0000,200.000,0,0.000,0,127.500,71.914,4.500,0.0300,0.0000,-20.00,antimatter,60,450;300;200;100;50,2,8,2.5,3.5,100,-10,5,250,40,5,250,60,1,8,11,0,0.06,4,0.5,50,8,5
30,1,60,FrameTimeStutter,6.000,antimatter,practice,2026-08-31T00:06:27.6306034-04:00,2,268,4.75710,17.0512,2558.43,1440.00,0.000,0.000,7.5884,10.0516,19.1486,Left,0,0,0,0,0.0000,200.000,0,0.000,0,127.500,71.914,4.500,0.0300,0.0000,-20.00,antimatter,60,450;300;200;100;50,2,8,2.5,3.5,100,-10,5,250,40,5,250,60,1,8,11,0,0.06,4,0.5,50,8,5
30,1,60,FrameTimeStutter,6.000,antimatter,practice,2026-08-31T00:06:27.6306034-04:00,2,269,4.77352,16.4262,2558.43,1440.00,0.000,0.000,7.5884,10.0516,19.1486,Left,0,0,0,0,0.0000,200.000,0,0.000,0,127.500,71.914,4.500,0.0300,0.0000,-20.00,antimatter,60,450;300;200;100;50,2,8,2.5,3.5,100,-10,5,250,40,5,250,60,1,8,11,0,0.06,4,0.5,50,8,5
30,1,60,FrameTimeStutter,6.000,antimatter,practice,2026-08-31T00:06:27.6306034-04:00,2,270,4.78972,16.2015,2558.43,1440.00,0.000,0.000,7.5884,10.0516,19.1486,Left,0,0,0,0,0.0000,200.000,0,0.000,0,127.500,71.914,4.500,0.0300,0.0000,-20.00,antimatter,60,450;300;200;100;50,2,8,2.5,3.5,100,-10,5,250,40,5,250,60,1,8,11,0,0.06,4,0.5,50,8,5
30,1,60,FrameTimeStutter,6.000,antimatter,practice,2026-08-31T00:06:27.6306034-04:00,2,271,4.80670,16.9778,2558.43,1440.00,0.000,0.000,7.5884,10.0516,19.1486,Left,0,0,0,0,0.0000,200.000,0,0.000,0,127.500,71.914,4.500,0.0300,0.0000,-20.00,antimatter,60,450;300;200;100;50,2,8,2.5,3.5,100,-10,5,250,40,5,250,60,1,8,11,0,0.06,4,0.5,50,8,5
30,1,60,FrameTimeStutter,6.000,antimatter,practice,2026-08-31T00:06:27.6306034-04:00,2,272,4.82290,16.1984,2558.43,1440.00,0.000,0.000,7.5884,10.0516,19.1486,Left,0,0,0,0,0.0000,200.000,0,0.000,0,127.500,71.914,4.500,0.0300,0.0000,-20.00,antimatter,60,450;300;200;100;50,2,8,2.5,3.5,100,-10,5,250,40,5,250,60,1,8,11,0,0.06,4,0.5,50,8,5
30,1,60,FrameTimeStutter,6.000,antimatter,practice,2026-08-31T00:06:27.6306034-04:00,2,273,4.84014,17.2417,2558.43,1440.00,0.000,0.000,7.5884,10.0516,19.1486,Left,0,0,0,0,0.0000,200.000,0,0.000,0,127.500,71.914,4.500,0.0300,0.0000,-20.00,antimatter,60,450;300;200;100;50,2,8,2.5,3.5,100,-10,5,250,40,5,250,60,1,8,11,0,0.06,4,0.5,50,8,5
30,1,60,FrameTimeStutter,6.000,antimatter,practice,2026-08-31T00:06:27.6306034-04:00,2,274,4.85665,16.5101,2558.43,1440.00,0.000,0.000,7.5884,10.0516,19.1486,Left,0,0,0,0,0.0000,200.000,0,0.000,0,127.500,71.914,4.500,0.0300,0.0000,-20.00,antimatter,60,450;300;200;100;50,2,8,2.5,3.5,100,-10,5,250,40,5,250,60,1,8,11,0,0.06,4,0.5,50,8,5
30,1,60,FrameTimeStutter,6.000,antimatter,practice,2026-08-31T00:06:27.6306034-04:00,2,275,4.87318,16.5247,2558.43,1440.00,0.000,0.000,7.5884,10.0516,19.1486,Left,0,0,0,0,0.0000,200.000,0,0.000,0,127.500,71.914,4.500,0.0300,0.0000,-20.00,antimatter,60,450;300;200;100;50,2,8,2.5,3.5,100,-10,5,250,40,5,250,60,1,8,11,0,0.06,4,0.5,50,8,5
30,1,60,FrameTimeStutter,6.000,antimatter,practice,2026-08-31T00:06:27.6306034-04:00,2,276,4.88993,16.7537,2558.43,1440.00,0.000,0.000,7.5884,10.0516,19.1486,Left,0,0,0,0,0.0000,200.000,0,0.000,0,127.500,71.914,4.500,0.0300,0.0000,-20.00,antimatter,60,450;300;200;100;50,2,8,2.5,3.5,100,-10,5,250,40,5,250,60,1,8,11,0,0.06,4,0.5,50,8,5
30,1,60,FrameTimeStutter,6.000,antimatter,practice,2026-08-31T00:06:27.6306034-04:00,2,277,4.90646,16.5305,2558.43,1440.00,0.000,0.000,7.5884,10.0516,19.1486,Left,0,0,0,0,0.0000,200.000,0,0.000,0,127.500,71.914,4.500,0.0300,0.0000,-20.00,antimatter,60,450;300;200;100;50,2,8,2.5,3.5,100,-10,5,250,40,5,250,60,1,8,11,0,0.06,4,0.5,50,8,5
30,1,60,FrameTimeStutter,6.000,antimatter,practice,2026-08-31T00:06:27.6306034-04:00,2,278,4.92281,16.3550,2558.43,1440.00,0.000,0.000,7.5884,10.0516,19.1486,Left,0,0,0,0,0.0000,200.000,0,0.000,0,127.500,71.914,4.500,0.0300,0.0000,-20.00,antimatter,60,450;300;200;100;50,2,8,2.5,3.5,100,-10,5,250,40,5,250,60,1,8,11,0,0.06,4,0.5,50,8,5
30,1,60,FrameTimeStutter,6.000,antimatter,practice,2026-08-31T00:06:27.6306034-04:00,2,279,4.94027,17.4515,2558.43,1440.00,0.000,0.000,7.5884,10.0516,19.1486,Left,0,0,0,0,0.0000,200.000,0,0.000,0,127.500,71.914,4.500,0.0300,0.0000,-20.00,antimatter,60,450;300;200;100;50,2,8,2.5,3.5,100,-10,5,250,40,5,250,60,1,8,11,0,0.06,4,0.5,50,8,5
30,1,60,FrameTimeStutter,6.000,antimatter,practice,2026-08-31T00:06:27.6306034-04:00,2,280,4.95659,16.3185,2558.43,1440.00,0.000,0.000,7.5884,10.0516,19.1486,Left,0,0,0,0,0.0000,200.000,0,0.000,0,127.500,71.914,4.500,0.0300,0.0000,-20.00,antimatter,60,450;300;200;100;50,2,8,2.5,3.5,100,-10,5,250,40,5,250,60,1,8,11,0,0.06,4,0.5,50,8,5
30,1,60,FrameTimeStutter,6.000,antimatter,practice,2026-08-31T00:06:27.6306034-04:00,2,281,4.97333,16.7417,2558.43,1440.00,0.000,0.000,7.5884,10.0516,19.1486,Left,0,0,0,0,0.0000,200.000,0,0.000,0,127.500,71.914,4.500,0.0300,0.0000,-20.00,antimatter,60,450;300;200;100;50,2,8,2.5,3.5,100,-10,5,250,40,5,250,60,1,8,11,0,0.06,4,0.5,50,8,5
30,1,60,FrameTimeStutter,6.000,antimatter,practice,2026-08-31T00:06:27.6306034-04:00,2,282,4.99008,16.7556,2558.43,1440.00,0.000,0.000,7.5884,10.0516,19.1486,Left,0,0,0,0,0.0000,200.000,0,0.000,0,127.500,71.914,4.500,0.0300,0.0000,-20.00,antimatter,60,450;300;200;100;50,2,8,2.5,3.5,100,-10,5,250,40,5,250,60,1,8,11,0,0.06,4,0.5,50,8,5
30,1,60,FrameTimeStutter,6.000,antimatter,practice,2026-08-31T00:06:27.6306034-04:00,2,283,5.00704,16.9587,2558.43,1440.00,0.000,0.000,7.5884,10.0516,19.1486,Left,0,0,0,0,0.0000,200.000,0,0.000,0,127.500,71.914,4.500,0.0300,0.0000,-20.00,antimatter,60,450;300;200;100;50,2,8,2.5,3.5,100,-10,5,250,40,5,250,60,1,8,11,0,0.06,4,0.5,50,8,5
30,1,60,FrameTimeStutter,6.000,antimatter,practice,2026-08-31T00:06:27.6306034-04:00,2,284,5.02323,16.1905,2558.43,1440.00,0.000,0.000,7.5884,10.0516,19.1486,Left,0,0,0,0,0.0000,200.000,0,0.000,0,127.500,71.914,4.500,0.0300,0.0000,-20.00,antimatter,60,450;300;200;100;50,2,8,2.5,3.5,100,-10,5,250,40,5,250,60,1,8,11,0,0.06,4,0.5,50,8,5
30,1,60,FrameTimeStutter,6.000,antimatter,practice,2026-08-31T00:06:27.6306034-04:00,2,285,5.03987,16.6408,2558.43,1440.00,0.000,0.000,7.5884,10.0516,19.1486,Left,0,0,0,0,0.0000,200.000,0,0.000,0,127.500,71.914,4.500,0.0300,0.0000,-20.00,antimatter,60,450;300;200;100;50,2,8,2.5,3.5,100,-10,5,250,40,5,250,60,1,8,11,0,0.06,4,0.5,50,8,5
30,1,60,FrameTimeStutter,6.000,antimatter,practice,2026-08-31T00:06:27.6306034-04:00,2,286,5.05646,16.5889,2558.43,1440.00,0.000,0.000,7.5884,10.0516,19.1486,Left,0,0,0,0,0.0000,200.000,0,0.000,0,127.500,71.914,4.500,0.0300,0.0000,-20.00,antimatter,60,450;300;200;100;50,2,8,2.5,3.5,100,-10,5,250,40,5,250,60,1,8,11,0,0.06,4,0.5,50,8,5
30,1,60,FrameTimeStutter,6.000,antimatter,practice,2026-08-31T00:06:27.6306034-04:00,2,287,5.07320,16.7380,2558.43,1440.00,0.000,0.000,7.5884,10.0516,19.1486,Left,0,0,0,0,0.0000,200.000,0,0.000,0,127.500,71.914,4.500,0.0300,0.0000,-20.00,antimatter,60,450;300;200;100;50,2,8,2.5,3.5,100,-10,5,250,40,5,250,60,1,8,11,0,0.06,4,0.5,50,8,5
30,1,60,FrameTimeStutter,6.000,antimatter,practice,2026-08-31T00:06:27.6306034-04:00,2,288,5.09048,17.2830,2558.43,1440.00,0.000,0.000,7.5884,10.0516,19.1486,Left,0,0,0,0,0.0000,200.000,0,0.000,0,127.500,71.914,4.500,0.0300,0.0000,-20.00,antimatter,60,450;300;200;100;50,2,8,2.5,3.5,100,-10,5,250,40,5,250,60,1,8,11,0,0.06,4,0.5,50,8,5
30,1,60,FrameTimeStutter,6.000,antimatter,practice,2026-08-31T00:06:27.6306034-04:00,2,289,5.10680,16.3208,2558.43,1440.00,0.000,0.000,7.5884,10.0516,19.1486,Left,0,0,0,0,0.0000,200.000,0,0.000,0,127.500,71.914,4.500,0.0300,0.0000,-20.00,antimatter,60,450;300;200;100;50,2,8,2.5,3.5,100,-10,5,250,40,5,250,60,1,8,11,0,0.06,4,0.5,50,8,5
30,1,60,FrameTimeStutter,6.000,antimatter,practice,2026-08-31T00:06:27.6306034-04:00,2,290,5.12300,16.2014,2558.43,1440.00,0.000,0.000,7.5884,10.0516,19.1486,Left,0,0,0,0,0.0000,200.000,0,0.000,0,127.500,71.914,4.500,0.0300,0.0000,-20.00,antimatter,60,450;300;200;100;50,2,8,2.5,3.5,100,-10,5,250,40,5,250,60,1,8,11,0,0.06,4,0.5,50,8,5
30,1,60,FrameTimeStutter,6.000,antimatter,practice,2026-08-31T00:06:27.6306034-04:00,2,291,5.14033,17.3302,2558.43,1440.00,0.000,0.000,7.5884,10.0516,19.1486,Left,0,0,0,0,0.0000,200.000,0,0.000,0,127.500,71.914,4.500,0.0300,0.0000,-20.00,antimatter,60,450;300;200;100;50,2,8,2.5,3.5,100,-10,5,250,40,5,250,60,1,8,11,0,0.06,4,0.5,50,8,5
30,1,60,FrameTimeStutter,6.000,antimatter,practice,2026-08-31T00:06:27.6306034-04:00,2,292,5.15707,16.7402,2558.43,1440.00,0.000,0.000,7.5884,10.0516,19.1486,Left,0,0,0,0,0.0000,200.000,0,0.000,0,127.500,71.914,4.500,0.0300,0.0000,-20.00,antimatter,60,450;300;200;100;50,2,8,2.5,3.5,100,-10,5,250,40,5,250,60,1,8,11,0,0.06,4,0.5,50,8,5
30,1,60,FrameTimeStutter,6.000,antimatter,practice,2026-08-31T00:06:27.6306034-04:00,2,293,5.17409,17.0176,2558.43,1440.00,0.000,0.000,7.5884,10.0516,19.1486,Left,0,0,0,0,0.0000,200.000,0,0.000,0,127.500,71.914,4.500,0.0300,0.0000,-20.00,antimatter,60,450;300;200;100;50,2,8,2.5,3.5,100,-10,5,250,40,5,250,60,1,8,11,0,0.06,4,0.5,50,8,5
30,1,60,FrameTimeStutter,6.000,antimatter,practice,2026-08-31T00:06:27.6306034-04:00,2,294,5.19036,16.2632,2558.43,1440.00,0.000,0.000,7.5884,10.0516,19.1486,Left,0,0,0,0,0.0000,200.000,0,0.000,0,127.500,71.914,4.500,0.0300,0.0000,-20.00,antimatter,60,450;300;200;100;50,2,8,2.5,3.5,100,-10,5,250,40,5,250,60,1,8,11,0,0.06,4,0.5,50,8,5
30,1,60,FrameTimeStutter,6.000,antimatter,practice,2026-08-31T00:06:27.6306034-04:00,2,295,5.20709,16.7305,2558.43,1440.00,0.000,0.000,7.5884,10.0516,19.1486,Left,0,0,0,0,0.0000,200.000,0,0.000,0,127.500,71.914,4.500,0.0300,0.0000,-20.00,antimatter,60,450;300;200;100;50,2,8,2.5,3.5,100,-10,5,250,40,5,250,60,1,8,11,0,0.06,4,0.5,50,8,5
30,1,60,FrameTimeStutter,6.000,antimatter,practice,2026-08-31T00:06:27.6306034-04:00,2,296,5.22316,16.0742,2558.43,1440.00,0.000,0.000,7.5884,10.0516,19.1486,Left,0,0,0,0,0.0000,200.000,0,0.000,0,127.500,71.914,4.500,0.0300,0.0000,-20.00,antimatter,60,450;300;200;100;50,2,8,2.5,3.5,100,-10,5,250,40,5,250,60,1,8,11,0,0.06,4,0.5,50,8,5
30,1,60,FrameTimeStutter,6.000,antimatter,practice,2026-08-31T00:06:27.6306034-04:00,2,297,5.24044,17.2786,2558.43,1440.00,0.000,0.000,7.5884,10.0516,19.1486,Left,0,0,0,0,0.0000,200.000,0,0.000,0,127.500,71.914,4.500,0.0300,0.0000,-20.00,antimatter,60,450;300;200;100;50,2,8,2.5,3.5,100,-10,5,250,40,5,250,60,1,8,11,0,0.06,4,0.5,50,8,5
30,1,60,FrameTimeStutter,6.000,antimatter,practice,2026-08-31T00:06:27.6306034-04:00,2,298,5.25690,16.4601,2558.43,1440.00,0.000,0.000,7.5884,10.0516,19.1486,Left,0,0,0,0,0.0000,200.000,0,0.000,0,127.500,71.914,4.500,0.0300,0.0000,-20.00,antimatter,60,450;300;200;100;50,2,8,2.5,3.5,100,-10,5,250,40,5,250,60,1,8,11,0,0.06,4,0.5,50,8,5
30,1,60,FrameTimeStutter,6.000,antimatter,practice,2026-08-31T00:06:27.6306034-04:00,2,299,5.27319,16.2947,2558.43,1440.00,0.000,0.000,7.5884,10.0516,19.1486,Left,0,0,0,0,0.0000,200.000,0,0.000,0,127.500,71.914,4.500,0.0300,0.0000,-20.00,antimatter,60,450;300;200;100;50,2,8,2.5,3.5,100,-10,5,250,40,5,250,60,1,8,11,0,0.06,4,0.5,50,8,5
30,1,60,FrameTimeStutter,6.000,antimatter,practice,2026-08-31T00:06:27.6306034-04:00,2,300,5.28988,16.6824,2558.43,1440.00,0.000,0.000,7.5884,10.0516,19.1486,Left,0,0,0,0,0.0000,200.000,0,0.000,0,127.500,71.914,4.500,0.0300,0.0000,-20.00,antimatter,60,450;300;200;100;50,2,8,2.5,3.5,100,-10,5,250,40,5,250,60,1,8,11,0,0.06,4,0.5,50,8,5
30,1,60,FrameTimeStutter,6.000,antimatter,practice,2026-08-31T00:06:27.6306034-04:00,2,301,5.30654,16.6673,2558.43,1440.00,0.000,0.000,7.5884,10.0516,19.1486,Left,0,0,0,0,0.0000,200.000,0,0.000,0,127.500,71.914,4.500,0.0300,0.0000,-20.00,antimatter,60,450;300;200;100;50,2,8,2.5,3.5,100,-10,5,250,40,5,250,60,1,8,11,0,0.06,4,0.5,50,8,5
30,1,60,FrameTimeStutter,6.000,antimatter,practice,2026-08-31T00:06:27.6306034-04:00,2,302,5.32370,17.1601,2558.43,1440.00,0.000,0.000,7.5884,10.0516,19.1486,Left,0,0,0,0,0.0000,200.000,0,0.000,0,127.500,71.914,4.500,0.0300,0.0000,-20.00,antimatter,60,450;300;200;100;50,2,8,2.5,3.5,100,-10,5,250,40,5,250,60,1,8,11,0,0.06,4,0.5,50,8,5
30,1,60,FrameTimeStutter,6.000,antimatter,practice,2026-08-31T00:06:27.6306034-04:00,2,303,5.34034,16.6345,2558.43,1440.00,0.000,0.000,7.5884,10.0516,19.1486,Left,0,0,0,0,0.0000,200.000,0,0.000,0,127.500,71.914,4.500,0.0300,0.0000,-20.00,antimatter,60,450;300;200;100;50,2,8,2.5,3.5,100,-10,5,250,40,5,250,60,1,8,11,0,0.06,4,0.5,50,8,5
30,1,60,FrameTimeStutter,6.000,antimatter,practice,2026-08-31T00:06:27.6306034-04:00,2,304,5.35697,16.6330,2558.43,1440.00,0.000,0.000,7.5884,10.0516,19.1486,Left,0,0,0,0,0.0000,200.000,0,0.000,0,127.500,71.914,4.500,0.0300,0.0000,-20.00,antimatter,60,450;300;200;100;50,2,8,2.5,3.5,100,-10,5,250,40,5,250,60,1,8,11,0,0.06,4,0.5,50,8,5
30,1,60,FrameTimeStutter,6.000,antimatter,practice,2026-08-31T00:06:27.6306034-04:00,2,305,5.37301,16.0418,2558.43,1440.00,0.000,0.000,7.5884,10.0516,19.1486,Left,0,0,0,0,0.0000,200.000,0,0.000,0,127.500,71.914,4.500,0.0300,0.0000,-20.00,antimatter,60,450;300;200;100;50,2,8,2.5,3.5,100,-10,5,250,40,5,250,60,1,8,11,0,0.06,4,0.5,50,8,5
30,1,60,FrameTimeStutter,6.000,antimatter,practice,2026-08-31T00:06:27.6306034-04:00,2,306,5.39048,17.4640,2558.43,1440.00,0.000,0.000,7.5884,10.0516,19.1486,Left,0,0,0,0,0.0000,200.000,0,0.000,0,127.500,71.914,4.500,0.0300,0.0000,-20.00,antimatter,60,450;300;200;100;50,2,8,2.5,3.5,100,-10,5,250,40,5,250,60,1,8,11,0,0.06,4,0.5,50,8,5
30,1,60,FrameTimeStutter,6.000,antimatter,practice,2026-08-31T00:06:27.6306034-04:00,2,307,5.40694,16.4588,2558.43,1440.00,0.000,0.000,7.5884,10.0516,19.1486,Left,0,0,0,0,0.0000,200.000,0,0.000,0,127.500,71.914,4.500,0.0300,0.0000,-20.00,antimatter,60,450;300;200;100;50,2,8,2.5,3.5,100,-10,5,250,40,5,250,60,1,8,11,0,0.06,4,0.5,50,8,5
30,1,60,FrameTimeStutter,6.000,antimatter,practice,2026-08-31T00:06:27.6306034-04:00,2,308,5.42329,16.3571,2558.43,1440.00,0.000,0.000,7.5884,10.0516,19.1486,Left,0,0,0,0,0.0000,200.000,0,0.000,0,127.500,71.914,4.500,0.0300,0.0000,-20.00,antimatter,60,450;300;200;100;50,2,8,2.5,3.5,100,-10,5,250,40,5,250,60,1,8,11,0,0.06,4,0.5,50,8,5
30,1,60,FrameTimeStutter,6.000,antimatter,practice,2026-08-31T00:06:27.6306034-04:00,2,309,5.43990,16.6098,2558.43,1440.00,0.000,0.000,7.5884,10.0516,19.1486,Left,0,0,0,0,0.0000,200.000,0,0.000,0,127.500,71.914,4.500,0.0300,0.0000,-20.00,antimatter,60,450;300;200;100;50,2,8,2.5,3.5,100,-10,5,250,40,5,250,60,1,8,11,0,0.06,4,0.5,50,8,5
30,1,60,FrameTimeStutter,6.000,antimatter,practice,2026-08-31T00:06:27.6306034-04:00,2,310,5.45660,16.6947,2558.43,1440.00,0.000,0.000,7.5884,10.0516,19.1486,Left,0,0,0,0,0.0000,200.000,0,0.000,0,127.500,71.914,4.500,0.0300,0.0000,-20.00,antimatter,60,450;300;200;100;50,2,8,2.5,3.5,100,-10,5,250,40,5,250,60,1,8,11,0,0.06,4,0.5,50,8,5
30,1,60,FrameTimeStutter,6.000,antimatter,practice,2026-08-31T00:06:27.6306034-04:00,2,311,5.47345,16.8553,2558.43,1440.00,0.000,0.000,7.5884,10.0516,19.1486,Left,0,0,0,0,0.0000,200.000,0,0.000,0,127.500,71.914,4.500,0.0300,0.0000,-20.00,antimatter,60,450;300;200;100;50,2,8,2.5,3.5,100,-10,5,250,40,5,250,60,1,8,11,0,0.06,4,0.5,50,8,5
30,1,60,FrameTimeStutter,6.000,antimatter,practice,2026-08-31T00:06:27.6306034-04:00,2,312,5.49054,17.0905,2558.43,1440.00,0.000,0.000,7.5884,10.0516,19.1486,Left,0,0,0,0,0.0000,200.000,0,0.000,0,127.500,71.914,4.500,0.0300,0.0000,-20.00,antimatter,60,450;300;200;100;50,2,8,2.5,3.5,100,-10,5,250,40,5,250,60,1,8,11,0,0.06,4,0.5,50,8,5
30,1,60,FrameTimeStutter,6.000,antimatter,practice,2026-08-31T00:06:27.6306034-04:00,2,313,5.50639,15.8450,2558.43,1440.00,0.000,0.000,7.5884,10.0516,19.1486,Left,0,0,0,0,0.0000,200.000,0,0.000,0,127.500,71.914,4.500,0.0300,0.0000,-20.00,antimatter,60,450;300;200;100;50,2,8,2.5,3.5,100,-10,5,250,40,5,250,60,1,8,11,0,0.06,4,0.5,50,8,5
30,1,60,FrameTimeStutter,6.000,antimatter,practice,2026-08-31T00:06:27.6306034-04:00,2,314,5.52328,16.8916,2558.43,1440.00,0.000,0.000,7.5884,10.0516,19.1486,Left,0,0,0,0,0.0000,200.000,0,0.000,0,127.500,71.914,4.500,0.0300,0.0000,-20.00,antimatter,60,450;300;200;100;50,2,8,2.5,3.5,100,-10,5,250,40,5,250,60,1,8,11,0,0.06,4,0.5,50,8,5
30,1,60,FrameTimeStutter,6.000,antimatter,practice,2026-08-31T00:06:27.6306034-04:00,2,315,5.54008,16.8046,2558.43,1440.00,0.000,0.000,7.5884,10.0516,19.1486,Left,0,0,0,0,0.0000,200.000,0,0.000,0,127.500,71.914,4.500,0.0300,0.0000,-20.00,antimatter,60,450;300;200;100;50,2,8,2.5,3.5,100,-10,5,250,40,5,250,60,1,8,11,0,0.06,4,0.5,50,8,5
30,1,60,FrameTimeStutter,6.000,antimatter,practice,2026-08-31T00:06:27.6306034-04:00,2,316,5.55715,17.0661,2558.43,1440.00,0.000,0.000,7.5884,10.0516,19.1486,Left,0,0,0,0,0.0000,200.000,0,0.000,0,127.500,71.914,4.500,0.0300,0.0000,-20.00,antimatter,60,450;300;200;100;50,2,8,2.5,3.5,100,-10,5,250,40,5,250,60,1,8,11,0,0.06,4,0.5,50,8,5
30,1,60,FrameTimeStutter,6.000,antimatter,practice,2026-08-31T00:06:27.6306034-04:00,2,317,5.57329,16.1391,2558.43,1440.00,0.000,0.000,7.5884,10.0516,19.1486,Left,0,0,0,0,0.0000,200.000,0,0.000,0,127.500,71.914,4.500,0.0300,0.0000,-20.00,antimatter,60,450;300;200;100;50,2,8,2.5,3.5,100,-10,5,250,40,5,250,60,1,8,11,0,0.06,4,0.5,50,8,5
30,1,60,FrameTimeStutter,6.000,antimatter,practice,2026-08-31T00:06:27.6306034-04:00,2,318,5.59042,17.1325,2558.43,1440.00,0.000,0.000,7.5884,10.0516,19.1486,Left,0,0,0,0,0.0000,200.000,0,0.000,0,127.500,71.914,4.500,0.0300,0.0000,-20.00,antimatter,60,450;300;200;100;50,2,8,2.5,3.5,100,-10,5,250,40,5,250,60,1,8,11,0,0.06,4,0.5,50,8,5
30,1,60,FrameTimeStutter,6.000,antimatter,practice,2026-08-31T00:06:27.6306034-04:00,2,319,5.60644,16.0215,2558.43,1440.00,0.000,0.000,7.5884,10.0516,19.1486,Left,0,0,0,0,0.0000,200.000,0,0.000,0,127.500,71.914,4.500,0.0300,0.0000,-20.00,antimatter,60,450;300;200;100;50,2,8,2.5,3.5,100,-10,5,250,40,5,250,60,1,8,11,0,0.06,4,0.5,50,8,5
30,1,60,FrameTimeStutter,6.000,antimatter,practice,2026-08-31T00:06:27.6306034-04:00,2,320,5.62349,17.0422,2558.43,1440.00,0.000,0.000,7.5884,10.0516,19.1486,Left,0,0,0,0,0.0000,200.000,0,0.000,0,127.500,71.914,4.500,0.0300,0.0000,-20.00,antimatter,60,450;300;200;100;50,2,8,2.5,3.5,100,-10,5,250,40,5,250,60,1,8,11,0,0.06,4,0.5,50,8,5
30,1,60,FrameTimeStutter,6.000,antimatter,practice,2026-08-31T00:06:27.6306034-04:00,2,321,5.63979,16.3066,2558.43,1440.00,0.000,0.000,7.5884,10.0516,19.1486,Left,0,0,0,0,0.0000,200.000,0,0.000,0,127.500,71.914,4.500,0.0300,0.0000,-20.00,antimatter,60,450;300;200;100;50,2,8,2.5,3.5,100,-10,5,250,40,5,250,60,1,8,11,0,0.06,4,0.5,50,8,5
30,1,60,FrameTimeStutter,6.000,antimatter,practice,2026-08-31T00:06:27.6306034-04:00,2,322,5.65653,16.7385,2558.43,1440.00,0.000,0.000,7.5884,10.0516,19.1486,Left,0,0,0,0,0.0000,200.000,0,0.000,0,127.500,71.914,4.500,0.0300,0.0000,-20.00,antimatter,60,450;300;200;100;50,2,8,2.5,3.5,100,-10,5,250,40,5,250,60,1,8,11,0,0.06,4,0.5,50,8,5
30,1,60,FrameTimeStutter,6.000,antimatter,practice,2026-08-31T00:06:27.6306034-04:00,2,323,5.67394,17.4135,2558.43,1440.00,0.000,0.000,7.5884,10.0516,19.1486,Left,0,0,0,0,0.0000,200.000,0,0.000,0,127.500,71.914,4.500,0.0300,0.0000,-20.00,antimatter,60,450;300;200;100;50,2,8,2.5,3.5,100,-10,5,250,40,5,250,60,1,8,11,0,0.06,4,0.5,50,8,5
30,1,60,FrameTimeStutter,6.000,antimatter,practice,2026-08-31T00:06:27.6306034-04:00,2,324,5.68980,15.8598,2558.43,1440.00,0.000,0.000,7.5884,10.0516,19.1486,Left,0,0,0,0,0.0000,200.000,0,0.000,0,127.500,71.914,4.500,0.0300,0.0000,-20.00,antimatter,60,450;300;200;100;50,2,8,2.5,3.5,100,-10,5,250,40,5,250,60,1,8,11,0,0.06,4,0.5,50,8,5
30,1,60,FrameTimeStutter,6.000,antimatter,practice,2026-08-31T00:06:27.6306034-04:00,2,325,5.70676,16.9609,2558.43,1440.00,0.000,0.000,7.5884,10.0516,19.1486,Left,0,0,0,0,0.0000,200.000,0,0.000,0,127.500,71.914,4.500,0.0300,0.0000,-20.00,antimatter,60,450;300;200;100;50,2,8,2.5,3.5,100,-10,5,250,40,5,250,60,1,8,11,0,0.06,4,0.5,50,8,5
30,1,60,FrameTimeStutter,6.000,antimatter,practice,2026-08-31T00:06:27.6306034-04:00,2,326,5.72431,17.5438,2558.43,1440.00,0.000,0.000,7.5884,10.0516,19.1486,Left,0,0,0,0,0.0000,200.000,0,0.000,0,127.500,71.914,4.500,0.0300,0.0000,-20.00,antimatter,60,450;300;200;100;50,2,8,2.5,3.5,100,-10,5,250,40,5,250,60,1,8,11,0,0.06,4,0.5,50,8,5
30,1,60,FrameTimeStutter,6.000,antimatter,practice,2026-08-31T00:06:27.6306034-04:00,2,327,5.74001,15.6969,2558.43,1440.00,0.000,0.000,7.5884,10.0516,19.1486,Left,0,0,0,0,0.0000,200.000,0,0.000,0,127.500,71.914,4.500,0.0300,0.0000,-20.00,antimatter,60,450;300;200;100;50,2,8,2.5,3.5,100,-10,5,250,40,5,250,60,1,8,11,0,0.06,4,0.5,50,8,5
30,1,60,FrameTimeStutter,6.000,antimatter,practice,2026-08-31T00:06:27.6306034-04:00,2,328,5.75642,16.4117,2558.43,1440.00,0.000,0.000,7.5884,10.0516,19.1486,Left,0,0,0,0,0.0000,200.000,0,0.000,0,127.500,71.914,4.500,0.0300,0.0000,-20.00,antimatter,60,450;300;200;100;50,2,8,2.5,3.5,100,-10,5,250,40,5,250,60,1,8,11,0,0.06,4,0.5,50,8,5
30,1,60,FrameTimeStutter,6.000,antimatter,practice,2026-08-31T00:06:27.6306034-04:00,2,329,5.77338,16.9587,2558.43,1440.00,0.000,0.000,7.5884,10.0516,19.1486,Left,0,0,0,0,0.0000,200.000,0,0.000,0,127.500,71.914,4.500,0.0300,0.0000,-20.00,antimatter,60,450;300;200;100;50,2,8,2.5,3.5,100,-10,5,250,40,5,250,60,1,8,11,0,0.06,4,0.5,50,8,5
30,1,60,FrameTimeStutter,6.000,antimatter,practice,2026-08-31T00:06:27.6306034-04:00,2,330,5.78975,16.3698,2558.43,1440.00,0.000,0.000,7.5884,10.0516,19.1486,Left,0,0,0,0,0.0000,200.000,0,0.000,0,127.500,71.914,4.500,0.0300,0.0000,-20.00,antimatter,60,450;300;200;100;50,2,8,2.5,3.5,100,-10,5,250,40,5,250,60,1,8,11,0,0.06,4,0.5,50,8,5
30,1,60,FrameTimeStutter,6.000,antimatter,practice,2026-08-31T00:06:27.6306034-04:00,2,331,5.80686,17.1180,2558.43,1440.00,0.000,0.000,7.5884,10.0516,19.1486,Left,0,0,0,0,0.0000,200.000,0,0.000,0,127.500,71.914,4.500,0.0300,0.0000,-20.00,antimatter,60,450;300;200;100;50,2,8,2.5,3.5,100,-10,5,250,40,5,250,60,1,8,11,0,0.06,4,0.5,50,8,5
30,1,60,FrameTimeStutter,6.000,antimatter,practice,2026-08-31T00:06:27.6306034-04:00,2,332,5.82338,16.5206,2558.43,1440.00,0.000,0.000,7.5884,10.0516,19.1486,Left,0,0,0,0,0.0000,200.000,0,0.000,0,127.500,71.914,4.500,0.0300,0.0000,-20.00,antimatter,60,450;300;200;100;50,2,8,2.5,3.5,100,-10,5,250,40,5,250,60,1,8,11,0,0.06,4,0.5,50,8,5
30,1,60,FrameTimeStutter,6.000,antimatter,practice,2026-08-31T00:06:27.6306034-04:00,2,333,5.83968,16.3001,2558.43,1440.00,0.000,0.000,7.5884,10.0516,19.1486,Left,0,0,0,0,0.0000,200.000,0,0.000,0,127.500,71.914,4.500,0.0300,0.0000,-20.00,antimatter,60,450;300;200;100;50,2,8,2.5,3.5,100,-10,5,250,40,5,250,60,1,8,11,0,0.06,4,0.5,50,8,5
30,1,60,FrameTimeStutter,6.000,antimatter,practice,2026-08-31T00:06:27.6306034-04:00,2,334,5.85701,17.3265,2558.43,1440.00,0.000,0.000,7.5884,10.0516,19.1486,Left,0,0,0,0,0.0000,200.000,0,0.000,0,127.500,71.914,4.500,0.0300,0.0000,-20.00,antimatter,60,450;300;200;100;50,2,8,2.5,3.5,100,-10,5,250,40,5,250,60,1,8,11,0,0.06,4,0.5,50,8,5
30,1,60,FrameTimeStutter,6.000,antimatter,practice,2026-08-31T00:06:27.6306034-04:00,2,335,5.87317,16.1596,2558.43,1440.00,0.000,0.000,7.5884,10.0516,19.1486,Left,0,0,0,0,0.0000,200.000,0,0.000,0,127.500,71.914,4.500,0.0300,0.0000,-20.00,antimatter,60,450;300;200;100;50,2,8,2.5,3.5,100,-10,5,250,40,5,250,60,1,8,11,0,0.06,4,0.5,50,8,5
30,1,60,FrameTimeStutter,6.000,antimatter,practice,2026-08-31T00:06:27.6306034-04:00,2,336,5.89032,17.1508,2558.43,1440.00,0.000,0.000,7.5884,10.0516,19.1486,Left,0,0,0,0,0.0000,200.000,0,0.000,0,127.500,71.914,4.500,0.0300,0.0000,-20.00,antimatter,60,450;300;200;100;50,2,8,2.5,3.5,100,-10,5,250,40,5,250,60,1,8,11,0,0.06,4,0.5,50,8,5
30,1,60,FrameTimeStutter,6.000,antimatter,practice,2026-08-31T00:06:27.6306034-04:00,2,337,5.90684,16.5173,2558.43,1440.00,0.000,0.000,7.5884,10.0516,19.1486,Left,0,0,0,0,0.0000,200.000,0,0.000,0,127.500,71.914,4.500,0.0300,0.0000,-20.00,antimatter,60,450;300;200;100;50,2,8,2.5,3.5,100,-10,5,250,40,5,250,60,1,8,11,0,0.06,4,0.5,50,8,5
30,1,60,FrameTimeStutter,6.000,antimatter,practice,2026-08-31T00:06:27.6306034-04:00,2,338,5.92359,16.7525,2558.43,1440.00,0.000,0.000,7.5884,10.0516,19.1486,Left,0,0,0,0,0.0000,200.000,0,0.000,0,127.500,71.914,4.500,0.0300,0.0000,-20.00,antimatter,60,450;300;200;100;50,2,8,2.5,3.5,100,-10,5,250,40,5,250,60,1,8,11,0,0.06,4,0.5,50,8,5
30,1,60,FrameTimeStutter,6.000,antimatter,practice,2026-08-31T00:06:27.6306034-04:00,2,339,5.93984,16.2481,2558.43,1440.00,0.000,0.000,7.5884,10.0516,19.1486,Left,0,0,0,0,0.0000,200.000,0,0.000,0,127.500,71.914,4.500,0.0300,0.0000,-20.00,antimatter,60,450;300;200;100;50,2,8,2.5,3.5,100,-10,5,250,40,5,250,60,1,8,11,0,0.06,4,0.5,50,8,5
30,1,60,FrameTimeStutter,6.000,antimatter,practice,2026-08-31T00:06:27.6306034-04:00,2,340,5.95647,16.6278,2558.43,1440.00,0.000,0.000,7.5884,10.0516,19.1486,Left,0,0,0,0,0.0000,200.000,0,0.000,0,127.500,71.914,4.500,0.0300,0.0000,-20.00,antimatter,60,450;300;200;100;50,2,8,2.5,3.5,100,-10,5,250,40,5,250,60,1,8,11,0,0.06,4,0.5,50,8,5
30,1,60,FrameTimeStutter,6.000,antimatter,practice,2026-08-31T00:06:27.6306034-04:00,2,341,5.97340,16.9304,2558.43,1440.00,0.000,0.000,7.5884,10.0516,19.1486,Left,0,0,0,0,0.0000,200.000,0,0.000,0,127.500,71.914,4.500,0.0300,0.0000,-20.00,antimatter,60,450;300;200;100;50,2,8,2.5,3.5,100,-10,5,250,40,5,250,60,1,8,11,0,0.06,4,0.5,50,8,5
30,1,60,FrameTimeStutter,6.000,antimatter,practice,2026-08-31T00:06:27.6306034-04:00,2,342,5.99046,17.0579,2558.43,1440.00,0.000,0.000,7.5884,10.0516,19.1486,Left,0,0,0,0,0.0000,200.000,0,0.000,0,127.500,71.914,4.500,0.0300,0.0000,-20.00,antimatter,60,450;300;200;100;50,2,8,2.5,3.5,100,-10,5,250,40,5,250,60,1,8,11,0,0.06,4,0.5,50,8,5
30,1,60,FrameTimeStutter,6.000,antimatter,practice,2026-08-31T00:06:27.6306034-04:00,2,343,6.00641,15.9507,2558.43,1440.00,0.000,0.000,7.5884,10.0516,19.1486,Left,0,0,0,0,0.0000,200.000,0,0.000,0,127.500,71.914,4.500,0.0300,0.0000,-20.00,antimatter,60,450;300;200;100;50,2,8,2.5,3.5,100,-10,5,250,40,5,250,60,1,8,11,0,0.06,4,0.5,50,8,5
30,1,60,FrameTimeStutter,6.000,antimatter,practice,2026-08-31T00:06:27.6306034-04:00,2,344,6.02337,16.9615,2558.43,1440.00,0.000,0.000,7.5884,10.0516,19.1486,Left,0,0,0,0,0.0000,200.000,0,0.000,0,127.500,71.914,4.500,0.0300,0.0000,-20.00,antimatter,60,450;300;200;100;50,2,8,2.5,3.5,100,-10,5,250,40,5,250,60,1,8,11,0,0.06,4,0.5,50,8,5
30,1,60,FrameTimeStutter,6.000,antimatter,practice,2026-08-31T00:06:27.6306034-04:00,2,345,6.03995,16.5867,2558.43,1440.00,0.000,0.000,7.5884,10.0516,19.1486,Left,0,0,0,0,0.0000,200.000,0,0.000,0,127.500,71.914,4.500,0.0300,0.0000,-20.00,antimatter,60,450;300;200;100;50,2,8,2.5,3.5,100,-10,5,250,40,5,250,60,1,8,11,0,0.06,4,0.5,50,8,5
30,1,60,FrameTimeStutter,6.000,antimatter,practice,2026-08-31T00:06:27.6306034-04:00,2,346,6.05720,17.2458,2558.43,1440.00,0.000,0.000,7.5884,10.0516,19.1486,Left,0,0,0,0,0.0000,200.000,0,0.000,0,127.500,71.914,4.500,0.0300,0.0000,-20.00,antimatter,60,450;300;200;100;50,2,8,2.5,3.5,100,-10,5,250,40,5,250,60,1,8,11,0,0.06,4,0.5,50,8,5
30,1,60,FrameTimeStutter,6.000,antimatter,practice,2026-08-31T00:06:27.6306034-04:00,2,347,6.07364,16.4373,2558.43,1440.00,0.000,0.000,7.5884,10.0516,19.1486,Left,0,0,0,0,0.0000,200.000,0,0.000,0,127.500,71.914,4.500,0.0300,0.0000,-20.00,antimatter,60,450;300;200;100;50,2,8,2.5,3.5,100,-10,5,250,40,5,250,60,1,8,11,0,0.06,4,0.5,50,8,5
30,1,60,FrameTimeStutter,6.000,antimatter,practice,2026-08-31T00:06:27.6306034-04:00,2,348,6.08971,16.0676,2558.43,1440.00,0.000,0.000,7.5884,10.0516,19.1486,Left,0,0,0,0,0.0000,200.000,0,0.000,0,127.500,71.914,4.500,0.0300,0.0000,-20.00,antimatter,60,450;300;200;100;50,2,8,2.5,3.5,100,-10,5,250,40,5,250,60,1,8,11,0,0.06,4,0.5,50,8,5
30,1,60,FrameTimeStutter,6.000,antimatter,practice,2026-08-31T00:06:27.6306034-04:00,2,349,6.10666,16.9536,2558.43,1440.00,0.000,0.000,7.5884,10.0516,19.1486,Left,0,0,0,0,0.0000,200.000,0,0.000,0,127.500,71.914,4.500,0.0300,0.0000,-20.00,antimatter,60,450;300;200;100;50,2,8,2.5,3.5,100,-10,5,250,40,5,250,60,1,8,11,0,0.06,4,0.5,50,8,5
30,1,60,FrameTimeStutter,6.000,antimatter,practice,2026-08-31T00:06:27.6306034-04:00,2,350,6.12373,17.0745,2558.43,1440.00,0.000,0.000,7.5884,10.0516,19.1486,Left,0,0,0,0,0.0000,200.000,0,0.000,0,127.500,71.914,4.500,0.0300,0.0000,-20.00,antimatter,60,450;300;200;100;50,2,8,2.5,3.5,100,-10,5,250,40,5,250,60,1,8,11,0,0.06,4,0.5,50,8,5
30,1,60,FrameTimeStutter,6.000,antimatter,practice,2026-08-31T00:06:27.6306034-04:00,2,351,6.14011,16.3803,2558.43,1440.00,0.000,0.000,7.5884,10.0516,19.1486,Left,0,0,0,0,0.0000,200.000,0,0.000,0,127.500,71.914,4.500,0.0300,0.0000,-20.00,antimatter,60,450;300;200;100;50,2,8,2.5,3.5,100,-10,5,250,40,5,250,60,1,8,11,0,0.06,4,0.5,50,8,5
30,1,60,FrameTimeStutter,6.000,antimatter,practice,2026-08-31T00:06:27.6306034-04:00,2,352,6.15655,16.4398,2558.43,1440.00,0.000,0.000,7.5884,10.0516,19.1486,Left,0,0,0,0,0.0000,200.000,0,0.000,0,127.500,71.914,4.500,0.0300,0.0000,-20.00,antimatter,60,450;300;200;100;50,2,8,2.5,3.5,100,-10,5,250,40,5,250,60,1,8,11,0,0.06,4,0.5,50,8,5
30,1,60,FrameTimeStutter,6.000,antimatter,practice,2026-08-31T00:06:27.6306034-04:00,2,353,6.17316,16.6060,2558.43,1440.00,0.000,0.000,7.5884,10.0516,19.1486,Left,0,0,0,0,0.0000,200.000,0,0.000,0,127.500,71.914,4.500,0.0300,0.0000,-20.00,antimatter,60,450;300;200;100;50,2,8,2.5,3.5,100,-10,5,250,40,5,250,60,1,8,11,0,0.06,4,0.5,50,8,5
30,1,60,FrameTimeStutter,6.000,antimatter,practice,2026-08-31T00:06:27.6306034-04:00,2,354,6.18976,16.6025,2558.43,1440.00,0.000,0.000,7.5884,10.0516,19.1486,Left,0,0,0,0,0.0000,200.000,0,0.000,0,127.500,71.914,4.500,0.0300,0.0000,-20.00,antimatter,60,450;300;200;100;50,2,8,2.5,3.5,100,-10,5,250,40,5,250,60,1,8,11,0,0.06,4,0.5,50,8,5
30,1,60,FrameTimeStutter,6.000,antimatter,practice,2026-08-31T00:06:27.6306034-04:00,2,355,6.20672,16.9564,2558.43,1440.00,0.000,0.000,7.5884,10.0516,19.1486,Left,0,0,0,0,0.0000,200.000,0,0.000,0,127.500,71.914,4.500,0.0300,0.0000,-20.00,antimatter,60,450;300;200;100;50,2,8,2.5,3.5,100,-10,5,250,40,5,250,60,1,8,11,0,0.06,4,0.5,50,8,5
30,1,60,FrameTimeStutter,6.000,antimatter,practice,2026-08-31T00:06:27.6306034-04:00,2,356,6.22360,16.8849,2558.43,1440.00,0.000,0.000,7.5884,10.0516,19.1486,Left,0,0,0,0,0.0000,200.000,0,0.000,0,127.500,71.914,4.500,0.0300,0.0000,-20.00,antimatter,60,450;300;200;100;50,2,8,2.5,3.5,100,-10,5,250,40,5,250,60,1,8,11,0,0.06,4,0.5,50,8,5
30,1,60,FrameTimeStutter,6.000,antimatter,practice,2026-08-31T00:06:27.6306034-04:00,2,357,6.23983,16.2295,2558.43,1440.00,0.000,0.000,7.5884,10.0516,19.1486,Left,0,0,0,0,0.0000,200.000,0,0.000,0,127.500,71.914,4.500,0.0300,0.0000,-20.00,antimatter,60,450;300;200;100;50,2,8,2.5,3.5,100,-10,5,250,40,5,250,60,1,8,11,0,0.06,4,0.5,50,8,5
30,1,60,FrameTimeStutter,6.000,antimatter,practice,2026-08-31T00:06:27.6306034-04:00,2,358,6.25705,17.2160,2558.43,1440.00,0.000,0.000,7.5884,10.0516,19.1486,Left,0,0,0,0,0.0000,200.000,0,0.000,0,127.500,71.914,4.500,0.0300,0.0000,-20.00,antimatter,60,450;300;200;100;50,2,8,2.5,3.5,100,-10,5,250,40,5,250,60,1,8,11,0,0.06,4,0.5,50,8,5
30,1,60,FrameTimeStutter,6.000,antimatter,practice,2026-08-31T00:06:27.6306034-04:00,2,359,6.27304,15.9880,2558.43,1440.00,0.000,0.000,7.5884,10.0516,19.1486,Left,0,0,0,0,0.0000,200.000,0,0.000,0,127.500,71.914,4.500,0.0300,0.0000,-20.00,antimatter,60,450;300;200;100;50,2,8,2.5,3.5,100,-10,5,250,40,5,250,60,1,8,11,0,0.06,4,0.5,50,8,5
30,1,60,FrameTimeStutter,6.000,antimatter,practice,2026-08-31T00:06:27.6306034-04:00,2,360,6.29015,17.1112,2558.43,1440.00,0.000,0.000,7.5884,10.0516,19.1486,Left,0,0,0,0,0.0000,200.000,0,0.000,0,127.500,71.914,4.500,0.0300,0.0000,-20.00,antimatter,60,450;300;200;100;50,2,8,2.5,3.5,100,-10,5,250,40,5,250,60,1,8,11,0,0.06,4,0.5,50,8,5
30,1,60,FrameTimeStutter,6.000,antimatter,practice,2026-08-31T00:06:27.6306034-04:00,2,361,6.30648,16.3318,2558.43,1440.00,0.000,0.000,7.5884,10.0516,19.1486,Left,0,0,0,0,0.0000,200.000,0,0.000,0,127.500,71.914,4.500,0.0300,0.0000,-20.00,antimatter,60,450;300;200;100;50,2,8,2.5,3.5,100,-10,5,250,40,5,250,60,1,8,11,0,0.06,4,0.5,50,8,5
30,1,60,FrameTimeStutter,6.000,antimatter,practice,2026-08-31T00:06:27.6306034-04:00,2,362,6.32442,17.9372,2558.43,1440.00,0.000,0.000,7.5264,10.0516,19.1486,Left,0,0,0,0,0.0000,200.000,0,0.000,0,127.500,71.914,4.500,0.0300,0.0000,-20.00,antimatter,60,450;300;200;100;50,2,8,2.5,3.5,100,-10,5,250,40,5,250,60,1,8,11,0,0.06,4,0.5,50,8,5
30,1,60,FrameTimeStutter,6.000,antimatter,practice,2026-08-31T00:06:27.6306034-04:00,2,363,6.34008,15.6682,2558.43,1440.00,0.000,0.000,7.4756,10.0516,19.1486,Left,0,0,0,0,0.0000,200.000,0,0.000,0,127.500,71.914,4.500,0.0300,0.0000,-20.00,antimatter,60,450;300;200;100;50,2,8,2.5,3.5,100,-10,5,250,40,5,250,60,1,8,11,0,0.06,4,0.5,50,8,5
30,1,60,FrameTimeStutter,6.000,antimatter,practice,2026-08-31T00:06:27.6306034-04:00,2,364,6.35705,16.9679,2558.43,1440.00,0.000,0.000,7.4241,10.0516,19.1486,Left,0,0,0,0,0.0000,200.000,0,0.000,0,127.500,71.914,4.500,0.0300,0.0000,-20.00,antimatter,60,450;300;200;100;50,2,8,2.5,3.5,100,-10,5,250,40,5,250,60,1,8,11,0,0.06,4,0.5,50,8,5
30,1,60,FrameTimeStutter,6.000,antimatter,practice,2026-08-31T00:06:27.6306034-04:00,2,365,6.37364,16.5833,2558.43,1440.00,0.000,0.000,7.3771,10.0516,19.1486,Left,0,0,0,0,0.0000,200.000,0,0.000,0,127.500,71.914,4.500,0.0300,0.0000,-20.00,antimatter,60,450;300;200;100;50,2,8,2.5,3.5,100,-10,5,250,40,5,250,60,1,8,11,0,0.06,4,0.5,50,8,5
30,1,60,FrameTimeStutter,6.000,antimatter,practice,2026-08-31T00:06:27.6306034-04:00,2,366,6.39031,16.6739,2558.43,1440.00,0.000,0.000,7.3331,10.0516,19.1486,Left,0,0,0,0,0.0000,200.000,0,0.000,0,127.500,71.914,4.500,0.0300,0.0000,-20.00,antimatter,60,450;300;200;100;50,2,8,2.5,3.5,100,-10,5,250,40,5,250,60,1,8,11,0,0.06,4,0.5,50,8,5
30,1,60,FrameTimeStutter,6.000,antimatter,practice,2026-08-31T00:06:27.6306034-04:00,2,367,6.40679,16.4840,2558.43,1440.00,0.000,0.000,7.2927,10.0516,19.1486,Left,0,0,0,0,0.0000,200.000,0,0.000,0,127.500,71.914,4.500,0.0300,0.0000,-20.00,antimatter,60,450;300;200;100;50,2,8,2.5,3.5,100,-10,5,250,40,5,250,60,1,8,11,0,0.06,4,0.5,50,8,5
30,1,60,FrameTimeStutter,6.000,antimatter,practice,2026-08-31T00:06:27.6306034-04:00,2,368,6.42344,16.6440,2558.43,1440.00,0.000,0.000,7.2549,10.0516,19.1486,Left,0,0,0,0,0.0000,200.000,0,0.000,0,127.500,71.914,4.500,0.0300,0.0000,-20.00,antimatter,60,450;300;200;100;50,2,8,2.5,3.5,100,-10,5,250,40,5,250,60,1,8,11,0,0.06,4,0.5,50,8,5
30,1,60,FrameTimeStutter,6.000,antimatter,practice,2026-08-31T00:06:27.6306034-04:00,2,369,6.43973,16.2967,2558.43,1440.00,0.000,0.000,7.2207,10.0516,19.1486,Left,0,0,0,0,0.0000,200.000,0,0.000,0,127.500,71.914,4.500,0.0300,0.0000,-20.00,antimatter,60,450;300;200;100;50,2,8,2.5,3.5,100,-10,5,250,40,5,250,60,1,8,11,0,0.06,4,0.5,50,8,5
30,1,60,FrameTimeStutter,6.000,antimatter,practice,2026-08-31T00:06:27.6306034-04:00,2,370,6.45681,17.0788,2558.43,1440.00,0.000,0.000,7.1878,10.0516,19.1486,Left,0,0,0,0,0.0000,200.000,0,0.000,0,127.500,71.914,4.500,0.0300,0.0000,-20.00,antimatter,60,450;300;200;100;50,2,8,2.5,3.5,100,-10,5,250,40,5,250,60,1,8,11,0,0.06,4,0.5,50,8,5
30,1,60,FrameTimeStutter,6.000,antimatter,practice,2026-08-31T00:06:27.6306034-04:00,2,371,6.47375,16.9395,2558.43,1440.00,0.000,0.000,7.1579,10.0516,19.1486,Left,0,0,0,0,0.0000,200.000,0,0.000,0,127.500,71.914,4.500,0.0300,0.0000,-20.00,antimatter,60,450;300;200;100;50,2,8,2.5,3.5,100,-10,5,250,40,5,250,60,1,8,11,0,0.06,4,0.5,50,8,5
30,1,60,FrameTimeStutter,6.000,antimatter,practice,2026-08-31T00:06:27.6306034-04:00,2,372,6.48979,16.0384,2558.43,1440.00,0.000,0.000,7.1320,10.0516,19.1486,Left,0,0,0,0,0.0000,200.000,0,0.000,0,127.500,71.914,4.500,0.0300,0.0000,-20.00,antimatter,60,450;300;200;100;50,2,8,2.5,3.5,100,-10,5,250,40,5,250,60,1,8,11,0,0.06,4,0.5,50,8,5
30,1,60,FrameTimeStutter,6.000,antimatter,practice,2026-08-31T00:06:27.6306034-04:00,2,373,6.50667,16.8831,2558.43,1440.00,0.000,0.000,7.1072,10.0516,19.1486,Left,0,0,0,0,0.0000,200.000,0,0.000,0,127.500,71.914,4.500,0.0300,0.0000,-20.00,antimatter,60,450;300;200;100;50,2,8,2.5,3.5,100,-10,5,250,40,5,250,60,1,8,11,0,0.06,4,0.5,50,8,5
30,1,60,FrameTimeStutter,6.000,antimatter,practice,2026-08-31T00:06:27.6306034-04:00,2,374,6.52377,17.0994,2558.43,1440.00,0.000,0.000,7.0845,10.0516,19.1486,Left,0,0,0,0,0.0000,200.000,0,0.000,0,127.500,71.914,4.500,0.0300,0.0000,-20.00,antimatter,60,450;300;200;100;50,2,8,2.5,3.5,100,-10,5,250,40,5,250,60,1,8,11,0,0.06,4,0.5,50,8,5
30,1,60,FrameTimeStutter,6.000,antimatter,practice,2026-08-31T00:06:27.6306034-04:00,2,375,6.53982,16.0490,2558.43,1440.00,0.000,0.000,7.0653,10.0516,19.1486,Left,0,0,0,0,0.0000,200.000,0,0.000,0,127.500,71.914,4.500,0.0300,0.0000,-20.00,antimatter,60,450;300;200;100;50,2,8,2.5,3.5,100,-10,5,250,40,5,250,60,1,8,11,0,0.06,4,0.5,50,8,5
30,1,60,FrameTimeStutter,6.000,antimatter,practice,2026-08-31T00:06:27.6306034-04:00,2,376,6.55636,16.5352,2558.43,1440.00,0.000,0.000,7.0476,10.0516,19.1486,Left,0,0,0,0,0.0000,200.000,0,0.000,0,127.500,71.914,4.500,0.0300,0.0000,-20.00,antimatter,60,450;300;200;100;50,2,8,2.5,3.5,100,-10,5,250,40,5,250,60,1,8,11,0,0.06,4,0.5,50,8,5
30,1,60,FrameTimeStutter,6.000,antimatter,practice,2026-08-31T00:06:27.6306034-04:00,2,377,6.57303,16.6718,2558.43,1440.00,0.000,0.000,7.0317,10.0516,19.1486,Left,0,0,0,0,0.0000,200.000,0,0.000,0,127.500,71.914,4.500,0.0300,0.0000,-20.00,antimatter,60,450;300;200;100;50,2,8,2.5,3.5,100,-10,5,250,40,5,250,60,1,8,11,0,0.06,4,0.5,50,8,5
30,1,60,FrameTimeStutter,6.000,antimatter,practice,2026-08-31T00:06:27.6306034-04:00,2,378,6.59013,17.0990,2558.43,1440.00,0.000,0.000,7.0173,10.0516,19.1486,Left,0,0,0,0,0.0000,200.000,0,0.000,0,127.500,71.914,4.500,0.0300,0.0000,-20.00,antimatter,60,450;300;200;100;50,2,8,2.5,3.5,100,-10,5,250,40,5,250,60,1,8,11,0,0.06,4,0.5,50,8,5
30,1,60,FrameTimeStutter,6.000,antimatter,practice,2026-08-31T00:06:27.6306034-04:00,2,379,6.60638,16.2527,2558.43,1440.00,0.000,0.000,7.0054,10.0516,19.1486,Left,0,0,0,0,0.0000,200.000,0,0.000,0,127.500,71.914,4.500,0.0300,0.0000,-20.00,antimatter,60,450;300;200;100;50,2,8,2.5,3.5,100,-10,5,250,40,5,250,60,1,8,11,0,0.06,4,0.5,50,8,5
30,1,60,FrameTimeStutter,6.000,antimatter,practice,2026-08-31T00:06:27.6306034-04:00,2,380,6.62358,17.1936,2558.43,1440.00,0.000,0.000,6.9944,10.0516,19.1486,Left,0,0,0,0,0.0000,200.000,0,0.000,0,127.500,71.914,4.500,0.0300,0.0000,-20.00,antimatter,60,450;300;200;100;50,2,8,2.5,3.5,100,-10,5,250,40,5,250,60,1,8,11,0,0.06,4,0.5,50,8,5
30,1,60,FrameTimeStutter,6.000,antimatter,practice,2026-08-31T00:06:27.6306034-04:00,2,381,6.64009,16.5111,2558.43,1440.00,0.000,0.000,6.9854,10.0516,19.1486,Left,0,0,0,0,0.0000,200.000,0,0.000,0,127.500,71.914,4.500,0.0300,0.0000,-20.00,antimatter,60,450;300;200;100;50,2,8,2.5,3.5,100,-10,5,250,40,5,250,60,1,8,11,0,0.06,4,0.5,50,8,5
30,1,60,FrameTimeStutter,6.000,antimatter,practice,2026-08-31T00:06:27.6306034-04:00,2,382,6.65666,16.5740,2558.43,1440.00,0.000,0.000,6.9778,10.0516,19.1486,Left,0,0,0,0,0.0000,200.000,0,0.000,0,127.500,71.914,4.500,0.0300,0.0000,-20.00,antimatter,60,450;300;200;100;50,2,8,2.5,3.5,100,-10,5,250,40,5,250,60,1,8,11,0,0.06,4,0.5,50,8,5
30,1,60,FrameTimeStutter,6.000,antimatter,practice,2026-08-31T00:06:27.6306034-04:00,2,383,6.67359,16.9294,2558.43,1440.00,0.000,0.000,6.9712,10.0516,19.1486,Left,0,0,0,0,0.0000,200.000,0,0.000,0,127.500,71.914,4.500,0.0300,0.0000,-20.00,antimatter,60,450;300;200;100;50,2,8,2.5,3.5,100,-10,5,250,40,5,250,60,1,8,11,0,0.06,4,0.5,50,8,5
30,1,60,FrameTimeStutter,6.000,antimatter,practice,2026-08-31T00:06:27.6306034-04:00,2,384,6.69002,16.4341,2558.43,1440.00,0.000,0.000,6.9661,10.0516,19.1486,Left,0,0,0,0,0.0000,200.000,0,0.000,0,127.500,71.914,4.500,0.0300,0.0000,-20.00,antimatter,60,450;300;200;100;50,2,8,2.5,3.5,100,-10,5,250,40,5,250,60,1,8,11,0,0.06,4,0.5,50,8,5
30,1,60,FrameTimeStutter,6.000,antimatter,practice,2026-08-31T00:06:27.6306034-04:00,2,385,6.70662,16.5933,2558.43,1440.00,0.000,0.000,6.9619,10.0516,19.1486,Left,0,0,0,0,0.0000,200.000,0,0.000,0,127.500,71.914,4.500,0.0300,0.0000,-20.00,antimatter,60,450;300;200;100;50,2,8,2.5,3.5,100,-10,5,250,40,5,250,60,1,8,11,0,0.06,4,0.5,50,8,5
30,1,60,FrameTimeStutter,6.000,antimatter,practice,2026-08-31T00:06:27.6306034-04:00,2,386,6.72315,16.5327,2558.43,1440.00,0.000,0.000,6.9586,10.0516,19.1486,Left,0,0,0,0,0.0000,200.000,0,0.000,0,127.500,71.914,4.500,0.0300,0.0000,-20.00,antimatter,60,450;300;200;100;50,2,8,2.5,3.5,100,-10,5,250,40,5,250,60,1,8,11,0,0.06,4,0.5,50,8,5
30,1,60,FrameTimeStutter,6.000,antimatter,practice,2026-08-31T00:06:27.6306034-04:00,2,387,6.73989,16.7380,2558.43,1440.00,0.000,0.000,6.9561,10.0516,19.1486,Left,0,0,0,0,0.0000,200.000,0,0.000,0,127.500,71.914,4.500,0.0300,0.0000,-20.00,antimatter,60,450;300;200;100;50,2,8,2.5,3.5,100,-10,5,250,40,5,250,60,1,8,11,0,0.06,4,0.5,50,8,5
30,1,60,FrameTimeStutter,6.000,antimatter,practice,2026-08-31T00:06:27.6306034-04:00,2,388,6.75687,16.9853,2558.43,1440.00,0.000,0.000,6.9543,10.0516,19.1486,Left,0,0,0,0,0.0000,200.000,0,0.000,0,127.500,71.914,4.500,0.0300,0.0000,-20.00,antimatter,60,450;300;200;100;50,2,8,2.5,3.5,100,-10,5,250,40,5,250,60,1,8,11,0,0.06,4,0.5,50,8,5
30,1,60,FrameTimeStutter,6.000,antimatter,practice,2026-08-31T00:06:27.6306034-04:00,2,389,6.77371,16.8397,2558.43,1440.00,0.000,0.000,6.9531,10.0516,19.1486,Left,0,0,0,0,0.0000,200.000,0,0.000,0,127.500,71.914,4.500,0.0300,0.0000,-20.00,antimatter,60,450;300;200;100;50,2,8,2.5,3.5,100,-10,5,250,40,5,250,60,1,8,11,0,0.06,4,0.5,50,8,5
30,1,60,FrameTimeStutter,6.000,antimatter,practice,2026-08-31T00:06:27.6306034-04:00,2,390,6.78979,16.0793,2558.43,1440.00,0.000,0.000,6.9524,10.0516,19.1486,Left,0,0,0,0,0.0000,200.000,0,0.000,0,127.500,71.914,4.500,0.0300,0.0000,-20.00,antimatter,60,450;300;200;100;50,2,8,2.5,3.5,100,-10,5,250,40,5,250,60,1,8,11,0,0.06,4,0.5,50,8,5
30,1,60,FrameTimeStutter,6.000,antimatter,practice,2026-08-31T00:06:27.6306034-04:00,2,391,6.80635,16.5576,2558.43,1440.00,0.000,0.000,6.9520,10.0516,19.1486,Left,0,0,0,0,0.0000,200.000,0,0.000,0,127.500,71.914,4.500,0.0300,0.0000,-20.00,antimatter,60,450;300;200;100;50,2,8,2.5,3.5,100,-10,5,250,40,5,250,60,1,8,11,0,0.06,4,0.5,50,8,5
30,1,60,FrameTimeStutter,6.000,antimatter,practice,2026-08-31T00:06:27.6306034-04:00,2,392,6.82301,16.6586,2558.43,1440.00,0.000,0.000,6.9519,10.0516,19.1486,Left,0,0,0,0,0.0000,200.000,0,0.000,0,127.500,71.914,4.500,0.0300,0.0000,-20.00,antimatter,60,450;300;200;100;50,2,8,2.5,3.5,100,-10,5,250,40,5,250,60,1,8,11,0,0.06,4,0.5,50,8,5
30,1,60,FrameTimeStutter,6.000,antimatter,practice,2026-08-31T00:06:27.6306034-04:00,2,393,6.84031,17.3009,2558.43,1440.00,0.000,0.000,6.9519,10.0516,19.1486,Left,0,0,0,0,0.0000,200.000,0,0.000,0,127.500,71.914,4.500,0.0300,0.0000,-20.00,antimatter,60,450;300;200;100;50,2,8,2.5,3.5,100,-10,5,250,40,5,250,60,1,8,11,0,0.06,4,0.5,50,8,5
30,1,60,FrameTimeStutter,6.000,antimatter,practice,2026-08-31T00:06:27.6306034-04:00,2,394,6.85696,16.6544,2558.43,1440.00,0.000,0.000,6.9519,10.0516,8.2243,Left,0,0,0,0,0.0000,200.000,0,0.000,0,127.500,71.914,4.500,0.0300,0.0000,-20.00,antimatter,60,450;300;200;100;50,2,8,2.5,3.5,100,-10,5,250,40,5,250,60,1,8,11,0,0.06,4,0.5,50,8,5
30,1,60,FrameTimeStutter,6.000,antimatter,practice,2026-08-31T00:06:27.6306034-04:00,2,395,6.87267,15.7057,2558.43,1440.00,0.000,0.000,6.9519,10.0516,8.2243,Left,0,0,0,0,0.0000,200.000,0,0.000,0,127.500,71.914,4.500,0.0300,0.0000,-20.00,antimatter,60,450;300;200;100;50,2,8,2.5,3.5,100,-10,5,250,40,5,250,60,1,8,11,0,0.06,4,0.5,50,8,5
30,1,60,FrameTimeStutter,6.000,antimatter,practice,2026-08-31T00:06:27.6306034-04:00,2,396,6.89006,17.3947,2558.43,1440.00,0.000,0.000,6.9519,10.0516,8.2243,Left,0,0,0,0,0.0000,200.000,0,0.000,0,127.500,71.914,4.500,0.0300,0.0000,-20.00,antimatter,60,450;300;200;100;50,2,8,2.5,3.5,100,-10,5,250,40,5,250,60,1,8,11,0,0.06,4,0.5,50,8,5
30,1,60,FrameTimeStutter,6.000,antimatter,practice,2026-08-31T00:06:27.6306034-04:00,2,397,6.90710,17.0378,2558.43,1440.00,0.000,0.000,6.9519,10.0516,8.2243,Left,0,0,0,0,0.0000,200.000,0,0.000,0,127.500,71.914,4.500,0.0300,0.0000,-20.00,antimatter,60,450;300;200;100;50,2,8,2.5,3.5,100,-10,5,250,40,5,250,60,1,8,11,0,0.06,4,0.5,50,8,5
30,1,60,FrameTimeStutter,6.000,antimatter,practice,2026-08-31T00:06:27.6306034-04:00,2,398,6.92317,16.0658,2558.43,1440.00,0.000,0.000,6.9519,10.0516,8.2243,Left,0,0,0,0,0.0000,200.000,0,0.000,0,127.500,71.914,4.500,0.0300,0.0000,-20.00,antimatter,60,450;300;200;100;50,2,8,2.5,3.5,100,-10,5,250,40,5,250,60,1,8,11,0,0.06,4,0.5,50,8,5
30,1,60,FrameTimeStutter,6.000,antimatter,practice,2026-08-31T00:06:27.6306034-04:00,2,399,6.93981,16.6448,2558.43,1440.00,0.000,0.000,6.9519,10.0516,8.2243,Left,0,0,0,0,0.0000,200.000,0,0.000,0,127.500,71.914,4.500,0.0300,0.0000,-20.00,antimatter,60,450;300;200;100;50,2,8,2.5,3.5,100,-10,5,250,40,5,250,60,1,8,11,0,0.06,4,0.5,50,8,5
30,1,60,FrameTimeStutter,6.000,antimatter,practice,2026-08-31T00:06:27.6306034-04:00,2,400,6.95687,17.0563,2558.43,1440.00,0.000,0.000,6.9519,10.0516,8.2243,Left,0,0,0,0,0.0000,200.000,0,0.000,0,127.500,71.914,4.500,0.0300,0.0000,-20.00,antimatter,60,450;300;200;100;50,2,8,2.5,3.5,100,-10,5,250,40,5,250,60,1,8,11,0,0.06,4,0.5,50,8,5
30,1,60,FrameTimeStutter,6.000,antimatter,practice,2026-08-31T00:06:27.6306034-04:00,2,401,6.97310,16.2353,2558.43,1440.00,0.000,0.000,6.9519,10.0516,8.2243,Left,0,0,0,0,0.0000,200.000,0,0.000,0,127.500,71.914,4.500,0.0300,0.0000,-20.00,antimatter,60,450;300;200;100;50,2,8,2.5,3.5,100,-10,5,250,40,5,250,60,1,8,11,0,0.06,4,0.5,50,8,5
30,1,60,FrameTimeStutter,6.000,antimatter,practice,2026-08-31T00:06:27.6306034-04:00,2,402,6.99018,17.0735,2558.43,1440.00,0.000,0.000,6.9519,10.0516,8.2243,Left,0,0,0,0,0.0000,200.000,0,0.000,0,127.500,71.914,4.500,0.0300,0.0000,-20.00,antimatter,60,450;300;200;100;50,2,8,2.5,3.5,100,-10,5,250,40,5,250,60,1,8,11,0,0.06,4,0.5,50,8,5
30,1,60,FrameTimeStutter,6.000,antimatter,practice,2026-08-31T00:06:27.6306034-04:00,2,403,7.00687,16.6956,2558.43,1440.00,0.000,0.000,6.9519,10.0516,8.2243,Left,0,0,0,0,0.0000,200.000,0,0.000,0,127.500,71.914,4.500,0.0300,0.0000,-20.00,antimatter,60,450;300;200;100;50,2,8,2.5,3.5,100,-10,5,250,40,5,250,60,1,8,11,0,0.06,4,0.5,50,8,5
30,1,60,FrameTimeStutter,6.000,antimatter,practice,2026-08-31T00:06:27.6306034-04:00,2,404,7.02308,16.2061,2558.43,1440.00,0.000,0.000,6.9519,10.0516,8.2243,Left,0,0,0,0,0.0000,200.000,0,0.000,0,127.500,71.914,4.500,0.0300,0.0000,-20.00,antimatter,60,450;300;200;100;50,2,8,2.5,3.5,100,-10,5,250,40,5,250,60,1,8,11,0,0.06,4,0.5,50,8,5
30,1,60,FrameTimeStutter,6.000,antimatter,practice,2026-08-31T00:06:27.6306034-04:00,2,405,7.04033,17.2506,2558.43,1440.00,0.000,0.000,6.9519,10.0516,8.2243,Left,0,0,0,0,0.0000,200.000,0,0.000,0,127.500,71.914,4.500,0.0300,0.0000,-20.00,antimatter,60,450;300;200;100;50,2,8,2.5,3.5,100,-10,5,250,40,5,250,60,1,8,11,0,0.06,4,0.5,50,8,5
30,1,60,FrameTimeStutter,6.000,antimatter,practice,2026-08-31T00:06:27.6306034-04:00,2,406,7.05635,16.0150,2558.43,1440.00,0.000,0.000,6.9519,10.0516,8.2243,Left,0,0,0,0,0.0000,200.000,0,0.000,0,127.500,71.914,4.500,0.0300,0.0000,-20.00,antimatter,60,450;300;200;100;50,2,8,2.5,3.5,100,-10,5,250,40,5,250,60,1,8,11,0,0.06,4,0.5,50,8,5
30,1,60,FrameTimeStutter,6.000,antimatter,practice,2026-08-31T00:06:27.6306034-04:00,2,407,7.07352,17.1725,2558.43,1440.00,0.000,0.000,6.9519,10.0516,8.2243,Left,0,0,0,0,0.0000,200.000,0,0.000,0,127.500,71.914,4.500,0.0300,0.0000,-20.00,antimatter,60,450;300;200;100;50,2,8,2.5,3.5,100,-10,5,250,40,5,250,60,1,8,11,0,0.06,4,0.5,50,8,5
30,1,60,FrameTimeStutter,6.000,antimatter,practice,2026-08-31T00:06:27.6306034-04:00,2,408,7.09029,16.7711,2558.43,1440.00,0.000,0.000,6.9519,10.0516,8.2243,Left,0,0,0,0,0.0000,200.000,0,0.000,0,127.500,71.914,4.500,0.0300,0.0000,-20.00,antimatter,60,450;300;200;100;50,2,8,2.5,3.5,100,-10,5,250,40,5,250,60,1,8,11,0,0.06,4,0.5,50,8,5
30,1,60,FrameTimeStutter,6.000,antimatter,practice,2026-08-31T00:06:27.6306034-04:00,2,409,7.10719,16.8982,2558.43,1440.00,0.000,0.000,6.9519,10.0516,8.2243,Left,0,0,0,0,0.0000,200.000,0,0.000,0,127.500,71.914,4.500,0.0300,0.0000,-20.00,antimatter,60,450;300;200;100;50,2,8,2.5,3.5,100,-10,5,250,40,5,250,60,1,8,11,0,0.06,4,0.5,50,8,5
30,1,60,FrameTimeStutter,6.000,antimatter,practice,2026-08-31T00:06:27.6306034-04:00,2,410,7.12331,16.1259,2558.43,1440.00,0.000,0.000,6.9519,10.0516,8.2243,Left,0,0,0,0,0.0000,200.000,0,0.000,0,127.500,71.914,4.500,0.0300,0.0000,-20.00,antimatter,60,450;300;200;100;50,2,8,2.5,3.5,100,-10,5,250,40,5,250,60,1,8,11,0,0.06,4,0.5,50,8,5
30,1,60,FrameTimeStutter,6.000,antimatter,practice,2026-08-31T00:06:27.6306034-04:00,2,411,7.14014,16.8269,2558.43,1440.00,0.000,0.000,6.9519,10.0516,8.2243,Left,0,0,0,0,0.0000,200.000,0,0.000,0,127.500,71.914,4.500,0.0300,0.0000,-20.00,antimatter,60,450;300;200;100;50,2,8,2.5,3.5,100,-10,5,250,40,5,250,60,1,8,11,0,0.06,4,0.5,50,8,5
30,1,60,FrameTimeStutter,6.000,antimatter,practice,2026-08-31T00:06:27.6306034-04:00,2,412,7.15687,16.7285,2558.43,1440.00,0.000,0.000,6.9519,10.0516,8.2243,Left,0,0,0,0,0.0000,200.000,0,0.000,0,127.500,71.914,4.500,0.0300,0.0000,-20.00,antimatter,60,450;300;200;100;50,2,8,2.5,3.5,100,-10,5,250,40,5,250,60,1,8,11,0,0.06,4,0.5,50,8,5
30,1,60,FrameTimeStutter,6.000,antimatter,practice,2026-08-31T00:06:27.6306034-04:00,2,413,7.17365,16.7799,2558.43,1440.00,0.000,0.000,6.9519,10.0516,8.2243,Left,0,0,0,0,0.0000,200.000,0,0.000,0,127.500,71.914,4.500,0.0300,0.0000,-20.00,antimatter,60,450;300;200;100;50,2,8,2.5,3.5,100,-10,5,250,40,5,250,60,1,8,11,0,0.06,4,0.5,50,8,5
30,1,60,FrameTimeStutter,6.000,antimatter,practice,2026-08-31T00:06:27.6306034-04:00,2,414,7.19047,16.8204,2558.43,1440.00,0.000,0.000,6.9519,10.0516,8.2243,Left,0,0,0,0,0.0000,200.000,0,0.000,0,127.500,71.914,4.500,0.0300,0.0000,-20.00,antimatter,60,450;300;200;100;50,2,8,2.5,3.5,100,-10,5,250,40,5,250,60,1,8,11,0,0.06,4,0.5,50,8,5
30,1,60,FrameTimeStutter,6.000,antimatter,practice,2026-08-31T00:06:27.6306034-04:00,2,415,7.20717,16.7060,2558.43,1440.00,0.000,0.000,6.9519,10.0516,8.2243,Left,0,0,0,0,0.0000,200.000,0,0.000,0,127.500,71.914,4.500,0.0300,0.0000,-20.00,antimatter,60,450;300;200;100;50,2,8,2.5,3.5,100,-10,5,250,40,5,250,60,1,8,11,0,0.06,4,0.5,50,8,5
30,1,60,FrameTimeStutter,6.000,antimatter,practice,2026-08-31T00:06:27.6306034-04:00,2,416,7.22306,15.8823,2558.43,1440.00,0.000,0.000,6.9519,10.0516,8.2243,Left,0,0,0,0,0.0000,200.000,0,0.000,0,127.500,71.914,4.500,0.0300,0.0000,-20.00,antimatter,60,450;300;200;100;50,2,8,2.5,3.5,100,-10,5,250,40,5,250,60,1,8,11,0,0.06,4,0.5,50,8,5
30,1,60,FrameTimeStutter,6.000,antimatter,practice,2026-08-31T00:06:27.6306034-04:00,2,417,7.24038,17.3240,2558.43,1440.00,0.000,0.000,6.9519,10.0516,8.2243,Left,0,0,0,0,0.0000,200.000,0,0.000,0,127.500,71.914,4.500,0.0300,0.0000,-20.00,antimatter,60,450;300;200;100;50,2,8,2.5,3.5,100,-10,5,250,40,5,250,60,1,8,11,0,0.06,4,0.5,50,8,5
30,1,60,FrameTimeStutter,6.000,antimatter,practice,2026-08-31T00:06:27.6306034-04:00,2,418,7.25652,16.1367,2558.43,1440.00,0.000,0.000,6.9519,10.0516,8.2243,Left,0,0,0,0,0.0000,200.000,0,0.000,0,127.500,71.914,4.500,0.0300,0.0000,-20.00,antimatter,60,450;300;200;100;50,2,8,2.5,3.5,100,-10,5,250,40,5,250,60,1,8,11,0,0.06,4,0.5,50,8,5
30,1,60,FrameTimeStutter,6.000,antimatter,practice,2026-08-31T00:06:27.6306034-04:00,2,419,7.27370,17.1805,2558.43,1440.00,0.000,0.000,6.9519,10.0516,8.2243,Left,0,0,0,0,0.0000,200.000,0,0.000,0,127.500,71.914,4.500,0.0300,0.0000,-20.00,antimatter,60,450;300;200;100;50,2,8,2.5,3.5,100,-10,5,250,40,5,250,60,1,8,11,0,0.06,4,0.5,50,8,5
30,1,60,FrameTimeStutter,6.000,antimatter,practice,2026-08-31T00:06:27.6306034-04:00,2,420,7.28973,16.0354,2558.43,1440.00,0.000,0.000,6.9519,10.0516,8.2243,Left,0,0,0,0,0.0000,200.000,0,0.000,0,127.500,71.914,4.500,0.0300,0.0000,-20.00,antimatter,60,450;300;200;100;50,2,8,2.5,3.5,100,-10,5,250,40,5,250,60,1,8,11,0,0.06,4,0.5,50,8,5
30,1,60,FrameTimeStutter,6.000,antimatter,practice,2026-08-31T00:06:27.6306034-04:00,2,421,7.30677,17.0399,2558.43,1440.00,0.000,0.000,6.9519,10.0516,8.2243,Left,0,0,0,0,0.0000,200.000,0,0.000,0,127.500,71.914,4.500,0.0300,0.0000,-20.00,antimatter,60,450;300;200;100;50,2,8,2.5,3.5,100,-10,5,250,40,5,250,60,1,8,11,0,0.06,4,0.5,50,8,5
30,1,60,FrameTimeStutter,6.000,antimatter,practice,2026-08-31T00:06:27.6306034-04:00,2,422,7.32378,17.0119,2558.43,1440.00,0.000,0.000,6.9519,10.0516,8.2243,Left,0,0,0,0,0.0000,200.000,0,0.000,0,127.500,71.914,4.500,0.0300,0.0000,-20.00,antimatter,60,450;300;200;100;50,2,8,2.5,3.5,100,-10,5,250,40,5,250,60,1,8,11,0,0.06,4,0.5,50,8,5
30,1,60,FrameTimeStutter,6.000,antimatter,practice,2026-08-31T00:06:27.6306034-04:00,2,423,7.34003,16.2477,2558.43,1440.00,0.000,0.000,6.9519,10.0516,8.2243,Left,0,0,0,0,0.0000,200.000,0,0.000,0,127.500,71.914,4.500,0.0300,0.0000,-20.00,antimatter,60,450;300;200;100;50,2,8,2.5,3.5,100,-10,5,250,40,5,250,60,1,8,11,0,0.06,4,0.5,50,8,5
30,1,60,FrameTimeStutter,6.000,antimatter,practice,2026-08-31T00:06:27.6306034-04:00,2,424,7.35664,16.6083,2558.43,1440.00,0.000,0.000,6.9519,10.0516,8.2243,Left,0,0,0,0,0.0000,200.000,0,0.000,0,127.500,71.914,4.500,0.0300,0.0000,-20.00,antimatter,60,450;300;200;100;50,2,8,2.5,3.5,100,-10,5,250,40,5,250,60,1,8,11,0,0.06,4,0.5,50,8,5
30,1,60,FrameTimeStutter,6.000,antimatter,practice,2026-08-31T00:06:27.6306034-04:00,2,425,7.37363,16.9850,2558.43,1440.00,0.000,0.000,6.9519,10.0516,8.2243,Left,0,0,0,0,0.0000,200.000,0,0.000,0,127.500,71.914,4.500,0.0300,0.0000,-20.00,antimatter,60,450;300;200;100;50,2,8,2.5,3.5,100,-10,5,250,40,5,250,60,1,8,11,0,0.06,4,0.5,50,8,5
30,1,60,FrameTimeStutter,6.000,antimatter,practice,2026-08-31T00:06:27.6306034-04:00,2,426,7.39036,16.7385,2558.43,1440.00,0.000,0.000,6.9519,10.0516,8.2243,Left,0,0,0,0,0.0000,200.000,0,0.000,0,127.500,71.914,4.500,0.0300,0.0000,-20.00,antimatter,60,450;300;200;100;50,2,8,2.5,3.5,100,-10,5,250,40,5,250,60,1,8,11,0,0.06,4,0.5,50,8,5
30,1,60,FrameTimeStutter,6.000,antimatter,practice,2026-08-31T00:06:27.6306034-04:00,2,427,7.40652,16.1559,2558.43,1440.00,0.000,0.000,6.9519,10.0516,8.2243,Left,0,0,0,0,0.0000,200.000,0,0.000,0,127.500,71.914,4.500,0.0300,0.0000,-20.00,antimatter,60,450;300;200;100;50,2,8,2.5,3.5,100,-10,5,250,40,5,250,60,1,8,11,0,0.06,4,0.5,50,8,5
30,1,60,FrameTimeStutter,6.000,antimatter,practice,2026-08-31T00:06:27.6306034-04:00,2,428,7.42341,16.8925,2558.43,1440.00,0.000,0.000,6.9519,10.0516,8.2243,Left,0,0,0,0,0.0000,200.000,0,0.000,0,127.500,71.914,4.500,0.0300,0.0000,-20.00,antimatter,60,450;300;200;100;50,2,8,2.5,3.5,100,-10,5,250,40,5,250,60,1,8,11,0,0.06,4,0.5,50,8,5
30,1,60,FrameTimeStutter,6.000,antimatter,practice,2026-08-31T00:06:27.6306034-04:00,2,429,7.44051,17.0955,2558.43,1440.00,0.000,0.000,6.9519,10.0516,8.2243,Left,0,0,0,0,0.0000,200.000,0,0.000,0,127.500,71.914,4.500,0.0300,0.0000,-20.00,antimatter,60,450;300;200;100;50,2,8,2.5,3.5,100,-10,5,250,40,5,250,60,1,8,11,0,0.06,4,0.5,50,8,5
30,1,60,FrameTimeStutter,6.000,antimatter,practice,2026-08-31T00:06:27.6306034-04:00,2,430,7.45648,15.9716,2558.43,1440.00,0.000,0.000,6.9519,10.0516,8.2243,Left,0,0,0,0,0.0000,200.000,0,0.000,0,127.500,71.914,4.500,0.0300,0.0000,-20.00,antimatter,60,450;300;200;100;50,2,8,2.5,3.5,100,-10,5,250,40,5,250,60,1,8,11,0,0.06,4,0.5,50,8,5
30,1,60,FrameTimeStutter,6.000,antimatter,practice,2026-08-31T00:06:27.6306034-04:00,2,431,7.47369,17.2111,2558.43,1440.00,0.000,0.000,6.9519,10.0516,8.2243,Left,0,0,0,0,0.0000,200.000,0,0.000,0,127.500,71.914,4.500,0.0300,0.0000,-20.00,antimatter,60,450;300;200;100;50,2,8,2.5,3.5,100,-10,5,250,40,5,250,60,1,8,11,0,0.06,4,0.5,50,8,5
30,1,60,FrameTimeStutter,6.000,antimatter,practice,2026-08-31T00:06:27.6306034-04:00,2,432,7.49050,16.8063,2558.43,1440.00,0.000,0.000,6.9519,10.0516,8.2243,Left,0,0,0,0,0.0000,200.000,0,0.000,0,127.500,71.914,4.500,0.0300,0.0000,-20.00,antimatter,60,450;300;200;100;50,2,8,2.5,3.5,100,-10,5,250,40,5,250,60,1,8,11,0,0.06,4,0.5,50,8,5
30,1,60,FrameTimeStutter,6.000,antimatter,practice,2026-08-31T00:06:27.6306034-04:00,2,433,7.50720,16.7065,2558.43,1440.00,0.000,0.000,6.9519,10.0516,8.2243,Left,0,0,0,0,0.0000,200.000,0,0.000,0,127.500,71.914,4.500,0.0300,0.0000,-20.00,antimatter,60,450;300;200;100;50,2,8,2.5,3.5,100,-10,5,250,40,5,250,60,1,8,11,0,0.06,4,0.5,50,8,5
30,1,60,FrameTimeStutter,6.000,antimatter,practice,2026-08-31T00:06:27.6306034-04:00,2,434,7.52336,16.1561,2558.43,1440.00,0.000,0.000,6.9519,10.0516,8.2243,Left,0,0,0,0,0.0000,200.000,0,0.000,0,127.500,71.914,4.500,0.0300,0.0000,-20.00,antimatter,60,450;300;200;100;50,2,8,2.5,3.5,100,-10,5,250,40,5,250,60,1,8,11,0,0.06,4,0.5,50,8,5
30,1,60,FrameTimeStutter,6.000,antimatter,practice,2026-08-31T00:06:27.6306034-04:00,2,435,7.54012,16.7569,2558.43,1440.00,0.000,0.000,6.9519,10.0516,8.2243,Left,0,0,0,0,0.0000,200.000,0,0.000,0,127.500,71.914,4.500,0.0300,0.0000,-20.00,antimatter,60,450;300;200;100;50,2,8,2.5,3.5,100,-10,5,250,40,5,250,60,1,8,11,0,0.06,4,0.5,50,8,5
30,1,60,FrameTimeStutter,6.000,antimatter,practice,2026-08-31T00:06:27.6306034-04:00,2,436,7.55720,17.0826,2558.43,1440.00,0.000,0.000,6.9519,10.0516,8.2243,Left,0,0,0,0,0.0000,200.000,0,0.000,0,127.500,71.914,4.500,0.0300,0.0000,-20.00,antimatter,60,450;300;200;100;50,2,8,2.5,3.5,100,-10,5,250,40,5,250,60,1,8,11,0,0.06,4,0.5,50,8,5
30,1,60,FrameTimeStutter,6.000,antimatter,practice,2026-08-31T00:06:27.6306034-04:00,2,437,7.57346,16.2596,2558.43,1440.00,0.000,0.000,6.9519,10.0516,8.2243,Left,0,0,0,0,0.0000,200.000,0,0.000,0,127.500,71.914,4.500,0.0300,0.0000,-20.00,antimatter,60,450;300;200;100;50,2,8,2.5,3.5,100,-10,5,250,40,5,250,60,1,8,11,0,0.06,4,0.5,50,8,5
30,1,60,FrameTimeStutter,6.000,antimatter,practice,2026-08-31T00:06:27.6306034-04:00,2,438,7.59022,16.7652,2558.43,1440.00,0.000,0.000,6.9519,10.0516,8.2243,Left,0,0,0,0,0.0000,200.000,0,0.000,0,127.500,71.914,4.500,0.0300,0.0000,-20.00,antimatter,60,450;300;200;100;50,2,8,2.5,3.5,100,-10,5,250,40,5,250,60,1,8,11,0,0.06,4,0.5,50,8,5
30,1,60,FrameTimeStutter,6.000,antimatter,practice,2026-08-31T00:06:27.6306034-04:00,2,439,7.60665,16.4260,2558.43,1440.00,0.000,0.000,6.9519,10.0516,8.2243,Left,0,0,0,0,0.0000,200.000,0,0.000,0,127.500,71.914,4.500,0.0300,0.0000,-20.00,antimatter,60,450;300;200;100;50,2,8,2.5,3.5,100,-10,5,250,40,5,250,60,1,8,11,0,0.06,4,0.5,50,8,5
30,1,60,FrameTimeStutter,6.000,antimatter,practice,2026-08-31T00:06:27.6306034-04:00,2,440,7.62339,16.7445,2558.43,1440.00,0.000,0.000,6.9519,10.0516,8.2243,Left,0,0,0,0,0.0000,200.000,0,0.000,0,127.500,71.914,4.500,0.0300,0.0000,-20.00,antimatter,60,450;300;200;100;50,2,8,2.5,3.5,100,-10,5,250,40,5,250,60,1,8,11,0,0.06,4,0.5,50,8,5
30,1,60,FrameTimeStutter,6.000,antimatter,practice,2026-08-31T00:06:27.6306034-04:00,2,441,7.63990,16.5035,2558.43,1440.00,0.000,0.000,6.9519,10.0516,8.2243,Left,0,0,0,0,0.0000,200.000,0,0.000,0,127.500,71.914,4.500,0.0300,0.0000,-20.00,antimatter,60,450;300;200;100;50,2,8,2.5,3.5,100,-10,5,250,40,5,250,60,1,8,11,0,0.06,4,0.5,50,8,5
30,1,60,FrameTimeStutter,6.000,antimatter,practice,2026-08-31T00:06:27.6306034-04:00,2,442,7.65641,16.5161,2558.43,1440.00,0.000,0.000,6.9519,10.0516,8.2243,Left,0,0,0,0,0.0000,200.000,0,0.000,0,127.500,71.914,4.500,0.0300,0.0000,-20.00,antimatter,60,450;300;200;100;50,2,8,2.5,3.5,100,-10,5,250,40,5,250,60,1,8,11,0,0.06,4,0.5,50,8,5
30,1,60,FrameTimeStutter,6.000,antimatter,practice,2026-08-31T00:06:27.6306034-04:00,2,443,7.67371,17.2993,2558.43,1440.00,0.000,0.000,6.9519,10.0516,8.2243,Left,0,0,0,0,0.0000,200.000,0,0.000,0,127.500,71.914,4.500,0.0300,0.0000,-20.00,antimatter,60,450;300;200;100;50,2,8,2.5,3.5,100,-10,5,250,40,5,250,60,1,8,11,0,0.06,4,0.5,50,8,5
30,1,60,FrameTimeStutter,6.000,antimatter,practice,2026-08-31T00:06:27.6306034-04:00,2,444,7.69018,16.4636,2558.43,1440.00,0.000,0.000,6.9519,10.0516,8.2243,Left,0,0,0,0,0.0000,200.000,0,0.000,0,127.500,71.914,4.500,0.0300,0.0000,-20.00,antimatter,60,450;300;200;100;50,2,8,2.5,3.5,100,-10,5,250,40,5,250,60,1,8,11,0,0.06,4,0.5,50,8,5
30,1,60,FrameTimeStutter,6.000,antimatter,practice,2026-08-31T00:06:27.6306034-04:00,2,445,7.70636,16.1847,2558.43,1440.00,0.000,0.000,6.9519,10.0516,8.2243,Left,0,0,0,0,0.0000,200.000,0,0.000,0,127.500,71.914,4.500,0.0300,0.0000,-20.00,antimatter,60,450;300;200;100;50,2,8,2.5,3.5,100,-10,5,250,40,5,250,60,1,8,11,0,0.06,4,0.5,50,8,5
30,1,60,FrameTimeStutter,6.000,antimatter,practice,2026-08-31T00:06:27.6306034-04:00,2,446,7.72319,16.8254,2558.43,1440.00,0.000,0.000,6.9519,10.0516,8.2243,Left,0,0,0,0,0.0000,200.000,0,0.000,0,127.500,71.914,4.500,0.0300,0.0000,-20.00,antimatter,60,450;300;200;100;50,2,8,2.5,3.5,100,-10,5,250,40,5,250,60,1,8,11,0,0.06,4,0.5,50,8,5
30,1,60,FrameTimeStutter,6.000,antimatter,practice,2026-08-31T00:06:27.6306034-04:00,2,447,7.73979,16.6079,2558.43,1440.00,0.000,0.000,6.9519,10.0516,8.2243,Left,0,0,0,0,0.0000,200.000,0,0.000,0,127.500,71.914,4.500,0.0300,0.0000,-20.00,antimatter,60,450;300;200;100;50,2,8,2.5,3.5,100,-10,5,250,40,5,250,60,1,8,11,0,0.06,4,0.5,50,8,5
30,1,60,FrameTimeStutter,6.000,antimatter,practice,2026-08-31T00:06:27.6306034-04:00,2,448,7.75721,17.4151,2558.43,1440.00,0.000,0.000,6.9519,10.0516,8.2243,Left,0,0,0,0,0.0000,200.000,0,0.000,0,127.500,71.914,4.500,0.0300,0.0000,-20.00,antimatter,60,450;300;200;100;50,2,8,2.5,3.5,100,-10,5,250,40,5,250,60,1,8,11,0,0.06,4,0.5,50,8,5
30,1,60,FrameTimeStutter,6.000,antimatter,practice,2026-08-31T00:06:27.6306034-04:00,2,449,7.77388,16.6666,2558.43,1440.00,0.000,0.000,6.9519,10.0516,8.2243,Left,0,0,0,0,0.0000,200.000,0,0.000,0,127.500,71.914,4.500,0.0300,0.0000,-20.00,antimatter,60,450;300;200;100;50,2,8,2.5,3.5,100,-10,5,250,40,5,250,60,1,8,11,0,0.06,4,0.5,50,8,5
30,1,60,FrameTimeStutter,6.000,antimatter,practice,2026-08-31T00:06:27.6306034-04:00,2,450,7.78973,15.8489,2558.43,1440.00,0.000,0.000,6.9519,10.0516,8.2243,Left,0,0,0,0,0.0000,200.000,0,0.000,0,127.500,71.914,4.500,0.0300,0.0000,-20.00,antimatter,60,450;300;200;100;50,2,8,2.5,3.5,100,-10,5,250,40,5,250,60,1,8,11,0,0.06,4,0.5,50,8,5
30,1,60,FrameTimeStutter,6.000,antimatter,practice,2026-08-31T00:06:27.6306034-04:00,2,451,7.80654,16.8118,2558.43,1440.00,0.000,0.000,6.9519,10.0516,8.2243,Left,0,0,0,0,0.0000,200.000,0,0.000,0,127.500,71.914,4.500,0.0300,0.0000,-20.00,antimatter,60,450;300;200;100;50,2,8,2.5,3.5,100,-10,5,250,40,5,250,60,1,8,11,0,0.06,4,0.5,50,8,5
30,1,60,FrameTimeStutter,6.000,antimatter,practice,2026-08-31T00:06:27.6306034-04:00,2,452,7.82304,16.5062,2558.43,1440.00,0.000,0.000,6.9519,10.0516,8.2243,Left,0,0,0,0,0.0000,200.000,0,0.000,0,127.500,71.914,4.500,0.0300,0.0000,-20.00,antimatter,60,450;300;200;100;50,2,8,2.5,3.5,100,-10,5,250,40,5,250,60,1,8,11,0,0.06,4,0.5,50,8,5
30,1,60,FrameTimeStutter,6.000,antimatter,practice,2026-08-31T00:06:27.6306034-04:00,2,453,7.83968,16.6372,2558.43,1440.00,0.000,0.000,6.9519,10.0516,8.2243,Left,0,0,0,0,0.0000,200.000,0,0.000,0,127.500,71.914,4.500,0.0300,0.0000,-20.00,antimatter,60,450;300;200;100;50,2,8,2.5,3.5,100,-10,5,250,40,5,250,60,1,8,11,0,0.06,4,0.5,50,8,5
30,1,60,FrameTimeStutter,6.000,antimatter,practice,2026-08-31T00:06:27.6306034-04:00,2,454,7.85688,17.1997,2558.43,1440.00,0.000,0.000,6.9519,10.0516,8.2243,Left,0,0,0,0,0.0000,200.000,0,0.000,0,127.500,71.914,4.500,0.0300,0.0000,-20.00,antimatter,60,450;300;200;100;50,2,8,2.5,3.5,100,-10,5,250,40,5,250,60,1,8,11,0,0.06,4,0.5,50,8,5
30,1,60,FrameTimeStutter,6.000,antimatter,practice,2026-08-31T00:06:27.6306034-04:00,2,455,7.87355,16.6659,2558.43,1440.00,0.000,0.000,6.9519,10.0516,8.2243,Left,0,0,0,0,0.0000,200.000,0,0.000,0,127.500,71.914,4.500,0.0300,0.0000,-20.00,antimatter,60,450;300;200;100;50,2,8,2.5,3.5,100,-10,5,250,40,5,250,60,1,8,11,0,0.06,4,0.5,50,8,5
30,1,60,FrameTimeStutter,6.000,antimatter,practice,2026-08-31T00:06:27.6306034-04:00,2,456,7.89039,16.8386,2558.43,1440.00,0.000,0.000,6.9519,10.0516,8.2243,Left,0,0,0,0,0.0000,200.000,0,0.000,0,127.500,71.914,4.500,0.0300,0.0000,-20.00,antimatter,60,450;300;200;100;50,2,8,2.5,3.5,100,-10,5,250,40,5,250,60,1,8,11,0,0.06,4,0.5,50,8,5
30,1,60,FrameTimeStutter,6.000,antimatter,practice,2026-08-31T00:06:27.6306034-04:00,2,457,7.90638,15.9969,2558.43,1440.00,0.000,0.000,6.9519,10.0516,8.2243,Left,0,0,0,0,0.0000,200.000,0,0.000,0,127.500,71.914,4.500,0.0300,0.0000,-20.00,antimatter,60,450;300;200;100;50,2,8,2.5,3.5,100,-10,5,250,40,5,250,60,1,8,11,0,0.06,4,0.5,50,8,5
30,1,60,FrameTimeStutter,6.000,antimatter,practice,2026-08-31T00:06:27.6306034-04:00,2,458,7.92357,17.1827,2558.43,1440.00,0.000,0.000,6.9519,10.0516,8.2243,Left,0,0,0,0,0.0000,200.000,0,0.000,0,127.500,71.914,4.500,0.0300,0.0000,-20.00,antimatter,60,450;300;200;100;50,2,8,2.5,3.5,100,-10,5,250,40,5,250,60,1,8,11,0,0.06,4,0.5,50,8,5
30,1,60,FrameTimeStutter,6.000,antimatter,practice,2026-08-31T00:06:27.6306034-04:00,2,459,7.94056,16.9940,2558.43,1440.00,0.000,0.000,6.9519,10.0516,8.2243,Left,0,0,0,0,0.0000,200.000,0,0.000,0,127.500,71.914,4.500,0.0300,0.0000,-20.00,antimatter,60,450;300;200;100;50,2,8,2.5,3.5,100,-10,5,250,40,5,250,60,1,8,11,0,0.06,4,0.5,50,8,5
30,1,60,FrameTimeStutter,6.000,antimatter,practice,2026-08-31T00:06:27.6306034-04:00,2,460,7.95708,16.5160,2555.45,1440.00,-2.000,1.000,6.9153,10.0699,8.2243,Left,0,0,0,0,0.0000,200.000,0,0.000,0,127.500,71.914,4.500,0.0300,0.0000,-20.00,antimatter,60,450;300;200;100;50,2,8,2.5,3.5,100,-10,5,250,40,5,250,60,1,8,11,0,0.06,4,0.5,50,8,5
30,1,60,FrameTimeStutter,6.000,antimatter,practice,2026-08-31T00:06:27.6306034-04:00,2,461,7.97353,16.4535,2552.47,1440.00,-2.000,1.000,6.8787,10.0882,8.2243,Left,0,0,0,0,0.0000,200.000,0,0.000,0,127.500,71.914,4.500,0.0300,0.0000,-20.00,antimatter,60,450;300;200;100;50,2,8,2.5,3.5,100,-10,5,250,40,5,250,60,1,8,11,0,0.06,4,0.5,50,8,5
30,1,60,FrameTimeStutter,6.000,antimatter,practice,2026-08-31T00:06:27.6306034-04:00,2,462,7.98970,16.1738,2546.52,1440.00,-4.000,4.000,6.8056,10.1613,8.2243,Left,0,0,0,0,0.0000,200.000,0,0.000,0,127.500,71.914,4.500,0.0300,0.0000,-20.00,antimatter,60,450;300;200;100;50,2,8,2.5,3.5,100,-10,5,250,40,5,250,60,1,8,11,0,0.06,4,0.5,50,8,5
30,1,60,FrameTimeStutter,6.000,antimatter,practice,2026-08-31T00:06:27.6306034-04:00,2,463,8.00692,17.2161,2537.58,1440.00,-6.000,4.000,6.6959,10.2345,8.2243,Left,0,0,0,0,0.0000,200.000,0,0.000,0,127.500,71.914,4.500,0.0300,0.0000,-20.00,antimatter,60,450;300;200;100;50,2,8,2.5,3.5,100,-10,5,250,40,5,250,60,1,8,11,0,0.06,4,0.5,50,8,5
30,1,60,FrameTimeStutter,6.000,antimatter,practice,2026-08-31T00:06:27.6306034-04:00,2,464,8.02310,16.1793,2527.16,1440.00,-7.000,5.000,6.5679,10.3259,8.2243,Left,0,0,0,0,0.0000,200.000,0,0.000,0,127.500,71.914,4.500,0.0300,0.0000,-20.00,antimatter,60,450;300;200;100;50,2,8,2.5,3.5,100,-10,5,250,40,5,250,60,1,8,11,0,0.06,4,0.5,50,8,5
30,1,60,FrameTimeStutter,6.000,antimatter,practice,2026-08-31T00:06:27.6306034-04:00,2,465,8.03990,16.8065,2515.24,1440.00,-8.000,7.000,6.4216,10.4539,8.2243,Left,0,0,0,0,0.0000,200.000,0,0.000,0,127.500,71.914,4.500,0.0300,0.0000,-20.00,antimatter,60,450;300;200;100;50,2,8,2.5,3.5,100,-10,5,250,40,5,250,60,1,8,11,0,0.06,4,0.5,50,8,5
30,1,60,FrameTimeStutter,6.000,antimatter,practice,2026-08-31T00:06:27.6306034-04:00,2,466,8.05689,16.9909,2509.29,1440.00,-4.000,4.000,6.3484,10.5270,8.2243,Left,0,0,0,0,0.0000,200.000,0,0.000,0,127.500,71.914,4.500,0.0300,0.0000,-20.00,antimatter,60,450;300;200;100;50,2,8,2.5,3.5,100,-10,5,250,40,5,250,60,1,8,11,0,0.06,4,0.5,50,8,5
30,1,60,FrameTimeStutter,6.000,antimatter,practice,2026-08-31T00:06:27.6306034-04:00,2,467,8.07404,17.1484,2503.33,1440.00,-4.000,4.000,6.2753,10.6002,8.2243,Left,0,0,0,0,0.0000,200.000,0,0.000,0,127.500,71.914,4.500,0.0300,0.0000,-20.00,antimatter,60,450;300;200;100;50,2,8,2.5,3.5,100,-10,5,250,40,5,250,60,1,8,11,0,0.06,4,0.5,50,8,5
30,1,60,FrameTimeStutter,6.000,antimatter,practice,2026-08-31T00:06:27.6306034-04:00,2,468,8.09065,16.6017,2500.35,1440.00,-2.000,2.000,6.2387,10.6367,8.2243,Left,0,0,0,0,0.0000,200.000,0,0.000,0,127.500,71.914,4.500,0.0300,0.0000,-20.00,antimatter,60,450;300;200;100;50,2,8,2.5,3.5,100,-10,5,250,40,5,250,60,1,8,11,0,0.06,4,0.5,50,8,5
30,1,60,FrameTimeStutter,6.000,antimatter,practice,2026-08-31T00:06:27.6306034-04:00,2,469,8.10712,16.4766,2491.42,1440.00,-6.000,3.000,6.1290,10.6916,8.2243,Left,0,0,0,0,0.0000,200.000,0,0.000,0,127.500,71.914,4.500,0.0300,0.0000,-20.00,antimatter,60,450;300;200;100;50,2,8,2.5,3.5,100,-10,5,250,40,5,250,60,1,8,11,0,0.06,4,0.5,50,8,5
30,1,60,FrameTimeStutter,6.000,antimatter,practice,2026-08-31T00:06:27.6306034-04:00,2,470,8.12367,16.5474,2480.99,1440.00,-7.000,3.000,6.0010,10.7464,8.2243,Left,0,0,0,0,0.0000,200.000,0,0.000,0,127.500,71.914,4.500,0.0300,0.0000,-20.00,antimatter,60,450;300;200;100;50,2,8,2.5,3.5,100,-10,5,250,40,5,250,60,1,8,11,0,0.06,4,0.5,50,8,5
30,1,60,FrameTimeStutter,6.000,antimatter,practice,2026-08-31T00:06:27.6306034-04:00,2,471,8.14039,16.7176,2470.57,1440.00,-7.000,3.000,5.8730,10.8013,8.2243,Left,0,0,0,0,0.0000,200.000,0,0.000,0,127.500,71.914,4.500,0.0300,0.0000,-20.00,antimatter,60,450;300;200;100;50,2,8,2.5,3.5,100,-10,5,250,40,5,250,60,1,8,11,0,0.06,4,0.5,50,8,5
30,1,60,FrameTimeStutter,6.000,antimatter,practice,2026-08-31T00:06:27.6306034-04:00,2,472,8.15699,16.5994,2466.10,1440.00,-3.000,1.000,5.8182,10.8196,8.2243,Left,0,0,0,0,0.0000,200.000,0,0.000,0,127.500,71.914,4.500,0.0300,0.0000,-20.00,antimatter,60,450;300;200;100;50,2,8,2.5,3.5,100,-10,5,250,40,5,250,60,1,8,11,0,0.06,4,0.5,50,8,5
30,1,60,FrameTimeStutter,6.000,antimatter,practice,2026-08-31T00:06:27.6306034-04:00,2,473,8.17305,16.0689,2466.10,1440.00,0.000,1.000,5.8182,10.8379,8.2243,Left,0,0,0,0,0.0000,200.000,0,0.000,0,127.500,71.914,4.500,0.0300,0.0000,-20.00,antimatter,60,450;300;200;100;50,2,8,2.5,3.5,100,-10,5,250,40,5,250,60,1,8,11,0,0.06,4,0.5,50,8,5
30,1,60,FrameTimeStutter,6.000,antimatter,practice,2026-08-31T00:06:27.6306034-04:00,2,474,8.18996,16.9020,2464.61,1440.00,-1.000,0.000,5.7999,10.8379,8.2243,Left,0,0,0,0,0.0000,200.000,0,0.000,0,127.500,71.914,4.500,0.0300,0.0000,-20.00,antimatter,60,450;300;200;100;50,2,8,2.5,3.5,100,-10,5,250,40,5,250,60,1,8,11,0,0.06,4,0.5,50,8,5
30,1,60,FrameTimeStutter,6.000,antimatter,practice,2026-08-31T00:06:27.6306034-04:00,2,475,8.20715,17.1913,2464.61,1440.00,0.000,0.000,5.7999,10.8379,8.2243,Left,0,0,0,0,0.0000,200.000,0,0.000,0,127.500,71.914,4.500,0.0300,0.0000,-20.00,antimatter,60,450;300;200;100;50,2,8,2.5,3.5,100,-10,5,250,40,5,250,60,1,8,11,0,0.06,4,0.5,50,8,5
30,1,60,FrameTimeStutter,6.000,antimatter,practice,2026-08-31T00:06:27.6306034-04:00,2,476,8.22328,16.1276,2463.12,1440.00,-1.000,0.000,5.7815,10.8379,8.2243,Left,0,0,0,0,0.0000,200.000,0,0.000,0,127.500,71.914,4.500,0.0300,0.0000,-20.00,antimatter,60,450;300;200;100;50,2,8,2.5,3.5,100,-10,5,250,40,5,250,60,1,8,11,0,0.06,4,0.5,50,8,5
30,1,60,FrameTimeStutter,6.000,antimatter,practice,2026-08-31T00:06:27.6306034-04:00,2,477,8.24028,17.0005,2461.63,1440.00,-1.000,0.000,5.7632,10.8379,8.2243,Left,0,0,0,0,0.0000,200.000,0,0.000,0,127.500,71.914,4.500,0.0300,0.0000,-20.00,antimatter,60,450;300;200;100;50,2,8,2.5,3.5,100,-10,5,250,40,5,250,60,1,8,11,0,0.06,4,0.5,50,8,5
30,1,60,FrameTimeStutter,6.000,antimatter,practice,2026-08-31T00:06:27.6306034-04:00,2,478,8.25653,16.2540,2460.15,1440.00,-1.000,0.000,5.7449,10.8379,8.2243,Left,0,0,0,0,0.0000,200.000,0,0.000,0,127.500,71.914,4.500,0.0300,0.0000,-20.00,antimatter,60,450;300;200;100;50,2,8,2.5,3.5,100,-10,5,250,40,5,250,60,1,8,11,0,0.06,4,0.5,50,8,5
30,1,60,FrameTimeStutter,6.000,antimatter,practice,2026-08-31T00:06:27.6306034-04:00,2,479,8.27326,16.7338,2457.17,1440.00,-2.000,1.000,5.7083,10.8562,8.2243,Left,0,0,0,0,0.0000,200.000,0,0.000,0,127.500,71.914,4.500,0.0300,0.0000,-20.00,antimatter,60,450;300;200;100;50,2,8,2.5,3.5,100,-10,5,250,40,5,250,60,1,8,11,0,0.06,4,0.5,50,8,5
30,1,60,FrameTimeStutter,6.000,antimatter,practice,2026-08-31T00:06:27.6306034-04:00,2,480,8.29055,17.2801,2437.81,1440.00,-13.000,0.000,5.4706,10.8562,8.2243,Left,0,0,0,0,0.0000,200.000,0,0.000,0,127.500,71.914,4.500,0.0300,0.0000,-20.00,antimatter,60,450;300;200;100;50,2,8,2.5,3.5,100,-10,5,250,40,5,250,60,1,8,11,0,0.06,4,0.5,50,8,5
30,1,60,FrameTimeStutter,6.000,antimatter,practice,2026-08-31T00:06:27.6306034-04:00,2,481,8.30699,16.4446,2421.43,1440.00,-11.000,1.000,5.2695,10.8744,8.2243,Left,0,0,0,0,0.0000,200.000,0,0.000,0,127.500,71.914,4.500,0.0300,0.0000,-20.00,antimatter,60,450;300;200;100;50,2,8,2.5,3.5,100,-10,5,250,40,5,250,60,1,8,11,0,0.06,4,0.5,50,8,5
30,1,60,FrameTimeStutter,6.000,antimatter,practice,2026-08-31T00:06:27.6306034-04:00,2,482,8.32338,16.3935,2408.03,1440.00,-9.000,0.000,5.1049,10.8744,8.2243,Left,0,0,0,0,0.0000,200.000,0,0.000,0,127.500,71.914,4.500,0.0300,0.0000,-20.00,antimatter,60,450;300;200;100;50,2,8,2.5,3.5,100,-10,5,250,40,5,250,60,1,8,11,0,0.06,4,0.5,50,8,5
30,1,60,FrameTimeStutter,6.000,antimatter,practice,2026-08-31T00:06:27.6306034-04:00,2,483,8.34032,16.9347,2402.07,1440.00,-4.000,0.000,5.0318,10.8744,8.2243,Left,0,0,0,0,0.0000,200.000,0,0.000,0,127.500,71.914,4.500,0.0300,0.0000,-20.00,antimatter,60,450;300;200;100;50,2,8,2.5,3.5,100,-10,5,250,40,5,250,60,1,8,11,0,0.06,4,0.5,50,8,5
30,1,60,FrameTimeStutter,6.000,antimatter,practice,2026-08-31T00:06:27.6306034-04:00,2,484,8.35695,16.6286,2402.07,1440.00,0.000,0.000,5.0318,10.8744,8.2243,Left,0,0,0,0,0.0000,200.000,0,0.000,0,127.500,71.914,4.500,0.0300,0.0000,-20.00,antimatter,60,450;300;200;100;50,2,8,2.5,3.5,100,-10,5,250,40,5,250,60,1,8,11,0,0.06,4,0.5,50,8,5
30,1,60,FrameTimeStutter,6.000,antimatter,practice,2026-08-31T00:06:27.6306034-04:00,2,485,8.37308,16.1380,2402.07,1440.00,0.000,0.000,5.0318,10.8744,8.2243,Left,0,0,0,0,0.0000,200.000,0,0.000,0,127.500,71.914,4.500,0.0300,0.0000,-20.00,antimatter,60,450;300;200;100;50,2,8,2.5,3.5,100,-10,5,250,40,5,250,60,1,8,11,0,0.06,4,0.5,50,8,5
30,1,60,FrameTimeStutter,6.000,antimatter,practice,2026-08-31T00:06:27.6306034-04:00,2,486,8.39009,17.0067,2402.07,1440.00,0.000,0.000,5.0318,10.8744,8.2243,Left,0,0,0,0,0.0000,200.000,0,0.000,0,127.500,71.914,4.500,0.0300,0.0000,-20.00,antimatter,60,450;300;200;100;50,2,8,2.5,3.5,100,-10,5,250,40,5,250,60,1,8,11,0,0.06,4,0.5,50,8,5
30,1,60,FrameTimeStutter,6.000,antimatter,practice,2026-08-31T00:06:27.6306034-04:00,2,487,8.40700,16.9070,2402.07,1440.00,0.000,0.000,5.0318,10.8744,8.2243,Left,0,0,0,0,0.0000,200.000,0,0.000,0,127.500,71.914,4.500,0.0300,0.0000,-20.00,antimatter,60,450;300;200;100;50,2,8,2.5,3.5,100,-10,5,250,40,5,250,60,1,8,11,0,0.06,4,0.5,50,8,5
30,1,60,FrameTimeStutter,6.000,antimatter,practice,2026-08-31T00:06:27.6306034-04:00,2,488,8.42334,16.3472,2402.07,1440.00,0.000,0.000,5.0318,10.8744,8.2243,Left,0,0,0,0,0.0000,200.000,0,0.000,0,127.500,71.914,4.500,0.0300,0.0000,-20.00,antimatter,60,450;300;200;100;50,2,8,2.5,3.5,100,-10,5,250,40,5,250,60,1,8,11,0,0.06,4,0.5,50,8,5
30,1,60,FrameTimeStutter,6.000,antimatter,practice,2026-08-31T00:06:27.6306034-04:00,2,489,8.44028,16.9372,2402.07,1440.00,0.000,0.000,5.0318,10.8744,8.2243,Left,0,0,0,0,0.0000,200.000,0,0.000,0,127.500,71.914,4.500,0.0300,0.0000,-20.00,antimatter,60,450;300;200;100;50,2,8,2.5,3.5,100,-10,5,250,40,5,250,60,1,8,11,0,0.06,4,0.5,50,8,5
30,1,60,FrameTimeStutter,6.000,antimatter,practice,2026-08-31T00:06:27.6306034-04:00,2,490,8.45615,15.8674,2402.07,1440.00,0.000,0.000,5.0318,10.8744,8.2243,Left,0,0,0,0,0.0000,200.000,0,0.000,0,127.500,71.914,4.500,0.0300,0.0000,-20.00,antimatter,60,450;300;200;100;50,2,8,2.5,3.5,100,-10,5,250,40,5,250,60,1,8,11,0,0.06,4,0.5,50,8,5
30,1,60,FrameTimeStutter,6.000,antimatter,practice,2026-08-31T00:06:27.6306034-04:00,2,491,8.47321,17.0596,2402.07,1440.00,0.000,0.000,5.0318,10.8744,8.2243,Left,0,0,0,0,0.0000,200.000,0,0.000,0,127.500,71.914,4.500,0.0300,0.0000,-20.00,antimatter,60,450;300;200;100;50,2,8,2.5,3.5,100,-10,5,250,40,5,250,60,1,8,11,0,0.06,4,0.5,50,8,5
30,1,60,FrameTimeStutter,6.000,antimatter,practice,2026-08-31T00:06:27.6306034-04:00,2,492,8.49050,17.2937,2402.07,1440.00,0.000,0.000,5.0318,10.8744,8.2243,Left,0,0,0,0,0.0000,200.000,0,0.000,0,127.500,71.914,4.500,0.0300,0.0000,-20.00,antimatter,60,450;300;200;100;50,2,8,2.5,3.5,100,-10,5,250,40,5,250,60,1,8,11,0,0.06,4,0.5,50,8,5
30,1,60,FrameTimeStutter,6.000,antimatter,practice,2026-08-31T00:06:27.6306034-04:00,2,493,8.50719,16.6897,2402.07,1440.00,0.000,0.000,5.0318,10.8744,8.2243,Left,0,0,0,0,0.0000,200.000,0,0.000,0,127.500,71.914,4.500,0.0300,0.0000,-20.00,antimatter,60,450;300;200;100;50,2,8,2.5,3.5,100,-10,5,250,40,5,250,60,1,8,11,0,0.06,4,0.5,50,8,5
30,1,60,FrameTimeStutter,6.000,antimatter,practice,2026-08-31T00:06:27.6306034-04:00,2,494,8.52341,16.2199,2402.07,1440.00,0.000,0.000,5.0318,10.8744,8.2243,Left,0,0,0,0,0.0000,200.000,0,0.000,0,127.500,71.914,4.500,0.0300,0.0000,-20.00,antimatter,60,450;300;200;100;50,2,8,2.5,3.5,100,-10,5,250,40,5,250,60,1,8,11,0,0.06,4,0.5,50,8,5
30,1,60,FrameTimeStutter,6.000,antimatter,practice,2026-08-31T00:06:27.6306034-04:00,2,495,8.54022,16.8091,2402.07,1440.00,0.000,0.000,5.0318,10.8744,8.2243,Left,0,0,0,0,0.0000,200.000,0,0.000,0,127.500,71.914,4.500,0.0300,0.0000,-20.00,antimatter,60,450;300;200;100;50,2,8,2.5,3.5,100,-10,5,250,40,5,250,60,1,8,11,0,0.06,4,0.5,50,8,5
30,1,60,FrameTimeStutter,6.000,antimatter,practice,2026-08-31T00:06:27.6306034-04:00,2,496,8.55702,16.8000,2402.07,1440.00,0.000,0.000,5.0318,10.8744,8.2243,Left,0,0,0,0,0.0000,200.000,0,0.000,0,127.500,71.914,4.500,0.0300,0.0000,-20.00,antimatter,60,450;300;200;100;50,2,8,2.5,3.5,100,-10,5,250,40,5,250,60,1,8,11,0,0.06,4,0.5,50,8,5
30,1,60,FrameTimeStutter,6.000,antimatter,practice,2026-08-31T00:06:27.6306034-04:00,2,497,8.57336,16.3420,2402.07,1440.00,0.000,0.000,5.0318,10.8744,8.2243,Left,0,0,0,0,0.0000,200.000,0,0.000,0,127.500,71.914,4.500,0.0300,0.0000,-20.00,antimatter,60,450;300;200;100;50,2,8,2.5,3.5,100,-10,5,250,40,5,250,60,1,8,11,0,0.06,4,0.5,50,8,5
30,1,60,FrameTimeStutter,6.000,antimatter,practice,2026-08-31T00:06:27.6306034-04:00,2,498,8.59002,16.6557,2402.07,1440.00,0.000,0.000,5.0318,10.8744,8.2243,Left,0,0,0,0,0.0000,200.000,0,0.000,0,127.500,71.914,4.500,0.0300,0.0000,-20.00,antimatter,60,450;300;200;100;50,2,8,2.5,3.5,100,-10,5,250,40,5,250,60,1,8,11,0,0.06,4,0.5,50,8,5
30,1,60,FrameTimeStutter,6.000,antimatter,practice,2026-08-31T00:06:27.6306034-04:00,2,499,8.60675,16.7280,2402.07,1440.00,0.000,0.000,5.0318,10.8744,8.2243,Left,0,0,0,0,0.0000,200.000,0,0.000,0,127.500,71.914,4.500,0.0300,0.0000,-20.00,antimatter,60,450;300;200;100;50,2,8,2.5,3.5,100,-10,5,250,40,5,250,60,1,8,11,0,0.06,4,0.5,50,8,5
30,1,60,FrameTimeStutter,6.000,antimatter,practice,2026-08-31T00:06:27.6306034-04:00,2,500,8.62322,16.4784,2402.07,1440.00,0.000,0.000,5.0318,10.8744,8.2243,Left,0,0,0,0,0.0000,200.000,0,0.000,0,127.500,71.914,4.500,0.0300,0.0000,-20.00,antimatter,60,450;300;200;100;50,2,8,2.5,3.5,100,-10,5,250,40,5,250,60,1,8,11,0,0.06,4,0.5,50,8,5
30,1,60,FrameTimeStutter,6.000,antimatter,practice,2026-08-31T00:06:27.6306034-04:00,2,501,8.63991,16.6862,2402.07,1440.00,0.000,0.000,5.0318,10.8744,8.2243,Left,0,0,0,0,0.0000,200.000,0,0.000,0,127.500,71.914,4.500,0.0300,0.0000,-20.00,antimatter,60,450;300;200;100;50,2,8,2.5,3.5,100,-10,5,250,40,5,250,60,1,8,11,0,0.06,4,0.5,50,8,5
30,1,60,FrameTimeStutter,6.000,antimatter,practice,2026-08-31T00:06:27.6306034-04:00,2,502,8.65723,17.3188,2402.07,1440.00,0.000,0.000,5.0318,10.8744,8.2243,Left,0,0,0,0,0.0000,200.000,0,0.000,0,127.500,71.914,4.500,0.0300,0.0000,-20.00,antimatter,60,450;300;200;100;50,2,8,2.5,3.5,100,-10,5,250,40,5,250,60,1,8,11,0,0.06,4,0.5,50,8,5
30,1,60,FrameTimeStutter,6.000,antimatter,practice,2026-08-31T00:06:27.6306034-04:00,2,503,8.67315,15.9212,2402.07,1440.00,0.000,0.000,5.0318,10.8744,8.2243,Left,0,0,0,0,0.0000,200.000,0,0.000,0,127.500,71.914,4.500,0.0300,0.0000,-20.00,antimatter,60,450;300;200;100;50,2,8,2.5,3.5,100,-10,5,250,40,5,250,60,1,8,11,0,0.06,4,0.5,50,8,5
30,1,60,FrameTimeStutter,6.000,antimatter,practice,2026-08-31T00:06:27.6306034-04:00,2,504,8.69058,17.4277,2402.07,1440.00,0.000,0.000,5.0318,10.8744,8.2243,Left,0,0,0,0,0.0000,200.000,0,0.000,0,127.500,71.914,4.500,0.0300,0.0000,-20.00,antimatter,60,450;300;200;100;50,2,8,2.5,3.5,100,-10,5,250,40,5,250,60,1,8,11,0,0.06,4,0.5,50,8,5
30,1,60,FrameTimeStutter,6.000,antimatter,practice,2026-08-31T00:06:27.6306034-04:00,2,505,8.70664,16.0638,2402.07,1440.00,0.000,0.000,5.0318,10.8744,8.2243,Left,0,0,0,0,0.0000,200.000,0,0.000,0,127.500,71.914,4.500,0.0300,0.0000,-20.00,antimatter,60,450;300;200;100;50,2,8,2.5,3.5,100,-10,5,250,40,5,250,60,1,8,11,0,0.06,4,0.5,50,8,5
30,1,60,FrameTimeStutter,6.000,antimatter,practice,2026-08-31T00:06:27.6306034-04:00,2,506,8.72391,17.2716,2402.07,1440.00,0.000,0.000,5.0318,10.8744,8.2243,Left,0,0,0,0,0.0000,200.000,0,0.000,0,127.500,71.914,4.500,0.0300,0.0000,-20.00,antimatter,60,450;300;200;100;50,2,8,2.5,3.5,100,-10,5,250,40,5,250,60,1,8,11,0,0.06,4,0.5,50,8,5
30,1,60,FrameTimeStutter,6.000,antimatter,practice,2026-08-31T00:06:27.6306034-04:00,2,507,8.74051,16.5941,2402.07,1440.00,0.000,0.000,5.0318,10.8744,8.2243,Left,0,0,0,0,0.0000,200.000,0,0.000,0,127.500,71.914,4.500,0.0300,0.0000,-20.00,antimatter,60,450;300;200;100;50,2,8,2.5,3.5,100,-10,5,250,40,5,250,60,1,8,11,0,0.06,4,0.5,50,8,5
30,1,60,FrameTimeStutter,6.000,antimatter,practice,2026-08-31T00:06:27.6306034-04:00,2,508,8.75691,16.4038,2402.07,1440.00,0.000,0.000,5.0318,10.8744,8.2243,Left,0,0,0,0,0.0000,200.000,0,0.000,0,127.500,71.914,4.500,0.0300,0.0000,-20.00,antimatter,60,450;300;200;100;50,2,8,2.5,3.5,100,-10,5,250,40,5,250,60,1,8,11,0,0.06,4,0.5,50,8,5
30,1,60,FrameTimeStutter,6.000,antimatter,practice,2026-08-31T00:06:27.6306034-04:00,2,509,8.77298,16.0654,2402.07,1440.00,0.000,0.000,5.0318,10.8744,8.2243,Left,0,0,0,0,0.0000,200.000,0,0.000,0,127.500,71.914,4.500,0.0300,0.0000,-20.00,antimatter,60,450;300;200;100;50,2,8,2.5,3.5,100,-10,5,250,40,5,250,60,1,8,11,0,0.06,4,0.5,50,8,5
30,1,60,FrameTimeStutter,6.000,antimatter,practice,2026-08-31T00:06:27.6306034-04:00,2,510,8.79034,17.3602,2402.07,1440.00,0.000,0.000,5.0318,10.8744,8.2243,Left,0,0,0,0,0.0000,200.000,0,0.000,0,127.500,71.914,4.500,0.0300,0.0000,-20.00,antimatter,60,450;300;200;100;50,2,8,2.5,3.5,100,-10,5,250,40,5,250,60,1,8,11,0,0.06,4,0.5,50,8,5
30,1,60,FrameTimeStutter,6.000,antimatter,practice,2026-08-31T00:06:27.6306034-04:00,2,511,8.80654,16.2003,2402.07,1440.00,0.000,0.000,5.0318,10.8744,8.2243,Left,0,0,0,0,0.0000,200.000,0,0.000,0,127.500,71.914,4.500,0.0300,0.0000,-20.00,antimatter,60,450;300;200;100;50,2,8,2.5,3.5,100,-10,5,250,40,5,250,60,1,8,11,0,0.06,4,0.5,50,8,5
30,1,60,FrameTimeStutter,6.000,antimatter,practice,2026-08-31T00:06:27.6306034-04:00,2,512,8.82368,17.1439,2402.07,1440.00,0.000,0.000,5.0318,10.8744,8.2243,Left,0,0,0,0,0.0000,200.000,0,0.000,0,127.500,71.914,4.500,0.0300,0.0000,-20.00,antimatter,60,450;300;200;100;50,2,8,2.5,3.5,100,-10,5,250,40,5,250,60,1,8,11,0,0.06,4,0.5,50,8,5
30,1,60,FrameTimeStutter,6.000,antimatter,practice,2026-08-31T00:06:27.6306034-04:00,2,513,8.84008,16.3937,2402.07,1440.00,0.000,0.000,5.0318,10.8744,8.2243,Left,0,0,0,0,0.0000,200.000,0,0.000,0,127.500,71.914,4.500,0.0300,0.0000,-20.00,antimatter,60,450;300;200;100;50,2,8,2.5,3.5,100,-10,5,250,40,5,250,60,1,8,11,0,0.06,4,0.5,50,8,5
30,1,60,FrameTimeStutter,6.000,antimatter,practice,2026-08-31T00:06:27.6306034-04:00,2,514,8.85645,16.3777,2402.07,1440.00,0.000,0.000,5.0318,10.8744,8.2243,Left,0,0,0,0,0.0000,200.000,0,0.000,0,127.500,71.914,4.500,0.0300,0.0000,-20.00,antimatter,60,450;300;200;100;50,2,8,2.5,3.5,100,-10,5,250,40,5,250,60,1,8,11,0,0.06,4,0.5,50,8,5
30,1,60,FrameTimeStutter,6.000,antimatter,practice,2026-08-31T00:06:27.6306034-04:00,2,515,8.87374,17.2902,2402.07,1440.00,0.000,0.000,5.0318,10.8744,8.2243,Left,0,0,0,0,0.0000,200.000,0,0.000,0,127.500,71.914,4.500,0.0300,0.0000,-20.00,antimatter,60,450;300;200;100;50,2,8,2.5,3.5,100,-10,5,250,40,5,250,60,1,8,11,0,0.06,4,0.5,50,8,5
30,1,60,FrameTimeStutter,6.000,antimatter,practice,2026-08-31T00:06:27.6306034-04:00,2,516,8.89044,16.6930,2402.07,1440.00,0.000,0.000,5.0318,10.8744,8.2243,Left,0,0,0,0,0.0000,200.000,0,0.000,0,127.500,71.914,4.500,0.0300,0.0000,-20.00,antimatter,60,450;300;200;100;50,2,8,2.5,3.5,100,-10,5,250,40,5,250,60,1,8,11,0,0.06,4,0.5,50,8,5
30,1,60,FrameTimeStutter,6.000,antimatter,practice,2026-08-31T00:06:27.6306034-04:00,2,517,8.90692,16.4793,2402.07,1440.00,0.000,0.000,5.0318,10.8744,8.2243,Left,0,0,0,0,0.0000,200.000,0,0.000,0,127.500,71.914,4.500,0.0300,0.0000,-20.00,antimatter,60,450;300;200;100;50,2,8,2.5,3.5,100,-10,5,250,40,5,250,60,1,8,11,0,0.06,4,0.5,50,8,5
30,1,60,FrameTimeStutter,6.000,antimatter,practice,2026-08-31T00:06:27.6306034-04:00,2,518,8.92375,16.8362,2402.07,1440.00,0.000,0.000,5.0318,10.8744,8.2243,Left,0,0,0,0,0.0000,200.000,0,0.000,0,127.500,71.914,4.500,0.0300,0.0000,-20.00,antimatter,60,450;300;200;100;50,2,8,2.5,3.5,100,-10,5,250,40,5,250,60,1,8,11,0,0.06,4,0.5,50,8,5
30,1,60,FrameTimeStutter,6.000,antimatter,practice,2026-08-31T00:06:27.6306034-04:00,2,519,8.94010,16.3488,2402.07,1440.00,0.000,0.000,5.0318,10.8744,8.2243,Left,0,0,0,0,0.0000,200.000,0,0.000,0,127.500,71.914,4.500,0.0300,0.0000,-20.00,antimatter,60,450;300;200;100;50,2,8,2.5,3.5,100,-10,5,250,40,5,250,60,1,8,11,0,0.06,4,0.5,50,8,5
30,1,60,FrameTimeStutter,6.000,antimatter,practice,2026-08-31T00:06:27.6306034-04:00,2,520,8.95638,16.2749,2402.07,1440.00,0.000,0.000,5.0318,10.8744,8.2243,Left,0,0,0,0,0.0000,200.000,0,0.000,0,127.500,71.914,4.500,0.0300,0.0000,-20.00,antimatter,60,450;300;200;100;50,2,8,2.5,3.5,100,-10,5,250,40,5,250,60,1,8,11,0,0.06,4,0.5,50,8,5
30,1,60,FrameTimeStutter,6.000,antimatter,practice,2026-08-31T00:06:27.6306034-04:00,2,521,8.97372,17.3423,2402.07,1440.00,0.000,0.000,5.0318,10.8744,8.2243,Left,0,0,0,0,0.0000,200.000,0,0.000,0,127.500,71.914,4.500,0.0300,0.0000,-20.00,antimatter,60,450;300;200;100;50,2,8,2.5,3.5,100,-10,5,250,40,5,250,60,1,8,11,0,0.06,4,0.5,50,8,5
30,1,60,FrameTimeStutter,6.000,antimatter,practice,2026-08-31T00:06:27.6306034-04:00,2,522,8.99015,16.4279,2402.07,1440.00,0.000,0.000,5.0318,10.8744,8.2243,Left,0,0,0,0,0.0000,200.000,0,0.000,0,127.500,71.914,4.500,0.0300,0.0000,-20.00,antimatter,60,450;300;200;100;50,2,8,2.5,3.5,100,-10,5,250,40,5,250,60,1,8,11,0,0.06,4,0.5,50,8,5
30,1,60,FrameTimeStutter,6.000,antimatter,practice,2026-08-31T00:06:27.6306034-04:00,2,523,9.00637,16.2294,2402.07,1440.00,0.000,0.000,5.0318,10.8744,8.2243,Left,0,0,0,0,0.0000,200.000,0,0.000,0,127.500,71.914,4.500,0.0300,0.0000,-20.00,antimatter,60,450;300;200;100;50,2,8,2.5,3.5,100,-10,5,250,40,5,250,60,1,8,11,0,0.06,4,0.5,50,8,5
30,1,60,FrameTimeStutter,6.000,antimatter,practice,2026-08-31T00:06:27.6306034-04:00,2,524,9.02332,16.9433,2402.07,1440.00,0.000,0.000,5.0318,10.8744,8.2243,Left,0,0,0,0,0.0000,200.000,0,0.000,0,127.500,71.914,4.500,0.0300,0.0000,-20.00,antimatter,60,450;300;200;100;50,2,8,2.5,3.5,100,-10,5,250,40,5,250,60,1,8,11,0,0.06,4,0.5,50,8,5
30,1,60,FrameTimeStutter,6.000,antimatter,practice,2026-08-31T00:06:27.6306034-04:00,2,525,9.04062,17.3004,2402.07,1440.00,0.000,0.000,5.0318,10.8744,8.2243,Left,0,0,0,0,0.0000,200.000,0,0.000,0,127.500,71.914,4.500,0.0300,0.0000,-20.00,antimatter,60,450;300;200;100;50,2,8,2.5,3.5,100,-10,5,250,40,5,250,60,1,8,11,0,0.06,4,0.5,50,8,5
30,1,60,FrameTimeStutter,6.000,antimatter,practice,2026-08-31T00:06:27.6306034-04:00,2,526,9.05743,16.8141,2402.07,1440.00,0.000,0.000,5.0318,10.8744,8.2243,Left,0,0,0,0,0.0000,200.000,0,0.000,0,127.500,71.914,4.500,0.0300,0.0000,-20.00,antimatter,60,450;300;200;100;50,2,8,2.5,3.5,100,-10,5,250,40,5,250,60,1,8,11,0,0.06,4,0.5,50,8,5
30,1,60,FrameTimeStutter,6.000,antimatter,practice,2026-08-31T00:06:27.6306034-04:00,2,527,9.07340,15.9687,2402.07,1440.00,0.000,0.000,5.0318,10.8744,8.2243,Left,0,0,0,0,0.0000,200.000,0,0.000,0,127.500,71.914,4.500,0.0300,0.0000,-20.00,antimatter,60,450;300;200;100;50,2,8,2.5,3.5,100,-10,5,250,40,5,250,60,1,8,11,0,0.06,4,0.5,50,8,5
30,1,60,FrameTimeStutter,6.000,antimatter,practice,2026-08-31T00:06:27.6306034-04:00,2,528,9.08968,16.2780,2402.07,1440.00,0.000,0.000,5.0318,10.8744,8.2243,Left,0,0,0,0,0.0000,200.000,0,0.000,0,127.500,71.914,4.500,0.0300,0.0000,-20.00,antimatter,60,450;300;200;100;50,2,8,2.5,3.5,100,-10,5,250,40,5,250,60,1,8,11,0,0.06,4,0.5,50,8,5
30,1,60,FrameTimeStutter,6.000,antimatter,practice,2026-08-31T00:06:27.6306034-04:00,2,529,9.10650,16.8154,2402.07,1440.00,0.000,0.000,5.0318,10.8744,8.2243,Left,0,0,0,0,0.0000,200.000,0,0.000,0,127.500,71.914,4.500,0.0300,0.0000,-20.00,antimatter,60,450;300;200;100;50,2,8,2.5,3.5,100,-10,5,250,40,5,250,60,1,8,11,0,0.06,4,0.5,50,8,5
30,1,60,FrameTimeStutter,6.000,antimatter,practice,2026-08-31T00:06:27.6306034-04:00,2,530,9.12335,16.8593,2402.07,1440.00,0.000,0.000,5.0318,10.8744,8.2243,Left,0,0,0,0,0.0000,200.000,0,0.000,0,127.500,71.914,4.500,0.0300,0.0000,-20.00,antimatter,60,450;300;200;100;50,2,8,2.5,3.5,100,-10,5,250,40,5,250,60,1,8,11,0,0.06,4,0.5,50,8,5
30,1,60,FrameTimeStutter,6.000,antimatter,practice,2026-08-31T00:06:27.6306034-04:00,2,531,9.13978,16.4240,2402.07,1440.00,0.000,0.000,5.0318,10.8744,8.2243,Left,0,0,0,0,0.0000,200.000,0,0.000,0,127.500,71.914,4.500,0.0300,0.0000,-20.00,antimatter,60,450;300;200;100;50,2,8,2.5,3.5,100,-10,5,250,40,5,250,60,1,8,11,0,0.06,4,0.5,50,8,5
30,1,60,FrameTimeStutter,6.000,antimatter,practice,2026-08-31T00:06:27.6306034-04:00,2,532,9.15662,16.8461,2402.07,1440.00,0.000,0.000,5.0318,10.8744,8.2243,Left,0,0,0,0,0.0000,200.000,0,0.000,0,127.500,71.914,4.500,0.0300,0.0000,-20.00,antimatter,60,450;300;200;100;50,2,8,2.5,3.5,100,-10,5,250,40,5,250,60,1,8,11,0,0.06,4,0.5,50,8,5
30,1,60,FrameTimeStutter,6.000,antimatter,practice,2026-08-31T00:06:27.6306034-04:00,2,533,9.17313,16.5082,2402.07,1440.00,0.000,0.000,5.0318,10.8744,8.2243,Left,0,0,0,0,0.0000,200.000,0,0.000,0,127.500,71.914,4.500,0.0300,0.0000,-20.00,antimatter,60,450;300;200;100;50,2,8,2.5,3.5,100,-10,5,250,40,5,250,60,1,8,11,0,0.06,4,0.5,50,8,5
30,1,60,FrameTimeStutter,6.000,antimatter,practice,2026-08-31T00:06:27.6306034-04:00,2,534,9.19010,16.9647,2402.07,1440.00,0.000,0.000,5.0318,10.8744,8.2243,Left,0,0,0,0,0.0000,200.000,0,0.000,0,127.500,71.914,4.500,0.0300,0.0000,-20.00,antimatter,60,450;300;200;100;50,2,8,2.5,3.5,100,-10,5,250,40,5,250,60,1,8,11,0,0.06,4,0.5,50,8,5
30,1,60,FrameTimeStutter,6.000,antimatter,practice,2026-08-31T00:06:27.6306034-04:00,2,535,9.20679,16.6938,2402.07,1440.00,0.000,0.000,5.0318,10.8744,8.2243,Left,0,0,0,0,0.0000,200.000,0,0.000,0,127.500,71.914,4.500,0.0300,0.0000,-20.00,antimatter,60,450;300;200;100;50,2,8,2.5,3.5,100,-10,5,250,40,5,250,60,1,8,11,0,0.06,4,0.5,50,8,5
30,1,60,FrameTimeStutter,6.000,antimatter,practice,2026-08-31T00:06:27.6306034-04:00,2,536,9.22326,16.4646,2402.07,1440.00,0.000,0.000,5.0318,10.8744,8.2243,Left,0,0,0,0,0.0000,200.000,0,0.000,0,127.500,71.914,4.500,0.0300,0.0000,-20.00,antimatter,60,450;300;200;100;50,2,8,2.5,3.5,100,-10,5,250,40,5,250,60,1,8,11,0,0.06,4,0.5,50,8,5
30,1,60,FrameTimeStutter,6.000,antimatter,practice,2026-08-31T00:06:27.6306034-04:00,2,537,9.24007,16.8179,2402.07,1440.00,0.000,0.000,5.0318,10.8744,8.2243,Left,0,0,0,0,0.0000,200.000,0,0.000,0,127.500,71.914,4.500,0.0300,0.0000,-20.00,antimatter,60,450;300;200;100;50,2,8,2.5,3.5,100,-10,5,250,40,5,250,60,1,8,11,0,0.06,4,0.5,50,8,5
30,1,60,FrameTimeStutter,6.000,antimatter,practice,2026-08-31T00:06:27.6306034-04:00,2,538,9.25721,17.1362,2402.07,1440.00,0.000,0.000,5.0318,10.8744,8.2243,Left,0,0,0,0,0.0000,200.000,0,0.000,0,127.500,71.914,4.500,0.0300,0.0000,-20.00,antimatter,60,450;300;200;100;50,2,8,2.5,3.5,100,-10,5,250,40,5,250,60,1,8,11,0,0.06,4,0.5,50,8,5
30,1,60,FrameTimeStutter,6.000,antimatter,practice,2026-08-31T00:06:27.6306034-04:00,2,539,9.27364,16.4254,2402.07,1440.00,0.000,0.000,5.0318,10.8744,8.2243,Left,0,0,0,0,0.0000,200.000,0,0.000,0,127.500,71.914,4.500,0.0300,0.0000,-20.00,antimatter,60,450;300;200;100;50,2,8,2.5,3.5,100,-10,5,250,40,5,250,60,1,8,11,0,0.06,4,0.5,50,8,5
30,1,60,FrameTimeStutter,6.000,antimatter,practice,2026-08-31T00:06:27.6306034-04:00,2,540,9.28986,16.2291,2402.07,1440.00,0.000,0.000,5.0318,10.8744,8.2243,Left,0,0,0,0,0.0000,200.000,0,0.000,0,127.500,71.914,4.500,0.0300,0.0000,-20.00,antimatter,60,450;300;200;100;50,2,8,2.5,3.5,100,-10,5,250,40,5,250,60,1,8,11,0,0.06,4,0.5,50,8,5
30,1,60,FrameTimeStutter,6.000,antimatter,practice,2026-08-31T00:06:27.6306034-04:00,2,541,9.30652,16.6543,2402.07,1440.00,0.000,0.000,5.0318,10.8744,8.2243,Left,0,0,0,0,0.0000,200.000,0,0.000,0,127.500,71.914,4.500,0.0300,0.0000,-20.00,antimatter,60,450;300;200;100;50,2,8,2.5,3.5,100,-10,5,250,40,5,250,60,1,8,11,0,0.06,4,0.5,50,8,5
30,1,60,FrameTimeStutter,6.000,antimatter,practice,2026-08-31T00:06:27.6306034-04:00,2,542,9.32363,17.1082,2402.07,1440.00,0.000,0.000,5.0318,10.8744,8.2243,Left,0,0,0,0,0.0000,200.000,0,0.000,0,127.500,71.914,4.500,0.0300,0.0000,-20.00,antimatter,60,450;300;200;100;50,2,8,2.5,3.5,100,-10,5,250,40,5,250,60,1,8,11,0,0.06,4,0.5,50,8,5
30,1,60,FrameTimeStutter,6.000,antimatter,practice,2026-08-31T00:06:27.6306034-04:00,2,543,9.33991,16.2876,2402.07,1440.00,0.000,0.000,5.0318,10.8744,8.2243,Left,0,0,0,0,0.0000,200.000,0,0.000,0,127.500,71.914,4.500,0.0300,0.0000,-20.00,antimatter,60,450;300;200;100;50,2,8,2.5,3.5,100,-10,5,250,40,5,250,60,1,8,11,0,0.06,4,0.5,50,8,5
30,1,60,FrameTimeStutter,6.000,antimatter,practice,2026-08-31T00:06:27.6306034-04:00,2,544,9.35697,17.0524,2402.07,1440.00,0.000,0.000,5.0318,10.8744,8.2243,Left,0,0,0,0,0.0000,200.000,0,0.000,0,127.500,71.914,4.500,0.0300,0.0000,-20.00,antimatter,60,450;300;200;100;50,2,8,2.5,3.5,100,-10,5,250,40,5,250,60,1,8,11,0,0.06,4,0.5,50,8,5
30,1,60,FrameTimeStutter,6.000,antimatter,practice,2026-08-31T00:06:27.6306034-04:00,2,545,9.37320,16.2329,2402.07,1440.00,0.000,0.000,5.0318,10.8744,8.2243,Left,0,0,0,0,0.0000,200.000,0,0.000,0,127.500,71.914,4.500,0.0300,0.0000,-20.00,antimatter,60,450;300;200;100;50,2,8,2.5,3.5,100,-10,5,250,40,5,250,60,1,8,11,0,0.06,4,0.5,50,8,5
30,1,60,FrameTimeStutter,6.000,antimatter,practice,2026-08-31T00:06:27.6306034-04:00,2,546,9.39051,17.3069,2402.07,1440.00,0.000,0.000,5.0318,10.8744,8.2243,Left,0,0,0,0,0.0000,200.000,0,0.000,0,127.500,71.914,4.500,0.0300,0.0000,-20.00,antimatter,60,450;300;200;100;50,2,8,2.5,3.5,100,-10,5,250,40,5,250,60,1,8,11,0,0.06,4,0.5,50,8,5
30,1,60,FrameTimeStutter,6.000,antimatter,practice,2026-08-31T00:06:27.6306034-04:00,2,547,9.40681,16.3024,2402.07,1440.00,0.000,0.000,5.0318,10.8744,8.2243,Left,0,0,0,0,0.0000,200.000,0,0.000,0,127.500,71.914,4.500,0.0300,0.0000,-20.00,antimatter,60,450;300;200;100;50,2,8,2.5,3.5,100,-10,5,250,40,5,250,60,1,8,11,0,0.06,4,0.5,50,8,5
30,1,60,FrameTimeStutter,6.000,antimatter,practice,2026-08-31T00:06:27.6306034-04:00,2,548,9.42340,16.5903,2402.07,1440.00,0.000,0.000,5.0318,10.8744,8.2243,Left,0,0,0,0,0.0000,200.000,0,0.000,0,127.500,71.914,4.500,0.0300,0.0000,-20.00,antimatter,60,450;300;200;100;50,2,8,2.5,3.5,100,-10,5,250,40,5,250,60,1,8,11,0,0.06,4,0.5,50,8,5
30,1,60,FrameTimeStutter,6.000,antimatter,practice,2026-08-31T00:06:27.6306034-04:00,2,549,9.43996,16.5561,2402.07,1440.00,0.000,0.000,5.0318,10.8744,8.2243,Left,0,0,0,0,0.0000,200.000,0,0.000,0,127.500,71.914,4.500,0.0300,0.0000,-20.00,antimatter,60,450;300;200;100;50,2,8,2.5,3.5,100,-10,5,250,40,5,250,60,1,8,11,0,0.06,4,0.5,50,8,5
30,1,60,FrameTimeStutter,6.000,antimatter,practice,2026-08-31T00:06:27.6306034-04:00,2,550,9.45656,16.6056,2402.07,1440.00,0.000,0.000,5.0318,10.8744,8.2243,Left,0,0,0,0,0.0000,200.000,0,0.000,0,127.500,71.914,4.500,0.0300,0.0000,-20.00,antimatter,60,450;300;200;100;50,2,8,2.5,3.5,100,-10,5,250,40,5,250,60,1,8,11,0,0.06,4,0.5,50,8,5
30,1,60,FrameTimeStutter,6.000,antimatter,practice,2026-08-31T00:06:27.6306034-04:00,2,551,9.47327,16.7094,2402.07,1440.00,0.000,0.000,5.0318,10.8744,8.2243,Left,0,0,0,0,0.0000,200.000,0,0.000,0,127.500,71.914,4.500,0.0300,0.0000,-20.00,antimatter,60,450;300;200;100;50,2,8,2.5,3.5,100,-10,5,250,40,5,250,60,1,8,11,0,0.06,4,0.5,50,8,5
30,1,60,FrameTimeStutter,6.000,antimatter,practice,2026-08-31T00:06:27.6306034-04:00,2,552,9.48993,16.6634,2402.07,1440.00,0.000,0.000,5.0318,10.8744,8.2243,Left,0,0,0,0,0.0000,200.000,0,0.000,0,127.500,71.914,4.500,0.0300,0.0000,-20.00,antimatter,60,450;300;200;100;50,2,8,2.5,3.5,100,-10,5,250,40,5,250,60,1,8,11,0,0.06,4,0.5,50,8,5
30,1,60,FrameTimeStutter,6.000,antimatter,practice,2026-08-31T00:06:27.6306034-04:00,2,553,9.50637,16.4402,2402.07,1440.00,0.000,0.000,5.0318,10.8744,8.2243,Left,0,0,0,0,0.0000,200.000,0,0.000,0,127.500,71.914,4.500,0.0300,0.0000,-20.00,antimatter,60,450;300;200;100;50,2,8,2.5,3.5,100,-10,5,250,40,5,250,60,1,8,11,0,0.06,4,0.5,50,8,5
30,1,60,FrameTimeStutter,6.000,antimatter,practice,2026-08-31T00:06:27.6306034-04:00,2,554,9.52311,16.7399,2402.07,1440.00,0.000,0.000,5.0318,10.8744,8.2243,Left,0,0,0,0,0.0000,200.000,0,0.000,0,127.500,71.914,4.500,0.0300,0.0000,-20.00,antimatter,60,450;300;200;100;50,2,8,2.5,3.5,100,-10,5,250,40,5,250,60,1,8,11,0,0.06,4,0.5,50,8,5
30,1,60,FrameTimeStutter,6.000,antimatter,practice,2026-08-31T00:06:27.6306034-04:00,2,555,9.54023,17.1138,2402.07,1440.00,0.000,0.000,5.0318,10.8744,8.2243,Left,0,0,0,0,0.0000,200.000,0,0.000,0,127.500,71.914,4.500,0.0300,0.0000,-20.00,antimatter,60,450;300;200;100;50,2,8,2.5,3.5,100,-10,5,250,40,5,250,60,1,8,11,0,0.06,4,0.5,50,8,5
30,1,60,FrameTimeStutter,6.000,antimatter,practice,2026-08-31T00:06:27.6306034-04:00,2,556,9.55661,16.3833,2402.07,1440.00,0.000,0.000,5.0318,10.8744,8.2243,Left,0,0,0,0,0.0000,200.000,0,0.000,0,127.500,71.914,4.500,0.0300,0.0000,-20.00,antimatter,60,450;300;200;100;50,2,8,2.5,3.5,100,-10,5,250,40,5,250,60,1,8,11,0,0.06,4,0.5,50,8,5
30,1,60,FrameTimeStutter,6.000,antimatter,practice,2026-08-31T00:06:27.6306034-04:00,2,557,9.57385,17.2344,2402.07,1440.00,0.000,0.000,5.0318,10.8744,8.2243,Left,0,0,0,0,0.0000,200.000,0,0.000,0,127.500,71.914,4.500,0.0300,0.0000,-20.00,antimatter,60,450;300;200;100;50,2,8,2.5,3.5,100,-10,5,250,40,5,250,60,1,8,11,0,0.06,4,0.5,50,8,5
30,1,60,FrameTimeStutter,6.000,antimatter,practice,2026-08-31T00:06:27.6306034-04:00,2,558,9.59025,16.4012,2402.07,1440.00,0.000,0.000,5.0318,10.8744,8.2243,Left,0,0,0,0,0.0000,200.000,0,0.000,0,127.500,71.914,4.500,0.0300,0.0000,-20.00,antimatter,60,450;300;200;100;50,2,8,2.5,3.5,100,-10,5,250,40,5,250,60,1,8,11,0,0.06,4,0.5,50,8,5
30,1,60,FrameTimeStutter,6.000,antimatter,practice,2026-08-31T00:06:27.6306034-04:00,2,559,9.60645,16.1995,2402.07,1440.00,0.000,0.000,5.0318,10.8744,8.2243,Left,0,0,0,0,0.0000,200.000,0,0.000,0,127.500,71.914,4.500,0.0300,0.0000,-20.00,antimatter,60,450;300;200;100;50,2,8,2.5,3.5,100,-10,5,250,40,5,250,60,1,8,11,0,0.06,4,0.5,50,8,5
30,1,60,FrameTimeStutter,6.000,antimatter,practice,2026-08-31T00:06:27.6306034-04:00,2,560,9.62303,16.5820,2402.07,1440.00,0.000,0.000,5.0318,10.8744,8.2243,Left,0,0,0,0,0.0000,200.000,0,0.000,0,127.500,71.914,4.500,0.0300,0.0000,-20.00,antimatter,60,450;300;200;100;50,2,8,2.5,3.5,100,-10,5,250,40,5,250,60,1,8,11,0,0.06,4,0.5,50,8,5
30,1,60,FrameTimeStutter,6.000,antimatter,practice,2026-08-31T00:06:27.6306034-04:00,2,561,9.63969,16.6615,2402.07,1440.00,0.000,0.000,5.0318,10.8744,8.2243,Left,0,0,0,0,0.0000,200.000,0,0.000,0,127.500,71.914,4.500,0.0300,0.0000,-20.00,antimatter,60,450;300;200;100;50,2,8,2.5,3.5,100,-10,5,250,40,5,250,60,1,8,11,0,0.06,4,0.5,50,8,5
30,1,60,FrameTimeStutter,6.000,antimatter,practice,2026-08-31T00:06:27.6306034-04:00,2,562,9.65656,16.8672,2402.07,1440.00,0.000,0.000,5.0318,10.8744,8.2243,Left,0,0,0,0,0.0000,200.000,0,0.000,0,127.500,71.914,4.500,0.0300,0.0000,-20.00,antimatter,60,450;300;200;100;50,2,8,2.5,3.5,100,-10,5,250,40,5,250,60,1,8,11,0,0.06,4,0.5,50,8,5
30,1,60,FrameTimeStutter,6.000,antimatter,practice,2026-08-31T00:06:27.6306034-04:00,2,563,9.67409,17.5336,2402.07,1440.00,0.000,0.000,5.0318,10.8744,8.2243,Left,0,0,0,0,0.0000,200.000,0,0.000,0,127.500,71.914,4.500,0.0300,0.0000,-20.00,antimatter,60,450;300;200;100;50,2,8,2.5,3.5,100,-10,5,250,40,5,250,60,1,8,11,0,0.06,4,0.5,50,8,5
30,1,60,FrameTimeStutter,6.000,antimatter,practice,2026-08-31T00:06:27.6306034-04:00,2,564,9.68973,15.6381,2402.07,1440.00,0.000,0.000,5.0318,10.8744,8.2243,Left,0,0,0,0,0.0000,200.000,0,0.000,0,127.500,71.914,4.500,0.0300,0.0000,-20.00,antimatter,60,450;300;200;100;50,2,8,2.5,3.5,100,-10,5,250,40,5,250,60,1,8,11,0,0.06,4,0.5,50,8,5
30,1,60,FrameTimeStutter,6.000,antimatter,practice,2026-08-31T00:06:27.6306034-04:00,2,565,9.70681,17.0841,2402.07,1440.00,0.000,0.000,5.0318,10.8744,8.2243,Left,0,0,0,0,0.0000,200.000,0,0.000,0,127.500,71.914,4.500,0.0300,0.0000,-20.00,antimatter,60,450;300;200;100;50,2,8,2.5,3.5,100,-10,5,250,40,5,250,60,1,8,11,0,0.06,4,0.5,50,8,5
30,1,60,FrameTimeStutter,6.000,antimatter,practice,2026-08-31T00:06:27.6306034-04:00,2,566,9.72338,16.5636,2402.07,1440.00,0.000,0.000,5.0318,10.8744,8.2243,Left,0,0,0,0,0.0000,200.000,0,0.000,0,127.500,71.914,4.500,0.0300,0.0000,-20.00,antimatter,60,450;300;200;100;50,2,8,2.5,3.5,100,-10,5,250,40,5,250,60,1,8,11,0,0.06,4,0.5,50,8,5
30,1,60,FrameTimeStutter,6.000,antimatter,practice,2026-08-31T00:06:27.6306034-04:00,2,567,9.74005,16.6728,2402.07,1440.00,0.000,0.000,5.0318,10.8744,8.2243,Left,0,0,0,0,0.0000,200.000,0,0.000,0,127.500,71.914,4.500,0.0300,0.0000,-20.00,antimatter,60,450;300;200;100;50,2,8,2.5,3.5,100,-10,5,250,40,5,250,60,1,8,11,0,0.06,4,0.5,50,8,5
30,1,60,FrameTimeStutter,6.000,antimatter,practice,2026-08-31T00:06:27.6306034-04:00,2,568,9.75663,16.5769,2402.07,1440.00,0.000,0.000,5.0318,10.8744,8.2243,Left,0,0,0,0,0.0000,200.000,0,0.000,0,127.500,71.914,4.500,0.0300,0.0000,-20.00,antimatter,60,450;300;200;100;50,2,8,2.5,3.5,100,-10,5,250,40,5,250,60,1,8,11,0,0.06,4,0.5,50,8,5
30,1,60,FrameTimeStutter,6.000,antimatter,practice,2026-08-31T00:06:27.6306034-04:00,2,569,9.77330,16.6727,2402.07,1440.00,0.000,0.000,5.0318,10.8744,8.2243,Left,0,0,0,0,0.0000,200.000,0,0.000,0,127.500,71.914,4.500,0.0300,0.0000,-20.00,antimatter,60,450;300;200;100;50,2,8,2.5,3.5,100,-10,5,250,40,5,250,60,1,8,11,0,0.06,4,0.5,50,8,5
30,1,60,FrameTimeStutter,6.000,antimatter,practice,2026-08-31T00:06:27.6306034-04:00,2,570,9.79043,17.1332,2402.07,1440.00,0.000,0.000,5.0318,10.8744,8.2243,Left,0,0,0,0,0.0000,200.000,0,0.000,0,127.500,71.914,4.500,0.0300,0.0000,-20.00,antimatter,60,450;300;200;100;50,2,8,2.5,3.5,100,-10,5,250,40,5,250,60,1,8,11,0,0.06,4,0.5,50,8,5
30,1,60,FrameTimeStutter,6.000,antimatter,practice,2026-08-31T00:06:27.6306034-04:00,2,571,9.80708,16.6458,2402.07,1440.00,0.000,0.000,5.0318,10.8744,8.2243,Left,0,0,0,0,0.0000,200.000,0,0.000,0,127.500,71.914,4.500,0.0300,0.0000,-20.00,antimatter,60,450;300;200;100;50,2,8,2.5,3.5,100,-10,5,250,40,5,250,60,1,8,11,0,0.06,4,0.5,50,8,5
30,1,60,FrameTimeStutter,6.000,antimatter,practice,2026-08-31T00:06:27.6306034-04:00,2,572,9.82350,16.4177,2402.07,1440.00,0.000,0.000,5.0318,10.8744,8.2243,Left,0,0,0,0,0.0000,200.000,0,0.000,0,127.500,71.914,4.500,0.0300,0.0000,-20.00,antimatter,60,450;300;200;100;50,2,8,2.5,3.5,100,-10,5,250,40,5,250,60,1,8,11,0,0.06,4,0.5,50,8,5
30,1,60,FrameTimeStutter,6.000,antimatter,practice,2026-08-31T00:06:27.6306034-04:00,2,573,9.83992,16.4212,2402.07,1440.00,0.000,0.000,5.0318,10.8744,8.2243,Left,0,0,0,0,0.0000,200.000,0,0.000,0,127.500,71.914,4.500,0.0300,0.0000,-20.00,antimatter,60,450;300;200;100;50,2,8,2.5,3.5,100,-10,5,250,40,5,250,60,1,8,11,0,0.06,4,0.5,50,8,5
30,1,60,FrameTimeStutter,6.000,antimatter,practice,2026-08-31T00:06:27.6306034-04:00,2,574,9.85667,16.7472,2402.07,1440.00,0.000,0.000,5.0318,10.8744,8.2243,Left,0,0,0,0,0.0000,200.000,0,0.000,0,127.500,71.914,4.500,0.0300,0.0000,-20.00,antimatter,60,450;300;200;100;50,2,8,2.5,3.5,100,-10,5,250,40,5,250,60,1,8,11,0,0.06,4,0.5,50,8,5
30,1,60,FrameTimeStutter,6.000,antimatter,practice,2026-08-31T00:06:27.6306034-04:00,2,575,9.87326,16.5999,2402.07,1440.00,0.000,0.000,5.0318,10.8744,8.2243,Left,0,0,0,0,0.0000,200.000,0,0.000,0,127.500,71.914,4.500,0.0300,0.0000,-20.00,antimatter,60,450;300;200;100;50,2,8,2.5,3.5,100,-10,5,250,40,5,250,60,1,8,11,0,0.06,4,0.5,50,8,5
30,1,60,FrameTimeStutter,6.000,antimatter,practice,2026-08-31T00:06:27.6306034-04:00,2,576,9.89048,17.2185,2402.07,1440.00,0.000,0.000,5.0318,10.8744,8.2243,Left,0,0,0,0,0.0000,200.000,0,0.000,0,127.500,71.914,4.500,0.0300,0.0000,-20.00,antimatter,60,450;300;200;100;50,2,8,2.5,3.5,100,-10,5,250,40,5,250,60,1,8,11,0,0.06,4,0.5,50,8,5
30,1,60,FrameTimeStutter,6.000,antimatter,practice,2026-08-31T00:06:27.6306034-04:00,2,577,9.90715,16.6702,2402.07,1440.00,0.000,0.000,5.0318,10.8744,8.2243,Left,0,0,0,0,0.0000,200.000,0,0.000,0,127.500,71.914,4.500,0.0300,0.0000,-20.00,antimatter,60,450;300;200;100;50,2,8,2.5,3.5,100,-10,5,250,40,5,250,60,1,8,11,0,0.06,4,0.5,50,8,5
30,1,60,FrameTimeStutter,6.000,antimatter,practice,2026-08-31T00:06:27.6306034-04:00,2,578,9.92313,15.9731,2402.07,1440.00,0.000,0.000,5.0318,10.8744,8.2243,Left,0,0,0,0,0.0000,200.000,0,0.000,0,127.500,71.914,4.500,0.0300,0.0000,-20.00,antimatter,60,450;300;200;100;50,2,8,2.5,3.5,100,-10,5,250,40,5,250,60,1,8,11,0,0.06,4,0.5,50,8,5
30,1,60,FrameTimeStutter,6.000,antimatter,practice,2026-08-31T00:06:27.6306034-04:00,2,579,9.94033,17.2061,2402.07,1440.00,0.000,0.000,5.0318,10.8744,8.2243,Left,0,0,0,0,0.0000,200.000,0,0.000,0,127.500,71.914,4.500,0.0300,0.0000,-20.00,antimatter,60,450;300;200;100;50,2,8,2.5,3.5,100,-10,5,250,40,5,250,60,1,8,11,0,0.06,4,0.5,50,8,5
30,1,60,FrameTimeStutter,6.000,antimatter,practice,2026-08-31T00:06:27.6306034-04:00,2,580,9.95692,16.5897,2402.07,1440.00,0.000,0.000,5.0318,10.8744,8.2243,Left,0,0,0,0,0.0000,200.000,0,0.000,0,127.500,71.914,4.500,0.0300,0.0000,-20.00,antimatter,60,450;300;200;100;50,2,8,2.5,3.5,100,-10,5,250,40,5,250,60,1,8,11,0,0.06,4,0.5,50,8,5
30,1,60,FrameTimeStutter,6.000,antimatter,practice,2026-08-31T00:06:27.6306034-04:00,2,581,9.97328,16.3589,2402.07,1440.00,0.000,0.000,5.0318,10.8744,8.2243,Left,0,0,0,0,0.0000,200.000,0,0.000,0,127.500,71.914,4.500,0.0300,0.0000,-20.00,antimatter,60,450;300;200;100;50,2,8,2.5,3.5,100,-10,5,250,40,5,250,60,1,8,11,0,0.06,4,0.5,50,8,5
30,1,60,FrameTimeStutter,6.000,antimatter,practice,2026-08-31T00:06:27.6306034-04:00,2,582,9.98982,16.5363,2402.07,1440.00,0.000,0.000,5.0318,10.8744,8.2243,Left,0,0,0,0,0.0000,200.000,0,0.000,0,127.500,71.914,4.500,0.0300,0.0000,-20.00,antimatter,60,450;300;200;100;50,2,8,2.5,3.5,100,-10,5,250,40,5,250,60,1,8,11,0,0.06,4,0.5,50,8,5
30,1,60,FrameTimeStutter,6.000,antimatter,practice,2026-08-31T00:06:27.6306034-04:00,2,583,10.00705,17.2299,2402.07,1440.00,0.000,0.000,5.0318,10.8744,8.2243,Left,0,0,0,0,0.0000,200.000,0,0.000,0,127.500,71.914,4.500,0.0300,0.0000,-20.00,antimatter,60,450;300;200;100;50,2,8,2.5,3.5,100,-10,5,250,40,5,250,60,1,8,11,0,0.06,4,0.5,50,8,5
30,1,60,FrameTimeStutter,6.000,antimatter,practice,2026-08-31T00:06:27.6306034-04:00,2,584,10.02365,16.6059,2402.07,1440.00,0.000,0.000,5.0318,10.8744,8.2243,Left,0,0,0,0,0.0000,200.000,0,0.000,0,127.500,71.914,4.500,0.0300,0.0000,-20.00,antimatter,60,450;300;200;100;50,2,8,2.5,3.5,100,-10,5,250,40,5,250,60,1,8,11,0,0.06,4,0.5,50,8,5
30,1,60,FrameTimeStutter,6.000,antimatter,practice,2026-08-31T00:06:27.6306034-04:00,2,585,10.03969,16.0391,2402.07,1440.00,0.000,0.000,5.0318,10.8744,8.2243,Left,0,0,0,0,0.0000,200.000,0,0.000,0,127.500,71.914,4.500,0.0300,0.0000,-20.00,antimatter,60,450;300;200;100;50,2,8,2.5,3.5,100,-10,5,250,40,5,250,60,1,8,11,0,0.06,4,0.5,50,8,5
30,1,60,FrameTimeStutter,6.000,antimatter,practice,2026-08-31T00:06:27.6306034-04:00,2,586,10.05716,17.4691,2402.07,1440.00,0.000,0.000,5.0318,10.8744,8.2243,Left,0,0,0,0,0.0000,200.000,0,0.000,0,127.500,71.914,4.500,0.0300,0.0000,-20.00,antimatter,60,450;300;200;100;50,2,8,2.5,3.5,100,-10,5,250,40,5,250,60,1,8,11,0,0.06,4,0.5,50,8,5
30,1,60,FrameTimeStutter,6.000,antimatter,practice,2026-08-31T00:06:27.6306034-04:00,2,587,10.07344,16.2835,2402.07,1440.00,0.000,0.000,5.0318,10.8744,8.2243,Left,0,0,0,0,0.0000,200.000,0,0.000,0,127.500,71.914,4.500,0.0300,0.0000,-20.00,antimatter,60,450;300;200;100;50,2,8,2.5,3.5,100,-10,5,250,40,5,250,60,1,8,11,0,0.06,4,0.5,50,8,5
30,1,60,FrameTimeStutter,6.000,antimatter,practice,2026-08-31T00:06:27.6306034-04:00,2,588,10.09049,17.0470,2402.07,1440.00,0.000,0.000,5.0318,10.8744,8.2243,Left,0,0,0,0,0.0000,200.000,0,0.000,0,127.500,71.914,4.500,0.0300,0.0000,-20.00,antimatter,60,450;300;200;100;50,2,8,2.5,3.5,100,-10,5,250,40,5,250,60,1,8,11,0,0.06,4,0.5,50,8,5
30,1,60,FrameTimeStutter,6.000,antimatter,practice,2026-08-31T00:06:27.6306034-04:00,2,589,10.10746,16.9647,2402.07,1440.00,0.000,0.000,5.0318,10.8744,8.2243,Left,0,0,0,0,0.0000,200.000,0,0.000,0,127.500,71.914,4.500,0.0300,0.0000,-20.00,antimatter,60,450;300;200;100;50,2,8,2.5,3.5,100,-10,5,250,40,5,250,60,1,8,11,0,0.06,4,0.5,50,8,5
30,1,60,FrameTimeStutter,6.000,antimatter,practice,2026-08-31T00:06:27.6306034-04:00,2,590,10.12366,16.2004,2402.07,1440.00,0.000,0.000,5.0318,10.8744,8.2243,Left,0,0,0,0,0.0000,200.000,0,0.000,0,127.500,71.914,4.500,0.0300,0.0000,-20.00,antimatter,60,450;300;200;100;50,2,8,2.5,3.5,100,-10,5,250,40,5,250,60,1,8,11,0,0.06,4,0.5,50,8,5
30,1,60,FrameTimeStutter,6.000,antimatter,practice,2026-08-31T00:06:27.6306034-04:00,2,591,10.14013,16.4712,2402.07,1440.00,0.000,0.000,5.0318,10.8744,8.2243,Left,0,0,0,0,0.0000,200.000,0,0.000,0,127.500,71.914,4.500,0.0300,0.0000,-20.00,antimatter,60,450;300;200;100;50,2,8,2.5,3.5,100,-10,5,250,40,5,250,60,1,8,11,0,0.06,4,0.5,50,8,5
30,1,60,FrameTimeStutter,6.000,antimatter,practice,2026-08-31T00:06:27.6306034-04:00,2,592,10.15648,16.3512,2402.07,1440.00,0.000,0.000,5.0318,10.8744,8.2243,Left,0,0,0,0,0.0000,200.000,0,0.000,0,127.500,71.914,4.500,0.0300,0.0000,-20.00,antimatter,60,450;300;200;100;50,2,8,2.5,3.5,100,-10,5,250,40,5,250,60,1,8,11,0,0.06,4,0.5,50,8,5
30,1,60,FrameTimeStutter,6.000,antimatter,practice,2026-08-31T00:06:27.6306034-04:00,2,593,10.17318,16.6998,2402.07,1440.00,0.000,0.000,5.0318,10.8744,8.2243,Left,0,0,0,0,0.0000,200.000,0,0.000,0,127.500,71.914,4.500,0.0300,0.0000,-20.00,antimatter,60,450;300;200;100;50,2,8,2.5,3.5,100,-10,5,250,40,5,250,60,1,8,11,0,0.06,4,0.5,50,8,5
30,1,60,FrameTimeStutter,6.000,antimatter,practice,2026-08-31T00:06:27.6306034-04:00,2,594,10.19027,17.0935,2402.07,1440.00,0.000,0.000,5.0318,10.8744,8.2243,Left,0,0,0,0,0.0000,200.000,0,0.000,0,127.500,71.914,4.500,0.0300,0.0000,-20.00,antimatter,60,450;300;200;100;50,2,8,2.5,3.5,100,-10,5,250,40,5,250,60,1,8,11,0,0.06,4,0.5,50,8,5
30,1,60,FrameTimeStutter,6.000,antimatter,practice,2026-08-31T00:06:27.6306034-04:00,2,595,10.20666,16.3853,2402.07,1440.00,0.000,0.000,5.0318,10.8744,8.2243,Left,0,0,0,0,0.0000,200.000,0,0.000,0,127.500,71.914,4.500,0.0300,0.0000,-20.00,antimatter,60,450;300;200;100;50,2,8,2.5,3.5,100,-10,5,250,40,5,250,60,1,8,11,0,0.06,4,0.5,50,8,5
30,1,60,FrameTimeStutter,6.000,antimatter,practice,2026-08-31T00:06:27.6306034-04:00,2,596,10.22336,16.7021,2402.07,1440.00,0.000,0.000,5.0318,10.8744,8.2243,Left,0,0,0,0,0.0000,200.000,0,0.000,0,127.500,71.914,4.500,0.0300,0.0000,-20.00,antimatter,60,450;300;200;100;50,2,8,2.5,3.5,100,-10,5,250,40,5,250,60,1,8,11,0,0.06,4,0.5,50,8,5
30,1,60,FrameTimeStutter,6.000,antimatter,practice,2026-08-31T00:06:27.6306034-04:00,2,597,10.24034,16.9795,2402.07,1440.00,0.000,0.000,5.0318,10.8744,8.2243,Left,0,0,0,0,0.0000,200.000,0,0.000,0,127.500,71.914,4.500,0.0300,0.0000,-20.00,antimatter,60,450;300;200;100;50,2,8,2.5,3.5,100,-10,5,250,40,5,250,60,1,8,11,0,0.06,4,0.5,50,8,5
30,1,60,FrameTimeStutter,6.000,antimatter,practice,2026-08-31T00:06:27.6306034-04:00,2,598,10.25665,16.3061,2402.07,1440.00,0.000,0.000,5.0318,10.8744,8.2243,Left,0,0,0,0,0.0000,200.000,0,0.000,0,127.500,71.914,4.500,0.0300,0.0000,-20.00,antimatter,60,450;300;200;100;50,2,8,2.5,3.5,100,-10,5,250,40,5,250,60,1,8,11,0,0.06,4,0.5,50,8,5
30,1,60,FrameTimeStutter,6.000,antimatter,practice,2026-08-31T00:06:27.6306034-04:00,2,599,10.27371,17.0690,2402.07,1440.00,0.000,0.000,5.0318,10.8744,8.2243,Left,0,0,0,0,0.0000,200.000,0,0.000,0,127.500,71.914,4.500,0.0300,0.0000,-20.00,antimatter,60,450;300;200;100;50,2,8,2.5,3.5,100,-10,5,250,40,5,250,60,1,8,11,0,0.06,4,0.5,50,8,5
30,1,60,FrameTimeStutter,6.000,antimatter,practice,2026-08-31T00:06:27.6306034-04:00,2,600,10.28996,16.2508,2402.07,1440.00,0.000,0.000,5.0318,10.8744,8.2243,Left,0,0,0,0,0.0000,200.000,0,0.000,0,127.500,71.914,4.500,0.0300,0.0000,-20.00,antimatter,60,450;300;200;100;50,2,8,2.5,3.5,100,-10,5,250,40,5,250,60,1,8,11,0,0.06,4,0.5,50,8,5
30,1,60,FrameTimeStutter,6.000,antimatter,practice,2026-08-31T00:06:27.6306034-04:00,2,601,10.30688,16.9189,2402.07,1440.00,0.000,0.000,5.0318,10.8744,8.2243,Left,0,0,0,0,0.0000,200.000,0,0.000,0,127.500,71.914,4.500,0.0300,0.0000,-20.00,antimatter,60,450;300;200;100;50,2,8,2.5,3.5,100,-10,5,250,40,5,250,60,1,8,11,0,0.06,4,0.5,50,8,5
30,1,60,FrameTimeStutter,6.000,antimatter,practice,2026-08-31T00:06:27.6306034-04:00,2,602,10.32339,16.5037,2402.07,1440.00,0.000,0.000,5.0318,10.8744,8.2243,Left,0,0,0,0,0.0000,200.000,0,0.000,0,127.500,71.914,4.500,0.0300,0.0000,-20.00,antimatter,60,450;300;200;100;50,2,8,2.5,3.5,100,-10,5,250,40,5,250,60,1,8,11,0,0.06,4,0.5,50,8,5
30,1,60,FrameTimeStutter,6.000,antimatter,practice,2026-08-31T00:06:27.6306034-04:00,2,603,10.34048,17.0947,2402.07,1440.00,0.000,0.000,5.0318,10.8744,8.2243,Left,0,0,0,0,0.0000,200.000,0,0.000,0,127.500,71.914,4.500,0.0300,0.0000,-20.00,antimatter,60,450;300;200;100;50,2,8,2.5,3.5,100,-10,5,250,40,5,250,60,1,8,11,0,0.06,4,0.5,50,8,5
30,1,60,FrameTimeStutter,6.000,antimatter,practice,2026-08-31T00:06:27.6306034-04:00,2,604,10.35677,16.2919,2402.07,1440.00,0.000,0.000,5.0318,10.8744,8.2243,Left,0,0,0,0,0.0000,200.000,0,0.000,0,127.500,71.914,4.500,0.0300,0.0000,-20.00,antimatter,60,450;300;200;100;50,2,8,2.5,3.5,100,-10,5,250,40,5,250,60,1,8,11,0,0.06,4,0.5,50,8,5
30,1,60,FrameTimeStutter,6.000,antimatter,practice,2026-08-31T00:06:27.6306034-04:00,2,605,10.37319,16.4182,2402.07,1440.00,0.000,0.000,5.0318,10.8744,8.2243,Left,0,0,0,0,0.0000,200.000,0,0.000,0,127.500,71.914,4.500,0.0300,0.0000,-20.00,antimatter,60,450;300;200;100;50,2,8,2.5,3.5,100,-10,5,250,40,5,250,60,1,8,11,0,0.06,4,0.5,50,8,5
30,1,60,FrameTimeStutter,6.000,antimatter,practice,2026-08-31T00:06:27.6306034-04:00,2,606,10.39035,17.1544,2402.07,1440.00,0.000,0.000,5.0318,10.8744,8.2243,Left,0,0,0,0,0.0000,200.000,0,0.000,0,127.500,71.914,4.500,0.0300,0.0000,-20.00,antimatter,60,450;300;200;100;50,2,8,2.5,3.5,100,-10,5,250,40,5,250,60,1,8,11,0,0.06,4,0.5,50,8,5
30,1,60,FrameTimeStutter,6.000,antimatter,practice,2026-08-31T00:06:27.6306034-04:00,2,607,10.40671,16.3681,2402.07,1440.00,0.000,0.000,5.0318,10.8744,8.2243,Left,0,0,0,0,0.0000,200.000,0,0.000,0,127.500,71.914,4.500,0.0300,0.0000,-20.00,antimatter,60,450;300;200;100;50,2,8,2.5,3.5,100,-10,5,250,40,5,250,60,1,8,11,0,0.06,4,0.5,50,8,5
30,1,60,FrameTimeStutter,6.000,antimatter,practice,2026-08-31T00:06:27.6306034-04:00,2,608,10.42378,17.0704,2402.07,1440.00,0.000,0.000,5.0318,10.8744,8.2243,Left,0,0,0,0,0.0000,200.000,0,0.000,0,127.500,71.914,4.500,0.0300,0.0000,-20.00,antimatter,60,450;300;200;100;50,2,8,2.5,3.5,100,-10,5,250,40,5,250,60,1,8,11,0,0.06,4,0.5,50,8,5
30,1,60,FrameTimeStutter,6.000,antimatter,practice,2026-08-31T00:06:27.6306034-04:00,2,609,10.44052,16.7362,2402.07,1440.00,0.000,0.000,5.0318,10.8744,8.2243,Left,0,0,0,0,0.0000,200.000,0,0.000,0,127.500,71.914,4.500,0.0300,0.0000,-20.00,antimatter,60,450;300;200;100;50,2,8,2.5,3.5,100,-10,5,250,40,5,250,60,1,8,11,0,0.06,4,0.5,50,8,5
30,1,60,FrameTimeStutter,6.000,antimatter,practice,2026-08-31T00:06:27.6306034-04:00,2,610,10.45716,16.6340,2402.07,1440.00,0.000,0.000,5.0318,10.8744,8.2243,Left,0,0,0,0,0.0000,200.000,0,0.000,0,127.500,71.914,4.500,0.0300,0.0000,-20.00,antimatter,60,450;300;200;100;50,2,8,2.5,3.5,100,-10,5,250,40,5,250,60,1,8,11,0,0.06,4,0.5,50,8,5
30,1,60,FrameTimeStutter,6.000,antimatter,practice,2026-08-31T00:06:27.6306034-04:00,2,611,10.47371,16.5544,2402.07,1440.00,0.000,0.000,5.0318,10.8744,8.2243,Left,0,0,0,0,0.0000,200.000,0,0.000,0,127.500,71.914,4.500,0.0300,0.0000,-20.00,antimatter,60,450;300;200;100;50,2,8,2.5,3.5,100,-10,5,250,40,5,250,60,1,8,11,0,0.06,4,0.5,50,8,5
30,1,60,FrameTimeStutter,6.000,antimatter,practice,2026-08-31T00:06:27.6306034-04:00,2,612,10.49047,16.7602,2402.07,1440.00,0.000,0.000,5.0318,10.8744,8.2243,Left,0,0,0,0,0.0000,200.000,0,0.000,0,127.500,71.914,4.500,0.0300,0.0000,-20.00,antimatter,60,450;300;200;100;50,2,8,2.5,3.5,100,-10,5,250,40,5,250,60,1,8,11,0,0.06,4,0.5,50,8,5
30,1,60,FrameTimeStutter,6.000,antimatter,practice,2026-08-31T00:06:27.6306034-04:00,2,613,10.50685,16.3821,2402.07,1440.00,0.000,0.000,5.0318,10.8744,8.2243,Left,0,0,0,0,0.0000,200.000,0,0.000,0,127.500,71.914,4.500,0.0300,0.0000,-20.00,antimatter,60,450;300;200;100;50,2,8,2.5,3.5,100,-10,5,250,40,5,250,60,1,8,11,0,0.06,4,0.5,50,8,5
30,1,60,FrameTimeStutter,6.000,antimatter,practice,2026-08-31T00:06:27.6306034-04:00,2,614,10.52368,16.8243,2402.07,1440.00,0.000,0.000,5.0318,10.8744,8.2243,Left,0,0,0,0,0.0000,200.000,0,0.000,0,127.500,71.914,4.500,0.0300,0.0000,-20.00,antimatter,60,450;300;200;100;50,2,8,2.5,3.5,100,-10,5,250,40,5,250,60,1,8,11,0,0.06,4,0.5,50,8,5
30,1,60,FrameTimeStutter,6.000,antimatter,practice,2026-08-31T00:06:27.6306034-04:00,2,615,10.54052,16.8436,2402.07,1440.00,0.000,0.000,5.0318,10.8744,8.2243,Left,0,0,0,0,0.0000,200.000,0,0.000,0,127.500,71.914,4.500,0.0300,0.0000,-20.00,antimatter,60,450;300;200;100;50,2,8,2.5,3.5,100,-10,5,250,40,5,250,60,1,8,11,0,0.06,4,0.5,50,8,5
30,1,60,FrameTimeStutter,6.000,antimatter,practice,2026-08-31T00:06:27.6306034-04:00,2,616,10.55671,16.1895,2402.07,1440.00,0.000,0.000,5.0318,10.8744,8.2243,Left,0,0,0,0,0.0000,200.000,0,0.000,0,127.500,71.914,4.500,0.0300,0.0000,-20.00,antimatter,60,450;300;200;100;50,2,8,2.5,3.5,100,-10,5,250,40,5,250,60,1,8,11,0,0.06,4,0.5,50,8,5
30,1,60,FrameTimeStutter,6.000,antimatter,practice,2026-08-31T00:06:27.6306034-04:00,2,617,10.57349,16.7841,2402.07,1440.00,0.000,0.000,5.0318,10.8744,8.2243,Left,0,0,0,0,0.0000,200.000,0,0.000,0,127.500,71.914,4.500,0.0300,0.0000,-20.00,antimatter,60,450;300;200;100;50,2,8,2.5,3.5,100,-10,5,250,40,5,250,60,1,8,11,0,0.06,4,0.5,50,8,5
30,1,60,FrameTimeStutter,6.000,antimatter,practice,2026-08-31T00:06:27.6306034-04:00,2,618,10.58976,16.2709,2402.07,1440.00,0.000,0.000,5.0318,10.8744,8.2243,Left,0,0,0,0,0.0000,200.000,0,0.000,0,127.500,71.914,4.500,0.0300,0.0000,-20.00,antimatter,60,450;300;200;100;50,2,8,2.5,3.5,100,-10,5,250,40,5,250,60,1,8,11,0,0.06,4,0.5,50,8,5
30,1,60,FrameTimeStutter,6.000,antimatter,practice,2026-08-31T00:06:27.6306034-04:00,2,619,10.60641,16.6444,2402.07,1440.00,0.000,0.000,5.0318,10.8744,8.2243,Left,0,0,0,0,0.0000,200.000,0,0.000,0,127.500,71.914,4.500,0.0300,0.0000,-20.00,antimatter,60,450;300;200;100;50,2,8,2.5,3.5,100,-10,5,250,40,5,250,60,1,8,11,0,0.06,4,0.5,50,8,5
30,1,60,FrameTimeStutter,6.000,antimatter,practice,2026-08-31T00:06:27.6306034-04:00,2,620,10.62415,17.7447,2402.07,1440.00,0.000,0.000,5.0318,10.8744,8.2243,Left,0,0,0,0,0.0000,200.000,0,0.000,0,127.500,71.914,4.500,0.0300,0.0000,-20.00,antimatter,60,450;300;200;100;50,2,8,2.5,3.5,100,-10,5,250,40,5,250,60,1,8,11,0,0.06,4,0.5,50,8,5
30,1,60,FrameTimeStutter,6.000,antimatter,practice,2026-08-31T00:06:27.6306034-04:00,2,621,10.64019,16.0351,2402.07,1440.00,0.000,0.000,5.0318,10.8744,8.2243,Left,0,0,0,0,0.0000,200.000,0,0.000,0,127.500,71.914,4.500,0.0300,0.0000,-20.00,antimatter,60,450;300;200;100;50,2,8,2.5,3.5,100,-10,5,250,40,5,250,60,1,8,11,0,0.06,4,0.5,50,8,5
30,1,60,FrameTimeStutter,6.000,antimatter,practice,2026-08-31T00:06:27.6306034-04:00,2,622,10.65638,16.1926,2402.07,1440.00,0.000,0.000,5.0318,10.8744,8.2243,Left,0,0,0,0,0.0000,200.000,0,0.000,0,127.500,71.914,4.500,0.0300,0.0000,-20.00,antimatter,60,450;300;200;100;50,2,8,2.5,3.5,100,-10,5,250,40,5,250,60,1,8,11,0,0.06,4,0.5,50,8,5
30,1,60,FrameTimeStutter,6.000,antimatter,practice,2026-08-31T00:06:27.6306034-04:00,2,623,10.67370,17.3159,2402.07,1440.00,0.000,0.000,5.0318,10.8744,8.2243,Left,0,0,0,0,0.0000,200.000,0,0.000,0,127.500,71.914,4.500,0.0300,0.0000,-20.00,antimatter,60,450;300;200;100;50,2,8,2.5,3.5,100,-10,5,250,40,5,250,60,1,8,11,0,0.06,4,0.5,50,8,5
30,1,60,FrameTimeStutter,6.000,antimatter,practice,2026-08-31T00:06:27.6306034-04:00,2,624,10.69048,16.7871,2402.07,1440.00,0.000,0.000,5.0318,10.8744,8.2243,Left,0,0,0,0,0.0000,200.000,0,0.000,0,127.500,71.914,4.500,0.0300,0.0000,-20.00,antimatter,60,450;300;200;100;50,2,8,2.5,3.5,100,-10,5,250,40,5,250,60,1,8,11,0,0.06,4,0.5,50,8,5
30,1,60,FrameTimeStutter,6.000,antimatter,practice,2026-08-31T00:06:27.6306034-04:00,2,625,10.70653,16.0431,2402.07,1440.00,0.000,0.000,5.0318,10.8744,8.2243,Left,0,0,0,0,0.0000,200.000,0,0.000,0,127.500,71.914,4.500,0.0300,0.0000,-20.00,antimatter,60,450;300;200;100;50,2,8,2.5,3.5,100,-10,5,250,40,5,250,60,1,8,11,0,0.06,4,0.5,50,8,5
30,1,60,FrameTimeStutter,6.000,antimatter,practice,2026-08-31T00:06:27.6306034-04:00,2,626,10.72373,17.2073,2402.07,1440.00,0.000,0.000,5.0318,10.8744,8.2243,Left,0,0,0,0,0.0000,200.000,0,0.000,0,127.500,71.914,4.500,0.0300,0.0000,-20.00,antimatter,60,450;300;200;100;50,2,8,2.5,3.5,100,-10,5,250,40,5,250,60,1,8,11,0,0.06,4,0.5,50,8,5
30,1,60,FrameTimeStutter,6.000,antimatter,practice,2026-08-31T00:06:27.6306034-04:00,2,627,10.73974,16.0036,2402.07,1440.00,0.000,0.000,5.0318,10.8744,8.2243,Left,0,0,0,0,0.0000,200.000,0,0.000,0,127.500,71.914,4.500,0.0300,0.0000,-20.00,antimatter,60,450;300;200;100;50,2,8,2.5,3.5,100,-10,5,250,40,5,250,60,1,8,11,0,0.06,4,0.5,50,8,5
30,1,60,FrameTimeStutter,6.000,antimatter,practice,2026-08-31T00:06:27.6306034-04:00,2,628,10.75663,16.8939,2402.07,1440.00,0.000,0.000,5.0318,10.8744,8.2243,Left,0,0,0,0,0.0000,200.000,0,0.000,0,127.500,71.914,4.500,0.0300,0.0000,-20.00,antimatter,60,450;300;200;100;50,2,8,2.5,3.5,100,-10,5,250,40,5,250,60,1,8,11,0,0.06,4,0.5,50,8,5
30,1,60,FrameTimeStutter,6.000,antimatter,practice,2026-08-31T00:06:27.6306034-04:00,2,629,10.77315,16.5177,2402.07,1440.00,0.000,0.000,5.0318,10.8744,8.2243,Left,0,0,0,0,0.0000,200.000,0,0.000,0,127.500,71.914,4.500,0.0300,0.0000,-20.00,antimatter,60,450;300;200;100;50,2,8,2.5,3.5,100,-10,5,250,40,5,250,60,1,8,11,0,0.06,4,0.5,50,8,5
30,1,60,FrameTimeStutter,6.000,antimatter,practice,2026-08-31T00:06:27.6306034-04:00,2,630,10.78977,16.6181,2402.07,1440.00,0.000,0.000,5.0318,10.8744,8.2243,Left,0,0,0,0,0.0000,200.000,0,0.000,0,127.500,71.914,4.500,0.0300,0.0000,-20.00,antimatter,60,450;300;200;100;50,2,8,2.5,3.5,100,-10,5,250,40,5,250,60,1,8,11,0,0.06,4,0.5,50,8,5
30,1,60,FrameTimeStutter,6.000,antimatter,practice,2026-08-31T00:06:27.6306034-04:00,2,631,10.80695,17.1867,2402.07,1440.00,0.000,0.000,5.0318,10.8744,8.2243,Left,0,0,0,0,0.0000,200.000,0,0.000,0,127.500,71.914,4.500,0.0300,0.0000,-20.00,antimatter,60,450;300;200;100;50,2,8,2.5,3.5,100,-10,5,250,40,5,250,60,1,8,11,0,0.06,4,0.5,50,8,5
30,1,60,FrameTimeStutter,6.000,antimatter,practice,2026-08-31T00:06:27.6306034-04:00,2,632,10.82375,16.7991,2402.07,1440.00,0.000,0.000,5.0318,10.8744,8.2243,Left,0,0,0,0,0.0000,200.000,0,0.000,0,127.500,71.914,4.500,0.0300,0.0000,-20.00,antimatter,60,450;300;200;100;50,2,8,2.5,3.5,100,-10,5,250,40,5,250,60,1,8,11,0,0.06,4,0.5,50,8,5
30,1,60,FrameTimeStutter,6.000,antimatter,practice,2026-08-31T00:06:27.6306034-04:00,2,633,10.83977,16.0138,2402.07,1440.00,0.000,0.000,5.0318,10.8744,8.2243,Left,0,0,0,0,0.0000,200.000,0,0.000,0,127.500,71.914,4.500,0.0300,0.0000,-20.00,antimatter,60,450;300;200;100;50,2,8,2.5,3.5,100,-10,5,250,40,5,250,60,1,8,11,0,0.06,4,0.5,50,8,5
30,1,60,FrameTimeStutter,6.000,antimatter,practice,2026-08-31T00:06:27.6306034-04:00,2,634,10.85682,17.0499,2402.07,1440.00,0.000,0.000,5.0318,10.8744,8.2243,Left,0,0,0,0,0.0000,200.000,0,0.000,0,127.500,71.914,4.500,0.0300,0.0000,-20.00,antimatter,60,450;300;200;100;50,2,8,2.5,3.5,100,-10,5,250,40,5,250,60,1,8,11,0,0.06,4,0.5,50,8,5
30,1,60,FrameTimeStutter,6.000,antimatter,practice,2026-08-31T00:06:27.6306034-04:00,2,635,10.87335,16.5328,2402.07,1440.00,0.000,0.000,5.0318,10.8744,8.2243,Left,0,0,0,0,0.0000,200.000,0,0.000,0,127.500,71.914,4.500,0.0300,0.0000,-20.00,antimatter,60,450;300;200;100;50,2,8,2.5,3.5,100,-10,5,250,40,5,250,60,1,8,11,0,0.06,4,0.5,50,8,5
30,1,60,FrameTimeStutter,6.000,antimatter,practice,2026-08-31T00:06:27.6306034-04:00,2,636,10.89023,16.8783,2402.07,1440.00,0.000,0.000,5.0318,10.8744,8.2243,Left,0,0,0,0,0.0000,200.000,0,0.000,0,127.500,71.914,4.500,0.0300,0.0000,-20.00,antimatter,60,450;300;200;100;50,2,8,2.5,3.5,100,-10,5,250,40,5,250,60,1,8,11,0,0.06,4,0.5,50,8,5
30,1,60,FrameTimeStutter,6.000,antimatter,practice,2026-08-31T00:06:27.6306034-04:00,2,637,10.90668,16.4487,2402.07,1440.00,0.000,0.000,5.0318,10.8744,8.2243,Left,0,0,0,0,0.0000,200.000,0,0.000,0,127.500,71.914,4.500,0.0300,0.0000,-20.00,antimatter,60,450;300;200;100;50,2,8,2.5,3.5,100,-10,5,250,40,5,250,60,1,8,11,0,0.06,4,0.5,50,8,5
30,1,60,FrameTimeStutter,6.000,antimatter,practice,2026-08-31T00:06:27.6306034-04:00,2,638,10.92330,16.6253,2402.07,1440.00,0.000,0.000,5.0318,10.8744,8.2243,Left,0,0,0,0,0.0000,200.000,0,0.000,0,127.500,71.914,4.500,0.0300,0.0000,-20.00,antimatter,60,450;300;200;100;50,2,8,2.5,3.5,100,-10,5,250,40,5,250,60,1,8,11,0,0.06,4,0.5,50,8,5
30,1,60,FrameTimeStutter,6.000,antimatter,practice,2026-08-31T00:06:27.6306034-04:00,2,639,10.93983,16.5309,2402.07,1440.00,0.000,0.000,5.0318,10.8744,8.2243,Left,0,0,0,0,0.0000,200.000,0,0.000,0,127.500,71.914,4.500,0.0300,0.0000,-20.00,antimatter,60,450;300;200;100;50,2,8,2.5,3.5,100,-10,5,250,40,5,250,60,1,8,11,0,0.06,4,0.5,50,8,5
30,1,60,FrameTimeStutter,6.000,antimatter,practice,2026-08-31T00:06:27.6306034-04:00,2,640,10.95685,17.0151,2402.07,1440.00,0.000,0.000,5.0318,10.8744,8.2243,Left,0,0,0,0,0.0000,200.000,0,0.000,0,127.500,71.914,4.500,0.0300,0.0000,-20.00,antimatter,60,450;300;200;100;50,2,8,2.5,3.5,100,-10,5,250,40,5,250,60,1,8,11,0,0.06,4,0.5,50,8,5
30,1,60,FrameTimeStutter,6.000,antimatter,practice,2026-08-31T00:06:27.6306034-04:00,2,641,10.97364,16.7917,2402.07,1440.00,0.000,0.000,5.0318,10.8744,8.2243,Left,0,0,0,0,0.0000,200.000,0,0.000,0,127.500,71.914,4.500,0.0300,0.0000,-20.00,antimatter,60,450;300;200;100;50,2,8,2.5,3.5,100,-10,5,250,40,5,250,60,1,8,11,0,0.06,4,0.5,50,8,5
30,1,60,FrameTimeStutter,6.000,antimatter,practice,2026-08-31T00:06:27.6306034-04:00,2,642,10.98972,16.0842,2402.07,1440.00,0.000,0.000,5.0318,10.8744,8.2243,Left,0,0,0,0,0.0000,200.000,0,0.000,0,127.500,71.914,4.500,0.0300,0.0000,-20.00,antimatter,60,450;300;200;100;50,2,8,2.5,3.5,100,-10,5,250,40,5,250,60,1,8,11,0,0.06,4,0.5,50,8,5
30,1,60,FrameTimeStutter,6.000,antimatter,practice,2026-08-31T00:06:27.6306034-04:00,2,643,11.00713,17.4027,2402.07,1440.00,0.000,0.000,5.0318,10.8744,8.2243,Left,0,0,0,0,0.0000,200.000,0,0.000,0,127.500,71.914,4.500,0.0300,0.0000,-20.00,antimatter,60,450;300;200;100;50,2,8,2.5,3.5,100,-10,5,250,40,5,250,60,1,8,11,0,0.06,4,0.5,50,8,5
30,1,60,FrameTimeStutter,6.000,antimatter,practice,2026-08-31T00:06:27.6306034-04:00,2,644,11.02310,15.9769,2402.07,1440.00,0.000,0.000,5.0318,10.8744,8.2243,Left,0,0,0,0,0.0000,200.000,0,0.000,0,127.500,71.914,4.500,0.0300,0.0000,-20.00,antimatter,60,450;300;200;100;50,2,8,2.5,3.5,100,-10,5,250,40,5,250,60,1,8,11,0,0.06,4,0.5,50,8,5
30,1,60,FrameTimeStutter,6.000,antimatter,practice,2026-08-31T00:06:27.6306034-04:00,2,645,11.03990,16.7988,2402.07,1440.00,0.000,0.000,5.0318,10.8744,8.2243,Left,0,0,0,0,0.0000,200.000,0,0.000,0,127.500,71.914,4.500,0.0300,0.0000,-20.00,antimatter,60,450;300;200;100;50,2,8,2.5,3.5,100,-10,5,250,40,5,250,60,1,8,11,0,0.06,4,0.5,50,8,5
30,1,60,FrameTimeStutter,6.000,antimatter,practice,2026-08-31T00:06:27.6306034-04:00,2,646,11.05718,17.2756,2402.07,1440.00,0.000,0.000,5.0318,10.8744,8.2243,Left,0,0,0,0,0.0000,200.000,0,0.000,0,127.500,71.914,4.500,0.0300,0.0000,-20.00,antimatter,60,450;300;200;100;50,2,8,2.5,3.5,100,-10,5,250,40,5,250,60,1,8,11,0,0.06,4,0.5,50,8,5
30,1,60,FrameTimeStutter,6.000,antimatter,practice,2026-08-31T00:06:27.6306034-04:00,2,647,11.07319,16.0162,2402.07,1440.00,0.000,0.000,5.0318,10.8744,8.2243,Left,0,0,0,0,0.0000,200.000,0,0.000,0,127.500,71.914,4.500,0.0300,0.0000,-20.00,antimatter,60,450;300;200;100;50,2,8,2.5,3.5,100,-10,5,250,40,5,250,60,1,8,11,0,0.06,4,0.5,50,8,5
30,1,60,FrameTimeStutter,6.000,antimatter,practice,2026-08-31T00:06:27.6306034-04:00,2,648,11.09009,16.8966,2402.07,1440.00,0.000,0.000,5.0318,10.8744,8.2243,Left,0,0,0,0,0.0000,200.000,0,0.000,0,127.500,71.914,4.500,0.0300,0.0000,-20.00,antimatter,60,450;300;200;100;50,2,8,2.5,3.5,100,-10,5,250,40,5,250,60,1,8,11,0,0.06,4,0.5,50,8,5
30,1,60,FrameTimeStutter,6.000,antimatter,practice,2026-08-31T00:06:27.6306034-04:00,2,649,11.10674,16.6540,2402.07,1440.00,0.000,0.000,5.0318,10.8744,8.2243,Left,0,0,0,0,0.0000,200.000,0,0.000,0,127.500,71.914,4.500,0.0300,0.0000,-20.00,antimatter,60,450;300;200;100;50,2,8,2.5,3.5,100,-10,5,250,40,5,250,60,1,8,11,0,0.06,4,0.5,50,8,5
30,1,60,FrameTimeStutter,6.000,antimatter,practice,2026-08-31T00:06:27.6306034-04:00,2,650,11.12290,16.1546,2402.07,1440.00,0.000,0.000,5.0318,10.8744,8.2243,Left,0,0,0,0,0.0000,200.000,0,0.000,0,127.500,71.914,4.500,0.0300,0.0000,-20.00,antimatter,60,450;300;200;100;50,2,8,2.5,3.5,100,-10,5,250,40,5,250,60,1,8,11,0,0.06,4,0.5,50,8,5
30,1,60,FrameTimeStutter,6.000,antimatter,practice,2026-08-31T00:06:27.6306034-04:00,2,651,11.14000,17.0987,2402.07,1440.00,0.000,0.000,5.0318,10.8744,8.2243,Left,0,0,0,0,0.0000,200.000,0,0.000,0,127.500,71.914,4.500,0.0300,0.0000,-20.00,antimatter,60,450;300;200;100;50,2,8,2.5,3.5,100,-10,5,250,40,5,250,60,1,8,11,0,0.06,4,0.5,50,8,5
30,1,60,FrameTimeStutter,6.000,antimatter,practice,2026-08-31T00:06:27.6306034-04:00,2,652,11.15684,16.8392,2402.07,1440.00,0.000,0.000,5.0318,10.8744,8.2243,Left,0,0,0,0,0.0000,200.000,0,0.000,0,127.500,71.914,4.500,0.0300,0.0000,-20.00,antimatter,60,450;300;200;100;50,2,8,2.5,3.5,100,-10,5,250,40,5,250,60,1,8,11,0,0.06,4,0.5,50,8,5
30,1,60,FrameTimeStutter,6.000,antimatter,practice,2026-08-31T00:06:27.6306034-04:00,2,653,11.17351,16.6705,2402.07,1440.00,0.000,0.000,5.0318,10.8744,8.2243,Left,0,0,0,0,0.0000,200.000,0,0.000,0,127.500,71.914,4.500,0.0300,0.0000,-20.00,antimatter,60,450;300;200;100;50,2,8,2.5,3.5,100,-10,5,250,40,5,250,60,1,8,11,0,0.06,4,0.5,50,8,5
30,1,60,FrameTimeStutter,6.000,antimatter,practice,2026-08-31T00:06:27.6306034-04:00,2,654,11.18812,14.6092,2402.07,1440.00,0.000,0.000,5.0318,10.8744,8.2243,Left,0,0,0,0,0.0000,200.000,0,0.000,0,127.500,71.914,4.500,0.0300,0.0000,-20.00,antimatter,60,450;300;200;100;50,2,8,2.5,3.5,100,-10,5,250,40,5,250,60,1,8,11,0,0.06,4,0.5,50,8,5
30,1,60,FrameTimeStutter,6.000,antimatter,practice,2026-08-31T00:06:27.6306034-04:00,2,655,11.20734,19.2247,2402.07,1440.00,0.000,0.000,5.0318,10.8744,8.2243,Left,0,0,0,0,0.0000,200.000,0,0.000,0,127.500,71.914,4.500,0.0300,0.0000,-20.00,antimatter,60,450;300;200;100;50,2,8,2.5,3.5,100,-10,5,250,40,5,250,60,1,8,11,0,0.06,4,0.5,50,8,5
30,1,60,FrameTimeStutter,6.000,antimatter,practice,2026-08-31T00:06:27.6306034-04:00,2,656,11.22293,15.5896,2402.07,1440.00,0.000,0.000,5.0318,10.8744,8.2243,Left,0,0,0,0,0.0000,200.000,0,0.000,0,127.500,71.914,4.500,0.0300,0.0000,-20.00,antimatter,60,450;300;200;100;50,2,8,2.5,3.5,100,-10,5,250,40,5,250,60,1,8,11,0,0.06,4,0.5,50,8,5
30,1,60,FrameTimeStutter,6.000,antimatter,practice,2026-08-31T00:06:27.6306034-04:00,2,657,12.26801,1045.0750,1721.53,1527.86,0.000,0.000,5.0318,10.8744,8.2243,Left,0,0,0,0,0.0000,200.000,0,0.000,0,127.500,71.914,4.500,0.0300,0.0000,-20.00,antimatter,60,450;300;200;100;50,2,8,2.5,3.5,100,-10,5,250,40,5,250,60,1,8,11,0,0.06,4,0.5,50,8,5
30,1,60,FrameTimeStutter,6.000,antimatter,practice,2026-08-31T00:06:27.6306034-04:00,2,658,12.27265,4.6436,1721.53,1527.86,0.000,0.000,5.0318,10.8744,8.2243,Left,0,0,0,0,0.0000,200.000,0,0.000,0,127.500,71.914,4.500,0.0300,0.0000,-20.00,antimatter,60,450;300;200;100;50,2,8,2.5,3.5,100,-10,5,250,40,5,250,60,1,8,11,0,0.06,4,0.5,50,8,5
30,1,60,FrameTimeStutter,6.000,antimatter,practice,2026-08-31T00:06:27.6306034-04:00,2,659,12.27710,4.4450,1721.53,1527.86,0.000,0.000,5.0318,10.8744,8.2243,Left,0,0,0,0,0.0000,200.000,0,0.000,0,127.500,71.914,4.500,0.0300,0.0000,-20.00,antimatter,60,450;300;200;100;50,2,8,2.5,3.5,100,-10,5,250,40,5,250,60,1,8,11,0,0.06,4,0.5,50,8,5
30,1,60,FrameTimeStutter,6.000,antimatter,practice,2026-08-31T00:06:27.6306034-04:00,2,660,12.28333,6.2317,1721.53,1527.86,0.000,0.000,5.0318,10.8744,8.2243,Left,0,0,0,0,0.0000,200.000,0,0.000,0,127.500,71.914,4.500,0.0300,0.0000,-20.00,antimatter,60,450;300;200;100;50,2,8,2.5,3.5,100,-10,5,250,40,5,250,60,1,8,11,0,0.06,4,0.5,50,8,5
30,1,60,FrameTimeStutter,6.000,antimatter,practice,2026-08-31T00:06:27.6306034-04:00,2,661,12.29513,11.8039,1721.53,1527.86,0.000,0.000,5.0318,10.8744,8.2243,Left,0,0,0,0,0.0000,200.000,0,0.000,0,127.500,71.914,4.500,0.0300,0.0000,-20.00,antimatter,60,450;300;200;100;50,2,8,2.5,3.5,100,-10,5,250,40,5,250,60,1,8,11,0,0.06,4,0.5,50,8,5
30,1,60,FrameTimeStutter,6.000,antimatter,practice,2026-08-31T00:06:27.6306034-04:00,2,662,12.31092,15.7899,1721.53,1527.86,0.000,0.000,5.0318,10.8744,8.2243,Left,0,0,0,0,0.0000,200.000,0,0.000,0,127.500,71.914,4.500,0.0300,0.0000,-20.00,antimatter,60,450;300;200;100;50,2,8,2.5,3.5,100,-10,5,250,40,5,250,60,1,8,11,0,0.06,4,0.5,50,8,5
30,1,60,FrameTimeStutter,6.000,antimatter,practice,2026-08-31T00:06:27.6306034-04:00,2,663,12.32890,17.9817,1721.53,1527.86,0.000,0.000,5.0318,10.8744,8.2243,Left,0,0,0,0,0.0000,200.000,0,0.000,0,127.500,71.914,4.500,0.0300,0.0000,-20.00,antimatter,60,450;300;200;100;50,2,8,2.5,3.5,100,-10,5,250,40,5,250,60,1,8,11,0,0.06,4,0.5,50,8,5
30,1,60,FrameTimeStutter,6.000,antimatter,practice,2026-08-31T00:06:27.6306034-04:00,2,664,12.34459,15.6847,1721.53,1527.86,0.000,0.000,5.0318,10.8744,8.2243,Left,0,0,0,0,0.0000,200.000,0,0.000,0,127.500,71.914,4.500,0.0300,0.0000,-20.00,antimatter,60,450;300;200;100;50,2,8,2.5,3.5,100,-10,5,250,40,5,250,60,1,8,11,0,0.06,4,0.5,50,8,5
30,1,60,FrameTimeStutter,6.000,antimatter,practice,2026-08-31T00:06:27.6306034-04:00,2,665,12.36124,16.6527,1721.53,1527.86,0.000,0.000,5.0318,10.8744,8.2243,Left,0,0,0,0,0.0000,200.000,0,0.000,0,127.500,71.914,4.500,0.0300,0.0000,-20.00,antimatter,60,450;300;200;100;50,2,8,2.5,3.5,100,-10,5,250,40,5,250,60,1,8,11,0,0.06,4,0.5,50,8,5
