sessionId,blockIndex,unityApplicationFps,testMode,closeRadius,weapon,phase,phaseStartIso,roundNumber,frameIndex,timeSinceStartSec,unscaledDeltaMs,mouseX,mouseY,mouseDeltaX,mouseDeltaY,ufoX,ufoY,towerX,side,leftButtonDown,leftButtonPressed,fireKeyDown,shotFired,shotHitX,stimulusMs,spikeFired,stutterMs,windowOpen,threshEstimateMs,sd,slopeEstimate,lapseEstimate,accuracy,score,cfg_weapon,cfg_unityApplicationFps,cfg_practiceStuttersMs,cfg_amSpikeDelayMinSec,cfg_amSpikeDelayMaxSec,cfg_amWindowMinSec,cfg_amWindowMaxSec,cfg_hitPoints,cfg_missPoints,cfg_stimMinMs,cfg_stimMaxMs,cfg_stimCount,cfg_threshMinMs,cfg_threshMaxMs,cfg_threshCount,cfg_slopeMin,cfg_slopeMax,cfg_slopeCount,cfg_lapseMin,cfg_lapseMax,cfg_lapseCount,cfg_guessRate,cfg_maxTrials,cfg_minTrials,cfg_stopSD
37,1,60,FrameTimeStutter,6.000,antimatter,practice,2026-08-31T17:32:23.9802087-04:00,0,0,0.00000,15.0403,1654.41,1233.63,0.000,0.000,-22.4689,2.0000,-0.2204,Left,0,0,0,0,0.0000,450.000,0,0.000,0,127.500,71.914,4.500,0.0300,0.0000,0.00,antimatter,60,450;300;200;100;50,2,6,1.5,2.5,100,-10,5,250,40,5,250,60,1,8,11,0,0.06,4,0.5,50,8,5
37,1,60,FrameTimeStutter,6.000,antimatter,practice,2026-08-31T17:32:23.9802087-04:00,0,1,0.01672,16.7148,1654.41,1233.63,0.000,0.000,-22.4689,2.0000,-0.2204,Left,0,0,0,0,0.0000,450.000,0,0.000,0,127.500,71.914,4.500,0.0300,0.0000,0.00,antimatter,60,450;300;200;100;50,2,6,1.5,2.5,100,-10,5,250,40,5,250,60,1,8,11,0,0.06,4,0.5,50,8,5
37,1,60,FrameTimeStutter,6.000,antimatter,practice,2026-08-31T17:32:23.9802087-04:00,0,2,0.03262,15.9005,1654.41,1233.63,0.000,0.000,-22.4689,2.0000,-0.2204,Left,0,0,0,0,0.0000,450.000,0,0.000,0,127.500,71.914,4.500,0.0300,0.0000,0.00,antimatter,60,450;300;200;100;50,2,6,1.5,2.5,100,-10,5,250,40,5,250,60,1,8,11,0,0.06,4,0.5,50,8,5
37,1,60,FrameTimeStutter,6.000,antimatter,practice,2026-08-31T17:32:23.9802087-04:00,0,3,0.04963,17.0181,1654.41,1233.63,0.000,0.000,-22.4689,2.0000,-0.2204,Left,0,0,0,0,0.0000,450.000,0,0.000,0,127.500,71.914,4.500,0.0300,0.0000,0.00,antimatter,60,450;300;200;100;50,2,6,1.5,2.5,100,-10,5,250,40,5,250,60,1,8,11,0,0.06,4,0.5,50,8,5
37,1,60,FrameTimeStutter,6.000,antimatter,practice,2026-08-31T17:32:23.9802087-04:00,0,4,0.06630,16.6706,1654.41,1233.63,0.000,0.000,-22.4689,2.0000,-0.2204,Left,0,0,0,0,0.0000,450.000,0,0.000,0,127.500,71.914,4.500,0.0300,0.0000,0.00,antimatter,60,450;300;200;100;50,2,6,1.5,2.5,100,-10,5,250,40,5,250,60,1,8,11,0,0.06,4,0.5,50,8,5
37,1,60,FrameTimeStutter,6.000,antimatter,practice,2026-08-31T17:32:23.9802087-04:00,0,5,0.08274,16.4357,1654.41,1233.63,0.000,0.000,-22.4689,2.0000,-0.2204,Left,0,0,0,0,0.0000,450.000,0,0.000,0,127.500,71.914,4.500,0.0300,0.0000,0.00,antimatter,60,450;300;200;100;50,2,6,1.5,2.5,100,-10,5,250,40,5,250,60,1,8,11,0,0.06,4,0.5,50,8,5
37,1,60,FrameTimeStutter,6.000,antimatter,practice,2026-08-31T17:32:23.9802087-04:00,0,6,0.09924,16.5048,1654.41,1233.63,0.000,0.000,-22.4689,2.0000,-0.2204,Left,0,0,0,0,0.0000,450.000,0,0.000,0,127.500,71.914,4.500,0.0300,0.0000,0.00,antimatter,60,450;300;200;100;50,2,6,1.5,2.5,100,-10,5,250,40,5,250,60,1,8,11,0,0.06,4,0.5,50,8,5
37,1,60,FrameTimeStutter,6.000,antimatter,practice,2026-08-31T17:32:23.9802087-04:00,0,7,0.11614,16.8974,1654.41,1233.63,0.000,0.000,-22.4689,2.0000,-0.2204,Left,0,0,0,0,0.0000,450.000,0,0.000,0,127.500,71.914,4.500,0.0300,0.0000,0.00,antimatter,60,450;300;200;100;50,2,6,1.5,2.5,100,-10,5,250,40,5,250,60,1,8,11,0,0.06,4,0.5,50,8,5
37,1,60,FrameTimeStutter,6.000,antimatter,practice,2026-08-31T17:32:23.9802087-04:00,0,8,0.13279,16.6458,1654.41,1233.63,0.000,0.000,-22.4689,2.0000,-0.2204,Left,0,0,0,0,0.0000,450.000,0,0.000,0,127.500,71.914,4.500,0.0300,0.0000,0.00,antimatter,60,450;300;200;100;50,2,6,1.5,2.5,100,-10,5,250,40,5,250,60,1,8,11,0,0.06,4,0.5,50,8,5
37,1,60,FrameTimeStutter,6.000,antimatter,practice,2026-08-31T17:32:23.9802087-04:00,0,9,0.14959,16.8020,1654.41,1233.63,0.000,0.000,-22.4689,2.0000,-0.2204,Left,0,0,0,0,0.0000,450.000,0,0.000,0,127.500,71.914,4.500,0.0300,0.0000,0.00,antimatter,60,450;300;200;100;50,2,6,1.5,2.5,100,-10,5,250,40,5,250,60,1,8,11,0,0.06,4,0.5,50,8,5
37,1,60,FrameTimeStutter,6.000,antimatter,practice,2026-08-31T17:32:23.9802087-04:00,0,10,0.16596,16.3716,1654.41,1233.63,0.000,0.000,-22.4689,2.0000,-0.2204,Left,0,0,0,0,0.0000,450.000,0,0.000,0,127.500,71.914,4.500,0.0300,0.0000,0.00,antimatter,60,450;300;200;100;50,2,6,1.5,2.5,100,-10,5,250,40,5,250,60,1,8,11,0,0.06,4,0.5,50,8,5
37,1,60,FrameTimeStutter,6.000,antimatter,practice,2026-08-31T17:32:23.9802087-04:00,0,11,0.18350,17.5377,1654.41,1233.63,0.000,0.000,-22.4689,2.0000,-0.2204,Left,0,0,0,0,0.0000,450.000,0,0.000,0,127.500,71.914,4.500,0.0300,0.0000,0.00,antimatter,60,450;300;200;100;50,2,6,1.5,2.5,100,-10,5,250,40,5,250,60,1,8,11,0,0.06,4,0.5,50,8,5
37,1,60,FrameTimeStutter,6.000,antimatter,practice,2026-08-31T17:32:23.9802087-04:00,0,12,0.19942,15.9197,1654.41,1233.63,0.000,0.000,-22.4689,2.0000,-0.2204,Left,0,0,0,0,0.0000,450.000,0,0.000,0,127.500,71.914,4.500,0.0300,0.0000,0.00,antimatter,60,450;300;200;100;50,2,6,1.5,2.5,100,-10,5,250,40,5,250,60,1,8,11,0,0.06,4,0.5,50,8,5
37,1,60,FrameTimeStutter,6.000,antimatter,practice,2026-08-31T17:32:23.9802087-04:00,0,13,0.21615,16.7339,1654.41,1233.63,0.000,0.000,-22.4689,2.0000,-0.2204,Left,0,0,0,0,0.0000,450.000,0,0.000,0,127.500,71.914,4.500,0.0300,0.0000,0.00,antimatter,60,450;300;200;100;50,2,6,1.5,2.5,100,-10,5,250,40,5,250,60,1,8,11,0,0.06,4,0.5,50,8,5
37,1,60,FrameTimeStutter,6.000,antimatter,practice,2026-08-31T17:32:23.9802087-04:00,0,14,0.23257,16.4190,1654.41,1233.63,0.000,0.000,-22.4689,2.0000,-0.2204,Left,0,0,0,0,0.0000,450.000,0,0.000,0,127.500,71.914,4.500,0.0300,0.0000,0.00,antimatter,60,450;300;200;100;50,2,6,1.5,2.5,100,-10,5,250,40,5,250,60,1,8,11,0,0.06,4,0.5,50,8,5
37,1,60,FrameTimeStutter,6.000,antimatter,practice,2026-08-31T17:32:23.9802087-04:00,0,15,0.24955,16.9803,1654.41,1233.63,0.000,0.000,-22.4689,2.0000,-0.2204,Left,0,0,0,0,0.0000,450.000,0,0.000,0,127.500,71.914,4.500,0.0300,0.0000,0.00,antimatter,60,450;300;200;100;50,2,6,1.5,2.5,100,-10,5,250,40,5,250,60,1,8,11,0,0.06,4,0.5,50,8,5
37,1,60,FrameTimeStutter,6.000,antimatter,practice,2026-08-31T17:32:23.9802087-04:00,0,16,0.26619,16.6422,1654.41,1233.63,0.000,0.000,-22.4689,2.0000,-0.2204,Left,0,0,0,0,0.0000,450.000,0,0.000,0,127.500,71.914,4.500,0.0300,0.0000,0.00,antimatter,60,450;300;200;100;50,2,6,1.5,2.5,100,-10,5,250,40,5,250,60,1,8,11,0,0.06,4,0.5,50,8,5
37,1,60,FrameTimeStutter,6.000,antimatter,practice,2026-08-31T17:32:23.9802087-04:00,0,17,0.28266,16.4644,1654.41,1233.63,0.000,0.000,-22.4689,2.0000,-0.2204,Left,0,0,0,0,0.0000,450.000,0,0.000,0,127.500,71.914,4.500,0.0300,0.0000,0.00,antimatter,60,450;300;200;100;50,2,6,1.5,2.5,100,-10,5,250,40,5,250,60,1,8,11,0,0.06,4,0.5,50,8,5
37,1,60,FrameTimeStutter,6.000,antimatter,practice,2026-08-31T17:32:23.9802087-04:00,0,18,0.29996,17.3031,1654.41,1233.63,0.000,0.000,-22.4689,2.0000,-0.2204,Left,0,0,0,0,0.0000,450.000,0,0.000,0,127.500,71.914,4.500,0.0300,0.0000,0.00,antimatter,60,450;300;200;100;50,2,6,1.5,2.5,100,-10,5,250,40,5,250,60,1,8,11,0,0.06,4,0.5,50,8,5
37,1,60,FrameTimeStutter,6.000,antimatter,practice,2026-08-31T17:32:23.9802087-04:00,0,19,0.31676,16.7973,1655.66,1232.38,1.000,-1.000,-22.4506,2.0000,-0.2204,Left,0,0,0,0,0.0000,450.000,0,0.000,0,127.500,71.914,4.500,0.0300,0.0000,0.00,antimatter,60,450;300;200;100;50,2,6,1.5,2.5,100,-10,5,250,40,5,250,60,1,8,11,0,0.06,4,0.5,50,8,5
37,1,60,FrameTimeStutter,6.000,antimatter,practice,2026-08-31T17:32:23.9802087-04:00,0,20,0.33275,15.9932,1666.95,1222.34,9.000,-8.000,-22.2861,2.0000,-0.2204,Left,0,0,0,0,0.0000,450.000,0,0.000,0,127.500,71.914,4.500,0.0300,0.0000,0.00,antimatter,60,450;300;200;100;50,2,6,1.5,2.5,100,-10,5,250,40,5,250,60,1,8,11,0,0.06,4,0.5,50,8,5
37,1,60,FrameTimeStutter,6.000,antimatter,practice,2026-08-31T17:32:23.9802087-04:00,0,21,0.34956,16.8084,1689.53,1211.05,18.000,-9.000,-21.9569,2.0000,-0.2204,Left,0,0,0,0,0.0000,450.000,0,0.000,0,127.500,71.914,4.500,0.0300,0.0000,0.00,antimatter,60,450;300;200;100;50,2,6,1.5,2.5,100,-10,5,250,40,5,250,60,1,8,11,0,0.06,4,0.5,50,8,5
37,1,60,FrameTimeStutter,6.000,antimatter,practice,2026-08-31T17:32:23.9802087-04:00,0,22,0.36604,16.4750,1719.63,1202.27,24.000,-7.000,-21.5181,2.0000,-0.2204,Left,0,0,0,0,0.0000,450.000,0,0.000,0,127.500,71.914,4.500,0.0300,0.0000,0.00,antimatter,60,450;300;200;100;50,2,6,1.5,2.5,100,-10,5,250,40,5,250,60,1,8,11,0,0.06,4,0.5,50,8,5
37,1,60,FrameTimeStutter,6.000,antimatter,practice,2026-08-31T17:32:23.9802087-04:00,0,23,0.38321,17.1746,1750.99,1196.00,25.000,-5.000,-21.0610,2.0000,-0.2204,Left,0,0,0,0,0.0000,450.000,0,0.000,0,127.500,71.914,4.500,0.0300,0.0000,0.00,antimatter,60,450;300;200;100;50,2,6,1.5,2.5,100,-10,5,250,40,5,250,60,1,8,11,0,0.06,4,0.5,50,8,5
37,1,60,FrameTimeStutter,6.000,antimatter,practice,2026-08-31T17:32:23.9802087-04:00,0,24,0.39962,16.4055,1788.61,1190.99,30.000,-4.000,-20.5124,2.0000,-0.2204,Left,0,0,0,0,0.0000,450.000,0,0.000,0,127.500,71.914,4.500,0.0300,0.0000,0.00,antimatter,60,450;300;200;100;50,2,6,1.5,2.5,100,-10,5,250,40,5,250,60,1,8,11,0,0.06,4,0.5,50,8,5
37,1,60,FrameTimeStutter,6.000,antimatter,practice,2026-08-31T17:32:23.9802087-04:00,0,25,0.41634,16.7286,1832.51,1188.48,35.000,-2.000,-19.8724,2.0000,-0.2204,Left,0,0,0,0,0.0000,450.000,0,0.000,0,127.500,71.914,4.500,0.0300,0.0000,0.00,antimatter,60,450;300;200;100;50,2,6,1.5,2.5,100,-10,5,250,40,5,250,60,1,8,11,0,0.06,4,0.5,50,8,5
37,1,60,FrameTimeStutter,6.000,antimatter,practice,2026-08-31T17:32:23.9802087-04:00,0,26,0.43286,16.5143,1896.48,1185.97,51.000,-2.000,-18.9399,2.0000,-0.2204,Left,0,0,0,0,0.0000,450.000,0,0.000,0,127.500,71.914,4.500,0.0300,0.0000,0.00,antimatter,60,450;300;200;100;50,2,6,1.5,2.5,100,-10,5,250,40,5,250,60,1,8,11,0,0.06,4,0.5,50,8,5
37,1,60,FrameTimeStutter,6.000,antimatter,practice,2026-08-31T17:32:23.9802087-04:00,0,27,0.45017,17.3128,1975.50,1184.71,63.000,-1.000,-17.7879,2.0000,-0.2204,Left,0,0,0,0,0.0000,450.000,0,0.000,0,127.500,71.914,4.500,0.0300,0.0000,0.00,antimatter,60,450;300;200;100;50,2,6,1.5,2.5,100,-10,5,250,40,5,250,60,1,8,11,0,0.06,4,0.5,50,8,5
37,1,60,FrameTimeStutter,6.000,antimatter,practice,2026-08-31T17:32:23.9802087-04:00,0,28,0.46597,15.7979,2062.05,1184.71,69.000,0.000,-16.5262,2.0000,-0.2204,Left,0,0,0,0,0.0000,450.000,0,0.000,0,127.500,71.914,4.500,0.0300,0.0000,0.00,antimatter,60,450;300;200;100;50,2,6,1.5,2.5,100,-10,5,250,40,5,250,60,1,8,11,0,0.06,4,0.5,50,8,5
37,1,60,FrameTimeStutter,6.000,antimatter,practice,2026-08-31T17:32:23.9802087-04:00,0,29,0.48270,16.7302,2148.59,1184.71,69.000,0.000,-15.2645,2.0000,-0.2204,Left,0,0,0,0,0.0000,450.000,0,0.000,0,127.500,71.914,4.500,0.0300,0.0000,0.00,antimatter,60,450;300;200;100;50,2,6,1.5,2.5,100,-10,5,250,40,5,250,60,1,8,11,0,0.06,4,0.5,50,8,5
37,1,60,FrameTimeStutter,6.000,antimatter,practice,2026-08-31T17:32:23.9802087-04:00,0,30,0.49975,17.0519,2265.24,1189.73,93.000,4.000,-13.5640,2.0731,-0.2204,Left,0,0,0,0,0.0000,450.000,0,0.000,0,127.500,71.914,4.500,0.0300,0.0000,0.00,antimatter,60,450;300;200;100;50,2,6,1.5,2.5,100,-10,5,250,40,5,250,60,1,8,11,0,0.06,4,0.5,50,8,5
37,1,60,FrameTimeStutter,6.000,antimatter,practice,2026-08-31T17:32:23.9802087-04:00,0,31,0.51633,16.5742,2334.23,1197.26,55.000,6.000,-12.5583,2.1828,-0.2204,Left,0,0,0,0,0.0000,450.000,0,0.000,0,127.500,71.914,4.500,0.0300,0.0000,0.00,antimatter,60,450;300;200;100;50,2,6,1.5,2.5,100,-10,5,250,40,5,250,60,1,8,11,0,0.06,4,0.5,50,8,5
37,1,60,FrameTimeStutter,6.000,antimatter,practice,2026-08-31T17:32:23.9802087-04:00,0,32,0.53263,16.3010,2408.23,1208.55,59.000,9.000,-11.4795,2.3474,-0.2204,Left,0,0,0,0,0.0000,450.000,0,0.000,0,127.500,71.914,4.500,0.0300,0.0000,0.00,antimatter,60,450;300;200;100;50,2,6,1.5,2.5,100,-10,5,250,40,5,250,60,1,8,11,0,0.06,4,0.5,50,8,5
37,1,60,FrameTimeStutter,6.000,antimatter,practice,2026-08-31T17:32:23.9802087-04:00,0,33,0.54950,16.8765,2475.96,1221.09,54.000,10.000,-10.4921,2.5303,-0.2204,Left,0,0,0,0,0.0000,450.000,0,0.000,0,127.500,71.914,4.500,0.0300,0.0000,0.00,antimatter,60,450;300;200;100;50,2,6,1.5,2.5,100,-10,5,250,40,5,250,60,1,8,11,0,0.06,4,0.5,50,8,5
37,1,60,FrameTimeStutter,6.000,antimatter,practice,2026-08-31T17:32:23.9802087-04:00,0,34,0.56652,17.0207,2539.93,1234.89,51.000,11.000,-9.5595,2.7314,-0.2204,Left,0,0,0,0,0.0000,450.000,0,0.000,0,127.500,71.914,4.500,0.0300,0.0000,0.00,antimatter,60,450;300;200;100;50,2,6,1.5,2.5,100,-10,5,250,40,5,250,60,1,8,11,0,0.06,4,0.5,50,8,5
37,1,60,FrameTimeStutter,6.000,antimatter,practice,2026-08-31T17:32:23.9802087-04:00,0,35,0.58319,16.6707,2558.75,1249.94,47.000,12.000,-8.7001,2.9508,-0.2204,Left,0,0,0,0,0.0000,450.000,0,0.000,0,127.500,71.914,4.500,0.0300,0.0000,0.00,antimatter,60,450;300;200;100;50,2,6,1.5,2.5,100,-10,5,250,40,5,250,60,1,8,11,0,0.06,4,0.5,50,8,5
37,1,60,FrameTimeStutter,6.000,antimatter,practice,2026-08-31T17:32:23.9802087-04:00,0,36,0.59983,16.6361,2558.75,1268.75,44.000,15.000,-7.8956,3.2251,-0.2204,Left,0,0,0,0,0.0000,450.000,0,0.000,0,127.500,71.914,4.500,0.0300,0.0000,0.00,antimatter,60,450;300;200;100;50,2,6,1.5,2.5,100,-10,5,250,40,5,250,60,1,8,11,0,0.06,4,0.5,50,8,5
37,1,60,FrameTimeStutter,6.000,antimatter,practice,2026-08-31T17:32:23.9802087-04:00,0,37,0.61610,16.2723,2558.75,1288.82,59.000,16.000,-6.8167,3.5176,-0.2204,Left,0,0,0,0,0.0000,450.000,0,0.000,0,127.500,71.914,4.500,0.0300,0.0000,0.00,antimatter,60,450;300;200;100;50,2,6,1.5,2.5,100,-10,5,250,40,5,250,60,1,8,11,0,0.06,4,0.5,50,8,5
37,1,60,FrameTimeStutter,6.000,antimatter,practice,2026-08-31T17:32:23.9802087-04:00,0,38,0.63246,16.3584,2558.75,1310.14,82.000,17.000,-5.3173,3.8285,-0.2204,Left,0,0,0,0,0.0000,450.000,0,0.000,0,127.500,71.914,4.500,0.0300,0.0000,0.00,antimatter,60,450;300;200;100;50,2,6,1.5,2.5,100,-10,5,250,40,5,250,60,1,8,11,0,0.06,4,0.5,50,8,5
37,1,60,FrameTimeStutter,6.000,antimatter,practice,2026-08-31T17:32:23.9802087-04:00,0,39,0.64936,16.8975,2558.75,1333.97,105.000,19.000,-3.3974,4.1759,-0.2204,Left,0,0,0,0,0.0000,450.000,0,0.000,0,127.500,71.914,4.500,0.0300,0.0000,0.00,antimatter,60,450;300;200;100;50,2,6,1.5,2.5,100,-10,5,250,40,5,250,60,1,8,11,0,0.06,4,0.5,50,8,5
37,1,60,FrameTimeStutter,6.000,antimatter,practice,2026-08-31T17:32:23.9802087-04:00,0,40,0.66602,16.6576,2558.75,1354.04,102.000,16.000,-1.5323,4.4684,-0.2204,Left,0,0,0,0,0.0000,450.000,0,0.000,0,127.500,71.914,4.500,0.0300,0.0000,0.00,antimatter,60,450;300;200;100;50,2,6,1.5,2.5,100,-10,5,250,40,5,250,60,1,8,11,0,0.06,4,0.5,50,8,5
37,1,60,FrameTimeStutter,6.000,antimatter,practice,2026-08-31T17:32:23.9802087-04:00,0,41,0.68267,16.6577,2558.75,1372.86,88.000,15.000,0.0768,4.7427,-0.2204,Left,0,0,0,0,0.0000,450.000,0,0.000,0,127.500,71.914,4.500,0.0300,0.0000,0.00,antimatter,60,450;300;200;100;50,2,6,1.5,2.5,100,-10,5,250,40,5,250,60,1,8,11,0,0.06,4,0.5,50,8,5
37,1,60,FrameTimeStutter,6.000,antimatter,practice,2026-08-31T17:32:23.9802087-04:00,0,42,0.69999,17.3185,2558.75,1400.45,93.000,22.000,1.7773,5.1450,-0.2204,Right,0,0,0,0,0.0000,450.000,0,0.000,0,127.500,71.914,4.500,0.0300,0.0000,0.00,antimatter,60,450;300;200;100;50,2,6,1.5,2.5,100,-10,5,250,40,5,250,60,1,8,11,0,0.06,4,0.5,50,8,5
37,1,60,FrameTimeStutter,6.000,antimatter,practice,2026-08-31T17:32:23.9802087-04:00,0,43,0.71622,16.2323,2558.75,1418.01,33.000,14.000,2.3807,5.4010,-0.2204,Right,0,0,0,0,0.0000,450.000,0,0.000,0,127.500,71.914,4.500,0.0300,0.0000,0.00,antimatter,60,450;300;200;100;50,2,6,1.5,2.5,100,-10,5,250,40,5,250,60,1,8,11,0,0.06,4,0.5,50,8,5
37,1,60,FrameTimeStutter,6.000,antimatter,practice,2026-08-31T17:32:23.9802087-04:00,0,44,0.73296,16.7384,2558.75,1426.79,9.000,7.000,2.5453,5.5290,-0.2204,Right,0,0,0,0,0.0000,450.000,0,0.000,0,127.500,71.914,4.500,0.0300,0.0000,0.00,antimatter,60,450;300;200;100;50,2,6,1.5,2.5,100,-10,5,250,40,5,250,60,1,8,11,0,0.06,4,0.5,50,8,5
37,1,60,FrameTimeStutter,6.000,antimatter,practice,2026-08-31T17:32:23.9802087-04:00,0,45,0.74928,16.3153,2558.75,1428.05,0.000,1.000,2.5453,5.5473,-0.2204,Right,0,0,0,0,0.0000,450.000,0,0.000,0,127.500,71.914,4.500,0.0300,0.0000,0.00,antimatter,60,450;300;200;100;50,2,6,1.5,2.5,100,-10,5,250,40,5,250,60,1,8,11,0,0.06,4,0.5,50,8,5
37,1,60,FrameTimeStutter,6.000,antimatter,practice,2026-08-31T17:32:23.9802087-04:00,0,46,0.76637,17.0944,2558.75,1430.55,0.000,2.000,2.5453,5.5838,-0.2204,Right,0,0,0,0,0.0000,450.000,0,0.000,0,127.500,71.914,4.500,0.0300,0.0000,0.00,antimatter,60,450;300;200;100;50,2,6,1.5,2.5,100,-10,5,250,40,5,250,60,1,8,11,0,0.06,4,0.5,50,8,5
37,1,60,FrameTimeStutter,6.000,antimatter,practice,2026-08-31T17:32:23.9802087-04:00,0,47,0.78308,16.7045,2557.49,1438.08,-1.000,6.000,2.5270,5.6935,-0.2204,Right,0,0,0,0,0.0000,450.000,0,0.000,0,127.500,71.914,4.500,0.0300,0.0000,0.00,antimatter,60,450;300;200;100;50,2,6,1.5,2.5,100,-10,5,250,40,5,250,60,1,8,11,0,0.06,4,0.5,50,8,5
37,1,60,FrameTimeStutter,6.000,antimatter,practice,2026-08-31T17:32:23.9802087-04:00,0,48,0.79965,16.5723,2556.24,1440.59,-1.000,7.000,2.5087,5.8215,-0.2204,Right,0,0,0,0,0.0000,450.000,0,0.000,0,127.500,71.914,4.500,0.0300,0.0000,0.00,antimatter,60,450;300;200;100;50,2,6,1.5,2.5,100,-10,5,250,40,5,250,60,1,8,11,0,0.06,4,0.5,50,8,5
37,1,60,FrameTimeStutter,6.000,antimatter,practice,2026-08-31T17:32:23.9802087-04:00,0,49,0.81672,17.0732,2558.75,1440.59,2.000,9.000,2.5453,5.9861,-0.2204,Right,0,0,0,0,0.0000,450.000,0,0.000,0,127.500,71.914,4.500,0.0300,0.0000,0.00,antimatter,60,450;300;200;100;50,2,6,1.5,2.5,100,-10,5,250,40,5,250,60,1,8,11,0,0.06,4,0.5,50,8,5
37,1,60,FrameTimeStutter,6.000,antimatter,practice,2026-08-31T17:32:23.9802087-04:00,0,50,0.83307,16.3461,2558.75,1440.59,5.000,14.000,2.6367,6.2421,-0.2204,Right,0,0,0,0,0.0000,450.000,0,0.000,0,127.500,71.914,4.500,0.0300,0.0000,0.00,antimatter,60,450;300;200;100;50,2,6,1.5,2.5,100,-10,5,250,40,5,250,60,1,8,11,0,0.06,4,0.5,50,8,5
37,1,60,FrameTimeStutter,6.000,antimatter,practice,2026-08-31T17:32:23.9802087-04:00,0,51,0.85011,17.0404,2558.75,1440.59,9.000,15.000,2.8013,6.5164,-0.2204,Right,0,0,0,0,0.0000,450.000,0,0.000,0,127.500,71.914,4.500,0.0300,0.0000,0.00,antimatter,60,450;300;200;100;50,2,6,1.5,2.5,100,-10,5,250,40,5,250,60,1,8,11,0,0.06,4,0.5,50,8,5
37,1,60,FrameTimeStutter,6.000,antimatter,practice,2026-08-31T17:32:23.9802087-04:00,0,52,0.86638,16.2653,2558.75,1440.59,10.000,17.000,2.9842,6.8272,-0.2204,Right,0,0,0,0,0.0000,450.000,0,0.000,0,127.500,71.914,4.500,0.0300,0.0000,0.00,antimatter,60,450;300;200;100;50,2,6,1.5,2.5,100,-10,5,250,40,5,250,60,1,8,11,0,0.06,4,0.5,50,8,5
37,1,60,FrameTimeStutter,6.000,antimatter,practice,2026-08-31T17:32:23.9802087-04:00,0,53,0.88299,16.6113,2558.75,1440.59,8.000,12.000,3.1304,7.0466,-0.2204,Right,0,0,0,0,0.0000,450.000,0,0.000,0,127.500,71.914,4.500,0.0300,0.0000,0.00,antimatter,60,450;300;200;100;50,2,6,1.5,2.5,100,-10,5,250,40,5,250,60,1,8,11,0,0.06,4,0.5,50,8,5
37,1,60,FrameTimeStutter,6.000,antimatter,practice,2026-08-31T17:32:23.9802087-04:00,0,54,0.89936,16.3788,2558.75,1440.59,7.000,11.000,3.2584,7.2478,-0.2204,Right,0,0,0,0,0.0000,450.000,0,0.000,0,127.500,71.914,4.500,0.0300,0.0000,0.00,antimatter,60,450;300;200;100;50,2,6,1.5,2.5,100,-10,5,250,40,5,250,60,1,8,11,0,0.06,4,0.5,50,8,5
37,1,60,FrameTimeStutter,6.000,antimatter,practice,2026-08-31T17:32:23.9802087-04:00,0,55,0.91598,16.6123,2558.75,1440.59,13.000,19.000,3.4961,7.5952,-0.2204,Right,0,0,0,0,0.0000,450.000,0,0.000,0,127.500,71.914,4.500,0.0300,0.0000,0.00,antimatter,60,450;300;200;100;50,2,6,1.5,2.5,100,-10,5,250,40,5,250,60,1,8,11,0,0.06,4,0.5,50,8,5
37,1,60,FrameTimeStutter,6.000,antimatter,practice,2026-08-31T17:32:23.9802087-04:00,0,56,0.93287,16.8932,2558.75,1440.59,11.000,14.000,3.6973,7.8512,-0.2204,Right,0,0,0,0,0.0000,450.000,0,0.000,0,127.500,71.914,4.500,0.0300,0.0000,0.00,antimatter,60,450;300;200;100;50,2,6,1.5,2.5,100,-10,5,250,40,5,250,60,1,8,11,0,0.06,4,0.5,50,8,5
37,1,60,FrameTimeStutter,6.000,antimatter,practice,2026-08-31T17:32:23.9802087-04:00,0,57,0.94994,17.0676,2558.75,1440.59,10.000,14.000,3.8801,8.1072,-0.2204,Right,0,0,0,0,0.0000,450.000,0,0.000,0,127.500,71.914,4.500,0.0300,0.0000,0.00,antimatter,60,450;300;200;100;50,2,6,1.5,2.5,100,-10,5,250,40,5,250,60,1,8,11,0,0.06,4,0.5,50,8,5
37,1,60,FrameTimeStutter,6.000,antimatter,practice,2026-08-31T17:32:23.9802087-04:00,0,58,0.96614,16.2029,2558.75,1440.59,7.000,9.000,4.0081,8.2717,-0.2204,Right,0,0,0,0,0.0000,450.000,0,0.000,0,127.500,71.914,4.500,0.0300,0.0000,0.00,antimatter,60,450;300;200;100;50,2,6,1.5,2.5,100,-10,5,250,40,5,250,60,1,8,11,0,0.06,4,0.5,50,8,5
37,1,60,FrameTimeStutter,6.000,antimatter,practice,2026-08-31T17:32:23.9802087-04:00,0,59,0.98312,16.9806,2558.75,1440.59,4.000,5.000,4.0813,8.3632,-0.2204,Right,0,0,0,0,0.0000,450.000,0,0.000,0,127.500,71.914,4.500,0.0300,0.0000,0.00,antimatter,60,450;300;200;100;50,2,6,1.5,2.5,100,-10,5,250,40,5,250,60,1,8,11,0,0.06,4,0.5,50,8,5
37,1,60,FrameTimeStutter,6.000,antimatter,practice,2026-08-31T17:32:23.9802087-04:00,0,60,0.99951,16.3888,2558.75,1440.59,2.000,3.000,4.1178,8.4180,-0.2204,Right,0,0,0,0,0.0000,450.000,0,0.000,0,127.500,71.914,4.500,0.0300,0.0000,0.00,antimatter,60,450;300;200;100;50,2,6,1.5,2.5,100,-10,5,250,40,5,250,60,1,8,11,0,0.06,4,0.5,50,8,5
37,1,60,FrameTimeStutter,6.000,antimatter,practice,2026-08-31T17:32:23.9802087-04:00,0,61,1.01649,16.9804,2558.75,1440.59,1.000,1.000,4.1361,8.4363,-0.2204,Right,0,0,0,0,0.0000,450.000,0,0.000,0,127.500,71.914,4.500,0.0300,0.0000,0.00,antimatter,60,450;300;200;100;50,2,6,1.5,2.5,100,-10,5,250,40,5,250,60,1,8,11,0,0.06,4,0.5,50,8,5
37,1,60,FrameTimeStutter,6.000,antimatter,practice,2026-08-31T17:32:23.9802087-04:00,0,62,1.03326,16.7689,2558.75,1440.59,0.000,0.000,4.1361,8.4363,-0.2204,Right,0,0,0,0,0.0000,450.000,0,0.000,0,127.500,71.914,4.500,0.0300,0.0000,0.00,antimatter,60,450;300;200;100;50,2,6,1.5,2.5,100,-10,5,250,40,5,250,60,1,8,11,0,0.06,4,0.5,50,8,5
37,1,60,FrameTimeStutter,6.000,antimatter,practice,2026-08-31T17:32:23.9802087-04:00,0,63,1.04931,16.0495,2558.75,1440.59,0.000,0.000,4.1361,8.4363,-0.2204,Right,0,0,0,0,0.0000,450.000,0,0.000,0,127.500,71.914,4.500,0.0300,0.0000,0.00,antimatter,60,450;300;200;100;50,2,6,1.5,2.5,100,-10,5,250,40,5,250,60,1,8,11,0,0.06,4,0.5,50,8,5
37,1,60,FrameTimeStutter,6.000,antimatter,practice,2026-08-31T17:32:23.9802087-04:00,0,64,1.06626,16.9469,2558.75,1440.59,0.000,0.000,4.1361,8.4363,-0.2204,Right,0,0,0,0,0.0000,450.000,0,0.000,0,127.500,71.914,4.500,0.0300,0.0000,0.00,antimatter,60,450;300;200;100;50,2,6,1.5,2.5,100,-10,5,250,40,5,250,60,1,8,11,0,0.06,4,0.5,50,8,5
37,1,60,FrameTimeStutter,6.000,antimatter,practice,2026-08-31T17:32:23.9802087-04:00,0,65,1.08336,17.1016,2558.75,1440.59,0.000,0.000,4.1361,8.4363,-0.2204,Right,0,0,0,0,0.0000,450.000,0,0.000,0,127.500,71.914,4.500,0.0300,0.0000,0.00,antimatter,60,450;300;200;100;50,2,6,1.5,2.5,100,-10,5,250,40,5,250,60,1,8,11,0,0.06,4,0.5,50,8,5
37,1,60,FrameTimeStutter,6.000,antimatter,practice,2026-08-31T17:32:23.9802087-04:00,0,66,1.09961,16.2564,2558.75,1440.59,0.000,0.000,4.1361,8.4363,-0.2204,Right,0,0,0,0,0.0000,450.000,0,0.000,0,127.500,71.914,4.500,0.0300,0.0000,0.00,antimatter,60,450;300;200;100;50,2,6,1.5,2.5,100,-10,5,250,40,5,250,60,1,8,11,0,0.06,4,0.5,50,8,5
37,1,60,FrameTimeStutter,6.000,antimatter,practice,2026-08-31T17:32:23.9802087-04:00,0,67,1.11614,16.5232,2558.75,1440.59,0.000,0.000,4.1361,8.4363,-0.2204,Right,0,0,0,0,0.0000,450.000,0,0.000,0,127.500,71.914,4.500,0.0300,0.0000,0.00,antimatter,60,450;300;200;100;50,2,6,1.5,2.5,100,-10,5,250,40,5,250,60,1,8,11,0,0.06,4,0.5,50,8,5
37,1,60,FrameTimeStutter,6.000,antimatter,practice,2026-08-31T17:32:23.9802087-04:00,0,68,1.13292,16.7858,2558.75,1440.59,0.000,0.000,4.1361,8.4363,-0.2204,Right,0,0,0,0,0.0000,450.000,0,0.000,0,127.500,71.914,4.500,0.0300,0.0000,0.00,antimatter,60,450;300;200;100;50,2,6,1.5,2.5,100,-10,5,250,40,5,250,60,1,8,11,0,0.06,4,0.5,50,8,5
37,1,60,FrameTimeStutter,6.000,antimatter,practice,2026-08-31T17:32:23.9802087-04:00,0,69,1.14925,16.3244,2558.75,1440.59,0.000,0.000,4.1361,8.4363,-0.2204,Right,0,0,0,0,0.0000,450.000,0,0.000,0,127.500,71.914,4.500,0.0300,0.0000,0.00,antimatter,60,450;300;200;100;50,2,6,1.5,2.5,100,-10,5,250,40,5,250,60,1,8,11,0,0.06,4,0.5,50,8,5
37,1,60,FrameTimeStutter,6.000,antimatter,practice,2026-08-31T17:32:23.9802087-04:00,0,70,1.16661,17.3655,2558.75,1440.59,0.000,0.000,4.1361,8.4363,-0.2204,Right,0,0,0,0,0.0000,450.000,0,0.000,0,127.500,71.914,4.500,0.0300,0.0000,0.00,antimatter,60,450;300;200;100;50,2,6,1.5,2.5,100,-10,5,250,40,5,250,60,1,8,11,0,0.06,4,0.5,50,8,5
37,1,60,FrameTimeStutter,6.000,antimatter,practice,2026-08-31T17:32:23.9802087-04:00,0,71,1.18308,16.4702,2558.75,1440.59,0.000,0.000,4.1361,8.4363,-0.2204,Right,0,0,0,0,0.0000,450.000,0,0.000,0,127.500,71.914,4.500,0.0300,0.0000,0.00,antimatter,60,450;300;200;100;50,2,6,1.5,2.5,100,-10,5,250,40,5,250,60,1,8,11,0,0.06,4,0.5,50,8,5
37,1,60,FrameTimeStutter,6.000,antimatter,practice,2026-08-31T17:32:23.9802087-04:00,1,72,1.19952,16.4334,2558.75,1440.59,0.000,0.000,4.1361,8.4363,-0.2204,Right,1,1,0,1,4.1361,300.000,0,0.000,0,127.500,71.914,4.500,0.0300,0.0000,-10.00,antimatter,60,450;300;200;100;50,2,6,1.5,2.5,100,-10,5,250,40,5,250,60,1,8,11,0,0.06,4,0.5,50,8,5
37,1,60,FrameTimeStutter,6.000,antimatter,practice,2026-08-31T17:32:23.9802087-04:00,1,73,1.22195,22.4377,2558.75,1440.59,0.000,0.000,4.1361,8.4363,-0.2204,Right,1,0,0,0,0.0000,300.000,0,0.000,0,127.500,71.914,4.500,0.0300,0.0000,-10.00,antimatter,60,450;300;200;100;50,2,6,1.5,2.5,100,-10,5,250,40,5,250,60,1,8,11,0,0.06,4,0.5,50,8,5
37,1,60,FrameTimeStutter,6.000,antimatter,practice,2026-08-31T17:32:23.9802087-04:00,1,74,1.23892,16.9633,2558.75,1440.59,0.000,0.000,4.1361,8.4363,-0.2204,Right,1,0,0,0,0.0000,300.000,0,0.000,0,127.500,71.914,4.500,0.0300,0.0000,-10.00,antimatter,60,450;300;200;100;50,2,6,1.5,2.5,100,-10,5,250,40,5,250,60,1,8,11,0,0.06,4,0.5,50,8,5
37,1,60,FrameTimeStutter,6.000,antimatter,practice,2026-08-31T17:32:23.9802087-04:00,1,75,1.25504,16.1191,2558.75,1440.59,0.000,0.000,4.1361,8.4363,-0.2204,Right,1,0,0,0,0.0000,300.000,0,0.000,0,127.500,71.914,4.500,0.0300,0.0000,-10.00,antimatter,60,450;300;200;100;50,2,6,1.5,2.5,100,-10,5,250,40,5,250,60,1,8,11,0,0.06,4,0.5,50,8,5
37,1,60,FrameTimeStutter,6.000,antimatter,practice,2026-08-31T17:32:23.9802087-04:00,1,76,1.27208,17.0442,2558.75,1440.59,0.000,0.000,4.1361,8.4363,-0.2204,Right,1,0,0,0,0.0000,300.000,0,0.000,0,127.500,71.914,4.500,0.0300,0.0000,-10.00,antimatter,60,450;300;200;100;50,2,6,1.5,2.5,100,-10,5,250,40,5,250,60,1,8,11,0,0.06,4,0.5,50,8,5
37,1,60,FrameTimeStutter,6.000,antimatter,practice,2026-08-31T17:32:23.9802087-04:00,1,77,1.28857,16.4883,2558.75,1440.59,0.000,0.000,4.1361,8.4363,-0.2204,Right,1,0,0,0,0.0000,300.000,0,0.000,0,127.500,71.914,4.500,0.0300,0.0000,-10.00,antimatter,60,450;300;200;100;50,2,6,1.5,2.5,100,-10,5,250,40,5,250,60,1,8,11,0,0.06,4,0.5,50,8,5
37,1,60,FrameTimeStutter,6.000,antimatter,practice,2026-08-31T17:32:23.9802087-04:00,1,78,1.30564,17.0685,2558.75,1440.59,0.000,0.000,4.1361,8.4363,-0.2204,Right,0,0,0,0,0.0000,300.000,0,0.000,0,127.500,71.914,4.500,0.0300,0.0000,-10.00,antimatter,60,450;300;200;100;50,2,6,1.5,2.5,100,-10,5,250,40,5,250,60,1,8,11,0,0.06,4,0.5,50,8,5
37,1,60,FrameTimeStutter,6.000,antimatter,practice,2026-08-31T17:32:23.9802087-04:00,1,79,1.32185,16.2069,2558.75,1440.59,0.000,0.000,4.1361,8.4363,-0.2204,Right,0,0,0,0,0.0000,300.000,0,0.000,0,127.500,71.914,4.500,0.0300,0.0000,-10.00,antimatter,60,450;300;200;100;50,2,6,1.5,2.5,100,-10,5,250,40,5,250,60,1,8,11,0,0.06,4,0.5,50,8,5
37,1,60,FrameTimeStutter,6.000,antimatter,practice,2026-08-31T17:32:23.9802087-04:00,1,80,1.33886,17.0200,2558.75,1440.59,0.000,0.000,4.1361,8.4363,-0.2204,Right,0,0,0,0,0.0000,300.000,0,0.000,0,127.500,71.914,4.500,0.0300,0.0000,-10.00,antimatter,60,450;300;200;100;50,2,6,1.5,2.5,100,-10,5,250,40,5,250,60,1,8,11,0,0.06,4,0.5,50,8,5
37,1,60,FrameTimeStutter,6.000,antimatter,practice,2026-08-31T17:32:23.9802087-04:00,1,81,1.35430,15.4358,2558.75,1440.59,0.000,0.000,4.1361,8.4363,-0.2204,Right,0,0,0,0,0.0000,300.000,0,0.000,0,127.500,71.914,4.500,0.0300,0.0000,-10.00,antimatter,60,450;300;200;100;50,2,6,1.5,2.5,100,-10,5,250,40,5,250,60,1,8,11,0,0.06,4,0.5,50,8,5
37,1,60,FrameTimeStutter,6.000,antimatter,practice,2026-08-31T17:32:23.9802087-04:00,1,82,1.37163,17.3308,2558.75,1440.59,0.000,0.000,4.1361,8.4363,-0.2204,Right,0,0,0,0,0.0000,300.000,0,0.000,0,127.500,71.914,4.500,0.0300,0.0000,-10.00,antimatter,60,450;300;200;100;50,2,6,1.5,2.5,100,-10,5,250,40,5,250,60,1,8,11,0,0.06,4,0.5,50,8,5
37,1,60,FrameTimeStutter,6.000,antimatter,practice,2026-08-31T17:32:23.9802087-04:00,1,83,1.38879,17.1537,2558.75,1440.59,0.000,0.000,4.1361,8.4363,-0.2204,Right,0,0,0,0,0.0000,300.000,0,0.000,0,127.500,71.914,4.500,0.0300,0.0000,-10.00,antimatter,60,450;300;200;100;50,2,6,1.5,2.5,100,-10,5,250,40,5,250,60,1,8,11,0,0.06,4,0.5,50,8,5
37,1,60,FrameTimeStutter,6.000,antimatter,practice,2026-08-31T17:32:23.9802087-04:00,1,84,1.40495,16.1674,2558.75,1440.59,0.000,0.000,4.1361,8.4363,-0.2204,Right,0,0,0,0,0.0000,300.000,0,0.000,0,127.500,71.914,4.500,0.0300,0.0000,-10.00,antimatter,60,450;300;200;100;50,2,6,1.5,2.5,100,-10,5,250,40,5,250,60,1,8,11,0,0.06,4,0.5,50,8,5
37,1,60,FrameTimeStutter,6.000,antimatter,practice,2026-08-31T17:32:23.9802087-04:00,1,85,1.42163,16.6793,2558.75,1440.59,0.000,0.000,4.1361,8.4363,-0.2204,Right,0,0,0,0,0.0000,300.000,0,0.000,0,127.500,71.914,4.500,0.0300,0.0000,-10.00,antimatter,60,450;300;200;100;50,2,6,1.5,2.5,100,-10,5,250,40,5,250,60,1,8,11,0,0.06,4,0.5,50,8,5
37,1,60,FrameTimeStutter,6.000,antimatter,practice,2026-08-31T17:32:23.9802087-04:00,1,86,1.43842,16.7909,2558.75,1440.59,0.000,0.000,4.1361,8.4363,-0.2204,Right,0,0,0,0,0.0000,300.000,0,0.000,0,127.500,71.914,4.500,0.0300,0.0000,-10.00,antimatter,60,450;300;200;100;50,2,6,1.5,2.5,100,-10,5,250,40,5,250,60,1,8,11,0,0.06,4,0.5,50,8,5
37,1,60,FrameTimeStutter,6.000,antimatter,practice,2026-08-31T17:32:23.9802087-04:00,1,87,1.45555,17.1257,2558.75,1440.59,0.000,0.000,4.1361,8.4363,-0.2204,Right,0,0,0,0,0.0000,300.000,0,0.000,0,127.500,71.914,4.500,0.0300,0.0000,-10.00,antimatter,60,450;300;200;100;50,2,6,1.5,2.5,100,-10,5,250,40,5,250,60,1,8,11,0,0.06,4,0.5,50,8,5
37,1,60,FrameTimeStutter,6.000,antimatter,practice,2026-08-31T17:32:23.9802087-04:00,1,88,1.47211,16.5584,2558.75,1440.59,0.000,0.000,4.1361,8.4363,-0.2204,Right,0,0,0,0,0.0000,300.000,0,0.000,0,127.500,71.914,4.500,0.0300,0.0000,-10.00,antimatter,60,450;300;200;100;50,2,6,1.5,2.5,100,-10,5,250,40,5,250,60,1,8,11,0,0.06,4,0.5,50,8,5
37,1,60,FrameTimeStutter,6.000,antimatter,practice,2026-08-31T17:32:23.9802087-04:00,1,89,1.48824,16.1329,2558.75,1440.59,0.000,0.000,4.1361,8.4363,-0.2204,Right,0,0,0,0,0.0000,300.000,0,0.000,0,127.500,71.914,4.500,0.0300,0.0000,-10.00,antimatter,60,450;300;200;100;50,2,6,1.5,2.5,100,-10,5,250,40,5,250,60,1,8,11,0,0.06,4,0.5,50,8,5
37,1,60,FrameTimeStutter,6.000,antimatter,practice,2026-08-31T17:32:23.9802087-04:00,1,90,1.50788,19.6429,2558.75,1440.59,0.000,0.000,4.1361,8.4363,-0.2204,Right,0,0,0,0,0.0000,300.000,0,0.000,0,127.500,71.914,4.500,0.0300,0.0000,-10.00,antimatter,60,450;300;200;100;50,2,6,1.5,2.5,100,-10,5,250,40,5,250,60,1,8,11,0,0.06,4,0.5,50,8,5
37,1,60,FrameTimeStutter,6.000,antimatter,practice,2026-08-31T17:32:23.9802087-04:00,1,91,1.52233,14.4446,2558.75,1440.59,0.000,0.000,4.1361,8.4363,-0.2204,Right,0,0,0,0,0.0000,300.000,0,0.000,0,127.500,71.914,4.500,0.0300,0.0000,-10.00,antimatter,60,450;300;200;100;50,2,6,1.5,2.5,100,-10,5,250,40,5,250,60,1,8,11,0,0.06,4,0.5,50,8,5
37,1,60,FrameTimeStutter,6.000,antimatter,practice,2026-08-31T17:32:23.9802087-04:00,1,92,1.53881,16.4859,2558.75,1440.59,0.000,0.000,4.1361,8.4363,-0.2204,Right,0,0,0,0,0.0000,300.000,0,0.000,0,127.500,71.914,4.500,0.0300,0.0000,-10.00,antimatter,60,450;300;200;100;50,2,6,1.5,2.5,100,-10,5,250,40,5,250,60,1,8,11,0,0.06,4,0.5,50,8,5
37,1,60,FrameTimeStutter,6.000,antimatter,practice,2026-08-31T17:32:23.9802087-04:00,1,93,1.55491,16.1009,2558.75,1440.59,0.000,0.000,4.1361,8.4363,-0.2204,Right,0,0,0,0,0.0000,300.000,0,0.000,0,127.500,71.914,4.500,0.0300,0.0000,-10.00,antimatter,60,450;300;200;100;50,2,6,1.5,2.5,100,-10,5,250,40,5,250,60,1,8,11,0,0.06,4,0.5,50,8,5
37,1,60,FrameTimeStutter,6.000,antimatter,practice,2026-08-31T17:32:23.9802087-04:00,1,94,1.57224,17.3237,2558.75,1440.59,0.000,0.000,4.1361,8.4363,-0.2204,Right,0,0,0,0,0.0000,300.000,0,0.000,0,127.500,71.914,4.500,0.0300,0.0000,-10.00,antimatter,60,450;300;200;100;50,2,6,1.5,2.5,100,-10,5,250,40,5,250,60,1,8,11,0,0.06,4,0.5,50,8,5
37,1,60,FrameTimeStutter,6.000,antimatter,practice,2026-08-31T17:32:23.9802087-04:00,1,95,1.58844,16.2028,2558.75,1440.59,0.000,0.000,4.1361,8.4363,-0.2204,Right,0,0,0,0,0.0000,300.000,0,0.000,0,127.500,71.914,4.500,0.0300,0.0000,-10.00,antimatter,60,450;300;200;100;50,2,6,1.5,2.5,100,-10,5,250,40,5,250,60,1,8,11,0,0.06,4,0.5,50,8,5
37,1,60,FrameTimeStutter,6.000,antimatter,practice,2026-08-31T17:32:23.9802087-04:00,1,96,1.60511,16.6697,2558.75,1440.59,0.000,0.000,4.1361,8.4363,-0.2204,Right,0,0,0,0,0.0000,300.000,0,0.000,0,127.500,71.914,4.500,0.0300,0.0000,-10.00,antimatter,60,450;300;200;100;50,2,6,1.5,2.5,100,-10,5,250,40,5,250,60,1,8,11,0,0.06,4,0.5,50,8,5
37,1,60,FrameTimeStutter,6.000,antimatter,practice,2026-08-31T17:32:23.9802087-04:00,1,97,1.62231,17.1987,2558.75,1440.59,0.000,0.000,4.1361,8.4363,-0.2204,Right,0,0,0,0,0.0000,300.000,0,0.000,0,127.500,71.914,4.500,0.0300,0.0000,-10.00,antimatter,60,450;300;200;100;50,2,6,1.5,2.5,100,-10,5,250,40,5,250,60,1,8,11,0,0.06,4,0.5,50,8,5
37,1,60,FrameTimeStutter,6.000,antimatter,practice,2026-08-31T17:32:23.9802087-04:00,1,98,1.63860,16.2905,2558.75,1440.59,0.000,0.000,4.1361,8.4363,-0.2204,Right,0,0,0,0,0.0000,300.000,0,0.000,0,127.500,71.914,4.500,0.0300,0.0000,-10.00,antimatter,60,450;300;200;100;50,2,6,1.5,2.5,100,-10,5,250,40,5,250,60,1,8,11,0,0.06,4,0.5,50,8,5
37,1,60,FrameTimeStutter,6.000,antimatter,practice,2026-08-31T17:32:23.9802087-04:00,1,99,1.65532,16.7223,2558.75,1440.59,0.000,0.000,4.1361,8.4363,-0.2204,Right,0,0,0,0,0.0000,300.000,0,0.000,0,127.500,71.914,4.500,0.0300,0.0000,-10.00,antimatter,60,450;300;200;100;50,2,6,1.5,2.5,100,-10,5,250,40,5,250,60,1,8,11,0,0.06,4,0.5,50,8,5
37,1,60,FrameTimeStutter,6.000,antimatter,practice,2026-08-31T17:32:23.9802087-04:00,1,100,1.67232,16.9974,2558.75,1440.59,0.000,0.000,4.1361,8.4363,-0.2204,Right,0,0,0,0,0.0000,300.000,0,0.000,0,127.500,71.914,4.500,0.0300,0.0000,-10.00,antimatter,60,450;300;200;100;50,2,6,1.5,2.5,100,-10,5,250,40,5,250,60,1,8,11,0,0.06,4,0.5,50,8,5
37,1,60,FrameTimeStutter,6.000,antimatter,practice,2026-08-31T17:32:23.9802087-04:00,1,101,1.68851,16.1944,2558.75,1440.59,0.000,0.000,4.1361,8.4363,-0.2204,Right,0,0,0,0,0.0000,300.000,0,0.000,0,127.500,71.914,4.500,0.0300,0.0000,-10.00,antimatter,60,450;300;200;100;50,2,6,1.5,2.5,100,-10,5,250,40,5,250,60,1,8,11,0,0.06,4,0.5,50,8,5
37,1,60,FrameTimeStutter,6.000,antimatter,practice,2026-08-31T17:32:23.9802087-04:00,1,102,1.70541,16.9004,2558.75,1440.59,0.000,0.000,4.1361,8.4363,-0.2204,Right,0,0,0,0,0.0000,300.000,0,0.000,0,127.500,71.914,4.500,0.0300,0.0000,-10.00,antimatter,60,450;300;200;100;50,2,6,1.5,2.5,100,-10,5,250,40,5,250,60,1,8,11,0,0.06,4,0.5,50,8,5
37,1,60,FrameTimeStutter,6.000,antimatter,practice,2026-08-31T17:32:23.9802087-04:00,1,103,1.72239,16.9742,2558.75,1440.59,0.000,0.000,4.1361,8.4363,-0.2204,Right,0,0,0,0,0.0000,300.000,0,0.000,0,127.500,71.914,4.500,0.0300,0.0000,-10.00,antimatter,60,450;300;200;100;50,2,6,1.5,2.5,100,-10,5,250,40,5,250,60,1,8,11,0,0.06,4,0.5,50,8,5
37,1,60,FrameTimeStutter,6.000,antimatter,practice,2026-08-31T17:32:23.9802087-04:00,1,104,1.73860,16.2164,2558.75,1440.59,0.000,0.000,4.1361,8.4363,-0.2204,Right,0,0,0,0,0.0000,300.000,0,0.000,0,127.500,71.914,4.500,0.0300,0.0000,-10.00,antimatter,60,450;300;200;100;50,2,6,1.5,2.5,100,-10,5,250,40,5,250,60,1,8,11,0,0.06,4,0.5,50,8,5
37,1,60,FrameTimeStutter,6.000,antimatter,practice,2026-08-31T17:32:23.9802087-04:00,1,105,1.75590,17.2964,2558.75,1440.59,0.000,0.000,4.1361,8.4363,-0.2204,Right,0,0,0,0,0.0000,300.000,0,0.000,0,127.500,71.914,4.500,0.0300,0.0000,-10.00,antimatter,60,450;300;200;100;50,2,6,1.5,2.5,100,-10,5,250,40,5,250,60,1,8,11,0,0.06,4,0.5,50,8,5
37,1,60,FrameTimeStutter,6.000,antimatter,practice,2026-08-31T17:32:23.9802087-04:00,1,106,1.77147,15.5677,2558.75,1440.59,0.000,0.000,4.1361,8.4363,-0.2204,Right,0,0,0,0,0.0000,300.000,0,0.000,0,127.500,71.914,4.500,0.0300,0.0000,-10.00,antimatter,60,450;300;200;100;50,2,6,1.5,2.5,100,-10,5,250,40,5,250,60,1,8,11,0,0.06,4,0.5,50,8,5
37,1,60,FrameTimeStutter,6.000,antimatter,practice,2026-08-31T17:32:23.9802087-04:00,1,107,1.78878,17.3121,2558.75,1440.59,0.000,0.000,4.1361,8.4363,-0.2204,Right,0,0,0,0,0.0000,300.000,0,0.000,0,127.500,71.914,4.500,0.0300,0.0000,-10.00,antimatter,60,450;300;200;100;50,2,6,1.5,2.5,100,-10,5,250,40,5,250,60,1,8,11,0,0.06,4,0.5,50,8,5
37,1,60,FrameTimeStutter,6.000,antimatter,practice,2026-08-31T17:32:23.9802087-04:00,1,108,1.80489,16.1106,2558.75,1440.59,0.000,0.000,4.1361,8.4363,-0.2204,Right,0,0,0,0,0.0000,300.000,0,0.000,0,127.500,71.914,4.500,0.0300,0.0000,-10.00,antimatter,60,450;300;200;100;50,2,6,1.5,2.5,100,-10,5,250,40,5,250,60,1,8,11,0,0.06,4,0.5,50,8,5
37,1,60,FrameTimeStutter,6.000,antimatter,practice,2026-08-31T17:32:23.9802087-04:00,1,109,1.82204,17.1502,2558.75,1440.59,0.000,0.000,4.1361,8.4363,-0.2204,Right,0,0,0,0,0.0000,300.000,0,0.000,0,127.500,71.914,4.500,0.0300,0.0000,-10.00,antimatter,60,450;300;200;100;50,2,6,1.5,2.5,100,-10,5,250,40,5,250,60,1,8,11,0,0.06,4,0.5,50,8,5
37,1,60,FrameTimeStutter,6.000,antimatter,practice,2026-08-31T17:32:23.9802087-04:00,1,110,1.83890,16.8583,2558.75,1440.59,0.000,0.000,4.1361,8.4363,-0.2204,Right,0,0,0,0,0.0000,300.000,0,0.000,0,127.500,71.914,4.500,0.0300,0.0000,-10.00,antimatter,60,450;300;200;100;50,2,6,1.5,2.5,100,-10,5,250,40,5,250,60,1,8,11,0,0.06,4,0.5,50,8,5
37,1,60,FrameTimeStutter,6.000,antimatter,practice,2026-08-31T17:32:23.9802087-04:00,1,111,1.85509,16.1917,2558.75,1440.59,0.000,0.000,4.1361,8.4363,-0.2204,Right,0,0,0,0,0.0000,300.000,0,0.000,0,127.500,71.914,4.500,0.0300,0.0000,-10.00,antimatter,60,450;300;200;100;50,2,6,1.5,2.5,100,-10,5,250,40,5,250,60,1,8,11,0,0.06,4,0.5,50,8,5
37,1,60,FrameTimeStutter,6.000,antimatter,practice,2026-08-31T17:32:23.9802087-04:00,1,112,1.87189,16.7937,2558.75,1440.59,0.000,0.000,4.1361,8.4363,-0.2204,Right,0,0,0,0,0.0000,300.000,0,0.000,0,127.500,71.914,4.500,0.0300,0.0000,-10.00,antimatter,60,450;300;200;100;50,2,6,1.5,2.5,100,-10,5,250,40,5,250,60,1,8,11,0,0.06,4,0.5,50,8,5
37,1,60,FrameTimeStutter,6.000,antimatter,practice,2026-08-31T17:32:23.9802087-04:00,1,113,1.88897,17.0870,2558.75,1440.59,0.000,0.000,4.1361,8.4363,-0.2204,Right,0,0,0,0,0.0000,300.000,0,0.000,0,127.500,71.914,4.500,0.0300,0.0000,-10.00,antimatter,60,450;300;200;100;50,2,6,1.5,2.5,100,-10,5,250,40,5,250,60,1,8,11,0,0.06,4,0.5,50,8,5
37,1,60,FrameTimeStutter,6.000,antimatter,practice,2026-08-31T17:32:23.9802087-04:00,1,114,1.90528,16.3081,2558.75,1440.59,0.000,0.000,4.1361,8.4363,-0.2204,Right,0,0,0,0,0.0000,300.000,0,0.000,0,127.500,71.914,4.500,0.0300,0.0000,-10.00,antimatter,60,450;300;200;100;50,2,6,1.5,2.5,100,-10,5,250,40,5,250,60,1,8,11,0,0.06,4,0.5,50,8,5
37,1,60,FrameTimeStutter,6.000,antimatter,practice,2026-08-31T17:32:23.9802087-04:00,1,115,1.92218,16.8950,2558.75,1440.59,0.000,0.000,4.1361,8.4363,-0.2204,Right,0,0,0,0,0.0000,300.000,0,0.000,0,127.500,71.914,4.500,0.0300,0.0000,-10.00,antimatter,60,450;300;200;100;50,2,6,1.5,2.5,100,-10,5,250,40,5,250,60,1,8,11,0,0.06,4,0.5,50,8,5
37,1,60,FrameTimeStutter,6.000,antimatter,practice,2026-08-31T17:32:23.9802087-04:00,1,116,1.93905,16.8758,2558.75,1440.59,0.000,0.000,4.1361,8.4363,-0.2204,Right,0,0,0,0,0.0000,300.000,0,0.000,0,127.500,71.914,4.500,0.0300,0.0000,-10.00,antimatter,60,450;300;200;100;50,2,6,1.5,2.5,100,-10,5,250,40,5,250,60,1,8,11,0,0.06,4,0.5,50,8,5
37,1,60,FrameTimeStutter,6.000,antimatter,practice,2026-08-31T17:32:23.9802087-04:00,1,117,1.95568,16.6280,2558.75,1440.59,0.000,0.000,4.1361,8.4363,-0.2204,Right,0,0,0,0,0.0000,300.000,0,0.000,0,127.500,71.914,4.500,0.0300,0.0000,-10.00,antimatter,60,450;300;200;100;50,2,6,1.5,2.5,100,-10,5,250,40,5,250,60,1,8,11,0,0.06,4,0.5,50,8,5
37,1,60,FrameTimeStutter,6.000,antimatter,practice,2026-08-31T17:32:23.9802087-04:00,1,118,1.97157,15.8949,2558.75,1440.59,0.000,0.000,4.1361,8.4363,-0.2204,Right,0,0,0,0,0.0000,300.000,0,0.000,0,127.500,71.914,4.500,0.0300,0.0000,-10.00,antimatter,60,450;300;200;100;50,2,6,1.5,2.5,100,-10,5,250,40,5,250,60,1,8,11,0,0.06,4,0.5,50,8,5
37,1,60,FrameTimeStutter,6.000,antimatter,practice,2026-08-31T17:32:23.9802087-04:00,1,119,1.98901,17.4365,2558.75,1440.59,0.000,0.000,4.1361,8.4363,-0.2204,Right,0,0,0,0,0.0000,300.000,0,0.000,0,127.500,71.914,4.500,0.0300,0.0000,-10.00,antimatter,60,450;300;200;100;50,2,6,1.5,2.5,100,-10,5,250,40,5,250,60,1,8,11,0,0.06,4,0.5,50,8,5
37,1,60,FrameTimeStutter,6.000,antimatter,practice,2026-08-31T17:32:23.9802087-04:00,1,120,2.00528,16.2698,2558.75,1440.59,0.000,0.000,4.1361,8.4363,-0.2204,Right,0,0,0,0,0.0000,300.000,0,0.000,0,127.500,71.914,4.500,0.0300,0.0000,-10.00,antimatter,60,450;300;200;100;50,2,6,1.5,2.5,100,-10,5,250,40,5,250,60,1,8,11,0,0.06,4,0.5,50,8,5
37,1,60,FrameTimeStutter,6.000,antimatter,practice,2026-08-31T17:32:23.9802087-04:00,1,121,2.02182,16.5447,2558.75,1440.59,0.000,0.000,4.1361,8.4363,-0.2204,Right,0,0,0,0,0.0000,300.000,0,0.000,0,127.500,71.914,4.500,0.0300,0.0000,-10.00,antimatter,60,450;300;200;100;50,2,6,1.5,2.5,100,-10,5,250,40,5,250,60,1,8,11,0,0.06,4,0.5,50,8,5
37,1,60,FrameTimeStutter,6.000,antimatter,practice,2026-08-31T17:32:23.9802087-04:00,1,122,2.03824,16.4184,2558.75,1440.59,0.000,0.000,4.1361,8.4363,-0.2204,Right,0,0,0,0,0.0000,300.000,0,0.000,0,127.500,71.914,4.500,0.0300,0.0000,-10.00,antimatter,60,450;300;200;100;50,2,6,1.5,2.5,100,-10,5,250,40,5,250,60,1,8,11,0,0.06,4,0.5,50,8,5
37,1,60,FrameTimeStutter,6.000,antimatter,practice,2026-08-31T17:32:23.9802087-04:00,1,123,2.05561,17.3652,2558.75,1440.59,0.000,0.000,4.1361,8.4363,-0.2204,Right,0,0,0,0,0.0000,300.000,0,0.000,0,127.500,71.914,4.500,0.0300,0.0000,-10.00,antimatter,60,450;300;200;100;50,2,6,1.5,2.5,100,-10,5,250,40,5,250,60,1,8,11,0,0.06,4,0.5,50,8,5
37,1,60,FrameTimeStutter,6.000,antimatter,practice,2026-08-31T17:32:23.9802087-04:00,1,124,2.07171,16.1006,2558.75,1440.59,0.000,0.000,4.1361,8.4363,-0.2204,Right,0,0,0,0,0.0000,300.000,0,0.000,0,127.500,71.914,4.500,0.0300,0.0000,-10.00,antimatter,60,450;300;200;100;50,2,6,1.5,2.5,100,-10,5,250,40,5,250,60,1,8,11,0,0.06,4,0.5,50,8,5
37,1,60,FrameTimeStutter,6.000,antimatter,practice,2026-08-31T17:32:23.9802087-04:00,1,125,2.08845,16.7429,2558.75,1440.59,0.000,0.000,4.1361,8.4363,-0.2204,Right,0,0,0,0,0.0000,300.000,0,0.000,0,127.500,71.914,4.500,0.0300,0.0000,-10.00,antimatter,60,450;300;200;100;50,2,6,1.5,2.5,100,-10,5,250,40,5,250,60,1,8,11,0,0.06,4,0.5,50,8,5
37,1,60,FrameTimeStutter,6.000,antimatter,practice,2026-08-31T17:32:23.9802087-04:00,1,126,2.10573,17.2800,2558.75,1440.59,0.000,0.000,4.1361,8.4363,-0.2204,Right,0,0,0,0,0.0000,300.000,0,0.000,0,127.500,71.914,4.500,0.0300,0.0000,-10.00,antimatter,60,450;300;200;100;50,2,6,1.5,2.5,100,-10,5,250,40,5,250,60,1,8,11,0,0.06,4,0.5,50,8,5
37,1,60,FrameTimeStutter,6.000,antimatter,practice,2026-08-31T17:32:23.9802087-04:00,1,127,2.12232,16.5894,2558.75,1440.59,0.000,0.000,4.1361,8.4363,-0.2204,Right,0,0,0,0,0.0000,300.000,0,0.000,0,127.500,71.914,4.500,0.0300,0.0000,-10.00,antimatter,60,450;300;200;100;50,2,6,1.5,2.5,100,-10,5,250,40,5,250,60,1,8,11,0,0.06,4,0.5,50,8,5
37,1,60,FrameTimeStutter,6.000,antimatter,practice,2026-08-31T17:32:23.9802087-04:00,1,128,2.13833,16.0067,2558.75,1440.59,0.000,0.000,4.1361,8.4363,-0.2204,Right,0,0,0,0,0.0000,300.000,0,0.000,0,127.500,71.914,4.500,0.0300,0.0000,-10.00,antimatter,60,450;300;200;100;50,2,6,1.5,2.5,100,-10,5,250,40,5,250,60,1,8,11,0,0.06,4,0.5,50,8,5
37,1,60,FrameTimeStutter,6.000,antimatter,practice,2026-08-31T17:32:23.9802087-04:00,1,129,2.15552,17.1949,2558.75,1440.59,0.000,0.000,4.1361,8.4363,-0.2204,Right,0,0,0,0,0.0000,300.000,0,0.000,0,127.500,71.914,4.500,0.0300,0.0000,-10.00,antimatter,60,450;300;200;100;50,2,6,1.5,2.5,100,-10,5,250,40,5,250,60,1,8,11,0,0.06,4,0.5,50,8,5
37,1,60,FrameTimeStutter,6.000,antimatter,practice,2026-08-31T17:32:23.9802087-04:00,1,130,2.17199,16.4674,2558.75,1440.59,0.000,0.000,4.1361,8.4363,-0.2204,Right,0,0,0,0,0.0000,300.000,0,0.000,0,127.500,71.914,4.500,0.0300,0.0000,-10.00,antimatter,60,450;300;200;100;50,2,6,1.5,2.5,100,-10,5,250,40,5,250,60,1,8,11,0,0.06,4,0.5,50,8,5
37,1,60,FrameTimeStutter,6.000,antimatter,practice,2026-08-31T17:32:23.9802087-04:00,1,131,2.18856,16.5693,2558.75,1440.59,0.000,0.000,4.1361,8.4363,-0.2204,Right,0,0,0,0,0.0000,300.000,0,0.000,0,127.500,71.914,4.500,0.0300,0.0000,-10.00,antimatter,60,450;300;200;100;50,2,6,1.5,2.5,100,-10,5,250,40,5,250,60,1,8,11,0,0.06,4,0.5,50,8,5
37,1,60,FrameTimeStutter,6.000,antimatter,practice,2026-08-31T17:32:23.9802087-04:00,1,132,2.20502,16.4623,2558.75,1440.59,0.000,0.000,4.1361,8.4363,-0.2204,Right,0,0,0,0,0.0000,300.000,0,0.000,0,127.500,71.914,4.500,0.0300,0.0000,-10.00,antimatter,60,450;300;200;100;50,2,6,1.5,2.5,100,-10,5,250,40,5,250,60,1,8,11,0,0.06,4,0.5,50,8,5
37,1,60,FrameTimeStutter,6.000,antimatter,practice,2026-08-31T17:32:23.9802087-04:00,1,133,2.22175,16.7259,2558.75,1440.59,0.000,0.000,4.1361,8.4363,-0.2204,Right,0,0,0,0,0.0000,300.000,0,0.000,0,127.500,71.914,4.500,0.0300,0.0000,-10.00,antimatter,60,450;300;200;100;50,2,6,1.5,2.5,100,-10,5,250,40,5,250,60,1,8,11,0,0.06,4,0.5,50,8,5
37,1,60,FrameTimeStutter,6.000,antimatter,practice,2026-08-31T17:32:23.9802087-04:00,1,134,2.23863,16.8802,2558.75,1440.59,0.000,0.000,4.1361,8.4363,-0.2204,Right,0,0,0,0,0.0000,300.000,0,0.000,0,127.500,71.914,4.500,0.0300,0.0000,-10.00,antimatter,60,450;300;200;100;50,2,6,1.5,2.5,100,-10,5,250,40,5,250,60,1,8,11,0,0.06,4,0.5,50,8,5
37,1,60,FrameTimeStutter,6.000,antimatter,practice,2026-08-31T17:32:23.9802087-04:00,1,135,2.25558,16.9564,2558.75,1440.59,0.000,0.000,4.1361,8.4363,-0.2204,Right,0,0,0,0,0.0000,300.000,0,0.000,0,127.500,71.914,4.500,0.0300,0.0000,-10.00,antimatter,60,450;300;200;100;50,2,6,1.5,2.5,100,-10,5,250,40,5,250,60,1,8,11,0,0.06,4,0.5,50,8,5
37,1,60,FrameTimeStutter,6.000,antimatter,practice,2026-08-31T17:32:23.9802087-04:00,1,136,2.27164,16.0572,2558.75,1440.59,0.000,2.000,4.1368,8.4729,-0.2204,Right,0,0,0,0,0.0000,300.000,0,0.000,0,127.500,71.914,4.500,0.0300,0.0000,-10.00,antimatter,60,450;300;200;100;50,2,6,1.5,2.5,100,-10,5,250,40,5,250,60,1,8,11,0,0.06,4,0.5,50,8,5
37,1,60,FrameTimeStutter,6.000,antimatter,practice,2026-08-31T17:32:23.9802087-04:00,1,137,2.28826,16.6135,2558.75,1440.59,0.000,3.000,4.1376,8.5277,-0.2204,Right,0,0,0,0,0.0000,300.000,0,0.000,0,127.500,71.914,4.500,0.0300,0.0000,-10.00,antimatter,60,450;300;200;100;50,2,6,1.5,2.5,100,-10,5,250,40,5,250,60,1,8,11,0,0.06,4,0.5,50,8,5
37,1,60,FrameTimeStutter,6.000,antimatter,practice,2026-08-31T17:32:23.9802087-04:00,1,138,2.30574,17.4828,2552.47,1435.57,-5.000,-4.000,4.0458,8.4551,-0.2204,Right,0,0,0,0,0.0000,300.000,0,0.000,0,127.500,71.914,4.500,0.0300,0.0000,-10.00,antimatter,60,450;300;200;100;50,2,6,1.5,2.5,100,-10,5,250,40,5,250,60,1,8,11,0,0.06,4,0.5,50,8,5
37,1,60,FrameTimeStutter,6.000,antimatter,practice,2026-08-31T17:32:23.9802087-04:00,1,139,2.32187,16.1318,2549.97,1429.30,-2.000,-5.000,4.0099,8.3634,-0.2204,Right,0,0,0,0,0.0000,300.000,0,0.000,0,127.500,71.914,4.500,0.0300,0.0000,-10.00,antimatter,60,450;300;200;100;50,2,6,1.5,2.5,100,-10,5,250,40,5,250,60,1,8,11,0,0.06,4,0.5,50,8,5
37,1,60,FrameTimeStutter,6.000,antimatter,practice,2026-08-31T17:32:23.9802087-04:00,1,140,2.33875,16.8752,2549.97,1429.30,0.000,0.000,4.0099,8.3634,-0.2204,Right,0,0,0,0,0.0000,300.000,0,0.000,0,127.500,71.914,4.500,0.0300,0.0000,-10.00,antimatter,60,450;300;200;100;50,2,6,1.5,2.5,100,-10,5,250,40,5,250,60,1,8,11,0,0.06,4,0.5,50,8,5
37,1,60,FrameTimeStutter,6.000,antimatter,practice,2026-08-31T17:32:23.9802087-04:00,1,141,2.35539,16.6482,2549.97,1429.30,0.000,0.000,4.0099,8.3634,-0.2204,Right,0,0,0,0,0.0000,300.000,0,0.000,0,127.500,71.914,4.500,0.0300,0.0000,-10.00,antimatter,60,450;300;200;100;50,2,6,1.5,2.5,100,-10,5,250,40,5,250,60,1,8,11,0,0.06,4,0.5,50,8,5
37,1,60,FrameTimeStutter,6.000,antimatter,practice,2026-08-31T17:32:23.9802087-04:00,1,142,2.37214,16.7442,2549.97,1429.30,0.000,0.000,4.0099,8.3634,-0.2204,Right,0,0,0,0,0.0000,300.000,0,0.000,0,127.500,71.914,4.500,0.0300,0.0000,-10.00,antimatter,60,450;300;200;100;50,2,6,1.5,2.5,100,-10,5,250,40,5,250,60,1,8,11,0,0.06,4,0.5,50,8,5
37,1,60,FrameTimeStutter,6.000,antimatter,practice,2026-08-31T17:32:23.9802087-04:00,1,143,2.38861,16.4694,2549.97,1429.30,0.000,0.000,4.0099,8.3634,-0.2204,Right,0,0,0,0,0.0000,300.000,0,0.000,0,127.500,71.914,4.500,0.0300,0.0000,-10.00,antimatter,60,450;300;200;100;50,2,6,1.5,2.5,100,-10,5,250,40,5,250,60,1,8,11,0,0.06,4,0.5,50,8,5
37,1,60,FrameTimeStutter,6.000,antimatter,practice,2026-08-31T17:32:23.9802087-04:00,1,144,2.40571,17.1022,2549.97,1429.30,0.000,0.000,4.0099,8.3634,-0.2204,Right,0,0,0,0,0.0000,300.000,0,0.000,0,127.500,71.914,4.500,0.0300,0.0000,-10.00,antimatter,60,450;300;200;100;50,2,6,1.5,2.5,100,-10,5,250,40,5,250,60,1,8,11,0,0.06,4,0.5,50,8,5
37,1,60,FrameTimeStutter,6.000,antimatter,practice,2026-08-31T17:32:23.9802087-04:00,1,145,2.42217,16.4591,2549.97,1429.30,0.000,0.000,4.0099,8.3634,-0.2204,Right,0,0,0,0,0.0000,300.000,0,0.000,0,127.500,71.914,4.500,0.0300,0.0000,-10.00,antimatter,60,450;300;200;100;50,2,6,1.5,2.5,100,-10,5,250,40,5,250,60,1,8,11,0,0.06,4,0.5,50,8,5
37,1,60,FrameTimeStutter,6.000,antimatter,practice,2026-08-31T17:32:23.9802087-04:00,1,146,2.43839,16.2173,2549.97,1429.30,0.000,0.000,4.0099,8.3634,-0.2204,Right,0,0,0,0,0.0000,300.000,0,0.000,0,127.500,71.914,4.500,0.0300,0.0000,-10.00,antimatter,60,450;300;200;100;50,2,6,1.5,2.5,100,-10,5,250,40,5,250,60,1,8,11,0,0.06,4,0.5,50,8,5
37,1,60,FrameTimeStutter,6.000,antimatter,practice,2026-08-31T17:32:23.9802087-04:00,1,147,2.45514,16.7494,2549.97,1429.30,0.000,0.000,4.0099,8.3634,-0.2204,Right,0,0,0,0,0.0000,300.000,0,0.000,0,127.500,71.914,4.500,0.0300,0.0000,-10.00,antimatter,60,450;300;200;100;50,2,6,1.5,2.5,100,-10,5,250,40,5,250,60,1,8,11,0,0.06,4,0.5,50,8,5
37,1,60,FrameTimeStutter,6.000,antimatter,practice,2026-08-31T17:32:23.9802087-04:00,1,148,2.47183,16.6940,2549.97,1429.30,0.000,0.000,4.0099,8.3634,-0.2204,Right,0,0,0,0,0.0000,300.000,0,0.000,0,127.500,71.914,4.500,0.0300,0.0000,-10.00,antimatter,60,450;300;200;100;50,2,6,1.5,2.5,100,-10,5,250,40,5,250,60,1,8,11,0,0.06,4,0.5,50,8,5
37,1,60,FrameTimeStutter,6.000,antimatter,practice,2026-08-31T17:32:23.9802087-04:00,1,149,2.48880,16.9706,2549.97,1429.30,0.000,0.000,4.0099,8.3634,-0.2204,Right,0,0,0,0,0.0000,300.000,0,0.000,0,127.500,71.914,4.500,0.0300,0.0000,-10.00,antimatter,60,450;300;200;100;50,2,6,1.5,2.5,100,-10,5,250,40,5,250,60,1,8,11,0,0.06,4,0.5,50,8,5
37,1,60,FrameTimeStutter,6.000,antimatter,practice,2026-08-31T17:32:23.9802087-04:00,1,150,2.50526,16.4618,2549.97,1429.30,0.000,0.000,4.0099,8.3634,-0.2204,Right,0,0,0,0,0.0000,300.000,0,0.000,0,127.500,71.914,4.500,0.0300,0.0000,-10.00,antimatter,60,450;300;200;100;50,2,6,1.5,2.5,100,-10,5,250,40,5,250,60,1,8,11,0,0.06,4,0.5,50,8,5
37,1,60,FrameTimeStutter,6.000,antimatter,practice,2026-08-31T17:32:23.9802087-04:00,1,151,2.52178,16.5227,2549.97,1429.30,0.000,0.000,4.0099,8.3634,-0.2204,Right,0,0,0,0,0.0000,300.000,0,0.000,0,127.500,71.914,4.500,0.0300,0.0000,-10.00,antimatter,60,450;300;200;100;50,2,6,1.5,2.5,100,-10,5,250,40,5,250,60,1,8,11,0,0.06,4,0.5,50,8,5
37,1,60,FrameTimeStutter,6.000,antimatter,practice,2026-08-31T17:32:23.9802087-04:00,1,152,2.53833,16.5509,2549.97,1429.30,0.000,0.000,4.0099,8.3634,-0.2204,Right,0,0,0,0,0.0000,300.000,0,0.000,0,127.500,71.914,4.500,0.0300,0.0000,-10.00,antimatter,60,450;300;200;100;50,2,6,1.5,2.5,100,-10,5,250,40,5,250,60,1,8,11,0,0.06,4,0.5,50,8,5
37,1,60,FrameTimeStutter,6.000,antimatter,practice,2026-08-31T17:32:23.9802087-04:00,1,153,2.55538,17.0401,2549.97,1429.30,0.000,0.000,4.0099,8.3634,-0.2204,Right,0,0,0,0,0.0000,300.000,0,0.000,0,127.500,71.914,4.500,0.0300,0.0000,-10.00,antimatter,60,450;300;200;100;50,2,6,1.5,2.5,100,-10,5,250,40,5,250,60,1,8,11,0,0.06,4,0.5,50,8,5
37,1,60,FrameTimeStutter,6.000,antimatter,practice,2026-08-31T17:32:23.9802087-04:00,1,154,2.57217,16.7969,2549.97,1429.30,0.000,0.000,4.0099,8.3634,-0.2204,Right,0,0,0,0,0.0000,300.000,0,0.000,0,127.500,71.914,4.500,0.0300,0.0000,-10.00,antimatter,60,450;300;200;100;50,2,6,1.5,2.5,100,-10,5,250,40,5,250,60,1,8,11,0,0.06,4,0.5,50,8,5
37,1,60,FrameTimeStutter,6.000,antimatter,practice,2026-08-31T17:32:23.9802087-04:00,1,155,2.58828,16.1080,2549.97,1429.30,0.000,0.000,4.0099,8.3634,-0.2204,Right,0,0,0,0,0.0000,300.000,0,0.000,0,127.500,71.914,4.500,0.0300,0.0000,-10.00,antimatter,60,450;300;200;100;50,2,6,1.5,2.5,100,-10,5,250,40,5,250,60,1,8,11,0,0.06,4,0.5,50,8,5
37,1,60,FrameTimeStutter,6.000,antimatter,practice,2026-08-31T17:32:23.9802087-04:00,1,156,2.60506,16.7768,2549.97,1429.30,0.000,0.000,4.0099,8.3634,-0.2204,Right,0,0,0,0,0.0000,300.000,0,0.000,0,127.500,71.914,4.500,0.0300,0.0000,-10.00,antimatter,60,450;300;200;100;50,2,6,1.5,2.5,100,-10,5,250,40,5,250,60,1,8,11,0,0.06,4,0.5,50,8,5
37,1,60,FrameTimeStutter,6.000,antimatter,practice,2026-08-31T17:32:23.9802087-04:00,1,157,2.62243,17.3770,2549.97,1429.30,0.000,0.000,4.0099,8.3634,-0.2204,Right,0,0,0,0,0.0000,300.000,0,0.000,0,127.500,71.914,4.500,0.0300,0.0000,-10.00,antimatter,60,450;300;200;100;50,2,6,1.5,2.5,100,-10,5,250,40,5,250,60,1,8,11,0,0.06,4,0.5,50,8,5
37,1,60,FrameTimeStutter,6.000,antimatter,practice,2026-08-31T17:32:23.9802087-04:00,1,158,2.63902,16.5822,2549.97,1429.30,0.000,0.000,4.0099,8.3634,-0.2204,Right,0,0,0,0,0.0000,300.000,0,0.000,0,127.500,71.914,4.500,0.0300,0.0000,-10.00,antimatter,60,450;300;200;100;50,2,6,1.5,2.5,100,-10,5,250,40,5,250,60,1,8,11,0,0.06,4,0.5,50,8,5
37,1,60,FrameTimeStutter,6.000,antimatter,practice,2026-08-31T17:32:23.9802087-04:00,1,159,2.65517,16.1551,2549.97,1429.30,0.000,0.000,4.0099,8.3634,-0.2204,Right,0,0,0,0,0.0000,300.000,0,0.000,0,127.500,71.914,4.500,0.0300,0.0000,-10.00,antimatter,60,450;300;200;100;50,2,6,1.5,2.5,100,-10,5,250,40,5,250,60,1,8,11,0,0.06,4,0.5,50,8,5
37,1,60,FrameTimeStutter,6.000,antimatter,practice,2026-08-31T17:32:23.9802087-04:00,1,160,2.67158,16.4059,2549.97,1429.30,0.000,0.000,4.0099,8.3634,-0.2204,Right,0,0,0,0,0.0000,300.000,0,0.000,0,127.500,71.914,4.500,0.0300,0.0000,-10.00,antimatter,60,450;300;200;100;50,2,6,1.5,2.5,100,-10,5,250,40,5,250,60,1,8,11,0,0.06,4,0.5,50,8,5
37,1,60,FrameTimeStutter,6.000,antimatter,practice,2026-08-31T17:32:23.9802087-04:00,1,161,2.68882,17.2438,2549.97,1429.30,0.000,0.000,4.0099,8.3634,-0.2204,Right,0,0,0,0,0.0000,300.000,0,0.000,0,127.500,71.914,4.500,0.0300,0.0000,-10.00,antimatter,60,450;300;200;100;50,2,6,1.5,2.5,100,-10,5,250,40,5,250,60,1,8,11,0,0.06,4,0.5,50,8,5
37,1,60,FrameTimeStutter,6.000,antimatter,practice,2026-08-31T17:32:23.9802087-04:00,1,162,2.70514,16.3182,2549.97,1429.30,0.000,0.000,4.0099,8.3634,-0.2204,Right,0,0,0,0,0.0000,300.000,0,0.000,0,127.500,71.914,4.500,0.0300,0.0000,-10.00,antimatter,60,450;300;200;100;50,2,6,1.5,2.5,100,-10,5,250,40,5,250,60,1,8,11,0,0.06,4,0.5,50,8,5
37,1,60,FrameTimeStutter,6.000,antimatter,practice,2026-08-31T17:32:23.9802087-04:00,1,163,2.72211,16.9731,2549.97,1430.55,0.000,1.000,4.0100,8.3816,-0.2204,Right,0,0,0,0,0.0000,300.000,0,0.000,0,127.500,71.914,4.500,0.0300,0.0000,-10.00,antimatter,60,450;300;200;100;50,2,6,1.5,2.5,100,-10,5,250,40,5,250,60,1,8,11,0,0.06,4,0.5,50,8,5
37,1,60,FrameTimeStutter,6.000,antimatter,practice,2026-08-31T17:32:23.9802087-04:00,1,164,2.73883,16.7139,2543.69,1440.59,-5.000,11.000,3.9181,8.5825,-0.2204,Right,0,0,0,0,0.0000,300.000,0,0.000,0,127.500,71.914,4.500,0.0300,0.0000,-10.00,antimatter,60,450;300;200;100;50,2,6,1.5,2.5,100,-10,5,250,40,5,250,60,1,8,11,0,0.06,4,0.5,50,8,5
37,1,60,FrameTimeStutter,6.000,antimatter,practice,2026-08-31T17:32:23.9802087-04:00,1,165,2.75595,17.1189,2538.68,1436.83,-4.000,4.000,3.8445,8.6552,-0.2204,Right,0,0,0,0,0.0000,300.000,0,0.000,0,127.500,71.914,4.500,0.0300,0.0000,-10.00,antimatter,60,450;300;200;100;50,2,6,1.5,2.5,100,-10,5,250,40,5,250,60,1,8,11,0,0.06,4,0.5,50,8,5
37,1,60,FrameTimeStutter,6.000,antimatter,practice,2026-08-31T17:32:23.9802087-04:00,1,166,2.77202,16.0768,2533.66,1434.32,-4.000,-2.000,3.7715,8.6182,-0.2204,Right,0,0,0,0,0.0000,300.000,0,0.000,0,127.500,71.914,4.500,0.0300,0.0000,-10.00,antimatter,60,450;300;200;100;50,2,6,1.5,2.5,100,-10,5,250,40,5,250,60,1,8,11,0,0.06,4,0.5,50,8,5
37,1,60,FrameTimeStutter,6.000,antimatter,practice,2026-08-31T17:32:23.9802087-04:00,1,167,2.78910,17.0749,2533.66,1434.32,0.000,0.000,3.7715,8.6182,-0.2204,Right,0,0,0,0,0.0000,300.000,0,0.000,0,127.500,71.914,4.500,0.0300,0.0000,-10.00,antimatter,60,450;300;200;100;50,2,6,1.5,2.5,100,-10,5,250,40,5,250,60,1,8,11,0,0.06,4,0.5,50,8,5
37,1,60,FrameTimeStutter,6.000,antimatter,practice,2026-08-31T17:32:23.9802087-04:00,1,168,2.80509,15.9909,2533.66,1434.32,0.000,0.000,3.7715,8.6182,-0.2204,Right,0,0,0,0,0.0000,300.000,0,0.000,0,127.500,71.914,4.500,0.0300,0.0000,-10.00,antimatter,60,450;300;200;100;50,2,6,1.5,2.5,100,-10,5,250,40,5,250,60,1,8,11,0,0.06,4,0.5,50,8,5
37,1,60,FrameTimeStutter,6.000,antimatter,practice,2026-08-31T17:32:23.9802087-04:00,1,169,2.82209,16.9976,2533.66,1434.32,0.000,0.000,3.7715,8.6182,-0.2204,Right,0,0,0,0,0.0000,300.000,0,0.000,0,127.500,71.914,4.500,0.0300,0.0000,-10.00,antimatter,60,450;300;200;100;50,2,6,1.5,2.5,100,-10,5,250,40,5,250,60,1,8,11,0,0.06,4,0.5,50,8,5
37,1,60,FrameTimeStutter,6.000,antimatter,practice,2026-08-31T17:32:23.9802087-04:00,1,170,2.83901,16.9215,2533.66,1434.32,0.000,0.000,3.7715,8.6182,-0.2204,Right,0,0,0,0,0.0000,300.000,0,0.000,0,127.500,71.914,4.500,0.0300,0.0000,-10.00,antimatter,60,450;300;200;100;50,2,6,1.5,2.5,100,-10,5,250,40,5,250,60,1,8,11,0,0.06,4,0.5,50,8,5
37,1,60,FrameTimeStutter,6.000,antimatter,practice,2026-08-31T17:32:23.9802087-04:00,1,171,2.85530,16.2901,2533.66,1434.32,0.000,0.000,3.7715,8.6182,-0.2204,Right,0,0,0,0,0.0000,300.000,0,0.000,0,127.500,71.914,4.500,0.0300,0.0000,-10.00,antimatter,60,450;300;200;100;50,2,6,1.5,2.5,100,-10,5,250,40,5,250,60,1,8,11,0,0.06,4,0.5,50,8,5
37,1,60,FrameTimeStutter,6.000,antimatter,practice,2026-08-31T17:32:23.9802087-04:00,1,172,2.87203,16.7358,2533.66,1434.32,0.000,0.000,3.7715,8.6182,-0.2204,Right,0,0,0,0,0.0000,300.000,0,0.000,0,127.500,71.914,4.500,0.0300,0.0000,-10.00,antimatter,60,450;300;200;100;50,2,6,1.5,2.5,100,-10,5,250,40,5,250,60,1,8,11,0,0.06,4,0.5,50,8,5
37,1,60,FrameTimeStutter,6.000,antimatter,practice,2026-08-31T17:32:23.9802087-04:00,1,173,2.88854,16.5102,2532.41,1434.32,-1.000,0.000,3.7533,8.6182,-0.2204,Right,0,0,0,0,0.0000,300.000,0,0.000,0,127.500,71.914,4.500,0.0300,0.0000,-10.00,antimatter,60,450;300;200;100;50,2,6,1.5,2.5,100,-10,5,250,40,5,250,60,1,8,11,0,0.06,4,0.5,50,8,5
37,1,60,FrameTimeStutter,6.000,antimatter,practice,2026-08-31T17:32:23.9802087-04:00,1,174,2.90569,17.1484,2532.41,1434.32,0.000,0.000,3.7533,8.6182,-0.2204,Right,0,0,0,0,0.0000,300.000,0,0.000,0,127.500,71.914,4.500,0.0300,0.0000,-10.00,antimatter,60,450;300;200;100;50,2,6,1.5,2.5,100,-10,5,250,40,5,250,60,1,8,11,0,0.06,4,0.5,50,8,5
37,1,60,FrameTimeStutter,6.000,antimatter,practice,2026-08-31T17:32:23.9802087-04:00,1,175,2.92184,16.1457,2532.41,1434.32,0.000,0.000,3.7533,8.6182,-0.2204,Right,0,0,0,0,0.0000,300.000,0,0.000,0,127.500,71.914,4.500,0.0300,0.0000,-10.00,antimatter,60,450;300;200;100;50,2,6,1.5,2.5,100,-10,5,250,40,5,250,60,1,8,11,0,0.06,4,0.5,50,8,5
37,1,60,FrameTimeStutter,6.000,antimatter,practice,2026-08-31T17:32:23.9802087-04:00,1,176,2.93873,16.8898,2532.41,1434.32,0.000,0.000,3.7533,8.6182,-0.2204,Right,0,0,0,0,0.0000,300.000,0,0.000,0,127.500,71.914,4.500,0.0300,0.0000,-10.00,antimatter,60,450;300;200;100;50,2,6,1.5,2.5,100,-10,5,250,40,5,250,60,1,8,11,0,0.06,4,0.5,50,8,5
37,1,60,FrameTimeStutter,6.000,antimatter,practice,2026-08-31T17:32:23.9802087-04:00,1,177,2.95487,16.1415,2532.41,1434.32,0.000,0.000,3.7533,8.6182,-0.2204,Right,0,0,0,0,0.0000,300.000,0,0.000,0,127.500,71.914,4.500,0.0300,0.0000,-10.00,antimatter,60,450;300;200;100;50,2,6,1.5,2.5,100,-10,5,250,40,5,250,60,1,8,11,0,0.06,4,0.5,50,8,5
37,1,60,FrameTimeStutter,6.000,antimatter,practice,2026-08-31T17:32:23.9802087-04:00,1,178,2.97165,16.7769,2532.41,1434.32,0.000,0.000,3.7533,8.6182,-0.2204,Right,0,0,0,0,0.0000,300.000,0,0.000,0,127.500,71.914,4.500,0.0300,0.0000,-10.00,antimatter,60,450;300;200;100;50,2,6,1.5,2.5,100,-10,5,250,40,5,250,60,1,8,11,0,0.06,4,0.5,50,8,5
37,1,60,FrameTimeStutter,6.000,antimatter,practice,2026-08-31T17:32:23.9802087-04:00,1,179,2.98871,17.0621,2532.41,1434.32,0.000,0.000,3.7533,8.6182,-0.2204,Right,0,0,0,0,0.0000,300.000,0,0.000,0,127.500,71.914,4.500,0.0300,0.0000,-10.00,antimatter,60,450;300;200;100;50,2,6,1.5,2.5,100,-10,5,250,40,5,250,60,1,8,11,0,0.06,4,0.5,50,8,5
37,1,60,FrameTimeStutter,6.000,antimatter,practice,2026-08-31T17:32:23.9802087-04:00,1,180,3.00544,16.7367,2532.41,1434.32,0.000,0.000,3.7533,8.6182,-0.2204,Right,0,0,0,0,0.0000,300.000,0,0.000,0,127.500,71.914,4.500,0.0300,0.0000,-10.00,antimatter,60,450;300;200;100;50,2,6,1.5,2.5,100,-10,5,250,40,5,250,60,1,8,11,0,0.06,4,0.5,50,8,5
37,1,60,FrameTimeStutter,6.000,antimatter,practice,2026-08-31T17:32:23.9802087-04:00,1,181,3.02209,16.6417,2532.41,1434.32,0.000,0.000,3.7533,8.6182,-0.2204,Right,0,0,0,0,0.0000,300.000,0,0.000,0,127.500,71.914,4.500,0.0300,0.0000,-10.00,antimatter,60,450;300;200;100;50,2,6,1.5,2.5,100,-10,5,250,40,5,250,60,1,8,11,0,0.06,4,0.5,50,8,5
37,1,60,FrameTimeStutter,6.000,antimatter,practice,2026-08-31T17:32:23.9802087-04:00,1,182,3.03833,16.2448,2532.41,1434.32,0.000,0.000,3.7533,8.6182,-0.2204,Right,0,0,0,0,0.0000,300.000,0,0.000,0,127.500,71.914,4.500,0.0300,0.0000,-10.00,antimatter,60,450;300;200;100;50,2,6,1.5,2.5,100,-10,5,250,40,5,250,60,1,8,11,0,0.06,4,0.5,50,8,5
37,1,60,FrameTimeStutter,6.000,antimatter,practice,2026-08-31T17:32:23.9802087-04:00,1,183,3.05567,17.3419,2532.41,1434.32,0.000,0.000,3.7533,8.6182,-0.2204,Right,0,0,0,0,0.0000,300.000,0,0.000,0,127.500,71.914,4.500,0.0300,0.0000,-10.00,antimatter,60,450;300;200;100;50,2,6,1.5,2.5,100,-10,5,250,40,5,250,60,1,8,11,0,0.06,4,0.5,50,8,5
37,1,60,FrameTimeStutter,6.000,antimatter,practice,2026-08-31T17:32:23.9802087-04:00,1,184,3.07166,15.9924,2532.41,1435.57,0.000,1.000,3.7533,8.6364,-0.2204,Right,0,0,0,0,0.0000,300.000,0,0.000,0,127.500,71.914,4.500,0.0300,0.0000,-10.00,antimatter,60,450;300;200;100;50,2,6,1.5,2.5,100,-10,5,250,40,5,250,60,1,8,11,0,0.06,4,0.5,50,8,5
37,1,60,FrameTimeStutter,6.000,antimatter,practice,2026-08-31T17:32:23.9802087-04:00,1,185,3.08859,16.9217,2529.90,1435.57,-2.000,0.000,3.7167,8.6364,-0.2204,Right,0,0,0,0,0.0000,300.000,0,0.000,0,127.500,71.914,4.500,0.0300,0.0000,-10.00,antimatter,60,450;300;200;100;50,2,6,1.5,2.5,100,-10,5,250,40,5,250,60,1,8,11,0,0.06,4,0.5,50,8,5
37,1,60,FrameTimeStutter,6.000,antimatter,practice,2026-08-31T17:32:23.9802087-04:00,1,186,3.10492,16.3383,2528.64,1435.57,-1.000,0.000,3.6984,8.6364,-0.2204,Right,0,0,0,0,0.0000,300.000,0,0.000,0,127.500,71.914,4.500,0.0300,0.0000,-10.00,antimatter,60,450;300;200;100;50,2,6,1.5,2.5,100,-10,5,250,40,5,250,60,1,8,11,0,0.06,4,0.5,50,8,5
37,1,60,FrameTimeStutter,6.000,antimatter,practice,2026-08-31T17:32:23.9802087-04:00,1,187,3.12177,16.8444,2527.39,1435.57,-1.000,0.000,3.6801,8.6364,-0.2204,Right,0,0,0,0,0.0000,300.000,0,0.000,0,127.500,71.914,4.500,0.0300,0.0000,-10.00,antimatter,60,450;300;200;100;50,2,6,1.5,2.5,100,-10,5,250,40,5,250,60,1,8,11,0,0.06,4,0.5,50,8,5
37,1,60,FrameTimeStutter,6.000,antimatter,practice,2026-08-31T17:32:23.9802087-04:00,1,188,3.13900,17.2320,2524.88,1436.83,-2.000,1.000,3.6435,8.6547,-0.2204,Right,0,0,0,0,0.0000,300.000,0,0.000,0,127.500,71.914,4.500,0.0300,0.0000,-10.00,antimatter,60,450;300;200;100;50,2,6,1.5,2.5,100,-10,5,250,40,5,250,60,1,8,11,0,0.06,4,0.5,50,8,5
37,1,60,FrameTimeStutter,6.000,antimatter,practice,2026-08-31T17:32:23.9802087-04:00,1,189,3.15573,16.7266,2522.37,1438.08,-2.000,1.000,3.6070,8.6730,-0.2204,Right,0,0,0,0,0.0000,300.000,0,0.000,0,127.500,71.914,4.500,0.0300,0.0000,-10.00,antimatter,60,450;300;200;100;50,2,6,1.5,2.5,100,-10,5,250,40,5,250,60,1,8,11,0,0.06,4,0.5,50,8,5
37,1,60,FrameTimeStutter,6.000,antimatter,practice,2026-08-31T17:32:23.9802087-04:00,1,190,3.17221,16.4818,2518.61,1438.08,-3.000,0.000,3.5521,8.6730,-0.2204,Right,0,0,0,0,0.0000,300.000,0,0.000,0,127.500,71.914,4.500,0.0300,0.0000,-10.00,antimatter,60,450;300;200;100;50,2,6,1.5,2.5,100,-10,5,250,40,5,250,60,1,8,11,0,0.06,4,0.5,50,8,5
37,1,60,FrameTimeStutter,6.000,antimatter,practice,2026-08-31T17:32:23.9802087-04:00,1,191,3.18887,16.6594,2514.85,1439.33,-3.000,1.000,3.4973,8.6913,-0.2204,Right,0,0,0,0,0.0000,300.000,0,0.000,0,127.500,71.914,4.500,0.0300,0.0000,-10.00,antimatter,60,450;300;200;100;50,2,6,1.5,2.5,100,-10,5,250,40,5,250,60,1,8,11,0,0.06,4,0.5,50,8,5
37,1,60,FrameTimeStutter,6.000,antimatter,practice,2026-08-31T17:32:23.9802087-04:00,1,192,3.20487,15.9985,2511.08,1440.59,-3.000,1.000,3.4424,8.7096,-0.2204,Right,0,0,0,0,0.0000,300.000,0,0.000,0,127.500,71.914,4.500,0.0300,0.0000,-10.00,antimatter,60,450;300;200;100;50,2,6,1.5,2.5,100,-10,5,250,40,5,250,60,1,8,11,0,0.06,4,0.5,50,8,5
37,1,60,FrameTimeStutter,6.000,antimatter,practice,2026-08-31T17:32:23.9802087-04:00,1,193,3.22174,16.8733,2507.32,1440.59,-3.000,0.000,3.3875,8.7096,-0.2204,Right,0,0,0,0,0.0000,300.000,0,0.000,0,127.500,71.914,4.500,0.0300,0.0000,-10.00,antimatter,60,450;300;200;100;50,2,6,1.5,2.5,100,-10,5,250,40,5,250,60,1,8,11,0,0.06,4,0.5,50,8,5
37,1,60,FrameTimeStutter,6.000,antimatter,practice,2026-08-31T17:32:23.9802087-04:00,1,194,3.23860,16.8635,2503.56,1440.59,-3.000,0.000,3.3327,8.7096,-0.2204,Right,0,0,0,0,0.0000,300.000,0,0.000,0,127.500,71.914,4.500,0.0300,0.0000,-10.00,antimatter,60,450;300;200;100;50,2,6,1.5,2.5,100,-10,5,250,40,5,250,60,1,8,11,0,0.06,4,0.5,50,8,5
37,1,60,FrameTimeStutter,6.000,antimatter,practice,2026-08-31T17:32:23.9802087-04:00,1,195,3.25520,16.5986,2499.79,1440.59,-3.000,0.000,3.2778,8.7096,-0.2204,Right,0,0,0,0,0.0000,300.000,0,0.000,0,127.500,71.914,4.500,0.0300,0.0000,-10.00,antimatter,60,450;300;200;100;50,2,6,1.5,2.5,100,-10,5,250,40,5,250,60,1,8,11,0,0.06,4,0.5,50,8,5
37,1,60,FrameTimeStutter,6.000,antimatter,practice,2026-08-31T17:32:23.9802087-04:00,1,196,3.27175,16.5513,2494.78,1440.59,-4.000,0.000,3.2047,8.7096,-0.2204,Right,0,0,0,0,0.0000,300.000,0,0.000,0,127.500,71.914,4.500,0.0300,0.0000,-10.00,antimatter,60,450;300;200;100;50,2,6,1.5,2.5,100,-10,5,250,40,5,250,60,1,8,11,0,0.06,4,0.5,50,8,5
37,1,60,FrameTimeStutter,6.000,antimatter,practice,2026-08-31T17:32:23.9802087-04:00,1,197,3.28868,16.9312,2489.76,1440.59,-4.000,1.000,3.1316,8.7279,-0.2204,Right,0,0,0,0,0.0000,300.000,0,0.000,0,127.500,71.914,4.500,0.0300,0.0000,-10.00,antimatter,60,450;300;200;100;50,2,6,1.5,2.5,100,-10,5,250,40,5,250,60,1,8,11,0,0.06,4,0.5,50,8,5
37,1,60,FrameTimeStutter,6.000,antimatter,practice,2026-08-31T17:32:23.9802087-04:00,1,198,3.30567,16.9889,2484.74,1440.59,-4.000,1.000,3.0584,8.7462,-0.2204,Right,0,0,0,0,0.0000,300.000,0,0.000,0,127.500,71.914,4.500,0.0300,0.0000,-10.00,antimatter,60,450;300;200;100;50,2,6,1.5,2.5,100,-10,5,250,40,5,250,60,1,8,11,0,0.06,4,0.5,50,8,5
37,1,60,FrameTimeStutter,6.000,antimatter,practice,2026-08-31T17:32:23.9802087-04:00,1,199,3.32212,16.4503,2478.47,1440.59,-5.000,0.000,2.9211,8.7462,-0.2204,Right,0,0,0,0,0.0000,300.000,0,0.000,0,127.500,71.914,4.500,0.0300,0.0000,-10.00,antimatter,60,450;300;200;100;50,2,6,1.5,2.5,100,-10,5,250,40,5,250,60,1,8,11,0,0.06,4,0.5,50,8,5
37,1,60,FrameTimeStutter,6.000,antimatter,practice,2026-08-31T17:32:23.9802087-04:00,1,200,3.33844,16.3104,2470.95,1440.59,-6.000,1.000,2.7934,8.7462,-0.2204,Right,0,0,0,0,0.0000,300.000,0,0.000,0,127.500,71.914,4.500,0.0300,0.0000,-10.00,antimatter,60,450;300;200;100;50,2,6,1.5,2.5,100,-10,5,250,40,5,250,60,1,8,11,0,0.06,4,0.5,50,8,5
37,1,60,FrameTimeStutter,6.000,antimatter,practice,2026-08-31T17:32:23.9802087-04:00,1,201,3.35499,16.5554,2464.67,1440.59,-5.000,1.000,2.6720,8.7462,-0.2204,Right,0,0,0,0,0.0000,300.000,0,0.000,0,127.500,71.914,4.500,0.0300,0.0000,-10.00,antimatter,60,450;300;200;100;50,2,6,1.5,2.5,100,-10,5,250,40,5,250,60,1,8,11,0,0.06,4,0.5,50,8,5
37,1,60,FrameTimeStutter,6.000,antimatter,practice,2026-08-31T17:32:23.9802087-04:00,1,202,3.37203,17.0427,2455.89,1440.59,-7.000,1.000,2.5554,8.7462,-0.2204,Right,0,0,0,0,0.0000,300.000,0,0.000,0,127.500,71.914,4.500,0.0300,0.0000,-10.00,antimatter,60,450;300;200;100;50,2,6,1.5,2.5,100,-10,5,250,40,5,250,60,1,8,11,0,0.06,4,0.5,50,8,5
37,1,60,FrameTimeStutter,6.000,antimatter,practice,2026-08-31T17:32:23.9802087-04:00,1,203,3.38888,16.8510,2448.37,1440.59,-6.000,0.000,2.4482,8.7462,-0.2204,Right,0,0,0,0,0.0000,300.000,0,0.000,0,127.500,71.914,4.500,0.0300,0.0000,-10.00,antimatter,60,450;300;200;100;50,2,6,1.5,2.5,100,-10,5,250,40,5,250,60,1,8,11,0,0.06,4,0.5,50,8,5
37,1,60,FrameTimeStutter,6.000,antimatter,practice,2026-08-31T17:32:23.9802087-04:00,1,204,3.40543,16.5491,2439.59,1440.59,-7.000,1.000,2.3504,8.7462,-0.2204,Right,0,0,0,0,0.0000,300.000,0,0.000,0,127.500,71.914,4.500,0.0300,0.0000,-10.00,antimatter,60,450;300;200;100;50,2,6,1.5,2.5,100,-10,5,250,40,5,250,60,1,8,11,0,0.06,4,0.5,50,8,5
37,1,60,FrameTimeStutter,6.000,antimatter,practice,2026-08-31T17:32:23.9802087-04:00,1,205,3.42136,15.9244,2428.30,1440.59,-9.000,1.000,2.2632,8.7462,-0.2204,Right,0,0,0,0,0.0000,300.000,0,0.000,0,127.500,71.914,4.500,0.0300,0.0000,-10.00,antimatter,60,450;300;200;100;50,2,6,1.5,2.5,100,-10,5,250,40,5,250,60,1,8,11,0,0.06,4,0.5,50,8,5
37,1,60,FrameTimeStutter,6.000,antimatter,practice,2026-08-31T17:32:23.9802087-04:00,1,206,3.43848,17.1239,2418.27,1440.59,-8.000,2.000,2.1765,8.7462,-0.2204,Right,0,0,0,0,0.0000,300.000,0,0.000,0,127.500,71.914,4.500,0.0300,0.0000,-10.00,antimatter,60,450;300;200;100;50,2,6,1.5,2.5,100,-10,5,250,40,5,250,60,1,8,11,0,0.06,4,0.5,50,8,5
37,1,60,FrameTimeStutter,6.000,antimatter,practice,2026-08-31T17:32:23.9802087-04:00,1,207,3.45540,16.9191,2409.49,1440.59,-7.000,1.000,2.0978,8.7462,-0.2204,Right,0,0,0,0,0.0000,300.000,0,0.000,0,127.500,71.914,4.500,0.0300,0.0000,-10.00,antimatter,60,450;300;200;100;50,2,6,1.5,2.5,100,-10,5,250,40,5,250,60,1,8,11,0,0.06,4,0.5,50,8,5
37,1,60,FrameTimeStutter,6.000,antimatter,practice,2026-08-31T17:32:23.9802087-04:00,1,208,3.47166,16.2643,2399.45,1440.59,-8.000,1.000,2.0284,8.7462,-0.2204,Right,0,0,0,0,0.0000,300.000,0,0.000,0,127.500,71.914,4.500,0.0300,0.0000,-10.00,antimatter,60,450;300;200;100;50,2,6,1.5,2.5,100,-10,5,250,40,5,250,60,1,8,11,0,0.06,4,0.5,50,8,5
37,1,60,FrameTimeStutter,6.000,antimatter,practice,2026-08-31T17:32:23.9802087-04:00,1,209,3.48821,16.5443,2383.15,1440.59,-13.000,3.000,1.9639,8.7462,-0.2204,Right,0,0,0,0,0.0000,300.000,0,0.000,0,127.500,71.914,4.500,0.0300,0.0000,-10.00,antimatter,60,450;300;200;100;50,2,6,1.5,2.5,100,-10,5,250,40,5,250,60,1,8,11,0,0.06,4,0.5,50,8,5
37,1,60,FrameTimeStutter,6.000,antimatter,practice,2026-08-31T17:32:23.9802087-04:00,1,210,3.50508,16.8751,2363.08,1440.59,-16.000,3.000,1.9041,8.7462,-0.2204,Right,0,0,0,0,0.0000,300.000,0,0.000,0,127.500,71.914,4.500,0.0300,0.0000,-10.00,antimatter,60,450;300;200;100;50,2,6,1.5,2.5,100,-10,5,250,40,5,250,60,1,8,11,0,0.06,4,0.5,50,8,5
37,1,60,FrameTimeStutter,6.000,antimatter,practice,2026-08-31T17:32:23.9802087-04:00,1,211,3.52228,17.1915,2340.50,1440.59,-18.000,4.000,1.8490,8.7462,-0.2204,Right,0,0,0,0,0.0000,300.000,0,0.000,0,127.500,71.914,4.500,0.0300,0.0000,-10.00,antimatter,60,450;300;200;100;50,2,6,1.5,2.5,100,-10,5,250,40,5,250,60,1,8,11,0,0.06,4,0.5,50,8,5
37,1,60,FrameTimeStutter,6.000,antimatter,practice,2026-08-31T17:32:23.9802087-04:00,1,212,3.53854,16.2660,2324.19,1440.59,-13.000,4.000,1.8022,8.7462,-0.2204,Right,0,0,0,0,0.0000,300.000,0,0.000,0,127.500,71.914,4.500,0.0300,0.0000,-10.00,antimatter,60,450;300;200;100;50,2,6,1.5,2.5,100,-10,5,250,40,5,250,60,1,8,11,0,0.06,4,0.5,50,8,5
37,1,60,FrameTimeStutter,6.000,antimatter,practice,2026-08-31T17:32:23.9802087-04:00,1,213,3.55593,17.3878,2314.16,1440.59,-8.000,4.000,1.7574,8.7462,-0.2204,Right,0,0,0,0,0.0000,300.000,0,0.000,0,127.500,71.914,4.500,0.0300,0.0000,-10.00,antimatter,60,450;300;200;100;50,2,6,1.5,2.5,100,-10,5,250,40,5,250,60,1,8,11,0,0.06,4,0.5,50,8,5
37,1,60,FrameTimeStutter,6.000,antimatter,practice,2026-08-31T17:32:23.9802087-04:00,1,214,3.57189,15.9625,2311.65,1440.59,-2.000,2.000,1.7209,8.7462,-0.2204,Right,0,0,0,0,0.0000,300.000,0,0.000,0,127.500,71.914,4.500,0.0300,0.0000,-10.00,antimatter,60,450;300;200;100;50,2,6,1.5,2.5,100,-10,5,250,40,5,250,60,1,8,11,0,0.06,4,0.5,50,8,5
37,1,60,FrameTimeStutter,6.000,antimatter,practice,2026-08-31T17:32:23.9802087-04:00,1,215,3.58847,16.5811,2307.89,1440.59,-3.000,2.000,1.6873,8.7462,-0.2204,Right,0,0,0,0,0.0000,300.000,0,0.000,0,127.500,71.914,4.500,0.0300,0.0000,-10.00,antimatter,60,450;300;200;100;50,2,6,1.5,2.5,100,-10,5,250,40,5,250,60,1,8,11,0,0.06,4,0.5,50,8,5
37,1,60,FrameTimeStutter,6.000,antimatter,practice,2026-08-31T17:32:23.9802087-04:00,1,216,3.60535,16.8780,2306.63,1440.59,-1.000,2.000,1.6574,8.7462,-0.2204,Right,0,0,0,0,0.0000,300.000,0,0.000,0,127.500,71.914,4.500,0.0300,0.0000,-10.00,antimatter,60,450;300;200;100;50,2,6,1.5,2.5,100,-10,5,250,40,5,250,60,1,8,11,0,0.06,4,0.5,50,8,5
37,1,60,FrameTimeStutter,6.000,antimatter,practice,2026-08-31T17:32:23.9802087-04:00,1,217,3.62179,16.4418,2306.63,1440.59,0.000,0.000,1.6322,8.7462,-0.2204,Right,0,0,0,0,0.0000,300.000,0,0.000,0,127.500,71.914,4.500,0.0300,0.0000,-10.00,antimatter,60,450;300;200;100;50,2,6,1.5,2.5,100,-10,5,250,40,5,250,60,1,8,11,0,0.06,4,0.5,50,8,5
37,1,60,FrameTimeStutter,6.000,antimatter,practice,2026-08-31T17:32:23.9802087-04:00,1,218,3.63844,16.6475,2306.63,1440.59,0.000,0.000,1.6102,8.7462,-0.2204,Right,0,0,0,0,0.0000,300.000,0,0.000,0,127.500,71.914,4.500,0.0300,0.0000,-10.00,antimatter,60,450;300;200;100;50,2,6,1.5,2.5,100,-10,5,250,40,5,250,60,1,8,11,0,0.06,4,0.5,50,8,5
37,1,60,FrameTimeStutter,6.000,antimatter,practice,2026-08-31T17:32:23.9802087-04:00,1,219,3.65516,16.7234,2306.63,1440.59,0.000,1.000,1.5916,8.7462,-0.2204,Right,0,0,0,0,0.0000,300.000,0,0.000,0,127.500,71.914,4.500,0.0300,0.0000,-10.00,antimatter,60,450;300;200;100;50,2,6,1.5,2.5,100,-10,5,250,40,5,250,60,1,8,11,0,0.06,4,0.5,50,8,5
37,1,60,FrameTimeStutter,6.000,antimatter,practice,2026-08-31T17:32:23.9802087-04:00,1,220,3.67206,16.9012,2304.13,1440.59,-2.000,1.000,1.5759,8.7462,-0.2204,Right,0,0,0,0,0.0000,300.000,0,0.000,0,127.500,71.914,4.500,0.0300,0.0000,-10.00,antimatter,60,450;300;200;100;50,2,6,1.5,2.5,100,-10,5,250,40,5,250,60,1,8,11,0,0.06,4,0.5,50,8,5
37,1,60,FrameTimeStutter,6.000,antimatter,practice,2026-08-31T17:32:23.9802087-04:00,1,221,3.68824,16.1744,2301.62,1440.59,-2.000,2.000,1.5635,8.7462,-0.2204,Right,0,0,0,0,0.0000,300.000,0,0.000,0,127.500,71.914,4.500,0.0300,0.0000,-10.00,antimatter,60,450;300;200;100;50,2,6,1.5,2.5,100,-10,5,250,40,5,250,60,1,8,11,0,0.06,4,0.5,50,8,5
37,1,60,FrameTimeStutter,6.000,antimatter,practice,2026-08-31T17:32:23.9802087-04:00,1,222,3.70523,16.9919,2299.11,1440.59,-2.000,1.000,1.5531,8.7462,-0.2204,Right,0,0,0,0,0.0000,300.000,0,0.000,0,127.500,71.914,4.500,0.0300,0.0000,-10.00,antimatter,60,450;300;200;100;50,2,6,1.5,2.5,100,-10,5,250,40,5,250,60,1,8,11,0,0.06,4,0.5,50,8,5
37,1,60,FrameTimeStutter,6.000,antimatter,practice,2026-08-31T17:32:23.9802087-04:00,1,223,3.72237,17.1438,2297.85,1440.59,-1.000,1.000,1.5450,8.7462,-0.2204,Right,0,0,0,0,0.0000,300.000,0,0.000,0,127.500,71.914,4.500,0.0300,0.0000,-10.00,antimatter,60,450;300;200;100;50,2,6,1.5,2.5,100,-10,5,250,40,5,250,60,1,8,11,0,0.06,4,0.5,50,8,5
37,1,60,FrameTimeStutter,6.000,antimatter,practice,2026-08-31T17:32:23.9802087-04:00,1,224,3.73887,16.4943,2297.85,1440.59,0.000,0.000,1.5392,8.7462,-0.2204,Right,0,0,0,0,0.0000,300.000,0,0.000,0,127.500,71.914,4.500,0.0300,0.0000,-10.00,antimatter,60,450;300;200;100;50,2,6,1.5,2.5,100,-10,5,250,40,5,250,60,1,8,11,0,0.06,4,0.5,50,8,5
37,1,60,FrameTimeStutter,6.000,antimatter,practice,2026-08-31T17:32:23.9802087-04:00,1,225,3.75541,16.5411,2297.85,1440.59,0.000,0.000,1.5350,8.7462,-0.2204,Right,0,0,0,0,0.0000,300.000,0,0.000,0,127.500,71.914,4.500,0.0300,0.0000,-10.00,antimatter,60,450;300;200;100;50,2,6,1.5,2.5,100,-10,5,250,40,5,250,60,1,8,11,0,0.06,4,0.5,50,8,5
37,1,60,FrameTimeStutter,6.000,antimatter,practice,2026-08-31T17:32:23.9802087-04:00,1,226,3.77188,16.4746,2297.85,1440.59,0.000,0.000,1.5321,8.7462,-0.2204,Right,0,0,0,0,0.0000,300.000,0,0.000,0,127.500,71.914,4.500,0.0300,0.0000,-10.00,antimatter,60,450;300;200;100;50,2,6,1.5,2.5,100,-10,5,250,40,5,250,60,1,8,11,0,0.06,4,0.5,50,8,5
37,1,60,FrameTimeStutter,6.000,antimatter,practice,2026-08-31T17:32:23.9802087-04:00,1,227,3.78821,16.3292,2297.85,1440.59,0.000,0.000,1.5304,8.7462,-0.2204,Right,0,0,0,0,0.0000,300.000,0,0.000,0,127.500,71.914,4.500,0.0300,0.0000,-10.00,antimatter,60,450;300;200;100;50,2,6,1.5,2.5,100,-10,5,250,40,5,250,60,1,8,11,0,0.06,4,0.5,50,8,5
37,1,60,FrameTimeStutter,6.000,antimatter,practice,2026-08-31T17:32:23.9802087-04:00,1,228,3.80566,17.4455,2297.85,1440.59,0.000,0.000,1.5295,8.7462,-0.2204,Right,0,0,0,0,0.0000,300.000,0,0.000,0,127.500,71.914,4.500,0.0300,0.0000,-10.00,antimatter,60,450;300;200;100;50,2,6,1.5,2.5,100,-10,5,250,40,5,250,60,1,8,11,0,0.06,4,0.5,50,8,5
37,1,60,FrameTimeStutter,6.000,antimatter,practice,2026-08-31T17:32:23.9802087-04:00,1,229,3.82177,16.1115,2297.85,1440.59,0.000,0.000,1.5292,8.7462,-0.2204,Right,0,0,0,0,0.0000,300.000,0,0.000,0,127.500,71.914,4.500,0.0300,0.0000,-10.00,antimatter,60,450;300;200;100;50,2,6,1.5,2.5,100,-10,5,250,40,5,250,60,1,8,11,0,0.06,4,0.5,50,8,5
37,1,60,FrameTimeStutter,6.000,antimatter,practice,2026-08-31T17:32:23.9802087-04:00,1,230,3.83828,16.5096,2297.85,1440.59,0.000,0.000,1.5291,8.7462,-0.2204,Right,0,0,0,0,0.0000,300.000,0,0.000,0,127.500,71.914,4.500,0.0300,0.0000,-10.00,antimatter,60,450;300;200;100;50,2,6,1.5,2.5,100,-10,5,250,40,5,250,60,1,8,11,0,0.06,4,0.5,50,8,5
37,1,60,FrameTimeStutter,6.000,antimatter,practice,2026-08-31T17:32:23.9802087-04:00,1,231,3.85556,17.2808,2297.85,1440.59,0.000,0.000,1.5291,8.7462,-0.2204,Right,0,0,0,0,0.0000,300.000,0,0.000,0,127.500,71.914,4.500,0.0300,0.0000,-10.00,antimatter,60,450;300;200;100;50,2,6,1.5,2.5,100,-10,5,250,40,5,250,60,1,8,11,0,0.06,4,0.5,50,8,5
37,1,60,FrameTimeStutter,6.000,antimatter,practice,2026-08-31T17:32:23.9802087-04:00,1,232,3.87212,16.5629,2297.85,1440.59,0.000,0.000,1.5291,8.7462,-2.3744,Right,0,0,0,0,0.0000,300.000,0,0.000,0,127.500,71.914,4.500,0.0300,0.0000,-10.00,antimatter,60,450;300;200;100;50,2,6,1.5,2.5,100,-10,5,250,40,5,250,60,1,8,11,0,0.06,4,0.5,50,8,5
37,1,60,FrameTimeStutter,6.000,antimatter,practice,2026-08-31T17:32:23.9802087-04:00,1,233,3.88333,11.2038,2297.85,1440.59,0.000,0.000,1.5291,8.7462,-2.3744,Right,0,0,0,0,0.0000,300.000,0,0.000,0,127.500,71.914,4.500,0.0300,0.0000,-10.00,antimatter,60,450;300;200;100;50,2,6,1.5,2.5,100,-10,5,250,40,5,250,60,1,8,11,0,0.06,4,0.5,50,8,5
37,1,60,FrameTimeStutter,6.000,antimatter,practice,2026-08-31T17:32:23.9802087-04:00,1,234,3.90549,22.1630,2297.85,1440.59,0.000,0.000,1.5291,8.7462,-2.3744,Right,0,0,0,0,0.0000,300.000,0,0.000,0,127.500,71.914,4.500,0.0300,0.0000,-10.00,antimatter,60,450;300;200;100;50,2,6,1.5,2.5,100,-10,5,250,40,5,250,60,1,8,11,0,0.06,4,0.5,50,8,5
37,1,60,FrameTimeStutter,6.000,antimatter,practice,2026-08-31T17:32:23.9802087-04:00,1,235,3.92206,16.5713,2297.85,1440.59,0.000,0.000,1.5291,8.7462,-2.3744,Right,0,0,0,0,0.0000,300.000,0,0.000,0,127.500,71.914,4.500,0.0300,0.0000,-10.00,antimatter,60,450;300;200;100;50,2,6,1.5,2.5,100,-10,5,250,40,5,250,60,1,8,11,0,0.06,4,0.5,50,8,5
37,1,60,FrameTimeStutter,6.000,antimatter,practice,2026-08-31T17:32:23.9802087-04:00,1,236,3.93837,16.3094,2297.85,1440.59,0.000,0.000,1.5291,8.7462,-2.3744,Right,0,0,0,0,0.0000,300.000,0,0.000,0,127.500,71.914,4.500,0.0300,0.0000,-10.00,antimatter,60,450;300;200;100;50,2,6,1.5,2.5,100,-10,5,250,40,5,250,60,1,8,11,0,0.06,4,0.5,50,8,5
37,1,60,FrameTimeStutter,6.000,antimatter,practice,2026-08-31T17:32:23.9802087-04:00,1,237,3.95510,16.7301,2297.85,1440.59,0.000,0.000,1.5291,8.7462,-2.3744,Right,0,0,0,0,0.0000,300.000,0,0.000,0,127.500,71.914,4.500,0.0300,0.0000,-10.00,antimatter,60,450;300;200;100;50,2,6,1.5,2.5,100,-10,5,250,40,5,250,60,1,8,11,0,0.06,4,0.5,50,8,5
37,1,60,FrameTimeStutter,6.000,antimatter,practice,2026-08-31T17:32:23.9802087-04:00,1,238,3.97173,16.6235,2297.85,1440.59,0.000,0.000,1.5291,8.7462,-2.3744,Right,0,0,0,0,0.0000,300.000,0,0.000,0,127.500,71.914,4.500,0.0300,0.0000,-10.00,antimatter,60,450;300;200;100;50,2,6,1.5,2.5,100,-10,5,250,40,5,250,60,1,8,11,0,0.06,4,0.5,50,8,5
37,1,60,FrameTimeStutter,6.000,antimatter,practice,2026-08-31T17:32:23.9802087-04:00,1,239,3.98905,17.3229,2299.11,1440.59,1.000,1.000,1.5474,8.7644,-2.3744,Right,0,0,0,0,0.0000,300.000,0,0.000,0,127.500,71.914,4.500,0.0300,0.0000,-10.00,antimatter,60,450;300;200;100;50,2,6,1.5,2.5,100,-10,5,250,40,5,250,60,1,8,11,0,0.06,4,0.5,50,8,5
37,1,60,FrameTimeStutter,6.000,antimatter,practice,2026-08-31T17:32:23.9802087-04:00,1,240,4.00478,15.7346,2306.63,1440.59,6.000,2.000,1.6571,8.8010,-2.3744,Right,0,0,0,0,0.0000,300.000,0,0.000,0,127.500,71.914,4.500,0.0300,0.0000,-10.00,antimatter,60,450;300;200;100;50,2,6,1.5,2.5,100,-10,5,250,40,5,250,60,1,8,11,0,0.06,4,0.5,50,8,5
37,1,60,FrameTimeStutter,6.000,antimatter,practice,2026-08-31T17:32:23.9802087-04:00,1,241,4.02227,17.4921,2316.67,1440.59,8.000,2.000,1.8034,8.8376,-2.3744,Right,0,0,0,0,0.0000,300.000,0,0.000,0,127.500,71.914,4.500,0.0300,0.0000,-10.00,antimatter,60,450;300;200;100;50,2,6,1.5,2.5,100,-10,5,250,40,5,250,60,1,8,11,0,0.06,4,0.5,50,8,5
37,1,60,FrameTimeStutter,6.000,antimatter,practice,2026-08-31T17:32:23.9802087-04:00,1,242,4.03839,16.1165,2329.21,1440.59,10.000,2.000,1.9863,8.8741,-2.3744,Right,0,0,0,0,0.0000,300.000,0,0.000,0,127.500,71.914,4.500,0.0300,0.0000,-10.00,antimatter,60,450;300;200;100;50,2,6,1.5,2.5,100,-10,5,250,40,5,250,60,1,8,11,0,0.06,4,0.5,50,8,5
37,1,60,FrameTimeStutter,6.000,antimatter,practice,2026-08-31T17:32:23.9802087-04:00,1,243,4.05538,16.9899,2343.01,1440.59,11.000,1.000,2.1874,8.8924,-2.3744,Right,0,0,0,0,0.0000,300.000,0,0.000,0,127.500,71.914,4.500,0.0300,0.0000,-10.00,antimatter,60,450;300;200;100;50,2,6,1.5,2.5,100,-10,5,250,40,5,250,60,1,8,11,0,0.06,4,0.5,50,8,5
37,1,60,FrameTimeStutter,6.000,antimatter,practice,2026-08-31T17:32:23.9802087-04:00,1,244,4.07234,16.9543,2360.57,1440.59,14.000,1.000,2.4434,8.9107,-2.3744,Right,0,0,0,0,0.0000,300.000,0,0.000,0,127.500,71.914,4.500,0.0300,0.0000,-10.00,antimatter,60,450;300;200;100;50,2,6,1.5,2.5,100,-10,5,250,40,5,250,60,1,8,11,0,0.06,4,0.5,50,8,5
37,1,60,FrameTimeStutter,6.000,antimatter,practice,2026-08-31T17:32:23.9802087-04:00,1,245,4.08883,16.4908,2374.37,1440.59,11.000,0.000,2.6445,8.9107,-2.3744,Right,0,0,0,0,0.0000,300.000,0,0.000,0,127.500,71.914,4.500,0.0300,0.0000,-10.00,antimatter,60,450;300;200;100;50,2,6,1.5,2.5,100,-10,5,250,40,5,250,60,1,8,11,0,0.06,4,0.5,50,8,5
37,1,60,FrameTimeStutter,6.000,antimatter,practice,2026-08-31T17:32:23.9802087-04:00,1,246,4.10489,16.0665,2379.38,1440.59,4.000,0.000,2.7177,8.9107,-2.3744,Right,0,0,0,0,0.0000,300.000,0,0.000,0,127.500,71.914,4.500,0.0300,0.0000,-10.00,antimatter,60,450;300;200;100;50,2,6,1.5,2.5,100,-10,5,250,40,5,250,60,1,8,11,0,0.06,4,0.5,50,8,5
37,1,60,FrameTimeStutter,6.000,antimatter,practice,2026-08-31T17:32:23.9802087-04:00,1,247,4.12171,16.8116,2379.38,1440.59,0.000,0.000,2.7177,8.9107,-2.3744,Right,0,0,0,0,0.0000,300.000,0,0.000,0,127.500,71.914,4.500,0.0300,0.0000,-10.00,antimatter,60,450;300;200;100;50,2,6,1.5,2.5,100,-10,5,250,40,5,250,60,1,8,11,0,0.06,4,0.5,50,8,5
37,1,60,FrameTimeStutter,6.000,antimatter,practice,2026-08-31T17:32:23.9802087-04:00,1,248,4.13843,16.7220,2379.38,1440.59,0.000,0.000,2.7177,8.9107,-2.3744,Right,0,0,0,0,0.0000,300.000,0,0.000,0,127.500,71.914,4.500,0.0300,0.0000,-10.00,antimatter,60,450;300;200;100;50,2,6,1.5,2.5,100,-10,5,250,40,5,250,60,1,8,11,0,0.06,4,0.5,50,8,5
37,1,60,FrameTimeStutter,6.000,antimatter,practice,2026-08-31T17:32:23.9802087-04:00,1,249,4.15516,16.7343,2379.38,1440.59,0.000,0.000,2.7177,8.9107,-2.3744,Right,0,0,0,0,0.0000,300.000,0,0.000,0,127.500,71.914,4.500,0.0300,0.0000,-10.00,antimatter,60,450;300;200;100;50,2,6,1.5,2.5,100,-10,5,250,40,5,250,60,1,8,11,0,0.06,4,0.5,50,8,5
37,1,60,FrameTimeStutter,6.000,antimatter,practice,2026-08-31T17:32:23.9802087-04:00,1,250,4.17195,16.7897,2379.38,1440.59,0.000,0.000,2.7177,8.9107,-2.3744,Right,0,0,0,0,0.0000,300.000,0,0.000,0,127.500,71.914,4.500,0.0300,0.0000,-10.00,antimatter,60,450;300;200;100;50,2,6,1.5,2.5,100,-10,5,250,40,5,250,60,1,8,11,0,0.06,4,0.5,50,8,5
37,1,60,FrameTimeStutter,6.000,antimatter,practice,2026-08-31T17:32:23.9802087-04:00,1,251,4.18844,16.4932,2379.38,1440.59,0.000,0.000,2.7177,8.9107,-2.3744,Right,0,0,0,0,0.0000,300.000,0,0.000,0,127.500,71.914,4.500,0.0300,0.0000,-10.00,antimatter,60,450;300;200;100;50,2,6,1.5,2.5,100,-10,5,250,40,5,250,60,1,8,11,0,0.06,4,0.5,50,8,5
37,1,60,FrameTimeStutter,6.000,antimatter,practice,2026-08-31T17:32:23.9802087-04:00,1,252,4.20505,16.6102,2379.38,1440.59,0.000,0.000,2.7177,8.9107,-2.3744,Right,0,0,0,0,0.0000,300.000,0,0.000,0,127.500,71.914,4.500,0.0300,0.0000,-10.00,antimatter,60,450;300;200;100;50,2,6,1.5,2.5,100,-10,5,250,40,5,250,60,1,8,11,0,0.06,4,0.5,50,8,5
37,1,60,FrameTimeStutter,6.000,antimatter,practice,2026-08-31T17:32:23.9802087-04:00,1,253,4.22214,17.0896,2379.38,1440.59,0.000,0.000,2.7177,8.9107,-2.3744,Right,0,0,0,0,0.0000,300.000,0,0.000,0,127.500,71.914,4.500,0.0300,0.0000,-10.00,antimatter,60,450;300;200;100;50,2,6,1.5,2.5,100,-10,5,250,40,5,250,60,1,8,11,0,0.06,4,0.5,50,8,5
37,1,60,FrameTimeStutter,6.000,antimatter,practice,2026-08-31T17:32:23.9802087-04:00,1,254,4.23850,16.3560,2379.38,1440.59,0.000,0.000,2.7177,8.9107,-2.3744,Right,0,0,0,0,0.0000,300.000,0,0.000,0,127.500,71.914,4.500,0.0300,0.0000,-10.00,antimatter,60,450;300;200;100;50,2,6,1.5,2.5,100,-10,5,250,40,5,250,60,1,8,11,0,0.06,4,0.5,50,8,5
37,1,60,FrameTimeStutter,6.000,antimatter,practice,2026-08-31T17:32:23.9802087-04:00,1,255,4.25520,16.6961,2379.38,1440.59,0.000,0.000,2.7177,8.9107,-2.3744,Right,0,0,0,0,0.0000,300.000,0,0.000,0,127.500,71.914,4.500,0.0300,0.0000,-10.00,antimatter,60,450;300;200;100;50,2,6,1.5,2.5,100,-10,5,250,40,5,250,60,1,8,11,0,0.06,4,0.5,50,8,5
37,1,60,FrameTimeStutter,6.000,antimatter,practice,2026-08-31T17:32:23.9802087-04:00,1,256,4.27165,16.4577,2379.38,1440.59,0.000,0.000,2.7177,8.9107,-2.3744,Right,0,0,0,0,0.0000,300.000,0,0.000,0,127.500,71.914,4.500,0.0300,0.0000,-10.00,antimatter,60,450;300;200;100;50,2,6,1.5,2.5,100,-10,5,250,40,5,250,60,1,8,11,0,0.06,4,0.5,50,8,5
37,1,60,FrameTimeStutter,6.000,antimatter,practice,2026-08-31T17:32:23.9802087-04:00,1,257,4.28837,16.7114,2379.38,1440.59,0.000,0.000,2.7177,8.9107,-2.3744,Right,0,0,0,0,0.0000,300.000,0,0.000,0,127.500,71.914,4.500,0.0300,0.0000,-10.00,antimatter,60,450;300;200;100;50,2,6,1.5,2.5,100,-10,5,250,40,5,250,60,1,8,11,0,0.06,4,0.5,50,8,5
37,1,60,FrameTimeStutter,6.000,antimatter,practice,2026-08-31T17:32:23.9802087-04:00,1,258,4.30540,17.0382,2376.87,1440.59,-2.000,0.000,2.6811,8.9107,-2.3744,Right,0,0,0,0,0.0000,300.000,0,0.000,0,127.500,71.914,4.500,0.0300,0.0000,-10.00,antimatter,60,450;300;200;100;50,2,6,1.5,2.5,100,-10,5,250,40,5,250,60,1,8,11,0,0.06,4,0.5,50,8,5
37,1,60,FrameTimeStutter,6.000,antimatter,practice,2026-08-31T17:32:23.9802087-04:00,1,259,4.32169,16.2829,2363.08,1440.59,-11.000,0.000,2.4800,8.9107,-2.3744,Right,0,0,0,0,0.0000,300.000,0,0.000,0,127.500,71.914,4.500,0.0300,0.0000,-10.00,antimatter,60,450;300;200;100;50,2,6,1.5,2.5,100,-10,5,250,40,5,250,60,1,8,11,0,0.06,4,0.5,50,8,5
37,1,60,FrameTimeStutter,6.000,antimatter,practice,2026-08-31T17:32:23.9802087-04:00,1,260,4.33867,16.9827,2337.99,1440.59,-20.000,2.000,2.1143,8.9473,-2.3744,Right,0,0,0,0,0.0000,300.000,0,0.000,0,127.500,71.914,4.500,0.0300,0.0000,-10.00,antimatter,60,450;300;200;100;50,2,6,1.5,2.5,100,-10,5,250,40,5,250,60,1,8,11,0,0.06,4,0.5,50,8,5
37,1,60,FrameTimeStutter,6.000,antimatter,practice,2026-08-31T17:32:23.9802087-04:00,1,261,4.35561,16.9447,2295.35,1440.59,-34.000,3.000,1.4925,9.0021,-2.3744,Right,0,0,0,0,0.0000,300.000,0,0.000,0,127.500,71.914,4.500,0.0300,0.0000,-10.00,antimatter,60,450;300;200;100;50,2,6,1.5,2.5,100,-10,5,250,40,5,250,60,1,8,11,0,0.06,4,0.5,50,8,5
37,1,60,FrameTimeStutter,6.000,antimatter,practice,2026-08-31T17:32:23.9802087-04:00,1,262,4.37255,16.9398,2271.51,1440.59,-19.000,2.000,1.1451,9.0387,-2.3744,Right,0,0,0,0,0.0000,300.000,0,0.000,0,127.500,71.914,4.500,0.0300,0.0000,-10.00,antimatter,60,450;300;200;100;50,2,6,1.5,2.5,100,-10,5,250,40,5,250,60,1,8,11,0,0.06,4,0.5,50,8,5
37,1,60,FrameTimeStutter,6.000,antimatter,practice,2026-08-31T17:32:23.9802087-04:00,1,263,4.38850,15.9460,2251.45,1440.59,-16.000,2.000,0.8526,9.0752,-2.3744,Right,0,0,0,0,0.0000,300.000,0,0.000,0,127.500,71.914,4.500,0.0300,0.0000,-10.00,antimatter,60,450;300;200;100;50,2,6,1.5,2.5,100,-10,5,250,40,5,250,60,1,8,11,0,0.06,4,0.5,50,8,5
37,1,60,FrameTimeStutter,6.000,antimatter,practice,2026-08-31T17:32:23.9802087-04:00,1,264,4.40548,16.9804,2232.63,1440.59,-15.000,1.000,0.5783,9.0935,-2.3744,Right,0,0,0,0,0.0000,300.000,0,0.000,0,127.500,71.914,4.500,0.0300,0.0000,-10.00,antimatter,60,450;300;200;100;50,2,6,1.5,2.5,100,-10,5,250,40,5,250,60,1,8,11,0,0.06,4,0.5,50,8,5
37,1,60,FrameTimeStutter,6.000,antimatter,practice,2026-08-31T17:32:23.9802087-04:00,1,265,4.42177,16.2932,2211.31,1440.59,-17.000,2.000,0.2674,9.1301,-2.3744,Right,0,0,0,0,0.0000,300.000,0,0.000,0,127.500,71.914,4.500,0.0300,0.0000,-10.00,antimatter,60,450;300;200;100;50,2,6,1.5,2.5,100,-10,5,250,40,5,250,60,1,8,11,0,0.06,4,0.5,50,8,5
37,1,60,FrameTimeStutter,6.000,antimatter,practice,2026-08-31T17:32:23.9802087-04:00,1,266,4.43851,16.7377,2186.22,1440.59,-20.000,1.000,-0.0983,9.1484,-2.3744,Right,0,0,0,0,0.0000,300.000,0,0.000,0,127.500,71.914,4.500,0.0300,0.0000,-10.00,antimatter,60,450;300;200;100;50,2,6,1.5,2.5,100,-10,5,250,40,5,250,60,1,8,11,0,0.06,4,0.5,50,8,5
37,1,60,FrameTimeStutter,6.000,antimatter,practice,2026-08-31T17:32:23.9802087-04:00,1,267,4.45570,17.1857,2161.14,1440.59,-20.000,2.000,-0.4640,9.1849,-2.3744,Right,0,0,0,0,0.0000,300.000,0,0.000,0,127.500,71.914,4.500,0.0300,0.0000,-10.00,antimatter,60,450;300;200;100;50,2,6,1.5,2.5,100,-10,5,250,40,5,250,60,1,8,11,0,0.06,4,0.5,50,8,5
37,1,60,FrameTimeStutter,6.000,antimatter,practice,2026-08-31T17:32:23.9802087-04:00,1,268,4.47199,16.2979,2137.31,1440.59,-19.000,1.000,-0.8114,9.2032,-2.3744,Right,0,0,0,0,0.0000,300.000,0,0.000,0,127.500,71.914,4.500,0.0300,0.0000,-10.00,antimatter,60,450;300;200;100;50,2,6,1.5,2.5,100,-10,5,250,40,5,250,60,1,8,11,0,0.06,4,0.5,50,8,5
37,1,60,FrameTimeStutter,6.000,antimatter,practice,2026-08-31T17:32:23.9802087-04:00,1,269,4.48888,16.8839,2122.25,1440.59,-12.000,1.000,-1.0308,9.2215,-2.3744,Right,0,0,0,0,0.0000,300.000,0,0.000,0,127.500,71.914,4.500,0.0300,0.0000,-10.00,antimatter,60,450;300;200;100;50,2,6,1.5,2.5,100,-10,5,250,40,5,250,60,1,8,11,0,0.06,4,0.5,50,8,5
37,1,60,FrameTimeStutter,6.000,antimatter,practice,2026-08-31T17:32:23.9802087-04:00,1,270,4.50479,15.9098,2113.47,1440.59,-7.000,1.000,-1.1588,9.2398,-2.3744,Right,0,0,0,0,0.0000,300.000,0,0.000,0,127.500,71.914,4.500,0.0300,0.0000,-10.00,antimatter,60,450;300;200;100;50,2,6,1.5,2.5,100,-10,5,250,40,5,250,60,1,8,11,0,0.06,4,0.5,50,8,5
37,1,60,FrameTimeStutter,6.000,antimatter,practice,2026-08-31T17:32:23.9802087-04:00,1,271,4.52215,17.3641,2110.97,1440.59,-2.000,0.000,-1.1954,9.2398,-2.3744,Right,0,0,0,0,0.0000,300.000,0,0.000,0,127.500,71.914,4.500,0.0300,0.0000,-10.00,antimatter,60,450;300;200;100;50,2,6,1.5,2.5,100,-10,5,250,40,5,250,60,1,8,11,0,0.06,4,0.5,50,8,5
37,1,60,FrameTimeStutter,6.000,antimatter,practice,2026-08-31T17:32:23.9802087-04:00,1,272,4.53824,16.0902,2109.71,1440.59,-1.000,0.000,-1.2137,9.2398,-2.3744,Right,0,0,0,0,0.0000,300.000,0,0.000,0,127.500,71.914,4.500,0.0300,0.0000,-10.00,antimatter,60,450;300;200;100;50,2,6,1.5,2.5,100,-10,5,250,40,5,250,60,1,8,11,0,0.06,4,0.5,50,8,5
37,1,60,FrameTimeStutter,6.000,antimatter,practice,2026-08-31T17:32:23.9802087-04:00,1,273,4.55501,16.7671,2109.71,1440.59,0.000,0.000,-1.2137,9.2398,-2.3744,Right,0,0,0,0,0.0000,300.000,0,0.000,0,127.500,71.914,4.500,0.0300,0.0000,-10.00,antimatter,60,450;300;200;100;50,2,6,1.5,2.5,100,-10,5,250,40,5,250,60,1,8,11,0,0.06,4,0.5,50,8,5
37,1,60,FrameTimeStutter,6.000,antimatter,practice,2026-08-31T17:32:23.9802087-04:00,1,274,4.57166,16.6473,2109.71,1440.59,0.000,0.000,-1.2137,9.2398,-2.3744,Right,0,0,0,0,0.0000,300.000,0,0.000,0,127.500,71.914,4.500,0.0300,0.0000,-10.00,antimatter,60,450;300;200;100;50,2,6,1.5,2.5,100,-10,5,250,40,5,250,60,1,8,11,0,0.06,4,0.5,50,8,5
37,1,60,FrameTimeStutter,6.000,antimatter,practice,2026-08-31T17:32:23.9802087-04:00,1,275,4.58853,16.8701,2109.71,1440.59,0.000,0.000,-1.2137,9.2398,-2.3744,Right,0,0,0,0,0.0000,300.000,0,0.000,0,127.500,71.914,4.500,0.0300,0.0000,-10.00,antimatter,60,450;300;200;100;50,2,6,1.5,2.5,100,-10,5,250,40,5,250,60,1,8,11,0,0.06,4,0.5,50,8,5
37,1,60,FrameTimeStutter,6.000,antimatter,practice,2026-08-31T17:32:23.9802087-04:00,1,276,4.60527,16.7449,2109.71,1440.59,0.000,0.000,-1.2137,9.2398,-2.3744,Right,0,0,0,0,0.0000,300.000,0,0.000,0,127.500,71.914,4.500,0.0300,0.0000,-10.00,antimatter,60,450;300;200;100;50,2,6,1.5,2.5,100,-10,5,250,40,5,250,60,1,8,11,0,0.06,4,0.5,50,8,5
37,1,60,FrameTimeStutter,6.000,antimatter,practice,2026-08-31T17:32:23.9802087-04:00,1,277,4.62166,16.3857,2109.71,1440.59,0.000,0.000,-1.2137,9.2398,-2.3744,Right,0,0,0,0,0.0000,300.000,0,0.000,0,127.500,71.914,4.500,0.0300,0.0000,-10.00,antimatter,60,450;300;200;100;50,2,6,1.5,2.5,100,-10,5,250,40,5,250,60,1,8,11,0,0.06,4,0.5,50,8,5
37,1,60,FrameTimeStutter,6.000,antimatter,practice,2026-08-31T17:32:23.9802087-04:00,1,278,4.63840,16.7378,2109.71,1440.59,0.000,0.000,-1.2137,9.2398,-2.3744,Right,0,0,0,0,0.0000,300.000,0,0.000,0,127.500,71.914,4.500,0.0300,0.0000,-10.00,antimatter,60,450;300;200;100;50,2,6,1.5,2.5,100,-10,5,250,40,5,250,60,1,8,11,0,0.06,4,0.5,50,8,5
37,1,60,FrameTimeStutter,6.000,antimatter,practice,2026-08-31T17:32:23.9802087-04:00,1,279,4.65507,16.6779,2109.71,1440.59,0.000,0.000,-1.2137,9.2398,-2.3744,Right,0,0,0,0,0.0000,300.000,0,0.000,0,127.500,71.914,4.500,0.0300,0.0000,-10.00,antimatter,60,450;300;200;100;50,2,6,1.5,2.5,100,-10,5,250,40,5,250,60,1,8,11,0,0.06,4,0.5,50,8,5
37,1,60,FrameTimeStutter,6.000,antimatter,practice,2026-08-31T17:32:23.9802087-04:00,1,280,4.67249,17.4145,2109.71,1440.59,0.000,0.000,-1.2137,9.2398,-2.3744,Right,0,0,0,0,0.0000,300.000,0,0.000,0,127.500,71.914,4.500,0.0300,0.0000,-10.00,antimatter,60,450;300;200;100;50,2,6,1.5,2.5,100,-10,5,250,40,5,250,60,1,8,11,0,0.06,4,0.5,50,8,5
37,1,60,FrameTimeStutter,6.000,antimatter,practice,2026-08-31T17:32:23.9802087-04:00,1,281,4.68855,16.0578,2109.71,1440.59,0.000,0.000,-1.2137,9.2398,-2.3744,Right,0,0,0,0,0.0000,300.000,0,0.000,0,127.500,71.914,4.500,0.0300,0.0000,-10.00,antimatter,60,450;300;200;100;50,2,6,1.5,2.5,100,-10,5,250,40,5,250,60,1,8,11,0,0.06,4,0.5,50,8,5
37,1,60,FrameTimeStutter,6.000,antimatter,practice,2026-08-31T17:32:23.9802087-04:00,1,282,4.70553,16.9841,2109.71,1440.59,0.000,0.000,-1.2137,9.2398,-2.3744,Right,0,0,0,0,0.0000,300.000,0,0.000,0,127.500,71.914,4.500,0.0300,0.0000,-10.00,antimatter,60,450;300;200;100;50,2,6,1.5,2.5,100,-10,5,250,40,5,250,60,1,8,11,0,0.06,4,0.5,50,8,5
37,1,60,FrameTimeStutter,6.000,antimatter,practice,2026-08-31T17:32:23.9802087-04:00,1,283,4.72217,16.6427,2109.71,1440.59,0.000,0.000,-1.2137,9.2398,-2.3744,Right,0,0,0,0,0.0000,300.000,0,0.000,0,127.500,71.914,4.500,0.0300,0.0000,-10.00,antimatter,60,450;300;200;100;50,2,6,1.5,2.5,100,-10,5,250,40,5,250,60,1,8,11,0,0.06,4,0.5,50,8,5
37,1,60,FrameTimeStutter,6.000,antimatter,practice,2026-08-31T17:32:23.9802087-04:00,1,284,4.73877,16.5942,2109.71,1440.59,0.000,0.000,-1.2137,9.2398,-2.3744,Right,0,0,0,0,0.0000,300.000,0,0.000,0,127.500,71.914,4.500,0.0300,0.0000,-10.00,antimatter,60,450;300;200;100;50,2,6,1.5,2.5,100,-10,5,250,40,5,250,60,1,8,11,0,0.06,4,0.5,50,8,5
37,1,60,FrameTimeStutter,6.000,antimatter,practice,2026-08-31T17:32:23.9802087-04:00,1,285,4.75538,16.6180,2109.71,1440.59,0.000,0.000,-1.2137,9.2398,-2.3744,Right,0,0,0,0,0.0000,300.000,0,0.000,0,127.500,71.914,4.500,0.0300,0.0000,-10.00,antimatter,60,450;300;200;100;50,2,6,1.5,2.5,100,-10,5,250,40,5,250,60,1,8,11,0,0.06,4,0.5,50,8,5
37,1,60,FrameTimeStutter,6.000,antimatter,practice,2026-08-31T17:32:23.9802087-04:00,1,286,4.77159,16.2082,2109.71,1440.59,0.000,0.000,-1.2137,9.2398,-2.3744,Right,0,0,0,0,0.0000,300.000,0,0.000,0,127.500,71.914,4.500,0.0300,0.0000,-10.00,antimatter,60,450;300;200;100;50,2,6,1.5,2.5,100,-10,5,250,40,5,250,60,1,8,11,0,0.06,4,0.5,50,8,5
37,1,60,FrameTimeStutter,6.000,antimatter,practice,2026-08-31T17:32:23.9802087-04:00,1,287,4.78878,17.1861,2109.71,1440.59,0.000,0.000,-1.2137,9.2398,-2.3744,Right,0,0,0,0,0.0000,300.000,0,0.000,0,127.500,71.914,4.500,0.0300,0.0000,-10.00,antimatter,60,450;300;200;100;50,2,6,1.5,2.5,100,-10,5,250,40,5,250,60,1,8,11,0,0.06,4,0.5,50,8,5
37,1,60,FrameTimeStutter,6.000,antimatter,practice,2026-08-31T17:32:23.9802087-04:00,1,288,4.80516,16.3860,2109.71,1440.59,0.000,0.000,-1.2137,9.2398,-2.3744,Right,0,0,0,0,0.0000,300.000,0,0.000,0,127.500,71.914,4.500,0.0300,0.0000,-10.00,antimatter,60,450;300;200;100;50,2,6,1.5,2.5,100,-10,5,250,40,5,250,60,1,8,11,0,0.06,4,0.5,50,8,5
37,1,60,FrameTimeStutter,6.000,antimatter,practice,2026-08-31T17:32:23.9802087-04:00,1,289,4.82256,17.3981,2109.71,1440.59,0.000,0.000,-1.2137,9.2398,-2.3744,Right,0,0,0,0,0.0000,300.000,0,0.000,0,127.500,71.914,4.500,0.0300,0.0000,-10.00,antimatter,60,450;300;200;100;50,2,6,1.5,2.5,100,-10,5,250,40,5,250,60,1,8,11,0,0.06,4,0.5,50,8,5
37,1,60,FrameTimeStutter,6.000,antimatter,practice,2026-08-31T17:32:23.9802087-04:00,1,290,4.83861,16.0445,2109.71,1440.59,0.000,0.000,-1.2137,9.2398,-2.3744,Right,0,0,0,0,0.0000,300.000,0,0.000,0,127.500,71.914,4.500,0.0300,0.0000,-10.00,antimatter,60,450;300;200;100;50,2,6,1.5,2.5,100,-10,5,250,40,5,250,60,1,8,11,0,0.06,4,0.5,50,8,5
37,1,60,FrameTimeStutter,6.000,antimatter,practice,2026-08-31T17:32:23.9802087-04:00,1,291,4.85505,16.4404,2109.71,1440.59,0.000,0.000,-1.2137,9.2398,-2.3744,Right,0,0,0,0,0.0000,300.000,0,0.000,0,127.500,71.914,4.500,0.0300,0.0000,-10.00,antimatter,60,450;300;200;100;50,2,6,1.5,2.5,100,-10,5,250,40,5,250,60,1,8,11,0,0.06,4,0.5,50,8,5
37,1,60,FrameTimeStutter,6.000,antimatter,practice,2026-08-31T17:32:23.9802087-04:00,1,292,4.87166,16.6081,2109.71,1440.59,0.000,0.000,-1.2137,9.2398,-2.3744,Right,0,0,0,0,0.0000,300.000,0,0.000,0,127.500,71.914,4.500,0.0300,0.0000,-10.00,antimatter,60,450;300;200;100;50,2,6,1.5,2.5,100,-10,5,250,40,5,250,60,1,8,11,0,0.06,4,0.5,50,8,5
37,1,60,FrameTimeStutter,6.000,antimatter,practice,2026-08-31T17:32:23.9802087-04:00,1,293,4.88855,16.8944,2109.71,1440.59,0.000,0.000,-1.2137,9.2398,-2.3744,Right,0,0,0,0,0.0000,300.000,0,0.000,0,127.500,71.914,4.500,0.0300,0.0000,-10.00,antimatter,60,450;300;200;100;50,2,6,1.5,2.5,100,-10,5,250,40,5,250,60,1,8,11,0,0.06,4,0.5,50,8,5
37,1,60,FrameTimeStutter,6.000,antimatter,practice,2026-08-31T17:32:23.9802087-04:00,1,294,4.90542,16.8700,2109.71,1440.59,0.000,0.000,-1.2137,9.2398,-2.3744,Right,0,0,0,0,0.0000,300.000,0,0.000,0,127.500,71.914,4.500,0.0300,0.0000,-10.00,antimatter,60,450;300;200;100;50,2,6,1.5,2.5,100,-10,5,250,40,5,250,60,1,8,11,0,0.06,4,0.5,50,8,5
37,1,60,FrameTimeStutter,6.000,antimatter,practice,2026-08-31T17:32:23.9802087-04:00,1,295,4.92181,16.3933,2109.71,1440.59,0.000,0.000,-1.2137,9.2398,-2.3744,Right,0,0,0,0,0.0000,300.000,0,0.000,0,127.500,71.914,4.500,0.0300,0.0000,-10.00,antimatter,60,450;300;200;100;50,2,6,1.5,2.5,100,-10,5,250,40,5,250,60,1,8,11,0,0.06,4,0.5,50,8,5
37,1,60,FrameTimeStutter,6.000,antimatter,practice,2026-08-31T17:32:23.9802087-04:00,1,296,4.93831,16.4967,2109.71,1440.59,0.000,0.000,-1.2137,9.2398,-2.3744,Right,0,0,0,0,0.0000,300.000,0,0.000,0,127.500,71.914,4.500,0.0300,0.0000,-10.00,antimatter,60,450;300;200;100;50,2,6,1.5,2.5,100,-10,5,250,40,5,250,60,1,8,11,0,0.06,4,0.5,50,8,5
37,1,60,FrameTimeStutter,6.000,antimatter,practice,2026-08-31T17:32:23.9802087-04:00,1,297,4.95508,16.7661,2109.71,1440.59,0.000,0.000,-1.2137,9.2398,-2.3744,Right,0,0,0,0,0.0000,300.000,0,0.000,0,127.500,71.914,4.500,0.0300,0.0000,-10.00,antimatter,60,450;300;200;100;50,2,6,1.5,2.5,100,-10,5,250,40,5,250,60,1,8,11,0,0.06,4,0.5,50,8,5
37,1,60,FrameTimeStutter,6.000,antimatter,practice,2026-08-31T17:32:23.9802087-04:00,1,298,4.97267,17.5975,2109.71,1440.59,0.000,0.000,-1.2137,9.2398,-2.3744,Right,0,0,0,0,0.0000,300.000,0,0.000,0,127.500,71.914,4.500,0.0300,0.0000,-10.00,antimatter,60,450;300;200;100;50,2,6,1.5,2.5,100,-10,5,250,40,5,250,60,1,8,11,0,0.06,4,0.5,50,8,5
37,1,60,FrameTimeStutter,6.000,antimatter,practice,2026-08-31T17:32:23.9802087-04:00,1,299,4.98897,16.2953,2109.71,1440.59,0.000,0.000,-1.2137,9.2398,-2.3744,Right,0,0,0,0,0.0000,300.000,0,0.000,0,127.500,71.914,4.500,0.0300,0.0000,-10.00,antimatter,60,450;300;200;100;50,2,6,1.5,2.5,100,-10,5,250,40,5,250,60,1,8,11,0,0.06,4,0.5,50,8,5
37,1,60,FrameTimeStutter,6.000,antimatter,practice,2026-08-31T17:32:23.9802087-04:00,1,300,5.00492,15.9547,2109.71,1440.59,0.000,0.000,-1.2137,9.2398,-2.3744,Right,0,0,0,0,0.0000,300.000,0,0.000,0,127.500,71.914,4.500,0.0300,0.0000,-10.00,antimatter,60,450;300;200;100;50,2,6,1.5,2.5,100,-10,5,250,40,5,250,60,1,8,11,0,0.06,4,0.5,50,8,5
37,1,60,FrameTimeStutter,6.000,antimatter,practice,2026-08-31T17:32:23.9802087-04:00,1,301,5.02220,17.2747,2109.71,1440.59,0.000,0.000,-1.2137,9.2398,-2.3744,Right,0,0,0,0,0.0000,300.000,0,0.000,0,127.500,71.914,4.500,0.0300,0.0000,-10.00,antimatter,60,450;300;200;100;50,2,6,1.5,2.5,100,-10,5,250,40,5,250,60,1,8,11,0,0.06,4,0.5,50,8,5
37,1,60,FrameTimeStutter,6.000,antimatter,practice,2026-08-31T17:32:23.9802087-04:00,1,302,5.03893,16.7365,2109.71,1440.59,0.000,0.000,-1.2137,9.2398,-2.3744,Right,0,0,0,0,0.0000,300.000,0,0.000,0,127.500,71.914,4.500,0.0300,0.0000,-10.00,antimatter,60,450;300;200;100;50,2,6,1.5,2.5,100,-10,5,250,40,5,250,60,1,8,11,0,0.06,4,0.5,50,8,5
37,1,60,FrameTimeStutter,6.000,antimatter,practice,2026-08-31T17:32:23.9802087-04:00,1,303,5.05569,16.7553,2109.71,1440.59,0.000,0.000,-1.2137,9.2398,-2.3744,Right,0,0,0,0,0.0000,300.000,0,0.000,0,127.500,71.914,4.500,0.0300,0.0000,-10.00,antimatter,60,450;300;200;100;50,2,6,1.5,2.5,100,-10,5,250,40,5,250,60,1,8,11,0,0.06,4,0.5,50,8,5
37,1,60,FrameTimeStutter,6.000,antimatter,practice,2026-08-31T17:32:23.9802087-04:00,1,304,5.07210,16.4146,2109.71,1440.59,0.000,0.000,-1.2137,9.2398,-2.3744,Right,0,0,0,0,0.0000,300.000,0,0.000,0,127.500,71.914,4.500,0.0300,0.0000,-10.00,antimatter,60,450;300;200;100;50,2,6,1.5,2.5,100,-10,5,250,40,5,250,60,1,8,11,0,0.06,4,0.5,50,8,5
37,1,60,FrameTimeStutter,6.000,antimatter,practice,2026-08-31T17:32:23.9802087-04:00,1,305,5.08869,16.5888,2109.71,1440.59,0.000,0.000,-1.2137,9.2398,-2.3744,Right,0,0,0,0,0.0000,300.000,0,0.000,0,127.500,71.914,4.500,0.0300,0.0000,-10.00,antimatter,60,450;300;200;100;50,2,6,1.5,2.5,100,-10,5,250,40,5,250,60,1,8,11,0,0.06,4,0.5,50,8,5
37,1,60,FrameTimeStutter,6.000,antimatter,practice,2026-08-31T17:32:23.9802087-04:00,1,306,5.10558,16.8881,2109.71,1440.59,0.000,0.000,-1.2137,9.2398,-2.3744,Right,0,0,0,0,0.0000,300.000,0,0.000,0,127.500,71.914,4.500,0.0300,0.0000,-10.00,antimatter,60,450;300;200;100;50,2,6,1.5,2.5,100,-10,5,250,40,5,250,60,1,8,11,0,0.06,4,0.5,50,8,5
37,1,60,FrameTimeStutter,6.000,antimatter,practice,2026-08-31T17:32:23.9802087-04:00,1,307,5.12226,16.6804,2109.71,1440.59,0.000,0.000,-1.2137,9.2398,-2.3744,Right,0,0,0,0,0.0000,300.000,0,0.000,0,127.500,71.914,4.500,0.0300,0.0000,-10.00,antimatter,60,450;300;200;100;50,2,6,1.5,2.5,100,-10,5,250,40,5,250,60,1,8,11,0,0.06,4,0.5,50,8,5
37,1,60,FrameTimeStutter,6.000,antimatter,practice,2026-08-31T17:32:23.9802087-04:00,1,308,5.13840,16.1337,2109.71,1440.59,0.000,0.000,-1.2137,9.2398,-2.3744,Right,0,0,0,0,0.0000,300.000,0,0.000,0,127.500,71.914,4.500,0.0300,0.0000,-10.00,antimatter,60,450;300;200;100;50,2,6,1.5,2.5,100,-10,5,250,40,5,250,60,1,8,11,0,0.06,4,0.5,50,8,5
37,1,60,FrameTimeStutter,6.000,antimatter,practice,2026-08-31T17:32:23.9802087-04:00,1,309,5.15496,16.5661,2109.71,1440.59,0.000,0.000,-1.2137,9.2398,-2.3744,Right,0,0,0,0,0.0000,300.000,0,0.000,0,127.500,71.914,4.500,0.0300,0.0000,-10.00,antimatter,60,450;300;200;100;50,2,6,1.5,2.5,100,-10,5,250,40,5,250,60,1,8,11,0,0.06,4,0.5,50,8,5
37,1,60,FrameTimeStutter,6.000,antimatter,practice,2026-08-31T17:32:23.9802087-04:00,2,310,5.17206,17.1016,2109.71,1440.59,0.000,0.000,-1.2137,9.2398,-2.3744,Right,1,1,0,1,-1.2137,200.000,0,0.000,0,127.500,71.914,4.500,0.0300,0.0000,-20.00,antimatter,60,450;300;200;100;50,2,6,1.5,2.5,100,-10,5,250,40,5,250,60,1,8,11,0,0.06,4,0.5,50,8,5
37,1,60,FrameTimeStutter,6.000,antimatter,practice,2026-08-31T17:32:23.9802087-04:00,2,311,5.18841,16.3499,2109.71,1440.59,0.000,0.000,-1.2137,9.2398,-2.3744,Right,1,0,0,0,0.0000,200.000,0,0.000,0,127.500,71.914,4.500,0.0300,0.0000,-20.00,antimatter,60,450;300;200;100;50,2,6,1.5,2.5,100,-10,5,250,40,5,250,60,1,8,11,0,0.06,4,0.5,50,8,5
37,1,60,FrameTimeStutter,6.000,antimatter,practice,2026-08-31T17:32:23.9802087-04:00,2,312,5.20543,17.0185,2109.71,1440.59,0.000,0.000,-1.2137,9.2398,-2.3744,Right,1,0,0,0,0.0000,200.000,0,0.000,0,127.500,71.914,4.500,0.0300,0.0000,-20.00,antimatter,60,450;300;200;100;50,2,6,1.5,2.5,100,-10,5,250,40,5,250,60,1,8,11,0,0.06,4,0.5,50,8,5
37,1,60,FrameTimeStutter,6.000,antimatter,practice,2026-08-31T17:32:23.9802087-04:00,2,313,5.22186,16.4254,2109.71,1440.59,0.000,0.000,-1.2137,9.2398,-2.3744,Right,1,0,0,0,0.0000,200.000,0,0.000,0,127.500,71.914,4.500,0.0300,0.0000,-20.00,antimatter,60,450;300;200;100;50,2,6,1.5,2.5,100,-10,5,250,40,5,250,60,1,8,11,0,0.06,4,0.5,50,8,5
37,1,60,FrameTimeStutter,6.000,antimatter,practice,2026-08-31T17:32:23.9802087-04:00,2,314,5.23835,16.4880,2109.71,1440.59,0.000,0.000,-1.2137,9.2398,-2.3744,Right,1,0,0,0,0.0000,200.000,0,0.000,0,127.500,71.914,4.500,0.0300,0.0000,-20.00,antimatter,60,450;300;200;100;50,2,6,1.5,2.5,100,-10,5,250,40,5,250,60,1,8,11,0,0.06,4,0.5,50,8,5
37,1,60,FrameTimeStutter,6.000,antimatter,practice,2026-08-31T17:32:23.9802087-04:00,2,315,5.25558,17.2332,2109.71,1440.59,0.000,0.000,-1.2137,9.2398,-2.3744,Right,1,0,0,0,0.0000,200.000,0,0.000,0,127.500,71.914,4.500,0.0300,0.0000,-20.00,antimatter,60,450;300;200;100;50,2,6,1.5,2.5,100,-10,5,250,40,5,250,60,1,8,11,0,0.06,4,0.5,50,8,5
37,1,60,FrameTimeStutter,6.000,antimatter,practice,2026-08-31T17:32:23.9802087-04:00,2,316,5.27156,15.9831,2109.71,1440.59,0.000,0.000,-1.2137,9.2398,-2.3744,Right,1,0,0,0,0.0000,200.000,0,0.000,0,127.500,71.914,4.500,0.0300,0.0000,-20.00,antimatter,60,450;300;200;100;50,2,6,1.5,2.5,100,-10,5,250,40,5,250,60,1,8,11,0,0.06,4,0.5,50,8,5
37,1,60,FrameTimeStutter,6.000,antimatter,practice,2026-08-31T17:32:23.9802087-04:00,2,317,5.28895,17.3888,2109.71,1440.59,0.000,0.000,-1.2137,9.2398,-2.3744,Right,0,0,0,0,0.0000,200.000,0,0.000,0,127.500,71.914,4.500,0.0300,0.0000,-20.00,antimatter,60,450;300;200;100;50,2,6,1.5,2.5,100,-10,5,250,40,5,250,60,1,8,11,0,0.06,4,0.5,50,8,5
37,1,60,FrameTimeStutter,6.000,antimatter,practice,2026-08-31T17:32:23.9802087-04:00,2,318,5.30533,16.3836,2109.71,1440.59,0.000,0.000,-1.2137,9.2398,-2.3744,Right,0,0,0,0,0.0000,200.000,0,0.000,0,127.500,71.914,4.500,0.0300,0.0000,-20.00,antimatter,60,450;300;200;100;50,2,6,1.5,2.5,100,-10,5,250,40,5,250,60,1,8,11,0,0.06,4,0.5,50,8,5
37,1,60,FrameTimeStutter,6.000,antimatter,practice,2026-08-31T17:32:23.9802087-04:00,2,319,5.32226,16.9234,2109.71,1440.59,0.000,0.000,-1.2137,9.2398,-2.3744,Right,0,0,0,0,0.0000,200.000,0,0.000,0,127.500,71.914,4.500,0.0300,0.0000,-20.00,antimatter,60,450;300;200;100;50,2,6,1.5,2.5,100,-10,5,250,40,5,250,60,1,8,11,0,0.06,4,0.5,50,8,5
37,1,60,FrameTimeStutter,6.000,antimatter,practice,2026-08-31T17:32:23.9802087-04:00,2,320,5.33850,16.2399,2109.71,1440.59,0.000,0.000,-1.2137,9.2398,-2.3744,Right,0,0,0,0,0.0000,200.000,0,0.000,0,127.500,71.914,4.500,0.0300,0.0000,-20.00,antimatter,60,450;300;200;100;50,2,6,1.5,2.5,100,-10,5,250,40,5,250,60,1,8,11,0,0.06,4,0.5,50,8,5
37,1,60,FrameTimeStutter,6.000,antimatter,practice,2026-08-31T17:32:23.9802087-04:00,2,321,5.35576,17.2610,2109.71,1440.59,0.000,0.000,-1.2137,9.2398,-2.3744,Right,0,0,0,0,0.0000,200.000,0,0.000,0,127.500,71.914,4.500,0.0300,0.0000,-20.00,antimatter,60,450;300;200;100;50,2,6,1.5,2.5,100,-10,5,250,40,5,250,60,1,8,11,0,0.06,4,0.5,50,8,5
37,1,60,FrameTimeStutter,6.000,antimatter,practice,2026-08-31T17:32:23.9802087-04:00,2,322,5.37165,15.8892,2109.71,1440.59,0.000,0.000,-1.2137,9.2398,-2.3744,Right,0,0,0,0,0.0000,200.000,0,0.000,0,127.500,71.914,4.500,0.0300,0.0000,-20.00,antimatter,60,450;300;200;100;50,2,6,1.5,2.5,100,-10,5,250,40,5,250,60,1,8,11,0,0.06,4,0.5,50,8,5
37,1,60,FrameTimeStutter,6.000,antimatter,practice,2026-08-31T17:32:23.9802087-04:00,2,323,5.38831,16.6640,2109.71,1440.59,0.000,0.000,-1.2137,9.2398,-2.3744,Right,0,0,0,0,0.0000,200.000,0,0.000,0,127.500,71.914,4.500,0.0300,0.0000,-20.00,antimatter,60,450;300;200;100;50,2,6,1.5,2.5,100,-10,5,250,40,5,250,60,1,8,11,0,0.06,4,0.5,50,8,5
37,1,60,FrameTimeStutter,6.000,antimatter,practice,2026-08-31T17:32:23.9802087-04:00,2,324,5.40503,16.7167,2109.71,1440.59,0.000,0.000,-1.2137,9.2398,-2.3744,Right,0,0,0,0,0.0000,200.000,0,0.000,0,127.500,71.914,4.500,0.0300,0.0000,-20.00,antimatter,60,450;300;200;100;50,2,6,1.5,2.5,100,-10,5,250,40,5,250,60,1,8,11,0,0.06,4,0.5,50,8,5
37,1,60,FrameTimeStutter,6.000,antimatter,practice,2026-08-31T17:32:23.9802087-04:00,2,325,5.42241,17.3766,2109.71,1440.59,0.000,0.000,-1.2137,9.2398,-2.3744,Right,0,0,0,0,0.0000,200.000,0,0.000,0,127.500,71.914,4.500,0.0300,0.0000,-20.00,antimatter,60,450;300;200;100;50,2,6,1.5,2.5,100,-10,5,250,40,5,250,60,1,8,11,0,0.06,4,0.5,50,8,5
37,1,60,FrameTimeStutter,6.000,antimatter,practice,2026-08-31T17:32:23.9802087-04:00,2,326,5.43835,15.9453,2109.71,1440.59,0.000,0.000,-1.2137,9.2398,-2.3744,Right,0,0,0,0,0.0000,200.000,0,0.000,0,127.500,71.914,4.500,0.0300,0.0000,-20.00,antimatter,60,450;300;200;100;50,2,6,1.5,2.5,100,-10,5,250,40,5,250,60,1,8,11,0,0.06,4,0.5,50,8,5
37,1,60,FrameTimeStutter,6.000,antimatter,practice,2026-08-31T17:32:23.9802087-04:00,2,327,5.45535,17.0036,2109.71,1440.59,0.000,0.000,-1.2137,9.2398,-2.3744,Right,0,0,0,0,0.0000,200.000,0,0.000,0,127.500,71.914,4.500,0.0300,0.0000,-20.00,antimatter,60,450;300;200;100;50,2,6,1.5,2.5,100,-10,5,250,40,5,250,60,1,8,11,0,0.06,4,0.5,50,8,5
37,1,60,FrameTimeStutter,6.000,antimatter,practice,2026-08-31T17:32:23.9802087-04:00,2,328,5.47160,16.2479,2109.71,1440.59,0.000,0.000,-1.2137,9.2398,-2.3744,Right,0,0,0,0,0.0000,200.000,0,0.000,0,127.500,71.914,4.500,0.0300,0.0000,-20.00,antimatter,60,450;300;200;100;50,2,6,1.5,2.5,100,-10,5,250,40,5,250,60,1,8,11,0,0.06,4,0.5,50,8,5
37,1,60,FrameTimeStutter,6.000,antimatter,practice,2026-08-31T17:32:23.9802087-04:00,2,329,5.48848,16.8790,2109.71,1440.59,0.000,0.000,-1.2137,9.2398,-2.3744,Right,0,0,0,0,0.0000,200.000,0,0.000,0,127.500,71.914,4.500,0.0300,0.0000,-20.00,antimatter,60,450;300;200;100;50,2,6,1.5,2.5,100,-10,5,250,40,5,250,60,1,8,11,0,0.06,4,0.5,50,8,5
37,1,60,FrameTimeStutter,6.000,antimatter,practice,2026-08-31T17:32:23.9802087-04:00,2,330,5.50534,16.8598,2109.71,1440.59,0.000,0.000,-1.2137,9.2398,-2.3744,Right,0,0,0,0,0.0000,200.000,0,0.000,0,127.500,71.914,4.500,0.0300,0.0000,-20.00,antimatter,60,450;300;200;100;50,2,6,1.5,2.5,100,-10,5,250,40,5,250,60,1,8,11,0,0.06,4,0.5,50,8,5
37,1,60,FrameTimeStutter,6.000,antimatter,practice,2026-08-31T17:32:23.9802087-04:00,2,331,5.52240,17.0620,2109.71,1440.59,0.000,0.000,-1.2137,9.2398,-2.3744,Right,0,0,0,0,0.0000,200.000,0,0.000,0,127.500,71.914,4.500,0.0300,0.0000,-20.00,antimatter,60,450;300;200;100;50,2,6,1.5,2.5,100,-10,5,250,40,5,250,60,1,8,11,0,0.06,4,0.5,50,8,5
37,1,60,FrameTimeStutter,6.000,antimatter,practice,2026-08-31T17:32:23.9802087-04:00,2,332,5.53833,15.9290,2109.71,1440.59,0.000,0.000,-1.2137,9.2398,-2.3744,Right,0,0,0,0,0.0000,200.000,0,0.000,0,127.500,71.914,4.500,0.0300,0.0000,-20.00,antimatter,60,450;300;200;100;50,2,6,1.5,2.5,100,-10,5,250,40,5,250,60,1,8,11,0,0.06,4,0.5,50,8,5
37,1,60,FrameTimeStutter,6.000,antimatter,practice,2026-08-31T17:32:23.9802087-04:00,2,333,5.55494,16.6037,2109.71,1440.59,0.000,0.000,-1.2137,9.2398,-2.3744,Right,0,0,0,0,0.0000,200.000,0,0.000,0,127.500,71.914,4.500,0.0300,0.0000,-20.00,antimatter,60,450;300;200;100;50,2,6,1.5,2.5,100,-10,5,250,40,5,250,60,1,8,11,0,0.06,4,0.5,50,8,5
37,1,60,FrameTimeStutter,6.000,antimatter,practice,2026-08-31T17:32:23.9802087-04:00,2,334,5.57276,17.8245,2109.71,1440.59,0.000,0.000,-1.2137,9.2398,-2.3744,Right,0,0,0,0,0.0000,200.000,0,0.000,0,127.500,71.914,4.500,0.0300,0.0000,-20.00,antimatter,60,450;300;200;100;50,2,6,1.5,2.5,100,-10,5,250,40,5,250,60,1,8,11,0,0.06,4,0.5,50,8,5
37,1,60,FrameTimeStutter,6.000,antimatter,practice,2026-08-31T17:32:23.9802087-04:00,2,335,5.58878,16.0239,2109.71,1440.59,0.000,0.000,-1.2137,9.2398,-2.3744,Right,0,0,0,0,0.0000,200.000,0,0.000,0,127.500,71.914,4.500,0.0300,0.0000,-20.00,antimatter,60,450;300;200;100;50,2,6,1.5,2.5,100,-10,5,250,40,5,250,60,1,8,11,0,0.06,4,0.5,50,8,5
37,1,60,FrameTimeStutter,6.000,antimatter,practice,2026-08-31T17:32:23.9802087-04:00,2,336,5.60524,16.4544,2109.71,1440.59,0.000,0.000,-1.2137,9.2398,-2.3744,Right,0,0,0,0,0.0000,200.000,0,0.000,0,127.500,71.914,4.500,0.0300,0.0000,-20.00,antimatter,60,450;300;200;100;50,2,6,1.5,2.5,100,-10,5,250,40,5,250,60,1,8,11,0,0.06,4,0.5,50,8,5
37,1,60,FrameTimeStutter,6.000,antimatter,practice,2026-08-31T17:32:23.9802087-04:00,2,337,5.62202,16.7787,2109.71,1440.59,0.000,0.000,-1.2137,9.2398,-2.3744,Right,0,0,0,0,0.0000,200.000,0,0.000,0,127.500,71.914,4.500,0.0300,0.0000,-20.00,antimatter,60,450;300;200;100;50,2,6,1.5,2.5,100,-10,5,250,40,5,250,60,1,8,11,0,0.06,4,0.5,50,8,5
37,1,60,FrameTimeStutter,6.000,antimatter,practice,2026-08-31T17:32:23.9802087-04:00,2,338,5.63830,16.2876,2109.71,1440.59,0.000,0.000,-1.2137,9.2398,-2.3744,Right,0,0,0,0,0.0000,200.000,0,0.000,0,127.500,71.914,4.500,0.0300,0.0000,-20.00,antimatter,60,450;300;200;100;50,2,6,1.5,2.5,100,-10,5,250,40,5,250,60,1,8,11,0,0.06,4,0.5,50,8,5
37,1,60,FrameTimeStutter,6.000,antimatter,practice,2026-08-31T17:32:23.9802087-04:00,2,339,5.65504,16.7376,2109.71,1440.59,0.000,0.000,-1.2137,9.2398,-2.3744,Right,0,0,0,0,0.0000,200.000,0,0.000,0,127.500,71.914,4.500,0.0300,0.0000,-20.00,antimatter,60,450;300;200;100;50,2,6,1.5,2.5,100,-10,5,250,40,5,250,60,1,8,11,0,0.06,4,0.5,50,8,5
37,1,60,FrameTimeStutter,6.000,antimatter,practice,2026-08-31T17:32:23.9802087-04:00,2,340,5.67165,16.6071,2109.71,1440.59,0.000,0.000,-1.2137,9.2398,-2.3744,Right,0,0,0,0,0.0000,200.000,0,0.000,0,127.500,71.914,4.500,0.0300,0.0000,-20.00,antimatter,60,450;300;200;100;50,2,6,1.5,2.5,100,-10,5,250,40,5,250,60,1,8,11,0,0.06,4,0.5,50,8,5
37,1,60,FrameTimeStutter,6.000,antimatter,practice,2026-08-31T17:32:23.9802087-04:00,2,341,5.68827,16.6250,2109.71,1440.59,0.000,0.000,-1.2137,9.2398,-2.3744,Right,0,0,0,0,0.0000,200.000,0,0.000,0,127.500,71.914,4.500,0.0300,0.0000,-20.00,antimatter,60,450;300;200;100;50,2,6,1.5,2.5,100,-10,5,250,40,5,250,60,1,8,11,0,0.06,4,0.5,50,8,5
37,1,60,FrameTimeStutter,6.000,antimatter,practice,2026-08-31T17:32:23.9802087-04:00,2,342,5.70585,17.5728,2109.71,1440.59,0.000,0.000,-1.2137,9.2398,-2.3744,Right,0,0,0,0,0.0000,200.000,0,0.000,0,127.500,71.914,4.500,0.0300,0.0000,-20.00,antimatter,60,450;300;200;100;50,2,6,1.5,2.5,100,-10,5,250,40,5,250,60,1,8,11,0,0.06,4,0.5,50,8,5
37,1,60,FrameTimeStutter,6.000,antimatter,practice,2026-08-31T17:32:23.9802087-04:00,2,343,5.72332,17.4773,2109.71,1440.59,0.000,0.000,-1.2137,9.2398,-2.3744,Right,0,0,0,0,0.0000,200.000,0,0.000,0,127.500,71.914,4.500,0.0300,0.0000,-20.00,antimatter,60,450;300;200;100;50,2,6,1.5,2.5,100,-10,5,250,40,5,250,60,1,8,11,0,0.06,4,0.5,50,8,5
37,1,60,FrameTimeStutter,6.000,antimatter,practice,2026-08-31T17:32:23.9802087-04:00,2,344,5.73872,15.3938,2109.71,1440.59,0.000,0.000,-1.2137,9.2398,-2.3744,Right,0,0,0,0,0.0000,200.000,0,0.000,0,127.500,71.914,4.500,0.0300,0.0000,-20.00,antimatter,60,450;300;200;100;50,2,6,1.5,2.5,100,-10,5,250,40,5,250,60,1,8,11,0,0.06,4,0.5,50,8,5
37,1,60,FrameTimeStutter,6.000,antimatter,practice,2026-08-31T17:32:23.9802087-04:00,2,345,5.75514,16.4210,2109.71,1440.59,0.000,0.000,-1.2137,9.2398,-2.3744,Right,0,0,0,0,0.0000,200.000,0,0.000,0,127.500,71.914,4.500,0.0300,0.0000,-20.00,antimatter,60,450;300;200;100;50,2,6,1.5,2.5,100,-10,5,250,40,5,250,60,1,8,11,0,0.06,4,0.5,50,8,5
37,1,60,FrameTimeStutter,6.000,antimatter,practice,2026-08-31T17:32:23.9802087-04:00,2,346,5.77154,16.4051,2109.71,1440.59,0.000,0.000,-1.2137,9.2398,-2.3744,Right,0,0,0,0,0.0000,200.000,0,0.000,0,127.500,71.914,4.500,0.0300,0.0000,-20.00,antimatter,60,450;300;200;100;50,2,6,1.5,2.5,100,-10,5,250,40,5,250,60,1,8,11,0,0.06,4,0.5,50,8,5
37,1,60,FrameTimeStutter,6.000,antimatter,practice,2026-08-31T17:32:23.9802087-04:00,2,347,5.78860,17.0607,2109.71,1440.59,0.000,0.000,-1.2137,9.2398,-2.3744,Right,0,0,0,0,0.0000,200.000,0,0.000,0,127.500,71.914,4.500,0.0300,0.0000,-20.00,antimatter,60,450;300;200;100;50,2,6,1.5,2.5,100,-10,5,250,40,5,250,60,1,8,11,0,0.06,4,0.5,50,8,5
37,1,60,FrameTimeStutter,6.000,antimatter,practice,2026-08-31T17:32:23.9802087-04:00,2,348,5.80552,16.9129,2109.71,1440.59,0.000,0.000,-1.2137,9.2398,-2.3744,Right,0,0,0,0,0.0000,200.000,0,0.000,0,127.500,71.914,4.500,0.0300,0.0000,-20.00,antimatter,60,450;300;200;100;50,2,6,1.5,2.5,100,-10,5,250,40,5,250,60,1,8,11,0,0.06,4,0.5,50,8,5
37,1,60,FrameTimeStutter,6.000,antimatter,practice,2026-08-31T17:32:23.9802087-04:00,2,349,5.82209,16.5707,2109.71,1440.59,0.000,0.000,-1.2137,9.2398,-2.3744,Right,0,0,0,0,0.0000,200.000,0,0.000,0,127.500,71.914,4.500,0.0300,0.0000,-20.00,antimatter,60,450;300;200;100;50,2,6,1.5,2.5,100,-10,5,250,40,5,250,60,1,8,11,0,0.06,4,0.5,50,8,5
37,1,60,FrameTimeStutter,6.000,antimatter,practice,2026-08-31T17:32:23.9802087-04:00,2,350,5.83843,16.3420,2109.71,1440.59,0.000,0.000,-1.2137,9.2398,-2.3744,Right,0,0,0,0,0.0000,200.000,0,0.000,0,127.500,71.914,4.500,0.0300,0.0000,-20.00,antimatter,60,450;300;200;100;50,2,6,1.5,2.5,100,-10,5,250,40,5,250,60,1,8,11,0,0.06,4,0.5,50,8,5
37,1,60,FrameTimeStutter,6.000,antimatter,practice,2026-08-31T17:32:23.9802087-04:00,2,351,5.85503,16.5964,2109.71,1440.59,0.000,0.000,-1.2137,9.2398,-2.3744,Right,0,0,0,0,0.0000,200.000,0,0.000,0,127.500,71.914,4.500,0.0300,0.0000,-20.00,antimatter,60,450;300;200;100;50,2,6,1.5,2.5,100,-10,5,250,40,5,250,60,1,8,11,0,0.06,4,0.5,50,8,5
37,1,60,FrameTimeStutter,6.000,antimatter,practice,2026-08-31T17:32:23.9802087-04:00,2,352,5.87222,17.1986,2109.71,1440.59,0.000,0.000,-1.2137,9.2398,-2.3744,Right,0,0,0,0,0.0000,200.000,0,0.000,0,127.500,71.914,4.500,0.0300,0.0000,-20.00,antimatter,60,450;300;200;100;50,2,6,1.5,2.5,100,-10,5,250,40,5,250,60,1,8,11,0,0.06,4,0.5,50,8,5
37,1,60,FrameTimeStutter,6.000,antimatter,practice,2026-08-31T17:32:23.9802087-04:00,2,353,5.88889,16.6638,2109.71,1440.59,0.000,0.000,-1.2137,9.2398,-2.3744,Right,0,0,0,0,0.0000,200.000,0,0.000,0,127.500,71.914,4.500,0.0300,0.0000,-20.00,antimatter,60,450;300;200;100;50,2,6,1.5,2.5,100,-10,5,250,40,5,250,60,1,8,11,0,0.06,4,0.5,50,8,5
37,1,60,FrameTimeStutter,6.000,antimatter,practice,2026-08-31T17:32:23.9802087-04:00,2,354,5.90572,16.8302,2109.71,1440.59,0.000,0.000,-1.2137,9.2398,-2.3744,Right,0,0,0,0,0.0000,200.000,0,0.000,0,127.500,71.914,4.500,0.0300,0.0000,-20.00,antimatter,60,450;300;200;100;50,2,6,1.5,2.5,100,-10,5,250,40,5,250,60,1,8,11,0,0.06,4,0.5,50,8,5
37,1,60,FrameTimeStutter,6.000,antimatter,practice,2026-08-31T17:32:23.9802087-04:00,2,355,5.92197,16.2470,2109.71,1440.59,0.000,0.000,-1.2137,9.2398,-2.3744,Right,0,0,0,0,0.0000,200.000,0,0.000,0,127.500,71.914,4.500,0.0300,0.0000,-20.00,antimatter,60,450;300;200;100;50,2,6,1.5,2.5,100,-10,5,250,40,5,250,60,1,8,11,0,0.06,4,0.5,50,8,5
37,1,60,FrameTimeStutter,6.000,antimatter,practice,2026-08-31T17:32:23.9802087-04:00,2,356,5.93930,17.3337,2109.71,1440.59,0.000,0.000,-1.2137,9.2398,-2.3744,Right,0,0,0,0,0.0000,200.000,0,0.000,0,127.500,71.914,4.500,0.0300,0.0000,-20.00,antimatter,60,450;300;200;100;50,2,6,1.5,2.5,100,-10,5,250,40,5,250,60,1,8,11,0,0.06,4,0.5,50,8,5
37,1,60,FrameTimeStutter,6.000,antimatter,practice,2026-08-31T17:32:23.9802087-04:00,2,357,5.95563,16.3256,2109.71,1440.59,0.000,0.000,-1.2137,9.2398,-2.3744,Right,0,0,0,0,0.0000,200.000,0,0.000,0,127.500,71.914,4.500,0.0300,0.0000,-20.00,antimatter,60,450;300;200;100;50,2,6,1.5,2.5,100,-10,5,250,40,5,250,60,1,8,11,0,0.06,4,0.5,50,8,5
37,1,60,FrameTimeStutter,6.000,antimatter,practice,2026-08-31T17:32:23.9802087-04:00,2,358,5.97151,15.8827,2109.71,1440.59,0.000,0.000,-1.2137,9.2398,-2.3744,Right,0,0,0,0,0.0000,200.000,0,0.000,0,127.500,71.914,4.500,0.0300,0.0000,-20.00,antimatter,60,450;300;200;100;50,2,6,1.5,2.5,100,-10,5,250,40,5,250,60,1,8,11,0,0.06,4,0.5,50,8,5
37,1,60,FrameTimeStutter,6.000,antimatter,practice,2026-08-31T17:32:23.9802087-04:00,2,359,5.98849,16.9862,2109.71,1440.59,0.000,0.000,-1.2137,9.2398,-2.3744,Right,0,0,0,0,0.0000,200.000,0,0.000,0,127.500,71.914,4.500,0.0300,0.0000,-20.00,antimatter,60,450;300;200;100;50,2,6,1.5,2.5,100,-10,5,250,40,5,250,60,1,8,11,0,0.06,4,0.5,50,8,5
37,1,60,FrameTimeStutter,6.000,antimatter,practice,2026-08-31T17:32:23.9802087-04:00,2,360,6.00500,16.5066,2109.71,1440.59,0.000,0.000,-1.2137,9.2398,-2.3744,Right,0,0,0,0,0.0000,200.000,0,0.000,0,127.500,71.914,4.500,0.0300,0.0000,-20.00,antimatter,60,450;300;200;100;50,2,6,1.5,2.5,100,-10,5,250,40,5,250,60,1,8,11,0,0.06,4,0.5,50,8,5
37,1,60,FrameTimeStutter,6.000,antimatter,practice,2026-08-31T17:32:23.9802087-04:00,2,361,6.02180,16.8042,2109.71,1440.59,0.000,0.000,-1.2137,9.2398,-2.3744,Right,0,0,0,0,0.0000,200.000,0,0.000,0,127.500,71.914,4.500,0.0300,0.0000,-20.00,antimatter,60,450;300;200;100;50,2,6,1.5,2.5,100,-10,5,250,40,5,250,60,1,8,11,0,0.06,4,0.5,50,8,5
37,1,60,FrameTimeStutter,6.000,antimatter,practice,2026-08-31T17:32:23.9802087-04:00,2,362,6.03835,16.5470,2109.71,1440.59,0.000,0.000,-1.2137,9.2398,-2.3744,Right,0,0,0,0,0.0000,200.000,0,0.000,0,127.500,71.914,4.500,0.0300,0.0000,-20.00,antimatter,60,450;300;200;100;50,2,6,1.5,2.5,100,-10,5,250,40,5,250,60,1,8,11,0,0.06,4,0.5,50,8,5
37,1,60,FrameTimeStutter,6.000,antimatter,practice,2026-08-31T17:32:23.9802087-04:00,2,363,6.05520,16.8503,2109.71,1440.59,0.000,0.000,-1.2137,9.2398,-2.3744,Right,0,0,0,0,0.0000,200.000,0,0.000,0,127.500,71.914,4.500,0.0300,0.0000,-20.00,antimatter,60,450;300;200;100;50,2,6,1.5,2.5,100,-10,5,250,40,5,250,60,1,8,11,0,0.06,4,0.5,50,8,5
37,1,60,FrameTimeStutter,6.000,antimatter,practice,2026-08-31T17:32:23.9802087-04:00,2,364,6.07177,16.5653,2109.71,1440.59,0.000,0.000,-1.2137,9.2398,-2.3744,Right,0,0,0,0,0.0000,200.000,0,0.000,0,127.500,71.914,4.500,0.0300,0.0000,-20.00,antimatter,60,450;300;200;100;50,2,6,1.5,2.5,100,-10,5,250,40,5,250,60,1,8,11,0,0.06,4,0.5,50,8,5
37,1,60,FrameTimeStutter,6.000,antimatter,practice,2026-08-31T17:32:23.9802087-04:00,2,365,6.08843,16.6651,2109.71,1440.59,0.000,0.000,-1.2137,9.2398,-2.3744,Right,0,0,0,0,0.0000,200.000,0,0.000,0,127.500,71.914,4.500,0.0300,0.0000,-20.00,antimatter,60,450;300;200;100;50,2,6,1.5,2.5,100,-10,5,250,40,5,250,60,1,8,11,0,0.06,4,0.5,50,8,5
37,1,60,FrameTimeStutter,6.000,antimatter,practice,2026-08-31T17:32:23.9802087-04:00,2,366,6.10506,16.6285,2109.71,1440.59,0.000,0.000,-1.2137,9.2398,-2.3744,Right,0,0,0,0,0.0000,200.000,0,0.000,0,127.500,71.914,4.500,0.0300,0.0000,-20.00,antimatter,60,450;300;200;100;50,2,6,1.5,2.5,100,-10,5,250,40,5,250,60,1,8,11,0,0.06,4,0.5,50,8,5
37,1,60,FrameTimeStutter,6.000,antimatter,practice,2026-08-31T17:32:23.9802087-04:00,2,367,6.12245,17.3917,2109.71,1440.59,0.000,0.000,-1.2137,9.2398,-2.3744,Right,0,0,0,0,0.0000,200.000,0,0.000,0,127.500,71.914,4.500,0.0300,0.0000,-20.00,antimatter,60,450;300;200;100;50,2,6,1.5,2.5,100,-10,5,250,40,5,250,60,1,8,11,0,0.06,4,0.5,50,8,5
37,1,60,FrameTimeStutter,6.000,antimatter,practice,2026-08-31T17:32:23.9802087-04:00,2,368,6.13895,16.4925,2109.71,1440.59,0.000,0.000,-1.2137,9.2398,-2.3744,Right,0,0,0,0,0.0000,200.000,0,0.000,0,127.500,71.914,4.500,0.0300,0.0000,-20.00,antimatter,60,450;300;200;100;50,2,6,1.5,2.5,100,-10,5,250,40,5,250,60,1,8,11,0,0.06,4,0.5,50,8,5
37,1,60,FrameTimeStutter,6.000,antimatter,practice,2026-08-31T17:32:23.9802087-04:00,2,369,6.15578,16.8335,2109.71,1440.59,0.000,0.000,-1.2137,9.2398,-2.3744,Right,0,0,0,0,0.0000,200.000,0,0.000,0,127.500,71.914,4.500,0.0300,0.0000,-20.00,antimatter,60,450;300;200;100;50,2,6,1.5,2.5,100,-10,5,250,40,5,250,60,1,8,11,0,0.06,4,0.5,50,8,5
37,1,60,FrameTimeStutter,6.000,antimatter,practice,2026-08-31T17:32:23.9802087-04:00,2,370,6.17200,16.2202,2109.71,1440.59,0.000,0.000,-1.2137,9.2398,-2.3744,Right,0,0,0,0,0.0000,200.000,0,0.000,0,127.500,71.914,4.500,0.0300,0.0000,-20.00,antimatter,60,450;300;200;100;50,2,6,1.5,2.5,100,-10,5,250,40,5,250,60,1,8,11,0,0.06,4,0.5,50,8,5
37,1,60,FrameTimeStutter,6.000,antimatter,practice,2026-08-31T17:32:23.9802087-04:00,2,371,6.18841,16.4055,2109.71,1440.59,0.000,0.000,-1.2137,9.2398,-2.3744,Right,0,0,0,0,0.0000,200.000,0,0.000,0,127.500,71.914,4.500,0.0300,0.0000,-20.00,antimatter,60,450;300;200;100;50,2,6,1.5,2.5,100,-10,5,250,40,5,250,60,1,8,11,0,0.06,4,0.5,50,8,5
37,1,60,FrameTimeStutter,6.000,antimatter,practice,2026-08-31T17:32:23.9802087-04:00,2,372,6.20556,17.1511,2109.71,1440.59,0.000,0.000,-1.2137,9.2398,-2.3744,Right,0,0,0,0,0.0000,200.000,0,0.000,0,127.500,71.914,4.500,0.0300,0.0000,-20.00,antimatter,60,450;300;200;100;50,2,6,1.5,2.5,100,-10,5,250,40,5,250,60,1,8,11,0,0.06,4,0.5,50,8,5
37,1,60,FrameTimeStutter,6.000,antimatter,practice,2026-08-31T17:32:23.9802087-04:00,2,373,6.22225,16.6924,2109.71,1440.59,0.000,0.000,-1.2137,9.2398,-2.3744,Right,0,0,0,0,0.0000,200.000,0,0.000,0,127.500,71.914,4.500,0.0300,0.0000,-20.00,antimatter,60,450;300;200;100;50,2,6,1.5,2.5,100,-10,5,250,40,5,250,60,1,8,11,0,0.06,4,0.5,50,8,5
37,1,60,FrameTimeStutter,6.000,antimatter,practice,2026-08-31T17:32:23.9802087-04:00,2,374,6.23834,16.0910,2109.71,1440.59,0.000,0.000,-1.2137,9.2398,-2.3744,Right,0,0,0,0,0.0000,200.000,0,0.000,0,127.500,71.914,4.500,0.0300,0.0000,-20.00,antimatter,60,450;300;200;100;50,2,6,1.5,2.5,100,-10,5,250,40,5,250,60,1,8,11,0,0.06,4,0.5,50,8,5
37,1,60,FrameTimeStutter,6.000,antimatter,practice,2026-08-31T17:32:23.9802087-04:00,2,375,6.25510,16.7580,2109.71,1440.59,0.000,0.000,-1.2137,9.2398,-2.3744,Right,0,0,0,0,0.0000,200.000,0,0.000,0,127.500,71.914,4.500,0.0300,0.0000,-20.00,antimatter,60,450;300;200;100;50,2,6,1.5,2.5,100,-10,5,250,40,5,250,60,1,8,11,0,0.06,4,0.5,50,8,5
37,1,60,FrameTimeStutter,6.000,antimatter,practice,2026-08-31T17:32:23.9802087-04:00,2,376,6.27167,16.5717,2109.71,1440.59,0.000,0.000,-1.2137,9.2398,-2.3744,Right,0,0,0,0,0.0000,200.000,0,0.000,0,127.500,71.914,4.500,0.0300,0.0000,-20.00,antimatter,60,450;300;200;100;50,2,6,1.5,2.5,100,-10,5,250,40,5,250,60,1,8,11,0,0.06,4,0.5,50,8,5
37,1,60,FrameTimeStutter,6.000,antimatter,practice,2026-08-31T17:32:23.9802087-04:00,2,377,6.28851,16.8413,2109.71,1440.59,0.000,0.000,-1.2137,9.2398,-2.3744,Right,0,0,0,0,0.0000,200.000,0,0.000,0,127.500,71.914,4.500,0.0300,0.0000,-20.00,antimatter,60,450;300;200;100;50,2,6,1.5,2.5,100,-10,5,250,40,5,250,60,1,8,11,0,0.06,4,0.5,50,8,5
37,1,60,FrameTimeStutter,6.000,antimatter,practice,2026-08-31T17:32:23.9802087-04:00,2,378,6.30530,16.7939,2109.71,1440.59,0.000,0.000,-1.2137,9.2398,-2.3744,Right,0,0,0,0,0.0000,200.000,0,0.000,0,127.500,71.914,4.500,0.0300,0.0000,-20.00,antimatter,60,450;300;200;100;50,2,6,1.5,2.5,100,-10,5,250,40,5,250,60,1,8,11,0,0.06,4,0.5,50,8,5
37,1,60,FrameTimeStutter,6.000,antimatter,practice,2026-08-31T17:32:23.9802087-04:00,2,379,6.32157,16.2625,2109.71,1440.59,0.000,0.000,-1.2137,9.2398,-2.3744,Right,0,0,0,0,0.0000,200.000,0,0.000,0,127.500,71.914,4.500,0.0300,0.0000,-20.00,antimatter,60,450;300;200;100;50,2,6,1.5,2.5,100,-10,5,250,40,5,250,60,1,8,11,0,0.06,4,0.5,50,8,5
37,1,60,FrameTimeStutter,6.000,antimatter,practice,2026-08-31T17:32:23.9802087-04:00,2,380,6.33846,16.8894,2109.71,1440.59,0.000,0.000,-1.2137,9.2398,-2.3744,Right,0,0,0,0,0.0000,200.000,0,0.000,0,127.500,71.914,4.500,0.0300,0.0000,-20.00,antimatter,60,450;300;200;100;50,2,6,1.5,2.5,100,-10,5,250,40,5,250,60,1,8,11,0,0.06,4,0.5,50,8,5
37,1,60,FrameTimeStutter,6.000,antimatter,practice,2026-08-31T17:32:23.9802087-04:00,2,381,6.35495,16.4952,2109.71,1440.59,0.000,0.000,-1.2137,9.2398,-2.3744,Right,0,0,0,0,0.0000,200.000,0,0.000,0,127.500,71.914,4.500,0.0300,0.0000,-20.00,antimatter,60,450;300;200;100;50,2,6,1.5,2.5,100,-10,5,250,40,5,250,60,1,8,11,0,0.06,4,0.5,50,8,5
37,1,60,FrameTimeStutter,6.000,antimatter,practice,2026-08-31T17:32:23.9802087-04:00,2,382,6.37197,17.0209,2109.71,1440.59,0.000,0.000,-1.2137,9.2398,-2.3744,Right,0,0,0,0,0.0000,200.000,0,0.000,0,127.500,71.914,4.500,0.0300,0.0000,-20.00,antimatter,60,450;300;200;100;50,2,6,1.5,2.5,100,-10,5,250,40,5,250,60,1,8,11,0,0.06,4,0.5,50,8,5
37,1,60,FrameTimeStutter,6.000,antimatter,practice,2026-08-31T17:32:23.9802087-04:00,2,383,6.38873,16.7601,2109.71,1440.59,0.000,0.000,-1.2137,9.2398,-2.3744,Right,0,0,0,0,0.0000,200.000,0,0.000,0,127.500,71.914,4.500,0.0300,0.0000,-20.00,antimatter,60,450;300;200;100;50,2,6,1.5,2.5,100,-10,5,250,40,5,250,60,1,8,11,0,0.06,4,0.5,50,8,5
37,1,60,FrameTimeStutter,6.000,antimatter,practice,2026-08-31T17:32:23.9802087-04:00,2,384,6.40500,16.2641,2109.71,1440.59,0.000,0.000,-1.2137,9.2398,-2.3744,Right,0,0,0,0,0.0000,200.000,0,0.000,0,127.500,71.914,4.500,0.0300,0.0000,-20.00,antimatter,60,450;300;200;100;50,2,6,1.5,2.5,100,-10,5,250,40,5,250,60,1,8,11,0,0.06,4,0.5,50,8,5
37,1,60,FrameTimeStutter,6.000,antimatter,practice,2026-08-31T17:32:23.9802087-04:00,2,385,6.42221,17.2104,2109.71,1440.59,0.000,0.000,-1.2137,9.2398,-2.3744,Right,0,0,0,0,0.0000,200.000,0,0.000,0,127.500,71.914,4.500,0.0300,0.0000,-20.00,antimatter,60,450;300;200;100;50,2,6,1.5,2.5,100,-10,5,250,40,5,250,60,1,8,11,0,0.06,4,0.5,50,8,5
37,1,60,FrameTimeStutter,6.000,antimatter,practice,2026-08-31T17:32:23.9802087-04:00,2,386,6.43882,16.6092,2109.71,1440.59,0.000,0.000,-1.2137,9.2398,-2.3744,Right,0,0,0,0,0.0000,200.000,0,0.000,0,127.500,71.914,4.500,0.0300,0.0000,-20.00,antimatter,60,450;300;200;100;50,2,6,1.5,2.5,100,-10,5,250,40,5,250,60,1,8,11,0,0.06,4,0.5,50,8,5
37,1,60,FrameTimeStutter,6.000,antimatter,practice,2026-08-31T17:32:23.9802087-04:00,2,387,6.45534,16.5273,2109.71,1440.59,0.000,0.000,-1.2137,9.2398,-2.3744,Right,0,0,0,0,0.0000,200.000,0,0.000,0,127.500,71.914,4.500,0.0300,0.0000,-20.00,antimatter,60,450;300;200;100;50,2,6,1.5,2.5,100,-10,5,250,40,5,250,60,1,8,11,0,0.06,4,0.5,50,8,5
37,1,60,FrameTimeStutter,6.000,antimatter,practice,2026-08-31T17:32:23.9802087-04:00,2,388,6.47221,16.8669,2109.71,1440.59,0.000,0.000,-1.2137,9.2398,-2.3744,Right,0,0,0,0,0.0000,200.000,0,0.000,0,127.500,71.914,4.500,0.0300,0.0000,-20.00,antimatter,60,450;300;200;100;50,2,6,1.5,2.5,100,-10,5,250,40,5,250,60,1,8,11,0,0.06,4,0.5,50,8,5
37,1,60,FrameTimeStutter,6.000,antimatter,practice,2026-08-31T17:32:23.9802087-04:00,2,389,6.48891,16.6978,2109.71,1440.59,0.000,0.000,-1.2137,9.2398,-2.3744,Right,0,0,0,0,0.0000,200.000,0,0.000,0,127.500,71.914,4.500,0.0300,0.0000,-20.00,antimatter,60,450;300;200;100;50,2,6,1.5,2.5,100,-10,5,250,40,5,250,60,1,8,11,0,0.06,4,0.5,50,8,5
37,1,60,FrameTimeStutter,6.000,antimatter,practice,2026-08-31T17:32:23.9802087-04:00,2,390,6.50519,16.2782,2109.71,1440.59,0.000,0.000,-1.2137,9.2398,-2.3744,Right,0,0,0,0,0.0000,200.000,0,0.000,0,127.500,71.914,4.500,0.0300,0.0000,-20.00,antimatter,60,450;300;200;100;50,2,6,1.5,2.5,100,-10,5,250,40,5,250,60,1,8,11,0,0.06,4,0.5,50,8,5
37,1,60,FrameTimeStutter,6.000,antimatter,practice,2026-08-31T17:32:23.9802087-04:00,2,391,6.52214,16.9541,2109.71,1440.59,0.000,0.000,-1.2137,9.2398,-2.3744,Right,0,0,0,0,0.0000,200.000,0,0.000,0,127.500,71.914,4.500,0.0300,0.0000,-20.00,antimatter,60,450;300;200;100;50,2,6,1.5,2.5,100,-10,5,250,40,5,250,60,1,8,11,0,0.06,4,0.5,50,8,5
37,1,60,FrameTimeStutter,6.000,antimatter,practice,2026-08-31T17:32:23.9802087-04:00,2,392,6.53874,16.6036,2109.71,1440.59,0.000,0.000,-1.2137,9.2398,-2.3744,Right,0,0,0,0,0.0000,200.000,0,0.000,0,127.500,71.914,4.500,0.0300,0.0000,-20.00,antimatter,60,450;300;200;100;50,2,6,1.5,2.5,100,-10,5,250,40,5,250,60,1,8,11,0,0.06,4,0.5,50,8,5
37,1,60,FrameTimeStutter,6.000,antimatter,practice,2026-08-31T17:32:23.9802087-04:00,2,393,6.55585,17.1099,2109.71,1440.59,0.000,0.000,-1.2137,9.2398,-2.3744,Right,0,0,0,0,0.0000,200.000,0,0.000,0,127.500,71.914,4.500,0.0300,0.0000,-20.00,antimatter,60,450;300;200;100;50,2,6,1.5,2.5,100,-10,5,250,40,5,250,60,1,8,11,0,0.06,4,0.5,50,8,5
37,1,60,FrameTimeStutter,6.000,antimatter,practice,2026-08-31T17:32:23.9802087-04:00,2,394,6.57194,16.0884,2109.71,1440.59,0.000,0.000,-1.2137,9.2398,-2.3744,Right,0,0,0,0,0.0000,200.000,0,0.000,0,127.500,71.914,4.500,0.0300,0.0000,-20.00,antimatter,60,450;300;200;100;50,2,6,1.5,2.5,100,-10,5,250,40,5,250,60,1,8,11,0,0.06,4,0.5,50,8,5
37,1,60,FrameTimeStutter,6.000,antimatter,practice,2026-08-31T17:32:23.9802087-04:00,2,395,6.58829,16.3485,2109.71,1440.59,0.000,0.000,-1.2137,9.2398,-2.3744,Right,0,0,0,0,0.0000,200.000,0,0.000,0,127.500,71.914,4.500,0.0300,0.0000,-20.00,antimatter,60,450;300;200;100;50,2,6,1.5,2.5,100,-10,5,250,40,5,250,60,1,8,11,0,0.06,4,0.5,50,8,5
37,1,60,FrameTimeStutter,6.000,antimatter,practice,2026-08-31T17:32:23.9802087-04:00,2,396,6.60530,17.0066,2109.71,1440.59,0.000,0.000,-1.2137,9.2398,-2.3744,Right,0,0,0,0,0.0000,200.000,0,0.000,0,127.500,71.914,4.500,0.0300,0.0000,-20.00,antimatter,60,450;300;200;100;50,2,6,1.5,2.5,100,-10,5,250,40,5,250,60,1,8,11,0,0.06,4,0.5,50,8,5
37,1,60,FrameTimeStutter,6.000,antimatter,practice,2026-08-31T17:32:23.9802087-04:00,2,397,6.62163,16.3346,2109.71,1440.59,0.000,0.000,-1.2137,9.2398,-2.3744,Right,0,0,0,0,0.0000,200.000,0,0.000,0,127.500,71.914,4.500,0.0300,0.0000,-20.00,antimatter,60,450;300;200;100;50,2,6,1.5,2.5,100,-10,5,250,40,5,250,60,1,8,11,0,0.06,4,0.5,50,8,5
37,1,60,FrameTimeStutter,6.000,antimatter,practice,2026-08-31T17:32:23.9802087-04:00,2,398,6.63872,17.0842,2109.71,1440.59,0.000,0.000,-1.2137,9.2398,-2.3744,Right,0,0,0,0,0.0000,200.000,0,0.000,0,127.500,71.914,4.500,0.0300,0.0000,-20.00,antimatter,60,450;300;200;100;50,2,6,1.5,2.5,100,-10,5,250,40,5,250,60,1,8,11,0,0.06,4,0.5,50,8,5
37,1,60,FrameTimeStutter,6.000,antimatter,practice,2026-08-31T17:32:23.9802087-04:00,2,399,6.65493,16.2155,2109.71,1440.59,0.000,0.000,-1.2137,9.2398,-2.3744,Right,0,0,0,0,0.0000,200.000,0,0.000,0,127.500,71.914,4.500,0.0300,0.0000,-20.00,antimatter,60,450;300;200;100;50,2,6,1.5,2.5,100,-10,5,250,40,5,250,60,1,8,11,0,0.06,4,0.5,50,8,5
37,1,60,FrameTimeStutter,6.000,antimatter,practice,2026-08-31T17:32:23.9802087-04:00,2,400,6.67182,16.8875,2109.71,1440.59,0.000,0.000,-1.2137,9.2398,-2.3744,Right,0,0,0,0,0.0000,200.000,0,0.000,0,127.500,71.914,4.500,0.0300,0.0000,-20.00,antimatter,60,450;300;200;100;50,2,6,1.5,2.5,100,-10,5,250,40,5,250,60,1,8,11,0,0.06,4,0.5,50,8,5
37,1,60,FrameTimeStutter,6.000,antimatter,practice,2026-08-31T17:32:23.9802087-04:00,2,401,6.68869,16.8733,2109.71,1440.59,0.000,0.000,-1.2137,9.2398,-2.3744,Right,0,0,0,0,0.0000,200.000,0,0.000,0,127.500,71.914,4.500,0.0300,0.0000,-20.00,antimatter,60,450;300;200;100;50,2,6,1.5,2.5,100,-10,5,250,40,5,250,60,1,8,11,0,0.06,4,0.5,50,8,5
37,1,60,FrameTimeStutter,6.000,antimatter,practice,2026-08-31T17:32:23.9802087-04:00,2,402,6.70566,16.9665,2109.71,1440.59,0.000,0.000,-1.2137,9.2398,-2.3744,Right,0,0,0,0,0.0000,200.000,0,0.000,0,127.500,71.914,4.500,0.0300,0.0000,-20.00,antimatter,60,450;300;200;100;50,2,6,1.5,2.5,100,-10,5,250,40,5,250,60,1,8,11,0,0.06,4,0.5,50,8,5
37,1,60,FrameTimeStutter,6.000,antimatter,practice,2026-08-31T17:32:23.9802087-04:00,2,403,6.72175,16.0939,2109.71,1440.59,0.000,0.000,-1.2137,9.2398,-2.3744,Right,0,0,0,0,0.0000,200.000,0,0.000,0,127.500,71.914,4.500,0.0300,0.0000,-20.00,antimatter,60,450;300;200;100;50,2,6,1.5,2.5,100,-10,5,250,40,5,250,60,1,8,11,0,0.06,4,0.5,50,8,5
37,1,60,FrameTimeStutter,6.000,antimatter,practice,2026-08-31T17:32:23.9802087-04:00,2,404,6.73848,16.7260,2109.71,1440.59,0.000,0.000,-1.2137,9.2398,-2.3744,Right,0,0,0,0,0.0000,200.000,0,0.000,0,127.500,71.914,4.500,0.0300,0.0000,-20.00,antimatter,60,450;300;200;100;50,2,6,1.5,2.5,100,-10,5,250,40,5,250,60,1,8,11,0,0.06,4,0.5,50,8,5
37,1,60,FrameTimeStutter,6.000,antimatter,practice,2026-08-31T17:32:23.9802087-04:00,2,405,6.75514,16.6618,2109.71,1440.59,0.000,0.000,-1.2137,9.2398,-2.3744,Right,0,0,0,0,0.0000,200.000,0,0.000,0,127.500,71.914,4.500,0.0300,0.0000,-20.00,antimatter,60,450;300;200;100;50,2,6,1.5,2.5,100,-10,5,250,40,5,250,60,1,8,11,0,0.06,4,0.5,50,8,5
37,1,60,FrameTimeStutter,6.000,antimatter,practice,2026-08-31T17:32:23.9802087-04:00,2,406,6.77208,16.9374,2109.71,1440.59,0.000,0.000,-1.2137,9.2398,-2.3744,Right,0,0,0,0,0.0000,200.000,0,0.000,0,127.500,71.914,4.500,0.0300,0.0000,-20.00,antimatter,60,450;300;200;100;50,2,6,1.5,2.5,100,-10,5,250,40,5,250,60,1,8,11,0,0.06,4,0.5,50,8,5
37,1,60,FrameTimeStutter,6.000,antimatter,practice,2026-08-31T17:32:23.9802087-04:00,2,407,6.78889,16.8089,2109.71,1440.59,0.000,0.000,-1.2137,9.2398,-2.3744,Right,0,0,0,0,0.0000,200.000,0,0.000,0,127.500,71.914,4.500,0.0300,0.0000,-20.00,antimatter,60,450;300;200;100;50,2,6,1.5,2.5,100,-10,5,250,40,5,250,60,1,8,11,0,0.06,4,0.5,50,8,5
37,1,60,FrameTimeStutter,6.000,antimatter,practice,2026-08-31T17:32:23.9802087-04:00,2,408,6.80541,16.5272,2109.71,1440.59,0.000,0.000,-1.2137,9.2398,-2.3744,Right,0,0,0,0,0.0000,200.000,0,0.000,0,127.500,71.914,4.500,0.0300,0.0000,-20.00,antimatter,60,450;300;200;100;50,2,6,1.5,2.5,100,-10,5,250,40,5,250,60,1,8,11,0,0.06,4,0.5,50,8,5
37,1,60,FrameTimeStutter,6.000,antimatter,practice,2026-08-31T17:32:23.9802087-04:00,2,409,6.82215,16.7359,2109.71,1440.59,0.000,0.000,-1.2137,9.2398,-2.3744,Right,0,0,0,0,0.0000,200.000,0,0.000,0,127.500,71.914,4.500,0.0300,0.0000,-20.00,antimatter,60,450;300;200;100;50,2,6,1.5,2.5,100,-10,5,250,40,5,250,60,1,8,11,0,0.06,4,0.5,50,8,5
37,1,60,FrameTimeStutter,6.000,antimatter,practice,2026-08-31T17:32:23.9802087-04:00,2,410,6.83824,16.0936,2109.71,1440.59,0.000,0.000,-1.2137,9.2398,-2.3744,Right,0,0,0,0,0.0000,200.000,0,0.000,0,127.500,71.914,4.500,0.0300,0.0000,-20.00,antimatter,60,450;300;200;100;50,2,6,1.5,2.5,100,-10,5,250,40,5,250,60,1,8,11,0,0.06,4,0.5,50,8,5
37,1,60,FrameTimeStutter,6.000,antimatter,practice,2026-08-31T17:32:23.9802087-04:00,2,411,6.85545,17.2073,2109.71,1440.59,0.000,0.000,-1.2137,9.2398,-2.3744,Right,0,0,0,0,0.0000,200.000,0,0.000,0,127.500,71.914,4.500,0.0300,0.0000,-20.00,antimatter,60,450;300;200;100;50,2,6,1.5,2.5,100,-10,5,250,40,5,250,60,1,8,11,0,0.06,4,0.5,50,8,5
37,1,60,FrameTimeStutter,6.000,antimatter,practice,2026-08-31T17:32:23.9802087-04:00,2,412,6.87218,16.7257,2109.71,1440.59,0.000,0.000,-1.2137,9.2398,-2.3744,Right,0,0,0,0,0.0000,200.000,0,0.000,0,127.500,71.914,4.500,0.0300,0.0000,-20.00,antimatter,60,450;300;200;100;50,2,6,1.5,2.5,100,-10,5,250,40,5,250,60,1,8,11,0,0.06,4,0.5,50,8,5
37,1,60,FrameTimeStutter,6.000,antimatter,practice,2026-08-31T17:32:23.9802087-04:00,2,413,6.88853,16.3537,2109.71,1440.59,0.000,0.000,-1.2137,9.2398,-2.3744,Right,0,0,0,0,0.0000,200.000,0,0.000,0,127.500,71.914,4.500,0.0300,0.0000,-20.00,antimatter,60,450;300;200;100;50,2,6,1.5,2.5,100,-10,5,250,40,5,250,60,1,8,11,0,0.06,4,0.5,50,8,5
37,1,60,FrameTimeStutter,6.000,antimatter,practice,2026-08-31T17:32:23.9802087-04:00,2,414,6.90504,16.5098,2109.71,1440.59,0.000,0.000,-1.2137,9.2398,-2.3744,Right,0,0,0,0,0.0000,200.000,0,0.000,0,127.500,71.914,4.500,0.0300,0.0000,-20.00,antimatter,60,450;300;200;100;50,2,6,1.5,2.5,100,-10,5,250,40,5,250,60,1,8,11,0,0.06,4,0.5,50,8,5
37,1,60,FrameTimeStutter,6.000,antimatter,practice,2026-08-31T17:32:23.9802087-04:00,2,415,6.92233,17.2861,2109.71,1440.59,0.000,0.000,-1.2137,9.2398,-2.3744,Right,0,0,0,0,0.0000,200.000,0,0.000,0,127.500,71.914,4.500,0.0300,0.0000,-20.00,antimatter,60,450;300;200;100;50,2,6,1.5,2.5,100,-10,5,250,40,5,250,60,1,8,11,0,0.06,4,0.5,50,8,5
37,1,60,FrameTimeStutter,6.000,antimatter,practice,2026-08-31T17:32:23.9802087-04:00,2,416,6.93863,16.3013,2109.71,1440.59,0.000,0.000,-1.2137,9.2398,-2.3744,Right,0,0,0,0,0.0000,200.000,0,0.000,0,127.500,71.914,4.500,0.0300,0.0000,-20.00,antimatter,60,450;300;200;100;50,2,6,1.5,2.5,100,-10,5,250,40,5,250,60,1,8,11,0,0.06,4,0.5,50,8,5
37,1,60,FrameTimeStutter,6.000,antimatter,practice,2026-08-31T17:32:23.9802087-04:00,2,417,6.95539,16.7676,2109.71,1440.59,0.000,0.000,-1.2137,9.2398,-2.3744,Right,0,0,0,0,0.0000,200.000,0,0.000,0,127.500,71.914,4.500,0.0300,0.0000,-20.00,antimatter,60,450;300;200;100;50,2,6,1.5,2.5,100,-10,5,250,40,5,250,60,1,8,11,0,0.06,4,0.5,50,8,5
37,1,60,FrameTimeStutter,6.000,antimatter,practice,2026-08-31T17:32:23.9802087-04:00,2,418,6.97198,16.5866,2109.71,1440.59,0.000,0.000,-1.2137,9.2398,-2.3744,Right,0,0,0,0,0.0000,200.000,0,0.000,0,127.500,71.914,4.500,0.0300,0.0000,-20.00,antimatter,60,450;300;200;100;50,2,6,1.5,2.5,100,-10,5,250,40,5,250,60,1,8,11,0,0.06,4,0.5,50,8,5
37,1,60,FrameTimeStutter,6.000,antimatter,practice,2026-08-31T17:32:23.9802087-04:00,2,419,6.98870,16.7134,2109.71,1440.59,0.000,0.000,-1.2137,9.2398,-2.3744,Right,0,0,0,0,0.0000,200.000,0,0.000,0,127.500,71.914,4.500,0.0300,0.0000,-20.00,antimatter,60,450;300;200;100;50,2,6,1.5,2.5,100,-10,5,250,40,5,250,60,1,8,11,0,0.06,4,0.5,50,8,5
37,1,60,FrameTimeStutter,6.000,antimatter,practice,2026-08-31T17:32:23.9802087-04:00,2,420,7.00542,16.7295,2109.71,1440.59,0.000,0.000,-1.2137,9.2398,-2.3744,Right,0,0,0,0,0.0000,200.000,0,0.000,0,127.500,71.914,4.500,0.0300,0.0000,-20.00,antimatter,60,450;300;200;100;50,2,6,1.5,2.5,100,-10,5,250,40,5,250,60,1,8,11,0,0.06,4,0.5,50,8,5
37,1,60,FrameTimeStutter,6.000,antimatter,practice,2026-08-31T17:32:23.9802087-04:00,2,421,7.02180,16.3787,2109.71,1440.59,0.000,0.000,-1.2137,9.2398,-2.3744,Right,0,0,0,0,0.0000,200.000,0,0.000,0,127.500,71.914,4.500,0.0300,0.0000,-20.00,antimatter,60,450;300;200;100;50,2,6,1.5,2.5,100,-10,5,250,40,5,250,60,1,8,11,0,0.06,4,0.5,50,8,5
37,1,60,FrameTimeStutter,6.000,antimatter,practice,2026-08-31T17:32:23.9802087-04:00,2,422,7.03825,16.4450,2109.71,1440.59,0.000,0.000,-1.2137,9.2398,-2.3744,Right,0,0,0,0,0.0000,200.000,0,0.000,0,127.500,71.914,4.500,0.0300,0.0000,-20.00,antimatter,60,450;300;200;100;50,2,6,1.5,2.5,100,-10,5,250,40,5,250,60,1,8,11,0,0.06,4,0.5,50,8,5
37,1,60,FrameTimeStutter,6.000,antimatter,practice,2026-08-31T17:32:23.9802087-04:00,2,423,7.05533,17.0848,2109.71,1440.59,0.000,0.000,-1.2137,9.2398,-2.3744,Right,0,0,0,0,0.0000,200.000,0,0.000,0,127.500,71.914,4.500,0.0300,0.0000,-20.00,antimatter,60,450;300;200;100;50,2,6,1.5,2.5,100,-10,5,250,40,5,250,60,1,8,11,0,0.06,4,0.5,50,8,5
37,1,60,FrameTimeStutter,6.000,antimatter,practice,2026-08-31T17:32:23.9802087-04:00,2,424,7.07221,16.8748,2109.71,1440.59,0.000,0.000,-1.2137,9.2398,-2.3744,Right,0,0,0,0,0.0000,200.000,0,0.000,0,127.500,71.914,4.500,0.0300,0.0000,-20.00,antimatter,60,450;300;200;100;50,2,6,1.5,2.5,100,-10,5,250,40,5,250,60,1,8,11,0,0.06,4,0.5,50,8,5
37,1,60,FrameTimeStutter,6.000,antimatter,practice,2026-08-31T17:32:23.9802087-04:00,2,425,7.08823,16.0274,2109.71,1440.59,0.000,0.000,-1.2137,9.2398,-2.3744,Right,0,0,0,0,0.0000,200.000,0,0.000,0,127.500,71.914,4.500,0.0300,0.0000,-20.00,antimatter,60,450;300;200;100;50,2,6,1.5,2.5,100,-10,5,250,40,5,250,60,1,8,11,0,0.06,4,0.5,50,8,5
37,1,60,FrameTimeStutter,6.000,antimatter,practice,2026-08-31T17:32:23.9802087-04:00,2,426,7.10494,16.7064,2109.71,1440.59,0.000,0.000,-1.2137,9.2398,-2.3744,Right,0,0,0,0,0.0000,200.000,0,0.000,0,127.500,71.914,4.500,0.0300,0.0000,-20.00,antimatter,60,450;300;200;100;50,2,6,1.5,2.5,100,-10,5,250,40,5,250,60,1,8,11,0,0.06,4,0.5,50,8,5
37,1,60,FrameTimeStutter,6.000,antimatter,practice,2026-08-31T17:32:23.9802087-04:00,2,427,7.12198,17.0410,2109.71,1440.59,0.000,0.000,-1.2137,9.2398,-2.3744,Right,0,0,0,0,0.0000,200.000,0,0.000,0,127.500,71.914,4.500,0.0300,0.0000,-20.00,antimatter,60,450;300;200;100;50,2,6,1.5,2.5,100,-10,5,250,40,5,250,60,1,8,11,0,0.06,4,0.5,50,8,5
37,1,60,FrameTimeStutter,6.000,antimatter,practice,2026-08-31T17:32:23.9802087-04:00,2,428,7.13829,16.3063,2109.71,1440.59,0.000,0.000,-1.2137,9.2398,-2.3744,Right,0,0,0,0,0.0000,200.000,0,0.000,0,127.500,71.914,4.500,0.0300,0.0000,-20.00,antimatter,60,450;300;200;100;50,2,6,1.5,2.5,100,-10,5,250,40,5,250,60,1,8,11,0,0.06,4,0.5,50,8,5
37,1,60,FrameTimeStutter,6.000,antimatter,practice,2026-08-31T17:32:23.9802087-04:00,2,429,7.15497,16.6827,2109.71,1440.59,0.000,0.000,-1.2137,9.2398,-2.3744,Right,0,0,0,0,0.0000,200.000,0,0.000,0,127.500,71.914,4.500,0.0300,0.0000,-20.00,antimatter,60,450;300;200;100;50,2,6,1.5,2.5,100,-10,5,250,40,5,250,60,1,8,11,0,0.06,4,0.5,50,8,5
37,1,60,FrameTimeStutter,6.000,antimatter,practice,2026-08-31T17:32:23.9802087-04:00,2,430,7.17168,16.7036,2109.71,1440.59,0.000,0.000,-1.2137,9.2398,-2.3744,Right,0,0,0,0,0.0000,200.000,0,0.000,0,127.500,71.914,4.500,0.0300,0.0000,-20.00,antimatter,60,450;300;200;100;50,2,6,1.5,2.5,100,-10,5,250,40,5,250,60,1,8,11,0,0.06,4,0.5,50,8,5
37,1,60,FrameTimeStutter,6.000,antimatter,practice,2026-08-31T17:32:23.9802087-04:00,2,431,7.18825,16.5700,2109.71,1440.59,0.000,0.000,-1.2137,9.2398,-2.3744,Right,0,0,0,0,0.0000,200.000,0,0.000,0,127.500,71.914,4.500,0.0300,0.0000,-20.00,antimatter,60,450;300;200;100;50,2,6,1.5,2.5,100,-10,5,250,40,5,250,60,1,8,11,0,0.06,4,0.5,50,8,5
37,1,60,FrameTimeStutter,6.000,antimatter,practice,2026-08-31T17:32:23.9802087-04:00,2,432,7.20538,17.1304,2109.71,1440.59,0.000,0.000,-1.2137,9.2398,-2.3744,Right,0,0,0,0,0.0000,200.000,0,0.000,0,127.500,71.914,4.500,0.0300,0.0000,-20.00,antimatter,60,450;300;200;100;50,2,6,1.5,2.5,100,-10,5,250,40,5,250,60,1,8,11,0,0.06,4,0.5,50,8,5
37,1,60,FrameTimeStutter,6.000,antimatter,practice,2026-08-31T17:32:23.9802087-04:00,2,433,7.22228,16.9032,2109.71,1440.59,0.000,0.000,-1.2137,9.2398,-2.3744,Right,0,0,0,0,0.0000,200.000,0,0.000,0,127.500,71.914,4.500,0.0300,0.0000,-20.00,antimatter,60,450;300;200;100;50,2,6,1.5,2.5,100,-10,5,250,40,5,250,60,1,8,11,0,0.06,4,0.5,50,8,5
37,1,60,FrameTimeStutter,6.000,antimatter,practice,2026-08-31T17:32:23.9802087-04:00,2,434,7.23838,16.0968,2109.71,1440.59,0.000,0.000,-1.2137,9.2398,-2.3744,Right,0,0,0,0,0.0000,200.000,0,0.000,0,127.500,71.914,4.500,0.0300,0.0000,-20.00,antimatter,60,450;300;200;100;50,2,6,1.5,2.5,100,-10,5,250,40,5,250,60,1,8,11,0,0.06,4,0.5,50,8,5
37,1,60,FrameTimeStutter,6.000,antimatter,practice,2026-08-31T17:32:23.9802087-04:00,2,435,7.25556,17.1849,2109.71,1440.59,0.000,0.000,-1.2137,9.2398,-2.3744,Right,0,0,0,0,0.0000,200.000,0,0.000,0,127.500,71.914,4.500,0.0300,0.0000,-20.00,antimatter,60,450;300;200;100;50,2,6,1.5,2.5,100,-10,5,250,40,5,250,60,1,8,11,0,0.06,4,0.5,50,8,5
37,1,60,FrameTimeStutter,6.000,antimatter,practice,2026-08-31T17:32:23.9802087-04:00,2,436,7.27247,16.9107,2109.71,1440.59,0.000,0.000,-1.2137,9.2398,-2.3744,Right,0,0,0,0,0.0000,200.000,0,0.000,0,127.500,71.914,4.500,0.0300,0.0000,-20.00,antimatter,60,450;300;200;100;50,2,6,1.5,2.5,100,-10,5,250,40,5,250,60,1,8,11,0,0.06,4,0.5,50,8,5
37,1,60,FrameTimeStutter,6.000,antimatter,practice,2026-08-31T17:32:23.9802087-04:00,2,437,7.28889,16.4168,2109.71,1440.59,0.000,0.000,-1.3307,9.2398,-2.3744,Right,0,0,0,0,0.0000,200.000,0,0.000,0,127.500,71.914,4.500,0.0300,0.0000,-20.00,antimatter,60,450;300;200;100;50,2,6,1.5,2.5,100,-10,5,250,40,5,250,60,1,8,11,0,0.06,4,0.5,50,8,5
37,1,60,FrameTimeStutter,6.000,antimatter,practice,2026-08-31T17:32:23.9802087-04:00,2,438,7.30534,16.4563,2109.71,1440.59,0.000,0.000,-1.4408,9.2398,-2.3744,Right,0,0,0,0,0.0000,200.000,0,0.000,0,127.500,71.914,4.500,0.0300,0.0000,-20.00,antimatter,60,450;300;200;100;50,2,6,1.5,2.5,100,-10,5,250,40,5,250,60,1,8,11,0,0.06,4,0.5,50,8,5
37,1,60,FrameTimeStutter,6.000,antimatter,practice,2026-08-31T17:32:23.9802087-04:00,2,439,7.32196,16.6144,2109.71,1440.59,0.000,0.000,-1.5448,9.2398,-2.3744,Right,0,0,0,0,0.0000,200.000,0,0.000,0,127.500,71.914,4.500,0.0300,0.0000,-20.00,antimatter,60,450;300;200;100;50,2,6,1.5,2.5,100,-10,5,250,40,5,250,60,1,8,11,0,0.06,4,0.5,50,8,5
37,1,60,FrameTimeStutter,6.000,antimatter,practice,2026-08-31T17:32:23.9802087-04:00,2,440,7.33851,16.5521,2109.71,1440.59,0.000,0.000,-1.6416,9.2398,-2.3744,Right,0,0,0,0,0.0000,200.000,0,0.000,0,127.500,71.914,4.500,0.0300,0.0000,-20.00,antimatter,60,450;300;200;100;50,2,6,1.5,2.5,100,-10,5,250,40,5,250,60,1,8,11,0,0.06,4,0.5,50,8,5
37,1,60,FrameTimeStutter,6.000,antimatter,practice,2026-08-31T17:32:23.9802087-04:00,2,441,7.35491,16.3941,2109.71,1440.59,0.000,0.000,-1.7309,9.2398,-2.3744,Right,0,0,0,0,0.0000,200.000,0,0.000,0,127.500,71.914,4.500,0.0300,0.0000,-20.00,antimatter,60,450;300;200;100;50,2,6,1.5,2.5,100,-10,5,250,40,5,250,60,1,8,11,0,0.06,4,0.5,50,8,5
37,1,60,FrameTimeStutter,6.000,antimatter,practice,2026-08-31T17:32:23.9802087-04:00,2,442,7.37284,17.9350,2109.71,1440.59,0.000,0.000,-1.8214,9.2398,-2.3744,Right,0,0,0,0,0.0000,200.000,0,0.000,0,127.500,71.914,4.500,0.0300,0.0000,-20.00,antimatter,60,450;300;200;100;50,2,6,1.5,2.5,100,-10,5,250,40,5,250,60,1,8,11,0,0.06,4,0.5,50,8,5
37,1,60,FrameTimeStutter,6.000,antimatter,practice,2026-08-31T17:32:23.9802087-04:00,2,443,7.38904,16.2041,2109.71,1440.59,0.000,0.000,-1.8970,9.2398,-2.3744,Right,0,0,0,0,0.0000,200.000,0,0.000,0,127.500,71.914,4.500,0.0300,0.0000,-20.00,antimatter,60,450;300;200;100;50,2,6,1.5,2.5,100,-10,5,250,40,5,250,60,1,8,11,0,0.06,4,0.5,50,8,5
37,1,60,FrameTimeStutter,6.000,antimatter,practice,2026-08-31T17:32:23.9802087-04:00,2,444,7.40499,15.9419,2109.71,1440.59,0.000,0.000,-1.9658,9.2398,-2.3744,Right,0,0,0,0,0.0000,200.000,0,0.000,0,127.500,71.914,4.500,0.0300,0.0000,-20.00,antimatter,60,450;300;200;100;50,2,6,1.5,2.5,100,-10,5,250,40,5,250,60,1,8,11,0,0.06,4,0.5,50,8,5
37,1,60,FrameTimeStutter,6.000,antimatter,practice,2026-08-31T17:32:23.9802087-04:00,2,445,7.42156,16.5710,2109.71,1440.59,0.000,0.000,-2.0318,9.2398,-2.3744,Right,0,0,0,0,0.0000,200.000,0,0.000,0,127.500,71.914,4.500,0.0300,0.0000,-20.00,antimatter,60,450;300;200;100;50,2,6,1.5,2.5,100,-10,5,250,40,5,250,60,1,8,11,0,0.06,4,0.5,50,8,5
37,1,60,FrameTimeStutter,6.000,antimatter,practice,2026-08-31T17:32:23.9802087-04:00,2,446,7.43872,17.1630,2109.71,1440.59,0.000,0.000,-2.0944,9.2398,-2.3744,Right,0,0,0,0,0.0000,200.000,0,0.000,0,127.500,71.914,4.500,0.0300,0.0000,-20.00,antimatter,60,450;300;200;100;50,2,6,1.5,2.5,100,-10,5,250,40,5,250,60,1,8,11,0,0.06,4,0.5,50,8,5
37,1,60,FrameTimeStutter,6.000,antimatter,practice,2026-08-31T17:32:23.9802087-04:00,2,447,7.45563,16.9138,2109.71,1440.59,0.000,0.000,-2.1506,9.2398,-2.3744,Right,0,0,0,0,0.0000,200.000,0,0.000,0,127.500,71.914,4.500,0.0300,0.0000,-20.00,antimatter,60,450;300;200;100;50,2,6,1.5,2.5,100,-10,5,250,40,5,250,60,1,8,11,0,0.06,4,0.5,50,8,5
37,1,60,FrameTimeStutter,6.000,antimatter,practice,2026-08-31T17:32:23.9802087-04:00,2,448,7.47166,16.0259,2109.71,1440.59,0.000,0.000,-2.1991,9.2398,-2.3744,Right,0,0,0,0,0.0000,200.000,0,0.000,0,127.500,71.914,4.500,0.0300,0.0000,-20.00,antimatter,60,450;300;200;100;50,2,6,1.5,2.5,100,-10,5,250,40,5,250,60,1,8,11,0,0.06,4,0.5,50,8,5
37,1,60,FrameTimeStutter,6.000,antimatter,practice,2026-08-31T17:32:23.9802087-04:00,2,449,7.48886,17.2025,2109.71,1440.59,0.000,0.000,-2.2462,9.2398,-2.3744,Right,0,0,0,0,0.0000,200.000,0,0.000,0,127.500,71.914,4.500,0.0300,0.0000,-20.00,antimatter,60,450;300;200;100;50,2,6,1.5,2.5,100,-10,5,250,40,5,250,60,1,8,11,0,0.06,4,0.5,50,8,5
37,1,60,FrameTimeStutter,6.000,antimatter,practice,2026-08-31T17:32:23.9802087-04:00,2,450,7.50538,16.5172,2109.71,1440.59,0.000,0.000,-2.2869,9.2398,-2.3744,Right,0,0,0,0,0.0000,200.000,0,0.000,0,127.500,71.914,4.500,0.0300,0.0000,-20.00,antimatter,60,450;300;200;100;50,2,6,1.5,2.5,100,-10,5,250,40,5,250,60,1,8,11,0,0.06,4,0.5,50,8,5
37,1,60,FrameTimeStutter,6.000,antimatter,practice,2026-08-31T17:32:23.9802087-04:00,2,451,7.52240,17.0180,2109.71,1440.59,0.000,0.000,-2.3243,9.2398,-2.3744,Right,0,0,0,0,0.0000,200.000,0,0.000,0,127.500,71.914,4.500,0.0300,0.0000,-20.00,antimatter,60,450;300;200;100;50,2,6,1.5,2.5,100,-10,5,250,40,5,250,60,1,8,11,0,0.06,4,0.5,50,8,5
37,1,60,FrameTimeStutter,6.000,antimatter,practice,2026-08-31T17:32:23.9802087-04:00,2,452,7.53867,16.2693,2109.71,1440.59,0.000,0.000,-2.3562,9.2398,-2.3744,Right,0,0,0,0,0.0000,200.000,0,0.000,0,127.500,71.914,4.500,0.0300,0.0000,-20.00,antimatter,60,450;300;200;100;50,2,6,1.5,2.5,100,-10,5,250,40,5,250,60,1,8,11,0,0.06,4,0.5,50,8,5
37,1,60,FrameTimeStutter,6.000,antimatter,practice,2026-08-31T17:32:23.9802087-04:00,2,453,7.55546,16.7888,2109.71,1440.59,0.000,0.000,-2.3852,9.2398,-2.3744,Right,0,0,0,0,0.0000,200.000,0,0.000,0,127.500,71.914,4.500,0.0300,0.0000,-20.00,antimatter,60,450;300;200;100;50,2,6,1.5,2.5,100,-10,5,250,40,5,250,60,1,8,11,0,0.06,4,0.5,50,8,5
37,1,60,FrameTimeStutter,6.000,antimatter,practice,2026-08-31T17:32:23.9802087-04:00,2,454,7.57193,16.4761,2109.71,1440.59,0.000,0.000,-2.4102,9.2398,-2.3744,Right,0,0,0,0,0.0000,200.000,0,0.000,0,127.500,71.914,4.500,0.0300,0.0000,-20.00,antimatter,60,450;300;200;100;50,2,6,1.5,2.5,100,-10,5,250,40,5,250,60,1,8,11,0,0.06,4,0.5,50,8,5
37,1,60,FrameTimeStutter,6.000,antimatter,practice,2026-08-31T17:32:23.9802087-04:00,2,455,7.58837,16.4340,2109.71,1440.59,0.000,0.000,-2.4318,9.2398,-2.3744,Right,0,0,0,0,0.0000,200.000,0,0.000,0,127.500,71.914,4.500,0.0300,0.0000,-20.00,antimatter,60,450;300;200;100;50,2,6,1.5,2.5,100,-10,5,250,40,5,250,60,1,8,11,0,0.06,4,0.5,50,8,5
37,1,60,FrameTimeStutter,6.000,antimatter,practice,2026-08-31T17:32:23.9802087-04:00,2,456,7.60531,16.9404,2109.71,1440.59,0.000,0.000,-2.4509,9.2398,-2.3744,Right,0,0,0,0,0.0000,200.000,0,0.000,0,127.500,71.914,4.500,0.0300,0.0000,-20.00,antimatter,60,450;300;200;100;50,2,6,1.5,2.5,100,-10,5,250,40,5,250,60,1,8,11,0,0.06,4,0.5,50,8,5
37,1,60,FrameTimeStutter,6.000,antimatter,practice,2026-08-31T17:32:23.9802087-04:00,2,457,7.62156,16.2557,2109.71,1440.59,0.000,0.000,-2.4664,9.2398,-2.3744,Right,0,0,0,0,0.0000,200.000,0,0.000,0,127.500,71.914,4.500,0.0300,0.0000,-20.00,antimatter,60,450;300;200;100;50,2,6,1.5,2.5,100,-10,5,250,40,5,250,60,1,8,11,0,0.06,4,0.5,50,8,5
37,1,60,FrameTimeStutter,6.000,antimatter,practice,2026-08-31T17:32:23.9802087-04:00,2,458,7.63900,17.4373,2109.71,1440.59,0.000,0.000,-2.4803,9.2398,-2.3744,Right,0,0,0,0,0.0000,200.000,0,0.000,0,127.500,71.914,4.500,0.0300,0.0000,-20.00,antimatter,60,450;300;200;100;50,2,6,1.5,2.5,100,-10,5,250,40,5,250,60,1,8,11,0,0.06,4,0.5,50,8,5
37,1,60,FrameTimeStutter,6.000,antimatter,practice,2026-08-31T17:32:23.9802087-04:00,2,459,7.65545,16.4458,2109.71,1440.59,0.000,0.000,-2.4910,9.2398,-2.3744,Right,0,0,0,0,0.0000,200.000,0,0.000,0,127.500,71.914,4.500,0.0300,0.0000,-20.00,antimatter,60,450;300;200;100;50,2,6,1.5,2.5,100,-10,5,250,40,5,250,60,1,8,11,0,0.06,4,0.5,50,8,5
37,1,60,FrameTimeStutter,6.000,antimatter,practice,2026-08-31T17:32:23.9802087-04:00,2,460,7.67224,16.7988,2109.71,1440.59,0.000,0.000,-2.4997,9.2398,-2.3744,Right,0,0,0,0,0.0000,200.000,0,0.000,0,127.500,71.914,4.500,0.0300,0.0000,-20.00,antimatter,60,450;300;200;100;50,2,6,1.5,2.5,100,-10,5,250,40,5,250,60,1,8,11,0,0.06,4,0.5,50,8,5
37,1,60,FrameTimeStutter,6.000,antimatter,practice,2026-08-31T17:32:23.9802087-04:00,2,461,7.68855,16.3070,2109.71,1440.59,0.000,0.000,-2.5063,9.2398,-2.3744,Right,0,0,0,0,0.0000,200.000,0,0.000,0,127.500,71.914,4.500,0.0300,0.0000,-20.00,antimatter,60,450;300;200;100;50,2,6,1.5,2.5,100,-10,5,250,40,5,250,60,1,8,11,0,0.06,4,0.5,50,8,5
37,1,60,FrameTimeStutter,6.000,antimatter,practice,2026-08-31T17:32:23.9802087-04:00,2,462,7.70548,16.9279,2109.71,1440.59,0.000,0.000,-2.5115,9.2398,-2.3744,Right,0,0,0,0,0.0000,200.000,0,0.000,0,127.500,71.914,4.500,0.0300,0.0000,-20.00,antimatter,60,450;300;200;100;50,2,6,1.5,2.5,100,-10,5,250,40,5,250,60,1,8,11,0,0.06,4,0.5,50,8,5
37,1,60,FrameTimeStutter,6.000,antimatter,practice,2026-08-31T17:32:23.9802087-04:00,2,463,7.72240,16.9230,2109.71,1440.59,0.000,0.000,-2.5152,9.2398,-2.3744,Right,0,0,0,0,0.0000,200.000,0,0.000,0,127.500,71.914,4.500,0.0300,0.0000,-20.00,antimatter,60,450;300;200;100;50,2,6,1.5,2.5,100,-10,5,250,40,5,250,60,1,8,11,0,0.06,4,0.5,50,8,5
37,1,60,FrameTimeStutter,6.000,antimatter,practice,2026-08-31T17:32:23.9802087-04:00,2,464,7.73868,16.2809,2109.71,1440.59,0.000,0.000,-2.5176,9.2398,-2.3744,Right,0,0,0,0,0.0000,200.000,0,0.000,0,127.500,71.914,4.500,0.0300,0.0000,-20.00,antimatter,60,450;300;200;100;50,2,6,1.5,2.5,100,-10,5,250,40,5,250,60,1,8,11,0,0.06,4,0.5,50,8,5
37,1,60,FrameTimeStutter,6.000,antimatter,practice,2026-08-31T17:32:23.9802087-04:00,2,465,7.75490,16.2136,2109.71,1440.59,0.000,0.000,-2.5190,9.2398,-2.3744,Right,0,0,0,0,0.0000,200.000,0,0.000,0,127.500,71.914,4.500,0.0300,0.0000,-20.00,antimatter,60,450;300;200;100;50,2,6,1.5,2.5,100,-10,5,250,40,5,250,60,1,8,11,0,0.06,4,0.5,50,8,5
37,1,60,FrameTimeStutter,6.000,antimatter,practice,2026-08-31T17:32:23.9802087-04:00,2,466,7.77185,16.9529,2109.71,1440.59,0.000,0.000,-2.5198,9.2398,-2.3744,Right,0,0,0,0,0.0000,200.000,0,0.000,0,127.500,71.914,4.500,0.0300,0.0000,-20.00,antimatter,60,450;300;200;100;50,2,6,1.5,2.5,100,-10,5,250,40,5,250,60,1,8,11,0,0.06,4,0.5,50,8,5
37,1,60,FrameTimeStutter,6.000,antimatter,practice,2026-08-31T17:32:23.9802087-04:00,2,467,7.78880,16.9486,2109.71,1440.59,0.000,0.000,-2.5201,9.2398,-2.3744,Right,0,0,0,0,0.0000,200.000,0,0.000,0,127.500,71.914,4.500,0.0300,0.0000,-20.00,antimatter,60,450;300;200;100;50,2,6,1.5,2.5,100,-10,5,250,40,5,250,60,1,8,11,0,0.06,4,0.5,50,8,5
37,1,60,FrameTimeStutter,6.000,antimatter,practice,2026-08-31T17:32:23.9802087-04:00,2,468,7.80579,16.9948,2109.71,1440.59,0.000,0.000,-2.5201,9.2398,-2.3744,Right,0,0,0,0,0.0000,200.000,0,0.000,0,127.500,71.914,4.500,0.0300,0.0000,-20.00,antimatter,60,450;300;200;100;50,2,6,1.5,2.5,100,-10,5,250,40,5,250,60,1,8,11,0,0.06,4,0.5,50,8,5
37,1,60,FrameTimeStutter,6.000,antimatter,practice,2026-08-31T17:32:23.9802087-04:00,2,469,7.82191,16.1213,2110.97,1440.59,1.000,0.000,-2.5201,9.2398,12.2945,Right,0,0,0,0,0.0000,200.000,0,0.000,0,127.500,71.914,4.500,0.0300,0.0000,-20.00,antimatter,60,450;300;200;100;50,2,6,1.5,2.5,100,-10,5,250,40,5,250,60,1,8,11,0,0.06,4,0.5,50,8,5
37,1,60,FrameTimeStutter,6.000,antimatter,practice,2026-08-31T17:32:23.9802087-04:00,2,470,7.83866,16.7469,2112.22,1439.33,1.000,-1.000,-2.5019,9.2215,12.2945,Left,0,0,0,0,0.0000,200.000,0,0.000,0,127.500,71.914,4.500,0.0300,0.0000,-20.00,antimatter,60,450;300;200;100;50,2,6,1.5,2.5,100,-10,5,250,40,5,250,60,1,8,11,0,0.06,4,0.5,50,8,5
37,1,60,FrameTimeStutter,6.000,antimatter,practice,2026-08-31T17:32:23.9802087-04:00,2,471,7.85552,16.8614,2114.73,1438.08,2.000,-1.000,-2.4653,9.2032,12.2945,Left,0,0,0,0,0.0000,200.000,0,0.000,0,127.500,71.914,4.500,0.0300,0.0000,-20.00,antimatter,60,450;300;200;100;50,2,6,1.5,2.5,100,-10,5,250,40,5,250,60,1,8,11,0,0.06,4,0.5,50,8,5
37,1,60,FrameTimeStutter,6.000,antimatter,practice,2026-08-31T17:32:23.9802087-04:00,2,472,7.87218,16.6560,2118.49,1438.08,3.000,0.000,-2.4105,9.2032,12.2945,Left,0,0,0,0,0.0000,200.000,0,0.000,0,127.500,71.914,4.500,0.0300,0.0000,-20.00,antimatter,60,450;300;200;100;50,2,6,1.5,2.5,100,-10,5,250,40,5,250,60,1,8,11,0,0.06,4,0.5,50,8,5
37,1,60,FrameTimeStutter,6.000,antimatter,practice,2026-08-31T17:32:23.9802087-04:00,2,473,7.88841,16.2297,2119.75,1436.83,1.000,-1.000,-2.3922,9.1849,12.2945,Left,0,0,0,0,0.0000,200.000,0,0.000,0,127.500,71.914,4.500,0.0300,0.0000,-20.00,antimatter,60,450;300;200;100;50,2,6,1.5,2.5,100,-10,5,250,40,5,250,60,1,8,11,0,0.06,4,0.5,50,8,5
37,1,60,FrameTimeStutter,6.000,antimatter,practice,2026-08-31T17:32:23.9802087-04:00,2,474,7.90491,16.4994,2121.00,1436.83,1.000,0.000,-2.3740,9.1849,12.2945,Left,0,0,0,0,0.0000,200.000,0,0.000,0,127.500,71.914,4.500,0.0300,0.0000,-20.00,antimatter,60,450;300;200;100;50,2,6,1.5,2.5,100,-10,5,250,40,5,250,60,1,8,11,0,0.06,4,0.5,50,8,5
37,1,60,FrameTimeStutter,6.000,antimatter,practice,2026-08-31T17:32:23.9802087-04:00,2,475,7.92222,17.3090,2121.00,1435.57,0.000,-1.000,-2.3740,9.1666,12.2945,Left,0,0,0,0,0.0000,200.000,0,0.000,0,127.500,71.914,4.500,0.0300,0.0000,-20.00,antimatter,60,450;300;200;100;50,2,6,1.5,2.5,100,-10,5,250,40,5,250,60,1,8,11,0,0.06,4,0.5,50,8,5
37,1,60,FrameTimeStutter,6.000,antimatter,practice,2026-08-31T17:32:23.9802087-04:00,2,476,7.93826,16.0402,2122.25,1435.57,1.000,0.000,-2.3557,9.1666,12.2945,Left,0,0,0,0,0.0000,200.000,0,0.000,0,127.500,71.914,4.500,0.0300,0.0000,-20.00,antimatter,60,450;300;200;100;50,2,6,1.5,2.5,100,-10,5,250,40,5,250,60,1,8,11,0,0.06,4,0.5,50,8,5
37,1,60,FrameTimeStutter,6.000,antimatter,practice,2026-08-31T17:32:23.9802087-04:00,2,477,7.95522,16.9590,2123.51,1435.57,1.000,0.000,-2.3374,9.1666,12.2945,Left,0,0,0,0,0.0000,200.000,0,0.000,0,127.500,71.914,4.500,0.0300,0.0000,-20.00,antimatter,60,450;300;200;100;50,2,6,1.5,2.5,100,-10,5,250,40,5,250,60,1,8,11,0,0.06,4,0.5,50,8,5
37,1,60,FrameTimeStutter,6.000,antimatter,practice,2026-08-31T17:32:23.9802087-04:00,2,478,7.97210,16.8855,2123.51,1435.57,0.000,0.000,-2.3374,9.1666,12.2945,Left,0,0,0,0,0.0000,200.000,0,0.000,0,127.500,71.914,4.500,0.0300,0.0000,-20.00,antimatter,60,450;300;200;100;50,2,6,1.5,2.5,100,-10,5,250,40,5,250,60,1,8,11,0,0.06,4,0.5,50,8,5
37,1,60,FrameTimeStutter,6.000,antimatter,practice,2026-08-31T17:32:23.9802087-04:00,2,479,7.98863,16.5301,2123.51,1435.57,0.000,0.000,-2.3374,9.1666,12.2945,Left,0,0,0,0,0.0000,200.000,0,0.000,0,127.500,71.914,4.500,0.0300,0.0000,-20.00,antimatter,60,450;300;200;100;50,2,6,1.5,2.5,100,-10,5,250,40,5,250,60,1,8,11,0,0.06,4,0.5,50,8,5
37,1,60,FrameTimeStutter,6.000,antimatter,practice,2026-08-31T17:32:23.9802087-04:00,2,480,8.00548,16.8536,2124.76,1435.57,1.000,0.000,-2.3192,9.1666,12.2945,Left,0,0,0,0,0.0000,200.000,0,0.000,0,127.500,71.914,4.500,0.0300,0.0000,-20.00,antimatter,60,450;300;200;100;50,2,6,1.5,2.5,100,-10,5,250,40,5,250,60,1,8,11,0,0.06,4,0.5,50,8,5
37,1,60,FrameTimeStutter,6.000,antimatter,practice,2026-08-31T17:32:23.9802087-04:00,2,481,8.02271,17.2264,2124.76,1435.57,0.000,0.000,-2.3192,9.1666,12.2945,Left,0,0,0,0,0.0000,200.000,0,0.000,0,127.500,71.914,4.500,0.0300,0.0000,-20.00,antimatter,60,450;300;200;100;50,2,6,1.5,2.5,100,-10,5,250,40,5,250,60,1,8,11,0,0.06,4,0.5,50,8,5
37,1,60,FrameTimeStutter,6.000,antimatter,practice,2026-08-31T17:32:23.9802087-04:00,2,482,8.03863,15.9234,2126.02,1435.57,1.000,0.000,-2.3009,9.1666,12.2945,Left,0,0,0,0,0.0000,200.000,0,0.000,0,127.500,71.914,4.500,0.0300,0.0000,-20.00,antimatter,60,450;300;200;100;50,2,6,1.5,2.5,100,-10,5,250,40,5,250,60,1,8,11,0,0.06,4,0.5,50,8,5
37,1,60,FrameTimeStutter,6.000,antimatter,practice,2026-08-31T17:32:23.9802087-04:00,2,483,8.05569,17.0591,2126.02,1435.57,0.000,0.000,-2.3009,9.1666,12.2945,Left,0,0,0,0,0.0000,200.000,0,0.000,0,127.500,71.914,4.500,0.0300,0.0000,-20.00,antimatter,60,450;300;200;100;50,2,6,1.5,2.5,100,-10,5,250,40,5,250,60,1,8,11,0,0.06,4,0.5,50,8,5
37,1,60,FrameTimeStutter,6.000,antimatter,practice,2026-08-31T17:32:23.9802087-04:00,2,484,8.07192,16.2273,2126.02,1435.57,0.000,0.000,-2.3009,9.1666,12.2945,Left,0,0,0,0,0.0000,200.000,0,0.000,0,127.500,71.914,4.500,0.0300,0.0000,-20.00,antimatter,60,450;300;200;100;50,2,6,1.5,2.5,100,-10,5,250,40,5,250,60,1,8,11,0,0.06,4,0.5,50,8,5
37,1,60,FrameTimeStutter,6.000,antimatter,practice,2026-08-31T17:32:23.9802087-04:00,2,485,8.08900,17.0752,2126.02,1435.57,0.000,0.000,-2.3009,9.1666,12.2945,Left,0,0,0,0,0.0000,200.000,0,0.000,0,127.500,71.914,4.500,0.0300,0.0000,-20.00,antimatter,60,450;300;200;100;50,2,6,1.5,2.5,100,-10,5,250,40,5,250,60,1,8,11,0,0.06,4,0.5,50,8,5
37,1,60,FrameTimeStutter,6.000,antimatter,practice,2026-08-31T17:32:23.9802087-04:00,2,486,8.10524,16.2436,2126.02,1435.57,0.000,0.000,-2.3009,9.1666,12.2945,Left,0,0,0,0,0.0000,200.000,0,0.000,0,127.500,71.914,4.500,0.0300,0.0000,-20.00,antimatter,60,450;300;200;100;50,2,6,1.5,2.5,100,-10,5,250,40,5,250,60,1,8,11,0,0.06,4,0.5,50,8,5
37,1,60,FrameTimeStutter,6.000,antimatter,practice,2026-08-31T17:32:23.9802087-04:00,2,487,8.12198,16.7456,2126.02,1435.57,0.000,0.000,-2.3009,9.1666,12.2945,Left,0,0,0,0,0.0000,200.000,0,0.000,0,127.500,71.914,4.500,0.0300,0.0000,-20.00,antimatter,60,450;300;200;100;50,2,6,1.5,2.5,100,-10,5,250,40,5,250,60,1,8,11,0,0.06,4,0.5,50,8,5
37,1,60,FrameTimeStutter,6.000,antimatter,practice,2026-08-31T17:32:23.9802087-04:00,2,488,8.13838,16.3949,2126.02,1435.57,0.000,0.000,-2.3009,9.1666,12.2945,Left,0,0,0,0,0.0000,200.000,0,0.000,0,127.500,71.914,4.500,0.0300,0.0000,-20.00,antimatter,60,450;300;200;100;50,2,6,1.5,2.5,100,-10,5,250,40,5,250,60,1,8,11,0,0.06,4,0.5,50,8,5
37,1,60,FrameTimeStutter,6.000,antimatter,practice,2026-08-31T17:32:23.9802087-04:00,2,489,8.15561,17.2331,2126.02,1435.57,0.000,0.000,-2.3009,9.1666,12.2945,Left,0,0,0,0,0.0000,200.000,0,0.000,0,127.500,71.914,4.500,0.0300,0.0000,-20.00,antimatter,60,450;300;200;100;50,2,6,1.5,2.5,100,-10,5,250,40,5,250,60,1,8,11,0,0.06,4,0.5,50,8,5
37,1,60,FrameTimeStutter,6.000,antimatter,practice,2026-08-31T17:32:23.9802087-04:00,2,490,8.17161,15.9972,2126.02,1435.57,0.000,0.000,-2.3009,9.1666,12.2945,Left,0,0,0,0,0.0000,200.000,0,0.000,0,127.500,71.914,4.500,0.0300,0.0000,-20.00,antimatter,60,450;300;200;100;50,2,6,1.5,2.5,100,-10,5,250,40,5,250,60,1,8,11,0,0.06,4,0.5,50,8,5
37,1,60,FrameTimeStutter,6.000,antimatter,practice,2026-08-31T17:32:23.9802087-04:00,2,491,8.18901,17.4021,2126.02,1435.57,0.000,0.000,-2.3009,9.1666,12.2945,Left,0,0,0,0,0.0000,200.000,0,0.000,0,127.500,71.914,4.500,0.0300,0.0000,-20.00,antimatter,60,450;300;200;100;50,2,6,1.5,2.5,100,-10,5,250,40,5,250,60,1,8,11,0,0.06,4,0.5,50,8,5
37,1,60,FrameTimeStutter,6.000,antimatter,practice,2026-08-31T17:32:23.9802087-04:00,2,492,8.20493,15.9192,2126.02,1435.57,0.000,0.000,-2.3009,9.1666,12.2945,Left,0,0,0,0,0.0000,200.000,0,0.000,0,127.500,71.914,4.500,0.0300,0.0000,-20.00,antimatter,60,450;300;200;100;50,2,6,1.5,2.5,100,-10,5,250,40,5,250,60,1,8,11,0,0.06,4,0.5,50,8,5
37,1,60,FrameTimeStutter,6.000,antimatter,practice,2026-08-31T17:32:23.9802087-04:00,2,493,8.22229,17.3606,2126.02,1435.57,0.000,0.000,-2.3009,9.1666,12.2945,Left,0,0,0,0,0.0000,200.000,0,0.000,0,127.500,71.914,4.500,0.0300,0.0000,-20.00,antimatter,60,450;300;200;100;50,2,6,1.5,2.5,100,-10,5,250,40,5,250,60,1,8,11,0,0.06,4,0.5,50,8,5
37,1,60,FrameTimeStutter,6.000,antimatter,practice,2026-08-31T17:32:23.9802087-04:00,2,494,8.23857,16.2820,2126.02,1435.57,0.000,0.000,-2.3009,9.1666,12.2945,Left,0,0,0,0,0.0000,200.000,0,0.000,0,127.500,71.914,4.500,0.0300,0.0000,-20.00,antimatter,60,450;300;200;100;50,2,6,1.5,2.5,100,-10,5,250,40,5,250,60,1,8,11,0,0.06,4,0.5,50,8,5
37,1,60,FrameTimeStutter,6.000,antimatter,practice,2026-08-31T17:32:23.9802087-04:00,2,495,8.25492,16.3423,2126.02,1435.57,0.000,0.000,-2.3009,9.1666,12.2945,Left,0,0,0,0,0.0000,200.000,0,0.000,0,127.500,71.914,4.500,0.0300,0.0000,-20.00,antimatter,60,450;300;200;100;50,2,6,1.5,2.5,100,-10,5,250,40,5,250,60,1,8,11,0,0.06,4,0.5,50,8,5
37,1,60,FrameTimeStutter,6.000,antimatter,practice,2026-08-31T17:32:23.9802087-04:00,2,496,8.27243,17.5099,2126.02,1435.57,0.000,0.000,-2.3009,9.1666,12.2945,Left,0,0,0,0,0.0000,200.000,0,0.000,0,127.500,71.914,4.500,0.0300,0.0000,-20.00,antimatter,60,450;300;200;100;50,2,6,1.5,2.5,100,-10,5,250,40,5,250,60,1,8,11,0,0.06,4,0.5,50,8,5
37,1,60,FrameTimeStutter,6.000,antimatter,practice,2026-08-31T17:32:23.9802087-04:00,2,497,8.28878,16.3530,2126.02,1435.57,0.000,0.000,-2.3009,9.1666,12.2945,Left,0,0,0,0,0.0000,200.000,0,0.000,0,127.500,71.914,4.500,0.0300,0.0000,-20.00,antimatter,60,450;300;200;100;50,2,6,1.5,2.5,100,-10,5,250,40,5,250,60,1,8,11,0,0.06,4,0.5,50,8,5
37,1,60,FrameTimeStutter,6.000,antimatter,practice,2026-08-31T17:32:23.9802087-04:00,2,498,8.30537,16.5897,2126.02,1435.57,0.000,0.000,-2.3009,9.1666,12.2945,Left,0,0,0,0,0.0000,200.000,0,0.000,0,127.500,71.914,4.500,0.0300,0.0000,-20.00,antimatter,60,450;300;200;100;50,2,6,1.5,2.5,100,-10,5,250,40,5,250,60,1,8,11,0,0.06,4,0.5,50,8,5
37,1,60,FrameTimeStutter,6.000,antimatter,practice,2026-08-31T17:32:23.9802087-04:00,2,499,8.32163,16.2625,2126.02,1435.57,0.000,0.000,-2.3009,9.1666,12.2945,Left,0,0,0,0,0.0000,200.000,0,0.000,0,127.500,71.914,4.500,0.0300,0.0000,-20.00,antimatter,60,450;300;200;100;50,2,6,1.5,2.5,100,-10,5,250,40,5,250,60,1,8,11,0,0.06,4,0.5,50,8,5
37,1,60,FrameTimeStutter,6.000,antimatter,practice,2026-08-31T17:32:23.9802087-04:00,2,500,8.33904,17.4095,2126.02,1435.57,0.000,0.000,-2.3009,9.1666,12.2945,Left,0,0,0,0,0.0000,200.000,0,0.000,0,127.500,71.914,4.500,0.0300,0.0000,-20.00,antimatter,60,450;300;200;100;50,2,6,1.5,2.5,100,-10,5,250,40,5,250,60,1,8,11,0,0.06,4,0.5,50,8,5
37,1,60,FrameTimeStutter,6.000,antimatter,practice,2026-08-31T17:32:23.9802087-04:00,2,501,8.35513,16.0884,2126.02,1435.57,0.000,0.000,-2.3009,9.1666,12.2945,Left,0,0,0,0,0.0000,200.000,0,0.000,0,127.500,71.914,4.500,0.0300,0.0000,-20.00,antimatter,60,450;300;200;100;50,2,6,1.5,2.5,100,-10,5,250,40,5,250,60,1,8,11,0,0.06,4,0.5,50,8,5
37,1,60,FrameTimeStutter,6.000,antimatter,practice,2026-08-31T17:32:23.9802087-04:00,2,502,8.37219,17.0618,2126.02,1435.57,0.000,0.000,-2.3009,9.1666,12.2945,Left,0,0,0,0,0.0000,200.000,0,0.000,0,127.500,71.914,4.500,0.0300,0.0000,-20.00,antimatter,60,450;300;200;100;50,2,6,1.5,2.5,100,-10,5,250,40,5,250,60,1,8,11,0,0.06,4,0.5,50,8,5
37,1,60,FrameTimeStutter,6.000,antimatter,practice,2026-08-31T17:32:23.9802087-04:00,2,503,8.38878,16.5938,2126.02,1435.57,0.000,0.000,-2.3009,9.1666,12.2945,Left,0,0,0,0,0.0000,200.000,0,0.000,0,127.500,71.914,4.500,0.0300,0.0000,-20.00,antimatter,60,450;300;200;100;50,2,6,1.5,2.5,100,-10,5,250,40,5,250,60,1,8,11,0,0.06,4,0.5,50,8,5
37,1,60,FrameTimeStutter,6.000,antimatter,practice,2026-08-31T17:32:23.9802087-04:00,2,504,8.40540,16.6160,2126.02,1435.57,0.000,0.000,-2.3009,9.1666,12.2945,Left,0,0,0,0,0.0000,200.000,0,0.000,0,127.500,71.914,4.500,0.0300,0.0000,-20.00,antimatter,60,450;300;200;100;50,2,6,1.5,2.5,100,-10,5,250,40,5,250,60,1,8,11,0,0.06,4,0.5,50,8,5
37,1,60,FrameTimeStutter,6.000,antimatter,practice,2026-08-31T17:32:23.9802087-04:00,2,505,8.42214,16.7395,2126.02,1435.57,0.000,0.000,-2.3009,9.1666,12.2945,Left,0,0,0,0,0.0000,200.000,0,0.000,0,127.500,71.914,4.500,0.0300,0.0000,-20.00,antimatter,60,450;300;200;100;50,2,6,1.5,2.5,100,-10,5,250,40,5,250,60,1,8,11,0,0.06,4,0.5,50,8,5
37,1,60,FrameTimeStutter,6.000,antimatter,practice,2026-08-31T17:32:23.9802087-04:00,2,506,8.43917,17.0310,2126.02,1435.57,0.000,0.000,-2.3009,9.1666,12.2945,Left,0,0,0,0,0.0000,200.000,0,0.000,0,127.500,71.914,4.500,0.0300,0.0000,-20.00,antimatter,60,450;300;200;100;50,2,6,1.5,2.5,100,-10,5,250,40,5,250,60,1,8,11,0,0.06,4,0.5,50,8,5
37,1,60,FrameTimeStutter,6.000,antimatter,practice,2026-08-31T17:32:23.9802087-04:00,2,507,8.45531,16.1382,2126.02,1435.57,0.000,0.000,-2.3009,9.1666,12.2945,Left,0,0,0,0,0.0000,200.000,0,0.000,0,127.500,71.914,4.500,0.0300,0.0000,-20.00,antimatter,60,450;300;200;100;50,2,6,1.5,2.5,100,-10,5,250,40,5,250,60,1,8,11,0,0.06,4,0.5,50,8,5
37,1,60,FrameTimeStutter,6.000,antimatter,practice,2026-08-31T17:32:23.9802087-04:00,2,508,8.47206,16.7547,2126.02,1435.57,0.000,0.000,-2.3009,9.1666,12.2945,Left,0,0,0,0,0.0000,200.000,0,0.000,0,127.500,71.914,4.500,0.0300,0.0000,-20.00,antimatter,60,450;300;200;100;50,2,6,1.5,2.5,100,-10,5,250,40,5,250,60,1,8,11,0,0.06,4,0.5,50,8,5
37,1,60,FrameTimeStutter,6.000,antimatter,practice,2026-08-31T17:32:23.9802087-04:00,2,509,8.48838,16.3200,2126.02,1435.57,0.000,0.000,-2.3009,9.1666,12.2945,Left,0,0,0,0,0.0000,200.000,0,0.000,0,127.500,71.914,4.500,0.0300,0.0000,-20.00,antimatter,60,450;300;200;100;50,2,6,1.5,2.5,100,-10,5,250,40,5,250,60,1,8,11,0,0.06,4,0.5,50,8,5
37,1,60,FrameTimeStutter,6.000,antimatter,practice,2026-08-31T17:32:23.9802087-04:00,2,510,8.50498,16.6005,2126.02,1435.57,0.000,0.000,-2.3009,9.1666,12.2945,Left,0,0,0,0,0.0000,200.000,0,0.000,0,127.500,71.914,4.500,0.0300,0.0000,-20.00,antimatter,60,450;300;200;100;50,2,6,1.5,2.5,100,-10,5,250,40,5,250,60,1,8,11,0,0.06,4,0.5,50,8,5
37,1,60,FrameTimeStutter,6.000,antimatter,practice,2026-08-31T17:32:23.9802087-04:00,2,511,8.52204,17.0506,2126.02,1435.57,0.000,0.000,-2.3009,9.1666,12.2945,Left,0,0,0,0,0.0000,200.000,0,0.000,0,127.500,71.914,4.500,0.0300,0.0000,-20.00,antimatter,60,450;300;200;100;50,2,6,1.5,2.5,100,-10,5,250,40,5,250,60,1,8,11,0,0.06,4,0.5,50,8,5
37,1,60,FrameTimeStutter,6.000,antimatter,practice,2026-08-31T17:32:23.9802087-04:00,2,512,8.53878,16.7440,2126.02,1435.57,0.000,0.000,-2.3009,9.1666,12.2945,Left,0,0,0,0,0.0000,200.000,0,0.000,0,127.500,71.914,4.500,0.0300,0.0000,-20.00,antimatter,60,450;300;200;100;50,2,6,1.5,2.5,100,-10,5,250,40,5,250,60,1,8,11,0,0.06,4,0.5,50,8,5
37,1,60,FrameTimeStutter,6.000,antimatter,practice,2026-08-31T17:32:23.9802087-04:00,2,513,8.55496,16.1781,2126.02,1435.57,0.000,0.000,-2.3009,9.1666,12.2945,Left,0,0,0,0,0.0000,200.000,0,0.000,0,127.500,71.914,4.500,0.0300,0.0000,-20.00,antimatter,60,450;300;200;100;50,2,6,1.5,2.5,100,-10,5,250,40,5,250,60,1,8,11,0,0.06,4,0.5,50,8,5
37,1,60,FrameTimeStutter,6.000,antimatter,practice,2026-08-31T17:32:23.9802087-04:00,2,514,8.57150,16.5438,2126.02,1435.57,0.000,0.000,-2.3009,9.1666,12.2945,Left,0,0,0,0,0.0000,200.000,0,0.000,0,127.500,71.914,4.500,0.0300,0.0000,-20.00,antimatter,60,450;300;200;100;50,2,6,1.5,2.5,100,-10,5,250,40,5,250,60,1,8,11,0,0.06,4,0.5,50,8,5
37,1,60,FrameTimeStutter,6.000,antimatter,practice,2026-08-31T17:32:23.9802087-04:00,2,515,8.58898,17.4741,2126.02,1435.57,0.000,0.000,-2.3009,9.1666,12.2945,Left,0,0,0,0,0.0000,200.000,0,0.000,0,127.500,71.914,4.500,0.0300,0.0000,-20.00,antimatter,60,450;300;200;100;50,2,6,1.5,2.5,100,-10,5,250,40,5,250,60,1,8,11,0,0.06,4,0.5,50,8,5
37,1,60,FrameTimeStutter,6.000,antimatter,practice,2026-08-31T17:32:23.9802087-04:00,2,516,8.60511,16.1316,2126.02,1435.57,0.000,0.000,-2.3009,9.1666,12.2945,Left,0,0,0,0,0.0000,200.000,0,0.000,0,127.500,71.914,4.500,0.0300,0.0000,-20.00,antimatter,60,450;300;200;100;50,2,6,1.5,2.5,100,-10,5,250,40,5,250,60,1,8,11,0,0.06,4,0.5,50,8,5
37,1,60,FrameTimeStutter,6.000,antimatter,practice,2026-08-31T17:32:23.9802087-04:00,2,517,8.62162,16.5154,2126.02,1435.57,0.000,0.000,-2.3009,9.1666,12.2945,Left,0,0,0,0,0.0000,200.000,0,0.000,0,127.500,71.914,4.500,0.0300,0.0000,-20.00,antimatter,60,450;300;200;100;50,2,6,1.5,2.5,100,-10,5,250,40,5,250,60,1,8,11,0,0.06,4,0.5,50,8,5
37,1,60,FrameTimeStutter,6.000,antimatter,practice,2026-08-31T17:32:23.9802087-04:00,2,518,8.63892,17.2979,2126.02,1435.57,0.000,0.000,-2.3009,9.1666,12.2945,Left,0,0,0,0,0.0000,200.000,0,0.000,0,127.500,71.914,4.500,0.0300,0.0000,-20.00,antimatter,60,450;300;200;100;50,2,6,1.5,2.5,100,-10,5,250,40,5,250,60,1,8,11,0,0.06,4,0.5,50,8,5
37,1,60,FrameTimeStutter,6.000,antimatter,practice,2026-08-31T17:32:23.9802087-04:00,2,519,8.65525,16.3264,2126.02,1435.57,0.000,0.000,-2.3009,9.1666,12.2945,Left,0,0,0,0,0.0000,200.000,0,0.000,0,127.500,71.914,4.500,0.0300,0.0000,-20.00,antimatter,60,450;300;200;100;50,2,6,1.5,2.5,100,-10,5,250,40,5,250,60,1,8,11,0,0.06,4,0.5,50,8,5
37,1,60,FrameTimeStutter,6.000,antimatter,practice,2026-08-31T17:32:23.9802087-04:00,2,520,8.67192,16.6745,2126.02,1435.57,0.000,0.000,-2.3009,9.1666,12.2945,Left,0,0,0,0,0.0000,200.000,0,0.000,0,127.500,71.914,4.500,0.0300,0.0000,-20.00,antimatter,60,450;300;200;100;50,2,6,1.5,2.5,100,-10,5,250,40,5,250,60,1,8,11,0,0.06,4,0.5,50,8,5
37,1,60,FrameTimeStutter,6.000,antimatter,practice,2026-08-31T17:32:23.9802087-04:00,2,521,8.68880,16.8770,2126.02,1435.57,0.000,0.000,-2.3009,9.1666,12.2945,Left,0,0,0,0,0.0000,200.000,0,0.000,0,127.500,71.914,4.500,0.0300,0.0000,-20.00,antimatter,60,450;300;200;100;50,2,6,1.5,2.5,100,-10,5,250,40,5,250,60,1,8,11,0,0.06,4,0.5,50,8,5
37,1,60,FrameTimeStutter,6.000,antimatter,practice,2026-08-31T17:32:23.9802087-04:00,2,522,8.70524,16.4450,2126.02,1435.57,0.000,0.000,-2.3009,9.1666,12.2945,Left,0,0,0,0,0.0000,200.000,0,0.000,0,127.500,71.914,4.500,0.0300,0.0000,-20.00,antimatter,60,450;300;200;100;50,2,6,1.5,2.5,100,-10,5,250,40,5,250,60,1,8,11,0,0.06,4,0.5,50,8,5
37,1,60,FrameTimeStutter,6.000,antimatter,practice,2026-08-31T17:32:23.9802087-04:00,2,523,8.72189,16.6499,2126.02,1435.57,0.000,0.000,-2.3009,9.1666,12.2945,Left,0,0,0,0,0.0000,200.000,0,0.000,0,127.500,71.914,4.500,0.0300,0.0000,-20.00,antimatter,60,450;300;200;100;50,2,6,1.5,2.5,100,-10,5,250,40,5,250,60,1,8,11,0,0.06,4,0.5,50,8,5
37,1,60,FrameTimeStutter,6.000,antimatter,practice,2026-08-31T17:32:23.9802087-04:00,2,524,8.73883,16.9317,2126.02,1435.57,0.000,0.000,-2.3009,9.1666,12.2945,Left,0,0,0,0,0.0000,200.000,0,0.000,0,127.500,71.914,4.500,0.0300,0.0000,-20.00,antimatter,60,450;300;200;100;50,2,6,1.5,2.5,100,-10,5,250,40,5,250,60,1,8,11,0,0.06,4,0.5,50,8,5
37,1,60,FrameTimeStutter,6.000,antimatter,practice,2026-08-31T17:32:23.9802087-04:00,2,525,8.75594,17.1117,2126.02,1435.57,0.000,0.000,-2.3009,9.1666,12.2945,Left,0,0,0,0,0.0000,200.000,0,0.000,0,127.500,71.914,4.500,0.0300,0.0000,-20.00,antimatter,60,450;300;200;100;50,2,6,1.5,2.5,100,-10,5,250,40,5,250,60,1,8,11,0,0.06,4,0.5,50,8,5
37,1,60,FrameTimeStutter,6.000,antimatter,practice,2026-08-31T17:32:23.9802087-04:00,2,526,8.77202,16.0836,2126.02,1435.57,0.000,0.000,-2.3009,9.1666,12.2945,Left,0,0,0,0,0.0000,200.000,0,0.000,0,127.500,71.914,4.500,0.0300,0.0000,-20.00,antimatter,60,450;300;200;100;50,2,6,1.5,2.5,100,-10,5,250,40,5,250,60,1,8,11,0,0.06,4,0.5,50,8,5
37,1,60,FrameTimeStutter,6.000,antimatter,practice,2026-08-31T17:32:23.9802087-04:00,2,527,8.78868,16.6565,2126.02,1435.57,0.000,0.000,-2.3009,9.1666,12.2945,Left,0,0,0,0,0.0000,200.000,0,0.000,0,127.500,71.914,4.500,0.0300,0.0000,-20.00,antimatter,60,450;300;200;100;50,2,6,1.5,2.5,100,-10,5,250,40,5,250,60,1,8,11,0,0.06,4,0.5,50,8,5
37,1,60,FrameTimeStutter,6.000,antimatter,practice,2026-08-31T17:32:23.9802087-04:00,2,528,8.80503,16.3530,2126.02,1435.57,0.000,0.000,-2.3009,9.1666,12.2945,Left,0,0,0,0,0.0000,200.000,0,0.000,0,127.500,71.914,4.500,0.0300,0.0000,-20.00,antimatter,60,450;300;200;100;50,2,6,1.5,2.5,100,-10,5,250,40,5,250,60,1,8,11,0,0.06,4,0.5,50,8,5
37,1,60,FrameTimeStutter,6.000,antimatter,practice,2026-08-31T17:32:23.9802087-04:00,2,529,8.82183,16.7998,2126.02,1435.57,0.000,0.000,-2.3009,9.1666,12.2945,Left,0,0,0,0,0.0000,200.000,0,0.000,0,127.500,71.914,4.500,0.0300,0.0000,-20.00,antimatter,60,450;300;200;100;50,2,6,1.5,2.5,100,-10,5,250,40,5,250,60,1,8,11,0,0.06,4,0.5,50,8,5
37,1,60,FrameTimeStutter,6.000,antimatter,practice,2026-08-31T17:32:23.9802087-04:00,2,530,8.83862,16.7910,2126.02,1435.57,0.000,0.000,-2.3009,9.1666,12.2945,Left,0,0,0,0,0.0000,200.000,0,0.000,0,127.500,71.914,4.500,0.0300,0.0000,-20.00,antimatter,60,450;300;200;100;50,2,6,1.5,2.5,100,-10,5,250,40,5,250,60,1,8,11,0,0.06,4,0.5,50,8,5
37,1,60,FrameTimeStutter,6.000,antimatter,practice,2026-08-31T17:32:23.9802087-04:00,2,531,8.85511,16.4872,2126.02,1435.57,0.000,0.000,-2.3009,9.1666,12.2945,Left,0,0,0,0,0.0000,200.000,0,0.000,0,127.500,71.914,4.500,0.0300,0.0000,-20.00,antimatter,60,450;300;200;100;50,2,6,1.5,2.5,100,-10,5,250,40,5,250,60,1,8,11,0,0.06,4,0.5,50,8,5
37,1,60,FrameTimeStutter,6.000,antimatter,practice,2026-08-31T17:32:23.9802087-04:00,2,532,8.87161,16.5047,2126.02,1435.57,0.000,0.000,-2.3009,9.1666,12.2945,Left,0,0,0,0,0.0000,200.000,0,0.000,0,127.500,71.914,4.500,0.0300,0.0000,-20.00,antimatter,60,450;300;200;100;50,2,6,1.5,2.5,100,-10,5,250,40,5,250,60,1,8,11,0,0.06,4,0.5,50,8,5
37,1,60,FrameTimeStutter,6.000,antimatter,practice,2026-08-31T17:32:23.9802087-04:00,2,533,8.88954,17.9257,2126.02,1435.57,0.000,0.000,-2.3009,9.1666,12.2945,Left,0,0,0,0,0.0000,200.000,0,0.000,0,127.500,71.914,4.500,0.0300,0.0000,-20.00,antimatter,60,450;300;200;100;50,2,6,1.5,2.5,100,-10,5,250,40,5,250,60,1,8,11,0,0.06,4,0.5,50,8,5
37,1,60,FrameTimeStutter,6.000,antimatter,practice,2026-08-31T17:32:23.9802087-04:00,2,534,8.90516,15.6167,2126.02,1435.57,0.000,0.000,-2.3009,9.1666,12.2945,Left,0,0,0,0,0.0000,200.000,0,0.000,0,127.500,71.914,4.500,0.0300,0.0000,-20.00,antimatter,60,450;300;200;100;50,2,6,1.5,2.5,100,-10,5,250,40,5,250,60,1,8,11,0,0.06,4,0.5,50,8,5
37,1,60,FrameTimeStutter,6.000,antimatter,practice,2026-08-31T17:32:23.9802087-04:00,2,535,8.92197,16.8111,2126.02,1435.57,0.000,0.000,-2.3009,9.1666,12.2945,Left,0,0,0,0,0.0000,200.000,0,0.000,0,127.500,71.914,4.500,0.0300,0.0000,-20.00,antimatter,60,450;300;200;100;50,2,6,1.5,2.5,100,-10,5,250,40,5,250,60,1,8,11,0,0.06,4,0.5,50,8,5
37,1,60,FrameTimeStutter,6.000,antimatter,practice,2026-08-31T17:32:23.9802087-04:00,2,536,8.93890,16.9299,2126.02,1435.57,0.000,0.000,-2.3009,9.1666,12.2945,Left,0,0,0,0,0.0000,200.000,0,0.000,0,127.500,71.914,4.500,0.0300,0.0000,-20.00,antimatter,60,450;300;200;100;50,2,6,1.5,2.5,100,-10,5,250,40,5,250,60,1,8,11,0,0.06,4,0.5,50,8,5
37,1,60,FrameTimeStutter,6.000,antimatter,practice,2026-08-31T17:32:23.9802087-04:00,2,537,8.95543,16.5296,2126.02,1435.57,0.000,0.000,-2.3009,9.1666,12.2945,Left,0,0,0,0,0.0000,200.000,0,0.000,0,127.500,71.914,4.500,0.0300,0.0000,-20.00,antimatter,60,450;300;200;100;50,2,6,1.5,2.5,100,-10,5,250,40,5,250,60,1,8,11,0,0.06,4,0.5,50,8,5
37,1,60,FrameTimeStutter,6.000,antimatter,practice,2026-08-31T17:32:23.9802087-04:00,2,538,8.97237,16.9445,2126.02,1435.57,0.000,0.000,-2.3009,9.1666,12.2945,Left,0,0,0,0,0.0000,200.000,0,0.000,0,127.500,71.914,4.500,0.0300,0.0000,-20.00,antimatter,60,450;300;200;100;50,2,6,1.5,2.5,100,-10,5,250,40,5,250,60,1,8,11,0,0.06,4,0.5,50,8,5
37,1,60,FrameTimeStutter,6.000,antimatter,practice,2026-08-31T17:32:23.9802087-04:00,2,539,8.98835,15.9790,2126.02,1435.57,0.000,0.000,-2.3009,9.1666,12.2945,Left,0,0,0,0,0.0000,200.000,0,0.000,0,127.500,71.914,4.500,0.0300,0.0000,-20.00,antimatter,60,450;300;200;100;50,2,6,1.5,2.5,100,-10,5,250,40,5,250,60,1,8,11,0,0.06,4,0.5,50,8,5
37,1,60,FrameTimeStutter,6.000,antimatter,practice,2026-08-31T17:32:23.9802087-04:00,2,540,9.00502,16.6673,2126.02,1435.57,0.000,0.000,-2.3009,9.1666,12.2945,Left,0,0,0,0,0.0000,200.000,0,0.000,0,127.500,71.914,4.500,0.0300,0.0000,-20.00,antimatter,60,450;300;200;100;50,2,6,1.5,2.5,100,-10,5,250,40,5,250,60,1,8,11,0,0.06,4,0.5,50,8,5
37,1,60,FrameTimeStutter,6.000,antimatter,practice,2026-08-31T17:32:23.9802087-04:00,2,541,9.02191,16.8937,2126.02,1435.57,0.000,0.000,-2.3009,9.1666,12.2945,Left,0,0,0,0,0.0000,200.000,0,0.000,0,127.500,71.914,4.500,0.0300,0.0000,-20.00,antimatter,60,450;300;200;100;50,2,6,1.5,2.5,100,-10,5,250,40,5,250,60,1,8,11,0,0.06,4,0.5,50,8,5
37,1,60,FrameTimeStutter,6.000,antimatter,practice,2026-08-31T17:32:23.9802087-04:00,2,542,9.03822,16.3124,2126.02,1435.57,0.000,0.000,-2.3009,9.1666,12.2945,Left,0,0,0,0,0.0000,200.000,0,0.000,0,127.500,71.914,4.500,0.0300,0.0000,-20.00,antimatter,60,450;300;200;100;50,2,6,1.5,2.5,100,-10,5,250,40,5,250,60,1,8,11,0,0.06,4,0.5,50,8,5
37,1,60,FrameTimeStutter,6.000,antimatter,practice,2026-08-31T17:32:23.9802087-04:00,2,543,9.05492,16.6965,2126.02,1435.57,0.000,0.000,-2.3009,9.1666,12.2945,Left,0,0,0,0,0.0000,200.000,0,0.000,0,127.500,71.914,4.500,0.0300,0.0000,-20.00,antimatter,60,450;300;200;100;50,2,6,1.5,2.5,100,-10,5,250,40,5,250,60,1,8,11,0,0.06,4,0.5,50,8,5
37,1,60,FrameTimeStutter,6.000,antimatter,practice,2026-08-31T17:32:23.9802087-04:00,2,544,9.07241,17.4970,2126.02,1435.57,0.000,0.000,-2.3009,9.1666,12.2945,Left,0,0,0,0,0.0000,200.000,0,0.000,0,127.500,71.914,4.500,0.0300,0.0000,-20.00,antimatter,60,450;300;200;100;50,2,6,1.5,2.5,100,-10,5,250,40,5,250,60,1,8,11,0,0.06,4,0.5,50,8,5
37,1,60,FrameTimeStutter,6.000,antimatter,practice,2026-08-31T17:32:23.9802087-04:00,2,545,9.08841,15.9937,2126.02,1435.57,0.000,0.000,-2.3009,9.1666,12.2945,Left,0,0,0,0,0.0000,200.000,0,0.000,0,127.500,71.914,4.500,0.0300,0.0000,-20.00,antimatter,60,450;300;200;100;50,2,6,1.5,2.5,100,-10,5,250,40,5,250,60,1,8,11,0,0.06,4,0.5,50,8,5
37,1,60,FrameTimeStutter,6.000,antimatter,practice,2026-08-31T17:32:23.9802087-04:00,2,546,9.10512,16.7103,2126.02,1435.57,0.000,0.000,-2.3009,9.1666,12.2945,Left,0,0,0,0,0.0000,200.000,0,0.000,0,127.500,71.914,4.500,0.0300,0.0000,-20.00,antimatter,60,450;300;200;100;50,2,6,1.5,2.5,100,-10,5,250,40,5,250,60,1,8,11,0,0.06,4,0.5,50,8,5
37,1,60,FrameTimeStutter,6.000,antimatter,practice,2026-08-31T17:32:23.9802087-04:00,2,547,9.12234,17.2225,2126.02,1435.57,0.000,0.000,-2.3009,9.1666,12.2945,Left,0,0,0,0,0.0000,200.000,0,0.000,0,127.500,71.914,4.500,0.0300,0.0000,-20.00,antimatter,60,450;300;200;100;50,2,6,1.5,2.5,100,-10,5,250,40,5,250,60,1,8,11,0,0.06,4,0.5,50,8,5
37,1,60,FrameTimeStutter,6.000,antimatter,practice,2026-08-31T17:32:23.9802087-04:00,2,548,9.13884,16.5012,2126.02,1435.57,0.000,0.000,-2.3009,9.1666,12.2945,Left,0,0,0,0,0.0000,200.000,0,0.000,0,127.500,71.914,4.500,0.0300,0.0000,-20.00,antimatter,60,450;300;200;100;50,2,6,1.5,2.5,100,-10,5,250,40,5,250,60,1,8,11,0,0.06,4,0.5,50,8,5
37,1,60,FrameTimeStutter,6.000,antimatter,practice,2026-08-31T17:32:23.9802087-04:00,2,549,9.15545,16.6047,2126.02,1435.57,0.000,0.000,-2.3009,9.1666,12.2945,Left,0,0,0,0,0.0000,200.000,0,0.000,0,127.500,71.914,4.500,0.0300,0.0000,-20.00,antimatter,60,450;300;200;100;50,2,6,1.5,2.5,100,-10,5,250,40,5,250,60,1,8,11,0,0.06,4,0.5,50,8,5
37,1,60,FrameTimeStutter,6.000,antimatter,practice,2026-08-31T17:32:23.9802087-04:00,2,550,9.17184,16.3909,2126.02,1435.57,0.000,0.000,-2.3009,9.1666,12.2945,Left,0,0,0,0,0.0000,200.000,0,0.000,0,127.500,71.914,4.500,0.0300,0.0000,-20.00,antimatter,60,450;300;200;100;50,2,6,1.5,2.5,100,-10,5,250,40,5,250,60,1,8,11,0,0.06,4,0.5,50,8,5
37,1,60,FrameTimeStutter,6.000,antimatter,practice,2026-08-31T17:32:23.9802087-04:00,2,551,9.18903,17.1944,2126.02,1435.57,0.000,0.000,-2.3009,9.1666,12.2945,Left,0,0,0,0,0.0000,200.000,0,0.000,0,127.500,71.914,4.500,0.0300,0.0000,-20.00,antimatter,60,450;300;200;100;50,2,6,1.5,2.5,100,-10,5,250,40,5,250,60,1,8,11,0,0.06,4,0.5,50,8,5
37,1,60,FrameTimeStutter,6.000,antimatter,practice,2026-08-31T17:32:23.9802087-04:00,2,552,9.20562,16.5882,2126.02,1435.57,0.000,0.000,-2.3009,9.1666,12.2945,Left,0,0,0,0,0.0000,200.000,0,0.000,0,127.500,71.914,4.500,0.0300,0.0000,-20.00,antimatter,60,450;300;200;100;50,2,6,1.5,2.5,100,-10,5,250,40,5,250,60,1,8,11,0,0.06,4,0.5,50,8,5
37,1,60,FrameTimeStutter,6.000,antimatter,practice,2026-08-31T17:32:23.9802087-04:00,2,553,9.22198,16.3592,2126.02,1435.57,0.000,0.000,-2.3009,9.1666,12.2945,Left,0,0,0,0,0.0000,200.000,0,0.000,0,127.500,71.914,4.500,0.0300,0.0000,-20.00,antimatter,60,450;300;200;100;50,2,6,1.5,2.5,100,-10,5,250,40,5,250,60,1,8,11,0,0.06,4,0.5,50,8,5
37,1,60,FrameTimeStutter,6.000,antimatter,practice,2026-08-31T17:32:23.9802087-04:00,2,554,9.23891,16.9314,2126.02,1435.57,0.000,0.000,-2.3009,9.1666,12.2945,Left,0,0,0,0,0.0000,200.000,0,0.000,0,127.500,71.914,4.500,0.0300,0.0000,-20.00,antimatter,60,450;300;200;100;50,2,6,1.5,2.5,100,-10,5,250,40,5,250,60,1,8,11,0,0.06,4,0.5,50,8,5
37,1,60,FrameTimeStutter,6.000,antimatter,practice,2026-08-31T17:32:23.9802087-04:00,2,555,9.25535,16.4386,2126.02,1435.57,0.000,0.000,-2.3009,9.1666,12.2945,Left,0,0,0,0,0.0000,200.000,0,0.000,0,127.500,71.914,4.500,0.0300,0.0000,-20.00,antimatter,60,450;300;200;100;50,2,6,1.5,2.5,100,-10,5,250,40,5,250,60,1,8,11,0,0.06,4,0.5,50,8,5
37,1,60,FrameTimeStutter,6.000,antimatter,practice,2026-08-31T17:32:23.9802087-04:00,2,556,9.27156,16.2112,2126.02,1435.57,0.000,0.000,-2.3009,9.1666,12.2945,Left,0,0,0,0,0.0000,200.000,0,0.000,0,127.500,71.914,4.500,0.0300,0.0000,-20.00,antimatter,60,450;300;200;100;50,2,6,1.5,2.5,100,-10,5,250,40,5,250,60,1,8,11,0,0.06,4,0.5,50,8,5
37,1,60,FrameTimeStutter,6.000,antimatter,practice,2026-08-31T17:32:23.9802087-04:00,2,557,9.28903,17.4701,2126.02,1435.57,0.000,0.000,-2.3009,9.1666,12.2945,Left,0,0,0,0,0.0000,200.000,0,0.000,0,127.500,71.914,4.500,0.0300,0.0000,-20.00,antimatter,60,450;300;200;100;50,2,6,1.5,2.5,100,-10,5,250,40,5,250,60,1,8,11,0,0.06,4,0.5,50,8,5
37,1,60,FrameTimeStutter,6.000,antimatter,practice,2026-08-31T17:32:23.9802087-04:00,2,558,9.30553,16.4943,2126.02,1435.57,0.000,0.000,-2.3009,9.1666,12.2945,Left,0,0,0,0,0.0000,200.000,0,0.000,0,127.500,71.914,4.500,0.0300,0.0000,-20.00,antimatter,60,450;300;200;100;50,2,6,1.5,2.5,100,-10,5,250,40,5,250,60,1,8,11,0,0.06,4,0.5,50,8,5
37,1,60,FrameTimeStutter,6.000,antimatter,practice,2026-08-31T17:32:23.9802087-04:00,2,559,9.32234,16.8107,2126.02,1435.57,0.000,0.000,-2.3009,9.1666,12.2945,Left,0,0,0,0,0.0000,200.000,0,0.000,0,127.500,71.914,4.500,0.0300,0.0000,-20.00,antimatter,60,450;300;200;100;50,2,6,1.5,2.5,100,-10,5,250,40,5,250,60,1,8,11,0,0.06,4,0.5,50,8,5
37,1,60,FrameTimeStutter,6.000,antimatter,practice,2026-08-31T17:32:23.9802087-04:00,2,560,9.33842,16.0816,2126.02,1435.57,0.000,0.000,-2.3009,9.1666,12.2945,Left,0,0,0,0,0.0000,200.000,0,0.000,0,127.500,71.914,4.500,0.0300,0.0000,-20.00,antimatter,60,450;300;200;100;50,2,6,1.5,2.5,100,-10,5,250,40,5,250,60,1,8,11,0,0.06,4,0.5,50,8,5
37,1,60,FrameTimeStutter,6.000,antimatter,practice,2026-08-31T17:32:23.9802087-04:00,2,561,9.35503,16.6132,2126.02,1435.57,0.000,0.000,-2.3009,9.1666,12.2945,Left,0,0,0,0,0.0000,200.000,0,0.000,0,127.500,71.914,4.500,0.0300,0.0000,-20.00,antimatter,60,450;300;200;100;50,2,6,1.5,2.5,100,-10,5,250,40,5,250,60,1,8,11,0,0.06,4,0.5,50,8,5
37,1,60,FrameTimeStutter,6.000,antimatter,practice,2026-08-31T17:32:23.9802087-04:00,3,562,9.37276,17.7278,2126.02,1435.57,0.000,0.000,-2.3009,9.1666,12.2945,Left,1,1,0,1,-2.3009,100.000,0,0.000,0,127.500,71.914,4.500,0.0300,0.0000,-30.00,antimatter,60,450;300;200;100;50,2,6,1.5,2.5,100,-10,5,250,40,5,250,60,1,8,11,0,0.06,4,0.5,50,8,5
37,1,60,FrameTimeStutter,6.000,antimatter,practice,2026-08-31T17:32:23.9802087-04:00,3,563,9.38830,15.5379,2126.02,1435.57,0.000,0.000,-2.3009,9.1666,12.2945,Left,1,0,0,0,0.0000,100.000,0,0.000,0,127.500,71.914,4.500,0.0300,0.0000,-30.00,antimatter,60,450;300;200;100;50,2,6,1.5,2.5,100,-10,5,250,40,5,250,60,1,8,11,0,0.06,4,0.5,50,8,5
37,1,60,FrameTimeStutter,6.000,antimatter,practice,2026-08-31T17:32:23.9802087-04:00,3,564,9.40515,16.8519,2126.02,1435.57,0.000,0.000,-2.3009,9.1666,12.2945,Left,1,0,0,0,0.0000,100.000,0,0.000,0,127.500,71.914,4.500,0.0300,0.0000,-30.00,antimatter,60,450;300;200;100;50,2,6,1.5,2.5,100,-10,5,250,40,5,250,60,1,8,11,0,0.06,4,0.5,50,8,5
37,1,60,FrameTimeStutter,6.000,antimatter,practice,2026-08-31T17:32:23.9802087-04:00,3,565,9.42195,16.7976,2126.02,1435.57,0.000,0.000,-2.3009,9.1666,12.2945,Left,1,0,0,0,0.0000,100.000,0,0.000,0,127.500,71.914,4.500,0.0300,0.0000,-30.00,antimatter,60,450;300;200;100;50,2,6,1.5,2.5,100,-10,5,250,40,5,250,60,1,8,11,0,0.06,4,0.5,50,8,5
37,1,60,FrameTimeStutter,6.000,antimatter,practice,2026-08-31T17:32:23.9802087-04:00,3,566,9.43871,16.7646,2126.02,1435.57,0.000,0.000,-2.3009,9.1666,12.2945,Left,1,0,0,0,0.0000,100.000,0,0.000,0,127.500,71.914,4.500,0.0300,0.0000,-30.00,antimatter,60,450;300;200;100;50,2,6,1.5,2.5,100,-10,5,250,40,5,250,60,1,8,11,0,0.06,4,0.5,50,8,5
37,1,60,FrameTimeStutter,6.000,antimatter,practice,2026-08-31T17:32:23.9802087-04:00,3,567,9.45546,16.7468,2126.02,1435.57,0.000,0.000,-2.3009,9.1666,12.2945,Left,1,0,0,0,0.0000,100.000,0,0.000,0,127.500,71.914,4.500,0.0300,0.0000,-30.00,antimatter,60,450;300;200;100;50,2,6,1.5,2.5,100,-10,5,250,40,5,250,60,1,8,11,0,0.06,4,0.5,50,8,5
37,1,60,FrameTimeStutter,6.000,antimatter,practice,2026-08-31T17:32:23.9802087-04:00,3,568,9.47184,16.3838,2126.02,1435.57,0.000,0.000,-2.3009,9.1666,12.2945,Left,1,0,0,0,0.0000,100.000,0,0.000,0,127.500,71.914,4.500,0.0300,0.0000,-30.00,antimatter,60,450;300;200;100;50,2,6,1.5,2.5,100,-10,5,250,40,5,250,60,1,8,11,0,0.06,4,0.5,50,8,5
37,1,60,FrameTimeStutter,6.000,antimatter,practice,2026-08-31T17:32:23.9802087-04:00,3,569,9.48854,16.7001,2126.02,1435.57,0.000,0.000,-2.3009,9.1666,12.2945,Left,1,0,0,0,0.0000,100.000,0,0.000,0,127.500,71.914,4.500,0.0300,0.0000,-30.00,antimatter,60,450;300;200;100;50,2,6,1.5,2.5,100,-10,5,250,40,5,250,60,1,8,11,0,0.06,4,0.5,50,8,5
37,1,60,FrameTimeStutter,6.000,antimatter,practice,2026-08-31T17:32:23.9802087-04:00,3,570,9.50514,16.5960,2126.02,1435.57,0.000,0.000,-2.3009,9.1666,12.2945,Left,0,0,0,0,0.0000,100.000,0,0.000,0,127.500,71.914,4.500,0.0300,0.0000,-30.00,antimatter,60,450;300;200;100;50,2,6,1.5,2.5,100,-10,5,250,40,5,250,60,1,8,11,0,0.06,4,0.5,50,8,5
37,1,60,FrameTimeStutter,6.000,antimatter,practice,2026-08-31T17:32:23.9802087-04:00,3,571,9.52187,16.7317,2126.02,1435.57,0.000,0.000,-2.3009,9.1666,12.2945,Left,0,0,0,0,0.0000,100.000,0,0.000,0,127.500,71.914,4.500,0.0300,0.0000,-30.00,antimatter,60,450;300;200;100;50,2,6,1.5,2.5,100,-10,5,250,40,5,250,60,1,8,11,0,0.06,4,0.5,50,8,5
37,1,60,FrameTimeStutter,6.000,antimatter,practice,2026-08-31T17:32:23.9802087-04:00,3,572,9.53829,16.4168,2126.02,1435.57,0.000,0.000,-2.3009,9.1666,12.2945,Left,0,0,0,0,0.0000,100.000,0,0.000,0,127.500,71.914,4.500,0.0300,0.0000,-30.00,antimatter,60,450;300;200;100;50,2,6,1.5,2.5,100,-10,5,250,40,5,250,60,1,8,11,0,0.06,4,0.5,50,8,5
37,1,60,FrameTimeStutter,6.000,antimatter,practice,2026-08-31T17:32:23.9802087-04:00,3,573,9.55553,17.2386,2126.02,1435.57,0.000,0.000,-2.3009,9.1666,12.2945,Left,0,0,0,0,0.0000,100.000,0,0.000,0,127.500,71.914,4.500,0.0300,0.0000,-30.00,antimatter,60,450;300;200;100;50,2,6,1.5,2.5,100,-10,5,250,40,5,250,60,1,8,11,0,0.06,4,0.5,50,8,5
37,1,60,FrameTimeStutter,6.000,antimatter,practice,2026-08-31T17:32:23.9802087-04:00,3,574,9.57220,16.6735,2126.02,1435.57,0.000,0.000,-2.3009,9.1666,12.2945,Left,0,0,0,0,0.0000,100.000,0,0.000,0,127.500,71.914,4.500,0.0300,0.0000,-30.00,antimatter,60,450;300;200;100;50,2,6,1.5,2.5,100,-10,5,250,40,5,250,60,1,8,11,0,0.06,4,0.5,50,8,5
37,1,60,FrameTimeStutter,6.000,antimatter,practice,2026-08-31T17:32:23.9802087-04:00,3,575,9.58907,16.8697,2126.02,1435.57,0.000,0.000,-2.3009,9.1666,12.2945,Left,0,0,0,0,0.0000,100.000,0,0.000,0,127.500,71.914,4.500,0.0300,0.0000,-30.00,antimatter,60,450;300;200;100;50,2,6,1.5,2.5,100,-10,5,250,40,5,250,60,1,8,11,0,0.06,4,0.5,50,8,5
37,1,60,FrameTimeStutter,6.000,antimatter,practice,2026-08-31T17:32:23.9802087-04:00,3,576,9.60561,16.5447,2126.02,1435.57,0.000,0.000,-2.3009,9.1666,12.2945,Left,0,0,0,0,0.0000,100.000,0,0.000,0,127.500,71.914,4.500,0.0300,0.0000,-30.00,antimatter,60,450;300;200;100;50,2,6,1.5,2.5,100,-10,5,250,40,5,250,60,1,8,11,0,0.06,4,0.5,50,8,5
37,1,60,FrameTimeStutter,6.000,antimatter,practice,2026-08-31T17:32:23.9802087-04:00,3,577,9.62233,16.7123,2126.02,1435.57,0.000,0.000,-2.3009,9.1666,12.2945,Left,0,0,0,0,0.0000,100.000,0,0.000,0,127.500,71.914,4.500,0.0300,0.0000,-30.00,antimatter,60,450;300;200;100;50,2,6,1.5,2.5,100,-10,5,250,40,5,250,60,1,8,11,0,0.06,4,0.5,50,8,5
37,1,60,FrameTimeStutter,6.000,antimatter,practice,2026-08-31T17:32:23.9802087-04:00,3,578,9.63837,16.0464,2126.02,1435.57,0.000,0.000,-2.3009,9.1666,12.2945,Left,0,0,0,0,0.0000,100.000,0,0.000,0,127.500,71.914,4.500,0.0300,0.0000,-30.00,antimatter,60,450;300;200;100;50,2,6,1.5,2.5,100,-10,5,250,40,5,250,60,1,8,11,0,0.06,4,0.5,50,8,5
37,1,60,FrameTimeStutter,6.000,antimatter,practice,2026-08-31T17:32:23.9802087-04:00,3,579,9.65539,17.0191,2126.02,1435.57,0.000,0.000,-2.3009,9.1666,12.2945,Left,0,0,0,0,0.0000,100.000,0,0.000,0,127.500,71.914,4.500,0.0300,0.0000,-30.00,antimatter,60,450;300;200;100;50,2,6,1.5,2.5,100,-10,5,250,40,5,250,60,1,8,11,0,0.06,4,0.5,50,8,5
37,1,60,FrameTimeStutter,6.000,antimatter,practice,2026-08-31T17:32:23.9802087-04:00,3,580,9.67221,16.8186,2126.02,1435.57,0.000,0.000,-2.3009,9.1666,12.2945,Left,0,0,0,0,0.0000,100.000,0,0.000,0,127.500,71.914,4.500,0.0300,0.0000,-30.00,antimatter,60,450;300;200;100;50,2,6,1.5,2.5,100,-10,5,250,40,5,250,60,1,8,11,0,0.06,4,0.5,50,8,5
37,1,60,FrameTimeStutter,6.000,antimatter,practice,2026-08-31T17:32:23.9802087-04:00,3,581,9.68859,16.3836,2126.02,1435.57,0.000,0.000,-2.3009,9.1666,12.2945,Left,0,0,0,0,0.0000,100.000,0,0.000,0,127.500,71.914,4.500,0.0300,0.0000,-30.00,antimatter,60,450;300;200;100;50,2,6,1.5,2.5,100,-10,5,250,40,5,250,60,1,8,11,0,0.06,4,0.5,50,8,5
37,1,60,FrameTimeStutter,6.000,antimatter,practice,2026-08-31T17:32:23.9802087-04:00,3,582,9.70516,16.5677,2126.02,1435.57,0.000,0.000,-2.3009,9.1666,12.2945,Left,0,0,0,0,0.0000,100.000,0,0.000,0,127.500,71.914,4.500,0.0300,0.0000,-30.00,antimatter,60,450;300;200;100;50,2,6,1.5,2.5,100,-10,5,250,40,5,250,60,1,8,11,0,0.06,4,0.5,50,8,5
37,1,60,FrameTimeStutter,6.000,antimatter,practice,2026-08-31T17:32:23.9802087-04:00,3,583,9.72200,16.8379,2126.02,1435.57,0.000,0.000,-2.3009,9.1666,12.2945,Left,0,0,0,0,0.0000,100.000,0,0.000,0,127.500,71.914,4.500,0.0300,0.0000,-30.00,antimatter,60,450;300;200;100;50,2,6,1.5,2.5,100,-10,5,250,40,5,250,60,1,8,11,0,0.06,4,0.5,50,8,5
37,1,60,FrameTimeStutter,6.000,antimatter,practice,2026-08-31T17:32:23.9802087-04:00,3,584,9.73869,16.6909,2126.02,1435.57,0.000,0.000,-2.3009,9.1666,12.2945,Left,0,0,0,0,0.0000,100.000,0,0.000,0,127.500,71.914,4.500,0.0300,0.0000,-30.00,antimatter,60,450;300;200;100;50,2,6,1.5,2.5,100,-10,5,250,40,5,250,60,1,8,11,0,0.06,4,0.5,50,8,5
37,1,60,FrameTimeStutter,6.000,antimatter,practice,2026-08-31T17:32:23.9802087-04:00,3,585,9.75517,16.4832,2126.02,1435.57,0.000,0.000,-2.3009,9.1666,12.2945,Left,0,0,0,0,0.0000,100.000,0,0.000,0,127.500,71.914,4.500,0.0300,0.0000,-30.00,antimatter,60,450;300;200;100;50,2,6,1.5,2.5,100,-10,5,250,40,5,250,60,1,8,11,0,0.06,4,0.5,50,8,5
37,1,60,FrameTimeStutter,6.000,antimatter,practice,2026-08-31T17:32:23.9802087-04:00,3,586,9.77211,16.9399,2126.02,1435.57,0.000,0.000,-2.3009,9.1666,12.2945,Left,0,0,0,0,0.0000,100.000,0,0.000,0,127.500,71.914,4.500,0.0300,0.0000,-30.00,antimatter,60,450;300;200;100;50,2,6,1.5,2.5,100,-10,5,250,40,5,250,60,1,8,11,0,0.06,4,0.5,50,8,5
37,1,60,FrameTimeStutter,6.000,antimatter,practice,2026-08-31T17:32:23.9802087-04:00,3,587,9.78841,16.2965,2126.02,1435.57,0.000,0.000,-2.3009,9.1666,12.2945,Left,0,0,0,0,0.0000,100.000,0,0.000,0,127.500,71.914,4.500,0.0300,0.0000,-30.00,antimatter,60,450;300;200;100;50,2,6,1.5,2.5,100,-10,5,250,40,5,250,60,1,8,11,0,0.06,4,0.5,50,8,5
37,1,60,FrameTimeStutter,6.000,antimatter,practice,2026-08-31T17:32:23.9802087-04:00,3,588,9.80578,17.3665,2126.02,1435.57,0.000,0.000,-2.3009,9.1666,12.2945,Left,0,0,0,0,0.0000,100.000,0,0.000,0,127.500,71.914,4.500,0.0300,0.0000,-30.00,antimatter,60,450;300;200;100;50,2,6,1.5,2.5,100,-10,5,250,40,5,250,60,1,8,11,0,0.06,4,0.5,50,8,5
37,1,60,FrameTimeStutter,6.000,antimatter,practice,2026-08-31T17:32:23.9802087-04:00,3,589,9.82160,15.8264,2126.02,1435.57,0.000,0.000,-2.3009,9.1666,12.2945,Left,0,0,0,0,0.0000,100.000,0,0.000,0,127.500,71.914,4.500,0.0300,0.0000,-30.00,antimatter,60,450;300;200;100;50,2,6,1.5,2.5,100,-10,5,250,40,5,250,60,1,8,11,0,0.06,4,0.5,50,8,5
37,1,60,FrameTimeStutter,6.000,antimatter,practice,2026-08-31T17:32:23.9802087-04:00,3,590,9.83887,17.2645,2126.02,1435.57,0.000,0.000,-2.3009,9.1666,12.2945,Left,0,0,0,0,0.0000,100.000,0,0.000,0,127.500,71.914,4.500,0.0300,0.0000,-30.00,antimatter,60,450;300;200;100;50,2,6,1.5,2.5,100,-10,5,250,40,5,250,60,1,8,11,0,0.06,4,0.5,50,8,5
37,1,60,FrameTimeStutter,6.000,antimatter,practice,2026-08-31T17:32:23.9802087-04:00,3,591,9.85515,16.2821,2126.02,1435.57,0.000,0.000,-2.3009,9.1666,12.2945,Left,0,0,0,0,0.0000,100.000,0,0.000,0,127.500,71.914,4.500,0.0300,0.0000,-30.00,antimatter,60,450;300;200;100;50,2,6,1.5,2.5,100,-10,5,250,40,5,250,60,1,8,11,0,0.06,4,0.5,50,8,5
37,1,60,FrameTimeStutter,6.000,antimatter,practice,2026-08-31T17:32:23.9802087-04:00,3,592,9.87218,17.0300,2126.02,1435.57,0.000,0.000,-2.3009,9.1666,12.2945,Left,0,0,0,0,0.0000,100.000,0,0.000,0,127.500,71.914,4.500,0.0300,0.0000,-30.00,antimatter,60,450;300;200;100;50,2,6,1.5,2.5,100,-10,5,250,40,5,250,60,1,8,11,0,0.06,4,0.5,50,8,5
37,1,60,FrameTimeStutter,6.000,antimatter,practice,2026-08-31T17:32:23.9802087-04:00,3,593,9.88888,16.7004,2126.02,1435.57,0.000,0.000,-2.3009,9.1666,12.2945,Left,0,0,0,0,0.0000,100.000,0,0.000,0,127.500,71.914,4.500,0.0300,0.0000,-30.00,antimatter,60,450;300;200;100;50,2,6,1.5,2.5,100,-10,5,250,40,5,250,60,1,8,11,0,0.06,4,0.5,50,8,5
37,1,60,FrameTimeStutter,6.000,antimatter,practice,2026-08-31T17:32:23.9802087-04:00,3,594,9.90517,16.2941,2126.02,1435.57,0.000,0.000,-2.3009,9.1666,12.2945,Left,0,0,0,0,0.0000,100.000,0,0.000,0,127.500,71.914,4.500,0.0300,0.0000,-30.00,antimatter,60,450;300;200;100;50,2,6,1.5,2.5,100,-10,5,250,40,5,250,60,1,8,11,0,0.06,4,0.5,50,8,5
37,1,60,FrameTimeStutter,6.000,antimatter,practice,2026-08-31T17:32:23.9802087-04:00,3,595,9.92173,16.5608,2126.02,1435.57,0.000,0.000,-2.3009,9.1666,12.2945,Left,0,0,0,0,0.0000,100.000,0,0.000,0,127.500,71.914,4.500,0.0300,0.0000,-30.00,antimatter,60,450;300;200;100;50,2,6,1.5,2.5,100,-10,5,250,40,5,250,60,1,8,11,0,0.06,4,0.5,50,8,5
37,1,60,FrameTimeStutter,6.000,antimatter,practice,2026-08-31T17:32:23.9802087-04:00,3,596,9.93845,16.7209,2126.02,1435.57,0.000,0.000,-2.3009,9.1666,12.2945,Left,0,0,0,0,0.0000,100.000,0,0.000,0,127.500,71.914,4.500,0.0300,0.0000,-30.00,antimatter,60,450;300;200;100;50,2,6,1.5,2.5,100,-10,5,250,40,5,250,60,1,8,11,0,0.06,4,0.5,50,8,5
37,1,60,FrameTimeStutter,6.000,antimatter,practice,2026-08-31T17:32:23.9802087-04:00,3,597,9.95527,16.8152,2126.02,1435.57,0.000,0.000,-2.3009,9.1666,12.2945,Left,0,0,0,0,0.0000,100.000,0,0.000,0,127.500,71.914,4.500,0.0300,0.0000,-30.00,antimatter,60,450;300;200;100;50,2,6,1.5,2.5,100,-10,5,250,40,5,250,60,1,8,11,0,0.06,4,0.5,50,8,5
37,1,60,FrameTimeStutter,6.000,antimatter,practice,2026-08-31T17:32:23.9802087-04:00,3,598,9.97225,16.9788,2126.02,1435.57,0.000,0.000,-2.3009,9.1666,12.2945,Left,0,0,0,0,0.0000,100.000,0,0.000,0,127.500,71.914,4.500,0.0300,0.0000,-30.00,antimatter,60,450;300;200;100;50,2,6,1.5,2.5,100,-10,5,250,40,5,250,60,1,8,11,0,0.06,4,0.5,50,8,5
37,1,60,FrameTimeStutter,6.000,antimatter,practice,2026-08-31T17:32:23.9802087-04:00,3,599,9.98882,16.5699,2126.02,1435.57,0.000,0.000,-2.3009,9.1666,12.2945,Left,0,0,0,0,0.0000,100.000,0,0.000,0,127.500,71.914,4.500,0.0300,0.0000,-30.00,antimatter,60,450;300;200;100;50,2,6,1.5,2.5,100,-10,5,250,40,5,250,60,1,8,11,0,0.06,4,0.5,50,8,5
37,1,60,FrameTimeStutter,6.000,antimatter,practice,2026-08-31T17:32:23.9802087-04:00,3,600,10.00539,16.5697,2126.02,1435.57,0.000,0.000,-2.3009,9.1666,12.2945,Left,0,0,0,0,0.0000,100.000,0,0.000,0,127.500,71.914,4.500,0.0300,0.0000,-30.00,antimatter,60,450;300;200;100;50,2,6,1.5,2.5,100,-10,5,250,40,5,250,60,1,8,11,0,0.06,4,0.5,50,8,5
37,1,60,FrameTimeStutter,6.000,antimatter,practice,2026-08-31T17:32:23.9802087-04:00,3,601,10.02213,16.7456,2126.02,1435.57,0.000,0.000,-2.3009,9.1666,12.2945,Left,0,0,0,0,0.0000,100.000,0,0.000,0,127.500,71.914,4.500,0.0300,0.0000,-30.00,antimatter,60,450;300;200;100;50,2,6,1.5,2.5,100,-10,5,250,40,5,250,60,1,8,11,0,0.06,4,0.5,50,8,5
37,1,60,FrameTimeStutter,6.000,antimatter,practice,2026-08-31T17:32:23.9802087-04:00,3,602,10.03881,16.6775,2126.02,1435.57,0.000,0.000,-2.3009,9.1666,12.2945,Left,0,0,0,0,0.0000,100.000,0,0.000,0,127.500,71.914,4.500,0.0300,0.0000,-30.00,antimatter,60,450;300;200;100;50,2,6,1.5,2.5,100,-10,5,250,40,5,250,60,1,8,11,0,0.06,4,0.5,50,8,5
37,1,60,FrameTimeStutter,6.000,antimatter,practice,2026-08-31T17:32:23.9802087-04:00,3,603,10.05549,16.6835,2126.02,1435.57,0.000,0.000,-2.3009,9.1666,12.2945,Left,0,0,0,0,0.0000,100.000,0,0.000,0,127.500,71.914,4.500,0.0300,0.0000,-30.00,antimatter,60,450;300;200;100;50,2,6,1.5,2.5,100,-10,5,250,40,5,250,60,1,8,11,0,0.06,4,0.5,50,8,5
37,1,60,FrameTimeStutter,6.000,antimatter,practice,2026-08-31T17:32:23.9802087-04:00,3,604,10.07261,17.1202,2126.02,1435.57,0.000,0.000,-2.3009,9.1666,12.2945,Left,0,0,0,0,0.0000,100.000,0,0.000,0,127.500,71.914,4.500,0.0300,0.0000,-30.00,antimatter,60,450;300;200;100;50,2,6,1.5,2.5,100,-10,5,250,40,5,250,60,1,8,11,0,0.06,4,0.5,50,8,5
37,1,60,FrameTimeStutter,6.000,antimatter,practice,2026-08-31T17:32:23.9802087-04:00,3,605,10.08818,15.5665,2126.02,1435.57,0.000,0.000,-2.3009,9.1666,12.2945,Left,0,0,0,0,0.0000,100.000,0,0.000,0,127.500,71.914,4.500,0.0300,0.0000,-30.00,antimatter,60,450;300;200;100;50,2,6,1.5,2.5,100,-10,5,250,40,5,250,60,1,8,11,0,0.06,4,0.5,50,8,5
37,1,60,FrameTimeStutter,6.000,antimatter,practice,2026-08-31T17:32:23.9802087-04:00,3,606,10.10516,16.9823,2126.02,1435.57,0.000,0.000,-2.3009,9.1666,12.2945,Left,0,0,0,0,0.0000,100.000,0,0.000,0,127.500,71.914,4.500,0.0300,0.0000,-30.00,antimatter,60,450;300;200;100;50,2,6,1.5,2.5,100,-10,5,250,40,5,250,60,1,8,11,0,0.06,4,0.5,50,8,5
37,1,60,FrameTimeStutter,6.000,antimatter,practice,2026-08-31T17:32:23.9802087-04:00,3,607,10.12178,16.6145,2126.02,1435.57,0.000,0.000,-2.3009,9.1666,12.2945,Left,0,0,0,0,0.0000,100.000,0,0.000,0,127.500,71.914,4.500,0.0300,0.0000,-30.00,antimatter,60,450;300;200;100;50,2,6,1.5,2.5,100,-10,5,250,40,5,250,60,1,8,11,0,0.06,4,0.5,50,8,5
37,1,60,FrameTimeStutter,6.000,antimatter,practice,2026-08-31T17:32:23.9802087-04:00,3,608,10.13828,16.5058,2126.02,1435.57,0.000,0.000,-2.3009,9.1666,12.2945,Left,0,0,0,0,0.0000,100.000,0,0.000,0,127.500,71.914,4.500,0.0300,0.0000,-30.00,antimatter,60,450;300;200;100;50,2,6,1.5,2.5,100,-10,5,250,40,5,250,60,1,8,11,0,0.06,4,0.5,50,8,5
37,1,60,FrameTimeStutter,6.000,antimatter,practice,2026-08-31T17:32:23.9802087-04:00,3,609,10.15587,17.5882,2126.02,1435.57,0.000,0.000,-2.3009,9.1666,12.2945,Left,0,0,0,0,0.0000,100.000,0,0.000,0,127.500,71.914,4.500,0.0300,0.0000,-30.00,antimatter,60,450;300;200;100;50,2,6,1.5,2.5,100,-10,5,250,40,5,250,60,1,8,11,0,0.06,4,0.5,50,8,5
37,1,60,FrameTimeStutter,6.000,antimatter,practice,2026-08-31T17:32:23.9802087-04:00,3,610,10.17174,15.8647,2126.02,1435.57,0.000,0.000,-2.3009,9.1666,12.2945,Left,0,0,0,0,0.0000,100.000,0,0.000,0,127.500,71.914,4.500,0.0300,0.0000,-30.00,antimatter,60,450;300;200;100;50,2,6,1.5,2.5,100,-10,5,250,40,5,250,60,1,8,11,0,0.06,4,0.5,50,8,5
37,1,60,FrameTimeStutter,6.000,antimatter,practice,2026-08-31T17:32:23.9802087-04:00,3,611,10.18899,17.2488,2126.02,1435.57,0.000,0.000,-2.3009,9.1666,12.2945,Left,0,0,0,0,0.0000,100.000,0,0.000,0,127.500,71.914,4.500,0.0300,0.0000,-30.00,antimatter,60,450;300;200;100;50,2,6,1.5,2.5,100,-10,5,250,40,5,250,60,1,8,11,0,0.06,4,0.5,50,8,5
37,1,60,FrameTimeStutter,6.000,antimatter,practice,2026-08-31T17:32:23.9802087-04:00,3,612,10.20568,16.6941,2126.02,1435.57,0.000,0.000,-2.3009,9.1666,12.2945,Left,0,0,0,0,0.0000,100.000,0,0.000,0,127.500,71.914,4.500,0.0300,0.0000,-30.00,antimatter,60,450;300;200;100;50,2,6,1.5,2.5,100,-10,5,250,40,5,250,60,1,8,11,0,0.06,4,0.5,50,8,5
37,1,60,FrameTimeStutter,6.000,antimatter,practice,2026-08-31T17:32:23.9802087-04:00,3,613,10.22222,16.5388,2126.02,1435.57,0.000,0.000,-2.3009,9.1666,12.2945,Left,0,0,0,0,0.0000,100.000,0,0.000,0,127.500,71.914,4.500,0.0300,0.0000,-30.00,antimatter,60,450;300;200;100;50,2,6,1.5,2.5,100,-10,5,250,40,5,250,60,1,8,11,0,0.06,4,0.5,50,8,5
37,1,60,FrameTimeStutter,6.000,antimatter,practice,2026-08-31T17:32:23.9802087-04:00,3,614,10.23916,16.9431,2126.02,1435.57,0.000,0.000,-2.3009,9.1666,12.2945,Left,0,0,0,0,0.0000,100.000,0,0.000,0,127.500,71.914,4.500,0.0300,0.0000,-30.00,antimatter,60,450;300;200;100;50,2,6,1.5,2.5,100,-10,5,250,40,5,250,60,1,8,11,0,0.06,4,0.5,50,8,5
37,1,60,FrameTimeStutter,6.000,antimatter,practice,2026-08-31T17:32:23.9802087-04:00,3,615,10.25531,16.1496,2126.02,1435.57,0.000,0.000,-2.3009,9.1666,12.2945,Left,0,0,0,0,0.0000,100.000,0,0.000,0,127.500,71.914,4.500,0.0300,0.0000,-30.00,antimatter,60,450;300;200;100;50,2,6,1.5,2.5,100,-10,5,250,40,5,250,60,1,8,11,0,0.06,4,0.5,50,8,5
37,1,60,FrameTimeStutter,6.000,antimatter,practice,2026-08-31T17:32:23.9802087-04:00,3,616,10.27193,16.6214,2126.02,1435.57,0.000,0.000,-2.3009,9.1666,12.2945,Left,0,0,0,0,0.0000,100.000,0,0.000,0,127.500,71.914,4.500,0.0300,0.0000,-30.00,antimatter,60,450;300;200;100;50,2,6,1.5,2.5,100,-10,5,250,40,5,250,60,1,8,11,0,0.06,4,0.5,50,8,5
37,1,60,FrameTimeStutter,6.000,antimatter,practice,2026-08-31T17:32:23.9802087-04:00,3,617,10.28889,16.9618,2126.02,1435.57,0.000,0.000,-2.3009,9.1666,12.2945,Left,0,0,0,0,0.0000,100.000,0,0.000,0,127.500,71.914,4.500,0.0300,0.0000,-30.00,antimatter,60,450;300;200;100;50,2,6,1.5,2.5,100,-10,5,250,40,5,250,60,1,8,11,0,0.06,4,0.5,50,8,5
37,1,60,FrameTimeStutter,6.000,antimatter,practice,2026-08-31T17:32:23.9802087-04:00,3,618,10.30529,16.3985,2126.02,1435.57,0.000,0.000,-2.3009,9.1666,12.2945,Left,0,0,0,0,0.0000,100.000,0,0.000,0,127.500,71.914,4.500,0.0300,0.0000,-30.00,antimatter,60,450;300;200;100;50,2,6,1.5,2.5,100,-10,5,250,40,5,250,60,1,8,11,0,0.06,4,0.5,50,8,5
37,1,60,FrameTimeStutter,6.000,antimatter,practice,2026-08-31T17:32:23.9802087-04:00,3,619,10.32161,16.3153,2126.02,1435.57,0.000,0.000,-2.3009,9.1666,12.2945,Left,0,0,0,0,0.0000,100.000,0,0.000,0,127.500,71.914,4.500,0.0300,0.0000,-30.00,antimatter,60,450;300;200;100;50,2,6,1.5,2.5,100,-10,5,250,40,5,250,60,1,8,11,0,0.06,4,0.5,50,8,5
37,1,60,FrameTimeStutter,6.000,antimatter,practice,2026-08-31T17:32:23.9802087-04:00,3,620,10.33911,17.5057,2126.02,1435.57,0.000,0.000,-2.3009,9.1666,12.2945,Left,0,0,0,0,0.0000,100.000,0,0.000,0,127.500,71.914,4.500,0.0300,0.0000,-30.00,antimatter,60,450;300;200;100;50,2,6,1.5,2.5,100,-10,5,250,40,5,250,60,1,8,11,0,0.06,4,0.5,50,8,5
37,1,60,FrameTimeStutter,6.000,antimatter,practice,2026-08-31T17:32:23.9802087-04:00,3,621,10.35545,16.3405,2126.02,1435.57,0.000,0.000,-2.3009,9.1666,12.2945,Left,0,0,0,0,0.0000,100.000,0,0.000,0,127.500,71.914,4.500,0.0300,0.0000,-30.00,antimatter,60,450;300;200;100;50,2,6,1.5,2.5,100,-10,5,250,40,5,250,60,1,8,11,0,0.06,4,0.5,50,8,5
37,1,60,FrameTimeStutter,6.000,antimatter,practice,2026-08-31T17:32:23.9802087-04:00,3,622,10.37223,16.7733,2126.02,1435.57,0.000,0.000,-2.3009,9.1666,12.2945,Left,0,0,0,0,0.0000,100.000,0,0.000,0,127.500,71.914,4.500,0.0300,0.0000,-30.00,antimatter,60,450;300;200;100;50,2,6,1.5,2.5,100,-10,5,250,40,5,250,60,1,8,11,0,0.06,4,0.5,50,8,5
37,1,60,FrameTimeStutter,6.000,antimatter,practice,2026-08-31T17:32:23.9802087-04:00,3,623,10.38870,16.4695,2126.02,1435.57,0.000,0.000,-2.3009,9.1666,12.2945,Left,0,0,0,0,0.0000,100.000,0,0.000,0,127.500,71.914,4.500,0.0300,0.0000,-30.00,antimatter,60,450;300;200;100;50,2,6,1.5,2.5,100,-10,5,250,40,5,250,60,1,8,11,0,0.06,4,0.5,50,8,5
37,1,60,FrameTimeStutter,6.000,antimatter,practice,2026-08-31T17:32:23.9802087-04:00,3,624,10.40525,16.5506,2126.02,1435.57,0.000,0.000,-2.3009,9.1666,12.2945,Left,0,0,0,0,0.0000,100.000,0,0.000,0,127.500,71.914,4.500,0.0300,0.0000,-30.00,antimatter,60,450;300;200;100;50,2,6,1.5,2.5,100,-10,5,250,40,5,250,60,1,8,11,0,0.06,4,0.5,50,8,5
37,1,60,FrameTimeStutter,6.000,antimatter,practice,2026-08-31T17:32:23.9802087-04:00,3,625,10.42156,16.3127,2126.02,1435.57,0.000,0.000,-2.3009,9.1666,12.2945,Left,0,0,0,0,0.0000,100.000,0,0.000,0,127.500,71.914,4.500,0.0300,0.0000,-30.00,antimatter,60,450;300;200;100;50,2,6,1.5,2.5,100,-10,5,250,40,5,250,60,1,8,11,0,0.06,4,0.5,50,8,5
37,1,60,FrameTimeStutter,6.000,antimatter,practice,2026-08-31T17:32:23.9802087-04:00,3,626,10.43840,16.8364,2126.02,1435.57,0.000,0.000,-2.3009,9.1666,12.2945,Left,0,0,0,0,0.0000,100.000,0,0.000,0,127.500,71.914,4.500,0.0300,0.0000,-30.00,antimatter,60,450;300;200;100;50,2,6,1.5,2.5,100,-10,5,250,40,5,250,60,1,8,11,0,0.06,4,0.5,50,8,5
37,1,60,FrameTimeStutter,6.000,antimatter,practice,2026-08-31T17:32:23.9802087-04:00,3,627,10.45533,16.9377,2126.02,1435.57,0.000,0.000,-2.3009,9.1666,12.2945,Left,0,0,0,0,0.0000,100.000,0,0.000,0,127.500,71.914,4.500,0.0300,0.0000,-30.00,antimatter,60,450;300;200;100;50,2,6,1.5,2.5,100,-10,5,250,40,5,250,60,1,8,11,0,0.06,4,0.5,50,8,5
37,1,60,FrameTimeStutter,6.000,antimatter,practice,2026-08-31T17:32:23.9802087-04:00,3,628,10.47114,15.8035,2126.02,1435.57,0.000,0.000,-2.3009,9.1666,12.2945,Left,0,0,0,0,0.0000,100.000,0,0.000,0,127.500,71.914,4.500,0.0300,0.0000,-30.00,antimatter,60,450;300;200;100;50,2,6,1.5,2.5,100,-10,5,250,40,5,250,60,1,8,11,0,0.06,4,0.5,50,8,5
37,1,60,FrameTimeStutter,6.000,antimatter,practice,2026-08-31T17:32:23.9802087-04:00,3,629,10.48807,16.9303,2126.02,1435.57,0.000,0.000,-2.3009,9.1666,12.2945,Left,0,0,0,0,0.0000,100.000,0,0.000,0,127.500,71.914,4.500,0.0300,0.0000,-30.00,antimatter,60,450;300;200;100;50,2,6,1.5,2.5,100,-10,5,250,40,5,250,60,1,8,11,0,0.06,4,0.5,50,8,5
37,1,60,FrameTimeStutter,6.000,antimatter,practice,2026-08-31T17:32:23.9802087-04:00,3,630,10.50441,16.3445,2126.02,1435.57,0.000,0.000,-2.3009,9.1666,12.2945,Left,0,0,0,0,0.0000,100.000,0,0.000,0,127.500,71.914,4.500,0.0300,0.0000,-30.00,antimatter,60,450;300;200;100;50,2,6,1.5,2.5,100,-10,5,250,40,5,250,60,1,8,11,0,0.06,4,0.5,50,8,5
37,1,60,FrameTimeStutter,6.000,antimatter,practice,2026-08-31T17:32:23.9802087-04:00,3,631,10.54058,36.1637,2126.02,1435.57,0.000,0.000,-2.3009,9.1666,12.2945,Left,0,0,0,0,0.0000,100.000,0,0.000,0,127.500,71.914,4.500,0.0300,0.0000,-30.00,antimatter,60,450;300;200;100;50,2,6,1.5,2.5,100,-10,5,250,40,5,250,60,1,8,11,0,0.06,4,0.5,50,8,5
37,1,60,FrameTimeStutter,6.000,antimatter,practice,2026-08-31T17:32:23.9802087-04:00,3,632,10.54505,4.4732,2126.02,1435.57,0.000,0.000,-2.3009,9.1666,12.2945,Left,0,0,0,0,0.0000,100.000,0,0.000,0,127.500,71.914,4.500,0.0300,0.0000,-30.00,antimatter,60,450;300;200;100;50,2,6,1.5,2.5,100,-10,5,250,40,5,250,60,1,8,11,0,0.06,4,0.5,50,8,5
37,1,60,FrameTimeStutter,6.000,antimatter,practice,2026-08-31T17:32:23.9802087-04:00,3,633,10.56264,17.5859,2126.02,1435.57,0.000,0.000,-2.3009,9.1666,12.2945,Left,0,0,0,0,0.0000,100.000,0,0.000,0,127.500,71.914,4.500,0.0300,0.0000,-30.00,antimatter,60,450;300;200;100;50,2,6,1.5,2.5,100,-10,5,250,40,5,250,60,1,8,11,0,0.06,4,0.5,50,8,5
37,1,60,FrameTimeStutter,6.000,antimatter,practice,2026-08-31T17:32:23.9802087-04:00,3,634,10.57906,16.4235,2126.02,1435.57,0.000,0.000,-2.3009,9.1666,12.2945,Left,0,0,0,0,0.0000,100.000,0,0.000,0,127.500,71.914,4.500,0.0300,0.0000,-30.00,antimatter,60,450;300;200;100;50,2,6,1.5,2.5,100,-10,5,250,40,5,250,60,1,8,11,0,0.06,4,0.5,50,8,5
37,1,60,FrameTimeStutter,6.000,antimatter,practice,2026-08-31T17:32:23.9802087-04:00,3,635,10.59425,15.1937,2126.02,1435.57,0.000,0.000,-2.3009,9.1666,12.2945,Left,0,0,0,0,0.0000,100.000,0,0.000,0,127.500,71.914,4.500,0.0300,0.0000,-30.00,antimatter,60,450;300;200;100;50,2,6,1.5,2.5,100,-10,5,250,40,5,250,60,1,8,11,0,0.06,4,0.5,50,8,5
37,1,60,FrameTimeStutter,6.000,antimatter,practice,2026-08-31T17:32:23.9802087-04:00,3,636,10.61211,17.8579,2126.02,1435.57,0.000,0.000,-2.3009,9.1666,12.2945,Left,0,0,0,0,0.0000,100.000,0,0.000,0,127.500,71.914,4.500,0.0300,0.0000,-30.00,antimatter,60,450;300;200;100;50,2,6,1.5,2.5,100,-10,5,250,40,5,250,60,1,8,11,0,0.06,4,0.5,50,8,5
37,1,60,FrameTimeStutter,6.000,antimatter,practice,2026-08-31T17:32:23.9802087-04:00,3,637,10.62932,17.2140,2126.02,1435.57,0.000,0.000,-2.3009,9.1666,12.2945,Left,0,0,0,0,0.0000,100.000,0,0.000,0,127.500,71.914,4.500,0.0300,0.0000,-30.00,antimatter,60,450;300;200;100;50,2,6,1.5,2.5,100,-10,5,250,40,5,250,60,1,8,11,0,0.06,4,0.5,50,8,5
37,1,60,FrameTimeStutter,6.000,antimatter,practice,2026-08-31T17:32:23.9802087-04:00,3,638,10.64543,16.1069,2126.02,1435.57,0.000,0.000,-2.3009,9.1666,12.2945,Left,0,0,0,0,0.0000,100.000,0,0.000,0,127.500,71.914,4.500,0.0300,0.0000,-30.00,antimatter,60,450;300;200;100;50,2,6,1.5,2.5,100,-10,5,250,40,5,250,60,1,8,11,0,0.06,4,0.5,50,8,5
37,1,60,FrameTimeStutter,6.000,antimatter,practice,2026-08-31T17:32:23.9802087-04:00,3,639,10.66229,16.8612,2126.02,1435.57,0.000,0.000,-2.3009,9.1666,12.2945,Left,0,0,0,0,0.0000,100.000,0,0.000,0,127.500,71.914,4.500,0.0300,0.0000,-30.00,antimatter,60,450;300;200;100;50,2,6,1.5,2.5,100,-10,5,250,40,5,250,60,1,8,11,0,0.06,4,0.5,50,8,5
37,1,60,FrameTimeStutter,6.000,antimatter,practice,2026-08-31T17:32:23.9802087-04:00,3,640,10.67863,16.3414,2126.02,1435.57,0.000,0.000,-2.3009,9.1666,12.2945,Left,0,0,0,0,0.0000,100.000,0,0.000,0,127.500,71.914,4.500,0.0300,0.0000,-30.00,antimatter,60,450;300;200;100;50,2,6,1.5,2.5,100,-10,5,250,40,5,250,60,1,8,11,0,0.06,4,0.5,50,8,5
37,1,60,FrameTimeStutter,6.000,antimatter,practice,2026-08-31T17:32:23.9802087-04:00,3,641,10.69552,16.8868,2126.02,1435.57,0.000,0.000,-2.3009,9.1666,12.2945,Left,0,0,0,0,0.0000,100.000,0,0.000,0,127.500,71.914,4.500,0.0300,0.0000,-30.00,antimatter,60,450;300;200;100;50,2,6,1.5,2.5,100,-10,5,250,40,5,250,60,1,8,11,0,0.06,4,0.5,50,8,5
37,1,60,FrameTimeStutter,6.000,antimatter,practice,2026-08-31T17:32:23.9802087-04:00,3,642,10.71226,16.7368,2126.02,1435.57,0.000,0.000,-2.3009,9.1666,12.2945,Left,0,0,0,0,0.0000,100.000,0,0.000,0,127.500,71.914,4.500,0.0300,0.0000,-30.00,antimatter,60,450;300;200;100;50,2,6,1.5,2.5,100,-10,5,250,40,5,250,60,1,8,11,0,0.06,4,0.5,50,8,5
37,1,60,FrameTimeStutter,6.000,antimatter,practice,2026-08-31T17:32:23.9802087-04:00,3,643,10.72929,17.0327,2126.02,1435.57,0.000,0.000,-2.3009,9.1666,12.2945,Left,0,0,0,0,0.0000,100.000,0,0.000,0,127.500,71.914,4.500,0.0300,0.0000,-30.00,antimatter,60,450;300;200;100;50,2,6,1.5,2.5,100,-10,5,250,40,5,250,60,1,8,11,0,0.06,4,0.5,50,8,5
37,1,60,FrameTimeStutter,6.000,antimatter,practice,2026-08-31T17:32:23.9802087-04:00,3,644,10.74540,16.1121,2126.02,1435.57,0.000,0.000,-2.3009,9.1666,12.2945,Left,0,0,0,0,0.0000,100.000,0,0.000,0,127.500,71.914,4.500,0.0300,0.0000,-30.00,antimatter,60,450;300;200;100;50,2,6,1.5,2.5,100,-10,5,250,40,5,250,60,1,8,11,0,0.06,4,0.5,50,8,5
37,1,60,FrameTimeStutter,6.000,antimatter,practice,2026-08-31T17:32:23.9802087-04:00,3,645,10.76265,17.2437,2126.02,1435.57,0.000,0.000,-2.3009,9.1666,12.2945,Left,0,0,0,0,0.0000,100.000,0,0.000,0,127.500,71.914,4.500,0.0300,0.0000,-30.00,antimatter,60,450;300;200;100;50,2,6,1.5,2.5,100,-10,5,250,40,5,250,60,1,8,11,0,0.06,4,0.5,50,8,5
37,1,60,FrameTimeStutter,6.000,antimatter,practice,2026-08-31T17:32:23.9802087-04:00,3,646,10.77871,16.0676,2126.02,1435.57,0.000,0.000,-2.3009,9.1666,12.2945,Left,0,0,0,0,0.0000,100.000,0,0.000,0,127.500,71.914,4.500,0.0300,0.0000,-30.00,antimatter,60,450;300;200;100;50,2,6,1.5,2.5,100,-10,5,250,40,5,250,60,1,8,11,0,0.06,4,0.5,50,8,5
37,1,60,FrameTimeStutter,6.000,antimatter,practice,2026-08-31T17:32:23.9802087-04:00,3,647,10.79553,16.8164,2126.02,1435.57,0.000,0.000,-2.3009,9.1666,12.2945,Left,0,0,0,0,0.0000,100.000,0,0.000,0,127.500,71.914,4.500,0.0300,0.0000,-30.00,antimatter,60,450;300;200;100;50,2,6,1.5,2.5,100,-10,5,250,40,5,250,60,1,8,11,0,0.06,4,0.5,50,8,5
37,1,60,FrameTimeStutter,6.000,antimatter,practice,2026-08-31T17:32:23.9802087-04:00,3,648,10.81201,16.4818,2126.02,1435.57,0.000,0.000,-2.3009,9.1666,12.2945,Left,0,0,0,0,0.0000,100.000,0,0.000,0,127.500,71.914,4.500,0.0300,0.0000,-30.00,antimatter,60,450;300;200;100;50,2,6,1.5,2.5,100,-10,5,250,40,5,250,60,1,8,11,0,0.06,4,0.5,50,8,5
37,1,60,FrameTimeStutter,6.000,antimatter,practice,2026-08-31T17:32:23.9802087-04:00,3,649,10.82911,17.0991,2126.02,1435.57,0.000,0.000,-2.3009,9.1666,12.2945,Left,0,0,0,0,0.0000,100.000,0,0.000,0,127.500,71.914,4.500,0.0300,0.0000,-30.00,antimatter,60,450;300;200;100;50,2,6,1.5,2.5,100,-10,5,250,40,5,250,60,1,8,11,0,0.06,4,0.5,50,8,5
37,1,60,FrameTimeStutter,6.000,antimatter,practice,2026-08-31T17:32:23.9802087-04:00,3,650,10.84528,16.1676,2126.02,1435.57,0.000,0.000,-2.3009,9.1666,12.2945,Left,0,0,0,0,0.0000,100.000,0,0.000,0,127.500,71.914,4.500,0.0300,0.0000,-30.00,antimatter,60,450;300;200;100;50,2,6,1.5,2.5,100,-10,5,250,40,5,250,60,1,8,11,0,0.06,4,0.5,50,8,5
37,1,60,FrameTimeStutter,6.000,antimatter,practice,2026-08-31T17:32:23.9802087-04:00,3,651,10.86209,16.8163,2126.02,1435.57,0.000,0.000,-2.3009,9.1666,12.2945,Left,0,0,0,0,0.0000,100.000,0,0.000,0,127.500,71.914,4.500,0.0300,0.0000,-30.00,antimatter,60,450;300;200;100;50,2,6,1.5,2.5,100,-10,5,250,40,5,250,60,1,8,11,0,0.06,4,0.5,50,8,5
37,1,60,FrameTimeStutter,6.000,antimatter,practice,2026-08-31T17:32:23.9802087-04:00,3,652,10.87878,16.6809,2126.02,1435.57,0.000,0.000,-2.3009,9.1666,12.2945,Left,0,0,0,0,0.0000,100.000,0,0.000,0,127.500,71.914,4.500,0.0300,0.0000,-30.00,antimatter,60,450;300;200;100;50,2,6,1.5,2.5,100,-10,5,250,40,5,250,60,1,8,11,0,0.06,4,0.5,50,8,5
37,1,60,FrameTimeStutter,6.000,antimatter,practice,2026-08-31T17:32:23.9802087-04:00,3,653,10.89546,16.6873,2126.02,1435.57,0.000,0.000,-2.3009,9.1666,12.2945,Left,0,0,0,0,0.0000,100.000,0,0.000,0,127.500,71.914,4.500,0.0300,0.0000,-30.00,antimatter,60,450;300;200;100;50,2,6,1.5,2.5,100,-10,5,250,40,5,250,60,1,8,11,0,0.06,4,0.5,50,8,5
37,1,60,FrameTimeStutter,6.000,antimatter,practice,2026-08-31T17:32:23.9802087-04:00,3,654,10.91258,17.1148,2126.02,1435.57,0.000,0.000,-2.3009,9.1666,12.2945,Left,0,0,0,0,0.0000,100.000,0,0.000,0,127.500,71.914,4.500,0.0300,0.0000,-30.00,antimatter,60,450;300;200;100;50,2,6,1.5,2.5,100,-10,5,250,40,5,250,60,1,8,11,0,0.06,4,0.5,50,8,5
37,1,60,FrameTimeStutter,6.000,antimatter,practice,2026-08-31T17:32:23.9802087-04:00,3,655,10.92899,16.4129,2126.02,1435.57,0.000,0.000,-2.3009,9.1666,12.2945,Left,0,0,0,0,0.0000,100.000,0,0.000,0,127.500,71.914,4.500,0.0300,0.0000,-30.00,antimatter,60,450;300;200;100;50,2,6,1.5,2.5,100,-10,5,250,40,5,250,60,1,8,11,0,0.06,4,0.5,50,8,5
37,1,60,FrameTimeStutter,6.000,antimatter,practice,2026-08-31T17:32:23.9802087-04:00,3,656,10.94529,16.3000,2126.02,1435.57,0.000,0.000,-2.3009,9.1666,12.2945,Left,0,0,0,0,0.0000,100.000,0,0.000,0,127.500,71.914,4.500,0.0300,0.0000,-30.00,antimatter,60,450;300;200;100;50,2,6,1.5,2.5,100,-10,5,250,40,5,250,60,1,8,11,0,0.06,4,0.5,50,8,5
37,1,60,FrameTimeStutter,6.000,antimatter,practice,2026-08-31T17:32:23.9802087-04:00,3,657,10.96238,17.0928,2126.02,1435.57,0.000,0.000,-2.3009,9.1666,12.2945,Left,0,0,0,0,0.0000,100.000,0,0.000,0,127.500,71.914,4.500,0.0300,0.0000,-30.00,antimatter,60,450;300;200;100;50,2,6,1.5,2.5,100,-10,5,250,40,5,250,60,1,8,11,0,0.06,4,0.5,50,8,5
37,1,60,FrameTimeStutter,6.000,antimatter,practice,2026-08-31T17:32:23.9802087-04:00,3,658,10.97914,16.7522,2126.02,1435.57,0.000,0.000,-2.3009,9.1666,12.2945,Left,0,0,0,0,0.0000,100.000,0,0.000,0,127.500,71.914,4.500,0.0300,0.0000,-30.00,antimatter,60,450;300;200;100;50,2,6,1.5,2.5,100,-10,5,250,40,5,250,60,1,8,11,0,0.06,4,0.5,50,8,5
37,1,60,FrameTimeStutter,6.000,antimatter,practice,2026-08-31T17:32:23.9802087-04:00,3,659,10.99543,16.2910,2126.02,1435.57,0.000,0.000,-2.3009,9.1666,12.2945,Left,0,0,0,0,0.0000,100.000,0,0.000,0,127.500,71.914,4.500,0.0300,0.0000,-30.00,antimatter,60,450;300;200;100;50,2,6,1.5,2.5,100,-10,5,250,40,5,250,60,1,8,11,0,0.06,4,0.5,50,8,5
37,1,60,FrameTimeStutter,6.000,antimatter,practice,2026-08-31T17:32:23.9802087-04:00,3,660,11.01268,17.2495,2126.02,1435.57,0.000,0.000,-2.3009,9.1666,12.2945,Left,0,0,0,0,0.0000,100.000,0,0.000,0,127.500,71.914,4.500,0.0300,0.0000,-30.00,antimatter,60,450;300;200;100;50,2,6,1.5,2.5,100,-10,5,250,40,5,250,60,1,8,11,0,0.06,4,0.5,50,8,5
37,1,60,FrameTimeStutter,6.000,antimatter,practice,2026-08-31T17:32:23.9802087-04:00,3,661,11.02907,16.3938,2126.02,1435.57,0.000,0.000,-2.3009,9.1666,12.2945,Left,0,0,0,0,0.0000,100.000,0,0.000,0,127.500,71.914,4.500,0.0300,0.0000,-30.00,antimatter,60,450;300;200;100;50,2,6,1.5,2.5,100,-10,5,250,40,5,250,60,1,8,11,0,0.06,4,0.5,50,8,5
37,1,60,FrameTimeStutter,6.000,antimatter,practice,2026-08-31T17:32:23.9802087-04:00,3,662,11.04582,16.7482,2126.02,1435.57,0.000,0.000,-2.3009,9.1666,12.2945,Left,0,0,0,0,0.0000,100.000,0,0.000,0,127.500,71.914,4.500,0.0300,0.0000,-30.00,antimatter,60,450;300;200;100;50,2,6,1.5,2.5,100,-10,5,250,40,5,250,60,1,8,11,0,0.06,4,0.5,50,8,5
37,1,60,FrameTimeStutter,6.000,antimatter,practice,2026-08-31T17:32:23.9802087-04:00,3,663,11.06209,16.2671,2126.02,1435.57,0.000,0.000,-2.3009,9.1666,12.2945,Left,0,0,0,0,0.0000,100.000,0,0.000,0,127.500,71.914,4.500,0.0300,0.0000,-30.00,antimatter,60,450;300;200;100;50,2,6,1.5,2.5,100,-10,5,250,40,5,250,60,1,8,11,0,0.06,4,0.5,50,8,5
37,1,60,FrameTimeStutter,6.000,antimatter,practice,2026-08-31T17:32:23.9802087-04:00,3,664,11.07881,16.7213,2126.02,1435.57,0.000,0.000,-2.3009,9.1666,12.2945,Left,0,0,0,0,0.0000,100.000,0,0.000,0,127.500,71.914,4.500,0.0300,0.0000,-30.00,antimatter,60,450;300;200;100;50,2,6,1.5,2.5,100,-10,5,250,40,5,250,60,1,8,11,0,0.06,4,0.5,50,8,5
37,1,60,FrameTimeStutter,6.000,antimatter,practice,2026-08-31T17:32:23.9802087-04:00,3,665,11.09548,16.6754,2126.02,1435.57,0.000,0.000,-2.3009,9.1666,12.2945,Left,0,0,0,0,0.0000,100.000,0,0.000,0,127.500,71.914,4.500,0.0300,0.0000,-30.00,antimatter,60,450;300;200;100;50,2,6,1.5,2.5,100,-10,5,250,40,5,250,60,1,8,11,0,0.06,4,0.5,50,8,5
37,1,60,FrameTimeStutter,6.000,antimatter,practice,2026-08-31T17:32:23.9802087-04:00,3,666,11.11300,17.5150,2126.02,1435.57,0.000,0.000,-2.3009,9.1666,12.2945,Left,0,0,0,0,0.0000,100.000,0,0.000,0,127.500,71.914,4.500,0.0300,0.0000,-30.00,antimatter,60,450;300;200;100;50,2,6,1.5,2.5,100,-10,5,250,40,5,250,60,1,8,11,0,0.06,4,0.5,50,8,5
37,1,60,FrameTimeStutter,6.000,antimatter,practice,2026-08-31T17:32:23.9802087-04:00,3,667,11.12892,15.9226,2126.02,1435.57,0.000,0.000,-2.3009,9.1666,12.2945,Left,0,0,0,0,0.0000,100.000,0,0.000,0,127.500,71.914,4.500,0.0300,0.0000,-30.00,antimatter,60,450;300;200;100;50,2,6,1.5,2.5,100,-10,5,250,40,5,250,60,1,8,11,0,0.06,4,0.5,50,8,5
37,1,60,FrameTimeStutter,6.000,antimatter,practice,2026-08-31T17:32:23.9802087-04:00,3,668,11.14524,16.3233,2126.02,1435.57,0.000,0.000,-2.3009,9.1666,12.2945,Left,0,0,0,0,0.0000,100.000,0,0.000,0,127.500,71.914,4.500,0.0300,0.0000,-30.00,antimatter,60,450;300;200;100;50,2,6,1.5,2.5,100,-10,5,250,40,5,250,60,1,8,11,0,0.06,4,0.5,50,8,5
37,1,60,FrameTimeStutter,6.000,antimatter,practice,2026-08-31T17:32:23.9802087-04:00,3,669,11.16236,17.1168,2126.02,1435.57,0.000,0.000,-2.3009,9.1666,12.2945,Left,0,0,0,0,0.0000,100.000,0,0.000,0,127.500,71.914,4.500,0.0300,0.0000,-30.00,antimatter,60,450;300;200;100;50,2,6,1.5,2.5,100,-10,5,250,40,5,250,60,1,8,11,0,0.06,4,0.5,50,8,5
37,1,60,FrameTimeStutter,6.000,antimatter,practice,2026-08-31T17:32:23.9802087-04:00,3,670,11.17928,16.9179,2126.02,1435.57,0.000,0.000,-2.3009,9.1666,12.2945,Left,0,0,0,0,0.0000,100.000,0,0.000,0,127.500,71.914,4.500,0.0300,0.0000,-30.00,antimatter,60,450;300;200;100;50,2,6,1.5,2.5,100,-10,5,250,40,5,250,60,1,8,11,0,0.06,4,0.5,50,8,5
37,1,60,FrameTimeStutter,6.000,antimatter,practice,2026-08-31T17:32:23.9802087-04:00,3,671,11.19527,15.9943,2126.02,1435.57,0.000,0.000,-2.3009,9.1666,12.2945,Left,0,0,0,0,0.0000,100.000,0,0.000,0,127.500,71.914,4.500,0.0300,0.0000,-30.00,antimatter,60,450;300;200;100;50,2,6,1.5,2.5,100,-10,5,250,40,5,250,60,1,8,11,0,0.06,4,0.5,50,8,5
37,1,60,FrameTimeStutter,6.000,antimatter,practice,2026-08-31T17:32:23.9802087-04:00,3,672,11.21242,17.1490,2126.02,1435.57,0.000,0.000,-2.3009,9.1666,12.2945,Left,0,0,0,0,0.0000,100.000,0,0.000,0,127.500,71.914,4.500,0.0300,0.0000,-30.00,antimatter,60,450;300;200;100;50,2,6,1.5,2.5,100,-10,5,250,40,5,250,60,1,8,11,0,0.06,4,0.5,50,8,5
37,1,60,FrameTimeStutter,6.000,antimatter,practice,2026-08-31T17:32:23.9802087-04:00,3,673,11.22879,16.3698,2126.02,1435.57,0.000,0.000,-2.3009,9.1666,12.2945,Left,0,0,0,0,0.0000,100.000,0,0.000,0,127.500,71.914,4.500,0.0300,0.0000,-30.00,antimatter,60,450;300;200;100;50,2,6,1.5,2.5,100,-10,5,250,40,5,250,60,1,8,11,0,0.06,4,0.5,50,8,5
37,1,60,FrameTimeStutter,6.000,antimatter,practice,2026-08-31T17:32:23.9802087-04:00,3,674,11.24578,16.9841,2126.02,1435.57,0.000,0.000,-2.3009,9.1666,12.2945,Left,0,0,0,0,0.0000,100.000,0,0.000,0,127.500,71.914,4.500,0.0300,0.0000,-30.00,antimatter,60,450;300;200;100;50,2,6,1.5,2.5,100,-10,5,250,40,5,250,60,1,8,11,0,0.06,4,0.5,50,8,5
37,1,60,FrameTimeStutter,6.000,antimatter,practice,2026-08-31T17:32:23.9802087-04:00,3,675,11.26230,16.5259,2126.02,1435.57,0.000,0.000,-2.3009,9.1666,12.2945,Left,0,0,0,0,0.0000,100.000,0,0.000,0,127.500,71.914,4.500,0.0300,0.0000,-30.00,antimatter,60,450;300;200;100;50,2,6,1.5,2.5,100,-10,5,250,40,5,250,60,1,8,11,0,0.06,4,0.5,50,8,5
37,1,60,FrameTimeStutter,6.000,antimatter,practice,2026-08-31T17:32:23.9802087-04:00,3,676,11.27923,16.9272,2126.02,1435.57,0.000,0.000,-2.3009,9.1666,12.2945,Left,0,0,0,0,0.0000,100.000,0,0.000,0,127.500,71.914,4.500,0.0300,0.0000,-30.00,antimatter,60,450;300;200;100;50,2,6,1.5,2.5,100,-10,5,250,40,5,250,60,1,8,11,0,0.06,4,0.5,50,8,5
37,1,60,FrameTimeStutter,6.000,antimatter,practice,2026-08-31T17:32:23.9802087-04:00,3,677,11.29589,16.6641,2126.02,1435.57,0.000,0.000,-2.3009,9.1666,12.2945,Left,0,0,0,0,0.0000,100.000,0,0.000,0,127.500,71.914,4.500,0.0300,0.0000,-30.00,antimatter,60,450;300;200;100;50,2,6,1.5,2.5,100,-10,5,250,40,5,250,60,1,8,11,0,0.06,4,0.5,50,8,5
37,1,60,FrameTimeStutter,6.000,antimatter,practice,2026-08-31T17:32:23.9802087-04:00,3,678,11.31185,15.9615,2126.02,1435.57,0.000,0.000,-2.3009,9.1666,12.2945,Left,0,0,0,0,0.0000,100.000,0,0.000,0,127.500,71.914,4.500,0.0300,0.0000,-30.00,antimatter,60,450;300;200;100;50,2,6,1.5,2.5,100,-10,5,250,40,5,250,60,1,8,11,0,0.06,4,0.5,50,8,5
37,1,60,FrameTimeStutter,6.000,antimatter,practice,2026-08-31T17:32:23.9802087-04:00,3,679,11.32859,16.7336,2126.02,1435.57,0.000,0.000,-2.3009,9.1666,12.2945,Left,0,0,0,0,0.0000,100.000,0,0.000,0,127.500,71.914,4.500,0.0300,0.0000,-30.00,antimatter,60,450;300;200;100;50,2,6,1.5,2.5,100,-10,5,250,40,5,250,60,1,8,11,0,0.06,4,0.5,50,8,5
37,1,60,FrameTimeStutter,6.000,antimatter,practice,2026-08-31T17:32:23.9802087-04:00,3,680,11.34590,17.3147,2126.02,1435.57,0.000,0.000,-2.3009,9.1666,12.2945,Left,0,0,0,0,0.0000,100.000,0,0.000,0,127.500,71.914,4.500,0.0300,0.0000,-30.00,antimatter,60,450;300;200;100;50,2,6,1.5,2.5,100,-10,5,250,40,5,250,60,1,8,11,0,0.06,4,0.5,50,8,5
37,1,60,FrameTimeStutter,6.000,antimatter,practice,2026-08-31T17:32:23.9802087-04:00,3,681,11.36189,15.9923,2126.02,1435.57,0.000,0.000,-2.3009,9.1666,12.2945,Left,0,0,0,0,0.0000,100.000,0,0.000,0,127.500,71.914,4.500,0.0300,0.0000,-30.00,antimatter,60,450;300;200;100;50,2,6,1.5,2.5,100,-10,5,250,40,5,250,60,1,8,11,0,0.06,4,0.5,50,8,5
37,1,60,FrameTimeStutter,6.000,antimatter,practice,2026-08-31T17:32:23.9802087-04:00,3,682,11.37873,16.8409,2126.02,1435.57,0.000,0.000,-2.3009,9.1666,12.2945,Left,0,0,0,0,0.0000,100.000,0,0.000,0,127.500,71.914,4.500,0.0300,0.0000,-30.00,antimatter,60,450;300;200;100;50,2,6,1.5,2.5,100,-10,5,250,40,5,250,60,1,8,11,0,0.06,4,0.5,50,8,5
37,1,60,FrameTimeStutter,6.000,antimatter,practice,2026-08-31T17:32:23.9802087-04:00,3,683,11.39560,16.8637,2126.02,1435.57,0.000,0.000,-2.3009,9.1666,12.2945,Left,0,0,0,0,0.0000,100.000,0,0.000,0,127.500,71.914,4.500,0.0300,0.0000,-30.00,antimatter,60,450;300;200;100;50,2,6,1.5,2.5,100,-10,5,250,40,5,250,60,1,8,11,0,0.06,4,0.5,50,8,5
37,1,60,FrameTimeStutter,6.000,antimatter,practice,2026-08-31T17:32:23.9802087-04:00,3,684,11.41196,16.3633,2126.02,1435.57,0.000,0.000,-2.3009,9.1666,12.2945,Left,0,0,0,0,0.0000,100.000,0,0.000,0,127.500,71.914,4.500,0.0300,0.0000,-30.00,antimatter,60,450;300;200;100;50,2,6,1.5,2.5,100,-10,5,250,40,5,250,60,1,8,11,0,0.06,4,0.5,50,8,5
37,1,60,FrameTimeStutter,6.000,antimatter,practice,2026-08-31T17:32:23.9802087-04:00,3,685,11.42930,17.3417,2126.02,1435.57,0.000,0.000,-2.3009,9.1666,12.2945,Left,0,0,0,0,0.0000,100.000,0,0.000,0,127.500,71.914,4.500,0.0300,0.0000,-30.00,antimatter,60,450;300;200;100;50,2,6,1.5,2.5,100,-10,5,250,40,5,250,60,1,8,11,0,0.06,4,0.5,50,8,5
37,1,60,FrameTimeStutter,6.000,antimatter,practice,2026-08-31T17:32:23.9802087-04:00,3,686,11.44591,16.6042,2126.02,1435.57,0.000,0.000,-2.3009,9.1666,12.2945,Left,0,0,0,0,0.0000,100.000,0,0.000,0,127.500,71.914,4.500,0.0300,0.0000,-30.00,antimatter,60,450;300;200;100;50,2,6,1.5,2.5,100,-10,5,250,40,5,250,60,1,8,11,0,0.06,4,0.5,50,8,5
37,1,60,FrameTimeStutter,6.000,antimatter,practice,2026-08-31T17:32:23.9802087-04:00,3,687,11.46265,16.7448,2126.02,1435.57,0.000,0.000,-2.3009,9.1666,12.2945,Left,0,0,0,0,0.0000,100.000,0,0.000,0,127.500,71.914,4.500,0.0300,0.0000,-30.00,antimatter,60,450;300;200;100;50,2,6,1.5,2.5,100,-10,5,250,40,5,250,60,1,8,11,0,0.06,4,0.5,50,8,5
37,1,60,FrameTimeStutter,6.000,antimatter,practice,2026-08-31T17:32:23.9802087-04:00,3,688,11.47930,16.6441,2126.02,1435.57,0.000,0.000,-2.3009,9.1666,12.2945,Left,0,0,0,0,0.0000,100.000,0,0.000,0,127.500,71.914,4.500,0.0300,0.0000,-30.00,antimatter,60,450;300;200;100;50,2,6,1.5,2.5,100,-10,5,250,40,5,250,60,1,8,11,0,0.06,4,0.5,50,8,5
37,1,60,FrameTimeStutter,6.000,antimatter,practice,2026-08-31T17:32:23.9802087-04:00,3,689,11.49563,16.3287,2126.02,1435.57,0.000,0.000,-1.6553,9.1666,12.2945,Left,0,0,0,0,0.0000,100.000,0,0.000,0,127.500,71.914,4.500,0.0300,0.0000,-30.00,antimatter,60,450;300;200;100;50,2,6,1.5,2.5,100,-10,5,250,40,5,250,60,1,8,11,0,0.06,4,0.5,50,8,5
37,1,60,FrameTimeStutter,6.000,antimatter,practice,2026-08-31T17:32:23.9802087-04:00,3,690,11.51223,16.6038,2126.02,1435.57,0.000,0.000,-1.0392,9.1666,12.2945,Left,0,0,0,0,0.0000,100.000,0,0.000,0,127.500,71.914,4.500,0.0300,0.0000,-30.00,antimatter,60,450;300;200;100;50,2,6,1.5,2.5,100,-10,5,250,40,5,250,60,1,8,11,0,0.06,4,0.5,50,8,5
37,1,60,FrameTimeStutter,6.000,antimatter,practice,2026-08-31T17:32:23.9802087-04:00,3,691,11.52889,16.6584,2126.02,1435.57,0.000,0.000,-0.4609,9.1666,12.2945,Left,0,0,0,0,0.0000,100.000,0,0.000,0,127.500,71.914,4.500,0.0300,0.0000,-30.00,antimatter,60,450;300;200;100;50,2,6,1.5,2.5,100,-10,5,250,40,5,250,60,1,8,11,0,0.06,4,0.5,50,8,5
37,1,60,FrameTimeStutter,6.000,antimatter,practice,2026-08-31T17:32:23.9802087-04:00,3,692,11.54564,16.7478,2126.02,1435.57,0.000,0.000,0.0817,9.1666,12.2945,Left,0,0,0,0,0.0000,100.000,0,0.000,0,127.500,71.914,4.500,0.0300,0.0000,-30.00,antimatter,60,450;300;200;100;50,2,6,1.5,2.5,100,-10,5,250,40,5,250,60,1,8,11,0,0.06,4,0.5,50,8,5
37,1,60,FrameTimeStutter,6.000,antimatter,practice,2026-08-31T17:32:23.9802087-04:00,3,693,11.56200,16.3653,2126.02,1435.57,0.000,0.000,0.5756,9.1666,12.2945,Left,0,0,0,0,0.0000,100.000,0,0.000,0,127.500,71.914,4.500,0.0300,0.0000,-30.00,antimatter,60,450;300;200;100;50,2,6,1.5,2.5,100,-10,5,250,40,5,250,60,1,8,11,0,0.06,4,0.5,50,8,5
37,1,60,FrameTimeStutter,6.000,antimatter,practice,2026-08-31T17:32:23.9802087-04:00,3,694,11.57929,17.2940,2126.02,1435.57,0.000,0.000,1.0600,9.1666,12.2945,Left,0,0,0,0,0.0000,100.000,0,0.000,0,127.500,71.914,4.500,0.0300,0.0000,-30.00,antimatter,60,450;300;200;100;50,2,6,1.5,2.5,100,-10,5,250,40,5,250,60,1,8,11,0,0.06,4,0.5,50,8,5
37,1,60,FrameTimeStutter,6.000,antimatter,practice,2026-08-31T17:32:23.9802087-04:00,3,695,11.59598,16.6858,2126.02,1435.57,0.000,0.000,1.4921,9.1666,12.2945,Left,0,0,0,0,0.0000,100.000,0,0.000,0,127.500,71.914,4.500,0.0300,0.0000,-30.00,antimatter,60,450;300;200;100;50,2,6,1.5,2.5,100,-10,5,250,40,5,250,60,1,8,11,0,0.06,4,0.5,50,8,5
37,1,60,FrameTimeStutter,6.000,antimatter,practice,2026-08-31T17:32:23.9802087-04:00,3,696,11.61241,16.4326,2126.02,1435.57,0.000,0.000,1.8852,9.1666,12.2945,Left,0,0,0,0,0.0000,100.000,0,0.000,0,127.500,71.914,4.500,0.0300,0.0000,-30.00,antimatter,60,450;300;200;100;50,2,6,1.5,2.5,100,-10,5,250,40,5,250,60,1,8,11,0,0.06,4,0.5,50,8,5
37,1,60,FrameTimeStutter,6.000,antimatter,practice,2026-08-31T17:32:23.9802087-04:00,3,697,11.62898,16.5647,2126.02,1435.57,0.000,0.000,2.2500,9.1666,12.2945,Left,0,0,0,0,0.0000,100.000,0,0.000,0,127.500,71.914,4.500,0.0300,0.0000,-30.00,antimatter,60,450;300;200;100;50,2,6,1.5,2.5,100,-10,5,250,40,5,250,60,1,8,11,0,0.06,4,0.5,50,8,5
37,1,60,FrameTimeStutter,6.000,antimatter,practice,2026-08-31T17:32:23.9802087-04:00,3,698,11.64553,16.5562,2126.02,1435.57,0.000,0.000,2.5845,9.1666,12.2945,Left,0,0,0,0,0.0000,100.000,0,0.000,0,127.500,71.914,4.500,0.0300,0.0000,-30.00,antimatter,60,450;300;200;100;50,2,6,1.5,2.5,100,-10,5,250,40,5,250,60,1,8,11,0,0.06,4,0.5,50,8,5
37,1,60,FrameTimeStutter,6.000,antimatter,practice,2026-08-31T17:32:23.9802087-04:00,3,699,11.66213,16.5929,2126.02,1435.57,0.000,0.000,2.8908,9.1666,12.2945,Left,0,0,0,0,0.0000,100.000,0,0.000,0,127.500,71.914,4.500,0.0300,0.0000,-30.00,antimatter,60,450;300;200;100;50,2,6,1.5,2.5,100,-10,5,250,40,5,250,60,1,8,11,0,0.06,4,0.5,50,8,5
37,1,60,FrameTimeStutter,6.000,antimatter,practice,2026-08-31T17:32:23.9802087-04:00,3,700,11.67888,16.7565,2126.02,1435.57,0.000,0.000,3.1720,9.1666,12.2945,Left,0,0,0,0,0.0000,100.000,0,0.000,0,127.500,71.914,4.500,0.0300,0.0000,-30.00,antimatter,60,450;300;200;100;50,2,6,1.5,2.5,100,-10,5,250,40,5,250,60,1,8,11,0,0.06,4,0.5,50,8,5
37,1,60,FrameTimeStutter,6.000,antimatter,practice,2026-08-31T17:32:23.9802087-04:00,3,701,11.69546,16.5751,2126.02,1435.57,0.000,0.000,3.4238,9.1666,12.2945,Left,0,0,0,0,0.0000,100.000,0,0.000,0,127.500,71.914,4.500,0.0300,0.0000,-30.00,antimatter,60,450;300;200;100;50,2,6,1.5,2.5,100,-10,5,250,40,5,250,60,1,8,11,0,0.06,4,0.5,50,8,5
37,1,60,FrameTimeStutter,6.000,antimatter,practice,2026-08-31T17:32:23.9802087-04:00,3,702,11.71186,16.4052,2126.02,1435.57,0.000,0.000,3.6484,9.1666,12.2945,Left,0,0,0,0,0.0000,100.000,0,0.000,0,127.500,71.914,4.500,0.0300,0.0000,-30.00,antimatter,60,450;300;200;100;50,2,6,1.5,2.5,100,-10,5,250,40,5,250,60,1,8,11,0,0.06,4,0.5,50,8,5
37,1,60,FrameTimeStutter,6.000,antimatter,practice,2026-08-31T17:32:23.9802087-04:00,3,703,11.72906,17.1911,2126.02,1435.57,0.000,0.000,3.8588,9.1666,12.2945,Left,0,0,0,0,0.0000,100.000,0,0.000,0,127.500,71.914,4.500,0.0300,0.0000,-30.00,antimatter,60,450;300;200;100;50,2,6,1.5,2.5,100,-10,5,250,40,5,250,60,1,8,11,0,0.06,4,0.5,50,8,5
37,1,60,FrameTimeStutter,6.000,antimatter,practice,2026-08-31T17:32:23.9802087-04:00,3,704,11.74546,16.4093,2126.02,1435.57,0.000,0.000,4.0373,9.1666,12.2945,Left,0,0,0,0,0.0000,100.000,0,0.000,0,127.500,71.914,4.500,0.0300,0.0000,-30.00,antimatter,60,450;300;200;100;50,2,6,1.5,2.5,100,-10,5,250,40,5,250,60,1,8,11,0,0.06,4,0.5,50,8,5
37,1,60,FrameTimeStutter,6.000,antimatter,practice,2026-08-31T17:32:23.9802087-04:00,3,705,11.76261,17.1467,2126.02,1435.57,0.000,0.000,4.2017,9.1666,12.2945,Left,0,0,0,0,0.0000,100.000,0,0.000,0,127.500,71.914,4.500,0.0300,0.0000,-30.00,antimatter,60,450;300;200;100;50,2,6,1.5,2.5,100,-10,5,250,40,5,250,60,1,8,11,0,0.06,4,0.5,50,8,5
37,1,60,FrameTimeStutter,6.000,antimatter,practice,2026-08-31T17:32:23.9802087-04:00,3,706,11.77868,16.0736,2126.02,1435.57,0.000,0.000,4.3367,9.1666,12.2945,Left,0,0,0,0,0.0000,100.000,0,0.000,0,127.500,71.914,4.500,0.0300,0.0000,-30.00,antimatter,60,450;300;200;100;50,2,6,1.5,2.5,100,-10,5,250,40,5,250,60,1,8,11,0,0.06,4,0.5,50,8,5
37,1,60,FrameTimeStutter,6.000,antimatter,practice,2026-08-31T17:32:23.9802087-04:00,3,707,11.79584,17.1586,2126.02,1435.57,0.000,0.000,4.4617,9.1666,12.2945,Left,0,0,0,0,0.0000,100.000,0,0.000,0,127.500,71.914,4.500,0.0300,0.0000,-30.00,antimatter,60,450;300;200;100;50,2,6,1.5,2.5,100,-10,5,250,40,5,250,60,1,8,11,0,0.06,4,0.5,50,8,5
37,1,60,FrameTimeStutter,6.000,antimatter,practice,2026-08-31T17:32:23.9802087-04:00,3,708,11.81188,16.0384,2126.02,1435.57,0.000,0.000,4.5620,9.1666,12.2945,Left,0,0,0,0,0.0000,100.000,0,0.000,0,127.500,71.914,4.500,0.0300,0.0000,-30.00,antimatter,60,450;300;200;100;50,2,6,1.5,2.5,100,-10,5,250,40,5,250,60,1,8,11,0,0.06,4,0.5,50,8,5
37,1,60,FrameTimeStutter,6.000,antimatter,practice,2026-08-31T17:32:23.9802087-04:00,3,709,11.82893,17.0481,2126.02,1435.57,0.000,0.000,4.6524,9.1666,12.2945,Left,0,0,0,0,0.0000,100.000,0,0.000,0,127.500,71.914,4.500,0.0300,0.0000,-30.00,antimatter,60,450;300;200;100;50,2,6,1.5,2.5,100,-10,5,250,40,5,250,60,1,8,11,0,0.06,4,0.5,50,8,5
37,1,60,FrameTimeStutter,6.000,antimatter,practice,2026-08-31T17:32:23.9802087-04:00,3,710,11.84600,17.0707,2126.02,1435.57,0.000,0.000,4.7275,9.1666,12.2945,Left,0,0,0,0,0.0000,100.000,0,0.000,0,127.500,71.914,4.500,0.0300,0.0000,-30.00,antimatter,60,450;300;200;100;50,2,6,1.5,2.5,100,-10,5,250,40,5,250,60,1,8,11,0,0.06,4,0.5,50,8,5
37,1,60,FrameTimeStutter,6.000,antimatter,practice,2026-08-31T17:32:23.9802087-04:00,3,711,11.86205,16.0543,2126.02,1435.57,0.000,0.000,4.7855,9.1666,12.2945,Left,0,0,0,0,0.0000,100.000,0,0.000,0,127.500,71.914,4.500,0.0300,0.0000,-30.00,antimatter,60,450;300;200;100;50,2,6,1.5,2.5,100,-10,5,250,40,5,250,60,1,8,11,0,0.06,4,0.5,50,8,5
37,1,60,FrameTimeStutter,6.000,antimatter,practice,2026-08-31T17:32:23.9802087-04:00,3,712,11.87889,16.8308,2126.02,1435.57,0.000,0.000,4.8343,9.1666,12.2945,Left,0,0,0,0,0.0000,100.000,0,0.000,0,127.500,71.914,4.500,0.0300,0.0000,-30.00,antimatter,60,450;300;200;100;50,2,6,1.5,2.5,100,-10,5,250,40,5,250,60,1,8,11,0,0.06,4,0.5,50,8,5
37,1,60,FrameTimeStutter,6.000,antimatter,practice,2026-08-31T17:32:23.9802087-04:00,3,713,11.89573,16.8414,2126.02,1435.57,0.000,0.000,4.8723,9.1666,12.2945,Left,0,0,0,0,0.0000,100.000,0,0.000,0,127.500,71.914,4.500,0.0300,0.0000,-30.00,antimatter,60,450;300;200;100;50,2,6,1.5,2.5,100,-10,5,250,40,5,250,60,1,8,11,0,0.06,4,0.5,50,8,5
37,1,60,FrameTimeStutter,6.000,antimatter,practice,2026-08-31T17:32:23.9802087-04:00,3,714,11.91212,16.3930,2126.02,1435.57,0.000,0.000,4.9002,9.1666,12.2945,Left,0,0,0,0,0.0000,100.000,0,0.000,0,127.500,71.914,4.500,0.0300,0.0000,-30.00,antimatter,60,450;300;200;100;50,2,6,1.5,2.5,100,-10,5,250,40,5,250,60,1,8,11,0,0.06,4,0.5,50,8,5
37,1,60,FrameTimeStutter,6.000,antimatter,practice,2026-08-31T17:32:23.9802087-04:00,3,715,11.92944,17.3181,2126.02,1435.57,0.000,0.000,4.9212,9.1666,12.2945,Left,0,0,0,0,0.0000,100.000,0,0.000,0,127.500,71.914,4.500,0.0300,0.0000,-30.00,antimatter,60,450;300;200;100;50,2,6,1.5,2.5,100,-10,5,250,40,5,250,60,1,8,11,0,0.06,4,0.5,50,8,5
37,1,60,FrameTimeStutter,6.000,antimatter,practice,2026-08-31T17:32:23.9802087-04:00,3,716,11.94567,16.2307,2126.02,1435.57,0.000,0.000,4.9343,9.1666,12.2945,Left,0,0,0,0,0.0000,100.000,0,0.000,0,127.500,71.914,4.500,0.0300,0.0000,-30.00,antimatter,60,450;300;200;100;50,2,6,1.5,2.5,100,-10,5,250,40,5,250,60,1,8,11,0,0.06,4,0.5,50,8,5
37,1,60,FrameTimeStutter,6.000,antimatter,practice,2026-08-31T17:32:23.9802087-04:00,3,717,11.96248,16.8143,2126.02,1435.57,0.000,0.000,4.9427,9.1666,12.2945,Left,0,0,0,0,0.0000,100.000,0,0.000,0,127.500,71.914,4.500,0.0300,0.0000,-30.00,antimatter,60,450;300;200;100;50,2,6,1.5,2.5,100,-10,5,250,40,5,250,60,1,8,11,0,0.06,4,0.5,50,8,5
37,1,60,FrameTimeStutter,6.000,antimatter,practice,2026-08-31T17:32:23.9802087-04:00,3,718,11.97906,16.5726,2126.02,1435.57,0.000,0.000,4.9469,9.1666,12.2945,Left,0,0,0,0,0.0000,100.000,0,0.000,0,127.500,71.914,4.500,0.0300,0.0000,-30.00,antimatter,60,450;300;200;100;50,2,6,1.5,2.5,100,-10,5,250,40,5,250,60,1,8,11,0,0.06,4,0.5,50,8,5
37,1,60,FrameTimeStutter,6.000,antimatter,practice,2026-08-31T17:32:23.9802087-04:00,3,719,11.99533,16.2716,2126.02,1435.57,0.000,0.000,4.9485,9.1666,12.2945,Left,0,0,0,0,0.0000,100.000,0,0.000,0,127.500,71.914,4.500,0.0300,0.0000,-30.00,antimatter,60,450;300;200;100;50,2,6,1.5,2.5,100,-10,5,250,40,5,250,60,1,8,11,0,0.06,4,0.5,50,8,5
37,1,60,FrameTimeStutter,6.000,antimatter,practice,2026-08-31T17:32:23.9802087-04:00,3,720,12.01241,17.0787,2126.02,1435.57,0.000,0.000,4.9487,9.1666,12.2945,Left,0,0,0,0,0.0000,100.000,0,0.000,0,127.500,71.914,4.500,0.0300,0.0000,-30.00,antimatter,60,450;300;200;100;50,2,6,1.5,2.5,100,-10,5,250,40,5,250,60,1,8,11,0,0.06,4,0.5,50,8,5
37,1,60,FrameTimeStutter,6.000,antimatter,practice,2026-08-31T17:32:23.9802087-04:00,3,721,12.02911,16.7012,2126.02,1435.57,0.000,0.000,4.9487,9.1666,12.2945,Left,0,0,0,0,0.0000,100.000,0,0.000,0,127.500,71.914,4.500,0.0300,0.0000,-30.00,antimatter,60,450;300;200;100;50,2,6,1.5,2.5,100,-10,5,250,40,5,250,60,1,8,11,0,0.06,4,0.5,50,8,5
37,1,60,FrameTimeStutter,6.000,antimatter,practice,2026-08-31T17:32:23.9802087-04:00,3,722,12.04573,16.6213,2126.02,1435.57,0.000,0.000,4.9487,9.1666,12.7023,Left,0,0,0,0,0.0000,100.000,0,0.000,0,127.500,71.914,4.500,0.0300,0.0000,-30.00,antimatter,60,450;300;200;100;50,2,6,1.5,2.5,100,-10,5,250,40,5,250,60,1,8,11,0,0.06,4,0.5,50,8,5
37,1,60,FrameTimeStutter,6.000,antimatter,practice,2026-08-31T17:32:23.9802087-04:00,3,723,12.06142,15.6928,2126.02,1435.57,0.000,0.000,4.9487,9.1666,12.7023,Left,0,0,0,0,0.0000,100.000,0,0.000,0,127.500,71.914,4.500,0.0300,0.0000,-30.00,antimatter,60,450;300;200;100;50,2,6,1.5,2.5,100,-10,5,250,40,5,250,60,1,8,11,0,0.06,4,0.5,50,8,5
37,1,60,FrameTimeStutter,6.000,antimatter,practice,2026-08-31T17:32:23.9802087-04:00,3,724,12.07898,17.5540,2126.02,1435.57,0.000,0.000,4.9487,9.1666,12.7023,Left,0,0,0,0,0.0000,100.000,0,0.000,0,127.500,71.914,4.500,0.0300,0.0000,-30.00,antimatter,60,450;300;200;100;50,2,6,1.5,2.5,100,-10,5,250,40,5,250,60,1,8,11,0,0.06,4,0.5,50,8,5
37,1,60,FrameTimeStutter,6.000,antimatter,practice,2026-08-31T17:32:23.9802087-04:00,3,725,12.09588,16.9084,2126.02,1435.57,0.000,0.000,4.9487,9.1666,12.7023,Left,0,0,0,0,0.0000,100.000,0,0.000,0,127.500,71.914,4.500,0.0300,0.0000,-30.00,antimatter,60,450;300;200;100;50,2,6,1.5,2.5,100,-10,5,250,40,5,250,60,1,8,11,0,0.06,4,0.5,50,8,5
37,1,60,FrameTimeStutter,6.000,antimatter,practice,2026-08-31T17:32:23.9802087-04:00,3,726,12.11205,16.1698,2126.02,1435.57,0.000,0.000,4.9487,9.1666,12.7023,Left,0,0,0,0,0.0000,100.000,0,0.000,0,127.500,71.914,4.500,0.0300,0.0000,-30.00,antimatter,60,450;300;200;100;50,2,6,1.5,2.5,100,-10,5,250,40,5,250,60,1,8,11,0,0.06,4,0.5,50,8,5
37,1,60,FrameTimeStutter,6.000,antimatter,practice,2026-08-31T17:32:23.9802087-04:00,3,727,12.12963,17.5773,2126.02,1435.57,0.000,0.000,4.9487,9.1666,12.7023,Left,0,0,0,0,0.0000,100.000,0,0.000,0,127.500,71.914,4.500,0.0300,0.0000,-30.00,antimatter,60,450;300;200;100;50,2,6,1.5,2.5,100,-10,5,250,40,5,250,60,1,8,11,0,0.06,4,0.5,50,8,5
37,1,60,FrameTimeStutter,6.000,antimatter,practice,2026-08-31T17:32:23.9802087-04:00,3,728,12.14604,16.4096,2126.02,1435.57,0.000,0.000,4.9487,9.1666,12.7023,Left,0,0,0,0,0.0000,100.000,0,0.000,0,127.500,71.914,4.500,0.0300,0.0000,-30.00,antimatter,60,450;300;200;100;50,2,6,1.5,2.5,100,-10,5,250,40,5,250,60,1,8,11,0,0.06,4,0.5,50,8,5
37,1,60,FrameTimeStutter,6.000,antimatter,practice,2026-08-31T17:32:23.9802087-04:00,3,729,12.16208,16.0427,2126.02,1435.57,0.000,0.000,4.9487,9.1666,12.7023,Left,0,0,0,0,0.0000,100.000,0,0.000,0,127.500,71.914,4.500,0.0300,0.0000,-30.00,antimatter,60,450;300;200;100;50,2,6,1.5,2.5,100,-10,5,250,40,5,250,60,1,8,11,0,0.06,4,0.5,50,8,5
37,1,60,FrameTimeStutter,6.000,antimatter,practice,2026-08-31T17:32:23.9802087-04:00,3,730,12.17870,16.6169,2126.02,1435.57,0.000,0.000,4.9487,9.1666,12.7023,Left,0,0,0,0,0.0000,100.000,0,0.000,0,127.500,71.914,4.500,0.0300,0.0000,-30.00,antimatter,60,450;300;200;100;50,2,6,1.5,2.5,100,-10,5,250,40,5,250,60,1,8,11,0,0.06,4,0.5,50,8,5
37,1,60,FrameTimeStutter,6.000,antimatter,practice,2026-08-31T17:32:23.9802087-04:00,3,731,12.19548,16.7776,2126.02,1435.57,0.000,0.000,4.9487,9.1666,12.7023,Left,0,0,0,0,0.0000,100.000,0,0.000,0,127.500,71.914,4.500,0.0300,0.0000,-30.00,antimatter,60,450;300;200;100;50,2,6,1.5,2.5,100,-10,5,250,40,5,250,60,1,8,11,0,0.06,4,0.5,50,8,5
37,1,60,FrameTimeStutter,6.000,antimatter,practice,2026-08-31T17:32:23.9802087-04:00,3,732,12.21225,16.7683,2126.02,1435.57,0.000,0.000,4.9487,9.1666,12.7023,Left,0,0,0,0,0.0000,100.000,0,0.000,0,127.500,71.914,4.500,0.0300,0.0000,-30.00,antimatter,60,450;300;200;100;50,2,6,1.5,2.5,100,-10,5,250,40,5,250,60,1,8,11,0,0.06,4,0.5,50,8,5
37,1,60,FrameTimeStutter,6.000,antimatter,practice,2026-08-31T17:32:23.9802087-04:00,3,733,12.22884,16.5951,2126.02,1435.57,0.000,0.000,4.9487,9.1666,12.7023,Left,0,0,0,0,0.0000,100.000,0,0.000,0,127.500,71.914,4.500,0.0300,0.0000,-30.00,antimatter,60,450;300;200;100;50,2,6,1.5,2.5,100,-10,5,250,40,5,250,60,1,8,11,0,0.06,4,0.5,50,8,5
37,1,60,FrameTimeStutter,6.000,antimatter,practice,2026-08-31T17:32:23.9802087-04:00,3,734,12.24555,16.7104,2126.02,1435.57,0.000,0.000,4.9487,9.1666,12.7023,Left,0,0,0,0,0.0000,100.000,0,0.000,0,127.500,71.914,4.500,0.0300,0.0000,-30.00,antimatter,60,450;300;200;100;50,2,6,1.5,2.5,100,-10,5,250,40,5,250,60,1,8,11,0,0.06,4,0.5,50,8,5
37,1,60,FrameTimeStutter,6.000,antimatter,practice,2026-08-31T17:32:23.9802087-04:00,3,735,12.26256,17.0075,2126.02,1435.57,0.000,0.000,4.9487,9.1666,12.7023,Left,0,0,0,0,0.0000,100.000,0,0.000,0,127.500,71.914,4.500,0.0300,0.0000,-30.00,antimatter,60,450;300;200;100;50,2,6,1.5,2.5,100,-10,5,250,40,5,250,60,1,8,11,0,0.06,4,0.5,50,8,5
37,1,60,FrameTimeStutter,6.000,antimatter,practice,2026-08-31T17:32:23.9802087-04:00,3,736,12.27920,16.6395,2126.02,1435.57,0.000,0.000,4.9487,9.1666,12.7023,Left,0,0,0,0,0.0000,100.000,0,0.000,0,127.500,71.914,4.500,0.0300,0.0000,-30.00,antimatter,60,450;300;200;100;50,2,6,1.5,2.5,100,-10,5,250,40,5,250,60,1,8,11,0,0.06,4,0.5,50,8,5
37,1,60,FrameTimeStutter,6.000,antimatter,practice,2026-08-31T17:32:23.9802087-04:00,3,737,12.29568,16.4862,2126.02,1435.57,0.000,0.000,4.9487,9.1666,12.7023,Left,0,0,0,0,0.0000,100.000,0,0.000,0,127.500,71.914,4.500,0.0300,0.0000,-30.00,antimatter,60,450;300;200;100;50,2,6,1.5,2.5,100,-10,5,250,40,5,250,60,1,8,11,0,0.06,4,0.5,50,8,5
37,1,60,FrameTimeStutter,6.000,antimatter,practice,2026-08-31T17:32:23.9802087-04:00,3,738,12.31243,16.7474,2126.02,1435.57,0.000,0.000,4.9487,9.1666,12.7023,Left,0,0,0,0,0.0000,100.000,0,0.000,0,127.500,71.914,4.500,0.0300,0.0000,-30.00,antimatter,60,450;300;200;100;50,2,6,1.5,2.5,100,-10,5,250,40,5,250,60,1,8,11,0,0.06,4,0.5,50,8,5
37,1,60,FrameTimeStutter,6.000,antimatter,practice,2026-08-31T17:32:23.9802087-04:00,3,739,12.32862,16.1932,2126.02,1435.57,0.000,0.000,4.9487,9.1666,12.7023,Left,0,0,0,0,0.0000,100.000,0,0.000,0,127.500,71.914,4.500,0.0300,0.0000,-30.00,antimatter,60,450;300;200;100;50,2,6,1.5,2.5,100,-10,5,250,40,5,250,60,1,8,11,0,0.06,4,0.5,50,8,5
37,1,60,FrameTimeStutter,6.000,antimatter,practice,2026-08-31T17:32:23.9802087-04:00,3,740,12.34570,17.0759,2126.02,1435.57,0.000,0.000,4.9487,9.1666,12.7023,Left,0,0,0,0,0.0000,100.000,0,0.000,0,127.500,71.914,4.500,0.0300,0.0000,-30.00,antimatter,60,450;300;200;100;50,2,6,1.5,2.5,100,-10,5,250,40,5,250,60,1,8,11,0,0.06,4,0.5,50,8,5
37,1,60,FrameTimeStutter,6.000,antimatter,practice,2026-08-31T17:32:23.9802087-04:00,3,741,12.36192,16.2170,2126.02,1435.57,0.000,0.000,4.9487,9.1666,12.7023,Left,0,0,0,0,0.0000,100.000,0,0.000,0,127.500,71.914,4.500,0.0300,0.0000,-30.00,antimatter,60,450;300;200;100;50,2,6,1.5,2.5,100,-10,5,250,40,5,250,60,1,8,11,0,0.06,4,0.5,50,8,5
37,1,60,FrameTimeStutter,6.000,antimatter,practice,2026-08-31T17:32:23.9802087-04:00,3,742,12.37876,16.8420,2126.02,1435.57,0.000,0.000,4.9487,9.1666,12.7023,Left,0,0,0,0,0.0000,100.000,0,0.000,0,127.500,71.914,4.500,0.0300,0.0000,-30.00,antimatter,60,450;300;200;100;50,2,6,1.5,2.5,100,-10,5,250,40,5,250,60,1,8,11,0,0.06,4,0.5,50,8,5
37,1,60,FrameTimeStutter,6.000,antimatter,practice,2026-08-31T17:32:23.9802087-04:00,3,743,12.39551,16.7507,2126.02,1435.57,0.000,0.000,4.9487,9.1666,12.7023,Left,0,0,0,0,0.0000,100.000,0,0.000,0,127.500,71.914,4.500,0.0300,0.0000,-30.00,antimatter,60,450;300;200;100;50,2,6,1.5,2.5,100,-10,5,250,40,5,250,60,1,8,11,0,0.06,4,0.5,50,8,5
37,1,60,FrameTimeStutter,6.000,antimatter,practice,2026-08-31T17:32:23.9802087-04:00,3,744,12.41279,17.2770,2126.02,1435.57,0.000,0.000,4.9487,9.1666,12.7023,Left,0,0,0,0,0.0000,100.000,0,0.000,0,127.500,71.914,4.500,0.0300,0.0000,-30.00,antimatter,60,450;300;200;100;50,2,6,1.5,2.5,100,-10,5,250,40,5,250,60,1,8,11,0,0.06,4,0.5,50,8,5
37,1,60,FrameTimeStutter,6.000,antimatter,practice,2026-08-31T17:32:23.9802087-04:00,3,745,12.42870,15.9070,2126.02,1435.57,0.000,0.000,4.9487,9.1666,12.7023,Left,0,0,0,0,0.0000,100.000,0,0.000,0,127.500,71.914,4.500,0.0300,0.0000,-30.00,antimatter,60,450;300;200;100;50,2,6,1.5,2.5,100,-10,5,250,40,5,250,60,1,8,11,0,0.06,4,0.5,50,8,5
37,1,60,FrameTimeStutter,6.000,antimatter,practice,2026-08-31T17:32:23.9802087-04:00,3,746,12.44567,16.9807,2126.02,1435.57,0.000,0.000,4.9487,9.1666,12.7023,Left,0,0,0,0,0.0000,100.000,0,0.000,0,127.500,71.914,4.500,0.0300,0.0000,-30.00,antimatter,60,450;300;200;100;50,2,6,1.5,2.5,100,-10,5,250,40,5,250,60,1,8,11,0,0.06,4,0.5,50,8,5
37,1,60,FrameTimeStutter,6.000,antimatter,practice,2026-08-31T17:32:23.9802087-04:00,3,747,12.46180,16.1254,2126.02,1435.57,0.000,0.000,4.9487,9.1666,12.7023,Left,0,0,0,0,0.0000,100.000,0,0.000,0,127.500,71.914,4.500,0.0300,0.0000,-30.00,antimatter,60,450;300;200;100;50,2,6,1.5,2.5,100,-10,5,250,40,5,250,60,1,8,11,0,0.06,4,0.5,50,8,5
37,1,60,FrameTimeStutter,6.000,antimatter,practice,2026-08-31T17:32:23.9802087-04:00,3,748,12.47866,16.8586,2126.02,1435.57,0.000,0.000,4.9487,9.1666,12.7023,Left,0,0,0,0,0.0000,100.000,0,0.000,0,127.500,71.914,4.500,0.0300,0.0000,-30.00,antimatter,60,450;300;200;100;50,2,6,1.5,2.5,100,-10,5,250,40,5,250,60,1,8,11,0,0.06,4,0.5,50,8,5
37,1,60,FrameTimeStutter,6.000,antimatter,practice,2026-08-31T17:32:23.9802087-04:00,3,749,12.49544,16.7803,2126.02,1435.57,0.000,0.000,4.9487,9.1666,12.7023,Left,0,0,0,0,0.0000,100.000,0,0.000,0,127.500,71.914,4.500,0.0300,0.0000,-30.00,antimatter,60,450;300;200;100;50,2,6,1.5,2.5,100,-10,5,250,40,5,250,60,1,8,11,0,0.06,4,0.5,50,8,5
37,1,60,FrameTimeStutter,6.000,antimatter,practice,2026-08-31T17:32:23.9802087-04:00,3,750,12.51237,16.9279,2126.02,1435.57,0.000,0.000,4.9487,9.1666,12.7023,Left,0,0,0,0,0.0000,100.000,0,0.000,0,127.500,71.914,4.500,0.0300,0.0000,-30.00,antimatter,60,450;300;200;100;50,2,6,1.5,2.5,100,-10,5,250,40,5,250,60,1,8,11,0,0.06,4,0.5,50,8,5
37,1,60,FrameTimeStutter,6.000,antimatter,practice,2026-08-31T17:32:23.9802087-04:00,3,751,12.52919,16.8252,2126.02,1435.57,0.000,0.000,4.9487,9.1666,12.7023,Left,0,0,0,0,0.0000,100.000,0,0.000,0,127.500,71.914,4.500,0.0300,0.0000,-30.00,antimatter,60,450;300;200;100;50,2,6,1.5,2.5,100,-10,5,250,40,5,250,60,1,8,11,0,0.06,4,0.5,50,8,5
37,1,60,FrameTimeStutter,6.000,antimatter,practice,2026-08-31T17:32:23.9802087-04:00,3,752,12.54588,16.6870,2126.02,1435.57,0.000,0.000,4.9487,9.1666,12.7023,Left,0,0,0,0,0.0000,100.000,0,0.000,0,127.500,71.914,4.500,0.0300,0.0000,-30.00,antimatter,60,450;300;200;100;50,2,6,1.5,2.5,100,-10,5,250,40,5,250,60,1,8,11,0,0.06,4,0.5,50,8,5
37,1,60,FrameTimeStutter,6.000,antimatter,practice,2026-08-31T17:32:23.9802087-04:00,3,753,12.56239,16.5098,2126.02,1435.57,0.000,0.000,4.9487,9.1666,12.7023,Left,0,0,0,0,0.0000,100.000,0,0.000,0,127.500,71.914,4.500,0.0300,0.0000,-30.00,antimatter,60,450;300;200;100;50,2,6,1.5,2.5,100,-10,5,250,40,5,250,60,1,8,11,0,0.06,4,0.5,50,8,5
37,1,60,FrameTimeStutter,6.000,antimatter,practice,2026-08-31T17:32:23.9802087-04:00,3,754,12.57928,16.8866,2126.02,1435.57,0.000,0.000,4.9487,9.1666,12.7023,Left,0,0,0,0,0.0000,100.000,0,0.000,0,127.500,71.914,4.500,0.0300,0.0000,-30.00,antimatter,60,450;300;200;100;50,2,6,1.5,2.5,100,-10,5,250,40,5,250,60,1,8,11,0,0.06,4,0.5,50,8,5
37,1,60,FrameTimeStutter,6.000,antimatter,practice,2026-08-31T17:32:23.9802087-04:00,3,755,12.59594,16.6612,2126.02,1435.57,0.000,0.000,4.9487,9.1666,12.7023,Left,0,0,0,0,0.0000,100.000,0,0.000,0,127.500,71.914,4.500,0.0300,0.0000,-30.00,antimatter,60,450;300;200;100;50,2,6,1.5,2.5,100,-10,5,250,40,5,250,60,1,8,11,0,0.06,4,0.5,50,8,5
37,1,60,FrameTimeStutter,6.000,antimatter,practice,2026-08-31T17:32:23.9802087-04:00,3,756,12.61187,15.9300,2126.02,1435.57,0.000,0.000,4.9487,9.1666,12.7023,Left,0,0,0,0,0.0000,100.000,0,0.000,0,127.500,71.914,4.500,0.0300,0.0000,-30.00,antimatter,60,450;300;200;100;50,2,6,1.5,2.5,100,-10,5,250,40,5,250,60,1,8,11,0,0.06,4,0.5,50,8,5
37,1,60,FrameTimeStutter,6.000,antimatter,practice,2026-08-31T17:32:23.9802087-04:00,3,757,12.62870,16.8322,2126.02,1435.57,0.000,0.000,4.9487,9.1666,12.7023,Left,0,0,0,0,0.0000,100.000,0,0.000,0,127.500,71.914,4.500,0.0300,0.0000,-30.00,antimatter,60,450;300;200;100;50,2,6,1.5,2.5,100,-10,5,250,40,5,250,60,1,8,11,0,0.06,4,0.5,50,8,5
37,1,60,FrameTimeStutter,6.000,antimatter,practice,2026-08-31T17:32:23.9802087-04:00,3,758,12.64591,17.2124,2126.02,1435.57,0.000,0.000,4.9487,9.1666,12.7023,Left,0,0,0,0,0.0000,100.000,0,0.000,0,127.500,71.914,4.500,0.0300,0.0000,-30.00,antimatter,60,450;300;200;100;50,2,6,1.5,2.5,100,-10,5,250,40,5,250,60,1,8,11,0,0.06,4,0.5,50,8,5
37,1,60,FrameTimeStutter,6.000,antimatter,practice,2026-08-31T17:32:23.9802087-04:00,3,759,12.66254,16.6266,2126.02,1435.57,0.000,0.000,4.9487,9.1666,12.7023,Left,0,0,0,0,0.0000,100.000,0,0.000,0,127.500,71.914,4.500,0.0300,0.0000,-30.00,antimatter,60,450;300;200;100;50,2,6,1.5,2.5,100,-10,5,250,40,5,250,60,1,8,11,0,0.06,4,0.5,50,8,5
37,1,60,FrameTimeStutter,6.000,antimatter,practice,2026-08-31T17:32:23.9802087-04:00,3,760,12.67934,16.8054,2126.02,1435.57,0.000,0.000,4.9487,9.1666,12.7023,Left,0,0,0,0,0.0000,100.000,0,0.000,0,127.500,71.914,4.500,0.0300,0.0000,-30.00,antimatter,60,450;300;200;100;50,2,6,1.5,2.5,100,-10,5,250,40,5,250,60,1,8,11,0,0.06,4,0.5,50,8,5
37,1,60,FrameTimeStutter,6.000,antimatter,practice,2026-08-31T17:32:23.9802087-04:00,3,761,12.69530,15.9506,2126.02,1435.57,0.000,0.000,4.9487,9.1666,12.7023,Left,0,0,0,0,0.0000,100.000,0,0.000,0,127.500,71.914,4.500,0.0300,0.0000,-30.00,antimatter,60,450;300;200;100;50,2,6,1.5,2.5,100,-10,5,250,40,5,250,60,1,8,11,0,0.06,4,0.5,50,8,5
37,1,60,FrameTimeStutter,6.000,antimatter,practice,2026-08-31T17:32:23.9802087-04:00,3,762,12.71225,16.9515,2126.02,1435.57,0.000,0.000,4.9487,9.1666,12.7023,Left,0,0,0,0,0.0000,100.000,0,0.000,0,127.500,71.914,4.500,0.0300,0.0000,-30.00,antimatter,60,450;300;200;100;50,2,6,1.5,2.5,100,-10,5,250,40,5,250,60,1,8,11,0,0.06,4,0.5,50,8,5
37,1,60,FrameTimeStutter,6.000,antimatter,practice,2026-08-31T17:32:23.9802087-04:00,3,763,12.72900,16.7577,2126.02,1435.57,0.000,0.000,4.9487,9.1666,12.7023,Left,0,0,0,0,0.0000,100.000,0,0.000,0,127.500,71.914,4.500,0.0300,0.0000,-30.00,antimatter,60,450;300;200;100;50,2,6,1.5,2.5,100,-10,5,250,40,5,250,60,1,8,11,0,0.06,4,0.5,50,8,5
37,1,60,FrameTimeStutter,6.000,antimatter,practice,2026-08-31T17:32:23.9802087-04:00,3,764,12.74527,16.2692,2126.02,1435.57,0.000,0.000,4.9487,9.1666,12.7023,Left,0,0,0,0,0.0000,100.000,0,0.000,0,127.500,71.914,4.500,0.0300,0.0000,-30.00,antimatter,60,450;300;200;100;50,2,6,1.5,2.5,100,-10,5,250,40,5,250,60,1,8,11,0,0.06,4,0.5,50,8,5
37,1,60,FrameTimeStutter,6.000,antimatter,practice,2026-08-31T17:32:23.9802087-04:00,3,765,12.76230,17.0261,2126.02,1435.57,0.000,0.000,4.9487,9.1666,12.7023,Left,0,0,0,0,0.0000,100.000,0,0.000,0,127.500,71.914,4.500,0.0300,0.0000,-30.00,antimatter,60,450;300;200;100;50,2,6,1.5,2.5,100,-10,5,250,40,5,250,60,1,8,11,0,0.06,4,0.5,50,8,5
37,1,60,FrameTimeStutter,6.000,antimatter,practice,2026-08-31T17:32:23.9802087-04:00,3,766,12.77921,16.9116,2126.02,1435.57,0.000,0.000,4.9487,9.1666,12.7023,Left,0,0,0,0,0.0000,100.000,0,0.000,0,127.500,71.914,4.500,0.0300,0.0000,-30.00,antimatter,60,450;300;200;100;50,2,6,1.5,2.5,100,-10,5,250,40,5,250,60,1,8,11,0,0.06,4,0.5,50,8,5
37,1,60,FrameTimeStutter,6.000,antimatter,practice,2026-08-31T17:32:23.9802087-04:00,3,767,12.79587,16.6557,2126.02,1435.57,0.000,0.000,4.9487,9.1666,12.7023,Left,0,0,0,0,0.0000,100.000,0,0.000,0,127.500,71.914,4.500,0.0300,0.0000,-30.00,antimatter,60,450;300;200;100;50,2,6,1.5,2.5,100,-10,5,250,40,5,250,60,1,8,11,0,0.06,4,0.5,50,8,5
37,1,60,FrameTimeStutter,6.000,antimatter,practice,2026-08-31T17:32:23.9802087-04:00,3,768,12.81209,16.2241,2126.02,1435.57,0.000,0.000,4.9487,9.1666,12.7023,Left,0,0,0,0,0.0000,100.000,0,0.000,0,127.500,71.914,4.500,0.0300,0.0000,-30.00,antimatter,60,450;300;200;100;50,2,6,1.5,2.5,100,-10,5,250,40,5,250,60,1,8,11,0,0.06,4,0.5,50,8,5
37,1,60,FrameTimeStutter,6.000,antimatter,practice,2026-08-31T17:32:23.9802087-04:00,3,769,12.82866,16.5683,2126.02,1435.57,0.000,0.000,4.9487,9.1666,12.7023,Left,0,0,0,0,0.0000,100.000,0,0.000,0,127.500,71.914,4.500,0.0300,0.0000,-30.00,antimatter,60,450;300;200;100;50,2,6,1.5,2.5,100,-10,5,250,40,5,250,60,1,8,11,0,0.06,4,0.5,50,8,5
37,1,60,FrameTimeStutter,6.000,antimatter,practice,2026-08-31T17:32:23.9802087-04:00,3,770,12.84568,17.0198,2126.02,1435.57,0.000,0.000,4.9487,9.1666,12.7023,Left,0,0,0,0,0.0000,100.000,0,0.000,0,127.500,71.914,4.500,0.0300,0.0000,-30.00,antimatter,60,450;300;200;100;50,2,6,1.5,2.5,100,-10,5,250,40,5,250,60,1,8,11,0,0.06,4,0.5,50,8,5
37,1,60,FrameTimeStutter,6.000,antimatter,practice,2026-08-31T17:32:23.9802087-04:00,3,771,12.86198,16.3047,2126.02,1435.57,0.000,0.000,4.9487,9.1666,12.7023,Left,0,0,0,0,0.0000,100.000,0,0.000,0,127.500,71.914,4.500,0.0300,0.0000,-30.00,antimatter,60,450;300;200;100;50,2,6,1.5,2.5,100,-10,5,250,40,5,250,60,1,8,11,0,0.06,4,0.5,50,8,5
37,1,60,FrameTimeStutter,6.000,antimatter,practice,2026-08-31T17:32:23.9802087-04:00,3,772,12.87849,16.5091,2126.02,1435.57,0.000,0.000,4.9487,9.1666,12.7023,Left,0,0,0,0,0.0000,100.000,0,0.000,0,127.500,71.914,4.500,0.0300,0.0000,-30.00,antimatter,60,450;300;200;100;50,2,6,1.5,2.5,100,-10,5,250,40,5,250,60,1,8,11,0,0.06,4,0.5,50,8,5
37,1,60,FrameTimeStutter,6.000,antimatter,practice,2026-08-31T17:32:23.9802087-04:00,3,773,12.89567,17.1776,2126.02,1435.57,0.000,0.000,4.9487,9.1666,12.7023,Left,0,0,0,0,0.0000,100.000,0,0.000,0,127.500,71.914,4.500,0.0300,0.0000,-30.00,antimatter,60,450;300;200;100;50,2,6,1.5,2.5,100,-10,5,250,40,5,250,60,1,8,11,0,0.06,4,0.5,50,8,5
37,1,60,FrameTimeStutter,6.000,antimatter,practice,2026-08-31T17:32:23.9802087-04:00,3,774,12.91232,16.6469,2126.02,1435.57,0.000,0.000,4.9487,9.1666,12.7023,Left,0,0,0,0,0.0000,100.000,0,0.000,0,127.500,71.914,4.500,0.0300,0.0000,-30.00,antimatter,60,450;300;200;100;50,2,6,1.5,2.5,100,-10,5,250,40,5,250,60,1,8,11,0,0.06,4,0.5,50,8,5
37,1,60,FrameTimeStutter,6.000,antimatter,practice,2026-08-31T17:32:23.9802087-04:00,3,775,12.92935,17.0343,2126.02,1435.57,0.000,0.000,4.9487,9.1666,12.7023,Left,0,0,0,0,0.0000,100.000,0,0.000,0,127.500,71.914,4.500,0.0300,0.0000,-30.00,antimatter,60,450;300;200;100;50,2,6,1.5,2.5,100,-10,5,250,40,5,250,60,1,8,11,0,0.06,4,0.5,50,8,5
37,1,60,FrameTimeStutter,6.000,antimatter,practice,2026-08-31T17:32:23.9802087-04:00,3,776,12.94563,16.2833,2126.02,1435.57,0.000,0.000,4.9487,9.1666,12.7023,Left,0,0,0,0,0.0000,100.000,0,0.000,0,127.500,71.914,4.500,0.0300,0.0000,-30.00,antimatter,60,450;300;200;100;50,2,6,1.5,2.5,100,-10,5,250,40,5,250,60,1,8,11,0,0.06,4,0.5,50,8,5
37,1,60,FrameTimeStutter,6.000,antimatter,practice,2026-08-31T17:32:23.9802087-04:00,3,777,12.96141,15.7722,2126.02,1435.57,0.000,0.000,4.9487,9.1666,12.7023,Left,0,0,0,0,0.0000,100.000,0,0.000,0,127.500,71.914,4.500,0.0300,0.0000,-30.00,antimatter,60,450;300;200;100;50,2,6,1.5,2.5,100,-10,5,250,40,5,250,60,1,8,11,0,0.06,4,0.5,50,8,5
37,1,60,FrameTimeStutter,6.000,antimatter,practice,2026-08-31T17:32:23.9802087-04:00,3,778,12.97876,17.3564,2126.02,1435.57,0.000,0.000,4.9487,9.1666,12.7023,Left,0,0,0,0,0.0000,100.000,0,0.000,0,127.500,71.914,4.500,0.0300,0.0000,-30.00,antimatter,60,450;300;200;100;50,2,6,1.5,2.5,100,-10,5,250,40,5,250,60,1,8,11,0,0.06,4,0.5,50,8,5
37,1,60,FrameTimeStutter,6.000,antimatter,practice,2026-08-31T17:32:23.9802087-04:00,3,779,12.99528,16.5165,2126.02,1435.57,0.000,0.000,4.9487,9.1666,12.7023,Left,0,0,0,0,0.0000,100.000,0,0.000,0,127.500,71.914,4.500,0.0300,0.0000,-30.00,antimatter,60,450;300;200;100;50,2,6,1.5,2.5,100,-10,5,250,40,5,250,60,1,8,11,0,0.06,4,0.5,50,8,5
37,1,60,FrameTimeStutter,6.000,antimatter,practice,2026-08-31T17:32:23.9802087-04:00,3,780,13.01203,16.7544,2126.02,1435.57,0.000,0.000,4.9487,9.1666,12.7023,Left,0,0,0,0,0.0000,100.000,0,0.000,0,127.500,71.914,4.500,0.0300,0.0000,-30.00,antimatter,60,450;300;200;100;50,2,6,1.5,2.5,100,-10,5,250,40,5,250,60,1,8,11,0,0.06,4,0.5,50,8,5
37,1,60,FrameTimeStutter,6.000,antimatter,practice,2026-08-31T17:32:23.9802087-04:00,3,781,13.02904,17.0077,2126.02,1435.57,0.000,0.000,4.9487,9.1666,12.7023,Left,0,0,0,0,0.0000,100.000,0,0.000,0,127.500,71.914,4.500,0.0300,0.0000,-30.00,antimatter,60,450;300;200;100;50,2,6,1.5,2.5,100,-10,5,250,40,5,250,60,1,8,11,0,0.06,4,0.5,50,8,5
37,1,60,FrameTimeStutter,6.000,antimatter,practice,2026-08-31T17:32:23.9802087-04:00,3,782,13.04581,16.7701,2126.02,1435.57,0.000,0.000,4.9487,9.1666,12.7023,Left,0,0,0,0,0.0000,100.000,0,0.000,0,127.500,71.914,4.500,0.0300,0.0000,-30.00,antimatter,60,450;300;200;100;50,2,6,1.5,2.5,100,-10,5,250,40,5,250,60,1,8,11,0,0.06,4,0.5,50,8,5
37,1,60,FrameTimeStutter,6.000,antimatter,practice,2026-08-31T17:32:23.9802087-04:00,3,783,13.06213,16.3219,2126.02,1435.57,0.000,0.000,4.9487,9.1666,12.7023,Left,0,0,0,0,0.0000,100.000,0,0.000,0,127.500,71.914,4.500,0.0300,0.0000,-30.00,antimatter,60,450;300;200;100;50,2,6,1.5,2.5,100,-10,5,250,40,5,250,60,1,8,11,0,0.06,4,0.5,50,8,5
37,1,60,FrameTimeStutter,6.000,antimatter,practice,2026-08-31T17:32:23.9802087-04:00,3,784,13.07927,17.1332,2126.02,1435.57,0.000,0.000,4.9487,9.1666,12.7023,Left,0,0,0,0,0.0000,100.000,0,0.000,0,127.500,71.914,4.500,0.0300,0.0000,-30.00,antimatter,60,450;300;200;100;50,2,6,1.5,2.5,100,-10,5,250,40,5,250,60,1,8,11,0,0.06,4,0.5,50,8,5
37,1,60,FrameTimeStutter,6.000,antimatter,practice,2026-08-31T17:32:23.9802087-04:00,3,785,13.09563,16.3590,2126.02,1435.57,0.000,0.000,4.9487,9.1666,12.7023,Left,0,0,0,0,0.0000,100.000,0,0.000,0,127.500,71.914,4.500,0.0300,0.0000,-30.00,antimatter,60,450;300;200;100;50,2,6,1.5,2.5,100,-10,5,250,40,5,250,60,1,8,11,0,0.06,4,0.5,50,8,5
37,1,60,FrameTimeStutter,6.000,antimatter,practice,2026-08-31T17:32:23.9802087-04:00,3,786,13.11188,16.2499,2126.02,1435.57,0.000,0.000,4.9487,9.1666,12.7023,Left,0,0,0,0,0.0000,100.000,0,0.000,0,127.500,71.914,4.500,0.0300,0.0000,-30.00,antimatter,60,450;300;200;100;50,2,6,1.5,2.5,100,-10,5,250,40,5,250,60,1,8,11,0,0.06,4,0.5,50,8,5
37,1,60,FrameTimeStutter,6.000,antimatter,practice,2026-08-31T17:32:23.9802087-04:00,3,787,13.12916,17.2845,2126.02,1435.57,0.000,0.000,4.9487,9.1666,12.7023,Left,0,0,0,0,0.0000,100.000,0,0.000,0,127.500,71.914,4.500,0.0300,0.0000,-30.00,antimatter,60,450;300;200;100;50,2,6,1.5,2.5,100,-10,5,250,40,5,250,60,1,8,11,0,0.06,4,0.5,50,8,5
37,1,60,FrameTimeStutter,6.000,antimatter,practice,2026-08-31T17:32:23.9802087-04:00,3,788,13.14594,16.7765,2126.02,1435.57,0.000,0.000,4.9487,9.1666,12.7023,Left,0,0,0,0,0.0000,100.000,0,0.000,0,127.500,71.914,4.500,0.0300,0.0000,-30.00,antimatter,60,450;300;200;100;50,2,6,1.5,2.5,100,-10,5,250,40,5,250,60,1,8,11,0,0.06,4,0.5,50,8,5
37,1,60,FrameTimeStutter,6.000,antimatter,practice,2026-08-31T17:32:23.9802087-04:00,3,789,13.16188,15.9441,2126.02,1435.57,0.000,0.000,4.9487,9.1666,12.7023,Left,0,0,0,0,0.0000,100.000,0,0.000,0,127.500,71.914,4.500,0.0300,0.0000,-30.00,antimatter,60,450;300;200;100;50,2,6,1.5,2.5,100,-10,5,250,40,5,250,60,1,8,11,0,0.06,4,0.5,50,8,5
37,1,60,FrameTimeStutter,6.000,antimatter,practice,2026-08-31T17:32:23.9802087-04:00,3,790,13.17883,16.9536,2126.02,1435.57,0.000,0.000,4.9487,9.1666,12.7023,Left,0,0,0,0,0.0000,100.000,0,0.000,0,127.500,71.914,4.500,0.0300,0.0000,-30.00,antimatter,60,450;300;200;100;50,2,6,1.5,2.5,100,-10,5,250,40,5,250,60,1,8,11,0,0.06,4,0.5,50,8,5
37,1,60,FrameTimeStutter,6.000,antimatter,practice,2026-08-31T17:32:23.9802087-04:00,3,791,13.19611,17.2733,2126.02,1435.57,0.000,0.000,4.9487,9.1666,12.7023,Left,0,0,0,0,0.0000,100.000,0,0.000,0,127.500,71.914,4.500,0.0300,0.0000,-30.00,antimatter,60,450;300;200;100;50,2,6,1.5,2.5,100,-10,5,250,40,5,250,60,1,8,11,0,0.06,4,0.5,50,8,5
37,1,60,FrameTimeStutter,6.000,antimatter,practice,2026-08-31T17:32:23.9802087-04:00,3,792,13.21248,16.3690,2126.02,1435.57,0.000,0.000,4.9487,9.1666,12.7023,Left,0,0,0,0,0.0000,100.000,0,0.000,0,127.500,71.914,4.500,0.0300,0.0000,-30.00,antimatter,60,450;300;200;100;50,2,6,1.5,2.5,100,-10,5,250,40,5,250,60,1,8,11,0,0.06,4,0.5,50,8,5
37,1,60,FrameTimeStutter,6.000,antimatter,practice,2026-08-31T17:32:23.9802087-04:00,3,793,13.22854,16.0592,2126.02,1435.57,0.000,0.000,4.9487,9.1666,12.7023,Left,0,0,0,0,0.0000,100.000,0,0.000,0,127.500,71.914,4.500,0.0300,0.0000,-30.00,antimatter,60,450;300;200;100;50,2,6,1.5,2.5,100,-10,5,250,40,5,250,60,1,8,11,0,0.06,4,0.5,50,8,5
37,1,60,FrameTimeStutter,6.000,antimatter,practice,2026-08-31T17:32:23.9802087-04:00,3,794,13.24540,16.8585,2126.02,1435.57,0.000,0.000,4.9487,9.1666,12.7023,Left,0,0,0,0,0.0000,100.000,0,0.000,0,127.500,71.914,4.500,0.0300,0.0000,-30.00,antimatter,60,450;300;200;100;50,2,6,1.5,2.5,100,-10,5,250,40,5,250,60,1,8,11,0,0.06,4,0.5,50,8,5
37,1,60,FrameTimeStutter,6.000,antimatter,practice,2026-08-31T17:32:23.9802087-04:00,3,795,13.26212,16.7204,2126.02,1435.57,0.000,0.000,4.9487,9.1666,12.7023,Left,0,0,0,0,0.0000,100.000,0,0.000,0,127.500,71.914,4.500,0.0300,0.0000,-30.00,antimatter,60,450;300;200;100;50,2,6,1.5,2.5,100,-10,5,250,40,5,250,60,1,8,11,0,0.06,4,0.5,50,8,5
37,1,60,FrameTimeStutter,6.000,antimatter,practice,2026-08-31T17:32:23.9802087-04:00,3,796,13.27886,16.7466,2126.02,1435.57,0.000,0.000,4.9487,9.1666,12.7023,Left,0,0,0,0,0.0000,100.000,0,0.000,0,127.500,71.914,4.500,0.0300,0.0000,-30.00,antimatter,60,450;300;200;100;50,2,6,1.5,2.5,100,-10,5,250,40,5,250,60,1,8,11,0,0.06,4,0.5,50,8,5
37,1,60,FrameTimeStutter,6.000,antimatter,practice,2026-08-31T17:32:23.9802087-04:00,3,797,13.29567,16.8060,2126.02,1435.57,0.000,0.000,4.9487,9.1666,12.7023,Left,0,0,0,0,0.0000,100.000,0,0.000,0,127.500,71.914,4.500,0.0300,0.0000,-30.00,antimatter,60,450;300;200;100;50,2,6,1.5,2.5,100,-10,5,250,40,5,250,60,1,8,11,0,0.06,4,0.5,50,8,5
37,1,60,FrameTimeStutter,6.000,antimatter,practice,2026-08-31T17:32:23.9802087-04:00,3,798,13.31254,16.8769,2126.02,1435.57,0.000,0.000,4.9487,9.1666,12.7023,Left,0,0,0,0,0.0000,100.000,0,0.000,0,127.500,71.914,4.500,0.0300,0.0000,-30.00,antimatter,60,450;300;200;100;50,2,6,1.5,2.5,100,-10,5,250,40,5,250,60,1,8,11,0,0.06,4,0.5,50,8,5
37,1,60,FrameTimeStutter,6.000,antimatter,practice,2026-08-31T17:32:23.9802087-04:00,3,799,13.32906,16.5141,2126.02,1435.57,0.000,0.000,4.9487,9.1666,12.7023,Left,0,0,0,0,0.0000,100.000,0,0.000,0,127.500,71.914,4.500,0.0300,0.0000,-30.00,antimatter,60,450;300;200;100;50,2,6,1.5,2.5,100,-10,5,250,40,5,250,60,1,8,11,0,0.06,4,0.5,50,8,5
37,1,60,FrameTimeStutter,6.000,antimatter,practice,2026-08-31T17:32:23.9802087-04:00,3,800,13.34563,16.5730,2126.02,1435.57,0.000,0.000,4.9487,9.1666,12.7023,Left,0,0,0,0,0.0000,100.000,0,0.000,0,127.500,71.914,4.500,0.0300,0.0000,-30.00,antimatter,60,450;300;200;100;50,2,6,1.5,2.5,100,-10,5,250,40,5,250,60,1,8,11,0,0.06,4,0.5,50,8,5
37,1,60,FrameTimeStutter,6.000,antimatter,practice,2026-08-31T17:32:23.9802087-04:00,3,801,13.36203,16.4017,2126.02,1435.57,0.000,0.000,4.9487,9.1666,12.7023,Left,0,0,0,0,0.0000,100.000,0,0.000,0,127.500,71.914,4.500,0.0300,0.0000,-30.00,antimatter,60,450;300;200;100;50,2,6,1.5,2.5,100,-10,5,250,40,5,250,60,1,8,11,0,0.06,4,0.5,50,8,5
37,1,60,FrameTimeStutter,6.000,antimatter,practice,2026-08-31T17:32:23.9802087-04:00,3,802,13.37865,16.6207,2126.02,1435.57,0.000,0.000,4.9487,9.1666,12.7023,Left,0,0,0,0,0.0000,100.000,0,0.000,0,127.500,71.914,4.500,0.0300,0.0000,-30.00,antimatter,60,450;300;200;100;50,2,6,1.5,2.5,100,-10,5,250,40,5,250,60,1,8,11,0,0.06,4,0.5,50,8,5
37,1,60,FrameTimeStutter,6.000,antimatter,practice,2026-08-31T17:32:23.9802087-04:00,3,803,13.39540,16.7447,2126.02,1435.57,0.000,0.000,4.9487,9.1666,12.7023,Left,0,0,0,0,0.0000,100.000,0,0.000,0,127.500,71.914,4.500,0.0300,0.0000,-30.00,antimatter,60,450;300;200;100;50,2,6,1.5,2.5,100,-10,5,250,40,5,250,60,1,8,11,0,0.06,4,0.5,50,8,5
37,1,60,FrameTimeStutter,6.000,antimatter,practice,2026-08-31T17:32:23.9802087-04:00,3,804,13.41203,16.6331,2126.02,1435.57,0.000,0.000,4.9487,9.1666,12.7023,Left,0,0,0,0,0.0000,100.000,0,0.000,0,127.500,71.914,4.500,0.0300,0.0000,-30.00,antimatter,60,450;300;200;100;50,2,6,1.5,2.5,100,-10,5,250,40,5,250,60,1,8,11,0,0.06,4,0.5,50,8,5
37,1,60,FrameTimeStutter,6.000,antimatter,practice,2026-08-31T17:32:23.9802087-04:00,3,805,13.42861,16.5809,2126.02,1435.57,0.000,0.000,4.9487,9.1666,12.7023,Left,0,0,0,0,0.0000,100.000,0,0.000,0,127.500,71.914,4.500,0.0300,0.0000,-30.00,antimatter,60,450;300;200;100;50,2,6,1.5,2.5,100,-10,5,250,40,5,250,60,1,8,11,0,0.06,4,0.5,50,8,5
37,1,60,FrameTimeStutter,6.000,antimatter,practice,2026-08-31T17:32:23.9802087-04:00,3,806,13.44579,17.1775,2126.02,1435.57,0.000,0.000,4.9487,9.1666,12.7023,Left,0,0,0,0,0.0000,100.000,0,0.000,0,127.500,71.914,4.500,0.0300,0.0000,-30.00,antimatter,60,450;300;200;100;50,2,6,1.5,2.5,100,-10,5,250,40,5,250,60,1,8,11,0,0.06,4,0.5,50,8,5
37,1,60,FrameTimeStutter,6.000,antimatter,practice,2026-08-31T17:32:23.9802087-04:00,3,807,13.46269,16.8958,2126.02,1435.57,0.000,0.000,4.9487,9.1666,12.7023,Left,0,0,0,0,0.0000,100.000,0,0.000,0,127.500,71.914,4.500,0.0300,0.0000,-30.00,antimatter,60,450;300;200;100;50,2,6,1.5,2.5,100,-10,5,250,40,5,250,60,1,8,11,0,0.06,4,0.5,50,8,5
37,1,60,FrameTimeStutter,6.000,antimatter,practice,2026-08-31T17:32:23.9802087-04:00,3,808,13.47866,15.9715,2126.02,1435.57,0.000,0.000,4.9487,9.1666,12.7023,Left,0,0,0,0,0.0000,100.000,0,0.000,0,127.500,71.914,4.500,0.0300,0.0000,-30.00,antimatter,60,450;300;200;100;50,2,6,1.5,2.5,100,-10,5,250,40,5,250,60,1,8,11,0,0.06,4,0.5,50,8,5
37,1,60,FrameTimeStutter,6.000,antimatter,practice,2026-08-31T17:32:23.9802087-04:00,3,809,13.49511,16.4503,2126.02,1435.57,0.000,0.000,4.9487,9.1666,12.7023,Left,0,0,0,0,0.0000,100.000,0,0.000,0,127.500,71.914,4.500,0.0300,0.0000,-30.00,antimatter,60,450;300;200;100;50,2,6,1.5,2.5,100,-10,5,250,40,5,250,60,1,8,11,0,0.06,4,0.5,50,8,5
37,1,60,FrameTimeStutter,6.000,antimatter,practice,2026-08-31T17:32:23.9802087-04:00,3,810,13.51239,17.2849,2126.02,1435.57,0.000,0.000,4.9487,9.1666,12.7023,Left,0,0,0,0,0.0000,100.000,0,0.000,0,127.500,71.914,4.500,0.0300,0.0000,-30.00,antimatter,60,450;300;200;100;50,2,6,1.5,2.5,100,-10,5,250,40,5,250,60,1,8,11,0,0.06,4,0.5,50,8,5
37,1,60,FrameTimeStutter,6.000,antimatter,practice,2026-08-31T17:32:23.9802087-04:00,3,811,13.52914,16.7447,2126.02,1435.57,0.000,0.000,4.9487,9.1666,12.7023,Left,0,0,0,0,0.0000,100.000,0,0.000,0,127.500,71.914,4.500,0.0300,0.0000,-30.00,antimatter,60,450;300;200;100;50,2,6,1.5,2.5,100,-10,5,250,40,5,250,60,1,8,11,0,0.06,4,0.5,50,8,5
37,1,60,FrameTimeStutter,6.000,antimatter,practice,2026-08-31T17:32:23.9802087-04:00,3,812,13.54552,16.3802,2126.02,1435.57,0.000,0.000,4.9487,9.1666,12.7023,Left,0,0,0,0,0.0000,100.000,0,0.000,0,127.500,71.914,4.500,0.0300,0.0000,-30.00,antimatter,60,450;300;200;100;50,2,6,1.5,2.5,100,-10,5,250,40,5,250,60,1,8,11,0,0.06,4,0.5,50,8,5
37,1,60,FrameTimeStutter,6.000,antimatter,practice,2026-08-31T17:32:23.9802087-04:00,3,813,13.56209,16.5690,2126.02,1435.57,0.000,0.000,4.9487,9.1666,12.7023,Left,0,0,0,0,0.0000,100.000,0,0.000,0,127.500,71.914,4.500,0.0300,0.0000,-30.00,antimatter,60,450;300;200;100;50,2,6,1.5,2.5,100,-10,5,250,40,5,250,60,1,8,11,0,0.06,4,0.5,50,8,5
37,1,60,FrameTimeStutter,6.000,antimatter,practice,2026-08-31T17:32:23.9802087-04:00,3,814,13.57923,17.1417,2126.02,1435.57,0.000,0.000,4.9487,9.1666,12.7023,Left,0,0,0,0,0.0000,100.000,0,0.000,0,127.500,71.914,4.500,0.0300,0.0000,-30.00,antimatter,60,450;300;200;100;50,2,6,1.5,2.5,100,-10,5,250,40,5,250,60,1,8,11,0,0.06,4,0.5,50,8,5
37,1,60,FrameTimeStutter,6.000,antimatter,practice,2026-08-31T17:32:23.9802087-04:00,3,815,13.59523,16.0016,2126.02,1435.57,0.000,0.000,4.9487,9.1666,12.7023,Left,0,0,0,0,0.0000,100.000,0,0.000,0,127.500,71.914,4.500,0.0300,0.0000,-30.00,antimatter,60,450;300;200;100;50,2,6,1.5,2.5,100,-10,5,250,40,5,250,60,1,8,11,0,0.06,4,0.5,50,8,5
37,1,60,FrameTimeStutter,6.000,antimatter,practice,2026-08-31T17:32:23.9802087-04:00,3,816,13.61237,17.1364,2126.02,1435.57,0.000,0.000,4.9487,9.1666,12.7023,Left,0,0,0,0,0.0000,100.000,0,0.000,0,127.500,71.914,4.500,0.0300,0.0000,-30.00,antimatter,60,450;300;200;100;50,2,6,1.5,2.5,100,-10,5,250,40,5,250,60,1,8,11,0,0.06,4,0.5,50,8,5
37,1,60,FrameTimeStutter,6.000,antimatter,practice,2026-08-31T17:32:23.9802087-04:00,3,817,13.62926,16.8964,2126.02,1435.57,0.000,0.000,4.9487,9.1666,12.7023,Left,0,0,0,0,0.0000,100.000,0,0.000,0,127.500,71.914,4.500,0.0300,0.0000,-30.00,antimatter,60,450;300;200;100;50,2,6,1.5,2.5,100,-10,5,250,40,5,250,60,1,8,11,0,0.06,4,0.5,50,8,5
37,1,60,FrameTimeStutter,6.000,antimatter,practice,2026-08-31T17:32:23.9802087-04:00,3,818,13.64529,16.0254,2126.02,1435.57,0.000,0.000,4.9487,9.1666,12.7023,Left,0,0,0,0,0.0000,100.000,0,0.000,0,127.500,71.914,4.500,0.0300,0.0000,-30.00,antimatter,60,450;300;200;100;50,2,6,1.5,2.5,100,-10,5,250,40,5,250,60,1,8,11,0,0.06,4,0.5,50,8,5
37,1,60,FrameTimeStutter,6.000,antimatter,practice,2026-08-31T17:32:23.9802087-04:00,3,819,13.66228,16.9874,2126.02,1435.57,0.000,0.000,4.9487,9.1666,12.7023,Left,0,0,0,0,0.0000,100.000,0,0.000,0,127.500,71.914,4.500,0.0300,0.0000,-30.00,antimatter,60,450;300;200;100;50,2,6,1.5,2.5,100,-10,5,250,40,5,250,60,1,8,11,0,0.06,4,0.5,50,8,5
37,1,60,FrameTimeStutter,6.000,antimatter,practice,2026-08-31T17:32:23.9802087-04:00,3,820,13.67913,16.8564,2126.02,1435.57,0.000,0.000,4.9487,9.1666,12.7023,Left,0,0,0,0,0.0000,100.000,0,0.000,0,127.500,71.914,4.500,0.0300,0.0000,-30.00,antimatter,60,450;300;200;100;50,2,6,1.5,2.5,100,-10,5,250,40,5,250,60,1,8,11,0,0.06,4,0.5,50,8,5
37,1,60,FrameTimeStutter,6.000,antimatter,practice,2026-08-31T17:32:23.9802087-04:00,3,821,13.69548,16.3449,2126.02,1435.57,0.000,0.000,4.9487,9.1666,12.7023,Left,0,0,0,0,0.0000,100.000,0,0.000,0,127.500,71.914,4.500,0.0300,0.0000,-30.00,antimatter,60,450;300;200;100;50,2,6,1.5,2.5,100,-10,5,250,40,5,250,60,1,8,11,0,0.06,4,0.5,50,8,5
37,1,60,FrameTimeStutter,6.000,antimatter,practice,2026-08-31T17:32:23.9802087-04:00,3,822,13.71212,16.6424,2126.02,1435.57,0.000,0.000,4.9487,9.1666,12.7023,Left,0,0,0,0,0.0000,100.000,0,0.000,0,127.500,71.914,4.500,0.0300,0.0000,-30.00,antimatter,60,450;300;200;100;50,2,6,1.5,2.5,100,-10,5,250,40,5,250,60,1,8,11,0,0.06,4,0.5,50,8,5
37,1,60,FrameTimeStutter,6.000,antimatter,practice,2026-08-31T17:32:23.9802087-04:00,3,823,13.72896,16.8437,2126.02,1435.57,0.000,0.000,4.9487,9.1666,12.7023,Left,0,0,0,0,0.0000,100.000,0,0.000,0,127.500,71.914,4.500,0.0300,0.0000,-30.00,antimatter,60,450;300;200;100;50,2,6,1.5,2.5,100,-10,5,250,40,5,250,60,1,8,11,0,0.06,4,0.5,50,8,5
37,1,60,FrameTimeStutter,6.000,antimatter,practice,2026-08-31T17:32:23.9802087-04:00,3,824,13.74563,16.6658,2126.02,1435.57,0.000,0.000,4.9487,9.1666,12.7023,Left,0,0,0,0,0.0000,100.000,0,0.000,0,127.500,71.914,4.500,0.0300,0.0000,-30.00,antimatter,60,450;300;200;100;50,2,6,1.5,2.5,100,-10,5,250,40,5,250,60,1,8,11,0,0.06,4,0.5,50,8,5
37,1,60,FrameTimeStutter,6.000,antimatter,practice,2026-08-31T17:32:23.9802087-04:00,3,825,13.76208,16.4502,2126.02,1435.57,0.000,0.000,4.9487,9.1666,12.7023,Left,0,0,0,0,0.0000,100.000,0,0.000,0,127.500,71.914,4.500,0.0300,0.0000,-30.00,antimatter,60,450;300;200;100;50,2,6,1.5,2.5,100,-10,5,250,40,5,250,60,1,8,11,0,0.06,4,0.5,50,8,5
37,1,60,FrameTimeStutter,6.000,antimatter,practice,2026-08-31T17:32:23.9802087-04:00,3,826,13.77921,17.1353,2126.02,1435.57,0.000,0.000,4.9487,9.1666,12.7023,Left,0,0,0,0,0.0000,100.000,0,0.000,0,127.500,71.914,4.500,0.0300,0.0000,-30.00,antimatter,60,450;300;200;100;50,2,6,1.5,2.5,100,-10,5,250,40,5,250,60,1,8,11,0,0.06,4,0.5,50,8,5
37,1,60,FrameTimeStutter,6.000,antimatter,practice,2026-08-31T17:32:23.9802087-04:00,3,827,13.79531,16.0925,2126.02,1435.57,0.000,0.000,4.9487,9.1666,12.7023,Left,0,0,0,0,0.0000,100.000,0,0.000,0,127.500,71.914,4.500,0.0300,0.0000,-30.00,antimatter,60,450;300;200;100;50,2,6,1.5,2.5,100,-10,5,250,40,5,250,60,1,8,11,0,0.06,4,0.5,50,8,5
37,1,60,FrameTimeStutter,6.000,antimatter,practice,2026-08-31T17:32:23.9802087-04:00,3,828,13.81187,16.5672,2126.02,1435.57,0.000,0.000,4.9487,9.1666,12.7023,Left,0,0,0,0,0.0000,100.000,0,0.000,0,127.500,71.914,4.500,0.0300,0.0000,-30.00,antimatter,60,450;300;200;100;50,2,6,1.5,2.5,100,-10,5,250,40,5,250,60,1,8,11,0,0.06,4,0.5,50,8,5
37,1,60,FrameTimeStutter,6.000,antimatter,practice,2026-08-31T17:32:23.9802087-04:00,3,829,13.82870,16.8226,2126.02,1435.57,0.000,0.000,4.9487,9.1666,12.7023,Left,0,0,0,0,0.0000,100.000,0,0.000,0,127.500,71.914,4.500,0.0300,0.0000,-30.00,antimatter,60,450;300;200;100;50,2,6,1.5,2.5,100,-10,5,250,40,5,250,60,1,8,11,0,0.06,4,0.5,50,8,5
37,1,60,FrameTimeStutter,6.000,antimatter,practice,2026-08-31T17:32:23.9802087-04:00,3,830,13.84538,16.6800,2126.02,1435.57,0.000,0.000,4.9487,9.1666,12.7023,Left,0,0,0,0,0.0000,100.000,0,0.000,0,127.500,71.914,4.500,0.0300,0.0000,-30.00,antimatter,60,450;300;200;100;50,2,6,1.5,2.5,100,-10,5,250,40,5,250,60,1,8,11,0,0.06,4,0.5,50,8,5
37,1,60,FrameTimeStutter,6.000,antimatter,practice,2026-08-31T17:32:23.9802087-04:00,3,831,13.86190,16.5278,2126.02,1435.57,0.000,0.000,4.9487,9.1666,12.7023,Left,0,0,0,0,0.0000,100.000,0,0.000,0,127.500,71.914,4.500,0.0300,0.0000,-30.00,antimatter,60,450;300;200;100;50,2,6,1.5,2.5,100,-10,5,250,40,5,250,60,1,8,11,0,0.06,4,0.5,50,8,5
37,1,60,FrameTimeStutter,6.000,antimatter,practice,2026-08-31T17:32:23.9802087-04:00,3,832,13.87906,17.1517,2126.02,1435.57,0.000,0.000,4.9487,9.1666,12.7023,Left,0,0,0,0,0.0000,100.000,0,0.000,0,127.500,71.914,4.500,0.0300,0.0000,-30.00,antimatter,60,450;300;200;100;50,2,6,1.5,2.5,100,-10,5,250,40,5,250,60,1,8,11,0,0.06,4,0.5,50,8,5
37,1,60,FrameTimeStutter,6.000,antimatter,practice,2026-08-31T17:32:23.9802087-04:00,3,833,13.89517,16.1188,2126.02,1435.57,0.000,0.000,4.9487,9.1666,12.7023,Left,0,0,0,0,0.0000,100.000,0,0.000,0,127.500,71.914,4.500,0.0300,0.0000,-30.00,antimatter,60,450;300;200;100;50,2,6,1.5,2.5,100,-10,5,250,40,5,250,60,1,8,11,0,0.06,4,0.5,50,8,5
37,1,60,FrameTimeStutter,6.000,antimatter,practice,2026-08-31T17:32:23.9802087-04:00,3,834,13.91249,17.3199,2126.02,1435.57,0.000,0.000,4.9487,9.1666,12.7023,Left,0,0,0,0,0.0000,100.000,0,0.000,0,127.500,71.914,4.500,0.0300,0.0000,-30.00,antimatter,60,450;300;200;100;50,2,6,1.5,2.5,100,-10,5,250,40,5,250,60,1,8,11,0,0.06,4,0.5,50,8,5
37,1,60,FrameTimeStutter,6.000,antimatter,practice,2026-08-31T17:32:23.9802087-04:00,3,835,13.92894,16.4433,2126.02,1435.57,0.000,0.000,4.9487,9.1666,12.7023,Left,0,0,0,0,0.0000,100.000,0,0.000,0,127.500,71.914,4.500,0.0300,0.0000,-30.00,antimatter,60,450;300;200;100;50,2,6,1.5,2.5,100,-10,5,250,40,5,250,60,1,8,11,0,0.06,4,0.5,50,8,5
37,1,60,FrameTimeStutter,6.000,antimatter,practice,2026-08-31T17:32:23.9802087-04:00,3,836,13.94546,16.5187,2126.02,1435.57,0.000,0.000,4.9487,9.1666,12.7023,Left,0,0,0,0,0.0000,100.000,0,0.000,0,127.500,71.914,4.500,0.0300,0.0000,-30.00,antimatter,60,450;300;200;100;50,2,6,1.5,2.5,100,-10,5,250,40,5,250,60,1,8,11,0,0.06,4,0.5,50,8,5
37,1,60,FrameTimeStutter,6.000,antimatter,practice,2026-08-31T17:32:23.9802087-04:00,3,837,13.96216,16.7009,2126.02,1435.57,0.000,0.000,4.9487,9.1666,12.7023,Left,0,0,0,0,0.0000,100.000,0,0.000,0,127.500,71.914,4.500,0.0300,0.0000,-30.00,antimatter,60,450;300;200;100;50,2,6,1.5,2.5,100,-10,5,250,40,5,250,60,1,8,11,0,0.06,4,0.5,50,8,5
37,1,60,FrameTimeStutter,6.000,antimatter,practice,2026-08-31T17:32:23.9802087-04:00,3,838,13.97890,16.7379,2126.02,1435.57,0.000,0.000,4.9487,9.1666,12.7023,Left,0,0,0,0,0.0000,100.000,0,0.000,0,127.500,71.914,4.500,0.0300,0.0000,-30.00,antimatter,60,450;300;200;100;50,2,6,1.5,2.5,100,-10,5,250,40,5,250,60,1,8,11,0,0.06,4,0.5,50,8,5
37,1,60,FrameTimeStutter,6.000,antimatter,practice,2026-08-31T17:32:23.9802087-04:00,3,839,13.99608,17.1872,2126.02,1435.57,0.000,0.000,4.9487,9.1666,12.7023,Left,0,0,0,0,0.0000,100.000,0,0.000,0,127.500,71.914,4.500,0.0300,0.0000,-30.00,antimatter,60,450;300;200;100;50,2,6,1.5,2.5,100,-10,5,250,40,5,250,60,1,8,11,0,0.06,4,0.5,50,8,5
37,1,60,FrameTimeStutter,6.000,antimatter,practice,2026-08-31T17:32:23.9802087-04:00,3,840,14.01213,16.0447,2126.02,1435.57,0.000,0.000,4.9487,9.1666,12.7023,Left,0,0,0,0,0.0000,100.000,0,0.000,0,127.500,71.914,4.500,0.0300,0.0000,-30.00,antimatter,60,450;300;200;100;50,2,6,1.5,2.5,100,-10,5,250,40,5,250,60,1,8,11,0,0.06,4,0.5,50,8,5
37,1,60,FrameTimeStutter,6.000,antimatter,practice,2026-08-31T17:32:23.9802087-04:00,3,841,14.02875,16.6265,2126.02,1435.57,0.000,0.000,4.9487,9.1666,12.7023,Left,0,0,0,0,0.0000,100.000,0,0.000,0,127.500,71.914,4.500,0.0300,0.0000,-30.00,antimatter,60,450;300;200;100;50,2,6,1.5,2.5,100,-10,5,250,40,5,250,60,1,8,11,0,0.06,4,0.5,50,8,5
37,1,60,FrameTimeStutter,6.000,antimatter,practice,2026-08-31T17:32:23.9802087-04:00,3,842,14.04563,16.8795,2126.02,1435.57,0.000,0.000,4.9487,9.1666,12.7023,Left,0,0,0,0,0.0000,100.000,0,0.000,0,127.500,71.914,4.500,0.0300,0.0000,-30.00,antimatter,60,450;300;200;100;50,2,6,1.5,2.5,100,-10,5,250,40,5,250,60,1,8,11,0,0.06,4,0.5,50,8,5
37,1,60,FrameTimeStutter,6.000,antimatter,practice,2026-08-31T17:32:23.9802087-04:00,3,843,14.06233,16.7000,2126.02,1435.57,0.000,0.000,4.9487,9.1666,12.7023,Left,0,0,0,0,0.0000,100.000,0,0.000,0,127.500,71.914,4.500,0.0300,0.0000,-30.00,antimatter,60,450;300;200;100;50,2,6,1.5,2.5,100,-10,5,250,40,5,250,60,1,8,11,0,0.06,4,0.5,50,8,5
37,1,60,FrameTimeStutter,6.000,antimatter,practice,2026-08-31T17:32:23.9802087-04:00,3,844,14.07887,16.5340,2126.02,1435.57,0.000,0.000,4.9487,9.1666,12.7023,Left,0,0,0,0,0.0000,100.000,0,0.000,0,127.500,71.914,4.500,0.0300,0.0000,-30.00,antimatter,60,450;300;200;100;50,2,6,1.5,2.5,100,-10,5,250,40,5,250,60,1,8,11,0,0.06,4,0.5,50,8,5
37,1,60,FrameTimeStutter,6.000,antimatter,practice,2026-08-31T17:32:23.9802087-04:00,3,845,14.09556,16.6933,2126.02,1435.57,0.000,0.000,4.9487,9.1666,12.7023,Left,0,0,0,0,0.0000,100.000,0,0.000,0,127.500,71.914,4.500,0.0300,0.0000,-30.00,antimatter,60,450;300;200;100;50,2,6,1.5,2.5,100,-10,5,250,40,5,250,60,1,8,11,0,0.06,4,0.5,50,8,5
37,1,60,FrameTimeStutter,6.000,antimatter,practice,2026-08-31T17:32:23.9802087-04:00,3,846,14.11195,16.3889,2126.02,1435.57,0.000,0.000,4.9487,9.1666,12.7023,Left,0,0,0,0,0.0000,100.000,0,0.000,0,127.500,71.914,4.500,0.0300,0.0000,-30.00,antimatter,60,450;300;200;100;50,2,6,1.5,2.5,100,-10,5,250,40,5,250,60,1,8,11,0,0.06,4,0.5,50,8,5
37,1,60,FrameTimeStutter,6.000,antimatter,practice,2026-08-31T17:32:23.9802087-04:00,3,847,14.12885,16.8968,2126.02,1435.57,0.000,0.000,4.9487,9.1666,12.7023,Left,0,0,0,0,0.0000,100.000,0,0.000,0,127.500,71.914,4.500,0.0300,0.0000,-30.00,antimatter,60,450;300;200;100;50,2,6,1.5,2.5,100,-10,5,250,40,5,250,60,1,8,11,0,0.06,4,0.5,50,8,5
37,1,60,FrameTimeStutter,6.000,antimatter,practice,2026-08-31T17:32:23.9802087-04:00,3,848,14.14556,16.7163,2126.02,1435.57,0.000,0.000,4.9487,9.1666,12.7023,Left,0,0,0,0,0.0000,100.000,0,0.000,0,127.500,71.914,4.500,0.0300,0.0000,-30.00,antimatter,60,450;300;200;100;50,2,6,1.5,2.5,100,-10,5,250,40,5,250,60,1,8,11,0,0.06,4,0.5,50,8,5
37,1,60,FrameTimeStutter,6.000,antimatter,practice,2026-08-31T17:32:23.9802087-04:00,3,849,14.16213,16.5629,2126.02,1435.57,0.000,0.000,4.9487,9.1666,12.7023,Left,0,0,0,0,0.0000,100.000,0,0.000,0,127.500,71.914,4.500,0.0300,0.0000,-30.00,antimatter,60,450;300;200;100;50,2,6,1.5,2.5,100,-10,5,250,40,5,250,60,1,8,11,0,0.06,4,0.5,50,8,5
37,1,60,FrameTimeStutter,6.000,antimatter,practice,2026-08-31T17:32:23.9802087-04:00,3,850,14.17864,16.5164,2126.02,1435.57,0.000,0.000,4.9487,9.1666,12.7023,Left,0,0,0,0,0.0000,100.000,0,0.000,0,127.500,71.914,4.500,0.0300,0.0000,-30.00,antimatter,60,450;300;200;100;50,2,6,1.5,2.5,100,-10,5,250,40,5,250,60,1,8,11,0,0.06,4,0.5,50,8,5
37,1,60,FrameTimeStutter,6.000,antimatter,practice,2026-08-31T17:32:23.9802087-04:00,3,851,14.19563,16.9892,2126.02,1435.57,0.000,0.000,4.9487,9.1666,12.7023,Left,0,0,0,0,0.0000,100.000,0,0.000,0,127.500,71.914,4.500,0.0300,0.0000,-30.00,antimatter,60,450;300;200;100;50,2,6,1.5,2.5,100,-10,5,250,40,5,250,60,1,8,11,0,0.06,4,0.5,50,8,5
37,1,60,FrameTimeStutter,6.000,antimatter,practice,2026-08-31T17:32:23.9802087-04:00,3,852,14.21211,16.4820,2126.02,1435.57,0.000,0.000,4.9487,9.1666,12.7023,Left,0,0,0,0,0.0000,100.000,0,0.000,0,127.500,71.914,4.500,0.0300,0.0000,-30.00,antimatter,60,450;300;200;100;50,2,6,1.5,2.5,100,-10,5,250,40,5,250,60,1,8,11,0,0.06,4,0.5,50,8,5
37,1,60,FrameTimeStutter,6.000,antimatter,practice,2026-08-31T17:32:23.9802087-04:00,3,853,14.22862,16.5076,2126.02,1435.57,0.000,0.000,4.9487,9.1666,12.7023,Left,0,0,0,0,0.0000,100.000,0,0.000,0,127.500,71.914,4.500,0.0300,0.0000,-30.00,antimatter,60,450;300;200;100;50,2,6,1.5,2.5,100,-10,5,250,40,5,250,60,1,8,11,0,0.06,4,0.5,50,8,5
37,1,60,FrameTimeStutter,6.000,antimatter,practice,2026-08-31T17:32:23.9802087-04:00,3,854,14.24522,16.6008,2126.02,1435.57,0.000,0.000,4.9487,9.1666,12.7023,Left,0,0,0,0,0.0000,100.000,0,0.000,0,127.500,71.914,4.500,0.0300,0.0000,-30.00,antimatter,60,450;300;200;100;50,2,6,1.5,2.5,100,-10,5,250,40,5,250,60,1,8,11,0,0.06,4,0.5,50,8,5
37,1,60,FrameTimeStutter,6.000,antimatter,practice,2026-08-31T17:32:23.9802087-04:00,3,855,14.26246,17.2378,2126.02,1435.57,0.000,0.000,4.9487,9.1666,12.7023,Left,0,0,0,0,0.0000,100.000,0,0.000,0,127.500,71.914,4.500,0.0300,0.0000,-30.00,antimatter,60,450;300;200;100;50,2,6,1.5,2.5,100,-10,5,250,40,5,250,60,1,8,11,0,0.06,4,0.5,50,8,5
37,1,60,FrameTimeStutter,6.000,antimatter,practice,2026-08-31T17:32:23.9802087-04:00,3,856,14.27922,16.7641,2126.02,1435.57,0.000,0.000,4.9487,9.1666,12.7023,Left,0,0,0,0,0.0000,100.000,0,0.000,0,127.500,71.914,4.500,0.0300,0.0000,-30.00,antimatter,60,450;300;200;100;50,2,6,1.5,2.5,100,-10,5,250,40,5,250,60,1,8,11,0,0.06,4,0.5,50,8,5
37,1,60,FrameTimeStutter,6.000,antimatter,practice,2026-08-31T17:32:23.9802087-04:00,3,857,14.29568,16.4577,2126.02,1435.57,0.000,0.000,4.9487,9.1666,12.7023,Left,0,0,0,0,0.0000,100.000,0,0.000,0,127.500,71.914,4.500,0.0300,0.0000,-30.00,antimatter,60,450;300;200;100;50,2,6,1.5,2.5,100,-10,5,250,40,5,250,60,1,8,11,0,0.06,4,0.5,50,8,5
37,1,60,FrameTimeStutter,6.000,antimatter,practice,2026-08-31T17:32:23.9802087-04:00,3,858,14.31193,16.2522,2126.02,1435.57,0.000,0.000,4.9487,9.1666,12.7023,Left,0,0,0,0,0.0000,100.000,0,0.000,0,127.500,71.914,4.500,0.0300,0.0000,-30.00,antimatter,60,450;300;200;100;50,2,6,1.5,2.5,100,-10,5,250,40,5,250,60,1,8,11,0,0.06,4,0.5,50,8,5
37,1,60,FrameTimeStutter,6.000,antimatter,practice,2026-08-31T17:32:23.9802087-04:00,3,859,14.32924,17.3036,2126.02,1435.57,0.000,0.000,4.9487,9.1666,12.7023,Left,0,0,0,0,0.0000,100.000,0,0.000,0,127.500,71.914,4.500,0.0300,0.0000,-30.00,antimatter,60,450;300;200;100;50,2,6,1.5,2.5,100,-10,5,250,40,5,250,60,1,8,11,0,0.06,4,0.5,50,8,5
37,1,60,FrameTimeStutter,6.000,antimatter,practice,2026-08-31T17:32:23.9802087-04:00,3,860,14.34518,15.9477,2126.02,1435.57,0.000,0.000,4.9487,9.1666,12.7023,Left,0,0,0,0,0.0000,100.000,0,0.000,0,127.500,71.914,4.500,0.0300,0.0000,-30.00,antimatter,60,450;300;200;100;50,2,6,1.5,2.5,100,-10,5,250,40,5,250,60,1,8,11,0,0.06,4,0.5,50,8,5
37,1,60,FrameTimeStutter,6.000,antimatter,practice,2026-08-31T17:32:23.9802087-04:00,3,861,14.36203,16.8461,2126.02,1435.57,0.000,0.000,4.9487,9.1666,12.7023,Left,0,0,0,0,0.0000,100.000,0,0.000,0,127.500,71.914,4.500,0.0300,0.0000,-30.00,antimatter,60,450;300;200;100;50,2,6,1.5,2.5,100,-10,5,250,40,5,250,60,1,8,11,0,0.06,4,0.5,50,8,5
37,1,60,FrameTimeStutter,6.000,antimatter,practice,2026-08-31T17:32:23.9802087-04:00,3,862,14.37877,16.7369,2126.02,1435.57,0.000,0.000,4.9487,9.1666,12.7023,Left,0,0,0,0,0.0000,100.000,0,0.000,0,127.500,71.914,4.500,0.0300,0.0000,-30.00,antimatter,60,450;300;200;100;50,2,6,1.5,2.5,100,-10,5,250,40,5,250,60,1,8,11,0,0.06,4,0.5,50,8,5
37,1,60,FrameTimeStutter,6.000,antimatter,practice,2026-08-31T17:32:23.9802087-04:00,3,863,14.39598,17.2118,2127.27,1435.57,1.000,0.000,4.9670,9.1666,12.7023,Left,0,0,0,0,0.0000,100.000,0,0.000,0,127.500,71.914,4.500,0.0300,0.0000,-30.00,antimatter,60,450;300;200;100;50,2,6,1.5,2.5,100,-10,5,250,40,5,250,60,1,8,11,0,0.06,4,0.5,50,8,5
37,1,60,FrameTimeStutter,6.000,antimatter,practice,2026-08-31T17:32:23.9802087-04:00,3,864,14.41243,16.4460,2133.54,1435.57,5.000,0.000,5.0584,9.1666,12.7023,Left,0,0,0,0,0.0000,100.000,0,0.000,0,127.500,71.914,4.500,0.0300,0.0000,-30.00,antimatter,60,450;300;200;100;50,2,6,1.5,2.5,100,-10,5,250,40,5,250,60,1,8,11,0,0.06,4,0.5,50,8,5
37,1,60,FrameTimeStutter,6.000,antimatter,practice,2026-08-31T17:32:23.9802087-04:00,3,865,14.42904,16.6144,2151.10,1435.57,14.000,0.000,5.3144,9.1666,12.7023,Left,0,0,0,0,0.0000,100.000,0,0.000,0,127.500,71.914,4.500,0.0300,0.0000,-30.00,antimatter,60,450;300;200;100;50,2,6,1.5,2.5,100,-10,5,250,40,5,250,60,1,8,11,0,0.06,4,0.5,50,8,5
37,1,60,FrameTimeStutter,6.000,antimatter,practice,2026-08-31T17:32:23.9802087-04:00,3,866,14.44611,17.0722,2171.17,1435.57,16.000,0.000,5.6069,9.1666,12.7023,Left,0,0,0,0,0.0000,100.000,0,0.000,0,127.500,71.914,4.500,0.0300,0.0000,-30.00,antimatter,60,450;300;200;100;50,2,6,1.5,2.5,100,-10,5,250,40,5,250,60,1,8,11,0,0.06,4,0.5,50,8,5
37,1,60,FrameTimeStutter,6.000,antimatter,practice,2026-08-31T17:32:23.9802087-04:00,3,867,14.46228,16.1673,2200.02,1435.57,23.000,0.000,6.0275,9.1666,12.7023,Left,0,0,0,0,0.0000,100.000,0,0.000,0,127.500,71.914,4.500,0.0300,0.0000,-30.00,antimatter,60,450;300;200;100;50,2,6,1.5,2.5,100,-10,5,250,40,5,250,60,1,8,11,0,0.06,4,0.5,50,8,5
37,1,60,FrameTimeStutter,6.000,antimatter,practice,2026-08-31T17:32:23.9802087-04:00,3,868,14.47916,16.8851,2228.87,1435.57,23.000,0.000,6.4480,9.1666,12.7023,Left,0,0,0,0,0.0000,100.000,0,0.000,0,127.500,71.914,4.500,0.0300,0.0000,-30.00,antimatter,60,450;300;200;100;50,2,6,1.5,2.5,100,-10,5,250,40,5,250,60,1,8,11,0,0.06,4,0.5,50,8,5
37,1,60,FrameTimeStutter,6.000,antimatter,practice,2026-08-31T17:32:23.9802087-04:00,3,869,14.49540,16.2355,2253.95,1434.32,20.000,-1.000,6.8137,9.1483,12.7023,Left,0,0,0,0,0.0000,100.000,0,0.000,0,127.500,71.914,4.500,0.0300,0.0000,-30.00,antimatter,60,450;300;200;100;50,2,6,1.5,2.5,100,-10,5,250,40,5,250,60,1,8,11,0,0.06,4,0.5,50,8,5
37,1,60,FrameTimeStutter,6.000,antimatter,practice,2026-08-31T17:32:23.9802087-04:00,3,870,14.51257,17.1708,2274.02,1433.06,16.000,-1.000,7.1063,9.1301,12.7023,Left,0,0,0,0,0.0000,100.000,0,0.000,0,127.500,71.914,4.500,0.0300,0.0000,-30.00,antimatter,60,450;300;200;100;50,2,6,1.5,2.5,100,-10,5,250,40,5,250,60,1,8,11,0,0.06,4,0.5,50,8,5
37,1,60,FrameTimeStutter,6.000,antimatter,practice,2026-08-31T17:32:23.9802087-04:00,3,871,14.52893,16.3605,2286.57,1431.81,10.000,-1.000,7.2891,9.1118,12.7023,Left,0,0,0,0,0.0000,100.000,0,0.000,0,127.500,71.914,4.500,0.0300,0.0000,-30.00,antimatter,60,450;300;200;100;50,2,6,1.5,2.5,100,-10,5,250,40,5,250,60,1,8,11,0,0.06,4,0.5,50,8,5
37,1,60,FrameTimeStutter,6.000,antimatter,practice,2026-08-31T17:32:23.9802087-04:00,3,872,14.54582,16.8921,2299.11,1431.81,10.000,0.000,7.4720,9.1118,12.7023,Left,0,0,0,0,0.0000,100.000,0,0.000,0,127.500,71.914,4.500,0.0300,0.0000,-30.00,antimatter,60,450;300;200;100;50,2,6,1.5,2.5,100,-10,5,250,40,5,250,60,1,8,11,0,0.06,4,0.5,50,8,5
37,1,60,FrameTimeStutter,6.000,antimatter,practice,2026-08-31T17:32:23.9802087-04:00,3,873,14.56189,16.0659,2312.91,1431.81,11.000,0.000,7.6731,9.1118,12.7023,Left,0,0,0,0,0.0000,100.000,0,0.000,0,127.500,71.914,4.500,0.0300,0.0000,-30.00,antimatter,60,450;300;200;100;50,2,6,1.5,2.5,100,-10,5,250,40,5,250,60,1,8,11,0,0.06,4,0.5,50,8,5
37,1,60,FrameTimeStutter,6.000,antimatter,practice,2026-08-31T17:32:23.9802087-04:00,3,874,14.57854,16.6507,2329.21,1430.55,13.000,-1.000,7.9109,9.0935,12.7023,Left,0,0,0,0,0.0000,100.000,0,0.000,0,127.500,71.914,4.500,0.0300,0.0000,-30.00,antimatter,60,450;300;200;100;50,2,6,1.5,2.5,100,-10,5,250,40,5,250,60,1,8,11,0,0.06,4,0.5,50,8,5
37,1,60,FrameTimeStutter,6.000,antimatter,practice,2026-08-31T17:32:23.9802087-04:00,3,875,14.59601,17.4745,2358.06,1430.55,23.000,0.000,8.3314,9.0935,12.7023,Left,0,0,0,0,0.0000,100.000,0,0.000,0,127.500,71.914,4.500,0.0300,0.0000,-30.00,antimatter,60,450;300;200;100;50,2,6,1.5,2.5,100,-10,5,250,40,5,250,60,1,8,11,0,0.06,4,0.5,50,8,5
37,1,60,FrameTimeStutter,6.000,antimatter,practice,2026-08-31T17:32:23.9802087-04:00,3,876,14.61268,16.6699,2375.62,1430.55,14.000,0.000,8.5874,9.0935,12.7023,Left,0,0,0,0,0.0000,100.000,0,0.000,0,127.500,71.914,4.500,0.0300,0.0000,-30.00,antimatter,60,450;300;200;100;50,2,6,1.5,2.5,100,-10,5,250,40,5,250,60,1,8,11,0,0.06,4,0.5,50,8,5
37,1,60,FrameTimeStutter,6.000,antimatter,practice,2026-08-31T17:32:23.9802087-04:00,3,877,14.62880,16.1147,2390.67,1429.30,12.000,-1.000,8.8068,9.0752,12.7023,Left,0,0,0,0,0.0000,100.000,0,0.000,0,127.500,71.914,4.500,0.0300,0.0000,-30.00,antimatter,60,450;300;200;100;50,2,6,1.5,2.5,100,-10,5,250,40,5,250,60,1,8,11,0,0.06,4,0.5,50,8,5
37,1,60,FrameTimeStutter,6.000,antimatter,practice,2026-08-31T17:32:23.9802087-04:00,3,878,14.64527,16.4687,2403.21,1429.30,10.000,0.000,8.9897,9.0752,12.7023,Left,0,0,0,0,0.0000,100.000,0,0.000,0,127.500,71.914,4.500,0.0300,0.0000,-30.00,antimatter,60,450;300;200;100;50,2,6,1.5,2.5,100,-10,5,250,40,5,250,60,1,8,11,0,0.06,4,0.5,50,8,5
37,1,60,FrameTimeStutter,6.000,antimatter,practice,2026-08-31T17:32:23.9802087-04:00,3,879,14.66206,16.7946,2411.99,1429.30,7.000,0.000,9.1176,9.0752,12.7023,Left,0,0,0,0,0.0000,100.000,0,0.000,0,127.500,71.914,4.500,0.0300,0.0000,-30.00,antimatter,60,450;300;200;100;50,2,6,1.5,2.5,100,-10,5,250,40,5,250,60,1,8,11,0,0.06,4,0.5,50,8,5
37,1,60,FrameTimeStutter,6.000,antimatter,practice,2026-08-31T17:32:23.9802087-04:00,3,880,14.67912,17.0541,2419.52,1429.30,6.000,0.000,9.2274,9.0752,12.7023,Left,0,0,0,0,0.0000,100.000,0,0.000,0,127.500,71.914,4.500,0.0300,0.0000,-30.00,antimatter,60,450;300;200;100;50,2,6,1.5,2.5,100,-10,5,250,40,5,250,60,1,8,11,0,0.06,4,0.5,50,8,5
37,1,60,FrameTimeStutter,6.000,antimatter,practice,2026-08-31T17:32:23.9802087-04:00,3,881,14.69558,16.4614,2424.54,1429.30,4.000,0.000,9.3005,9.0752,12.7023,Left,0,0,0,0,0.0000,100.000,0,0.000,0,127.500,71.914,4.500,0.0300,0.0000,-30.00,antimatter,60,450;300;200;100;50,2,6,1.5,2.5,100,-10,5,250,40,5,250,60,1,8,11,0,0.06,4,0.5,50,8,5
37,1,60,FrameTimeStutter,6.000,antimatter,practice,2026-08-31T17:32:23.9802087-04:00,3,882,14.71210,16.5198,2429.55,1429.30,4.000,0.000,9.3737,9.0752,12.7023,Left,0,0,0,0,0.0000,100.000,0,0.000,0,127.500,71.914,4.500,0.0300,0.0000,-30.00,antimatter,60,450;300;200;100;50,2,6,1.5,2.5,100,-10,5,250,40,5,250,60,1,8,11,0,0.06,4,0.5,50,8,5
37,1,60,FrameTimeStutter,6.000,antimatter,practice,2026-08-31T17:32:23.9802087-04:00,3,883,14.72895,16.8518,2435.83,1429.30,5.000,0.000,9.4651,9.0752,12.7023,Left,0,0,0,0,0.0000,100.000,0,0.000,0,127.500,71.914,4.500,0.0300,0.0000,-30.00,antimatter,60,450;300;200;100;50,2,6,1.5,2.5,100,-10,5,250,40,5,250,60,1,8,11,0,0.06,4,0.5,50,8,5
37,1,60,FrameTimeStutter,6.000,antimatter,practice,2026-08-31T17:32:23.9802087-04:00,3,884,14.74592,16.9745,2442.10,1429.30,5.000,0.000,9.5565,9.0752,12.7023,Left,0,0,0,0,0.0000,100.000,0,0.000,0,127.500,71.914,4.500,0.0300,0.0000,-30.00,antimatter,60,450;300;200;100;50,2,6,1.5,2.5,100,-10,5,250,40,5,250,60,1,8,11,0,0.06,4,0.5,50,8,5
37,1,60,FrameTimeStutter,6.000,antimatter,practice,2026-08-31T17:32:23.9802087-04:00,3,885,14.76186,15.9391,2448.37,1430.55,5.000,1.000,9.6479,9.0935,12.7023,Left,0,0,0,0,0.0000,100.000,0,0.000,0,127.500,71.914,4.500,0.0300,0.0000,-30.00,antimatter,60,450;300;200;100;50,2,6,1.5,2.5,100,-10,5,250,40,5,250,60,1,8,11,0,0.06,4,0.5,50,8,5
37,1,60,FrameTimeStutter,6.000,antimatter,practice,2026-08-31T17:32:23.9802087-04:00,3,886,14.77909,17.2260,2454.64,1430.55,5.000,0.000,9.7393,9.0935,12.7023,Left,0,0,0,0,0.0000,100.000,0,0.000,0,127.500,71.914,4.500,0.0300,0.0000,-30.00,antimatter,60,450;300;200;100;50,2,6,1.5,2.5,100,-10,5,250,40,5,250,60,1,8,11,0,0.06,4,0.5,50,8,5
37,1,60,FrameTimeStutter,6.000,antimatter,practice,2026-08-31T17:32:23.9802087-04:00,3,887,14.79529,16.2007,2462.17,1431.81,6.000,1.000,9.8490,9.1118,12.7023,Left,0,0,0,0,0.0000,100.000,0,0.000,0,127.500,71.914,4.500,0.0300,0.0000,-30.00,antimatter,60,450;300;200;100;50,2,6,1.5,2.5,100,-10,5,250,40,5,250,60,1,8,11,0,0.06,4,0.5,50,8,5
37,1,60,FrameTimeStutter,6.000,antimatter,practice,2026-08-31T17:32:23.9802087-04:00,3,888,14.81187,16.5839,2470.95,1431.81,10.000,1.000,10.0319,9.1300,12.7023,Left,0,0,0,0,0.0000,100.000,0,0.000,0,127.500,71.914,4.500,0.0300,0.0000,-30.00,antimatter,60,450;300;200;100;50,2,6,1.5,2.5,100,-10,5,250,40,5,250,60,1,8,11,0,0.06,4,0.5,50,8,5
37,1,60,FrameTimeStutter,6.000,antimatter,practice,2026-08-31T17:32:23.9802087-04:00,3,889,14.82894,17.0613,2483.49,1434.32,7.000,1.000,10.1599,9.1483,12.7023,Left,0,0,0,0,0.0000,100.000,0,0.000,0,127.500,71.914,4.500,0.0300,0.0000,-30.00,antimatter,60,450;300;200;100;50,2,6,1.5,2.5,100,-10,5,250,40,5,250,60,1,8,11,0,0.06,4,0.5,50,8,5
37,1,60,FrameTimeStutter,6.000,antimatter,practice,2026-08-31T17:32:23.9802087-04:00,3,890,14.84596,17.0277,2489.76,1434.32,5.000,0.000,10.2513,9.1483,12.7023,Left,0,0,0,0,0.0000,100.000,0,0.000,0,127.500,71.914,4.500,0.0300,0.0000,-30.00,antimatter,60,450;300;200;100;50,2,6,1.5,2.5,100,-10,5,250,40,5,250,60,1,8,11,0,0.06,4,0.5,50,8,5
37,1,60,FrameTimeStutter,6.000,antimatter,practice,2026-08-31T17:32:23.9802087-04:00,3,891,14.86359,17.6296,2496.03,1435.57,5.000,1.000,10.3427,9.1666,12.7023,Left,0,0,0,0,0.0000,100.000,0,0.000,0,127.500,71.914,4.500,0.0300,0.0000,-30.00,antimatter,60,450;300;200;100;50,2,6,1.5,2.5,100,-10,5,250,40,5,250,60,1,8,11,0,0.06,4,0.5,50,8,5
37,1,60,FrameTimeStutter,6.000,antimatter,practice,2026-08-31T17:32:23.9802087-04:00,3,892,14.87907,15.4801,2499.79,1435.57,3.000,0.000,10.3976,9.1666,12.7023,Left,0,0,0,0,0.0000,100.000,0,0.000,0,127.500,71.914,4.500,0.0300,0.0000,-30.00,antimatter,60,450;300;200;100;50,2,6,1.5,2.5,100,-10,5,250,40,5,250,60,1,8,11,0,0.06,4,0.5,50,8,5
37,1,60,FrameTimeStutter,6.000,antimatter,practice,2026-08-31T17:32:23.9802087-04:00,3,893,14.89634,17.2653,2502.30,1436.83,2.000,1.000,10.4341,9.1849,12.7023,Left,0,0,0,0,0.0000,100.000,0,0.000,0,127.500,71.914,4.500,0.0300,0.0000,-30.00,antimatter,60,450;300;200;100;50,2,6,1.5,2.5,100,-10,5,250,40,5,250,60,1,8,11,0,0.06,4,0.5,50,8,5
37,1,60,FrameTimeStutter,6.000,antimatter,practice,2026-08-31T17:32:23.9802087-04:00,3,894,14.91143,15.0941,2504.81,1436.83,2.000,0.000,10.4707,9.1849,12.7023,Left,0,0,0,0,0.0000,100.000,0,0.000,0,127.500,71.914,4.500,0.0300,0.0000,-30.00,antimatter,60,450;300;200;100;50,2,6,1.5,2.5,100,-10,5,250,40,5,250,60,1,8,11,0,0.06,4,0.5,50,8,5
37,1,60,FrameTimeStutter,6.000,antimatter,practice,2026-08-31T17:32:23.9802087-04:00,3,895,14.92841,16.9771,2507.32,1436.83,2.000,0.000,10.5073,9.1849,12.7023,Left,0,0,0,0,0.0000,100.000,0,0.000,0,127.500,71.914,4.500,0.0300,0.0000,-30.00,antimatter,60,450;300;200;100;50,2,6,1.5,2.5,100,-10,5,250,40,5,250,60,1,8,11,0,0.06,4,0.5,50,8,5
37,1,60,FrameTimeStutter,6.000,antimatter,practice,2026-08-31T17:32:23.9802087-04:00,3,896,14.94554,17.1258,2508.57,1436.83,1.000,0.000,10.5255,9.1849,12.7023,Left,0,0,0,0,0.0000,100.000,0,0.000,0,127.500,71.914,4.500,0.0300,0.0000,-30.00,antimatter,60,450;300;200;100;50,2,6,1.5,2.5,100,-10,5,250,40,5,250,60,1,8,11,0,0.06,4,0.5,50,8,5
37,1,60,FrameTimeStutter,6.000,antimatter,practice,2026-08-31T17:32:23.9802087-04:00,3,897,14.96192,16.3879,2509.83,1438.08,1.000,1.000,10.5438,9.2032,12.7023,Left,0,0,0,0,0.0000,100.000,0,0.000,0,127.500,71.914,4.500,0.0300,0.0000,-30.00,antimatter,60,450;300;200;100;50,2,6,1.5,2.5,100,-10,5,250,40,5,250,60,1,8,11,0,0.06,4,0.5,50,8,5
37,1,60,FrameTimeStutter,6.000,antimatter,practice,2026-08-31T17:32:23.9802087-04:00,3,898,14.97923,17.3120,2511.08,1438.08,1.000,0.000,10.5621,9.2032,12.7023,Left,0,0,0,0,0.0000,100.000,0,0.000,0,127.500,71.914,4.500,0.0300,0.0000,-30.00,antimatter,60,450;300;200;100;50,2,6,1.5,2.5,100,-10,5,250,40,5,250,60,1,8,11,0,0.06,4,0.5,50,8,5
37,1,60,FrameTimeStutter,6.000,antimatter,practice,2026-08-31T17:32:23.9802087-04:00,3,899,14.99537,16.1379,2513.59,1438.08,3.000,0.000,10.6169,9.2032,12.7023,Left,0,0,0,0,0.0000,100.000,0,0.000,0,127.500,71.914,4.500,0.0300,0.0000,-30.00,antimatter,60,450;300;200;100;50,2,6,1.5,2.5,100,-10,5,250,40,5,250,60,1,8,11,0,0.06,4,0.5,50,8,5
37,1,60,FrameTimeStutter,6.000,antimatter,practice,2026-08-31T17:32:23.9802087-04:00,3,900,15.01231,16.9396,2518.61,1438.08,3.000,0.000,10.6717,9.2032,12.7023,Left,0,0,0,0,0.0000,100.000,0,0.000,0,127.500,71.914,4.500,0.0300,0.0000,-30.00,antimatter,60,450;300;200;100;50,2,6,1.5,2.5,100,-10,5,250,40,5,250,60,1,8,11,0,0.06,4,0.5,50,8,5
37,1,60,FrameTimeStutter,6.000,antimatter,practice,2026-08-31T17:32:23.9802087-04:00,3,901,15.02953,17.2162,2523.63,1438.08,4.000,0.000,10.7449,9.2032,12.7023,Left,0,0,0,0,0.0000,100.000,0,0.000,0,127.500,71.914,4.500,0.0300,0.0000,-30.00,antimatter,60,450;300;200;100;50,2,6,1.5,2.5,100,-10,5,250,40,5,250,60,1,8,11,0,0.06,4,0.5,50,8,5
37,1,60,FrameTimeStutter,6.000,antimatter,practice,2026-08-31T17:32:23.9802087-04:00,3,902,15.04511,15.5828,2531.15,1439.33,6.000,1.000,10.8546,9.2215,12.7023,Left,0,0,0,0,0.0000,100.000,0,0.000,0,127.500,71.914,4.500,0.0300,0.0000,-30.00,antimatter,60,450;300;200;100;50,2,6,1.5,2.5,100,-10,5,250,40,5,250,60,1,8,11,0,0.06,4,0.5,50,8,5
37,1,60,FrameTimeStutter,6.000,antimatter,practice,2026-08-31T17:32:23.9802087-04:00,3,903,15.06229,17.1787,2542.44,1440.59,9.000,1.000,11.0192,9.2398,12.7023,Left,0,0,0,0,0.0000,100.000,0,0.000,0,127.500,71.914,4.500,0.0300,0.0000,-30.00,antimatter,60,450;300;200;100;50,2,6,1.5,2.5,100,-10,5,250,40,5,250,60,1,8,11,0,0.06,4,0.5,50,8,5
37,1,60,FrameTimeStutter,6.000,antimatter,practice,2026-08-31T17:32:23.9802087-04:00,3,904,15.07899,16.6946,2554.98,1440.59,10.000,1.000,11.2020,9.2580,12.7023,Left,0,0,0,0,0.0000,100.000,0,0.000,0,127.500,71.914,4.500,0.0300,0.0000,-30.00,antimatter,60,450;300;200;100;50,2,6,1.5,2.5,100,-10,5,250,40,5,250,60,1,8,11,0,0.06,4,0.5,50,8,5
37,1,60,FrameTimeStutter,6.000,antimatter,practice,2026-08-31T17:32:23.9802087-04:00,3,905,15.09601,17.0282,2558.75,1440.59,8.000,0.000,11.3483,9.2580,12.7023,Left,0,0,0,0,0.0000,100.000,0,0.000,0,127.500,71.914,4.500,0.0300,0.0000,-30.00,antimatter,60,450;300;200;100;50,2,6,1.5,2.5,100,-10,5,250,40,5,250,60,1,8,11,0,0.06,4,0.5,50,8,5
37,1,60,FrameTimeStutter,6.000,antimatter,practice,2026-08-31T17:32:23.9802087-04:00,3,906,15.11272,16.7063,2558.75,1440.59,8.000,1.000,11.4946,9.2763,12.7023,Left,0,0,0,0,0.0000,100.000,0,0.000,0,127.500,71.914,4.500,0.0300,0.0000,-30.00,antimatter,60,450;300;200;100;50,2,6,1.5,2.5,100,-10,5,250,40,5,250,60,1,8,11,0,0.06,4,0.5,50,8,5
37,1,60,FrameTimeStutter,6.000,antimatter,practice,2026-08-31T17:32:23.9802087-04:00,3,907,15.12873,16.0097,2558.75,1440.59,7.000,0.000,11.6226,9.2763,12.7023,Left,0,0,0,0,0.0000,100.000,0,0.000,0,127.500,71.914,4.500,0.0300,0.0000,-30.00,antimatter,60,450;300;200;100;50,2,6,1.5,2.5,100,-10,5,250,40,5,250,60,1,8,11,0,0.06,4,0.5,50,8,5
37,1,60,FrameTimeStutter,6.000,antimatter,practice,2026-08-31T17:32:23.9802087-04:00,3,908,15.14585,17.1185,2558.75,1440.59,8.000,0.000,11.7689,9.2763,12.7023,Left,0,0,0,0,0.0000,100.000,0,0.000,0,127.500,71.914,4.500,0.0300,0.0000,-30.00,antimatter,60,450;300;200;100;50,2,6,1.5,2.5,100,-10,5,250,40,5,250,60,1,8,11,0,0.06,4,0.5,50,8,5
37,1,60,FrameTimeStutter,6.000,antimatter,practice,2026-08-31T17:32:23.9802087-04:00,3,909,15.16206,16.2114,2558.75,1440.59,8.000,0.000,11.9152,9.2763,12.7023,Left,0,0,0,0,0.0000,100.000,0,0.000,0,127.500,71.914,4.500,0.0300,0.0000,-30.00,antimatter,60,450;300;200;100;50,2,6,1.5,2.5,100,-10,5,250,40,5,250,60,1,8,11,0,0.06,4,0.5,50,8,5
37,1,60,FrameTimeStutter,6.000,antimatter,practice,2026-08-31T17:32:23.9802087-04:00,3,910,15.17866,16.5982,2558.75,1440.59,9.000,0.000,12.0798,9.2763,12.7023,Left,0,0,0,0,0.0000,100.000,0,0.000,0,127.500,71.914,4.500,0.0300,0.0000,-30.00,antimatter,60,450;300;200;100;50,2,6,1.5,2.5,100,-10,5,250,40,5,250,60,1,8,11,0,0.06,4,0.5,50,8,5
37,1,60,FrameTimeStutter,6.000,antimatter,practice,2026-08-31T17:32:23.9802087-04:00,3,911,15.19579,17.1353,2558.75,1440.59,13.000,0.000,12.3175,9.2763,12.7023,Left,0,0,0,0,0.0000,100.000,0,0.000,0,127.500,71.914,4.500,0.0300,0.0000,-30.00,antimatter,60,450;300;200;100;50,2,6,1.5,2.5,100,-10,5,250,40,5,250,60,1,8,11,0,0.06,4,0.5,50,8,5
37,1,60,FrameTimeStutter,6.000,antimatter,practice,2026-08-31T17:32:23.9802087-04:00,3,912,15.21245,16.6533,2558.75,1440.59,9.000,0.000,12.4820,9.2763,12.7023,Left,0,0,0,0,0.0000,100.000,0,0.000,0,127.500,71.914,4.500,0.0300,0.0000,-30.00,antimatter,60,450;300;200;100;50,2,6,1.5,2.5,100,-10,5,250,40,5,250,60,1,8,11,0,0.06,4,0.5,50,8,5
37,1,60,FrameTimeStutter,6.000,antimatter,practice,2026-08-31T17:32:23.9802087-04:00,3,913,15.22865,16.2088,2558.75,1440.59,11.000,0.000,12.6832,9.2763,12.7023,Left,0,0,0,0,0.0000,100.000,0,0.000,0,127.500,71.914,4.500,0.0300,0.0000,-30.00,antimatter,60,450;300;200;100;50,2,6,1.5,2.5,100,-10,5,250,40,5,250,60,1,8,11,0,0.06,4,0.5,50,8,5
37,1,60,FrameTimeStutter,6.000,antimatter,practice,2026-08-31T17:32:23.9802087-04:00,3,914,15.24563,16.9770,2558.75,1440.59,12.000,0.000,12.9026,9.2763,12.7023,Left,0,0,0,0,0.0000,100.000,0,0.000,0,127.500,71.914,4.500,0.0300,0.0000,-30.00,antimatter,60,450;300;200;100;50,2,6,1.5,2.5,100,-10,5,250,40,5,250,60,1,8,11,0,0.06,4,0.5,50,8,5
37,1,60,FrameTimeStutter,6.000,antimatter,practice,2026-08-31T17:32:23.9802087-04:00,3,915,15.26204,16.4081,2558.75,1440.59,15.000,0.000,13.1768,9.2763,12.7023,Left,0,0,0,0,0.0000,100.000,0,0.000,0,127.500,71.914,4.500,0.0300,0.0000,-30.00,antimatter,60,450;300;200;100;50,2,6,1.5,2.5,100,-10,5,250,40,5,250,60,1,8,11,0,0.06,4,0.5,50,8,5
37,1,60,FrameTimeStutter,6.000,antimatter,practice,2026-08-31T17:32:23.9802087-04:00,3,916,15.27925,17.2073,2558.75,1440.59,15.000,0.000,13.4511,9.2763,12.7023,Right,0,0,0,0,0.0000,100.000,0,0.000,0,127.500,71.914,4.500,0.0300,0.0000,-30.00,antimatter,60,450;300;200;100;50,2,6,1.5,2.5,100,-10,5,250,40,5,250,60,1,8,11,0,0.06,4,0.5,50,8,5
37,1,60,FrameTimeStutter,6.000,antimatter,practice,2026-08-31T17:32:23.9802087-04:00,3,917,15.29532,16.0736,2558.75,1440.59,13.000,0.000,13.6888,9.2763,12.7023,Right,0,0,0,0,0.0000,100.000,0,0.000,0,127.500,71.914,4.500,0.0300,0.0000,-30.00,antimatter,60,450;300;200;100;50,2,6,1.5,2.5,100,-10,5,250,40,5,250,60,1,8,11,0,0.06,4,0.5,50,8,5
37,1,60,FrameTimeStutter,6.000,antimatter,practice,2026-08-31T17:32:23.9802087-04:00,3,918,15.31231,16.9902,2558.75,1440.59,12.000,0.000,13.9082,9.2763,12.7023,Right,0,0,0,0,0.0000,100.000,0,0.000,0,127.500,71.914,4.500,0.0300,0.0000,-30.00,antimatter,60,450;300;200;100;50,2,6,1.5,2.5,100,-10,5,250,40,5,250,60,1,8,11,0,0.06,4,0.5,50,8,5
37,1,60,FrameTimeStutter,6.000,antimatter,practice,2026-08-31T17:32:23.9802087-04:00,3,919,15.32872,16.4079,2558.75,1440.59,11.000,0.000,14.1093,9.2763,12.7023,Right,0,0,0,0,0.0000,100.000,0,0.000,0,127.500,71.914,4.500,0.0300,0.0000,-30.00,antimatter,60,450;300;200;100;50,2,6,1.5,2.5,100,-10,5,250,40,5,250,60,1,8,11,0,0.06,4,0.5,50,8,5
37,1,60,FrameTimeStutter,6.000,antimatter,practice,2026-08-31T17:32:23.9802087-04:00,3,920,15.34589,17.1720,2558.75,1440.59,9.000,0.000,14.2739,9.2763,12.7023,Right,0,0,0,0,0.0000,100.000,0,0.000,0,127.500,71.914,4.500,0.0300,0.0000,-30.00,antimatter,60,450;300;200;100;50,2,6,1.5,2.5,100,-10,5,250,40,5,250,60,1,8,11,0,0.06,4,0.5,50,8,5
37,1,60,FrameTimeStutter,6.000,antimatter,practice,2026-08-31T17:32:23.9802087-04:00,3,921,15.36201,16.1193,2558.75,1439.33,8.000,-1.000,14.4202,9.2580,12.7023,Right,0,0,0,0,0.0000,100.000,0,0.000,0,127.500,71.914,4.500,0.0300,0.0000,-30.00,antimatter,60,450;300;200;100;50,2,6,1.5,2.5,100,-10,5,250,40,5,250,60,1,8,11,0,0.06,4,0.5,50,8,5
37,1,60,FrameTimeStutter,6.000,antimatter,practice,2026-08-31T17:32:23.9802087-04:00,3,922,15.37916,17.1540,2558.75,1439.33,8.000,0.000,14.5665,9.2580,12.7023,Right,0,0,0,0,0.0000,100.000,0,0.000,0,127.500,71.914,4.500,0.0300,0.0000,-30.00,antimatter,60,450;300;200;100;50,2,6,1.5,2.5,100,-10,5,250,40,5,250,60,1,8,11,0,0.06,4,0.5,50,8,5
37,1,60,FrameTimeStutter,6.000,antimatter,practice,2026-08-31T17:32:23.9802087-04:00,3,923,15.39587,16.7046,2558.75,1439.33,11.000,0.000,14.7676,9.2580,12.7023,Right,0,0,0,0,0.0000,100.000,0,0.000,0,127.500,71.914,4.500,0.0300,0.0000,-30.00,antimatter,60,450;300;200;100;50,2,6,1.5,2.5,100,-10,5,250,40,5,250,60,1,8,11,0,0.06,4,0.5,50,8,5
37,1,60,FrameTimeStutter,6.000,antimatter,practice,2026-08-31T17:32:23.9802087-04:00,3,924,15.41249,16.6254,2558.75,1439.33,10.000,0.000,14.9505,9.2580,12.7023,Right,0,0,0,0,0.0000,100.000,0,0.000,0,127.500,71.914,4.500,0.0300,0.0000,-30.00,antimatter,60,450;300;200;100;50,2,6,1.5,2.5,100,-10,5,250,40,5,250,60,1,8,11,0,0.06,4,0.5,50,8,5
37,1,60,FrameTimeStutter,6.000,antimatter,practice,2026-08-31T17:32:23.9802087-04:00,3,925,15.42894,16.4494,2558.75,1439.33,9.000,0.000,15.1151,9.2580,12.7023,Right,0,0,0,0,0.0000,100.000,0,0.000,0,127.500,71.914,4.500,0.0300,0.0000,-30.00,antimatter,60,450;300;200;100;50,2,6,1.5,2.5,100,-10,5,250,40,5,250,60,1,8,11,0,0.06,4,0.5,50,8,5
37,1,60,FrameTimeStutter,6.000,antimatter,practice,2026-08-31T17:32:23.9802087-04:00,3,926,15.44536,16.4124,2558.75,1439.33,12.000,0.000,15.3344,9.2580,12.7023,Right,0,0,0,0,0.0000,100.000,0,0.000,0,127.500,71.914,4.500,0.0300,0.0000,-30.00,antimatter,60,450;300;200;100;50,2,6,1.5,2.5,100,-10,5,250,40,5,250,60,1,8,11,0,0.06,4,0.5,50,8,5
37,1,60,FrameTimeStutter,6.000,antimatter,practice,2026-08-31T17:32:23.9802087-04:00,3,927,15.46258,17.2212,2558.75,1439.33,12.000,0.000,15.5538,9.2580,12.7023,Right,0,0,0,0,0.0000,100.000,0,0.000,0,127.500,71.914,4.500,0.0300,0.0000,-30.00,antimatter,60,450;300;200;100;50,2,6,1.5,2.5,100,-10,5,250,40,5,250,60,1,8,11,0,0.06,4,0.5,50,8,5
37,1,60,FrameTimeStutter,6.000,antimatter,practice,2026-08-31T17:32:23.9802087-04:00,3,928,15.47851,15.9303,2558.75,1438.08,11.000,-1.000,15.7550,9.2397,12.7023,Right,0,0,0,0,0.0000,100.000,0,0.000,0,127.500,71.914,4.500,0.0300,0.0000,-30.00,antimatter,60,450;300;200;100;50,2,6,1.5,2.5,100,-10,5,250,40,5,250,60,1,8,11,0,0.06,4,0.5,50,8,5
37,1,60,FrameTimeStutter,6.000,antimatter,practice,2026-08-31T17:32:23.9802087-04:00,3,929,15.49541,16.8984,2558.75,1438.08,11.000,0.000,15.9561,9.2397,12.7023,Right,0,0,0,0,0.0000,100.000,0,0.000,0,127.500,71.914,4.500,0.0300,0.0000,-30.00,antimatter,60,450;300;200;100;50,2,6,1.5,2.5,100,-10,5,250,40,5,250,60,1,8,11,0,0.06,4,0.5,50,8,5
37,1,60,FrameTimeStutter,6.000,antimatter,practice,2026-08-31T17:32:23.9802087-04:00,3,930,15.51197,16.5659,2558.75,1438.08,13.000,0.000,16.1938,9.2397,12.7023,Right,0,0,0,0,0.0000,100.000,0,0.000,0,127.500,71.914,4.500,0.0300,0.0000,-30.00,antimatter,60,450;300;200;100;50,2,6,1.5,2.5,100,-10,5,250,40,5,250,60,1,8,11,0,0.06,4,0.5,50,8,5
37,1,60,FrameTimeStutter,6.000,antimatter,practice,2026-08-31T17:32:23.9802087-04:00,3,931,15.52880,16.8262,2558.75,1438.08,19.000,0.000,16.5412,9.2397,12.7023,Right,0,0,0,0,0.0000,100.000,0,0.000,0,127.500,71.914,4.500,0.0300,0.0000,-30.00,antimatter,60,450;300;200;100;50,2,6,1.5,2.5,100,-10,5,250,40,5,250,60,1,8,11,0,0.06,4,0.5,50,8,5
37,1,60,FrameTimeStutter,6.000,antimatter,practice,2026-08-31T17:32:23.9802087-04:00,3,932,15.54568,16.8787,2558.75,1438.08,23.000,0.000,16.9618,9.2397,12.7023,Right,0,0,0,0,0.0000,100.000,0,0.000,0,127.500,71.914,4.500,0.0300,0.0000,-30.00,antimatter,60,450;300;200;100;50,2,6,1.5,2.5,100,-10,5,250,40,5,250,60,1,8,11,0,0.06,4,0.5,50,8,5
37,1,60,FrameTimeStutter,6.000,antimatter,practice,2026-08-31T17:32:23.9802087-04:00,3,933,15.56188,16.2036,2558.75,1438.08,24.000,0.000,17.4007,9.2397,12.7023,Right,0,0,0,0,0.0000,100.000,0,0.000,0,127.500,71.914,4.500,0.0300,0.0000,-30.00,antimatter,60,450;300;200;100;50,2,6,1.5,2.5,100,-10,5,250,40,5,250,60,1,8,11,0,0.06,4,0.5,50,8,5
37,1,60,FrameTimeStutter,6.000,antimatter,practice,2026-08-31T17:32:23.9802087-04:00,3,934,15.57940,17.5198,2558.75,1436.83,35.000,-1.000,18.0406,9.2214,12.7023,Right,0,0,0,0,0.0000,100.000,0,0.000,0,127.500,71.914,4.500,0.0300,0.0000,-30.00,antimatter,60,450;300;200;100;50,2,6,1.5,2.5,100,-10,5,250,40,5,250,60,1,8,11,0,0.06,4,0.5,50,8,5
37,1,60,FrameTimeStutter,6.000,antimatter,practice,2026-08-31T17:32:23.9802087-04:00,3,935,15.59581,16.4058,2558.75,1435.57,25.000,-1.000,18.4978,9.2032,12.7023,Right,0,0,0,0,0.0000,100.000,0,0.000,0,127.500,71.914,4.500,0.0300,0.0000,-30.00,antimatter,60,450;300;200;100;50,2,6,1.5,2.5,100,-10,5,250,40,5,250,60,1,8,11,0,0.06,4,0.5,50,8,5
37,1,60,FrameTimeStutter,6.000,antimatter,practice,2026-08-31T17:32:23.9802087-04:00,3,936,15.61225,16.4480,2558.75,1435.57,26.000,0.000,18.9732,9.2032,12.7023,Right,0,0,0,0,0.0000,100.000,0,0.000,0,127.500,71.914,4.500,0.0300,0.0000,-30.00,antimatter,60,450;300;200;100;50,2,6,1.5,2.5,100,-10,5,250,40,5,250,60,1,8,11,0,0.06,4,0.5,50,8,5
37,1,60,FrameTimeStutter,6.000,antimatter,practice,2026-08-31T17:32:23.9802087-04:00,3,937,15.62908,16.8238,2558.75,1434.32,28.000,-1.000,19.4852,9.1849,12.7023,Right,0,0,0,0,0.0000,100.000,0,0.000,0,127.500,71.914,4.500,0.0300,0.0000,-30.00,antimatter,60,450;300;200;100;50,2,6,1.5,2.5,100,-10,5,250,40,5,250,60,1,8,11,0,0.06,4,0.5,50,8,5
37,1,60,FrameTimeStutter,6.000,antimatter,practice,2026-08-31T17:32:23.9802087-04:00,3,938,15.64548,16.4074,2558.75,1433.06,26.000,-1.000,19.9606,9.1666,12.7023,Right,0,0,0,0,0.0000,100.000,0,0.000,0,127.500,71.914,4.500,0.0300,0.0000,-30.00,antimatter,60,450;300;200;100;50,2,6,1.5,2.5,100,-10,5,250,40,5,250,60,1,8,11,0,0.06,4,0.5,50,8,5
37,1,60,FrameTimeStutter,6.000,antimatter,practice,2026-08-31T17:32:23.9802087-04:00,3,939,15.66259,17.1023,2558.75,1430.55,25.000,-2.000,20.4177,9.1300,12.7023,Right,0,0,0,0,0.0000,100.000,0,0.000,0,127.500,71.914,4.500,0.0300,0.0000,-30.00,antimatter,60,450;300;200;100;50,2,6,1.5,2.5,100,-10,5,250,40,5,250,60,1,8,11,0,0.06,4,0.5,50,8,5
37,1,60,FrameTimeStutter,6.000,antimatter,practice,2026-08-31T17:32:23.9802087-04:00,3,940,15.67900,16.4124,2558.75,1428.05,20.000,-2.000,20.7834,9.0934,12.7023,Right,0,0,0,0,0.0000,100.000,0,0.000,0,127.500,71.914,4.500,0.0300,0.0000,-30.00,antimatter,60,450;300;200;100;50,2,6,1.5,2.5,100,-10,5,250,40,5,250,60,1,8,11,0,0.06,4,0.5,50,8,5
37,1,60,FrameTimeStutter,6.000,antimatter,practice,2026-08-31T17:32:23.9802087-04:00,3,941,15.69583,16.8275,2558.75,1426.79,17.000,-1.000,21.0943,9.0751,12.7023,Right,0,0,0,0,0.0000,100.000,0,0.000,0,127.500,71.914,4.500,0.0300,0.0000,-30.00,antimatter,60,450;300;200;100;50,2,6,1.5,2.5,100,-10,5,250,40,5,250,60,1,8,11,0,0.06,4,0.5,50,8,5
37,1,60,FrameTimeStutter,6.000,antimatter,practice,2026-08-31T17:32:23.9802087-04:00,3,942,15.71254,16.7131,2558.75,1425.54,14.000,-1.000,21.3503,9.0569,12.7023,Right,0,0,0,0,0.0000,100.000,0,0.000,0,127.500,71.914,4.500,0.0300,0.0000,-30.00,antimatter,60,450;300;200;100;50,2,6,1.5,2.5,100,-10,5,250,40,5,250,60,1,8,11,0,0.06,4,0.5,50,8,5
37,1,60,FrameTimeStutter,6.000,antimatter,practice,2026-08-31T17:32:23.9802087-04:00,3,943,15.72924,16.7020,2558.75,1424.28,14.000,-1.000,21.6062,9.0386,12.7023,Right,0,0,0,0,0.0000,100.000,0,0.000,0,127.500,71.914,4.500,0.0300,0.0000,-30.00,antimatter,60,450;300;200;100;50,2,6,1.5,2.5,100,-10,5,250,40,5,250,60,1,8,11,0,0.06,4,0.5,50,8,5
37,1,60,FrameTimeStutter,6.000,antimatter,practice,2026-08-31T17:32:23.9802087-04:00,3,944,15.74537,16.1297,2558.75,1423.03,19.000,-1.000,21.9537,9.0203,12.7023,Right,0,0,0,0,0.0000,100.000,0,0.000,0,127.500,71.914,4.500,0.0300,0.0000,-30.00,antimatter,60,450;300;200;100;50,2,6,1.5,2.5,100,-10,5,250,40,5,250,60,1,8,11,0,0.06,4,0.5,50,8,5
37,1,60,FrameTimeStutter,6.000,antimatter,practice,2026-08-31T17:32:23.9802087-04:00,3,945,15.76243,17.0583,2558.75,1421.77,22.000,-1.000,22.3559,9.0020,12.7023,Right,0,0,0,0,0.0000,100.000,0,0.000,0,127.500,71.914,4.500,0.0300,0.0000,-30.00,antimatter,60,450;300;200;100;50,2,6,1.5,2.5,100,-10,5,250,40,5,250,60,1,8,11,0,0.06,4,0.5,50,8,5
37,1,60,FrameTimeStutter,6.000,antimatter,practice,2026-08-31T17:32:23.9802087-04:00,3,946,15.77914,16.7075,2558.75,1421.77,20.000,0.000,22.7216,9.0020,12.7023,Right,0,0,0,0,0.0000,100.000,0,0.000,0,127.500,71.914,4.500,0.0300,0.0000,-30.00,antimatter,60,450;300;200;100;50,2,6,1.5,2.5,100,-10,5,250,40,5,250,60,1,8,11,0,0.06,4,0.5,50,8,5
37,1,60,FrameTimeStutter,6.000,antimatter,practice,2026-08-31T17:32:23.9802087-04:00,3,947,15.79585,16.7114,2558.75,1420.52,28.000,-1.000,23.2336,8.9837,12.7023,Right,0,0,0,0,0.0000,100.000,0,0.000,0,127.500,71.914,4.500,0.0300,0.0000,-30.00,antimatter,60,450;300;200;100;50,2,6,1.5,2.5,100,-10,5,250,40,5,250,60,1,8,11,0,0.06,4,0.5,50,8,5
37,1,60,FrameTimeStutter,6.000,antimatter,practice,2026-08-31T17:32:23.9802087-04:00,3,948,15.81207,16.2186,2558.75,1419.27,15.000,-1.000,23.5079,8.9654,12.7023,Right,0,0,0,0,0.0000,100.000,0,0.000,0,127.500,71.914,4.500,0.0300,0.0000,-30.00,antimatter,60,450;300;200;100;50,2,6,1.5,2.5,100,-10,5,250,40,5,250,60,1,8,11,0,0.06,4,0.5,50,8,5
37,1,60,FrameTimeStutter,6.000,antimatter,practice,2026-08-31T17:32:23.9802087-04:00,3,949,15.82867,16.6039,2558.75,1418.01,17.000,-1.000,23.8187,8.9471,12.7023,Right,0,0,0,0,0.0000,100.000,0,0.000,0,127.500,71.914,4.500,0.0300,0.0000,-30.00,antimatter,60,450;300;200;100;50,2,6,1.5,2.5,100,-10,5,250,40,5,250,60,1,8,11,0,0.06,4,0.5,50,8,5
37,1,60,FrameTimeStutter,6.000,antimatter,practice,2026-08-31T17:32:23.9802087-04:00,3,950,15.84501,16.3358,2558.75,1416.76,23.000,-1.000,24.2393,8.9289,12.7023,Right,0,0,0,0,0.0000,100.000,0,0.000,0,127.500,71.914,4.500,0.0300,0.0000,-30.00,antimatter,60,450;300;200;100;50,2,6,1.5,2.5,100,-10,5,250,40,5,250,60,1,8,11,0,0.06,4,0.5,50,8,5
37,1,60,FrameTimeStutter,6.000,antimatter,practice,2026-08-31T17:32:23.9802087-04:00,3,951,15.86214,17.1292,2558.75,1416.76,21.000,0.000,24.6233,8.9289,12.7023,Right,0,0,0,0,0.0000,100.000,0,0.000,0,127.500,71.914,4.500,0.0300,0.0000,-30.00,antimatter,60,450;300;200;100;50,2,6,1.5,2.5,100,-10,5,250,40,5,250,60,1,8,11,0,0.06,4,0.5,50,8,5
37,1,60,FrameTimeStutter,6.000,antimatter,practice,2026-08-31T17:32:23.9802087-04:00,3,952,15.87881,16.6698,2558.75,1416.76,20.000,0.000,24.9890,8.9289,12.7023,Right,0,0,0,0,0.0000,100.000,0,0.000,0,127.500,71.914,4.500,0.0300,0.0000,-30.00,antimatter,60,450;300;200;100;50,2,6,1.5,2.5,100,-10,5,250,40,5,250,60,1,8,11,0,0.06,4,0.5,50,8,5
37,1,60,FrameTimeStutter,6.000,antimatter,practice,2026-08-31T17:32:23.9802087-04:00,3,953,15.89559,16.7810,2558.75,1415.50,17.000,-1.000,25.2999,8.9106,12.7023,Right,0,0,0,0,0.0000,100.000,0,0.000,0,127.500,71.914,4.500,0.0300,0.0000,-30.00,antimatter,60,450;300;200;100;50,2,6,1.5,2.5,100,-10,5,250,40,5,250,60,1,8,11,0,0.06,4,0.5,50,8,5
37,1,60,FrameTimeStutter,6.000,antimatter,practice,2026-08-31T17:32:23.9802087-04:00,3,954,15.91260,17.0157,2558.75,1415.50,11.000,0.000,25.5010,8.9106,12.7023,Right,0,0,0,0,0.0000,100.000,0,0.000,0,127.500,71.914,4.500,0.0300,0.0000,-30.00,antimatter,60,450;300;200;100;50,2,6,1.5,2.5,100,-10,5,250,40,5,250,60,1,8,11,0,0.06,4,0.5,50,8,5
37,1,60,FrameTimeStutter,6.000,antimatter,practice,2026-08-31T17:32:23.9802087-04:00,3,955,15.92934,16.7405,2558.75,1415.50,2.000,0.000,25.5376,8.9106,12.7023,Right,0,0,0,0,0.0000,100.000,0,0.000,0,127.500,71.914,4.500,0.0300,0.0000,-30.00,antimatter,60,450;300;200;100;50,2,6,1.5,2.5,100,-10,5,250,40,5,250,60,1,8,11,0,0.06,4,0.5,50,8,5
37,1,60,FrameTimeStutter,6.000,antimatter,practice,2026-08-31T17:32:23.9802087-04:00,3,956,15.94553,16.1897,2558.75,1415.50,0.000,0.000,25.5376,8.9106,12.7023,Right,0,0,0,0,0.0000,100.000,0,0.000,0,127.500,71.914,4.500,0.0300,0.0000,-30.00,antimatter,60,450;300;200;100;50,2,6,1.5,2.5,100,-10,5,250,40,5,250,60,1,8,11,0,0.06,4,0.5,50,8,5
37,1,60,FrameTimeStutter,6.000,antimatter,practice,2026-08-31T17:32:23.9802087-04:00,3,957,15.96198,16.4428,2558.75,1415.50,0.000,0.000,25.5376,8.9106,12.7023,Right,0,0,0,0,0.0000,100.000,0,0.000,0,127.500,71.914,4.500,0.0300,0.0000,-30.00,antimatter,60,450;300;200;100;50,2,6,1.5,2.5,100,-10,5,250,40,5,250,60,1,8,11,0,0.06,4,0.5,50,8,5
37,1,60,FrameTimeStutter,6.000,antimatter,practice,2026-08-31T17:32:23.9802087-04:00,3,958,15.97892,16.9408,2558.75,1415.50,0.000,0.000,25.5376,8.9106,12.7023,Right,0,0,0,0,0.0000,100.000,0,0.000,0,127.500,71.914,4.500,0.0300,0.0000,-30.00,antimatter,60,450;300;200;100;50,2,6,1.5,2.5,100,-10,5,250,40,5,250,60,1,8,11,0,0.06,4,0.5,50,8,5
37,1,60,FrameTimeStutter,6.000,antimatter,practice,2026-08-31T17:32:23.9802087-04:00,3,959,15.99591,16.9933,2558.75,1415.50,0.000,0.000,25.5376,8.9106,12.7023,Right,0,0,0,0,0.0000,100.000,0,0.000,0,127.500,71.914,4.500,0.0300,0.0000,-30.00,antimatter,60,450;300;200;100;50,2,6,1.5,2.5,100,-10,5,250,40,5,250,60,1,8,11,0,0.06,4,0.5,50,8,5
37,1,60,FrameTimeStutter,6.000,antimatter,practice,2026-08-31T17:32:23.9802087-04:00,3,960,16.01279,16.8766,2556.24,1415.50,-2.000,0.000,25.5010,8.9106,12.7023,Right,0,0,0,0,0.0000,100.000,0,0.000,0,127.500,71.914,4.500,0.0300,0.0000,-30.00,antimatter,60,450;300;200;100;50,2,6,1.5,2.5,100,-10,5,250,40,5,250,60,1,8,11,0,0.06,4,0.5,50,8,5
37,1,60,FrameTimeStutter,6.000,antimatter,practice,2026-08-31T17:32:23.9802087-04:00,3,961,16.02860,15.8176,2549.97,1415.50,-5.000,0.000,25.4096,8.9106,12.7023,Right,0,0,0,0,0.0000,100.000,0,0.000,0,127.500,71.914,4.500,0.0300,0.0000,-30.00,antimatter,60,450;300;200;100;50,2,6,1.5,2.5,100,-10,5,250,40,5,250,60,1,8,11,0,0.06,4,0.5,50,8,5
37,1,60,FrameTimeStutter,6.000,antimatter,practice,2026-08-31T17:32:23.9802087-04:00,3,962,16.04572,17.1195,2537.42,1414.25,-10.000,-1.000,25.2267,8.8923,12.7023,Right,0,0,0,0,0.0000,100.000,0,0.000,0,127.500,71.914,4.500,0.0300,0.0000,-30.00,antimatter,60,450;300;200;100;50,2,6,1.5,2.5,100,-10,5,250,40,5,250,60,1,8,11,0,0.06,4,0.5,50,8,5
37,1,60,FrameTimeStutter,6.000,antimatter,practice,2026-08-31T17:32:23.9802087-04:00,3,963,16.06232,16.5983,2517.35,1414.25,-16.000,0.000,24.9341,8.8923,12.7023,Right,0,0,0,0,0.0000,100.000,0,0.000,0,127.500,71.914,4.500,0.0300,0.0000,-30.00,antimatter,60,450;300;200;100;50,2,6,1.5,2.5,100,-10,5,250,40,5,250,60,1,8,11,0,0.06,4,0.5,50,8,5
37,1,60,FrameTimeStutter,6.000,antimatter,practice,2026-08-31T17:32:23.9802087-04:00,3,964,16.07872,16.4027,2493.52,1414.25,-19.000,0.000,24.5867,8.8923,12.7023,Right,0,0,0,0,0.0000,100.000,0,0.000,0,127.500,71.914,4.500,0.0300,0.0000,-30.00,antimatter,60,450;300;200;100;50,2,6,1.5,2.5,100,-10,5,250,40,5,250,60,1,8,11,0,0.06,4,0.5,50,8,5
37,1,60,FrameTimeStutter,6.000,antimatter,practice,2026-08-31T17:32:23.9802087-04:00,3,965,16.09577,17.0474,2459.66,1415.50,-27.000,1.000,24.0930,8.9106,12.7023,Right,0,0,0,0,0.0000,100.000,0,0.000,0,127.500,71.914,4.500,0.0300,0.0000,-30.00,antimatter,60,450;300;200;100;50,2,6,1.5,2.5,100,-10,5,250,40,5,250,60,1,8,11,0,0.06,4,0.5,50,8,5
37,1,60,FrameTimeStutter,6.000,antimatter,practice,2026-08-31T17:32:23.9802087-04:00,3,966,16.11222,16.4428,2415.76,1416.76,-35.000,1.000,23.4530,8.9289,12.7023,Right,0,0,0,0,0.0000,100.000,0,0.000,0,127.500,71.914,4.500,0.0300,0.0000,-30.00,antimatter,60,450;300;200;100;50,2,6,1.5,2.5,100,-10,5,250,40,5,250,60,1,8,11,0,0.06,4,0.5,50,8,5
37,1,60,FrameTimeStutter,6.000,antimatter,practice,2026-08-31T17:32:23.9802087-04:00,3,967,16.12896,16.7474,2354.30,1419.27,-49.000,2.000,22.5570,8.9654,12.7023,Right,0,0,0,0,0.0000,100.000,0,0.000,0,127.500,71.914,4.500,0.0300,0.0000,-30.00,antimatter,60,450;300;200;100;50,2,6,1.5,2.5,100,-10,5,250,40,5,250,60,1,8,11,0,0.06,4,0.5,50,8,5
37,1,60,FrameTimeStutter,6.000,antimatter,practice,2026-08-31T17:32:23.9802087-04:00,3,968,16.14569,16.7263,2285.31,1423.03,-55.000,3.000,21.5513,9.0203,12.7023,Right,0,0,0,0,0.0000,100.000,0,0.000,0,127.500,71.914,4.500,0.0300,0.0000,-30.00,antimatter,60,450;300;200;100;50,2,6,1.5,2.5,100,-10,5,250,40,5,250,60,1,8,11,0,0.06,4,0.5,50,8,5
37,1,60,FrameTimeStutter,6.000,antimatter,practice,2026-08-31T17:32:23.9802087-04:00,3,969,16.16227,16.5771,2207.55,1426.79,-62.000,3.000,20.4176,9.0751,12.7023,Right,0,0,0,0,0.0000,100.000,0,0.000,0,127.500,71.914,4.500,0.0300,0.0000,-30.00,antimatter,60,450;300;200;100;50,2,6,1.5,2.5,100,-10,5,250,40,5,250,60,1,8,11,0,0.06,4,0.5,50,8,5
37,1,60,FrameTimeStutter,6.000,antimatter,practice,2026-08-31T17:32:23.9802087-04:00,3,970,16.17926,16.9993,2129.78,1431.81,-62.000,4.000,19.2839,9.1482,12.7023,Right,0,0,0,0,0.0000,100.000,0,0.000,0,127.500,71.914,4.500,0.0300,0.0000,-30.00,antimatter,60,450;300;200;100;50,2,6,1.5,2.5,100,-10,5,250,40,5,250,60,1,8,11,0,0.06,4,0.5,50,8,5
37,1,60,FrameTimeStutter,6.000,antimatter,practice,2026-08-31T17:32:23.9802087-04:00,3,971,16.19581,16.5414,2014.39,1440.59,-92.000,7.000,17.6017,9.2762,12.7023,Right,0,0,0,0,0.0000,100.000,0,0.000,0,127.500,71.914,4.500,0.0300,0.0000,-30.00,antimatter,60,450;300;200;100;50,2,6,1.5,2.5,100,-10,5,250,40,5,250,60,1,8,11,0,0.06,4,0.5,50,8,5
37,1,60,FrameTimeStutter,6.000,antimatter,practice,2026-08-31T17:32:23.9802087-04:00,3,972,16.21211,16.3007,1942.89,1440.59,-57.000,4.000,16.5594,9.3494,12.7023,Right,0,0,0,0,0.0000,100.000,0,0.000,0,127.500,71.914,4.500,0.0300,0.0000,-30.00,antimatter,60,450;300;200;100;50,2,6,1.5,2.5,100,-10,5,250,40,5,250,60,1,8,11,0,0.06,4,0.5,50,8,5
37,1,60,FrameTimeStutter,6.000,antimatter,practice,2026-08-31T17:32:23.9802087-04:00,3,973,16.22915,17.0381,1872.65,1440.59,-56.000,3.000,15.5354,9.4042,12.7023,Right,0,0,0,0,0.0000,100.000,0,0.000,0,127.500,71.914,4.500,0.0300,0.0000,-30.00,antimatter,60,450;300;200;100;50,2,6,1.5,2.5,100,-10,5,250,40,5,250,60,1,8,11,0,0.06,4,0.5,50,8,5
37,1,60,FrameTimeStutter,6.000,antimatter,practice,2026-08-31T17:32:23.9802087-04:00,3,974,16.24536,16.2105,1809.94,1440.59,-50.000,2.000,14.6212,9.4408,12.7023,Right,0,0,0,0,0.0000,100.000,0,0.000,0,127.500,71.914,4.500,0.0300,0.0000,-30.00,antimatter,60,450;300;200;100;50,2,6,1.5,2.5,100,-10,5,250,40,5,250,60,1,8,11,0,0.06,4,0.5,50,8,5
37,1,60,FrameTimeStutter,6.000,antimatter,practice,2026-08-31T17:32:23.9802087-04:00,3,975,16.26232,16.9662,1759.77,1440.59,-40.000,2.000,13.8898,9.4773,12.7023,Right,0,0,0,0,0.0000,100.000,0,0.000,0,127.500,71.914,4.500,0.0300,0.0000,-30.00,antimatter,60,450;300;200;100;50,2,6,1.5,2.5,100,-10,5,250,40,5,250,60,1,8,11,0,0.06,4,0.5,50,8,5
37,1,60,FrameTimeStutter,6.000,antimatter,practice,2026-08-31T17:32:23.9802087-04:00,3,976,16.27886,16.5375,1717.12,1440.59,-34.000,1.000,13.2681,9.4956,12.7023,Right,0,0,0,0,0.0000,100.000,0,0.000,0,127.500,71.914,4.500,0.0300,0.0000,-30.00,antimatter,60,450;300;200;100;50,2,6,1.5,2.5,100,-10,5,250,40,5,250,60,1,8,11,0,0.06,4,0.5,50,8,5
37,1,60,FrameTimeStutter,6.000,antimatter,practice,2026-08-31T17:32:23.9802087-04:00,3,977,16.29527,16.4105,1684.51,1440.59,-26.000,1.000,12.7926,9.5139,12.7023,Right,0,0,0,0,0.0000,100.000,0,0.000,0,127.500,71.914,4.500,0.0300,0.0000,-30.00,antimatter,60,450;300;200;100;50,2,6,1.5,2.5,100,-10,5,250,40,5,250,60,1,8,11,0,0.06,4,0.5,50,8,5
37,1,60,FrameTimeStutter,6.000,antimatter,practice,2026-08-31T17:32:23.9802087-04:00,3,978,16.31261,17.3428,1660.68,1440.59,-19.000,1.000,12.4452,9.5322,12.7023,Right,0,0,0,0,0.0000,100.000,0,0.000,0,127.500,71.914,4.500,0.0300,0.0000,-30.00,antimatter,60,450;300;200;100;50,2,6,1.5,2.5,100,-10,5,250,40,5,250,60,1,8,11,0,0.06,4,0.5,50,8,5
37,1,60,FrameTimeStutter,6.000,antimatter,practice,2026-08-31T17:32:23.9802087-04:00,3,979,16.32919,16.5747,1636.85,1440.59,-19.000,1.000,12.0978,9.5505,12.7023,Left,0,0,0,0,0.0000,100.000,0,0.000,0,127.500,71.914,4.500,0.0300,0.0000,-30.00,antimatter,60,450;300;200;100;50,2,6,1.5,2.5,100,-10,5,250,40,5,250,60,1,8,11,0,0.06,4,0.5,50,8,5
37,1,60,FrameTimeStutter,6.000,antimatter,practice,2026-08-31T17:32:23.9802087-04:00,3,980,16.34551,16.3200,1609.25,1440.59,-22.000,2.000,11.6955,9.5871,12.7023,Left,0,0,0,0,0.0000,100.000,0,0.000,0,127.500,71.914,4.500,0.0300,0.0000,-30.00,antimatter,60,450;300;200;100;50,2,6,1.5,2.5,100,-10,5,250,40,5,250,60,1,8,11,0,0.06,4,0.5,50,8,5
37,1,60,FrameTimeStutter,6.000,antimatter,practice,2026-08-31T17:32:23.9802087-04:00,3,981,16.36200,16.4895,1580.40,1440.59,-23.000,1.000,11.2750,9.6053,12.7023,Left,0,0,0,0,0.0000,100.000,0,0.000,0,127.500,71.914,4.500,0.0300,0.0000,-30.00,antimatter,60,450;300;200;100;50,2,6,1.5,2.5,100,-10,5,250,40,5,250,60,1,8,11,0,0.06,4,0.5,50,8,5
37,1,60,FrameTimeStutter,6.000,antimatter,practice,2026-08-31T17:32:23.9802087-04:00,3,982,16.37927,17.2751,1551.55,1440.59,-23.000,1.000,10.8544,9.6236,12.7023,Left,0,0,0,0,0.0000,100.000,0,0.000,0,127.500,71.914,4.500,0.0300,0.0000,-30.00,antimatter,60,450;300;200;100;50,2,6,1.5,2.5,100,-10,5,250,40,5,250,60,1,8,11,0,0.06,4,0.5,50,8,5
37,1,60,FrameTimeStutter,6.000,antimatter,practice,2026-08-31T17:32:23.9802087-04:00,3,983,16.39598,16.7032,1511.42,1440.59,-32.000,1.000,10.2693,9.6419,12.7023,Left,0,0,0,0,0.0000,100.000,0,0.000,0,127.500,71.914,4.500,0.0300,0.0000,-30.00,antimatter,60,450;300;200;100;50,2,6,1.5,2.5,100,-10,5,250,40,5,250,60,1,8,11,0,0.06,4,0.5,50,8,5
37,1,60,FrameTimeStutter,6.000,antimatter,practice,2026-08-31T17:32:23.9802087-04:00,3,984,16.41281,16.8312,1483.82,1440.59,-22.000,1.000,9.8670,9.6602,12.7023,Left,0,0,0,0,0.0000,100.000,0,0.000,0,127.500,71.914,4.500,0.0300,0.0000,-30.00,antimatter,60,450;300;200;100;50,2,6,1.5,2.5,100,-10,5,250,40,5,250,60,1,8,11,0,0.06,4,0.5,50,8,5
37,1,60,FrameTimeStutter,6.000,antimatter,practice,2026-08-31T17:32:23.9802087-04:00,3,985,16.42929,16.4812,1458.74,1440.59,-20.000,0.000,9.5013,9.6602,12.7023,Left,0,0,0,0,0.0000,100.000,0,0.000,0,127.500,71.914,4.500,0.0300,0.0000,-30.00,antimatter,60,450;300;200;100;50,2,6,1.5,2.5,100,-10,5,250,40,5,250,60,1,8,11,0,0.06,4,0.5,50,8,5
37,1,60,FrameTimeStutter,6.000,antimatter,practice,2026-08-31T17:32:23.9802087-04:00,3,986,16.44542,16.1328,1432.40,1440.59,-21.000,0.000,9.1173,9.6602,12.7023,Left,0,0,0,0,0.0000,100.000,0,0.000,0,127.500,71.914,4.500,0.0300,0.0000,-30.00,antimatter,60,450;300;200;100;50,2,6,1.5,2.5,100,-10,5,250,40,5,250,60,1,8,11,0,0.06,4,0.5,50,8,5
37,1,60,FrameTimeStutter,6.000,antimatter,practice,2026-08-31T17:32:23.9802087-04:00,3,987,16.46199,16.5699,1406.06,1440.59,-21.000,1.000,8.7333,9.6785,12.7023,Left,0,0,0,0,0.0000,100.000,0,0.000,0,127.500,71.914,4.500,0.0300,0.0000,-30.00,antimatter,60,450;300;200;100;50,2,6,1.5,2.5,100,-10,5,250,40,5,250,60,1,8,11,0,0.06,4,0.5,50,8,5
37,1,60,FrameTimeStutter,6.000,antimatter,practice,2026-08-31T17:32:23.9802087-04:00,3,988,16.47929,17.2993,1379.72,1440.59,-21.000,0.000,8.3493,9.6785,12.7023,Left,0,0,0,0,0.0000,100.000,0,0.000,0,127.500,71.914,4.500,0.0300,0.0000,-30.00,antimatter,60,450;300;200;100;50,2,6,1.5,2.5,100,-10,5,250,40,5,250,60,1,8,11,0,0.06,4,0.5,50,8,5
37,1,60,FrameTimeStutter,6.000,antimatter,practice,2026-08-31T17:32:23.9802087-04:00,3,989,16.49568,16.3866,1350.87,1440.59,-23.000,0.000,7.9287,9.6785,12.7023,Left,0,0,0,0,0.0000,100.000,0,0.000,0,127.500,71.914,4.500,0.0300,0.0000,-30.00,antimatter,60,450;300;200;100;50,2,6,1.5,2.5,100,-10,5,250,40,5,250,60,1,8,11,0,0.06,4,0.5,50,8,5
37,1,60,FrameTimeStutter,6.000,antimatter,practice,2026-08-31T17:32:23.9802087-04:00,3,990,16.51245,16.7741,1324.53,1440.59,-21.000,0.000,7.5447,9.6785,12.7023,Left,0,0,0,0,0.0000,100.000,0,0.000,0,127.500,71.914,4.500,0.0300,0.0000,-30.00,antimatter,60,450;300;200;100;50,2,6,1.5,2.5,100,-10,5,250,40,5,250,60,1,8,11,0,0.06,4,0.5,50,8,5
37,1,60,FrameTimeStutter,6.000,antimatter,practice,2026-08-31T17:32:23.9802087-04:00,3,991,16.52910,16.6463,1299.44,1440.59,-20.000,0.000,7.1790,9.6785,12.7023,Left,0,0,0,0,0.0000,100.000,0,0.000,0,127.500,71.914,4.500,0.0300,0.0000,-30.00,antimatter,60,450;300;200;100;50,2,6,1.5,2.5,100,-10,5,250,40,5,250,60,1,8,11,0,0.06,4,0.5,50,8,5
37,1,60,FrameTimeStutter,6.000,antimatter,practice,2026-08-31T17:32:23.9802087-04:00,3,992,16.54582,16.7226,1271.85,1440.59,-22.000,0.000,6.7768,9.6785,12.7023,Left,0,0,0,0,0.0000,100.000,0,0.000,0,127.500,71.914,4.500,0.0300,0.0000,-30.00,antimatter,60,450;300;200;100;50,2,6,1.5,2.5,100,-10,5,250,40,5,250,60,1,8,11,0,0.06,4,0.5,50,8,5
37,1,60,FrameTimeStutter,6.000,antimatter,practice,2026-08-31T17:32:23.9802087-04:00,3,993,16.56229,16.4706,1246.76,1440.59,-20.000,0.000,6.4111,9.6785,12.7023,Left,0,0,0,0,0.0000,100.000,0,0.000,0,127.500,71.914,4.500,0.0300,0.0000,-30.00,antimatter,60,450;300;200;100;50,2,6,1.5,2.5,100,-10,5,250,40,5,250,60,1,8,11,0,0.06,4,0.5,50,8,5
37,1,60,FrameTimeStutter,6.000,antimatter,practice,2026-08-31T17:32:23.9802087-04:00,3,994,16.57868,16.3880,1220.42,1440.59,-21.000,0.000,6.0271,9.6785,12.7023,Left,0,0,0,0,0.0000,100.000,0,0.000,0,127.500,71.914,4.500,0.0300,0.0000,-30.00,antimatter,60,450;300;200;100;50,2,6,1.5,2.5,100,-10,5,250,40,5,250,60,1,8,11,0,0.06,4,0.5,50,8,5
37,1,60,FrameTimeStutter,6.000,antimatter,practice,2026-08-31T17:32:23.9802087-04:00,3,995,16.59590,17.2201,1185.30,1440.59,-28.000,0.000,5.5151,9.6785,12.7023,Left,0,0,0,0,0.0000,100.000,0,0.000,0,127.500,71.914,4.500,0.0300,0.0000,-30.00,antimatter,60,450;300;200;100;50,2,6,1.5,2.5,100,-10,5,250,40,5,250,60,1,8,11,0,0.06,4,0.5,50,8,5
37,1,60,FrameTimeStutter,6.000,antimatter,practice,2026-08-31T17:32:23.9802087-04:00,3,996,16.61241,16.5160,1157.71,1440.59,-22.000,0.000,5.1128,9.6785,12.7023,Left,0,0,0,0,0.0000,100.000,0,0.000,0,127.500,71.914,4.500,0.0300,0.0000,-30.00,antimatter,60,450;300;200;100;50,2,6,1.5,2.5,100,-10,5,250,40,5,250,60,1,8,11,0,0.06,4,0.5,50,8,5
37,1,60,FrameTimeStutter,6.000,antimatter,practice,2026-08-31T17:32:23.9802087-04:00,3,997,16.62864,16.2270,1130.11,1440.59,-22.000,0.000,4.7106,9.6785,12.7023,Left,0,0,0,0,0.0000,100.000,0,0.000,0,127.500,71.914,4.500,0.0300,0.0000,-30.00,antimatter,60,450;300;200;100;50,2,6,1.5,2.5,100,-10,5,250,40,5,250,60,1,8,11,0,0.06,4,0.5,50,8,5
37,1,60,FrameTimeStutter,6.000,antimatter,practice,2026-08-31T17:32:23.9802087-04:00,3,998,16.64584,17.1968,1102.52,1440.59,-22.000,0.000,4.3083,9.6785,12.7023,Left,0,0,0,0,0.0000,100.000,0,0.000,0,127.500,71.914,4.500,0.0300,0.0000,-30.00,antimatter,60,450;300;200;100;50,2,6,1.5,2.5,100,-10,5,250,40,5,250,60,1,8,11,0,0.06,4,0.5,50,8,5
37,1,60,FrameTimeStutter,6.000,antimatter,practice,2026-08-31T17:32:23.9802087-04:00,3,999,16.66228,16.4378,1074.92,1440.59,-22.000,1.000,3.9060,9.6968,12.7023,Left,0,0,0,0,0.0000,100.000,0,0.000,0,127.500,71.914,4.500,0.0300,0.0000,-30.00,antimatter,60,450;300;200;100;50,2,6,1.5,2.5,100,-10,5,250,40,5,250,60,1,8,11,0,0.06,4,0.5,50,8,5
37,1,60,FrameTimeStutter,6.000,antimatter,practice,2026-08-31T17:32:23.9802087-04:00,3,1000,16.67911,16.8304,1048.58,1440.59,-21.000,0.000,3.5220,9.6968,12.7023,Left,0,0,0,0,0.0000,100.000,0,0.000,0,127.500,71.914,4.500,0.0300,0.0000,-30.00,antimatter,60,450;300;200;100;50,2,6,1.5,2.5,100,-10,5,250,40,5,250,60,1,8,11,0,0.06,4,0.5,50,8,5
37,1,60,FrameTimeStutter,6.000,antimatter,practice,2026-08-31T17:32:23.9802087-04:00,3,1001,16.69579,16.6852,1020.99,1440.59,-22.000,0.000,3.1198,9.6968,12.7023,Left,0,0,0,0,0.0000,100.000,0,0.000,0,127.500,71.914,4.500,0.0300,0.0000,-30.00,antimatter,60,450;300;200;100;50,2,6,1.5,2.5,100,-10,5,250,40,5,250,60,1,8,11,0,0.06,4,0.5,50,8,5
37,1,60,FrameTimeStutter,6.000,antimatter,practice,2026-08-31T17:32:23.9802087-04:00,3,1002,16.71223,16.4416,990.89,1440.59,-24.000,0.000,2.6809,9.6968,12.7023,Left,0,0,0,0,0.0000,100.000,0,0.000,0,127.500,71.914,4.500,0.0300,0.0000,-30.00,antimatter,60,450;300;200;100;50,2,6,1.5,2.5,100,-10,5,250,40,5,250,60,1,8,11,0,0.06,4,0.5,50,8,5
37,1,60,FrameTimeStutter,6.000,antimatter,practice,2026-08-31T17:32:23.9802087-04:00,3,1003,16.72915,16.9165,965.80,1440.59,-20.000,0.000,2.3152,9.6968,12.7023,Left,0,0,0,0,0.0000,100.000,0,0.000,0,127.500,71.914,4.500,0.0300,0.0000,-30.00,antimatter,60,450;300;200;100;50,2,6,1.5,2.5,100,-10,5,250,40,5,250,60,1,8,11,0,0.06,4,0.5,50,8,5
37,1,60,FrameTimeStutter,6.000,antimatter,practice,2026-08-31T17:32:23.9802087-04:00,3,1004,16.74600,16.8495,943.22,1439.33,-18.000,-1.000,1.9861,9.6785,12.7023,Left,0,0,0,0,0.0000,100.000,0,0.000,0,127.500,71.914,4.500,0.0300,0.0000,-30.00,antimatter,60,450;300;200;100;50,2,6,1.5,2.5,100,-10,5,250,40,5,250,60,1,8,11,0,0.06,4,0.5,50,8,5
37,1,60,FrameTimeStutter,6.000,antimatter,practice,2026-08-31T17:32:23.9802087-04:00,3,1005,16.76234,16.3396,919.39,1439.33,-19.000,0.000,1.6387,9.6785,12.7023,Left,0,0,0,0,0.0000,100.000,0,0.000,0,127.500,71.914,4.500,0.0300,0.0000,-30.00,antimatter,60,450;300;200;100;50,2,6,1.5,2.5,100,-10,5,250,40,5,250,60,1,8,11,0,0.06,4,0.5,50,8,5
37,1,60,FrameTimeStutter,6.000,antimatter,practice,2026-08-31T17:32:23.9802087-04:00,3,1006,16.77950,17.1658,875.49,1438.08,-35.000,-1.000,0.9987,9.6602,12.7023,Left,0,0,0,0,0.0000,100.000,0,0.000,0,127.500,71.914,4.500,0.0300,0.0000,-30.00,antimatter,60,450;300;200;100;50,2,6,1.5,2.5,100,-10,5,250,40,5,250,60,1,8,11,0,0.06,4,0.5,50,8,5
37,1,60,FrameTimeStutter,6.000,antimatter,practice,2026-08-31T17:32:23.9802087-04:00,3,1007,16.79589,16.3879,839.12,1436.83,-29.000,-1.000,0.4684,9.6419,12.7023,Left,0,0,0,0,0.0000,100.000,0,0.000,0,127.500,71.914,4.500,0.0300,0.0000,-30.00,antimatter,60,450;300;200;100;50,2,6,1.5,2.5,100,-10,5,250,40,5,250,60,1,8,11,0,0.06,4,0.5,50,8,5
37,1,60,FrameTimeStutter,6.000,antimatter,practice,2026-08-31T17:32:23.9802087-04:00,3,1008,16.81263,16.7394,802.74,1435.57,-29.000,-1.000,-0.0619,9.6236,12.7023,Left,0,0,0,0,0.0000,100.000,0,0.000,0,127.500,71.914,4.500,0.0300,0.0000,-30.00,antimatter,60,450;300;200;100;50,2,6,1.5,2.5,100,-10,5,250,40,5,250,60,1,8,11,0,0.06,4,0.5,50,8,5
37,1,60,FrameTimeStutter,6.000,antimatter,practice,2026-08-31T17:32:23.9802087-04:00,3,1009,16.82885,16.2196,770.13,1434.32,-26.000,-1.000,-0.5373,9.6053,12.7023,Left,0,0,0,0,0.0000,100.000,0,0.000,0,127.500,71.914,4.500,0.0300,0.0000,-30.00,antimatter,60,450;300;200;100;50,2,6,1.5,2.5,100,-10,5,250,40,5,250,60,1,8,11,0,0.06,4,0.5,50,8,5
37,1,60,FrameTimeStutter,6.000,antimatter,practice,2026-08-31T17:32:23.9802087-04:00,3,1010,16.84591,17.0583,742.54,1433.06,-22.000,-1.000,-0.9396,9.5870,12.7023,Left,0,0,0,0,0.0000,100.000,0,0.000,0,127.500,71.914,4.500,0.0300,0.0000,-30.00,antimatter,60,450;300;200;100;50,2,6,1.5,2.5,100,-10,5,250,40,5,250,60,1,8,11,0,0.06,4,0.5,50,8,5
37,1,60,FrameTimeStutter,6.000,antimatter,practice,2026-08-31T17:32:23.9802087-04:00,3,1011,16.86206,16.1546,716.20,1431.81,-21.000,-1.000,-1.3236,9.5688,12.7023,Left,0,0,0,0,0.0000,100.000,0,0.000,0,127.500,71.914,4.500,0.0300,0.0000,-30.00,antimatter,60,450;300;200;100;50,2,6,1.5,2.5,100,-10,5,250,40,5,250,60,1,8,11,0,0.06,4,0.5,50,8,5
37,1,60,FrameTimeStutter,6.000,antimatter,practice,2026-08-31T17:32:23.9802087-04:00,3,1012,16.87922,17.1603,691.11,1429.30,-20.000,-2.000,-1.6893,9.5322,12.7023,Left,0,0,0,0,0.0000,100.000,0,0.000,0,127.500,71.914,4.500,0.0300,0.0000,-30.00,antimatter,60,450;300;200;100;50,2,6,1.5,2.5,100,-10,5,250,40,5,250,60,1,8,11,0,0.06,4,0.5,50,8,5
37,1,60,FrameTimeStutter,6.000,antimatter,practice,2026-08-31T17:32:23.9802087-04:00,3,1013,16.89521,15.9903,667.28,1429.30,-19.000,0.000,-2.0367,9.5322,12.7023,Left,0,0,0,0,0.0000,100.000,0,0.000,0,127.500,71.914,4.500,0.0300,0.0000,-30.00,antimatter,60,450;300;200;100;50,2,6,1.5,2.5,100,-10,5,250,40,5,250,60,1,8,11,0,0.06,4,0.5,50,8,5
37,1,60,FrameTimeStutter,6.000,antimatter,practice,2026-08-31T17:32:23.9802087-04:00,3,1014,16.91187,16.6506,643.45,1428.05,-19.000,-1.000,-2.3841,9.5139,12.7023,Left,0,0,0,0,0.0000,100.000,0,0.000,0,127.500,71.914,4.500,0.0300,0.0000,-30.00,antimatter,60,450;300;200;100;50,2,6,1.5,2.5,100,-10,5,250,40,5,250,60,1,8,11,0,0.06,4,0.5,50,8,5
37,1,60,FrameTimeStutter,6.000,antimatter,practice,2026-08-31T17:32:23.9802087-04:00,3,1015,16.92863,16.7684,617.11,1426.79,-21.000,-1.000,-2.7681,9.4956,12.7023,Left,0,0,0,0,0.0000,100.000,0,0.000,0,127.500,71.914,4.500,0.0300,0.0000,-30.00,antimatter,60,450;300;200;100;50,2,6,1.5,2.5,100,-10,5,250,40,5,250,60,1,8,11,0,0.06,4,0.5,50,8,5
37,1,60,FrameTimeStutter,6.000,antimatter,practice,2026-08-31T17:32:23.9802087-04:00,3,1016,16.94599,17.3578,592.02,1425.54,-20.000,-1.000,-3.1338,9.4773,12.7023,Left,0,0,0,0,0.0000,100.000,0,0.000,0,127.500,71.914,4.500,0.0300,0.0000,-30.00,antimatter,60,450;300;200;100;50,2,6,1.5,2.5,100,-10,5,250,40,5,250,60,1,8,11,0,0.06,4,0.5,50,8,5
37,1,60,FrameTimeStutter,6.000,antimatter,practice,2026-08-31T17:32:23.9802087-04:00,3,1017,16.96272,16.7287,565.68,1424.28,-21.000,-1.000,-3.5178,9.4590,12.7023,Left,0,0,0,0,0.0000,100.000,0,0.000,0,127.500,71.914,4.500,0.0300,0.0000,-30.00,antimatter,60,450;300;200;100;50,2,6,1.5,2.5,100,-10,5,250,40,5,250,60,1,8,11,0,0.06,4,0.5,50,8,5
37,1,60,FrameTimeStutter,6.000,antimatter,practice,2026-08-31T17:32:23.9802087-04:00,3,1018,16.97882,16.1027,541.85,1423.03,-19.000,-1.000,-3.8652,9.4407,12.7023,Left,0,0,0,0,0.0000,100.000,0,0.000,0,127.500,71.914,4.500,0.0300,0.0000,-30.00,antimatter,60,450;300;200;100;50,2,6,1.5,2.5,100,-10,5,250,40,5,250,60,1,8,11,0,0.06,4,0.5,50,8,5
37,1,60,FrameTimeStutter,6.000,antimatter,practice,2026-08-31T17:32:23.9802087-04:00,3,1019,16.99566,16.8370,507.99,1419.27,-27.000,-3.000,-4.3590,9.3859,12.7023,Left,0,0,0,0,0.0000,100.000,0,0.000,0,127.500,71.914,4.500,0.0300,0.0000,-30.00,antimatter,60,450;300;200;100;50,2,6,1.5,2.5,100,-10,5,250,40,5,250,60,1,8,11,0,0.06,4,0.5,50,8,5
37,1,60,FrameTimeStutter,6.000,antimatter,practice,2026-08-31T17:32:23.9802087-04:00,3,1020,17.01227,16.6057,487.92,1418.01,-16.000,-1.000,-4.6516,9.3676,12.7023,Left,0,0,0,0,0.0000,100.000,0,0.000,0,127.500,71.914,4.500,0.0300,0.0000,-30.00,antimatter,60,450;300;200;100;50,2,6,1.5,2.5,100,-10,5,250,40,5,250,60,1,8,11,0,0.06,4,0.5,50,8,5
37,1,60,FrameTimeStutter,6.000,antimatter,practice,2026-08-31T17:32:23.9802087-04:00,3,1021,17.02855,16.2805,469.10,1416.76,-15.000,-1.000,-4.9258,9.3493,12.7023,Left,0,0,0,0,0.0000,100.000,0,0.000,0,127.500,71.914,4.500,0.0300,0.0000,-30.00,antimatter,60,450;300;200;100;50,2,6,1.5,2.5,100,-10,5,250,40,5,250,60,1,8,11,0,0.06,4,0.5,50,8,5
37,1,60,FrameTimeStutter,6.000,antimatter,practice,2026-08-31T17:32:23.9802087-04:00,3,1022,17.04557,17.0231,449.03,1414.25,-16.000,-2.000,-5.2184,9.3127,12.7023,Left,0,0,0,0,0.0000,100.000,0,0.000,0,127.500,71.914,4.500,0.0300,0.0000,-30.00,antimatter,60,450;300;200;100;50,2,6,1.5,2.5,100,-10,5,250,40,5,250,60,1,8,11,0,0.06,4,0.5,50,8,5
37,1,60,FrameTimeStutter,6.000,antimatter,practice,2026-08-31T17:32:23.9802087-04:00,3,1023,17.06268,17.1096,428.97,1414.25,-16.000,0.000,-5.5110,9.3127,12.7023,Left,0,0,0,0,0.0000,100.000,0,0.000,0,127.500,71.914,4.500,0.0300,0.0000,-30.00,antimatter,60,450;300;200;100;50,2,6,1.5,2.5,100,-10,5,250,40,5,250,60,1,8,11,0,0.06,4,0.5,50,8,5
37,1,60,FrameTimeStutter,6.000,antimatter,practice,2026-08-31T17:32:23.9802087-04:00,3,1024,17.07934,16.6642,407.64,1412.99,-17.000,-1.000,-5.8219,9.2945,12.7023,Left,0,0,0,0,0.0000,100.000,0,0.000,0,127.500,71.914,4.500,0.0300,0.0000,-30.00,antimatter,60,450;300;200;100;50,2,6,1.5,2.5,100,-10,5,250,40,5,250,60,1,8,11,0,0.06,4,0.5,50,8,5
37,1,60,FrameTimeStutter,6.000,antimatter,practice,2026-08-31T17:32:23.9802087-04:00,3,1025,17.09554,16.2030,386.32,1411.74,-17.000,-1.000,-6.1327,9.2762,12.7023,Left,0,0,0,0,0.0000,100.000,0,0.000,0,127.500,71.914,4.500,0.0300,0.0000,-30.00,antimatter,60,450;300;200;100;50,2,6,1.5,2.5,100,-10,5,250,40,5,250,60,1,8,11,0,0.06,4,0.5,50,8,5
37,1,60,FrameTimeStutter,6.000,antimatter,practice,2026-08-31T17:32:23.9802087-04:00,3,1026,17.11238,16.8339,366.25,1409.23,-16.000,-2.000,-6.4253,9.2396,12.7023,Left,0,0,0,0,0.0000,100.000,0,0.000,0,127.500,71.914,4.500,0.0300,0.0000,-30.00,antimatter,60,450;300;200;100;50,2,6,1.5,2.5,100,-10,5,250,40,5,250,60,1,8,11,0,0.06,4,0.5,50,8,5
37,1,60,FrameTimeStutter,6.000,antimatter,practice,2026-08-31T17:32:23.9802087-04:00,3,1027,17.12872,16.3427,341.17,1407.98,-20.000,-1.000,-6.7910,9.2213,12.7023,Left,0,0,0,0,0.0000,100.000,0,0.000,0,127.500,71.914,4.500,0.0300,0.0000,-30.00,antimatter,60,450;300;200;100;50,2,6,1.5,2.5,100,-10,5,250,40,5,250,60,1,8,11,0,0.06,4,0.5,50,8,5
37,1,60,FrameTimeStutter,6.000,antimatter,practice,2026-08-31T17:32:23.9802087-04:00,3,1028,17.14587,17.1492,311.06,1405.47,-24.000,-2.000,-7.2298,9.1847,12.7023,Left,0,0,0,0,0.0000,100.000,0,0.000,0,127.500,71.914,4.500,0.0300,0.0000,-30.00,antimatter,60,450;300;200;100;50,2,6,1.5,2.5,100,-10,5,250,40,5,250,60,1,8,11,0,0.06,4,0.5,50,8,5
37,1,60,FrameTimeStutter,6.000,antimatter,practice,2026-08-31T17:32:23.9802087-04:00,3,1029,17.16256,16.6856,280.96,1404.21,-24.000,-1.000,-7.6687,9.1664,12.7023,Left,0,0,0,0,0.0000,100.000,0,0.000,0,127.500,71.914,4.500,0.0300,0.0000,-30.00,antimatter,60,450;300;200;100;50,2,6,1.5,2.5,100,-10,5,250,40,5,250,60,1,8,11,0,0.06,4,0.5,50,8,5
37,1,60,FrameTimeStutter,6.000,antimatter,practice,2026-08-31T17:32:23.9802087-04:00,3,1030,17.17880,16.2401,254.62,1402.96,-21.000,-1.000,-8.0527,9.1482,12.7023,Left,0,0,0,0,0.0000,100.000,0,0.000,0,127.500,71.914,4.500,0.0300,0.0000,-30.00,antimatter,60,450;300;200;100;50,2,6,1.5,2.5,100,-10,5,250,40,5,250,60,1,8,11,0,0.06,4,0.5,50,8,5
37,1,60,FrameTimeStutter,6.000,antimatter,practice,2026-08-31T17:32:23.9802087-04:00,3,1031,17.19599,17.1964,220.75,1402.96,-27.000,0.000,-8.5464,9.1482,12.7023,Left,0,0,0,0,0.0000,100.000,0,0.000,0,127.500,71.914,4.500,0.0300,0.0000,-30.00,antimatter,60,450;300;200;100;50,2,6,1.5,2.5,100,-10,5,250,40,5,250,60,1,8,11,0,0.06,4,0.5,50,8,5
37,1,60,FrameTimeStutter,6.000,antimatter,practice,2026-08-31T17:32:23.9802087-04:00,3,1032,17.21224,16.2435,198.18,1401.71,-18.000,-1.000,-8.8755,9.1299,12.7023,Left,0,0,0,0,0.0000,100.000,0,0.000,0,127.500,71.914,4.500,0.0300,0.0000,-30.00,antimatter,60,450;300;200;100;50,2,6,1.5,2.5,100,-10,5,250,40,5,250,60,1,8,11,0,0.06,4,0.5,50,8,5
37,1,60,FrameTimeStutter,6.000,antimatter,practice,2026-08-31T17:32:23.9802087-04:00,3,1033,17.22889,16.6514,171.84,1400.45,-21.000,-1.000,-9.2595,9.1116,12.7023,Left,0,0,0,0,0.0000,100.000,0,0.000,0,127.500,71.914,4.500,0.0300,0.0000,-30.00,antimatter,60,450;300;200;100;50,2,6,1.5,2.5,100,-10,5,250,40,5,250,60,1,8,11,0,0.06,4,0.5,50,8,5
37,1,60,FrameTimeStutter,6.000,antimatter,practice,2026-08-31T17:32:23.9802087-04:00,3,1034,17.24556,16.6746,148.01,1400.45,-19.000,0.000,-9.6070,9.1116,12.7023,Left,0,0,0,0,0.0000,100.000,0,0.000,0,127.500,71.914,4.500,0.0300,0.0000,-30.00,antimatter,60,450;300;200;100;50,2,6,1.5,2.5,100,-10,5,250,40,5,250,60,1,8,11,0,0.06,4,0.5,50,8,5
37,1,60,FrameTimeStutter,6.000,antimatter,practice,2026-08-31T17:32:23.9802087-04:00,3,1035,17.26262,17.0619,127.94,1399.20,-16.000,-1.000,-9.8996,9.0933,12.7023,Left,0,0,0,0,0.0000,100.000,0,0.000,0,127.500,71.914,4.500,0.0300,0.0000,-30.00,antimatter,60,450;300;200;100;50,2,6,1.5,2.5,100,-10,5,250,40,5,250,60,1,8,11,0,0.06,4,0.5,50,8,5
37,1,60,FrameTimeStutter,6.000,antimatter,practice,2026-08-31T17:32:23.9802087-04:00,3,1036,17.27872,16.0912,112.89,1399.20,-12.000,0.000,-10.1190,9.0933,12.7023,Left,0,0,0,0,0.0000,100.000,0,0.000,0,127.500,71.914,4.500,0.0300,0.0000,-30.00,antimatter,60,450;300;200;100;50,2,6,1.5,2.5,100,-10,5,250,40,5,250,60,1,8,11,0,0.06,4,0.5,50,8,5
37,1,60,FrameTimeStutter,6.000,antimatter,practice,2026-08-31T17:32:23.9802087-04:00,3,1037,17.29532,16.6042,102.85,1399.20,-8.000,0.000,-10.2653,9.0933,12.7023,Left,0,0,0,0,0.0000,100.000,0,0.000,0,127.500,71.914,4.500,0.0300,0.0000,-30.00,antimatter,60,450;300;200;100;50,2,6,1.5,2.5,100,-10,5,250,40,5,250,60,1,8,11,0,0.06,4,0.5,50,8,5
37,1,60,FrameTimeStutter,6.000,antimatter,practice,2026-08-31T17:32:23.9802087-04:00,3,1038,17.31204,16.7194,99.09,1399.20,-3.000,0.000,-10.3202,9.0933,12.7023,Left,0,0,0,0,0.0000,100.000,0,0.000,0,127.500,71.914,4.500,0.0300,0.0000,-30.00,antimatter,60,450;300;200;100;50,2,6,1.5,2.5,100,-10,5,250,40,5,250,60,1,8,11,0,0.06,4,0.5,50,8,5
37,1,60,FrameTimeStutter,6.000,antimatter,practice,2026-08-31T17:32:23.9802087-04:00,3,1039,17.32852,16.4780,96.58,1399.20,-2.000,0.000,-10.3568,9.0933,12.7023,Left,0,0,0,0,0.0000,100.000,0,0.000,0,127.500,71.914,4.500,0.0300,0.0000,-30.00,antimatter,60,450;300;200;100;50,2,6,1.5,2.5,100,-10,5,250,40,5,250,60,1,8,11,0,0.06,4,0.5,50,8,5
37,1,60,FrameTimeStutter,6.000,antimatter,practice,2026-08-31T17:32:23.9802087-04:00,3,1040,17.34566,17.1413,96.58,1399.20,0.000,0.000,-10.3568,9.0933,12.7023,Left,0,0,0,0,0.0000,100.000,0,0.000,0,127.500,71.914,4.500,0.0300,0.0000,-30.00,antimatter,60,450;300;200;100;50,2,6,1.5,2.5,100,-10,5,250,40,5,250,60,1,8,11,0,0.06,4,0.5,50,8,5
37,1,60,FrameTimeStutter,6.000,antimatter,practice,2026-08-31T17:32:23.9802087-04:00,3,1041,17.36225,16.5857,96.58,1399.20,0.000,0.000,-10.3568,9.0933,12.7023,Left,0,0,0,0,0.0000,100.000,0,0.000,0,127.500,71.914,4.500,0.0300,0.0000,-30.00,antimatter,60,450;300;200;100;50,2,6,1.5,2.5,100,-10,5,250,40,5,250,60,1,8,11,0,0.06,4,0.5,50,8,5
37,1,60,FrameTimeStutter,6.000,antimatter,practice,2026-08-31T17:32:23.9802087-04:00,3,1042,17.37939,17.1423,96.58,1399.20,0.000,0.000,-10.3568,9.0933,12.7023,Left,0,0,0,0,0.0000,100.000,0,0.000,0,127.500,71.914,4.500,0.0300,0.0000,-30.00,antimatter,60,450;300;200;100;50,2,6,1.5,2.5,100,-10,5,250,40,5,250,60,1,8,11,0,0.06,4,0.5,50,8,5
37,1,60,FrameTimeStutter,6.000,antimatter,practice,2026-08-31T17:32:23.9802087-04:00,3,1043,17.39522,15.8312,96.58,1399.20,0.000,0.000,-10.3568,9.0933,12.7023,Left,0,0,0,0,0.0000,100.000,0,0.000,0,127.500,71.914,4.500,0.0300,0.0000,-30.00,antimatter,60,450;300;200;100;50,2,6,1.5,2.5,100,-10,5,250,40,5,250,60,1,8,11,0,0.06,4,0.5,50,8,5
37,1,60,FrameTimeStutter,6.000,antimatter,practice,2026-08-31T17:32:23.9802087-04:00,3,1044,17.41222,17.0062,96.58,1399.20,0.000,0.000,-10.3568,9.0933,12.7023,Left,0,0,0,0,0.0000,100.000,0,0.000,0,127.500,71.914,4.500,0.0300,0.0000,-30.00,antimatter,60,450;300;200;100;50,2,6,1.5,2.5,100,-10,5,250,40,5,250,60,1,8,11,0,0.06,4,0.5,50,8,5
37,1,60,FrameTimeStutter,6.000,antimatter,practice,2026-08-31T17:32:23.9802087-04:00,3,1045,17.42871,16.4911,96.58,1399.20,0.000,0.000,-10.3568,9.0933,12.7023,Left,0,0,0,0,0.0000,100.000,0,0.000,0,127.500,71.914,4.500,0.0300,0.0000,-30.00,antimatter,60,450;300;200;100;50,2,6,1.5,2.5,100,-10,5,250,40,5,250,60,1,8,11,0,0.06,4,0.5,50,8,5
37,1,60,FrameTimeStutter,6.000,antimatter,practice,2026-08-31T17:32:23.9802087-04:00,3,1046,17.44598,17.2635,96.58,1399.20,0.000,0.000,-10.3568,9.0933,12.7023,Left,0,0,0,0,0.0000,100.000,0,0.000,0,127.500,71.914,4.500,0.0300,0.0000,-30.00,antimatter,60,450;300;200;100;50,2,6,1.5,2.5,100,-10,5,250,40,5,250,60,1,8,11,0,0.06,4,0.5,50,8,5
37,1,60,FrameTimeStutter,6.000,antimatter,practice,2026-08-31T17:32:23.9802087-04:00,3,1047,17.46228,16.2979,99.09,1399.20,2.000,0.000,-10.3202,9.0933,12.7023,Left,0,0,0,0,0.0000,100.000,0,0.000,0,127.500,71.914,4.500,0.0300,0.0000,-30.00,antimatter,60,450;300;200;100;50,2,6,1.5,2.5,100,-10,5,250,40,5,250,60,1,8,11,0,0.06,4,0.5,50,8,5
37,1,60,FrameTimeStutter,6.000,antimatter,practice,2026-08-31T17:32:23.9802087-04:00,3,1048,17.47918,16.9012,106.61,1399.20,6.000,0.000,-10.2105,9.0933,12.7023,Left,0,0,0,0,0.0000,100.000,0,0.000,0,127.500,71.914,4.500,0.0300,0.0000,-30.00,antimatter,60,450;300;200;100;50,2,6,1.5,2.5,100,-10,5,250,40,5,250,60,1,8,11,0,0.06,4,0.5,50,8,5
37,1,60,FrameTimeStutter,6.000,antimatter,practice,2026-08-31T17:32:23.9802087-04:00,3,1049,17.49536,16.1783,120.41,1400.45,11.000,1.000,-10.0093,9.1116,12.7023,Left,0,0,0,0,0.0000,100.000,0,0.000,0,127.500,71.914,4.500,0.0300,0.0000,-30.00,antimatter,60,450;300;200;100;50,2,6,1.5,2.5,100,-10,5,250,40,5,250,60,1,8,11,0,0.06,4,0.5,50,8,5
37,1,60,FrameTimeStutter,6.000,antimatter,practice,2026-08-31T17:32:23.9802087-04:00,3,1050,17.51254,17.1841,137.97,1401.71,14.000,1.000,-9.7534,9.1299,12.7023,Left,0,0,0,0,0.0000,100.000,0,0.000,0,127.500,71.914,4.500,0.0300,0.0000,-30.00,antimatter,60,450;300;200;100;50,2,6,1.5,2.5,100,-10,5,250,40,5,250,60,1,8,11,0,0.06,4,0.5,50,8,5
37,1,60,FrameTimeStutter,6.000,antimatter,practice,2026-08-31T17:32:23.9802087-04:00,3,1051,17.52869,16.1511,159.29,1401.71,17.000,0.000,-9.4425,9.1299,12.7023,Left,0,0,0,0,0.0000,100.000,0,0.000,0,127.500,71.914,4.500,0.0300,0.0000,-30.00,antimatter,60,450;300;200;100;50,2,6,1.5,2.5,100,-10,5,250,40,5,250,60,1,8,11,0,0.06,4,0.5,50,8,5
37,1,60,FrameTimeStutter,6.000,antimatter,practice,2026-08-31T17:32:23.9802087-04:00,3,1052,17.54570,17.0128,189.40,1402.96,24.000,1.000,-9.0037,9.1482,12.7023,Left,0,0,0,0,0.0000,100.000,0,0.000,0,127.500,71.914,4.500,0.0300,0.0000,-30.00,antimatter,60,450;300;200;100;50,2,6,1.5,2.5,100,-10,5,250,40,5,250,60,1,8,11,0,0.06,4,0.5,50,8,5
37,1,60,FrameTimeStutter,6.000,antimatter,practice,2026-08-31T17:32:23.9802087-04:00,3,1053,17.56265,16.9449,228.28,1405.47,31.000,2.000,-8.4368,9.1847,12.7023,Left,0,0,0,0,0.0000,100.000,0,0.000,0,127.500,71.914,4.500,0.0300,0.0000,-30.00,antimatter,60,450;300;200;100;50,2,6,1.5,2.5,100,-10,5,250,40,5,250,60,1,8,11,0,0.06,4,0.5,50,8,5
37,1,60,FrameTimeStutter,6.000,antimatter,practice,2026-08-31T17:32:23.9802087-04:00,3,1054,17.57960,16.9521,299.77,1407.98,57.000,2.000,-7.3946,9.2213,12.7023,Left,0,0,0,0,0.0000,100.000,0,0.000,0,127.500,71.914,4.500,0.0300,0.0000,-30.00,antimatter,60,450;300;200;100;50,2,6,1.5,2.5,100,-10,5,250,40,5,250,60,1,8,11,0,0.06,4,0.5,50,8,5
37,1,60,FrameTimeStutter,6.000,antimatter,practice,2026-08-31T17:32:23.9802087-04:00,3,1055,17.59623,16.6244,353.71,1411.74,43.000,3.000,-6.6084,9.2761,12.7023,Left,0,0,0,0,0.0000,100.000,0,0.000,0,127.500,71.914,4.500,0.0300,0.0000,-30.00,antimatter,60,450;300;200;100;50,2,6,1.5,2.5,100,-10,5,250,40,5,250,60,1,8,11,0,0.06,4,0.5,50,8,5
37,1,60,FrameTimeStutter,6.000,antimatter,practice,2026-08-31T17:32:23.9802087-04:00,3,1056,17.61253,16.3013,406.39,1416.76,42.000,4.000,-5.8404,9.3493,12.7023,Left,0,0,0,0,0.0000,100.000,0,0.000,0,127.500,71.914,4.500,0.0300,0.0000,-30.00,antimatter,60,450;300;200;100;50,2,6,1.5,2.5,100,-10,5,250,40,5,250,60,1,8,11,0,0.06,4,0.5,50,8,5
37,1,60,FrameTimeStutter,6.000,antimatter,practice,2026-08-31T17:32:23.9802087-04:00,3,1057,17.62860,16.0747,465.34,1424.28,47.000,6.000,-4.9810,9.4590,12.7023,Left,0,0,0,0,0.0000,100.000,0,0.000,0,127.500,71.914,4.500,0.0300,0.0000,-30.00,antimatter,60,450;300;200;100;50,2,6,1.5,2.5,100,-10,5,250,40,5,250,60,1,8,11,0,0.06,4,0.5,50,8,5
37,1,60,FrameTimeStutter,6.000,antimatter,practice,2026-08-31T17:32:23.9802087-04:00,3,1058,17.64560,16.9938,525.55,1430.55,48.000,5.000,-4.1033,9.5504,12.7023,Left,0,0,0,0,0.0000,100.000,0,0.000,0,127.500,71.914,4.500,0.0300,0.0000,-30.00,antimatter,60,450;300;200;100;50,2,6,1.5,2.5,100,-10,5,250,40,5,250,60,1,8,11,0,0.06,4,0.5,50,8,5
37,1,60,FrameTimeStutter,6.000,antimatter,practice,2026-08-31T17:32:23.9802087-04:00,3,1059,17.66234,16.7465,587.01,1435.57,49.000,4.000,-3.2073,9.6235,12.7023,Left,0,0,0,0,0.0000,100.000,0,0.000,0,127.500,71.914,4.500,0.0300,0.0000,-30.00,antimatter,60,450;300;200;100;50,2,6,1.5,2.5,100,-10,5,250,40,5,250,60,1,8,11,0,0.06,4,0.5,50,8,5
37,1,60,FrameTimeStutter,6.000,antimatter,practice,2026-08-31T17:32:23.9802087-04:00,3,1060,17.67928,16.9326,652.23,1440.59,52.000,5.000,-2.2565,9.7149,12.7023,Left,0,0,0,0,0.0000,100.000,0,0.000,0,127.500,71.914,4.500,0.0300,0.0000,-30.00,antimatter,60,450;300;200;100;50,2,6,1.5,2.5,100,-10,5,250,40,5,250,60,1,8,11,0,0.06,4,0.5,50,8,5
37,1,60,FrameTimeStutter,6.000,antimatter,practice,2026-08-31T17:32:23.9802087-04:00,3,1061,17.69534,16.0709,716.20,1440.59,51.000,4.000,-1.3239,9.7881,12.7023,Left,0,0,0,0,0.0000,100.000,0,0.000,0,127.500,71.914,4.500,0.0300,0.0000,-30.00,antimatter,60,450;300;200;100;50,2,6,1.5,2.5,100,-10,5,250,40,5,250,60,1,8,11,0,0.06,4,0.5,50,8,5
37,1,60,FrameTimeStutter,6.000,antimatter,practice,2026-08-31T17:32:23.9802087-04:00,3,1062,17.71207,16.7291,781.42,1440.59,52.000,3.000,-0.3731,9.8429,12.7023,Left,0,0,0,0,0.0000,100.000,0,0.000,0,127.500,71.914,4.500,0.0300,0.0000,-30.00,antimatter,60,450;300;200;100;50,2,6,1.5,2.5,100,-10,5,250,40,5,250,60,1,8,11,0,0.06,4,0.5,50,8,5
37,1,60,FrameTimeStutter,6.000,antimatter,practice,2026-08-31T17:32:23.9802087-04:00,3,1063,17.72868,16.6031,840.37,1440.59,47.000,2.000,0.4863,9.8795,12.7023,Left,0,0,0,0,0.0000,100.000,0,0.000,0,127.500,71.914,4.500,0.0300,0.0000,-30.00,antimatter,60,450;300;200;100;50,2,6,1.5,2.5,100,-10,5,250,40,5,250,60,1,8,11,0,0.06,4,0.5,50,8,5
37,1,60,FrameTimeStutter,6.000,antimatter,practice,2026-08-31T17:32:23.9802087-04:00,3,1064,17.74522,16.5466,896.82,1440.59,45.000,2.000,1.3091,9.9161,12.7023,Left,0,0,0,0,0.0000,100.000,0,0.000,0,127.500,71.914,4.500,0.0300,0.0000,-30.00,antimatter,60,450;300;200;100;50,2,6,1.5,2.5,100,-10,5,250,40,5,250,60,1,8,11,0,0.06,4,0.5,50,8,5
37,1,60,FrameTimeStutter,6.000,antimatter,practice,2026-08-31T17:32:23.9802087-04:00,3,1065,17.76220,16.9790,949.50,1440.59,42.000,1.000,2.0771,9.9343,12.7023,Left,0,0,0,0,0.0000,100.000,0,0.000,0,127.500,71.914,4.500,0.0300,0.0000,-30.00,antimatter,60,450;300;200;100;50,2,6,1.5,2.5,100,-10,5,250,40,5,250,60,1,8,11,0,0.06,4,0.5,50,8,5
37,1,60,FrameTimeStutter,6.000,antimatter,practice,2026-08-31T17:32:23.9802087-04:00,3,1066,17.77926,17.0547,997.16,1440.59,38.000,0.000,2.7720,9.9343,12.7023,Left,0,0,0,0,0.0000,100.000,0,0.000,0,127.500,71.914,4.500,0.0300,0.0000,-30.00,antimatter,60,450;300;200;100;50,2,6,1.5,2.5,100,-10,5,250,40,5,250,60,1,8,11,0,0.06,4,0.5,50,8,5
37,1,60,FrameTimeStutter,6.000,antimatter,practice,2026-08-31T17:32:23.9802087-04:00,3,1067,17.79610,16.8464,1063.64,1440.59,53.000,0.000,3.7411,9.9343,12.7023,Left,0,0,0,0,0.0000,100.000,0,0.000,0,127.500,71.914,4.500,0.0300,0.0000,-30.00,antimatter,60,450;300;200;100;50,2,6,1.5,2.5,100,-10,5,250,40,5,250,60,1,8,11,0,0.06,4,0.5,50,8,5
37,1,60,FrameTimeStutter,6.000,antimatter,practice,2026-08-31T17:32:23.9802087-04:00,3,1068,17.81266,16.5529,1106.28,1440.59,34.000,0.000,4.3628,9.9343,12.7023,Left,0,0,0,0,0.0000,100.000,0,0.000,0,127.500,71.914,4.500,0.0300,0.0000,-30.00,antimatter,60,450;300;200;100;50,2,6,1.5,2.5,100,-10,5,250,40,5,250,60,1,8,11,0,0.06,4,0.5,50,8,5
37,1,60,FrameTimeStutter,6.000,antimatter,practice,2026-08-31T17:32:23.9802087-04:00,3,1069,17.82866,16.0074,1146.42,1440.59,32.000,0.000,4.9479,9.9343,12.7023,Left,0,0,0,0,0.0000,100.000,0,0.000,0,127.500,71.914,4.500,0.0300,0.0000,-30.00,antimatter,60,450;300;200;100;50,2,6,1.5,2.5,100,-10,5,250,40,5,250,60,1,8,11,0,0.06,4,0.5,50,8,5
37,1,60,FrameTimeStutter,6.000,antimatter,practice,2026-08-31T17:32:23.9802087-04:00,3,1070,17.84539,16.7276,1186.56,1440.59,32.000,0.000,5.5331,9.9343,12.7023,Left,0,0,0,0,0.0000,100.000,0,0.000,0,127.500,71.914,4.500,0.0300,0.0000,-30.00,antimatter,60,450;300;200;100;50,2,6,1.5,2.5,100,-10,5,250,40,5,250,60,1,8,11,0,0.06,4,0.5,50,8,5
37,1,60,FrameTimeStutter,6.000,antimatter,practice,2026-08-31T17:32:23.9802087-04:00,3,1071,17.86211,16.7215,1225.44,1440.59,31.000,0.000,6.0999,9.9343,12.7023,Left,0,0,0,0,0.0000,100.000,0,0.000,0,127.500,71.914,4.500,0.0300,0.0000,-30.00,antimatter,60,450;300;200;100;50,2,6,1.5,2.5,100,-10,5,250,40,5,250,60,1,8,11,0,0.06,4,0.5,50,8,5
37,1,60,FrameTimeStutter,6.000,antimatter,practice,2026-08-31T17:32:23.9802087-04:00,3,1072,17.87918,17.0656,1264.32,1440.59,31.000,0.000,6.6667,9.9343,12.7023,Left,0,0,0,0,0.0000,100.000,0,0.000,0,127.500,71.914,4.500,0.0300,0.0000,-30.00,antimatter,60,450;300;200;100;50,2,6,1.5,2.5,100,-10,5,250,40,5,250,60,1,8,11,0,0.06,4,0.5,50,8,5
37,1,60,FrameTimeStutter,6.000,antimatter,practice,2026-08-31T17:32:23.9802087-04:00,3,1073,17.89565,16.4744,1304.46,1440.59,32.000,0.000,7.2518,9.9343,12.7023,Left,0,0,0,0,0.0000,100.000,0,0.000,0,127.500,71.914,4.500,0.0300,0.0000,-30.00,antimatter,60,450;300;200;100;50,2,6,1.5,2.5,100,-10,5,250,40,5,250,60,1,8,11,0,0.06,4,0.5,50,8,5
37,1,60,FrameTimeStutter,6.000,antimatter,practice,2026-08-31T17:32:23.9802087-04:00,3,1074,17.91208,16.4308,1342.09,1440.59,30.000,0.000,7.8004,9.9343,12.7023,Left,0,0,0,0,0.0000,100.000,0,0.000,0,127.500,71.914,4.500,0.0300,0.0000,-30.00,antimatter,60,450;300;200;100;50,2,6,1.5,2.5,100,-10,5,250,40,5,250,60,1,8,11,0,0.06,4,0.5,50,8,5
37,1,60,FrameTimeStutter,6.000,antimatter,practice,2026-08-31T17:32:23.9802087-04:00,3,1075,17.92847,16.3868,1379.72,1440.59,30.000,0.000,8.3490,9.9343,12.7023,Left,0,0,0,0,0.0000,100.000,0,0.000,0,127.500,71.914,4.500,0.0300,0.0000,-30.00,antimatter,60,450;300;200;100;50,2,6,1.5,2.5,100,-10,5,250,40,5,250,60,1,8,11,0,0.06,4,0.5,50,8,5
37,1,60,FrameTimeStutter,6.000,antimatter,practice,2026-08-31T17:32:23.9802087-04:00,3,1076,17.94585,17.3771,1413.58,1440.59,27.000,0.000,8.8426,9.9343,12.7023,Left,0,0,0,0,0.0000,100.000,0,0.000,0,127.500,71.914,4.500,0.0300,0.0000,-30.00,antimatter,60,450;300;200;100;50,2,6,1.5,2.5,100,-10,5,250,40,5,250,60,1,8,11,0,0.06,4,0.5,50,8,5
37,1,60,FrameTimeStutter,6.000,antimatter,practice,2026-08-31T17:32:23.9802087-04:00,3,1077,17.96194,16.0899,1451.21,1440.59,30.000,0.000,9.3912,9.9343,12.7023,Left,0,0,0,0,0.0000,100.000,0,0.000,0,127.500,71.914,4.500,0.0300,0.0000,-30.00,antimatter,60,450;300;200;100;50,2,6,1.5,2.5,100,-10,5,250,40,5,250,60,1,8,11,0,0.06,4,0.5,50,8,5
37,1,60,FrameTimeStutter,6.000,antimatter,practice,2026-08-31T17:32:23.9802087-04:00,3,1078,17.97876,16.8222,1488.84,1440.59,30.000,0.000,9.9397,9.9343,12.7023,Left,0,0,0,0,0.0000,100.000,0,0.000,0,127.500,71.914,4.500,0.0300,0.0000,-30.00,antimatter,60,450;300;200;100;50,2,6,1.5,2.5,100,-10,5,250,40,5,250,60,1,8,11,0,0.06,4,0.5,50,8,5
37,1,60,FrameTimeStutter,6.000,antimatter,practice,2026-08-31T17:32:23.9802087-04:00,3,1079,17.99516,16.3995,1526.47,1440.59,30.000,0.000,10.4883,9.9343,12.7023,Left,0,0,0,0,0.0000,100.000,0,0.000,0,127.500,71.914,4.500,0.0300,0.0000,-30.00,antimatter,60,450;300;200;100;50,2,6,1.5,2.5,100,-10,5,250,40,5,250,60,1,8,11,0,0.06,4,0.5,50,8,5
37,1,60,FrameTimeStutter,6.000,antimatter,practice,2026-08-31T17:32:23.9802087-04:00,3,1080,18.01242,17.2603,1585.42,1440.59,47.000,0.000,11.3477,9.9343,12.7023,Left,0,0,0,0,0.0000,100.000,0,0.000,0,127.500,71.914,4.500,0.0300,0.0000,-30.00,antimatter,60,450;300;200;100;50,2,6,1.5,2.5,100,-10,5,250,40,5,250,60,1,8,11,0,0.06,4,0.5,50,8,5
37,1,60,FrameTimeStutter,6.000,antimatter,practice,2026-08-31T17:32:23.9802087-04:00,3,1081,18.02878,16.3576,1623.05,1440.59,30.000,0.000,11.8963,9.9343,12.7023,Left,0,0,0,0,0.0000,100.000,0,0.000,0,127.500,71.914,4.500,0.0300,0.0000,-30.00,antimatter,60,450;300;200;100;50,2,6,1.5,2.5,100,-10,5,250,40,5,250,60,1,8,11,0,0.06,4,0.5,50,8,5
37,1,60,FrameTimeStutter,6.000,antimatter,practice,2026-08-31T17:32:23.9802087-04:00,3,1082,18.04514,16.3590,1658.17,1440.59,28.000,0.000,12.4083,9.9343,12.7023,Left,0,0,0,0,0.0000,100.000,0,0.000,0,127.500,71.914,4.500,0.0300,0.0000,-30.00,antimatter,60,450;300;200;100;50,2,6,1.5,2.5,100,-10,5,250,40,5,250,60,1,8,11,0,0.06,4,0.5,50,8,5
37,1,60,FrameTimeStutter,6.000,antimatter,practice,2026-08-31T17:32:23.9802087-04:00,3,1083,18.06208,16.9408,1692.03,1440.59,27.000,0.000,12.9019,9.9343,12.7023,Left,0,0,0,0,0.0000,100.000,0,0.000,0,127.500,71.914,4.500,0.0300,0.0000,-30.00,antimatter,60,450;300;200;100;50,2,6,1.5,2.5,100,-10,5,250,40,5,250,60,1,8,11,0,0.06,4,0.5,50,8,5
37,1,60,FrameTimeStutter,6.000,antimatter,practice,2026-08-31T17:32:23.9802087-04:00,3,1084,18.07922,17.1386,1725.90,1440.59,27.000,0.000,13.3956,9.9343,12.7023,Left,0,0,0,0,0.0000,100.000,0,0.000,0,127.500,71.914,4.500,0.0300,0.0000,-30.00,antimatter,60,450;300;200;100;50,2,6,1.5,2.5,100,-10,5,250,40,5,250,60,1,8,11,0,0.06,4,0.5,50,8,5
37,1,60,FrameTimeStutter,6.000,antimatter,practice,2026-08-31T17:32:23.9802087-04:00,3,1085,18.09545,16.2290,1762.27,1440.59,29.000,0.000,13.9259,9.9343,12.7023,Right,0,0,0,0,0.0000,100.000,0,0.000,0,127.500,71.914,4.500,0.0300,0.0000,-30.00,antimatter,60,450;300;200;100;50,2,6,1.5,2.5,100,-10,5,250,40,5,250,60,1,8,11,0,0.06,4,0.5,50,8,5
37,1,60,FrameTimeStutter,6.000,antimatter,practice,2026-08-31T17:32:23.9802087-04:00,3,1086,18.11191,16.4654,1797.39,1439.33,28.000,-1.000,14.4379,9.9160,12.7023,Right,0,0,0,0,0.0000,100.000,0,0.000,0,127.500,71.914,4.500,0.0300,0.0000,-30.00,antimatter,60,450;300;200;100;50,2,6,1.5,2.5,100,-10,5,250,40,5,250,60,1,8,11,0,0.06,4,0.5,50,8,5
37,1,60,FrameTimeStutter,6.000,antimatter,practice,2026-08-31T17:32:23.9802087-04:00,3,1087,18.12951,17.6016,1833.77,1438.08,29.000,-1.000,14.9681,9.8977,12.7023,Right,0,0,0,0,0.0000,100.000,0,0.000,0,127.500,71.914,4.500,0.0300,0.0000,-30.00,antimatter,60,450;300;200;100;50,2,6,1.5,2.5,100,-10,5,250,40,5,250,60,1,8,11,0,0.06,4,0.5,50,8,5
37,1,60,FrameTimeStutter,6.000,antimatter,practice,2026-08-31T17:32:23.9802087-04:00,3,1088,18.14558,16.0684,1870.14,1436.83,29.000,-1.000,15.4984,9.8795,12.7023,Right,0,0,0,0,0.0000,100.000,0,0.000,0,127.500,71.914,4.500,0.0300,0.0000,-30.00,antimatter,60,450;300;200;100;50,2,6,1.5,2.5,100,-10,5,250,40,5,250,60,1,8,11,0,0.06,4,0.5,50,8,5
37,1,60,FrameTimeStutter,6.000,antimatter,practice,2026-08-31T17:32:23.9802087-04:00,3,1089,18.16202,16.4412,1907.77,1435.57,30.000,-1.000,16.0469,9.8612,12.7023,Right,0,0,0,0,0.0000,100.000,0,0.000,0,127.500,71.914,4.500,0.0300,0.0000,-30.00,antimatter,60,450;300;200;100;50,2,6,1.5,2.5,100,-10,5,250,40,5,250,60,1,8,11,0,0.06,4,0.5,50,8,5
37,1,60,FrameTimeStutter,6.000,antimatter,practice,2026-08-31T17:32:23.9802087-04:00,3,1090,18.17860,16.5811,1942.89,1434.32,28.000,-1.000,16.5589,9.8429,12.7023,Right,0,0,0,0,0.0000,100.000,0,0.000,0,127.500,71.914,4.500,0.0300,0.0000,-30.00,antimatter,60,450;300;200;100;50,2,6,1.5,2.5,100,-10,5,250,40,5,250,60,1,8,11,0,0.06,4,0.5,50,8,5
37,1,60,FrameTimeStutter,6.000,antimatter,practice,2026-08-31T17:32:23.9802087-04:00,3,1091,18.19626,17.6613,1995.57,1434.32,42.000,0.000,17.3269,9.8429,12.7023,Right,0,0,0,0,0.0000,100.000,0,0.000,0,127.500,71.914,4.500,0.0300,0.0000,-30.00,antimatter,60,450;300;200;100;50,2,6,1.5,2.5,100,-10,5,250,40,5,250,60,1,8,11,0,0.06,4,0.5,50,8,5
37,1,60,FrameTimeStutter,6.000,antimatter,practice,2026-08-31T17:32:23.9802087-04:00,3,1092,18.21253,16.2650,2030.69,1434.32,28.000,0.000,17.8388,9.8429,12.7023,Right,0,0,0,0,0.0000,100.000,0,0.000,0,127.500,71.914,4.500,0.0300,0.0000,-30.00,antimatter,60,450;300;200;100;50,2,6,1.5,2.5,100,-10,5,250,40,5,250,60,1,8,11,0,0.06,4,0.5,50,8,5
37,1,60,FrameTimeStutter,6.000,antimatter,practice,2026-08-31T17:32:23.9802087-04:00,3,1093,18.22900,16.4661,2068.32,1433.06,30.000,-1.000,18.3874,9.8246,12.7023,Right,0,0,0,0,0.0000,100.000,0,0.000,0,127.500,71.914,4.500,0.0300,0.0000,-30.00,antimatter,60,450;300;200;100;50,2,6,1.5,2.5,100,-10,5,250,40,5,250,60,1,8,11,0,0.06,4,0.5,50,8,5
37,1,60,FrameTimeStutter,6.000,antimatter,practice,2026-08-31T17:32:23.9802087-04:00,3,1094,18.24603,17.0346,2112.22,1433.06,35.000,0.000,19.0274,9.8246,12.7023,Right,0,0,0,0,0.0000,100.000,0,0.000,0,127.500,71.914,4.500,0.0300,0.0000,-30.00,antimatter,60,450;300;200;100;50,2,6,1.5,2.5,100,-10,5,250,40,5,250,60,1,8,11,0,0.06,4,0.5,50,8,5
37,1,60,FrameTimeStutter,6.000,antimatter,practice,2026-08-31T17:32:23.9802087-04:00,3,1095,18.26237,16.3451,2166.15,1431.81,43.000,-1.000,19.8136,9.8063,12.7023,Right,0,0,0,0,0.0000,100.000,0,0.000,0,127.500,71.914,4.500,0.0300,0.0000,-30.00,antimatter,60,450;300;200;100;50,2,6,1.5,2.5,100,-10,5,250,40,5,250,60,1,8,11,0,0.06,4,0.5,50,8,5
37,1,60,FrameTimeStutter,6.000,antimatter,practice,2026-08-31T17:32:23.9802087-04:00,3,1096,18.27852,16.1435,2221.34,1430.55,44.000,-1.000,20.6182,9.7880,12.7023,Right,0,0,0,0,0.0000,100.000,0,0.000,0,127.500,71.914,4.500,0.0300,0.0000,-30.00,antimatter,60,450;300;200;100;50,2,6,1.5,2.5,100,-10,5,250,40,5,250,60,1,8,11,0,0.06,4,0.5,50,8,5
37,1,60,FrameTimeStutter,6.000,antimatter,practice,2026-08-31T17:32:23.9802087-04:00,3,1097,18.29545,16.9302,2279.04,1429.30,46.000,-1.000,21.4593,9.7697,12.7023,Right,0,0,0,0,0.0000,100.000,0,0.000,0,127.500,71.914,4.500,0.0300,0.0000,-30.00,antimatter,60,450;300;200;100;50,2,6,1.5,2.5,100,-10,5,250,40,5,250,60,1,8,11,0,0.06,4,0.5,50,8,5
37,1,60,FrameTimeStutter,6.000,antimatter,practice,2026-08-31T17:32:23.9802087-04:00,3,1098,18.31220,16.7535,2332.97,1428.05,43.000,-1.000,22.2455,9.7515,12.7023,Right,0,0,0,0,0.0000,100.000,0,0.000,0,127.500,71.914,4.500,0.0300,0.0000,-30.00,antimatter,60,450;300;200;100;50,2,6,1.5,2.5,100,-10,5,250,40,5,250,60,1,8,11,0,0.06,4,0.5,50,8,5
37,1,60,FrameTimeStutter,6.000,antimatter,practice,2026-08-31T17:32:23.9802087-04:00,3,1099,18.32937,17.1719,2381.89,1426.79,39.000,-1.000,22.9586,9.7332,12.7023,Right,0,0,0,0,0.0000,100.000,0,0.000,0,127.500,71.914,4.500,0.0300,0.0000,-30.00,antimatter,60,450;300;200;100;50,2,6,1.5,2.5,100,-10,5,250,40,5,250,60,1,8,11,0,0.06,4,0.5,50,8,5
37,1,60,FrameTimeStutter,6.000,antimatter,practice,2026-08-31T17:32:23.9802087-04:00,3,1100,18.34607,16.6902,2429.55,1425.54,38.000,-1.000,23.6535,9.7149,12.7023,Right,0,0,0,0,0.0000,100.000,0,0.000,0,127.500,71.914,4.500,0.0300,0.0000,-30.00,antimatter,60,450;300;200;100;50,2,6,1.5,2.5,100,-10,5,250,40,5,250,60,1,8,11,0,0.06,4,0.5,50,8,5
37,1,60,FrameTimeStutter,6.000,antimatter,practice,2026-08-31T17:32:23.9802087-04:00,3,1101,18.36264,16.5791,2470.95,1424.28,33.000,-1.000,24.2569,9.6966,12.7023,Right,0,0,0,0,0.0000,100.000,0,0.000,0,127.500,71.914,4.500,0.0300,0.0000,-30.00,antimatter,60,450;300;200;100;50,2,6,1.5,2.5,100,-10,5,250,40,5,250,60,1,8,11,0,0.06,4,0.5,50,8,5
37,1,60,FrameTimeStutter,6.000,antimatter,practice,2026-08-31T17:32:23.9802087-04:00,3,1102,18.37881,16.1626,2503.56,1423.03,26.000,-1.000,24.7323,9.6783,12.7023,Right,0,0,0,0,0.0000,100.000,0,0.000,0,127.500,71.914,4.500,0.0300,0.0000,-30.00,antimatter,60,450;300;200;100;50,2,6,1.5,2.5,100,-10,5,250,40,5,250,60,1,8,11,0,0.06,4,0.5,50,8,5
37,1,60,FrameTimeStutter,6.000,antimatter,practice,2026-08-31T17:32:23.9802087-04:00,3,1103,18.39617,17.3609,2537.42,1423.03,27.000,0.000,25.2260,9.6783,12.7023,Right,0,0,0,0,0.0000,100.000,0,0.000,0,127.500,71.914,4.500,0.0300,0.0000,-30.00,antimatter,60,450;300;200;100;50,2,6,1.5,2.5,100,-10,5,250,40,5,250,60,1,8,11,0,0.06,4,0.5,50,8,5
37,1,60,FrameTimeStutter,6.000,antimatter,practice,2026-08-31T17:32:23.9802087-04:00,3,1104,18.41221,16.0462,2549.97,1423.03,10.000,0.000,25.4089,9.6783,12.7023,Right,0,0,0,0,0.0000,100.000,0,0.000,0,127.500,71.914,4.500,0.0300,0.0000,-30.00,antimatter,60,450;300;200;100;50,2,6,1.5,2.5,100,-10,5,250,40,5,250,60,1,8,11,0,0.06,4,0.5,50,8,5
37,1,60,FrameTimeStutter,6.000,antimatter,practice,2026-08-31T17:32:23.9802087-04:00,3,1105,18.42880,16.5854,2556.24,1423.03,5.000,0.000,25.5003,9.6783,12.7023,Right,0,0,0,0,0.0000,100.000,0,0.000,0,127.500,71.914,4.500,0.0300,0.0000,-30.00,antimatter,60,450;300;200;100;50,2,6,1.5,2.5,100,-10,5,250,40,5,250,60,1,8,11,0,0.06,4,0.5,50,8,5
37,1,60,FrameTimeStutter,6.000,antimatter,practice,2026-08-31T17:32:23.9802087-04:00,3,1106,18.44527,16.4760,2557.49,1421.77,1.000,-1.000,25.5185,9.6600,12.7023,Right,0,0,0,0,0.0000,100.000,0,0.000,0,127.500,71.914,4.500,0.0300,0.0000,-30.00,antimatter,60,450;300;200;100;50,2,6,1.5,2.5,100,-10,5,250,40,5,250,60,1,8,11,0,0.06,4,0.5,50,8,5
37,1,60,FrameTimeStutter,6.000,antimatter,practice,2026-08-31T17:32:23.9802087-04:00,3,1107,18.46206,16.7877,2557.49,1421.77,0.000,0.000,25.5185,9.6600,12.7023,Right,0,0,0,0,0.0000,100.000,0,0.000,0,127.500,71.914,4.500,0.0300,0.0000,-30.00,antimatter,60,450;300;200;100;50,2,6,1.5,2.5,100,-10,5,250,40,5,250,60,1,8,11,0,0.06,4,0.5,50,8,5
37,1,60,FrameTimeStutter,6.000,antimatter,practice,2026-08-31T17:32:23.9802087-04:00,3,1108,18.47866,16.5978,2557.49,1421.77,0.000,0.000,25.5185,9.6600,12.7023,Right,0,0,0,0,0.0000,100.000,0,0.000,0,127.500,71.914,4.500,0.0300,0.0000,-30.00,antimatter,60,450;300;200;100;50,2,6,1.5,2.5,100,-10,5,250,40,5,250,60,1,8,11,0,0.06,4,0.5,50,8,5
37,1,60,FrameTimeStutter,6.000,antimatter,practice,2026-08-31T17:32:23.9802087-04:00,3,1109,18.49533,16.6686,2557.49,1421.77,0.000,0.000,25.5185,9.6600,12.7023,Right,0,0,0,0,0.0000,100.000,0,0.000,0,127.500,71.914,4.500,0.0300,0.0000,-30.00,antimatter,60,450;300;200;100;50,2,6,1.5,2.5,100,-10,5,250,40,5,250,60,1,8,11,0,0.06,4,0.5,50,8,5
37,1,60,FrameTimeStutter,6.000,antimatter,practice,2026-08-31T17:32:23.9802087-04:00,3,1110,18.51279,17.4570,2557.49,1421.77,0.000,0.000,25.5185,9.6600,12.7023,Right,0,0,0,0,0.0000,100.000,0,0.000,0,127.500,71.914,4.500,0.0300,0.0000,-30.00,antimatter,60,450;300;200;100;50,2,6,1.5,2.5,100,-10,5,250,40,5,250,60,1,8,11,0,0.06,4,0.5,50,8,5
37,1,60,FrameTimeStutter,6.000,antimatter,practice,2026-08-31T17:32:23.9802087-04:00,3,1111,18.52942,16.6315,2553.73,1421.77,-3.000,0.000,25.4636,9.6600,12.7023,Right,0,0,0,0,0.0000,100.000,0,0.000,0,127.500,71.914,4.500,0.0300,0.0000,-30.00,antimatter,60,450;300;200;100;50,2,6,1.5,2.5,100,-10,5,250,40,5,250,60,1,8,11,0,0.06,4,0.5,50,8,5
37,1,60,FrameTimeStutter,6.000,antimatter,practice,2026-08-31T17:32:23.9802087-04:00,3,1112,18.54639,16.9762,2539.93,1421.77,-11.000,0.000,25.2625,9.6600,12.7023,Right,0,0,0,0,0.0000,100.000,0,0.000,0,127.500,71.914,4.500,0.0300,0.0000,-30.00,antimatter,60,450;300;200;100;50,2,6,1.5,2.5,100,-10,5,250,40,5,250,60,1,8,11,0,0.06,4,0.5,50,8,5
37,1,60,FrameTimeStutter,6.000,antimatter,practice,2026-08-31T17:32:23.9802087-04:00,3,1113,18.56281,16.4178,2516.10,1420.52,-19.000,-1.000,24.9151,9.6417,12.7023,Right,0,0,0,0,0.0000,100.000,0,0.000,0,127.500,71.914,4.500,0.0300,0.0000,-30.00,antimatter,60,450;300;200;100;50,2,6,1.5,2.5,100,-10,5,250,40,5,250,60,1,8,11,0,0.06,4,0.5,50,8,5
37,1,60,FrameTimeStutter,6.000,antimatter,practice,2026-08-31T17:32:23.9802087-04:00,3,1114,18.57859,15.7836,2483.49,1419.27,-26.000,-1.000,24.4397,9.6234,12.7023,Right,0,0,0,0,0.0000,100.000,0,0.000,0,127.500,71.914,4.500,0.0300,0.0000,-30.00,antimatter,60,450;300;200;100;50,2,6,1.5,2.5,100,-10,5,250,40,5,250,60,1,8,11,0,0.06,4,0.5,50,8,5
37,1,60,FrameTimeStutter,6.000,antimatter,practice,2026-08-31T17:32:23.9802087-04:00,3,1115,18.59591,17.3131,2419.52,1419.27,-51.000,0.000,23.5071,9.6234,12.7023,Right,0,0,0,0,0.0000,100.000,0,0.000,0,127.500,71.914,4.500,0.0300,0.0000,-30.00,antimatter,60,450;300;200;100;50,2,6,1.5,2.5,100,-10,5,250,40,5,250,60,1,8,11,0,0.06,4,0.5,50,8,5
37,1,60,FrameTimeStutter,6.000,antimatter,practice,2026-08-31T17:32:23.9802087-04:00,3,1116,18.61236,16.4495,2356.81,1421.77,-50.000,2.000,22.5929,9.6600,12.7023,Right,0,0,0,0,0.0000,100.000,0,0.000,0,127.500,71.914,4.500,0.0300,0.0000,-30.00,antimatter,60,450;300;200;100;50,2,6,1.5,2.5,100,-10,5,250,40,5,250,60,1,8,11,0,0.06,4,0.5,50,8,5
37,1,60,FrameTimeStutter,6.000,antimatter,practice,2026-08-31T17:32:23.9802087-04:00,3,1117,18.62863,16.2750,2277.79,1423.03,-63.000,1.000,21.4409,9.6783,12.7023,Right,0,0,0,0,0.0000,100.000,0,0.000,0,127.500,71.914,4.500,0.0300,0.0000,-30.00,antimatter,60,450;300;200;100;50,2,6,1.5,2.5,100,-10,5,250,40,5,250,60,1,8,11,0,0.06,4,0.5,50,8,5
37,1,60,FrameTimeStutter,6.000,antimatter,practice,2026-08-31T17:32:23.9802087-04:00,3,1118,18.64542,16.7829,2187.48,1425.54,-72.000,2.000,20.1244,9.7148,12.7023,Right,0,0,0,0,0.0000,100.000,0,0.000,0,127.500,71.914,4.500,0.0300,0.0000,-30.00,antimatter,60,450;300;200;100;50,2,6,1.5,2.5,100,-10,5,250,40,5,250,60,1,8,11,0,0.06,4,0.5,50,8,5
37,1,60,FrameTimeStutter,6.000,antimatter,practice,2026-08-31T17:32:23.9802087-04:00,3,1119,18.66234,16.9249,2080.86,1428.05,-85.000,2.000,18.5701,9.7514,12.7023,Right,0,0,0,0,0.0000,100.000,0,0.000,0,127.500,71.914,4.500,0.0300,0.0000,-30.00,antimatter,60,450;300;200;100;50,2,6,1.5,2.5,100,-10,5,250,40,5,250,60,1,8,11,0,0.06,4,0.5,50,8,5
37,1,60,FrameTimeStutter,6.000,antimatter,practice,2026-08-31T17:32:23.9802087-04:00,3,1120,18.67942,17.0813,1976.76,1431.81,-83.000,3.000,17.0524,9.8063,12.7023,Right,0,0,0,0,0.0000,100.000,0,0.000,0,127.500,71.914,4.500,0.0300,0.0000,-30.00,antimatter,60,450;300;200;100;50,2,6,1.5,2.5,100,-10,5,250,40,5,250,60,1,8,11,0,0.06,4,0.5,50,8,5
37,1,60,FrameTimeStutter,6.000,antimatter,practice,2026-08-31T17:32:23.9802087-04:00,3,1121,18.69541,15.9861,1873.91,1435.57,-82.000,3.000,15.5530,9.8611,12.7023,Right,0,0,0,0,0.0000,100.000,0,0.000,0,127.500,71.914,4.500,0.0300,0.0000,-30.00,antimatter,60,450;300;200;100;50,2,6,1.5,2.5,100,-10,5,250,40,5,250,60,1,8,11,0,0.06,4,0.5,50,8,5
37,1,60,FrameTimeStutter,6.000,antimatter,practice,2026-08-31T17:32:23.9802087-04:00,3,1122,18.71187,16.4602,1769.80,1439.33,-83.000,3.000,14.0353,9.9160,12.7023,Right,0,0,0,0,0.0000,100.000,0,0.000,0,127.500,71.914,4.500,0.0300,0.0000,-30.00,antimatter,60,450;300;200;100;50,2,6,1.5,2.5,100,-10,5,250,40,5,250,60,1,8,11,0,0.06,4,0.5,50,8,5
37,1,60,FrameTimeStutter,6.000,antimatter,practice,2026-08-31T17:32:23.9802087-04:00,3,1123,18.72919,17.3207,1665.69,1440.59,-83.000,2.000,12.5176,9.9525,12.7023,Right,0,0,0,0,0.0000,100.000,0,0.000,0,127.500,71.914,4.500,0.0300,0.0000,-30.00,antimatter,60,450;300;200;100;50,2,6,1.5,2.5,100,-10,5,250,40,5,250,60,1,8,11,0,0.06,4,0.5,50,8,5
37,1,60,FrameTimeStutter,6.000,antimatter,practice,2026-08-31T17:32:23.9802087-04:00,3,1124,18.74553,16.3378,1567.86,1440.59,-78.000,2.000,11.0914,9.9891,12.7023,Right,0,0,0,0,0.0000,100.000,0,0.000,0,127.500,71.914,4.500,0.0300,0.0000,-30.00,antimatter,60,450;300;200;100;50,2,6,1.5,2.5,100,-10,5,250,40,5,250,60,1,8,11,0,0.06,4,0.5,50,8,5
37,1,60,FrameTimeStutter,6.000,antimatter,practice,2026-08-31T17:32:23.9802087-04:00,3,1125,18.76214,16.6158,1488.84,1440.59,-63.000,2.000,9.9394,10.0256,12.7023,Left,0,0,0,0,0.0000,100.000,0,0.000,0,127.500,71.914,4.500,0.0300,0.0000,-30.00,antimatter,60,450;300;200;100;50,2,6,1.5,2.5,100,-10,5,250,40,5,250,60,1,8,11,0,0.06,4,0.5,50,8,5
37,1,60,FrameTimeStutter,6.000,antimatter,practice,2026-08-31T17:32:23.9802087-04:00,3,1126,18.77865,16.5122,1414.84,1440.59,-59.000,1.000,8.8606,10.0439,12.7023,Left,0,0,0,0,0.0000,100.000,0,0.000,0,127.500,71.914,4.500,0.0300,0.0000,-30.00,antimatter,60,450;300;200;100;50,2,6,1.5,2.5,100,-10,5,250,40,5,250,60,1,8,11,0,0.06,4,0.5,50,8,5
37,1,60,FrameTimeStutter,6.000,antimatter,practice,2026-08-31T17:32:23.9802087-04:00,3,1127,18.79602,17.3642,1322.02,1440.59,-74.000,1.000,7.5075,10.0622,12.7023,Left,0,0,0,0,0.0000,100.000,0,0.000,0,127.500,71.914,4.500,0.0300,0.0000,-30.00,antimatter,60,450;300;200;100;50,2,6,1.5,2.5,100,-10,5,250,40,5,250,60,1,8,11,0,0.06,4,0.5,50,8,5
37,1,60,FrameTimeStutter,6.000,antimatter,practice,2026-08-31T17:32:23.9802087-04:00,3,1128,18.81276,16.7372,1273.10,1440.59,-39.000,0.000,6.7943,10.0622,12.7023,Left,0,0,0,0,0.0000,100.000,0,0.000,0,127.500,71.914,4.500,0.0300,0.0000,-30.00,antimatter,60,450;300;200;100;50,2,6,1.5,2.5,100,-10,5,250,40,5,250,60,1,8,11,0,0.06,4,0.5,50,8,5
37,1,60,FrameTimeStutter,6.000,antimatter,practice,2026-08-31T17:32:23.9802087-04:00,3,1129,18.82900,16.2442,1225.44,1440.59,-38.000,0.000,6.0995,10.0622,12.7023,Left,0,0,0,0,0.0000,100.000,0,0.000,0,127.500,71.914,4.500,0.0300,0.0000,-30.00,antimatter,60,450;300;200;100;50,2,6,1.5,2.5,100,-10,5,250,40,5,250,60,1,8,11,0,0.06,4,0.5,50,8,5
37,1,60,FrameTimeStutter,6.000,antimatter,practice,2026-08-31T17:32:23.9802087-04:00,3,1130,18.84532,16.3180,1179.03,1440.59,-37.000,0.000,5.4229,10.0622,12.7023,Left,0,0,0,0,0.0000,100.000,0,0.000,0,127.500,71.914,4.500,0.0300,0.0000,-30.00,antimatter,60,450;300;200;100;50,2,6,1.5,2.5,100,-10,5,250,40,5,250,60,1,8,11,0,0.06,4,0.5,50,8,5
37,1,60,FrameTimeStutter,6.000,antimatter,practice,2026-08-31T17:32:23.9802087-04:00,3,1131,18.86195,16.6296,1132.62,1440.59,-37.000,0.000,4.7464,10.0622,12.7023,Left,0,0,0,0,0.0000,100.000,0,0.000,0,127.500,71.914,4.500,0.0300,0.0000,-30.00,antimatter,60,450;300;200;100;50,2,6,1.5,2.5,100,-10,5,250,40,5,250,60,1,8,11,0,0.06,4,0.5,50,8,5
37,1,60,FrameTimeStutter,6.000,antimatter,practice,2026-08-31T17:32:23.9802087-04:00,3,1132,18.87924,17.2885,1083.70,1440.59,-39.000,0.000,4.0333,10.0622,12.7023,Left,0,0,0,0,0.0000,100.000,0,0.000,0,127.500,71.914,4.500,0.0300,0.0000,-30.00,antimatter,60,450;300;200;100;50,2,6,1.5,2.5,100,-10,5,250,40,5,250,60,1,8,11,0,0.06,4,0.5,50,8,5
37,1,60,FrameTimeStutter,6.000,antimatter,practice,2026-08-31T17:32:23.9802087-04:00,3,1133,18.89591,16.6728,1028.52,1440.59,-44.000,0.000,3.2287,10.0622,12.7023,Left,0,0,0,0,0.0000,100.000,0,0.000,0,127.500,71.914,4.500,0.0300,0.0000,-30.00,antimatter,60,450;300;200;100;50,2,6,1.5,2.5,100,-10,5,250,40,5,250,60,1,8,11,0,0.06,4,0.5,50,8,5
37,1,60,FrameTimeStutter,6.000,antimatter,practice,2026-08-31T17:32:23.9802087-04:00,3,1134,18.91202,16.1118,970.82,1440.59,-46.000,0.000,2.3876,10.0622,12.7023,Left,0,0,0,0,0.0000,100.000,0,0.000,0,127.500,71.914,4.500,0.0300,0.0000,-30.00,antimatter,60,450;300;200;100;50,2,6,1.5,2.5,100,-10,5,250,40,5,250,60,1,8,11,0,0.06,4,0.5,50,8,5
37,1,60,FrameTimeStutter,6.000,antimatter,practice,2026-08-31T17:32:23.9802087-04:00,3,1135,18.92860,16.5770,914.38,1440.59,-45.000,0.000,1.5647,10.0622,12.7023,Left,0,0,0,0,0.0000,100.000,0,0.000,0,127.500,71.914,4.500,0.0300,0.0000,-30.00,antimatter,60,450;300;200;100;50,2,6,1.5,2.5,100,-10,5,250,40,5,250,60,1,8,11,0,0.06,4,0.5,50,8,5
37,1,60,FrameTimeStutter,6.000,antimatter,practice,2026-08-31T17:32:23.9802087-04:00,3,1136,18.94561,17.0109,862.95,1440.59,-41.000,1.000,0.8150,10.0805,12.7023,Left,0,0,0,0,0.0000,100.000,0,0.000,0,127.500,71.914,4.500,0.0300,0.0000,-30.00,antimatter,60,450;300;200;100;50,2,6,1.5,2.5,100,-10,5,250,40,5,250,60,1,8,11,0,0.06,4,0.5,50,8,5
37,1,60,FrameTimeStutter,6.000,antimatter,practice,2026-08-31T17:32:23.9802087-04:00,3,1137,18.96199,16.3833,815.29,1440.59,-38.000,0.000,0.1202,10.0805,12.7023,Left,0,0,0,0,0.0000,100.000,0,0.000,0,127.500,71.914,4.500,0.0300,0.0000,-30.00,antimatter,60,450;300;200;100;50,2,6,1.5,2.5,100,-10,5,250,40,5,250,60,1,8,11,0,0.06,4,0.5,50,8,5
37,1,60,FrameTimeStutter,6.000,antimatter,practice,2026-08-31T17:32:23.9802087-04:00,3,1138,18.97887,16.8826,770.13,1440.59,-36.000,0.000,-0.5381,10.0805,12.7023,Left,0,0,0,0,0.0000,100.000,0,0.000,0,127.500,71.914,4.500,0.0300,0.0000,-30.00,antimatter,60,450;300;200;100;50,2,6,1.5,2.5,100,-10,5,250,40,5,250,60,1,8,11,0,0.06,4,0.5,50,8,5
37,1,60,FrameTimeStutter,6.000,antimatter,practice,2026-08-31T17:32:23.9802087-04:00,3,1139,18.99538,16.5105,730.00,1440.59,-32.000,0.000,-1.1232,10.0805,12.7023,Left,0,0,0,0,0.0000,100.000,0,0.000,0,127.500,71.914,4.500,0.0300,0.0000,-30.00,antimatter,60,450;300;200;100;50,2,6,1.5,2.5,100,-10,5,250,40,5,250,60,1,8,11,0,0.06,4,0.5,50,8,5
37,1,60,FrameTimeStutter,6.000,antimatter,practice,2026-08-31T17:32:23.9802087-04:00,3,1140,19.01297,17.5837,668.54,1439.33,-49.000,-1.000,-2.0192,10.0622,12.7023,Left,0,0,0,0,0.0000,100.000,0,0.000,0,127.500,71.914,4.500,0.0300,0.0000,-30.00,antimatter,60,450;300;200;100;50,2,6,1.5,2.5,100,-10,5,250,40,5,250,60,1,8,11,0,0.06,4,0.5,50,8,5
37,1,60,FrameTimeStutter,6.000,antimatter,practice,2026-08-31T17:32:23.9802087-04:00,3,1141,19.02844,15.4744,625.89,1439.33,-34.000,0.000,-2.6409,10.0622,12.7023,Left,0,0,0,0,0.0000,100.000,0,0.000,0,127.500,71.914,4.500,0.0300,0.0000,-30.00,antimatter,60,450;300;200;100;50,2,6,1.5,2.5,100,-10,5,250,40,5,250,60,1,8,11,0,0.06,4,0.5,50,8,5
37,1,60,FrameTimeStutter,6.000,antimatter,practice,2026-08-31T17:32:23.9802087-04:00,3,1142,19.04596,17.5145,588.26,1439.33,-30.000,0.000,-3.1895,10.0622,12.7023,Left,0,0,0,0,0.0000,100.000,0,0.000,0,127.500,71.914,4.500,0.0300,0.0000,-30.00,antimatter,60,450;300;200;100;50,2,6,1.5,2.5,100,-10,5,250,40,5,250,60,1,8,11,0,0.06,4,0.5,50,8,5
37,1,60,FrameTimeStutter,6.000,antimatter,practice,2026-08-31T17:32:23.9802087-04:00,3,1143,19.06238,16.4198,549.38,1439.33,-31.000,0.000,-3.7564,10.0622,12.7023,Left,0,0,0,0,0.0000,100.000,1,100.012,0,127.500,71.914,4.500,0.0300,0.0000,-30.00,antimatter,60,450;300;200;100;50,2,6,1.5,2.5,100,-10,5,250,40,5,250,60,1,8,11,0,0.06,4,0.5,50,8,5
37,1,60,FrameTimeStutter,6.000,antimatter,practice,2026-08-31T17:32:23.9802087-04:00,3,1144,19.16645,104.0699,313.57,1440.59,-188.000,4.000,-7.1940,10.1353,12.7023,Left,0,0,0,0,0.0000,100.000,0,0.000,1,127.500,71.914,4.500,0.0300,0.0000,-30.00,antimatter,60,450;300;200;100;50,2,6,1.5,2.5,100,-10,5,250,40,5,250,60,1,8,11,0,0.06,4,0.5,50,8,5
37,1,60,FrameTimeStutter,6.000,antimatter,practice,2026-08-31T17:32:23.9802087-04:00,3,1145,19.18232,15.8679,282.21,1440.59,-25.000,0.000,-7.6511,10.1353,12.7023,Left,0,0,0,0,0.0000,100.000,0,0.000,1,127.500,71.914,4.500,0.0300,0.0000,-30.00,antimatter,60,450;300;200;100;50,2,6,1.5,2.5,100,-10,5,250,40,5,250,60,1,8,11,0,0.06,4,0.5,50,8,5
37,1,60,FrameTimeStutter,6.000,antimatter,practice,2026-08-31T17:32:23.9802087-04:00,3,1146,19.19957,17.2563,252.11,1440.59,-24.000,0.000,-8.0900,10.1353,12.7023,Left,0,0,0,0,0.0000,100.000,0,0.000,1,127.500,71.914,4.500,0.0300,0.0000,-30.00,antimatter,60,450;300;200;100;50,2,6,1.5,2.5,100,-10,5,250,40,5,250,60,1,8,11,0,0.06,4,0.5,50,8,5
37,1,60,FrameTimeStutter,6.000,antimatter,practice,2026-08-31T17:32:23.9802087-04:00,3,1147,19.21797,18.3948,220.75,1440.59,-25.000,0.000,-8.5471,10.1353,12.7023,Left,0,0,0,0,0.0000,100.000,0,0.000,1,127.500,71.914,4.500,0.0300,0.0000,-30.00,antimatter,60,450;300;200;100;50,2,6,1.5,2.5,100,-10,5,250,40,5,250,60,1,8,11,0,0.06,4,0.5,50,8,5
37,1,60,FrameTimeStutter,6.000,antimatter,practice,2026-08-31T17:32:23.9802087-04:00,3,1148,19.23286,14.8896,186.89,1440.59,-27.000,0.000,-9.0408,10.1353,12.7023,Left,0,0,0,0,0.0000,100.000,0,0.000,1,127.500,71.914,4.500,0.0300,0.0000,-30.00,antimatter,60,450;300;200;100;50,2,6,1.5,2.5,100,-10,5,250,40,5,250,60,1,8,11,0,0.06,4,0.5,50,8,5
37,1,60,FrameTimeStutter,6.000,antimatter,practice,2026-08-31T17:32:23.9802087-04:00,3,1149,19.24884,15.9862,145.50,1440.59,-33.000,0.000,-9.6442,10.1353,12.7023,Left,0,0,0,0,0.0000,100.000,0,0.000,1,127.500,71.914,4.500,0.0300,0.0000,-30.00,antimatter,60,450;300;200;100;50,2,6,1.5,2.5,100,-10,5,250,40,5,250,60,1,8,11,0,0.06,4,0.5,50,8,5
37,1,60,FrameTimeStutter,6.000,antimatter,practice,2026-08-31T17:32:23.9802087-04:00,3,1150,19.26571,16.8701,104.11,1440.59,-33.000,0.000,-10.2476,10.1353,12.7023,Left,0,0,0,0,0.0000,100.000,0,0.000,1,127.500,71.914,4.500,0.0300,0.0000,-30.00,antimatter,60,450;300;200;100;50,2,6,1.5,2.5,100,-10,5,250,40,5,250,60,1,8,11,0,0.06,4,0.5,50,8,5
37,1,60,FrameTimeStutter,6.000,antimatter,practice,2026-08-31T17:32:23.9802087-04:00,3,1151,19.28296,17.2507,63.97,1439.33,-32.000,-1.000,-10.8328,10.1170,12.7023,Left,0,0,0,0,0.0000,100.000,0,0.000,1,127.500,71.914,4.500,0.0300,0.0000,-30.00,antimatter,60,450;300;200;100;50,2,6,1.5,2.5,100,-10,5,250,40,5,250,60,1,8,11,0,0.06,4,0.5,50,8,5
37,1,60,FrameTimeStutter,6.000,antimatter,practice,2026-08-31T17:32:23.9802087-04:00,3,1152,19.29940,16.4386,23.83,1438.08,-32.000,-1.000,-11.4179,10.0988,12.7023,Left,0,0,0,0,0.0000,100.000,0,0.000,1,127.500,71.914,4.500,0.0300,0.0000,-30.00,antimatter,60,450;300;200;100;50,2,6,1.5,2.5,100,-10,5,250,40,5,250,60,1,8,11,0,0.06,4,0.5,50,8,5
37,1,60,FrameTimeStutter,6.000,antimatter,practice,2026-08-31T17:32:23.9802087-04:00,3,1153,19.31661,17.2112,0.00,1436.83,-42.000,-1.000,-12.1859,10.0805,12.7023,Left,0,0,0,0,0.0000,100.000,0,0.000,1,127.500,71.914,4.500,0.0300,0.0000,-30.00,antimatter,60,450;300;200;100;50,2,6,1.5,2.5,100,-10,5,250,40,5,250,60,1,8,11,0,0.06,4,0.5,50,8,5
37,1,60,FrameTimeStutter,6.000,antimatter,practice,2026-08-31T17:32:23.9802087-04:00,3,1154,19.33279,16.1753,0.00,1435.57,-21.000,-1.000,-12.5699,10.0622,12.7023,Left,0,0,0,0,0.0000,100.000,0,0.000,1,127.500,71.914,4.500,0.0300,0.0000,-30.00,antimatter,60,450;300;200;100;50,2,6,1.5,2.5,100,-10,5,250,40,5,250,60,1,8,11,0,0.06,4,0.5,50,8,5
37,1,60,FrameTimeStutter,6.000,antimatter,practice,2026-08-31T17:32:23.9802087-04:00,3,1155,19.34867,15.8792,0.00,1434.32,-18.000,-1.000,-12.8991,10.0439,12.7023,Left,0,0,0,0,0.0000,100.000,0,0.000,1,127.500,71.914,4.500,0.0300,0.0000,-30.00,antimatter,60,450;300;200;100;50,2,6,1.5,2.5,100,-10,5,250,40,5,250,60,1,8,11,0,0.06,4,0.5,50,8,5
37,1,60,FrameTimeStutter,6.000,antimatter,practice,2026-08-31T17:32:23.9802087-04:00,3,1156,19.36559,16.9204,0.00,1434.32,-16.000,0.000,-13.1917,10.0439,12.7023,Left,0,0,0,0,0.0000,100.000,0,0.000,1,127.500,71.914,4.500,0.0300,0.0000,-30.00,antimatter,60,450;300;200;100;50,2,6,1.5,2.5,100,-10,5,250,40,5,250,60,1,8,11,0,0.06,4,0.5,50,8,5
37,1,60,FrameTimeStutter,6.000,antimatter,practice,2026-08-31T17:32:23.9802087-04:00,3,1157,19.38220,16.6141,0.00,1433.06,-16.000,-1.000,-13.4842,10.0256,12.7023,Left,0,0,0,0,0.0000,100.000,0,0.000,1,127.500,71.914,4.500,0.0300,0.0000,-30.00,antimatter,60,450;300;200;100;50,2,6,1.5,2.5,100,-10,5,250,40,5,250,60,1,8,11,0,0.06,4,0.5,50,8,5
37,1,60,FrameTimeStutter,6.000,antimatter,practice,2026-08-31T17:32:23.9802087-04:00,3,1158,19.39931,17.1119,0.00,1431.81,-19.000,-1.000,-13.8317,10.0073,12.7023,Left,0,0,0,0,0.0000,100.000,0,0.000,1,127.500,71.914,4.500,0.0300,0.0000,-30.00,antimatter,60,450;300;200;100;50,2,6,1.5,2.5,100,-10,5,250,40,5,250,60,1,8,11,0,0.06,4,0.5,50,8,5
37,1,60,FrameTimeStutter,6.000,antimatter,practice,2026-08-31T17:32:23.9802087-04:00,3,1159,19.41641,17.0990,0.00,1430.55,-22.000,-1.000,-14.2339,9.9890,12.7023,Left,0,0,0,0,0.0000,100.000,0,0.000,1,127.500,71.914,4.500,0.0300,0.0000,-30.00,antimatter,60,450;300;200;100;50,2,6,1.5,2.5,100,-10,5,250,40,5,250,60,1,8,11,0,0.06,4,0.5,50,8,5
37,1,60,FrameTimeStutter,6.000,antimatter,practice,2026-08-31T17:32:23.9802087-04:00,3,1160,19.43265,16.2402,0.00,1429.30,-19.000,-1.000,-14.5814,9.9707,12.7023,Left,0,0,0,0,0.0000,100.000,0,0.000,1,127.500,71.914,4.500,0.0300,0.0000,-30.00,antimatter,60,450;300;200;100;50,2,6,1.5,2.5,100,-10,5,250,40,5,250,60,1,8,11,0,0.06,4,0.5,50,8,5
37,1,60,FrameTimeStutter,6.000,antimatter,practice,2026-08-31T17:32:23.9802087-04:00,3,1161,19.44896,16.3045,0.00,1428.05,-18.000,-1.000,-14.9105,9.9525,12.7023,Left,0,0,0,0,0.0000,100.000,0,0.000,1,127.500,71.914,4.500,0.0300,0.0000,-30.00,antimatter,60,450;300;200;100;50,2,6,1.5,2.5,100,-10,5,250,40,5,250,60,1,8,11,0,0.06,4,0.5,50,8,5
37,1,60,FrameTimeStutter,6.000,antimatter,practice,2026-08-31T17:32:23.9802087-04:00,3,1162,19.46581,16.8577,0.00,1428.05,-11.000,0.000,-15.1117,9.9525,12.7023,Left,0,0,0,0,0.0000,100.000,0,0.000,1,127.500,71.914,4.500,0.0300,0.0000,-30.00,antimatter,60,450;300;200;100;50,2,6,1.5,2.5,100,-10,5,250,40,5,250,60,1,8,11,0,0.06,4,0.5,50,8,5
37,1,60,FrameTimeStutter,6.000,antimatter,practice,2026-08-31T17:32:23.9802087-04:00,3,1163,19.48252,16.7098,0.00,1426.79,-5.000,-1.000,-15.2031,9.9342,12.7023,Left,0,0,0,0,0.0000,100.000,0,0.000,1,127.500,71.914,4.500,0.0300,0.0000,-30.00,antimatter,60,450;300;200;100;50,2,6,1.5,2.5,100,-10,5,250,40,5,250,60,1,8,11,0,0.06,4,0.5,50,8,5
37,1,60,FrameTimeStutter,6.000,antimatter,practice,2026-08-31T17:32:23.9802087-04:00,3,1164,19.49935,16.8252,0.00,1426.79,-5.000,0.000,-15.2945,9.9342,12.7023,Left,0,0,0,0,0.0000,100.000,0,0.000,1,127.500,71.914,4.500,0.0300,0.0000,-30.00,antimatter,60,450;300;200;100;50,2,6,1.5,2.5,100,-10,5,250,40,5,250,60,1,8,11,0,0.06,4,0.5,50,8,5
37,1,60,FrameTimeStutter,6.000,antimatter,practice,2026-08-31T17:32:23.9802087-04:00,3,1165,19.51595,16.5948,0.00,1426.79,-2.000,0.000,-15.3310,9.9342,12.7023,Left,0,0,0,0,0.0000,100.000,0,0.000,1,127.500,71.914,4.500,0.0300,0.0000,-30.00,antimatter,60,450;300;200;100;50,2,6,1.5,2.5,100,-10,5,250,40,5,250,60,1,8,11,0,0.06,4,0.5,50,8,5
37,1,60,FrameTimeStutter,6.000,antimatter,practice,2026-08-31T17:32:23.9802087-04:00,3,1166,19.53263,16.6859,0.00,1426.79,0.000,0.000,-15.3310,9.9342,12.7023,Left,0,0,0,0,0.0000,100.000,0,0.000,1,127.500,71.914,4.500,0.0300,0.0000,-30.00,antimatter,60,450;300;200;100;50,2,6,1.5,2.5,100,-10,5,250,40,5,250,60,1,8,11,0,0.06,4,0.5,50,8,5
37,1,60,FrameTimeStutter,6.000,antimatter,practice,2026-08-31T17:32:23.9802087-04:00,3,1167,19.54894,16.3142,0.00,1426.79,0.000,0.000,-15.3310,9.9342,12.7023,Left,0,0,0,0,0.0000,100.000,0,0.000,1,127.500,71.914,4.500,0.0300,0.0000,-30.00,antimatter,60,450;300;200;100;50,2,6,1.5,2.5,100,-10,5,250,40,5,250,60,1,8,11,0,0.06,4,0.5,50,8,5
37,1,60,FrameTimeStutter,6.000,antimatter,practice,2026-08-31T17:32:23.9802087-04:00,3,1168,19.56647,17.5280,0.00,1426.79,0.000,0.000,-15.3310,9.9342,12.7023,Left,0,0,0,0,0.0000,100.000,0,0.000,1,127.500,71.914,4.500,0.0300,0.0000,-30.00,antimatter,60,450;300;200;100;50,2,6,1.5,2.5,100,-10,5,250,40,5,250,60,1,8,11,0,0.06,4,0.5,50,8,5
37,1,60,FrameTimeStutter,6.000,antimatter,practice,2026-08-31T17:32:23.9802087-04:00,3,1169,19.58229,15.8193,0.00,1426.79,0.000,0.000,-15.3310,9.9342,12.7023,Left,0,0,0,0,0.0000,100.000,0,0.000,1,127.500,71.914,4.500,0.0300,0.0000,-30.00,antimatter,60,450;300;200;100;50,2,6,1.5,2.5,100,-10,5,250,40,5,250,60,1,8,11,0,0.06,4,0.5,50,8,5
37,1,60,FrameTimeStutter,6.000,antimatter,practice,2026-08-31T17:32:23.9802087-04:00,3,1170,19.59904,16.7428,0.00,1426.79,0.000,0.000,-15.3310,9.9342,12.7023,Left,0,0,0,0,0.0000,100.000,0,0.000,1,127.500,71.914,4.500,0.0300,0.0000,-30.00,antimatter,60,450;300;200;100;50,2,6,1.5,2.5,100,-10,5,250,40,5,250,60,1,8,11,0,0.06,4,0.5,50,8,5
37,1,60,FrameTimeStutter,6.000,antimatter,practice,2026-08-31T17:32:23.9802087-04:00,3,1171,19.61627,17.2359,0.00,1426.79,0.000,0.000,-15.3310,9.9342,12.7023,Left,0,0,0,0,0.0000,100.000,0,0.000,1,127.500,71.914,4.500,0.0300,0.0000,-30.00,antimatter,60,450;300;200;100;50,2,6,1.5,2.5,100,-10,5,250,40,5,250,60,1,8,11,0,0.06,4,0.5,50,8,5
37,1,60,FrameTimeStutter,6.000,antimatter,practice,2026-08-31T17:32:23.9802087-04:00,3,1172,19.63253,16.2623,0.00,1426.79,0.000,0.000,-15.3310,9.9342,12.7023,Left,0,0,0,0,0.0000,100.000,0,0.000,1,127.500,71.914,4.500,0.0300,0.0000,-30.00,antimatter,60,450;300;200;100;50,2,6,1.5,2.5,100,-10,5,250,40,5,250,60,1,8,11,0,0.06,4,0.5,50,8,5
37,1,60,FrameTimeStutter,6.000,antimatter,practice,2026-08-31T17:32:23.9802087-04:00,3,1173,19.64907,16.5382,0.00,1426.79,0.000,0.000,-15.3310,9.9342,12.7023,Left,0,0,0,0,0.0000,100.000,0,0.000,1,127.500,71.914,4.500,0.0300,0.0000,-30.00,antimatter,60,450;300;200;100;50,2,6,1.5,2.5,100,-10,5,250,40,5,250,60,1,8,11,0,0.06,4,0.5,50,8,5
37,1,60,FrameTimeStutter,6.000,antimatter,practice,2026-08-31T17:32:23.9802087-04:00,3,1174,19.66591,16.8416,2.51,1426.79,2.000,0.000,-15.2945,9.9342,12.7023,Left,0,0,0,0,0.0000,100.000,0,0.000,1,127.500,71.914,4.500,0.0300,0.0000,-30.00,antimatter,60,450;300;200;100;50,2,6,1.5,2.5,100,-10,5,250,40,5,250,60,1,8,11,0,0.06,4,0.5,50,8,5
37,1,60,FrameTimeStutter,6.000,antimatter,practice,2026-08-31T17:32:23.9802087-04:00,3,1175,19.68240,16.4892,21.32,1425.54,15.000,-1.000,-15.0202,9.9159,12.7023,Left,0,0,0,0,0.0000,100.000,0,0.000,1,127.500,71.914,4.500,0.0300,0.0000,-30.00,antimatter,60,450;300;200;100;50,2,6,1.5,2.5,100,-10,5,250,40,5,250,60,1,8,11,0,0.06,4,0.5,50,8,5
37,1,60,FrameTimeStutter,6.000,antimatter,practice,2026-08-31T17:32:23.9802087-04:00,3,1176,19.69921,16.8054,53.93,1424.28,26.000,-1.000,-14.5448,9.8976,12.7023,Left,0,0,0,0,0.0000,100.000,0,0.000,1,127.500,71.914,4.500,0.0300,0.0000,-30.00,antimatter,60,450;300;200;100;50,2,6,1.5,2.5,100,-10,5,250,40,5,250,60,1,8,11,0,0.06,4,0.5,50,8,5
37,1,60,FrameTimeStutter,6.000,antimatter,practice,2026-08-31T17:32:23.9802087-04:00,3,1177,19.71642,17.2162,112.89,1418.01,47.000,-5.000,-13.6854,9.8062,12.7023,Left,0,0,0,0,0.0000,100.000,0,0.000,1,127.500,71.914,4.500,0.0300,0.0000,-30.00,antimatter,60,450;300;200;100;50,2,6,1.5,2.5,100,-10,5,250,40,5,250,60,1,8,11,0,0.06,4,0.5,50,8,5
37,1,60,FrameTimeStutter,6.000,antimatter,practice,2026-08-31T17:32:23.9802087-04:00,3,1178,19.73271,16.2876,154.28,1412.99,33.000,-4.000,-13.0820,9.7330,12.7023,Left,0,0,0,0,0.0000,100.000,0,0.000,1,127.500,71.914,4.500,0.0300,0.0000,-30.00,antimatter,60,450;300;200;100;50,2,6,1.5,2.5,100,-10,5,250,40,5,250,60,1,8,11,0,0.06,4,0.5,50,8,5
37,1,60,FrameTimeStutter,6.000,antimatter,practice,2026-08-31T17:32:23.9802087-04:00,3,1179,19.74926,16.5521,200.69,1407.98,37.000,-4.000,-12.4054,9.6599,12.7023,Left,0,0,0,0,0.0000,100.000,0,0.000,1,127.500,71.914,4.500,0.0300,0.0000,-30.00,antimatter,60,450;300;200;100;50,2,6,1.5,2.5,100,-10,5,250,40,5,250,60,1,8,11,0,0.06,4,0.5,50,8,5
37,1,60,FrameTimeStutter,6.000,antimatter,practice,2026-08-31T17:32:23.9802087-04:00,3,1180,19.76603,16.7625,255.87,1402.96,44.000,-4.000,-11.6009,9.5867,12.7023,Left,0,0,0,0,0.0000,100.000,0,0.000,1,127.500,71.914,4.500,0.0300,0.0000,-30.00,antimatter,60,450;300;200;100;50,2,6,1.5,2.5,100,-10,5,250,40,5,250,60,1,8,11,0,0.06,4,0.5,50,8,5
37,1,60,FrameTimeStutter,6.000,antimatter,practice,2026-08-31T17:32:23.9802087-04:00,3,1181,19.78280,16.7745,318.59,1399.20,50.000,-3.000,-10.6866,9.5319,12.7023,Left,0,0,0,0,0.0000,100.000,0,0.000,1,127.500,71.914,4.500,0.0300,0.0000,-30.00,antimatter,60,450;300;200;100;50,2,6,1.5,2.5,100,-10,5,250,40,5,250,60,1,8,11,0,0.06,4,0.5,50,8,5
37,1,60,FrameTimeStutter,6.000,antimatter,practice,2026-08-31T17:32:23.9802087-04:00,3,1182,19.79926,16.4586,375.03,1396.69,45.000,-2.000,-9.8638,9.4953,12.7023,Left,0,0,0,0,0.0000,100.000,0,0.000,1,127.500,71.914,4.500,0.0300,0.0000,-30.00,antimatter,60,450;300;200;100;50,2,6,1.5,2.5,100,-10,5,250,40,5,250,60,1,8,11,0,0.06,4,0.5,50,8,5
37,1,60,FrameTimeStutter,6.000,antimatter,practice,2026-08-31T17:32:23.9802087-04:00,3,1183,19.81586,16.5951,426.46,1392.93,41.000,-3.000,-9.1141,9.4404,12.7023,Left,0,0,0,0,0.0000,100.000,0,0.000,1,127.500,71.914,4.500,0.0300,0.0000,-30.00,antimatter,60,450;300;200;100;50,2,6,1.5,2.5,100,-10,5,250,40,5,250,60,1,8,11,0,0.06,4,0.5,50,8,5
37,1,60,FrameTimeStutter,6.000,antimatter,practice,2026-08-31T17:32:23.9802087-04:00,3,1184,19.83264,16.7838,464.09,1391.67,30.000,-1.000,-8.5656,9.4221,12.7023,Left,0,0,0,0,0.0000,100.000,0,0.000,1,127.500,71.914,4.500,0.0300,0.0000,-30.00,antimatter,60,450;300;200;100;50,2,6,1.5,2.5,100,-10,5,250,40,5,250,60,1,8,11,0,0.06,4,0.5,50,8,5
37,1,60,FrameTimeStutter,6.000,antimatter,practice,2026-08-31T17:32:23.9802087-04:00,3,1185,19.84891,16.2709,495.44,1391.67,25.000,0.000,-8.1084,9.4221,12.7023,Left,0,0,0,0,0.0000,100.000,0,0.000,1,127.500,71.914,4.500,0.0300,0.0000,-30.00,antimatter,60,450;300;200;100;50,2,6,1.5,2.5,100,-10,5,250,40,5,250,60,1,8,11,0,0.06,4,0.5,50,8,5
37,1,60,FrameTimeStutter,6.000,antimatter,practice,2026-08-31T17:32:23.9802087-04:00,3,1186,19.86558,16.6658,523.04,1391.67,22.000,0.000,-7.7061,9.4221,12.7023,Left,0,0,0,0,0.0000,100.000,0,0.000,1,127.500,71.914,4.500,0.0300,0.0000,-30.00,antimatter,60,450;300;200;100;50,2,6,1.5,2.5,100,-10,5,250,40,5,250,60,1,8,11,0,0.06,4,0.5,50,8,5
37,1,60,FrameTimeStutter,6.000,antimatter,practice,2026-08-31T17:32:23.9802087-04:00,3,1187,19.88243,16.8582,545.61,1391.67,18.000,0.000,-7.3770,9.4221,12.7023,Left,0,0,0,0,0.0000,100.000,0,0.000,1,127.500,71.914,4.500,0.0300,0.0000,-30.00,antimatter,60,450;300;200;100;50,2,6,1.5,2.5,100,-10,5,250,40,5,250,60,1,8,11,0,0.06,4,0.5,50,8,5
37,1,60,FrameTimeStutter,6.000,antimatter,practice,2026-08-31T17:32:23.9802087-04:00,3,1188,19.89899,16.5549,561.92,1391.67,13.000,0.000,-7.1393,9.4221,12.7023,Left,0,0,0,0,0.0000,100.000,0,0.000,1,127.500,71.914,4.500,0.0300,0.0000,-30.00,antimatter,60,450;300;200;100;50,2,6,1.5,2.5,100,-10,5,250,40,5,250,60,1,8,11,0,0.06,4,0.5,50,8,5
37,1,60,FrameTimeStutter,6.000,antimatter,practice,2026-08-31T17:32:23.9802087-04:00,3,1189,19.91653,17.5438,573.21,1391.67,9.000,0.000,-6.9748,9.4221,12.7023,Left,0,0,0,0,0.0000,100.000,0,0.000,1,127.500,71.914,4.500,0.0300,0.0000,-30.00,antimatter,60,450;300;200;100;50,2,6,1.5,2.5,100,-10,5,250,40,5,250,60,1,8,11,0,0.06,4,0.5,50,8,5
37,1,60,FrameTimeStutter,6.000,antimatter,practice,2026-08-31T17:32:23.9802087-04:00,3,1190,19.93263,16.1022,575.72,1391.67,2.000,0.000,-6.9382,9.4221,12.7023,Left,0,0,0,0,0.0000,100.000,0,0.000,1,127.500,71.914,4.500,0.0300,0.0000,-30.00,antimatter,60,450;300;200;100;50,2,6,1.5,2.5,100,-10,5,250,40,5,250,60,1,8,11,0,0.06,4,0.5,50,8,5
37,1,60,FrameTimeStutter,6.000,antimatter,practice,2026-08-31T17:32:23.9802087-04:00,3,1191,19.94875,16.1141,579.48,1391.67,3.000,0.000,-6.8833,9.4221,12.7023,Left,0,0,0,0,0.0000,100.000,0,0.000,1,127.500,71.914,4.500,0.0300,0.0000,-30.00,antimatter,60,450;300;200;100;50,2,6,1.5,2.5,100,-10,5,250,40,5,250,60,1,8,11,0,0.06,4,0.5,50,8,5
37,1,60,FrameTimeStutter,6.000,antimatter,practice,2026-08-31T17:32:23.9802087-04:00,3,1192,19.96574,16.9949,581.99,1391.67,2.000,0.000,-6.8468,9.4221,12.7023,Left,0,0,0,0,0.0000,100.000,0,0.000,1,127.500,71.914,4.500,0.0300,0.0000,-30.00,antimatter,60,450;300;200;100;50,2,6,1.5,2.5,100,-10,5,250,40,5,250,60,1,8,11,0,0.06,4,0.5,50,8,5
37,1,60,FrameTimeStutter,6.000,antimatter,practice,2026-08-31T17:32:23.9802087-04:00,3,1193,19.98281,17.0653,589.52,1390.42,6.000,-1.000,-6.7371,9.4039,12.7023,Left,0,0,0,0,0.0000,100.000,0,0.000,1,127.500,71.914,4.500,0.0300,0.0000,-30.00,antimatter,60,450;300;200;100;50,2,6,1.5,2.5,100,-10,5,250,40,5,250,60,1,8,11,0,0.06,4,0.5,50,8,5
37,1,60,FrameTimeStutter,6.000,antimatter,practice,2026-08-31T17:32:23.9802087-04:00,3,1194,19.99886,16.0551,599.55,1390.42,8.000,0.000,-6.5908,9.4039,12.7023,Left,0,0,0,0,0.0000,100.000,0,0.000,1,127.500,71.914,4.500,0.0300,0.0000,-30.00,antimatter,60,450;300;200;100;50,2,6,1.5,2.5,100,-10,5,250,40,5,250,60,1,8,11,0,0.06,4,0.5,50,8,5
37,1,60,FrameTimeStutter,6.000,antimatter,practice,2026-08-31T17:32:23.9802087-04:00,3,1195,20.01579,16.9247,610.84,1390.42,9.000,0.000,-6.4262,9.4038,12.7023,Left,0,0,0,0,0.0000,100.000,0,0.000,1,127.500,71.914,4.500,0.0300,0.0000,-30.00,antimatter,60,450;300;200;100;50,2,6,1.5,2.5,100,-10,5,250,40,5,250,60,1,8,11,0,0.06,4,0.5,50,8,5
37,1,60,FrameTimeStutter,6.000,antimatter,practice,2026-08-31T17:32:23.9802087-04:00,3,1196,20.03227,16.4833,618.36,1390.42,6.000,0.000,-6.3165,9.4038,12.7023,Left,0,0,0,0,0.0000,100.000,0,0.000,1,127.500,71.914,4.500,0.0300,0.0000,-30.00,antimatter,60,450;300;200;100;50,2,6,1.5,2.5,100,-10,5,250,40,5,250,60,1,8,11,0,0.06,4,0.5,50,8,5
37,1,60,FrameTimeStutter,6.000,antimatter,practice,2026-08-31T17:32:23.9802087-04:00,3,1197,20.04916,16.8865,622.13,1390.42,3.000,0.000,-6.2616,9.4038,12.7023,Left,0,0,0,0,0.0000,100.000,0,0.000,1,127.500,71.914,4.500,0.0300,0.0000,-30.00,antimatter,60,450;300;200;100;50,2,6,1.5,2.5,100,-10,5,250,40,5,250,60,1,8,11,0,0.06,4,0.5,50,8,5
37,1,60,FrameTimeStutter,6.000,antimatter,practice,2026-08-31T17:32:23.9802087-04:00,3,1198,20.06600,16.8427,624.64,1390.42,2.000,0.000,-6.2251,9.4038,12.7023,Left,0,0,0,0,0.0000,100.000,0,0.000,1,127.500,71.914,4.500,0.0300,0.0000,-30.00,antimatter,60,450;300;200;100;50,2,6,1.5,2.5,100,-10,5,250,40,5,250,60,1,8,11,0,0.06,4,0.5,50,8,5
37,1,60,FrameTimeStutter,6.000,antimatter,practice,2026-08-31T17:32:23.9802087-04:00,3,1199,20.08306,17.0608,627.14,1390.42,2.000,0.000,-6.1885,9.4038,12.7023,Left,0,0,0,0,0.0000,100.000,0,0.000,1,127.500,71.914,4.500,0.0300,0.0000,-30.00,antimatter,60,450;300;200;100;50,2,6,1.5,2.5,100,-10,5,250,40,5,250,60,1,8,11,0,0.06,4,0.5,50,8,5
37,1,60,FrameTimeStutter,6.000,antimatter,practice,2026-08-31T17:32:23.9802087-04:00,3,1200,20.09906,15.9959,630.91,1390.42,3.000,0.000,-6.1337,9.4038,12.7023,Left,0,0,0,0,0.0000,100.000,0,0.000,1,127.500,71.914,4.500,0.0300,0.0000,-30.00,antimatter,60,450;300;200;100;50,2,6,1.5,2.5,100,-10,5,250,40,5,250,60,1,8,11,0,0.06,4,0.5,50,8,5
37,1,60,FrameTimeStutter,6.000,antimatter,practice,2026-08-31T17:32:23.9802087-04:00,3,1201,20.11586,16.8020,634.67,1390.42,3.000,0.000,-6.0788,9.4038,12.7023,Left,0,0,0,0,0.0000,100.000,0,0.000,1,127.500,71.914,4.500,0.0300,0.0000,-30.00,antimatter,60,450;300;200;100;50,2,6,1.5,2.5,100,-10,5,250,40,5,250,60,1,8,11,0,0.06,4,0.5,50,8,5
37,1,60,FrameTimeStutter,6.000,antimatter,practice,2026-08-31T17:32:23.9802087-04:00,3,1202,20.13226,16.4023,634.67,1390.42,0.000,0.000,-6.0788,9.4038,12.7023,Left,0,0,0,0,0.0000,100.000,0,0.000,1,127.500,71.914,4.500,0.0300,0.0000,-30.00,antimatter,60,450;300;200;100;50,2,6,1.5,2.5,100,-10,5,250,40,5,250,60,1,8,11,0,0.06,4,0.5,50,8,5
37,1,60,FrameTimeStutter,6.000,antimatter,practice,2026-08-31T17:32:23.9802087-04:00,3,1203,20.14952,17.2564,634.67,1390.42,0.000,0.000,-6.0788,9.4038,12.7023,Left,0,0,0,0,0.0000,100.000,0,0.000,1,127.500,71.914,4.500,0.0300,0.0000,-30.00,antimatter,60,450;300;200;100;50,2,6,1.5,2.5,100,-10,5,250,40,5,250,60,1,8,11,0,0.06,4,0.5,50,8,5
37,1,60,FrameTimeStutter,6.000,antimatter,practice,2026-08-31T17:32:23.9802087-04:00,3,1204,20.16614,16.6180,634.67,1390.42,0.000,0.000,-6.0788,9.4038,12.7023,Left,0,0,0,0,0.0000,100.000,0,0.000,1,127.500,71.914,4.500,0.0300,0.0000,-30.00,antimatter,60,450;300;200;100;50,2,6,1.5,2.5,100,-10,5,250,40,5,250,60,1,8,11,0,0.06,4,0.5,50,8,5
37,1,60,FrameTimeStutter,6.000,antimatter,practice,2026-08-31T17:32:23.9802087-04:00,3,1205,20.18265,16.5173,634.67,1390.42,0.000,0.000,-6.0788,9.4038,12.7023,Left,0,0,0,0,0.0000,100.000,0,0.000,1,127.500,71.914,4.500,0.0300,0.0000,-30.00,antimatter,60,450;300;200;100;50,2,6,1.5,2.5,100,-10,5,250,40,5,250,60,1,8,11,0,0.06,4,0.5,50,8,5
37,1,60,FrameTimeStutter,6.000,antimatter,practice,2026-08-31T17:32:23.9802087-04:00,3,1206,20.19939,16.7359,634.67,1390.42,0.000,0.000,-6.0788,9.4038,12.7023,Left,0,0,0,0,0.0000,100.000,0,0.000,1,127.500,71.914,4.500,0.0300,0.0000,-30.00,antimatter,60,450;300;200;100;50,2,6,1.5,2.5,100,-10,5,250,40,5,250,60,1,8,11,0,0.06,4,0.5,50,8,5
37,1,60,FrameTimeStutter,6.000,antimatter,practice,2026-08-31T17:32:23.9802087-04:00,3,1207,20.21551,16.1183,634.67,1390.42,0.000,0.000,-6.0788,9.4038,12.7023,Left,0,0,0,0,0.0000,100.000,0,0.000,1,127.500,71.914,4.500,0.0300,0.0000,-30.00,antimatter,60,450;300;200;100;50,2,6,1.5,2.5,100,-10,5,250,40,5,250,60,1,8,11,0,0.06,4,0.5,50,8,5
37,1,60,FrameTimeStutter,6.000,antimatter,practice,2026-08-31T17:32:23.9802087-04:00,4,1208,20.23260,17.0877,634.67,1390.42,0.000,0.000,-6.0788,9.4038,12.7023,Left,1,1,0,1,-6.0788,50.000,0,0.000,0,127.500,71.914,4.500,0.0300,0.2500,70.00,antimatter,60,450;300;200;100;50,2,6,1.5,2.5,100,-10,5,250,40,5,250,60,1,8,11,0,0.06,4,0.5,50,8,5
37,1,60,FrameTimeStutter,6.000,antimatter,practice,2026-08-31T17:32:23.9802087-04:00,4,1209,20.24979,17.1971,634.67,1390.42,0.000,0.000,-6.0788,9.4038,12.7023,Left,1,0,0,0,0.0000,50.000,0,0.000,0,127.500,71.914,4.500,0.0300,0.2500,70.00,antimatter,60,450;300;200;100;50,2,6,1.5,2.5,100,-10,5,250,40,5,250,60,1,8,11,0,0.06,4,0.5,50,8,5
37,1,60,FrameTimeStutter,6.000,antimatter,practice,2026-08-31T17:32:23.9802087-04:00,4,1210,20.26582,16.0255,634.67,1390.42,0.000,0.000,-6.0788,9.4038,12.7023,Left,1,0,0,0,0.0000,50.000,0,0.000,0,127.500,71.914,4.500,0.0300,0.2500,70.00,antimatter,60,450;300;200;100;50,2,6,1.5,2.5,100,-10,5,250,40,5,250,60,1,8,11,0,0.06,4,0.5,50,8,5
37,1,60,FrameTimeStutter,6.000,antimatter,practice,2026-08-31T17:32:23.9802087-04:00,4,1211,20.28216,16.3455,634.67,1390.42,0.000,0.000,-6.0788,9.4038,12.7023,Left,1,0,0,0,0.0000,50.000,0,0.000,0,127.500,71.914,4.500,0.0300,0.2500,70.00,antimatter,60,450;300;200;100;50,2,6,1.5,2.5,100,-10,5,250,40,5,250,60,1,8,11,0,0.06,4,0.5,50,8,5
37,1,60,FrameTimeStutter,6.000,antimatter,practice,2026-08-31T17:32:23.9802087-04:00,4,1212,20.29925,17.0838,634.67,1390.42,0.000,0.000,-6.0788,9.4038,12.7023,Left,1,0,0,0,0.0000,50.000,0,0.000,0,127.500,71.914,4.500,0.0300,0.2500,70.00,antimatter,60,450;300;200;100;50,2,6,1.5,2.5,100,-10,5,250,40,5,250,60,1,8,11,0,0.06,4,0.5,50,8,5
37,1,60,FrameTimeStutter,6.000,antimatter,practice,2026-08-31T17:32:23.9802087-04:00,4,1213,20.31589,16.6394,634.67,1390.42,0.000,0.000,-6.0788,9.4038,12.7023,Left,1,0,0,0,0.0000,50.000,0,0.000,0,127.500,71.914,4.500,0.0300,0.2500,70.00,antimatter,60,450;300;200;100;50,2,6,1.5,2.5,100,-10,5,250,40,5,250,60,1,8,11,0,0.06,4,0.5,50,8,5
37,1,60,FrameTimeStutter,6.000,antimatter,practice,2026-08-31T17:32:23.9802087-04:00,4,1214,20.33248,16.5921,634.67,1390.42,0.000,0.000,-6.0788,9.4038,12.7023,Left,1,0,0,0,0.0000,50.000,0,0.000,0,127.500,71.914,4.500,0.0300,0.2500,70.00,antimatter,60,450;300;200;100;50,2,6,1.5,2.5,100,-10,5,250,40,5,250,60,1,8,11,0,0.06,4,0.5,50,8,5
37,1,60,FrameTimeStutter,6.000,antimatter,practice,2026-08-31T17:32:23.9802087-04:00,4,1215,20.34958,17.1028,634.67,1390.42,0.000,0.000,-6.0788,9.4038,12.7023,Left,1,0,0,0,0.0000,50.000,0,0.000,0,127.500,71.914,4.500,0.0300,0.2500,70.00,antimatter,60,450;300;200;100;50,2,6,1.5,2.5,100,-10,5,250,40,5,250,60,1,8,11,0,0.06,4,0.5,50,8,5
37,1,60,FrameTimeStutter,6.000,antimatter,practice,2026-08-31T17:32:23.9802087-04:00,4,1216,20.36635,16.7665,634.67,1390.42,0.000,0.000,-6.0788,9.4038,12.7023,Left,0,0,0,0,0.0000,50.000,0,0.000,0,127.500,71.914,4.500,0.0300,0.2500,70.00,antimatter,60,450;300;200;100;50,2,6,1.5,2.5,100,-10,5,250,40,5,250,60,1,8,11,0,0.06,4,0.5,50,8,5
37,1,60,FrameTimeStutter,6.000,antimatter,practice,2026-08-31T17:32:23.9802087-04:00,4,1217,20.38256,16.2096,634.67,1390.42,0.000,0.000,-6.0788,9.4038,12.7023,Left,0,0,0,0,0.0000,50.000,0,0.000,0,127.500,71.914,4.500,0.0300,0.2500,70.00,antimatter,60,450;300;200;100;50,2,6,1.5,2.5,100,-10,5,250,40,5,250,60,1,8,11,0,0.06,4,0.5,50,8,5
37,1,60,FrameTimeStutter,6.000,antimatter,practice,2026-08-31T17:32:23.9802087-04:00,4,1218,20.39922,16.6600,634.67,1390.42,0.000,0.000,-6.0788,9.4038,12.7023,Left,0,0,0,0,0.0000,50.000,0,0.000,0,127.500,71.914,4.500,0.0300,0.2500,70.00,antimatter,60,450;300;200;100;50,2,6,1.5,2.5,100,-10,5,250,40,5,250,60,1,8,11,0,0.06,4,0.5,50,8,5
37,1,60,FrameTimeStutter,6.000,antimatter,practice,2026-08-31T17:32:23.9802087-04:00,4,1219,20.41575,16.5343,634.67,1390.42,0.000,0.000,-6.0788,9.4038,12.7023,Left,0,0,0,0,0.0000,50.000,0,0.000,0,127.500,71.914,4.500,0.0300,0.2500,70.00,antimatter,60,450;300;200;100;50,2,6,1.5,2.5,100,-10,5,250,40,5,250,60,1,8,11,0,0.06,4,0.5,50,8,5
37,1,60,FrameTimeStutter,6.000,antimatter,practice,2026-08-31T17:32:23.9802087-04:00,4,1220,20.43233,16.5779,634.67,1390.42,0.000,0.000,-6.0788,9.4038,12.7023,Left,0,0,0,0,0.0000,50.000,0,0.000,0,127.500,71.914,4.500,0.0300,0.2500,70.00,antimatter,60,450;300;200;100;50,2,6,1.5,2.5,100,-10,5,250,40,5,250,60,1,8,11,0,0.06,4,0.5,50,8,5
37,1,60,FrameTimeStutter,6.000,antimatter,practice,2026-08-31T17:32:23.9802087-04:00,4,1221,20.44889,16.5592,634.67,1390.42,0.000,0.000,-6.0788,9.4038,12.7023,Left,0,0,0,0,0.0000,50.000,0,0.000,0,127.500,71.914,4.500,0.0300,0.2500,70.00,antimatter,60,450;300;200;100;50,2,6,1.5,2.5,100,-10,5,250,40,5,250,60,1,8,11,0,0.06,4,0.5,50,8,5
37,1,60,FrameTimeStutter,6.000,antimatter,practice,2026-08-31T17:32:23.9802087-04:00,4,1222,20.46616,17.2744,634.67,1390.42,0.000,0.000,-6.0788,9.4038,12.7023,Left,0,0,0,0,0.0000,50.000,0,0.000,0,127.500,71.914,4.500,0.0300,0.2500,70.00,antimatter,60,450;300;200;100;50,2,6,1.5,2.5,100,-10,5,250,40,5,250,60,1,8,11,0,0.06,4,0.5,50,8,5
37,1,60,FrameTimeStutter,6.000,antimatter,practice,2026-08-31T17:32:23.9802087-04:00,4,1223,20.48247,16.3042,634.67,1390.42,0.000,0.000,-6.0788,9.4038,12.7023,Left,0,0,0,0,0.0000,50.000,0,0.000,0,127.500,71.914,4.500,0.0300,0.2500,70.00,antimatter,60,450;300;200;100;50,2,6,1.5,2.5,100,-10,5,250,40,5,250,60,1,8,11,0,0.06,4,0.5,50,8,5
37,1,60,FrameTimeStutter,6.000,antimatter,practice,2026-08-31T17:32:23.9802087-04:00,4,1224,20.49912,16.6538,634.67,1390.42,0.000,0.000,-6.0788,9.4038,12.7023,Left,0,0,0,0,0.0000,50.000,0,0.000,0,127.500,71.914,4.500,0.0300,0.2500,70.00,antimatter,60,450;300;200;100;50,2,6,1.5,2.5,100,-10,5,250,40,5,250,60,1,8,11,0,0.06,4,0.5,50,8,5
37,1,60,FrameTimeStutter,6.000,antimatter,practice,2026-08-31T17:32:23.9802087-04:00,4,1225,20.51597,16.8492,634.67,1390.42,0.000,0.000,-6.0788,9.4038,12.7023,Left,0,0,0,0,0.0000,50.000,0,0.000,0,127.500,71.914,4.500,0.0300,0.2500,70.00,antimatter,60,450;300;200;100;50,2,6,1.5,2.5,100,-10,5,250,40,5,250,60,1,8,11,0,0.06,4,0.5,50,8,5
37,1,60,FrameTimeStutter,6.000,antimatter,practice,2026-08-31T17:32:23.9802087-04:00,4,1226,20.53250,16.5298,634.67,1390.42,0.000,0.000,-6.0788,9.4038,12.7023,Left,0,0,0,0,0.0000,50.000,0,0.000,0,127.500,71.914,4.500,0.0300,0.2500,70.00,antimatter,60,450;300;200;100;50,2,6,1.5,2.5,100,-10,5,250,40,5,250,60,1,8,11,0,0.06,4,0.5,50,8,5
37,1,60,FrameTimeStutter,6.000,antimatter,practice,2026-08-31T17:32:23.9802087-04:00,4,1227,20.54961,17.1075,634.67,1390.42,0.000,0.000,-6.0788,9.4038,12.7023,Left,0,0,0,0,0.0000,50.000,0,0.000,0,127.500,71.914,4.500,0.0300,0.2500,70.00,antimatter,60,450;300;200;100;50,2,6,1.5,2.5,100,-10,5,250,40,5,250,60,1,8,11,0,0.06,4,0.5,50,8,5
37,1,60,FrameTimeStutter,6.000,antimatter,practice,2026-08-31T17:32:23.9802087-04:00,4,1228,20.56615,16.5423,634.67,1390.42,0.000,0.000,-6.0788,9.4038,12.7023,Left,0,0,0,0,0.0000,50.000,0,0.000,0,127.500,71.914,4.500,0.0300,0.2500,70.00,antimatter,60,450;300;200;100;50,2,6,1.5,2.5,100,-10,5,250,40,5,250,60,1,8,11,0,0.06,4,0.5,50,8,5
37,1,60,FrameTimeStutter,6.000,antimatter,practice,2026-08-31T17:32:23.9802087-04:00,4,1229,20.58219,16.0402,634.67,1390.42,0.000,0.000,-6.0788,9.4038,12.7023,Left,0,0,0,0,0.0000,50.000,0,0.000,0,127.500,71.914,4.500,0.0300,0.2500,70.00,antimatter,60,450;300;200;100;50,2,6,1.5,2.5,100,-10,5,250,40,5,250,60,1,8,11,0,0.06,4,0.5,50,8,5
37,1,60,FrameTimeStutter,6.000,antimatter,practice,2026-08-31T17:32:23.9802087-04:00,4,1230,20.59904,16.8518,634.67,1390.42,0.000,0.000,-6.0788,9.4038,12.7023,Left,0,0,0,0,0.0000,50.000,0,0.000,0,127.500,71.914,4.500,0.0300,0.2500,70.00,antimatter,60,450;300;200;100;50,2,6,1.5,2.5,100,-10,5,250,40,5,250,60,1,8,11,0,0.06,4,0.5,50,8,5
37,1,60,FrameTimeStutter,6.000,antimatter,practice,2026-08-31T17:32:23.9802087-04:00,4,1231,20.61611,17.0701,634.67,1390.42,0.000,0.000,-6.0788,9.4038,12.7023,Left,0,0,0,0,0.0000,50.000,0,0.000,0,127.500,71.914,4.500,0.0300,0.2500,70.00,antimatter,60,450;300;200;100;50,2,6,1.5,2.5,100,-10,5,250,40,5,250,60,1,8,11,0,0.06,4,0.5,50,8,5
37,1,60,FrameTimeStutter,6.000,antimatter,practice,2026-08-31T17:32:23.9802087-04:00,4,1232,20.63221,16.1001,634.67,1390.42,0.000,0.000,-6.0788,9.4038,12.7023,Left,0,0,0,0,0.0000,50.000,0,0.000,0,127.500,71.914,4.500,0.0300,0.2500,70.00,antimatter,60,450;300;200;100;50,2,6,1.5,2.5,100,-10,5,250,40,5,250,60,1,8,11,0,0.06,4,0.5,50,8,5
37,1,60,FrameTimeStutter,6.000,antimatter,practice,2026-08-31T17:32:23.9802087-04:00,4,1233,20.64906,16.8424,634.67,1390.42,0.000,0.000,-6.0788,9.4038,12.7023,Left,0,0,0,0,0.0000,50.000,0,0.000,0,127.500,71.914,4.500,0.0300,0.2500,70.00,antimatter,60,450;300;200;100;50,2,6,1.5,2.5,100,-10,5,250,40,5,250,60,1,8,11,0,0.06,4,0.5,50,8,5
37,1,60,FrameTimeStutter,6.000,antimatter,practice,2026-08-31T17:32:23.9802087-04:00,4,1234,20.66585,16.7932,634.67,1390.42,0.000,0.000,-6.0788,9.4038,12.7023,Left,0,0,0,0,0.0000,50.000,0,0.000,0,127.500,71.914,4.500,0.0300,0.2500,70.00,antimatter,60,450;300;200;100;50,2,6,1.5,2.5,100,-10,5,250,40,5,250,60,1,8,11,0,0.06,4,0.5,50,8,5
37,1,60,FrameTimeStutter,6.000,antimatter,practice,2026-08-31T17:32:23.9802087-04:00,4,1235,20.68298,17.1357,634.67,1390.42,0.000,0.000,-6.0788,9.4038,12.7023,Left,0,0,0,0,0.0000,50.000,0,0.000,0,127.500,71.914,4.500,0.0300,0.2500,70.00,antimatter,60,450;300;200;100;50,2,6,1.5,2.5,100,-10,5,250,40,5,250,60,1,8,11,0,0.06,4,0.5,50,8,5
37,1,60,FrameTimeStutter,6.000,antimatter,practice,2026-08-31T17:32:23.9802087-04:00,4,1236,20.69959,16.6087,634.67,1390.42,0.000,0.000,-6.0788,9.4038,12.7023,Left,0,0,0,0,0.0000,50.000,0,0.000,0,127.500,71.914,4.500,0.0300,0.2500,70.00,antimatter,60,450;300;200;100;50,2,6,1.5,2.5,100,-10,5,250,40,5,250,60,1,8,11,0,0.06,4,0.5,50,8,5
37,1,60,FrameTimeStutter,6.000,antimatter,practice,2026-08-31T17:32:23.9802087-04:00,4,1237,20.71626,16.6662,634.67,1390.42,0.000,0.000,-6.0788,9.4038,12.7023,Left,0,0,0,0,0.0000,50.000,0,0.000,0,127.500,71.914,4.500,0.0300,0.2500,70.00,antimatter,60,450;300;200;100;50,2,6,1.5,2.5,100,-10,5,250,40,5,250,60,1,8,11,0,0.06,4,0.5,50,8,5
37,1,60,FrameTimeStutter,6.000,antimatter,practice,2026-08-31T17:32:23.9802087-04:00,4,1238,20.73218,15.9195,634.67,1390.42,0.000,0.000,-6.0788,9.4038,12.7023,Left,0,0,0,0,0.0000,50.000,0,0.000,0,127.500,71.914,4.500,0.0300,0.2500,70.00,antimatter,60,450;300;200;100;50,2,6,1.5,2.5,100,-10,5,250,40,5,250,60,1,8,11,0,0.06,4,0.5,50,8,5
37,1,60,FrameTimeStutter,6.000,antimatter,practice,2026-08-31T17:32:23.9802087-04:00,4,1239,20.74943,17.2559,634.67,1390.42,0.000,0.000,-6.0788,9.4038,12.7023,Left,0,0,0,0,0.0000,50.000,0,0.000,0,127.500,71.914,4.500,0.0300,0.2500,70.00,antimatter,60,450;300;200;100;50,2,6,1.5,2.5,100,-10,5,250,40,5,250,60,1,8,11,0,0.06,4,0.5,50,8,5
37,1,60,FrameTimeStutter,6.000,antimatter,practice,2026-08-31T17:32:23.9802087-04:00,4,1240,20.76606,16.6214,634.67,1390.42,0.000,0.000,-6.0788,9.4038,12.7023,Left,0,0,0,0,0.0000,50.000,0,0.000,0,127.500,71.914,4.500,0.0300,0.2500,70.00,antimatter,60,450;300;200;100;50,2,6,1.5,2.5,100,-10,5,250,40,5,250,60,1,8,11,0,0.06,4,0.5,50,8,5
37,1,60,FrameTimeStutter,6.000,antimatter,practice,2026-08-31T17:32:23.9802087-04:00,4,1241,20.78255,16.4972,634.67,1390.42,0.000,0.000,-6.0788,9.4038,12.7023,Left,0,0,0,0,0.0000,50.000,0,0.000,0,127.500,71.914,4.500,0.0300,0.2500,70.00,antimatter,60,450;300;200;100;50,2,6,1.5,2.5,100,-10,5,250,40,5,250,60,1,8,11,0,0.06,4,0.5,50,8,5
37,1,60,FrameTimeStutter,6.000,antimatter,practice,2026-08-31T17:32:23.9802087-04:00,4,1242,20.79913,16.5804,634.67,1390.42,0.000,0.000,-6.0788,9.4038,12.7023,Left,0,0,0,0,0.0000,50.000,0,0.000,0,127.500,71.914,4.500,0.0300,0.2500,70.00,antimatter,60,450;300;200;100;50,2,6,1.5,2.5,100,-10,5,250,40,5,250,60,1,8,11,0,0.06,4,0.5,50,8,5
37,1,60,FrameTimeStutter,6.000,antimatter,practice,2026-08-31T17:32:23.9802087-04:00,4,1243,20.81622,17.0834,634.67,1390.42,0.000,0.000,-6.0788,9.4038,12.7023,Left,0,0,0,0,0.0000,50.000,0,0.000,0,127.500,71.914,4.500,0.0300,0.2500,70.00,antimatter,60,450;300;200;100;50,2,6,1.5,2.5,100,-10,5,250,40,5,250,60,1,8,11,0,0.06,4,0.5,50,8,5
37,1,60,FrameTimeStutter,6.000,antimatter,practice,2026-08-31T17:32:23.9802087-04:00,4,1244,20.83295,16.7384,634.67,1390.42,0.000,0.000,-6.0788,9.4038,12.7023,Left,0,0,0,0,0.0000,50.000,0,0.000,0,127.500,71.914,4.500,0.0300,0.2500,70.00,antimatter,60,450;300;200;100;50,2,6,1.5,2.5,100,-10,5,250,40,5,250,60,1,8,11,0,0.06,4,0.5,50,8,5
37,1,60,FrameTimeStutter,6.000,antimatter,practice,2026-08-31T17:32:23.9802087-04:00,4,1245,20.84953,16.5760,634.67,1390.42,0.000,0.000,-6.0788,9.4038,12.7023,Left,0,0,0,0,0.0000,50.000,0,0.000,0,127.500,71.914,4.500,0.0300,0.2500,70.00,antimatter,60,450;300;200;100;50,2,6,1.5,2.5,100,-10,5,250,40,5,250,60,1,8,11,0,0.06,4,0.5,50,8,5
37,1,60,FrameTimeStutter,6.000,antimatter,practice,2026-08-31T17:32:23.9802087-04:00,4,1246,20.86634,16.8144,634.67,1390.42,0.000,0.000,-6.0788,9.4038,12.7023,Left,0,0,0,0,0.0000,50.000,0,0.000,0,127.500,71.914,4.500,0.0300,0.2500,70.00,antimatter,60,450;300;200;100;50,2,6,1.5,2.5,100,-10,5,250,40,5,250,60,1,8,11,0,0.06,4,0.5,50,8,5
37,1,60,FrameTimeStutter,6.000,antimatter,practice,2026-08-31T17:32:23.9802087-04:00,4,1247,20.88276,16.4118,634.67,1390.42,0.000,0.000,-6.0788,9.4038,12.7023,Left,0,0,0,0,0.0000,50.000,0,0.000,0,127.500,71.914,4.500,0.0300,0.2500,70.00,antimatter,60,450;300;200;100;50,2,6,1.5,2.5,100,-10,5,250,40,5,250,60,1,8,11,0,0.06,4,0.5,50,8,5
37,1,60,FrameTimeStutter,6.000,antimatter,practice,2026-08-31T17:32:23.9802087-04:00,4,1248,20.89965,16.8937,634.67,1390.42,0.000,0.000,-6.0788,9.4038,12.7023,Left,0,0,0,0,0.0000,50.000,0,0.000,0,127.500,71.914,4.500,0.0300,0.2500,70.00,antimatter,60,450;300;200;100;50,2,6,1.5,2.5,100,-10,5,250,40,5,250,60,1,8,11,0,0.06,4,0.5,50,8,5
37,1,60,FrameTimeStutter,6.000,antimatter,practice,2026-08-31T17:32:23.9802087-04:00,4,1249,20.91586,16.2135,634.67,1390.42,0.000,0.000,-6.0788,9.4038,12.7023,Left,0,0,0,0,0.0000,50.000,0,0.000,0,127.500,71.914,4.500,0.0300,0.2500,70.00,antimatter,60,450;300;200;100;50,2,6,1.5,2.5,100,-10,5,250,40,5,250,60,1,8,11,0,0.06,4,0.5,50,8,5
37,1,60,FrameTimeStutter,6.000,antimatter,practice,2026-08-31T17:32:23.9802087-04:00,4,1250,20.93280,16.9335,634.67,1390.42,0.000,0.000,-6.0788,9.4038,12.7023,Left,0,0,0,0,0.0000,50.000,0,0.000,0,127.500,71.914,4.500,0.0300,0.2500,70.00,antimatter,60,450;300;200;100;50,2,6,1.5,2.5,100,-10,5,250,40,5,250,60,1,8,11,0,0.06,4,0.5,50,8,5
37,1,60,FrameTimeStutter,6.000,antimatter,practice,2026-08-31T17:32:23.9802087-04:00,4,1251,20.94951,16.7143,634.67,1390.42,0.000,0.000,-6.0788,9.4038,12.7023,Left,0,0,0,0,0.0000,50.000,0,0.000,0,127.500,71.914,4.500,0.0300,0.2500,70.00,antimatter,60,450;300;200;100;50,2,6,1.5,2.5,100,-10,5,250,40,5,250,60,1,8,11,0,0.06,4,0.5,50,8,5
37,1,60,FrameTimeStutter,6.000,antimatter,practice,2026-08-31T17:32:23.9802087-04:00,4,1252,20.96585,16.3345,634.67,1390.42,0.000,0.000,-6.0788,9.4038,12.7023,Left,0,0,0,0,0.0000,50.000,0,0.000,0,127.500,71.914,4.500,0.0300,0.2500,70.00,antimatter,60,450;300;200;100;50,2,6,1.5,2.5,100,-10,5,250,40,5,250,60,1,8,11,0,0.06,4,0.5,50,8,5
37,1,60,FrameTimeStutter,6.000,antimatter,practice,2026-08-31T17:32:23.9802087-04:00,4,1253,20.98251,16.6623,634.67,1390.42,0.000,0.000,-6.0788,9.4038,12.7023,Left,0,0,0,0,0.0000,50.000,0,0.000,0,127.500,71.914,4.500,0.0300,0.2500,70.00,antimatter,60,450;300;200;100;50,2,6,1.5,2.5,100,-10,5,250,40,5,250,60,1,8,11,0,0.06,4,0.5,50,8,5
37,1,60,FrameTimeStutter,6.000,antimatter,practice,2026-08-31T17:32:23.9802087-04:00,4,1254,20.99920,16.6890,634.67,1390.42,0.000,0.000,-6.0788,9.4038,12.7023,Left,0,0,0,0,0.0000,50.000,0,0.000,0,127.500,71.914,4.500,0.0300,0.2500,70.00,antimatter,60,450;300;200;100;50,2,6,1.5,2.5,100,-10,5,250,40,5,250,60,1,8,11,0,0.06,4,0.5,50,8,5
37,1,60,FrameTimeStutter,6.000,antimatter,practice,2026-08-31T17:32:23.9802087-04:00,4,1255,21.01559,16.3925,634.67,1390.42,0.000,0.000,-6.0788,9.4038,12.7023,Left,0,0,0,0,0.0000,50.000,0,0.000,0,127.500,71.914,4.500,0.0300,0.2500,70.00,antimatter,60,450;300;200;100;50,2,6,1.5,2.5,100,-10,5,250,40,5,250,60,1,8,11,0,0.06,4,0.5,50,8,5
37,1,60,FrameTimeStutter,6.000,antimatter,practice,2026-08-31T17:32:23.9802087-04:00,4,1256,21.03257,16.9807,634.67,1390.42,0.000,0.000,-6.0788,9.4038,12.7023,Left,0,0,0,0,0.0000,50.000,0,0.000,0,127.500,71.914,4.500,0.0300,0.2500,70.00,antimatter,60,450;300;200;100;50,2,6,1.5,2.5,100,-10,5,250,40,5,250,60,1,8,11,0,0.06,4,0.5,50,8,5
37,1,60,FrameTimeStutter,6.000,antimatter,practice,2026-08-31T17:32:23.9802087-04:00,4,1257,21.04918,16.6039,634.67,1390.42,0.000,0.000,-6.0788,9.4038,12.7023,Left,0,0,0,0,0.0000,50.000,0,0.000,0,127.500,71.914,4.500,0.0300,0.2500,70.00,antimatter,60,450;300;200;100;50,2,6,1.5,2.5,100,-10,5,250,40,5,250,60,1,8,11,0,0.06,4,0.5,50,8,5
37,1,60,FrameTimeStutter,6.000,antimatter,practice,2026-08-31T17:32:23.9802087-04:00,4,1258,21.06629,17.1178,634.67,1390.42,0.000,0.000,-6.0788,9.4038,12.7023,Left,0,0,0,0,0.0000,50.000,0,0.000,0,127.500,71.914,4.500,0.0300,0.2500,70.00,antimatter,60,450;300;200;100;50,2,6,1.5,2.5,100,-10,5,250,40,5,250,60,1,8,11,0,0.06,4,0.5,50,8,5
37,1,60,FrameTimeStutter,6.000,antimatter,practice,2026-08-31T17:32:23.9802087-04:00,4,1259,21.08300,16.7060,634.67,1390.42,0.000,0.000,-6.0788,9.4038,12.7023,Left,0,0,0,0,0.0000,50.000,0,0.000,0,127.500,71.914,4.500,0.0300,0.2500,70.00,antimatter,60,450;300;200;100;50,2,6,1.5,2.5,100,-10,5,250,40,5,250,60,1,8,11,0,0.06,4,0.5,50,8,5
37,1,60,FrameTimeStutter,6.000,antimatter,practice,2026-08-31T17:32:23.9802087-04:00,4,1260,21.09905,16.0551,634.67,1390.42,0.000,0.000,-6.0788,9.4038,12.7023,Left,0,0,0,0,0.0000,50.000,0,0.000,0,127.500,71.914,4.500,0.0300,0.2500,70.00,antimatter,60,450;300;200;100;50,2,6,1.5,2.5,100,-10,5,250,40,5,250,60,1,8,11,0,0.06,4,0.5,50,8,5
37,1,60,FrameTimeStutter,6.000,antimatter,practice,2026-08-31T17:32:23.9802087-04:00,4,1261,21.11578,16.7229,634.67,1390.42,0.000,0.000,-6.0788,9.4038,12.7023,Left,0,0,0,0,0.0000,50.000,0,0.000,0,127.500,71.914,4.500,0.0300,0.2500,70.00,antimatter,60,450;300;200;100;50,2,6,1.5,2.5,100,-10,5,250,40,5,250,60,1,8,11,0,0.06,4,0.5,50,8,5
37,1,60,FrameTimeStutter,6.000,antimatter,practice,2026-08-31T17:32:23.9802087-04:00,4,1262,21.13258,16.8031,634.67,1390.42,0.000,0.000,-6.0788,9.4038,12.7023,Left,0,0,0,0,0.0000,50.000,0,0.000,0,127.500,71.914,4.500,0.0300,0.2500,70.00,antimatter,60,450;300;200;100;50,2,6,1.5,2.5,100,-10,5,250,40,5,250,60,1,8,11,0,0.06,4,0.5,50,8,5
37,1,60,FrameTimeStutter,6.000,antimatter,practice,2026-08-31T17:32:23.9802087-04:00,4,1263,21.14930,16.7166,634.67,1390.42,0.000,0.000,-6.0788,9.4038,12.7023,Left,0,0,0,0,0.0000,50.000,0,0.000,0,127.500,71.914,4.500,0.0300,0.2500,70.00,antimatter,60,450;300;200;100;50,2,6,1.5,2.5,100,-10,5,250,40,5,250,60,1,8,11,0,0.06,4,0.5,50,8,5
37,1,60,FrameTimeStutter,6.000,antimatter,practice,2026-08-31T17:32:23.9802087-04:00,4,1264,21.16556,16.2593,634.67,1390.42,0.000,0.000,-6.0788,9.4038,12.7023,Left,0,0,0,0,0.0000,50.000,0,0.000,0,127.500,71.914,4.500,0.0300,0.2500,70.00,antimatter,60,450;300;200;100;50,2,6,1.5,2.5,100,-10,5,250,40,5,250,60,1,8,11,0,0.06,4,0.5,50,8,5
37,1,60,FrameTimeStutter,6.000,antimatter,practice,2026-08-31T17:32:23.9802087-04:00,4,1265,21.18289,17.3311,634.67,1390.42,0.000,0.000,-6.0788,9.4038,12.7023,Left,0,0,0,0,0.0000,50.000,0,0.000,0,127.500,71.914,4.500,0.0300,0.2500,70.00,antimatter,60,450;300;200;100;50,2,6,1.5,2.5,100,-10,5,250,40,5,250,60,1,8,11,0,0.06,4,0.5,50,8,5
37,1,60,FrameTimeStutter,6.000,antimatter,practice,2026-08-31T17:32:23.9802087-04:00,4,1266,21.19968,16.7972,634.67,1390.42,0.000,0.000,-6.0788,9.4038,12.7023,Left,0,0,0,0,0.0000,50.000,0,0.000,0,127.500,71.914,4.500,0.0300,0.2500,70.00,antimatter,60,450;300;200;100;50,2,6,1.5,2.5,100,-10,5,250,40,5,250,60,1,8,11,0,0.06,4,0.5,50,8,5
37,1,60,FrameTimeStutter,6.000,antimatter,practice,2026-08-31T17:32:23.9802087-04:00,4,1267,21.21598,16.3008,634.67,1390.42,0.000,0.000,-6.0788,9.4038,12.7023,Left,0,0,0,0,0.0000,50.000,0,0.000,0,127.500,71.914,4.500,0.0300,0.2500,70.00,antimatter,60,450;300;200;100;50,2,6,1.5,2.5,100,-10,5,250,40,5,250,60,1,8,11,0,0.06,4,0.5,50,8,5
37,1,60,FrameTimeStutter,6.000,antimatter,practice,2026-08-31T17:32:23.9802087-04:00,4,1268,21.23237,16.3880,634.67,1390.42,0.000,0.000,-6.0788,9.4038,12.7023,Left,0,0,0,0,0.0000,50.000,0,0.000,0,127.500,71.914,4.500,0.0300,0.2500,70.00,antimatter,60,450;300;200;100;50,2,6,1.5,2.5,100,-10,5,250,40,5,250,60,1,8,11,0,0.06,4,0.5,50,8,5
37,1,60,FrameTimeStutter,6.000,antimatter,practice,2026-08-31T17:32:23.9802087-04:00,4,1269,21.24951,17.1386,634.67,1390.42,0.000,0.000,-6.0788,9.4038,12.7023,Left,0,0,0,0,0.0000,50.000,0,0.000,0,127.500,71.914,4.500,0.0300,0.2500,70.00,antimatter,60,450;300;200;100;50,2,6,1.5,2.5,100,-10,5,250,40,5,250,60,1,8,11,0,0.06,4,0.5,50,8,5
37,1,60,FrameTimeStutter,6.000,antimatter,practice,2026-08-31T17:32:23.9802087-04:00,4,1270,21.26576,16.2472,634.67,1390.42,0.000,0.000,-6.0788,9.4038,12.7023,Left,0,0,0,0,0.0000,50.000,0,0.000,0,127.500,71.914,4.500,0.0300,0.2500,70.00,antimatter,60,450;300;200;100;50,2,6,1.5,2.5,100,-10,5,250,40,5,250,60,1,8,11,0,0.06,4,0.5,50,8,5
37,1,60,FrameTimeStutter,6.000,antimatter,practice,2026-08-31T17:32:23.9802087-04:00,4,1271,21.28268,16.9229,634.67,1390.42,0.000,0.000,-6.0788,9.4038,12.7023,Left,0,0,0,0,0.0000,50.000,0,0.000,0,127.500,71.914,4.500,0.0300,0.2500,70.00,antimatter,60,450;300;200;100;50,2,6,1.5,2.5,100,-10,5,250,40,5,250,60,1,8,11,0,0.06,4,0.5,50,8,5
37,1,60,FrameTimeStutter,6.000,antimatter,practice,2026-08-31T17:32:23.9802087-04:00,4,1272,21.29972,17.0371,634.67,1390.42,0.000,0.000,-6.0788,9.4038,12.7023,Left,0,0,0,0,0.0000,50.000,0,0.000,0,127.500,71.914,4.500,0.0300,0.2500,70.00,antimatter,60,450;300;200;100;50,2,6,1.5,2.5,100,-10,5,250,40,5,250,60,1,8,11,0,0.06,4,0.5,50,8,5
37,1,60,FrameTimeStutter,6.000,antimatter,practice,2026-08-31T17:32:23.9802087-04:00,4,1273,21.31630,16.5807,634.67,1390.42,0.000,0.000,-6.0788,9.4038,12.7023,Left,0,0,0,0,0.0000,50.000,0,0.000,0,127.500,71.914,4.500,0.0300,0.2500,70.00,antimatter,60,450;300;200;100;50,2,6,1.5,2.5,100,-10,5,250,40,5,250,60,1,8,11,0,0.06,4,0.5,50,8,5
37,1,60,FrameTimeStutter,6.000,antimatter,practice,2026-08-31T17:32:23.9802087-04:00,4,1274,21.33265,16.3507,634.67,1390.42,0.000,0.000,-6.0788,9.4038,12.7023,Left,0,0,0,0,0.0000,50.000,0,0.000,0,127.500,71.914,4.500,0.0300,0.2500,70.00,antimatter,60,450;300;200;100;50,2,6,1.5,2.5,100,-10,5,250,40,5,250,60,1,8,11,0,0.06,4,0.5,50,8,5
37,1,60,FrameTimeStutter,6.000,antimatter,practice,2026-08-31T17:32:23.9802087-04:00,4,1275,21.34914,16.4942,634.67,1390.42,0.000,0.000,-6.0788,9.4038,12.7023,Left,0,0,0,0,0.0000,50.000,0,0.000,0,127.500,71.914,4.500,0.0300,0.2500,70.00,antimatter,60,450;300;200;100;50,2,6,1.5,2.5,100,-10,5,250,40,5,250,60,1,8,11,0,0.06,4,0.5,50,8,5
37,1,60,FrameTimeStutter,6.000,antimatter,practice,2026-08-31T17:32:23.9802087-04:00,4,1276,21.36616,17.0133,634.67,1390.42,0.000,0.000,-6.0788,9.4038,12.7023,Left,0,0,0,0,0.0000,50.000,0,0.000,0,127.500,71.914,4.500,0.0300,0.2500,70.00,antimatter,60,450;300;200;100;50,2,6,1.5,2.5,100,-10,5,250,40,5,250,60,1,8,11,0,0.06,4,0.5,50,8,5
37,1,60,FrameTimeStutter,6.000,antimatter,practice,2026-08-31T17:32:23.9802087-04:00,4,1277,21.38237,16.2147,634.67,1390.42,0.000,0.000,-6.0788,9.4038,12.7023,Left,0,0,0,0,0.0000,50.000,0,0.000,0,127.500,71.914,4.500,0.0300,0.2500,70.00,antimatter,60,450;300;200;100;50,2,6,1.5,2.5,100,-10,5,250,40,5,250,60,1,8,11,0,0.06,4,0.5,50,8,5
37,1,60,FrameTimeStutter,6.000,antimatter,practice,2026-08-31T17:32:23.9802087-04:00,4,1278,21.39930,16.9314,634.67,1390.42,0.000,0.000,-6.0788,9.4038,12.7023,Left,0,0,0,0,0.0000,50.000,0,0.000,0,127.500,71.914,4.500,0.0300,0.2500,70.00,antimatter,60,450;300;200;100;50,2,6,1.5,2.5,100,-10,5,250,40,5,250,60,1,8,11,0,0.06,4,0.5,50,8,5
37,1,60,FrameTimeStutter,6.000,antimatter,practice,2026-08-31T17:32:23.9802087-04:00,4,1279,21.41561,16.3073,634.67,1390.42,0.000,0.000,-6.0788,9.4038,12.7023,Left,0,0,0,0,0.0000,50.000,0,0.000,0,127.500,71.914,4.500,0.0300,0.2500,70.00,antimatter,60,450;300;200;100;50,2,6,1.5,2.5,100,-10,5,250,40,5,250,60,1,8,11,0,0.06,4,0.5,50,8,5
37,1,60,FrameTimeStutter,6.000,antimatter,practice,2026-08-31T17:32:23.9802087-04:00,4,1280,21.43229,16.6743,634.67,1390.42,0.000,0.000,-6.0788,9.4038,12.7023,Left,0,0,0,0,0.0000,50.000,0,0.000,0,127.500,71.914,4.500,0.0300,0.2500,70.00,antimatter,60,450;300;200;100;50,2,6,1.5,2.5,100,-10,5,250,40,5,250,60,1,8,11,0,0.06,4,0.5,50,8,5
37,1,60,FrameTimeStutter,6.000,antimatter,practice,2026-08-31T17:32:23.9802087-04:00,4,1281,21.44887,16.5887,634.67,1390.42,0.000,0.000,-6.0788,9.4038,12.7023,Left,0,0,0,0,0.0000,50.000,0,0.000,0,127.500,71.914,4.500,0.0300,0.2500,70.00,antimatter,60,450;300;200;100;50,2,6,1.5,2.5,100,-10,5,250,40,5,250,60,1,8,11,0,0.06,4,0.5,50,8,5
37,1,60,FrameTimeStutter,6.000,antimatter,practice,2026-08-31T17:32:23.9802087-04:00,4,1282,21.46567,16.7970,634.67,1390.42,0.000,0.000,-6.0788,9.4038,12.7023,Left,0,0,0,0,0.0000,50.000,0,0.000,0,127.500,71.914,4.500,0.0300,0.2500,70.00,antimatter,60,450;300;200;100;50,2,6,1.5,2.5,100,-10,5,250,40,5,250,60,1,8,11,0,0.06,4,0.5,50,8,5
37,1,60,FrameTimeStutter,6.000,antimatter,practice,2026-08-31T17:32:23.9802087-04:00,4,1283,21.48252,16.8540,634.67,1390.42,0.000,0.000,-6.0788,9.4038,12.7023,Left,0,0,0,0,0.0000,50.000,0,0.000,0,127.500,71.914,4.500,0.0300,0.2500,70.00,antimatter,60,450;300;200;100;50,2,6,1.5,2.5,100,-10,5,250,40,5,250,60,1,8,11,0,0.06,4,0.5,50,8,5
37,1,60,FrameTimeStutter,6.000,antimatter,practice,2026-08-31T17:32:23.9802087-04:00,4,1284,21.49925,16.7264,634.67,1390.42,0.000,0.000,-6.0788,9.4038,12.7023,Left,0,0,0,0,0.0000,50.000,0,0.000,0,127.500,71.914,4.500,0.0300,0.2500,70.00,antimatter,60,450;300;200;100;50,2,6,1.5,2.5,100,-10,5,250,40,5,250,60,1,8,11,0,0.06,4,0.5,50,8,5
37,1,60,FrameTimeStutter,6.000,antimatter,practice,2026-08-31T17:32:23.9802087-04:00,4,1285,21.51570,16.4522,634.67,1390.42,0.000,0.000,-6.0788,9.4038,12.7023,Left,0,0,0,0,0.0000,50.000,0,0.000,0,127.500,71.914,4.500,0.0300,0.2500,70.00,antimatter,60,450;300;200;100;50,2,6,1.5,2.5,100,-10,5,250,40,5,250,60,1,8,11,0,0.06,4,0.5,50,8,5
37,1,60,FrameTimeStutter,6.000,antimatter,practice,2026-08-31T17:32:23.9802087-04:00,4,1286,21.53233,16.6259,634.67,1390.42,0.000,0.000,-6.0788,9.4038,12.7023,Left,0,0,0,0,0.0000,50.000,0,0.000,0,127.500,71.914,4.500,0.0300,0.2500,70.00,antimatter,60,450;300;200;100;50,2,6,1.5,2.5,100,-10,5,250,40,5,250,60,1,8,11,0,0.06,4,0.5,50,8,5
37,1,60,FrameTimeStutter,6.000,antimatter,practice,2026-08-31T17:32:23.9802087-04:00,4,1287,21.54891,16.5811,634.67,1390.42,0.000,0.000,-6.0788,9.4038,12.7023,Left,0,0,0,0,0.0000,50.000,0,0.000,0,127.500,71.914,4.500,0.0300,0.2500,70.00,antimatter,60,450;300;200;100;50,2,6,1.5,2.5,100,-10,5,250,40,5,250,60,1,8,11,0,0.06,4,0.5,50,8,5
37,1,60,FrameTimeStutter,6.000,antimatter,practice,2026-08-31T17:32:23.9802087-04:00,4,1288,21.56589,16.9771,634.67,1390.42,0.000,0.000,-6.0788,9.4038,12.7023,Left,0,0,0,0,0.0000,50.000,0,0.000,0,127.500,71.914,4.500,0.0300,0.2500,70.00,antimatter,60,450;300;200;100;50,2,6,1.5,2.5,100,-10,5,250,40,5,250,60,1,8,11,0,0.06,4,0.5,50,8,5
37,1,60,FrameTimeStutter,6.000,antimatter,practice,2026-08-31T17:32:23.9802087-04:00,4,1289,21.58283,16.9400,634.67,1390.42,0.000,0.000,-6.0788,9.4038,12.7023,Left,0,0,0,0,0.0000,50.000,0,0.000,0,127.500,71.914,4.500,0.0300,0.2500,70.00,antimatter,60,450;300;200;100;50,2,6,1.5,2.5,100,-10,5,250,40,5,250,60,1,8,11,0,0.06,4,0.5,50,8,5
37,1,60,FrameTimeStutter,6.000,antimatter,practice,2026-08-31T17:32:23.9802087-04:00,4,1290,21.59883,16.0082,634.67,1390.42,0.000,0.000,-6.0788,9.4038,12.7023,Left,0,0,0,0,0.0000,50.000,0,0.000,0,127.500,71.914,4.500,0.0300,0.2500,70.00,antimatter,60,450;300;200;100;50,2,6,1.5,2.5,100,-10,5,250,40,5,250,60,1,8,11,0,0.06,4,0.5,50,8,5
37,1,60,FrameTimeStutter,6.000,antimatter,practice,2026-08-31T17:32:23.9802087-04:00,4,1291,21.61565,16.8173,634.67,1390.42,0.000,0.000,-6.0788,9.4038,12.7023,Left,0,0,0,0,0.0000,50.000,0,0.000,0,127.500,71.914,4.500,0.0300,0.2500,70.00,antimatter,60,450;300;200;100;50,2,6,1.5,2.5,100,-10,5,250,40,5,250,60,1,8,11,0,0.06,4,0.5,50,8,5
37,1,60,FrameTimeStutter,6.000,antimatter,practice,2026-08-31T17:32:23.9802087-04:00,4,1292,21.63263,16.9718,634.67,1390.42,0.000,0.000,-6.0788,9.4038,12.7023,Left,0,0,0,0,0.0000,50.000,0,0.000,0,127.500,71.914,4.500,0.0300,0.2500,70.00,antimatter,60,450;300;200;100;50,2,6,1.5,2.5,100,-10,5,250,40,5,250,60,1,8,11,0,0.06,4,0.5,50,8,5
37,1,60,FrameTimeStutter,6.000,antimatter,practice,2026-08-31T17:32:23.9802087-04:00,4,1293,21.64928,16.6516,634.67,1390.42,0.000,0.000,-6.0788,9.4038,12.7023,Left,0,0,0,0,0.0000,50.000,0,0.000,0,127.500,71.914,4.500,0.0300,0.2500,70.00,antimatter,60,450;300;200;100;50,2,6,1.5,2.5,100,-10,5,250,40,5,250,60,1,8,11,0,0.06,4,0.5,50,8,5
37,1,60,FrameTimeStutter,6.000,antimatter,practice,2026-08-31T17:32:23.9802087-04:00,4,1294,21.66573,16.4521,634.67,1390.42,0.000,0.000,-6.0788,9.4038,12.7023,Left,0,0,0,0,0.0000,50.000,0,0.000,0,127.500,71.914,4.500,0.0300,0.2500,70.00,antimatter,60,450;300;200;100;50,2,6,1.5,2.5,100,-10,5,250,40,5,250,60,1,8,11,0,0.06,4,0.5,50,8,5
37,1,60,FrameTimeStutter,6.000,antimatter,practice,2026-08-31T17:32:23.9802087-04:00,4,1295,21.68243,16.7021,634.67,1390.42,0.000,0.000,-6.0788,9.4038,12.7023,Left,0,0,0,0,0.0000,50.000,0,0.000,0,127.500,71.914,4.500,0.0300,0.2500,70.00,antimatter,60,450;300;200;100;50,2,6,1.5,2.5,100,-10,5,250,40,5,250,60,1,8,11,0,0.06,4,0.5,50,8,5
37,1,60,FrameTimeStutter,6.000,antimatter,practice,2026-08-31T17:32:23.9802087-04:00,4,1296,21.69949,17.0585,634.67,1390.42,0.000,0.000,-6.0788,9.4038,12.7023,Left,0,0,0,0,0.0000,50.000,0,0.000,0,127.500,71.914,4.500,0.0300,0.2500,70.00,antimatter,60,450;300;200;100;50,2,6,1.5,2.5,100,-10,5,250,40,5,250,60,1,8,11,0,0.06,4,0.5,50,8,5
37,1,60,FrameTimeStutter,6.000,antimatter,practice,2026-08-31T17:32:23.9802087-04:00,4,1297,21.71595,16.4631,634.67,1390.42,0.000,0.000,-6.0788,9.4038,12.7023,Left,0,0,0,0,0.0000,50.000,0,0.000,0,127.500,71.914,4.500,0.0300,0.2500,70.00,antimatter,60,450;300;200;100;50,2,6,1.5,2.5,100,-10,5,250,40,5,250,60,1,8,11,0,0.06,4,0.5,50,8,5
37,1,60,FrameTimeStutter,6.000,antimatter,practice,2026-08-31T17:32:23.9802087-04:00,4,1298,21.73224,16.2901,634.67,1390.42,0.000,0.000,-6.0788,9.4038,12.7023,Left,0,0,0,0,0.0000,50.000,0,0.000,0,127.500,71.914,4.500,0.0300,0.2500,70.00,antimatter,60,450;300;200;100;50,2,6,1.5,2.5,100,-10,5,250,40,5,250,60,1,8,11,0,0.06,4,0.5,50,8,5
37,1,60,FrameTimeStutter,6.000,antimatter,practice,2026-08-31T17:32:23.9802087-04:00,4,1299,21.74897,16.7231,634.67,1390.42,0.000,0.000,-6.0788,9.4038,12.7023,Left,0,0,0,0,0.0000,50.000,0,0.000,0,127.500,71.914,4.500,0.0300,0.2500,70.00,antimatter,60,450;300;200;100;50,2,6,1.5,2.5,100,-10,5,250,40,5,250,60,1,8,11,0,0.06,4,0.5,50,8,5
37,1,60,FrameTimeStutter,6.000,antimatter,practice,2026-08-31T17:32:23.9802087-04:00,4,1300,21.76593,16.9642,634.67,1390.42,0.000,0.000,-6.0788,9.4038,12.7023,Left,0,0,0,0,0.0000,50.000,0,0.000,0,127.500,71.914,4.500,0.0300,0.2500,70.00,antimatter,60,450;300;200;100;50,2,6,1.5,2.5,100,-10,5,250,40,5,250,60,1,8,11,0,0.06,4,0.5,50,8,5
37,1,60,FrameTimeStutter,6.000,antimatter,practice,2026-08-31T17:32:23.9802087-04:00,4,1301,21.78323,17.2959,634.67,1390.42,0.000,0.000,-6.0788,9.4038,12.7023,Left,0,0,0,0,0.0000,50.000,0,0.000,0,127.500,71.914,4.500,0.0300,0.2500,70.00,antimatter,60,450;300;200;100;50,2,6,1.5,2.5,100,-10,5,250,40,5,250,60,1,8,11,0,0.06,4,0.5,50,8,5
37,1,60,FrameTimeStutter,6.000,antimatter,practice,2026-08-31T17:32:23.9802087-04:00,4,1302,21.79939,16.1662,634.67,1390.42,0.000,0.000,-6.0788,9.4038,12.7023,Left,0,0,0,0,0.0000,50.000,0,0.000,0,127.500,71.914,4.500,0.0300,0.2500,70.00,antimatter,60,450;300;200;100;50,2,6,1.5,2.5,100,-10,5,250,40,5,250,60,1,8,11,0,0.06,4,0.5,50,8,5
37,1,60,FrameTimeStutter,6.000,antimatter,practice,2026-08-31T17:32:23.9802087-04:00,4,1303,21.81576,16.3669,634.67,1390.42,0.000,0.000,-6.0788,9.4038,12.7023,Left,0,0,0,0,0.0000,50.000,0,0.000,0,127.500,71.914,4.500,0.0300,0.2500,70.00,antimatter,60,450;300;200;100;50,2,6,1.5,2.5,100,-10,5,250,40,5,250,60,1,8,11,0,0.06,4,0.5,50,8,5
37,1,60,FrameTimeStutter,6.000,antimatter,practice,2026-08-31T17:32:23.9802087-04:00,4,1304,21.83271,16.9540,634.67,1390.42,0.000,0.000,-6.0788,9.4038,12.7023,Left,0,0,0,0,0.0000,50.000,0,0.000,0,127.500,71.914,4.500,0.0300,0.2500,70.00,antimatter,60,450;300;200;100;50,2,6,1.5,2.5,100,-10,5,250,40,5,250,60,1,8,11,0,0.06,4,0.5,50,8,5
37,1,60,FrameTimeStutter,6.000,antimatter,practice,2026-08-31T17:32:23.9802087-04:00,4,1305,21.84914,16.4286,634.67,1390.42,0.000,0.000,-6.0788,9.4038,12.7023,Left,0,0,0,0,0.0000,50.000,0,0.000,0,127.500,71.914,4.500,0.0300,0.2500,70.00,antimatter,60,450;300;200;100;50,2,6,1.5,2.5,100,-10,5,250,40,5,250,60,1,8,11,0,0.06,4,0.5,50,8,5
37,1,60,FrameTimeStutter,6.000,antimatter,practice,2026-08-31T17:32:23.9802087-04:00,4,1306,21.86626,17.1195,634.67,1390.42,0.000,0.000,-6.0788,9.4038,12.7023,Left,0,0,0,0,0.0000,50.000,0,0.000,0,127.500,71.914,4.500,0.0300,0.2500,70.00,antimatter,60,450;300;200;100;50,2,6,1.5,2.5,100,-10,5,250,40,5,250,60,1,8,11,0,0.06,4,0.5,50,8,5
37,1,60,FrameTimeStutter,6.000,antimatter,practice,2026-08-31T17:32:23.9802087-04:00,4,1307,21.88237,16.1137,634.67,1390.42,0.000,0.000,-6.0788,9.4038,12.7023,Left,0,0,0,0,0.0000,50.000,0,0.000,0,127.500,71.914,4.500,0.0300,0.2500,70.00,antimatter,60,450;300;200;100;50,2,6,1.5,2.5,100,-10,5,250,40,5,250,60,1,8,11,0,0.06,4,0.5,50,8,5
37,1,60,FrameTimeStutter,6.000,antimatter,practice,2026-08-31T17:32:23.9802087-04:00,4,1308,21.89932,16.9474,634.67,1390.42,0.000,0.000,-6.0788,9.4038,12.7023,Left,0,0,0,0,0.0000,50.000,0,0.000,0,127.500,71.914,4.500,0.0300,0.2500,70.00,antimatter,60,450;300;200;100;50,2,6,1.5,2.5,100,-10,5,250,40,5,250,60,1,8,11,0,0.06,4,0.5,50,8,5
37,1,60,FrameTimeStutter,6.000,antimatter,practice,2026-08-31T17:32:23.9802087-04:00,4,1309,21.91627,16.9504,634.67,1390.42,0.000,0.000,-6.0788,9.4038,12.7023,Left,0,0,0,0,0.0000,50.000,0,0.000,0,127.500,71.914,4.500,0.0300,0.2500,70.00,antimatter,60,450;300;200;100;50,2,6,1.5,2.5,100,-10,5,250,40,5,250,60,1,8,11,0,0.06,4,0.5,50,8,5
37,1,60,FrameTimeStutter,6.000,antimatter,practice,2026-08-31T17:32:23.9802087-04:00,4,1310,21.93276,16.4862,634.67,1390.42,0.000,0.000,-6.0788,9.4038,12.7023,Left,0,0,0,0,0.0000,50.000,0,0.000,0,127.500,71.914,4.500,0.0300,0.2500,70.00,antimatter,60,450;300;200;100;50,2,6,1.5,2.5,100,-10,5,250,40,5,250,60,1,8,11,0,0.06,4,0.5,50,8,5
37,1,60,FrameTimeStutter,6.000,antimatter,practice,2026-08-31T17:32:23.9802087-04:00,4,1311,21.94921,16.4516,634.67,1390.42,0.000,0.000,-6.0788,9.4038,12.7023,Left,0,0,0,0,0.0000,50.000,0,0.000,0,127.500,71.914,4.500,0.0300,0.2500,70.00,antimatter,60,450;300;200;100;50,2,6,1.5,2.5,100,-10,5,250,40,5,250,60,1,8,11,0,0.06,4,0.5,50,8,5
37,1,60,FrameTimeStutter,6.000,antimatter,practice,2026-08-31T17:32:23.9802087-04:00,4,1312,21.96568,16.4691,634.67,1390.42,0.000,0.000,-6.0788,9.4038,12.7023,Left,0,0,0,0,0.0000,50.000,0,0.000,0,127.500,71.914,4.500,0.0300,0.2500,70.00,antimatter,60,450;300;200;100;50,2,6,1.5,2.5,100,-10,5,250,40,5,250,60,1,8,11,0,0.06,4,0.5,50,8,5
37,1,60,FrameTimeStutter,6.000,antimatter,practice,2026-08-31T17:32:23.9802087-04:00,4,1313,21.98256,16.8818,634.67,1390.42,0.000,0.000,-6.0788,9.4038,12.7023,Left,0,0,0,0,0.0000,50.000,0,0.000,0,127.500,71.914,4.500,0.0300,0.2500,70.00,antimatter,60,450;300;200;100;50,2,6,1.5,2.5,100,-10,5,250,40,5,250,60,1,8,11,0,0.06,4,0.5,50,8,5
37,1,60,FrameTimeStutter,6.000,antimatter,practice,2026-08-31T17:32:23.9802087-04:00,4,1314,21.99908,16.5161,634.67,1390.42,0.000,0.000,-6.0788,9.4038,12.7023,Left,0,0,0,0,0.0000,50.000,0,0.000,0,127.500,71.914,4.500,0.0300,0.2500,70.00,antimatter,60,450;300;200;100;50,2,6,1.5,2.5,100,-10,5,250,40,5,250,60,1,8,11,0,0.06,4,0.5,50,8,5
37,1,60,FrameTimeStutter,6.000,antimatter,practice,2026-08-31T17:32:23.9802087-04:00,4,1315,22.01563,16.5521,634.67,1390.42,0.000,0.000,-6.0788,9.4038,12.7023,Left,0,0,0,0,0.0000,50.000,0,0.000,0,127.500,71.914,4.500,0.0300,0.2500,70.00,antimatter,60,450;300;200;100;50,2,6,1.5,2.5,100,-10,5,250,40,5,250,60,1,8,11,0,0.06,4,0.5,50,8,5
37,1,60,FrameTimeStutter,6.000,antimatter,practice,2026-08-31T17:32:23.9802087-04:00,4,1316,22.03317,17.5428,634.67,1390.42,0.000,0.000,-6.0788,9.4038,12.7023,Left,0,0,0,0,0.0000,50.000,0,0.000,0,127.500,71.914,4.500,0.0300,0.2500,70.00,antimatter,60,450;300;200;100;50,2,6,1.5,2.5,100,-10,5,250,40,5,250,60,1,8,11,0,0.06,4,0.5,50,8,5
37,1,60,FrameTimeStutter,6.000,antimatter,practice,2026-08-31T17:32:23.9802087-04:00,4,1317,22.04930,16.1280,634.67,1390.42,0.000,0.000,-6.0788,9.4038,12.7023,Left,0,0,0,0,0.0000,50.000,0,0.000,0,127.500,71.914,4.500,0.0300,0.2500,70.00,antimatter,60,450;300;200;100;50,2,6,1.5,2.5,100,-10,5,250,40,5,250,60,1,8,11,0,0.06,4,0.5,50,8,5
37,1,60,FrameTimeStutter,6.000,antimatter,practice,2026-08-31T17:32:23.9802087-04:00,4,1318,22.06554,16.2450,634.67,1390.42,0.000,0.000,-6.0788,9.4038,12.7023,Left,0,0,0,0,0.0000,50.000,0,0.000,0,127.500,71.914,4.500,0.0300,0.2500,70.00,antimatter,60,450;300;200;100;50,2,6,1.5,2.5,100,-10,5,250,40,5,250,60,1,8,11,0,0.06,4,0.5,50,8,5
37,1,60,FrameTimeStutter,6.000,antimatter,practice,2026-08-31T17:32:23.9802087-04:00,4,1319,22.08220,16.6506,634.67,1390.42,0.000,0.000,-6.0788,9.4038,12.7023,Left,0,0,0,0,0.0000,50.000,0,0.000,0,127.500,71.914,4.500,0.0300,0.2500,70.00,antimatter,60,450;300;200;100;50,2,6,1.5,2.5,100,-10,5,250,40,5,250,60,1,8,11,0,0.06,4,0.5,50,8,5
37,1,60,FrameTimeStutter,6.000,antimatter,practice,2026-08-31T17:32:23.9802087-04:00,4,1320,22.09931,17.1183,634.67,1390.42,0.000,0.000,-6.0788,9.4038,12.7023,Left,0,0,0,0,0.0000,50.000,0,0.000,0,127.500,71.914,4.500,0.0300,0.2500,70.00,antimatter,60,450;300;200;100;50,2,6,1.5,2.5,100,-10,5,250,40,5,250,60,1,8,11,0,0.06,4,0.5,50,8,5
37,1,60,FrameTimeStutter,6.000,antimatter,practice,2026-08-31T17:32:23.9802087-04:00,4,1321,22.11652,17.2058,635.92,1390.42,1.000,0.000,-6.0606,9.4038,12.7023,Left,0,0,0,0,0.0000,50.000,0,0.000,0,127.500,71.914,4.500,0.0300,0.2500,70.00,antimatter,60,450;300;200;100;50,2,6,1.5,2.5,100,-10,5,250,40,5,250,60,1,8,11,0,0.06,4,0.5,50,8,5
37,1,60,FrameTimeStutter,6.000,antimatter,practice,2026-08-31T17:32:23.9802087-04:00,4,1322,22.13247,15.9484,638.43,1390.42,2.000,0.000,-6.0240,9.4038,12.7023,Left,0,0,0,0,0.0000,50.000,0,0.000,0,127.500,71.914,4.500,0.0300,0.2500,70.00,antimatter,60,450;300;200;100;50,2,6,1.5,2.5,100,-10,5,250,40,5,250,60,1,8,11,0,0.06,4,0.5,50,8,5
37,1,60,FrameTimeStutter,6.000,antimatter,practice,2026-08-31T17:32:23.9802087-04:00,4,1323,22.14945,16.9860,639.69,1390.42,1.000,0.000,-6.0057,9.4038,12.7023,Left,0,0,0,0,0.0000,50.000,0,0.000,0,127.500,71.914,4.500,0.0300,0.2500,70.00,antimatter,60,450;300;200;100;50,2,6,1.5,2.5,100,-10,5,250,40,5,250,60,1,8,11,0,0.06,4,0.5,50,8,5
37,1,60,FrameTimeStutter,6.000,antimatter,practice,2026-08-31T17:32:23.9802087-04:00,4,1324,22.16596,16.5080,642.20,1390.42,2.000,0.000,-5.9692,9.4038,12.7023,Left,0,0,0,0,0.0000,50.000,0,0.000,0,127.500,71.914,4.500,0.0300,0.2500,70.00,antimatter,60,450;300;200;100;50,2,6,1.5,2.5,100,-10,5,250,40,5,250,60,1,8,11,0,0.06,4,0.5,50,8,5
37,1,60,FrameTimeStutter,6.000,antimatter,practice,2026-08-31T17:32:23.9802087-04:00,4,1325,22.18211,16.1484,644.70,1390.42,2.000,0.000,-5.9326,9.4038,12.7023,Left,0,0,0,0,0.0000,50.000,0,0.000,0,127.500,71.914,4.500,0.0300,0.2500,70.00,antimatter,60,450;300;200;100;50,2,6,1.5,2.5,100,-10,5,250,40,5,250,60,1,8,11,0,0.06,4,0.5,50,8,5
37,1,60,FrameTimeStutter,6.000,antimatter,practice,2026-08-31T17:32:23.9802087-04:00,4,1326,22.19895,16.8393,645.96,1390.42,1.000,0.000,-5.9143,9.4038,12.7023,Left,0,0,0,0,0.0000,50.000,0,0.000,0,127.500,71.914,4.500,0.0300,0.2500,70.00,antimatter,60,450;300;200;100;50,2,6,1.5,2.5,100,-10,5,250,40,5,250,60,1,8,11,0,0.06,4,0.5,50,8,5
37,1,60,FrameTimeStutter,6.000,antimatter,practice,2026-08-31T17:32:23.9802087-04:00,4,1327,22.21562,16.6721,648.47,1390.42,2.000,0.000,-5.8778,9.4038,12.7023,Left,0,0,0,0,0.0000,50.000,0,0.000,0,127.500,71.914,4.500,0.0300,0.2500,70.00,antimatter,60,450;300;200;100;50,2,6,1.5,2.5,100,-10,5,250,40,5,250,60,1,8,11,0,0.06,4,0.5,50,8,5
37,1,60,FrameTimeStutter,6.000,antimatter,practice,2026-08-31T17:32:23.9802087-04:00,4,1328,22.23265,17.0261,650.98,1390.42,2.000,0.000,-5.8412,9.4038,12.7023,Left,0,0,0,0,0.0000,50.000,0,0.000,0,127.500,71.914,4.500,0.0300,0.2500,70.00,antimatter,60,450;300;200;100;50,2,6,1.5,2.5,100,-10,5,250,40,5,250,60,1,8,11,0,0.06,4,0.5,50,8,5
37,1,60,FrameTimeStutter,6.000,antimatter,practice,2026-08-31T17:32:23.9802087-04:00,4,1329,22.24918,16.5284,653.48,1390.42,2.000,0.000,-5.8046,9.4038,12.7023,Left,0,0,0,0,0.0000,50.000,0,0.000,0,127.500,71.914,4.500,0.0300,0.2500,70.00,antimatter,60,450;300;200;100;50,2,6,1.5,2.5,100,-10,5,250,40,5,250,60,1,8,11,0,0.06,4,0.5,50,8,5
37,1,60,FrameTimeStutter,6.000,antimatter,practice,2026-08-31T17:32:23.9802087-04:00,4,1330,22.26552,16.3425,655.99,1390.42,2.000,0.000,-5.7680,9.4038,12.7023,Left,0,0,0,0,0.0000,50.000,0,0.000,0,127.500,71.914,4.500,0.0300,0.2500,70.00,antimatter,60,450;300;200;100;50,2,6,1.5,2.5,100,-10,5,250,40,5,250,60,1,8,11,0,0.06,4,0.5,50,8,5
37,1,60,FrameTimeStutter,6.000,antimatter,practice,2026-08-31T17:32:23.9802087-04:00,4,1331,22.28279,17.2707,658.50,1390.42,2.000,0.000,-5.7315,9.4038,12.7023,Left,0,0,0,0,0.0000,50.000,0,0.000,0,127.500,71.914,4.500,0.0300,0.2500,70.00,antimatter,60,450;300;200;100;50,2,6,1.5,2.5,100,-10,5,250,40,5,250,60,1,8,11,0,0.06,4,0.5,50,8,5
37,1,60,FrameTimeStutter,6.000,antimatter,practice,2026-08-31T17:32:23.9802087-04:00,4,1332,22.29893,16.1420,659.76,1390.42,1.000,0.000,-5.7132,9.4038,12.7023,Left,0,0,0,0,0.0000,50.000,0,0.000,0,127.500,71.914,4.500,0.0300,0.2500,70.00,antimatter,60,450;300;200;100;50,2,6,1.5,2.5,100,-10,5,250,40,5,250,60,1,8,11,0,0.06,4,0.5,50,8,5
37,1,60,FrameTimeStutter,6.000,antimatter,practice,2026-08-31T17:32:23.9802087-04:00,4,1333,22.31627,17.3339,661.01,1390.42,1.000,0.000,-5.6949,9.4038,12.7023,Left,0,0,0,0,0.0000,50.000,0,0.000,0,127.500,71.914,4.500,0.0300,0.2500,70.00,antimatter,60,450;300;200;100;50,2,6,1.5,2.5,100,-10,5,250,40,5,250,60,1,8,11,0,0.06,4,0.5,50,8,5
37,1,60,FrameTimeStutter,6.000,antimatter,practice,2026-08-31T17:32:23.9802087-04:00,4,1334,22.33323,16.9679,662.26,1390.42,1.000,0.000,-5.6767,9.4038,12.7023,Left,0,0,0,0,0.0000,50.000,0,0.000,0,127.500,71.914,4.500,0.0300,0.2500,70.00,antimatter,60,450;300;200;100;50,2,6,1.5,2.5,100,-10,5,250,40,5,250,60,1,8,11,0,0.06,4,0.5,50,8,5
37,1,60,FrameTimeStutter,6.000,antimatter,practice,2026-08-31T17:32:23.9802087-04:00,4,1335,22.34885,15.6165,662.26,1390.42,0.000,0.000,-5.6767,9.4038,12.7023,Left,0,0,0,0,0.0000,50.000,0,0.000,0,127.500,71.914,4.500,0.0300,0.2500,70.00,antimatter,60,450;300;200;100;50,2,6,1.5,2.5,100,-10,5,250,40,5,250,60,1,8,11,0,0.06,4,0.5,50,8,5
37,1,60,FrameTimeStutter,6.000,antimatter,practice,2026-08-31T17:32:23.9802087-04:00,4,1336,22.36574,16.8855,663.52,1390.42,1.000,0.000,-5.6259,9.4038,12.7023,Left,0,0,0,0,0.0000,50.000,0,0.000,0,127.500,71.914,4.500,0.0300,0.2500,70.00,antimatter,60,450;300;200;100;50,2,6,1.5,2.5,100,-10,5,250,40,5,250,60,1,8,11,0,0.06,4,0.5,50,8,5
37,1,60,FrameTimeStutter,6.000,antimatter,practice,2026-08-31T17:32:23.9802087-04:00,4,1337,22.38248,16.7491,664.77,1390.42,1.000,0.000,-5.5787,9.4038,12.7023,Left,0,0,0,0,0.0000,50.000,0,0.000,0,127.500,71.914,4.500,0.0300,0.2500,70.00,antimatter,60,450;300;200;100;50,2,6,1.5,2.5,100,-10,5,250,40,5,250,60,1,8,11,0,0.06,4,0.5,50,8,5
37,1,60,FrameTimeStutter,6.000,antimatter,practice,2026-08-31T17:32:23.9802087-04:00,4,1338,22.39901,16.5210,664.77,1390.42,0.000,0.000,-5.5351,9.4038,12.7023,Left,0,0,0,0,0.0000,50.000,0,0.000,0,127.500,71.914,4.500,0.0300,0.2500,70.00,antimatter,60,450;300;200;100;50,2,6,1.5,2.5,100,-10,5,250,40,5,250,60,1,8,11,0,0.06,4,0.5,50,8,5
37,1,60,FrameTimeStutter,6.000,antimatter,practice,2026-08-31T17:32:23.9802087-04:00,4,1339,22.41560,16.5971,666.03,1390.42,1.000,0.000,-5.4942,9.4038,12.7023,Left,0,0,0,0,0.0000,50.000,0,0.000,0,127.500,71.914,4.500,0.0300,0.2500,70.00,antimatter,60,450;300;200;100;50,2,6,1.5,2.5,100,-10,5,250,40,5,250,60,1,8,11,0,0.06,4,0.5,50,8,5
37,1,60,FrameTimeStutter,6.000,antimatter,practice,2026-08-31T17:32:23.9802087-04:00,4,1340,22.43288,17.2822,666.03,1390.42,0.000,0.000,-5.4546,9.4038,12.7023,Left,0,0,0,0,0.0000,50.000,0,0.000,0,127.500,71.914,4.500,0.0300,0.2500,70.00,antimatter,60,450;300;200;100;50,2,6,1.5,2.5,100,-10,5,250,40,5,250,60,1,8,11,0,0.06,4,0.5,50,8,5
37,1,60,FrameTimeStutter,6.000,antimatter,practice,2026-08-31T17:32:23.9802087-04:00,4,1341,22.44899,16.1093,666.03,1390.42,0.000,0.000,-5.4204,9.4038,12.7023,Left,0,0,0,0,0.0000,50.000,0,0.000,0,127.500,71.914,4.500,0.0300,0.2500,70.00,antimatter,60,450;300;200;100;50,2,6,1.5,2.5,100,-10,5,250,40,5,250,60,1,8,11,0,0.06,4,0.5,50,8,5
37,1,60,FrameTimeStutter,6.000,antimatter,practice,2026-08-31T17:32:23.9802087-04:00,4,1342,22.46581,16.8194,666.03,1390.42,0.000,0.000,-5.3872,9.4038,12.7023,Left,0,0,0,0,0.0000,50.000,0,0.000,0,127.500,71.914,4.500,0.0300,0.2500,70.00,antimatter,60,450;300;200;100;50,2,6,1.5,2.5,100,-10,5,250,40,5,250,60,1,8,11,0,0.06,4,0.5,50,8,5
37,1,60,FrameTimeStutter,6.000,antimatter,practice,2026-08-31T17:32:23.9802087-04:00,4,1343,22.48286,17.0459,666.03,1390.42,0.000,0.000,-5.3562,9.4038,12.7023,Left,0,0,0,0,0.0000,50.000,0,0.000,0,127.500,71.914,4.500,0.0300,0.2500,70.00,antimatter,60,450;300;200;100;50,2,6,1.5,2.5,100,-10,5,250,40,5,250,60,1,8,11,0,0.06,4,0.5,50,8,5
37,1,60,FrameTimeStutter,6.000,antimatter,practice,2026-08-31T17:32:23.9802087-04:00,4,1344,22.49914,16.2836,666.03,1390.42,0.000,0.000,-5.3290,9.4038,12.7023,Left,0,0,0,0,0.0000,50.000,0,0.000,0,127.500,71.914,4.500,0.0300,0.2500,70.00,antimatter,60,450;300;200;100;50,2,6,1.5,2.5,100,-10,5,250,40,5,250,60,1,8,11,0,0.06,4,0.5,50,8,5
37,1,60,FrameTimeStutter,6.000,antimatter,practice,2026-08-31T17:32:23.9802087-04:00,4,1345,22.51591,16.7634,666.03,1390.42,0.000,0.000,-5.3032,9.4038,12.7023,Left,0,0,0,0,0.0000,50.000,0,0.000,0,127.500,71.914,4.500,0.0300,0.2500,70.00,antimatter,60,450;300;200;100;50,2,6,1.5,2.5,100,-10,5,250,40,5,250,60,1,8,11,0,0.06,4,0.5,50,8,5
37,1,60,FrameTimeStutter,6.000,antimatter,practice,2026-08-31T17:32:23.9802087-04:00,4,1346,22.53272,16.8107,666.03,1390.42,0.000,0.000,-5.2797,9.4038,12.7023,Left,0,0,0,0,0.0000,50.000,0,0.000,0,127.500,71.914,4.500,0.0300,0.2500,70.00,antimatter,60,450;300;200;100;50,2,6,1.5,2.5,100,-10,5,250,40,5,250,60,1,8,11,0,0.06,4,0.5,50,8,5
37,1,60,FrameTimeStutter,6.000,antimatter,practice,2026-08-31T17:32:23.9802087-04:00,4,1347,22.54912,16.3989,666.03,1390.42,0.000,0.000,-5.2588,9.4038,12.7023,Left,0,0,0,0,0.0000,50.000,0,0.000,0,127.500,71.914,4.500,0.0300,0.2500,70.00,antimatter,60,450;300;200;100;50,2,6,1.5,2.5,100,-10,5,250,40,5,250,60,1,8,11,0,0.06,4,0.5,50,8,5
37,1,60,FrameTimeStutter,6.000,antimatter,practice,2026-08-31T17:32:23.9802087-04:00,4,1348,22.56631,17.1944,666.03,1390.42,0.000,0.000,-5.2390,9.4038,12.7023,Left,0,0,0,0,0.0000,50.000,0,0.000,0,127.500,71.914,4.500,0.0300,0.2500,70.00,antimatter,60,450;300;200;100;50,2,6,1.5,2.5,100,-10,5,250,40,5,250,60,1,8,11,0,0.06,4,0.5,50,8,5
37,1,60,FrameTimeStutter,6.000,antimatter,practice,2026-08-31T17:32:23.9802087-04:00,4,1349,22.58220,15.8933,666.03,1390.42,0.000,0.000,-5.2225,9.4038,12.7023,Left,0,0,0,0,0.0000,50.000,0,0.000,0,127.500,71.914,4.500,0.0300,0.2500,70.00,antimatter,60,450;300;200;100;50,2,6,1.5,2.5,100,-10,5,250,40,5,250,60,1,8,11,0,0.06,4,0.5,50,8,5
37,1,60,FrameTimeStutter,6.000,antimatter,practice,2026-08-31T17:32:23.9802087-04:00,4,1350,22.59895,16.7437,666.03,1390.42,0.000,0.000,-5.2069,9.4038,12.7023,Left,0,0,0,0,0.0000,50.000,0,0.000,0,127.500,71.914,4.500,0.0300,0.2500,70.00,antimatter,60,450;300;200;100;50,2,6,1.5,2.5,100,-10,5,250,40,5,250,60,1,8,11,0,0.06,4,0.5,50,8,5
37,1,60,FrameTimeStutter,6.000,antimatter,practice,2026-08-31T17:32:23.9802087-04:00,4,1351,22.61576,16.8167,666.03,1390.42,0.000,0.000,-5.1929,9.4038,12.7023,Left,0,0,0,0,0.0000,50.000,0,0.000,0,127.500,71.914,4.500,0.0300,0.2500,70.00,antimatter,60,450;300;200;100;50,2,6,1.5,2.5,100,-10,5,250,40,5,250,60,1,8,11,0,0.06,4,0.5,50,8,5
37,1,60,FrameTimeStutter,6.000,antimatter,practice,2026-08-31T17:32:23.9802087-04:00,4,1352,22.63263,16.8619,666.03,1390.42,0.000,0.000,-5.1806,9.4038,12.7023,Left,0,0,0,0,0.0000,50.000,0,0.000,0,127.500,71.914,4.500,0.0300,0.2500,70.00,antimatter,60,450;300;200;100;50,2,6,1.5,2.5,100,-10,5,250,40,5,250,60,1,8,11,0,0.06,4,0.5,50,8,5
37,1,60,FrameTimeStutter,6.000,antimatter,practice,2026-08-31T17:32:23.9802087-04:00,4,1353,22.64946,16.8304,666.03,1390.42,0.000,0.000,-5.1699,9.4038,12.7023,Left,0,0,0,0,0.0000,50.000,0,0.000,0,127.500,71.914,4.500,0.0300,0.2500,70.00,antimatter,60,450;300;200;100;50,2,6,1.5,2.5,100,-10,5,250,40,5,250,60,1,8,11,0,0.06,4,0.5,50,8,5
37,1,60,FrameTimeStutter,6.000,antimatter,practice,2026-08-31T17:32:23.9802087-04:00,4,1354,22.66624,16.7805,666.03,1390.42,0.000,0.000,-5.1606,9.4038,12.7023,Left,0,0,0,0,0.0000,50.000,0,0.000,0,127.500,71.914,4.500,0.0300,0.2500,70.00,antimatter,60,450;300;200;100;50,2,6,1.5,2.5,100,-10,5,250,40,5,250,60,1,8,11,0,0.06,4,0.5,50,8,5
37,1,60,FrameTimeStutter,6.000,antimatter,practice,2026-08-31T17:32:23.9802087-04:00,4,1355,22.68235,16.1115,668.54,1390.42,2.000,0.000,-5.1530,9.4038,12.7023,Left,0,0,0,0,0.0000,50.000,0,0.000,0,127.500,71.914,4.500,0.0300,0.2500,70.00,antimatter,60,450;300;200;100;50,2,6,1.5,2.5,100,-10,5,250,40,5,250,60,1,8,11,0,0.06,4,0.5,50,8,5
37,1,60,FrameTimeStutter,6.000,antimatter,practice,2026-08-31T17:32:23.9802087-04:00,4,1356,22.69917,16.8197,669.79,1390.42,1.000,0.000,-5.1462,9.4038,12.7023,Left,0,0,0,0,0.0000,50.000,0,0.000,0,127.500,71.914,4.500,0.0300,0.2500,70.00,antimatter,60,450;300;200;100;50,2,6,1.5,2.5,100,-10,5,250,40,5,250,60,1,8,11,0,0.06,4,0.5,50,8,5
37,1,60,FrameTimeStutter,6.000,antimatter,practice,2026-08-31T17:32:23.9802087-04:00,4,1357,22.71640,17.2313,672.30,1390.42,2.000,0.000,-5.1404,9.4038,12.7023,Left,0,0,0,0,0.0000,50.000,0,0.000,0,127.500,71.914,4.500,0.0300,0.2500,70.00,antimatter,60,450;300;200;100;50,2,6,1.5,2.5,100,-10,5,250,40,5,250,60,1,8,11,0,0.06,4,0.5,50,8,5
37,1,60,FrameTimeStutter,6.000,antimatter,practice,2026-08-31T17:32:23.9802087-04:00,4,1358,22.73297,16.5735,674.81,1390.42,2.000,0.000,-5.1359,9.4038,12.7023,Left,0,0,0,0,0.0000,50.000,0,0.000,0,127.500,71.914,4.500,0.0300,0.2500,70.00,antimatter,60,450;300;200;100;50,2,6,1.5,2.5,100,-10,5,250,40,5,250,60,1,8,11,0,0.06,4,0.5,50,8,5
37,1,60,FrameTimeStutter,6.000,antimatter,practice,2026-08-31T17:32:23.9802087-04:00,4,1359,22.74919,16.2135,676.06,1390.42,1.000,0.000,-5.1323,9.4038,12.7023,Left,0,0,0,0,0.0000,50.000,0,0.000,0,127.500,71.914,4.500,0.0300,0.2500,70.00,antimatter,60,450;300;200;100;50,2,6,1.5,2.5,100,-10,5,250,40,5,250,60,1,8,11,0,0.06,4,0.5,50,8,5
37,1,60,FrameTimeStutter,6.000,antimatter,practice,2026-08-31T17:32:23.9802087-04:00,4,1360,22.76565,16.4618,677.32,1390.42,1.000,0.000,-5.1295,9.4038,12.7023,Left,0,0,0,0,0.0000,50.000,0,0.000,0,127.500,71.914,4.500,0.0300,0.2500,70.00,antimatter,60,450;300;200;100;50,2,6,1.5,2.5,100,-10,5,250,40,5,250,60,1,8,11,0,0.06,4,0.5,50,8,5
37,1,60,FrameTimeStutter,6.000,antimatter,practice,2026-08-31T17:32:23.9802087-04:00,4,1361,22.78224,16.5892,678.57,1390.42,1.000,0.000,-5.1273,9.4038,12.7023,Left,0,0,0,0,0.0000,50.000,0,0.000,0,127.500,71.914,4.500,0.0300,0.2500,70.00,antimatter,60,450;300;200;100;50,2,6,1.5,2.5,100,-10,5,250,40,5,250,60,1,8,11,0,0.06,4,0.5,50,8,5
37,1,60,FrameTimeStutter,6.000,antimatter,practice,2026-08-31T17:32:23.9802087-04:00,4,1362,22.79931,17.0690,678.57,1390.42,0.000,0.000,-5.1257,9.4038,12.7023,Left,0,0,0,0,0.0000,50.000,0,0.000,0,127.500,71.914,4.500,0.0300,0.2500,70.00,antimatter,60,450;300;200;100;50,2,6,1.5,2.5,100,-10,5,250,40,5,250,60,1,8,11,0,0.06,4,0.5,50,8,5
37,1,60,FrameTimeStutter,6.000,antimatter,practice,2026-08-31T17:32:23.9802087-04:00,4,1363,22.81617,16.8646,678.57,1390.42,0.000,0.000,-5.1247,9.4038,12.7023,Left,0,0,0,0,0.0000,50.000,0,0.000,0,127.500,71.914,4.500,0.0300,0.2500,70.00,antimatter,60,450;300;200;100;50,2,6,1.5,2.5,100,-10,5,250,40,5,250,60,1,8,11,0,0.06,4,0.5,50,8,5
37,1,60,FrameTimeStutter,6.000,antimatter,practice,2026-08-31T17:32:23.9802087-04:00,4,1364,22.83308,16.9072,678.57,1390.42,0.000,0.000,-5.1241,9.4038,12.7023,Left,0,0,0,0,0.0000,50.000,0,0.000,0,127.500,71.914,4.500,0.0300,0.2500,70.00,antimatter,60,450;300;200;100;50,2,6,1.5,2.5,100,-10,5,250,40,5,250,60,1,8,11,0,0.06,4,0.5,50,8,5
37,1,60,FrameTimeStutter,6.000,antimatter,practice,2026-08-31T17:32:23.9802087-04:00,4,1365,22.84956,16.4840,678.57,1390.42,0.000,0.000,-5.1237,9.4038,12.7023,Left,0,0,0,0,0.0000,50.000,0,0.000,0,127.500,71.914,4.500,0.0300,0.2500,70.00,antimatter,60,450;300;200;100;50,2,6,1.5,2.5,100,-10,5,250,40,5,250,60,1,8,11,0,0.06,4,0.5,50,8,5
37,1,60,FrameTimeStutter,6.000,antimatter,practice,2026-08-31T17:32:23.9802087-04:00,4,1366,22.86563,16.0665,678.57,1390.42,0.000,0.000,-5.1236,9.4038,12.7023,Left,0,0,0,0,0.0000,50.000,0,0.000,0,127.500,71.914,4.500,0.0300,0.2500,70.00,antimatter,60,450;300;200;100;50,2,6,1.5,2.5,100,-10,5,250,40,5,250,60,1,8,11,0,0.06,4,0.5,50,8,5
37,1,60,FrameTimeStutter,6.000,antimatter,practice,2026-08-31T17:32:23.9802087-04:00,4,1367,22.88253,16.9050,678.57,1390.42,0.000,0.000,-5.1236,9.4038,12.7023,Left,0,0,0,0,0.0000,50.000,0,0.000,0,127.500,71.914,4.500,0.0300,0.2500,70.00,antimatter,60,450;300;200;100;50,2,6,1.5,2.5,100,-10,5,250,40,5,250,60,1,8,11,0,0.06,4,0.5,50,8,5
37,1,60,FrameTimeStutter,6.000,antimatter,practice,2026-08-31T17:32:23.9802087-04:00,4,1368,22.89981,17.2721,678.57,1390.42,0.000,0.000,-5.1236,9.4038,12.7023,Left,0,0,0,0,0.0000,50.000,0,0.000,0,127.500,71.914,4.500,0.0300,0.2500,70.00,antimatter,60,450;300;200;100;50,2,6,1.5,2.5,100,-10,5,250,40,5,250,60,1,8,11,0,0.06,4,0.5,50,8,5
37,1,60,FrameTimeStutter,6.000,antimatter,practice,2026-08-31T17:32:23.9802087-04:00,4,1369,22.91582,16.0200,678.57,1390.42,0.000,0.000,-5.1236,9.4038,23.7602,Left,0,0,0,0,0.0000,50.000,0,0.000,0,127.500,71.914,4.500,0.0300,0.2500,70.00,antimatter,60,450;300;200;100;50,2,6,1.5,2.5,100,-10,5,250,40,5,250,60,1,8,11,0,0.06,4,0.5,50,8,5
37,1,60,FrameTimeStutter,6.000,antimatter,practice,2026-08-31T17:32:23.9802087-04:00,4,1370,22.93230,16.4774,678.57,1390.42,0.000,0.000,-5.1236,9.4038,23.7602,Left,0,0,0,0,0.0000,50.000,0,0.000,0,127.500,71.914,4.500,0.0300,0.2500,70.00,antimatter,60,450;300;200;100;50,2,6,1.5,2.5,100,-10,5,250,40,5,250,60,1,8,11,0,0.06,4,0.5,50,8,5
37,1,60,FrameTimeStutter,6.000,antimatter,practice,2026-08-31T17:32:23.9802087-04:00,4,1371,22.95020,17.9001,678.57,1390.42,0.000,0.000,-5.1236,9.4038,23.7602,Left,0,0,0,0,0.0000,50.000,0,0.000,0,127.500,71.914,4.500,0.0300,0.2500,70.00,antimatter,60,450;300;200;100;50,2,6,1.5,2.5,100,-10,5,250,40,5,250,60,1,8,11,0,0.06,4,0.5,50,8,5
37,1,60,FrameTimeStutter,6.000,antimatter,practice,2026-08-31T17:32:23.9802087-04:00,4,1372,22.96599,15.7889,678.57,1390.42,0.000,0.000,-5.1236,9.4038,23.7602,Left,0,0,0,0,0.0000,50.000,0,0.000,0,127.500,71.914,4.500,0.0300,0.2500,70.00,antimatter,60,450;300;200;100;50,2,6,1.5,2.5,100,-10,5,250,40,5,250,60,1,8,11,0,0.06,4,0.5,50,8,5
37,1,60,FrameTimeStutter,6.000,antimatter,practice,2026-08-31T17:32:23.9802087-04:00,4,1373,22.98235,16.3620,678.57,1390.42,0.000,0.000,-5.1236,9.4038,23.7602,Left,0,0,0,0,0.0000,50.000,0,0.000,0,127.500,71.914,4.500,0.0300,0.2500,70.00,antimatter,60,450;300;200;100;50,2,6,1.5,2.5,100,-10,5,250,40,5,250,60,1,8,11,0,0.06,4,0.5,50,8,5
37,1,60,FrameTimeStutter,6.000,antimatter,practice,2026-08-31T17:32:23.9802087-04:00,4,1374,22.99884,16.4817,678.57,1390.42,0.000,0.000,-5.1236,9.4038,23.7602,Left,0,0,0,0,0.0000,50.000,0,0.000,0,127.500,71.914,4.500,0.0300,0.2500,70.00,antimatter,60,450;300;200;100;50,2,6,1.5,2.5,100,-10,5,250,40,5,250,60,1,8,11,0,0.06,4,0.5,50,8,5
37,1,60,FrameTimeStutter,6.000,antimatter,practice,2026-08-31T17:32:23.9802087-04:00,4,1375,23.01580,16.9621,678.57,1390.42,0.000,0.000,-5.1236,9.4038,23.7602,Left,0,0,0,0,0.0000,50.000,0,0.000,0,127.500,71.914,4.500,0.0300,0.2500,70.00,antimatter,60,450;300;200;100;50,2,6,1.5,2.5,100,-10,5,250,40,5,250,60,1,8,11,0,0.06,4,0.5,50,8,5
37,1,60,FrameTimeStutter,6.000,antimatter,practice,2026-08-31T17:32:23.9802087-04:00,4,1376,23.03224,16.4385,678.57,1390.42,0.000,0.000,-5.1236,9.4038,23.7602,Left,0,0,0,0,0.0000,50.000,0,0.000,0,127.500,71.914,4.500,0.0300,0.2500,70.00,antimatter,60,450;300;200;100;50,2,6,1.5,2.5,100,-10,5,250,40,5,250,60,1,8,11,0,0.06,4,0.5,50,8,5
37,1,60,FrameTimeStutter,6.000,antimatter,practice,2026-08-31T17:32:23.9802087-04:00,4,1377,23.04970,17.4665,678.57,1390.42,0.000,0.000,-5.1236,9.4038,23.7602,Left,0,0,0,0,0.0000,50.000,0,0.000,0,127.500,71.914,4.500,0.0300,0.2500,70.00,antimatter,60,450;300;200;100;50,2,6,1.5,2.5,100,-10,5,250,40,5,250,60,1,8,11,0,0.06,4,0.5,50,8,5
37,1,60,FrameTimeStutter,6.000,antimatter,practice,2026-08-31T17:32:23.9802087-04:00,4,1378,23.06641,16.7027,678.57,1390.42,0.000,0.000,-5.1236,9.4038,23.7602,Left,0,0,0,0,0.0000,50.000,0,0.000,0,127.500,71.914,4.500,0.0300,0.2500,70.00,antimatter,60,450;300;200;100;50,2,6,1.5,2.5,100,-10,5,250,40,5,250,60,1,8,11,0,0.06,4,0.5,50,8,5
37,1,60,FrameTimeStutter,6.000,antimatter,practice,2026-08-31T17:32:23.9802087-04:00,4,1379,23.08283,16.4202,678.57,1390.42,0.000,0.000,-5.1236,9.4038,23.7602,Left,0,0,0,0,0.0000,50.000,0,0.000,0,127.500,71.914,4.500,0.0300,0.2500,70.00,antimatter,60,450;300;200;100;50,2,6,1.5,2.5,100,-10,5,250,40,5,250,60,1,8,11,0,0.06,4,0.5,50,8,5
37,1,60,FrameTimeStutter,6.000,antimatter,practice,2026-08-31T17:32:23.9802087-04:00,4,1380,23.09920,16.3747,678.57,1390.42,0.000,0.000,-5.1236,9.4038,23.7602,Left,0,0,0,0,0.0000,50.000,0,0.000,0,127.500,71.914,4.500,0.0300,0.2500,70.00,antimatter,60,450;300;200;100;50,2,6,1.5,2.5,100,-10,5,250,40,5,250,60,1,8,11,0,0.06,4,0.5,50,8,5
37,1,60,FrameTimeStutter,6.000,antimatter,practice,2026-08-31T17:32:23.9802087-04:00,4,1381,23.11582,16.6231,678.57,1390.42,0.000,0.000,-5.1236,9.4038,23.7602,Left,0,0,0,0,0.0000,50.000,0,0.000,0,127.500,71.914,4.500,0.0300,0.2500,70.00,antimatter,60,450;300;200;100;50,2,6,1.5,2.5,100,-10,5,250,40,5,250,60,1,8,11,0,0.06,4,0.5,50,8,5
37,1,60,FrameTimeStutter,6.000,antimatter,practice,2026-08-31T17:32:23.9802087-04:00,4,1382,23.13224,16.4180,678.57,1390.42,0.000,0.000,-5.1236,9.4038,23.7602,Left,0,0,0,0,0.0000,50.000,0,0.000,0,127.500,71.914,4.500,0.0300,0.2500,70.00,antimatter,60,450;300;200;100;50,2,6,1.5,2.5,100,-10,5,250,40,5,250,60,1,8,11,0,0.06,4,0.5,50,8,5
37,1,60,FrameTimeStutter,6.000,antimatter,practice,2026-08-31T17:32:23.9802087-04:00,4,1383,23.14939,17.1507,678.57,1390.42,0.000,0.000,-5.1236,9.4038,23.7602,Left,0,0,0,0,0.0000,50.000,0,0.000,0,127.500,71.914,4.500,0.0300,0.2500,70.00,antimatter,60,450;300;200;100;50,2,6,1.5,2.5,100,-10,5,250,40,5,250,60,1,8,11,0,0.06,4,0.5,50,8,5
37,1,60,FrameTimeStutter,6.000,antimatter,practice,2026-08-31T17:32:23.9802087-04:00,4,1384,23.16582,16.4296,678.57,1390.42,0.000,0.000,-5.1236,9.4038,23.7602,Left,0,0,0,0,0.0000,50.000,0,0.000,0,127.500,71.914,4.500,0.0300,0.2500,70.00,antimatter,60,450;300;200;100;50,2,6,1.5,2.5,100,-10,5,250,40,5,250,60,1,8,11,0,0.06,4,0.5,50,8,5
37,1,60,FrameTimeStutter,6.000,antimatter,practice,2026-08-31T17:32:23.9802087-04:00,4,1385,23.18243,16.6040,678.57,1390.42,0.000,0.000,-5.1236,9.4038,23.7602,Left,0,0,0,0,0.0000,50.000,0,0.000,0,127.500,71.914,4.500,0.0300,0.2500,70.00,antimatter,60,450;300;200;100;50,2,6,1.5,2.5,100,-10,5,250,40,5,250,60,1,8,11,0,0.06,4,0.5,50,8,5
37,1,60,FrameTimeStutter,6.000,antimatter,practice,2026-08-31T17:32:23.9802087-04:00,4,1386,23.19942,16.9974,678.57,1390.42,0.000,0.000,-5.1236,9.4038,23.7602,Left,0,0,0,0,0.0000,50.000,0,0.000,0,127.500,71.914,4.500,0.0300,0.2500,70.00,antimatter,60,450;300;200;100;50,2,6,1.5,2.5,100,-10,5,250,40,5,250,60,1,8,11,0,0.06,4,0.5,50,8,5
37,1,60,FrameTimeStutter,6.000,antimatter,practice,2026-08-31T17:32:23.9802087-04:00,4,1387,23.21631,16.8880,678.57,1390.42,0.000,0.000,-5.1236,9.4038,23.7602,Left,0,0,0,0,0.0000,50.000,0,0.000,0,127.500,71.914,4.500,0.0300,0.2500,70.00,antimatter,60,450;300;200;100;50,2,6,1.5,2.5,100,-10,5,250,40,5,250,60,1,8,11,0,0.06,4,0.5,50,8,5
37,1,60,FrameTimeStutter,6.000,antimatter,practice,2026-08-31T17:32:23.9802087-04:00,4,1388,23.23269,16.3794,678.57,1390.42,0.000,0.000,-5.1236,9.4038,23.7602,Left,0,0,0,0,0.0000,50.000,0,0.000,0,127.500,71.914,4.500,0.0300,0.2500,70.00,antimatter,60,450;300;200;100;50,2,6,1.5,2.5,100,-10,5,250,40,5,250,60,1,8,11,0,0.06,4,0.5,50,8,5
37,1,60,FrameTimeStutter,6.000,antimatter,practice,2026-08-31T17:32:23.9802087-04:00,4,1389,23.24889,16.1948,678.57,1390.42,0.000,0.000,-5.1236,9.4038,23.7602,Left,0,0,0,0,0.0000,50.000,0,0.000,0,127.500,71.914,4.500,0.0300,0.2500,70.00,antimatter,60,450;300;200;100;50,2,6,1.5,2.5,100,-10,5,250,40,5,250,60,1,8,11,0,0.06,4,0.5,50,8,5
37,1,60,FrameTimeStutter,6.000,antimatter,practice,2026-08-31T17:32:23.9802087-04:00,4,1390,23.26579,16.9017,678.57,1390.42,0.000,0.000,-5.1236,9.4038,23.7602,Left,0,0,0,0,0.0000,50.000,0,0.000,0,127.500,71.914,4.500,0.0300,0.2500,70.00,antimatter,60,450;300;200;100;50,2,6,1.5,2.5,100,-10,5,250,40,5,250,60,1,8,11,0,0.06,4,0.5,50,8,5
37,1,60,FrameTimeStutter,6.000,antimatter,practice,2026-08-31T17:32:23.9802087-04:00,4,1391,23.28219,16.4033,678.57,1390.42,0.000,0.000,-5.1236,9.4038,23.7602,Left,0,0,0,0,0.0000,50.000,0,0.000,0,127.500,71.914,4.500,0.0300,0.2500,70.00,antimatter,60,450;300;200;100;50,2,6,1.5,2.5,100,-10,5,250,40,5,250,60,1,8,11,0,0.06,4,0.5,50,8,5
37,1,60,FrameTimeStutter,6.000,antimatter,practice,2026-08-31T17:32:23.9802087-04:00,4,1392,23.29942,17.2321,678.57,1390.42,0.000,0.000,-5.1236,9.4038,23.7602,Left,0,0,0,0,0.0000,50.000,0,0.000,0,127.500,71.914,4.500,0.0300,0.2500,70.00,antimatter,60,450;300;200;100;50,2,6,1.5,2.5,100,-10,5,250,40,5,250,60,1,8,11,0,0.06,4,0.5,50,8,5
37,1,60,FrameTimeStutter,6.000,antimatter,practice,2026-08-31T17:32:23.9802087-04:00,4,1393,23.31591,16.4900,678.57,1390.42,0.000,0.000,-5.1236,9.4038,23.7602,Left,0,0,0,0,0.0000,50.000,0,0.000,0,127.500,71.914,4.500,0.0300,0.2500,70.00,antimatter,60,450;300;200;100;50,2,6,1.5,2.5,100,-10,5,250,40,5,250,60,1,8,11,0,0.06,4,0.5,50,8,5
37,1,60,FrameTimeStutter,6.000,antimatter,practice,2026-08-31T17:32:23.9802087-04:00,4,1394,23.33258,16.6685,678.57,1390.42,0.000,0.000,-5.1236,9.4038,23.7602,Left,0,0,0,0,0.0000,50.000,0,0.000,0,127.500,71.914,4.500,0.0300,0.2500,70.00,antimatter,60,450;300;200;100;50,2,6,1.5,2.5,100,-10,5,250,40,5,250,60,1,8,11,0,0.06,4,0.5,50,8,5
37,1,60,FrameTimeStutter,6.000,antimatter,practice,2026-08-31T17:32:23.9802087-04:00,4,1395,23.34944,16.8573,678.57,1390.42,0.000,0.000,-5.1236,9.4038,23.7602,Left,0,0,0,0,0.0000,50.000,0,0.000,0,127.500,71.914,4.500,0.0300,0.2500,70.00,antimatter,60,450;300;200;100;50,2,6,1.5,2.5,100,-10,5,250,40,5,250,60,1,8,11,0,0.06,4,0.5,50,8,5
37,1,60,FrameTimeStutter,6.000,antimatter,practice,2026-08-31T17:32:23.9802087-04:00,4,1396,23.36560,16.1604,678.57,1390.42,0.000,0.000,-5.1236,9.4038,23.7602,Left,0,0,0,0,0.0000,50.000,0,0.000,0,127.500,71.914,4.500,0.0300,0.2500,70.00,antimatter,60,450;300;200;100;50,2,6,1.5,2.5,100,-10,5,250,40,5,250,60,1,8,11,0,0.06,4,0.5,50,8,5
37,1,60,FrameTimeStutter,6.000,antimatter,practice,2026-08-31T17:32:23.9802087-04:00,4,1397,23.38292,17.3223,678.57,1390.42,0.000,0.000,-5.1236,9.4038,23.7602,Left,0,0,0,0,0.0000,50.000,0,0.000,0,127.500,71.914,4.500,0.0300,0.2500,70.00,antimatter,60,450;300;200;100;50,2,6,1.5,2.5,100,-10,5,250,40,5,250,60,1,8,11,0,0.06,4,0.5,50,8,5
37,1,60,FrameTimeStutter,6.000,antimatter,practice,2026-08-31T17:32:23.9802087-04:00,4,1398,23.39897,16.0489,678.57,1390.42,0.000,0.000,-5.1236,9.4038,23.7602,Left,0,0,0,0,0.0000,50.000,0,0.000,0,127.500,71.914,4.500,0.0300,0.2500,70.00,antimatter,60,450;300;200;100;50,2,6,1.5,2.5,100,-10,5,250,40,5,250,60,1,8,11,0,0.06,4,0.5,50,8,5
37,1,60,FrameTimeStutter,6.000,antimatter,practice,2026-08-31T17:32:23.9802087-04:00,4,1399,23.41581,16.8437,678.57,1390.42,0.000,0.000,-5.1236,9.4038,23.7602,Left,0,0,0,0,0.0000,50.000,0,0.000,0,127.500,71.914,4.500,0.0300,0.2500,70.00,antimatter,60,450;300;200;100;50,2,6,1.5,2.5,100,-10,5,250,40,5,250,60,1,8,11,0,0.06,4,0.5,50,8,5
37,1,60,FrameTimeStutter,6.000,antimatter,practice,2026-08-31T17:32:23.9802087-04:00,4,1400,23.43258,16.7632,678.57,1390.42,0.000,0.000,-5.1236,9.4038,23.7602,Left,0,0,0,0,0.0000,50.000,0,0.000,0,127.500,71.914,4.500,0.0300,0.2500,70.00,antimatter,60,450;300;200;100;50,2,6,1.5,2.5,100,-10,5,250,40,5,250,60,1,8,11,0,0.06,4,0.5,50,8,5
37,1,60,FrameTimeStutter,6.000,antimatter,practice,2026-08-31T17:32:23.9802087-04:00,4,1401,23.44913,16.5520,678.57,1390.42,0.000,0.000,-5.1236,9.4038,23.7602,Left,0,0,0,0,0.0000,50.000,0,0.000,0,127.500,71.914,4.500,0.0300,0.2500,70.00,antimatter,60,450;300;200;100;50,2,6,1.5,2.5,100,-10,5,250,40,5,250,60,1,8,11,0,0.06,4,0.5,50,8,5
37,1,60,FrameTimeStutter,6.000,antimatter,practice,2026-08-31T17:32:23.9802087-04:00,4,1402,23.46603,16.9015,678.57,1390.42,0.000,0.000,-5.1236,9.4038,23.7602,Left,0,0,0,0,0.0000,50.000,0,0.000,0,127.500,71.914,4.500,0.0300,0.2500,70.00,antimatter,60,450;300;200;100;50,2,6,1.5,2.5,100,-10,5,250,40,5,250,60,1,8,11,0,0.06,4,0.5,50,8,5
37,1,60,FrameTimeStutter,6.000,antimatter,practice,2026-08-31T17:32:23.9802087-04:00,4,1403,23.48294,16.9104,678.57,1390.42,0.000,0.000,-5.1236,9.4038,23.7602,Left,0,0,0,0,0.0000,50.000,0,0.000,0,127.500,71.914,4.500,0.0300,0.2500,70.00,antimatter,60,450;300;200;100;50,2,6,1.5,2.5,100,-10,5,250,40,5,250,60,1,8,11,0,0.06,4,0.5,50,8,5
37,1,60,FrameTimeStutter,6.000,antimatter,practice,2026-08-31T17:32:23.9802087-04:00,4,1404,23.49951,16.5643,678.57,1390.42,0.000,0.000,-5.1236,9.4038,23.7602,Left,0,0,0,0,0.0000,50.000,0,0.000,0,127.500,71.914,4.500,0.0300,0.2500,70.00,antimatter,60,450;300;200;100;50,2,6,1.5,2.5,100,-10,5,250,40,5,250,60,1,8,11,0,0.06,4,0.5,50,8,5
37,1,60,FrameTimeStutter,6.000,antimatter,practice,2026-08-31T17:32:23.9802087-04:00,4,1405,23.51631,16.8021,678.57,1390.42,0.000,0.000,-5.1236,9.4038,23.7602,Left,0,0,0,0,0.0000,50.000,0,0.000,0,127.500,71.914,4.500,0.0300,0.2500,70.00,antimatter,60,450;300;200;100;50,2,6,1.5,2.5,100,-10,5,250,40,5,250,60,1,8,11,0,0.06,4,0.5,50,8,5
37,1,60,FrameTimeStutter,6.000,antimatter,practice,2026-08-31T17:32:23.9802087-04:00,4,1406,23.53236,16.0535,678.57,1390.42,0.000,0.000,-5.1236,9.4038,23.7602,Left,0,0,0,0,0.0000,50.000,0,0.000,0,127.500,71.914,4.500,0.0300,0.2500,70.00,antimatter,60,450;300;200;100;50,2,6,1.5,2.5,100,-10,5,250,40,5,250,60,1,8,11,0,0.06,4,0.5,50,8,5
37,1,60,FrameTimeStutter,6.000,antimatter,practice,2026-08-31T17:32:23.9802087-04:00,4,1407,23.54887,16.5097,678.57,1390.42,0.000,0.000,-5.1236,9.4038,23.7602,Left,0,0,0,0,0.0000,50.000,0,0.000,0,127.500,71.914,4.500,0.0300,0.2500,70.00,antimatter,60,450;300;200;100;50,2,6,1.5,2.5,100,-10,5,250,40,5,250,60,1,8,11,0,0.06,4,0.5,50,8,5
37,1,60,FrameTimeStutter,6.000,antimatter,practice,2026-08-31T17:32:23.9802087-04:00,4,1408,23.56616,17.2853,678.57,1390.42,0.000,0.000,-5.1236,9.4038,23.7602,Left,0,0,0,0,0.0000,50.000,0,0.000,0,127.500,71.914,4.500,0.0300,0.2500,70.00,antimatter,60,450;300;200;100;50,2,6,1.5,2.5,100,-10,5,250,40,5,250,60,1,8,11,0,0.06,4,0.5,50,8,5
37,1,60,FrameTimeStutter,6.000,antimatter,practice,2026-08-31T17:32:23.9802087-04:00,4,1409,23.58208,15.9250,678.57,1390.42,0.000,0.000,-5.1236,9.4038,23.7602,Left,0,0,0,0,0.0000,50.000,0,0.000,0,127.500,71.914,4.500,0.0300,0.2500,70.00,antimatter,60,450;300;200;100;50,2,6,1.5,2.5,100,-10,5,250,40,5,250,60,1,8,11,0,0.06,4,0.5,50,8,5
37,1,60,FrameTimeStutter,6.000,antimatter,practice,2026-08-31T17:32:23.9802087-04:00,4,1410,23.59967,17.5856,678.57,1390.42,0.000,0.000,-5.1236,9.4038,23.7602,Left,0,0,0,0,0.0000,50.000,0,0.000,0,127.500,71.914,4.500,0.0300,0.2500,70.00,antimatter,60,450;300;200;100;50,2,6,1.5,2.5,100,-10,5,250,40,5,250,60,1,8,11,0,0.06,4,0.5,50,8,5
37,1,60,FrameTimeStutter,6.000,antimatter,practice,2026-08-31T17:32:23.9802087-04:00,4,1411,23.61555,15.8814,678.57,1390.42,0.000,0.000,-5.1236,9.4038,23.7602,Left,0,0,0,0,0.0000,50.000,0,0.000,0,127.500,71.914,4.500,0.0300,0.2500,70.00,antimatter,60,450;300;200;100;50,2,6,1.5,2.5,100,-10,5,250,40,5,250,60,1,8,11,0,0.06,4,0.5,50,8,5
37,1,60,FrameTimeStutter,6.000,antimatter,practice,2026-08-31T17:32:23.9802087-04:00,4,1412,23.63230,16.7550,678.57,1390.42,0.000,0.000,-5.1236,9.4038,23.7602,Left,0,0,0,0,0.0000,50.000,0,0.000,0,127.500,71.914,4.500,0.0300,0.2500,70.00,antimatter,60,450;300;200;100;50,2,6,1.5,2.5,100,-10,5,250,40,5,250,60,1,8,11,0,0.06,4,0.5,50,8,5
37,1,60,FrameTimeStutter,6.000,antimatter,practice,2026-08-31T17:32:23.9802087-04:00,4,1413,23.64903,16.7315,678.57,1390.42,0.000,0.000,-5.1236,9.4038,23.7602,Left,0,0,0,0,0.0000,50.000,0,0.000,0,127.500,71.914,4.500,0.0300,0.2500,70.00,antimatter,60,450;300;200;100;50,2,6,1.5,2.5,100,-10,5,250,40,5,250,60,1,8,11,0,0.06,4,0.5,50,8,5
37,1,60,FrameTimeStutter,6.000,antimatter,practice,2026-08-31T17:32:23.9802087-04:00,4,1414,23.66566,16.6273,678.57,1390.42,0.000,0.000,-5.1236,9.4038,23.7602,Left,0,0,0,0,0.0000,50.000,0,0.000,0,127.500,71.914,4.500,0.0300,0.2500,70.00,antimatter,60,450;300;200;100;50,2,6,1.5,2.5,100,-10,5,250,40,5,250,60,1,8,11,0,0.06,4,0.5,50,8,5
37,1,60,FrameTimeStutter,6.000,antimatter,practice,2026-08-31T17:32:23.9802087-04:00,4,1415,23.68235,16.6894,678.57,1390.42,0.000,0.000,-5.1236,9.4038,23.7602,Left,0,0,0,0,0.0000,50.000,0,0.000,0,127.500,71.914,4.500,0.0300,0.2500,70.00,antimatter,60,450;300;200;100;50,2,6,1.5,2.5,100,-10,5,250,40,5,250,60,1,8,11,0,0.06,4,0.5,50,8,5
37,1,60,FrameTimeStutter,6.000,antimatter,practice,2026-08-31T17:32:23.9802087-04:00,4,1416,23.69962,17.2638,678.57,1390.42,0.000,0.000,-5.1236,9.4038,23.7602,Left,0,0,0,0,0.0000,50.000,0,0.000,0,127.500,71.914,4.500,0.0300,0.2500,70.00,antimatter,60,450;300;200;100;50,2,6,1.5,2.5,100,-10,5,250,40,5,250,60,1,8,11,0,0.06,4,0.5,50,8,5
37,1,60,FrameTimeStutter,6.000,antimatter,practice,2026-08-31T17:32:23.9802087-04:00,4,1417,23.71579,16.1721,678.57,1390.42,0.000,0.000,-5.1236,9.4038,23.7602,Left,0,0,0,0,0.0000,50.000,0,0.000,0,127.500,71.914,4.500,0.0300,0.2500,70.00,antimatter,60,450;300;200;100;50,2,6,1.5,2.5,100,-10,5,250,40,5,250,60,1,8,11,0,0.06,4,0.5,50,8,5
37,1,60,FrameTimeStutter,6.000,antimatter,practice,2026-08-31T17:32:23.9802087-04:00,4,1418,23.73234,16.5505,678.57,1390.42,0.000,0.000,-5.1236,9.4038,23.7602,Left,0,0,0,0,0.0000,50.000,0,0.000,0,127.500,71.914,4.500,0.0300,0.2500,70.00,antimatter,60,450;300;200;100;50,2,6,1.5,2.5,100,-10,5,250,40,5,250,60,1,8,11,0,0.06,4,0.5,50,8,5
37,1,60,FrameTimeStutter,6.000,antimatter,practice,2026-08-31T17:32:23.9802087-04:00,4,1419,23.74923,16.8905,678.57,1390.42,0.000,0.000,-5.1236,9.4038,23.7602,Left,0,0,0,0,0.0000,50.000,0,0.000,0,127.500,71.914,4.500,0.0300,0.2500,70.00,antimatter,60,450;300;200;100;50,2,6,1.5,2.5,100,-10,5,250,40,5,250,60,1,8,11,0,0.06,4,0.5,50,8,5
37,1,60,FrameTimeStutter,6.000,antimatter,practice,2026-08-31T17:32:23.9802087-04:00,4,1420,23.76626,17.0292,678.57,1390.42,0.000,0.000,-5.1236,9.4038,23.7602,Left,0,0,0,0,0.0000,50.000,0,0.000,0,127.500,71.914,4.500,0.0300,0.2500,70.00,antimatter,60,450;300;200;100;50,2,6,1.5,2.5,100,-10,5,250,40,5,250,60,1,8,11,0,0.06,4,0.5,50,8,5
37,1,60,FrameTimeStutter,6.000,antimatter,practice,2026-08-31T17:32:23.9802087-04:00,4,1421,23.78277,16.5093,678.57,1390.42,0.000,0.000,-5.1236,9.4038,23.7602,Left,0,0,0,0,0.0000,50.000,0,0.000,0,127.500,71.914,4.500,0.0300,0.2500,70.00,antimatter,60,450;300;200;100;50,2,6,1.5,2.5,100,-10,5,250,40,5,250,60,1,8,11,0,0.06,4,0.5,50,8,5
37,1,60,FrameTimeStutter,6.000,antimatter,practice,2026-08-31T17:32:23.9802087-04:00,4,1422,23.79954,16.7771,678.57,1390.42,0.000,0.000,-5.1236,9.4038,23.7602,Left,0,0,0,0,0.0000,50.000,0,0.000,0,127.500,71.914,4.500,0.0300,0.2500,70.00,antimatter,60,450;300;200;100;50,2,6,1.5,2.5,100,-10,5,250,40,5,250,60,1,8,11,0,0.06,4,0.5,50,8,5
37,1,60,FrameTimeStutter,6.000,antimatter,practice,2026-08-31T17:32:23.9802087-04:00,4,1423,23.81609,16.5475,678.57,1390.42,0.000,0.000,-5.1236,9.4038,23.7602,Left,0,0,0,0,0.0000,50.000,0,0.000,0,127.500,71.914,4.500,0.0300,0.2500,70.00,antimatter,60,450;300;200;100;50,2,6,1.5,2.5,100,-10,5,250,40,5,250,60,1,8,11,0,0.06,4,0.5,50,8,5
37,1,60,FrameTimeStutter,6.000,antimatter,practice,2026-08-31T17:32:23.9802087-04:00,4,1424,23.83222,16.1249,678.57,1390.42,0.000,0.000,-5.1236,9.4038,23.7602,Left,0,0,0,0,0.0000,50.000,0,0.000,0,127.500,71.914,4.500,0.0300,0.2500,70.00,antimatter,60,450;300;200;100;50,2,6,1.5,2.5,100,-10,5,250,40,5,250,60,1,8,11,0,0.06,4,0.5,50,8,5
37,1,60,FrameTimeStutter,6.000,antimatter,practice,2026-08-31T17:32:23.9802087-04:00,4,1425,23.84945,17.2390,678.57,1390.42,0.000,0.000,-5.1236,9.4038,23.7602,Left,0,0,0,0,0.0000,50.000,0,0.000,0,127.500,71.914,4.500,0.0300,0.2500,70.00,antimatter,60,450;300;200;100;50,2,6,1.5,2.5,100,-10,5,250,40,5,250,60,1,8,11,0,0.06,4,0.5,50,8,5
37,1,60,FrameTimeStutter,6.000,antimatter,practice,2026-08-31T17:32:23.9802087-04:00,4,1426,23.86637,16.9165,678.57,1390.42,0.000,0.000,-5.1236,9.4038,23.7602,Left,0,0,0,0,0.0000,50.000,0,0.000,0,127.500,71.914,4.500,0.0300,0.2500,70.00,antimatter,60,450;300;200;100;50,2,6,1.5,2.5,100,-10,5,250,40,5,250,60,1,8,11,0,0.06,4,0.5,50,8,5
37,1,60,FrameTimeStutter,6.000,antimatter,practice,2026-08-31T17:32:23.9802087-04:00,4,1427,23.88280,16.4338,678.57,1390.42,0.000,0.000,-5.1236,9.4038,23.7602,Left,0,0,0,0,0.0000,50.000,0,0.000,0,127.500,71.914,4.500,0.0300,0.2500,70.00,antimatter,60,450;300;200;100;50,2,6,1.5,2.5,100,-10,5,250,40,5,250,60,1,8,11,0,0.06,4,0.5,50,8,5
37,1,60,FrameTimeStutter,6.000,antimatter,practice,2026-08-31T17:32:23.9802087-04:00,4,1428,23.90109,18.2822,678.57,1390.42,0.000,0.000,-5.1236,9.4038,23.7602,Left,0,0,0,0,0.0000,50.000,0,0.000,0,127.500,71.914,4.500,0.0300,0.2500,70.00,antimatter,60,450;300;200;100;50,2,6,1.5,2.5,100,-10,5,250,40,5,250,60,1,8,11,0,0.06,4,0.5,50,8,5
37,1,60,FrameTimeStutter,6.000,antimatter,practice,2026-08-31T17:32:23.9802087-04:00,4,1429,23.91725,16.1662,678.57,1390.42,0.000,0.000,-5.1236,9.4038,23.7602,Left,0,0,0,0,0.0000,50.000,0,0.000,0,127.500,71.914,4.500,0.0300,0.2500,70.00,antimatter,60,450;300;200;100;50,2,6,1.5,2.5,100,-10,5,250,40,5,250,60,1,8,11,0,0.06,4,0.5,50,8,5
37,1,60,FrameTimeStutter,6.000,antimatter,practice,2026-08-31T17:32:23.9802087-04:00,4,1430,23.93336,16.1072,678.57,1390.42,0.000,0.000,-5.1236,9.4038,23.7602,Left,0,0,0,0,0.0000,50.000,0,0.000,0,127.500,71.914,4.500,0.0300,0.2500,70.00,antimatter,60,450;300;200;100;50,2,6,1.5,2.5,100,-10,5,250,40,5,250,60,1,8,11,0,0.06,4,0.5,50,8,5
37,1,60,FrameTimeStutter,6.000,antimatter,practice,2026-08-31T17:32:23.9802087-04:00,4,1431,23.94865,15.2874,678.57,1390.42,0.000,0.000,-5.1236,9.4038,23.7602,Left,0,0,0,0,0.0000,50.000,0,0.000,0,127.500,71.914,4.500,0.0300,0.2500,70.00,antimatter,60,450;300;200;100;50,2,6,1.5,2.5,100,-10,5,250,40,5,250,60,1,8,11,0,0.06,4,0.5,50,8,5
37,1,60,FrameTimeStutter,6.000,antimatter,practice,2026-08-31T17:32:23.9802087-04:00,4,1432,23.96517,16.5253,678.57,1390.42,0.000,0.000,-5.1236,9.4038,23.7602,Left,0,0,0,0,0.0000,50.000,0,0.000,0,127.500,71.914,4.500,0.0300,0.2500,70.00,antimatter,60,450;300;200;100;50,2,6,1.5,2.5,100,-10,5,250,40,5,250,60,1,8,11,0,0.06,4,0.5,50,8,5
37,1,60,FrameTimeStutter,6.000,antimatter,practice,2026-08-31T17:32:23.9802087-04:00,4,1433,23.99428,29.1102,678.57,1390.42,0.000,0.000,-5.1236,9.4038,23.7602,Left,0,0,0,0,0.0000,50.000,0,0.000,0,127.500,71.914,4.500,0.0300,0.2500,70.00,antimatter,60,450;300;200;100;50,2,6,1.5,2.5,100,-10,5,250,40,5,250,60,1,8,11,0,0.06,4,0.5,50,8,5
37,1,60,FrameTimeStutter,6.000,antimatter,practice,2026-08-31T17:32:23.9802087-04:00,4,1434,24.00642,12.1351,678.57,1390.42,0.000,0.000,-5.1236,9.4038,23.7602,Left,0,0,0,0,0.0000,50.000,0,0.000,0,127.500,71.914,4.500,0.0300,0.2500,70.00,antimatter,60,450;300;200;100;50,2,6,1.5,2.5,100,-10,5,250,40,5,250,60,1,8,11,0,0.06,4,0.5,50,8,5
37,1,60,FrameTimeStutter,6.000,antimatter,practice,2026-08-31T17:32:23.9802087-04:00,4,1435,24.02283,16.4137,678.57,1390.42,0.000,0.000,-5.1236,9.4038,23.7602,Left,0,0,0,0,0.0000,50.000,0,0.000,0,127.500,71.914,4.500,0.0300,0.2500,70.00,antimatter,60,450;300;200;100;50,2,6,1.5,2.5,100,-10,5,250,40,5,250,60,1,8,11,0,0.06,4,0.5,50,8,5
37,1,60,FrameTimeStutter,6.000,antimatter,practice,2026-08-31T17:32:23.9802087-04:00,4,1436,24.03964,16.8091,678.57,1390.42,0.000,0.000,-5.1236,9.4038,23.7602,Left,0,0,0,0,0.0000,50.000,0,0.000,0,127.500,71.914,4.500,0.0300,0.2500,70.00,antimatter,60,450;300;200;100;50,2,6,1.5,2.5,100,-10,5,250,40,5,250,60,1,8,11,0,0.06,4,0.5,50,8,5
37,1,60,FrameTimeStutter,6.000,antimatter,practice,2026-08-31T17:32:23.9802087-04:00,4,1437,24.05624,16.6021,678.57,1390.42,0.000,0.000,-5.1236,9.4038,23.7602,Left,0,0,0,0,0.0000,50.000,0,0.000,0,127.500,71.914,4.500,0.0300,0.2500,70.00,antimatter,60,450;300;200;100;50,2,6,1.5,2.5,100,-10,5,250,40,5,250,60,1,8,11,0,0.06,4,0.5,50,8,5
37,1,60,FrameTimeStutter,6.000,antimatter,practice,2026-08-31T17:32:23.9802087-04:00,4,1438,24.07262,16.3774,678.57,1390.42,0.000,0.000,-5.1236,9.4038,23.7602,Left,0,0,0,0,0.0000,50.000,0,0.000,0,127.500,71.914,4.500,0.0300,0.2500,70.00,antimatter,60,450;300;200;100;50,2,6,1.5,2.5,100,-10,5,250,40,5,250,60,1,8,11,0,0.06,4,0.5,50,8,5
37,1,60,FrameTimeStutter,6.000,antimatter,practice,2026-08-31T17:32:23.9802087-04:00,4,1439,24.08904,16.4142,678.57,1390.42,0.000,0.000,-5.1236,9.4038,23.7602,Left,0,0,0,0,0.0000,50.000,0,0.000,0,127.500,71.914,4.500,0.0300,0.2500,70.00,antimatter,60,450;300;200;100;50,2,6,1.5,2.5,100,-10,5,250,40,5,250,60,1,8,11,0,0.06,4,0.5,50,8,5
37,1,60,FrameTimeStutter,6.000,antimatter,practice,2026-08-31T17:32:23.9802087-04:00,4,1440,24.10639,17.3582,678.57,1390.42,0.000,0.000,-5.1236,9.4038,23.7602,Left,0,0,0,0,0.0000,50.000,0,0.000,0,127.500,71.914,4.500,0.0300,0.2500,70.00,antimatter,60,450;300;200;100;50,2,6,1.5,2.5,100,-10,5,250,40,5,250,60,1,8,11,0,0.06,4,0.5,50,8,5
37,1,60,FrameTimeStutter,6.000,antimatter,practice,2026-08-31T17:32:23.9802087-04:00,4,1441,24.12255,16.1569,678.57,1390.42,0.000,0.000,-5.1236,9.4038,23.7602,Left,0,0,0,0,0.0000,50.000,0,0.000,0,127.500,71.914,4.500,0.0300,0.2500,70.00,antimatter,60,450;300;200;100;50,2,6,1.5,2.5,100,-10,5,250,40,5,250,60,1,8,11,0,0.06,4,0.5,50,8,5
37,1,60,FrameTimeStutter,6.000,antimatter,practice,2026-08-31T17:32:23.9802087-04:00,4,1442,24.13899,16.4432,678.57,1390.42,0.000,0.000,-5.1236,9.4038,23.7602,Left,0,0,0,0,0.0000,50.000,0,0.000,0,127.500,71.914,4.500,0.0300,0.2500,70.00,antimatter,60,450;300;200;100;50,2,6,1.5,2.5,100,-10,5,250,40,5,250,60,1,8,11,0,0.06,4,0.5,50,8,5
37,1,60,FrameTimeStutter,6.000,antimatter,practice,2026-08-31T17:32:23.9802087-04:00,4,1443,24.15629,17.2984,678.57,1390.42,0.000,0.000,-5.1236,9.4038,23.7602,Left,0,0,0,0,0.0000,50.000,0,0.000,0,127.500,71.914,4.500,0.0300,0.2500,70.00,antimatter,60,450;300;200;100;50,2,6,1.5,2.5,100,-10,5,250,40,5,250,60,1,8,11,0,0.06,4,0.5,50,8,5
37,1,60,FrameTimeStutter,6.000,antimatter,practice,2026-08-31T17:32:23.9802087-04:00,4,1444,24.17213,15.8345,678.57,1390.42,0.000,0.000,-5.1236,9.4038,23.7602,Left,0,0,0,0,0.0000,50.000,0,0.000,0,127.500,71.914,4.500,0.0300,0.2500,70.00,antimatter,60,450;300;200;100;50,2,6,1.5,2.5,100,-10,5,250,40,5,250,60,1,8,11,0,0.06,4,0.5,50,8,5
37,1,60,FrameTimeStutter,6.000,antimatter,practice,2026-08-31T17:32:23.9802087-04:00,4,1445,24.18971,17.5878,678.57,1390.42,0.000,0.000,-5.1236,9.4038,23.7602,Left,0,0,0,0,0.0000,50.000,0,0.000,0,127.500,71.914,4.500,0.0300,0.2500,70.00,antimatter,60,450;300;200;100;50,2,6,1.5,2.5,100,-10,5,250,40,5,250,60,1,8,11,0,0.06,4,0.5,50,8,5
37,1,60,FrameTimeStutter,6.000,antimatter,practice,2026-08-31T17:32:23.9802087-04:00,4,1446,24.20636,16.6479,678.57,1390.42,0.000,0.000,-5.1236,9.4038,23.7602,Left,0,0,0,0,0.0000,50.000,0,0.000,0,127.500,71.914,4.500,0.0300,0.2500,70.00,antimatter,60,450;300;200;100;50,2,6,1.5,2.5,100,-10,5,250,40,5,250,60,1,8,11,0,0.06,4,0.5,50,8,5
37,1,60,FrameTimeStutter,6.000,antimatter,practice,2026-08-31T17:32:23.9802087-04:00,4,1447,24.22301,16.6492,678.57,1390.42,0.000,0.000,-5.1236,9.4038,23.7602,Left,0,0,0,0,0.0000,50.000,0,0.000,0,127.500,71.914,4.500,0.0300,0.2500,70.00,antimatter,60,450;300;200;100;50,2,6,1.5,2.5,100,-10,5,250,40,5,250,60,1,8,11,0,0.06,4,0.5,50,8,5
37,1,60,FrameTimeStutter,6.000,antimatter,practice,2026-08-31T17:32:23.9802087-04:00,4,1448,24.23969,16.6829,678.57,1390.42,0.000,0.000,-5.1236,9.4038,23.7602,Left,0,0,0,0,0.0000,50.000,0,0.000,0,127.500,71.914,4.500,0.0300,0.2500,70.00,antimatter,60,450;300;200;100;50,2,6,1.5,2.5,100,-10,5,250,40,5,250,60,1,8,11,0,0.06,4,0.5,50,8,5
37,1,60,FrameTimeStutter,6.000,antimatter,practice,2026-08-31T17:32:23.9802087-04:00,4,1449,24.25599,16.2957,678.57,1390.42,0.000,0.000,-5.1236,9.4038,23.7602,Left,0,0,0,0,0.0000,50.000,0,0.000,0,127.500,71.914,4.500,0.0300,0.2500,70.00,antimatter,60,450;300;200;100;50,2,6,1.5,2.5,100,-10,5,250,40,5,250,60,1,8,11,0,0.06,4,0.5,50,8,5
37,1,60,FrameTimeStutter,6.000,antimatter,practice,2026-08-31T17:32:23.9802087-04:00,4,1450,24.27266,16.6653,678.57,1390.42,0.000,0.000,-5.1236,9.4038,23.7602,Left,0,0,0,0,0.0000,50.000,0,0.000,0,127.500,71.914,4.500,0.0300,0.2500,70.00,antimatter,60,450;300;200;100;50,2,6,1.5,2.5,100,-10,5,250,40,5,250,60,1,8,11,0,0.06,4,0.5,50,8,5
37,1,60,FrameTimeStutter,6.000,antimatter,practice,2026-08-31T17:32:23.9802087-04:00,4,1451,24.28967,17.0108,678.57,1390.42,0.000,0.000,-5.1236,9.4038,23.7602,Left,0,0,0,0,0.0000,50.000,0,0.000,0,127.500,71.914,4.500,0.0300,0.2500,70.00,antimatter,60,450;300;200;100;50,2,6,1.5,2.5,100,-10,5,250,40,5,250,60,1,8,11,0,0.06,4,0.5,50,8,5
37,1,60,FrameTimeStutter,6.000,antimatter,practice,2026-08-31T17:32:23.9802087-04:00,4,1452,24.30641,16.7393,678.57,1390.42,0.000,0.000,-5.1236,9.4038,23.7602,Left,0,0,0,0,0.0000,50.000,0,0.000,0,127.500,71.914,4.500,0.0300,0.2500,70.00,antimatter,60,450;300;200;100;50,2,6,1.5,2.5,100,-10,5,250,40,5,250,60,1,8,11,0,0.06,4,0.5,50,8,5
37,1,60,FrameTimeStutter,6.000,antimatter,practice,2026-08-31T17:32:23.9802087-04:00,4,1453,24.32310,16.6918,678.57,1390.42,0.000,0.000,-5.1236,9.4038,23.7602,Left,0,0,0,0,0.0000,50.000,0,0.000,0,127.500,71.914,4.500,0.0300,0.2500,70.00,antimatter,60,450;300;200;100;50,2,6,1.5,2.5,100,-10,5,250,40,5,250,60,1,8,11,0,0.06,4,0.5,50,8,5
37,1,60,FrameTimeStutter,6.000,antimatter,practice,2026-08-31T17:32:23.9802087-04:00,4,1454,24.33966,16.5650,681.08,1390.42,2.000,0.000,-5.0871,9.4038,23.7602,Left,0,0,0,0,0.0000,50.000,0,0.000,0,127.500,71.914,4.500,0.0300,0.2500,70.00,antimatter,60,450;300;200;100;50,2,6,1.5,2.5,100,-10,5,250,40,5,250,60,1,8,11,0,0.06,4,0.5,50,8,5
37,1,60,FrameTimeStutter,6.000,antimatter,practice,2026-08-31T17:32:23.9802087-04:00,4,1455,24.35642,16.7598,687.35,1390.42,5.000,0.000,-4.9956,9.4038,23.7602,Left,0,0,0,0,0.0000,50.000,0,0.000,0,127.500,71.914,4.500,0.0300,0.2500,70.00,antimatter,60,450;300;200;100;50,2,6,1.5,2.5,100,-10,5,250,40,5,250,60,1,8,11,0,0.06,4,0.5,50,8,5
37,1,60,FrameTimeStutter,6.000,antimatter,practice,2026-08-31T17:32:23.9802087-04:00,4,1456,24.37289,16.4704,693.62,1391.67,5.000,1.000,-4.9042,9.4221,23.7602,Left,0,0,0,0,0.0000,50.000,0,0.000,0,127.500,71.914,4.500,0.0300,0.2500,70.00,antimatter,60,450;300;200;100;50,2,6,1.5,2.5,100,-10,5,250,40,5,250,60,1,8,11,0,0.06,4,0.5,50,8,5
37,1,60,FrameTimeStutter,6.000,antimatter,practice,2026-08-31T17:32:23.9802087-04:00,4,1457,24.38927,16.3746,697.38,1391.67,3.000,0.000,-4.8493,9.4221,23.7602,Left,0,0,0,0,0.0000,50.000,0,0.000,0,127.500,71.914,4.500,0.0300,0.2500,70.00,antimatter,60,450;300;200;100;50,2,6,1.5,2.5,100,-10,5,250,40,5,250,60,1,8,11,0,0.06,4,0.5,50,8,5
37,1,60,FrameTimeStutter,6.000,antimatter,practice,2026-08-31T17:32:23.9802087-04:00,4,1458,24.40593,16.6588,701.15,1391.67,3.000,0.000,-4.7945,9.4221,23.7602,Left,0,0,0,0,0.0000,50.000,0,0.000,0,127.500,71.914,4.500,0.0300,0.2500,70.00,antimatter,60,450;300;200;100;50,2,6,1.5,2.5,100,-10,5,250,40,5,250,60,1,8,11,0,0.06,4,0.5,50,8,5
37,1,60,FrameTimeStutter,6.000,antimatter,practice,2026-08-31T17:32:23.9802087-04:00,4,1459,24.42297,17.0474,703.66,1392.93,2.000,1.000,-4.7580,9.4404,23.7602,Left,0,0,0,0,0.0000,50.000,0,0.000,0,127.500,71.914,4.500,0.0300,0.2500,70.00,antimatter,60,450;300;200;100;50,2,6,1.5,2.5,100,-10,5,250,40,5,250,60,1,8,11,0,0.06,4,0.5,50,8,5
37,1,60,FrameTimeStutter,6.000,antimatter,practice,2026-08-31T17:32:23.9802087-04:00,4,1460,24.43901,16.0353,706.16,1392.93,2.000,0.000,-4.7214,9.4404,23.7602,Left,0,0,0,0,0.0000,50.000,0,0.000,0,127.500,71.914,4.500,0.0300,0.2500,70.00,antimatter,60,450;300;200;100;50,2,6,1.5,2.5,100,-10,5,250,40,5,250,60,1,8,11,0,0.06,4,0.5,50,8,5
37,1,60,FrameTimeStutter,6.000,antimatter,practice,2026-08-31T17:32:23.9802087-04:00,4,1461,24.45609,17.0849,708.67,1392.93,2.000,0.000,-4.6849,9.4404,23.7602,Left,0,0,0,0,0.0000,50.000,0,0.000,0,127.500,71.914,4.500,0.0300,0.2500,70.00,antimatter,60,450;300;200;100;50,2,6,1.5,2.5,100,-10,5,250,40,5,250,60,1,8,11,0,0.06,4,0.5,50,8,5
37,1,60,FrameTimeStutter,6.000,antimatter,practice,2026-08-31T17:32:23.9802087-04:00,4,1462,24.47291,16.8188,711.18,1392.93,2.000,0.000,-4.6484,9.4404,23.7602,Left,0,0,0,0,0.0000,50.000,0,0.000,0,127.500,71.914,4.500,0.0300,0.2500,70.00,antimatter,60,450;300;200;100;50,2,6,1.5,2.5,100,-10,5,250,40,5,250,60,1,8,11,0,0.06,4,0.5,50,8,5
37,1,60,FrameTimeStutter,6.000,antimatter,practice,2026-08-31T17:32:23.9802087-04:00,4,1463,24.48955,16.6339,713.69,1392.93,2.000,0.000,-4.6119,9.4404,23.7602,Left,0,0,0,0,0.0000,50.000,0,0.000,0,127.500,71.914,4.500,0.0300,0.2500,70.00,antimatter,60,450;300;200;100;50,2,6,1.5,2.5,100,-10,5,250,40,5,250,60,1,8,11,0,0.06,4,0.5,50,8,5
37,1,60,FrameTimeStutter,6.000,antimatter,practice,2026-08-31T17:32:23.9802087-04:00,4,1464,24.50577,16.2233,719.96,1392.93,5.000,0.000,-4.5204,9.4404,23.7602,Left,0,0,0,0,0.0000,50.000,0,0.000,0,127.500,71.914,4.500,0.0300,0.2500,70.00,antimatter,60,450;300;200;100;50,2,6,1.5,2.5,100,-10,5,250,40,5,250,60,1,8,11,0,0.06,4,0.5,50,8,5
37,1,60,FrameTimeStutter,6.000,antimatter,practice,2026-08-31T17:32:23.9802087-04:00,4,1465,24.52261,16.8431,727.49,1392.93,6.000,0.000,-4.4107,9.4404,23.7602,Left,0,0,0,0,0.0000,50.000,0,0.000,0,127.500,71.914,4.500,0.0300,0.2500,70.00,antimatter,60,450;300;200;100;50,2,6,1.5,2.5,100,-10,5,250,40,5,250,60,1,8,11,0,0.06,4,0.5,50,8,5
37,1,60,FrameTimeStutter,6.000,antimatter,practice,2026-08-31T17:32:23.9802087-04:00,4,1466,24.53987,17.2543,747.56,1390.42,16.000,-2.000,-4.1181,9.4038,23.7602,Left,0,0,0,0,0.0000,50.000,0,0.000,0,127.500,71.914,4.500,0.0300,0.2500,70.00,antimatter,60,450;300;200;100;50,2,6,1.5,2.5,100,-10,5,250,40,5,250,60,1,8,11,0,0.06,4,0.5,50,8,5
37,1,60,FrameTimeStutter,6.000,antimatter,practice,2026-08-31T17:32:23.9802087-04:00,4,1467,24.55664,16.7747,766.37,1387.91,15.000,-2.000,-3.8439,9.3672,23.7602,Left,0,0,0,0,0.0000,50.000,0,0.000,0,127.500,71.914,4.500,0.0300,0.2500,70.00,antimatter,60,450;300;200;100;50,2,6,1.5,2.5,100,-10,5,250,40,5,250,60,1,8,11,0,0.06,4,0.5,50,8,5
37,1,60,FrameTimeStutter,6.000,antimatter,practice,2026-08-31T17:32:23.9802087-04:00,4,1468,24.57336,16.7236,787.69,1384.15,17.000,-3.000,-3.5331,9.3124,23.7602,Left,0,0,0,0,0.0000,50.000,0,0.000,0,127.500,71.914,4.500,0.0300,0.2500,70.00,antimatter,60,450;300;200;100;50,2,6,1.5,2.5,100,-10,5,250,40,5,250,60,1,8,11,0,0.06,4,0.5,50,8,5
37,1,60,FrameTimeStutter,6.000,antimatter,practice,2026-08-31T17:32:23.9802087-04:00,4,1469,24.58958,16.2128,811.52,1379.13,19.000,-4.000,-3.1856,9.2392,23.7602,Left,0,0,0,0,0.0000,50.000,0,0.000,0,127.500,71.914,4.500,0.0300,0.2500,70.00,antimatter,60,450;300;200;100;50,2,6,1.5,2.5,100,-10,5,250,40,5,250,60,1,8,11,0,0.06,4,0.5,50,8,5
37,1,60,FrameTimeStutter,6.000,antimatter,practice,2026-08-31T17:32:23.9802087-04:00,4,1470,24.60591,16.3303,836.61,1375.37,20.000,-3.000,-2.8199,9.1844,23.7602,Left,0,0,0,0,0.0000,50.000,0,0.000,0,127.500,71.914,4.500,0.0300,0.2500,70.00,antimatter,60,450;300;200;100;50,2,6,1.5,2.5,100,-10,5,250,40,5,250,60,1,8,11,0,0.06,4,0.5,50,8,5
37,1,60,FrameTimeStutter,6.000,antimatter,practice,2026-08-31T17:32:23.9802087-04:00,4,1471,24.62268,16.7727,865.46,1369.09,23.000,-5.000,-2.3993,9.0930,23.7602,Left,0,0,0,0,0.0000,50.000,0,0.000,0,127.500,71.914,4.500,0.0300,0.2500,70.00,antimatter,60,450;300;200;100;50,2,6,1.5,2.5,100,-10,5,250,40,5,250,60,1,8,11,0,0.06,4,0.5,50,8,5
37,1,60,FrameTimeStutter,6.000,antimatter,practice,2026-08-31T17:32:23.9802087-04:00,4,1472,24.63952,16.8366,898.07,1362.82,26.000,-5.000,-1.9239,9.0015,23.7602,Left,0,0,0,0,0.0000,50.000,0,0.000,0,127.500,71.914,4.500,0.0300,0.2500,70.00,antimatter,60,450;300;200;100;50,2,6,1.5,2.5,100,-10,5,250,40,5,250,60,1,8,11,0,0.06,4,0.5,50,8,5
37,1,60,FrameTimeStutter,6.000,antimatter,practice,2026-08-31T17:32:23.9802087-04:00,4,1473,24.65627,16.7567,933.19,1355.30,28.000,-6.000,-1.4120,8.8918,23.7602,Left,0,0,0,0,0.0000,50.000,0,0.000,0,127.500,71.914,4.500,0.0300,0.2500,70.00,antimatter,60,450;300;200;100;50,2,6,1.5,2.5,100,-10,5,250,40,5,250,60,1,8,11,0,0.06,4,0.5,50,8,5
37,1,60,FrameTimeStutter,6.000,antimatter,practice,2026-08-31T17:32:23.9802087-04:00,4,1474,24.67318,16.9064,964.55,1346.52,25.000,-7.000,-0.9549,8.7638,23.7602,Left,0,0,0,0,0.0000,50.000,0,0.000,0,127.500,71.914,4.500,0.0300,0.2500,70.00,antimatter,60,450;300;200;100;50,2,6,1.5,2.5,100,-10,5,250,40,5,250,60,1,8,11,0,0.06,4,0.5,50,8,5
37,1,60,FrameTimeStutter,6.000,antimatter,practice,2026-08-31T17:32:23.9802087-04:00,4,1475,24.68901,15.8339,999.67,1337.74,28.000,-7.000,-0.4429,8.6358,23.7602,Left,0,0,0,0,0.0000,50.000,0,0.000,0,127.500,71.914,4.500,0.0300,0.2500,70.00,antimatter,60,450;300;200;100;50,2,6,1.5,2.5,100,-10,5,250,40,5,250,60,1,8,11,0,0.06,4,0.5,50,8,5
37,1,60,FrameTimeStutter,6.000,antimatter,practice,2026-08-31T17:32:23.9802087-04:00,4,1476,24.70570,16.6828,1032.28,1330.21,26.000,-6.000,0.0325,8.5261,23.7602,Left,0,0,0,0,0.0000,50.000,0,0.000,0,127.500,71.914,4.500,0.0300,0.2500,70.00,antimatter,60,450;300;200;100;50,2,6,1.5,2.5,100,-10,5,250,40,5,250,60,1,8,11,0,0.06,4,0.5,50,8,5
37,1,60,FrameTimeStutter,6.000,antimatter,practice,2026-08-31T17:32:23.9802087-04:00,4,1477,24.72249,16.7972,1064.89,1323.94,26.000,-5.000,0.5079,8.4347,23.7602,Left,0,0,0,0,0.0000,50.000,0,0.000,0,127.500,71.914,4.500,0.0300,0.2500,70.00,antimatter,60,450;300;200;100;50,2,6,1.5,2.5,100,-10,5,250,40,5,250,60,1,8,11,0,0.06,4,0.5,50,8,5
37,1,60,FrameTimeStutter,6.000,antimatter,practice,2026-08-31T17:32:23.9802087-04:00,4,1478,24.73990,17.4061,1116.32,1316.41,41.000,-6.000,1.2576,8.3250,23.7602,Left,0,0,0,0,0.0000,50.000,0,0.000,0,127.500,71.914,4.500,0.0300,0.2500,70.00,antimatter,60,450;300;200;100;50,2,6,1.5,2.5,100,-10,5,250,40,5,250,60,1,8,11,0,0.06,4,0.5,50,8,5
37,1,60,FrameTimeStutter,6.000,antimatter,practice,2026-08-31T17:32:23.9802087-04:00,4,1479,24.75601,16.1051,1146.42,1311.40,24.000,-4.000,1.6965,8.2518,23.7602,Left,0,0,0,0,0.0000,50.000,0,0.000,0,127.500,71.914,4.500,0.0300,0.2500,70.00,antimatter,60,450;300;200;100;50,2,6,1.5,2.5,100,-10,5,250,40,5,250,60,1,8,11,0,0.06,4,0.5,50,8,5
37,1,60,FrameTimeStutter,6.000,antimatter,practice,2026-08-31T17:32:23.9802087-04:00,4,1480,24.77304,17.0332,1170.25,1306.38,19.000,-4.000,2.0439,8.1787,23.7602,Left,0,0,0,0,0.0000,50.000,0,0.000,0,127.500,71.914,4.500,0.0300,0.2500,70.00,antimatter,60,450;300;200;100;50,2,6,1.5,2.5,100,-10,5,250,40,5,250,60,1,8,11,0,0.06,4,0.5,50,8,5
37,1,60,FrameTimeStutter,6.000,antimatter,practice,2026-08-31T17:32:23.9802087-04:00,4,1481,24.78949,16.4504,1189.06,1302.62,15.000,-3.000,2.3182,8.1238,23.7602,Left,0,0,0,0,0.0000,50.000,0,0.000,0,127.500,71.914,4.500,0.0300,0.2500,70.00,antimatter,60,450;300;200;100;50,2,6,1.5,2.5,100,-10,5,250,40,5,250,60,1,8,11,0,0.06,4,0.5,50,8,5
37,1,60,FrameTimeStutter,6.000,antimatter,practice,2026-08-31T17:32:23.9802087-04:00,4,1482,24.80548,15.9947,1202.86,1300.11,11.000,-2.000,2.5193,8.0873,23.7602,Left,0,0,0,0,0.0000,50.000,0,0.000,0,127.500,71.914,4.500,0.0300,0.2500,70.00,antimatter,60,450;300;200;100;50,2,6,1.5,2.5,100,-10,5,250,40,5,250,60,1,8,11,0,0.06,4,0.5,50,8,5
37,1,60,FrameTimeStutter,6.000,antimatter,practice,2026-08-31T17:32:23.9802087-04:00,4,1483,24.82301,17.5227,1214.15,1298.85,9.000,-1.000,2.6839,8.0690,23.7602,Left,0,0,0,0,0.0000,50.000,0,0.000,0,127.500,71.914,4.500,0.0300,0.2500,70.00,antimatter,60,450;300;200;100;50,2,6,1.5,2.5,100,-10,5,250,40,5,250,60,1,8,11,0,0.06,4,0.5,50,8,5
37,1,60,FrameTimeStutter,6.000,antimatter,practice,2026-08-31T17:32:23.9802087-04:00,4,1484,24.83960,16.5895,1219.17,1298.85,4.000,0.000,2.7570,8.0690,23.7602,Left,0,0,0,0,0.0000,50.000,0,0.000,0,127.500,71.914,4.500,0.0300,0.2500,70.00,antimatter,60,450;300;200;100;50,2,6,1.5,2.5,100,-10,5,250,40,5,250,60,1,8,11,0,0.06,4,0.5,50,8,5
37,1,60,FrameTimeStutter,6.000,antimatter,practice,2026-08-31T17:32:23.9802087-04:00,4,1485,24.85570,16.1009,1224.18,1297.60,4.000,-1.000,2.8302,8.0507,23.7602,Left,0,0,0,0,0.0000,50.000,0,0.000,0,127.500,71.914,4.500,0.0300,0.2500,70.00,antimatter,60,450;300;200;100;50,2,6,1.5,2.5,100,-10,5,250,40,5,250,60,1,8,11,0,0.06,4,0.5,50,8,5
37,1,60,FrameTimeStutter,6.000,antimatter,practice,2026-08-31T17:32:23.9802087-04:00,4,1486,24.87290,17.1984,1229.20,1297.60,4.000,0.000,2.9033,8.0507,23.7602,Left,0,0,0,0,0.0000,50.000,0,0.000,0,127.500,71.914,4.500,0.0300,0.2500,70.00,antimatter,60,450;300;200;100;50,2,6,1.5,2.5,100,-10,5,250,40,5,250,60,1,8,11,0,0.06,4,0.5,50,8,5
37,1,60,FrameTimeStutter,6.000,antimatter,practice,2026-08-31T17:32:23.9802087-04:00,4,1487,24.88915,16.2517,1235.47,1297.60,5.000,0.000,2.9948,8.0507,23.7602,Left,0,0,0,0,0.0000,50.000,0,0.000,0,127.500,71.914,4.500,0.0300,0.2500,70.00,antimatter,60,450;300;200;100;50,2,6,1.5,2.5,100,-10,5,250,40,5,250,60,1,8,11,0,0.06,4,0.5,50,8,5
37,1,60,FrameTimeStutter,6.000,antimatter,practice,2026-08-31T17:32:23.9802087-04:00,4,1488,24.90570,16.5506,1243.00,1297.60,6.000,0.000,3.1045,8.0507,23.7602,Left,0,0,0,0,0.0000,50.000,0,0.000,0,127.500,71.914,4.500,0.0300,0.2500,70.00,antimatter,60,450;300;200;100;50,2,6,1.5,2.5,100,-10,5,250,40,5,250,60,1,8,11,0,0.06,4,0.5,50,8,5
37,1,60,FrameTimeStutter,6.000,antimatter,practice,2026-08-31T17:32:23.9802087-04:00,4,1489,24.92294,17.2374,1251.78,1297.60,7.000,0.000,3.2325,8.0507,23.7602,Left,0,0,0,0,0.0000,50.000,0,0.000,0,127.500,71.914,4.500,0.0300,0.2500,70.00,antimatter,60,450;300;200;100;50,2,6,1.5,2.5,100,-10,5,250,40,5,250,60,1,8,11,0,0.06,4,0.5,50,8,5
37,1,60,FrameTimeStutter,6.000,antimatter,practice,2026-08-31T17:32:23.9802087-04:00,4,1490,24.93917,16.2359,1260.56,1297.60,7.000,0.000,3.3604,8.0507,23.7602,Left,0,0,0,0,0.0000,50.000,0,0.000,0,127.500,71.914,4.500,0.0300,0.2500,70.00,antimatter,60,450;300;200;100;50,2,6,1.5,2.5,100,-10,5,250,40,5,250,60,1,8,11,0,0.06,4,0.5,50,8,5
37,1,60,FrameTimeStutter,6.000,antimatter,practice,2026-08-31T17:32:23.9802087-04:00,4,1491,24.95625,17.0766,1274.36,1295.09,11.000,-2.000,3.5616,8.0141,23.7602,Left,0,0,0,0,0.0000,50.000,0,0.000,0,127.500,71.914,4.500,0.0300,0.2500,70.00,antimatter,60,450;300;200;100;50,2,6,1.5,2.5,100,-10,5,250,40,5,250,60,1,8,11,0,0.06,4,0.5,50,8,5
37,1,60,FrameTimeStutter,6.000,antimatter,practice,2026-08-31T17:32:23.9802087-04:00,4,1492,24.97278,16.5342,1283.14,1293.84,7.000,-1.000,3.6895,7.9958,23.7602,Left,0,0,0,0,0.0000,50.000,0,0.000,0,127.500,71.914,4.500,0.0300,0.2500,70.00,antimatter,60,450;300;200;100;50,2,6,1.5,2.5,100,-10,5,250,40,5,250,60,1,8,11,0,0.06,4,0.5,50,8,5
37,1,60,FrameTimeStutter,6.000,antimatter,practice,2026-08-31T17:32:23.9802087-04:00,4,1493,24.98932,16.5353,1291.92,1291.33,7.000,-2.000,3.8175,7.9592,23.7602,Left,0,0,0,0,0.0000,50.000,0,0.000,0,127.500,71.914,4.500,0.0300,0.2500,70.00,antimatter,60,450;300;200;100;50,2,6,1.5,2.5,100,-10,5,250,40,5,250,60,1,8,11,0,0.06,4,0.5,50,8,5
37,1,60,FrameTimeStutter,6.000,antimatter,practice,2026-08-31T17:32:23.9802087-04:00,4,1494,25.00598,16.6585,1300.70,1288.82,7.000,-2.000,3.9455,7.9227,23.7602,Left,0,0,0,0,0.0000,50.000,0,0.000,0,127.500,71.914,4.500,0.0300,0.2500,70.00,antimatter,60,450;300;200;100;50,2,6,1.5,2.5,100,-10,5,250,40,5,250,60,1,8,11,0,0.06,4,0.5,50,8,5
37,1,60,FrameTimeStutter,6.000,antimatter,practice,2026-08-31T17:32:23.9802087-04:00,4,1495,25.02223,16.2550,1305.71,1287.57,4.000,-1.000,4.0187,7.9044,23.7602,Left,0,0,0,0,0.0000,50.000,0,0.000,0,127.500,71.914,4.500,0.0300,0.2500,70.00,antimatter,60,450;300;200;100;50,2,6,1.5,2.5,100,-10,5,250,40,5,250,60,1,8,11,0,0.06,4,0.5,50,8,5
37,1,60,FrameTimeStutter,6.000,antimatter,practice,2026-08-31T17:32:23.9802087-04:00,4,1496,25.03917,16.9431,1309.48,1287.57,3.000,0.000,4.0735,7.9044,23.7602,Left,0,0,0,0,0.0000,50.000,0,0.000,0,127.500,71.914,4.500,0.0300,0.2500,70.00,antimatter,60,450;300;200;100;50,2,6,1.5,2.5,100,-10,5,250,40,5,250,60,1,8,11,0,0.06,4,0.5,50,8,5
37,1,60,FrameTimeStutter,6.000,antimatter,practice,2026-08-31T17:32:23.9802087-04:00,4,1497,25.05588,16.7084,1311.98,1286.31,2.000,-1.000,4.1100,7.8861,23.7602,Left,0,0,0,0,0.0000,50.000,0,0.000,0,127.500,71.914,4.500,0.0300,0.2500,70.00,antimatter,60,450;300;200;100;50,2,6,1.5,2.5,100,-10,5,250,40,5,250,60,1,8,11,0,0.06,4,0.5,50,8,5
37,1,60,FrameTimeStutter,6.000,antimatter,practice,2026-08-31T17:32:23.9802087-04:00,4,1498,25.07299,17.1083,1315.75,1285.06,3.000,-1.000,4.1649,7.8678,23.7602,Left,0,0,0,0,0.0000,50.000,0,0.000,0,127.500,71.914,4.500,0.0300,0.2500,70.00,antimatter,60,450;300;200;100;50,2,6,1.5,2.5,100,-10,5,250,40,5,250,60,1,8,11,0,0.06,4,0.5,50,8,5
37,1,60,FrameTimeStutter,6.000,antimatter,practice,2026-08-31T17:32:23.9802087-04:00,4,1499,25.08931,16.3151,1322.02,1283.80,5.000,-1.000,4.2563,7.8495,23.7602,Left,0,0,0,0,0.0000,50.000,0,0.000,0,127.500,71.914,4.500,0.0300,0.2500,70.00,antimatter,60,450;300;200;100;50,2,6,1.5,2.5,100,-10,5,250,40,5,250,60,1,8,11,0,0.06,4,0.5,50,8,5
37,1,60,FrameTimeStutter,6.000,antimatter,practice,2026-08-31T17:32:23.9802087-04:00,4,1500,25.10608,16.7784,1325.78,1281.29,3.000,-2.000,4.3111,7.8129,23.7602,Left,0,0,0,0,0.0000,50.000,0,0.000,0,127.500,71.914,4.500,0.0300,0.2500,70.00,antimatter,60,450;300;200;100;50,2,6,1.5,2.5,100,-10,5,250,40,5,250,60,1,8,11,0,0.06,4,0.5,50,8,5
37,1,60,FrameTimeStutter,6.000,antimatter,practice,2026-08-31T17:32:23.9802087-04:00,4,1501,25.12280,16.7181,1329.54,1281.29,3.000,0.000,4.3660,7.8129,23.7602,Left,0,0,0,0,0.0000,50.000,0,0.000,0,127.500,71.914,4.500,0.0300,0.2500,70.00,antimatter,60,450;300;200;100;50,2,6,1.5,2.5,100,-10,5,250,40,5,250,60,1,8,11,0,0.06,4,0.5,50,8,5
37,1,60,FrameTimeStutter,6.000,antimatter,practice,2026-08-31T17:32:23.9802087-04:00,4,1502,25.13979,16.9879,1329.54,1281.29,0.000,0.000,4.3660,7.8129,23.7602,Left,0,0,0,0,0.0000,50.000,0,0.000,0,127.500,71.914,4.500,0.0300,0.2500,70.00,antimatter,60,450;300;200;100;50,2,6,1.5,2.5,100,-10,5,250,40,5,250,60,1,8,11,0,0.06,4,0.5,50,8,5
37,1,60,FrameTimeStutter,6.000,antimatter,practice,2026-08-31T17:32:23.9802087-04:00,4,1503,25.15631,16.5249,1329.54,1281.29,0.000,0.000,4.3660,7.8129,23.7602,Left,0,0,0,0,0.0000,50.000,0,0.000,0,127.500,71.914,4.500,0.0300,0.2500,70.00,antimatter,60,450;300;200;100;50,2,6,1.5,2.5,100,-10,5,250,40,5,250,60,1,8,11,0,0.06,4,0.5,50,8,5
37,1,60,FrameTimeStutter,6.000,antimatter,practice,2026-08-31T17:32:23.9802087-04:00,4,1504,25.17275,16.4310,1329.54,1281.29,0.000,0.000,4.3660,7.8129,23.7602,Left,0,0,0,0,0.0000,50.000,0,0.000,0,127.500,71.914,4.500,0.0300,0.2500,70.00,antimatter,60,450;300;200;100;50,2,6,1.5,2.5,100,-10,5,250,40,5,250,60,1,8,11,0,0.06,4,0.5,50,8,5
37,1,60,FrameTimeStutter,6.000,antimatter,practice,2026-08-31T17:32:23.9802087-04:00,4,1505,25.18920,16.4507,1329.54,1281.29,0.000,0.000,4.3660,7.8129,23.7602,Left,0,0,0,0,0.0000,50.000,0,0.000,0,127.500,71.914,4.500,0.0300,0.2500,70.00,antimatter,60,450;300;200;100;50,2,6,1.5,2.5,100,-10,5,250,40,5,250,60,1,8,11,0,0.06,4,0.5,50,8,5
37,1,60,FrameTimeStutter,6.000,antimatter,practice,2026-08-31T17:32:23.9802087-04:00,4,1506,25.20584,16.6433,1329.54,1281.29,0.000,0.000,4.3660,7.8129,23.7602,Left,0,0,0,0,0.0000,50.000,0,0.000,0,127.500,71.914,4.500,0.0300,0.2500,70.00,antimatter,60,450;300;200;100;50,2,6,1.5,2.5,100,-10,5,250,40,5,250,60,1,8,11,0,0.06,4,0.5,50,8,5
37,1,60,FrameTimeStutter,6.000,antimatter,practice,2026-08-31T17:32:23.9802087-04:00,4,1507,25.22257,16.7281,1329.54,1281.29,0.000,0.000,4.3660,7.8129,23.7602,Left,0,0,0,0,0.0000,50.000,0,0.000,0,127.500,71.914,4.500,0.0300,0.2500,70.00,antimatter,60,450;300;200;100;50,2,6,1.5,2.5,100,-10,5,250,40,5,250,60,1,8,11,0,0.06,4,0.5,50,8,5
37,1,60,FrameTimeStutter,6.000,antimatter,practice,2026-08-31T17:32:23.9802087-04:00,4,1508,25.23937,16.8033,1329.54,1281.29,0.000,0.000,4.3660,7.8129,23.7602,Left,0,0,0,0,0.0000,50.000,0,0.000,0,127.500,71.914,4.500,0.0300,0.2500,70.00,antimatter,60,450;300;200;100;50,2,6,1.5,2.5,100,-10,5,250,40,5,250,60,1,8,11,0,0.06,4,0.5,50,8,5
37,1,60,FrameTimeStutter,6.000,antimatter,practice,2026-08-31T17:32:23.9802087-04:00,4,1509,25.25566,16.2878,1329.54,1281.29,0.000,0.000,4.3660,7.8129,23.7602,Left,0,0,0,0,0.0000,50.000,0,0.000,0,127.500,71.914,4.500,0.0300,0.2500,70.00,antimatter,60,450;300;200;100;50,2,6,1.5,2.5,100,-10,5,250,40,5,250,60,1,8,11,0,0.06,4,0.5,50,8,5
37,1,60,FrameTimeStutter,6.000,antimatter,practice,2026-08-31T17:32:23.9802087-04:00,4,1510,25.27297,17.3136,1329.54,1281.29,0.000,0.000,4.3660,7.8129,23.7602,Left,0,0,0,0,0.0000,50.000,0,0.000,0,127.500,71.914,4.500,0.0300,0.2500,70.00,antimatter,60,450;300;200;100;50,2,6,1.5,2.5,100,-10,5,250,40,5,250,60,1,8,11,0,0.06,4,0.5,50,8,5
37,1,60,FrameTimeStutter,6.000,antimatter,practice,2026-08-31T17:32:23.9802087-04:00,4,1511,25.28946,16.4923,1329.54,1281.29,0.000,0.000,4.3660,7.8129,23.7602,Left,0,0,0,0,0.0000,50.000,0,0.000,0,127.500,71.914,4.500,0.0300,0.2500,70.00,antimatter,60,450;300;200;100;50,2,6,1.5,2.5,100,-10,5,250,40,5,250,60,1,8,11,0,0.06,4,0.5,50,8,5
37,1,60,FrameTimeStutter,6.000,antimatter,practice,2026-08-31T17:32:23.9802087-04:00,4,1512,25.30577,16.3048,1329.54,1281.29,0.000,0.000,4.3660,7.8129,23.7602,Left,0,0,0,0,0.0000,50.000,0,0.000,0,127.500,71.914,4.500,0.0300,0.2500,70.00,antimatter,60,450;300;200;100;50,2,6,1.5,2.5,100,-10,5,250,40,5,250,60,1,8,11,0,0.06,4,0.5,50,8,5
37,1,60,FrameTimeStutter,6.000,antimatter,practice,2026-08-31T17:32:23.9802087-04:00,4,1513,25.32229,16.5207,1329.54,1281.29,0.000,0.000,4.3660,7.8129,23.7602,Left,0,0,0,0,0.0000,50.000,0,0.000,0,127.500,71.914,4.500,0.0300,0.2500,70.00,antimatter,60,450;300;200;100;50,2,6,1.5,2.5,100,-10,5,250,40,5,250,60,1,8,11,0,0.06,4,0.5,50,8,5
37,1,60,FrameTimeStutter,6.000,antimatter,practice,2026-08-31T17:32:23.9802087-04:00,4,1514,25.33913,16.8441,1329.54,1281.29,0.000,0.000,4.3660,7.8129,23.7602,Left,0,0,0,0,0.0000,50.000,0,0.000,0,127.500,71.914,4.500,0.0300,0.2500,70.00,antimatter,60,450;300;200;100;50,2,6,1.5,2.5,100,-10,5,250,40,5,250,60,1,8,11,0,0.06,4,0.5,50,8,5
37,1,60,FrameTimeStutter,6.000,antimatter,practice,2026-08-31T17:32:23.9802087-04:00,4,1515,25.35613,16.9921,1329.54,1277.53,0.000,-3.000,4.3660,7.7581,23.7602,Left,0,0,0,0,0.0000,50.000,0,0.000,0,127.500,71.914,4.500,0.0300,0.2500,70.00,antimatter,60,450;300;200;100;50,2,6,1.5,2.5,100,-10,5,250,40,5,250,60,1,8,11,0,0.06,4,0.5,50,8,5
37,1,60,FrameTimeStutter,6.000,antimatter,practice,2026-08-31T17:32:23.9802087-04:00,4,1516,25.37371,17.5867,1332.05,1268.75,2.000,-7.000,4.4025,7.6301,23.7602,Left,0,0,0,0,0.0000,50.000,0,0.000,0,127.500,71.914,4.500,0.0300,0.2500,70.00,antimatter,60,450;300;200;100;50,2,6,1.5,2.5,100,-10,5,250,40,5,250,60,1,8,11,0,0.06,4,0.5,50,8,5
37,1,60,FrameTimeStutter,6.000,antimatter,practice,2026-08-31T17:32:23.9802087-04:00,4,1517,25.38890,15.1874,1334.56,1257.46,2.000,-9.000,4.4390,7.4655,23.7602,Left,0,0,0,0,0.0000,50.000,0,0.000,0,127.500,71.914,4.500,0.0300,0.2500,70.00,antimatter,60,450;300;200;100;50,2,6,1.5,2.5,100,-10,5,250,40,5,250,60,1,8,11,0,0.06,4,0.5,50,8,5
37,1,60,FrameTimeStutter,6.000,antimatter,practice,2026-08-31T17:32:23.9802087-04:00,4,1518,25.40624,17.3412,1335.82,1248.68,1.000,-7.000,4.4573,7.3375,23.7602,Left,0,0,0,0,0.0000,50.000,0,0.000,0,127.500,71.914,4.500,0.0300,0.2500,70.00,antimatter,60,450;300;200;100;50,2,6,1.5,2.5,100,-10,5,250,40,5,250,60,1,8,11,0,0.06,4,0.5,50,8,5
37,1,60,FrameTimeStutter,6.000,antimatter,practice,2026-08-31T17:32:23.9802087-04:00,4,1519,25.42259,16.3479,1337.07,1244.92,1.000,-3.000,4.4757,7.2827,23.7602,Left,0,0,0,0,0.0000,50.000,0,0.000,0,127.500,71.914,4.500,0.0300,0.2500,70.00,antimatter,60,450;300;200;100;50,2,6,1.5,2.5,100,-10,5,250,40,5,250,60,1,8,11,0,0.06,4,0.5,50,8,5
37,1,60,FrameTimeStutter,6.000,antimatter,practice,2026-08-31T17:32:23.9802087-04:00,4,1520,25.43900,16.4127,1337.07,1243.67,0.000,-1.000,4.4757,7.2644,23.7602,Left,0,0,0,0,0.0000,50.000,0,0.000,0,127.500,71.914,4.500,0.0300,0.2500,70.00,antimatter,60,450;300;200;100;50,2,6,1.5,2.5,100,-10,5,250,40,5,250,60,1,8,11,0,0.06,4,0.5,50,8,5
37,1,60,FrameTimeStutter,6.000,antimatter,practice,2026-08-31T17:32:23.9802087-04:00,4,1521,25.45642,17.4153,1337.07,1243.67,0.000,0.000,4.4757,7.2644,23.7602,Left,0,0,0,0,0.0000,50.000,0,0.000,0,127.500,71.914,4.500,0.0300,0.2500,70.00,antimatter,60,450;300;200;100;50,2,6,1.5,2.5,100,-10,5,250,40,5,250,60,1,8,11,0,0.06,4,0.5,50,8,5
37,1,60,FrameTimeStutter,6.000,antimatter,practice,2026-08-31T17:32:23.9802087-04:00,4,1522,25.47258,16.1614,1337.07,1243.67,0.000,0.000,4.4757,7.2644,23.7602,Left,0,0,0,0,0.0000,50.000,0,0.000,0,127.500,71.914,4.500,0.0300,0.2500,70.00,antimatter,60,450;300;200;100;50,2,6,1.5,2.5,100,-10,5,250,40,5,250,60,1,8,11,0,0.06,4,0.5,50,8,5
37,1,60,FrameTimeStutter,6.000,antimatter,practice,2026-08-31T17:32:23.9802087-04:00,4,1523,25.48958,17.0053,1337.07,1243.67,0.000,0.000,4.4757,7.2644,23.7602,Left,0,0,0,0,0.0000,50.000,0,0.000,0,127.500,71.914,4.500,0.0300,0.2500,70.00,antimatter,60,450;300;200;100;50,2,6,1.5,2.5,100,-10,5,250,40,5,250,60,1,8,11,0,0.06,4,0.5,50,8,5
37,1,60,FrameTimeStutter,6.000,antimatter,practice,2026-08-31T17:32:23.9802087-04:00,4,1524,25.50605,16.4620,1337.07,1243.67,0.000,0.000,4.4757,7.2644,23.7602,Left,0,0,0,0,0.0000,50.000,0,0.000,0,127.500,71.914,4.500,0.0300,0.2500,70.00,antimatter,60,450;300;200;100;50,2,6,1.5,2.5,100,-10,5,250,40,5,250,60,1,8,11,0,0.06,4,0.5,50,8,5
37,1,60,FrameTimeStutter,6.000,antimatter,practice,2026-08-31T17:32:23.9802087-04:00,4,1525,25.52308,17.0354,1337.07,1243.67,0.000,0.000,4.4757,7.2644,23.7602,Left,0,0,0,0,0.0000,50.000,0,0.000,0,127.500,71.914,4.500,0.0300,0.2500,70.00,antimatter,60,450;300;200;100;50,2,6,1.5,2.5,100,-10,5,250,40,5,250,60,1,8,11,0,0.06,4,0.5,50,8,5
37,1,60,FrameTimeStutter,6.000,antimatter,practice,2026-08-31T17:32:23.9802087-04:00,4,1526,25.54002,16.9422,1338.32,1238.65,1.000,-4.000,4.4940,7.1912,23.7602,Left,0,0,0,0,0.0000,50.000,0,0.000,0,127.500,71.914,4.500,0.0300,0.2500,70.00,antimatter,60,450;300;200;100;50,2,6,1.5,2.5,100,-10,5,250,40,5,250,60,1,8,11,0,0.06,4,0.5,50,8,5
37,1,60,FrameTimeStutter,6.000,antimatter,practice,2026-08-31T17:32:23.9802087-04:00,4,1527,25.55606,16.0348,1338.32,1234.89,0.000,-3.000,4.4940,7.1364,23.7602,Left,0,0,0,0,0.0000,50.000,0,0.000,0,127.500,71.914,4.500,0.0300,0.2500,70.00,antimatter,60,450;300;200;100;50,2,6,1.5,2.5,100,-10,5,250,40,5,250,60,1,8,11,0,0.06,4,0.5,50,8,5
37,1,60,FrameTimeStutter,6.000,antimatter,practice,2026-08-31T17:32:23.9802087-04:00,4,1528,25.57285,16.7898,1338.32,1231.12,0.000,-3.000,4.4940,7.0815,23.7602,Left,0,0,0,0,0.0000,50.000,0,0.000,0,127.500,71.914,4.500,0.0300,0.2500,70.00,antimatter,60,450;300;200;100;50,2,6,1.5,2.5,100,-10,5,250,40,5,250,60,1,8,11,0,0.06,4,0.5,50,8,5
37,1,60,FrameTimeStutter,6.000,antimatter,practice,2026-08-31T17:32:23.9802087-04:00,4,1529,25.58931,16.4598,1338.32,1227.36,0.000,-3.000,4.4940,7.0266,23.7602,Left,0,0,0,0,0.0000,50.000,0,0.000,0,127.500,71.914,4.500,0.0300,0.2500,70.00,antimatter,60,450;300;200;100;50,2,6,1.5,2.5,100,-10,5,250,40,5,250,60,1,8,11,0,0.06,4,0.5,50,8,5
37,1,60,FrameTimeStutter,6.000,antimatter,practice,2026-08-31T17:32:23.9802087-04:00,4,1530,25.60567,16.3635,1338.32,1218.58,0.000,-7.000,4.4940,6.8986,23.7602,Left,0,0,0,0,0.0000,50.000,0,0.000,0,127.500,71.914,4.500,0.0300,0.2500,70.00,antimatter,60,450;300;200;100;50,2,6,1.5,2.5,100,-10,5,250,40,5,250,60,1,8,11,0,0.06,4,0.5,50,8,5
37,1,60,FrameTimeStutter,6.000,antimatter,practice,2026-08-31T17:32:23.9802087-04:00,4,1531,25.62280,17.1232,1337.07,1203.53,-1.000,-12.000,4.4756,6.6792,23.7602,Left,0,0,0,0,0.0000,50.000,0,0.000,0,127.500,71.914,4.500,0.0300,0.2500,70.00,antimatter,60,450;300;200;100;50,2,6,1.5,2.5,100,-10,5,250,40,5,250,60,1,8,11,0,0.06,4,0.5,50,8,5
37,1,60,FrameTimeStutter,6.000,antimatter,practice,2026-08-31T17:32:23.9802087-04:00,4,1532,25.63941,16.6154,1335.82,1182.21,-1.000,-17.000,4.4573,6.3684,23.7602,Left,0,0,0,0,0.0000,50.000,0,0.000,0,127.500,71.914,4.500,0.0300,0.2500,70.00,antimatter,60,450;300;200;100;50,2,6,1.5,2.5,100,-10,5,250,40,5,250,60,1,8,11,0,0.06,4,0.5,50,8,5
37,1,60,FrameTimeStutter,6.000,antimatter,practice,2026-08-31T17:32:23.9802087-04:00,4,1533,25.65564,16.2338,1334.56,1154.61,-1.000,-22.000,4.4390,5.9661,23.7602,Left,0,0,0,0,0.0000,50.000,0,0.000,0,127.500,71.914,4.500,0.0300,0.2500,70.00,antimatter,60,450;300;200;100;50,2,6,1.5,2.5,100,-10,5,250,40,5,250,60,1,8,11,0,0.06,4,0.5,50,8,5
37,1,60,FrameTimeStutter,6.000,antimatter,practice,2026-08-31T17:32:23.9802087-04:00,4,1534,25.67283,17.1908,1333.31,1120.75,-1.000,-27.000,4.4207,5.4724,23.7602,Left,0,0,0,0,0.0000,50.000,0,0.000,0,127.500,71.914,4.500,0.0300,0.2500,70.00,antimatter,60,450;300;200;100;50,2,6,1.5,2.5,100,-10,5,250,40,5,250,60,1,8,11,0,0.06,4,0.5,50,8,5
37,1,60,FrameTimeStutter,6.000,antimatter,practice,2026-08-31T17:32:23.9802087-04:00,4,1535,25.68938,16.5461,1332.05,1090.64,-1.000,-24.000,4.4024,5.0335,23.7602,Left,0,0,0,0,0.0000,50.000,0,0.000,0,127.500,71.914,4.500,0.0300,0.2500,70.00,antimatter,60,450;300;200;100;50,2,6,1.5,2.5,100,-10,5,250,40,5,250,60,1,8,11,0,0.06,4,0.5,50,8,5
37,1,60,FrameTimeStutter,6.000,antimatter,practice,2026-08-31T17:32:23.9802087-04:00,4,1536,25.70625,16.8658,1330.80,1065.56,-1.000,-20.000,4.3841,4.6678,23.7602,Left,0,0,0,0,0.0000,50.000,0,0.000,0,127.500,71.914,4.500,0.0300,0.2500,70.00,antimatter,60,450;300;200;100;50,2,6,1.5,2.5,100,-10,5,250,40,5,250,60,1,8,11,0,0.06,4,0.5,50,8,5
37,1,60,FrameTimeStutter,6.000,antimatter,practice,2026-08-31T17:32:23.9802087-04:00,4,1537,25.72292,16.6750,1330.80,1050.51,0.000,-12.000,4.3841,4.4484,23.7602,Left,0,0,0,0,0.0000,50.000,0,0.000,0,127.500,71.914,4.500,0.0300,0.2500,70.00,antimatter,60,450;300;200;100;50,2,6,1.5,2.5,100,-10,5,250,40,5,250,60,1,8,11,0,0.06,4,0.5,50,8,5
37,1,60,FrameTimeStutter,6.000,antimatter,practice,2026-08-31T17:32:23.9802087-04:00,4,1538,25.73912,16.1981,1330.80,1044.23,0.000,-5.000,4.3841,4.3570,23.7602,Left,0,0,0,0,0.0000,50.000,0,0.000,0,127.500,71.914,4.500,0.0300,0.2500,70.00,antimatter,60,450;300;200;100;50,2,6,1.5,2.5,100,-10,5,250,40,5,250,60,1,8,11,0,0.06,4,0.5,50,8,5
37,1,60,FrameTimeStutter,6.000,antimatter,practice,2026-08-31T17:32:23.9802087-04:00,4,1539,25.75599,16.8711,1330.80,1041.73,0.000,-2.000,4.3841,4.3204,23.7602,Left,0,0,0,0,0.0000,50.000,0,0.000,0,127.500,71.914,4.500,0.0300,0.2500,70.00,antimatter,60,450;300;200;100;50,2,6,1.5,2.5,100,-10,5,250,40,5,250,60,1,8,11,0,0.06,4,0.5,50,8,5
37,1,60,FrameTimeStutter,6.000,antimatter,practice,2026-08-31T17:32:23.9802087-04:00,4,1540,25.77297,16.9777,1330.80,1041.73,0.000,0.000,4.3841,4.3204,23.7602,Left,0,0,0,0,0.0000,50.000,0,0.000,0,127.500,71.914,4.500,0.0300,0.2500,70.00,antimatter,60,450;300;200;100;50,2,6,1.5,2.5,100,-10,5,250,40,5,250,60,1,8,11,0,0.06,4,0.5,50,8,5
37,1,60,FrameTimeStutter,6.000,antimatter,practice,2026-08-31T17:32:23.9802087-04:00,4,1541,25.78946,16.4897,1330.80,1041.73,0.000,0.000,4.3841,4.3204,23.7602,Left,0,0,0,0,0.0000,50.000,0,0.000,0,127.500,71.914,4.500,0.0300,0.2500,70.00,antimatter,60,450;300;200;100;50,2,6,1.5,2.5,100,-10,5,250,40,5,250,60,1,8,11,0,0.06,4,0.5,50,8,5
37,1,60,FrameTimeStutter,6.000,antimatter,practice,2026-08-31T17:32:23.9802087-04:00,4,1542,25.80604,16.5768,1330.80,1041.73,0.000,0.000,4.3841,4.3204,23.7602,Left,0,0,0,0,0.0000,50.000,0,0.000,0,127.500,71.914,4.500,0.0300,0.2500,70.00,antimatter,60,450;300;200;100;50,2,6,1.5,2.5,100,-10,5,250,40,5,250,60,1,8,11,0,0.06,4,0.5,50,8,5
37,1,60,FrameTimeStutter,6.000,antimatter,practice,2026-08-31T17:32:23.9802087-04:00,4,1543,25.82281,16.7783,1330.80,1041.73,0.000,0.000,4.3841,4.3204,23.7602,Left,0,0,0,0,0.0000,50.000,0,0.000,0,127.500,71.914,4.500,0.0300,0.2500,70.00,antimatter,60,450;300;200;100;50,2,6,1.5,2.5,100,-10,5,250,40,5,250,60,1,8,11,0,0.06,4,0.5,50,8,5
37,1,60,FrameTimeStutter,6.000,antimatter,practice,2026-08-31T17:32:23.9802087-04:00,4,1544,25.83933,16.5200,1330.80,1041.73,0.000,0.000,4.3841,4.3204,23.7602,Left,0,0,0,0,0.0000,50.000,0,0.000,0,127.500,71.914,4.500,0.0300,0.2500,70.00,antimatter,60,450;300;200;100;50,2,6,1.5,2.5,100,-10,5,250,40,5,250,60,1,8,11,0,0.06,4,0.5,50,8,5
37,1,60,FrameTimeStutter,6.000,antimatter,practice,2026-08-31T17:32:23.9802087-04:00,4,1545,25.85598,16.6465,1330.80,1041.73,0.000,0.000,4.3841,4.3204,23.7602,Left,0,0,0,0,0.0000,50.000,0,0.000,0,127.500,71.914,4.500,0.0300,0.2500,70.00,antimatter,60,450;300;200;100;50,2,6,1.5,2.5,100,-10,5,250,40,5,250,60,1,8,11,0,0.06,4,0.5,50,8,5
37,1,60,FrameTimeStutter,6.000,antimatter,practice,2026-08-31T17:32:23.9802087-04:00,4,1546,25.87266,16.6782,1330.80,1041.73,0.000,0.000,4.3841,4.3204,23.7602,Left,0,0,0,0,0.0000,50.000,0,0.000,0,127.500,71.914,4.500,0.0300,0.2500,70.00,antimatter,60,450;300;200;100;50,2,6,1.5,2.5,100,-10,5,250,40,5,250,60,1,8,11,0,0.06,4,0.5,50,8,5
37,1,60,FrameTimeStutter,6.000,antimatter,practice,2026-08-31T17:32:23.9802087-04:00,4,1547,25.88890,16.2443,1330.80,1041.73,0.000,0.000,4.3841,4.3204,23.7602,Left,0,0,0,0,0.0000,50.000,0,0.000,0,127.500,71.914,4.500,0.0300,0.2500,70.00,antimatter,60,450;300;200;100;50,2,6,1.5,2.5,100,-10,5,250,40,5,250,60,1,8,11,0,0.06,4,0.5,50,8,5
37,1,60,FrameTimeStutter,6.000,antimatter,practice,2026-08-31T17:32:23.9802087-04:00,4,1548,25.90563,16.7269,1330.80,1041.73,0.000,0.000,4.3841,4.3204,23.7602,Left,0,0,0,0,0.0000,50.000,0,0.000,0,127.500,71.914,4.500,0.0300,0.2500,70.00,antimatter,60,450;300;200;100;50,2,6,1.5,2.5,100,-10,5,250,40,5,250,60,1,8,11,0,0.06,4,0.5,50,8,5
37,1,60,FrameTimeStutter,6.000,antimatter,practice,2026-08-31T17:32:23.9802087-04:00,4,1549,25.92264,17.0106,1330.80,1041.73,0.000,0.000,4.3841,4.3204,23.7602,Left,0,0,0,0,0.0000,50.000,0,0.000,0,127.500,71.914,4.500,0.0300,0.2500,70.00,antimatter,60,450;300;200;100;50,2,6,1.5,2.5,100,-10,5,250,40,5,250,60,1,8,11,0,0.06,4,0.5,50,8,5
37,1,60,FrameTimeStutter,6.000,antimatter,practice,2026-08-31T17:32:23.9802087-04:00,4,1550,25.93959,16.9496,1330.80,1041.73,0.000,0.000,4.3841,4.3204,23.7602,Left,0,0,0,0,0.0000,50.000,0,0.000,0,127.500,71.914,4.500,0.0300,0.2500,70.00,antimatter,60,450;300;200;100;50,2,6,1.5,2.5,100,-10,5,250,40,5,250,60,1,8,11,0,0.06,4,0.5,50,8,5
37,1,60,FrameTimeStutter,6.000,antimatter,practice,2026-08-31T17:32:23.9802087-04:00,4,1551,25.95569,16.1036,1330.80,1041.73,0.000,0.000,4.3841,4.3204,23.7602,Left,0,0,0,0,0.0000,50.000,0,0.000,0,127.500,71.914,4.500,0.0300,0.2500,70.00,antimatter,60,450;300;200;100;50,2,6,1.5,2.5,100,-10,5,250,40,5,250,60,1,8,11,0,0.06,4,0.5,50,8,5
37,1,60,FrameTimeStutter,6.000,antimatter,practice,2026-08-31T17:32:23.9802087-04:00,4,1552,25.97225,16.5597,1330.80,1041.73,0.000,0.000,4.3841,4.3204,23.7602,Left,0,0,0,0,0.0000,50.000,0,0.000,0,127.500,71.914,4.500,0.0300,0.2500,70.00,antimatter,60,450;300;200;100;50,2,6,1.5,2.5,100,-10,5,250,40,5,250,60,1,8,11,0,0.06,4,0.5,50,8,5
37,1,60,FrameTimeStutter,6.000,antimatter,practice,2026-08-31T17:32:23.9802087-04:00,4,1553,25.98969,17.4400,1330.80,1041.73,0.000,0.000,4.3841,4.3204,23.7602,Left,0,0,0,0,0.0000,50.000,0,0.000,0,127.500,71.914,4.500,0.0300,0.2500,70.00,antimatter,60,450;300;200;100;50,2,6,1.5,2.5,100,-10,5,250,40,5,250,60,1,8,11,0,0.06,4,0.5,50,8,5
37,1,60,FrameTimeStutter,6.000,antimatter,practice,2026-08-31T17:32:23.9802087-04:00,4,1554,26.00577,16.0772,1330.80,1041.73,0.000,0.000,4.3841,4.3204,23.7602,Left,0,0,0,0,0.0000,50.000,0,0.000,0,127.500,71.914,4.500,0.0300,0.2500,70.00,antimatter,60,450;300;200;100;50,2,6,1.5,2.5,100,-10,5,250,40,5,250,60,1,8,11,0,0.06,4,0.5,50,8,5
37,1,60,FrameTimeStutter,6.000,antimatter,practice,2026-08-31T17:32:23.9802087-04:00,4,1555,26.02272,16.9519,1330.80,1041.73,0.000,0.000,4.3841,4.3204,23.7602,Left,0,0,0,0,0.0000,50.000,0,0.000,0,127.500,71.914,4.500,0.0300,0.2500,70.00,antimatter,60,450;300;200;100;50,2,6,1.5,2.5,100,-10,5,250,40,5,250,60,1,8,11,0,0.06,4,0.5,50,8,5
37,1,60,FrameTimeStutter,6.000,antimatter,practice,2026-08-31T17:32:23.9802087-04:00,4,1556,26.03895,16.2230,1330.80,1041.73,0.000,0.000,4.3841,4.3204,23.7602,Left,0,0,0,0,0.0000,50.000,0,0.000,0,127.500,71.914,4.500,0.0300,0.2500,70.00,antimatter,60,450;300;200;100;50,2,6,1.5,2.5,100,-10,5,250,40,5,250,60,1,8,11,0,0.06,4,0.5,50,8,5
37,1,60,FrameTimeStutter,6.000,antimatter,practice,2026-08-31T17:32:23.9802087-04:00,4,1557,26.05600,17.0514,1330.80,1041.73,0.000,0.000,4.3841,4.3204,23.7602,Left,0,0,0,0,0.0000,50.000,0,0.000,0,127.500,71.914,4.500,0.0300,0.2500,70.00,antimatter,60,450;300;200;100;50,2,6,1.5,2.5,100,-10,5,250,40,5,250,60,1,8,11,0,0.06,4,0.5,50,8,5
37,1,60,FrameTimeStutter,6.000,antimatter,practice,2026-08-31T17:32:23.9802087-04:00,4,1558,26.07298,16.9850,1330.80,1041.73,0.000,0.000,4.3841,4.3204,23.7602,Left,0,0,0,0,0.0000,50.000,0,0.000,0,127.500,71.914,4.500,0.0300,0.2500,70.00,antimatter,60,450;300;200;100;50,2,6,1.5,2.5,100,-10,5,250,40,5,250,60,1,8,11,0,0.06,4,0.5,50,8,5
37,1,60,FrameTimeStutter,6.000,antimatter,practice,2026-08-31T17:32:23.9802087-04:00,4,1559,26.08943,16.4539,1330.80,1041.73,0.000,0.000,4.3841,4.3204,23.7602,Left,0,0,0,0,0.0000,50.000,0,0.000,0,127.500,71.914,4.500,0.0300,0.2500,70.00,antimatter,60,450;300;200;100;50,2,6,1.5,2.5,100,-10,5,250,40,5,250,60,1,8,11,0,0.06,4,0.5,50,8,5
37,1,60,FrameTimeStutter,6.000,antimatter,practice,2026-08-31T17:32:23.9802087-04:00,4,1560,26.10607,16.6361,1330.80,1041.73,0.000,0.000,4.3841,4.3204,23.7602,Left,0,0,0,0,0.0000,50.000,0,0.000,0,127.500,71.914,4.500,0.0300,0.2500,70.00,antimatter,60,450;300;200;100;50,2,6,1.5,2.5,100,-10,5,250,40,5,250,60,1,8,11,0,0.06,4,0.5,50,8,5
37,1,60,FrameTimeStutter,6.000,antimatter,practice,2026-08-31T17:32:23.9802087-04:00,4,1561,26.12265,16.5772,1330.80,1041.73,0.000,0.000,4.3841,4.3204,23.7602,Left,0,0,0,0,0.0000,50.000,0,0.000,0,127.500,71.914,4.500,0.0300,0.2500,70.00,antimatter,60,450;300;200;100;50,2,6,1.5,2.5,100,-10,5,250,40,5,250,60,1,8,11,0,0.06,4,0.5,50,8,5
37,1,60,FrameTimeStutter,6.000,antimatter,practice,2026-08-31T17:32:23.9802087-04:00,4,1562,26.13925,16.6059,1330.80,1041.73,0.000,0.000,4.3841,4.3204,23.7602,Left,0,0,0,0,0.0000,50.000,0,0.000,0,127.500,71.914,4.500,0.0300,0.2500,70.00,antimatter,60,450;300;200;100;50,2,6,1.5,2.5,100,-10,5,250,40,5,250,60,1,8,11,0,0.06,4,0.5,50,8,5
37,1,60,FrameTimeStutter,6.000,antimatter,practice,2026-08-31T17:32:23.9802087-04:00,4,1563,26.15598,16.7228,1330.80,1041.73,0.000,0.000,4.3841,4.3204,23.7602,Left,0,0,0,0,0.0000,50.000,0,0.000,0,127.500,71.914,4.500,0.0300,0.2500,70.00,antimatter,60,450;300;200;100;50,2,6,1.5,2.5,100,-10,5,250,40,5,250,60,1,8,11,0,0.06,4,0.5,50,8,5
37,1,60,FrameTimeStutter,6.000,antimatter,practice,2026-08-31T17:32:23.9802087-04:00,4,1564,26.17237,16.3967,1330.80,1041.73,0.000,0.000,4.3841,4.3204,23.7602,Left,0,0,0,0,0.0000,50.000,0,0.000,0,127.500,71.914,4.500,0.0300,0.2500,70.00,antimatter,60,450;300;200;100;50,2,6,1.5,2.5,100,-10,5,250,40,5,250,60,1,8,11,0,0.06,4,0.5,50,8,5
37,1,60,FrameTimeStutter,6.000,antimatter,practice,2026-08-31T17:32:23.9802087-04:00,4,1565,26.18932,16.9473,1330.80,1041.73,0.000,0.000,4.3841,4.3204,23.7602,Left,0,0,0,0,0.0000,50.000,0,0.000,0,127.500,71.914,4.500,0.0300,0.2500,70.00,antimatter,60,450;300;200;100;50,2,6,1.5,2.5,100,-10,5,250,40,5,250,60,1,8,11,0,0.06,4,0.5,50,8,5
37,1,60,FrameTimeStutter,6.000,antimatter,practice,2026-08-31T17:32:23.9802087-04:00,4,1566,26.20584,16.5188,1330.80,1041.73,0.000,0.000,4.3841,4.3204,23.7602,Left,0,0,0,0,0.0000,50.000,0,0.000,0,127.500,71.914,4.500,0.0300,0.2500,70.00,antimatter,60,450;300;200;100;50,2,6,1.5,2.5,100,-10,5,250,40,5,250,60,1,8,11,0,0.06,4,0.5,50,8,5
37,1,60,FrameTimeStutter,6.000,antimatter,practice,2026-08-31T17:32:23.9802087-04:00,4,1567,26.22294,17.0959,1330.80,1041.73,0.000,0.000,4.3841,4.3204,23.7602,Left,0,0,0,0,0.0000,50.000,0,0.000,0,127.500,71.914,4.500,0.0300,0.2500,70.00,antimatter,60,450;300;200;100;50,2,6,1.5,2.5,100,-10,5,250,40,5,250,60,1,8,11,0,0.06,4,0.5,50,8,5
37,1,60,FrameTimeStutter,6.000,antimatter,practice,2026-08-31T17:32:23.9802087-04:00,4,1568,26.23900,16.0666,1330.80,1041.73,0.000,0.000,4.3841,4.3204,23.7602,Left,0,0,0,0,0.0000,50.000,0,0.000,0,127.500,71.914,4.500,0.0300,0.2500,70.00,antimatter,60,450;300;200;100;50,2,6,1.5,2.5,100,-10,5,250,40,5,250,60,1,8,11,0,0.06,4,0.5,50,8,5
37,1,60,FrameTimeStutter,6.000,antimatter,practice,2026-08-31T17:32:23.9802087-04:00,4,1569,26.25610,17.0945,1330.80,1041.73,0.000,0.000,4.3841,4.3204,23.7602,Left,0,0,0,0,0.0000,50.000,0,0.000,0,127.500,71.914,4.500,0.0300,0.2500,70.00,antimatter,60,450;300;200;100;50,2,6,1.5,2.5,100,-10,5,250,40,5,250,60,1,8,11,0,0.06,4,0.5,50,8,5
37,1,60,FrameTimeStutter,6.000,antimatter,practice,2026-08-31T17:32:23.9802087-04:00,4,1570,26.27308,16.9877,1330.80,1041.73,0.000,0.000,4.3841,4.3204,23.7602,Left,0,0,0,0,0.0000,50.000,0,0.000,0,127.500,71.914,4.500,0.0300,0.2500,70.00,antimatter,60,450;300;200;100;50,2,6,1.5,2.5,100,-10,5,250,40,5,250,60,1,8,11,0,0.06,4,0.5,50,8,5
37,1,60,FrameTimeStutter,6.000,antimatter,practice,2026-08-31T17:32:23.9802087-04:00,4,1571,26.28963,16.5432,1330.80,1041.73,0.000,0.000,4.3841,4.3204,23.7602,Left,0,0,0,0,0.0000,50.000,0,0.000,0,127.500,71.914,4.500,0.0300,0.2500,70.00,antimatter,60,450;300;200;100;50,2,6,1.5,2.5,100,-10,5,250,40,5,250,60,1,8,11,0,0.06,4,0.5,50,8,5
37,1,60,FrameTimeStutter,6.000,antimatter,practice,2026-08-31T17:32:23.9802087-04:00,4,1572,26.30588,16.2481,1330.80,1041.73,0.000,0.000,4.3841,4.3204,23.7602,Left,0,0,0,0,0.0000,50.000,0,0.000,0,127.500,71.914,4.500,0.0300,0.2500,70.00,antimatter,60,450;300;200;100;50,2,6,1.5,2.5,100,-10,5,250,40,5,250,60,1,8,11,0,0.06,4,0.5,50,8,5
37,1,60,FrameTimeStutter,6.000,antimatter,practice,2026-08-31T17:32:23.9802087-04:00,4,1573,26.32242,16.5443,1330.80,1041.73,0.000,0.000,4.3841,4.3204,23.7602,Left,0,0,0,0,0.0000,50.000,0,0.000,0,127.500,71.914,4.500,0.0300,0.2500,70.00,antimatter,60,450;300;200;100;50,2,6,1.5,2.5,100,-10,5,250,40,5,250,60,1,8,11,0,0.06,4,0.5,50,8,5
37,1,60,FrameTimeStutter,6.000,antimatter,practice,2026-08-31T17:32:23.9802087-04:00,4,1574,26.33953,17.1032,1330.80,1041.73,0.000,0.000,4.3841,4.3204,23.7602,Left,0,0,0,0,0.0000,50.000,0,0.000,0,127.500,71.914,4.500,0.0300,0.2500,70.00,antimatter,60,450;300;200;100;50,2,6,1.5,2.5,100,-10,5,250,40,5,250,60,1,8,11,0,0.06,4,0.5,50,8,5
37,1,60,FrameTimeStutter,6.000,antimatter,practice,2026-08-31T17:32:23.9802087-04:00,4,1575,26.35567,16.1444,1330.80,1041.73,0.000,0.000,4.3841,4.3204,23.7602,Left,0,0,0,0,0.0000,50.000,0,0.000,0,127.500,71.914,4.500,0.0300,0.2500,70.00,antimatter,60,450;300;200;100;50,2,6,1.5,2.5,100,-10,5,250,40,5,250,60,1,8,11,0,0.06,4,0.5,50,8,5
37,1,60,FrameTimeStutter,6.000,antimatter,practice,2026-08-31T17:32:23.9802087-04:00,4,1576,26.37358,17.9077,1330.80,1044.23,0.000,2.000,4.3841,4.3570,23.7602,Left,0,0,0,0,0.0000,50.000,0,0.000,0,127.500,71.914,4.500,0.0300,0.2500,70.00,antimatter,60,450;300;200;100;50,2,6,1.5,2.5,100,-10,5,250,40,5,250,60,1,8,11,0,0.06,4,0.5,50,8,5
37,1,60,FrameTimeStutter,6.000,antimatter,practice,2026-08-31T17:32:23.9802087-04:00,4,1577,26.38961,16.0310,1330.80,1046.74,0.000,2.000,4.3841,4.3935,23.7602,Left,0,0,0,0,0.0000,50.000,0,0.000,0,127.500,71.914,4.500,0.0300,0.2500,70.00,antimatter,60,450;300;200;100;50,2,6,1.5,2.5,100,-10,5,250,40,5,250,60,1,8,11,0,0.06,4,0.5,50,8,5
37,1,60,FrameTimeStutter,6.000,antimatter,practice,2026-08-31T17:32:23.9802087-04:00,4,1578,26.40594,16.3279,1330.80,1048.00,0.000,1.000,4.3841,4.4118,23.7602,Left,0,0,0,0,0.0000,50.000,0,0.000,0,127.500,71.914,4.500,0.0300,0.2500,70.00,antimatter,60,450;300;200;100;50,2,6,1.5,2.5,100,-10,5,250,40,5,250,60,1,8,11,0,0.06,4,0.5,50,8,5
37,1,60,FrameTimeStutter,6.000,antimatter,practice,2026-08-31T17:32:23.9802087-04:00,4,1579,26.42272,16.7857,1330.80,1048.00,0.000,0.000,4.3841,4.4118,23.7602,Left,0,0,0,0,0.0000,50.000,0,0.000,0,127.500,71.914,4.500,0.0300,0.2500,70.00,antimatter,60,450;300;200;100;50,2,6,1.5,2.5,100,-10,5,250,40,5,250,60,1,8,11,0,0.06,4,0.5,50,8,5
37,1,60,FrameTimeStutter,6.000,antimatter,practice,2026-08-31T17:32:23.9802087-04:00,4,1580,26.43926,16.5442,1330.80,1048.00,0.000,0.000,4.3841,4.4118,23.7602,Left,0,0,0,0,0.0000,50.000,0,0.000,0,127.500,71.914,4.500,0.0300,0.2500,70.00,antimatter,60,450;300;200;100;50,2,6,1.5,2.5,100,-10,5,250,40,5,250,60,1,8,11,0,0.06,4,0.5,50,8,5
37,1,60,FrameTimeStutter,6.000,antimatter,practice,2026-08-31T17:32:23.9802087-04:00,4,1581,26.45558,16.3119,1330.80,1048.00,0.000,0.000,4.3841,4.4118,23.7602,Left,0,0,0,0,0.0000,50.000,0,0.000,0,127.500,71.914,4.500,0.0300,0.2500,70.00,antimatter,60,450;300;200;100;50,2,6,1.5,2.5,100,-10,5,250,40,5,250,60,1,8,11,0,0.06,4,0.5,50,8,5
37,1,60,FrameTimeStutter,6.000,antimatter,practice,2026-08-31T17:32:23.9802087-04:00,4,1582,26.47287,17.2933,1330.80,1048.00,0.000,0.000,4.3841,4.4118,23.7602,Left,0,0,0,0,0.0000,50.000,0,0.000,0,127.500,71.914,4.500,0.0300,0.2500,70.00,antimatter,60,450;300;200;100;50,2,6,1.5,2.5,100,-10,5,250,40,5,250,60,1,8,11,0,0.06,4,0.5,50,8,5
37,1,60,FrameTimeStutter,6.000,antimatter,practice,2026-08-31T17:32:23.9802087-04:00,4,1583,26.48915,16.2765,1330.80,1048.00,0.000,0.000,4.3841,4.4118,23.7602,Left,0,0,0,0,0.0000,50.000,0,0.000,0,127.500,71.914,4.500,0.0300,0.2500,70.00,antimatter,60,450;300;200;100;50,2,6,1.5,2.5,100,-10,5,250,40,5,250,60,1,8,11,0,0.06,4,0.5,50,8,5
37,1,60,FrameTimeStutter,6.000,antimatter,practice,2026-08-31T17:32:23.9802087-04:00,4,1584,26.50579,16.6433,1330.80,1048.00,0.000,0.000,4.3841,4.4118,23.7602,Left,0,0,0,0,0.0000,50.000,0,0.000,0,127.500,71.914,4.500,0.0300,0.2500,70.00,antimatter,60,450;300;200;100;50,2,6,1.5,2.5,100,-10,5,250,40,5,250,60,1,8,11,0,0.06,4,0.5,50,8,5
37,1,60,FrameTimeStutter,6.000,antimatter,practice,2026-08-31T17:32:23.9802087-04:00,4,1585,26.52235,16.5585,1330.80,1048.00,0.000,0.000,4.3841,4.4118,23.7602,Left,0,0,0,0,0.0000,50.000,0,0.000,0,127.500,71.914,4.500,0.0300,0.2500,70.00,antimatter,60,450;300;200;100;50,2,6,1.5,2.5,100,-10,5,250,40,5,250,60,1,8,11,0,0.06,4,0.5,50,8,5
37,1,60,FrameTimeStutter,6.000,antimatter,practice,2026-08-31T17:32:23.9802087-04:00,4,1586,26.53950,17.1557,1330.80,1048.00,0.000,0.000,4.3841,4.4118,23.7602,Left,0,0,0,0,0.0000,50.000,0,0.000,0,127.500,71.914,4.500,0.0300,0.2500,70.00,antimatter,60,450;300;200;100;50,2,6,1.5,2.5,100,-10,5,250,40,5,250,60,1,8,11,0,0.06,4,0.5,50,8,5
37,1,60,FrameTimeStutter,6.000,antimatter,practice,2026-08-31T17:32:23.9802087-04:00,4,1587,26.55616,16.6568,1330.80,1048.00,0.000,0.000,4.3841,4.4118,23.7602,Left,0,0,0,0,0.0000,50.000,0,0.000,0,127.500,71.914,4.500,0.0300,0.2500,70.00,antimatter,60,450;300;200;100;50,2,6,1.5,2.5,100,-10,5,250,40,5,250,60,1,8,11,0,0.06,4,0.5,50,8,5
37,1,60,FrameTimeStutter,6.000,antimatter,practice,2026-08-31T17:32:23.9802087-04:00,4,1588,26.57233,16.1695,1330.80,1048.00,0.000,0.000,4.3841,4.4118,23.7602,Left,0,0,0,0,0.0000,50.000,0,0.000,0,127.500,71.914,4.500,0.0300,0.2500,70.00,antimatter,60,450;300;200;100;50,2,6,1.5,2.5,100,-10,5,250,40,5,250,60,1,8,11,0,0.06,4,0.5,50,8,5
37,1,60,FrameTimeStutter,6.000,antimatter,practice,2026-08-31T17:32:23.9802087-04:00,4,1589,26.58903,16.6975,1330.80,1048.00,0.000,0.000,4.3841,4.4118,23.7602,Left,0,0,0,0,0.0000,50.000,0,0.000,0,127.500,71.914,4.500,0.0300,0.2500,70.00,antimatter,60,450;300;200;100;50,2,6,1.5,2.5,100,-10,5,250,40,5,250,60,1,8,11,0,0.06,4,0.5,50,8,5
37,1,60,FrameTimeStutter,6.000,antimatter,practice,2026-08-31T17:32:23.9802087-04:00,4,1590,26.60637,17.3461,1330.80,1048.00,0.000,0.000,4.3841,4.4118,23.7602,Left,0,0,0,0,0.0000,50.000,0,0.000,0,127.500,71.914,4.500,0.0300,0.2500,70.00,antimatter,60,450;300;200;100;50,2,6,1.5,2.5,100,-10,5,250,40,5,250,60,1,8,11,0,0.06,4,0.5,50,8,5
37,1,60,FrameTimeStutter,6.000,antimatter,practice,2026-08-31T17:32:23.9802087-04:00,4,1591,26.62271,16.3375,1330.80,1048.00,0.000,0.000,4.3841,4.4118,23.7602,Left,0,0,0,0,0.0000,50.000,0,0.000,0,127.500,71.914,4.500,0.0300,0.2500,70.00,antimatter,60,450;300;200;100;50,2,6,1.5,2.5,100,-10,5,250,40,5,250,60,1,8,11,0,0.06,4,0.5,50,8,5
37,1,60,FrameTimeStutter,6.000,antimatter,practice,2026-08-31T17:32:23.9802087-04:00,4,1592,26.63955,16.8341,1330.80,1048.00,0.000,0.000,4.3841,4.4118,23.7602,Left,0,0,0,0,0.0000,50.000,0,0.000,0,127.500,71.914,4.500,0.0300,0.2500,70.00,antimatter,60,450;300;200;100;50,2,6,1.5,2.5,100,-10,5,250,40,5,250,60,1,8,11,0,0.06,4,0.5,50,8,5
37,1,60,FrameTimeStutter,6.000,antimatter,practice,2026-08-31T17:32:23.9802087-04:00,4,1593,26.65581,16.2645,1330.80,1048.00,0.000,0.000,4.3841,4.4118,23.7602,Left,0,0,0,0,0.0000,50.000,0,0.000,0,127.500,71.914,4.500,0.0300,0.2500,70.00,antimatter,60,450;300;200;100;50,2,6,1.5,2.5,100,-10,5,250,40,5,250,60,1,8,11,0,0.06,4,0.5,50,8,5
37,1,60,FrameTimeStutter,6.000,antimatter,practice,2026-08-31T17:32:23.9802087-04:00,4,1594,26.67224,16.4280,1330.80,1048.00,0.000,0.000,4.3841,4.4118,23.7602,Left,0,0,0,0,0.0000,50.000,0,0.000,0,127.500,71.914,4.500,0.0300,0.2500,70.00,antimatter,60,450;300;200;100;50,2,6,1.5,2.5,100,-10,5,250,40,5,250,60,1,8,11,0,0.06,4,0.5,50,8,5
37,1,60,FrameTimeStutter,6.000,antimatter,practice,2026-08-31T17:32:23.9802087-04:00,4,1595,26.68966,17.4206,1330.80,1048.00,0.000,0.000,4.3841,4.4118,23.7602,Left,0,0,0,0,0.0000,50.000,0,0.000,0,127.500,71.914,4.500,0.0300,0.2500,70.00,antimatter,60,450;300;200;100;50,2,6,1.5,2.5,100,-10,5,250,40,5,250,60,1,8,11,0,0.06,4,0.5,50,8,5
37,1,60,FrameTimeStutter,6.000,antimatter,practice,2026-08-31T17:32:23.9802087-04:00,4,1596,26.70621,16.5525,1330.80,1048.00,0.000,0.000,4.3841,4.4118,23.7602,Left,0,0,0,0,0.0000,50.000,0,0.000,0,127.500,71.914,4.500,0.0300,0.2500,70.00,antimatter,60,450;300;200;100;50,2,6,1.5,2.5,100,-10,5,250,40,5,250,60,1,8,11,0,0.06,4,0.5,50,8,5
37,1,60,FrameTimeStutter,6.000,antimatter,practice,2026-08-31T17:32:23.9802087-04:00,4,1597,26.72290,16.6893,1330.80,1048.00,0.000,0.000,4.3841,4.4118,23.7602,Left,0,0,0,0,0.0000,50.000,0,0.000,0,127.500,71.914,4.500,0.0300,0.2500,70.00,antimatter,60,450;300;200;100;50,2,6,1.5,2.5,100,-10,5,250,40,5,250,60,1,8,11,0,0.06,4,0.5,50,8,5
37,1,60,FrameTimeStutter,6.000,antimatter,practice,2026-08-31T17:32:23.9802087-04:00,4,1598,26.73943,16.5296,1330.80,1048.00,0.000,0.000,4.3841,4.4118,23.7602,Left,0,0,0,0,0.0000,50.000,0,0.000,0,127.500,71.914,4.500,0.0300,0.2500,70.00,antimatter,60,450;300;200;100;50,2,6,1.5,2.5,100,-10,5,250,40,5,250,60,1,8,11,0,0.06,4,0.5,50,8,5
37,1,60,FrameTimeStutter,6.000,antimatter,practice,2026-08-31T17:32:23.9802087-04:00,4,1599,26.75607,16.6455,1330.80,1048.00,0.000,0.000,4.3841,4.4118,23.7602,Left,0,0,0,0,0.0000,50.000,0,0.000,0,127.500,71.914,4.500,0.0300,0.2500,70.00,antimatter,60,450;300;200;100;50,2,6,1.5,2.5,100,-10,5,250,40,5,250,60,1,8,11,0,0.06,4,0.5,50,8,5
37,1,60,FrameTimeStutter,6.000,antimatter,practice,2026-08-31T17:32:23.9802087-04:00,4,1600,26.77249,16.4101,1330.80,1048.00,0.000,0.000,4.3841,4.4118,23.7602,Left,0,0,0,0,0.0000,50.000,0,0.000,0,127.500,71.914,4.500,0.0300,0.2500,70.00,antimatter,60,450;300;200;100;50,2,6,1.5,2.5,100,-10,5,250,40,5,250,60,1,8,11,0,0.06,4,0.5,50,8,5
37,1,60,FrameTimeStutter,6.000,antimatter,practice,2026-08-31T17:32:23.9802087-04:00,4,1601,26.78955,17.0644,1330.80,1048.00,0.000,0.000,4.3841,4.4118,23.7602,Left,0,0,0,0,0.0000,50.000,1,50.000,0,127.500,71.914,4.500,0.0300,0.2500,70.00,antimatter,60,450;300;200;100;50,2,6,1.5,2.5,100,-10,5,250,40,5,250,60,1,8,11,0,0.06,4,0.5,50,8,5
37,1,60,FrameTimeStutter,6.000,antimatter,practice,2026-08-31T17:32:23.9802087-04:00,4,1602,26.84261,53.0606,1330.80,1048.00,0.000,0.000,4.3841,4.4118,23.7602,Left,0,0,0,0,0.0000,50.000,0,0.000,1,127.500,71.914,4.500,0.0300,0.2500,70.00,antimatter,60,450;300;200;100;50,2,6,1.5,2.5,100,-10,5,250,40,5,250,60,1,8,11,0,0.06,4,0.5,50,8,5
37,1,60,FrameTimeStutter,6.000,antimatter,practice,2026-08-31T17:32:23.9802087-04:00,4,1603,26.85908,16.4670,1330.80,1048.00,0.000,0.000,4.3841,4.4118,23.7602,Left,0,0,0,0,0.0000,50.000,0,0.000,1,127.500,71.914,4.500,0.0300,0.2500,70.00,antimatter,60,450;300;200;100;50,2,6,1.5,2.5,100,-10,5,250,40,5,250,60,1,8,11,0,0.06,4,0.5,50,8,5
37,1,60,FrameTimeStutter,6.000,antimatter,practice,2026-08-31T17:32:23.9802087-04:00,4,1604,26.87587,16.7898,1330.80,1048.00,0.000,0.000,4.3841,4.4118,23.7602,Left,0,0,0,0,0.0000,50.000,0,0.000,1,127.500,71.914,4.500,0.0300,0.2500,70.00,antimatter,60,450;300;200;100;50,2,6,1.5,2.5,100,-10,5,250,40,5,250,60,1,8,11,0,0.06,4,0.5,50,8,5
37,1,60,FrameTimeStutter,6.000,antimatter,practice,2026-08-31T17:32:23.9802087-04:00,4,1605,26.89325,17.3838,1330.80,1048.00,0.000,0.000,4.3841,4.4118,23.7602,Left,0,0,0,0,0.0000,50.000,0,0.000,1,127.500,71.914,4.500,0.0300,0.2500,70.00,antimatter,60,450;300;200;100;50,2,6,1.5,2.5,100,-10,5,250,40,5,250,60,1,8,11,0,0.06,4,0.5,50,8,5
37,1,60,FrameTimeStutter,6.000,antimatter,practice,2026-08-31T17:32:23.9802087-04:00,4,1606,26.90917,15.9201,1330.80,1048.00,0.000,0.000,4.3841,4.4118,23.7602,Left,0,0,0,0,0.0000,50.000,0,0.000,1,127.500,71.914,4.500,0.0300,0.2500,70.00,antimatter,60,450;300;200;100;50,2,6,1.5,2.5,100,-10,5,250,40,5,250,60,1,8,11,0,0.06,4,0.5,50,8,5
37,1,60,FrameTimeStutter,6.000,antimatter,practice,2026-08-31T17:32:23.9802087-04:00,4,1607,26.92547,16.2965,1330.80,1048.00,0.000,0.000,4.3841,4.4118,23.7602,Left,0,0,0,0,0.0000,50.000,0,0.000,1,127.500,71.914,4.500,0.0300,0.2500,70.00,antimatter,60,450;300;200;100;50,2,6,1.5,2.5,100,-10,5,250,40,5,250,60,1,8,11,0,0.06,4,0.5,50,8,5
37,1,60,FrameTimeStutter,6.000,antimatter,practice,2026-08-31T17:32:23.9802087-04:00,4,1608,26.94228,16.8146,1330.80,1048.00,0.000,0.000,4.3841,4.4118,23.7602,Left,0,0,0,0,0.0000,50.000,0,0.000,1,127.500,71.914,4.500,0.0300,0.2500,70.00,antimatter,60,450;300;200;100;50,2,6,1.5,2.5,100,-10,5,250,40,5,250,60,1,8,11,0,0.06,4,0.5,50,8,5
37,1,60,FrameTimeStutter,6.000,antimatter,practice,2026-08-31T17:32:23.9802087-04:00,4,1609,26.95940,17.1214,1330.80,1048.00,0.000,0.000,4.3841,4.4118,23.7602,Left,0,0,0,0,0.0000,50.000,0,0.000,1,127.500,71.914,4.500,0.0300,0.2500,70.00,antimatter,60,450;300;200;100;50,2,6,1.5,2.5,100,-10,5,250,40,5,250,60,1,8,11,0,0.06,4,0.5,50,8,5
37,1,60,FrameTimeStutter,6.000,antimatter,practice,2026-08-31T17:32:23.9802087-04:00,4,1610,26.97522,15.8163,1330.80,1048.00,0.000,0.000,4.3841,4.4118,23.7602,Left,0,0,0,0,0.0000,50.000,0,0.000,1,127.500,71.914,4.500,0.0300,0.2500,70.00,antimatter,60,450;300;200;100;50,2,6,1.5,2.5,100,-10,5,250,40,5,250,60,1,8,11,0,0.06,4,0.5,50,8,5
37,1,60,FrameTimeStutter,6.000,antimatter,practice,2026-08-31T17:32:23.9802087-04:00,4,1611,26.99272,17.5022,1330.80,1048.00,0.000,0.000,4.3841,4.4118,23.7602,Left,0,0,0,0,0.0000,50.000,0,0.000,1,127.500,71.914,4.500,0.0300,0.2500,70.00,antimatter,60,450;300;200;100;50,2,6,1.5,2.5,100,-10,5,250,40,5,250,60,1,8,11,0,0.06,4,0.5,50,8,5
37,1,60,FrameTimeStutter,6.000,antimatter,practice,2026-08-31T17:32:23.9802087-04:00,4,1612,27.00870,15.9763,1330.80,1048.00,0.000,0.000,4.3841,4.4118,23.7602,Left,0,0,0,0,0.0000,50.000,0,0.000,1,127.500,71.914,4.500,0.0300,0.2500,70.00,antimatter,60,450;300;200;100;50,2,6,1.5,2.5,100,-10,5,250,40,5,250,60,1,8,11,0,0.06,4,0.5,50,8,5
37,1,60,FrameTimeStutter,6.000,antimatter,practice,2026-08-31T17:32:23.9802087-04:00,4,1613,27.02529,16.5953,1330.80,1048.00,0.000,0.000,4.3841,4.4118,23.7602,Left,0,0,0,0,0.0000,50.000,0,0.000,1,127.500,71.914,4.500,0.0300,0.2500,70.00,antimatter,60,450;300;200;100;50,2,6,1.5,2.5,100,-10,5,250,40,5,250,60,1,8,11,0,0.06,4,0.5,50,8,5
37,1,60,FrameTimeStutter,6.000,antimatter,practice,2026-08-31T17:32:23.9802087-04:00,4,1614,27.04267,17.3751,1330.80,1048.00,0.000,0.000,4.3841,4.4118,23.7602,Left,0,0,0,0,0.0000,50.000,0,0.000,1,127.500,71.914,4.500,0.0300,0.2500,70.00,antimatter,60,450;300;200;100;50,2,6,1.5,2.5,100,-10,5,250,40,5,250,60,1,8,11,0,0.06,4,0.5,50,8,5
37,1,60,FrameTimeStutter,6.000,antimatter,practice,2026-08-31T17:32:23.9802087-04:00,4,1615,27.05938,16.7091,1330.80,1048.00,0.000,0.000,4.3841,4.4118,23.7602,Left,0,0,0,0,0.0000,50.000,0,0.000,1,127.500,71.914,4.500,0.0300,0.2500,70.00,antimatter,60,450;300;200;100;50,2,6,1.5,2.5,100,-10,5,250,40,5,250,60,1,8,11,0,0.06,4,0.5,50,8,5
37,1,60,FrameTimeStutter,6.000,antimatter,practice,2026-08-31T17:32:23.9802087-04:00,4,1616,27.07590,16.5193,1330.80,1048.00,0.000,0.000,4.3841,4.4118,23.7602,Left,0,0,0,0,0.0000,50.000,0,0.000,1,127.500,71.914,4.500,0.0300,0.2500,70.00,antimatter,60,450;300;200;100;50,2,6,1.5,2.5,100,-10,5,250,40,5,250,60,1,8,11,0,0.06,4,0.5,50,8,5
37,1,60,FrameTimeStutter,6.000,antimatter,practice,2026-08-31T17:32:23.9802087-04:00,4,1617,27.09274,16.8490,1330.80,1048.00,0.000,0.000,4.3841,4.4118,23.7602,Left,0,0,0,0,0.0000,50.000,0,0.000,1,127.500,71.914,4.500,0.0300,0.2500,70.00,antimatter,60,450;300;200;100;50,2,6,1.5,2.5,100,-10,5,250,40,5,250,60,1,8,11,0,0.06,4,0.5,50,8,5
37,1,60,FrameTimeStutter,6.000,antimatter,practice,2026-08-31T17:32:23.9802087-04:00,4,1618,27.10949,16.7416,1330.80,1048.00,0.000,0.000,4.3841,4.4118,23.7602,Left,0,0,0,0,0.0000,50.000,0,0.000,1,127.500,71.914,4.500,0.0300,0.2500,70.00,antimatter,60,450;300;200;100;50,2,6,1.5,2.5,100,-10,5,250,40,5,250,60,1,8,11,0,0.06,4,0.5,50,8,5
37,1,60,FrameTimeStutter,6.000,antimatter,practice,2026-08-31T17:32:23.9802087-04:00,4,1619,27.12621,16.7266,1330.80,1048.00,0.000,0.000,4.3841,4.4118,23.7602,Left,0,0,0,0,0.0000,50.000,0,0.000,1,127.500,71.914,4.500,0.0300,0.2500,70.00,antimatter,60,450;300;200;100;50,2,6,1.5,2.5,100,-10,5,250,40,5,250,60,1,8,11,0,0.06,4,0.5,50,8,5
37,1,60,FrameTimeStutter,6.000,antimatter,practice,2026-08-31T17:32:23.9802087-04:00,4,1620,27.14201,15.7932,1330.80,1048.00,0.000,0.000,4.3841,4.4118,23.7602,Left,0,0,0,0,0.0000,50.000,0,0.000,1,127.500,71.914,4.500,0.0300,0.2500,70.00,antimatter,60,450;300;200;100;50,2,6,1.5,2.5,100,-10,5,250,40,5,250,60,1,8,11,0,0.06,4,0.5,50,8,5
37,1,60,FrameTimeStutter,6.000,antimatter,practice,2026-08-31T17:32:23.9802087-04:00,4,1621,27.15907,17.0593,1330.80,1048.00,0.000,0.000,4.3841,4.4118,23.7602,Left,0,0,0,0,0.0000,50.000,0,0.000,1,127.500,71.914,4.500,0.0300,0.2500,70.00,antimatter,60,450;300;200;100;50,2,6,1.5,2.5,100,-10,5,250,40,5,250,60,1,8,11,0,0.06,4,0.5,50,8,5
37,1,60,FrameTimeStutter,6.000,antimatter,practice,2026-08-31T17:32:23.9802087-04:00,4,1622,27.17542,16.3480,1330.80,1048.00,0.000,0.000,4.3841,4.4118,23.7602,Left,0,0,0,0,0.0000,50.000,0,0.000,1,127.500,71.914,4.500,0.0300,0.2500,70.00,antimatter,60,450;300;200;100;50,2,6,1.5,2.5,100,-10,5,250,40,5,250,60,1,8,11,0,0.06,4,0.5,50,8,5
37,1,60,FrameTimeStutter,6.000,antimatter,practice,2026-08-31T17:32:23.9802087-04:00,4,1623,27.19261,17.1984,1330.80,1048.00,0.000,0.000,4.3841,4.4118,23.7602,Left,0,0,0,0,0.0000,50.000,0,0.000,1,127.500,71.914,4.500,0.0300,0.2500,70.00,antimatter,60,450;300;200;100;50,2,6,1.5,2.5,100,-10,5,250,40,5,250,60,1,8,11,0,0.06,4,0.5,50,8,5
37,1,60,FrameTimeStutter,6.000,antimatter,practice,2026-08-31T17:32:23.9802087-04:00,4,1624,27.20918,16.5671,1330.80,1048.00,0.000,0.000,4.3841,4.4118,23.7602,Left,0,0,0,0,0.0000,50.000,0,0.000,1,127.500,71.914,4.500,0.0300,0.2500,70.00,antimatter,60,450;300;200;100;50,2,6,1.5,2.5,100,-10,5,250,40,5,250,60,1,8,11,0,0.06,4,0.5,50,8,5
37,1,60,FrameTimeStutter,6.000,antimatter,practice,2026-08-31T17:32:23.9802087-04:00,4,1625,27.22531,16.1331,1330.80,1048.00,0.000,0.000,4.3841,4.4118,23.7602,Left,0,0,0,0,0.0000,50.000,0,0.000,1,127.500,71.914,4.500,0.0300,0.2500,70.00,antimatter,60,450;300;200;100;50,2,6,1.5,2.5,100,-10,5,250,40,5,250,60,1,8,11,0,0.06,4,0.5,50,8,5
37,1,60,FrameTimeStutter,6.000,antimatter,practice,2026-08-31T17:32:23.9802087-04:00,4,1626,27.24248,17.1608,1330.80,1048.00,0.000,0.000,4.3841,4.4118,23.7602,Left,0,0,0,0,0.0000,50.000,0,0.000,1,127.500,71.914,4.500,0.0300,0.2500,70.00,antimatter,60,450;300;200;100;50,2,6,1.5,2.5,100,-10,5,250,40,5,250,60,1,8,11,0,0.06,4,0.5,50,8,5
37,1,60,FrameTimeStutter,6.000,antimatter,practice,2026-08-31T17:32:23.9802087-04:00,4,1627,27.25892,16.4413,1330.80,1048.00,0.000,0.000,4.3841,4.4118,23.7602,Left,0,0,0,0,0.0000,50.000,0,0.000,1,127.500,71.914,4.500,0.0300,0.2500,70.00,antimatter,60,450;300;200;100;50,2,6,1.5,2.5,100,-10,5,250,40,5,250,60,1,8,11,0,0.06,4,0.5,50,8,5
37,1,60,FrameTimeStutter,6.000,antimatter,practice,2026-08-31T17:32:23.9802087-04:00,4,1628,27.27533,16.4124,1330.80,1048.00,0.000,0.000,4.3841,4.4118,23.7602,Left,0,0,0,0,0.0000,50.000,0,0.000,1,127.500,71.914,4.500,0.0300,0.2500,70.00,antimatter,60,450;300;200;100;50,2,6,1.5,2.5,100,-10,5,250,40,5,250,60,1,8,11,0,0.06,4,0.5,50,8,5
37,1,60,FrameTimeStutter,6.000,antimatter,practice,2026-08-31T17:32:23.9802087-04:00,4,1629,27.29235,17.0250,1330.80,1048.00,0.000,0.000,4.3841,4.4118,23.7602,Left,0,0,0,0,0.0000,50.000,0,0.000,1,127.500,71.914,4.500,0.0300,0.2500,70.00,antimatter,60,450;300;200;100;50,2,6,1.5,2.5,100,-10,5,250,40,5,250,60,1,8,11,0,0.06,4,0.5,50,8,5
37,1,60,FrameTimeStutter,6.000,antimatter,practice,2026-08-31T17:32:23.9802087-04:00,4,1630,27.30937,17.0190,1330.80,1048.00,0.000,0.000,4.3841,4.4118,23.7602,Left,0,0,0,0,0.0000,50.000,0,0.000,1,127.500,71.914,4.500,0.0300,0.2500,70.00,antimatter,60,450;300;200;100;50,2,6,1.5,2.5,100,-10,5,250,40,5,250,60,1,8,11,0,0.06,4,0.5,50,8,5
37,1,60,FrameTimeStutter,6.000,antimatter,practice,2026-08-31T17:32:23.9802087-04:00,4,1631,27.32580,16.4268,1330.80,1048.00,0.000,0.000,4.3841,4.4118,23.7602,Left,0,0,0,0,0.0000,50.000,0,0.000,1,127.500,71.914,4.500,0.0300,0.2500,70.00,antimatter,60,450;300;200;100;50,2,6,1.5,2.5,100,-10,5,250,40,5,250,60,1,8,11,0,0.06,4,0.5,50,8,5
37,1,60,FrameTimeStutter,6.000,antimatter,practice,2026-08-31T17:32:23.9802087-04:00,4,1632,27.34233,16.5302,1330.80,1048.00,0.000,0.000,4.3841,4.4118,23.7602,Left,0,0,0,0,0.0000,50.000,0,0.000,1,127.500,71.914,4.500,0.0300,0.2500,70.00,antimatter,60,450;300;200;100;50,2,6,1.5,2.5,100,-10,5,250,40,5,250,60,1,8,11,0,0.06,4,0.5,50,8,5
37,1,60,FrameTimeStutter,6.000,antimatter,practice,2026-08-31T17:32:23.9802087-04:00,4,1633,27.35932,16.9865,1330.80,1048.00,0.000,0.000,4.3841,4.4118,23.7602,Left,0,0,0,0,0.0000,50.000,0,0.000,1,127.500,71.914,4.500,0.0300,0.2500,70.00,antimatter,60,450;300;200;100;50,2,6,1.5,2.5,100,-10,5,250,40,5,250,60,1,8,11,0,0.06,4,0.5,50,8,5
37,1,60,FrameTimeStutter,6.000,antimatter,practice,2026-08-31T17:32:23.9802087-04:00,4,1634,27.37586,16.5446,1330.80,1048.00,0.000,0.000,4.3841,4.4118,23.7602,Left,0,0,0,0,0.0000,50.000,0,0.000,1,127.500,71.914,4.500,0.0300,0.2500,70.00,antimatter,60,450;300;200;100;50,2,6,1.5,2.5,100,-10,5,250,40,5,250,60,1,8,11,0,0.06,4,0.5,50,8,5
37,1,60,FrameTimeStutter,6.000,antimatter,practice,2026-08-31T17:32:23.9802087-04:00,4,1635,27.39234,16.4827,1330.80,1048.00,0.000,0.000,4.3841,4.4118,23.7602,Left,0,0,0,0,0.0000,50.000,0,0.000,1,127.500,71.914,4.500,0.0300,0.2500,70.00,antimatter,60,450;300;200;100;50,2,6,1.5,2.5,100,-10,5,250,40,5,250,60,1,8,11,0,0.06,4,0.5,50,8,5
37,1,60,FrameTimeStutter,6.000,antimatter,practice,2026-08-31T17:32:23.9802087-04:00,4,1636,27.40852,16.1798,1330.80,1048.00,0.000,0.000,4.3841,4.4118,23.7602,Left,0,0,0,0,0.0000,50.000,0,0.000,1,127.500,71.914,4.500,0.0300,0.2500,70.00,antimatter,60,450;300;200;100;50,2,6,1.5,2.5,100,-10,5,250,40,5,250,60,1,8,11,0,0.06,4,0.5,50,8,5
37,1,60,FrameTimeStutter,6.000,antimatter,practice,2026-08-31T17:32:23.9802087-04:00,4,1637,27.42600,17.4833,1330.80,1048.00,0.000,0.000,4.3841,4.4118,23.7602,Left,0,0,0,0,0.0000,50.000,0,0.000,1,127.500,71.914,4.500,0.0300,0.2500,70.00,antimatter,60,450;300;200;100;50,2,6,1.5,2.5,100,-10,5,250,40,5,250,60,1,8,11,0,0.06,4,0.5,50,8,5
37,1,60,FrameTimeStutter,6.000,antimatter,practice,2026-08-31T17:32:23.9802087-04:00,4,1638,27.44197,15.9611,1330.80,1048.00,0.000,0.000,4.3841,4.4118,23.7602,Left,0,0,0,0,0.0000,50.000,0,0.000,1,127.500,71.914,4.500,0.0300,0.2500,70.00,antimatter,60,450;300;200;100;50,2,6,1.5,2.5,100,-10,5,250,40,5,250,60,1,8,11,0,0.06,4,0.5,50,8,5
37,1,60,FrameTimeStutter,6.000,antimatter,practice,2026-08-31T17:32:23.9802087-04:00,4,1639,27.45931,17.3478,1330.80,1048.00,0.000,0.000,4.3841,4.4118,23.7602,Left,0,0,0,0,0.0000,50.000,0,0.000,1,127.500,71.914,4.500,0.0300,0.2500,70.00,antimatter,60,450;300;200;100;50,2,6,1.5,2.5,100,-10,5,250,40,5,250,60,1,8,11,0,0.06,4,0.5,50,8,5
37,1,60,FrameTimeStutter,6.000,antimatter,practice,2026-08-31T17:32:23.9802087-04:00,4,1640,27.47574,16.4237,1330.80,1048.00,0.000,0.000,4.3841,4.4118,23.7602,Left,0,0,0,0,0.0000,50.000,0,0.000,1,127.500,71.914,4.500,0.0300,0.2500,70.00,antimatter,60,450;300;200;100;50,2,6,1.5,2.5,100,-10,5,250,40,5,250,60,1,8,11,0,0.06,4,0.5,50,8,5
37,1,60,FrameTimeStutter,6.000,antimatter,practice,2026-08-31T17:32:23.9802087-04:00,4,1641,27.49195,16.2090,1330.80,1048.00,0.000,0.000,4.3841,4.4118,23.7602,Left,0,0,0,0,0.0000,50.000,0,0.000,1,127.500,71.914,4.500,0.0300,0.2500,70.00,antimatter,60,450;300;200;100;50,2,6,1.5,2.5,100,-10,5,250,40,5,250,60,1,8,11,0,0.06,4,0.5,50,8,5
37,1,60,FrameTimeStutter,6.000,antimatter,practice,2026-08-31T17:32:23.9802087-04:00,4,1642,27.50891,16.9664,1330.80,1048.00,0.000,0.000,4.3841,4.4118,23.7602,Left,0,0,0,0,0.0000,50.000,0,0.000,1,127.500,71.914,4.500,0.0300,0.2500,70.00,antimatter,60,450;300;200;100;50,2,6,1.5,2.5,100,-10,5,250,40,5,250,60,1,8,11,0,0.06,4,0.5,50,8,5
37,1,60,FrameTimeStutter,6.000,antimatter,practice,2026-08-31T17:32:23.9802087-04:00,4,1643,27.52532,16.4100,1330.80,1048.00,0.000,0.000,4.3841,4.4118,23.7602,Left,0,0,0,0,0.0000,50.000,0,0.000,1,127.500,71.914,4.500,0.0300,0.2500,70.00,antimatter,60,450;300;200;100;50,2,6,1.5,2.5,100,-10,5,250,40,5,250,60,1,8,11,0,0.06,4,0.5,50,8,5
37,1,60,FrameTimeStutter,6.000,antimatter,practice,2026-08-31T17:32:23.9802087-04:00,4,1644,27.54231,16.9820,1330.80,1048.00,0.000,0.000,4.3841,4.4118,23.7602,Left,0,0,0,0,0.0000,50.000,0,0.000,1,127.500,71.914,4.500,0.0300,0.2500,70.00,antimatter,60,450;300;200;100;50,2,6,1.5,2.5,100,-10,5,250,40,5,250,60,1,8,11,0,0.06,4,0.5,50,8,5
37,1,60,FrameTimeStutter,6.000,antimatter,practice,2026-08-31T17:32:23.9802087-04:00,4,1645,27.55897,16.6658,1330.80,1048.00,0.000,0.000,4.3841,4.4118,23.7602,Left,0,0,0,0,0.0000,50.000,0,0.000,1,127.500,71.914,4.500,0.0300,0.2500,70.00,antimatter,60,450;300;200;100;50,2,6,1.5,2.5,100,-10,5,250,40,5,250,60,1,8,11,0,0.06,4,0.5,50,8,5
37,1,60,FrameTimeStutter,6.000,antimatter,practice,2026-08-31T17:32:23.9802087-04:00,4,1646,27.57599,17.0203,1330.80,1048.00,0.000,0.000,4.3841,4.4118,23.7602,Left,0,0,0,0,0.0000,50.000,0,0.000,1,127.500,71.914,4.500,0.0300,0.2500,70.00,antimatter,60,450;300;200;100;50,2,6,1.5,2.5,100,-10,5,250,40,5,250,60,1,8,11,0,0.06,4,0.5,50,8,5
37,1,60,FrameTimeStutter,6.000,antimatter,practice,2026-08-31T17:32:23.9802087-04:00,4,1647,27.59260,16.6123,1330.80,1048.00,0.000,0.000,4.3841,4.4118,23.7602,Left,0,0,0,0,0.0000,50.000,0,0.000,1,127.500,71.914,4.500,0.0300,0.2500,70.00,antimatter,60,450;300;200;100;50,2,6,1.5,2.5,100,-10,5,250,40,5,250,60,1,8,11,0,0.06,4,0.5,50,8,5
37,1,60,FrameTimeStutter,6.000,antimatter,practice,2026-08-31T17:32:23.9802087-04:00,4,1648,27.60904,16.4367,1330.80,1048.00,0.000,0.000,4.3841,4.4118,23.7602,Left,0,0,0,0,0.0000,50.000,0,0.000,1,127.500,71.914,4.500,0.0300,0.2500,70.00,antimatter,60,450;300;200;100;50,2,6,1.5,2.5,100,-10,5,250,40,5,250,60,1,8,11,0,0.06,4,0.5,50,8,5
37,1,60,FrameTimeStutter,6.000,antimatter,practice,2026-08-31T17:32:23.9802087-04:00,4,1649,27.62511,16.0664,1330.80,1048.00,0.000,0.000,4.3841,4.4118,23.7602,Left,0,0,0,0,0.0000,50.000,0,0.000,1,127.500,71.914,4.500,0.0300,0.2500,70.00,antimatter,60,450;300;200;100;50,2,6,1.5,2.5,100,-10,5,250,40,5,250,60,1,8,11,0,0.06,4,0.5,50,8,5
37,1,60,FrameTimeStutter,6.000,antimatter,practice,2026-08-31T17:32:23.9802087-04:00,4,1650,27.64237,17.2601,1330.80,1048.00,0.000,0.000,4.3841,4.4118,23.7602,Left,0,0,0,0,0.0000,50.000,0,0.000,1,127.500,71.914,4.500,0.0300,0.2500,70.00,antimatter,60,450;300;200;100;50,2,6,1.5,2.5,100,-10,5,250,40,5,250,60,1,8,11,0,0.06,4,0.5,50,8,5
37,1,60,FrameTimeStutter,6.000,antimatter,practice,2026-08-31T17:32:23.9802087-04:00,4,1651,27.65909,16.7186,1330.80,1048.00,0.000,0.000,4.3841,4.4118,23.7602,Left,0,0,0,0,0.0000,50.000,0,0.000,1,127.500,71.914,4.500,0.0300,0.2500,70.00,antimatter,60,450;300;200;100;50,2,6,1.5,2.5,100,-10,5,250,40,5,250,60,1,8,11,0,0.06,4,0.5,50,8,5
37,1,60,FrameTimeStutter,6.000,antimatter,practice,2026-08-31T17:32:23.9802087-04:00,4,1652,27.67517,16.0827,1330.80,1048.00,0.000,0.000,4.3841,4.4118,23.7602,Left,0,0,0,0,0.0000,50.000,0,0.000,1,127.500,71.914,4.500,0.0300,0.2500,70.00,antimatter,60,450;300;200;100;50,2,6,1.5,2.5,100,-10,5,250,40,5,250,60,1,8,11,0,0.06,4,0.5,50,8,5
37,1,60,FrameTimeStutter,6.000,antimatter,practice,2026-08-31T17:32:23.9802087-04:00,4,1653,27.69194,16.7676,1330.80,1048.00,0.000,0.000,4.3841,4.4118,23.7602,Left,0,0,0,0,0.0000,50.000,0,0.000,1,127.500,71.914,4.500,0.0300,0.2500,70.00,antimatter,60,450;300;200;100;50,2,6,1.5,2.5,100,-10,5,250,40,5,250,60,1,8,11,0,0.06,4,0.5,50,8,5
37,1,60,FrameTimeStutter,6.000,antimatter,practice,2026-08-31T17:32:23.9802087-04:00,4,1654,27.70923,17.2958,1330.80,1048.00,0.000,0.000,4.3841,4.4118,23.7602,Left,0,0,0,0,0.0000,50.000,0,0.000,1,127.500,71.914,4.500,0.0300,0.2500,70.00,antimatter,60,450;300;200;100;50,2,6,1.5,2.5,100,-10,5,250,40,5,250,60,1,8,11,0,0.06,4,0.5,50,8,5
37,1,60,FrameTimeStutter,6.000,antimatter,practice,2026-08-31T17:32:23.9802087-04:00,4,1655,27.72597,16.7388,1330.80,1048.00,0.000,0.000,4.3841,4.4118,23.7602,Left,0,0,0,0,0.0000,50.000,0,0.000,1,127.500,71.914,4.500,0.0300,0.2500,70.00,antimatter,60,450;300;200;100;50,2,6,1.5,2.5,100,-10,5,250,40,5,250,60,1,8,11,0,0.06,4,0.5,50,8,5
37,1,60,FrameTimeStutter,6.000,antimatter,practice,2026-08-31T17:32:23.9802087-04:00,4,1656,27.74262,16.6515,1330.80,1048.00,0.000,0.000,4.3841,4.4118,23.7602,Left,0,0,0,0,0.0000,50.000,0,0.000,1,127.500,71.914,4.500,0.0300,0.2500,70.00,antimatter,60,450;300;200;100;50,2,6,1.5,2.5,100,-10,5,250,40,5,250,60,1,8,11,0,0.06,4,0.5,50,8,5
37,1,60,FrameTimeStutter,6.000,antimatter,practice,2026-08-31T17:32:23.9802087-04:00,4,1657,27.75868,16.0629,1330.80,1048.00,0.000,0.000,4.3841,4.4118,23.7602,Left,0,0,0,0,0.0000,50.000,0,0.000,1,127.500,71.914,4.500,0.0300,0.2500,70.00,antimatter,60,450;300;200;100;50,2,6,1.5,2.5,100,-10,5,250,40,5,250,60,1,8,11,0,0.06,4,0.5,50,8,5
37,1,60,FrameTimeStutter,6.000,antimatter,practice,2026-08-31T17:32:23.9802087-04:00,4,1658,27.77559,16.9066,1330.80,1048.00,0.000,0.000,4.3841,4.4118,23.7602,Left,0,0,0,0,0.0000,50.000,0,0.000,1,127.500,71.914,4.500,0.0300,0.2500,70.00,antimatter,60,450;300;200;100;50,2,6,1.5,2.5,100,-10,5,250,40,5,250,60,1,8,11,0,0.06,4,0.5,50,8,5
37,1,60,FrameTimeStutter,6.000,antimatter,practice,2026-08-31T17:32:23.9802087-04:00,4,1659,27.79186,16.2654,1330.80,1048.00,0.000,0.000,4.3841,4.4118,23.7602,Left,0,0,0,0,0.0000,50.000,0,0.000,1,127.500,71.914,4.500,0.0300,0.2500,70.00,antimatter,60,450;300;200;100;50,2,6,1.5,2.5,100,-10,5,250,40,5,250,60,1,8,11,0,0.06,4,0.5,50,8,5
37,1,60,FrameTimeStutter,6.000,antimatter,practice,2026-08-31T17:32:23.9802087-04:00,4,1660,27.80881,16.9550,1330.80,1048.00,0.000,0.000,4.3841,4.4118,23.7602,Left,0,0,0,0,0.0000,50.000,0,0.000,1,127.500,71.914,4.500,0.0300,0.2500,70.00,antimatter,60,450;300;200;100;50,2,6,1.5,2.5,100,-10,5,250,40,5,250,60,1,8,11,0,0.06,4,0.5,50,8,5
37,1,60,FrameTimeStutter,6.000,antimatter,practice,2026-08-31T17:32:23.9802087-04:00,4,1661,27.82556,16.7451,1333.31,1050.51,2.000,2.000,4.4206,4.4484,23.7602,Left,0,0,0,0,0.0000,50.000,0,0.000,1,127.500,71.914,4.500,0.0300,0.2500,70.00,antimatter,60,450;300;200;100;50,2,6,1.5,2.5,100,-10,5,250,40,5,250,60,1,8,11,0,0.06,4,0.5,50,8,5
37,1,60,FrameTimeStutter,6.000,antimatter,practice,2026-08-31T17:32:23.9802087-04:00,4,1662,27.84240,16.8392,1348.36,1061.79,12.000,9.000,4.6401,4.6129,23.7602,Left,0,0,0,0,0.0000,50.000,0,0.000,1,127.500,71.914,4.500,0.0300,0.2500,70.00,antimatter,60,450;300;200;100;50,2,6,1.5,2.5,100,-10,5,250,40,5,250,60,1,8,11,0,0.06,4,0.5,50,8,5
37,1,60,FrameTimeStutter,6.000,antimatter,practice,2026-08-31T17:32:23.9802087-04:00,4,1663,27.85978,17.3827,1367.17,1073.08,15.000,9.000,4.9143,4.7775,23.7602,Left,0,0,0,0,0.0000,50.000,0,0.000,1,127.500,71.914,4.500,0.0300,0.2500,70.00,antimatter,60,450;300;200;100;50,2,6,1.5,2.5,100,-10,5,250,40,5,250,60,1,8,11,0,0.06,4,0.5,50,8,5
37,1,60,FrameTimeStutter,6.000,antimatter,practice,2026-08-31T17:32:23.9802087-04:00,4,1664,27.87602,16.2447,1370.94,1075.59,3.000,2.000,4.9692,4.8141,23.7602,Left,0,0,0,0,0.0000,50.000,0,0.000,1,127.500,71.914,4.500,0.0300,0.2500,70.00,antimatter,60,450;300;200;100;50,2,6,1.5,2.5,100,-10,5,250,40,5,250,60,1,8,11,0,0.06,4,0.5,50,8,5
37,1,60,FrameTimeStutter,6.000,antimatter,practice,2026-08-31T17:32:23.9802087-04:00,4,1665,27.89263,16.6069,1370.94,1075.59,0.000,0.000,4.9692,4.8141,23.7602,Left,0,0,0,0,0.0000,50.000,0,0.000,1,127.500,71.914,4.500,0.0300,0.2500,70.00,antimatter,60,450;300;200;100;50,2,6,1.5,2.5,100,-10,5,250,40,5,250,60,1,8,11,0,0.06,4,0.5,50,8,5
37,1,60,FrameTimeStutter,6.000,antimatter,practice,2026-08-31T17:32:23.9802087-04:00,4,1666,27.90871,16.0813,1370.94,1075.59,0.000,0.000,4.9692,4.8141,23.7602,Left,0,0,0,0,0.0000,50.000,0,0.000,1,127.500,71.914,4.500,0.0300,0.2500,70.00,antimatter,60,450;300;200;100;50,2,6,1.5,2.5,100,-10,5,250,40,5,250,60,1,8,11,0,0.06,4,0.5,50,8,5
37,1,60,FrameTimeStutter,6.000,antimatter,practice,2026-08-31T17:32:23.9802087-04:00,4,1667,27.92597,17.2522,1370.94,1075.59,0.000,0.000,4.9692,4.8141,23.7602,Left,0,0,0,0,0.0000,50.000,0,0.000,1,127.500,71.914,4.500,0.0300,0.2500,70.00,antimatter,60,450;300;200;100;50,2,6,1.5,2.5,100,-10,5,250,40,5,250,60,1,8,11,0,0.06,4,0.5,50,8,5
37,1,60,FrameTimeStutter,6.000,antimatter,practice,2026-08-31T17:32:23.9802087-04:00,4,1668,27.94193,15.9610,1370.94,1075.59,0.000,0.000,4.9692,4.8141,23.7602,Left,0,0,0,0,0.0000,50.000,0,0.000,1,127.500,71.914,4.500,0.0300,0.2500,70.00,antimatter,60,450;300;200;100;50,2,6,1.5,2.5,100,-10,5,250,40,5,250,60,1,8,11,0,0.06,4,0.5,50,8,5
37,1,60,FrameTimeStutter,6.000,antimatter,practice,2026-08-31T17:32:23.9802087-04:00,4,1669,27.95887,16.9473,1370.94,1075.59,0.000,0.000,4.9692,4.8141,23.7602,Left,0,0,0,0,0.0000,50.000,0,0.000,1,127.500,71.914,4.500,0.0300,0.2500,70.00,antimatter,60,450;300;200;100;50,2,6,1.5,2.5,100,-10,5,250,40,5,250,60,1,8,11,0,0.06,4,0.5,50,8,5
37,1,60,FrameTimeStutter,6.000,antimatter,practice,2026-08-31T17:32:23.9802087-04:00,4,1670,27.97564,16.7627,1370.94,1075.59,0.000,0.000,4.9692,4.8141,23.7602,Left,0,0,0,0,0.0000,50.000,0,0.000,1,127.500,71.914,4.500,0.0300,0.2500,70.00,antimatter,60,450;300;200;100;50,2,6,1.5,2.5,100,-10,5,250,40,5,250,60,1,8,11,0,0.06,4,0.5,50,8,5
37,1,60,FrameTimeStutter,6.000,antimatter,practice,2026-08-31T17:32:23.9802087-04:00,4,1671,27.99226,16.6217,1370.94,1076.85,0.000,1.000,4.9692,4.8323,23.7602,Left,0,0,0,0,0.0000,50.000,0,0.000,1,127.500,71.914,4.500,0.0300,0.2500,70.00,antimatter,60,450;300;200;100;50,2,6,1.5,2.5,100,-10,5,250,40,5,250,60,1,8,11,0,0.06,4,0.5,50,8,5
37,1,60,FrameTimeStutter,6.000,antimatter,practice,2026-08-31T17:32:23.9802087-04:00,4,1672,28.00921,16.9548,1377.21,1081.86,5.000,4.000,5.0606,4.9055,23.7602,Left,0,0,0,0,0.0000,50.000,0,0.000,1,127.500,71.914,4.500,0.0300,0.2500,70.00,antimatter,60,450;300;200;100;50,2,6,1.5,2.5,100,-10,5,250,40,5,250,60,1,8,11,0,0.06,4,0.5,50,8,5
37,1,60,FrameTimeStutter,6.000,antimatter,practice,2026-08-31T17:32:23.9802087-04:00,4,1673,28.02524,16.0332,1394.77,1098.17,14.000,13.000,5.3166,5.1432,23.7602,Left,0,0,0,0,0.0000,50.000,0,0.000,1,127.500,71.914,4.500,0.0300,0.2500,70.00,antimatter,60,450;300;200;100;50,2,6,1.5,2.5,100,-10,5,250,40,5,250,60,1,8,11,0,0.06,4,0.5,50,8,5
37,1,60,FrameTimeStutter,6.000,antimatter,practice,2026-08-31T17:32:23.9802087-04:00,4,1674,28.04276,17.5110,1423.62,1122.00,23.000,19.000,5.7372,5.4906,23.7602,Left,0,0,0,0,0.0000,50.000,0,0.000,1,127.500,71.914,4.500,0.0300,0.2500,70.00,antimatter,60,450;300;200;100;50,2,6,1.5,2.5,100,-10,5,250,40,5,250,60,1,8,11,0,0.06,4,0.5,50,8,5
37,1,60,FrameTimeStutter,6.000,antimatter,practice,2026-08-31T17:32:23.9802087-04:00,4,1675,28.05911,16.3565,1458.74,1152.10,28.000,24.000,6.2491,5.9294,23.7602,Left,0,0,0,0,0.0000,50.000,0,0.000,1,127.500,71.914,4.500,0.0300,0.2500,70.00,antimatter,60,450;300;200;100;50,2,6,1.5,2.5,100,-10,5,250,40,5,250,60,1,8,11,0,0.06,4,0.5,50,8,5
37,1,60,FrameTimeStutter,6.000,antimatter,practice,2026-08-31T17:32:23.9802087-04:00,4,1676,28.07593,16.8167,1525.21,1216.07,53.000,51.000,7.2182,6.8620,23.7602,Left,0,0,0,0,0.0000,50.000,0,0.000,1,127.500,71.914,4.500,0.0300,0.2500,70.00,antimatter,60,450;300;200;100;50,2,6,1.5,2.5,100,-10,5,250,40,5,250,60,1,8,11,0,0.06,4,0.5,50,8,5
37,1,60,FrameTimeStutter,6.000,antimatter,practice,2026-08-31T17:32:23.9802087-04:00,4,1677,28.09216,16.2372,1567.86,1263.73,34.000,38.000,7.8400,7.5568,23.7602,Left,0,0,0,0,0.0000,50.000,0,0.000,1,127.500,71.914,4.500,0.0300,0.2500,70.00,antimatter,60,450;300;200;100;50,2,6,1.5,2.5,100,-10,5,250,40,5,250,60,1,8,11,0,0.06,4,0.5,50,8,5
37,1,60,FrameTimeStutter,6.000,antimatter,practice,2026-08-31T17:32:23.9802087-04:00,4,1678,28.10884,16.6751,1606.74,1311.40,31.000,38.000,8.4068,8.2517,23.7602,Left,0,0,0,0,0.0000,50.000,0,0.000,1,127.500,71.914,4.500,0.0300,0.2500,70.00,antimatter,60,450;300;200;100;50,2,6,1.5,2.5,100,-10,5,250,40,5,250,60,1,8,11,0,0.06,4,0.5,50,8,5
37,1,60,FrameTimeStutter,6.000,antimatter,practice,2026-08-31T17:32:23.9802087-04:00,4,1679,28.12531,16.4709,1646.88,1360.31,32.000,39.000,8.9919,8.9648,23.7602,Left,0,0,0,0,0.0000,50.000,0,0.000,1,127.500,71.914,4.500,0.0300,0.2500,70.00,antimatter,60,450;300;200;100;50,2,6,1.5,2.5,100,-10,5,250,40,5,250,60,1,8,11,0,0.06,4,0.5,50,8,5
37,1,60,FrameTimeStutter,6.000,antimatter,practice,2026-08-31T17:32:23.9802087-04:00,4,1680,28.14263,17.3213,1680.75,1404.21,27.000,35.000,9.4856,9.6048,23.7602,Left,0,0,0,0,0.0000,50.000,0,0.000,1,127.500,71.914,4.500,0.0300,0.2500,70.00,antimatter,60,450;300;200;100;50,2,6,1.5,2.5,100,-10,5,250,40,5,250,60,1,8,11,0,0.06,4,0.5,50,8,5
37,1,60,FrameTimeStutter,6.000,antimatter,practice,2026-08-31T17:32:23.9802087-04:00,4,1681,28.15930,16.6677,1707.09,1438.08,21.000,27.000,9.8696,10.0985,23.7602,Left,0,0,0,0,0.0000,50.000,0,0.000,1,127.500,71.914,4.500,0.0300,0.2500,70.00,antimatter,60,450;300;200;100;50,2,6,1.5,2.5,100,-10,5,250,40,5,250,60,1,8,11,0,0.06,4,0.5,50,8,5
37,1,60,FrameTimeStutter,6.000,antimatter,practice,2026-08-31T17:32:23.9802087-04:00,4,1682,28.17470,15.4037,1727.15,1468.18,16.000,24.000,10.1622,10.5373,23.7602,Left,0,0,0,0,0.0000,50.000,0,0.000,1,127.500,71.914,4.500,0.0300,0.2500,70.00,antimatter,60,450;300;200;100;50,2,6,1.5,2.5,100,-10,5,250,40,5,250,60,1,8,11,0,0.06,4,0.5,50,8,5
37,1,60,FrameTimeStutter,6.000,antimatter,practice,2026-08-31T17:32:23.9802087-04:00,4,1683,28.19248,17.7695,1737.19,1484.49,8.000,13.000,10.3085,10.7750,23.7602,Left,0,0,0,0,0.0000,50.000,0,0.000,1,127.500,71.914,4.500,0.0300,0.2500,70.00,antimatter,60,450;300;200;100;50,2,6,1.5,2.5,100,-10,5,250,40,5,250,60,1,8,11,0,0.06,4,0.5,50,8,5
37,1,60,FrameTimeStutter,6.000,antimatter,practice,2026-08-31T17:32:23.9802087-04:00,4,1684,28.20898,16.5037,1738.44,1490.76,1.000,5.000,10.3268,10.8665,23.7602,Left,0,0,0,0,0.0000,50.000,0,0.000,1,127.500,71.914,4.500,0.0300,0.2500,70.00,antimatter,60,450;300;200;100;50,2,6,1.5,2.5,100,-10,5,250,40,5,250,60,1,8,11,0,0.06,4,0.5,50,8,5
37,1,60,FrameTimeStutter,6.000,antimatter,practice,2026-08-31T17:32:23.9802087-04:00,4,1685,28.22542,16.4400,1738.44,1490.76,0.000,0.000,10.3268,10.8665,23.7602,Left,0,0,0,0,0.0000,50.000,0,0.000,1,127.500,71.914,4.500,0.0300,0.2500,70.00,antimatter,60,450;300;200;100;50,2,6,1.5,2.5,100,-10,5,250,40,5,250,60,1,8,11,0,0.06,4,0.5,50,8,5
37,1,60,FrameTimeStutter,6.000,antimatter,practice,2026-08-31T17:32:23.9802087-04:00,4,1686,28.24234,16.9193,1738.44,1493.27,0.000,2.000,10.3268,10.9030,23.7602,Left,0,0,0,0,0.0000,50.000,0,0.000,1,127.500,71.914,4.500,0.0300,0.2500,70.00,antimatter,60,450;300;200;100;50,2,6,1.5,2.5,100,-10,5,250,40,5,250,60,1,8,11,0,0.06,4,0.5,50,8,5
37,1,60,FrameTimeStutter,6.000,antimatter,practice,2026-08-31T17:32:23.9802087-04:00,4,1687,28.25968,17.3370,1738.44,1497.03,0.000,3.000,10.3268,10.9579,23.7602,Left,0,0,0,0,0.0000,50.000,0,0.000,1,127.500,71.914,4.500,0.0300,0.2500,70.00,antimatter,60,450;300;200;100;50,2,6,1.5,2.5,100,-10,5,250,40,5,250,60,1,8,11,0,0.06,4,0.5,50,8,5
37,1,60,FrameTimeStutter,6.000,antimatter,practice,2026-08-31T17:32:23.9802087-04:00,4,1688,28.27577,16.0896,1737.19,1504.56,-1.000,6.000,10.3085,11.0676,23.7602,Left,0,0,0,0,0.0000,50.000,0,0.000,1,127.500,71.914,4.500,0.0300,0.2500,70.00,antimatter,60,450;300;200;100;50,2,6,1.5,2.5,100,-10,5,250,40,5,250,60,1,8,11,0,0.06,4,0.5,50,8,5
37,1,60,FrameTimeStutter,6.000,antimatter,practice,2026-08-31T17:32:23.9802087-04:00,4,1689,28.29251,16.7396,1733.43,1514.59,-3.000,8.000,10.2536,11.2139,23.7602,Left,0,0,0,0,0.0000,50.000,0,0.000,1,127.500,71.914,4.500,0.0300,0.2500,70.00,antimatter,60,450;300;200;100;50,2,6,1.5,2.5,100,-10,5,250,40,5,250,60,1,8,11,0,0.06,4,0.5,50,8,5
37,1,60,FrameTimeStutter,6.000,antimatter,practice,2026-08-31T17:32:23.9802087-04:00,4,1690,28.30944,16.9361,1727.15,1523.37,-5.000,7.000,10.1622,11.3419,23.7602,Left,0,0,0,0,0.0000,50.000,0,0.000,1,127.500,71.914,4.500,0.0300,0.2500,70.00,antimatter,60,450;300;200;100;50,2,6,1.5,2.5,100,-10,5,250,40,5,250,60,1,8,11,0,0.06,4,0.5,50,8,5
37,1,60,FrameTimeStutter,6.000,antimatter,practice,2026-08-31T17:32:23.9802087-04:00,4,1691,28.32673,17.2886,1722.14,1529.64,-4.000,5.000,10.0890,11.4333,23.7602,Left,0,0,0,0,0.0000,50.000,0,0.000,1,127.500,71.914,4.500,0.0300,0.2500,70.00,antimatter,60,450;300;200;100;50,2,6,1.5,2.5,100,-10,5,250,40,5,250,60,1,8,11,0,0.06,4,0.5,50,8,5
37,1,60,FrameTimeStutter,6.000,antimatter,practice,2026-08-31T17:32:23.9802087-04:00,4,1692,28.34189,15.1638,1717.12,1533.41,-4.000,3.000,10.0159,11.4881,23.7602,Left,0,0,0,0,0.0000,50.000,0,0.000,1,127.500,71.914,4.500,0.0300,0.2500,70.00,antimatter,60,450;300;200;100;50,2,6,1.5,2.5,100,-10,5,250,40,5,250,60,1,8,11,0,0.06,4,0.5,50,8,5
37,1,60,FrameTimeStutter,6.000,antimatter,practice,2026-08-31T17:32:23.9802087-04:00,4,1693,28.35898,17.0931,1713.36,1534.66,-3.000,1.000,9.9610,11.5064,23.7602,Left,0,0,0,0,0.0000,50.000,0,0.000,1,127.500,71.914,4.500,0.0300,0.2500,70.00,antimatter,60,450;300;200;100;50,2,6,1.5,2.5,100,-10,5,250,40,5,250,60,1,8,11,0,0.06,4,0.5,50,8,5
37,1,60,FrameTimeStutter,6.000,antimatter,practice,2026-08-31T17:32:23.9802087-04:00,4,1694,28.37580,16.8189,1709.59,1535.91,-3.000,1.000,9.9062,11.5247,23.7602,Left,0,0,0,0,0.0000,50.000,0,0.000,1,127.500,71.914,4.500,0.0300,0.2500,70.00,antimatter,60,450;300;200;100;50,2,6,1.5,2.5,100,-10,5,250,40,5,250,60,1,8,11,0,0.06,4,0.5,50,8,5
37,1,60,FrameTimeStutter,6.000,antimatter,practice,2026-08-31T17:32:23.9802087-04:00,4,1695,28.39233,16.5252,1703.32,1537.17,-5.000,1.000,9.8147,11.5430,23.7602,Left,0,0,0,0,0.0000,50.000,0,0.000,1,127.500,71.914,4.500,0.0300,0.2500,70.00,antimatter,60,450;300;200;100;50,2,6,1.5,2.5,100,-10,5,250,40,5,250,60,1,8,11,0,0.06,4,0.5,50,8,5
37,1,60,FrameTimeStutter,6.000,antimatter,practice,2026-08-31T17:32:23.9802087-04:00,4,1696,28.40915,16.8217,1698.31,1538.42,-4.000,1.000,9.7416,11.5613,23.7602,Left,0,0,0,0,0.0000,50.000,0,0.000,1,127.500,71.914,4.500,0.0300,0.2500,70.00,antimatter,60,450;300;200;100;50,2,6,1.5,2.5,100,-10,5,250,40,5,250,60,1,8,11,0,0.06,4,0.5,50,8,5
37,1,60,FrameTimeStutter,6.000,antimatter,practice,2026-08-31T17:32:23.9802087-04:00,4,1697,28.42570,16.5501,1693.29,1539.68,-4.000,1.000,9.6685,11.5796,23.7602,Left,0,0,0,0,0.0000,50.000,0,0.000,1,127.500,71.914,4.500,0.0300,0.2500,70.00,antimatter,60,450;300;200;100;50,2,6,1.5,2.5,100,-10,5,250,40,5,250,60,1,8,11,0,0.06,4,0.5,50,8,5
37,1,60,FrameTimeStutter,6.000,antimatter,practice,2026-08-31T17:32:23.9802087-04:00,4,1698,28.44212,16.4211,1688.27,1540.93,-4.000,1.000,9.5953,11.5979,23.7602,Left,0,0,0,0,0.0000,50.000,0,0.000,1,127.500,71.914,4.500,0.0300,0.2500,70.00,antimatter,60,450;300;200;100;50,2,6,1.5,2.5,100,-10,5,250,40,5,250,60,1,8,11,0,0.06,4,0.5,50,8,5
37,1,60,FrameTimeStutter,6.000,antimatter,practice,2026-08-31T17:32:23.9802087-04:00,4,1699,28.45925,17.1279,1684.51,1542.19,-3.000,1.000,9.5405,11.6161,23.7602,Left,0,0,0,0,0.0000,50.000,0,0.000,1,127.500,71.914,4.500,0.0300,0.2500,70.00,antimatter,60,450;300;200;100;50,2,6,1.5,2.5,100,-10,5,250,40,5,250,60,1,8,11,0,0.06,4,0.5,50,8,5
37,1,60,FrameTimeStutter,6.000,antimatter,practice,2026-08-31T17:32:23.9802087-04:00,4,1700,28.47633,17.0755,1676.98,1543.44,-6.000,1.000,9.4308,11.6344,23.7602,Left,0,0,0,0,0.0000,50.000,0,0.000,1,127.500,71.914,4.500,0.0300,0.2500,70.00,antimatter,60,450;300;200;100;50,2,6,1.5,2.5,100,-10,5,250,40,5,250,60,1,8,11,0,0.06,4,0.5,50,8,5
37,1,60,FrameTimeStutter,6.000,antimatter,practice,2026-08-31T17:32:23.9802087-04:00,4,1701,28.49271,16.3874,1671.97,1544.69,-4.000,1.000,9.3576,11.6527,23.7602,Left,0,0,0,0,0.0000,50.000,0,0.000,1,127.500,71.914,4.500,0.0300,0.2500,70.00,antimatter,60,450;300;200;100;50,2,6,1.5,2.5,100,-10,5,250,40,5,250,60,1,8,11,0,0.06,4,0.5,50,8,5
37,1,60,FrameTimeStutter,6.000,antimatter,practice,2026-08-31T17:32:23.9802087-04:00,4,1702,28.50964,16.9285,1665.69,1545.95,-5.000,1.000,9.2662,11.6710,23.7602,Left,0,0,0,0,0.0000,50.000,0,0.000,1,127.500,71.914,4.500,0.0300,0.2500,70.00,antimatter,60,450;300;200;100;50,2,6,1.5,2.5,100,-10,5,250,40,5,250,60,1,8,11,0,0.06,4,0.5,50,8,5
37,1,60,FrameTimeStutter,6.000,antimatter,practice,2026-08-31T17:32:23.9802087-04:00,4,1703,28.52633,16.6923,1659.42,1545.95,-5.000,0.000,9.1747,11.6710,23.7602,Left,0,0,0,0,0.0000,50.000,0,0.000,1,127.500,71.914,4.500,0.0300,0.2500,70.00,antimatter,60,450;300;200;100;50,2,6,1.5,2.5,100,-10,5,250,40,5,250,60,1,8,11,0,0.06,4,0.5,50,8,5
37,1,60,FrameTimeStutter,6.000,antimatter,practice,2026-08-31T17:32:23.9802087-04:00,4,1704,28.54260,16.2711,1654.41,1547.20,-4.000,1.000,9.1016,11.6893,23.7602,Left,0,0,0,0,0.0000,50.000,0,0.000,1,127.500,71.914,4.500,0.0300,0.2500,70.00,antimatter,60,450;300;200;100;50,2,6,1.5,2.5,100,-10,5,250,40,5,250,60,1,8,11,0,0.06,4,0.5,50,8,5
37,1,60,FrameTimeStutter,6.000,antimatter,practice,2026-08-31T17:32:23.9802087-04:00,4,1705,28.55856,15.9521,1650.64,1547.20,-3.000,0.000,9.0467,11.6893,23.7602,Left,0,0,0,0,0.0000,50.000,0,0.000,1,127.500,71.914,4.500,0.0300,0.2500,70.00,antimatter,60,450;300;200;100;50,2,6,1.5,2.5,100,-10,5,250,40,5,250,60,1,8,11,0,0.06,4,0.5,50,8,5
37,1,60,FrameTimeStutter,6.000,antimatter,practice,2026-08-31T17:32:23.9802087-04:00,4,1706,28.57545,16.8950,1650.64,1547.20,0.000,0.000,9.0467,11.6893,23.7602,Left,0,0,0,0,0.0000,50.000,0,0.000,1,127.500,71.914,4.500,0.0300,0.2500,70.00,antimatter,60,450;300;200;100;50,2,6,1.5,2.5,100,-10,5,250,40,5,250,60,1,8,11,0,0.06,4,0.5,50,8,5
37,1,60,FrameTimeStutter,6.000,antimatter,practice,2026-08-31T17:32:23.9802087-04:00,4,1707,28.59262,17.1647,1650.64,1547.20,0.000,0.000,9.0467,11.6893,23.7602,Left,0,0,0,0,0.0000,50.000,0,0.000,1,127.500,71.914,4.500,0.0300,0.2500,70.00,antimatter,60,450;300;200;100;50,2,6,1.5,2.5,100,-10,5,250,40,5,250,60,1,8,11,0,0.06,4,0.5,50,8,5
37,1,60,FrameTimeStutter,6.000,antimatter,practice,2026-08-31T17:32:23.9802087-04:00,4,1708,28.60935,16.7308,1650.64,1547.20,0.000,0.000,9.0467,11.6893,23.7602,Left,0,0,0,0,0.0000,50.000,0,0.000,1,127.500,71.914,4.500,0.0300,0.2500,70.00,antimatter,60,450;300;200;100;50,2,6,1.5,2.5,100,-10,5,250,40,5,250,60,1,8,11,0,0.06,4,0.5,50,8,5
37,1,60,FrameTimeStutter,6.000,antimatter,practice,2026-08-31T17:32:23.9802087-04:00,4,1709,28.62540,16.0536,1650.64,1547.20,0.000,0.000,9.0467,11.6893,23.7602,Left,0,0,0,0,0.0000,50.000,0,0.000,1,127.500,71.914,4.500,0.0300,0.2500,70.00,antimatter,60,450;300;200;100;50,2,6,1.5,2.5,100,-10,5,250,40,5,250,60,1,8,11,0,0.06,4,0.5,50,8,5
37,1,60,FrameTimeStutter,6.000,antimatter,practice,2026-08-31T17:32:23.9802087-04:00,4,1710,28.64256,17.1572,1650.64,1547.20,0.000,0.000,9.0467,11.6893,23.7602,Left,0,0,0,0,0.0000,50.000,0,0.000,1,127.500,71.914,4.500,0.0300,0.2500,70.00,antimatter,60,450;300;200;100;50,2,6,1.5,2.5,100,-10,5,250,40,5,250,60,1,8,11,0,0.06,4,0.5,50,8,5
37,1,60,FrameTimeStutter,6.000,antimatter,practice,2026-08-31T17:32:23.9802087-04:00,4,1711,28.65928,16.7210,1650.64,1547.20,0.000,0.000,9.0467,11.6893,23.7602,Left,0,0,0,0,0.0000,50.000,0,0.000,1,127.500,71.914,4.500,0.0300,0.2500,70.00,antimatter,60,450;300;200;100;50,2,6,1.5,2.5,100,-10,5,250,40,5,250,60,1,8,11,0,0.06,4,0.5,50,8,5
37,1,60,FrameTimeStutter,6.000,antimatter,practice,2026-08-31T17:32:23.9802087-04:00,4,1712,28.67589,16.6086,1650.64,1547.20,0.000,0.000,9.0467,11.6893,23.7602,Left,0,0,0,0,0.0000,50.000,0,0.000,1,127.500,71.914,4.500,0.0300,0.2500,70.00,antimatter,60,450;300;200;100;50,2,6,1.5,2.5,100,-10,5,250,40,5,250,60,1,8,11,0,0.06,4,0.5,50,8,5
37,1,60,FrameTimeStutter,6.000,antimatter,practice,2026-08-31T17:32:23.9802087-04:00,4,1713,28.69229,16.3954,1650.64,1547.20,0.000,0.000,9.0467,11.6893,23.7602,Left,0,0,0,0,0.0000,50.000,0,0.000,1,127.500,71.914,4.500,0.0300,0.2500,70.00,antimatter,60,450;300;200;100;50,2,6,1.5,2.5,100,-10,5,250,40,5,250,60,1,8,11,0,0.06,4,0.5,50,8,5
37,1,60,FrameTimeStutter,6.000,antimatter,practice,2026-08-31T17:32:23.9802087-04:00,4,1714,28.70852,16.2413,1650.64,1547.20,0.000,0.000,9.0467,11.6893,23.7602,Left,0,0,0,0,0.0000,50.000,0,0.000,1,127.500,71.914,4.500,0.0300,0.2500,70.00,antimatter,60,450;300;200;100;50,2,6,1.5,2.5,100,-10,5,250,40,5,250,60,1,8,11,0,0.06,4,0.5,50,8,5
37,1,60,FrameTimeStutter,6.000,antimatter,practice,2026-08-31T17:32:23.9802087-04:00,4,1715,28.72570,17.1781,1650.64,1547.20,0.000,0.000,9.0467,11.6893,23.7602,Left,0,0,0,0,0.0000,50.000,0,0.000,1,127.500,71.914,4.500,0.0300,0.2500,70.00,antimatter,60,450;300;200;100;50,2,6,1.5,2.5,100,-10,5,250,40,5,250,60,1,8,11,0,0.06,4,0.5,50,8,5
37,1,60,FrameTimeStutter,6.000,antimatter,practice,2026-08-31T17:32:23.9802087-04:00,4,1716,28.74217,16.4701,1650.64,1547.20,0.000,0.000,9.0467,11.6893,23.7602,Left,0,0,0,0,0.0000,50.000,0,0.000,1,127.500,71.914,4.500,0.0300,0.2500,70.00,antimatter,60,450;300;200;100;50,2,6,1.5,2.5,100,-10,5,250,40,5,250,60,1,8,11,0,0.06,4,0.5,50,8,5
37,1,60,FrameTimeStutter,6.000,antimatter,practice,2026-08-31T17:32:23.9802087-04:00,4,1717,28.75919,17.0134,1650.64,1547.20,0.000,0.000,9.0467,11.6893,23.7602,Left,0,0,0,0,0.0000,50.000,0,0.000,1,127.500,71.914,4.500,0.0300,0.2500,70.00,antimatter,60,450;300;200;100;50,2,6,1.5,2.5,100,-10,5,250,40,5,250,60,1,8,11,0,0.06,4,0.5,50,8,5
