sessionId,participantId,roundIndexInSession,studyLabel,testMode,frameIndex,timeSinceRoundStartSec,unscaledDeltaMs,mouseX,mouseY,mouseDeltaX,mouseDeltaY,virtualX,virtualY,ufoX,ufoY,ufoZ,towerX,towerZ,signedDistToTowerX,side,leftButtonDown,leftButtonPressed,rightButtonDown,fireKeyDown,stimulusMs,spikeFired,stallMs,cfg_label,cfg_testMode,cfg_useStaircase,cfg_useManualLevelList,cfg_roundsPerSession,cfg_roundDurationSec,cfg_closeRadius,cfg_showHitZone,cfg_crossingDeadZone,cfg_fireCooldown,cfg_revealHoldSec,cfg_maxPoints,cfg_missPoints,cfg_ftFallbackMagnitudeMs,cfg_ftUseBusyWait,cfg_stimMinMs,cfg_stimMaxMs,cfg_stimCount,cfg_threshMinMs,cfg_threshMaxMs,cfg_threshCount,cfg_slopeMin,cfg_slopeMax,cfg_slopeCount,cfg_lapseMin,cfg_lapseMax,cfg_lapseCount,cfg_guessRate,cfg_maxTrials,cfg_minTrials,cfg_stopSD,cfg_startDropFps,cfg_minDropFps,cfg_maxDropFps,cfg_baselineFps,cfg_startMs,cfg_minMs,cfg_maxMs,cfg_startMult,cfg_minMult,cfg_maxMult,cfg_coarseFactor,cfg_fineStep,cfg_reversals,cfg_revAvg,cfg_manualStartIndex,cfg_manualLevels
19,P019,1,ft_jnd,FrameTimeStutter,0,0.00000,3.4721,2001.48,1051.97,0.000,0.000,2001.48,1051.97,-10.1129,7.0700,0.0000,-12.5967,0.0000,2.4838,Right,0,0,0,0,86.667,0,0.000,ft_jnd,FrameTimeStutter,1,0,1,0,1,1,0.25,0.25,1.5,100,-10,100,1,5,250,40,5,250,50,1,6,11,0,0.06,4,0.05,50,8,4,2,2,100,144,5,5,300,1.05,1.05,6.0,2.0,10,6,6,-1,
19,P019,1,ft_jnd,FrameTimeStutter,1,0.00488,4.8808,2001.48,1051.97,0.000,0.000,2001.48,1051.97,-10.1129,7.0700,0.0000,-12.5967,0.0000,2.4838,Right,0,0,0,0,86.667,0,0.000,ft_jnd,FrameTimeStutter,1,0,1,0,1,1,0.25,0.25,1.5,100,-10,100,1,5,250,40,5,250,50,1,6,11,0,0.06,4,0.05,50,8,4,2,2,100,144,5,5,300,1.05,1.05,6.0,2.0,10,6,6,-1,
19,P019,1,ft_jnd,FrameTimeStutter,2,0.00926,4.3820,2001.48,1051.97,0.000,0.000,2001.48,1051.97,-10.1129,7.0700,0.0000,-12.5967,0.0000,2.4838,Right,0,0,0,0,86.667,0,0.000,ft_jnd,FrameTimeStutter,1,0,1,0,1,1,0.25,0.25,1.5,100,-10,100,1,5,250,40,5,250,50,1,6,11,0,0.06,4,0.05,50,8,4,2,2,100,144,5,5,300,1.05,1.05,6.0,2.0,10,6,6,-1,
19,P019,1,ft_jnd,FrameTimeStutter,3,0.01331,4.0459,2001.48,1051.97,0.000,0.000,2001.48,1051.97,-10.1129,7.0700,0.0000,-12.5967,0.0000,2.4838,Right,0,0,0,0,86.667,0,0.000,ft_jnd,FrameTimeStutter,1,0,1,0,1,1,0.25,0.25,1.5,100,-10,100,1,5,250,40,5,250,50,1,6,11,0,0.06,4,0.05,50,8,4,2,2,100,144,5,5,300,1.05,1.05,6.0,2.0,10,6,6,-1,
19,P019,1,ft_jnd,FrameTimeStutter,4,0.01779,4.4758,2001.48,1051.97,0.000,0.000,2001.48,1051.97,-10.1129,7.0700,0.0000,-12.5967,0.0000,2.4838,Right,0,0,0,0,86.667,0,0.000,ft_jnd,FrameTimeStutter,1,0,1,0,1,1,0.25,0.25,1.5,100,-10,100,1,5,250,40,5,250,50,1,6,11,0,0.06,4,0.05,50,8,4,2,2,100,144,5,5,300,1.05,1.05,6.0,2.0,10,6,6,-1,
19,P019,1,ft_jnd,FrameTimeStutter,5,0.02205,4.2661,2001.48,1051.97,0.000,0.000,2001.48,1051.97,-10.1129,7.0700,0.0000,-12.5967,0.0000,2.4838,Right,0,0,0,0,86.667,0,0.000,ft_jnd,FrameTimeStutter,1,0,1,0,1,1,0.25,0.25,1.5,100,-10,100,1,5,250,40,5,250,50,1,6,11,0,0.06,4,0.05,50,8,4,2,2,100,144,5,5,300,1.05,1.05,6.0,2.0,10,6,6,-1,
19,P019,1,ft_jnd,FrameTimeStutter,6,0.02640,4.3519,2001.48,1051.97,0.000,0.000,2001.48,1051.97,-10.1129,7.0700,0.0000,-12.5967,0.0000,2.4838,Right,0,0,0,0,86.667,0,0.000,ft_jnd,FrameTimeStutter,1,0,1,0,1,1,0.25,0.25,1.5,100,-10,100,1,5,250,40,5,250,50,1,6,11,0,0.06,4,0.05,50,8,4,2,2,100,144,5,5,300,1.05,1.05,6.0,2.0,10,6,6,-1,
19,P019,1,ft_jnd,FrameTimeStutter,7,0.02932,2.9147,2001.48,1051.97,0.000,0.000,2001.48,1051.97,-10.1129,7.0700,0.0000,-12.5967,0.0000,2.4838,Right,0,0,0,0,86.667,0,0.000,ft_jnd,FrameTimeStutter,1,0,1,0,1,1,0.25,0.25,1.5,100,-10,100,1,5,250,40,5,250,50,1,6,11,0,0.06,4,0.05,50,8,4,2,2,100,144,5,5,300,1.05,1.05,6.0,2.0,10,6,6,-1,
19,P019,1,ft_jnd,FrameTimeStutter,8,0.03306,3.7439,2001.48,1051.97,0.000,0.000,2001.48,1051.97,-10.1129,7.0700,0.0000,-12.5967,0.0000,2.4838,Right,0,0,0,0,86.667,0,0.000,ft_jnd,FrameTimeStutter,1,0,1,0,1,1,0.25,0.25,1.5,100,-10,100,1,5,250,40,5,250,50,1,6,11,0,0.06,4,0.05,50,8,4,2,2,100,144,5,5,300,1.05,1.05,6.0,2.0,10,6,6,-1,
19,P019,1,ft_jnd,FrameTimeStutter,9,0.03597,2.9056,2001.48,1051.97,0.000,0.000,2001.48,1051.97,-10.1129,7.0700,0.0000,-12.5967,0.0000,2.4838,Right,0,0,0,0,86.667,0,0.000,ft_jnd,FrameTimeStutter,1,0,1,0,1,1,0.25,0.25,1.5,100,-10,100,1,5,250,40,5,250,50,1,6,11,0,0.06,4,0.05,50,8,4,2,2,100,144,5,5,300,1.05,1.05,6.0,2.0,10,6,6,-1,
19,P019,1,ft_jnd,FrameTimeStutter,10,0.04002,4.0551,2001.48,1051.97,0.000,0.000,2001.48,1051.97,-10.1129,7.0700,0.0000,-12.5967,0.0000,2.4838,Right,0,0,0,0,86.667,0,0.000,ft_jnd,FrameTimeStutter,1,0,1,0,1,1,0.25,0.25,1.5,100,-10,100,1,5,250,40,5,250,50,1,6,11,0,0.06,4,0.05,50,8,4,2,2,100,144,5,5,300,1.05,1.05,6.0,2.0,10,6,6,-1,
19,P019,1,ft_jnd,FrameTimeStutter,11,0.04431,4.2876,2001.48,1051.97,0.000,0.000,2001.48,1051.97,-10.1129,7.0700,0.0000,-12.5967,0.0000,2.4838,Right,0,0,0,0,86.667,0,0.000,ft_jnd,FrameTimeStutter,1,0,1,0,1,1,0.25,0.25,1.5,100,-10,100,1,5,250,40,5,250,50,1,6,11,0,0.06,4,0.05,50,8,4,2,2,100,144,5,5,300,1.05,1.05,6.0,2.0,10,6,6,-1,
19,P019,1,ft_jnd,FrameTimeStutter,12,0.04877,4.4567,2001.48,1051.97,0.000,0.000,2001.48,1051.97,-10.1129,7.0700,0.0000,-12.5967,0.0000,2.4838,Right,0,0,0,0,86.667,0,0.000,ft_jnd,FrameTimeStutter,1,0,1,0,1,1,0.25,0.25,1.5,100,-10,100,1,5,250,40,5,250,50,1,6,11,0,0.06,4,0.05,50,8,4,2,2,100,144,5,5,300,1.05,1.05,6.0,2.0,10,6,6,-1,
19,P019,1,ft_jnd,FrameTimeStutter,13,0.05313,4.3616,2001.48,1051.97,0.000,0.000,2001.48,1051.97,-10.1129,7.0700,0.0000,-12.5967,0.0000,2.4838,Right,0,0,0,0,86.667,0,0.000,ft_jnd,FrameTimeStutter,1,0,1,0,1,1,0.25,0.25,1.5,100,-10,100,1,5,250,40,5,250,50,1,6,11,0,0.06,4,0.05,50,8,4,2,2,100,144,5,5,300,1.05,1.05,6.0,2.0,10,6,6,-1,
19,P019,1,ft_jnd,FrameTimeStutter,14,0.05754,4.4077,2001.48,1051.97,0.000,0.000,2001.48,1051.97,-10.1129,7.0700,0.0000,-12.5967,0.0000,2.4838,Right,0,0,0,0,86.667,0,0.000,ft_jnd,FrameTimeStutter,1,0,1,0,1,1,0.25,0.25,1.5,100,-10,100,1,5,250,40,5,250,50,1,6,11,0,0.06,4,0.05,50,8,4,2,2,100,144,5,5,300,1.05,1.05,6.0,2.0,10,6,6,-1,
19,P019,1,ft_jnd,FrameTimeStutter,15,0.06054,3.0020,2001.48,1051.97,0.000,0.000,2001.48,1051.97,-10.1129,7.0700,0.0000,-12.5967,0.0000,2.4838,Right,0,0,0,0,86.667,0,0.000,ft_jnd,FrameTimeStutter,1,0,1,0,1,1,0.25,0.25,1.5,100,-10,100,1,5,250,40,5,250,50,1,6,11,0,0.06,4,0.05,50,8,4,2,2,100,144,5,5,300,1.05,1.05,6.0,2.0,10,6,6,-1,
19,P019,1,ft_jnd,FrameTimeStutter,16,0.06538,4.8471,2001.48,1051.97,0.000,0.000,2001.48,1051.97,-10.1129,7.0700,0.0000,-12.5967,0.0000,2.4838,Right,0,0,0,0,86.667,0,0.000,ft_jnd,FrameTimeStutter,1,0,1,0,1,1,0.25,0.25,1.5,100,-10,100,1,5,250,40,5,250,50,1,6,11,0,0.06,4,0.05,50,8,4,2,2,100,144,5,5,300,1.05,1.05,6.0,2.0,10,6,6,-1,
19,P019,1,ft_jnd,FrameTimeStutter,17,0.06979,4.4094,2001.48,1051.97,0.000,0.000,2001.48,1051.97,-10.1129,7.0700,0.0000,-12.5967,0.0000,2.4838,Right,0,0,0,0,86.667,0,0.000,ft_jnd,FrameTimeStutter,1,0,1,0,1,1,0.25,0.25,1.5,100,-10,100,1,5,250,40,5,250,50,1,6,11,0,0.06,4,0.05,50,8,4,2,2,100,144,5,5,300,1.05,1.05,6.0,2.0,10,6,6,-1,
19,P019,1,ft_jnd,FrameTimeStutter,18,0.07379,3.9971,2001.48,1051.97,0.000,0.000,2001.48,1051.97,-10.1129,7.0700,0.0000,-12.5967,0.0000,2.4838,Right,0,0,0,0,86.667,0,0.000,ft_jnd,FrameTimeStutter,1,0,1,0,1,1,0.25,0.25,1.5,100,-10,100,1,5,250,40,5,250,50,1,6,11,0,0.06,4,0.05,50,8,4,2,2,100,144,5,5,300,1.05,1.05,6.0,2.0,10,6,6,-1,
19,P019,1,ft_jnd,FrameTimeStutter,19,0.07832,4.5298,2001.48,1051.97,0.000,0.000,2001.48,1051.97,-10.1129,7.0700,0.0000,-12.5967,0.0000,2.4838,Right,0,0,0,0,86.667,0,0.000,ft_jnd,FrameTimeStutter,1,0,1,0,1,1,0.25,0.25,1.5,100,-10,100,1,5,250,40,5,250,50,1,6,11,0,0.06,4,0.05,50,8,4,2,2,100,144,5,5,300,1.05,1.05,6.0,2.0,10,6,6,-1,
19,P019,1,ft_jnd,FrameTimeStutter,20,0.08172,3.4033,2001.48,1051.97,0.000,0.000,2001.48,1051.97,-10.1129,7.0700,0.0000,-12.5967,0.0000,2.4838,Right,0,0,0,0,86.667,0,0.000,ft_jnd,FrameTimeStutter,1,0,1,0,1,1,0.25,0.25,1.5,100,-10,100,1,5,250,40,5,250,50,1,6,11,0,0.06,4,0.05,50,8,4,2,2,100,144,5,5,300,1.05,1.05,6.0,2.0,10,6,6,-1,
19,P019,1,ft_jnd,FrameTimeStutter,21,0.08600,4.2768,2001.48,1051.97,0.000,0.000,2001.48,1051.97,-10.1129,7.0700,0.0000,-12.5967,0.0000,2.4838,Right,0,0,0,0,86.667,0,0.000,ft_jnd,FrameTimeStutter,1,0,1,0,1,1,0.25,0.25,1.5,100,-10,100,1,5,250,40,5,250,50,1,6,11,0,0.06,4,0.05,50,8,4,2,2,100,144,5,5,300,1.05,1.05,6.0,2.0,10,6,6,-1,
19,P019,1,ft_jnd,FrameTimeStutter,22,0.08969,3.6880,2001.48,1051.97,0.000,0.000,2001.48,1051.97,-10.1129,7.0700,0.0000,-12.5967,0.0000,2.4838,Right,0,0,0,0,86.667,0,0.000,ft_jnd,FrameTimeStutter,1,0,1,0,1,1,0.25,0.25,1.5,100,-10,100,1,5,250,40,5,250,50,1,6,11,0,0.06,4,0.05,50,8,4,2,2,100,144,5,5,300,1.05,1.05,6.0,2.0,10,6,6,-1,
19,P019,1,ft_jnd,FrameTimeStutter,23,0.09384,4.1518,2001.48,1051.97,0.000,0.000,2001.48,1051.97,-10.1129,7.0700,0.0000,-12.5967,0.0000,2.4838,Right,0,0,0,0,86.667,0,0.000,ft_jnd,FrameTimeStutter,1,0,1,0,1,1,0.25,0.25,1.5,100,-10,100,1,5,250,40,5,250,50,1,6,11,0,0.06,4,0.05,50,8,4,2,2,100,144,5,5,300,1.05,1.05,6.0,2.0,10,6,6,-1,
19,P019,1,ft_jnd,FrameTimeStutter,24,0.09783,3.9933,2001.48,1051.97,0.000,0.000,2001.48,1051.97,-10.1129,7.0700,0.0000,-12.5967,0.0000,2.4838,Right,0,0,0,0,86.667,0,0.000,ft_jnd,FrameTimeStutter,1,0,1,0,1,1,0.25,0.25,1.5,100,-10,100,1,5,250,40,5,250,50,1,6,11,0,0.06,4,0.05,50,8,4,2,2,100,144,5,5,300,1.05,1.05,6.0,2.0,10,6,6,-1,
19,P019,1,ft_jnd,FrameTimeStutter,25,0.10226,4.4257,2001.48,1051.97,0.000,0.000,2001.48,1051.97,-10.1129,7.0700,0.0000,-12.5967,0.0000,2.4838,Right,0,0,0,0,86.667,0,0.000,ft_jnd,FrameTimeStutter,1,0,1,0,1,1,0.25,0.25,1.5,100,-10,100,1,5,250,40,5,250,50,1,6,11,0,0.06,4,0.05,50,8,4,2,2,100,144,5,5,300,1.05,1.05,6.0,2.0,10,6,6,-1,
19,P019,1,ft_jnd,FrameTimeStutter,26,0.10666,4.3997,2001.48,1051.97,0.000,0.000,2001.48,1051.97,-10.1129,7.0700,0.0000,-12.5967,0.0000,2.4838,Right,0,0,0,0,86.667,0,0.000,ft_jnd,FrameTimeStutter,1,0,1,0,1,1,0.25,0.25,1.5,100,-10,100,1,5,250,40,5,250,50,1,6,11,0,0.06,4,0.05,50,8,4,2,2,100,144,5,5,300,1.05,1.05,6.0,2.0,10,6,6,-1,
19,P019,1,ft_jnd,FrameTimeStutter,27,0.11106,4.3963,2001.48,1051.97,0.000,0.000,2001.48,1051.97,-10.1129,7.0700,0.0000,-12.5967,0.0000,2.4838,Right,0,0,0,0,86.667,0,0.000,ft_jnd,FrameTimeStutter,1,0,1,0,1,1,0.25,0.25,1.5,100,-10,100,1,5,250,40,5,250,50,1,6,11,0,0.06,4,0.05,50,8,4,2,2,100,144,5,5,300,1.05,1.05,6.0,2.0,10,6,6,-1,
19,P019,1,ft_jnd,FrameTimeStutter,28,0.11508,4.0270,2001.48,1051.97,0.000,0.000,2001.48,1051.97,-10.1129,7.0700,0.0000,-12.5967,0.0000,2.4838,Right,0,0,0,0,86.667,0,0.000,ft_jnd,FrameTimeStutter,1,0,1,0,1,1,0.25,0.25,1.5,100,-10,100,1,5,250,40,5,250,50,1,6,11,0,0.06,4,0.05,50,8,4,2,2,100,144,5,5,300,1.05,1.05,6.0,2.0,10,6,6,-1,
19,P019,1,ft_jnd,FrameTimeStutter,29,0.11850,3.4135,2001.48,1051.97,0.000,0.000,2001.48,1051.97,-10.1129,7.0700,0.0000,-12.5967,0.0000,2.4838,Right,0,0,0,0,86.667,0,0.000,ft_jnd,FrameTimeStutter,1,0,1,0,1,1,0.25,0.25,1.5,100,-10,100,1,5,250,40,5,250,50,1,6,11,0,0.06,4,0.05,50,8,4,2,2,100,144,5,5,300,1.05,1.05,6.0,2.0,10,6,6,-1,
19,P019,1,ft_jnd,FrameTimeStutter,30,0.12175,3.2515,2001.48,1051.97,0.000,0.000,2001.48,1051.97,-10.1129,7.0700,0.0000,-12.5967,0.0000,2.4838,Right,0,0,0,0,86.667,0,0.000,ft_jnd,FrameTimeStutter,1,0,1,0,1,1,0.25,0.25,1.5,100,-10,100,1,5,250,40,5,250,50,1,6,11,0,0.06,4,0.05,50,8,4,2,2,100,144,5,5,300,1.05,1.05,6.0,2.0,10,6,6,-1,
19,P019,1,ft_jnd,FrameTimeStutter,31,0.12545,3.7042,2001.48,1051.97,0.000,0.000,2001.48,1051.97,-10.1129,7.0700,0.0000,-12.5967,0.0000,2.4838,Right,0,0,0,0,86.667,0,0.000,ft_jnd,FrameTimeStutter,1,0,1,0,1,1,0.25,0.25,1.5,100,-10,100,1,5,250,40,5,250,50,1,6,11,0,0.06,4,0.05,50,8,4,2,2,100,144,5,5,300,1.05,1.05,6.0,2.0,10,6,6,-1,
19,P019,1,ft_jnd,FrameTimeStutter,32,0.12845,2.9956,2001.48,1051.97,0.000,0.000,2001.48,1051.97,-10.1129,7.0700,0.0000,-12.5967,0.0000,2.4838,Right,0,0,0,0,86.667,0,0.000,ft_jnd,FrameTimeStutter,1,0,1,0,1,1,0.25,0.25,1.5,100,-10,100,1,5,250,40,5,250,50,1,6,11,0,0.06,4,0.05,50,8,4,2,2,100,144,5,5,300,1.05,1.05,6.0,2.0,10,6,6,-1,
19,P019,1,ft_jnd,FrameTimeStutter,33,0.13324,4.7877,2001.48,1051.97,0.000,0.000,2001.48,1051.97,-10.1129,7.0700,0.0000,-12.5967,0.0000,2.4838,Right,0,0,0,0,86.667,0,0.000,ft_jnd,FrameTimeStutter,1,0,1,0,1,1,0.25,0.25,1.5,100,-10,100,1,5,250,40,5,250,50,1,6,11,0,0.06,4,0.05,50,8,4,2,2,100,144,5,5,300,1.05,1.05,6.0,2.0,10,6,6,-1,
19,P019,1,ft_jnd,FrameTimeStutter,34,0.13669,3.4590,2001.48,1051.97,0.000,0.000,2001.48,1051.97,-10.1129,7.0700,0.0000,-12.5967,0.0000,2.4838,Right,0,0,0,0,86.667,0,0.000,ft_jnd,FrameTimeStutter,1,0,1,0,1,1,0.25,0.25,1.5,100,-10,100,1,5,250,40,5,250,50,1,6,11,0,0.06,4,0.05,50,8,4,2,2,100,144,5,5,300,1.05,1.05,6.0,2.0,10,6,6,-1,
19,P019,1,ft_jnd,FrameTimeStutter,35,0.14108,4.3851,2001.48,1051.97,0.000,0.000,2001.48,1051.97,-10.1129,7.0700,0.0000,-12.5967,0.0000,2.4838,Right,0,0,0,0,86.667,0,0.000,ft_jnd,FrameTimeStutter,1,0,1,0,1,1,0.25,0.25,1.5,100,-10,100,1,5,250,40,5,250,50,1,6,11,0,0.06,4,0.05,50,8,4,2,2,100,144,5,5,300,1.05,1.05,6.0,2.0,10,6,6,-1,
19,P019,1,ft_jnd,FrameTimeStutter,36,0.14539,4.3142,2001.48,1051.97,0.000,0.000,2001.48,1051.97,-10.1129,7.0700,0.0000,-12.5967,0.0000,2.4838,Right,0,0,0,0,86.667,0,0.000,ft_jnd,FrameTimeStutter,1,0,1,0,1,1,0.25,0.25,1.5,100,-10,100,1,5,250,40,5,250,50,1,6,11,0,0.06,4,0.05,50,8,4,2,2,100,144,5,5,300,1.05,1.05,6.0,2.0,10,6,6,-1,
19,P019,1,ft_jnd,FrameTimeStutter,37,0.14883,3.4329,2001.48,1051.97,0.000,0.000,2001.48,1051.97,-10.1129,7.0700,0.0000,-12.5967,0.0000,2.4838,Right,0,0,0,0,86.667,0,0.000,ft_jnd,FrameTimeStutter,1,0,1,0,1,1,0.25,0.25,1.5,100,-10,100,1,5,250,40,5,250,50,1,6,11,0,0.06,4,0.05,50,8,4,2,2,100,144,5,5,300,1.05,1.05,6.0,2.0,10,6,6,-1,
19,P019,1,ft_jnd,FrameTimeStutter,38,0.15364,4.8141,2001.48,1051.97,0.000,0.000,2001.48,1051.97,-10.1129,7.0700,0.0000,-12.5967,0.0000,2.4838,Right,0,0,0,0,86.667,0,0.000,ft_jnd,FrameTimeStutter,1,0,1,0,1,1,0.25,0.25,1.5,100,-10,100,1,5,250,40,5,250,50,1,6,11,0,0.06,4,0.05,50,8,4,2,2,100,144,5,5,300,1.05,1.05,6.0,2.0,10,6,6,-1,
19,P019,1,ft_jnd,FrameTimeStutter,39,0.15772,4.0826,2001.48,1051.97,0.000,0.000,2001.48,1051.97,-10.1129,7.0700,0.0000,-12.5967,0.0000,2.4838,Right,0,0,0,0,86.667,0,0.000,ft_jnd,FrameTimeStutter,1,0,1,0,1,1,0.25,0.25,1.5,100,-10,100,1,5,250,40,5,250,50,1,6,11,0,0.06,4,0.05,50,8,4,2,2,100,144,5,5,300,1.05,1.05,6.0,2.0,10,6,6,-1,
19,P019,1,ft_jnd,FrameTimeStutter,40,0.16223,4.5065,2001.48,1051.97,0.000,0.000,2001.48,1051.97,-10.1129,7.0700,0.0000,-12.5967,0.0000,2.4838,Right,0,0,0,0,86.667,0,0.000,ft_jnd,FrameTimeStutter,1,0,1,0,1,1,0.25,0.25,1.5,100,-10,100,1,5,250,40,5,250,50,1,6,11,0,0.06,4,0.05,50,8,4,2,2,100,144,5,5,300,1.05,1.05,6.0,2.0,10,6,6,-1,
19,P019,1,ft_jnd,FrameTimeStutter,41,0.16675,4.5241,2001.48,1051.97,0.000,0.000,2001.48,1051.97,-10.1129,7.0700,0.0000,-12.5967,0.0000,2.4838,Right,0,0,0,0,86.667,0,0.000,ft_jnd,FrameTimeStutter,1,0,1,0,1,1,0.25,0.25,1.5,100,-10,100,1,5,250,40,5,250,50,1,6,11,0,0.06,4,0.05,50,8,4,2,2,100,144,5,5,300,1.05,1.05,6.0,2.0,10,6,6,-1,
19,P019,1,ft_jnd,FrameTimeStutter,42,0.16970,2.9460,2001.48,1051.97,0.000,0.000,2001.48,1051.97,-10.1129,7.0700,0.0000,-12.5967,0.0000,2.4838,Right,0,0,0,0,86.667,0,0.000,ft_jnd,FrameTimeStutter,1,0,1,0,1,1,0.25,0.25,1.5,100,-10,100,1,5,250,40,5,250,50,1,6,11,0,0.06,4,0.05,50,8,4,2,2,100,144,5,5,300,1.05,1.05,6.0,2.0,10,6,6,-1,
19,P019,1,ft_jnd,FrameTimeStutter,43,0.17461,4.9129,2001.48,1051.97,0.000,0.000,2001.48,1051.97,-10.1129,7.0700,0.0000,-12.5967,0.0000,2.4838,Right,0,0,0,0,86.667,0,0.000,ft_jnd,FrameTimeStutter,1,0,1,0,1,1,0.25,0.25,1.5,100,-10,100,1,5,250,40,5,250,50,1,6,11,0,0.06,4,0.05,50,8,4,2,2,100,144,5,5,300,1.05,1.05,6.0,2.0,10,6,6,-1,
19,P019,1,ft_jnd,FrameTimeStutter,44,0.17788,3.2683,2001.48,1051.97,0.000,0.000,2001.48,1051.97,-10.1129,7.0700,0.0000,-12.5967,0.0000,2.4838,Right,0,0,0,0,86.667,0,0.000,ft_jnd,FrameTimeStutter,1,0,1,0,1,1,0.25,0.25,1.5,100,-10,100,1,5,250,40,5,250,50,1,6,11,0,0.06,4,0.05,50,8,4,2,2,100,144,5,5,300,1.05,1.05,6.0,2.0,10,6,6,-1,
19,P019,1,ft_jnd,FrameTimeStutter,45,0.18187,3.9918,2001.48,1051.97,0.000,0.000,2001.48,1051.97,-10.1129,7.0700,0.0000,-12.5967,0.0000,2.4838,Right,0,0,0,0,86.667,0,0.000,ft_jnd,FrameTimeStutter,1,0,1,0,1,1,0.25,0.25,1.5,100,-10,100,1,5,250,40,5,250,50,1,6,11,0,0.06,4,0.05,50,8,4,2,2,100,144,5,5,300,1.05,1.05,6.0,2.0,10,6,6,-1,
19,P019,1,ft_jnd,FrameTimeStutter,46,0.18635,4.4768,2001.48,1051.97,0.000,0.000,2001.48,1051.97,-10.1129,7.0700,0.0000,-12.5967,0.0000,2.4838,Right,0,0,0,0,86.667,0,0.000,ft_jnd,FrameTimeStutter,1,0,1,0,1,1,0.25,0.25,1.5,100,-10,100,1,5,250,40,5,250,50,1,6,11,0,0.06,4,0.05,50,8,4,2,2,100,144,5,5,300,1.05,1.05,6.0,2.0,10,6,6,-1,
19,P019,1,ft_jnd,FrameTimeStutter,47,0.18962,3.2725,2001.48,1051.97,0.000,0.000,2001.48,1051.97,-10.1129,7.0700,0.0000,-12.5967,0.0000,2.4838,Right,0,0,0,0,86.667,0,0.000,ft_jnd,FrameTimeStutter,1,0,1,0,1,1,0.25,0.25,1.5,100,-10,100,1,5,250,40,5,250,50,1,6,11,0,0.06,4,0.05,50,8,4,2,2,100,144,5,5,300,1.05,1.05,6.0,2.0,10,6,6,-1,
19,P019,1,ft_jnd,FrameTimeStutter,48,0.19396,4.3417,2001.48,1051.97,0.000,0.000,2001.48,1051.97,-10.1129,7.0700,0.0000,-12.5967,0.0000,2.4838,Right,0,0,0,0,86.667,0,0.000,ft_jnd,FrameTimeStutter,1,0,1,0,1,1,0.25,0.25,1.5,100,-10,100,1,5,250,40,5,250,50,1,6,11,0,0.06,4,0.05,50,8,4,2,2,100,144,5,5,300,1.05,1.05,6.0,2.0,10,6,6,-1,
19,P019,1,ft_jnd,FrameTimeStutter,49,0.19849,4.5218,2001.48,1051.97,0.000,0.000,2001.48,1051.97,-10.1129,7.0700,0.0000,-12.5967,0.0000,2.4838,Right,0,0,0,0,86.667,0,0.000,ft_jnd,FrameTimeStutter,1,0,1,0,1,1,0.25,0.25,1.5,100,-10,100,1,5,250,40,5,250,50,1,6,11,0,0.06,4,0.05,50,8,4,2,2,100,144,5,5,300,1.05,1.05,6.0,2.0,10,6,6,-1,
19,P019,1,ft_jnd,FrameTimeStutter,50,0.20167,3.1824,2001.48,1051.97,0.000,0.000,2001.48,1051.97,-10.1129,7.0700,0.0000,-12.5967,0.0000,2.4838,Right,0,0,0,0,86.667,0,0.000,ft_jnd,FrameTimeStutter,1,0,1,0,1,1,0.25,0.25,1.5,100,-10,100,1,5,250,40,5,250,50,1,6,11,0,0.06,4,0.05,50,8,4,2,2,100,144,5,5,300,1.05,1.05,6.0,2.0,10,6,6,-1,
19,P019,1,ft_jnd,FrameTimeStutter,51,0.20677,5.0998,2001.48,1051.97,0.000,0.000,2001.48,1051.97,-10.1129,7.0700,0.0000,-12.5967,0.0000,2.4838,Right,0,0,0,0,86.667,0,0.000,ft_jnd,FrameTimeStutter,1,0,1,0,1,1,0.25,0.25,1.5,100,-10,100,1,5,250,40,5,250,50,1,6,11,0,0.06,4,0.05,50,8,4,2,2,100,144,5,5,300,1.05,1.05,6.0,2.0,10,6,6,-1,
19,P019,1,ft_jnd,FrameTimeStutter,52,0.21124,4.4679,2001.48,1051.97,0.000,0.000,2001.48,1051.97,-10.1129,7.0700,0.0000,-12.5967,0.0000,2.4838,Right,0,0,0,0,86.667,0,0.000,ft_jnd,FrameTimeStutter,1,0,1,0,1,1,0.25,0.25,1.5,100,-10,100,1,5,250,40,5,250,50,1,6,11,0,0.06,4,0.05,50,8,4,2,2,100,144,5,5,300,1.05,1.05,6.0,2.0,10,6,6,-1,
19,P019,1,ft_jnd,FrameTimeStutter,53,0.21563,4.3949,2001.48,1051.97,0.000,0.000,2001.48,1051.97,-10.1129,7.0700,0.0000,-12.5967,0.0000,2.4838,Right,0,0,0,0,86.667,0,0.000,ft_jnd,FrameTimeStutter,1,0,1,0,1,1,0.25,0.25,1.5,100,-10,100,1,5,250,40,5,250,50,1,6,11,0,0.06,4,0.05,50,8,4,2,2,100,144,5,5,300,1.05,1.05,6.0,2.0,10,6,6,-1,
19,P019,1,ft_jnd,FrameTimeStutter,54,0.21967,4.0344,2001.48,1051.97,0.000,0.000,2001.48,1051.97,-10.1129,7.0700,0.0000,-12.5967,0.0000,2.4838,Right,0,0,0,0,86.667,0,0.000,ft_jnd,FrameTimeStutter,1,0,1,0,1,1,0.25,0.25,1.5,100,-10,100,1,5,250,40,5,250,50,1,6,11,0,0.06,4,0.05,50,8,4,2,2,100,144,5,5,300,1.05,1.05,6.0,2.0,10,6,6,-1,
19,P019,1,ft_jnd,FrameTimeStutter,55,0.22410,4.4324,2001.48,1051.97,0.000,0.000,2001.48,1051.97,-10.1129,7.0700,0.0000,-12.5967,0.0000,2.4838,Right,0,0,0,0,86.667,0,0.000,ft_jnd,FrameTimeStutter,1,0,1,0,1,1,0.25,0.25,1.5,100,-10,100,1,5,250,40,5,250,50,1,6,11,0,0.06,4,0.05,50,8,4,2,2,100,144,5,5,300,1.05,1.05,6.0,2.0,10,6,6,-1,
19,P019,1,ft_jnd,FrameTimeStutter,56,0.22844,4.3405,2001.48,1051.97,0.000,0.000,2001.48,1051.97,-10.1129,7.0700,0.0000,-12.5967,0.0000,2.4838,Right,0,0,0,0,86.667,0,0.000,ft_jnd,FrameTimeStutter,1,0,1,0,1,1,0.25,0.25,1.5,100,-10,100,1,5,250,40,5,250,50,1,6,11,0,0.06,4,0.05,50,8,4,2,2,100,144,5,5,300,1.05,1.05,6.0,2.0,10,6,6,-1,
19,P019,1,ft_jnd,FrameTimeStutter,57,0.23140,2.9655,2001.48,1051.97,0.000,0.000,2001.48,1051.97,-10.1129,7.0700,0.0000,-12.5967,0.0000,2.4838,Right,0,0,0,0,86.667,0,0.000,ft_jnd,FrameTimeStutter,1,0,1,0,1,1,0.25,0.25,1.5,100,-10,100,1,5,250,40,5,250,50,1,6,11,0,0.06,4,0.05,50,8,4,2,2,100,144,5,5,300,1.05,1.05,6.0,2.0,10,6,6,-1,
19,P019,1,ft_jnd,FrameTimeStutter,58,0.23506,3.6545,2001.48,1051.97,0.000,0.000,2001.48,1051.97,-10.1129,7.0700,0.0000,-12.5967,0.0000,2.4838,Right,0,0,0,0,86.667,0,0.000,ft_jnd,FrameTimeStutter,1,0,1,0,1,1,0.25,0.25,1.5,100,-10,100,1,5,250,40,5,250,50,1,6,11,0,0.06,4,0.05,50,8,4,2,2,100,144,5,5,300,1.05,1.05,6.0,2.0,10,6,6,-1,
19,P019,1,ft_jnd,FrameTimeStutter,59,0.23828,3.2263,2001.48,1051.97,0.000,0.000,2001.48,1051.97,-10.1129,7.0700,0.0000,-12.5967,0.0000,2.4838,Right,0,0,0,0,86.667,0,0.000,ft_jnd,FrameTimeStutter,1,0,1,0,1,1,0.25,0.25,1.5,100,-10,100,1,5,250,40,5,250,50,1,6,11,0,0.06,4,0.05,50,8,4,2,2,100,144,5,5,300,1.05,1.05,6.0,2.0,10,6,6,-1,
19,P019,1,ft_jnd,FrameTimeStutter,60,0.24152,3.2347,2001.48,1051.97,0.000,0.000,2001.48,1051.97,-10.1129,7.0700,0.0000,-12.5967,0.0000,2.4838,Right,0,0,0,0,86.667,0,0.000,ft_jnd,FrameTimeStutter,1,0,1,0,1,1,0.25,0.25,1.5,100,-10,100,1,5,250,40,5,250,50,1,6,11,0,0.06,4,0.05,50,8,4,2,2,100,144,5,5,300,1.05,1.05,6.0,2.0,10,6,6,-1,
19,P019,1,ft_jnd,FrameTimeStutter,61,0.24700,5.4804,2001.48,1051.97,0.000,0.000,2001.48,1051.97,-10.1129,7.0700,0.0000,-12.5967,0.0000,2.4838,Right,0,0,0,0,86.667,0,0.000,ft_jnd,FrameTimeStutter,1,0,1,0,1,1,0.25,0.25,1.5,100,-10,100,1,5,250,40,5,250,50,1,6,11,0,0.06,4,0.05,50,8,4,2,2,100,144,5,5,300,1.05,1.05,6.0,2.0,10,6,6,-1,
19,P019,1,ft_jnd,FrameTimeStutter,62,0.25153,4.5341,2001.48,1051.97,0.000,0.000,2001.48,1051.97,-10.1129,7.0700,0.0000,-12.5967,0.0000,2.4838,Right,0,0,0,0,86.667,0,0.000,ft_jnd,FrameTimeStutter,1,0,1,0,1,1,0.25,0.25,1.5,100,-10,100,1,5,250,40,5,250,50,1,6,11,0,0.06,4,0.05,50,8,4,2,2,100,144,5,5,300,1.05,1.05,6.0,2.0,10,6,6,-1,
19,P019,1,ft_jnd,FrameTimeStutter,63,0.25572,4.1866,2001.48,1051.97,0.000,0.000,2001.48,1051.97,-10.1129,7.0700,0.0000,-12.5967,0.0000,2.4838,Right,0,0,0,0,86.667,0,0.000,ft_jnd,FrameTimeStutter,1,0,1,0,1,1,0.25,0.25,1.5,100,-10,100,1,5,250,40,5,250,50,1,6,11,0,0.06,4,0.05,50,8,4,2,2,100,144,5,5,300,1.05,1.05,6.0,2.0,10,6,6,-1,
19,P019,1,ft_jnd,FrameTimeStutter,64,0.26028,4.5605,2001.48,1051.97,0.000,0.000,2001.48,1051.97,-10.1129,7.0700,0.0000,-12.5967,0.0000,2.4838,Right,0,0,0,0,86.667,0,0.000,ft_jnd,FrameTimeStutter,1,0,1,0,1,1,0.25,0.25,1.5,100,-10,100,1,5,250,40,5,250,50,1,6,11,0,0.06,4,0.05,50,8,4,2,2,100,144,5,5,300,1.05,1.05,6.0,2.0,10,6,6,-1,
19,P019,1,ft_jnd,FrameTimeStutter,65,0.26365,3.3689,2001.48,1051.97,0.000,0.000,2001.48,1051.97,-10.1129,7.0700,0.0000,-12.5967,0.0000,2.4838,Right,0,0,0,0,86.667,0,0.000,ft_jnd,FrameTimeStutter,1,0,1,0,1,1,0.25,0.25,1.5,100,-10,100,1,5,250,40,5,250,50,1,6,11,0,0.06,4,0.05,50,8,4,2,2,100,144,5,5,300,1.05,1.05,6.0,2.0,10,6,6,-1,
19,P019,1,ft_jnd,FrameTimeStutter,66,0.26803,4.3813,2001.48,1051.97,0.000,0.000,2001.48,1051.97,-10.1129,7.0700,0.0000,-12.5967,0.0000,2.4838,Right,0,0,0,0,86.667,0,0.000,ft_jnd,FrameTimeStutter,1,0,1,0,1,1,0.25,0.25,1.5,100,-10,100,1,5,250,40,5,250,50,1,6,11,0,0.06,4,0.05,50,8,4,2,2,100,144,5,5,300,1.05,1.05,6.0,2.0,10,6,6,-1,
19,P019,1,ft_jnd,FrameTimeStutter,67,0.27148,3.4527,2001.48,1051.97,0.000,0.000,2001.48,1051.97,-10.1129,7.0700,0.0000,-12.5967,0.0000,2.4838,Right,0,0,0,0,86.667,0,0.000,ft_jnd,FrameTimeStutter,1,0,1,0,1,1,0.25,0.25,1.5,100,-10,100,1,5,250,40,5,250,50,1,6,11,0,0.06,4,0.05,50,8,4,2,2,100,144,5,5,300,1.05,1.05,6.0,2.0,10,6,6,-1,
19,P019,1,ft_jnd,FrameTimeStutter,68,0.27497,3.4842,2001.48,1051.97,0.000,0.000,2001.48,1051.97,-10.1129,7.0700,0.0000,-12.5967,0.0000,2.4838,Right,0,0,0,0,86.667,0,0.000,ft_jnd,FrameTimeStutter,1,0,1,0,1,1,0.25,0.25,1.5,100,-10,100,1,5,250,40,5,250,50,1,6,11,0,0.06,4,0.05,50,8,4,2,2,100,144,5,5,300,1.05,1.05,6.0,2.0,10,6,6,-1,
19,P019,1,ft_jnd,FrameTimeStutter,69,0.27939,4.4252,2001.48,1051.97,0.000,0.000,2001.48,1051.97,-10.1129,7.0700,0.0000,-12.5967,0.0000,2.4838,Right,0,0,0,0,86.667,0,0.000,ft_jnd,FrameTimeStutter,1,0,1,0,1,1,0.25,0.25,1.5,100,-10,100,1,5,250,40,5,250,50,1,6,11,0,0.06,4,0.05,50,8,4,2,2,100,144,5,5,300,1.05,1.05,6.0,2.0,10,6,6,-1,
19,P019,1,ft_jnd,FrameTimeStutter,70,0.28392,4.5289,2001.48,1051.97,0.000,0.000,2001.48,1051.97,-10.1129,7.0700,0.0000,-12.5967,0.0000,2.4838,Right,0,0,0,0,86.667,0,0.000,ft_jnd,FrameTimeStutter,1,0,1,0,1,1,0.25,0.25,1.5,100,-10,100,1,5,250,40,5,250,50,1,6,11,0,0.06,4,0.05,50,8,4,2,2,100,144,5,5,300,1.05,1.05,6.0,2.0,10,6,6,-1,
19,P019,1,ft_jnd,FrameTimeStutter,71,0.28847,4.5442,2001.48,1051.97,0.000,0.000,2001.48,1051.97,-10.1129,7.0700,0.0000,-12.5967,0.0000,2.4838,Right,0,0,0,0,86.667,0,0.000,ft_jnd,FrameTimeStutter,1,0,1,0,1,1,0.25,0.25,1.5,100,-10,100,1,5,250,40,5,250,50,1,6,11,0,0.06,4,0.05,50,8,4,2,2,100,144,5,5,300,1.05,1.05,6.0,2.0,10,6,6,-1,
19,P019,1,ft_jnd,FrameTimeStutter,72,0.29281,4.3478,2001.48,1051.97,0.000,0.000,2001.48,1051.97,-10.1129,7.0700,0.0000,-12.5967,0.0000,2.4838,Right,0,0,0,0,86.667,0,0.000,ft_jnd,FrameTimeStutter,1,0,1,0,1,1,0.25,0.25,1.5,100,-10,100,1,5,250,40,5,250,50,1,6,11,0,0.06,4,0.05,50,8,4,2,2,100,144,5,5,300,1.05,1.05,6.0,2.0,10,6,6,-1,
19,P019,1,ft_jnd,FrameTimeStutter,73,0.29706,4.2508,2001.48,1051.97,0.000,0.000,2001.48,1051.97,-10.1129,7.0700,0.0000,-12.5967,0.0000,2.4838,Right,0,0,0,0,86.667,0,0.000,ft_jnd,FrameTimeStutter,1,0,1,0,1,1,0.25,0.25,1.5,100,-10,100,1,5,250,40,5,250,50,1,6,11,0,0.06,4,0.05,50,8,4,2,2,100,144,5,5,300,1.05,1.05,6.0,2.0,10,6,6,-1,
19,P019,1,ft_jnd,FrameTimeStutter,74,0.30159,4.5278,2001.48,1051.97,0.000,0.000,2001.48,1051.97,-10.1129,7.0700,0.0000,-12.5967,0.0000,2.4838,Right,0,0,0,0,86.667,0,0.000,ft_jnd,FrameTimeStutter,1,0,1,0,1,1,0.25,0.25,1.5,100,-10,100,1,5,250,40,5,250,50,1,6,11,0,0.06,4,0.05,50,8,4,2,2,100,144,5,5,300,1.05,1.05,6.0,2.0,10,6,6,-1,
19,P019,1,ft_jnd,FrameTimeStutter,75,0.30489,3.2963,2001.48,1051.97,0.000,0.000,2001.48,1051.97,-10.1129,7.0700,0.0000,-12.5967,0.0000,2.4838,Right,0,0,0,0,86.667,0,0.000,ft_jnd,FrameTimeStutter,1,0,1,0,1,1,0.25,0.25,1.5,100,-10,100,1,5,250,40,5,250,50,1,6,11,0,0.06,4,0.05,50,8,4,2,2,100,144,5,5,300,1.05,1.05,6.0,2.0,10,6,6,-1,
19,P019,1,ft_jnd,FrameTimeStutter,76,0.30869,3.7984,2001.48,1051.97,0.000,0.000,2001.48,1051.97,-10.1129,7.0700,0.0000,-12.5967,0.0000,2.4838,Right,0,0,0,0,86.667,0,0.000,ft_jnd,FrameTimeStutter,1,0,1,0,1,1,0.25,0.25,1.5,100,-10,100,1,5,250,40,5,250,50,1,6,11,0,0.06,4,0.05,50,8,4,2,2,100,144,5,5,300,1.05,1.05,6.0,2.0,10,6,6,-1,
19,P019,1,ft_jnd,FrameTimeStutter,77,0.31318,4.4918,2001.48,1051.97,0.000,0.000,2001.48,1051.97,-10.1129,7.0700,0.0000,-12.5967,0.0000,2.4838,Right,0,0,0,0,86.667,0,0.000,ft_jnd,FrameTimeStutter,1,0,1,0,1,1,0.25,0.25,1.5,100,-10,100,1,5,250,40,5,250,50,1,6,11,0,0.06,4,0.05,50,8,4,2,2,100,144,5,5,300,1.05,1.05,6.0,2.0,10,6,6,-1,
19,P019,1,ft_jnd,FrameTimeStutter,78,0.31770,4.5171,2001.48,1051.97,0.000,0.000,2001.48,1051.97,-10.1129,7.0700,0.0000,-12.5967,0.0000,2.4838,Right,0,0,0,0,86.667,0,0.000,ft_jnd,FrameTimeStutter,1,0,1,0,1,1,0.25,0.25,1.5,100,-10,100,1,5,250,40,5,250,50,1,6,11,0,0.06,4,0.05,50,8,4,2,2,100,144,5,5,300,1.05,1.05,6.0,2.0,10,6,6,-1,
19,P019,1,ft_jnd,FrameTimeStutter,79,0.32177,4.0768,2001.48,1051.97,0.000,0.000,2001.48,1051.97,-10.1129,7.0700,0.0000,-12.5967,0.0000,2.4838,Right,0,0,0,0,86.667,0,0.000,ft_jnd,FrameTimeStutter,1,0,1,0,1,1,0.25,0.25,1.5,100,-10,100,1,5,250,40,5,250,50,1,6,11,0,0.06,4,0.05,50,8,4,2,2,100,144,5,5,300,1.05,1.05,6.0,2.0,10,6,6,-1,
19,P019,1,ft_jnd,FrameTimeStutter,80,0.32625,4.4809,2001.48,1051.97,0.000,0.000,2001.48,1051.97,-10.1129,7.0700,0.0000,-12.5967,0.0000,2.4838,Right,0,0,0,0,86.667,0,0.000,ft_jnd,FrameTimeStutter,1,0,1,0,1,1,0.25,0.25,1.5,100,-10,100,1,5,250,40,5,250,50,1,6,11,0,0.06,4,0.05,50,8,4,2,2,100,144,5,5,300,1.05,1.05,6.0,2.0,10,6,6,-1,
19,P019,1,ft_jnd,FrameTimeStutter,81,0.33064,4.3827,2001.48,1051.97,0.000,0.000,2001.48,1051.97,-10.1129,7.0700,0.0000,-12.5967,0.0000,2.4838,Right,0,0,0,0,86.667,0,0.000,ft_jnd,FrameTimeStutter,1,0,1,0,1,1,0.25,0.25,1.5,100,-10,100,1,5,250,40,5,250,50,1,6,11,0,0.06,4,0.05,50,8,4,2,2,100,144,5,5,300,1.05,1.05,6.0,2.0,10,6,6,-1,
19,P019,1,ft_jnd,FrameTimeStutter,82,0.33367,3.0351,2001.48,1051.97,0.000,0.000,2001.48,1051.97,-10.1129,7.0700,0.0000,-12.5967,0.0000,2.4838,Right,0,0,0,0,86.667,0,0.000,ft_jnd,FrameTimeStutter,1,0,1,0,1,1,0.25,0.25,1.5,100,-10,100,1,5,250,40,5,250,50,1,6,11,0,0.06,4,0.05,50,8,4,2,2,100,144,5,5,300,1.05,1.05,6.0,2.0,10,6,6,-1,
19,P019,1,ft_jnd,FrameTimeStutter,83,0.33779,4.1210,2001.48,1051.97,0.000,0.000,2001.48,1051.97,-10.1129,7.0700,0.0000,-12.5967,0.0000,2.4838,Right,0,0,0,0,86.667,0,0.000,ft_jnd,FrameTimeStutter,1,0,1,0,1,1,0.25,0.25,1.5,100,-10,100,1,5,250,40,5,250,50,1,6,11,0,0.06,4,0.05,50,8,4,2,2,100,144,5,5,300,1.05,1.05,6.0,2.0,10,6,6,-1,
19,P019,1,ft_jnd,FrameTimeStutter,84,0.34214,4.3478,2001.48,1051.97,0.000,0.000,2001.48,1051.97,-10.1129,7.0700,0.0000,-12.5967,0.0000,2.4838,Right,0,0,0,0,86.667,0,0.000,ft_jnd,FrameTimeStutter,1,0,1,0,1,1,0.25,0.25,1.5,100,-10,100,1,5,250,40,5,250,50,1,6,11,0,0.06,4,0.05,50,8,4,2,2,100,144,5,5,300,1.05,1.05,6.0,2.0,10,6,6,-1,
19,P019,1,ft_jnd,FrameTimeStutter,85,0.34612,3.9803,2001.48,1051.97,0.000,0.000,2001.48,1051.97,-10.1129,7.0700,0.0000,-12.5967,0.0000,2.4838,Right,0,0,0,0,86.667,0,0.000,ft_jnd,FrameTimeStutter,1,0,1,0,1,1,0.25,0.25,1.5,100,-10,100,1,5,250,40,5,250,50,1,6,11,0,0.06,4,0.05,50,8,4,2,2,100,144,5,5,300,1.05,1.05,6.0,2.0,10,6,6,-1,
19,P019,1,ft_jnd,FrameTimeStutter,86,0.35050,4.3823,2001.48,1051.97,0.000,0.000,2001.48,1051.97,-10.1129,7.0700,0.0000,-12.5967,0.0000,2.4838,Right,0,0,0,0,86.667,0,0.000,ft_jnd,FrameTimeStutter,1,0,1,0,1,1,0.25,0.25,1.5,100,-10,100,1,5,250,40,5,250,50,1,6,11,0,0.06,4,0.05,50,8,4,2,2,100,144,5,5,300,1.05,1.05,6.0,2.0,10,6,6,-1,
19,P019,1,ft_jnd,FrameTimeStutter,87,0.35491,4.4083,2001.48,1051.97,0.000,0.000,2001.48,1051.97,-10.1129,7.0700,0.0000,-12.5967,0.0000,2.4838,Right,0,0,0,0,86.667,0,0.000,ft_jnd,FrameTimeStutter,1,0,1,0,1,1,0.25,0.25,1.5,100,-10,100,1,5,250,40,5,250,50,1,6,11,0,0.06,4,0.05,50,8,4,2,2,100,144,5,5,300,1.05,1.05,6.0,2.0,10,6,6,-1,
19,P019,1,ft_jnd,FrameTimeStutter,88,0.35892,4.0041,2001.48,1051.97,0.000,0.000,2001.48,1051.97,-10.1129,7.0700,0.0000,-12.5967,0.0000,2.4838,Right,0,0,0,0,86.667,0,0.000,ft_jnd,FrameTimeStutter,1,0,1,0,1,1,0.25,0.25,1.5,100,-10,100,1,5,250,40,5,250,50,1,6,11,0,0.06,4,0.05,50,8,4,2,2,100,144,5,5,300,1.05,1.05,6.0,2.0,10,6,6,-1,
19,P019,1,ft_jnd,FrameTimeStutter,89,0.36233,3.4190,2001.48,1051.97,0.000,0.000,2001.48,1051.97,-10.1129,7.0700,0.0000,-12.5967,0.0000,2.4838,Right,0,0,0,0,86.667,0,0.000,ft_jnd,FrameTimeStutter,1,0,1,0,1,1,0.25,0.25,1.5,100,-10,100,1,5,250,40,5,250,50,1,6,11,0,0.06,4,0.05,50,8,4,2,2,100,144,5,5,300,1.05,1.05,6.0,2.0,10,6,6,-1,
19,P019,1,ft_jnd,FrameTimeStutter,90,0.36577,3.4387,2001.48,1051.97,0.000,0.000,2001.48,1051.97,-10.1129,7.0700,0.0000,-12.5967,0.0000,2.4838,Right,0,0,0,0,86.667,0,0.000,ft_jnd,FrameTimeStutter,1,0,1,0,1,1,0.25,0.25,1.5,100,-10,100,1,5,250,40,5,250,50,1,6,11,0,0.06,4,0.05,50,8,4,2,2,100,144,5,5,300,1.05,1.05,6.0,2.0,10,6,6,-1,
19,P019,1,ft_jnd,FrameTimeStutter,91,0.36905,3.2741,2001.48,1051.97,0.000,0.000,2001.48,1051.97,-10.1129,7.0700,0.0000,-12.5967,0.0000,2.4838,Right,0,0,0,0,86.667,0,0.000,ft_jnd,FrameTimeStutter,1,0,1,0,1,1,0.25,0.25,1.5,100,-10,100,1,5,250,40,5,250,50,1,6,11,0,0.06,4,0.05,50,8,4,2,2,100,144,5,5,300,1.05,1.05,6.0,2.0,10,6,6,-1,
19,P019,1,ft_jnd,FrameTimeStutter,92,0.37251,3.4662,2001.48,1051.97,0.000,0.000,2001.48,1051.97,-10.1129,7.0700,0.0000,-12.5967,0.0000,2.4838,Right,0,0,0,0,86.667,0,0.000,ft_jnd,FrameTimeStutter,1,0,1,0,1,1,0.25,0.25,1.5,100,-10,100,1,5,250,40,5,250,50,1,6,11,0,0.06,4,0.05,50,8,4,2,2,100,144,5,5,300,1.05,1.05,6.0,2.0,10,6,6,-1,
19,P019,1,ft_jnd,FrameTimeStutter,93,0.37550,2.9814,2001.48,1051.97,0.000,0.000,2001.48,1051.97,-10.1129,7.0700,0.0000,-12.5967,0.0000,2.4838,Right,0,0,0,0,86.667,0,0.000,ft_jnd,FrameTimeStutter,1,0,1,0,1,1,0.25,0.25,1.5,100,-10,100,1,5,250,40,5,250,50,1,6,11,0,0.06,4,0.05,50,8,4,2,2,100,144,5,5,300,1.05,1.05,6.0,2.0,10,6,6,-1,
19,P019,1,ft_jnd,FrameTimeStutter,94,0.38026,4.7606,2001.48,1051.97,0.000,0.000,2001.48,1051.97,-10.1129,7.0700,0.0000,-12.5967,0.0000,2.4838,Right,0,0,0,0,86.667,0,0.000,ft_jnd,FrameTimeStutter,1,0,1,0,1,1,0.25,0.25,1.5,100,-10,100,1,5,250,40,5,250,50,1,6,11,0,0.06,4,0.05,50,8,4,2,2,100,144,5,5,300,1.05,1.05,6.0,2.0,10,6,6,-1,
19,P019,1,ft_jnd,FrameTimeStutter,95,0.38477,4.5187,2001.48,1051.97,0.000,0.000,2001.48,1051.97,-10.1129,7.0700,0.0000,-12.5967,0.0000,2.4838,Right,0,0,0,0,86.667,0,0.000,ft_jnd,FrameTimeStutter,1,0,1,0,1,1,0.25,0.25,1.5,100,-10,100,1,5,250,40,5,250,50,1,6,11,0,0.06,4,0.05,50,8,4,2,2,100,144,5,5,300,1.05,1.05,6.0,2.0,10,6,6,-1,
19,P019,1,ft_jnd,FrameTimeStutter,96,0.38874,3.9680,2001.48,1051.97,0.000,0.000,2001.48,1051.97,-10.1129,7.0700,0.0000,-12.5967,0.0000,2.4838,Right,0,0,0,0,86.667,0,0.000,ft_jnd,FrameTimeStutter,1,0,1,0,1,1,0.25,0.25,1.5,100,-10,100,1,5,250,40,5,250,50,1,6,11,0,0.06,4,0.05,50,8,4,2,2,100,144,5,5,300,1.05,1.05,6.0,2.0,10,6,6,-1,
19,P019,1,ft_jnd,FrameTimeStutter,97,0.39313,4.3873,2001.48,1051.97,0.000,0.000,2001.48,1051.97,-10.1129,7.0700,0.0000,-12.5967,0.0000,2.4838,Right,0,0,0,0,86.667,0,0.000,ft_jnd,FrameTimeStutter,1,0,1,0,1,1,0.25,0.25,1.5,100,-10,100,1,5,250,40,5,250,50,1,6,11,0,0.06,4,0.05,50,8,4,2,2,100,144,5,5,300,1.05,1.05,6.0,2.0,10,6,6,-1,
19,P019,1,ft_jnd,FrameTimeStutter,98,0.39655,3.4205,2001.48,1051.97,0.000,0.000,2001.48,1051.97,-10.1129,7.0700,0.0000,-12.5967,0.0000,2.4838,Right,0,0,0,0,86.667,0,0.000,ft_jnd,FrameTimeStutter,1,0,1,0,1,1,0.25,0.25,1.5,100,-10,100,1,5,250,40,5,250,50,1,6,11,0,0.06,4,0.05,50,8,4,2,2,100,144,5,5,300,1.05,1.05,6.0,2.0,10,6,6,-1,
19,P019,1,ft_jnd,FrameTimeStutter,99,0.40096,4.4140,2001.48,1051.97,0.000,0.000,2001.48,1051.97,-10.1129,7.0700,0.0000,-12.5967,0.0000,2.4838,Right,0,0,0,0,86.667,0,0.000,ft_jnd,FrameTimeStutter,1,0,1,0,1,1,0.25,0.25,1.5,100,-10,100,1,5,250,40,5,250,50,1,6,11,0,0.06,4,0.05,50,8,4,2,2,100,144,5,5,300,1.05,1.05,6.0,2.0,10,6,6,-1,
19,P019,1,ft_jnd,FrameTimeStutter,100,0.40440,3.4385,2001.48,1051.97,0.000,0.000,2001.48,1051.97,-10.1129,7.0700,0.0000,-12.5967,0.0000,2.4838,Right,0,0,0,0,86.667,0,0.000,ft_jnd,FrameTimeStutter,1,0,1,0,1,1,0.25,0.25,1.5,100,-10,100,1,5,250,40,5,250,50,1,6,11,0,0.06,4,0.05,50,8,4,2,2,100,144,5,5,300,1.05,1.05,6.0,2.0,10,6,6,-1,
19,P019,1,ft_jnd,FrameTimeStutter,101,0.40771,3.3080,2001.48,1051.97,0.000,0.000,2001.48,1051.97,-10.1129,7.0700,0.0000,-12.5967,0.0000,2.4838,Right,0,0,0,0,86.667,0,0.000,ft_jnd,FrameTimeStutter,1,0,1,0,1,1,0.25,0.25,1.5,100,-10,100,1,5,250,40,5,250,50,1,6,11,0,0.06,4,0.05,50,8,4,2,2,100,144,5,5,300,1.05,1.05,6.0,2.0,10,6,6,-1,
19,P019,1,ft_jnd,FrameTimeStutter,102,0.41214,4.4296,2001.48,1051.97,0.000,0.000,2001.48,1051.97,-10.1129,7.0700,0.0000,-12.5967,0.0000,2.4838,Right,0,0,0,0,86.667,0,0.000,ft_jnd,FrameTimeStutter,1,0,1,0,1,1,0.25,0.25,1.5,100,-10,100,1,5,250,40,5,250,50,1,6,11,0,0.06,4,0.05,50,8,4,2,2,100,144,5,5,300,1.05,1.05,6.0,2.0,10,6,6,-1,
19,P019,1,ft_jnd,FrameTimeStutter,103,0.41668,4.5401,2002.95,1051.97,1.000,0.000,2002.95,1051.97,-10.0859,7.0700,0.0000,-12.5967,0.0000,2.4838,Right,0,0,0,0,86.667,0,0.000,ft_jnd,FrameTimeStutter,1,0,1,0,1,1,0.25,0.25,1.5,100,-10,100,1,5,250,40,5,250,50,1,6,11,0,0.06,4,0.05,50,8,4,2,2,100,144,5,5,300,1.05,1.05,6.0,2.0,10,6,6,-1,
19,P019,1,ft_jnd,FrameTimeStutter,104,0.42123,4.5524,2002.95,1051.97,0.000,0.000,2002.95,1051.97,-10.0859,7.0700,0.0000,-12.5967,0.0000,2.5108,Right,0,0,0,0,86.667,0,0.000,ft_jnd,FrameTimeStutter,1,0,1,0,1,1,0.25,0.25,1.5,100,-10,100,1,5,250,40,5,250,50,1,6,11,0,0.06,4,0.05,50,8,4,2,2,100,144,5,5,300,1.05,1.05,6.0,2.0,10,6,6,-1,
19,P019,1,ft_jnd,FrameTimeStutter,105,0.43625,15.0150,2014.75,1054.92,8.000,2.000,2014.75,1054.92,-9.8701,7.1240,0.0000,-12.5967,0.0000,2.5108,Right,0,0,0,0,86.667,0,0.000,ft_jnd,FrameTimeStutter,1,0,1,0,1,1,0.25,0.25,1.5,100,-10,100,1,5,250,40,5,250,50,1,6,11,0,0.06,4,0.05,50,8,4,2,2,100,144,5,5,300,1.05,1.05,6.0,2.0,10,6,6,-1,
19,P019,1,ft_jnd,FrameTimeStutter,106,0.44427,8.0238,2028.03,1059.34,9.000,3.000,2028.03,1059.34,-9.6273,7.2049,0.0000,-12.5967,0.0000,2.7266,Right,0,0,0,0,86.667,0,0.000,ft_jnd,FrameTimeStutter,1,0,1,0,1,1,0.25,0.25,1.5,100,-10,100,1,5,250,40,5,250,50,1,6,11,0,0.06,4,0.05,50,8,4,2,2,100,144,5,5,300,1.05,1.05,6.0,2.0,10,6,6,-1,
19,P019,1,ft_jnd,FrameTimeStutter,107,0.46006,15.7850,2059.02,1069.67,21.000,7.000,2059.02,1069.67,-9.0607,7.3937,0.0000,-12.5967,0.0000,2.9694,Right,0,0,0,0,86.667,0,0.000,ft_jnd,FrameTimeStutter,1,0,1,0,1,1,0.25,0.25,1.5,100,-10,100,1,5,250,40,5,250,50,1,6,11,0,0.06,4,0.05,50,8,4,2,2,100,144,5,5,300,1.05,1.05,6.0,2.0,10,6,6,-1,
19,P019,1,ft_jnd,FrameTimeStutter,108,0.47620,16.1425,2113.61,1081.48,37.000,8.000,2113.61,1081.48,-8.0625,7.6096,0.0000,-12.5967,0.0000,3.5360,Right,0,0,0,0,86.667,0,0.000,ft_jnd,FrameTimeStutter,1,0,1,0,1,1,0.25,0.25,1.5,100,-10,100,1,5,250,40,5,250,50,1,6,11,0,0.06,4,0.05,50,8,4,2,2,100,144,5,5,300,1.05,1.05,6.0,2.0,10,6,6,-1,
19,P019,1,ft_jnd,FrameTimeStutter,109,0.49140,15.1960,2188.85,1096.23,51.000,10.000,2188.85,1096.23,-6.6867,7.8793,0.0000,-12.5967,0.0000,4.5341,Right,0,0,0,0,86.667,0,0.000,ft_jnd,FrameTimeStutter,1,0,1,0,1,1,0.25,0.25,1.5,100,-10,100,1,5,250,40,5,250,50,1,6,11,0,0.06,4,0.05,50,8,4,2,2,100,144,5,5,300,1.05,1.05,6.0,2.0,10,6,6,-1,
19,P019,1,ft_jnd,FrameTimeStutter,110,0.50612,14.7243,2284.75,1108.03,65.000,8.000,2284.75,1108.03,-4.9331,8.0952,0.0000,-12.5967,0.0000,5.9100,Right,0,0,0,0,86.667,0,0.000,ft_jnd,FrameTimeStutter,1,0,1,0,1,1,0.25,0.25,1.5,100,-10,100,1,5,250,40,5,250,50,1,6,11,0,0.06,4,0.05,50,8,4,2,2,100,144,5,5,300,1.05,1.05,6.0,2.0,10,6,6,-1,
19,P019,1,ft_jnd,FrameTimeStutter,111,0.52160,15.4803,2392.46,1116.89,73.000,6.000,2392.46,1116.89,-2.9637,8.2570,0.0000,-12.5967,0.0000,7.6636,Right,0,0,0,0,86.667,0,0.000,ft_jnd,FrameTimeStutter,1,0,1,0,1,1,0.25,0.25,1.5,100,-10,100,1,5,250,40,5,250,50,1,6,11,0,0.06,4,0.05,50,8,4,2,2,100,144,5,5,300,1.05,1.05,6.0,2.0,10,6,6,-1,
19,P019,1,ft_jnd,FrameTimeStutter,112,0.53612,14.5193,2497.21,1124.26,71.000,5.000,2497.21,1124.26,-1.0482,8.3919,0.0000,-12.5967,0.0000,9.6330,Right,0,0,0,0,86.667,0,0.000,ft_jnd,FrameTimeStutter,1,0,1,0,1,1,0.25,0.25,1.5,100,-10,100,1,5,250,40,5,250,50,1,6,11,0,0.06,4,0.05,50,8,4,2,2,100,144,5,5,300,1.05,1.05,6.0,2.0,10,6,6,-1,
19,P019,1,ft_jnd,FrameTimeStutter,113,0.55082,14.7019,2559.18,1128.69,64.000,3.000,2559.18,1128.69,0.0849,8.4728,0.0000,-12.5967,0.0000,11.5485,Right,0,0,0,0,86.667,0,0.000,ft_jnd,FrameTimeStutter,1,0,1,0,1,1,0.25,0.25,1.5,100,-10,100,1,5,250,40,5,250,50,1,6,11,0,0.06,4,0.05,50,8,4,2,2,100,144,5,5,300,1.05,1.05,6.0,2.0,10,6,6,-1,
19,P019,1,ft_jnd,FrameTimeStutter,114,0.56580,14.9809,2559.18,1133.12,59.000,3.000,2559.18,1133.12,0.0849,8.5538,0.0000,-12.5967,0.0000,12.6816,Right,0,0,0,0,86.667,0,0.000,ft_jnd,FrameTimeStutter,1,0,1,0,1,1,0.25,0.25,1.5,100,-10,100,1,5,250,40,5,250,50,1,6,11,0,0.06,4,0.05,50,8,4,2,2,100,144,5,5,300,1.05,1.05,6.0,2.0,10,6,6,-1,
19,P019,1,ft_jnd,FrameTimeStutter,115,0.58058,14.7789,2559.18,1134.59,28.000,1.000,2559.18,1134.59,0.0849,8.5808,0.0000,-12.5967,0.0000,12.6816,Right,0,0,0,0,86.667,0,0.000,ft_jnd,FrameTimeStutter,1,0,1,0,1,1,0.25,0.25,1.5,100,-10,100,1,5,250,40,5,250,50,1,6,11,0,0.06,4,0.05,50,8,4,2,2,100,144,5,5,300,1.05,1.05,6.0,2.0,10,6,6,-1,
19,P019,1,ft_jnd,FrameTimeStutter,116,0.59512,14.5434,2559.18,1137.54,56.000,2.000,2559.18,1137.54,0.0849,8.6347,0.0000,-12.5967,0.0000,12.6816,Right,0,0,0,0,86.667,0,0.000,ft_jnd,FrameTimeStutter,1,0,1,0,1,1,0.25,0.25,1.5,100,-10,100,1,5,250,40,5,250,50,1,6,11,0,0.06,4,0.05,50,8,4,2,2,100,144,5,5,300,1.05,1.05,6.0,2.0,10,6,6,-1,
19,P019,1,ft_jnd,FrameTimeStutter,117,0.61017,15.0494,2559.18,1141.97,49.000,3.000,2559.18,1141.97,0.0849,8.7156,0.0000,-12.5967,0.0000,12.6816,Right,0,0,0,0,86.667,0,0.000,ft_jnd,FrameTimeStutter,1,0,1,0,1,1,0.25,0.25,1.5,100,-10,100,1,5,250,40,5,250,50,1,6,11,0,0.06,4,0.05,50,8,4,2,2,100,144,5,5,300,1.05,1.05,6.0,2.0,10,6,6,-1,
19,P019,1,ft_jnd,FrameTimeStutter,118,0.62570,15.5316,2559.18,1143.44,43.000,1.000,2559.18,1143.44,0.0849,8.7426,0.0000,-12.5967,0.0000,12.6816,Right,0,0,0,0,86.667,0,0.000,ft_jnd,FrameTimeStutter,1,0,1,0,1,1,0.25,0.25,1.5,100,-10,100,1,5,250,40,5,250,50,1,6,11,0,0.06,4,0.05,50,8,4,2,2,100,144,5,5,300,1.05,1.05,6.0,2.0,10,6,6,-1,
19,P019,1,ft_jnd,FrameTimeStutter,119,0.64068,14.9742,2559.18,1146.39,40.000,2.000,2559.18,1146.39,0.0849,8.7966,0.0000,-12.5967,0.0000,12.6816,Right,0,0,0,0,86.667,0,0.000,ft_jnd,FrameTimeStutter,1,0,1,0,1,1,0.25,0.25,1.5,100,-10,100,1,5,250,40,5,250,50,1,6,11,0,0.06,4,0.05,50,8,4,2,2,100,144,5,5,300,1.05,1.05,6.0,2.0,10,6,6,-1,
19,P019,1,ft_jnd,FrameTimeStutter,120,0.65649,15.8079,2559.18,1149.34,35.000,2.000,2559.18,1149.34,0.0849,8.8505,0.0000,-12.5967,0.0000,12.6816,Right,0,0,0,0,86.667,0,0.000,ft_jnd,FrameTimeStutter,1,0,1,0,1,1,0.25,0.25,1.5,100,-10,100,1,5,250,40,5,250,50,1,6,11,0,0.06,4,0.05,50,8,4,2,2,100,144,5,5,300,1.05,1.05,6.0,2.0,10,6,6,-1,
19,P019,1,ft_jnd,FrameTimeStutter,121,0.67123,14.7397,2559.18,1150.82,36.000,1.000,2559.18,1150.82,0.0849,8.8775,0.0000,-12.5967,0.0000,12.6816,Right,0,0,0,0,86.667,0,0.000,ft_jnd,FrameTimeStutter,1,0,1,0,1,1,0.25,0.25,1.5,100,-10,100,1,5,250,40,5,250,50,1,6,11,0,0.06,4,0.05,50,8,4,2,2,100,144,5,5,300,1.05,1.05,6.0,2.0,10,6,6,-1,
19,P019,1,ft_jnd,FrameTimeStutter,122,0.68642,15.1938,2559.18,1152.30,53.000,1.000,2559.18,1152.30,0.0849,8.9045,0.0000,-12.5967,0.0000,12.6816,Right,0,0,0,0,86.667,0,0.000,ft_jnd,FrameTimeStutter,1,0,1,0,1,1,0.25,0.25,1.5,100,-10,100,1,5,250,40,5,250,50,1,6,11,0,0.06,4,0.05,50,8,4,2,2,100,144,5,5,300,1.05,1.05,6.0,2.0,10,6,6,-1,
19,P019,1,ft_jnd,FrameTimeStutter,123,0.70448,18.0574,2559.18,1152.30,65.000,0.000,2559.18,1152.30,0.0849,8.9045,0.0000,-12.5967,0.0000,12.6816,Right,0,0,0,0,86.667,0,0.000,ft_jnd,FrameTimeStutter,1,0,1,0,1,1,0.25,0.25,1.5,100,-10,100,1,5,250,40,5,250,50,1,6,11,0,0.06,4,0.05,50,8,4,2,2,100,144,5,5,300,1.05,1.05,6.0,2.0,10,6,6,-1,
19,P019,1,ft_jnd,FrameTimeStutter,124,0.71949,15.0160,2559.18,1152.30,70.000,0.000,2559.18,1152.30,0.0849,8.9045,0.0000,-12.5967,0.0000,12.6816,Right,0,0,0,0,86.667,0,0.000,ft_jnd,FrameTimeStutter,1,0,1,0,1,1,0.25,0.25,1.5,100,-10,100,1,5,250,40,5,250,50,1,6,11,0,0.06,4,0.05,50,8,4,2,2,100,144,5,5,300,1.05,1.05,6.0,2.0,10,6,6,-1,
19,P019,1,ft_jnd,FrameTimeStutter,125,0.72380,4.3016,2559.18,1152.30,0.000,0.000,2559.18,1152.30,0.0849,8.9045,0.0000,-12.5967,0.0000,12.6816,Right,0,0,0,0,86.667,0,0.000,ft_jnd,FrameTimeStutter,1,0,1,0,1,1,0.25,0.25,1.5,100,-10,100,1,5,250,40,5,250,50,1,6,11,0,0.06,4,0.05,50,8,4,2,2,100,144,5,5,300,1.05,1.05,6.0,2.0,10,6,6,-1,
19,P019,1,ft_jnd,FrameTimeStutter,126,0.72788,4.0837,2559.18,1150.82,37.000,-1.000,2559.18,1150.82,0.0849,8.8775,0.0000,-12.5967,0.0000,12.6816,Right,0,0,0,0,86.667,0,0.000,ft_jnd,FrameTimeStutter,1,0,1,0,1,1,0.25,0.25,1.5,100,-10,100,1,5,250,40,5,250,50,1,6,11,0,0.06,4,0.05,50,8,4,2,2,100,144,5,5,300,1.05,1.05,6.0,2.0,10,6,6,-1,
19,P019,1,ft_jnd,FrameTimeStutter,127,0.73213,4.2516,2559.18,1150.82,0.000,0.000,2559.18,1150.82,0.0849,8.8775,0.0000,-12.5967,0.0000,12.6816,Right,0,0,0,0,86.667,0,0.000,ft_jnd,FrameTimeStutter,1,0,1,0,1,1,0.25,0.25,1.5,100,-10,100,1,5,250,40,5,250,50,1,6,11,0,0.06,4,0.05,50,8,4,2,2,100,144,5,5,300,1.05,1.05,6.0,2.0,10,6,6,-1,
19,P019,1,ft_jnd,FrameTimeStutter,128,0.74751,15.3808,2559.18,1150.82,72.000,0.000,2559.18,1150.82,0.0849,8.8775,0.0000,-12.5967,0.0000,12.6816,Right,0,0,0,0,86.667,0,0.000,ft_jnd,FrameTimeStutter,1,0,1,0,1,1,0.25,0.25,1.5,100,-10,100,1,5,250,40,5,250,50,1,6,11,0,0.06,4,0.05,50,8,4,2,2,100,144,5,5,300,1.05,1.05,6.0,2.0,10,6,6,-1,
19,P019,1,ft_jnd,FrameTimeStutter,129,0.75475,7.2394,2559.18,1150.82,32.000,0.000,2559.18,1150.82,0.0849,8.8775,0.0000,-12.5967,0.0000,12.6816,Right,0,0,0,0,86.667,0,0.000,ft_jnd,FrameTimeStutter,1,0,1,0,1,1,0.25,0.25,1.5,100,-10,100,1,5,250,40,5,250,50,1,6,11,0,0.06,4,0.05,50,8,4,2,2,100,144,5,5,300,1.05,1.05,6.0,2.0,10,6,6,-1,
19,P019,1,ft_jnd,FrameTimeStutter,130,0.75888,4.1272,2559.18,1150.82,27.000,0.000,2559.18,1150.82,0.0849,8.8775,0.0000,-12.5967,0.0000,12.6816,Right,0,0,0,0,86.667,0,0.000,ft_jnd,FrameTimeStutter,1,0,1,0,1,1,0.25,0.25,1.5,100,-10,100,1,5,250,40,5,250,50,1,6,11,0,0.06,4,0.05,50,8,4,2,2,100,144,5,5,300,1.05,1.05,6.0,2.0,10,6,6,-1,
19,P019,1,ft_jnd,FrameTimeStutter,131,0.76299,4.1074,2559.18,1150.82,0.000,0.000,2559.18,1150.82,0.0849,8.8775,0.0000,-12.5967,0.0000,12.6816,Right,0,0,0,0,86.667,0,0.000,ft_jnd,FrameTimeStutter,1,0,1,0,1,1,0.25,0.25,1.5,100,-10,100,1,5,250,40,5,250,50,1,6,11,0,0.06,4,0.05,50,8,4,2,2,100,144,5,5,300,1.05,1.05,6.0,2.0,10,6,6,-1,
19,P019,1,ft_jnd,FrameTimeStutter,132,0.76707,4.0800,2559.18,1150.82,27.000,0.000,2559.18,1150.82,0.0849,8.8775,0.0000,-12.5967,0.0000,12.6816,Right,0,0,0,0,86.667,0,0.000,ft_jnd,FrameTimeStutter,1,0,1,0,1,1,0.25,0.25,1.5,100,-10,100,1,5,250,40,5,250,50,1,6,11,0,0.06,4,0.05,50,8,4,2,2,100,144,5,5,300,1.05,1.05,6.0,2.0,10,6,6,-1,
19,P019,1,ft_jnd,FrameTimeStutter,133,0.77104,3.9731,2559.18,1150.82,0.000,0.000,2559.18,1150.82,0.0849,8.8775,0.0000,-12.5967,0.0000,12.6816,Right,0,0,0,0,86.667,0,0.000,ft_jnd,FrameTimeStutter,1,0,1,0,1,1,0.25,0.25,1.5,100,-10,100,1,5,250,40,5,250,50,1,6,11,0,0.06,4,0.05,50,8,4,2,2,100,144,5,5,300,1.05,1.05,6.0,2.0,10,6,6,-1,
19,P019,1,ft_jnd,FrameTimeStutter,134,0.77507,4.0281,2559.18,1150.82,27.000,0.000,2559.18,1150.82,0.0849,8.8775,0.0000,-12.5967,0.0000,12.6816,Right,0,0,0,0,86.667,0,0.000,ft_jnd,FrameTimeStutter,1,0,1,0,1,1,0.25,0.25,1.5,100,-10,100,1,5,250,40,5,250,50,1,6,11,0,0.06,4,0.05,50,8,4,2,2,100,144,5,5,300,1.05,1.05,6.0,2.0,10,6,6,-1,
19,P019,1,ft_jnd,FrameTimeStutter,135,0.77829,3.2224,2559.18,1150.82,0.000,0.000,2559.18,1150.82,0.0849,8.8775,0.0000,-12.5967,0.0000,12.6816,Right,0,0,0,0,86.667,0,0.000,ft_jnd,FrameTimeStutter,1,0,1,0,1,1,0.25,0.25,1.5,100,-10,100,1,5,250,40,5,250,50,1,6,11,0,0.06,4,0.05,50,8,4,2,2,100,144,5,5,300,1.05,1.05,6.0,2.0,10,6,6,-1,
19,P019,1,ft_jnd,FrameTimeStutter,136,0.78248,4.1909,2559.18,1150.82,0.000,0.000,2559.18,1150.82,0.0849,8.8775,0.0000,-12.5967,0.0000,12.6816,Right,0,0,0,0,86.667,0,0.000,ft_jnd,FrameTimeStutter,1,0,1,0,1,1,0.25,0.25,1.5,100,-10,100,1,5,250,40,5,250,50,1,6,11,0,0.06,4,0.05,50,8,4,2,2,100,144,5,5,300,1.05,1.05,6.0,2.0,10,6,6,-1,
19,P019,1,ft_jnd,FrameTimeStutter,137,0.78700,4.5173,2559.18,1150.82,23.000,0.000,2559.18,1150.82,0.0849,8.8775,0.0000,-12.5967,0.0000,12.6816,Right,0,0,0,0,86.667,0,0.000,ft_jnd,FrameTimeStutter,1,0,1,0,1,1,0.25,0.25,1.5,100,-10,100,1,5,250,40,5,250,50,1,6,11,0,0.06,4,0.05,50,8,4,2,2,100,144,5,5,300,1.05,1.05,6.0,2.0,10,6,6,-1,
19,P019,1,ft_jnd,FrameTimeStutter,138,0.79036,3.3588,2559.18,1150.82,25.000,0.000,2559.18,1150.82,0.0849,8.8775,0.0000,-12.5967,0.0000,12.6816,Right,0,0,0,0,86.667,0,0.000,ft_jnd,FrameTimeStutter,1,0,1,0,1,1,0.25,0.25,1.5,100,-10,100,1,5,250,40,5,250,50,1,6,11,0,0.06,4,0.05,50,8,4,2,2,100,144,5,5,300,1.05,1.05,6.0,2.0,10,6,6,-1,
19,P019,1,ft_jnd,FrameTimeStutter,139,0.79465,4.2969,2559.18,1150.82,0.000,0.000,2559.18,1150.82,0.0849,8.8775,0.0000,-12.5967,0.0000,12.6816,Right,0,0,0,0,86.667,0,0.000,ft_jnd,FrameTimeStutter,1,0,1,0,1,1,0.25,0.25,1.5,100,-10,100,1,5,250,40,5,250,50,1,6,11,0,0.06,4,0.05,50,8,4,2,2,100,144,5,5,300,1.05,1.05,6.0,2.0,10,6,6,-1,
19,P019,1,ft_jnd,FrameTimeStutter,140,0.79911,4.4613,2559.18,1149.34,29.000,-1.000,2559.18,1149.34,0.0849,8.8505,0.0000,-12.5967,0.0000,12.6816,Right,0,0,0,0,86.667,0,0.000,ft_jnd,FrameTimeStutter,1,0,1,0,1,1,0.25,0.25,1.5,100,-10,100,1,5,250,40,5,250,50,1,6,11,0,0.06,4,0.05,50,8,4,2,2,100,144,5,5,300,1.05,1.05,6.0,2.0,10,6,6,-1,
19,P019,1,ft_jnd,FrameTimeStutter,141,0.80277,3.6546,2559.18,1149.34,0.000,0.000,2559.18,1149.34,0.0849,8.8505,0.0000,-12.5967,0.0000,12.6816,Right,0,0,0,0,86.667,0,0.000,ft_jnd,FrameTimeStutter,1,0,1,0,1,1,0.25,0.25,1.5,100,-10,100,1,5,250,40,5,250,50,1,6,11,0,0.06,4,0.05,50,8,4,2,2,100,144,5,5,300,1.05,1.05,6.0,2.0,10,6,6,-1,
19,P019,1,ft_jnd,FrameTimeStutter,142,0.81718,14.4160,2559.18,1149.34,52.000,0.000,2559.18,1149.34,0.0849,8.8505,0.0000,-12.5967,0.0000,12.6816,Right,0,0,0,0,86.667,0,0.000,ft_jnd,FrameTimeStutter,1,0,1,0,1,1,0.25,0.25,1.5,100,-10,100,1,5,250,40,5,250,50,1,6,11,0,0.06,4,0.05,50,8,4,2,2,100,144,5,5,300,1.05,1.05,6.0,2.0,10,6,6,-1,
19,P019,1,ft_jnd,FrameTimeStutter,143,0.82253,5.3408,2559.18,1149.34,0.000,0.000,2559.18,1149.34,0.0849,8.8505,0.0000,-12.5967,0.0000,12.6816,Right,0,0,0,0,86.667,0,0.000,ft_jnd,FrameTimeStutter,1,0,1,0,1,1,0.25,0.25,1.5,100,-10,100,1,5,250,40,5,250,50,1,6,11,0,0.06,4,0.05,50,8,4,2,2,100,144,5,5,300,1.05,1.05,6.0,2.0,10,6,6,-1,
19,P019,1,ft_jnd,FrameTimeStutter,144,0.82703,4.5046,2559.18,1149.34,24.000,0.000,2559.18,1149.34,0.0849,8.8505,0.0000,-12.5967,0.0000,12.6816,Right,0,0,0,0,86.667,0,0.000,ft_jnd,FrameTimeStutter,1,0,1,0,1,1,0.25,0.25,1.5,100,-10,100,1,5,250,40,5,250,50,1,6,11,0,0.06,4,0.05,50,8,4,2,2,100,144,5,5,300,1.05,1.05,6.0,2.0,10,6,6,-1,
19,P019,1,ft_jnd,FrameTimeStutter,145,0.83113,4.0985,2559.18,1147.87,25.000,-1.000,2559.18,1147.87,0.0849,8.8235,0.0000,-12.5967,0.0000,12.6816,Right,0,0,0,0,86.667,0,0.000,ft_jnd,FrameTimeStutter,1,0,1,0,1,1,0.25,0.25,1.5,100,-10,100,1,5,250,40,5,250,50,1,6,11,0,0.06,4,0.05,50,8,4,2,2,100,144,5,5,300,1.05,1.05,6.0,2.0,10,6,6,-1,
19,P019,1,ft_jnd,FrameTimeStutter,146,0.83565,4.5192,2559.18,1147.87,0.000,0.000,2559.18,1147.87,0.0849,8.8235,0.0000,-12.5967,0.0000,12.6816,Right,0,0,0,0,86.667,0,0.000,ft_jnd,FrameTimeStutter,1,0,1,0,1,1,0.25,0.25,1.5,100,-10,100,1,5,250,40,5,250,50,1,6,11,0,0.06,4,0.05,50,8,4,2,2,100,144,5,5,300,1.05,1.05,6.0,2.0,10,6,6,-1,
19,P019,1,ft_jnd,FrameTimeStutter,147,0.84965,13.9999,2559.18,1147.87,38.000,0.000,2559.18,1147.87,0.0849,8.8235,0.0000,-12.5967,0.0000,12.6816,Right,0,0,0,0,86.667,0,0.000,ft_jnd,FrameTimeStutter,1,0,1,0,1,1,0.25,0.25,1.5,100,-10,100,1,5,250,40,5,250,50,1,6,11,0,0.06,4,0.05,50,8,4,2,2,100,144,5,5,300,1.05,1.05,6.0,2.0,10,6,6,-1,
19,P019,1,ft_jnd,FrameTimeStutter,148,0.85356,3.9153,2559.18,1147.87,0.000,0.000,2559.18,1147.87,0.0849,8.8235,0.0000,-12.5967,0.0000,12.6816,Right,0,0,0,0,86.667,0,0.000,ft_jnd,FrameTimeStutter,1,0,1,0,1,1,0.25,0.25,1.5,100,-10,100,1,5,250,40,5,250,50,1,6,11,0,0.06,4,0.05,50,8,4,2,2,100,144,5,5,300,1.05,1.05,6.0,2.0,10,6,6,-1,
19,P019,1,ft_jnd,FrameTimeStutter,149,0.85785,4.2828,2559.18,1147.87,18.000,0.000,2559.18,1147.87,0.0849,8.8235,0.0000,-12.5967,0.0000,12.6816,Right,0,0,0,0,86.667,0,0.000,ft_jnd,FrameTimeStutter,1,0,1,0,1,1,0.25,0.25,1.5,100,-10,100,1,5,250,40,5,250,50,1,6,11,0,0.06,4,0.05,50,8,4,2,2,100,144,5,5,300,1.05,1.05,6.0,2.0,10,6,6,-1,
19,P019,1,ft_jnd,FrameTimeStutter,150,0.86075,2.9063,2559.18,1147.87,0.000,0.000,2559.18,1147.87,0.0849,8.8235,0.0000,-12.5967,0.0000,12.6816,Right,0,0,0,0,86.667,0,0.000,ft_jnd,FrameTimeStutter,1,0,1,0,1,1,0.25,0.25,1.5,100,-10,100,1,5,250,40,5,250,50,1,6,11,0,0.06,4,0.05,50,8,4,2,2,100,144,5,5,300,1.05,1.05,6.0,2.0,10,6,6,-1,
19,P019,1,ft_jnd,FrameTimeStutter,151,0.86533,4.5795,2559.18,1147.87,12.000,0.000,2559.18,1147.87,0.0849,8.8235,0.0000,-12.5967,0.0000,12.6816,Right,0,0,0,0,86.667,0,0.000,ft_jnd,FrameTimeStutter,1,0,1,0,1,1,0.25,0.25,1.5,100,-10,100,1,5,250,40,5,250,50,1,6,11,0,0.06,4,0.05,50,8,4,2,2,100,144,5,5,300,1.05,1.05,6.0,2.0,10,6,6,-1,
19,P019,1,ft_jnd,FrameTimeStutter,152,0.86951,4.1800,2559.18,1147.87,0.000,0.000,2559.18,1147.87,0.0849,8.8235,0.0000,-12.5967,0.0000,12.6816,Right,0,0,0,0,86.667,0,0.000,ft_jnd,FrameTimeStutter,1,0,1,0,1,1,0.25,0.25,1.5,100,-10,100,1,5,250,40,5,250,50,1,6,11,0,0.06,4,0.05,50,8,4,2,2,100,144,5,5,300,1.05,1.05,6.0,2.0,10,6,6,-1,
19,P019,1,ft_jnd,FrameTimeStutter,153,0.87238,2.8652,2559.18,1147.87,9.000,0.000,2559.18,1147.87,0.0849,8.8235,0.0000,-12.5967,0.0000,12.6816,Right,0,0,0,0,86.667,0,0.000,ft_jnd,FrameTimeStutter,1,0,1,0,1,1,0.25,0.25,1.5,100,-10,100,1,5,250,40,5,250,50,1,6,11,0,0.06,4,0.05,50,8,4,2,2,100,144,5,5,300,1.05,1.05,6.0,2.0,10,6,6,-1,
19,P019,1,ft_jnd,FrameTimeStutter,154,0.87716,4.7793,2559.18,1147.87,0.000,0.000,2559.18,1147.87,0.0849,8.8235,0.0000,-12.5967,0.0000,12.6816,Right,0,0,0,0,86.667,0,0.000,ft_jnd,FrameTimeStutter,1,0,1,0,1,1,0.25,0.25,1.5,100,-10,100,1,5,250,40,5,250,50,1,6,11,0,0.06,4,0.05,50,8,4,2,2,100,144,5,5,300,1.05,1.05,6.0,2.0,10,6,6,-1,
19,P019,1,ft_jnd,FrameTimeStutter,155,0.88142,4.2611,2559.18,1147.87,8.000,0.000,2559.18,1147.87,0.0849,8.8235,0.0000,-12.5967,0.0000,12.6816,Right,0,0,0,0,86.667,0,0.000,ft_jnd,FrameTimeStutter,1,0,1,0,1,1,0.25,0.25,1.5,100,-10,100,1,5,250,40,5,250,50,1,6,11,0,0.06,4,0.05,50,8,4,2,2,100,144,5,5,300,1.05,1.05,6.0,2.0,10,6,6,-1,
19,P019,1,ft_jnd,FrameTimeStutter,156,0.88543,4.0161,2559.18,1147.87,0.000,0.000,2559.18,1147.87,0.0849,8.8235,0.0000,-12.5967,0.0000,12.6816,Right,0,0,0,0,86.667,0,0.000,ft_jnd,FrameTimeStutter,1,0,1,0,1,1,0.25,0.25,1.5,100,-10,100,1,5,250,40,5,250,50,1,6,11,0,0.06,4,0.05,50,8,4,2,2,100,144,5,5,300,1.05,1.05,6.0,2.0,10,6,6,-1,
19,P019,1,ft_jnd,FrameTimeStutter,157,0.88985,4.4153,2559.18,1146.39,6.000,-1.000,2559.18,1146.39,0.0849,8.7966,0.0000,-12.5967,0.0000,12.6816,Right,0,0,0,0,86.667,0,0.000,ft_jnd,FrameTimeStutter,1,0,1,0,1,1,0.25,0.25,1.5,100,-10,100,1,5,250,40,5,250,50,1,6,11,0,0.06,4,0.05,50,8,4,2,2,100,144,5,5,300,1.05,1.05,6.0,2.0,10,6,6,-1,
19,P019,1,ft_jnd,FrameTimeStutter,158,0.89415,4.3002,2559.18,1146.39,6.000,0.000,2559.18,1146.39,0.0849,8.7966,0.0000,-12.5967,0.0000,12.6816,Right,0,0,0,0,86.667,0,0.000,ft_jnd,FrameTimeStutter,1,0,1,0,1,1,0.25,0.25,1.5,100,-10,100,1,5,250,40,5,250,50,1,6,11,0,0.06,4,0.05,50,8,4,2,2,100,144,5,5,300,1.05,1.05,6.0,2.0,10,6,6,-1,
19,P019,1,ft_jnd,FrameTimeStutter,159,0.91069,16.5401,2559.18,1144.92,9.000,-1.000,2559.18,1144.92,0.0849,8.7696,0.0000,-12.5967,0.0000,12.6816,Right,0,0,0,0,86.667,0,0.000,ft_jnd,FrameTimeStutter,1,0,1,0,1,1,0.25,0.25,1.5,100,-10,100,1,5,250,40,5,250,50,1,6,11,0,0.06,4,0.05,50,8,4,2,2,100,144,5,5,300,1.05,1.05,6.0,2.0,10,6,6,-1,
19,P019,1,ft_jnd,FrameTimeStutter,160,0.91401,3.3178,2559.18,1144.92,0.000,0.000,2559.18,1144.92,0.0849,8.7696,0.0000,-12.5967,0.0000,12.6816,Right,0,0,0,0,86.667,0,0.000,ft_jnd,FrameTimeStutter,1,0,1,0,1,1,0.25,0.25,1.5,100,-10,100,1,5,250,40,5,250,50,1,6,11,0,0.06,4,0.05,50,8,4,2,2,100,144,5,5,300,1.05,1.05,6.0,2.0,10,6,6,-1,
19,P019,1,ft_jnd,FrameTimeStutter,161,0.92774,13.7333,2559.18,1144.92,6.000,0.000,2559.18,1144.92,0.0849,8.7696,0.0000,-12.5967,0.0000,12.6816,Right,0,0,0,0,86.667,0,0.000,ft_jnd,FrameTimeStutter,1,0,1,0,1,1,0.25,0.25,1.5,100,-10,100,1,5,250,40,5,250,50,1,6,11,0,0.06,4,0.05,50,8,4,2,2,100,144,5,5,300,1.05,1.05,6.0,2.0,10,6,6,-1,
19,P019,1,ft_jnd,FrameTimeStutter,162,0.93296,5.2193,2559.18,1144.92,0.000,0.000,2559.18,1144.92,0.0849,8.7696,0.0000,-12.5967,0.0000,12.6816,Right,0,0,0,0,86.667,0,0.000,ft_jnd,FrameTimeStutter,1,0,1,0,1,1,0.25,0.25,1.5,100,-10,100,1,5,250,40,5,250,50,1,6,11,0,0.06,4,0.05,50,8,4,2,2,100,144,5,5,300,1.05,1.05,6.0,2.0,10,6,6,-1,
19,P019,1,ft_jnd,FrameTimeStutter,163,0.93737,4.4072,2559.18,1144.92,1.000,0.000,2559.18,1144.92,0.0849,8.7696,0.0000,-12.5967,0.0000,12.6816,Right,0,0,0,0,86.667,0,0.000,ft_jnd,FrameTimeStutter,1,0,1,0,1,1,0.25,0.25,1.5,100,-10,100,1,5,250,40,5,250,50,1,6,11,0,0.06,4,0.05,50,8,4,2,2,100,144,5,5,300,1.05,1.05,6.0,2.0,10,6,6,-1,
19,P019,1,ft_jnd,FrameTimeStutter,164,0.94145,4.0875,2559.18,1144.92,0.000,0.000,2559.18,1144.92,0.0849,8.7696,0.0000,-12.5967,0.0000,12.6816,Right,0,0,0,0,86.667,0,0.000,ft_jnd,FrameTimeStutter,1,0,1,0,1,1,0.25,0.25,1.5,100,-10,100,1,5,250,40,5,250,50,1,6,11,0,0.06,4,0.05,50,8,4,2,2,100,144,5,5,300,1.05,1.05,6.0,2.0,10,6,6,-1,
19,P019,1,ft_jnd,FrameTimeStutter,165,0.94555,4.0965,2559.18,1144.92,0.000,0.000,2559.18,1144.92,0.0849,8.7696,0.0000,-12.5967,0.0000,12.6816,Right,0,0,0,0,86.667,0,0.000,ft_jnd,FrameTimeStutter,1,0,1,0,1,1,0.25,0.25,1.5,100,-10,100,1,5,250,40,5,250,50,1,6,11,0,0.06,4,0.05,50,8,4,2,2,100,144,5,5,300,1.05,1.05,6.0,2.0,10,6,6,-1,
19,P019,1,ft_jnd,FrameTimeStutter,166,0.94995,4.4032,2559.18,1144.92,0.000,0.000,2559.18,1144.92,0.0849,8.7696,0.0000,-12.5967,0.0000,12.6816,Right,0,0,0,0,86.667,0,0.000,ft_jnd,FrameTimeStutter,1,0,1,0,1,1,0.25,0.25,1.5,100,-10,100,1,5,250,40,5,250,50,1,6,11,0,0.06,4,0.05,50,8,4,2,2,100,144,5,5,300,1.05,1.05,6.0,2.0,10,6,6,-1,
19,P019,1,ft_jnd,FrameTimeStutter,167,0.95305,3.0960,2559.18,1144.92,0.000,0.000,2559.18,1144.92,0.0849,8.7696,0.0000,-12.5967,0.0000,12.6816,Right,0,0,0,0,86.667,0,0.000,ft_jnd,FrameTimeStutter,1,0,1,0,1,1,0.25,0.25,1.5,100,-10,100,1,5,250,40,5,250,50,1,6,11,0,0.06,4,0.05,50,8,4,2,2,100,144,5,5,300,1.05,1.05,6.0,2.0,10,6,6,-1,
19,P019,1,ft_jnd,FrameTimeStutter,168,0.95744,4.3939,2559.18,1144.92,0.000,0.000,2559.18,1144.92,0.0849,8.7696,0.0000,-12.5967,0.0000,12.6816,Right,0,0,0,0,86.667,0,0.000,ft_jnd,FrameTimeStutter,1,0,1,0,1,1,0.25,0.25,1.5,100,-10,100,1,5,250,40,5,250,50,1,6,11,0,0.06,4,0.05,50,8,4,2,2,100,144,5,5,300,1.05,1.05,6.0,2.0,10,6,6,-1,
19,P019,1,ft_jnd,FrameTimeStutter,169,0.96185,4.4048,2559.18,1144.92,0.000,0.000,2559.18,1144.92,0.0849,8.7696,0.0000,-12.5967,0.0000,12.6816,Right,0,0,0,0,86.667,0,0.000,ft_jnd,FrameTimeStutter,1,0,1,0,1,1,0.25,0.25,1.5,100,-10,100,1,5,250,40,5,250,50,1,6,11,0,0.06,4,0.05,50,8,4,2,2,100,144,5,5,300,1.05,1.05,6.0,2.0,10,6,6,-1,
19,P019,1,ft_jnd,FrameTimeStutter,170,0.96509,3.2362,2559.18,1144.92,0.000,0.000,2559.18,1144.92,0.0849,8.7696,0.0000,-12.5967,0.0000,12.6816,Right,0,0,0,0,86.667,0,0.000,ft_jnd,FrameTimeStutter,1,0,1,0,1,1,0.25,0.25,1.5,100,-10,100,1,5,250,40,5,250,50,1,6,11,0,0.06,4,0.05,50,8,4,2,2,100,144,5,5,300,1.05,1.05,6.0,2.0,10,6,6,-1,
19,P019,1,ft_jnd,FrameTimeStutter,171,0.96943,4.3499,2559.18,1144.92,0.000,0.000,2559.18,1144.92,0.0849,8.7696,0.0000,-12.5967,0.0000,12.6816,Right,0,0,0,0,86.667,0,0.000,ft_jnd,FrameTimeStutter,1,0,1,0,1,1,0.25,0.25,1.5,100,-10,100,1,5,250,40,5,250,50,1,6,11,0,0.06,4,0.05,50,8,4,2,2,100,144,5,5,300,1.05,1.05,6.0,2.0,10,6,6,-1,
19,P019,1,ft_jnd,FrameTimeStutter,172,0.97385,4.4133,2559.18,1144.92,0.000,0.000,2559.18,1144.92,0.0849,8.7696,0.0000,-12.5967,0.0000,12.6816,Right,0,0,0,0,86.667,0,0.000,ft_jnd,FrameTimeStutter,1,0,1,0,1,1,0.25,0.25,1.5,100,-10,100,1,5,250,40,5,250,50,1,6,11,0,0.06,4,0.05,50,8,4,2,2,100,144,5,5,300,1.05,1.05,6.0,2.0,10,6,6,-1,
19,P019,1,ft_jnd,FrameTimeStutter,173,0.97680,2.9495,2559.18,1144.92,0.000,0.000,2559.18,1144.92,0.0849,8.7696,0.0000,-12.5967,0.0000,12.6816,Right,0,0,0,0,86.667,0,0.000,ft_jnd,FrameTimeStutter,1,0,1,0,1,1,0.25,0.25,1.5,100,-10,100,1,5,250,40,5,250,50,1,6,11,0,0.06,4,0.05,50,8,4,2,2,100,144,5,5,300,1.05,1.05,6.0,2.0,10,6,6,-1,
19,P019,1,ft_jnd,FrameTimeStutter,174,0.98176,4.9647,2559.18,1144.92,0.000,0.000,2559.18,1144.92,0.0849,8.7696,0.0000,-12.5967,0.0000,12.6816,Right,0,0,0,0,86.667,0,0.000,ft_jnd,FrameTimeStutter,1,0,1,0,1,1,0.25,0.25,1.5,100,-10,100,1,5,250,40,5,250,50,1,6,11,0,0.06,4,0.05,50,8,4,2,2,100,144,5,5,300,1.05,1.05,6.0,2.0,10,6,6,-1,
19,P019,1,ft_jnd,FrameTimeStutter,175,0.98631,4.5479,2559.18,1144.92,0.000,0.000,2559.18,1144.92,0.0849,8.7696,0.0000,-12.5967,0.0000,12.6816,Right,0,0,0,0,86.667,0,0.000,ft_jnd,FrameTimeStutter,1,0,1,0,1,1,0.25,0.25,1.5,100,-10,100,1,5,250,40,5,250,50,1,6,11,0,0.06,4,0.05,50,8,4,2,2,100,144,5,5,300,1.05,1.05,6.0,2.0,10,6,6,-1,
19,P019,1,ft_jnd,FrameTimeStutter,176,0.99088,4.5656,2559.18,1144.92,0.000,0.000,2559.18,1144.92,0.0849,8.7696,0.0000,-12.5967,0.0000,12.6816,Right,0,0,0,0,86.667,0,0.000,ft_jnd,FrameTimeStutter,1,0,1,0,1,1,0.25,0.25,1.5,100,-10,100,1,5,250,40,5,250,50,1,6,11,0,0.06,4,0.05,50,8,4,2,2,100,144,5,5,300,1.05,1.05,6.0,2.0,10,6,6,-1,
19,P019,1,ft_jnd,FrameTimeStutter,177,0.99391,3.0297,2559.18,1144.92,0.000,0.000,2559.18,1144.92,0.0849,8.7696,0.0000,-12.5967,0.0000,12.6816,Right,0,0,0,0,86.667,0,0.000,ft_jnd,FrameTimeStutter,1,0,1,0,1,1,0.25,0.25,1.5,100,-10,100,1,5,250,40,5,250,50,1,6,11,0,0.06,4,0.05,50,8,4,2,2,100,144,5,5,300,1.05,1.05,6.0,2.0,10,6,6,-1,
19,P019,1,ft_jnd,FrameTimeStutter,178,0.99781,3.9047,2559.18,1144.92,0.000,0.000,2559.18,1144.92,0.0849,8.7696,0.0000,-12.5967,0.0000,12.6816,Right,0,0,0,0,86.667,0,0.000,ft_jnd,FrameTimeStutter,1,0,1,0,1,1,0.25,0.25,1.5,100,-10,100,1,5,250,40,5,250,50,1,6,11,0,0.06,4,0.05,50,8,4,2,2,100,144,5,5,300,1.05,1.05,6.0,2.0,10,6,6,-1,
19,P019,1,ft_jnd,FrameTimeStutter,179,1.00186,4.0473,2559.18,1144.92,0.000,0.000,2559.18,1144.92,0.0849,8.7696,0.0000,-12.5967,0.0000,12.6816,Right,0,0,0,0,86.667,0,0.000,ft_jnd,FrameTimeStutter,1,0,1,0,1,1,0.25,0.25,1.5,100,-10,100,1,5,250,40,5,250,50,1,6,11,0,0.06,4,0.05,50,8,4,2,2,100,144,5,5,300,1.05,1.05,6.0,2.0,10,6,6,-1,
19,P019,1,ft_jnd,FrameTimeStutter,180,1.00635,4.4920,2559.18,1144.92,0.000,0.000,2559.18,1144.92,0.0849,8.7696,0.0000,-12.5967,0.0000,12.6816,Right,0,0,0,0,86.667,0,0.000,ft_jnd,FrameTimeStutter,1,0,1,0,1,1,0.25,0.25,1.5,100,-10,100,1,5,250,40,5,250,50,1,6,11,0,0.06,4,0.05,50,8,4,2,2,100,144,5,5,300,1.05,1.05,6.0,2.0,10,6,6,-1,
19,P019,1,ft_jnd,FrameTimeStutter,181,1.01074,4.3926,2559.18,1144.92,0.000,0.000,2559.18,1144.92,0.0849,8.7696,0.0000,-12.5967,0.0000,12.6816,Right,0,0,0,0,86.667,0,0.000,ft_jnd,FrameTimeStutter,1,0,1,0,1,1,0.25,0.25,1.5,100,-10,100,1,5,250,40,5,250,50,1,6,11,0,0.06,4,0.05,50,8,4,2,2,100,144,5,5,300,1.05,1.05,6.0,2.0,10,6,6,-1,
19,P019,1,ft_jnd,FrameTimeStutter,182,1.01521,4.4663,2559.18,1144.92,0.000,0.000,2559.18,1144.92,0.0849,8.7696,0.0000,-12.5967,0.0000,12.6816,Right,0,0,0,0,86.667,0,0.000,ft_jnd,FrameTimeStutter,1,0,1,0,1,1,0.25,0.25,1.5,100,-10,100,1,5,250,40,5,250,50,1,6,11,0,0.06,4,0.05,50,8,4,2,2,100,144,5,5,300,1.05,1.05,6.0,2.0,10,6,6,-1,
19,P019,1,ft_jnd,FrameTimeStutter,183,1.01929,4.0802,2559.18,1144.92,0.000,0.000,2559.18,1144.92,0.0849,8.7696,0.0000,-12.5967,0.0000,12.6816,Right,0,0,0,0,86.667,0,0.000,ft_jnd,FrameTimeStutter,1,0,1,0,1,1,0.25,0.25,1.5,100,-10,100,1,5,250,40,5,250,50,1,6,11,0,0.06,4,0.05,50,8,4,2,2,100,144,5,5,300,1.05,1.05,6.0,2.0,10,6,6,-1,
19,P019,1,ft_jnd,FrameTimeStutter,184,1.02271,3.4182,2559.18,1144.92,0.000,0.000,2559.18,1144.92,0.0849,8.7696,0.0000,-12.5967,0.0000,12.6816,Right,0,0,0,0,86.667,0,0.000,ft_jnd,FrameTimeStutter,1,0,1,0,1,1,0.25,0.25,1.5,100,-10,100,1,5,250,40,5,250,50,1,6,11,0,0.06,4,0.05,50,8,4,2,2,100,144,5,5,300,1.05,1.05,6.0,2.0,10,6,6,-1,
19,P019,1,ft_jnd,FrameTimeStutter,185,1.02602,3.3090,2559.18,1144.92,0.000,0.000,2559.18,1144.92,0.0849,8.7696,0.0000,-12.5967,0.0000,12.6816,Right,0,0,0,0,86.667,0,0.000,ft_jnd,FrameTimeStutter,1,0,1,0,1,1,0.25,0.25,1.5,100,-10,100,1,5,250,40,5,250,50,1,6,11,0,0.06,4,0.05,50,8,4,2,2,100,144,5,5,300,1.05,1.05,6.0,2.0,10,6,6,-1,
19,P019,1,ft_jnd,FrameTimeStutter,186,1.02926,3.2401,2559.18,1144.92,0.000,0.000,2559.18,1144.92,0.0849,8.7696,0.0000,-12.5967,0.0000,12.6816,Right,0,0,0,0,86.667,0,0.000,ft_jnd,FrameTimeStutter,1,0,1,0,1,1,0.25,0.25,1.5,100,-10,100,1,5,250,40,5,250,50,1,6,11,0,0.06,4,0.05,50,8,4,2,2,100,144,5,5,300,1.05,1.05,6.0,2.0,10,6,6,-1,
19,P019,1,ft_jnd,FrameTimeStutter,187,1.03309,3.8389,2559.18,1144.92,0.000,0.000,2559.18,1144.92,0.0849,8.7696,0.0000,-12.5967,0.0000,12.6816,Right,0,0,0,0,86.667,0,0.000,ft_jnd,FrameTimeStutter,1,0,1,0,1,1,0.25,0.25,1.5,100,-10,100,1,5,250,40,5,250,50,1,6,11,0,0.06,4,0.05,50,8,4,2,2,100,144,5,5,300,1.05,1.05,6.0,2.0,10,6,6,-1,
19,P019,1,ft_jnd,FrameTimeStutter,188,1.03726,4.1644,2559.18,1144.92,0.000,0.000,2559.18,1144.92,0.0849,8.7696,0.0000,-12.5967,0.0000,12.6816,Right,0,0,0,0,86.667,0,0.000,ft_jnd,FrameTimeStutter,1,0,1,0,1,1,0.25,0.25,1.5,100,-10,100,1,5,250,40,5,250,50,1,6,11,0,0.06,4,0.05,50,8,4,2,2,100,144,5,5,300,1.05,1.05,6.0,2.0,10,6,6,-1,
19,P019,1,ft_jnd,FrameTimeStutter,189,1.04185,4.5944,2559.18,1144.92,0.000,0.000,2559.18,1144.92,0.0849,8.7696,0.0000,-12.5967,0.0000,12.6816,Right,0,0,0,0,86.667,0,0.000,ft_jnd,FrameTimeStutter,1,0,1,0,1,1,0.25,0.25,1.5,100,-10,100,1,5,250,40,5,250,50,1,6,11,0,0.06,4,0.05,50,8,4,2,2,100,144,5,5,300,1.05,1.05,6.0,2.0,10,6,6,-1,
19,P019,1,ft_jnd,FrameTimeStutter,190,1.04639,4.5405,2559.18,1144.92,0.000,0.000,2559.18,1144.92,0.0849,8.7696,0.0000,-12.5967,0.0000,12.6816,Right,0,0,0,0,86.667,0,0.000,ft_jnd,FrameTimeStutter,1,0,1,0,1,1,0.25,0.25,1.5,100,-10,100,1,5,250,40,5,250,50,1,6,11,0,0.06,4,0.05,50,8,4,2,2,100,144,5,5,300,1.05,1.05,6.0,2.0,10,6,6,-1,
19,P019,1,ft_jnd,FrameTimeStutter,191,1.05075,4.3564,2559.18,1144.92,0.000,0.000,2559.18,1144.92,0.0849,8.7696,0.0000,-12.5967,0.0000,12.6816,Right,0,0,0,0,86.667,0,0.000,ft_jnd,FrameTimeStutter,1,0,1,0,1,1,0.25,0.25,1.5,100,-10,100,1,5,250,40,5,250,50,1,6,11,0,0.06,4,0.05,50,8,4,2,2,100,144,5,5,300,1.05,1.05,6.0,2.0,10,6,6,-1,
19,P019,1,ft_jnd,FrameTimeStutter,192,1.05683,6.0753,2559.18,1144.92,0.000,0.000,2559.18,1144.92,0.0849,8.7696,0.0000,-12.5967,0.0000,12.6816,Right,0,0,0,0,86.667,0,0.000,ft_jnd,FrameTimeStutter,1,0,1,0,1,1,0.25,0.25,1.5,100,-10,100,1,5,250,40,5,250,50,1,6,11,0,0.06,4,0.05,50,8,4,2,2,100,144,5,5,300,1.05,1.05,6.0,2.0,10,6,6,-1,
19,P019,1,ft_jnd,FrameTimeStutter,193,1.06099,4.1660,2559.18,1144.92,0.000,0.000,2559.18,1144.92,0.0849,8.7696,0.0000,-12.5967,0.0000,12.6816,Right,0,0,0,0,86.667,0,0.000,ft_jnd,FrameTimeStutter,1,0,1,0,1,1,0.25,0.25,1.5,100,-10,100,1,5,250,40,5,250,50,1,6,11,0,0.06,4,0.05,50,8,4,2,2,100,144,5,5,300,1.05,1.05,6.0,2.0,10,6,6,-1,
19,P019,1,ft_jnd,FrameTimeStutter,194,1.06555,4.5538,2559.18,1144.92,0.000,0.000,2559.18,1144.92,0.0849,8.7696,0.0000,-12.5967,0.0000,12.6816,Right,0,0,0,0,86.667,0,0.000,ft_jnd,FrameTimeStutter,1,0,1,0,1,1,0.25,0.25,1.5,100,-10,100,1,5,250,40,5,250,50,1,6,11,0,0.06,4,0.05,50,8,4,2,2,100,144,5,5,300,1.05,1.05,6.0,2.0,10,6,6,-1,
19,P019,1,ft_jnd,FrameTimeStutter,195,1.07009,4.5417,2559.18,1144.92,0.000,0.000,2559.18,1144.92,0.0849,8.7696,0.0000,-12.5967,0.0000,12.6816,Right,0,0,0,0,86.667,0,0.000,ft_jnd,FrameTimeStutter,1,0,1,0,1,1,0.25,0.25,1.5,100,-10,100,1,5,250,40,5,250,50,1,6,11,0,0.06,4,0.05,50,8,4,2,2,100,144,5,5,300,1.05,1.05,6.0,2.0,10,6,6,-1,
19,P019,1,ft_jnd,FrameTimeStutter,196,1.07464,4.5498,2559.18,1144.92,0.000,0.000,2559.18,1144.92,0.0849,8.7696,0.0000,-12.5967,0.0000,12.6816,Right,0,0,0,0,86.667,0,0.000,ft_jnd,FrameTimeStutter,1,0,1,0,1,1,0.25,0.25,1.5,100,-10,100,1,5,250,40,5,250,50,1,6,11,0,0.06,4,0.05,50,8,4,2,2,100,144,5,5,300,1.05,1.05,6.0,2.0,10,6,6,-1,
19,P019,1,ft_jnd,FrameTimeStutter,197,1.07865,4.0091,2559.18,1144.92,0.000,0.000,2559.18,1144.92,0.0849,8.7696,0.0000,-12.5967,0.0000,12.6816,Right,0,0,0,0,86.667,0,0.000,ft_jnd,FrameTimeStutter,1,0,1,0,1,1,0.25,0.25,1.5,100,-10,100,1,5,250,40,5,250,50,1,6,11,0,0.06,4,0.05,50,8,4,2,2,100,144,5,5,300,1.05,1.05,6.0,2.0,10,6,6,-1,
19,P019,1,ft_jnd,FrameTimeStutter,198,1.08207,3.4199,2559.18,1144.92,0.000,0.000,2559.18,1144.92,0.0849,8.7696,0.0000,-12.5967,0.0000,12.6816,Right,0,0,0,0,86.667,0,0.000,ft_jnd,FrameTimeStutter,1,0,1,0,1,1,0.25,0.25,1.5,100,-10,100,1,5,250,40,5,250,50,1,6,11,0,0.06,4,0.05,50,8,4,2,2,100,144,5,5,300,1.05,1.05,6.0,2.0,10,6,6,-1,
19,P019,1,ft_jnd,FrameTimeStutter,199,1.08584,3.7747,2559.18,1144.92,0.000,0.000,2559.18,1144.92,0.0849,8.7696,0.0000,-12.5967,0.0000,12.6816,Right,0,0,0,0,86.667,0,0.000,ft_jnd,FrameTimeStutter,1,0,1,0,1,1,0.25,0.25,1.5,100,-10,100,1,5,250,40,5,250,50,1,6,11,0,0.06,4,0.05,50,8,4,2,2,100,144,5,5,300,1.05,1.05,6.0,2.0,10,6,6,-1,
19,P019,1,ft_jnd,FrameTimeStutter,200,1.08926,3.4156,2559.18,1144.92,0.000,0.000,2559.18,1144.92,0.0849,8.7696,0.0000,-12.5967,0.0000,12.6816,Right,0,0,0,0,86.667,0,0.000,ft_jnd,FrameTimeStutter,1,0,1,0,1,1,0.25,0.25,1.5,100,-10,100,1,5,250,40,5,250,50,1,6,11,0,0.06,4,0.05,50,8,4,2,2,100,144,5,5,300,1.05,1.05,6.0,2.0,10,6,6,-1,
19,P019,1,ft_jnd,FrameTimeStutter,201,1.09252,3.2628,2559.18,1144.92,0.000,0.000,2559.18,1144.92,0.0849,8.7696,0.0000,-12.5967,0.0000,12.6816,Right,0,0,0,0,86.667,0,0.000,ft_jnd,FrameTimeStutter,1,0,1,0,1,1,0.25,0.25,1.5,100,-10,100,1,5,250,40,5,250,50,1,6,11,0,0.06,4,0.05,50,8,4,2,2,100,144,5,5,300,1.05,1.05,6.0,2.0,10,6,6,-1,
19,P019,1,ft_jnd,FrameTimeStutter,202,1.09572,3.2031,2559.18,1144.92,0.000,0.000,2559.18,1144.92,0.0849,8.7696,0.0000,-12.5967,0.0000,12.6816,Right,0,0,0,0,86.667,0,0.000,ft_jnd,FrameTimeStutter,1,0,1,0,1,1,0.25,0.25,1.5,100,-10,100,1,5,250,40,5,250,50,1,6,11,0,0.06,4,0.05,50,8,4,2,2,100,144,5,5,300,1.05,1.05,6.0,2.0,10,6,6,-1,
19,P019,1,ft_jnd,FrameTimeStutter,203,1.09967,3.9461,2559.18,1144.92,0.000,0.000,2559.18,1144.92,0.0849,8.7696,0.0000,-12.5967,0.0000,12.6816,Right,0,0,0,0,86.667,0,0.000,ft_jnd,FrameTimeStutter,1,0,1,0,1,1,0.25,0.25,1.5,100,-10,100,1,5,250,40,5,250,50,1,6,11,0,0.06,4,0.05,50,8,4,2,2,100,144,5,5,300,1.05,1.05,6.0,2.0,10,6,6,-1,
19,P019,1,ft_jnd,FrameTimeStutter,204,1.10376,4.0934,2559.18,1144.92,0.000,0.000,2559.18,1144.92,0.0849,8.7696,0.0000,-12.5967,0.0000,12.6816,Right,0,0,0,0,86.667,0,0.000,ft_jnd,FrameTimeStutter,1,0,1,0,1,1,0.25,0.25,1.5,100,-10,100,1,5,250,40,5,250,50,1,6,11,0,0.06,4,0.05,50,8,4,2,2,100,144,5,5,300,1.05,1.05,6.0,2.0,10,6,6,-1,
19,P019,1,ft_jnd,FrameTimeStutter,205,1.10821,4.4492,2559.18,1144.92,0.000,0.000,2559.18,1144.92,0.0849,8.7696,0.0000,-12.5967,0.0000,12.6816,Right,0,0,0,0,86.667,0,0.000,ft_jnd,FrameTimeStutter,1,0,1,0,1,1,0.25,0.25,1.5,100,-10,100,1,5,250,40,5,250,50,1,6,11,0,0.06,4,0.05,50,8,4,2,2,100,144,5,5,300,1.05,1.05,6.0,2.0,10,6,6,-1,
19,P019,1,ft_jnd,FrameTimeStutter,206,1.11273,4.5148,2559.18,1144.92,0.000,0.000,2559.18,1144.92,0.0849,8.7696,0.0000,-12.5967,0.0000,12.6816,Right,0,0,0,0,86.667,0,0.000,ft_jnd,FrameTimeStutter,1,0,1,0,1,1,0.25,0.25,1.5,100,-10,100,1,5,250,40,5,250,50,1,6,11,0,0.06,4,0.05,50,8,4,2,2,100,144,5,5,300,1.05,1.05,6.0,2.0,10,6,6,-1,
19,P019,1,ft_jnd,FrameTimeStutter,207,1.11567,2.9438,2559.18,1144.92,0.000,0.000,2559.18,1144.92,0.0849,8.7696,0.0000,-12.5967,0.0000,12.6816,Right,0,0,0,0,86.667,0,0.000,ft_jnd,FrameTimeStutter,1,0,1,0,1,1,0.25,0.25,1.5,100,-10,100,1,5,250,40,5,250,50,1,6,11,0,0.06,4,0.05,50,8,4,2,2,100,144,5,5,300,1.05,1.05,6.0,2.0,10,6,6,-1,
19,P019,1,ft_jnd,FrameTimeStutter,208,1.12071,5.0371,2559.18,1144.92,0.000,0.000,2559.18,1144.92,0.0849,8.7696,0.0000,-12.5967,0.0000,12.6816,Right,0,0,0,0,86.667,0,0.000,ft_jnd,FrameTimeStutter,1,0,1,0,1,1,0.25,0.25,1.5,100,-10,100,1,5,250,40,5,250,50,1,6,11,0,0.06,4,0.05,50,8,4,2,2,100,144,5,5,300,1.05,1.05,6.0,2.0,10,6,6,-1,
19,P019,1,ft_jnd,FrameTimeStutter,209,1.12412,3.4146,2559.18,1144.92,0.000,0.000,2559.18,1144.92,0.0849,8.7696,0.0000,-12.5967,0.0000,12.6816,Right,0,0,0,0,86.667,0,0.000,ft_jnd,FrameTimeStutter,1,0,1,0,1,1,0.25,0.25,1.5,100,-10,100,1,5,250,40,5,250,50,1,6,11,0,0.06,4,0.05,50,8,4,2,2,100,144,5,5,300,1.05,1.05,6.0,2.0,10,6,6,-1,
19,P019,1,ft_jnd,FrameTimeStutter,210,1.12729,3.1687,2559.18,1144.92,0.000,0.000,2559.18,1144.92,0.0849,8.7696,0.0000,-12.5967,0.0000,12.6816,Right,0,0,0,0,86.667,0,0.000,ft_jnd,FrameTimeStutter,1,0,1,0,1,1,0.25,0.25,1.5,100,-10,100,1,5,250,40,5,250,50,1,6,11,0,0.06,4,0.05,50,8,4,2,2,100,144,5,5,300,1.05,1.05,6.0,2.0,10,6,6,-1,
19,P019,1,ft_jnd,FrameTimeStutter,211,1.13207,4.7747,2559.18,1144.92,0.000,0.000,2559.18,1144.92,0.0849,8.7696,0.0000,-12.5967,0.0000,12.6816,Right,0,0,0,0,86.667,0,0.000,ft_jnd,FrameTimeStutter,1,0,1,0,1,1,0.25,0.25,1.5,100,-10,100,1,5,250,40,5,250,50,1,6,11,0,0.06,4,0.05,50,8,4,2,2,100,144,5,5,300,1.05,1.05,6.0,2.0,10,6,6,-1,
19,P019,1,ft_jnd,FrameTimeStutter,212,1.13645,4.3871,2557.71,1144.92,-1.000,0.000,2557.71,1144.92,0.0579,8.7696,0.0000,-12.5967,0.0000,12.6816,Right,0,0,0,0,86.667,0,0.000,ft_jnd,FrameTimeStutter,1,0,1,0,1,1,0.25,0.25,1.5,100,-10,100,1,5,250,40,5,250,50,1,6,11,0,0.06,4,0.05,50,8,4,2,2,100,144,5,5,300,1.05,1.05,6.0,2.0,10,6,6,-1,
19,P019,1,ft_jnd,FrameTimeStutter,213,1.14045,3.9977,2557.71,1144.92,0.000,0.000,2557.71,1144.92,0.0579,8.7696,0.0000,-12.5967,0.0000,12.6546,Right,0,0,0,0,86.667,0,0.000,ft_jnd,FrameTimeStutter,1,0,1,0,1,1,0.25,0.25,1.5,100,-10,100,1,5,250,40,5,250,50,1,6,11,0,0.06,4,0.05,50,8,4,2,2,100,144,5,5,300,1.05,1.05,6.0,2.0,10,6,6,-1,
19,P019,1,ft_jnd,FrameTimeStutter,214,1.15533,14.8761,2550.33,1144.92,-5.000,0.000,2550.33,1144.92,-0.0770,8.7696,0.0000,-12.5967,0.0000,12.6546,Right,0,0,0,0,86.667,0,0.000,ft_jnd,FrameTimeStutter,1,0,1,0,1,1,0.25,0.25,1.5,100,-10,100,1,5,250,40,5,250,50,1,6,11,0,0.06,4,0.05,50,8,4,2,2,100,144,5,5,300,1.05,1.05,6.0,2.0,10,6,6,-1,
19,P019,1,ft_jnd,FrameTimeStutter,215,1.16317,7.8460,2537.05,1144.92,-9.000,0.000,2537.05,1144.92,-0.3198,8.7696,0.0000,-12.5967,0.0000,12.5197,Right,0,0,0,0,86.667,0,0.000,ft_jnd,FrameTimeStutter,1,0,1,0,1,1,0.25,0.25,1.5,100,-10,100,1,5,250,40,5,250,50,1,6,11,0,0.06,4,0.05,50,8,4,2,2,100,144,5,5,300,1.05,1.05,6.0,2.0,10,6,6,-1,
19,P019,1,ft_jnd,FrameTimeStutter,216,1.17814,14.9653,2498.69,1147.87,-26.000,2.000,2498.69,1147.87,-1.0212,8.8235,0.0000,-12.5967,0.0000,12.2769,Right,0,0,0,0,86.667,0,0.000,ft_jnd,FrameTimeStutter,1,0,1,0,1,1,0.25,0.25,1.5,100,-10,100,1,5,250,40,5,250,50,1,6,11,0,0.06,4,0.05,50,8,4,2,2,100,144,5,5,300,1.05,1.05,6.0,2.0,10,6,6,-1,
19,P019,1,ft_jnd,FrameTimeStutter,217,1.19329,15.1499,2439.67,1153.77,-40.000,4.000,2439.67,1153.77,-2.1003,8.9315,0.0000,-12.5967,0.0000,11.5755,Right,0,0,0,0,86.667,0,0.000,ft_jnd,FrameTimeStutter,1,0,1,0,1,1,0.25,0.25,1.5,100,-10,100,1,5,250,40,5,250,50,1,6,11,0,0.06,4,0.05,50,8,4,2,2,100,144,5,5,300,1.05,1.05,6.0,2.0,10,6,6,-1,
19,P019,1,ft_jnd,FrameTimeStutter,218,1.20857,15.2806,2364.43,1164.10,-51.000,7.000,2364.43,1164.10,-3.4762,9.1203,0.0000,-12.5967,0.0000,10.4963,Right,0,0,0,0,86.667,0,0.000,ft_jnd,FrameTimeStutter,1,0,1,0,1,1,0.25,0.25,1.5,100,-10,100,1,5,250,40,5,250,50,1,6,11,0,0.06,4,0.05,50,8,4,2,2,100,144,5,5,300,1.05,1.05,6.0,2.0,10,6,6,-1,
19,P019,1,ft_jnd,FrameTimeStutter,219,1.22329,14.7239,2290.66,1174.43,-50.000,7.000,2290.66,1174.43,-4.8251,9.3091,0.0000,-12.5967,0.0000,9.1205,Right,0,0,0,0,86.667,0,0.000,ft_jnd,FrameTimeStutter,1,0,1,0,1,1,0.25,0.25,1.5,100,-10,100,1,5,250,40,5,250,50,1,6,11,0,0.06,4,0.05,50,8,4,2,2,100,144,5,5,300,1.05,1.05,6.0,2.0,10,6,6,-1,
19,P019,1,ft_jnd,FrameTimeStutter,220,1.23843,15.1346,2221.31,1187.71,-47.000,9.000,2221.31,1187.71,-6.0931,9.5519,0.0000,-12.5967,0.0000,7.7715,Right,0,0,0,0,86.667,0,0.000,ft_jnd,FrameTimeStutter,1,0,1,0,1,1,0.25,0.25,1.5,100,-10,100,1,5,250,40,5,250,50,1,6,11,0,0.06,4,0.05,50,8,4,2,2,100,144,5,5,300,1.05,1.05,6.0,2.0,10,6,6,-1,
19,P019,1,ft_jnd,FrameTimeStutter,221,1.25316,14.7304,2181.48,1193.61,-27.000,4.000,2181.48,1193.61,-6.8215,9.6598,0.0000,-12.5967,0.0000,6.5036,Right,0,0,0,0,86.667,0,0.000,ft_jnd,FrameTimeStutter,1,0,1,0,1,1,0.25,0.25,1.5,100,-10,100,1,5,250,40,5,250,50,1,6,11,0,0.06,4,0.05,50,8,4,2,2,100,144,5,5,300,1.05,1.05,6.0,2.0,10,6,6,-1,
19,P019,1,ft_jnd,FrameTimeStutter,222,1.26813,14.9717,2084.10,1208.36,-66.000,10.000,2084.10,1208.36,-8.6021,9.9296,0.0000,-12.5967,0.0000,5.7752,Right,0,0,0,0,86.667,0,0.000,ft_jnd,FrameTimeStutter,1,0,1,0,1,1,0.25,0.25,1.5,100,-10,100,1,5,250,40,5,250,50,1,6,11,0,0.06,4,0.05,50,8,4,2,2,100,144,5,5,300,1.05,1.05,6.0,2.0,10,6,6,-1,
19,P019,1,ft_jnd,FrameTimeStutter,223,1.28294,14.8085,1938.03,1223.12,-99.000,10.000,1938.03,1223.12,-11.2729,10.1994,0.0000,-12.5967,0.0000,3.9946,Right,0,0,0,0,86.667,0,0.000,ft_jnd,FrameTimeStutter,1,0,1,0,1,1,0.25,0.25,1.5,100,-10,100,1,5,250,40,5,250,50,1,6,11,0,0.06,4,0.05,50,8,4,2,2,100,144,5,5,300,1.05,1.05,6.0,2.0,10,6,6,-1,
19,P019,1,ft_jnd,FrameTimeStutter,224,1.29808,15.1427,1747.71,1237.87,-129.000,10.000,1747.71,1237.87,-14.7531,10.4692,0.0000,-12.5967,0.0000,1.3237,Right,0,0,0,0,86.667,0,0.000,ft_jnd,FrameTimeStutter,1,0,1,0,1,1,0.25,0.25,1.5,100,-10,100,1,5,250,40,5,250,50,1,6,11,0,0.06,4,0.05,50,8,4,2,2,100,144,5,5,300,1.05,1.05,6.0,2.0,10,6,6,-1,
19,P019,1,ft_jnd,FrameTimeStutter,225,1.31321,15.1329,1603.12,1234.92,-98.000,-2.000,1603.12,1234.92,-17.3970,10.4152,0.0000,-12.5967,0.0000,-2.1564,Left,0,0,0,0,86.667,1,86.667,ft_jnd,FrameTimeStutter,1,0,1,0,1,1,0.25,0.25,1.5,100,-10,100,1,5,250,40,5,250,50,1,6,11,0,0.06,4,0.05,50,8,4,2,2,100,144,5,5,300,1.05,1.05,6.0,2.0,10,6,6,-1,
19,P019,1,ft_jnd,FrameTimeStutter,226,1.41496,101.7482,1582.46,1229.02,-14.000,-4.000,1582.46,1229.02,-17.7747,10.3073,0.0000,-12.5967,0.0000,-4.8003,Left,0,0,0,0,86.667,0,0.000,ft_jnd,FrameTimeStutter,1,0,1,0,1,1,0.25,0.25,1.5,100,-10,100,1,5,250,40,5,250,50,1,6,11,0,0.06,4,0.05,50,8,4,2,2,100,144,5,5,300,1.05,1.05,6.0,2.0,10,6,6,-1,
19,P019,1,ft_jnd,FrameTimeStutter,227,1.42889,13.9338,1582.46,1229.02,0.000,0.000,1582.46,1229.02,-17.7747,10.3073,0.0000,-12.5967,0.0000,-5.1780,Left,0,0,0,0,86.667,0,0.000,ft_jnd,FrameTimeStutter,1,0,1,0,1,1,0.25,0.25,1.5,100,-10,100,1,5,250,40,5,250,50,1,6,11,0,0.06,4,0.05,50,8,4,2,2,100,144,5,5,300,1.05,1.05,6.0,2.0,10,6,6,-1,
19,P019,1,ft_jnd,FrameTimeStutter,228,1.44253,13.6314,1582.46,1229.02,0.000,0.000,1582.46,1229.02,-17.7747,10.3073,0.0000,-12.5967,0.0000,-5.1780,Left,0,0,0,0,86.667,0,0.000,ft_jnd,FrameTimeStutter,1,0,1,0,1,1,0.25,0.25,1.5,100,-10,100,1,5,250,40,5,250,50,1,6,11,0,0.06,4,0.05,50,8,4,2,2,100,144,5,5,300,1.05,1.05,6.0,2.0,10,6,6,-1,
19,P019,1,ft_jnd,FrameTimeStutter,229,1.44680,4.2697,1582.46,1229.02,0.000,0.000,1582.46,1229.02,-17.7747,10.3073,0.0000,-12.5967,0.0000,-5.1780,Left,0,0,0,0,86.667,0,0.000,ft_jnd,FrameTimeStutter,1,0,1,0,1,1,0.25,0.25,1.5,100,-10,100,1,5,250,40,5,250,50,1,6,11,0,0.06,4,0.05,50,8,4,2,2,100,144,5,5,300,1.05,1.05,6.0,2.0,10,6,6,-1,
19,P019,1,ft_jnd,FrameTimeStutter,230,1.45084,4.0399,1582.46,1229.02,0.000,0.000,1582.46,1229.02,-17.7747,10.3073,0.0000,-12.5967,0.0000,-5.1780,Left,0,0,0,0,86.667,0,0.000,ft_jnd,FrameTimeStutter,1,0,1,0,1,1,0.25,0.25,1.5,100,-10,100,1,5,250,40,5,250,50,1,6,11,0,0.06,4,0.05,50,8,4,2,2,100,144,5,5,300,1.05,1.05,6.0,2.0,10,6,6,-1,
19,P019,1,ft_jnd,FrameTimeStutter,231,1.45485,4.0182,1582.46,1229.02,0.000,0.000,1582.46,1229.02,-17.7747,10.3073,0.0000,-12.5967,0.0000,-5.1780,Left,0,0,0,0,86.667,0,0.000,ft_jnd,FrameTimeStutter,1,0,1,0,1,1,0.25,0.25,1.5,100,-10,100,1,5,250,40,5,250,50,1,6,11,0,0.06,4,0.05,50,8,4,2,2,100,144,5,5,300,1.05,1.05,6.0,2.0,10,6,6,-1,
19,P019,1,ft_jnd,FrameTimeStutter,232,1.45886,4.0110,1582.46,1229.02,0.000,0.000,1582.46,1229.02,-17.7747,10.3073,0.0000,-12.5967,0.0000,-5.1780,Left,0,0,0,0,86.667,0,0.000,ft_jnd,FrameTimeStutter,1,0,1,0,1,1,0.25,0.25,1.5,100,-10,100,1,5,250,40,5,250,50,1,6,11,0,0.06,4,0.05,50,8,4,2,2,100,144,5,5,300,1.05,1.05,6.0,2.0,10,6,6,-1,
19,P019,1,ft_jnd,FrameTimeStutter,233,1.46245,3.5885,1582.46,1229.02,0.000,0.000,1582.46,1229.02,-17.7747,10.3073,0.0000,-12.5967,0.0000,-5.1780,Left,0,0,0,0,86.667,0,0.000,ft_jnd,FrameTimeStutter,1,0,1,0,1,1,0.25,0.25,1.5,100,-10,100,1,5,250,40,5,250,50,1,6,11,0,0.06,4,0.05,50,8,4,2,2,100,144,5,5,300,1.05,1.05,6.0,2.0,10,6,6,-1,
19,P019,1,ft_jnd,FrameTimeStutter,234,1.46733,4.8805,1582.46,1229.02,0.000,0.000,1582.46,1229.02,-17.7747,10.3073,0.0000,-12.5967,0.0000,-5.1780,Left,0,0,0,0,86.667,0,0.000,ft_jnd,FrameTimeStutter,1,0,1,0,1,1,0.25,0.25,1.5,100,-10,100,1,5,250,40,5,250,50,1,6,11,0,0.06,4,0.05,50,8,4,2,2,100,144,5,5,300,1.05,1.05,6.0,2.0,10,6,6,-1,
19,P019,1,ft_jnd,FrameTimeStutter,235,1.47299,5.6572,1582.46,1229.02,0.000,0.000,1582.46,1229.02,-17.7747,10.3073,0.0000,-12.5967,0.0000,-5.1780,Left,0,0,0,0,86.667,0,0.000,ft_jnd,FrameTimeStutter,1,0,1,0,1,1,0.25,0.25,1.5,100,-10,100,1,5,250,40,5,250,50,1,6,11,0,0.06,4,0.05,50,8,4,2,2,100,144,5,5,300,1.05,1.05,6.0,2.0,10,6,6,-1,
19,P019,1,ft_jnd,FrameTimeStutter,236,1.47607,3.0809,1582.46,1229.02,0.000,0.000,1582.46,1229.02,-17.7747,10.3073,0.0000,-12.5967,0.0000,-5.1780,Left,0,0,0,0,86.667,0,0.000,ft_jnd,FrameTimeStutter,1,0,1,0,1,1,0.25,0.25,1.5,100,-10,100,1,5,250,40,5,250,50,1,6,11,0,0.06,4,0.05,50,8,4,2,2,100,144,5,5,300,1.05,1.05,6.0,2.0,10,6,6,-1,
19,P019,1,ft_jnd,FrameTimeStutter,237,1.47942,3.3497,1582.46,1229.02,0.000,0.000,1582.46,1229.02,-17.7747,10.3073,0.0000,-12.5967,0.0000,-5.1780,Left,0,0,0,0,86.667,0,0.000,ft_jnd,FrameTimeStutter,1,0,1,0,1,1,0.25,0.25,1.5,100,-10,100,1,5,250,40,5,250,50,1,6,11,0,0.06,4,0.05,50,8,4,2,2,100,144,5,5,300,1.05,1.05,6.0,2.0,10,6,6,-1,
19,P019,1,ft_jnd,FrameTimeStutter,238,1.48391,4.4891,1582.46,1229.02,0.000,0.000,1582.46,1229.02,-17.7747,10.3073,0.0000,-12.5967,0.0000,-5.1780,Left,0,0,0,0,86.667,0,0.000,ft_jnd,FrameTimeStutter,1,0,1,0,1,1,0.25,0.25,1.5,100,-10,100,1,5,250,40,5,250,50,1,6,11,0,0.06,4,0.05,50,8,4,2,2,100,144,5,5,300,1.05,1.05,6.0,2.0,10,6,6,-1,
19,P019,1,ft_jnd,FrameTimeStutter,239,1.48726,3.3512,1582.46,1229.02,0.000,0.000,1582.46,1229.02,-17.7747,10.3073,0.0000,-12.5967,0.0000,-5.1780,Left,0,0,0,0,86.667,0,0.000,ft_jnd,FrameTimeStutter,1,0,1,0,1,1,0.25,0.25,1.5,100,-10,100,1,5,250,40,5,250,50,1,6,11,0,0.06,4,0.05,50,8,4,2,2,100,144,5,5,300,1.05,1.05,6.0,2.0,10,6,6,-1,
19,P019,1,ft_jnd,FrameTimeStutter,240,1.49175,4.4885,1582.46,1229.02,0.000,0.000,1582.46,1229.02,-17.7747,10.3073,0.0000,-12.5967,0.0000,-5.1780,Left,0,0,0,0,86.667,0,0.000,ft_jnd,FrameTimeStutter,1,0,1,0,1,1,0.25,0.25,1.5,100,-10,100,1,5,250,40,5,250,50,1,6,11,0,0.06,4,0.05,50,8,4,2,2,100,144,5,5,300,1.05,1.05,6.0,2.0,10,6,6,-1,
19,P019,1,ft_jnd,FrameTimeStutter,241,1.49610,4.3500,1582.46,1229.02,0.000,0.000,1582.46,1229.02,-17.7747,10.3073,0.0000,-12.5967,0.0000,-5.1780,Left,0,0,0,0,86.667,0,0.000,ft_jnd,FrameTimeStutter,1,0,1,0,1,1,0.25,0.25,1.5,100,-10,100,1,5,250,40,5,250,50,1,6,11,0,0.06,4,0.05,50,8,4,2,2,100,144,5,5,300,1.05,1.05,6.0,2.0,10,6,6,-1,
19,P019,1,ft_jnd,FrameTimeStutter,242,1.50034,4.2447,1582.46,1229.02,0.000,0.000,1582.46,1229.02,-17.7747,10.3073,0.0000,-12.5967,0.0000,-5.1780,Left,0,0,0,0,86.667,0,0.000,ft_jnd,FrameTimeStutter,1,0,1,0,1,1,0.25,0.25,1.5,100,-10,100,1,5,250,40,5,250,50,1,6,11,0,0.06,4,0.05,50,8,4,2,2,100,144,5,5,300,1.05,1.05,6.0,2.0,10,6,6,-1,
19,P019,1,ft_jnd,FrameTimeStutter,243,1.50449,4.1477,1582.46,1229.02,0.000,0.000,1582.46,1229.02,-17.7747,10.3073,0.0000,-12.5967,0.0000,-5.1780,Left,0,0,0,0,86.667,0,0.000,ft_jnd,FrameTimeStutter,1,0,1,0,1,1,0.25,0.25,1.5,100,-10,100,1,5,250,40,5,250,50,1,6,11,0,0.06,4,0.05,50,8,4,2,2,100,144,5,5,300,1.05,1.05,6.0,2.0,10,6,6,-1,
19,P019,1,ft_jnd,FrameTimeStutter,244,1.50855,4.0577,1582.46,1229.02,0.000,0.000,1582.46,1229.02,-17.7747,10.3073,0.0000,-12.5967,0.0000,-5.1780,Left,0,0,0,0,86.667,0,0.000,ft_jnd,FrameTimeStutter,1,0,1,0,1,1,0.25,0.25,1.5,100,-10,100,1,5,250,40,5,250,50,1,6,11,0,0.06,4,0.05,50,8,4,2,2,100,144,5,5,300,1.05,1.05,6.0,2.0,10,6,6,-1,
19,P019,1,ft_jnd,FrameTimeStutter,245,1.51296,4.4083,1582.46,1229.02,0.000,0.000,1582.46,1229.02,-17.7747,10.3073,0.0000,-12.5967,0.0000,-5.1780,Left,0,0,0,0,86.667,0,0.000,ft_jnd,FrameTimeStutter,1,0,1,0,1,1,0.25,0.25,1.5,100,-10,100,1,5,250,40,5,250,50,1,6,11,0,0.06,4,0.05,50,8,4,2,2,100,144,5,5,300,1.05,1.05,6.0,2.0,10,6,6,-1,
19,P019,1,ft_jnd,FrameTimeStutter,246,1.51588,2.9200,1582.46,1229.02,0.000,0.000,1582.46,1229.02,-17.7747,10.3073,0.0000,-12.5967,0.0000,-5.1780,Left,0,0,0,0,86.667,0,0.000,ft_jnd,FrameTimeStutter,1,0,1,0,1,1,0.25,0.25,1.5,100,-10,100,1,5,250,40,5,250,50,1,6,11,0,0.06,4,0.05,50,8,4,2,2,100,144,5,5,300,1.05,1.05,6.0,2.0,10,6,6,-1,
19,P019,1,ft_jnd,FrameTimeStutter,247,1.52073,4.8524,1582.46,1229.02,0.000,0.000,1582.46,1229.02,-17.7747,10.3073,0.0000,-12.5967,0.0000,-5.1780,Left,0,0,0,0,86.667,0,0.000,ft_jnd,FrameTimeStutter,1,0,1,0,1,1,0.25,0.25,1.5,100,-10,100,1,5,250,40,5,250,50,1,6,11,0,0.06,4,0.05,50,8,4,2,2,100,144,5,5,300,1.05,1.05,6.0,2.0,10,6,6,-1,
19,P019,1,ft_jnd,FrameTimeStutter,248,1.52517,4.4362,1582.46,1229.02,0.000,0.000,1582.46,1229.02,-17.7747,10.3073,0.0000,-12.5967,0.0000,-5.1780,Left,0,0,0,0,86.667,0,0.000,ft_jnd,FrameTimeStutter,1,0,1,0,1,1,0.25,0.25,1.5,100,-10,100,1,5,250,40,5,250,50,1,6,11,0,0.06,4,0.05,50,8,4,2,2,100,144,5,5,300,1.05,1.05,6.0,2.0,10,6,6,-1,
19,P019,1,ft_jnd,FrameTimeStutter,249,1.52920,4.0346,1582.46,1229.02,0.000,0.000,1582.46,1229.02,-17.7747,10.3073,0.0000,-12.5967,0.0000,-5.1780,Left,0,0,0,0,86.667,0,0.000,ft_jnd,FrameTimeStutter,1,0,1,0,1,1,0.25,0.25,1.5,100,-10,100,1,5,250,40,5,250,50,1,6,11,0,0.06,4,0.05,50,8,4,2,2,100,144,5,5,300,1.05,1.05,6.0,2.0,10,6,6,-1,
19,P019,1,ft_jnd,FrameTimeStutter,250,1.53364,4.4360,1582.46,1229.02,0.000,0.000,1582.46,1229.02,-17.7747,10.3073,0.0000,-12.5967,0.0000,-5.1780,Left,0,0,0,0,86.667,0,0.000,ft_jnd,FrameTimeStutter,1,0,1,0,1,1,0.25,0.25,1.5,100,-10,100,1,5,250,40,5,250,50,1,6,11,0,0.06,4,0.05,50,8,4,2,2,100,144,5,5,300,1.05,1.05,6.0,2.0,10,6,6,-1,
19,P019,1,ft_jnd,FrameTimeStutter,251,1.53696,3.3190,1582.46,1229.02,0.000,0.000,1582.46,1229.02,-17.7747,10.3073,0.0000,-12.5967,0.0000,-5.1780,Left,0,0,0,0,86.667,0,0.000,ft_jnd,FrameTimeStutter,1,0,1,0,1,1,0.25,0.25,1.5,100,-10,100,1,5,250,40,5,250,50,1,6,11,0,0.06,4,0.05,50,8,4,2,2,100,144,5,5,300,1.05,1.05,6.0,2.0,10,6,6,-1,
19,P019,1,ft_jnd,FrameTimeStutter,252,1.54104,4.0825,1582.46,1229.02,0.000,0.000,1582.46,1229.02,-17.7747,10.3073,0.0000,-12.5967,0.0000,-5.1780,Left,0,0,0,0,86.667,0,0.000,ft_jnd,FrameTimeStutter,1,0,1,0,1,1,0.25,0.25,1.5,100,-10,100,1,5,250,40,5,250,50,1,6,11,0,0.06,4,0.05,50,8,4,2,2,100,144,5,5,300,1.05,1.05,6.0,2.0,10,6,6,-1,
19,P019,1,ft_jnd,FrameTimeStutter,253,1.54439,3.3545,1582.46,1229.02,0.000,0.000,1582.46,1229.02,-17.7747,10.3073,0.0000,-12.5967,0.0000,-5.1780,Left,0,0,0,0,86.667,0,0.000,ft_jnd,FrameTimeStutter,1,0,1,0,1,1,0.25,0.25,1.5,100,-10,100,1,5,250,40,5,250,50,1,6,11,0,0.06,4,0.05,50,8,4,2,2,100,144,5,5,300,1.05,1.05,6.0,2.0,10,6,6,-1,
19,P019,1,ft_jnd,FrameTimeStutter,254,1.54806,3.6698,1582.46,1229.02,0.000,0.000,1582.46,1229.02,-17.7747,10.3073,0.0000,-12.5967,0.0000,-5.1780,Left,0,0,0,0,86.667,0,0.000,ft_jnd,FrameTimeStutter,1,0,1,0,1,1,0.25,0.25,1.5,100,-10,100,1,5,250,40,5,250,50,1,6,11,0,0.06,4,0.05,50,8,4,2,2,100,144,5,5,300,1.05,1.05,6.0,2.0,10,6,6,-1,
19,P019,1,ft_jnd,FrameTimeStutter,255,1.55157,3.5050,1582.46,1229.02,0.000,0.000,1582.46,1229.02,-17.7747,10.3073,0.0000,-12.5967,0.0000,-5.1780,Left,0,0,0,0,86.667,0,0.000,ft_jnd,FrameTimeStutter,1,0,1,0,1,1,0.25,0.25,1.5,100,-10,100,1,5,250,40,5,250,50,1,6,11,0,0.06,4,0.05,50,8,4,2,2,100,144,5,5,300,1.05,1.05,6.0,2.0,10,6,6,-1,
19,P019,1,ft_jnd,FrameTimeStutter,256,1.55594,4.3744,1582.46,1229.02,0.000,0.000,1582.46,1229.02,-17.7747,10.3073,0.0000,-12.5967,0.0000,-5.1780,Left,0,0,0,0,86.667,0,0.000,ft_jnd,FrameTimeStutter,1,0,1,0,1,1,0.25,0.25,1.5,100,-10,100,1,5,250,40,5,250,50,1,6,11,0,0.06,4,0.05,50,8,4,2,2,100,144,5,5,300,1.05,1.05,6.0,2.0,10,6,6,-1,
19,P019,1,ft_jnd,FrameTimeStutter,257,1.56025,4.3096,1582.46,1229.02,0.000,0.000,1582.46,1229.02,-17.7747,10.3073,0.0000,-12.5967,0.0000,-5.1780,Left,0,0,0,0,86.667,0,0.000,ft_jnd,FrameTimeStutter,1,0,1,0,1,1,0.25,0.25,1.5,100,-10,100,1,5,250,40,5,250,50,1,6,11,0,0.06,4,0.05,50,8,4,2,2,100,144,5,5,300,1.05,1.05,6.0,2.0,10,6,6,-1,
19,P019,1,ft_jnd,FrameTimeStutter,258,1.56426,4.0058,1582.46,1229.02,0.000,0.000,1582.46,1229.02,-17.7747,10.3073,0.0000,-12.5967,0.0000,-5.1780,Left,0,0,0,0,86.667,0,0.000,ft_jnd,FrameTimeStutter,1,0,1,0,1,1,0.25,0.25,1.5,100,-10,100,1,5,250,40,5,250,50,1,6,11,0,0.06,4,0.05,50,8,4,2,2,100,144,5,5,300,1.05,1.05,6.0,2.0,10,6,6,-1,
19,P019,1,ft_jnd,FrameTimeStutter,259,1.56860,4.3395,1582.46,1230.49,0.000,1.000,1582.46,1230.49,-17.7747,10.3343,0.0000,-12.5967,0.0000,-5.1780,Left,0,0,0,0,86.667,0,0.000,ft_jnd,FrameTimeStutter,1,0,1,0,1,1,0.25,0.25,1.5,100,-10,100,1,5,250,40,5,250,50,1,6,11,0,0.06,4,0.05,50,8,4,2,2,100,144,5,5,300,1.05,1.05,6.0,2.0,10,6,6,-1,
19,P019,1,ft_jnd,FrameTimeStutter,260,1.57294,4.3444,1582.46,1230.49,0.000,0.000,1582.46,1230.49,-17.7747,10.3343,0.0000,-12.5967,0.0000,-5.1780,Left,0,0,0,0,86.667,0,0.000,ft_jnd,FrameTimeStutter,1,0,1,0,1,1,0.25,0.25,1.5,100,-10,100,1,5,250,40,5,250,50,1,6,11,0,0.06,4,0.05,50,8,4,2,2,100,144,5,5,300,1.05,1.05,6.0,2.0,10,6,6,-1,
19,P019,1,ft_jnd,FrameTimeStutter,261,1.58738,14.4408,1552.95,1274.75,-20.000,30.000,1552.95,1274.75,-18.3143,11.1436,0.0000,-12.5967,0.0000,-5.1780,Left,0,0,0,0,86.667,0,0.000,ft_jnd,FrameTimeStutter,1,0,1,0,1,1,0.25,0.25,1.5,100,-10,100,1,5,250,40,5,250,50,1,6,11,0,0.06,4,0.05,50,8,4,2,2,100,144,5,5,300,1.05,1.05,6.0,2.0,10,6,6,-1,
19,P019,1,ft_jnd,FrameTimeStutter,262,1.59446,7.0760,1550.00,1274.75,-2.000,0.000,1550.00,1274.75,-18.3682,11.1436,0.0000,-12.5967,0.0000,-5.7176,Left,0,0,0,0,86.667,0,0.000,ft_jnd,FrameTimeStutter,1,0,1,0,1,1,0.25,0.25,1.5,100,-10,100,1,5,250,40,5,250,50,1,6,11,0,0.06,4,0.05,50,8,4,2,2,100,144,5,5,300,1.05,1.05,6.0,2.0,10,6,6,-1,
19,P019,1,ft_jnd,FrameTimeStutter,263,1.60985,15.3869,1517.54,1280.66,-22.000,4.000,1517.54,1280.66,-18.9617,11.2515,0.0000,-12.5967,0.0000,-5.7715,Left,0,0,0,0,86.667,0,0.000,ft_jnd,FrameTimeStutter,1,0,1,0,1,1,0.25,0.25,1.5,100,-10,100,1,5,250,40,5,250,50,1,6,11,0,0.06,4,0.05,50,8,4,2,2,100,144,5,5,300,1.05,1.05,6.0,2.0,10,6,6,-1,
19,P019,1,ft_jnd,FrameTimeStutter,264,1.62503,15.1836,1502.79,1285.08,-10.000,3.000,1502.79,1285.08,-19.2315,11.3325,0.0000,-12.5967,0.0000,-6.3651,Left,0,0,0,0,86.667,0,0.000,ft_jnd,FrameTimeStutter,1,0,1,0,1,1,0.25,0.25,1.5,100,-10,100,1,5,250,40,5,250,50,1,6,11,0,0.06,4,0.05,50,8,4,2,2,100,144,5,5,300,1.05,1.05,6.0,2.0,10,6,6,-1,
19,P019,1,ft_jnd,FrameTimeStutter,265,1.63943,14.4009,1504.26,1285.08,1.000,0.000,1504.26,1285.08,-19.2045,11.3325,0.0000,-12.5967,0.0000,-6.6348,Left,0,0,0,0,86.667,0,0.000,ft_jnd,FrameTimeStutter,1,0,1,0,1,1,0.25,0.25,1.5,100,-10,100,1,5,250,40,5,250,50,1,6,11,0,0.06,4,0.05,50,8,4,2,2,100,144,5,5,300,1.05,1.05,6.0,2.0,10,6,6,-1,
19,P019,1,ft_jnd,FrameTimeStutter,266,1.65342,13.9919,1505.74,1285.08,6.000,0.000,1505.74,1285.08,-19.1776,11.3325,0.0000,-12.5967,0.0000,-6.6079,Left,0,0,0,0,86.667,0,0.000,ft_jnd,FrameTimeStutter,1,0,1,0,1,1,0.25,0.25,1.5,100,-10,100,1,5,250,40,5,250,50,1,6,11,0,0.06,4,0.05,50,8,4,2,2,100,144,5,5,300,1.05,1.05,6.0,2.0,10,6,6,-1,
19,P019,1,ft_jnd,FrameTimeStutter,267,1.66831,14.8919,1527.87,1285.08,10.000,0.000,1527.87,1285.08,-18.7729,11.3325,0.0000,-12.5967,0.0000,-6.5809,Left,0,0,0,0,86.667,0,0.000,ft_jnd,FrameTimeStutter,1,0,1,0,1,1,0.25,0.25,1.5,100,-10,100,1,5,250,40,5,250,50,1,6,11,0,0.06,4,0.05,50,8,4,2,2,100,144,5,5,300,1.05,1.05,6.0,2.0,10,6,6,-1,
19,P019,1,ft_jnd,FrameTimeStutter,268,1.68288,14.5638,1597.21,1292.46,47.000,5.000,1597.21,1292.46,-17.5049,11.4674,0.0000,-12.5967,0.0000,-6.1762,Left,0,0,0,0,86.667,0,0.000,ft_jnd,FrameTimeStutter,1,0,1,0,1,1,0.25,0.25,1.5,100,-10,100,1,5,250,40,5,250,50,1,6,11,0,0.06,4,0.05,50,8,4,2,2,100,144,5,5,300,1.05,1.05,6.0,2.0,10,6,6,-1,
19,P019,1,ft_jnd,FrameTimeStutter,269,1.69700,14.1195,1725.57,1305.74,87.000,9.000,1725.57,1305.74,-15.1578,11.7102,0.0000,-12.5967,0.0000,-4.9082,Left,0,0,0,0,86.667,0,0.000,ft_jnd,FrameTimeStutter,1,0,1,0,1,1,0.25,0.25,1.5,100,-10,100,1,5,250,40,5,250,50,1,6,11,0,0.06,4,0.05,50,8,4,2,2,100,144,5,5,300,1.05,1.05,6.0,2.0,10,6,6,-1,
19,P019,1,ft_jnd,FrameTimeStutter,270,1.71224,15.2428,1912.95,1321.97,127.000,11.000,1912.95,1321.97,-11.7316,12.0069,0.0000,-12.5967,0.0000,-2.5611,Left,0,0,0,0,86.667,0,0.000,ft_jnd,FrameTimeStutter,1,0,1,0,1,1,0.25,0.25,1.5,100,-10,100,1,5,250,40,5,250,50,1,6,11,0,0.06,4,0.05,50,8,4,2,2,100,144,5,5,300,1.05,1.05,6.0,2.0,10,6,6,-1,
19,P019,1,ft_jnd,FrameTimeStutter,271,1.72772,15.4817,2140.16,1339.67,154.000,12.000,2140.16,1339.67,-7.5769,12.3307,0.0000,-12.5967,0.0000,0.8651,Right,0,0,0,0,86.667,1,86.667,ft_jnd,FrameTimeStutter,1,0,1,0,1,1,0.25,0.25,1.5,100,-10,100,1,5,250,40,5,250,50,1,6,11,0,0.06,4,0.05,50,8,4,2,2,100,144,5,5,300,1.05,1.05,6.0,2.0,10,6,6,-1,
19,P019,1,ft_jnd,FrameTimeStutter,272,1.82960,101.8778,2559.18,1361.80,497.000,15.000,2559.18,1361.80,0.0849,12.7353,0.0000,-12.5967,0.0000,5.0198,Right,0,0,0,0,86.667,0,0.000,ft_jnd,FrameTimeStutter,1,0,1,0,1,1,0.25,0.25,1.5,100,-10,100,1,5,250,40,5,250,50,1,6,11,0,0.06,4,0.05,50,8,4,2,2,100,144,5,5,300,1.05,1.05,6.0,2.0,10,6,6,-1,
19,P019,1,ft_jnd,FrameTimeStutter,273,1.84407,14.4689,2559.18,1361.80,0.000,0.000,2559.18,1361.80,0.0849,12.7353,0.0000,-12.5967,0.0000,12.6816,Right,0,0,0,0,86.667,0,0.000,ft_jnd,FrameTimeStutter,1,0,1,0,1,1,0.25,0.25,1.5,100,-10,100,1,5,250,40,5,250,50,1,6,11,0,0.06,4,0.05,50,8,4,2,2,100,144,5,5,300,1.05,1.05,6.0,2.0,10,6,6,-1,
19,P019,1,ft_jnd,FrameTimeStutter,274,1.85916,15.0916,2559.18,1361.80,0.000,0.000,2559.18,1361.80,0.0849,12.7353,0.0000,-12.5967,0.0000,12.6816,Right,0,0,0,0,86.667,0,0.000,ft_jnd,FrameTimeStutter,1,0,1,0,1,1,0.25,0.25,1.5,100,-10,100,1,5,250,40,5,250,50,1,6,11,0,0.06,4,0.05,50,8,4,2,2,100,144,5,5,300,1.05,1.05,6.0,2.0,10,6,6,-1,
19,P019,1,ft_jnd,FrameTimeStutter,275,1.86191,2.7529,2559.18,1361.80,0.000,0.000,2559.18,1361.80,0.0849,12.7353,0.0000,-12.5967,0.0000,12.6816,Right,0,0,0,0,86.667,0,0.000,ft_jnd,FrameTimeStutter,1,0,1,0,1,1,0.25,0.25,1.5,100,-10,100,1,5,250,40,5,250,50,1,6,11,0,0.06,4,0.05,50,8,4,2,2,100,144,5,5,300,1.05,1.05,6.0,2.0,10,6,6,-1,
19,P019,1,ft_jnd,FrameTimeStutter,276,1.86663,4.7191,2559.18,1361.80,0.000,0.000,2559.18,1361.80,0.0849,12.7353,0.0000,-12.5967,0.0000,12.6816,Right,0,0,0,0,86.667,0,0.000,ft_jnd,FrameTimeStutter,1,0,1,0,1,1,0.25,0.25,1.5,100,-10,100,1,5,250,40,5,250,50,1,6,11,0,0.06,4,0.05,50,8,4,2,2,100,144,5,5,300,1.05,1.05,6.0,2.0,10,6,6,-1,
19,P019,1,ft_jnd,FrameTimeStutter,277,1.87072,4.0888,2559.18,1361.80,0.000,0.000,2559.18,1361.80,0.0849,12.7353,0.0000,-12.5967,0.0000,12.6816,Right,0,0,0,0,86.667,0,0.000,ft_jnd,FrameTimeStutter,1,0,1,0,1,1,0.25,0.25,1.5,100,-10,100,1,5,250,40,5,250,50,1,6,11,0,0.06,4,0.05,50,8,4,2,2,100,144,5,5,300,1.05,1.05,6.0,2.0,10,6,6,-1,
19,P019,1,ft_jnd,FrameTimeStutter,278,1.87441,3.6852,2559.18,1361.80,0.000,0.000,2559.18,1361.80,0.0849,12.7353,0.0000,-12.5967,0.0000,12.6816,Right,0,0,0,0,86.667,0,0.000,ft_jnd,FrameTimeStutter,1,0,1,0,1,1,0.25,0.25,1.5,100,-10,100,1,5,250,40,5,250,50,1,6,11,0,0.06,4,0.05,50,8,4,2,2,100,144,5,5,300,1.05,1.05,6.0,2.0,10,6,6,-1,
19,P019,1,ft_jnd,FrameTimeStutter,279,1.87849,4.0819,2559.18,1361.80,0.000,0.000,2559.18,1361.80,0.0849,12.7353,0.0000,-12.5967,0.0000,12.6816,Right,0,0,0,0,86.667,0,0.000,ft_jnd,FrameTimeStutter,1,0,1,0,1,1,0.25,0.25,1.5,100,-10,100,1,5,250,40,5,250,50,1,6,11,0,0.06,4,0.05,50,8,4,2,2,100,144,5,5,300,1.05,1.05,6.0,2.0,10,6,6,-1,
19,P019,1,ft_jnd,FrameTimeStutter,280,1.88260,4.1104,2559.18,1361.80,0.000,0.000,2559.18,1361.80,0.0849,12.7353,0.0000,-12.5967,0.0000,12.6816,Right,0,0,0,0,86.667,0,0.000,ft_jnd,FrameTimeStutter,1,0,1,0,1,1,0.25,0.25,1.5,100,-10,100,1,5,250,40,5,250,50,1,6,11,0,0.06,4,0.05,50,8,4,2,2,100,144,5,5,300,1.05,1.05,6.0,2.0,10,6,6,-1,
19,P019,1,ft_jnd,FrameTimeStutter,281,1.88704,4.4368,2559.18,1361.80,0.000,0.000,2559.18,1361.80,0.0849,12.7353,0.0000,-12.5967,0.0000,12.6816,Right,0,0,0,0,86.667,0,0.000,ft_jnd,FrameTimeStutter,1,0,1,0,1,1,0.25,0.25,1.5,100,-10,100,1,5,250,40,5,250,50,1,6,11,0,0.06,4,0.05,50,8,4,2,2,100,144,5,5,300,1.05,1.05,6.0,2.0,10,6,6,-1,
19,P019,1,ft_jnd,FrameTimeStutter,282,1.89222,5.1869,2559.18,1361.80,0.000,0.000,2559.18,1361.80,0.0849,12.7353,0.0000,-12.5967,0.0000,12.6816,Right,0,0,0,0,86.667,0,0.000,ft_jnd,FrameTimeStutter,1,0,1,0,1,1,0.25,0.25,1.5,100,-10,100,1,5,250,40,5,250,50,1,6,11,0,0.06,4,0.05,50,8,4,2,2,100,144,5,5,300,1.05,1.05,6.0,2.0,10,6,6,-1,
19,P019,1,ft_jnd,FrameTimeStutter,283,1.89628,4.0617,2559.18,1361.80,0.000,0.000,2559.18,1361.80,0.0849,12.7353,0.0000,-12.5967,0.0000,12.6816,Right,0,0,0,0,86.667,0,0.000,ft_jnd,FrameTimeStutter,1,0,1,0,1,1,0.25,0.25,1.5,100,-10,100,1,5,250,40,5,250,50,1,6,11,0,0.06,4,0.05,50,8,4,2,2,100,144,5,5,300,1.05,1.05,6.0,2.0,10,6,6,-1,
19,P019,1,ft_jnd,FrameTimeStutter,284,1.90072,4.4400,2559.18,1361.80,0.000,0.000,2559.18,1361.80,0.0849,12.7353,0.0000,-12.5967,0.0000,12.6816,Right,0,0,0,0,86.667,0,0.000,ft_jnd,FrameTimeStutter,1,0,1,0,1,1,0.25,0.25,1.5,100,-10,100,1,5,250,40,5,250,50,1,6,11,0,0.06,4,0.05,50,8,4,2,2,100,144,5,5,300,1.05,1.05,6.0,2.0,10,6,6,-1,
19,P019,1,ft_jnd,FrameTimeStutter,285,1.90474,4.0121,2559.18,1361.80,0.000,0.000,2559.18,1361.80,0.0849,12.7353,0.0000,-12.5967,0.0000,12.6816,Right,0,0,0,0,86.667,0,0.000,ft_jnd,FrameTimeStutter,1,0,1,0,1,1,0.25,0.25,1.5,100,-10,100,1,5,250,40,5,250,50,1,6,11,0,0.06,4,0.05,50,8,4,2,2,100,144,5,5,300,1.05,1.05,6.0,2.0,10,6,6,-1,
19,P019,1,ft_jnd,FrameTimeStutter,286,1.90927,4.5369,2559.18,1361.80,0.000,0.000,2559.18,1361.80,0.0849,12.7353,0.0000,-12.5967,0.0000,12.6816,Right,0,0,0,0,86.667,0,0.000,ft_jnd,FrameTimeStutter,1,0,1,0,1,1,0.25,0.25,1.5,100,-10,100,1,5,250,40,5,250,50,1,6,11,0,0.06,4,0.05,50,8,4,2,2,100,144,5,5,300,1.05,1.05,6.0,2.0,10,6,6,-1,
19,P019,1,ft_jnd,FrameTimeStutter,287,1.91360,4.3224,2559.18,1361.80,0.000,0.000,2559.18,1361.80,0.0849,12.7353,0.0000,-12.5967,0.0000,12.6816,Right,0,0,0,0,86.667,0,0.000,ft_jnd,FrameTimeStutter,1,0,1,0,1,1,0.25,0.25,1.5,100,-10,100,1,5,250,40,5,250,50,1,6,11,0,0.06,4,0.05,50,8,4,2,2,100,144,5,5,300,1.05,1.05,6.0,2.0,10,6,6,-1,
19,P019,1,ft_jnd,FrameTimeStutter,288,1.91687,3.2726,2559.18,1361.80,0.000,0.000,2559.18,1361.80,0.0849,12.7353,0.0000,-12.5967,0.0000,12.6816,Right,0,0,0,0,86.667,0,0.000,ft_jnd,FrameTimeStutter,1,0,1,0,1,1,0.25,0.25,1.5,100,-10,100,1,5,250,40,5,250,50,1,6,11,0,0.06,4,0.05,50,8,4,2,2,100,144,5,5,300,1.05,1.05,6.0,2.0,10,6,6,-1,
19,P019,1,ft_jnd,FrameTimeStutter,289,1.92003,3.1638,2559.18,1361.80,0.000,0.000,2559.18,1361.80,0.0849,12.7353,0.0000,-12.5967,0.0000,12.6816,Right,0,0,0,0,86.667,0,0.000,ft_jnd,FrameTimeStutter,1,0,1,0,1,1,0.25,0.25,1.5,100,-10,100,1,5,250,40,5,250,50,1,6,11,0,0.06,4,0.05,50,8,4,2,2,100,144,5,5,300,1.05,1.05,6.0,2.0,10,6,6,-1,
19,P019,1,ft_jnd,FrameTimeStutter,290,1.92373,3.6989,2559.18,1361.80,0.000,0.000,2559.18,1361.80,0.0849,12.7353,0.0000,-12.5967,0.0000,12.6816,Right,0,0,0,0,86.667,0,0.000,ft_jnd,FrameTimeStutter,1,0,1,0,1,1,0.25,0.25,1.5,100,-10,100,1,5,250,40,5,250,50,1,6,11,0,0.06,4,0.05,50,8,4,2,2,100,144,5,5,300,1.05,1.05,6.0,2.0,10,6,6,-1,
19,P019,1,ft_jnd,FrameTimeStutter,291,1.92818,4.4443,2559.18,1361.80,0.000,0.000,2559.18,1361.80,0.0849,12.7353,0.0000,-12.5967,0.0000,12.6816,Right,0,0,0,0,86.667,0,0.000,ft_jnd,FrameTimeStutter,1,0,1,0,1,1,0.25,0.25,1.5,100,-10,100,1,5,250,40,5,250,50,1,6,11,0,0.06,4,0.05,50,8,4,2,2,100,144,5,5,300,1.05,1.05,6.0,2.0,10,6,6,-1,
19,P019,1,ft_jnd,FrameTimeStutter,292,1.93268,4.5071,2559.18,1361.80,0.000,0.000,2559.18,1361.80,0.0849,12.7353,0.0000,-12.5967,0.0000,12.6816,Right,0,0,0,0,86.667,0,0.000,ft_jnd,FrameTimeStutter,1,0,1,0,1,1,0.25,0.25,1.5,100,-10,100,1,5,250,40,5,250,50,1,6,11,0,0.06,4,0.05,50,8,4,2,2,100,144,5,5,300,1.05,1.05,6.0,2.0,10,6,6,-1,
19,P019,1,ft_jnd,FrameTimeStutter,293,1.93714,4.4574,2559.18,1361.80,0.000,0.000,2559.18,1361.80,0.0849,12.7353,0.0000,-12.5967,0.0000,12.6816,Right,0,0,0,0,86.667,0,0.000,ft_jnd,FrameTimeStutter,1,0,1,0,1,1,0.25,0.25,1.5,100,-10,100,1,5,250,40,5,250,50,1,6,11,0,0.06,4,0.05,50,8,4,2,2,100,144,5,5,300,1.05,1.05,6.0,2.0,10,6,6,-1,
19,P019,1,ft_jnd,FrameTimeStutter,294,1.94108,3.9438,2559.18,1361.80,0.000,0.000,2559.18,1361.80,0.0849,12.7353,0.0000,-12.5967,0.0000,12.6816,Right,0,0,0,0,86.667,0,0.000,ft_jnd,FrameTimeStutter,1,0,1,0,1,1,0.25,0.25,1.5,100,-10,100,1,5,250,40,5,250,50,1,6,11,0,0.06,4,0.05,50,8,4,2,2,100,144,5,5,300,1.05,1.05,6.0,2.0,10,6,6,-1,
19,P019,1,ft_jnd,FrameTimeStutter,295,1.94542,4.3394,2559.18,1361.80,0.000,0.000,2559.18,1361.80,0.0849,12.7353,0.0000,-12.5967,0.0000,12.6816,Right,0,0,0,0,86.667,0,0.000,ft_jnd,FrameTimeStutter,1,0,1,0,1,1,0.25,0.25,1.5,100,-10,100,1,5,250,40,5,250,50,1,6,11,0,0.06,4,0.05,50,8,4,2,2,100,144,5,5,300,1.05,1.05,6.0,2.0,10,6,6,-1,
19,P019,1,ft_jnd,FrameTimeStutter,296,1.95847,13.0456,2559.18,1361.80,0.000,0.000,2559.18,1361.80,0.0849,12.7353,0.0000,-12.5967,0.0000,12.6816,Right,0,0,0,0,86.667,0,0.000,ft_jnd,FrameTimeStutter,1,0,1,0,1,1,0.25,0.25,1.5,100,-10,100,1,5,250,40,5,250,50,1,6,11,0,0.06,4,0.05,50,8,4,2,2,100,144,5,5,300,1.05,1.05,6.0,2.0,10,6,6,-1,
19,P019,1,ft_jnd,FrameTimeStutter,297,2.70823,749.7604,1701.97,1513.77,0.000,0.000,1701.97,1513.77,-15.5895,15.5141,0.0000,-12.5967,0.0000,12.6816,Right,0,0,0,0,86.667,0,0.000,ft_jnd,FrameTimeStutter,1,0,1,0,1,1,0.25,0.25,1.5,100,-10,100,1,5,250,40,5,250,50,1,6,11,0,0.06,4,0.05,50,8,4,2,2,100,144,5,5,300,1.05,1.05,6.0,2.0,10,6,6,-1,
19,P019,1,ft_jnd,FrameTimeStutter,298,2.71371,5.4787,1701.97,1513.77,0.000,0.000,1701.97,1513.77,-15.5895,15.5141,0.0000,-12.5967,0.0000,-2.9928,Left,0,0,0,0,86.667,1,86.667,ft_jnd,FrameTimeStutter,1,0,1,0,1,1,0.25,0.25,1.5,100,-10,100,1,5,250,40,5,250,50,1,6,11,0,0.06,4,0.05,50,8,4,2,2,100,144,5,5,300,1.05,1.05,6.0,2.0,10,6,6,-1,
19,P019,1,ft_jnd,FrameTimeStutter,299,2.81770,103.9930,1701.97,1513.77,0.000,0.000,1701.97,1513.77,-15.5895,15.5141,0.0000,-12.5967,0.0000,-2.9928,Left,0,0,0,0,86.667,0,0.000,ft_jnd,FrameTimeStutter,1,0,1,0,1,1,0.25,0.25,1.5,100,-10,100,1,5,250,40,5,250,50,1,6,11,0,0.06,4,0.05,50,8,4,2,2,100,144,5,5,300,1.05,1.05,6.0,2.0,10,6,6,-1,
19,P019,1,ft_jnd,FrameTimeStutter,300,2.82052,2.8242,1701.97,1513.77,0.000,0.000,1701.97,1513.77,-15.5895,15.5141,0.0000,-12.5967,0.0000,-2.9928,Left,0,0,0,0,86.667,0,0.000,ft_jnd,FrameTimeStutter,1,0,1,0,1,1,0.25,0.25,1.5,100,-10,100,1,5,250,40,5,250,50,1,6,11,0,0.06,4,0.05,50,8,4,2,2,100,144,5,5,300,1.05,1.05,6.0,2.0,10,6,6,-1,
19,P019,1,ft_jnd,FrameTimeStutter,301,2.82527,4.7480,1701.97,1513.77,0.000,0.000,1701.97,1513.77,-15.5895,15.5141,0.0000,-12.5967,0.0000,-2.9928,Left,0,0,0,0,86.667,0,0.000,ft_jnd,FrameTimeStutter,1,0,1,0,1,1,0.25,0.25,1.5,100,-10,100,1,5,250,40,5,250,50,1,6,11,0,0.06,4,0.05,50,8,4,2,2,100,144,5,5,300,1.05,1.05,6.0,2.0,10,6,6,-1,
19,P019,1,ft_jnd,FrameTimeStutter,302,2.82942,4.1502,1701.97,1513.77,0.000,0.000,1701.97,1513.77,-15.5895,15.5141,0.0000,-12.5967,0.0000,-2.9928,Left,0,0,0,0,86.667,0,0.000,ft_jnd,FrameTimeStutter,1,0,1,0,1,1,0.25,0.25,1.5,100,-10,100,1,5,250,40,5,250,50,1,6,11,0,0.06,4,0.05,50,8,4,2,2,100,144,5,5,300,1.05,1.05,6.0,2.0,10,6,6,-1,
19,P019,1,ft_jnd,FrameTimeStutter,303,2.83295,3.5302,1701.97,1513.77,0.000,0.000,1701.97,1513.77,-15.5895,15.5141,0.0000,-12.5967,0.0000,-2.9928,Left,0,0,0,0,86.667,0,0.000,ft_jnd,FrameTimeStutter,1,0,1,0,1,1,0.25,0.25,1.5,100,-10,100,1,5,250,40,5,250,50,1,6,11,0,0.06,4,0.05,50,8,4,2,2,100,144,5,5,300,1.05,1.05,6.0,2.0,10,6,6,-1,
19,P019,1,ft_jnd,FrameTimeStutter,304,2.83709,4.1371,1701.97,1513.77,0.000,0.000,1701.97,1513.77,-15.5895,15.5141,0.0000,-12.5967,0.0000,-2.9928,Left,0,0,0,0,86.667,0,0.000,ft_jnd,FrameTimeStutter,1,0,1,0,1,1,0.25,0.25,1.5,100,-10,100,1,5,250,40,5,250,50,1,6,11,0,0.06,4,0.05,50,8,4,2,2,100,144,5,5,300,1.05,1.05,6.0,2.0,10,6,6,-1,
19,P019,1,ft_jnd,FrameTimeStutter,305,2.84061,3.5152,1701.97,1513.77,0.000,0.000,1701.97,1513.77,-15.5895,15.5141,0.0000,-12.5967,0.0000,-2.9928,Left,0,0,0,0,86.667,0,0.000,ft_jnd,FrameTimeStutter,1,0,1,0,1,1,0.25,0.25,1.5,100,-10,100,1,5,250,40,5,250,50,1,6,11,0,0.06,4,0.05,50,8,4,2,2,100,144,5,5,300,1.05,1.05,6.0,2.0,10,6,6,-1,
19,P019,1,ft_jnd,FrameTimeStutter,306,2.84496,4.3551,1701.97,1513.77,0.000,0.000,1701.97,1513.77,-15.5895,15.5141,0.0000,-12.5967,0.0000,-2.9928,Left,0,0,0,0,86.667,0,0.000,ft_jnd,FrameTimeStutter,1,0,1,0,1,1,0.25,0.25,1.5,100,-10,100,1,5,250,40,5,250,50,1,6,11,0,0.06,4,0.05,50,8,4,2,2,100,144,5,5,300,1.05,1.05,6.0,2.0,10,6,6,-1,
19,P019,1,ft_jnd,FrameTimeStutter,307,2.84814,3.1814,1701.97,1513.77,0.000,0.000,1701.97,1513.77,-15.5895,15.5141,0.0000,-12.5967,0.0000,-2.9928,Left,0,0,0,0,86.667,0,0.000,ft_jnd,FrameTimeStutter,1,0,1,0,1,1,0.25,0.25,1.5,100,-10,100,1,5,250,40,5,250,50,1,6,11,0,0.06,4,0.05,50,8,4,2,2,100,144,5,5,300,1.05,1.05,6.0,2.0,10,6,6,-1,
19,P019,1,ft_jnd,FrameTimeStutter,308,2.85096,2.8149,1701.97,1513.77,0.000,0.000,1701.97,1513.77,-15.5895,15.5141,0.0000,-12.5967,0.0000,-2.9928,Left,0,0,0,0,86.667,0,0.000,ft_jnd,FrameTimeStutter,1,0,1,0,1,1,0.25,0.25,1.5,100,-10,100,1,5,250,40,5,250,50,1,6,11,0,0.06,4,0.05,50,8,4,2,2,100,144,5,5,300,1.05,1.05,6.0,2.0,10,6,6,-1,
19,P019,1,ft_jnd,FrameTimeStutter,309,2.85577,4.8112,1701.97,1513.77,0.000,0.000,1701.97,1513.77,-15.5895,15.5141,0.0000,-12.5967,0.0000,-2.9928,Left,0,0,0,0,86.667,0,0.000,ft_jnd,FrameTimeStutter,1,0,1,0,1,1,0.25,0.25,1.5,100,-10,100,1,5,250,40,5,250,50,1,6,11,0,0.06,4,0.05,50,8,4,2,2,100,144,5,5,300,1.05,1.05,6.0,2.0,10,6,6,-1,
19,P019,1,ft_jnd,FrameTimeStutter,310,2.86005,4.2802,1701.97,1513.77,0.000,0.000,1701.97,1513.77,-15.5895,15.5141,0.0000,-12.5967,0.0000,-2.9928,Left,0,0,0,0,86.667,0,0.000,ft_jnd,FrameTimeStutter,1,0,1,0,1,1,0.25,0.25,1.5,100,-10,100,1,5,250,40,5,250,50,1,6,11,0,0.06,4,0.05,50,8,4,2,2,100,144,5,5,300,1.05,1.05,6.0,2.0,10,6,6,-1,
19,P019,1,ft_jnd,FrameTimeStutter,311,2.86398,3.9278,1701.97,1513.77,0.000,0.000,1701.97,1513.77,-15.5895,15.5141,0.0000,-12.5967,0.0000,-2.9928,Left,0,0,0,0,86.667,0,0.000,ft_jnd,FrameTimeStutter,1,0,1,0,1,1,0.25,0.25,1.5,100,-10,100,1,5,250,40,5,250,50,1,6,11,0,0.06,4,0.05,50,8,4,2,2,100,144,5,5,300,1.05,1.05,6.0,2.0,10,6,6,-1,
19,P019,1,ft_jnd,FrameTimeStutter,312,2.86823,4.2580,1701.97,1513.77,0.000,0.000,1701.97,1513.77,-15.5895,15.5141,0.0000,-12.5967,0.0000,-2.9928,Left,0,0,0,0,86.667,0,0.000,ft_jnd,FrameTimeStutter,1,0,1,0,1,1,0.25,0.25,1.5,100,-10,100,1,5,250,40,5,250,50,1,6,11,0,0.06,4,0.05,50,8,4,2,2,100,144,5,5,300,1.05,1.05,6.0,2.0,10,6,6,-1,
19,P019,1,ft_jnd,FrameTimeStutter,313,2.87166,3.4302,1701.97,1513.77,0.000,0.000,1701.97,1513.77,-15.5895,15.5141,0.0000,-12.5967,0.0000,-2.9928,Left,0,0,0,0,86.667,0,0.000,ft_jnd,FrameTimeStutter,1,0,1,0,1,1,0.25,0.25,1.5,100,-10,100,1,5,250,40,5,250,50,1,6,11,0,0.06,4,0.05,50,8,4,2,2,100,144,5,5,300,1.05,1.05,6.0,2.0,10,6,6,-1,
19,P019,1,ft_jnd,FrameTimeStutter,314,2.87446,2.7967,1701.97,1513.77,0.000,0.000,1701.97,1513.77,-15.5895,15.5141,0.0000,-12.5967,0.0000,-2.9928,Left,0,0,0,0,86.667,0,0.000,ft_jnd,FrameTimeStutter,1,0,1,0,1,1,0.25,0.25,1.5,100,-10,100,1,5,250,40,5,250,50,1,6,11,0,0.06,4,0.05,50,8,4,2,2,100,144,5,5,300,1.05,1.05,6.0,2.0,10,6,6,-1,
19,P019,1,ft_jnd,FrameTimeStutter,315,2.87857,4.1109,1701.97,1513.77,0.000,0.000,1701.97,1513.77,-15.5895,15.5141,0.0000,-12.5967,0.0000,-2.9928,Left,0,0,0,0,86.667,0,0.000,ft_jnd,FrameTimeStutter,1,0,1,0,1,1,0.25,0.25,1.5,100,-10,100,1,5,250,40,5,250,50,1,6,11,0,0.06,4,0.05,50,8,4,2,2,100,144,5,5,300,1.05,1.05,6.0,2.0,10,6,6,-1,
19,P019,1,ft_jnd,FrameTimeStutter,316,2.88305,4.4758,1701.97,1513.77,0.000,0.000,1701.97,1513.77,-15.5895,15.5141,0.0000,-12.5967,0.0000,-2.9928,Left,0,0,0,0,86.667,0,0.000,ft_jnd,FrameTimeStutter,1,0,1,0,1,1,0.25,0.25,1.5,100,-10,100,1,5,250,40,5,250,50,1,6,11,0,0.06,4,0.05,50,8,4,2,2,100,144,5,5,300,1.05,1.05,6.0,2.0,10,6,6,-1,
19,P019,1,ft_jnd,FrameTimeStutter,317,2.88709,4.0444,1701.97,1513.77,0.000,0.000,1701.97,1513.77,-15.5895,15.5141,0.0000,-12.5967,0.0000,-2.9928,Left,0,0,0,0,86.667,0,0.000,ft_jnd,FrameTimeStutter,1,0,1,0,1,1,0.25,0.25,1.5,100,-10,100,1,5,250,40,5,250,50,1,6,11,0,0.06,4,0.05,50,8,4,2,2,100,144,5,5,300,1.05,1.05,6.0,2.0,10,6,6,-1,
19,P019,1,ft_jnd,FrameTimeStutter,318,2.89155,4.4579,1701.97,1513.77,0.000,0.000,1701.97,1513.77,-15.5895,15.5141,0.0000,-12.5967,0.0000,-2.9928,Left,0,0,0,0,86.667,0,0.000,ft_jnd,FrameTimeStutter,1,0,1,0,1,1,0.25,0.25,1.5,100,-10,100,1,5,250,40,5,250,50,1,6,11,0,0.06,4,0.05,50,8,4,2,2,100,144,5,5,300,1.05,1.05,6.0,2.0,10,6,6,-1,
19,P019,1,ft_jnd,FrameTimeStutter,319,2.89589,4.3346,1701.97,1513.77,0.000,0.000,1701.97,1513.77,-15.5895,15.5141,0.0000,-12.5967,0.0000,-2.9928,Left,0,0,0,0,86.667,0,0.000,ft_jnd,FrameTimeStutter,1,0,1,0,1,1,0.25,0.25,1.5,100,-10,100,1,5,250,40,5,250,50,1,6,11,0,0.06,4,0.05,50,8,4,2,2,100,144,5,5,300,1.05,1.05,6.0,2.0,10,6,6,-1,
19,P019,1,ft_jnd,FrameTimeStutter,320,2.89882,2.9332,1701.97,1513.77,0.000,0.000,1701.97,1513.77,-15.5895,15.5141,0.0000,-12.5967,0.0000,-2.9928,Left,0,0,0,0,86.667,0,0.000,ft_jnd,FrameTimeStutter,1,0,1,0,1,1,0.25,0.25,1.5,100,-10,100,1,5,250,40,5,250,50,1,6,11,0,0.06,4,0.05,50,8,4,2,2,100,144,5,5,300,1.05,1.05,6.0,2.0,10,6,6,-1,
19,P019,1,ft_jnd,FrameTimeStutter,321,2.90280,3.9793,1701.97,1513.77,0.000,0.000,1701.97,1513.77,-15.5895,15.5141,0.0000,-12.5967,0.0000,-2.9928,Left,0,0,0,0,86.667,0,0.000,ft_jnd,FrameTimeStutter,1,0,1,0,1,1,0.25,0.25,1.5,100,-10,100,1,5,250,40,5,250,50,1,6,11,0,0.06,4,0.05,50,8,4,2,2,100,144,5,5,300,1.05,1.05,6.0,2.0,10,6,6,-1,
19,P019,1,ft_jnd,FrameTimeStutter,322,2.90619,3.3968,1701.97,1513.77,0.000,0.000,1701.97,1513.77,-15.5895,15.5141,0.0000,-12.5967,0.0000,-2.9928,Left,0,0,0,0,86.667,0,0.000,ft_jnd,FrameTimeStutter,1,0,1,0,1,1,0.25,0.25,1.5,100,-10,100,1,5,250,40,5,250,50,1,6,11,0,0.06,4,0.05,50,8,4,2,2,100,144,5,5,300,1.05,1.05,6.0,2.0,10,6,6,-1,
19,P019,1,ft_jnd,FrameTimeStutter,323,2.90911,2.9144,1701.97,1513.77,0.000,0.000,1701.97,1513.77,-15.5895,15.5141,0.0000,-12.5967,0.0000,-2.9928,Left,0,0,0,0,86.667,0,0.000,ft_jnd,FrameTimeStutter,1,0,1,0,1,1,0.25,0.25,1.5,100,-10,100,1,5,250,40,5,250,50,1,6,11,0,0.06,4,0.05,50,8,4,2,2,100,144,5,5,300,1.05,1.05,6.0,2.0,10,6,6,-1,
19,P019,1,ft_jnd,FrameTimeStutter,324,2.91369,4.5787,1701.97,1513.77,0.000,0.000,1701.97,1513.77,-15.5895,15.5141,0.0000,-12.5967,0.0000,-2.9928,Left,0,0,0,0,86.667,0,0.000,ft_jnd,FrameTimeStutter,1,0,1,0,1,1,0.25,0.25,1.5,100,-10,100,1,5,250,40,5,250,50,1,6,11,0,0.06,4,0.05,50,8,4,2,2,100,144,5,5,300,1.05,1.05,6.0,2.0,10,6,6,-1,
19,P019,1,ft_jnd,FrameTimeStutter,325,2.91660,2.9171,1701.97,1513.77,0.000,0.000,1701.97,1513.77,-15.5895,15.5141,0.0000,-12.5967,0.0000,-2.9928,Left,0,0,0,0,86.667,0,0.000,ft_jnd,FrameTimeStutter,1,0,1,0,1,1,0.25,0.25,1.5,100,-10,100,1,5,250,40,5,250,50,1,6,11,0,0.06,4,0.05,50,8,4,2,2,100,144,5,5,300,1.05,1.05,6.0,2.0,10,6,6,-1,
19,P019,1,ft_jnd,FrameTimeStutter,326,2.92056,3.9517,1701.97,1513.77,0.000,0.000,1701.97,1513.77,-15.5895,15.5141,0.0000,-12.5967,0.0000,-2.9928,Left,0,0,0,0,86.667,0,0.000,ft_jnd,FrameTimeStutter,1,0,1,0,1,1,0.25,0.25,1.5,100,-10,100,1,5,250,40,5,250,50,1,6,11,0,0.06,4,0.05,50,8,4,2,2,100,144,5,5,300,1.05,1.05,6.0,2.0,10,6,6,-1,
19,P019,1,ft_jnd,FrameTimeStutter,327,2.92509,4.5382,1701.97,1513.77,0.000,0.000,1701.97,1513.77,-15.5895,15.5141,0.0000,-12.5967,0.0000,-2.9928,Left,0,0,0,0,86.667,0,0.000,ft_jnd,FrameTimeStutter,1,0,1,0,1,1,0.25,0.25,1.5,100,-10,100,1,5,250,40,5,250,50,1,6,11,0,0.06,4,0.05,50,8,4,2,2,100,144,5,5,300,1.05,1.05,6.0,2.0,10,6,6,-1,
19,P019,1,ft_jnd,FrameTimeStutter,328,2.92898,3.8883,1701.97,1513.77,0.000,0.000,1701.97,1513.77,-15.5895,15.5141,0.0000,-12.5967,0.0000,-2.9928,Left,0,0,0,0,86.667,0,0.000,ft_jnd,FrameTimeStutter,1,0,1,0,1,1,0.25,0.25,1.5,100,-10,100,1,5,250,40,5,250,50,1,6,11,0,0.06,4,0.05,50,8,4,2,2,100,144,5,5,300,1.05,1.05,6.0,2.0,10,6,6,-1,
19,P019,1,ft_jnd,FrameTimeStutter,329,2.93345,4.4689,1701.97,1513.77,0.000,0.000,1701.97,1513.77,-15.5895,15.5141,0.0000,-12.5967,0.0000,-2.9928,Left,0,0,0,0,86.667,0,0.000,ft_jnd,FrameTimeStutter,1,0,1,0,1,1,0.25,0.25,1.5,100,-10,100,1,5,250,40,5,250,50,1,6,11,0,0.06,4,0.05,50,8,4,2,2,100,144,5,5,300,1.05,1.05,6.0,2.0,10,6,6,-1,
19,P019,1,ft_jnd,FrameTimeStutter,330,2.93779,4.3382,1701.97,1513.77,0.000,0.000,1701.97,1513.77,-15.5895,15.5141,0.0000,-12.5967,0.0000,-2.9928,Left,0,0,0,0,86.667,0,0.000,ft_jnd,FrameTimeStutter,1,0,1,0,1,1,0.25,0.25,1.5,100,-10,100,1,5,250,40,5,250,50,1,6,11,0,0.06,4,0.05,50,8,4,2,2,100,144,5,5,300,1.05,1.05,6.0,2.0,10,6,6,-1,
19,P019,1,ft_jnd,FrameTimeStutter,331,2.94068,2.8914,1701.97,1513.77,0.000,0.000,1701.97,1513.77,-15.5895,15.5141,0.0000,-12.5967,0.0000,-2.9928,Left,0,0,0,0,86.667,0,0.000,ft_jnd,FrameTimeStutter,1,0,1,0,1,1,0.25,0.25,1.5,100,-10,100,1,5,250,40,5,250,50,1,6,11,0,0.06,4,0.05,50,8,4,2,2,100,144,5,5,300,1.05,1.05,6.0,2.0,10,6,6,-1,
19,P019,1,ft_jnd,FrameTimeStutter,332,2.94558,4.9038,1701.97,1513.77,0.000,0.000,1701.97,1513.77,-15.5895,15.5141,0.0000,-12.5967,0.0000,-2.9928,Left,0,0,0,0,86.667,0,0.000,ft_jnd,FrameTimeStutter,1,0,1,0,1,1,0.25,0.25,1.5,100,-10,100,1,5,250,40,5,250,50,1,6,11,0,0.06,4,0.05,50,8,4,2,2,100,144,5,5,300,1.05,1.05,6.0,2.0,10,6,6,-1,
19,P019,1,ft_jnd,FrameTimeStutter,333,2.94993,4.3447,1701.97,1513.77,0.000,0.000,1701.97,1513.77,-15.5895,15.5141,0.0000,-12.5967,0.0000,-2.9928,Left,0,0,0,0,86.667,0,0.000,ft_jnd,FrameTimeStutter,1,0,1,0,1,1,0.25,0.25,1.5,100,-10,100,1,5,250,40,5,250,50,1,6,11,0,0.06,4,0.05,50,8,4,2,2,100,144,5,5,300,1.05,1.05,6.0,2.0,10,6,6,-1,
19,P019,1,ft_jnd,FrameTimeStutter,334,2.95392,3.9914,1701.97,1513.77,0.000,0.000,1701.97,1513.77,-15.5895,15.5141,0.0000,-12.5967,0.0000,-2.9928,Left,0,0,0,0,86.667,0,0.000,ft_jnd,FrameTimeStutter,1,0,1,0,1,1,0.25,0.25,1.5,100,-10,100,1,5,250,40,5,250,50,1,6,11,0,0.06,4,0.05,50,8,4,2,2,100,144,5,5,300,1.05,1.05,6.0,2.0,10,6,6,-1,
19,P019,1,ft_jnd,FrameTimeStutter,335,2.95826,4.3372,1701.97,1513.77,0.000,0.000,1701.97,1513.77,-15.5895,15.5141,0.0000,-12.5967,0.0000,-2.9928,Left,0,0,0,0,86.667,0,0.000,ft_jnd,FrameTimeStutter,1,0,1,0,1,1,0.25,0.25,1.5,100,-10,100,1,5,250,40,5,250,50,1,6,11,0,0.06,4,0.05,50,8,4,2,2,100,144,5,5,300,1.05,1.05,6.0,2.0,10,6,6,-1,
19,P019,1,ft_jnd,FrameTimeStutter,336,2.96260,4.3443,1701.97,1513.77,0.000,0.000,1701.97,1513.77,-15.5895,15.5141,0.0000,-12.5967,0.0000,-2.9928,Left,0,0,0,0,86.667,0,0.000,ft_jnd,FrameTimeStutter,1,0,1,0,1,1,0.25,0.25,1.5,100,-10,100,1,5,250,40,5,250,50,1,6,11,0,0.06,4,0.05,50,8,4,2,2,100,144,5,5,300,1.05,1.05,6.0,2.0,10,6,6,-1,
19,P019,1,ft_jnd,FrameTimeStutter,337,2.96724,4.6373,1701.97,1513.77,0.000,0.000,1701.97,1513.77,-15.5895,15.5141,0.0000,-12.5967,0.0000,-2.9928,Left,0,0,0,0,86.667,0,0.000,ft_jnd,FrameTimeStutter,1,0,1,0,1,1,0.25,0.25,1.5,100,-10,100,1,5,250,40,5,250,50,1,6,11,0,0.06,4,0.05,50,8,4,2,2,100,144,5,5,300,1.05,1.05,6.0,2.0,10,6,6,-1,
19,P019,1,ft_jnd,FrameTimeStutter,338,2.97039,3.1529,1701.97,1513.77,0.000,0.000,1701.97,1513.77,-15.5895,15.5141,0.0000,-12.5967,0.0000,-2.9928,Left,0,0,0,0,86.667,0,0.000,ft_jnd,FrameTimeStutter,1,0,1,0,1,1,0.25,0.25,1.5,100,-10,100,1,5,250,40,5,250,50,1,6,11,0,0.06,4,0.05,50,8,4,2,2,100,144,5,5,300,1.05,1.05,6.0,2.0,10,6,6,-1,
19,P019,1,ft_jnd,FrameTimeStutter,339,2.97481,4.4154,1701.97,1513.77,0.000,0.000,1701.97,1513.77,-15.5895,15.5141,0.0000,-12.5967,0.0000,-2.9928,Left,0,0,0,0,86.667,0,0.000,ft_jnd,FrameTimeStutter,1,0,1,0,1,1,0.25,0.25,1.5,100,-10,100,1,5,250,40,5,250,50,1,6,11,0,0.06,4,0.05,50,8,4,2,2,100,144,5,5,300,1.05,1.05,6.0,2.0,10,6,6,-1,
19,P019,1,ft_jnd,FrameTimeStutter,340,2.97911,4.2981,1701.97,1513.77,0.000,0.000,1701.97,1513.77,-15.5895,15.5141,0.0000,-12.5967,0.0000,-2.9928,Left,0,0,0,0,86.667,0,0.000,ft_jnd,FrameTimeStutter,1,0,1,0,1,1,0.25,0.25,1.5,100,-10,100,1,5,250,40,5,250,50,1,6,11,0,0.06,4,0.05,50,8,4,2,2,100,144,5,5,300,1.05,1.05,6.0,2.0,10,6,6,-1,
19,P019,1,ft_jnd,FrameTimeStutter,341,2.98299,3.8789,1701.97,1513.77,0.000,0.000,1701.97,1513.77,-15.5895,15.5141,0.0000,-12.5967,0.0000,-2.9928,Left,0,0,0,0,86.667,0,0.000,ft_jnd,FrameTimeStutter,1,0,1,0,1,1,0.25,0.25,1.5,100,-10,100,1,5,250,40,5,250,50,1,6,11,0,0.06,4,0.05,50,8,4,2,2,100,144,5,5,300,1.05,1.05,6.0,2.0,10,6,6,-1,
19,P019,1,ft_jnd,FrameTimeStutter,342,2.98780,4.8194,1701.97,1513.77,0.000,0.000,1701.97,1513.77,-15.5895,15.5141,0.0000,-12.5967,0.0000,-2.9928,Left,0,0,0,0,86.667,0,0.000,ft_jnd,FrameTimeStutter,1,0,1,0,1,1,0.25,0.25,1.5,100,-10,100,1,5,250,40,5,250,50,1,6,11,0,0.06,4,0.05,50,8,4,2,2,100,144,5,5,300,1.05,1.05,6.0,2.0,10,6,6,-1,
19,P019,1,ft_jnd,FrameTimeStutter,343,2.99215,4.3474,1701.97,1513.77,0.000,0.000,1701.97,1513.77,-15.5895,15.5141,0.0000,-12.5967,0.0000,-2.9928,Left,0,0,0,0,86.667,0,0.000,ft_jnd,FrameTimeStutter,1,0,1,0,1,1,0.25,0.25,1.5,100,-10,100,1,5,250,40,5,250,50,1,6,11,0,0.06,4,0.05,50,8,4,2,2,100,144,5,5,300,1.05,1.05,6.0,2.0,10,6,6,-1,
19,P019,1,ft_jnd,FrameTimeStutter,344,2.99509,2.9431,1701.97,1513.77,0.000,0.000,1701.97,1513.77,-15.5895,15.5141,0.0000,-12.5967,0.0000,-2.9928,Left,0,0,0,0,86.667,0,0.000,ft_jnd,FrameTimeStutter,1,0,1,0,1,1,0.25,0.25,1.5,100,-10,100,1,5,250,40,5,250,50,1,6,11,0,0.06,4,0.05,50,8,4,2,2,100,144,5,5,300,1.05,1.05,6.0,2.0,10,6,6,-1,
19,P019,1,ft_jnd,FrameTimeStutter,345,3.00019,5.0916,1701.97,1513.77,0.000,0.000,1701.97,1513.77,-15.5895,15.5141,0.0000,-12.5967,0.0000,-2.9928,Left,0,0,0,0,86.667,0,0.000,ft_jnd,FrameTimeStutter,1,0,1,0,1,1,0.25,0.25,1.5,100,-10,100,1,5,250,40,5,250,50,1,6,11,0,0.06,4,0.05,50,8,4,2,2,100,144,5,5,300,1.05,1.05,6.0,2.0,10,6,6,-1,
19,P019,1,ft_jnd,FrameTimeStutter,346,3.00443,4.2464,1701.97,1513.77,0.000,0.000,1701.97,1513.77,-15.5895,15.5141,0.0000,-12.5967,0.0000,-2.9928,Left,0,0,0,0,86.667,0,0.000,ft_jnd,FrameTimeStutter,1,0,1,0,1,1,0.25,0.25,1.5,100,-10,100,1,5,250,40,5,250,50,1,6,11,0,0.06,4,0.05,50,8,4,2,2,100,144,5,5,300,1.05,1.05,6.0,2.0,10,6,6,-1,
19,P019,1,ft_jnd,FrameTimeStutter,347,3.00868,4.2523,1701.97,1513.77,0.000,0.000,1701.97,1513.77,-15.5895,15.5141,0.0000,-12.5967,0.0000,-2.9928,Left,0,0,0,0,86.667,0,0.000,ft_jnd,FrameTimeStutter,1,0,1,0,1,1,0.25,0.25,1.5,100,-10,100,1,5,250,40,5,250,50,1,6,11,0,0.06,4,0.05,50,8,4,2,2,100,144,5,5,300,1.05,1.05,6.0,2.0,10,6,6,-1,
19,P019,1,ft_jnd,FrameTimeStutter,348,3.01226,3.5794,1701.97,1513.77,0.000,0.000,1701.97,1513.77,-15.5895,15.5141,0.0000,-12.5967,0.0000,-2.9928,Left,0,0,0,0,86.667,0,0.000,ft_jnd,FrameTimeStutter,1,0,1,0,1,1,0.25,0.25,1.5,100,-10,100,1,5,250,40,5,250,50,1,6,11,0,0.06,4,0.05,50,8,4,2,2,100,144,5,5,300,1.05,1.05,6.0,2.0,10,6,6,-1,
19,P019,1,ft_jnd,FrameTimeStutter,349,3.01638,4.1108,1701.97,1513.77,0.000,0.000,1701.97,1513.77,-15.5895,15.5141,0.0000,-12.5967,0.0000,-2.9928,Left,0,0,0,0,86.667,0,0.000,ft_jnd,FrameTimeStutter,1,0,1,0,1,1,0.25,0.25,1.5,100,-10,100,1,5,250,40,5,250,50,1,6,11,0,0.06,4,0.05,50,8,4,2,2,100,144,5,5,300,1.05,1.05,6.0,2.0,10,6,6,-1,
19,P019,1,ft_jnd,FrameTimeStutter,350,3.02019,3.8155,1701.97,1513.77,0.000,0.000,1701.97,1513.77,-15.5895,15.5141,0.0000,-12.5967,0.0000,-2.9928,Left,0,0,0,0,86.667,0,0.000,ft_jnd,FrameTimeStutter,1,0,1,0,1,1,0.25,0.25,1.5,100,-10,100,1,5,250,40,5,250,50,1,6,11,0,0.06,4,0.05,50,8,4,2,2,100,144,5,5,300,1.05,1.05,6.0,2.0,10,6,6,-1,
19,P019,1,ft_jnd,FrameTimeStutter,351,3.02450,4.3096,1701.97,1513.77,0.000,0.000,1701.97,1513.77,-15.5895,15.5141,0.0000,-12.5967,0.0000,-2.9928,Left,0,0,0,0,86.667,0,0.000,ft_jnd,FrameTimeStutter,1,0,1,0,1,1,0.25,0.25,1.5,100,-10,100,1,5,250,40,5,250,50,1,6,11,0,0.06,4,0.05,50,8,4,2,2,100,144,5,5,300,1.05,1.05,6.0,2.0,10,6,6,-1,
19,P019,1,ft_jnd,FrameTimeStutter,352,3.02889,4.3904,1701.97,1513.77,0.000,0.000,1701.97,1513.77,-15.5895,15.5141,0.0000,-12.5967,0.0000,-2.9928,Left,0,0,0,0,86.667,0,0.000,ft_jnd,FrameTimeStutter,1,0,1,0,1,1,0.25,0.25,1.5,100,-10,100,1,5,250,40,5,250,50,1,6,11,0,0.06,4,0.05,50,8,4,2,2,100,144,5,5,300,1.05,1.05,6.0,2.0,10,6,6,-1,
19,P019,1,ft_jnd,FrameTimeStutter,353,3.03268,3.7896,1701.97,1513.77,0.000,0.000,1701.97,1513.77,-15.5895,15.5141,0.0000,-12.5967,0.0000,-2.9928,Left,0,0,0,0,86.667,0,0.000,ft_jnd,FrameTimeStutter,1,0,1,0,1,1,0.25,0.25,1.5,100,-10,100,1,5,250,40,5,250,50,1,6,11,0,0.06,4,0.05,50,8,4,2,2,100,144,5,5,300,1.05,1.05,6.0,2.0,10,6,6,-1,
19,P019,1,ft_jnd,FrameTimeStutter,354,3.03709,4.4043,1701.97,1513.77,0.000,0.000,1701.97,1513.77,-15.5895,15.5141,0.0000,-12.5967,0.0000,-2.9928,Left,0,0,0,0,86.667,0,0.000,ft_jnd,FrameTimeStutter,1,0,1,0,1,1,0.25,0.25,1.5,100,-10,100,1,5,250,40,5,250,50,1,6,11,0,0.06,4,0.05,50,8,4,2,2,100,144,5,5,300,1.05,1.05,6.0,2.0,10,6,6,-1,
19,P019,1,ft_jnd,FrameTimeStutter,355,3.04039,3.3027,1701.97,1513.77,0.000,0.000,1701.97,1513.77,-15.5895,15.5141,0.0000,-12.5967,0.0000,-2.9928,Left,0,0,0,0,86.667,0,0.000,ft_jnd,FrameTimeStutter,1,0,1,0,1,1,0.25,0.25,1.5,100,-10,100,1,5,250,40,5,250,50,1,6,11,0,0.06,4,0.05,50,8,4,2,2,100,144,5,5,300,1.05,1.05,6.0,2.0,10,6,6,-1,
19,P019,1,ft_jnd,FrameTimeStutter,356,3.04437,3.9805,1701.97,1513.77,0.000,0.000,1701.97,1513.77,-15.5895,15.5141,0.0000,-12.5967,0.0000,-2.9928,Left,0,0,0,0,86.667,0,0.000,ft_jnd,FrameTimeStutter,1,0,1,0,1,1,0.25,0.25,1.5,100,-10,100,1,5,250,40,5,250,50,1,6,11,0,0.06,4,0.05,50,8,4,2,2,100,144,5,5,300,1.05,1.05,6.0,2.0,10,6,6,-1,
19,P019,1,ft_jnd,FrameTimeStutter,357,3.04764,3.2746,1701.97,1513.77,0.000,0.000,1701.97,1513.77,-15.5895,15.5141,0.0000,-12.5967,0.0000,-2.9928,Left,0,0,0,0,86.667,0,0.000,ft_jnd,FrameTimeStutter,1,0,1,0,1,1,0.25,0.25,1.5,100,-10,100,1,5,250,40,5,250,50,1,6,11,0,0.06,4,0.05,50,8,4,2,2,100,144,5,5,300,1.05,1.05,6.0,2.0,10,6,6,-1,
19,P019,1,ft_jnd,FrameTimeStutter,358,3.05083,3.1868,1701.97,1513.77,0.000,0.000,1701.97,1513.77,-15.5895,15.5141,0.0000,-12.5967,0.0000,-2.9928,Left,0,0,0,0,86.667,0,0.000,ft_jnd,FrameTimeStutter,1,0,1,0,1,1,0.25,0.25,1.5,100,-10,100,1,5,250,40,5,250,50,1,6,11,0,0.06,4,0.05,50,8,4,2,2,100,144,5,5,300,1.05,1.05,6.0,2.0,10,6,6,-1,
19,P019,1,ft_jnd,FrameTimeStutter,359,3.05400,3.1726,1701.97,1513.77,0.000,0.000,1701.97,1513.77,-15.5895,15.5141,0.0000,-12.5967,0.0000,-2.9928,Left,0,0,0,0,86.667,0,0.000,ft_jnd,FrameTimeStutter,1,0,1,0,1,1,0.25,0.25,1.5,100,-10,100,1,5,250,40,5,250,50,1,6,11,0,0.06,4,0.05,50,8,4,2,2,100,144,5,5,300,1.05,1.05,6.0,2.0,10,6,6,-1,
19,P019,1,ft_jnd,FrameTimeStutter,360,3.05745,3.4457,1701.97,1513.77,0.000,0.000,1701.97,1513.77,-15.5895,15.5141,0.0000,-12.5967,0.0000,-2.9928,Left,0,0,0,0,86.667,0,0.000,ft_jnd,FrameTimeStutter,1,0,1,0,1,1,0.25,0.25,1.5,100,-10,100,1,5,250,40,5,250,50,1,6,11,0,0.06,4,0.05,50,8,4,2,2,100,144,5,5,300,1.05,1.05,6.0,2.0,10,6,6,-1,
19,P019,1,ft_jnd,FrameTimeStutter,361,3.06133,3.8867,1701.97,1513.77,0.000,0.000,1701.97,1513.77,-15.5895,15.5141,0.0000,-12.5967,0.0000,-2.9928,Left,0,0,0,0,86.667,0,0.000,ft_jnd,FrameTimeStutter,1,0,1,0,1,1,0.25,0.25,1.5,100,-10,100,1,5,250,40,5,250,50,1,6,11,0,0.06,4,0.05,50,8,4,2,2,100,144,5,5,300,1.05,1.05,6.0,2.0,10,6,6,-1,
19,P019,1,ft_jnd,FrameTimeStutter,362,3.06576,4.4309,1701.97,1513.77,0.000,0.000,1701.97,1513.77,-15.5895,15.5141,0.0000,-12.5967,0.0000,-2.9928,Left,0,0,0,0,86.667,0,0.000,ft_jnd,FrameTimeStutter,1,0,1,0,1,1,0.25,0.25,1.5,100,-10,100,1,5,250,40,5,250,50,1,6,11,0,0.06,4,0.05,50,8,4,2,2,100,144,5,5,300,1.05,1.05,6.0,2.0,10,6,6,-1,
19,P019,1,ft_jnd,FrameTimeStutter,363,3.07008,4.3171,1701.97,1513.77,0.000,0.000,1701.97,1513.77,-15.5895,15.5141,0.0000,-12.5967,0.0000,-2.9928,Left,0,0,0,0,86.667,0,0.000,ft_jnd,FrameTimeStutter,1,0,1,0,1,1,0.25,0.25,1.5,100,-10,100,1,5,250,40,5,250,50,1,6,11,0,0.06,4,0.05,50,8,4,2,2,100,144,5,5,300,1.05,1.05,6.0,2.0,10,6,6,-1,
19,P019,1,ft_jnd,FrameTimeStutter,364,3.07308,2.9988,1701.97,1513.77,0.000,0.000,1701.97,1513.77,-15.5895,15.5141,0.0000,-12.5967,0.0000,-2.9928,Left,0,0,0,0,86.667,0,0.000,ft_jnd,FrameTimeStutter,1,0,1,0,1,1,0.25,0.25,1.5,100,-10,100,1,5,250,40,5,250,50,1,6,11,0,0.06,4,0.05,50,8,4,2,2,100,144,5,5,300,1.05,1.05,6.0,2.0,10,6,6,-1,
19,P019,1,ft_jnd,FrameTimeStutter,365,3.07727,4.1875,1701.97,1513.77,0.000,0.000,1701.97,1513.77,-15.5895,15.5141,0.0000,-12.5967,0.0000,-2.9928,Left,0,0,0,0,86.667,0,0.000,ft_jnd,FrameTimeStutter,1,0,1,0,1,1,0.25,0.25,1.5,100,-10,100,1,5,250,40,5,250,50,1,6,11,0,0.06,4,0.05,50,8,4,2,2,100,144,5,5,300,1.05,1.05,6.0,2.0,10,6,6,-1,
19,P019,1,ft_jnd,FrameTimeStutter,366,3.08160,4.3351,1701.97,1513.77,0.000,0.000,1701.97,1513.77,-15.5895,15.5141,0.0000,-12.5967,0.0000,-2.9928,Left,0,0,0,0,86.667,0,0.000,ft_jnd,FrameTimeStutter,1,0,1,0,1,1,0.25,0.25,1.5,100,-10,100,1,5,250,40,5,250,50,1,6,11,0,0.06,4,0.05,50,8,4,2,2,100,144,5,5,300,1.05,1.05,6.0,2.0,10,6,6,-1,
19,P019,1,ft_jnd,FrameTimeStutter,367,3.08566,4.0589,1701.97,1513.77,0.000,0.000,1701.97,1513.77,-15.5895,15.5141,0.0000,-12.5967,0.0000,-2.9928,Left,0,0,0,0,86.667,0,0.000,ft_jnd,FrameTimeStutter,1,0,1,0,1,1,0.25,0.25,1.5,100,-10,100,1,5,250,40,5,250,50,1,6,11,0,0.06,4,0.05,50,8,4,2,2,100,144,5,5,300,1.05,1.05,6.0,2.0,10,6,6,-1,
19,P019,1,ft_jnd,FrameTimeStutter,368,3.09001,4.3472,1701.97,1513.77,0.000,0.000,1701.97,1513.77,-15.5895,15.5141,0.0000,-12.5967,0.0000,-2.9928,Left,0,0,0,0,86.667,0,0.000,ft_jnd,FrameTimeStutter,1,0,1,0,1,1,0.25,0.25,1.5,100,-10,100,1,5,250,40,5,250,50,1,6,11,0,0.06,4,0.05,50,8,4,2,2,100,144,5,5,300,1.05,1.05,6.0,2.0,10,6,6,-1,
19,P019,1,ft_jnd,FrameTimeStutter,369,3.09434,4.3353,1701.97,1513.77,0.000,0.000,1701.97,1513.77,-15.5895,15.5141,0.0000,-12.5967,0.0000,-2.9928,Left,0,0,0,0,86.667,0,0.000,ft_jnd,FrameTimeStutter,1,0,1,0,1,1,0.25,0.25,1.5,100,-10,100,1,5,250,40,5,250,50,1,6,11,0,0.06,4,0.05,50,8,4,2,2,100,144,5,5,300,1.05,1.05,6.0,2.0,10,6,6,-1,
19,P019,1,ft_jnd,FrameTimeStutter,370,3.09881,4.4654,1701.97,1513.77,0.000,0.000,1701.97,1513.77,-15.5895,15.5141,0.0000,-12.5967,0.0000,-2.9928,Left,0,0,0,0,86.667,0,0.000,ft_jnd,FrameTimeStutter,1,0,1,0,1,1,0.25,0.25,1.5,100,-10,100,1,5,250,40,5,250,50,1,6,11,0,0.06,4,0.05,50,8,4,2,2,100,144,5,5,300,1.05,1.05,6.0,2.0,10,6,6,-1,
19,P019,1,ft_jnd,FrameTimeStutter,371,3.10269,3.8828,1701.97,1513.77,0.000,0.000,1701.97,1513.77,-15.5895,15.5141,0.0000,-12.5967,0.0000,-2.9928,Left,0,0,0,0,86.667,0,0.000,ft_jnd,FrameTimeStutter,1,0,1,0,1,1,0.25,0.25,1.5,100,-10,100,1,5,250,40,5,250,50,1,6,11,0,0.06,4,0.05,50,8,4,2,2,100,144,5,5,300,1.05,1.05,6.0,2.0,10,6,6,-1,
19,P019,1,ft_jnd,FrameTimeStutter,372,3.10601,3.3189,1701.97,1513.77,0.000,0.000,1701.97,1513.77,-15.5895,15.5141,0.0000,-12.5967,0.0000,-2.9928,Left,0,0,0,0,86.667,0,0.000,ft_jnd,FrameTimeStutter,1,0,1,0,1,1,0.25,0.25,1.5,100,-10,100,1,5,250,40,5,250,50,1,6,11,0,0.06,4,0.05,50,8,4,2,2,100,144,5,5,300,1.05,1.05,6.0,2.0,10,6,6,-1,
19,P019,1,ft_jnd,FrameTimeStutter,373,3.10966,3.6503,1701.97,1513.77,0.000,0.000,1701.97,1513.77,-15.5895,15.5141,0.0000,-12.5967,0.0000,-2.9928,Left,0,0,0,0,86.667,0,0.000,ft_jnd,FrameTimeStutter,1,0,1,0,1,1,0.25,0.25,1.5,100,-10,100,1,5,250,40,5,250,50,1,6,11,0,0.06,4,0.05,50,8,4,2,2,100,144,5,5,300,1.05,1.05,6.0,2.0,10,6,6,-1,
19,P019,1,ft_jnd,FrameTimeStutter,374,3.11393,4.2673,1701.97,1513.77,0.000,0.000,1701.97,1513.77,-15.5895,15.5141,0.0000,-12.5967,0.0000,-2.9928,Left,0,0,0,0,86.667,0,0.000,ft_jnd,FrameTimeStutter,1,0,1,0,1,1,0.25,0.25,1.5,100,-10,100,1,5,250,40,5,250,50,1,6,11,0,0.06,4,0.05,50,8,4,2,2,100,144,5,5,300,1.05,1.05,6.0,2.0,10,6,6,-1,
19,P019,1,ft_jnd,FrameTimeStutter,375,3.11824,4.3071,1701.97,1513.77,0.000,0.000,1701.97,1513.77,-15.5895,15.5141,0.0000,-12.5967,0.0000,-2.9928,Left,0,0,0,0,86.667,0,0.000,ft_jnd,FrameTimeStutter,1,0,1,0,1,1,0.25,0.25,1.5,100,-10,100,1,5,250,40,5,250,50,1,6,11,0,0.06,4,0.05,50,8,4,2,2,100,144,5,5,300,1.05,1.05,6.0,2.0,10,6,6,-1,
19,P019,1,ft_jnd,FrameTimeStutter,376,3.12215,3.9110,1701.97,1513.77,0.000,0.000,1701.97,1513.77,-15.5895,15.5141,0.0000,-12.5967,0.0000,-2.9928,Left,0,0,0,0,86.667,0,0.000,ft_jnd,FrameTimeStutter,1,0,1,0,1,1,0.25,0.25,1.5,100,-10,100,1,5,250,40,5,250,50,1,6,11,0,0.06,4,0.05,50,8,4,2,2,100,144,5,5,300,1.05,1.05,6.0,2.0,10,6,6,-1,
19,P019,1,ft_jnd,FrameTimeStutter,377,3.12646,4.3101,1701.97,1513.77,0.000,0.000,1701.97,1513.77,-15.5895,15.5141,0.0000,-12.5967,0.0000,-2.9928,Left,0,0,0,0,86.667,0,0.000,ft_jnd,FrameTimeStutter,1,0,1,0,1,1,0.25,0.25,1.5,100,-10,100,1,5,250,40,5,250,50,1,6,11,0,0.06,4,0.05,50,8,4,2,2,100,144,5,5,300,1.05,1.05,6.0,2.0,10,6,6,-1,
19,P019,1,ft_jnd,FrameTimeStutter,378,3.12981,3.3499,1701.97,1513.77,0.000,0.000,1701.97,1513.77,-15.5895,15.5141,0.0000,-12.5967,0.0000,-2.9928,Left,0,0,0,0,86.667,0,0.000,ft_jnd,FrameTimeStutter,1,0,1,0,1,1,0.25,0.25,1.5,100,-10,100,1,5,250,40,5,250,50,1,6,11,0,0.06,4,0.05,50,8,4,2,2,100,144,5,5,300,1.05,1.05,6.0,2.0,10,6,6,-1,
19,P019,1,ft_jnd,FrameTimeStutter,379,3.13273,2.9185,1701.97,1513.77,0.000,0.000,1701.97,1513.77,-15.5895,15.5141,0.0000,-12.5967,0.0000,-2.9928,Left,0,0,0,0,86.667,0,0.000,ft_jnd,FrameTimeStutter,1,0,1,0,1,1,0.25,0.25,1.5,100,-10,100,1,5,250,40,5,250,50,1,6,11,0,0.06,4,0.05,50,8,4,2,2,100,144,5,5,300,1.05,1.05,6.0,2.0,10,6,6,-1,
19,P019,1,ft_jnd,FrameTimeStutter,380,3.13636,3.6318,1701.97,1513.77,0.000,0.000,1701.97,1513.77,-15.5895,15.5141,0.0000,-12.5967,0.0000,-2.9928,Left,0,0,0,0,86.667,0,0.000,ft_jnd,FrameTimeStutter,1,0,1,0,1,1,0.25,0.25,1.5,100,-10,100,1,5,250,40,5,250,50,1,6,11,0,0.06,4,0.05,50,8,4,2,2,100,144,5,5,300,1.05,1.05,6.0,2.0,10,6,6,-1,
19,P019,1,ft_jnd,FrameTimeStutter,381,3.13936,2.9983,1701.97,1513.77,0.000,0.000,1701.97,1513.77,-15.5895,15.5141,0.0000,-12.5967,0.0000,-2.9928,Left,0,0,0,0,86.667,0,0.000,ft_jnd,FrameTimeStutter,1,0,1,0,1,1,0.25,0.25,1.5,100,-10,100,1,5,250,40,5,250,50,1,6,11,0,0.06,4,0.05,50,8,4,2,2,100,144,5,5,300,1.05,1.05,6.0,2.0,10,6,6,-1,
19,P019,1,ft_jnd,FrameTimeStutter,382,3.14340,4.0427,1701.97,1513.77,0.000,0.000,1701.97,1513.77,-15.5895,15.5141,0.0000,-12.5967,0.0000,-2.9928,Left,0,0,0,0,86.667,0,0.000,ft_jnd,FrameTimeStutter,1,0,1,0,1,1,0.25,0.25,1.5,100,-10,100,1,5,250,40,5,250,50,1,6,11,0,0.06,4,0.05,50,8,4,2,2,100,144,5,5,300,1.05,1.05,6.0,2.0,10,6,6,-1,
19,P019,1,ft_jnd,FrameTimeStutter,383,3.14730,3.9047,1701.97,1513.77,0.000,0.000,1701.97,1513.77,-15.5895,15.5141,0.0000,-12.5967,0.0000,-2.9928,Left,0,0,0,0,86.667,0,0.000,ft_jnd,FrameTimeStutter,1,0,1,0,1,1,0.25,0.25,1.5,100,-10,100,1,5,250,40,5,250,50,1,6,11,0,0.06,4,0.05,50,8,4,2,2,100,144,5,5,300,1.05,1.05,6.0,2.0,10,6,6,-1,
19,P019,1,ft_jnd,FrameTimeStutter,384,3.15163,4.3291,1701.97,1513.77,0.000,0.000,1701.97,1513.77,-15.5895,15.5141,0.0000,-12.5967,0.0000,-2.9928,Left,0,0,0,0,86.667,0,0.000,ft_jnd,FrameTimeStutter,1,0,1,0,1,1,0.25,0.25,1.5,100,-10,100,1,5,250,40,5,250,50,1,6,11,0,0.06,4,0.05,50,8,4,2,2,100,144,5,5,300,1.05,1.05,6.0,2.0,10,6,6,-1,
19,P019,1,ft_jnd,FrameTimeStutter,385,3.15596,4.3246,1701.97,1513.77,0.000,0.000,1701.97,1513.77,-15.5895,15.5141,0.0000,-12.5967,0.0000,-2.9928,Left,0,0,0,0,86.667,0,0.000,ft_jnd,FrameTimeStutter,1,0,1,0,1,1,0.25,0.25,1.5,100,-10,100,1,5,250,40,5,250,50,1,6,11,0,0.06,4,0.05,50,8,4,2,2,100,144,5,5,300,1.05,1.05,6.0,2.0,10,6,6,-1,
19,P019,1,ft_jnd,FrameTimeStutter,386,3.16031,4.3481,1701.97,1513.77,0.000,0.000,1701.97,1513.77,-15.5895,15.5141,0.0000,-12.5967,0.0000,-2.9928,Left,0,0,0,0,86.667,0,0.000,ft_jnd,FrameTimeStutter,1,0,1,0,1,1,0.25,0.25,1.5,100,-10,100,1,5,250,40,5,250,50,1,6,11,0,0.06,4,0.05,50,8,4,2,2,100,144,5,5,300,1.05,1.05,6.0,2.0,10,6,6,-1,
19,P019,1,ft_jnd,FrameTimeStutter,387,3.16318,2.8794,1701.97,1513.77,0.000,0.000,1701.97,1513.77,-15.5895,15.5141,0.0000,-12.5967,0.0000,-2.9928,Left,0,0,0,0,86.667,0,0.000,ft_jnd,FrameTimeStutter,1,0,1,0,1,1,0.25,0.25,1.5,100,-10,100,1,5,250,40,5,250,50,1,6,11,0,0.06,4,0.05,50,8,4,2,2,100,144,5,5,300,1.05,1.05,6.0,2.0,10,6,6,-1,
19,P019,1,ft_jnd,FrameTimeStutter,388,3.16695,3.7637,1701.97,1513.77,0.000,0.000,1701.97,1513.77,-15.5895,15.5141,0.0000,-12.5967,0.0000,-2.9928,Left,0,0,0,0,86.667,0,0.000,ft_jnd,FrameTimeStutter,1,0,1,0,1,1,0.25,0.25,1.5,100,-10,100,1,5,250,40,5,250,50,1,6,11,0,0.06,4,0.05,50,8,4,2,2,100,144,5,5,300,1.05,1.05,6.0,2.0,10,6,6,-1,
19,P019,1,ft_jnd,FrameTimeStutter,389,3.17093,3.9859,1701.97,1513.77,0.000,0.000,1701.97,1513.77,-15.5895,15.5141,0.0000,-12.5967,0.0000,-2.9928,Left,0,0,0,0,86.667,0,0.000,ft_jnd,FrameTimeStutter,1,0,1,0,1,1,0.25,0.25,1.5,100,-10,100,1,5,250,40,5,250,50,1,6,11,0,0.06,4,0.05,50,8,4,2,2,100,144,5,5,300,1.05,1.05,6.0,2.0,10,6,6,-1,
19,P019,1,ft_jnd,FrameTimeStutter,390,3.17428,3.3458,1701.97,1513.77,0.000,0.000,1701.97,1513.77,-15.5895,15.5141,0.0000,-12.5967,0.0000,-2.9928,Left,0,0,0,0,86.667,0,0.000,ft_jnd,FrameTimeStutter,1,0,1,0,1,1,0.25,0.25,1.5,100,-10,100,1,5,250,40,5,250,50,1,6,11,0,0.06,4,0.05,50,8,4,2,2,100,144,5,5,300,1.05,1.05,6.0,2.0,10,6,6,-1,
19,P019,1,ft_jnd,FrameTimeStutter,391,3.17882,4.5367,1701.97,1513.77,0.000,0.000,1701.97,1513.77,-15.5895,15.5141,0.0000,-12.5967,0.0000,-2.9928,Left,0,0,0,0,86.667,0,0.000,ft_jnd,FrameTimeStutter,1,0,1,0,1,1,0.25,0.25,1.5,100,-10,100,1,5,250,40,5,250,50,1,6,11,0,0.06,4,0.05,50,8,4,2,2,100,144,5,5,300,1.05,1.05,6.0,2.0,10,6,6,-1,
19,P019,1,ft_jnd,FrameTimeStutter,392,3.18272,3.9037,1701.97,1513.77,0.000,0.000,1701.97,1513.77,-15.5895,15.5141,0.0000,-12.5967,0.0000,-2.9928,Left,0,0,0,0,86.667,0,0.000,ft_jnd,FrameTimeStutter,1,0,1,0,1,1,0.25,0.25,1.5,100,-10,100,1,5,250,40,5,250,50,1,6,11,0,0.06,4,0.05,50,8,4,2,2,100,144,5,5,300,1.05,1.05,6.0,2.0,10,6,6,-1,
19,P019,1,ft_jnd,FrameTimeStutter,393,3.18603,3.3109,1701.97,1513.77,0.000,0.000,1701.97,1513.77,-15.5895,15.5141,0.0000,-12.5967,0.0000,-2.9928,Left,0,0,0,0,86.667,0,0.000,ft_jnd,FrameTimeStutter,1,0,1,0,1,1,0.25,0.25,1.5,100,-10,100,1,5,250,40,5,250,50,1,6,11,0,0.06,4,0.05,50,8,4,2,2,100,144,5,5,300,1.05,1.05,6.0,2.0,10,6,6,-1,
19,P019,1,ft_jnd,FrameTimeStutter,394,3.19054,4.5040,1701.97,1513.77,0.000,0.000,1701.97,1513.77,-15.5895,15.5141,0.0000,-12.5967,0.0000,-2.9928,Left,0,0,0,0,86.667,0,0.000,ft_jnd,FrameTimeStutter,1,0,1,0,1,1,0.25,0.25,1.5,100,-10,100,1,5,250,40,5,250,50,1,6,11,0,0.06,4,0.05,50,8,4,2,2,100,144,5,5,300,1.05,1.05,6.0,2.0,10,6,6,-1,
19,P019,1,ft_jnd,FrameTimeStutter,395,3.19441,3.8776,1701.97,1513.77,0.000,0.000,1701.97,1513.77,-15.5895,15.5141,0.0000,-12.5967,0.0000,-2.9928,Left,0,0,0,0,86.667,0,0.000,ft_jnd,FrameTimeStutter,1,0,1,0,1,1,0.25,0.25,1.5,100,-10,100,1,5,250,40,5,250,50,1,6,11,0,0.06,4,0.05,50,8,4,2,2,100,144,5,5,300,1.05,1.05,6.0,2.0,10,6,6,-1,
19,P019,1,ft_jnd,FrameTimeStutter,396,3.19780,3.3864,1701.97,1513.77,0.000,0.000,1701.97,1513.77,-15.5895,15.5141,0.0000,-12.5967,0.0000,-2.9928,Left,0,0,0,0,86.667,0,0.000,ft_jnd,FrameTimeStutter,1,0,1,0,1,1,0.25,0.25,1.5,100,-10,100,1,5,250,40,5,250,50,1,6,11,0,0.06,4,0.05,50,8,4,2,2,100,144,5,5,300,1.05,1.05,6.0,2.0,10,6,6,-1,
19,P019,1,ft_jnd,FrameTimeStutter,397,3.20101,3.2089,1701.97,1513.77,0.000,0.000,1701.97,1513.77,-15.5895,15.5141,0.0000,-12.5967,0.0000,-2.9928,Left,0,0,0,0,86.667,0,0.000,ft_jnd,FrameTimeStutter,1,0,1,0,1,1,0.25,0.25,1.5,100,-10,100,1,5,250,40,5,250,50,1,6,11,0,0.06,4,0.05,50,8,4,2,2,100,144,5,5,300,1.05,1.05,6.0,2.0,10,6,6,-1,
19,P019,1,ft_jnd,FrameTimeStutter,398,3.20480,3.7879,1701.97,1513.77,0.000,0.000,1701.97,1513.77,-15.5895,15.5141,0.0000,-12.5967,0.0000,-2.9928,Left,0,0,0,0,86.667,0,0.000,ft_jnd,FrameTimeStutter,1,0,1,0,1,1,0.25,0.25,1.5,100,-10,100,1,5,250,40,5,250,50,1,6,11,0,0.06,4,0.05,50,8,4,2,2,100,144,5,5,300,1.05,1.05,6.0,2.0,10,6,6,-1,
19,P019,1,ft_jnd,FrameTimeStutter,399,3.20914,4.3398,1701.97,1513.77,0.000,0.000,1701.97,1513.77,-15.5895,15.5141,0.0000,-12.5967,0.0000,-2.9928,Left,0,0,0,0,86.667,0,0.000,ft_jnd,FrameTimeStutter,1,0,1,0,1,1,0.25,0.25,1.5,100,-10,100,1,5,250,40,5,250,50,1,6,11,0,0.06,4,0.05,50,8,4,2,2,100,144,5,5,300,1.05,1.05,6.0,2.0,10,6,6,-1,
19,P019,1,ft_jnd,FrameTimeStutter,400,3.21298,3.8404,1701.97,1513.77,0.000,0.000,1701.97,1513.77,-15.5895,15.5141,0.0000,-12.5967,0.0000,-2.9928,Left,0,0,0,0,86.667,0,0.000,ft_jnd,FrameTimeStutter,1,0,1,0,1,1,0.25,0.25,1.5,100,-10,100,1,5,250,40,5,250,50,1,6,11,0,0.06,4,0.05,50,8,4,2,2,100,144,5,5,300,1.05,1.05,6.0,2.0,10,6,6,-1,
19,P019,1,ft_jnd,FrameTimeStutter,401,3.21741,4.4379,1701.97,1513.77,0.000,0.000,1701.97,1513.77,-15.5895,15.5141,0.0000,-12.5967,0.0000,-2.9928,Left,0,0,0,0,86.667,0,0.000,ft_jnd,FrameTimeStutter,1,0,1,0,1,1,0.25,0.25,1.5,100,-10,100,1,5,250,40,5,250,50,1,6,11,0,0.06,4,0.05,50,8,4,2,2,100,144,5,5,300,1.05,1.05,6.0,2.0,10,6,6,-1,
19,P019,1,ft_jnd,FrameTimeStutter,402,3.22167,4.2585,1701.97,1513.77,0.000,0.000,1701.97,1513.77,-15.5895,15.5141,0.0000,-12.5967,0.0000,-2.9928,Left,0,0,0,0,86.667,0,0.000,ft_jnd,FrameTimeStutter,1,0,1,0,1,1,0.25,0.25,1.5,100,-10,100,1,5,250,40,5,250,50,1,6,11,0,0.06,4,0.05,50,8,4,2,2,100,144,5,5,300,1.05,1.05,6.0,2.0,10,6,6,-1,
19,P019,1,ft_jnd,FrameTimeStutter,403,3.22461,2.9417,1701.97,1513.77,0.000,0.000,1701.97,1513.77,-15.5895,15.5141,0.0000,-12.5967,0.0000,-2.9928,Left,0,0,0,0,86.667,0,0.000,ft_jnd,FrameTimeStutter,1,0,1,0,1,1,0.25,0.25,1.5,100,-10,100,1,5,250,40,5,250,50,1,6,11,0,0.06,4,0.05,50,8,4,2,2,100,144,5,5,300,1.05,1.05,6.0,2.0,10,6,6,-1,
19,P019,1,ft_jnd,FrameTimeStutter,404,3.22838,3.7663,1701.97,1513.77,0.000,0.000,1701.97,1513.77,-15.5895,15.5141,0.0000,-12.5967,0.0000,-2.9928,Left,0,0,0,0,86.667,0,0.000,ft_jnd,FrameTimeStutter,1,0,1,0,1,1,0.25,0.25,1.5,100,-10,100,1,5,250,40,5,250,50,1,6,11,0,0.06,4,0.05,50,8,4,2,2,100,144,5,5,300,1.05,1.05,6.0,2.0,10,6,6,-1,
19,P019,1,ft_jnd,FrameTimeStutter,405,3.23137,2.9930,1701.97,1513.77,0.000,0.000,1701.97,1513.77,-15.5895,15.5141,0.0000,-12.5967,0.0000,-2.9928,Left,0,0,0,0,86.667,0,0.000,ft_jnd,FrameTimeStutter,1,0,1,0,1,1,0.25,0.25,1.5,100,-10,100,1,5,250,40,5,250,50,1,6,11,0,0.06,4,0.05,50,8,4,2,2,100,144,5,5,300,1.05,1.05,6.0,2.0,10,6,6,-1,
19,P019,1,ft_jnd,FrameTimeStutter,406,3.23641,5.0316,1701.97,1513.77,0.000,0.000,1701.97,1513.77,-15.5895,15.5141,0.0000,-12.5967,0.0000,-2.9928,Left,0,0,0,0,86.667,0,0.000,ft_jnd,FrameTimeStutter,1,0,1,0,1,1,0.25,0.25,1.5,100,-10,100,1,5,250,40,5,250,50,1,6,11,0,0.06,4,0.05,50,8,4,2,2,100,144,5,5,300,1.05,1.05,6.0,2.0,10,6,6,-1,
19,P019,1,ft_jnd,FrameTimeStutter,407,3.24080,4.3949,1701.97,1513.77,0.000,0.000,1701.97,1513.77,-15.5895,15.5141,0.0000,-12.5967,0.0000,-2.9928,Left,0,0,0,0,86.667,0,0.000,ft_jnd,FrameTimeStutter,1,0,1,0,1,1,0.25,0.25,1.5,100,-10,100,1,5,250,40,5,250,50,1,6,11,0,0.06,4,0.05,50,8,4,2,2,100,144,5,5,300,1.05,1.05,6.0,2.0,10,6,6,-1,
19,P019,1,ft_jnd,FrameTimeStutter,408,3.24512,4.3212,1701.97,1513.77,0.000,0.000,1701.97,1513.77,-15.5895,15.5141,0.0000,-12.5967,0.0000,-2.9928,Left,0,0,0,0,86.667,0,0.000,ft_jnd,FrameTimeStutter,1,0,1,0,1,1,0.25,0.25,1.5,100,-10,100,1,5,250,40,5,250,50,1,6,11,0,0.06,4,0.05,50,8,4,2,2,100,144,5,5,300,1.05,1.05,6.0,2.0,10,6,6,-1,
19,P019,1,ft_jnd,FrameTimeStutter,409,3.24921,4.0846,1701.97,1513.77,0.000,0.000,1701.97,1513.77,-15.5895,15.5141,0.0000,-12.5967,0.0000,-2.9928,Left,0,0,0,0,86.667,0,0.000,ft_jnd,FrameTimeStutter,1,0,1,0,1,1,0.25,0.25,1.5,100,-10,100,1,5,250,40,5,250,50,1,6,11,0,0.06,4,0.05,50,8,4,2,2,100,144,5,5,300,1.05,1.05,6.0,2.0,10,6,6,-1,
19,P019,1,ft_jnd,FrameTimeStutter,410,3.25357,4.3598,1701.97,1513.77,0.000,0.000,1701.97,1513.77,-15.5895,15.5141,0.0000,-12.5967,0.0000,-2.9928,Left,0,0,0,0,86.667,0,0.000,ft_jnd,FrameTimeStutter,1,0,1,0,1,1,0.25,0.25,1.5,100,-10,100,1,5,250,40,5,250,50,1,6,11,0,0.06,4,0.05,50,8,4,2,2,100,144,5,5,300,1.05,1.05,6.0,2.0,10,6,6,-1,
19,P019,1,ft_jnd,FrameTimeStutter,411,3.25697,3.4081,1701.97,1513.77,0.000,0.000,1701.97,1513.77,-15.5895,15.5141,0.0000,-12.5967,0.0000,-2.9928,Left,0,0,0,0,86.667,0,0.000,ft_jnd,FrameTimeStutter,1,0,1,0,1,1,0.25,0.25,1.5,100,-10,100,1,5,250,40,5,250,50,1,6,11,0,0.06,4,0.05,50,8,4,2,2,100,144,5,5,300,1.05,1.05,6.0,2.0,10,6,6,-1,
19,P019,1,ft_jnd,FrameTimeStutter,412,3.26004,3.0702,1701.97,1513.77,0.000,0.000,1701.97,1513.77,-15.5895,15.5141,0.0000,-12.5967,0.0000,-2.9928,Left,0,0,0,0,86.667,0,0.000,ft_jnd,FrameTimeStutter,1,0,1,0,1,1,0.25,0.25,1.5,100,-10,100,1,5,250,40,5,250,50,1,6,11,0,0.06,4,0.05,50,8,4,2,2,100,144,5,5,300,1.05,1.05,6.0,2.0,10,6,6,-1,
19,P019,1,ft_jnd,FrameTimeStutter,413,3.26508,5.0378,1701.97,1513.77,0.000,0.000,1701.97,1513.77,-15.5895,15.5141,0.0000,-12.5967,0.0000,-2.9928,Left,0,0,0,0,86.667,0,0.000,ft_jnd,FrameTimeStutter,1,0,1,0,1,1,0.25,0.25,1.5,100,-10,100,1,5,250,40,5,250,50,1,6,11,0,0.06,4,0.05,50,8,4,2,2,100,144,5,5,300,1.05,1.05,6.0,2.0,10,6,6,-1,
19,P019,1,ft_jnd,FrameTimeStutter,414,3.26832,3.2381,1701.97,1513.77,0.000,0.000,1701.97,1513.77,-15.5895,15.5141,0.0000,-12.5967,0.0000,-2.9928,Left,0,0,0,0,86.667,0,0.000,ft_jnd,FrameTimeStutter,1,0,1,0,1,1,0.25,0.25,1.5,100,-10,100,1,5,250,40,5,250,50,1,6,11,0,0.06,4,0.05,50,8,4,2,2,100,144,5,5,300,1.05,1.05,6.0,2.0,10,6,6,-1,
19,P019,1,ft_jnd,FrameTimeStutter,415,3.27144,3.1166,1701.97,1513.77,0.000,0.000,1701.97,1513.77,-15.5895,15.5141,0.0000,-12.5967,0.0000,-2.9928,Left,0,0,0,0,86.667,0,0.000,ft_jnd,FrameTimeStutter,1,0,1,0,1,1,0.25,0.25,1.5,100,-10,100,1,5,250,40,5,250,50,1,6,11,0,0.06,4,0.05,50,8,4,2,2,100,144,5,5,300,1.05,1.05,6.0,2.0,10,6,6,-1,
19,P019,1,ft_jnd,FrameTimeStutter,416,3.27583,4.3901,1701.97,1513.77,0.000,0.000,1701.97,1513.77,-15.5895,15.5141,0.0000,-12.5967,0.0000,-2.9928,Left,0,0,0,0,86.667,0,0.000,ft_jnd,FrameTimeStutter,1,0,1,0,1,1,0.25,0.25,1.5,100,-10,100,1,5,250,40,5,250,50,1,6,11,0,0.06,4,0.05,50,8,4,2,2,100,144,5,5,300,1.05,1.05,6.0,2.0,10,6,6,-1,
19,P019,1,ft_jnd,FrameTimeStutter,417,3.27971,3.8866,1701.97,1513.77,0.000,0.000,1701.97,1513.77,-15.5895,15.5141,0.0000,-12.5967,0.0000,-2.9928,Left,0,0,0,0,86.667,0,0.000,ft_jnd,FrameTimeStutter,1,0,1,0,1,1,0.25,0.25,1.5,100,-10,100,1,5,250,40,5,250,50,1,6,11,0,0.06,4,0.05,50,8,4,2,2,100,144,5,5,300,1.05,1.05,6.0,2.0,10,6,6,-1,
19,P019,1,ft_jnd,FrameTimeStutter,418,3.28417,4.4576,1701.97,1513.77,0.000,0.000,1701.97,1513.77,-15.5895,15.5141,0.0000,-12.5967,0.0000,-2.9928,Left,0,0,0,0,86.667,0,0.000,ft_jnd,FrameTimeStutter,1,0,1,0,1,1,0.25,0.25,1.5,100,-10,100,1,5,250,40,5,250,50,1,6,11,0,0.06,4,0.05,50,8,4,2,2,100,144,5,5,300,1.05,1.05,6.0,2.0,10,6,6,-1,
19,P019,1,ft_jnd,FrameTimeStutter,419,3.29068,6.5071,1701.97,1513.77,0.000,0.000,1701.97,1513.77,-15.5895,15.5141,0.0000,-12.5967,0.0000,-2.9928,Left,0,0,0,0,86.667,0,0.000,ft_jnd,FrameTimeStutter,1,0,1,0,1,1,0.25,0.25,1.5,100,-10,100,1,5,250,40,5,250,50,1,6,11,0,0.06,4,0.05,50,8,4,2,2,100,144,5,5,300,1.05,1.05,6.0,2.0,10,6,6,-1,
19,P019,1,ft_jnd,FrameTimeStutter,420,3.29518,4.5017,1701.97,1513.77,0.000,0.000,1701.97,1513.77,-15.5895,15.5141,0.0000,-12.5967,0.0000,-2.9928,Left,0,0,0,0,86.667,0,0.000,ft_jnd,FrameTimeStutter,1,0,1,0,1,1,0.25,0.25,1.5,100,-10,100,1,5,250,40,5,250,50,1,6,11,0,0.06,4,0.05,50,8,4,2,2,100,144,5,5,300,1.05,1.05,6.0,2.0,10,6,6,-1,
19,P019,1,ft_jnd,FrameTimeStutter,421,3.29953,4.3515,1701.97,1513.77,0.000,0.000,1701.97,1513.77,-15.5895,15.5141,0.0000,-12.5967,0.0000,-2.9928,Left,0,0,0,0,86.667,0,0.000,ft_jnd,FrameTimeStutter,1,0,1,0,1,1,0.25,0.25,1.5,100,-10,100,1,5,250,40,5,250,50,1,6,11,0,0.06,4,0.05,50,8,4,2,2,100,144,5,5,300,1.05,1.05,6.0,2.0,10,6,6,-1,
19,P019,1,ft_jnd,FrameTimeStutter,422,3.30250,2.9635,1701.97,1513.77,0.000,0.000,1701.97,1513.77,-15.5895,15.5141,0.0000,-12.5967,0.0000,-2.9928,Left,0,0,0,0,86.667,0,0.000,ft_jnd,FrameTimeStutter,1,0,1,0,1,1,0.25,0.25,1.5,100,-10,100,1,5,250,40,5,250,50,1,6,11,0,0.06,4,0.05,50,8,4,2,2,100,144,5,5,300,1.05,1.05,6.0,2.0,10,6,6,-1,
19,P019,1,ft_jnd,FrameTimeStutter,423,3.30722,4.7251,1701.97,1513.77,0.000,0.000,1701.97,1513.77,-15.5895,15.5141,0.0000,-12.5967,0.0000,-2.9928,Left,0,0,0,0,86.667,0,0.000,ft_jnd,FrameTimeStutter,1,0,1,0,1,1,0.25,0.25,1.5,100,-10,100,1,5,250,40,5,250,50,1,6,11,0,0.06,4,0.05,50,8,4,2,2,100,144,5,5,300,1.05,1.05,6.0,2.0,10,6,6,-1,
19,P019,1,ft_jnd,FrameTimeStutter,424,3.31123,4.0063,1701.97,1513.77,0.000,0.000,1701.97,1513.77,-15.5895,15.5141,0.0000,-12.5967,0.0000,-2.9928,Left,0,0,0,0,86.667,0,0.000,ft_jnd,FrameTimeStutter,1,0,1,0,1,1,0.25,0.25,1.5,100,-10,100,1,5,250,40,5,250,50,1,6,11,0,0.06,4,0.05,50,8,4,2,2,100,144,5,5,300,1.05,1.05,6.0,2.0,10,6,6,-1,
19,P019,1,ft_jnd,FrameTimeStutter,425,3.31458,3.3505,1701.97,1513.77,0.000,0.000,1701.97,1513.77,-15.5895,15.5141,0.0000,-12.5967,0.0000,-2.9928,Left,0,0,0,0,86.667,0,0.000,ft_jnd,FrameTimeStutter,1,0,1,0,1,1,0.25,0.25,1.5,100,-10,100,1,5,250,40,5,250,50,1,6,11,0,0.06,4,0.05,50,8,4,2,2,100,144,5,5,300,1.05,1.05,6.0,2.0,10,6,6,-1,
19,P019,1,ft_jnd,FrameTimeStutter,426,3.31880,4.2265,1701.97,1513.77,0.000,0.000,1701.97,1513.77,-15.5895,15.5141,0.0000,-12.5967,0.0000,-2.9928,Left,0,0,0,0,86.667,0,0.000,ft_jnd,FrameTimeStutter,1,0,1,0,1,1,0.25,0.25,1.5,100,-10,100,1,5,250,40,5,250,50,1,6,11,0,0.06,4,0.05,50,8,4,2,2,100,144,5,5,300,1.05,1.05,6.0,2.0,10,6,6,-1,
19,P019,1,ft_jnd,FrameTimeStutter,427,3.32155,2.7513,1701.97,1513.77,0.000,0.000,1701.97,1513.77,-15.5895,15.5141,0.0000,-12.5967,0.0000,-2.9928,Left,0,0,0,0,86.667,0,0.000,ft_jnd,FrameTimeStutter,1,0,1,0,1,1,0.25,0.25,1.5,100,-10,100,1,5,250,40,5,250,50,1,6,11,0,0.06,4,0.05,50,8,4,2,2,100,144,5,5,300,1.05,1.05,6.0,2.0,10,6,6,-1,
19,P019,1,ft_jnd,FrameTimeStutter,428,3.32576,4.2050,1701.97,1513.77,0.000,0.000,1701.97,1513.77,-15.5895,15.5141,0.0000,-12.5967,0.0000,-2.9928,Left,0,0,0,0,86.667,0,0.000,ft_jnd,FrameTimeStutter,1,0,1,0,1,1,0.25,0.25,1.5,100,-10,100,1,5,250,40,5,250,50,1,6,11,0,0.06,4,0.05,50,8,4,2,2,100,144,5,5,300,1.05,1.05,6.0,2.0,10,6,6,-1,
19,P019,1,ft_jnd,FrameTimeStutter,429,3.32986,4.0953,1701.97,1513.77,0.000,0.000,1701.97,1513.77,-15.5895,15.5141,0.0000,-12.5967,0.0000,-2.9928,Left,0,0,0,0,86.667,0,0.000,ft_jnd,FrameTimeStutter,1,0,1,0,1,1,0.25,0.25,1.5,100,-10,100,1,5,250,40,5,250,50,1,6,11,0,0.06,4,0.05,50,8,4,2,2,100,144,5,5,300,1.05,1.05,6.0,2.0,10,6,6,-1,
19,P019,1,ft_jnd,FrameTimeStutter,430,3.33359,3.7376,1701.97,1513.77,0.000,0.000,1701.97,1513.77,-15.5895,15.5141,0.0000,-12.5967,0.0000,-2.9928,Left,0,0,0,0,86.667,0,0.000,ft_jnd,FrameTimeStutter,1,0,1,0,1,1,0.25,0.25,1.5,100,-10,100,1,5,250,40,5,250,50,1,6,11,0,0.06,4,0.05,50,8,4,2,2,100,144,5,5,300,1.05,1.05,6.0,2.0,10,6,6,-1,
19,P019,1,ft_jnd,FrameTimeStutter,431,3.33770,4.1052,1701.97,1513.77,0.000,0.000,1701.97,1513.77,-15.5895,15.5141,0.0000,-12.5967,0.0000,-2.9928,Left,0,0,0,0,86.667,0,0.000,ft_jnd,FrameTimeStutter,1,0,1,0,1,1,0.25,0.25,1.5,100,-10,100,1,5,250,40,5,250,50,1,6,11,0,0.06,4,0.05,50,8,4,2,2,100,144,5,5,300,1.05,1.05,6.0,2.0,10,6,6,-1,
19,P019,1,ft_jnd,FrameTimeStutter,432,3.34207,4.3725,1701.97,1513.77,0.000,0.000,1701.97,1513.77,-15.5895,15.5141,0.0000,-12.5967,0.0000,-2.9928,Left,0,0,0,0,86.667,0,0.000,ft_jnd,FrameTimeStutter,1,0,1,0,1,1,0.25,0.25,1.5,100,-10,100,1,5,250,40,5,250,50,1,6,11,0,0.06,4,0.05,50,8,4,2,2,100,144,5,5,300,1.05,1.05,6.0,2.0,10,6,6,-1,
19,P019,1,ft_jnd,FrameTimeStutter,433,3.34492,2.8450,1701.97,1513.77,0.000,0.000,1701.97,1513.77,-15.5895,15.5141,0.0000,-12.5967,0.0000,-2.9928,Left,0,0,0,0,86.667,0,0.000,ft_jnd,FrameTimeStutter,1,0,1,0,1,1,0.25,0.25,1.5,100,-10,100,1,5,250,40,5,250,50,1,6,11,0,0.06,4,0.05,50,8,4,2,2,100,144,5,5,300,1.05,1.05,6.0,2.0,10,6,6,-1,
19,P019,1,ft_jnd,FrameTimeStutter,434,3.34863,3.7181,1701.97,1513.77,0.000,0.000,1701.97,1513.77,-15.5895,15.5141,0.0000,-12.5967,0.0000,-2.9928,Left,0,0,0,0,86.667,0,0.000,ft_jnd,FrameTimeStutter,1,0,1,0,1,1,0.25,0.25,1.5,100,-10,100,1,5,250,40,5,250,50,1,6,11,0,0.06,4,0.05,50,8,4,2,2,100,144,5,5,300,1.05,1.05,6.0,2.0,10,6,6,-1,
19,P019,1,ft_jnd,FrameTimeStutter,435,3.35150,2.8622,1701.97,1513.77,0.000,0.000,1701.97,1513.77,-15.5895,15.5141,0.0000,-12.5967,0.0000,-2.9928,Left,0,0,0,0,86.667,0,0.000,ft_jnd,FrameTimeStutter,1,0,1,0,1,1,0.25,0.25,1.5,100,-10,100,1,5,250,40,5,250,50,1,6,11,0,0.06,4,0.05,50,8,4,2,2,100,144,5,5,300,1.05,1.05,6.0,2.0,10,6,6,-1,
19,P019,1,ft_jnd,FrameTimeStutter,436,3.35603,4.5323,1701.97,1513.77,0.000,0.000,1701.97,1513.77,-15.5895,15.5141,0.0000,-12.5967,0.0000,-2.9928,Left,0,0,0,0,86.667,0,0.000,ft_jnd,FrameTimeStutter,1,0,1,0,1,1,0.25,0.25,1.5,100,-10,100,1,5,250,40,5,250,50,1,6,11,0,0.06,4,0.05,50,8,4,2,2,100,144,5,5,300,1.05,1.05,6.0,2.0,10,6,6,-1,
19,P019,1,ft_jnd,FrameTimeStutter,437,3.35889,2.8664,1701.97,1513.77,0.000,0.000,1701.97,1513.77,-15.5895,15.5141,0.0000,-12.5967,0.0000,-2.9928,Left,0,0,0,0,86.667,0,0.000,ft_jnd,FrameTimeStutter,1,0,1,0,1,1,0.25,0.25,1.5,100,-10,100,1,5,250,40,5,250,50,1,6,11,0,0.06,4,0.05,50,8,4,2,2,100,144,5,5,300,1.05,1.05,6.0,2.0,10,6,6,-1,
19,P019,1,ft_jnd,FrameTimeStutter,438,3.36252,3.6242,1701.97,1513.77,0.000,0.000,1701.97,1513.77,-15.5895,15.5141,0.0000,-12.5967,0.0000,-2.9928,Left,0,0,0,0,86.667,0,0.000,ft_jnd,FrameTimeStutter,1,0,1,0,1,1,0.25,0.25,1.5,100,-10,100,1,5,250,40,5,250,50,1,6,11,0,0.06,4,0.05,50,8,4,2,2,100,144,5,5,300,1.05,1.05,6.0,2.0,10,6,6,-1,
19,P019,1,ft_jnd,FrameTimeStutter,439,3.36674,4.2259,1701.97,1513.77,0.000,0.000,1701.97,1513.77,-15.5895,15.5141,0.0000,-12.5967,0.0000,-2.9928,Left,0,0,0,0,86.667,0,0.000,ft_jnd,FrameTimeStutter,1,0,1,0,1,1,0.25,0.25,1.5,100,-10,100,1,5,250,40,5,250,50,1,6,11,0,0.06,4,0.05,50,8,4,2,2,100,144,5,5,300,1.05,1.05,6.0,2.0,10,6,6,-1,
19,P019,1,ft_jnd,FrameTimeStutter,440,3.37054,3.7961,1701.97,1513.77,0.000,0.000,1701.97,1513.77,-15.5895,15.5141,0.0000,-12.5967,0.0000,-2.9928,Left,0,0,0,0,86.667,0,0.000,ft_jnd,FrameTimeStutter,1,0,1,0,1,1,0.25,0.25,1.5,100,-10,100,1,5,250,40,5,250,50,1,6,11,0,0.06,4,0.05,50,8,4,2,2,100,144,5,5,300,1.05,1.05,6.0,2.0,10,6,6,-1,
19,P019,1,ft_jnd,FrameTimeStutter,441,3.37492,4.3751,1701.97,1513.77,0.000,0.000,1701.97,1513.77,-15.5895,15.5141,0.0000,-12.5967,0.0000,-2.9928,Left,0,0,0,0,86.667,0,0.000,ft_jnd,FrameTimeStutter,1,0,1,0,1,1,0.25,0.25,1.5,100,-10,100,1,5,250,40,5,250,50,1,6,11,0,0.06,4,0.05,50,8,4,2,2,100,144,5,5,300,1.05,1.05,6.0,2.0,10,6,6,-1,
19,P019,1,ft_jnd,FrameTimeStutter,442,3.37917,4.2505,1701.97,1513.77,0.000,0.000,1701.97,1513.77,-15.5895,15.5141,0.0000,-12.5967,0.0000,-2.9928,Left,0,0,0,0,86.667,0,0.000,ft_jnd,FrameTimeStutter,1,0,1,0,1,1,0.25,0.25,1.5,100,-10,100,1,5,250,40,5,250,50,1,6,11,0,0.06,4,0.05,50,8,4,2,2,100,144,5,5,300,1.05,1.05,6.0,2.0,10,6,6,-1,
19,P019,1,ft_jnd,FrameTimeStutter,443,3.38211,2.9412,1701.97,1513.77,0.000,0.000,1701.97,1513.77,-15.5895,15.5141,0.0000,-12.5967,0.0000,-2.9928,Left,0,0,0,0,86.667,0,0.000,ft_jnd,FrameTimeStutter,1,0,1,0,1,1,0.25,0.25,1.5,100,-10,100,1,5,250,40,5,250,50,1,6,11,0,0.06,4,0.05,50,8,4,2,2,100,144,5,5,300,1.05,1.05,6.0,2.0,10,6,6,-1,
19,P019,1,ft_jnd,FrameTimeStutter,444,3.38589,3.7844,1701.97,1513.77,0.000,0.000,1701.97,1513.77,-15.5895,15.5141,0.0000,-12.5967,0.0000,-2.9928,Left,0,0,0,0,86.667,0,0.000,ft_jnd,FrameTimeStutter,1,0,1,0,1,1,0.25,0.25,1.5,100,-10,100,1,5,250,40,5,250,50,1,6,11,0,0.06,4,0.05,50,8,4,2,2,100,144,5,5,300,1.05,1.05,6.0,2.0,10,6,6,-1,
19,P019,1,ft_jnd,FrameTimeStutter,445,3.39003,4.1372,1701.97,1513.77,0.000,0.000,1701.97,1513.77,-15.5895,15.5141,0.0000,-12.5967,0.0000,-2.9928,Left,0,0,0,0,86.667,0,0.000,ft_jnd,FrameTimeStutter,1,0,1,0,1,1,0.25,0.25,1.5,100,-10,100,1,5,250,40,5,250,50,1,6,11,0,0.06,4,0.05,50,8,4,2,2,100,144,5,5,300,1.05,1.05,6.0,2.0,10,6,6,-1,
19,P019,1,ft_jnd,FrameTimeStutter,446,3.39293,2.8966,1701.97,1513.77,0.000,0.000,1701.97,1513.77,-15.5895,15.5141,0.0000,-12.5967,0.0000,-2.9928,Left,0,0,0,0,86.667,0,0.000,ft_jnd,FrameTimeStutter,1,0,1,0,1,1,0.25,0.25,1.5,100,-10,100,1,5,250,40,5,250,50,1,6,11,0,0.06,4,0.05,50,8,4,2,2,100,144,5,5,300,1.05,1.05,6.0,2.0,10,6,6,-1,
19,P019,1,ft_jnd,FrameTimeStutter,447,3.39761,4.6862,1701.97,1513.77,0.000,0.000,1701.97,1513.77,-15.5895,15.5141,0.0000,-12.5967,0.0000,-2.9928,Left,0,0,0,0,86.667,0,0.000,ft_jnd,FrameTimeStutter,1,0,1,0,1,1,0.25,0.25,1.5,100,-10,100,1,5,250,40,5,250,50,1,6,11,0,0.06,4,0.05,50,8,4,2,2,100,144,5,5,300,1.05,1.05,6.0,2.0,10,6,6,-1,
19,P019,1,ft_jnd,FrameTimeStutter,448,3.40147,3.8621,1701.97,1513.77,0.000,0.000,1701.97,1513.77,-15.5895,15.5141,0.0000,-12.5967,0.0000,-2.9928,Left,0,0,0,0,86.667,0,0.000,ft_jnd,FrameTimeStutter,1,0,1,0,1,1,0.25,0.25,1.5,100,-10,100,1,5,250,40,5,250,50,1,6,11,0,0.06,4,0.05,50,8,4,2,2,100,144,5,5,300,1.05,1.05,6.0,2.0,10,6,6,-1,
19,P019,1,ft_jnd,FrameTimeStutter,449,3.40584,4.3702,1701.97,1513.77,0.000,0.000,1701.97,1513.77,-15.5895,15.5141,0.0000,-12.5967,0.0000,-2.9928,Left,0,0,0,0,86.667,0,0.000,ft_jnd,FrameTimeStutter,1,0,1,0,1,1,0.25,0.25,1.5,100,-10,100,1,5,250,40,5,250,50,1,6,11,0,0.06,4,0.05,50,8,4,2,2,100,144,5,5,300,1.05,1.05,6.0,2.0,10,6,6,-1,
19,P019,1,ft_jnd,FrameTimeStutter,450,3.41009,4.2457,1701.97,1513.77,0.000,0.000,1701.97,1513.77,-15.5895,15.5141,0.0000,-12.5967,0.0000,-2.9928,Left,0,0,0,0,86.667,0,0.000,ft_jnd,FrameTimeStutter,1,0,1,0,1,1,0.25,0.25,1.5,100,-10,100,1,5,250,40,5,250,50,1,6,11,0,0.06,4,0.05,50,8,4,2,2,100,144,5,5,300,1.05,1.05,6.0,2.0,10,6,6,-1,
19,P019,1,ft_jnd,FrameTimeStutter,451,3.41296,2.8689,1701.97,1513.77,0.000,0.000,1701.97,1513.77,-15.5895,15.5141,0.0000,-12.5967,0.0000,-2.9928,Left,0,0,0,0,86.667,0,0.000,ft_jnd,FrameTimeStutter,1,0,1,0,1,1,0.25,0.25,1.5,100,-10,100,1,5,250,40,5,250,50,1,6,11,0,0.06,4,0.05,50,8,4,2,2,100,144,5,5,300,1.05,1.05,6.0,2.0,10,6,6,-1,
19,P019,1,ft_jnd,FrameTimeStutter,452,3.42327,10.3093,0.00,0.00,0.000,0.000,0.00,0.00,-22.4689,2.0000,0.0000,-12.5967,0.0000,-2.9928,Left,0,0,0,0,86.667,0,0.000,ft_jnd,FrameTimeStutter,1,0,1,0,1,1,0.25,0.25,1.5,100,-10,100,1,5,250,40,5,250,50,1,6,11,0,0.06,4,0.05,50,8,4,2,2,100,144,5,5,300,1.05,1.05,6.0,2.0,10,6,6,-1,
