sessionId,participantId,roundIndexInSession,studyLabel,testMode,frameIndex,timeSinceRoundStartSec,unscaledDeltaMs,mouseX,mouseY,mouseDeltaX,mouseDeltaY,virtualX,virtualY,ufoX,ufoY,ufoZ,towerX,towerZ,signedDistToTowerX,side,leftButtonDown,leftButtonPressed,rightButtonDown,fireKeyDown,stimulusMs,spikeFired,stallMs,cfg_label,cfg_testMode,cfg_useStaircase,cfg_useManualLevelList,cfg_roundsPerSession,cfg_roundDurationSec,cfg_closeRadius,cfg_showHitZone,cfg_crossingDeadZone,cfg_fireCooldown,cfg_revealHoldSec,cfg_maxPoints,cfg_missPoints,cfg_ftFallbackMagnitudeMs,cfg_ftUseBusyWait,cfg_stimMinMs,cfg_stimMaxMs,cfg_stimCount,cfg_threshMinMs,cfg_threshMaxMs,cfg_threshCount,cfg_slopeMin,cfg_slopeMax,cfg_slopeCount,cfg_lapseMin,cfg_lapseMax,cfg_lapseCount,cfg_guessRate,cfg_maxTrials,cfg_minTrials,cfg_stopSD,cfg_startDropFps,cfg_minDropFps,cfg_maxDropFps,cfg_baselineFps,cfg_startMs,cfg_minMs,cfg_maxMs,cfg_startMult,cfg_minMult,cfg_maxMult,cfg_coarseFactor,cfg_fineStep,cfg_reversals,cfg_revAvg,cfg_manualStartIndex,cfg_manualLevels
17,P017,1,ft_jnd,FrameTimeStutter,0,0.00000,4.0460,1592.79,1170.00,0.000,0.000,1592.79,1170.00,5.7194,9.2284,0.0000,4.8809,0.0000,0.8385,Right,0,0,0,0,86.667,0,0.000,ft_jnd,FrameTimeStutter,1,0,1,0,1,1,0.25,0.25,1.5,100,-10,100,1,5,250,40,5,250,50,1,6,11,0,0.06,4,0.05,50,8,4,2,2,100,144,5,5,300,1.05,1.05,6.0,2.0,10,6,6,-1,
17,P017,1,ft_jnd,FrameTimeStutter,1,0.00480,4.8012,1592.79,1170.00,0.000,0.000,1592.79,1170.00,5.7194,9.2284,0.0000,4.8809,0.0000,0.8385,Right,0,0,0,0,86.667,0,0.000,ft_jnd,FrameTimeStutter,1,0,1,0,1,1,0.25,0.25,1.5,100,-10,100,1,5,250,40,5,250,50,1,6,11,0,0.06,4,0.05,50,8,4,2,2,100,144,5,5,300,1.05,1.05,6.0,2.0,10,6,6,-1,
17,P017,1,ft_jnd,FrameTimeStutter,2,0.00890,4.1009,1592.79,1170.00,0.000,0.000,1592.79,1170.00,5.7194,9.2284,0.0000,4.8809,0.0000,0.8385,Right,0,0,0,0,86.667,0,0.000,ft_jnd,FrameTimeStutter,1,0,1,0,1,1,0.25,0.25,1.5,100,-10,100,1,5,250,40,5,250,50,1,6,11,0,0.06,4,0.05,50,8,4,2,2,100,144,5,5,300,1.05,1.05,6.0,2.0,10,6,6,-1,
17,P017,1,ft_jnd,FrameTimeStutter,3,0.01236,3.4538,1592.79,1170.00,0.000,0.000,1592.79,1170.00,5.7194,9.2284,0.0000,4.8809,0.0000,0.8385,Right,0,0,0,0,86.667,0,0.000,ft_jnd,FrameTimeStutter,1,0,1,0,1,1,0.25,0.25,1.5,100,-10,100,1,5,250,40,5,250,50,1,6,11,0,0.06,4,0.05,50,8,4,2,2,100,144,5,5,300,1.05,1.05,6.0,2.0,10,6,6,-1,
17,P017,1,ft_jnd,FrameTimeStutter,4,0.01686,4.5016,1592.79,1170.00,0.000,0.000,1592.79,1170.00,5.7194,9.2284,0.0000,4.8809,0.0000,0.8385,Right,0,0,0,0,86.667,0,0.000,ft_jnd,FrameTimeStutter,1,0,1,0,1,1,0.25,0.25,1.5,100,-10,100,1,5,250,40,5,250,50,1,6,11,0,0.06,4,0.05,50,8,4,2,2,100,144,5,5,300,1.05,1.05,6.0,2.0,10,6,6,-1,
17,P017,1,ft_jnd,FrameTimeStutter,5,0.02089,4.0351,1592.79,1170.00,0.000,0.000,1592.79,1170.00,5.7194,9.2284,0.0000,4.8809,0.0000,0.8385,Right,0,0,0,0,86.667,0,0.000,ft_jnd,FrameTimeStutter,1,0,1,0,1,1,0.25,0.25,1.5,100,-10,100,1,5,250,40,5,250,50,1,6,11,0,0.06,4,0.05,50,8,4,2,2,100,144,5,5,300,1.05,1.05,6.0,2.0,10,6,6,-1,
17,P017,1,ft_jnd,FrameTimeStutter,6,0.02433,3.4386,1592.79,1170.00,0.000,0.000,1592.79,1170.00,5.7194,9.2284,0.0000,4.8809,0.0000,0.8385,Right,0,0,0,0,86.667,0,0.000,ft_jnd,FrameTimeStutter,1,0,1,0,1,1,0.25,0.25,1.5,100,-10,100,1,5,250,40,5,250,50,1,6,11,0,0.06,4,0.05,50,8,4,2,2,100,144,5,5,300,1.05,1.05,6.0,2.0,10,6,6,-1,
17,P017,1,ft_jnd,FrameTimeStutter,7,0.02873,4.3995,1592.79,1170.00,0.000,0.000,1592.79,1170.00,5.7194,9.2284,0.0000,4.8809,0.0000,0.8385,Right,0,0,0,0,86.667,0,0.000,ft_jnd,FrameTimeStutter,1,0,1,0,1,1,0.25,0.25,1.5,100,-10,100,1,5,250,40,5,250,50,1,6,11,0,0.06,4,0.05,50,8,4,2,2,100,144,5,5,300,1.05,1.05,6.0,2.0,10,6,6,-1,
17,P017,1,ft_jnd,FrameTimeStutter,8,0.03162,2.8927,1592.79,1170.00,0.000,0.000,1592.79,1170.00,5.7194,9.2284,0.0000,4.8809,0.0000,0.8385,Right,0,0,0,0,86.667,0,0.000,ft_jnd,FrameTimeStutter,1,0,1,0,1,1,0.25,0.25,1.5,100,-10,100,1,5,250,40,5,250,50,1,6,11,0,0.06,4,0.05,50,8,4,2,2,100,144,5,5,300,1.05,1.05,6.0,2.0,10,6,6,-1,
17,P017,1,ft_jnd,FrameTimeStutter,9,0.03537,3.7493,1592.79,1170.00,0.000,0.000,1592.79,1170.00,5.7194,9.2284,0.0000,4.8809,0.0000,0.8385,Right,0,0,0,0,86.667,0,0.000,ft_jnd,FrameTimeStutter,1,0,1,0,1,1,0.25,0.25,1.5,100,-10,100,1,5,250,40,5,250,50,1,6,11,0,0.06,4,0.05,50,8,4,2,2,100,144,5,5,300,1.05,1.05,6.0,2.0,10,6,6,-1,
17,P017,1,ft_jnd,FrameTimeStutter,10,0.03825,2.8743,1592.79,1170.00,0.000,0.000,1592.79,1170.00,5.7194,9.2284,0.0000,4.8809,0.0000,0.8385,Right,0,0,0,0,86.667,0,0.000,ft_jnd,FrameTimeStutter,1,0,1,0,1,1,0.25,0.25,1.5,100,-10,100,1,5,250,40,5,250,50,1,6,11,0,0.06,4,0.05,50,8,4,2,2,100,144,5,5,300,1.05,1.05,6.0,2.0,10,6,6,-1,
17,P017,1,ft_jnd,FrameTimeStutter,11,0.04197,3.7228,1592.79,1170.00,0.000,0.000,1592.79,1170.00,5.7194,9.2284,0.0000,4.8809,0.0000,0.8385,Right,0,0,0,0,86.667,0,0.000,ft_jnd,FrameTimeStutter,1,0,1,0,1,1,0.25,0.25,1.5,100,-10,100,1,5,250,40,5,250,50,1,6,11,0,0.06,4,0.05,50,8,4,2,2,100,144,5,5,300,1.05,1.05,6.0,2.0,10,6,6,-1,
17,P017,1,ft_jnd,FrameTimeStutter,12,0.04588,3.9129,1592.79,1170.00,0.000,0.000,1592.79,1170.00,5.7194,9.2284,0.0000,4.8809,0.0000,0.8385,Right,0,0,0,0,86.667,0,0.000,ft_jnd,FrameTimeStutter,1,0,1,0,1,1,0.25,0.25,1.5,100,-10,100,1,5,250,40,5,250,50,1,6,11,0,0.06,4,0.05,50,8,4,2,2,100,144,5,5,300,1.05,1.05,6.0,2.0,10,6,6,-1,
17,P017,1,ft_jnd,FrameTimeStutter,13,0.04923,3.3456,1592.79,1170.00,0.000,0.000,1592.79,1170.00,5.7194,9.2284,0.0000,4.8809,0.0000,0.8385,Right,0,0,0,0,86.667,0,0.000,ft_jnd,FrameTimeStutter,1,0,1,0,1,1,0.25,0.25,1.5,100,-10,100,1,5,250,40,5,250,50,1,6,11,0,0.06,4,0.05,50,8,4,2,2,100,144,5,5,300,1.05,1.05,6.0,2.0,10,6,6,-1,
17,P017,1,ft_jnd,FrameTimeStutter,14,0.05364,4.4078,1592.79,1170.00,0.000,0.000,1592.79,1170.00,5.7194,9.2284,0.0000,4.8809,0.0000,0.8385,Right,0,0,0,0,86.667,0,0.000,ft_jnd,FrameTimeStutter,1,0,1,0,1,1,0.25,0.25,1.5,100,-10,100,1,5,250,40,5,250,50,1,6,11,0,0.06,4,0.05,50,8,4,2,2,100,144,5,5,300,1.05,1.05,6.0,2.0,10,6,6,-1,
17,P017,1,ft_jnd,FrameTimeStutter,15,0.05659,2.9546,1592.79,1170.00,0.000,0.000,1592.79,1170.00,5.7194,9.2284,0.0000,4.8809,0.0000,0.8385,Right,0,0,0,0,86.667,0,0.000,ft_jnd,FrameTimeStutter,1,0,1,0,1,1,0.25,0.25,1.5,100,-10,100,1,5,250,40,5,250,50,1,6,11,0,0.06,4,0.05,50,8,4,2,2,100,144,5,5,300,1.05,1.05,6.0,2.0,10,6,6,-1,
17,P017,1,ft_jnd,FrameTimeStutter,16,0.06036,3.7738,1592.79,1170.00,0.000,0.000,1592.79,1170.00,5.7194,9.2284,0.0000,4.8809,0.0000,0.8385,Right,0,0,0,0,86.667,0,0.000,ft_jnd,FrameTimeStutter,1,0,1,0,1,1,0.25,0.25,1.5,100,-10,100,1,5,250,40,5,250,50,1,6,11,0,0.06,4,0.05,50,8,4,2,2,100,144,5,5,300,1.05,1.05,6.0,2.0,10,6,6,-1,
17,P017,1,ft_jnd,FrameTimeStutter,17,0.06338,3.0143,1592.79,1170.00,0.000,0.000,1592.79,1170.00,5.7194,9.2284,0.0000,4.8809,0.0000,0.8385,Right,0,0,0,0,86.667,0,0.000,ft_jnd,FrameTimeStutter,1,0,1,0,1,1,0.25,0.25,1.5,100,-10,100,1,5,250,40,5,250,50,1,6,11,0,0.06,4,0.05,50,8,4,2,2,100,144,5,5,300,1.05,1.05,6.0,2.0,10,6,6,-1,
17,P017,1,ft_jnd,FrameTimeStutter,18,0.06702,3.6391,1592.79,1170.00,0.000,0.000,1592.79,1170.00,5.7194,9.2284,0.0000,4.8809,0.0000,0.8385,Right,0,0,0,0,86.667,0,0.000,ft_jnd,FrameTimeStutter,1,0,1,0,1,1,0.25,0.25,1.5,100,-10,100,1,5,250,40,5,250,50,1,6,11,0,0.06,4,0.05,50,8,4,2,2,100,144,5,5,300,1.05,1.05,6.0,2.0,10,6,6,-1,
17,P017,1,ft_jnd,FrameTimeStutter,19,0.07158,4.5629,1592.79,1170.00,0.000,0.000,1592.79,1170.00,5.7194,9.2284,0.0000,4.8809,0.0000,0.8385,Right,0,0,0,0,86.667,0,0.000,ft_jnd,FrameTimeStutter,1,0,1,0,1,1,0.25,0.25,1.5,100,-10,100,1,5,250,40,5,250,50,1,6,11,0,0.06,4,0.05,50,8,4,2,2,100,144,5,5,300,1.05,1.05,6.0,2.0,10,6,6,-1,
17,P017,1,ft_jnd,FrameTimeStutter,20,0.07565,4.0687,1592.79,1170.00,0.000,0.000,1592.79,1170.00,5.7194,9.2284,0.0000,4.8809,0.0000,0.8385,Right,0,0,0,0,86.667,0,0.000,ft_jnd,FrameTimeStutter,1,0,1,0,1,1,0.25,0.25,1.5,100,-10,100,1,5,250,40,5,250,50,1,6,11,0,0.06,4,0.05,50,8,4,2,2,100,144,5,5,300,1.05,1.05,6.0,2.0,10,6,6,-1,
17,P017,1,ft_jnd,FrameTimeStutter,21,0.08023,4.5770,1592.79,1170.00,0.000,0.000,1592.79,1170.00,5.7194,9.2284,0.0000,4.8809,0.0000,0.8385,Right,0,0,0,0,86.667,0,0.000,ft_jnd,FrameTimeStutter,1,0,1,0,1,1,0.25,0.25,1.5,100,-10,100,1,5,250,40,5,250,50,1,6,11,0,0.06,4,0.05,50,8,4,2,2,100,144,5,5,300,1.05,1.05,6.0,2.0,10,6,6,-1,
17,P017,1,ft_jnd,FrameTimeStutter,22,0.08370,3.4763,1592.79,1170.00,0.000,0.000,1592.79,1170.00,5.7194,9.2284,0.0000,4.8809,0.0000,0.8385,Right,0,0,0,0,86.667,0,0.000,ft_jnd,FrameTimeStutter,1,0,1,0,1,1,0.25,0.25,1.5,100,-10,100,1,5,250,40,5,250,50,1,6,11,0,0.06,4,0.05,50,8,4,2,2,100,144,5,5,300,1.05,1.05,6.0,2.0,10,6,6,-1,
17,P017,1,ft_jnd,FrameTimeStutter,23,0.08775,4.0437,1592.79,1170.00,0.000,0.000,1592.79,1170.00,5.7194,9.2284,0.0000,4.8809,0.0000,0.8385,Right,0,0,0,0,86.667,0,0.000,ft_jnd,FrameTimeStutter,1,0,1,0,1,1,0.25,0.25,1.5,100,-10,100,1,5,250,40,5,250,50,1,6,11,0,0.06,4,0.05,50,8,4,2,2,100,144,5,5,300,1.05,1.05,6.0,2.0,10,6,6,-1,
17,P017,1,ft_jnd,FrameTimeStutter,24,0.09153,3.7827,1592.79,1170.00,0.000,0.000,1592.79,1170.00,5.7194,9.2284,0.0000,4.8809,0.0000,0.8385,Right,0,0,0,0,86.667,0,0.000,ft_jnd,FrameTimeStutter,1,0,1,0,1,1,0.25,0.25,1.5,100,-10,100,1,5,250,40,5,250,50,1,6,11,0,0.06,4,0.05,50,8,4,2,2,100,144,5,5,300,1.05,1.05,6.0,2.0,10,6,6,-1,
17,P017,1,ft_jnd,FrameTimeStutter,25,0.09577,4.2364,1592.79,1170.00,0.000,0.000,1592.79,1170.00,5.7194,9.2284,0.0000,4.8809,0.0000,0.8385,Right,0,0,0,0,86.667,0,0.000,ft_jnd,FrameTimeStutter,1,0,1,0,1,1,0.25,0.25,1.5,100,-10,100,1,5,250,40,5,250,50,1,6,11,0,0.06,4,0.05,50,8,4,2,2,100,144,5,5,300,1.05,1.05,6.0,2.0,10,6,6,-1,
17,P017,1,ft_jnd,FrameTimeStutter,26,0.09879,3.0264,1592.79,1170.00,0.000,0.000,1592.79,1170.00,5.7194,9.2284,0.0000,4.8809,0.0000,0.8385,Right,0,0,0,0,86.667,0,0.000,ft_jnd,FrameTimeStutter,1,0,1,0,1,1,0.25,0.25,1.5,100,-10,100,1,5,250,40,5,250,50,1,6,11,0,0.06,4,0.05,50,8,4,2,2,100,144,5,5,300,1.05,1.05,6.0,2.0,10,6,6,-1,
17,P017,1,ft_jnd,FrameTimeStutter,27,0.10246,3.6728,1592.79,1170.00,0.000,0.000,1592.79,1170.00,5.7194,9.2284,0.0000,4.8809,0.0000,0.8385,Right,0,0,0,0,86.667,0,0.000,ft_jnd,FrameTimeStutter,1,0,1,0,1,1,0.25,0.25,1.5,100,-10,100,1,5,250,40,5,250,50,1,6,11,0,0.06,4,0.05,50,8,4,2,2,100,144,5,5,300,1.05,1.05,6.0,2.0,10,6,6,-1,
17,P017,1,ft_jnd,FrameTimeStutter,28,0.10706,4.5950,1592.79,1170.00,0.000,0.000,1592.79,1170.00,5.7194,9.2284,0.0000,4.8809,0.0000,0.8385,Right,0,0,0,0,86.667,0,0.000,ft_jnd,FrameTimeStutter,1,0,1,0,1,1,0.25,0.25,1.5,100,-10,100,1,5,250,40,5,250,50,1,6,11,0,0.06,4,0.05,50,8,4,2,2,100,144,5,5,300,1.05,1.05,6.0,2.0,10,6,6,-1,
17,P017,1,ft_jnd,FrameTimeStutter,29,0.11007,3.0055,1592.79,1170.00,0.000,0.000,1592.79,1170.00,5.7194,9.2284,0.0000,4.8809,0.0000,0.8385,Right,0,0,0,0,86.667,0,0.000,ft_jnd,FrameTimeStutter,1,0,1,0,1,1,0.25,0.25,1.5,100,-10,100,1,5,250,40,5,250,50,1,6,11,0,0.06,4,0.05,50,8,4,2,2,100,144,5,5,300,1.05,1.05,6.0,2.0,10,6,6,-1,
17,P017,1,ft_jnd,FrameTimeStutter,30,0.11473,4.6676,1592.79,1170.00,0.000,0.000,1592.79,1170.00,5.7194,9.2284,0.0000,4.8809,0.0000,0.8385,Right,0,0,0,0,86.667,0,0.000,ft_jnd,FrameTimeStutter,1,0,1,0,1,1,0.25,0.25,1.5,100,-10,100,1,5,250,40,5,250,50,1,6,11,0,0.06,4,0.05,50,8,4,2,2,100,144,5,5,300,1.05,1.05,6.0,2.0,10,6,6,-1,
17,P017,1,ft_jnd,FrameTimeStutter,31,0.11868,3.9491,1592.79,1170.00,0.000,0.000,1592.79,1170.00,5.7194,9.2284,0.0000,4.8809,0.0000,0.8385,Right,0,0,0,0,86.667,0,0.000,ft_jnd,FrameTimeStutter,1,0,1,0,1,1,0.25,0.25,1.5,100,-10,100,1,5,250,40,5,250,50,1,6,11,0,0.06,4,0.05,50,8,4,2,2,100,144,5,5,300,1.05,1.05,6.0,2.0,10,6,6,-1,
17,P017,1,ft_jnd,FrameTimeStutter,32,0.12207,3.3920,1592.79,1170.00,0.000,0.000,1592.79,1170.00,5.7194,9.2284,0.0000,4.8809,0.0000,0.8385,Right,0,0,0,0,86.667,0,0.000,ft_jnd,FrameTimeStutter,1,0,1,0,1,1,0.25,0.25,1.5,100,-10,100,1,5,250,40,5,250,50,1,6,11,0,0.06,4,0.05,50,8,4,2,2,100,144,5,5,300,1.05,1.05,6.0,2.0,10,6,6,-1,
17,P017,1,ft_jnd,FrameTimeStutter,33,0.12685,4.7803,1592.79,1170.00,0.000,0.000,1592.79,1170.00,5.7194,9.2284,0.0000,4.8809,0.0000,0.8385,Right,0,0,0,0,86.667,0,0.000,ft_jnd,FrameTimeStutter,1,0,1,0,1,1,0.25,0.25,1.5,100,-10,100,1,5,250,40,5,250,50,1,6,11,0,0.06,4,0.05,50,8,4,2,2,100,144,5,5,300,1.05,1.05,6.0,2.0,10,6,6,-1,
17,P017,1,ft_jnd,FrameTimeStutter,34,0.13079,3.9339,1592.79,1170.00,0.000,0.000,1592.79,1170.00,5.7194,9.2284,0.0000,4.8809,0.0000,0.8385,Right,0,0,0,0,86.667,0,0.000,ft_jnd,FrameTimeStutter,1,0,1,0,1,1,0.25,0.25,1.5,100,-10,100,1,5,250,40,5,250,50,1,6,11,0,0.06,4,0.05,50,8,4,2,2,100,144,5,5,300,1.05,1.05,6.0,2.0,10,6,6,-1,
17,P017,1,ft_jnd,FrameTimeStutter,35,0.13414,3.3565,1592.79,1170.00,0.000,0.000,1592.79,1170.00,5.7194,9.2284,0.0000,4.8809,0.0000,0.8385,Right,0,0,0,0,86.667,0,0.000,ft_jnd,FrameTimeStutter,1,0,1,0,1,1,0.25,0.25,1.5,100,-10,100,1,5,250,40,5,250,50,1,6,11,0,0.06,4,0.05,50,8,4,2,2,100,144,5,5,300,1.05,1.05,6.0,2.0,10,6,6,-1,
17,P017,1,ft_jnd,FrameTimeStutter,36,0.13863,4.4902,1592.79,1170.00,0.000,0.000,1592.79,1170.00,5.7194,9.2284,0.0000,4.8809,0.0000,0.8385,Right,0,0,0,0,86.667,0,0.000,ft_jnd,FrameTimeStutter,1,0,1,0,1,1,0.25,0.25,1.5,100,-10,100,1,5,250,40,5,250,50,1,6,11,0,0.06,4,0.05,50,8,4,2,2,100,144,5,5,300,1.05,1.05,6.0,2.0,10,6,6,-1,
17,P017,1,ft_jnd,FrameTimeStutter,37,0.14259,3.9514,1592.79,1170.00,0.000,0.000,1592.79,1170.00,5.7194,9.2284,0.0000,4.8809,0.0000,0.8385,Right,0,0,0,0,86.667,0,0.000,ft_jnd,FrameTimeStutter,1,0,1,0,1,1,0.25,0.25,1.5,100,-10,100,1,5,250,40,5,250,50,1,6,11,0,0.06,4,0.05,50,8,4,2,2,100,144,5,5,300,1.05,1.05,6.0,2.0,10,6,6,-1,
17,P017,1,ft_jnd,FrameTimeStutter,38,0.14695,4.3611,1592.79,1170.00,0.000,0.000,1592.79,1170.00,5.7194,9.2284,0.0000,4.8809,0.0000,0.8385,Right,0,0,0,0,86.667,0,0.000,ft_jnd,FrameTimeStutter,1,0,1,0,1,1,0.25,0.25,1.5,100,-10,100,1,5,250,40,5,250,50,1,6,11,0,0.06,4,0.05,50,8,4,2,2,100,144,5,5,300,1.05,1.05,6.0,2.0,10,6,6,-1,
17,P017,1,ft_jnd,FrameTimeStutter,39,0.15035,3.4010,1592.79,1170.00,0.000,0.000,1592.79,1170.00,5.7194,9.2284,0.0000,4.8809,0.0000,0.8385,Right,0,0,0,0,86.667,0,0.000,ft_jnd,FrameTimeStutter,1,0,1,0,1,1,0.25,0.25,1.5,100,-10,100,1,5,250,40,5,250,50,1,6,11,0,0.06,4,0.05,50,8,4,2,2,100,144,5,5,300,1.05,1.05,6.0,2.0,10,6,6,-1,
17,P017,1,ft_jnd,FrameTimeStutter,40,0.15502,4.6707,1592.79,1170.00,0.000,0.000,1592.79,1170.00,5.7194,9.2284,0.0000,4.8809,0.0000,0.8385,Right,0,0,0,0,86.667,0,0.000,ft_jnd,FrameTimeStutter,1,0,1,0,1,1,0.25,0.25,1.5,100,-10,100,1,5,250,40,5,250,50,1,6,11,0,0.06,4,0.05,50,8,4,2,2,100,144,5,5,300,1.05,1.05,6.0,2.0,10,6,6,-1,
17,P017,1,ft_jnd,FrameTimeStutter,41,0.15920,4.1814,1592.79,1170.00,0.000,0.000,1592.79,1170.00,5.7194,9.2284,0.0000,4.8809,0.0000,0.8385,Right,0,0,0,0,86.667,0,0.000,ft_jnd,FrameTimeStutter,1,0,1,0,1,1,0.25,0.25,1.5,100,-10,100,1,5,250,40,5,250,50,1,6,11,0,0.06,4,0.05,50,8,4,2,2,100,144,5,5,300,1.05,1.05,6.0,2.0,10,6,6,-1,
17,P017,1,ft_jnd,FrameTimeStutter,42,0.16308,3.8753,1592.79,1170.00,0.000,0.000,1592.79,1170.00,5.7194,9.2284,0.0000,4.8809,0.0000,0.8385,Right,0,0,0,0,86.667,0,0.000,ft_jnd,FrameTimeStutter,1,0,1,0,1,1,0.25,0.25,1.5,100,-10,100,1,5,250,40,5,250,50,1,6,11,0,0.06,4,0.05,50,8,4,2,2,100,144,5,5,300,1.05,1.05,6.0,2.0,10,6,6,-1,
17,P017,1,ft_jnd,FrameTimeStutter,43,0.16718,4.1063,1592.79,1170.00,0.000,0.000,1592.79,1170.00,5.7194,9.2284,0.0000,4.8809,0.0000,0.8385,Right,0,0,0,0,86.667,0,0.000,ft_jnd,FrameTimeStutter,1,0,1,0,1,1,0.25,0.25,1.5,100,-10,100,1,5,250,40,5,250,50,1,6,11,0,0.06,4,0.05,50,8,4,2,2,100,144,5,5,300,1.05,1.05,6.0,2.0,10,6,6,-1,
17,P017,1,ft_jnd,FrameTimeStutter,44,0.17056,3.3813,1592.79,1170.00,0.000,0.000,1592.79,1170.00,5.7194,9.2284,0.0000,4.8809,0.0000,0.8385,Right,0,0,0,0,86.667,0,0.000,ft_jnd,FrameTimeStutter,1,0,1,0,1,1,0.25,0.25,1.5,100,-10,100,1,5,250,40,5,250,50,1,6,11,0,0.06,4,0.05,50,8,4,2,2,100,144,5,5,300,1.05,1.05,6.0,2.0,10,6,6,-1,
17,P017,1,ft_jnd,FrameTimeStutter,45,0.17535,4.7837,1592.79,1170.00,0.000,0.000,1592.79,1170.00,5.7194,9.2284,0.0000,4.8809,0.0000,0.8385,Right,0,0,0,0,86.667,0,0.000,ft_jnd,FrameTimeStutter,1,0,1,0,1,1,0.25,0.25,1.5,100,-10,100,1,5,250,40,5,250,50,1,6,11,0,0.06,4,0.05,50,8,4,2,2,100,144,5,5,300,1.05,1.05,6.0,2.0,10,6,6,-1,
17,P017,1,ft_jnd,FrameTimeStutter,46,0.17935,4.0072,1592.79,1170.00,0.000,0.000,1592.79,1170.00,5.7194,9.2284,0.0000,4.8809,0.0000,0.8385,Right,0,0,0,0,86.667,0,0.000,ft_jnd,FrameTimeStutter,1,0,1,0,1,1,0.25,0.25,1.5,100,-10,100,1,5,250,40,5,250,50,1,6,11,0,0.06,4,0.05,50,8,4,2,2,100,144,5,5,300,1.05,1.05,6.0,2.0,10,6,6,-1,
17,P017,1,ft_jnd,FrameTimeStutter,47,0.18281,3.4534,1592.79,1170.00,0.000,0.000,1592.79,1170.00,5.7194,9.2284,0.0000,4.8809,0.0000,0.8385,Right,0,0,0,0,86.667,0,0.000,ft_jnd,FrameTimeStutter,1,0,1,0,1,1,0.25,0.25,1.5,100,-10,100,1,5,250,40,5,250,50,1,6,11,0,0.06,4,0.05,50,8,4,2,2,100,144,5,5,300,1.05,1.05,6.0,2.0,10,6,6,-1,
17,P017,1,ft_jnd,FrameTimeStutter,48,0.18662,3.8172,1592.79,1170.00,0.000,0.000,1592.79,1170.00,5.7194,9.2284,0.0000,4.8809,0.0000,0.8385,Right,0,0,0,0,86.667,0,0.000,ft_jnd,FrameTimeStutter,1,0,1,0,1,1,0.25,0.25,1.5,100,-10,100,1,5,250,40,5,250,50,1,6,11,0,0.06,4,0.05,50,8,4,2,2,100,144,5,5,300,1.05,1.05,6.0,2.0,10,6,6,-1,
17,P017,1,ft_jnd,FrameTimeStutter,49,0.18965,3.0210,1592.79,1170.00,0.000,0.000,1592.79,1170.00,5.7194,9.2284,0.0000,4.8809,0.0000,0.8385,Right,0,0,0,0,86.667,0,0.000,ft_jnd,FrameTimeStutter,1,0,1,0,1,1,0.25,0.25,1.5,100,-10,100,1,5,250,40,5,250,50,1,6,11,0,0.06,4,0.05,50,8,4,2,2,100,144,5,5,300,1.05,1.05,6.0,2.0,10,6,6,-1,
17,P017,1,ft_jnd,FrameTimeStutter,50,0.19319,3.5484,1592.79,1170.00,0.000,0.000,1592.79,1170.00,5.7194,9.2284,0.0000,4.8809,0.0000,0.8385,Right,0,0,0,0,86.667,0,0.000,ft_jnd,FrameTimeStutter,1,0,1,0,1,1,0.25,0.25,1.5,100,-10,100,1,5,250,40,5,250,50,1,6,11,0,0.06,4,0.05,50,8,4,2,2,100,144,5,5,300,1.05,1.05,6.0,2.0,10,6,6,-1,
17,P017,1,ft_jnd,FrameTimeStutter,51,0.19715,3.9520,1592.79,1170.00,0.000,0.000,1592.79,1170.00,5.7194,9.2284,0.0000,4.8809,0.0000,0.8385,Right,0,0,0,0,86.667,0,0.000,ft_jnd,FrameTimeStutter,1,0,1,0,1,1,0.25,0.25,1.5,100,-10,100,1,5,250,40,5,250,50,1,6,11,0,0.06,4,0.05,50,8,4,2,2,100,144,5,5,300,1.05,1.05,6.0,2.0,10,6,6,-1,
17,P017,1,ft_jnd,FrameTimeStutter,52,0.20050,3.3581,1592.79,1170.00,0.000,0.000,1592.79,1170.00,5.7194,9.2284,0.0000,4.8809,0.0000,0.8385,Right,0,0,0,0,86.667,0,0.000,ft_jnd,FrameTimeStutter,1,0,1,0,1,1,0.25,0.25,1.5,100,-10,100,1,5,250,40,5,250,50,1,6,11,0,0.06,4,0.05,50,8,4,2,2,100,144,5,5,300,1.05,1.05,6.0,2.0,10,6,6,-1,
17,P017,1,ft_jnd,FrameTimeStutter,53,0.20491,4.4010,1592.79,1170.00,0.000,0.000,1592.79,1170.00,5.7194,9.2284,0.0000,4.8809,0.0000,0.8385,Right,0,0,0,0,86.667,0,0.000,ft_jnd,FrameTimeStutter,1,0,1,0,1,1,0.25,0.25,1.5,100,-10,100,1,5,250,40,5,250,50,1,6,11,0,0.06,4,0.05,50,8,4,2,2,100,144,5,5,300,1.05,1.05,6.0,2.0,10,6,6,-1,
17,P017,1,ft_jnd,FrameTimeStutter,54,0.20886,3.9564,1592.79,1170.00,0.000,0.000,1592.79,1170.00,5.7194,9.2284,0.0000,4.8809,0.0000,0.8385,Right,0,0,0,0,86.667,0,0.000,ft_jnd,FrameTimeStutter,1,0,1,0,1,1,0.25,0.25,1.5,100,-10,100,1,5,250,40,5,250,50,1,6,11,0,0.06,4,0.05,50,8,4,2,2,100,144,5,5,300,1.05,1.05,6.0,2.0,10,6,6,-1,
17,P017,1,ft_jnd,FrameTimeStutter,55,0.21224,3.3742,1592.79,1170.00,0.000,0.000,1592.79,1170.00,5.7194,9.2284,0.0000,4.8809,0.0000,0.8385,Right,0,0,0,0,86.667,0,0.000,ft_jnd,FrameTimeStutter,1,0,1,0,1,1,0.25,0.25,1.5,100,-10,100,1,5,250,40,5,250,50,1,6,11,0,0.06,4,0.05,50,8,4,2,2,100,144,5,5,300,1.05,1.05,6.0,2.0,10,6,6,-1,
17,P017,1,ft_jnd,FrameTimeStutter,56,0.21584,3.6020,1592.79,1170.00,0.000,0.000,1592.79,1170.00,5.7194,9.2284,0.0000,4.8809,0.0000,0.8385,Right,0,0,0,0,86.667,0,0.000,ft_jnd,FrameTimeStutter,1,0,1,0,1,1,0.25,0.25,1.5,100,-10,100,1,5,250,40,5,250,50,1,6,11,0,0.06,4,0.05,50,8,4,2,2,100,144,5,5,300,1.05,1.05,6.0,2.0,10,6,6,-1,
17,P017,1,ft_jnd,FrameTimeStutter,57,0.21902,3.1803,1592.79,1170.00,0.000,0.000,1592.79,1170.00,5.7194,9.2284,0.0000,4.8809,0.0000,0.8385,Right,0,0,0,0,86.667,0,0.000,ft_jnd,FrameTimeStutter,1,0,1,0,1,1,0.25,0.25,1.5,100,-10,100,1,5,250,40,5,250,50,1,6,11,0,0.06,4,0.05,50,8,4,2,2,100,144,5,5,300,1.05,1.05,6.0,2.0,10,6,6,-1,
17,P017,1,ft_jnd,FrameTimeStutter,58,0.22235,3.3327,1592.79,1170.00,0.000,0.000,1592.79,1170.00,5.7194,9.2284,0.0000,4.8809,0.0000,0.8385,Right,0,0,0,0,86.667,0,0.000,ft_jnd,FrameTimeStutter,1,0,1,0,1,1,0.25,0.25,1.5,100,-10,100,1,5,250,40,5,250,50,1,6,11,0,0.06,4,0.05,50,8,4,2,2,100,144,5,5,300,1.05,1.05,6.0,2.0,10,6,6,-1,
17,P017,1,ft_jnd,FrameTimeStutter,59,0.22663,4.2809,1592.79,1170.00,0.000,0.000,1592.79,1170.00,5.7194,9.2284,0.0000,4.8809,0.0000,0.8385,Right,0,0,0,0,86.667,0,0.000,ft_jnd,FrameTimeStutter,1,0,1,0,1,1,0.25,0.25,1.5,100,-10,100,1,5,250,40,5,250,50,1,6,11,0,0.06,4,0.05,50,8,4,2,2,100,144,5,5,300,1.05,1.05,6.0,2.0,10,6,6,-1,
17,P017,1,ft_jnd,FrameTimeStutter,60,0.23101,4.3763,1592.79,1170.00,0.000,0.000,1592.79,1170.00,5.7194,9.2284,0.0000,4.8809,0.0000,0.8385,Right,0,0,0,0,86.667,0,0.000,ft_jnd,FrameTimeStutter,1,0,1,0,1,1,0.25,0.25,1.5,100,-10,100,1,5,250,40,5,250,50,1,6,11,0,0.06,4,0.05,50,8,4,2,2,100,144,5,5,300,1.05,1.05,6.0,2.0,10,6,6,-1,
17,P017,1,ft_jnd,FrameTimeStutter,61,0.23539,4.3818,1592.79,1170.00,0.000,0.000,1592.79,1170.00,5.7194,9.2284,0.0000,4.8809,0.0000,0.8385,Right,0,0,0,0,86.667,0,0.000,ft_jnd,FrameTimeStutter,1,0,1,0,1,1,0.25,0.25,1.5,100,-10,100,1,5,250,40,5,250,50,1,6,11,0,0.06,4,0.05,50,8,4,2,2,100,144,5,5,300,1.05,1.05,6.0,2.0,10,6,6,-1,
17,P017,1,ft_jnd,FrameTimeStutter,62,0.23942,4.0290,1592.79,1170.00,0.000,0.000,1592.79,1170.00,5.7194,9.2284,0.0000,4.8809,0.0000,0.8385,Right,0,0,0,0,86.667,0,0.000,ft_jnd,FrameTimeStutter,1,0,1,0,1,1,0.25,0.25,1.5,100,-10,100,1,5,250,40,5,250,50,1,6,11,0,0.06,4,0.05,50,8,4,2,2,100,144,5,5,300,1.05,1.05,6.0,2.0,10,6,6,-1,
17,P017,1,ft_jnd,FrameTimeStutter,63,0.24283,3.4129,1592.79,1170.00,0.000,0.000,1592.79,1170.00,5.7194,9.2284,0.0000,4.8809,0.0000,0.8385,Right,0,0,0,0,86.667,0,0.000,ft_jnd,FrameTimeStutter,1,0,1,0,1,1,0.25,0.25,1.5,100,-10,100,1,5,250,40,5,250,50,1,6,11,0,0.06,4,0.05,50,8,4,2,2,100,144,5,5,300,1.05,1.05,6.0,2.0,10,6,6,-1,
17,P017,1,ft_jnd,FrameTimeStutter,64,0.24626,3.4240,1592.79,1170.00,0.000,0.000,1592.79,1170.00,5.7194,9.2284,0.0000,4.8809,0.0000,0.8385,Right,0,0,0,0,86.667,0,0.000,ft_jnd,FrameTimeStutter,1,0,1,0,1,1,0.25,0.25,1.5,100,-10,100,1,5,250,40,5,250,50,1,6,11,0,0.06,4,0.05,50,8,4,2,2,100,144,5,5,300,1.05,1.05,6.0,2.0,10,6,6,-1,
17,P017,1,ft_jnd,FrameTimeStutter,65,0.25020,3.9414,1592.79,1170.00,0.000,0.000,1592.79,1170.00,5.7194,9.2284,0.0000,4.8809,0.0000,0.8385,Right,0,0,0,0,86.667,0,0.000,ft_jnd,FrameTimeStutter,1,0,1,0,1,1,0.25,0.25,1.5,100,-10,100,1,5,250,40,5,250,50,1,6,11,0,0.06,4,0.05,50,8,4,2,2,100,144,5,5,300,1.05,1.05,6.0,2.0,10,6,6,-1,
17,P017,1,ft_jnd,FrameTimeStutter,66,0.25466,4.4636,1592.79,1170.00,0.000,0.000,1592.79,1170.00,5.7194,9.2284,0.0000,4.8809,0.0000,0.8385,Right,0,0,0,0,86.667,0,0.000,ft_jnd,FrameTimeStutter,1,0,1,0,1,1,0.25,0.25,1.5,100,-10,100,1,5,250,40,5,250,50,1,6,11,0,0.06,4,0.05,50,8,4,2,2,100,144,5,5,300,1.05,1.05,6.0,2.0,10,6,6,-1,
17,P017,1,ft_jnd,FrameTimeStutter,67,0.25924,4.5752,1592.79,1170.00,0.000,0.000,1592.79,1170.00,5.7194,9.2284,0.0000,4.8809,0.0000,0.8385,Right,0,0,0,0,86.667,0,0.000,ft_jnd,FrameTimeStutter,1,0,1,0,1,1,0.25,0.25,1.5,100,-10,100,1,5,250,40,5,250,50,1,6,11,0,0.06,4,0.05,50,8,4,2,2,100,144,5,5,300,1.05,1.05,6.0,2.0,10,6,6,-1,
17,P017,1,ft_jnd,FrameTimeStutter,68,0.26320,3.9671,1592.79,1170.00,0.000,0.000,1592.79,1170.00,5.7194,9.2284,0.0000,4.8809,0.0000,0.8385,Right,0,0,0,0,86.667,0,0.000,ft_jnd,FrameTimeStutter,1,0,1,0,1,1,0.25,0.25,1.5,100,-10,100,1,5,250,40,5,250,50,1,6,11,0,0.06,4,0.05,50,8,4,2,2,100,144,5,5,300,1.05,1.05,6.0,2.0,10,6,6,-1,
17,P017,1,ft_jnd,FrameTimeStutter,69,0.26762,4.4163,1592.79,1170.00,0.000,0.000,1592.79,1170.00,5.7194,9.2284,0.0000,4.8809,0.0000,0.8385,Right,0,0,0,0,86.667,0,0.000,ft_jnd,FrameTimeStutter,1,0,1,0,1,1,0.25,0.25,1.5,100,-10,100,1,5,250,40,5,250,50,1,6,11,0,0.06,4,0.05,50,8,4,2,2,100,144,5,5,300,1.05,1.05,6.0,2.0,10,6,6,-1,
17,P017,1,ft_jnd,FrameTimeStutter,70,0.27205,4.4304,1592.79,1170.00,0.000,0.000,1592.79,1170.00,5.7194,9.2284,0.0000,4.8809,0.0000,0.8385,Right,0,0,0,0,86.667,0,0.000,ft_jnd,FrameTimeStutter,1,0,1,0,1,1,0.25,0.25,1.5,100,-10,100,1,5,250,40,5,250,50,1,6,11,0,0.06,4,0.05,50,8,4,2,2,100,144,5,5,300,1.05,1.05,6.0,2.0,10,6,6,-1,
17,P017,1,ft_jnd,FrameTimeStutter,71,0.27508,3.0345,1592.79,1170.00,0.000,0.000,1592.79,1170.00,5.7194,9.2284,0.0000,4.8809,0.0000,0.8385,Right,0,0,0,0,86.667,0,0.000,ft_jnd,FrameTimeStutter,1,0,1,0,1,1,0.25,0.25,1.5,100,-10,100,1,5,250,40,5,250,50,1,6,11,0,0.06,4,0.05,50,8,4,2,2,100,144,5,5,300,1.05,1.05,6.0,2.0,10,6,6,-1,
17,P017,1,ft_jnd,FrameTimeStutter,72,0.27918,4.0914,1592.79,1170.00,0.000,0.000,1592.79,1170.00,5.7194,9.2284,0.0000,4.8809,0.0000,0.8385,Right,0,0,0,0,86.667,0,0.000,ft_jnd,FrameTimeStutter,1,0,1,0,1,1,0.25,0.25,1.5,100,-10,100,1,5,250,40,5,250,50,1,6,11,0,0.06,4,0.05,50,8,4,2,2,100,144,5,5,300,1.05,1.05,6.0,2.0,10,6,6,-1,
17,P017,1,ft_jnd,FrameTimeStutter,73,0.28243,3.2508,1592.79,1170.00,0.000,0.000,1592.79,1170.00,5.7194,9.2284,0.0000,4.8809,0.0000,0.8385,Right,0,0,0,0,86.667,0,0.000,ft_jnd,FrameTimeStutter,1,0,1,0,1,1,0.25,0.25,1.5,100,-10,100,1,5,250,40,5,250,50,1,6,11,0,0.06,4,0.05,50,8,4,2,2,100,144,5,5,300,1.05,1.05,6.0,2.0,10,6,6,-1,
17,P017,1,ft_jnd,FrameTimeStutter,74,0.28565,3.2188,1592.79,1170.00,0.000,0.000,1592.79,1170.00,5.7194,9.2284,0.0000,4.8809,0.0000,0.8385,Right,0,0,0,0,86.667,0,0.000,ft_jnd,FrameTimeStutter,1,0,1,0,1,1,0.25,0.25,1.5,100,-10,100,1,5,250,40,5,250,50,1,6,11,0,0.06,4,0.05,50,8,4,2,2,100,144,5,5,300,1.05,1.05,6.0,2.0,10,6,6,-1,
17,P017,1,ft_jnd,FrameTimeStutter,75,0.28905,3.4026,1592.79,1170.00,0.000,0.000,1592.79,1170.00,5.7194,9.2284,0.0000,4.8809,0.0000,0.8385,Right,0,0,0,0,86.667,0,0.000,ft_jnd,FrameTimeStutter,1,0,1,0,1,1,0.25,0.25,1.5,100,-10,100,1,5,250,40,5,250,50,1,6,11,0,0.06,4,0.05,50,8,4,2,2,100,144,5,5,300,1.05,1.05,6.0,2.0,10,6,6,-1,
17,P017,1,ft_jnd,FrameTimeStutter,76,0.29224,3.1919,1592.79,1170.00,0.000,0.000,1592.79,1170.00,5.7194,9.2284,0.0000,4.8809,0.0000,0.8385,Right,0,0,0,0,86.667,0,0.000,ft_jnd,FrameTimeStutter,1,0,1,0,1,1,0.25,0.25,1.5,100,-10,100,1,5,250,40,5,250,50,1,6,11,0,0.06,4,0.05,50,8,4,2,2,100,144,5,5,300,1.05,1.05,6.0,2.0,10,6,6,-1,
17,P017,1,ft_jnd,FrameTimeStutter,77,0.29723,4.9941,1592.79,1170.00,0.000,0.000,1592.79,1170.00,5.7194,9.2284,0.0000,4.8809,0.0000,0.8385,Right,0,0,0,0,86.667,0,0.000,ft_jnd,FrameTimeStutter,1,0,1,0,1,1,0.25,0.25,1.5,100,-10,100,1,5,250,40,5,250,50,1,6,11,0,0.06,4,0.05,50,8,4,2,2,100,144,5,5,300,1.05,1.05,6.0,2.0,10,6,6,-1,
17,P017,1,ft_jnd,FrameTimeStutter,78,0.30166,4.4230,1592.79,1170.00,0.000,0.000,1592.79,1170.00,5.7194,9.2284,0.0000,4.8809,0.0000,0.8385,Right,0,0,0,0,86.667,0,0.000,ft_jnd,FrameTimeStutter,1,0,1,0,1,1,0.25,0.25,1.5,100,-10,100,1,5,250,40,5,250,50,1,6,11,0,0.06,4,0.05,50,8,4,2,2,100,144,5,5,300,1.05,1.05,6.0,2.0,10,6,6,-1,
17,P017,1,ft_jnd,FrameTimeStutter,79,0.30571,4.0506,1592.79,1170.00,0.000,0.000,1592.79,1170.00,5.7194,9.2284,0.0000,4.8809,0.0000,0.8385,Right,0,0,0,0,86.667,0,0.000,ft_jnd,FrameTimeStutter,1,0,1,0,1,1,0.25,0.25,1.5,100,-10,100,1,5,250,40,5,250,50,1,6,11,0,0.06,4,0.05,50,8,4,2,2,100,144,5,5,300,1.05,1.05,6.0,2.0,10,6,6,-1,
17,P017,1,ft_jnd,FrameTimeStutter,80,0.31011,4.3977,1592.79,1170.00,0.000,0.000,1592.79,1170.00,5.7194,9.2284,0.0000,4.8809,0.0000,0.8385,Right,0,0,0,0,86.667,0,0.000,ft_jnd,FrameTimeStutter,1,0,1,0,1,1,0.25,0.25,1.5,100,-10,100,1,5,250,40,5,250,50,1,6,11,0,0.06,4,0.05,50,8,4,2,2,100,144,5,5,300,1.05,1.05,6.0,2.0,10,6,6,-1,
17,P017,1,ft_jnd,FrameTimeStutter,81,0.31349,3.3864,1592.79,1170.00,0.000,0.000,1592.79,1170.00,5.7194,9.2284,0.0000,4.8809,0.0000,0.8385,Right,0,0,0,0,86.667,0,0.000,ft_jnd,FrameTimeStutter,1,0,1,0,1,1,0.25,0.25,1.5,100,-10,100,1,5,250,40,5,250,50,1,6,11,0,0.06,4,0.05,50,8,4,2,2,100,144,5,5,300,1.05,1.05,6.0,2.0,10,6,6,-1,
17,P017,1,ft_jnd,FrameTimeStutter,82,0.31751,4.0147,1592.79,1170.00,0.000,0.000,1592.79,1170.00,5.7194,9.2284,0.0000,4.8809,0.0000,0.8385,Right,0,0,0,0,86.667,0,0.000,ft_jnd,FrameTimeStutter,1,0,1,0,1,1,0.25,0.25,1.5,100,-10,100,1,5,250,40,5,250,50,1,6,11,0,0.06,4,0.05,50,8,4,2,2,100,144,5,5,300,1.05,1.05,6.0,2.0,10,6,6,-1,
17,P017,1,ft_jnd,FrameTimeStutter,83,0.32089,3.3816,1592.79,1170.00,0.000,0.000,1592.79,1170.00,5.7194,9.2284,0.0000,4.8809,0.0000,0.8385,Right,0,0,0,0,86.667,0,0.000,ft_jnd,FrameTimeStutter,1,0,1,0,1,1,0.25,0.25,1.5,100,-10,100,1,5,250,40,5,250,50,1,6,11,0,0.06,4,0.05,50,8,4,2,2,100,144,5,5,300,1.05,1.05,6.0,2.0,10,6,6,-1,
17,P017,1,ft_jnd,FrameTimeStutter,84,0.32396,3.0678,1592.79,1170.00,0.000,0.000,1592.79,1170.00,5.7194,9.2284,0.0000,4.8809,0.0000,0.8385,Right,0,0,0,0,86.667,0,0.000,ft_jnd,FrameTimeStutter,1,0,1,0,1,1,0.25,0.25,1.5,100,-10,100,1,5,250,40,5,250,50,1,6,11,0,0.06,4,0.05,50,8,4,2,2,100,144,5,5,300,1.05,1.05,6.0,2.0,10,6,6,-1,
17,P017,1,ft_jnd,FrameTimeStutter,85,0.32793,3.9737,1592.79,1170.00,0.000,0.000,1592.79,1170.00,5.7194,9.2284,0.0000,4.8809,0.0000,0.8385,Right,0,0,0,0,86.667,0,0.000,ft_jnd,FrameTimeStutter,1,0,1,0,1,1,0.25,0.25,1.5,100,-10,100,1,5,250,40,5,250,50,1,6,11,0,0.06,4,0.05,50,8,4,2,2,100,144,5,5,300,1.05,1.05,6.0,2.0,10,6,6,-1,
17,P017,1,ft_jnd,FrameTimeStutter,86,0.33123,3.2974,1592.79,1170.00,0.000,0.000,1592.79,1170.00,5.7194,9.2284,0.0000,4.8809,0.0000,0.8385,Right,0,0,0,0,86.667,0,0.000,ft_jnd,FrameTimeStutter,1,0,1,0,1,1,0.25,0.25,1.5,100,-10,100,1,5,250,40,5,250,50,1,6,11,0,0.06,4,0.05,50,8,4,2,2,100,144,5,5,300,1.05,1.05,6.0,2.0,10,6,6,-1,
17,P017,1,ft_jnd,FrameTimeStutter,87,0.33450,3.2730,1592.79,1170.00,0.000,0.000,1592.79,1170.00,5.7194,9.2284,0.0000,4.8809,0.0000,0.8385,Right,0,0,0,0,86.667,0,0.000,ft_jnd,FrameTimeStutter,1,0,1,0,1,1,0.25,0.25,1.5,100,-10,100,1,5,250,40,5,250,50,1,6,11,0,0.06,4,0.05,50,8,4,2,2,100,144,5,5,300,1.05,1.05,6.0,2.0,10,6,6,-1,
17,P017,1,ft_jnd,FrameTimeStutter,88,0.33902,4.5187,1592.79,1170.00,0.000,0.000,1592.79,1170.00,5.7194,9.2284,0.0000,4.8809,0.0000,0.8385,Right,0,0,0,0,86.667,0,0.000,ft_jnd,FrameTimeStutter,1,0,1,0,1,1,0.25,0.25,1.5,100,-10,100,1,5,250,40,5,250,50,1,6,11,0,0.06,4,0.05,50,8,4,2,2,100,144,5,5,300,1.05,1.05,6.0,2.0,10,6,6,-1,
17,P017,1,ft_jnd,FrameTimeStutter,89,0.34207,3.0543,1592.79,1170.00,0.000,0.000,1592.79,1170.00,5.7194,9.2284,0.0000,4.8809,0.0000,0.8385,Right,0,0,0,0,86.667,0,0.000,ft_jnd,FrameTimeStutter,1,0,1,0,1,1,0.25,0.25,1.5,100,-10,100,1,5,250,40,5,250,50,1,6,11,0,0.06,4,0.05,50,8,4,2,2,100,144,5,5,300,1.05,1.05,6.0,2.0,10,6,6,-1,
17,P017,1,ft_jnd,FrameTimeStutter,90,0.34692,4.8498,1592.79,1170.00,0.000,0.000,1592.79,1170.00,5.7194,9.2284,0.0000,4.8809,0.0000,0.8385,Right,0,0,0,0,86.667,0,0.000,ft_jnd,FrameTimeStutter,1,0,1,0,1,1,0.25,0.25,1.5,100,-10,100,1,5,250,40,5,250,50,1,6,11,0,0.06,4,0.05,50,8,4,2,2,100,144,5,5,300,1.05,1.05,6.0,2.0,10,6,6,-1,
17,P017,1,ft_jnd,FrameTimeStutter,91,0.35143,4.5065,1592.79,1170.00,0.000,0.000,1592.79,1170.00,5.7194,9.2284,0.0000,4.8809,0.0000,0.8385,Right,0,0,0,0,86.667,0,0.000,ft_jnd,FrameTimeStutter,1,0,1,0,1,1,0.25,0.25,1.5,100,-10,100,1,5,250,40,5,250,50,1,6,11,0,0.06,4,0.05,50,8,4,2,2,100,144,5,5,300,1.05,1.05,6.0,2.0,10,6,6,-1,
17,P017,1,ft_jnd,FrameTimeStutter,92,0.35450,3.0695,1592.79,1170.00,0.000,0.000,1592.79,1170.00,5.7194,9.2284,0.0000,4.8809,0.0000,0.8385,Right,0,0,0,0,86.667,0,0.000,ft_jnd,FrameTimeStutter,1,0,1,0,1,1,0.25,0.25,1.5,100,-10,100,1,5,250,40,5,250,50,1,6,11,0,0.06,4,0.05,50,8,4,2,2,100,144,5,5,300,1.05,1.05,6.0,2.0,10,6,6,-1,
17,P017,1,ft_jnd,FrameTimeStutter,93,0.35973,5.2358,1592.79,1170.00,0.000,0.000,1592.79,1170.00,5.7194,9.2284,0.0000,4.8809,0.0000,0.8385,Right,0,0,0,0,86.667,0,0.000,ft_jnd,FrameTimeStutter,1,0,1,0,1,1,0.25,0.25,1.5,100,-10,100,1,5,250,40,5,250,50,1,6,11,0,0.06,4,0.05,50,8,4,2,2,100,144,5,5,300,1.05,1.05,6.0,2.0,10,6,6,-1,
17,P017,1,ft_jnd,FrameTimeStutter,94,0.36419,4.4522,1592.79,1170.00,0.000,0.000,1592.79,1170.00,5.7194,9.2284,0.0000,4.8809,0.0000,0.8385,Right,0,0,0,0,86.667,0,0.000,ft_jnd,FrameTimeStutter,1,0,1,0,1,1,0.25,0.25,1.5,100,-10,100,1,5,250,40,5,250,50,1,6,11,0,0.06,4,0.05,50,8,4,2,2,100,144,5,5,300,1.05,1.05,6.0,2.0,10,6,6,-1,
17,P017,1,ft_jnd,FrameTimeStutter,95,0.36862,4.4362,1592.79,1170.00,0.000,0.000,1592.79,1170.00,5.7194,9.2284,0.0000,4.8809,0.0000,0.8385,Right,0,0,0,0,86.667,0,0.000,ft_jnd,FrameTimeStutter,1,0,1,0,1,1,0.25,0.25,1.5,100,-10,100,1,5,250,40,5,250,50,1,6,11,0,0.06,4,0.05,50,8,4,2,2,100,144,5,5,300,1.05,1.05,6.0,2.0,10,6,6,-1,
17,P017,1,ft_jnd,FrameTimeStutter,96,0.37261,3.9836,1592.79,1170.00,0.000,0.000,1592.79,1170.00,5.7194,9.2284,0.0000,4.8809,0.0000,0.8385,Right,0,0,0,0,86.667,0,0.000,ft_jnd,FrameTimeStutter,1,0,1,0,1,1,0.25,0.25,1.5,100,-10,100,1,5,250,40,5,250,50,1,6,11,0,0.06,4,0.05,50,8,4,2,2,100,144,5,5,300,1.05,1.05,6.0,2.0,10,6,6,-1,
17,P017,1,ft_jnd,FrameTimeStutter,97,0.37701,4.4012,1592.79,1170.00,0.000,0.000,1592.79,1170.00,5.7194,9.2284,0.0000,4.8809,0.0000,0.8385,Right,0,0,0,0,86.667,0,0.000,ft_jnd,FrameTimeStutter,1,0,1,0,1,1,0.25,0.25,1.5,100,-10,100,1,5,250,40,5,250,50,1,6,11,0,0.06,4,0.05,50,8,4,2,2,100,144,5,5,300,1.05,1.05,6.0,2.0,10,6,6,-1,
17,P017,1,ft_jnd,FrameTimeStutter,98,0.38145,4.4408,1592.79,1170.00,0.000,0.000,1592.79,1170.00,5.7194,9.2284,0.0000,4.8809,0.0000,0.8385,Right,0,0,0,0,86.667,0,0.000,ft_jnd,FrameTimeStutter,1,0,1,0,1,1,0.25,0.25,1.5,100,-10,100,1,5,250,40,5,250,50,1,6,11,0,0.06,4,0.05,50,8,4,2,2,100,144,5,5,300,1.05,1.05,6.0,2.0,10,6,6,-1,
17,P017,1,ft_jnd,FrameTimeStutter,99,0.38452,3.0744,1592.79,1170.00,0.000,0.000,1592.79,1170.00,5.7194,9.2284,0.0000,4.8809,0.0000,0.8385,Right,0,0,0,0,86.667,0,0.000,ft_jnd,FrameTimeStutter,1,0,1,0,1,1,0.25,0.25,1.5,100,-10,100,1,5,250,40,5,250,50,1,6,11,0,0.06,4,0.05,50,8,4,2,2,100,144,5,5,300,1.05,1.05,6.0,2.0,10,6,6,-1,
17,P017,1,ft_jnd,FrameTimeStutter,100,0.38879,4.2706,1592.79,1170.00,0.000,0.000,1592.79,1170.00,5.7194,9.2284,0.0000,4.8809,0.0000,0.8385,Right,0,0,0,0,86.667,0,0.000,ft_jnd,FrameTimeStutter,1,0,1,0,1,1,0.25,0.25,1.5,100,-10,100,1,5,250,40,5,250,50,1,6,11,0,0.06,4,0.05,50,8,4,2,2,100,144,5,5,300,1.05,1.05,6.0,2.0,10,6,6,-1,
17,P017,1,ft_jnd,FrameTimeStutter,101,0.39212,3.3256,1592.79,1170.00,0.000,0.000,1592.79,1170.00,5.7194,9.2284,0.0000,4.8809,0.0000,0.8385,Right,0,0,0,0,86.667,0,0.000,ft_jnd,FrameTimeStutter,1,0,1,0,1,1,0.25,0.25,1.5,100,-10,100,1,5,250,40,5,250,50,1,6,11,0,0.06,4,0.05,50,8,4,2,2,100,144,5,5,300,1.05,1.05,6.0,2.0,10,6,6,-1,
17,P017,1,ft_jnd,FrameTimeStutter,102,0.39535,3.2316,1592.79,1170.00,0.000,0.000,1592.79,1170.00,5.7194,9.2284,0.0000,4.8809,0.0000,0.8385,Right,0,0,0,0,86.667,0,0.000,ft_jnd,FrameTimeStutter,1,0,1,0,1,1,0.25,0.25,1.5,100,-10,100,1,5,250,40,5,250,50,1,6,11,0,0.06,4,0.05,50,8,4,2,2,100,144,5,5,300,1.05,1.05,6.0,2.0,10,6,6,-1,
17,P017,1,ft_jnd,FrameTimeStutter,103,0.39989,4.5402,1592.79,1170.00,0.000,0.000,1592.79,1170.00,5.7194,9.2284,0.0000,4.8809,0.0000,0.8385,Right,0,0,0,0,86.667,0,0.000,ft_jnd,FrameTimeStutter,1,0,1,0,1,1,0.25,0.25,1.5,100,-10,100,1,5,250,40,5,250,50,1,6,11,0,0.06,4,0.05,50,8,4,2,2,100,144,5,5,300,1.05,1.05,6.0,2.0,10,6,6,-1,
17,P017,1,ft_jnd,FrameTimeStutter,104,0.40299,3.0953,1592.79,1170.00,0.000,0.000,1592.79,1170.00,5.7194,9.2284,0.0000,4.8809,0.0000,0.8385,Right,0,0,0,0,86.667,0,0.000,ft_jnd,FrameTimeStutter,1,0,1,0,1,1,0.25,0.25,1.5,100,-10,100,1,5,250,40,5,250,50,1,6,11,0,0.06,4,0.05,50,8,4,2,2,100,144,5,5,300,1.05,1.05,6.0,2.0,10,6,6,-1,
17,P017,1,ft_jnd,FrameTimeStutter,105,0.40790,4.9102,1592.79,1170.00,0.000,0.000,1592.79,1170.00,5.7194,9.2284,0.0000,4.8809,0.0000,0.8385,Right,0,0,0,0,86.667,0,0.000,ft_jnd,FrameTimeStutter,1,0,1,0,1,1,0.25,0.25,1.5,100,-10,100,1,5,250,40,5,250,50,1,6,11,0,0.06,4,0.05,50,8,4,2,2,100,144,5,5,300,1.05,1.05,6.0,2.0,10,6,6,-1,
17,P017,1,ft_jnd,FrameTimeStutter,106,0.41238,4.4843,1592.79,1170.00,0.000,0.000,1592.79,1170.00,5.7194,9.2284,0.0000,4.8809,0.0000,0.8385,Right,0,0,0,0,86.667,0,0.000,ft_jnd,FrameTimeStutter,1,0,1,0,1,1,0.25,0.25,1.5,100,-10,100,1,5,250,40,5,250,50,1,6,11,0,0.06,4,0.05,50,8,4,2,2,100,144,5,5,300,1.05,1.05,6.0,2.0,10,6,6,-1,
17,P017,1,ft_jnd,FrameTimeStutter,107,0.41546,3.0840,1592.79,1170.00,0.000,0.000,1592.79,1170.00,5.7194,9.2284,0.0000,4.8809,0.0000,0.8385,Right,0,0,0,0,86.667,0,0.000,ft_jnd,FrameTimeStutter,1,0,1,0,1,1,0.25,0.25,1.5,100,-10,100,1,5,250,40,5,250,50,1,6,11,0,0.06,4,0.05,50,8,4,2,2,100,144,5,5,300,1.05,1.05,6.0,2.0,10,6,6,-1,
17,P017,1,ft_jnd,FrameTimeStutter,108,0.42064,5.1779,1592.79,1170.00,0.000,0.000,1592.79,1170.00,5.7194,9.2284,0.0000,4.8809,0.0000,0.8385,Right,0,0,0,0,86.667,0,0.000,ft_jnd,FrameTimeStutter,1,0,1,0,1,1,0.25,0.25,1.5,100,-10,100,1,5,250,40,5,250,50,1,6,11,0,0.06,4,0.05,50,8,4,2,2,100,144,5,5,300,1.05,1.05,6.0,2.0,10,6,6,-1,
17,P017,1,ft_jnd,FrameTimeStutter,109,0.42511,4.4651,1592.79,1170.00,0.000,0.000,1592.79,1170.00,5.7194,9.2284,0.0000,4.8809,0.0000,0.8385,Right,0,0,0,0,86.667,0,0.000,ft_jnd,FrameTimeStutter,1,0,1,0,1,1,0.25,0.25,1.5,100,-10,100,1,5,250,40,5,250,50,1,6,11,0,0.06,4,0.05,50,8,4,2,2,100,144,5,5,300,1.05,1.05,6.0,2.0,10,6,6,-1,
17,P017,1,ft_jnd,FrameTimeStutter,110,0.42957,4.4672,1592.79,1170.00,0.000,0.000,1592.79,1170.00,5.7194,9.2284,0.0000,4.8809,0.0000,0.8385,Right,0,0,0,0,86.667,0,0.000,ft_jnd,FrameTimeStutter,1,0,1,0,1,1,0.25,0.25,1.5,100,-10,100,1,5,250,40,5,250,50,1,6,11,0,0.06,4,0.05,50,8,4,2,2,100,144,5,5,300,1.05,1.05,6.0,2.0,10,6,6,-1,
17,P017,1,ft_jnd,FrameTimeStutter,111,0.43363,4.0567,1592.79,1170.00,0.000,0.000,1592.79,1170.00,5.7194,9.2284,0.0000,4.8809,0.0000,0.8385,Right,0,0,0,0,86.667,0,0.000,ft_jnd,FrameTimeStutter,1,0,1,0,1,1,0.25,0.25,1.5,100,-10,100,1,5,250,40,5,250,50,1,6,11,0,0.06,4,0.05,50,8,4,2,2,100,144,5,5,300,1.05,1.05,6.0,2.0,10,6,6,-1,
17,P017,1,ft_jnd,FrameTimeStutter,112,0.43808,4.4478,1592.79,1170.00,0.000,0.000,1592.79,1170.00,5.7194,9.2284,0.0000,4.8809,0.0000,0.8385,Right,0,0,0,0,86.667,0,0.000,ft_jnd,FrameTimeStutter,1,0,1,0,1,1,0.25,0.25,1.5,100,-10,100,1,5,250,40,5,250,50,1,6,11,0,0.06,4,0.05,50,8,4,2,2,100,144,5,5,300,1.05,1.05,6.0,2.0,10,6,6,-1,
17,P017,1,ft_jnd,FrameTimeStutter,113,0.44258,4.4988,1592.79,1170.00,0.000,0.000,1592.79,1170.00,5.7194,9.2284,0.0000,4.8809,0.0000,0.8385,Right,0,0,0,0,86.667,0,0.000,ft_jnd,FrameTimeStutter,1,0,1,0,1,1,0.25,0.25,1.5,100,-10,100,1,5,250,40,5,250,50,1,6,11,0,0.06,4,0.05,50,8,4,2,2,100,144,5,5,300,1.05,1.05,6.0,2.0,10,6,6,-1,
17,P017,1,ft_jnd,FrameTimeStutter,114,0.44567,3.0902,1592.79,1170.00,0.000,0.000,1592.79,1170.00,5.7194,9.2284,0.0000,4.8809,0.0000,0.8385,Right,0,0,0,0,86.667,0,0.000,ft_jnd,FrameTimeStutter,1,0,1,0,1,1,0.25,0.25,1.5,100,-10,100,1,5,250,40,5,250,50,1,6,11,0,0.06,4,0.05,50,8,4,2,2,100,144,5,5,300,1.05,1.05,6.0,2.0,10,6,6,-1,
17,P017,1,ft_jnd,FrameTimeStutter,115,0.44951,3.8384,1592.79,1170.00,0.000,0.000,1592.79,1170.00,5.7194,9.2284,0.0000,4.8809,0.0000,0.8385,Right,0,0,0,0,86.667,0,0.000,ft_jnd,FrameTimeStutter,1,0,1,0,1,1,0.25,0.25,1.5,100,-10,100,1,5,250,40,5,250,50,1,6,11,0,0.06,4,0.05,50,8,4,2,2,100,144,5,5,300,1.05,1.05,6.0,2.0,10,6,6,-1,
17,P017,1,ft_jnd,FrameTimeStutter,116,0.45333,3.8244,1592.79,1170.00,0.000,0.000,1592.79,1170.00,5.7194,9.2284,0.0000,4.8809,0.0000,0.8385,Right,0,0,0,0,86.667,0,0.000,ft_jnd,FrameTimeStutter,1,0,1,0,1,1,0.25,0.25,1.5,100,-10,100,1,5,250,40,5,250,50,1,6,11,0,0.06,4,0.05,50,8,4,2,2,100,144,5,5,300,1.05,1.05,6.0,2.0,10,6,6,-1,
17,P017,1,ft_jnd,FrameTimeStutter,117,0.45733,3.9961,1592.79,1170.00,0.000,0.000,1592.79,1170.00,5.7194,9.2284,0.0000,4.8809,0.0000,0.8385,Right,0,0,0,0,86.667,0,0.000,ft_jnd,FrameTimeStutter,1,0,1,0,1,1,0.25,0.25,1.5,100,-10,100,1,5,250,40,5,250,50,1,6,11,0,0.06,4,0.05,50,8,4,2,2,100,144,5,5,300,1.05,1.05,6.0,2.0,10,6,6,-1,
17,P017,1,ft_jnd,FrameTimeStutter,118,0.46179,4.4605,1592.79,1170.00,0.000,0.000,1592.79,1170.00,5.7194,9.2284,0.0000,4.8809,0.0000,0.8385,Right,0,0,0,0,86.667,0,0.000,ft_jnd,FrameTimeStutter,1,0,1,0,1,1,0.25,0.25,1.5,100,-10,100,1,5,250,40,5,250,50,1,6,11,0,0.06,4,0.05,50,8,4,2,2,100,144,5,5,300,1.05,1.05,6.0,2.0,10,6,6,-1,
17,P017,1,ft_jnd,FrameTimeStutter,119,0.46623,4.4443,1592.79,1170.00,0.000,0.000,1592.79,1170.00,5.7194,9.2284,0.0000,4.8809,0.0000,0.8385,Right,0,0,0,0,86.667,0,0.000,ft_jnd,FrameTimeStutter,1,0,1,0,1,1,0.25,0.25,1.5,100,-10,100,1,5,250,40,5,250,50,1,6,11,0,0.06,4,0.05,50,8,4,2,2,100,144,5,5,300,1.05,1.05,6.0,2.0,10,6,6,-1,
17,P017,1,ft_jnd,FrameTimeStutter,120,0.47021,3.9789,1592.79,1170.00,0.000,0.000,1592.79,1170.00,5.7194,9.2284,0.0000,4.8809,0.0000,0.8385,Right,0,0,0,0,86.667,0,0.000,ft_jnd,FrameTimeStutter,1,0,1,0,1,1,0.25,0.25,1.5,100,-10,100,1,5,250,40,5,250,50,1,6,11,0,0.06,4,0.05,50,8,4,2,2,100,144,5,5,300,1.05,1.05,6.0,2.0,10,6,6,-1,
17,P017,1,ft_jnd,FrameTimeStutter,121,0.47483,4.6215,1591.31,1170.00,-1.000,0.000,1591.31,1170.00,5.6924,9.2284,0.0000,4.8809,0.0000,0.8385,Right,0,0,0,0,86.667,0,0.000,ft_jnd,FrameTimeStutter,1,0,1,0,1,1,0.25,0.25,1.5,100,-10,100,1,5,250,40,5,250,50,1,6,11,0,0.06,4,0.05,50,8,4,2,2,100,144,5,5,300,1.05,1.05,6.0,2.0,10,6,6,-1,
17,P017,1,ft_jnd,FrameTimeStutter,122,0.47808,3.2438,1591.31,1170.00,0.000,0.000,1591.31,1170.00,5.6924,9.2284,0.0000,4.8809,0.0000,0.8115,Right,0,0,0,0,86.667,0,0.000,ft_jnd,FrameTimeStutter,1,0,1,0,1,1,0.25,0.25,1.5,100,-10,100,1,5,250,40,5,250,50,1,6,11,0,0.06,4,0.05,50,8,4,2,2,100,144,5,5,300,1.05,1.05,6.0,2.0,10,6,6,-1,
17,P017,1,ft_jnd,FrameTimeStutter,123,0.48134,3.2669,1589.84,1170.00,-1.000,0.000,1589.84,1170.00,5.6654,9.2284,0.0000,4.8809,0.0000,0.8115,Right,0,0,0,0,86.667,0,0.000,ft_jnd,FrameTimeStutter,1,0,1,0,1,1,0.25,0.25,1.5,100,-10,100,1,5,250,40,5,250,50,1,6,11,0,0.06,4,0.05,50,8,4,2,2,100,144,5,5,300,1.05,1.05,6.0,2.0,10,6,6,-1,
17,P017,1,ft_jnd,FrameTimeStutter,124,0.48492,3.5795,1589.84,1170.00,0.000,0.000,1589.84,1170.00,5.6654,9.2284,0.0000,4.8809,0.0000,0.7846,Right,0,0,0,0,86.667,0,0.000,ft_jnd,FrameTimeStutter,1,0,1,0,1,1,0.25,0.25,1.5,100,-10,100,1,5,250,40,5,250,50,1,6,11,0,0.06,4,0.05,50,8,4,2,2,100,144,5,5,300,1.05,1.05,6.0,2.0,10,6,6,-1,
17,P017,1,ft_jnd,FrameTimeStutter,125,0.48784,2.9209,1589.84,1170.00,0.000,0.000,1589.84,1170.00,5.6654,9.2284,0.0000,4.8809,0.0000,0.7846,Right,0,0,0,0,86.667,0,0.000,ft_jnd,FrameTimeStutter,1,0,1,0,1,1,0.25,0.25,1.5,100,-10,100,1,5,250,40,5,250,50,1,6,11,0,0.06,4,0.05,50,8,4,2,2,100,144,5,5,300,1.05,1.05,6.0,2.0,10,6,6,-1,
17,P017,1,ft_jnd,FrameTimeStutter,126,0.49262,4.7771,1582.46,1171.48,-5.000,1.000,1582.46,1171.48,5.5305,9.2553,0.0000,4.8809,0.0000,0.7846,Right,0,0,0,0,86.667,0,0.000,ft_jnd,FrameTimeStutter,1,0,1,0,1,1,0.25,0.25,1.5,100,-10,100,1,5,250,40,5,250,50,1,6,11,0,0.06,4,0.05,50,8,4,2,2,100,144,5,5,300,1.05,1.05,6.0,2.0,10,6,6,-1,
17,P017,1,ft_jnd,FrameTimeStutter,127,0.49709,4.4658,1582.46,1171.48,0.000,0.000,1582.46,1171.48,5.5305,9.2553,0.0000,4.8809,0.0000,0.6497,Right,0,0,0,0,86.667,0,0.000,ft_jnd,FrameTimeStutter,1,0,1,0,1,1,0.25,0.25,1.5,100,-10,100,1,5,250,40,5,250,50,1,6,11,0,0.06,4,0.05,50,8,4,2,2,100,144,5,5,300,1.05,1.05,6.0,2.0,10,6,6,-1,
17,P017,1,ft_jnd,FrameTimeStutter,128,0.50045,3.3627,1572.13,1172.95,-7.000,1.000,1572.13,1172.95,5.3417,9.2823,0.0000,4.8809,0.0000,0.6497,Right,0,0,0,0,86.667,0,0.000,ft_jnd,FrameTimeStutter,1,0,1,0,1,1,0.25,0.25,1.5,100,-10,100,1,5,250,40,5,250,50,1,6,11,0,0.06,4,0.05,50,8,4,2,2,100,144,5,5,300,1.05,1.05,6.0,2.0,10,6,6,-1,
17,P017,1,ft_jnd,FrameTimeStutter,129,0.50472,4.2739,1572.13,1172.95,0.000,0.000,1572.13,1172.95,5.3417,9.2823,0.0000,4.8809,0.0000,0.4608,Right,0,0,0,0,86.667,0,0.000,ft_jnd,FrameTimeStutter,1,0,1,0,1,1,0.25,0.25,1.5,100,-10,100,1,5,250,40,5,250,50,1,6,11,0,0.06,4,0.05,50,8,4,2,2,100,144,5,5,300,1.05,1.05,6.0,2.0,10,6,6,-1,
17,P017,1,ft_jnd,FrameTimeStutter,130,0.50819,3.4661,1558.85,1174.43,-9.000,1.000,1558.85,1174.43,5.0989,9.3093,0.0000,4.8809,0.0000,0.4608,Right,0,0,0,0,86.667,0,0.000,ft_jnd,FrameTimeStutter,1,0,1,0,1,1,0.25,0.25,1.5,100,-10,100,1,5,250,40,5,250,50,1,6,11,0,0.06,4,0.05,50,8,4,2,2,100,144,5,5,300,1.05,1.05,6.0,2.0,10,6,6,-1,
17,P017,1,ft_jnd,FrameTimeStutter,131,0.51145,3.2616,1558.85,1174.43,0.000,0.000,1558.85,1174.43,5.0989,9.3093,0.0000,4.8809,0.0000,0.2180,Right,0,0,0,0,86.667,0,0.000,ft_jnd,FrameTimeStutter,1,0,1,0,1,1,0.25,0.25,1.5,100,-10,100,1,5,250,40,5,250,50,1,6,11,0,0.06,4,0.05,50,8,4,2,2,100,144,5,5,300,1.05,1.05,6.0,2.0,10,6,6,-1,
17,P017,1,ft_jnd,FrameTimeStutter,132,0.51611,4.6547,1541.15,1175.90,-12.000,1.000,1541.15,1175.90,4.7751,9.3363,0.0000,4.8809,0.0000,0.2180,Right,0,0,0,0,86.667,0,0.000,ft_jnd,FrameTimeStutter,1,0,1,0,1,1,0.25,0.25,1.5,100,-10,100,1,5,250,40,5,250,50,1,6,11,0,0.06,4,0.05,50,8,4,2,2,100,144,5,5,300,1.05,1.05,6.0,2.0,10,6,6,-1,
17,P017,1,ft_jnd,FrameTimeStutter,133,0.51942,3.3192,1541.15,1175.90,0.000,0.000,1541.15,1175.90,4.7751,9.3363,0.0000,4.8809,0.0000,-0.1057,Right,0,0,0,0,86.667,0,0.000,ft_jnd,FrameTimeStutter,1,0,1,0,1,1,0.25,0.25,1.5,100,-10,100,1,5,250,40,5,250,50,1,6,11,0,0.06,4,0.05,50,8,4,2,2,100,144,5,5,300,1.05,1.05,6.0,2.0,10,6,6,-1,
17,P017,1,ft_jnd,FrameTimeStutter,134,0.52392,4.4995,1523.44,1177.38,-12.000,1.000,1523.44,1177.38,4.4514,9.3632,0.0000,4.8809,0.0000,-0.1057,Right,0,0,0,0,86.667,0,0.000,ft_jnd,FrameTimeStutter,1,0,1,0,1,1,0.25,0.25,1.5,100,-10,100,1,5,250,40,5,250,50,1,6,11,0,0.06,4,0.05,50,8,4,2,2,100,144,5,5,300,1.05,1.05,6.0,2.0,10,6,6,-1,
17,P017,1,ft_jnd,FrameTimeStutter,135,0.52834,4.4147,1523.44,1177.38,0.000,0.000,1523.44,1177.38,4.4514,9.3632,0.0000,4.8809,0.0000,-0.4295,Left,0,0,0,0,86.667,1,86.667,ft_jnd,FrameTimeStutter,1,0,1,0,1,1,0.25,0.25,1.5,100,-10,100,1,5,250,40,5,250,50,1,6,11,0,0.06,4,0.05,50,8,4,2,2,100,144,5,5,300,1.05,1.05,6.0,2.0,10,6,6,-1,
17,P017,1,ft_jnd,FrameTimeStutter,136,0.61893,90.5953,1188.53,1186.23,-227.000,6.000,1188.53,1186.23,-1.6727,9.5251,0.0000,4.8809,0.0000,-0.4295,Left,0,0,0,0,86.667,0,0.000,ft_jnd,FrameTimeStutter,1,0,1,0,1,1,0.25,0.25,1.5,100,-10,100,1,5,250,40,5,250,50,1,6,11,0,0.06,4,0.05,50,8,4,2,2,100,144,5,5,300,1.05,1.05,6.0,2.0,10,6,6,-1,
17,P017,1,ft_jnd,FrameTimeStutter,137,0.62170,2.7699,1188.53,1186.23,0.000,0.000,1188.53,1186.23,-1.6727,9.5251,0.0000,4.8809,0.0000,-6.5535,Left,0,0,0,0,86.667,0,0.000,ft_jnd,FrameTimeStutter,1,0,1,0,1,1,0.25,0.25,1.5,100,-10,100,1,5,250,40,5,250,50,1,6,11,0,0.06,4,0.05,50,8,4,2,2,100,144,5,5,300,1.05,1.05,6.0,2.0,10,6,6,-1,
17,P017,1,ft_jnd,FrameTimeStutter,138,0.62645,4.7500,1153.12,1186.23,-24.000,0.000,1153.12,1186.23,-2.3201,9.5251,0.0000,4.8809,0.0000,-6.5535,Left,0,0,0,0,86.667,0,0.000,ft_jnd,FrameTimeStutter,1,0,1,0,1,1,0.25,0.25,1.5,100,-10,100,1,5,250,40,5,250,50,1,6,11,0,0.06,4,0.05,50,8,4,2,2,100,144,5,5,300,1.05,1.05,6.0,2.0,10,6,6,-1,
17,P017,1,ft_jnd,FrameTimeStutter,139,0.63050,4.0497,1153.12,1186.23,0.000,0.000,1153.12,1186.23,-2.3201,9.5251,0.0000,4.8809,0.0000,-7.2010,Left,0,0,0,0,86.667,0,0.000,ft_jnd,FrameTimeStutter,1,0,1,0,1,1,0.25,0.25,1.5,100,-10,100,1,5,250,40,5,250,50,1,6,11,0,0.06,4,0.05,50,8,4,2,2,100,144,5,5,300,1.05,1.05,6.0,2.0,10,6,6,-1,
17,P017,1,ft_jnd,FrameTimeStutter,140,0.63423,3.7218,1116.23,1187.71,-25.000,1.000,1116.23,1187.71,-2.9946,9.5521,0.0000,4.8809,0.0000,-7.2010,Left,0,0,0,0,86.667,0,0.000,ft_jnd,FrameTimeStutter,1,0,1,0,1,1,0.25,0.25,1.5,100,-10,100,1,5,250,40,5,250,50,1,6,11,0,0.06,4,0.05,50,8,4,2,2,100,144,5,5,300,1.05,1.05,6.0,2.0,10,6,6,-1,
17,P017,1,ft_jnd,FrameTimeStutter,141,0.63822,3.9947,1116.23,1187.71,0.000,0.000,1116.23,1187.71,-2.9946,9.5521,0.0000,4.8809,0.0000,-7.8755,Left,0,0,0,0,86.667,0,0.000,ft_jnd,FrameTimeStutter,1,0,1,0,1,1,0.25,0.25,1.5,100,-10,100,1,5,250,40,5,250,50,1,6,11,0,0.06,4,0.05,50,8,4,2,2,100,144,5,5,300,1.05,1.05,6.0,2.0,10,6,6,-1,
17,P017,1,ft_jnd,FrameTimeStutter,142,0.64224,4.0154,1079.34,1187.71,-25.000,0.000,1079.34,1187.71,-3.6690,9.5521,0.0000,4.8809,0.0000,-7.8755,Left,0,0,0,0,86.667,0,0.000,ft_jnd,FrameTimeStutter,1,0,1,0,1,1,0.25,0.25,1.5,100,-10,100,1,5,250,40,5,250,50,1,6,11,0,0.06,4,0.05,50,8,4,2,2,100,144,5,5,300,1.05,1.05,6.0,2.0,10,6,6,-1,
17,P017,1,ft_jnd,FrameTimeStutter,143,0.64591,3.6728,1079.34,1187.71,0.000,0.000,1079.34,1187.71,-3.6690,9.5521,0.0000,4.8809,0.0000,-8.5499,Left,0,0,0,0,86.667,0,0.000,ft_jnd,FrameTimeStutter,1,0,1,0,1,1,0.25,0.25,1.5,100,-10,100,1,5,250,40,5,250,50,1,6,11,0,0.06,4,0.05,50,8,4,2,2,100,144,5,5,300,1.05,1.05,6.0,2.0,10,6,6,-1,
17,P017,1,ft_jnd,FrameTimeStutter,144,0.64971,3.8032,1040.98,1189.18,-26.000,1.000,1040.98,1189.18,-4.3705,9.5791,0.0000,4.8809,0.0000,-8.5499,Left,0,0,0,0,86.667,0,0.000,ft_jnd,FrameTimeStutter,1,0,1,0,1,1,0.25,0.25,1.5,100,-10,100,1,5,250,40,5,250,50,1,6,11,0,0.06,4,0.05,50,8,4,2,2,100,144,5,5,300,1.05,1.05,6.0,2.0,10,6,6,-1,
17,P017,1,ft_jnd,FrameTimeStutter,145,0.65274,3.0311,1040.98,1189.18,0.000,0.000,1040.98,1189.18,-4.3705,9.5791,0.0000,4.8809,0.0000,-9.2513,Left,0,0,0,0,86.667,0,0.000,ft_jnd,FrameTimeStutter,1,0,1,0,1,1,0.25,0.25,1.5,100,-10,100,1,5,250,40,5,250,50,1,6,11,0,0.06,4,0.05,50,8,4,2,2,100,144,5,5,300,1.05,1.05,6.0,2.0,10,6,6,-1,
17,P017,1,ft_jnd,FrameTimeStutter,146,0.65621,3.4674,1040.98,1189.18,0.000,0.000,1040.98,1189.18,-4.3705,9.5791,0.0000,4.8809,0.0000,-9.2513,Left,0,0,0,0,86.667,0,0.000,ft_jnd,FrameTimeStutter,1,0,1,0,1,1,0.25,0.25,1.5,100,-10,100,1,5,250,40,5,250,50,1,6,11,0,0.06,4,0.05,50,8,4,2,2,100,144,5,5,300,1.05,1.05,6.0,2.0,10,6,6,-1,
17,P017,1,ft_jnd,FrameTimeStutter,147,0.66063,4.4174,1004.10,1190.66,-25.000,1.000,1004.10,1190.66,-5.0449,9.6060,0.0000,4.8809,0.0000,-9.2513,Left,0,0,0,0,86.667,0,0.000,ft_jnd,FrameTimeStutter,1,0,1,0,1,1,0.25,0.25,1.5,100,-10,100,1,5,250,40,5,250,50,1,6,11,0,0.06,4,0.05,50,8,4,2,2,100,144,5,5,300,1.05,1.05,6.0,2.0,10,6,6,-1,
17,P017,1,ft_jnd,FrameTimeStutter,148,0.66503,4.4021,1004.10,1190.66,0.000,0.000,1004.10,1190.66,-5.0449,9.6060,0.0000,4.8809,0.0000,-9.9258,Left,0,0,0,0,86.667,0,0.000,ft_jnd,FrameTimeStutter,1,0,1,0,1,1,0.25,0.25,1.5,100,-10,100,1,5,250,40,5,250,50,1,6,11,0,0.06,4,0.05,50,8,4,2,2,100,144,5,5,300,1.05,1.05,6.0,2.0,10,6,6,-1,
17,P017,1,ft_jnd,FrameTimeStutter,149,0.66905,4.0183,962.79,1192.13,-28.000,1.000,962.79,1192.13,-5.8003,9.6330,0.0000,4.8809,0.0000,-9.9258,Left,0,0,0,0,86.667,0,0.000,ft_jnd,FrameTimeStutter,1,0,1,0,1,1,0.25,0.25,1.5,100,-10,100,1,5,250,40,5,250,50,1,6,11,0,0.06,4,0.05,50,8,4,2,2,100,144,5,5,300,1.05,1.05,6.0,2.0,10,6,6,-1,
17,P017,1,ft_jnd,FrameTimeStutter,150,0.67357,4.5179,930.33,1195.08,-22.000,2.000,930.33,1195.08,-6.3938,9.6870,0.0000,4.8809,0.0000,-10.6812,Left,0,0,0,0,86.667,0,0.000,ft_jnd,FrameTimeStutter,1,0,1,0,1,1,0.25,0.25,1.5,100,-10,100,1,5,250,40,5,250,50,1,6,11,0,0.06,4,0.05,50,8,4,2,2,100,144,5,5,300,1.05,1.05,6.0,2.0,10,6,6,-1,
17,P017,1,ft_jnd,FrameTimeStutter,151,0.67768,4.1172,930.33,1195.08,0.000,0.000,930.33,1195.08,-6.3938,9.6870,0.0000,4.8809,0.0000,-11.2747,Left,0,0,0,0,86.667,0,0.000,ft_jnd,FrameTimeStutter,1,0,1,0,1,1,0.25,0.25,1.5,100,-10,100,1,5,250,40,5,250,50,1,6,11,0,0.06,4,0.05,50,8,4,2,2,100,144,5,5,300,1.05,1.05,6.0,2.0,10,6,6,-1,
17,P017,1,ft_jnd,FrameTimeStutter,152,0.68202,4.3385,899.34,1196.56,-21.000,1.000,899.34,1196.56,-6.9604,9.7139,0.0000,4.8809,0.0000,-11.2747,Left,0,0,0,0,86.667,0,0.000,ft_jnd,FrameTimeStutter,1,0,1,0,1,1,0.25,0.25,1.5,100,-10,100,1,5,250,40,5,250,50,1,6,11,0,0.06,4,0.05,50,8,4,2,2,100,144,5,5,300,1.05,1.05,6.0,2.0,10,6,6,-1,
17,P017,1,ft_jnd,FrameTimeStutter,153,0.68695,4.9260,899.34,1196.56,0.000,0.000,899.34,1196.56,-6.9604,9.7139,0.0000,4.8809,0.0000,-11.8413,Left,0,0,0,0,86.667,0,0.000,ft_jnd,FrameTimeStutter,1,0,1,0,1,1,0.25,0.25,1.5,100,-10,100,1,5,250,40,5,250,50,1,6,11,0,0.06,4,0.05,50,8,4,2,2,100,144,5,5,300,1.05,1.05,6.0,2.0,10,6,6,-1,
17,P017,1,ft_jnd,FrameTimeStutter,154,0.69144,4.4948,865.41,1198.03,-23.000,1.000,865.41,1198.03,-7.5809,9.7409,0.0000,4.8809,0.0000,-11.8413,Left,0,0,0,0,86.667,0,0.000,ft_jnd,FrameTimeStutter,1,0,1,0,1,1,0.25,0.25,1.5,100,-10,100,1,5,250,40,5,250,50,1,6,11,0,0.06,4,0.05,50,8,4,2,2,100,144,5,5,300,1.05,1.05,6.0,2.0,10,6,6,-1,
17,P017,1,ft_jnd,FrameTimeStutter,155,0.69598,4.5342,865.41,1198.03,0.000,0.000,865.41,1198.03,-7.5809,9.7409,0.0000,4.8809,0.0000,-12.4618,Left,0,0,0,0,86.667,0,0.000,ft_jnd,FrameTimeStutter,1,0,1,0,1,1,0.25,0.25,1.5,100,-10,100,1,5,250,40,5,250,50,1,6,11,0,0.06,4,0.05,50,8,4,2,2,100,144,5,5,300,1.05,1.05,6.0,2.0,10,6,6,-1,
17,P017,1,ft_jnd,FrameTimeStutter,156,0.70085,4.8785,837.38,1199.51,-19.000,1.000,837.38,1199.51,-8.0935,9.7679,0.0000,4.8809,0.0000,-12.4618,Left,0,0,0,0,86.667,0,0.000,ft_jnd,FrameTimeStutter,1,0,1,0,1,1,0.25,0.25,1.5,100,-10,100,1,5,250,40,5,250,50,1,6,11,0,0.06,4,0.05,50,8,4,2,2,100,144,5,5,300,1.05,1.05,6.0,2.0,10,6,6,-1,
17,P017,1,ft_jnd,FrameTimeStutter,157,0.70520,4.3481,810.82,1199.51,-18.000,0.000,810.82,1199.51,-8.5791,9.7679,0.0000,4.8809,0.0000,-12.9743,Left,0,0,0,0,86.667,0,0.000,ft_jnd,FrameTimeStutter,1,0,1,0,1,1,0.25,0.25,1.5,100,-10,100,1,5,250,40,5,250,50,1,6,11,0,0.06,4,0.05,50,8,4,2,2,100,144,5,5,300,1.05,1.05,6.0,2.0,10,6,6,-1,
17,P017,1,ft_jnd,FrameTimeStutter,158,0.70997,4.7703,810.82,1199.51,0.000,0.000,810.82,1199.51,-8.5791,9.7679,0.0000,4.8809,0.0000,-13.4600,Left,0,0,0,0,86.667,0,0.000,ft_jnd,FrameTimeStutter,1,0,1,0,1,1,0.25,0.25,1.5,100,-10,100,1,5,250,40,5,250,50,1,6,11,0,0.06,4,0.05,50,8,4,2,2,100,144,5,5,300,1.05,1.05,6.0,2.0,10,6,6,-1,
17,P017,1,ft_jnd,FrameTimeStutter,159,0.71434,4.3700,784.26,1199.51,-18.000,0.000,784.26,1199.51,-9.0647,9.7679,0.0000,4.8809,0.0000,-13.4600,Left,0,0,0,0,86.667,0,0.000,ft_jnd,FrameTimeStutter,1,0,1,0,1,1,0.25,0.25,1.5,100,-10,100,1,5,250,40,5,250,50,1,6,11,0,0.06,4,0.05,50,8,4,2,2,100,144,5,5,300,1.05,1.05,6.0,2.0,10,6,6,-1,
17,P017,1,ft_jnd,FrameTimeStutter,160,0.71847,4.1264,784.26,1199.51,0.000,0.000,784.26,1199.51,-9.0647,9.7679,0.0000,4.8809,0.0000,-13.9456,Left,0,0,0,0,86.667,0,0.000,ft_jnd,FrameTimeStutter,1,0,1,0,1,1,0.25,0.25,1.5,100,-10,100,1,5,250,40,5,250,50,1,6,11,0,0.06,4,0.05,50,8,4,2,2,100,144,5,5,300,1.05,1.05,6.0,2.0,10,6,6,-1,
17,P017,1,ft_jnd,FrameTimeStutter,161,0.72323,4.7635,753.28,1199.51,-21.000,0.000,753.28,1199.51,-9.6312,9.7679,0.0000,4.8809,0.0000,-13.9456,Left,0,0,0,0,86.667,0,0.000,ft_jnd,FrameTimeStutter,1,0,1,0,1,1,0.25,0.25,1.5,100,-10,100,1,5,250,40,5,250,50,1,6,11,0,0.06,4,0.05,50,8,4,2,2,100,144,5,5,300,1.05,1.05,6.0,2.0,10,6,6,-1,
17,P017,1,ft_jnd,FrameTimeStutter,162,0.72760,4.3692,753.28,1199.51,0.000,0.000,753.28,1199.51,-9.6312,9.7679,0.0000,4.8809,0.0000,-14.5121,Left,0,0,0,0,86.667,0,0.000,ft_jnd,FrameTimeStutter,1,0,1,0,1,1,0.25,0.25,1.5,100,-10,100,1,5,250,40,5,250,50,1,6,11,0,0.06,4,0.05,50,8,4,2,2,100,144,5,5,300,1.05,1.05,6.0,2.0,10,6,6,-1,
17,P017,1,ft_jnd,FrameTimeStutter,163,0.73228,4.6773,726.72,1199.51,-18.000,0.000,726.72,1199.51,-10.1168,9.7679,0.0000,4.8809,0.0000,-14.5121,Left,0,0,0,0,86.667,0,0.000,ft_jnd,FrameTimeStutter,1,0,1,0,1,1,0.25,0.25,1.5,100,-10,100,1,5,250,40,5,250,50,1,6,11,0,0.06,4,0.05,50,8,4,2,2,100,144,5,5,300,1.05,1.05,6.0,2.0,10,6,6,-1,
17,P017,1,ft_jnd,FrameTimeStutter,164,0.73623,3.9497,726.72,1199.51,-22.000,-1.000,726.72,1199.51,-10.1168,9.7679,0.0000,4.8809,0.0000,-14.9977,Left,0,0,0,0,86.667,0,0.000,ft_jnd,FrameTimeStutter,1,0,1,0,1,1,0.25,0.25,1.5,100,-10,100,1,5,250,40,5,250,50,1,6,11,0,0.06,4,0.05,50,8,4,2,2,100,144,5,5,300,1.05,1.05,6.0,2.0,10,6,6,-1,
17,P017,1,ft_jnd,FrameTimeStutter,165,0.74053,4.2991,694.26,1198.03,0.000,0.000,694.26,1198.03,-10.7104,9.7409,0.0000,4.8809,0.0000,-14.9977,Left,0,0,0,0,86.667,0,0.000,ft_jnd,FrameTimeStutter,1,0,1,0,1,1,0.25,0.25,1.5,100,-10,100,1,5,250,40,5,250,50,1,6,11,0,0.06,4,0.05,50,8,4,2,2,100,144,5,5,300,1.05,1.05,6.0,2.0,10,6,6,-1,
17,P017,1,ft_jnd,FrameTimeStutter,166,0.74563,5.1052,666.23,1198.03,-19.000,0.000,666.23,1198.03,-11.2230,9.7409,0.0000,4.8809,0.0000,-15.5912,Left,0,0,0,0,86.667,0,0.000,ft_jnd,FrameTimeStutter,1,0,1,0,1,1,0.25,0.25,1.5,100,-10,100,1,5,250,40,5,250,50,1,6,11,0,0.06,4,0.05,50,8,4,2,2,100,144,5,5,300,1.05,1.05,6.0,2.0,10,6,6,-1,
17,P017,1,ft_jnd,FrameTimeStutter,167,0.75021,4.5762,666.23,1198.03,0.000,0.000,666.23,1198.03,-11.2230,9.7409,0.0000,4.8809,0.0000,-16.1038,Left,0,0,0,0,86.667,0,0.000,ft_jnd,FrameTimeStutter,1,0,1,0,1,1,0.25,0.25,1.5,100,-10,100,1,5,250,40,5,250,50,1,6,11,0,0.06,4,0.05,50,8,4,2,2,100,144,5,5,300,1.05,1.05,6.0,2.0,10,6,6,-1,
17,P017,1,ft_jnd,FrameTimeStutter,168,0.75459,4.3815,633.77,1196.56,-22.000,-1.000,633.77,1196.56,-11.8165,9.7139,0.0000,4.8809,0.0000,-16.1038,Left,0,0,0,0,86.667,0,0.000,ft_jnd,FrameTimeStutter,1,0,1,0,1,1,0.25,0.25,1.5,100,-10,100,1,5,250,40,5,250,50,1,6,11,0,0.06,4,0.05,50,8,4,2,2,100,144,5,5,300,1.05,1.05,6.0,2.0,10,6,6,-1,
17,P017,1,ft_jnd,FrameTimeStutter,169,0.75917,4.5758,633.77,1196.56,0.000,0.000,633.77,1196.56,-11.8165,9.7139,0.0000,4.8809,0.0000,-16.6973,Left,0,0,0,0,86.667,0,0.000,ft_jnd,FrameTimeStutter,1,0,1,0,1,1,0.25,0.25,1.5,100,-10,100,1,5,250,40,5,250,50,1,6,11,0,0.06,4,0.05,50,8,4,2,2,100,144,5,5,300,1.05,1.05,6.0,2.0,10,6,6,-1,
17,P017,1,ft_jnd,FrameTimeStutter,170,0.76362,4.4521,605.74,1196.56,-19.000,0.000,605.74,1196.56,-12.3291,9.7139,0.0000,4.8809,0.0000,-16.6973,Left,0,0,0,0,86.667,0,0.000,ft_jnd,FrameTimeStutter,1,0,1,0,1,1,0.25,0.25,1.5,100,-10,100,1,5,250,40,5,250,50,1,6,11,0,0.06,4,0.05,50,8,4,2,2,100,144,5,5,300,1.05,1.05,6.0,2.0,10,6,6,-1,
17,P017,1,ft_jnd,FrameTimeStutter,171,0.76794,4.3201,605.74,1196.56,0.000,0.000,605.74,1196.56,-12.3291,9.7139,0.0000,4.8809,0.0000,-17.2099,Left,0,0,0,0,86.667,0,0.000,ft_jnd,FrameTimeStutter,1,0,1,0,1,1,0.25,0.25,1.5,100,-10,100,1,5,250,40,5,250,50,1,6,11,0,0.06,4,0.05,50,8,4,2,2,100,144,5,5,300,1.05,1.05,6.0,2.0,10,6,6,-1,
17,P017,1,ft_jnd,FrameTimeStutter,172,0.77246,4.5184,574.75,1196.56,-21.000,0.000,574.75,1196.56,-12.8956,9.7139,0.0000,4.8809,0.0000,-17.2099,Left,0,0,0,0,86.667,0,0.000,ft_jnd,FrameTimeStutter,1,0,1,0,1,1,0.25,0.25,1.5,100,-10,100,1,5,250,40,5,250,50,1,6,11,0,0.06,4,0.05,50,8,4,2,2,100,144,5,5,300,1.05,1.05,6.0,2.0,10,6,6,-1,
17,P017,1,ft_jnd,FrameTimeStutter,173,0.77689,4.4284,549.67,1196.56,-17.000,0.000,549.67,1196.56,-13.3542,9.7139,0.0000,4.8809,0.0000,-17.7765,Left,0,0,0,0,86.667,0,0.000,ft_jnd,FrameTimeStutter,1,0,1,0,1,1,0.25,0.25,1.5,100,-10,100,1,5,250,40,5,250,50,1,6,11,0,0.06,4,0.05,50,8,4,2,2,100,144,5,5,300,1.05,1.05,6.0,2.0,10,6,6,-1,
17,P017,1,ft_jnd,FrameTimeStutter,174,0.78158,4.6980,549.67,1196.56,0.000,0.000,549.67,1196.56,-13.3542,9.7139,0.0000,4.8809,0.0000,-18.2351,Left,0,0,0,0,86.667,0,0.000,ft_jnd,FrameTimeStutter,1,0,1,0,1,1,0.25,0.25,1.5,100,-10,100,1,5,250,40,5,250,50,1,6,11,0,0.06,4,0.05,50,8,4,2,2,100,144,5,5,300,1.05,1.05,6.0,2.0,10,6,6,-1,
17,P017,1,ft_jnd,FrameTimeStutter,175,0.78599,4.4098,521.64,1196.56,-19.000,0.000,521.64,1196.56,-13.8668,9.7139,0.0000,4.8809,0.0000,-18.2351,Left,0,0,0,0,86.667,0,0.000,ft_jnd,FrameTimeStutter,1,0,1,0,1,1,0.25,0.25,1.5,100,-10,100,1,5,250,40,5,250,50,1,6,11,0,0.06,4,0.05,50,8,4,2,2,100,144,5,5,300,1.05,1.05,6.0,2.0,10,6,6,-1,
17,P017,1,ft_jnd,FrameTimeStutter,176,0.79024,4.2499,521.64,1196.56,0.000,0.000,521.64,1196.56,-13.8668,9.7139,0.0000,4.8809,0.0000,-18.7477,Left,0,0,0,0,86.667,0,0.000,ft_jnd,FrameTimeStutter,1,0,1,0,1,1,0.25,0.25,1.5,100,-10,100,1,5,250,40,5,250,50,1,6,11,0,0.06,4,0.05,50,8,4,2,2,100,144,5,5,300,1.05,1.05,6.0,2.0,10,6,6,-1,
17,P017,1,ft_jnd,FrameTimeStutter,177,0.79483,4.5884,496.56,1198.03,-17.000,1.000,496.56,1198.03,-14.3255,9.7409,0.0000,4.8809,0.0000,-18.7477,Left,0,0,0,0,86.667,0,0.000,ft_jnd,FrameTimeStutter,1,0,1,0,1,1,0.25,0.25,1.5,100,-10,100,1,5,250,40,5,250,50,1,6,11,0,0.06,4,0.05,50,8,4,2,2,100,144,5,5,300,1.05,1.05,6.0,2.0,10,6,6,-1,
17,P017,1,ft_jnd,FrameTimeStutter,178,0.79928,4.4476,496.56,1198.03,0.000,0.000,496.56,1198.03,-14.3255,9.7409,0.0000,4.8809,0.0000,-19.2063,Left,0,0,0,0,86.667,0,0.000,ft_jnd,FrameTimeStutter,1,0,1,0,1,1,0.25,0.25,1.5,100,-10,100,1,5,250,40,5,250,50,1,6,11,0,0.06,4,0.05,50,8,4,2,2,100,144,5,5,300,1.05,1.05,6.0,2.0,10,6,6,-1,
17,P017,1,ft_jnd,FrameTimeStutter,179,0.80376,4.4834,471.48,1198.03,-17.000,0.000,471.48,1198.03,-14.7841,9.7409,0.0000,4.8809,0.0000,-19.2063,Left,0,0,0,0,86.667,0,0.000,ft_jnd,FrameTimeStutter,1,0,1,0,1,1,0.25,0.25,1.5,100,-10,100,1,5,250,40,5,250,50,1,6,11,0,0.06,4,0.05,50,8,4,2,2,100,144,5,5,300,1.05,1.05,6.0,2.0,10,6,6,-1,
17,P017,1,ft_jnd,FrameTimeStutter,180,0.80838,4.6194,471.48,1198.03,0.000,0.000,471.48,1198.03,-14.7841,9.7409,0.0000,4.8809,0.0000,-19.6649,Left,0,0,0,0,86.667,0,0.000,ft_jnd,FrameTimeStutter,1,0,1,0,1,1,0.25,0.25,1.5,100,-10,100,1,5,250,40,5,250,50,1,6,11,0,0.06,4,0.05,50,8,4,2,2,100,144,5,5,300,1.05,1.05,6.0,2.0,10,6,6,-1,
17,P017,1,ft_jnd,FrameTimeStutter,181,0.81280,4.4214,449.34,1198.03,-15.000,0.000,449.34,1198.03,-15.1888,9.7409,0.0000,4.8809,0.0000,-19.6649,Left,0,0,0,0,86.667,0,0.000,ft_jnd,FrameTimeStutter,1,0,1,0,1,1,0.25,0.25,1.5,100,-10,100,1,5,250,40,5,250,50,1,6,11,0,0.06,4,0.05,50,8,4,2,2,100,144,5,5,300,1.05,1.05,6.0,2.0,10,6,6,-1,
17,P017,1,ft_jnd,FrameTimeStutter,182,0.81726,4.4557,425.74,1198.03,-16.000,0.000,425.74,1198.03,-15.6204,9.7409,0.0000,4.8809,0.0000,-20.0696,Left,0,0,0,0,86.667,0,0.000,ft_jnd,FrameTimeStutter,1,0,1,0,1,1,0.25,0.25,1.5,100,-10,100,1,5,250,40,5,250,50,1,6,11,0,0.06,4,0.05,50,8,4,2,2,100,144,5,5,300,1.05,1.05,6.0,2.0,10,6,6,-1,
17,P017,1,ft_jnd,FrameTimeStutter,183,0.82132,4.0572,425.74,1198.03,0.000,0.000,425.74,1198.03,-15.6204,9.7409,0.0000,4.8809,0.0000,-20.5013,Left,0,0,0,0,86.667,0,0.000,ft_jnd,FrameTimeStutter,1,0,1,0,1,1,0.25,0.25,1.5,100,-10,100,1,5,250,40,5,250,50,1,6,11,0,0.06,4,0.05,50,8,4,2,2,100,144,5,5,300,1.05,1.05,6.0,2.0,10,6,6,-1,
17,P017,1,ft_jnd,FrameTimeStutter,184,0.82605,4.7329,406.56,1198.03,-13.000,0.000,406.56,1198.03,-15.9711,9.7409,0.0000,4.8809,0.0000,-20.5013,Left,0,0,0,0,86.667,0,0.000,ft_jnd,FrameTimeStutter,1,0,1,0,1,1,0.25,0.25,1.5,100,-10,100,1,5,250,40,5,250,50,1,6,11,0,0.06,4,0.05,50,8,4,2,2,100,144,5,5,300,1.05,1.05,6.0,2.0,10,6,6,-1,
17,P017,1,ft_jnd,FrameTimeStutter,185,0.83056,4.5063,406.56,1198.03,0.000,0.000,406.56,1198.03,-15.9711,9.7409,0.0000,4.8809,0.0000,-20.8520,Left,0,0,0,0,86.667,0,0.000,ft_jnd,FrameTimeStutter,1,0,1,0,1,1,0.25,0.25,1.5,100,-10,100,1,5,250,40,5,250,50,1,6,11,0,0.06,4,0.05,50,8,4,2,2,100,144,5,5,300,1.05,1.05,6.0,2.0,10,6,6,-1,
17,P017,1,ft_jnd,FrameTimeStutter,186,0.83493,4.3715,385.90,1198.03,-14.000,0.000,385.90,1198.03,-16.3488,9.7409,0.0000,4.8809,0.0000,-20.8520,Left,0,0,0,0,86.667,0,0.000,ft_jnd,FrameTimeStutter,1,0,1,0,1,1,0.25,0.25,1.5,100,-10,100,1,5,250,40,5,250,50,1,6,11,0,0.06,4,0.05,50,8,4,2,2,100,144,5,5,300,1.05,1.05,6.0,2.0,10,6,6,-1,
17,P017,1,ft_jnd,FrameTimeStutter,187,0.83925,4.3251,385.90,1198.03,0.000,0.000,385.90,1198.03,-16.3488,9.7409,0.0000,4.8809,0.0000,-21.2297,Left,0,0,0,0,86.667,0,0.000,ft_jnd,FrameTimeStutter,1,0,1,0,1,1,0.25,0.25,1.5,100,-10,100,1,5,250,40,5,250,50,1,6,11,0,0.06,4,0.05,50,8,4,2,2,100,144,5,5,300,1.05,1.05,6.0,2.0,10,6,6,-1,
17,P017,1,ft_jnd,FrameTimeStutter,188,0.84375,4.5013,363.77,1198.03,-15.000,0.000,363.77,1198.03,-16.7535,9.7409,0.0000,4.8809,0.0000,-21.2297,Left,0,0,0,0,86.667,0,0.000,ft_jnd,FrameTimeStutter,1,0,1,0,1,1,0.25,0.25,1.5,100,-10,100,1,5,250,40,5,250,50,1,6,11,0,0.06,4,0.05,50,8,4,2,2,100,144,5,5,300,1.05,1.05,6.0,2.0,10,6,6,-1,
17,P017,1,ft_jnd,FrameTimeStutter,189,0.84827,4.5172,363.77,1198.03,0.000,0.000,363.77,1198.03,-16.7535,9.7409,0.0000,4.8809,0.0000,-21.6344,Left,0,0,0,0,86.667,0,0.000,ft_jnd,FrameTimeStutter,1,0,1,0,1,1,0.25,0.25,1.5,100,-10,100,1,5,250,40,5,250,50,1,6,11,0,0.06,4,0.05,50,8,4,2,2,100,144,5,5,300,1.05,1.05,6.0,2.0,10,6,6,-1,
17,P017,1,ft_jnd,FrameTimeStutter,190,0.85279,4.5187,344.59,1198.03,-13.000,0.000,344.59,1198.03,-17.1042,9.7409,0.0000,4.8809,0.0000,-21.6344,Left,0,0,0,0,86.667,0,0.000,ft_jnd,FrameTimeStutter,1,0,1,0,1,1,0.25,0.25,1.5,100,-10,100,1,5,250,40,5,250,50,1,6,11,0,0.06,4,0.05,50,8,4,2,2,100,144,5,5,300,1.05,1.05,6.0,2.0,10,6,6,-1,
17,P017,1,ft_jnd,FrameTimeStutter,191,0.85676,3.9696,326.89,1198.03,-12.000,0.000,326.89,1198.03,-17.4280,9.7409,0.0000,4.8809,0.0000,-21.9851,Left,0,0,0,0,86.667,0,0.000,ft_jnd,FrameTimeStutter,1,0,1,0,1,1,0.25,0.25,1.5,100,-10,100,1,5,250,40,5,250,50,1,6,11,0,0.06,4,0.05,50,8,4,2,2,100,144,5,5,300,1.05,1.05,6.0,2.0,10,6,6,-1,
17,P017,1,ft_jnd,FrameTimeStutter,192,0.86188,5.1164,326.89,1198.03,0.000,0.000,326.89,1198.03,-17.4280,9.7409,0.0000,4.8809,0.0000,-22.3088,Left,0,0,0,0,86.667,0,0.000,ft_jnd,FrameTimeStutter,1,0,1,0,1,1,0.25,0.25,1.5,100,-10,100,1,5,250,40,5,250,50,1,6,11,0,0.06,4,0.05,50,8,4,2,2,100,144,5,5,300,1.05,1.05,6.0,2.0,10,6,6,-1,
17,P017,1,ft_jnd,FrameTimeStutter,193,0.86642,4.5403,310.66,1198.03,-11.000,0.000,310.66,1198.03,-17.7247,9.7409,0.0000,4.8809,0.0000,-22.3088,Left,0,0,0,0,86.667,0,0.000,ft_jnd,FrameTimeStutter,1,0,1,0,1,1,0.25,0.25,1.5,100,-10,100,1,5,250,40,5,250,50,1,6,11,0,0.06,4,0.05,50,8,4,2,2,100,144,5,5,300,1.05,1.05,6.0,2.0,10,6,6,-1,
17,P017,1,ft_jnd,FrameTimeStutter,194,0.87110,4.6850,310.66,1198.03,0.000,0.000,310.66,1198.03,-17.7247,9.7409,0.0000,4.8809,0.0000,-22.6056,Left,0,0,0,0,86.667,0,0.000,ft_jnd,FrameTimeStutter,1,0,1,0,1,1,0.25,0.25,1.5,100,-10,100,1,5,250,40,5,250,50,1,6,11,0,0.06,4,0.05,50,8,4,2,2,100,144,5,5,300,1.05,1.05,6.0,2.0,10,6,6,-1,
17,P017,1,ft_jnd,FrameTimeStutter,195,0.87518,4.0749,294.43,1199.51,-11.000,1.000,294.43,1199.51,-18.0215,9.7679,0.0000,4.8809,0.0000,-22.6056,Left,0,0,0,0,86.667,0,0.000,ft_jnd,FrameTimeStutter,1,0,1,0,1,1,0.25,0.25,1.5,100,-10,100,1,5,250,40,5,250,50,1,6,11,0,0.06,4,0.05,50,8,4,2,2,100,144,5,5,300,1.05,1.05,6.0,2.0,10,6,6,-1,
17,P017,1,ft_jnd,FrameTimeStutter,196,0.87979,4.6178,294.43,1199.51,0.000,0.000,294.43,1199.51,-18.0215,9.7679,0.0000,4.8809,0.0000,-22.9023,Left,0,0,0,0,86.667,0,0.000,ft_jnd,FrameTimeStutter,1,0,1,0,1,1,0.25,0.25,1.5,100,-10,100,1,5,250,40,5,250,50,1,6,11,0,0.06,4,0.05,50,8,4,2,2,100,144,5,5,300,1.05,1.05,6.0,2.0,10,6,6,-1,
17,P017,1,ft_jnd,FrameTimeStutter,197,0.88428,4.4819,275.25,1200.98,-13.000,1.000,275.25,1200.98,-18.3722,9.7949,0.0000,4.8809,0.0000,-22.9023,Left,0,0,0,0,86.667,0,0.000,ft_jnd,FrameTimeStutter,1,0,1,0,1,1,0.25,0.25,1.5,100,-10,100,1,5,250,40,5,250,50,1,6,11,0,0.06,4,0.05,50,8,4,2,2,100,144,5,5,300,1.05,1.05,6.0,2.0,10,6,6,-1,
17,P017,1,ft_jnd,FrameTimeStutter,198,0.88769,3.4094,275.25,1200.98,0.000,0.000,275.25,1200.98,-18.3722,9.7949,0.0000,4.8809,0.0000,-23.2531,Left,0,0,0,0,86.667,0,0.000,ft_jnd,FrameTimeStutter,1,0,1,0,1,1,0.25,0.25,1.5,100,-10,100,1,5,250,40,5,250,50,1,6,11,0,0.06,4,0.05,50,8,4,2,2,100,144,5,5,300,1.05,1.05,6.0,2.0,10,6,6,-1,
17,P017,1,ft_jnd,FrameTimeStutter,199,0.89309,5.4084,257.54,1202.46,-12.000,1.000,257.54,1202.46,-18.6959,9.8218,0.0000,4.8809,0.0000,-23.2531,Left,0,0,0,0,86.667,0,0.000,ft_jnd,FrameTimeStutter,1,0,1,0,1,1,0.25,0.25,1.5,100,-10,100,1,5,250,40,5,250,50,1,6,11,0,0.06,4,0.05,50,8,4,2,2,100,144,5,5,300,1.05,1.05,6.0,2.0,10,6,6,-1,
17,P017,1,ft_jnd,FrameTimeStutter,200,0.89790,4.8032,238.36,1203.93,-13.000,1.000,238.36,1203.93,-19.0467,9.8488,0.0000,4.8809,0.0000,-23.5768,Left,0,0,0,0,86.667,0,0.000,ft_jnd,FrameTimeStutter,1,0,1,0,1,1,0.25,0.25,1.5,100,-10,100,1,5,250,40,5,250,50,1,6,11,0,0.06,4,0.05,50,8,4,2,2,100,144,5,5,300,1.05,1.05,6.0,2.0,10,6,6,-1,
17,P017,1,ft_jnd,FrameTimeStutter,201,0.90258,4.6823,238.36,1203.93,0.000,0.000,238.36,1203.93,-19.0467,9.8488,0.0000,4.8809,0.0000,-23.9275,Left,0,0,0,0,86.667,0,0.000,ft_jnd,FrameTimeStutter,1,0,1,0,1,1,0.25,0.25,1.5,100,-10,100,1,5,250,40,5,250,50,1,6,11,0,0.06,4,0.05,50,8,4,2,2,100,144,5,5,300,1.05,1.05,6.0,2.0,10,6,6,-1,
17,P017,1,ft_jnd,FrameTimeStutter,202,0.90707,4.4921,219.18,1203.93,-13.000,0.000,219.18,1203.93,-19.3974,9.8488,0.0000,4.8809,0.0000,-23.9275,Left,0,0,0,0,86.667,0,0.000,ft_jnd,FrameTimeStutter,1,0,1,0,1,1,0.25,0.25,1.5,100,-10,100,1,5,250,40,5,250,50,1,6,11,0,0.06,4,0.05,50,8,4,2,2,100,144,5,5,300,1.05,1.05,6.0,2.0,10,6,6,-1,
17,P017,1,ft_jnd,FrameTimeStutter,203,0.91054,3.4666,219.18,1203.93,0.000,0.000,219.18,1203.93,-19.3974,9.8488,0.0000,4.8809,0.0000,-24.2782,Left,0,0,0,0,86.667,0,0.000,ft_jnd,FrameTimeStutter,1,0,1,0,1,1,0.25,0.25,1.5,100,-10,100,1,5,250,40,5,250,50,1,6,11,0,0.06,4,0.05,50,8,4,2,2,100,144,5,5,300,1.05,1.05,6.0,2.0,10,6,6,-1,
17,P017,1,ft_jnd,FrameTimeStutter,204,0.91628,5.7409,201.48,1205.41,-12.000,1.000,201.48,1205.41,-19.7211,9.8758,0.0000,4.8809,0.0000,-24.2782,Left,0,0,0,0,86.667,0,0.000,ft_jnd,FrameTimeStutter,1,0,1,0,1,1,0.25,0.25,1.5,100,-10,100,1,5,250,40,5,250,50,1,6,11,0,0.06,4,0.05,50,8,4,2,2,100,144,5,5,300,1.05,1.05,6.0,2.0,10,6,6,-1,
17,P017,1,ft_jnd,FrameTimeStutter,205,0.92075,4.4744,201.48,1205.41,0.000,0.000,201.48,1205.41,-19.7211,9.8758,0.0000,4.8809,0.0000,-24.6020,Left,0,0,0,0,86.667,0,0.000,ft_jnd,FrameTimeStutter,1,0,1,0,1,1,0.25,0.25,1.5,100,-10,100,1,5,250,40,5,250,50,1,6,11,0,0.06,4,0.05,50,8,4,2,2,100,144,5,5,300,1.05,1.05,6.0,2.0,10,6,6,-1,
17,P017,1,ft_jnd,FrameTimeStutter,206,0.92509,4.3410,182.30,1205.41,-13.000,0.000,182.30,1205.41,-20.0718,9.8758,0.0000,4.8809,0.0000,-24.6020,Left,0,0,0,0,86.667,0,0.000,ft_jnd,FrameTimeStutter,1,0,1,0,1,1,0.25,0.25,1.5,100,-10,100,1,5,250,40,5,250,50,1,6,11,0,0.06,4,0.05,50,8,4,2,2,100,144,5,5,300,1.05,1.05,6.0,2.0,10,6,6,-1,
17,P017,1,ft_jnd,FrameTimeStutter,207,0.92944,4.3482,164.59,1206.89,-12.000,1.000,164.59,1206.89,-20.3956,9.9028,0.0000,4.8809,0.0000,-24.9527,Left,0,0,0,0,86.667,0,0.000,ft_jnd,FrameTimeStutter,1,0,1,0,1,1,0.25,0.25,1.5,100,-10,100,1,5,250,40,5,250,50,1,6,11,0,0.06,4,0.05,50,8,4,2,2,100,144,5,5,300,1.05,1.05,6.0,2.0,10,6,6,-1,
17,P017,1,ft_jnd,FrameTimeStutter,208,0.93386,4.4138,164.59,1206.89,0.000,0.000,164.59,1206.89,-20.3956,9.9028,0.0000,4.8809,0.0000,-25.2764,Left,0,0,0,0,86.667,0,0.000,ft_jnd,FrameTimeStutter,1,0,1,0,1,1,0.25,0.25,1.5,100,-10,100,1,5,250,40,5,250,50,1,6,11,0,0.06,4,0.05,50,8,4,2,2,100,144,5,5,300,1.05,1.05,6.0,2.0,10,6,6,-1,
17,P017,1,ft_jnd,FrameTimeStutter,209,0.93834,4.4795,149.84,1206.89,-10.000,0.000,149.84,1206.89,-20.6653,9.9028,0.0000,4.8809,0.0000,-25.2764,Left,0,0,0,0,86.667,0,0.000,ft_jnd,FrameTimeStutter,1,0,1,0,1,1,0.25,0.25,1.5,100,-10,100,1,5,250,40,5,250,50,1,6,11,0,0.06,4,0.05,50,8,4,2,2,100,144,5,5,300,1.05,1.05,6.0,2.0,10,6,6,-1,
17,P017,1,ft_jnd,FrameTimeStutter,210,0.94241,4.0731,149.84,1206.89,0.000,0.000,149.84,1206.89,-20.6653,9.9028,0.0000,4.8809,0.0000,-25.5462,Left,0,0,0,0,86.667,0,0.000,ft_jnd,FrameTimeStutter,1,0,1,0,1,1,0.25,0.25,1.5,100,-10,100,1,5,250,40,5,250,50,1,6,11,0,0.06,4,0.05,50,8,4,2,2,100,144,5,5,300,1.05,1.05,6.0,2.0,10,6,6,-1,
17,P017,1,ft_jnd,FrameTimeStutter,211,0.94688,4.4756,133.61,1208.36,-11.000,1.000,133.61,1208.36,-20.9621,9.9297,0.0000,4.8809,0.0000,-25.5462,Left,0,0,0,0,86.667,0,0.000,ft_jnd,FrameTimeStutter,1,0,1,0,1,1,0.25,0.25,1.5,100,-10,100,1,5,250,40,5,250,50,1,6,11,0,0.06,4,0.05,50,8,4,2,2,100,144,5,5,300,1.05,1.05,6.0,2.0,10,6,6,-1,
17,P017,1,ft_jnd,FrameTimeStutter,212,0.95138,4.4967,133.61,1208.36,0.000,0.000,133.61,1208.36,-20.9621,9.9297,0.0000,4.8809,0.0000,-25.8430,Left,0,0,0,0,86.667,0,0.000,ft_jnd,FrameTimeStutter,1,0,1,0,1,1,0.25,0.25,1.5,100,-10,100,1,5,250,40,5,250,50,1,6,11,0,0.06,4,0.05,50,8,4,2,2,100,144,5,5,300,1.05,1.05,6.0,2.0,10,6,6,-1,
17,P017,1,ft_jnd,FrameTimeStutter,213,0.95457,3.1906,117.38,1208.36,-11.000,0.000,117.38,1208.36,-21.2589,9.9297,0.0000,4.8809,0.0000,-25.8430,Left,0,0,0,0,86.667,0,0.000,ft_jnd,FrameTimeStutter,1,0,1,0,1,1,0.25,0.25,1.5,100,-10,100,1,5,250,40,5,250,50,1,6,11,0,0.06,4,0.05,50,8,4,2,2,100,144,5,5,300,1.05,1.05,6.0,2.0,10,6,6,-1,
17,P017,1,ft_jnd,FrameTimeStutter,214,0.95828,3.7065,117.38,1208.36,0.000,0.000,117.38,1208.36,-21.2589,9.9297,0.0000,4.8809,0.0000,-26.1397,Left,0,0,0,0,86.667,0,0.000,ft_jnd,FrameTimeStutter,1,0,1,0,1,1,0.25,0.25,1.5,100,-10,100,1,5,250,40,5,250,50,1,6,11,0,0.06,4,0.05,50,8,4,2,2,100,144,5,5,300,1.05,1.05,6.0,2.0,10,6,6,-1,
17,P017,1,ft_jnd,FrameTimeStutter,215,0.96193,3.6532,101.15,1208.36,-11.000,0.000,101.15,1208.36,-21.5556,9.9297,0.0000,4.8809,0.0000,-26.1397,Left,0,0,0,0,86.667,0,0.000,ft_jnd,FrameTimeStutter,1,0,1,0,1,1,0.25,0.25,1.5,100,-10,100,1,5,250,40,5,250,50,1,6,11,0,0.06,4,0.05,50,8,4,2,2,100,144,5,5,300,1.05,1.05,6.0,2.0,10,6,6,-1,
17,P017,1,ft_jnd,FrameTimeStutter,216,0.96642,4.4906,101.15,1208.36,0.000,0.000,101.15,1208.36,-21.5556,9.9297,0.0000,4.8809,0.0000,-26.4365,Left,0,0,0,0,86.667,0,0.000,ft_jnd,FrameTimeStutter,1,0,1,0,1,1,0.25,0.25,1.5,100,-10,100,1,5,250,40,5,250,50,1,6,11,0,0.06,4,0.05,50,8,4,2,2,100,144,5,5,300,1.05,1.05,6.0,2.0,10,6,6,-1,
17,P017,1,ft_jnd,FrameTimeStutter,217,0.97094,4.5203,80.49,1208.36,-14.000,0.000,80.49,1208.36,-21.9333,9.9297,0.0000,4.8809,0.0000,-26.4365,Left,0,0,0,0,86.667,0,0.000,ft_jnd,FrameTimeStutter,1,0,1,0,1,1,0.25,0.25,1.5,100,-10,100,1,5,250,40,5,250,50,1,6,11,0,0.06,4,0.05,50,8,4,2,2,100,144,5,5,300,1.05,1.05,6.0,2.0,10,6,6,-1,
17,P017,1,ft_jnd,FrameTimeStutter,218,0.97545,4.5071,80.49,1208.36,0.000,0.000,80.49,1208.36,-21.9333,9.9297,0.0000,4.8809,0.0000,-26.8142,Left,0,0,0,0,86.667,0,0.000,ft_jnd,FrameTimeStutter,1,0,1,0,1,1,0.25,0.25,1.5,100,-10,100,1,5,250,40,5,250,50,1,6,11,0,0.06,4,0.05,50,8,4,2,2,100,144,5,5,300,1.05,1.05,6.0,2.0,10,6,6,-1,
17,P017,1,ft_jnd,FrameTimeStutter,219,0.97995,4.5052,58.36,1209.84,-15.000,1.000,58.36,1209.84,-22.3380,9.9567,0.0000,4.8809,0.0000,-26.8142,Left,0,0,0,0,86.667,0,0.000,ft_jnd,FrameTimeStutter,1,0,1,0,1,1,0.25,0.25,1.5,100,-10,100,1,5,250,40,5,250,50,1,6,11,0,0.06,4,0.05,50,8,4,2,2,100,144,5,5,300,1.05,1.05,6.0,2.0,10,6,6,-1,
17,P017,1,ft_jnd,FrameTimeStutter,220,0.98316,3.2022,58.36,1209.84,0.000,0.000,58.36,1209.84,-22.3380,9.9567,0.0000,4.8809,0.0000,-27.2189,Left,0,0,0,0,86.667,0,0.000,ft_jnd,FrameTimeStutter,1,0,1,0,1,1,0.25,0.25,1.5,100,-10,100,1,5,250,40,5,250,50,1,6,11,0,0.06,4,0.05,50,8,4,2,2,100,144,5,5,300,1.05,1.05,6.0,2.0,10,6,6,-1,
17,P017,1,ft_jnd,FrameTimeStutter,221,0.98811,4.9581,37.70,1209.84,-14.000,0.000,37.70,1209.84,-22.4689,9.9567,0.0000,4.8809,0.0000,-27.2189,Left,0,0,0,0,86.667,0,0.000,ft_jnd,FrameTimeStutter,1,0,1,0,1,1,0.25,0.25,1.5,100,-10,100,1,5,250,40,5,250,50,1,6,11,0,0.06,4,0.05,50,8,4,2,2,100,144,5,5,300,1.05,1.05,6.0,2.0,10,6,6,-1,
17,P017,1,ft_jnd,FrameTimeStutter,222,0.99159,3.4725,37.70,1209.84,0.000,0.000,37.70,1209.84,-22.4689,9.9567,0.0000,4.8809,0.0000,-27.3498,Left,0,0,0,0,86.667,0,0.000,ft_jnd,FrameTimeStutter,1,0,1,0,1,1,0.25,0.25,1.5,100,-10,100,1,5,250,40,5,250,50,1,6,11,0,0.06,4,0.05,50,8,4,2,2,100,144,5,5,300,1.05,1.05,6.0,2.0,10,6,6,-1,
17,P017,1,ft_jnd,FrameTimeStutter,223,0.99517,3.5823,14.10,1209.84,-16.000,0.000,14.10,1209.84,-22.4689,9.9567,0.0000,4.8809,0.0000,-27.3498,Left,0,0,0,0,86.667,0,0.000,ft_jnd,FrameTimeStutter,1,0,1,0,1,1,0.25,0.25,1.5,100,-10,100,1,5,250,40,5,250,50,1,6,11,0,0.06,4,0.05,50,8,4,2,2,100,144,5,5,300,1.05,1.05,6.0,2.0,10,6,6,-1,
17,P017,1,ft_jnd,FrameTimeStutter,224,0.99979,4.6176,14.10,1209.84,0.000,0.000,14.10,1209.84,-22.4689,9.9567,0.0000,4.8809,0.0000,-27.3498,Left,0,0,0,0,86.667,0,0.000,ft_jnd,FrameTimeStutter,1,0,1,0,1,1,0.25,0.25,1.5,100,-10,100,1,5,250,40,5,250,50,1,6,11,0,0.06,4,0.05,50,8,4,2,2,100,144,5,5,300,1.05,1.05,6.0,2.0,10,6,6,-1,
17,P017,1,ft_jnd,FrameTimeStutter,225,1.00296,3.1759,-0.66,1209.84,-14.000,0.000,-0.66,1209.84,-22.4689,9.9567,0.0000,4.8809,0.0000,-27.3498,Left,0,0,0,0,86.667,0,0.000,ft_jnd,FrameTimeStutter,1,0,1,0,1,1,0.25,0.25,1.5,100,-10,100,1,5,250,40,5,250,50,1,6,11,0,0.06,4,0.05,50,8,4,2,2,100,144,5,5,300,1.05,1.05,6.0,2.0,10,6,6,-1,
17,P017,1,ft_jnd,FrameTimeStutter,226,1.00781,4.8460,-0.66,1209.84,0.000,0.000,-0.66,1209.84,-22.4689,9.9567,0.0000,4.8809,0.0000,-27.3498,Left,0,0,0,0,86.667,0,0.000,ft_jnd,FrameTimeStutter,1,0,1,0,1,1,0.25,0.25,1.5,100,-10,100,1,5,250,40,5,250,50,1,6,11,0,0.06,4,0.05,50,8,4,2,2,100,144,5,5,300,1.05,1.05,6.0,2.0,10,6,6,-1,
17,P017,1,ft_jnd,FrameTimeStutter,227,1.01236,4.5522,-0.66,1209.84,-13.000,0.000,-0.66,1209.84,-22.4689,9.9567,0.0000,4.8809,0.0000,-27.3498,Left,0,0,0,0,86.667,0,0.000,ft_jnd,FrameTimeStutter,1,0,1,0,1,1,0.25,0.25,1.5,100,-10,100,1,5,250,40,5,250,50,1,6,11,0,0.06,4,0.05,50,8,4,2,2,100,144,5,5,300,1.05,1.05,6.0,2.0,10,6,6,-1,
17,P017,1,ft_jnd,FrameTimeStutter,228,1.01573,3.3696,-0.66,1209.84,0.000,0.000,-0.66,1209.84,-22.4689,9.9567,0.0000,4.8809,0.0000,-27.3498,Left,0,0,0,0,86.667,0,0.000,ft_jnd,FrameTimeStutter,1,0,1,0,1,1,0.25,0.25,1.5,100,-10,100,1,5,250,40,5,250,50,1,6,11,0,0.06,4,0.05,50,8,4,2,2,100,144,5,5,300,1.05,1.05,6.0,2.0,10,6,6,-1,
17,P017,1,ft_jnd,FrameTimeStutter,229,1.02056,4.8330,-0.66,1211.31,-11.000,1.000,-0.66,1211.31,-22.4689,9.9837,0.0000,4.8809,0.0000,-27.3498,Left,0,0,0,0,86.667,0,0.000,ft_jnd,FrameTimeStutter,1,0,1,0,1,1,0.25,0.25,1.5,100,-10,100,1,5,250,40,5,250,50,1,6,11,0,0.06,4,0.05,50,8,4,2,2,100,144,5,5,300,1.05,1.05,6.0,2.0,10,6,6,-1,
17,P017,1,ft_jnd,FrameTimeStutter,230,1.02503,4.4694,-0.66,1211.31,0.000,0.000,-0.66,1211.31,-22.4689,9.9837,0.0000,4.8809,0.0000,-27.3498,Left,0,0,0,0,86.667,0,0.000,ft_jnd,FrameTimeStutter,1,0,1,0,1,1,0.25,0.25,1.5,100,-10,100,1,5,250,40,5,250,50,1,6,11,0,0.06,4,0.05,50,8,4,2,2,100,144,5,5,300,1.05,1.05,6.0,2.0,10,6,6,-1,
17,P017,1,ft_jnd,FrameTimeStutter,231,1.02955,4.5133,-0.66,1211.31,-9.000,0.000,-0.66,1211.31,-22.4689,9.9837,0.0000,4.8809,0.0000,-27.3498,Left,0,0,0,0,86.667,0,0.000,ft_jnd,FrameTimeStutter,1,0,1,0,1,1,0.25,0.25,1.5,100,-10,100,1,5,250,40,5,250,50,1,6,11,0,0.06,4,0.05,50,8,4,2,2,100,144,5,5,300,1.05,1.05,6.0,2.0,10,6,6,-1,
17,P017,1,ft_jnd,FrameTimeStutter,232,1.03358,4.0333,-0.66,1212.79,-7.000,1.000,-0.66,1212.79,-22.4689,10.0107,0.0000,4.8809,0.0000,-27.3498,Left,0,0,0,0,86.667,0,0.000,ft_jnd,FrameTimeStutter,1,0,1,0,1,1,0.25,0.25,1.5,100,-10,100,1,5,250,40,5,250,50,1,6,11,0,0.06,4,0.05,50,8,4,2,2,100,144,5,5,300,1.05,1.05,6.0,2.0,10,6,6,-1,
17,P017,1,ft_jnd,FrameTimeStutter,233,1.03805,4.4667,-0.66,1212.79,0.000,0.000,-0.66,1212.79,-22.4689,10.0107,0.0000,4.8809,0.0000,-27.3498,Left,0,0,0,0,86.667,0,0.000,ft_jnd,FrameTimeStutter,1,0,1,0,1,1,0.25,0.25,1.5,100,-10,100,1,5,250,40,5,250,50,1,6,11,0,0.06,4,0.05,50,8,4,2,2,100,144,5,5,300,1.05,1.05,6.0,2.0,10,6,6,-1,
17,P017,1,ft_jnd,FrameTimeStutter,234,1.04254,4.4912,-0.66,1212.79,-5.000,0.000,-0.66,1212.79,-22.4689,10.0107,0.0000,4.8809,0.0000,-27.3498,Left,0,0,0,0,86.667,0,0.000,ft_jnd,FrameTimeStutter,1,0,1,0,1,1,0.25,0.25,1.5,100,-10,100,1,5,250,40,5,250,50,1,6,11,0,0.06,4,0.05,50,8,4,2,2,100,144,5,5,300,1.05,1.05,6.0,2.0,10,6,6,-1,
17,P017,1,ft_jnd,FrameTimeStutter,235,1.04586,3.3199,-0.66,1212.79,0.000,0.000,-0.66,1212.79,-22.4689,10.0107,0.0000,4.8809,0.0000,-27.3498,Left,0,0,0,0,86.667,0,0.000,ft_jnd,FrameTimeStutter,1,0,1,0,1,1,0.25,0.25,1.5,100,-10,100,1,5,250,40,5,250,50,1,6,11,0,0.06,4,0.05,50,8,4,2,2,100,144,5,5,300,1.05,1.05,6.0,2.0,10,6,6,-1,
17,P017,1,ft_jnd,FrameTimeStutter,236,1.04964,3.7821,-0.66,1212.79,-7.000,0.000,-0.66,1212.79,-22.4689,10.0107,0.0000,4.8809,0.0000,-27.3498,Left,0,0,0,0,86.667,0,0.000,ft_jnd,FrameTimeStutter,1,0,1,0,1,1,0.25,0.25,1.5,100,-10,100,1,5,250,40,5,250,50,1,6,11,0,0.06,4,0.05,50,8,4,2,2,100,144,5,5,300,1.05,1.05,6.0,2.0,10,6,6,-1,
17,P017,1,ft_jnd,FrameTimeStutter,237,1.05317,3.5334,-0.66,1212.79,0.000,0.000,-0.66,1212.79,-22.4689,10.0107,0.0000,4.8809,0.0000,-27.3498,Left,0,0,0,0,86.667,0,0.000,ft_jnd,FrameTimeStutter,1,0,1,0,1,1,0.25,0.25,1.5,100,-10,100,1,5,250,40,5,250,50,1,6,11,0,0.06,4,0.05,50,8,4,2,2,100,144,5,5,300,1.05,1.05,6.0,2.0,10,6,6,-1,
17,P017,1,ft_jnd,FrameTimeStutter,238,1.05666,3.4903,-0.66,1212.79,-7.000,0.000,-0.66,1212.79,-22.4689,10.0107,0.0000,4.8809,0.0000,-27.3498,Left,0,0,0,0,86.667,0,0.000,ft_jnd,FrameTimeStutter,1,0,1,0,1,1,0.25,0.25,1.5,100,-10,100,1,5,250,40,5,250,50,1,6,11,0,0.06,4,0.05,50,8,4,2,2,100,144,5,5,300,1.05,1.05,6.0,2.0,10,6,6,-1,
17,P017,1,ft_jnd,FrameTimeStutter,239,1.06125,4.5831,-0.66,1212.79,0.000,0.000,-0.66,1212.79,-22.4689,10.0107,0.0000,4.8809,0.0000,-27.3498,Left,0,0,0,0,86.667,0,0.000,ft_jnd,FrameTimeStutter,1,0,1,0,1,1,0.25,0.25,1.5,100,-10,100,1,5,250,40,5,250,50,1,6,11,0,0.06,4,0.05,50,8,4,2,2,100,144,5,5,300,1.05,1.05,6.0,2.0,10,6,6,-1,
17,P017,1,ft_jnd,FrameTimeStutter,240,1.06590,4.6511,-0.66,1212.79,-8.000,0.000,-0.66,1212.79,-22.4689,10.0107,0.0000,4.8809,0.0000,-27.3498,Left,0,0,0,0,86.667,0,0.000,ft_jnd,FrameTimeStutter,1,0,1,0,1,1,0.25,0.25,1.5,100,-10,100,1,5,250,40,5,250,50,1,6,11,0,0.06,4,0.05,50,8,4,2,2,100,144,5,5,300,1.05,1.05,6.0,2.0,10,6,6,-1,
17,P017,1,ft_jnd,FrameTimeStutter,241,1.07008,4.1782,-0.66,1212.79,0.000,0.000,-0.66,1212.79,-22.4689,10.0107,0.0000,4.8809,0.0000,-27.3498,Left,0,0,0,0,86.667,0,0.000,ft_jnd,FrameTimeStutter,1,0,1,0,1,1,0.25,0.25,1.5,100,-10,100,1,5,250,40,5,250,50,1,6,11,0,0.06,4,0.05,50,8,4,2,2,100,144,5,5,300,1.05,1.05,6.0,2.0,10,6,6,-1,
17,P017,1,ft_jnd,FrameTimeStutter,242,1.07460,4.5259,-0.66,1212.79,-9.000,0.000,-0.66,1212.79,-22.4689,10.0107,0.0000,4.8809,0.0000,-27.3498,Left,0,0,0,0,86.667,0,0.000,ft_jnd,FrameTimeStutter,1,0,1,0,1,1,0.25,0.25,1.5,100,-10,100,1,5,250,40,5,250,50,1,6,11,0,0.06,4,0.05,50,8,4,2,2,100,144,5,5,300,1.05,1.05,6.0,2.0,10,6,6,-1,
17,P017,1,ft_jnd,FrameTimeStutter,243,1.07934,4.7339,-0.66,1212.79,0.000,0.000,-0.66,1212.79,-22.4689,10.0107,0.0000,4.8809,0.0000,-27.3498,Left,0,0,0,0,86.667,0,0.000,ft_jnd,FrameTimeStutter,1,0,1,0,1,1,0.25,0.25,1.5,100,-10,100,1,5,250,40,5,250,50,1,6,11,0,0.06,4,0.05,50,8,4,2,2,100,144,5,5,300,1.05,1.05,6.0,2.0,10,6,6,-1,
17,P017,1,ft_jnd,FrameTimeStutter,244,1.08319,3.8574,-0.66,1212.79,-10.000,0.000,-0.66,1212.79,-22.4689,10.0107,0.0000,4.8809,0.0000,-27.3498,Left,0,0,0,0,86.667,0,0.000,ft_jnd,FrameTimeStutter,1,0,1,0,1,1,0.25,0.25,1.5,100,-10,100,1,5,250,40,5,250,50,1,6,11,0,0.06,4,0.05,50,8,4,2,2,100,144,5,5,300,1.05,1.05,6.0,2.0,10,6,6,-1,
17,P017,1,ft_jnd,FrameTimeStutter,245,1.08761,4.4132,-0.66,1212.79,0.000,0.000,-0.66,1212.79,-22.4689,10.0107,0.0000,4.8809,0.0000,-27.3498,Left,0,0,0,0,86.667,0,0.000,ft_jnd,FrameTimeStutter,1,0,1,0,1,1,0.25,0.25,1.5,100,-10,100,1,5,250,40,5,250,50,1,6,11,0,0.06,4,0.05,50,8,4,2,2,100,144,5,5,300,1.05,1.05,6.0,2.0,10,6,6,-1,
17,P017,1,ft_jnd,FrameTimeStutter,246,1.09216,4.5565,-0.66,1212.79,-11.000,0.000,-0.66,1212.79,-22.4689,10.0107,0.0000,4.8809,0.0000,-27.3498,Left,0,0,0,0,86.667,0,0.000,ft_jnd,FrameTimeStutter,1,0,1,0,1,1,0.25,0.25,1.5,100,-10,100,1,5,250,40,5,250,50,1,6,11,0,0.06,4,0.05,50,8,4,2,2,100,144,5,5,300,1.05,1.05,6.0,2.0,10,6,6,-1,
17,P017,1,ft_jnd,FrameTimeStutter,247,1.09676,4.5962,-0.66,1212.79,0.000,0.000,-0.66,1212.79,-22.4689,10.0107,0.0000,4.8809,0.0000,-27.3498,Left,0,0,0,0,86.667,0,0.000,ft_jnd,FrameTimeStutter,1,0,1,0,1,1,0.25,0.25,1.5,100,-10,100,1,5,250,40,5,250,50,1,6,11,0,0.06,4,0.05,50,8,4,2,2,100,144,5,5,300,1.05,1.05,6.0,2.0,10,6,6,-1,
17,P017,1,ft_jnd,FrameTimeStutter,248,1.10129,4.5330,-0.66,1211.31,-11.000,-1.000,-0.66,1211.31,-22.4689,9.9837,0.0000,4.8809,0.0000,-27.3498,Left,0,0,0,0,86.667,0,0.000,ft_jnd,FrameTimeStutter,1,0,1,0,1,1,0.25,0.25,1.5,100,-10,100,1,5,250,40,5,250,50,1,6,11,0,0.06,4,0.05,50,8,4,2,2,100,144,5,5,300,1.05,1.05,6.0,2.0,10,6,6,-1,
17,P017,1,ft_jnd,FrameTimeStutter,249,1.10542,4.1319,-0.66,1211.31,-9.000,0.000,-0.66,1211.31,-22.4689,9.9837,0.0000,4.8809,0.0000,-27.3498,Left,0,0,0,0,86.667,0,0.000,ft_jnd,FrameTimeStutter,1,0,1,0,1,1,0.25,0.25,1.5,100,-10,100,1,5,250,40,5,250,50,1,6,11,0,0.06,4,0.05,50,8,4,2,2,100,144,5,5,300,1.05,1.05,6.0,2.0,10,6,6,-1,
17,P017,1,ft_jnd,FrameTimeStutter,250,1.11003,4.6102,-0.66,1211.31,0.000,0.000,-0.66,1211.31,-22.4689,9.9837,0.0000,4.8809,0.0000,-27.3498,Left,0,0,0,0,86.667,0,0.000,ft_jnd,FrameTimeStutter,1,0,1,0,1,1,0.25,0.25,1.5,100,-10,100,1,5,250,40,5,250,50,1,6,11,0,0.06,4,0.05,50,8,4,2,2,100,144,5,5,300,1.05,1.05,6.0,2.0,10,6,6,-1,
17,P017,1,ft_jnd,FrameTimeStutter,251,1.11355,3.5157,-0.66,1211.31,-8.000,0.000,-0.66,1211.31,-22.4689,9.9837,0.0000,4.8809,0.0000,-27.3498,Left,0,0,0,0,86.667,0,0.000,ft_jnd,FrameTimeStutter,1,0,1,0,1,1,0.25,0.25,1.5,100,-10,100,1,5,250,40,5,250,50,1,6,11,0,0.06,4,0.05,50,8,4,2,2,100,144,5,5,300,1.05,1.05,6.0,2.0,10,6,6,-1,
17,P017,1,ft_jnd,FrameTimeStutter,252,1.11688,3.3343,-0.66,1211.31,0.000,0.000,-0.66,1211.31,-22.4689,9.9837,0.0000,4.8809,0.0000,-27.3498,Left,0,0,0,0,86.667,0,0.000,ft_jnd,FrameTimeStutter,1,0,1,0,1,1,0.25,0.25,1.5,100,-10,100,1,5,250,40,5,250,50,1,6,11,0,0.06,4,0.05,50,8,4,2,2,100,144,5,5,300,1.05,1.05,6.0,2.0,10,6,6,-1,
17,P017,1,ft_jnd,FrameTimeStutter,253,1.12108,4.1984,-0.66,1211.31,-5.000,0.000,-0.66,1211.31,-22.4689,9.9837,0.0000,4.8809,0.0000,-27.3498,Left,0,0,0,0,86.667,0,0.000,ft_jnd,FrameTimeStutter,1,0,1,0,1,1,0.25,0.25,1.5,100,-10,100,1,5,250,40,5,250,50,1,6,11,0,0.06,4,0.05,50,8,4,2,2,100,144,5,5,300,1.05,1.05,6.0,2.0,10,6,6,-1,
17,P017,1,ft_jnd,FrameTimeStutter,254,1.12426,3.1799,-0.66,1211.31,0.000,0.000,-0.66,1211.31,-22.4689,9.9837,0.0000,4.8809,0.0000,-27.3498,Left,0,0,0,0,86.667,0,0.000,ft_jnd,FrameTimeStutter,1,0,1,0,1,1,0.25,0.25,1.5,100,-10,100,1,5,250,40,5,250,50,1,6,11,0,0.06,4,0.05,50,8,4,2,2,100,144,5,5,300,1.05,1.05,6.0,2.0,10,6,6,-1,
17,P017,1,ft_jnd,FrameTimeStutter,255,1.12899,4.7251,-0.66,1211.31,0.000,0.000,-0.66,1211.31,-22.4689,9.9837,0.0000,4.8809,0.0000,-27.3498,Left,0,0,0,0,86.667,0,0.000,ft_jnd,FrameTimeStutter,1,0,1,0,1,1,0.25,0.25,1.5,100,-10,100,1,5,250,40,5,250,50,1,6,11,0,0.06,4,0.05,50,8,4,2,2,100,144,5,5,300,1.05,1.05,6.0,2.0,10,6,6,-1,
17,P017,1,ft_jnd,FrameTimeStutter,256,1.13356,4.5705,-0.66,1211.31,-2.000,0.000,-0.66,1211.31,-22.4689,9.9837,0.0000,4.8809,0.0000,-27.3498,Left,0,0,0,0,86.667,0,0.000,ft_jnd,FrameTimeStutter,1,0,1,0,1,1,0.25,0.25,1.5,100,-10,100,1,5,250,40,5,250,50,1,6,11,0,0.06,4,0.05,50,8,4,2,2,100,144,5,5,300,1.05,1.05,6.0,2.0,10,6,6,-1,
17,P017,1,ft_jnd,FrameTimeStutter,257,1.13812,4.5587,-0.66,1211.31,-1.000,0.000,-0.66,1211.31,-22.4689,9.9837,0.0000,4.8809,0.0000,-27.3498,Left,0,0,0,0,86.667,0,0.000,ft_jnd,FrameTimeStutter,1,0,1,0,1,1,0.25,0.25,1.5,100,-10,100,1,5,250,40,5,250,50,1,6,11,0,0.06,4,0.05,50,8,4,2,2,100,144,5,5,300,1.05,1.05,6.0,2.0,10,6,6,-1,
17,P017,1,ft_jnd,FrameTimeStutter,258,1.14225,4.1299,-0.66,1211.31,0.000,0.000,-0.66,1211.31,-22.4689,9.9837,0.0000,4.8809,0.0000,-27.3498,Left,0,0,0,0,86.667,0,0.000,ft_jnd,FrameTimeStutter,1,0,1,0,1,1,0.25,0.25,1.5,100,-10,100,1,5,250,40,5,250,50,1,6,11,0,0.06,4,0.05,50,8,4,2,2,100,144,5,5,300,1.05,1.05,6.0,2.0,10,6,6,-1,
17,P017,1,ft_jnd,FrameTimeStutter,259,1.14683,4.5879,-0.66,1211.31,0.000,0.000,-0.66,1211.31,-22.4689,9.9837,0.0000,4.8809,0.0000,-27.3498,Left,0,0,0,0,86.667,0,0.000,ft_jnd,FrameTimeStutter,1,0,1,0,1,1,0.25,0.25,1.5,100,-10,100,1,5,250,40,5,250,50,1,6,11,0,0.06,4,0.05,50,8,4,2,2,100,144,5,5,300,1.05,1.05,6.0,2.0,10,6,6,-1,
17,P017,1,ft_jnd,FrameTimeStutter,260,1.15035,3.5195,-0.66,1211.31,0.000,0.000,-0.66,1211.31,-22.4689,9.9837,0.0000,4.8809,0.0000,-27.3498,Left,0,0,0,0,86.667,0,0.000,ft_jnd,FrameTimeStutter,1,0,1,0,1,1,0.25,0.25,1.5,100,-10,100,1,5,250,40,5,250,50,1,6,11,0,0.06,4,0.05,50,8,4,2,2,100,144,5,5,300,1.05,1.05,6.0,2.0,10,6,6,-1,
17,P017,1,ft_jnd,FrameTimeStutter,261,1.15372,3.3670,-0.66,1211.31,0.000,0.000,-0.66,1211.31,-22.4689,9.9837,0.0000,4.8809,0.0000,-27.3498,Left,0,0,0,0,86.667,0,0.000,ft_jnd,FrameTimeStutter,1,0,1,0,1,1,0.25,0.25,1.5,100,-10,100,1,5,250,40,5,250,50,1,6,11,0,0.06,4,0.05,50,8,4,2,2,100,144,5,5,300,1.05,1.05,6.0,2.0,10,6,6,-1,
17,P017,1,ft_jnd,FrameTimeStutter,262,1.15767,3.9481,-0.66,1211.31,0.000,0.000,-0.66,1211.31,-22.4689,9.9837,0.0000,4.8809,0.0000,-27.3498,Left,0,0,0,0,86.667,0,0.000,ft_jnd,FrameTimeStutter,1,0,1,0,1,1,0.25,0.25,1.5,100,-10,100,1,5,250,40,5,250,50,1,6,11,0,0.06,4,0.05,50,8,4,2,2,100,144,5,5,300,1.05,1.05,6.0,2.0,10,6,6,-1,
17,P017,1,ft_jnd,FrameTimeStutter,263,1.16176,4.0926,-0.66,1211.31,0.000,0.000,-0.66,1211.31,-22.4689,9.9837,0.0000,4.8809,0.0000,-27.3498,Left,0,0,0,0,86.667,0,0.000,ft_jnd,FrameTimeStutter,1,0,1,0,1,1,0.25,0.25,1.5,100,-10,100,1,5,250,40,5,250,50,1,6,11,0,0.06,4,0.05,50,8,4,2,2,100,144,5,5,300,1.05,1.05,6.0,2.0,10,6,6,-1,
17,P017,1,ft_jnd,FrameTimeStutter,264,1.16635,4.5920,-0.66,1211.31,0.000,0.000,-0.66,1211.31,-22.4689,9.9837,0.0000,4.8809,0.0000,-27.3498,Left,0,0,0,0,86.667,0,0.000,ft_jnd,FrameTimeStutter,1,0,1,0,1,1,0.25,0.25,1.5,100,-10,100,1,5,250,40,5,250,50,1,6,11,0,0.06,4,0.05,50,8,4,2,2,100,144,5,5,300,1.05,1.05,6.0,2.0,10,6,6,-1,
17,P017,1,ft_jnd,FrameTimeStutter,265,1.17097,4.6187,-0.66,1211.31,-1.000,0.000,-0.66,1211.31,-22.4689,9.9837,0.0000,4.8809,0.0000,-27.3498,Left,0,0,0,0,86.667,0,0.000,ft_jnd,FrameTimeStutter,1,0,1,0,1,1,0.25,0.25,1.5,100,-10,100,1,5,250,40,5,250,50,1,6,11,0,0.06,4,0.05,50,8,4,2,2,100,144,5,5,300,1.05,1.05,6.0,2.0,10,6,6,-1,
17,P017,1,ft_jnd,FrameTimeStutter,266,1.17547,4.4941,-0.66,1211.31,0.000,0.000,-0.66,1211.31,-22.4689,9.9837,0.0000,4.8809,0.0000,-27.3498,Left,0,0,0,0,86.667,0,0.000,ft_jnd,FrameTimeStutter,1,0,1,0,1,1,0.25,0.25,1.5,100,-10,100,1,5,250,40,5,250,50,1,6,11,0,0.06,4,0.05,50,8,4,2,2,100,144,5,5,300,1.05,1.05,6.0,2.0,10,6,6,-1,
17,P017,1,ft_jnd,FrameTimeStutter,267,1.17993,4.4668,-0.66,1211.31,-1.000,0.000,-0.66,1211.31,-22.4689,9.9837,0.0000,4.8809,0.0000,-27.3498,Left,0,0,0,0,86.667,0,0.000,ft_jnd,FrameTimeStutter,1,0,1,0,1,1,0.25,0.25,1.5,100,-10,100,1,5,250,40,5,250,50,1,6,11,0,0.06,4,0.05,50,8,4,2,2,100,144,5,5,300,1.05,1.05,6.0,2.0,10,6,6,-1,
17,P017,1,ft_jnd,FrameTimeStutter,268,1.18299,3.0585,-0.66,1211.31,0.000,0.000,-0.66,1211.31,-22.4689,9.9837,0.0000,4.8809,0.0000,-27.3498,Left,0,0,0,0,86.667,0,0.000,ft_jnd,FrameTimeStutter,1,0,1,0,1,1,0.25,0.25,1.5,100,-10,100,1,5,250,40,5,250,50,1,6,11,0,0.06,4,0.05,50,8,4,2,2,100,144,5,5,300,1.05,1.05,6.0,2.0,10,6,6,-1,
17,P017,1,ft_jnd,FrameTimeStutter,269,1.18740,4.4061,-0.66,1211.31,-1.000,0.000,-0.66,1211.31,-22.4689,9.9837,0.0000,4.8809,0.0000,-27.3498,Left,0,0,0,0,86.667,0,0.000,ft_jnd,FrameTimeStutter,1,0,1,0,1,1,0.25,0.25,1.5,100,-10,100,1,5,250,40,5,250,50,1,6,11,0,0.06,4,0.05,50,8,4,2,2,100,144,5,5,300,1.05,1.05,6.0,2.0,10,6,6,-1,
17,P017,1,ft_jnd,FrameTimeStutter,270,1.19147,4.0722,-0.66,1211.31,0.000,0.000,-0.66,1211.31,-22.4689,9.9837,0.0000,4.8809,0.0000,-27.3498,Left,0,0,0,0,86.667,0,0.000,ft_jnd,FrameTimeStutter,1,0,1,0,1,1,0.25,0.25,1.5,100,-10,100,1,5,250,40,5,250,50,1,6,11,0,0.06,4,0.05,50,8,4,2,2,100,144,5,5,300,1.05,1.05,6.0,2.0,10,6,6,-1,
17,P017,1,ft_jnd,FrameTimeStutter,271,1.19606,4.5858,-0.66,1211.31,-4.000,0.000,-0.66,1211.31,-22.4689,9.9837,0.0000,4.8809,0.0000,-27.3498,Left,0,0,0,0,86.667,0,0.000,ft_jnd,FrameTimeStutter,1,0,1,0,1,1,0.25,0.25,1.5,100,-10,100,1,5,250,40,5,250,50,1,6,11,0,0.06,4,0.05,50,8,4,2,2,100,144,5,5,300,1.05,1.05,6.0,2.0,10,6,6,-1,
17,P017,1,ft_jnd,FrameTimeStutter,272,1.20059,4.5341,-0.66,1211.31,0.000,0.000,-0.66,1211.31,-22.4689,9.9837,0.0000,4.8809,0.0000,-27.3498,Left,0,0,0,0,86.667,0,0.000,ft_jnd,FrameTimeStutter,1,0,1,0,1,1,0.25,0.25,1.5,100,-10,100,1,5,250,40,5,250,50,1,6,11,0,0.06,4,0.05,50,8,4,2,2,100,144,5,5,300,1.05,1.05,6.0,2.0,10,6,6,-1,
17,P017,1,ft_jnd,FrameTimeStutter,273,1.20513,4.5383,-0.66,1211.31,-4.000,0.000,-0.66,1211.31,-22.4689,9.9837,0.0000,4.8809,0.0000,-27.3498,Left,0,0,0,0,86.667,0,0.000,ft_jnd,FrameTimeStutter,1,0,1,0,1,1,0.25,0.25,1.5,100,-10,100,1,5,250,40,5,250,50,1,6,11,0,0.06,4,0.05,50,8,4,2,2,100,144,5,5,300,1.05,1.05,6.0,2.0,10,6,6,-1,
17,P017,1,ft_jnd,FrameTimeStutter,274,1.20924,4.1151,-0.66,1211.31,-4.000,0.000,-0.66,1211.31,-22.4689,9.9837,0.0000,4.8809,0.0000,-27.3498,Left,0,0,0,0,86.667,0,0.000,ft_jnd,FrameTimeStutter,1,0,1,0,1,1,0.25,0.25,1.5,100,-10,100,1,5,250,40,5,250,50,1,6,11,0,0.06,4,0.05,50,8,4,2,2,100,144,5,5,300,1.05,1.05,6.0,2.0,10,6,6,-1,
17,P017,1,ft_jnd,FrameTimeStutter,275,1.21276,3.5159,-0.66,1211.31,0.000,0.000,-0.66,1211.31,-22.4689,9.9837,0.0000,4.8809,0.0000,-27.3498,Left,0,0,0,0,86.667,0,0.000,ft_jnd,FrameTimeStutter,1,0,1,0,1,1,0.25,0.25,1.5,100,-10,100,1,5,250,40,5,250,50,1,6,11,0,0.06,4,0.05,50,8,4,2,2,100,144,5,5,300,1.05,1.05,6.0,2.0,10,6,6,-1,
17,P017,1,ft_jnd,FrameTimeStutter,276,1.21733,4.5686,-0.66,1211.31,0.000,0.000,-0.66,1211.31,-22.4689,9.9837,0.0000,4.8809,0.0000,-27.3498,Left,0,0,0,0,86.667,0,0.000,ft_jnd,FrameTimeStutter,1,0,1,0,1,1,0.25,0.25,1.5,100,-10,100,1,5,250,40,5,250,50,1,6,11,0,0.06,4,0.05,50,8,4,2,2,100,144,5,5,300,1.05,1.05,6.0,2.0,10,6,6,-1,
17,P017,1,ft_jnd,FrameTimeStutter,277,1.22038,3.0519,-0.66,1211.31,-4.000,0.000,-0.66,1211.31,-22.4689,9.9837,0.0000,4.8809,0.0000,-27.3498,Left,0,0,0,0,86.667,0,0.000,ft_jnd,FrameTimeStutter,1,0,1,0,1,1,0.25,0.25,1.5,100,-10,100,1,5,250,40,5,250,50,1,6,11,0,0.06,4,0.05,50,8,4,2,2,100,144,5,5,300,1.05,1.05,6.0,2.0,10,6,6,-1,
17,P017,1,ft_jnd,FrameTimeStutter,278,1.22434,3.9611,-0.66,1211.31,0.000,0.000,-0.66,1211.31,-22.4689,9.9837,0.0000,4.8809,0.0000,-27.3498,Left,0,0,0,0,86.667,0,0.000,ft_jnd,FrameTimeStutter,1,0,1,0,1,1,0.25,0.25,1.5,100,-10,100,1,5,250,40,5,250,50,1,6,11,0,0.06,4,0.05,50,8,4,2,2,100,144,5,5,300,1.05,1.05,6.0,2.0,10,6,6,-1,
17,P017,1,ft_jnd,FrameTimeStutter,279,1.22782,3.4833,-0.66,1211.31,-2.000,0.000,-0.66,1211.31,-22.4689,9.9837,0.0000,4.8809,0.0000,-27.3498,Left,0,0,0,0,86.667,0,0.000,ft_jnd,FrameTimeStutter,1,0,1,0,1,1,0.25,0.25,1.5,100,-10,100,1,5,250,40,5,250,50,1,6,11,0,0.06,4,0.05,50,8,4,2,2,100,144,5,5,300,1.05,1.05,6.0,2.0,10,6,6,-1,
17,P017,1,ft_jnd,FrameTimeStutter,280,1.23217,4.3425,-0.66,1211.31,0.000,0.000,-0.66,1211.31,-22.4689,9.9837,0.0000,4.8809,0.0000,-27.3498,Left,0,0,0,0,86.667,0,0.000,ft_jnd,FrameTimeStutter,1,0,1,0,1,1,0.25,0.25,1.5,100,-10,100,1,5,250,40,5,250,50,1,6,11,0,0.06,4,0.05,50,8,4,2,2,100,144,5,5,300,1.05,1.05,6.0,2.0,10,6,6,-1,
17,P017,1,ft_jnd,FrameTimeStutter,281,1.23674,4.5776,-0.66,1211.31,-1.000,0.000,-0.66,1211.31,-22.4689,9.9837,0.0000,4.8809,0.0000,-27.3498,Left,0,0,0,0,86.667,0,0.000,ft_jnd,FrameTimeStutter,1,0,1,0,1,1,0.25,0.25,1.5,100,-10,100,1,5,250,40,5,250,50,1,6,11,0,0.06,4,0.05,50,8,4,2,2,100,144,5,5,300,1.05,1.05,6.0,2.0,10,6,6,-1,
17,P017,1,ft_jnd,FrameTimeStutter,282,1.24122,4.4778,-0.66,1211.31,0.000,0.000,-0.66,1211.31,-22.4689,9.9837,0.0000,4.8809,0.0000,-27.3498,Left,0,0,0,0,86.667,0,0.000,ft_jnd,FrameTimeStutter,1,0,1,0,1,1,0.25,0.25,1.5,100,-10,100,1,5,250,40,5,250,50,1,6,11,0,0.06,4,0.05,50,8,4,2,2,100,144,5,5,300,1.05,1.05,6.0,2.0,10,6,6,-1,
17,P017,1,ft_jnd,FrameTimeStutter,283,1.24533,4.1091,-0.66,1211.31,0.000,0.000,-0.66,1211.31,-22.4689,9.9837,0.0000,4.8809,0.0000,-27.3498,Left,0,0,0,0,86.667,0,0.000,ft_jnd,FrameTimeStutter,1,0,1,0,1,1,0.25,0.25,1.5,100,-10,100,1,5,250,40,5,250,50,1,6,11,0,0.06,4,0.05,50,8,4,2,2,100,144,5,5,300,1.05,1.05,6.0,2.0,10,6,6,-1,
17,P017,1,ft_jnd,FrameTimeStutter,284,1.24884,3.5077,-0.66,1211.31,0.000,0.000,-0.66,1211.31,-22.4689,9.9837,0.0000,4.8809,0.0000,-27.3498,Left,0,0,0,0,86.667,0,0.000,ft_jnd,FrameTimeStutter,1,0,1,0,1,1,0.25,0.25,1.5,100,-10,100,1,5,250,40,5,250,50,1,6,11,0,0.06,4,0.05,50,8,4,2,2,100,144,5,5,300,1.05,1.05,6.0,2.0,10,6,6,-1,
17,P017,1,ft_jnd,FrameTimeStutter,285,1.25338,4.5424,-0.66,1211.31,0.000,0.000,-0.66,1211.31,-22.4689,9.9837,0.0000,4.8809,0.0000,-27.3498,Left,0,0,0,0,86.667,0,0.000,ft_jnd,FrameTimeStutter,1,0,1,0,1,1,0.25,0.25,1.5,100,-10,100,1,5,250,40,5,250,50,1,6,11,0,0.06,4,0.05,50,8,4,2,2,100,144,5,5,300,1.05,1.05,6.0,2.0,10,6,6,-1,
17,P017,1,ft_jnd,FrameTimeStutter,286,1.25679,3.4055,-0.66,1211.31,0.000,0.000,-0.66,1211.31,-22.4689,9.9837,0.0000,4.8809,0.0000,-27.3498,Left,0,0,0,0,86.667,0,0.000,ft_jnd,FrameTimeStutter,1,0,1,0,1,1,0.25,0.25,1.5,100,-10,100,1,5,250,40,5,250,50,1,6,11,0,0.06,4,0.05,50,8,4,2,2,100,144,5,5,300,1.05,1.05,6.0,2.0,10,6,6,-1,
17,P017,1,ft_jnd,FrameTimeStutter,287,1.26074,3.9527,-0.66,1211.31,0.000,0.000,-0.66,1211.31,-22.4689,9.9837,0.0000,4.8809,0.0000,-27.3498,Left,0,0,0,0,86.667,0,0.000,ft_jnd,FrameTimeStutter,1,0,1,0,1,1,0.25,0.25,1.5,100,-10,100,1,5,250,40,5,250,50,1,6,11,0,0.06,4,0.05,50,8,4,2,2,100,144,5,5,300,1.05,1.05,6.0,2.0,10,6,6,-1,
17,P017,1,ft_jnd,FrameTimeStutter,288,1.26525,4.5134,-0.66,1211.31,0.000,0.000,-0.66,1211.31,-22.4689,9.9837,0.0000,4.8809,0.0000,-27.3498,Left,0,0,0,0,86.667,0,0.000,ft_jnd,FrameTimeStutter,1,0,1,0,1,1,0.25,0.25,1.5,100,-10,100,1,5,250,40,5,250,50,1,6,11,0,0.06,4,0.05,50,8,4,2,2,100,144,5,5,300,1.05,1.05,6.0,2.0,10,6,6,-1,
17,P017,1,ft_jnd,FrameTimeStutter,289,1.26947,4.2211,-0.66,1211.31,0.000,0.000,-0.66,1211.31,-22.4689,9.9837,0.0000,4.8809,0.0000,-27.3498,Left,0,0,0,0,86.667,0,0.000,ft_jnd,FrameTimeStutter,1,0,1,0,1,1,0.25,0.25,1.5,100,-10,100,1,5,250,40,5,250,50,1,6,11,0,0.06,4,0.05,50,8,4,2,2,100,144,5,5,300,1.05,1.05,6.0,2.0,10,6,6,-1,
17,P017,1,ft_jnd,FrameTimeStutter,290,1.27409,4.6183,-0.66,1211.31,0.000,0.000,-0.66,1211.31,-22.4689,9.9837,0.0000,4.8809,0.0000,-27.3498,Left,0,0,0,0,86.667,0,0.000,ft_jnd,FrameTimeStutter,1,0,1,0,1,1,0.25,0.25,1.5,100,-10,100,1,5,250,40,5,250,50,1,6,11,0,0.06,4,0.05,50,8,4,2,2,100,144,5,5,300,1.05,1.05,6.0,2.0,10,6,6,-1,
17,P017,1,ft_jnd,FrameTimeStutter,291,1.27856,4.4631,-0.66,1211.31,0.000,0.000,-0.66,1211.31,-22.4689,9.9837,0.0000,4.8809,0.0000,-27.3498,Left,0,0,0,0,86.667,0,0.000,ft_jnd,FrameTimeStutter,1,0,1,0,1,1,0.25,0.25,1.5,100,-10,100,1,5,250,40,5,250,50,1,6,11,0,0.06,4,0.05,50,8,4,2,2,100,144,5,5,300,1.05,1.05,6.0,2.0,10,6,6,-1,
17,P017,1,ft_jnd,FrameTimeStutter,292,1.28300,4.4478,-0.66,1211.31,0.000,0.000,-0.66,1211.31,-22.4689,9.9837,0.0000,4.8809,0.0000,-27.3498,Left,0,0,0,0,86.667,0,0.000,ft_jnd,FrameTimeStutter,1,0,1,0,1,1,0.25,0.25,1.5,100,-10,100,1,5,250,40,5,250,50,1,6,11,0,0.06,4,0.05,50,8,4,2,2,100,144,5,5,300,1.05,1.05,6.0,2.0,10,6,6,-1,
17,P017,1,ft_jnd,FrameTimeStutter,293,1.28716,4.1546,-0.66,1211.31,0.000,0.000,-0.66,1211.31,-22.4689,9.9837,0.0000,4.8809,0.0000,-27.3498,Left,0,0,0,0,86.667,0,0.000,ft_jnd,FrameTimeStutter,1,0,1,0,1,1,0.25,0.25,1.5,100,-10,100,1,5,250,40,5,250,50,1,6,11,0,0.06,4,0.05,50,8,4,2,2,100,144,5,5,300,1.05,1.05,6.0,2.0,10,6,6,-1,
17,P017,1,ft_jnd,FrameTimeStutter,294,1.29059,3.4311,-0.66,1211.31,0.000,0.000,-0.66,1211.31,-22.4689,9.9837,0.0000,4.8809,0.0000,-27.3498,Left,0,0,0,0,86.667,0,0.000,ft_jnd,FrameTimeStutter,1,0,1,0,1,1,0.25,0.25,1.5,100,-10,100,1,5,250,40,5,250,50,1,6,11,0,0.06,4,0.05,50,8,4,2,2,100,144,5,5,300,1.05,1.05,6.0,2.0,10,6,6,-1,
17,P017,1,ft_jnd,FrameTimeStutter,295,1.29387,3.2808,-0.66,1211.31,0.000,0.000,-0.66,1211.31,-22.4689,9.9837,0.0000,4.8809,0.0000,-27.3498,Left,0,0,0,0,86.667,0,0.000,ft_jnd,FrameTimeStutter,1,0,1,0,1,1,0.25,0.25,1.5,100,-10,100,1,5,250,40,5,250,50,1,6,11,0,0.06,4,0.05,50,8,4,2,2,100,144,5,5,300,1.05,1.05,6.0,2.0,10,6,6,-1,
17,P017,1,ft_jnd,FrameTimeStutter,296,1.29749,3.6234,-0.66,1211.31,0.000,0.000,-0.66,1211.31,-22.4689,9.9837,0.0000,4.8809,0.0000,-27.3498,Left,0,0,0,0,86.667,0,0.000,ft_jnd,FrameTimeStutter,1,0,1,0,1,1,0.25,0.25,1.5,100,-10,100,1,5,250,40,5,250,50,1,6,11,0,0.06,4,0.05,50,8,4,2,2,100,144,5,5,300,1.05,1.05,6.0,2.0,10,6,6,-1,
17,P017,1,ft_jnd,FrameTimeStutter,297,1.30084,3.3423,-0.66,1211.31,0.000,0.000,-0.66,1211.31,-22.4689,9.9837,0.0000,4.8809,0.0000,-27.3498,Left,0,0,0,0,86.667,0,0.000,ft_jnd,FrameTimeStutter,1,0,1,0,1,1,0.25,0.25,1.5,100,-10,100,1,5,250,40,5,250,50,1,6,11,0,0.06,4,0.05,50,8,4,2,2,100,144,5,5,300,1.05,1.05,6.0,2.0,10,6,6,-1,
17,P017,1,ft_jnd,FrameTimeStutter,298,1.30563,4.7976,0.82,1211.31,1.000,0.000,0.82,1211.31,-22.4419,9.9837,0.0000,4.8809,0.0000,-27.3498,Left,0,0,0,0,86.667,0,0.000,ft_jnd,FrameTimeStutter,1,0,1,0,1,1,0.25,0.25,1.5,100,-10,100,1,5,250,40,5,250,50,1,6,11,0,0.06,4,0.05,50,8,4,2,2,100,144,5,5,300,1.05,1.05,6.0,2.0,10,6,6,-1,
17,P017,1,ft_jnd,FrameTimeStutter,299,1.31014,4.5020,0.82,1211.31,0.000,0.000,0.82,1211.31,-22.4419,9.9837,0.0000,4.8809,0.0000,-27.3228,Left,0,0,0,0,86.667,0,0.000,ft_jnd,FrameTimeStutter,1,0,1,0,1,1,0.25,0.25,1.5,100,-10,100,1,5,250,40,5,250,50,1,6,11,0,0.06,4,0.05,50,8,4,2,2,100,144,5,5,300,1.05,1.05,6.0,2.0,10,6,6,-1,
17,P017,1,ft_jnd,FrameTimeStutter,300,1.31463,4.4982,2.30,1211.31,1.000,0.000,2.30,1211.31,-22.4150,9.9837,0.0000,4.8809,0.0000,-27.3228,Left,0,0,0,0,86.667,0,0.000,ft_jnd,FrameTimeStutter,1,0,1,0,1,1,0.25,0.25,1.5,100,-10,100,1,5,250,40,5,250,50,1,6,11,0,0.06,4,0.05,50,8,4,2,2,100,144,5,5,300,1.05,1.05,6.0,2.0,10,6,6,-1,
17,P017,1,ft_jnd,FrameTimeStutter,301,1.31869,4.0588,2.30,1211.31,0.000,0.000,2.30,1211.31,-22.4150,9.9837,0.0000,4.8809,0.0000,-27.2958,Left,0,0,0,0,86.667,0,0.000,ft_jnd,FrameTimeStutter,1,0,1,0,1,1,0.25,0.25,1.5,100,-10,100,1,5,250,40,5,250,50,1,6,11,0,0.06,4,0.05,50,8,4,2,2,100,144,5,5,300,1.05,1.05,6.0,2.0,10,6,6,-1,
17,P017,1,ft_jnd,FrameTimeStutter,302,1.32320,4.5071,5.25,1211.31,2.000,0.000,5.25,1211.31,-22.3610,9.9837,0.0000,4.8809,0.0000,-27.2958,Left,0,0,0,0,86.667,0,0.000,ft_jnd,FrameTimeStutter,1,0,1,0,1,1,0.25,0.25,1.5,100,-10,100,1,5,250,40,5,250,50,1,6,11,0,0.06,4,0.05,50,8,4,2,2,100,144,5,5,300,1.05,1.05,6.0,2.0,10,6,6,-1,
17,P017,1,ft_jnd,FrameTimeStutter,303,1.32767,4.4750,5.25,1211.31,0.000,0.000,5.25,1211.31,-22.3610,9.9837,0.0000,4.8809,0.0000,-27.2419,Left,0,0,0,0,86.667,0,0.000,ft_jnd,FrameTimeStutter,1,0,1,0,1,1,0.25,0.25,1.5,100,-10,100,1,5,250,40,5,250,50,1,6,11,0,0.06,4,0.05,50,8,4,2,2,100,144,5,5,300,1.05,1.05,6.0,2.0,10,6,6,-1,
17,P017,1,ft_jnd,FrameTimeStutter,304,1.33150,3.8210,11.15,1211.31,4.000,0.000,11.15,1211.31,-22.2531,9.9837,0.0000,4.8809,0.0000,-27.2419,Left,0,0,0,0,86.667,0,0.000,ft_jnd,FrameTimeStutter,1,0,1,0,1,1,0.25,0.25,1.5,100,-10,100,1,5,250,40,5,250,50,1,6,11,0,0.06,4,0.05,50,8,4,2,2,100,144,5,5,300,1.05,1.05,6.0,2.0,10,6,6,-1,
17,P017,1,ft_jnd,FrameTimeStutter,305,1.33548,3.9824,11.15,1211.31,0.000,0.000,11.15,1211.31,-22.2531,9.9837,0.0000,4.8809,0.0000,-27.1340,Left,0,0,0,0,86.667,0,0.000,ft_jnd,FrameTimeStutter,1,0,1,0,1,1,0.25,0.25,1.5,100,-10,100,1,5,250,40,5,250,50,1,6,11,0,0.06,4,0.05,50,8,4,2,2,100,144,5,5,300,1.05,1.05,6.0,2.0,10,6,6,-1,
17,P017,1,ft_jnd,FrameTimeStutter,306,1.33893,3.4522,22.95,1212.79,8.000,1.000,22.95,1212.79,-22.0373,10.0107,0.0000,4.8809,0.0000,-27.1340,Left,0,0,0,0,86.667,0,0.000,ft_jnd,FrameTimeStutter,1,0,1,0,1,1,0.25,0.25,1.5,100,-10,100,1,5,250,40,5,250,50,1,6,11,0,0.06,4,0.05,50,8,4,2,2,100,144,5,5,300,1.05,1.05,6.0,2.0,10,6,6,-1,
17,P017,1,ft_jnd,FrameTimeStutter,307,1.34223,3.2957,22.95,1212.79,0.000,0.000,22.95,1212.79,-22.0373,10.0107,0.0000,4.8809,0.0000,-26.9181,Left,0,0,0,0,86.667,0,0.000,ft_jnd,FrameTimeStutter,1,0,1,0,1,1,0.25,0.25,1.5,100,-10,100,1,5,250,40,5,250,50,1,6,11,0,0.06,4,0.05,50,8,4,2,2,100,144,5,5,300,1.05,1.05,6.0,2.0,10,6,6,-1,
17,P017,1,ft_jnd,FrameTimeStutter,308,1.34710,4.8696,36.23,1212.79,9.000,0.000,36.23,1212.79,-21.7945,10.0107,0.0000,4.8809,0.0000,-26.9181,Left,0,0,0,0,86.667,0,0.000,ft_jnd,FrameTimeStutter,1,0,1,0,1,1,0.25,0.25,1.5,100,-10,100,1,5,250,40,5,250,50,1,6,11,0,0.06,4,0.05,50,8,4,2,2,100,144,5,5,300,1.05,1.05,6.0,2.0,10,6,6,-1,
17,P017,1,ft_jnd,FrameTimeStutter,309,1.35057,3.4772,36.23,1212.79,0.000,0.000,36.23,1212.79,-21.7945,10.0107,0.0000,4.8809,0.0000,-26.6753,Left,0,0,0,0,86.667,0,0.000,ft_jnd,FrameTimeStutter,1,0,1,0,1,1,0.25,0.25,1.5,100,-10,100,1,5,250,40,5,250,50,1,6,11,0,0.06,4,0.05,50,8,4,2,2,100,144,5,5,300,1.05,1.05,6.0,2.0,10,6,6,-1,
17,P017,1,ft_jnd,FrameTimeStutter,310,1.35476,4.1831,56.89,1214.26,14.000,1.000,56.89,1214.26,-21.4168,10.0376,0.0000,4.8809,0.0000,-26.6753,Left,0,0,0,0,86.667,0,0.000,ft_jnd,FrameTimeStutter,1,0,1,0,1,1,0.25,0.25,1.5,100,-10,100,1,5,250,40,5,250,50,1,6,11,0,0.06,4,0.05,50,8,4,2,2,100,144,5,5,300,1.05,1.05,6.0,2.0,10,6,6,-1,
17,P017,1,ft_jnd,FrameTimeStutter,311,1.35924,4.4845,56.89,1214.26,0.000,0.000,56.89,1214.26,-21.4168,10.0376,0.0000,4.8809,0.0000,-26.2976,Left,0,0,0,0,86.667,0,0.000,ft_jnd,FrameTimeStutter,1,0,1,0,1,1,0.25,0.25,1.5,100,-10,100,1,5,250,40,5,250,50,1,6,11,0,0.06,4,0.05,50,8,4,2,2,100,144,5,5,300,1.05,1.05,6.0,2.0,10,6,6,-1,
17,P017,1,ft_jnd,FrameTimeStutter,312,1.36356,4.3179,80.49,1217.21,16.000,2.000,80.49,1217.21,-20.9851,10.0916,0.0000,4.8809,0.0000,-26.2976,Left,0,0,0,0,86.667,0,0.000,ft_jnd,FrameTimeStutter,1,0,1,0,1,1,0.25,0.25,1.5,100,-10,100,1,5,250,40,5,250,50,1,6,11,0,0.06,4,0.05,50,8,4,2,2,100,144,5,5,300,1.05,1.05,6.0,2.0,10,6,6,-1,
17,P017,1,ft_jnd,FrameTimeStutter,313,1.36827,4.7128,80.49,1217.21,0.000,0.000,80.49,1217.21,-20.9851,10.0916,0.0000,4.8809,0.0000,-25.8660,Left,0,0,0,0,86.667,0,0.000,ft_jnd,FrameTimeStutter,1,0,1,0,1,1,0.25,0.25,1.5,100,-10,100,1,5,250,40,5,250,50,1,6,11,0,0.06,4,0.05,50,8,4,2,2,100,144,5,5,300,1.05,1.05,6.0,2.0,10,6,6,-1,
17,P017,1,ft_jnd,FrameTimeStutter,314,1.37152,3.2489,111.48,1220.16,21.000,2.000,111.48,1220.16,-20.4186,10.1456,0.0000,4.8809,0.0000,-25.8660,Left,0,0,0,0,86.667,0,0.000,ft_jnd,FrameTimeStutter,1,0,1,0,1,1,0.25,0.25,1.5,100,-10,100,1,5,250,40,5,250,50,1,6,11,0,0.06,4,0.05,50,8,4,2,2,100,144,5,5,300,1.05,1.05,6.0,2.0,10,6,6,-1,
17,P017,1,ft_jnd,FrameTimeStutter,315,1.37631,4.7928,111.48,1220.16,0.000,0.000,111.48,1220.16,-20.4186,10.1456,0.0000,4.8809,0.0000,-25.2994,Left,0,0,0,0,86.667,0,0.000,ft_jnd,FrameTimeStutter,1,0,1,0,1,1,0.25,0.25,1.5,100,-10,100,1,5,250,40,5,250,50,1,6,11,0,0.06,4,0.05,50,8,4,2,2,100,144,5,5,300,1.05,1.05,6.0,2.0,10,6,6,-1,
17,P017,1,ft_jnd,FrameTimeStutter,316,1.38074,4.4264,151.31,1224.59,27.000,3.000,151.31,1224.59,-19.6902,10.2265,0.0000,4.8809,0.0000,-25.2994,Left,0,0,0,0,86.667,0,0.000,ft_jnd,FrameTimeStutter,1,0,1,0,1,1,0.25,0.25,1.5,100,-10,100,1,5,250,40,5,250,50,1,6,11,0,0.06,4,0.05,50,8,4,2,2,100,144,5,5,300,1.05,1.05,6.0,2.0,10,6,6,-1,
17,P017,1,ft_jnd,FrameTimeStutter,317,1.38478,4.0449,151.31,1224.59,0.000,0.000,151.31,1224.59,-19.6902,10.2265,0.0000,4.8809,0.0000,-24.5710,Left,0,0,0,0,86.667,0,0.000,ft_jnd,FrameTimeStutter,1,0,1,0,1,1,0.25,0.25,1.5,100,-10,100,1,5,250,40,5,250,50,1,6,11,0,0.06,4,0.05,50,8,4,2,2,100,144,5,5,300,1.05,1.05,6.0,2.0,10,6,6,-1,
17,P017,1,ft_jnd,FrameTimeStutter,318,1.38822,3.4310,198.52,1229.02,32.000,3.000,198.52,1229.02,-18.8269,10.3074,0.0000,4.8809,0.0000,-24.5710,Left,0,0,0,0,86.667,0,0.000,ft_jnd,FrameTimeStutter,1,0,1,0,1,1,0.25,0.25,1.5,100,-10,100,1,5,250,40,5,250,50,1,6,11,0,0.06,4,0.05,50,8,4,2,2,100,144,5,5,300,1.05,1.05,6.0,2.0,10,6,6,-1,
17,P017,1,ft_jnd,FrameTimeStutter,319,1.39196,3.7496,198.52,1229.02,0.000,0.000,198.52,1229.02,-18.8269,10.3074,0.0000,4.8809,0.0000,-23.7077,Left,0,0,0,0,86.667,0,0.000,ft_jnd,FrameTimeStutter,1,0,1,0,1,1,0.25,0.25,1.5,100,-10,100,1,5,250,40,5,250,50,1,6,11,0,0.06,4,0.05,50,8,4,2,2,100,144,5,5,300,1.05,1.05,6.0,2.0,10,6,6,-1,
17,P017,1,ft_jnd,FrameTimeStutter,320,1.39679,4.8273,248.69,1234.92,34.000,4.000,248.69,1234.92,-17.9096,10.4153,0.0000,4.8809,0.0000,-23.7077,Left,0,0,0,0,86.667,0,0.000,ft_jnd,FrameTimeStutter,1,0,1,0,1,1,0.25,0.25,1.5,100,-10,100,1,5,250,40,5,250,50,1,6,11,0,0.06,4,0.05,50,8,4,2,2,100,144,5,5,300,1.05,1.05,6.0,2.0,10,6,6,-1,
17,P017,1,ft_jnd,FrameTimeStutter,321,1.40125,4.4624,248.69,1234.92,0.000,0.000,248.69,1234.92,-17.9096,10.4153,0.0000,4.8809,0.0000,-22.7905,Left,0,0,0,0,86.667,0,0.000,ft_jnd,FrameTimeStutter,1,0,1,0,1,1,0.25,0.25,1.5,100,-10,100,1,5,250,40,5,250,50,1,6,11,0,0.06,4,0.05,50,8,4,2,2,100,144,5,5,300,1.05,1.05,6.0,2.0,10,6,6,-1,
17,P017,1,ft_jnd,FrameTimeStutter,322,1.40570,4.4483,297.38,1239.34,33.000,3.000,297.38,1239.34,-17.0193,10.4963,0.0000,4.8809,0.0000,-22.7905,Left,0,0,0,0,86.667,0,0.000,ft_jnd,FrameTimeStutter,1,0,1,0,1,1,0.25,0.25,1.5,100,-10,100,1,5,250,40,5,250,50,1,6,11,0,0.06,4,0.05,50,8,4,2,2,100,144,5,5,300,1.05,1.05,6.0,2.0,10,6,6,-1,
17,P017,1,ft_jnd,FrameTimeStutter,323,1.40973,4.0274,360.82,1245.25,43.000,4.000,360.82,1245.25,-15.8593,10.6042,0.0000,4.8809,0.0000,-21.9002,Left,0,0,0,0,86.667,0,0.000,ft_jnd,FrameTimeStutter,1,0,1,0,1,1,0.25,0.25,1.5,100,-10,100,1,5,250,40,5,250,50,1,6,11,0,0.06,4,0.05,50,8,4,2,2,100,144,5,5,300,1.05,1.05,6.0,2.0,10,6,6,-1,
17,P017,1,ft_jnd,FrameTimeStutter,324,1.41417,4.4424,360.82,1245.25,0.000,0.000,360.82,1245.25,-15.8593,10.6042,0.0000,4.8809,0.0000,-20.7401,Left,0,0,0,0,86.667,0,0.000,ft_jnd,FrameTimeStutter,1,0,1,0,1,1,0.25,0.25,1.5,100,-10,100,1,5,250,40,5,250,50,1,6,11,0,0.06,4,0.05,50,8,4,2,2,100,144,5,5,300,1.05,1.05,6.0,2.0,10,6,6,-1,
17,P017,1,ft_jnd,FrameTimeStutter,325,1.41863,4.4566,416.89,1249.67,38.000,3.000,416.89,1249.67,-14.8341,10.6851,0.0000,4.8809,0.0000,-20.7401,Left,0,0,0,0,86.667,0,0.000,ft_jnd,FrameTimeStutter,1,0,1,0,1,1,0.25,0.25,1.5,100,-10,100,1,5,250,40,5,250,50,1,6,11,0,0.06,4,0.05,50,8,4,2,2,100,144,5,5,300,1.05,1.05,6.0,2.0,10,6,6,-1,
17,P017,1,ft_jnd,FrameTimeStutter,326,1.42196,3.3307,416.89,1249.67,0.000,0.000,416.89,1249.67,-14.8341,10.6851,0.0000,4.8809,0.0000,-19.7149,Left,0,0,0,0,86.667,0,0.000,ft_jnd,FrameTimeStutter,1,0,1,0,1,1,0.25,0.25,1.5,100,-10,100,1,5,250,40,5,250,50,1,6,11,0,0.06,4,0.05,50,8,4,2,2,100,144,5,5,300,1.05,1.05,6.0,2.0,10,6,6,-1,
17,P017,1,ft_jnd,FrameTimeStutter,327,1.42580,3.8394,480.33,1254.10,43.000,3.000,480.33,1254.10,-13.6740,10.7660,0.0000,4.8809,0.0000,-19.7149,Left,0,0,0,0,86.667,0,0.000,ft_jnd,FrameTimeStutter,1,0,1,0,1,1,0.25,0.25,1.5,100,-10,100,1,5,250,40,5,250,50,1,6,11,0,0.06,4,0.05,50,8,4,2,2,100,144,5,5,300,1.05,1.05,6.0,2.0,10,6,6,-1,
17,P017,1,ft_jnd,FrameTimeStutter,328,1.42924,3.4378,480.33,1254.10,0.000,0.000,480.33,1254.10,-13.6740,10.7660,0.0000,4.8809,0.0000,-18.5549,Left,0,0,0,0,86.667,0,0.000,ft_jnd,FrameTimeStutter,1,0,1,0,1,1,0.25,0.25,1.5,100,-10,100,1,5,250,40,5,250,50,1,6,11,0,0.06,4,0.05,50,8,4,2,2,100,144,5,5,300,1.05,1.05,6.0,2.0,10,6,6,-1,
17,P017,1,ft_jnd,FrameTimeStutter,329,1.43274,3.5023,480.33,1254.10,0.000,0.000,480.33,1254.10,-13.6740,10.7660,0.0000,4.8809,0.0000,-18.5549,Left,0,0,0,0,86.667,0,0.000,ft_jnd,FrameTimeStutter,1,0,1,0,1,1,0.25,0.25,1.5,100,-10,100,1,5,250,40,5,250,50,1,6,11,0,0.06,4,0.05,50,8,4,2,2,100,144,5,5,300,1.05,1.05,6.0,2.0,10,6,6,-1,
17,P017,1,ft_jnd,FrameTimeStutter,330,1.43728,4.5428,546.72,1257.05,45.000,2.000,546.72,1257.05,-12.4600,10.8200,0.0000,4.8809,0.0000,-18.5549,Left,0,0,0,0,86.667,0,0.000,ft_jnd,FrameTimeStutter,1,0,1,0,1,1,0.25,0.25,1.5,100,-10,100,1,5,250,40,5,250,50,1,6,11,0,0.06,4,0.05,50,8,4,2,2,100,144,5,5,300,1.05,1.05,6.0,2.0,10,6,6,-1,
17,P017,1,ft_jnd,FrameTimeStutter,331,1.44178,4.4965,613.11,1260.00,45.000,2.000,613.11,1260.00,-11.2460,10.8740,0.0000,4.8809,0.0000,-17.3409,Left,0,0,0,0,86.667,0,0.000,ft_jnd,FrameTimeStutter,1,0,1,0,1,1,0.25,0.25,1.5,100,-10,100,1,5,250,40,5,250,50,1,6,11,0,0.06,4,0.05,50,8,4,2,2,100,144,5,5,300,1.05,1.05,6.0,2.0,10,6,6,-1,
17,P017,1,ft_jnd,FrameTimeStutter,332,1.44487,3.0945,613.11,1260.00,0.000,0.000,613.11,1260.00,-11.2460,10.8740,0.0000,4.8809,0.0000,-16.1268,Left,0,0,0,0,86.667,0,0.000,ft_jnd,FrameTimeStutter,1,0,1,0,1,1,0.25,0.25,1.5,100,-10,100,1,5,250,40,5,250,50,1,6,11,0,0.06,4,0.05,50,8,4,2,2,100,144,5,5,300,1.05,1.05,6.0,2.0,10,6,6,-1,
17,P017,1,ft_jnd,FrameTimeStutter,333,1.44978,4.9099,613.11,1260.00,0.000,0.000,613.11,1260.00,-11.2460,10.8740,0.0000,4.8809,0.0000,-16.1268,Left,0,0,0,0,86.667,0,0.000,ft_jnd,FrameTimeStutter,1,0,1,0,1,1,0.25,0.25,1.5,100,-10,100,1,5,250,40,5,250,50,1,6,11,0,0.06,4,0.05,50,8,4,2,2,100,144,5,5,300,1.05,1.05,6.0,2.0,10,6,6,-1,
17,P017,1,ft_jnd,FrameTimeStutter,334,1.45396,4.1727,679.51,1260.00,45.000,0.000,679.51,1260.00,-10.0320,10.8740,0.0000,4.8809,0.0000,-16.1268,Left,0,0,0,0,86.667,0,0.000,ft_jnd,FrameTimeStutter,1,0,1,0,1,1,0.25,0.25,1.5,100,-10,100,1,5,250,40,5,250,50,1,6,11,0,0.06,4,0.05,50,8,4,2,2,100,144,5,5,300,1.05,1.05,6.0,2.0,10,6,6,-1,
17,P017,1,ft_jnd,FrameTimeStutter,335,1.45711,3.1517,745.90,1261.48,45.000,1.000,745.90,1261.48,-8.8179,10.9009,0.0000,4.8809,0.0000,-14.9128,Left,0,0,0,0,86.667,0,0.000,ft_jnd,FrameTimeStutter,1,0,1,0,1,1,0.25,0.25,1.5,100,-10,100,1,5,250,40,5,250,50,1,6,11,0,0.06,4,0.05,50,8,4,2,2,100,144,5,5,300,1.05,1.05,6.0,2.0,10,6,6,-1,
17,P017,1,ft_jnd,FrameTimeStutter,336,1.46176,4.6559,745.90,1261.48,0.000,0.000,745.90,1261.48,-8.8179,10.9009,0.0000,4.8809,0.0000,-13.6988,Left,0,0,0,0,86.667,0,0.000,ft_jnd,FrameTimeStutter,1,0,1,0,1,1,0.25,0.25,1.5,100,-10,100,1,5,250,40,5,250,50,1,6,11,0,0.06,4,0.05,50,8,4,2,2,100,144,5,5,300,1.05,1.05,6.0,2.0,10,6,6,-1,
17,P017,1,ft_jnd,FrameTimeStutter,337,1.46628,4.5183,818.20,1261.48,49.000,0.000,818.20,1261.48,-7.4960,10.9009,0.0000,4.8809,0.0000,-13.6988,Left,0,0,0,0,86.667,0,0.000,ft_jnd,FrameTimeStutter,1,0,1,0,1,1,0.25,0.25,1.5,100,-10,100,1,5,250,40,5,250,50,1,6,11,0,0.06,4,0.05,50,8,4,2,2,100,144,5,5,300,1.05,1.05,6.0,2.0,10,6,6,-1,
17,P017,1,ft_jnd,FrameTimeStutter,338,1.47033,4.0484,818.20,1261.48,0.000,0.000,818.20,1261.48,-7.4960,10.9009,0.0000,4.8809,0.0000,-12.3769,Left,0,0,0,0,86.667,0,0.000,ft_jnd,FrameTimeStutter,1,0,1,0,1,1,0.25,0.25,1.5,100,-10,100,1,5,250,40,5,250,50,1,6,11,0,0.06,4,0.05,50,8,4,2,2,100,144,5,5,300,1.05,1.05,6.0,2.0,10,6,6,-1,
17,P017,1,ft_jnd,FrameTimeStutter,339,1.47476,4.4322,886.07,1261.48,46.000,0.000,886.07,1261.48,-6.2550,10.9009,0.0000,4.8809,0.0000,-12.3769,Left,0,0,0,0,86.667,0,0.000,ft_jnd,FrameTimeStutter,1,0,1,0,1,1,0.25,0.25,1.5,100,-10,100,1,5,250,40,5,250,50,1,6,11,0,0.06,4,0.05,50,8,4,2,2,100,144,5,5,300,1.05,1.05,6.0,2.0,10,6,6,-1,
17,P017,1,ft_jnd,FrameTimeStutter,340,1.47820,3.4387,886.07,1261.48,0.000,0.000,886.07,1261.48,-6.2550,10.9009,0.0000,4.8809,0.0000,-11.1359,Left,0,0,0,0,86.667,0,0.000,ft_jnd,FrameTimeStutter,1,0,1,0,1,1,0.25,0.25,1.5,100,-10,100,1,5,250,40,5,250,50,1,6,11,0,0.06,4,0.05,50,8,4,2,2,100,144,5,5,300,1.05,1.05,6.0,2.0,10,6,6,-1,
17,P017,1,ft_jnd,FrameTimeStutter,341,1.48281,4.6068,958.36,1261.48,49.000,0.000,958.36,1261.48,-4.9331,10.9009,0.0000,4.8809,0.0000,-11.1359,Left,0,0,0,0,86.667,0,0.000,ft_jnd,FrameTimeStutter,1,0,1,0,1,1,0.25,0.25,1.5,100,-10,100,1,5,250,40,5,250,50,1,6,11,0,0.06,4,0.05,50,8,4,2,2,100,144,5,5,300,1.05,1.05,6.0,2.0,10,6,6,-1,
17,P017,1,ft_jnd,FrameTimeStutter,342,1.48596,3.1492,958.36,1261.48,0.000,0.000,958.36,1261.48,-4.9331,10.9009,0.0000,4.8809,0.0000,-9.8139,Left,0,0,0,0,86.667,0,0.000,ft_jnd,FrameTimeStutter,1,0,1,0,1,1,0.25,0.25,1.5,100,-10,100,1,5,250,40,5,250,50,1,6,11,0,0.06,4,0.05,50,8,4,2,2,100,144,5,5,300,1.05,1.05,6.0,2.0,10,6,6,-1,
17,P017,1,ft_jnd,FrameTimeStutter,343,1.48997,4.0106,1033.61,1261.48,51.000,0.000,1033.61,1261.48,-3.5572,10.9009,0.0000,4.8809,0.0000,-9.8139,Left,0,0,0,0,86.667,0,0.000,ft_jnd,FrameTimeStutter,1,0,1,0,1,1,0.25,0.25,1.5,100,-10,100,1,5,250,40,5,250,50,1,6,11,0,0.06,4,0.05,50,8,4,2,2,100,144,5,5,300,1.05,1.05,6.0,2.0,10,6,6,-1,
17,P017,1,ft_jnd,FrameTimeStutter,344,1.49399,4.0201,1033.61,1261.48,0.000,0.000,1033.61,1261.48,-3.5572,10.9009,0.0000,4.8809,0.0000,-8.4380,Left,0,0,0,0,86.667,0,0.000,ft_jnd,FrameTimeStutter,1,0,1,0,1,1,0.25,0.25,1.5,100,-10,100,1,5,250,40,5,250,50,1,6,11,0,0.06,4,0.05,50,8,4,2,2,100,144,5,5,300,1.05,1.05,6.0,2.0,10,6,6,-1,
17,P017,1,ft_jnd,FrameTimeStutter,345,1.49849,4.5072,1101.48,1260.00,46.000,-1.000,1101.48,1260.00,-2.3162,10.8739,0.0000,4.8809,0.0000,-8.4380,Left,0,0,0,0,86.667,0,0.000,ft_jnd,FrameTimeStutter,1,0,1,0,1,1,0.25,0.25,1.5,100,-10,100,1,5,250,40,5,250,50,1,6,11,0,0.06,4,0.05,50,8,4,2,2,100,144,5,5,300,1.05,1.05,6.0,2.0,10,6,6,-1,
17,P017,1,ft_jnd,FrameTimeStutter,346,1.50298,4.4838,1101.48,1260.00,0.000,0.000,1101.48,1260.00,-2.3162,10.8739,0.0000,4.8809,0.0000,-7.1970,Left,0,0,0,0,86.667,0,0.000,ft_jnd,FrameTimeStutter,1,0,1,0,1,1,0.25,0.25,1.5,100,-10,100,1,5,250,40,5,250,50,1,6,11,0,0.06,4,0.05,50,8,4,2,2,100,144,5,5,300,1.05,1.05,6.0,2.0,10,6,6,-1,
17,P017,1,ft_jnd,FrameTimeStutter,347,1.50750,4.5190,1176.72,1258.53,51.000,-1.000,1176.72,1258.53,-0.9403,10.8470,0.0000,4.8809,0.0000,-7.1970,Left,0,0,0,0,86.667,0,0.000,ft_jnd,FrameTimeStutter,1,0,1,0,1,1,0.25,0.25,1.5,100,-10,100,1,5,250,40,5,250,50,1,6,11,0,0.06,4,0.05,50,8,4,2,2,100,144,5,5,300,1.05,1.05,6.0,2.0,10,6,6,-1,
17,P017,1,ft_jnd,FrameTimeStutter,348,1.51053,3.0363,1176.72,1258.53,0.000,0.000,1176.72,1258.53,-0.9403,10.8470,0.0000,4.8809,0.0000,-5.8212,Left,0,0,0,0,86.667,0,0.000,ft_jnd,FrameTimeStutter,1,0,1,0,1,1,0.25,0.25,1.5,100,-10,100,1,5,250,40,5,250,50,1,6,11,0,0.06,4,0.05,50,8,4,2,2,100,144,5,5,300,1.05,1.05,6.0,2.0,10,6,6,-1,
17,P017,1,ft_jnd,FrameTimeStutter,349,1.51551,4.9757,1238.69,1257.05,42.000,-1.000,1238.69,1257.05,0.1928,10.8200,0.0000,4.8809,0.0000,-5.8212,Left,0,0,0,0,86.667,0,0.000,ft_jnd,FrameTimeStutter,1,0,1,0,1,1,0.25,0.25,1.5,100,-10,100,1,5,250,40,5,250,50,1,6,11,0,0.06,4,0.05,50,8,4,2,2,100,144,5,5,300,1.05,1.05,6.0,2.0,10,6,6,-1,
17,P017,1,ft_jnd,FrameTimeStutter,350,1.52012,4.6056,1238.69,1257.05,0.000,0.000,1238.69,1257.05,0.1928,10.8200,0.0000,4.8809,0.0000,-4.6881,Left,0,0,0,0,86.667,0,0.000,ft_jnd,FrameTimeStutter,1,0,1,0,1,1,0.25,0.25,1.5,100,-10,100,1,5,250,40,5,250,50,1,6,11,0,0.06,4,0.05,50,8,4,2,2,100,144,5,5,300,1.05,1.05,6.0,2.0,10,6,6,-1,
17,P017,1,ft_jnd,FrameTimeStutter,351,1.52420,4.0844,1308.03,1255.57,47.000,-1.000,1308.03,1255.57,1.4608,10.7930,0.0000,4.8809,0.0000,-4.6881,Left,0,0,0,0,86.667,0,0.000,ft_jnd,FrameTimeStutter,1,0,1,0,1,1,0.25,0.25,1.5,100,-10,100,1,5,250,40,5,250,50,1,6,11,0,0.06,4,0.05,50,8,4,2,2,100,144,5,5,300,1.05,1.05,6.0,2.0,10,6,6,-1,
17,P017,1,ft_jnd,FrameTimeStutter,352,1.52767,3.4680,1308.03,1255.57,0.000,0.000,1308.03,1255.57,1.4608,10.7930,0.0000,4.8809,0.0000,-3.4201,Left,0,0,0,0,86.667,0,0.000,ft_jnd,FrameTimeStutter,1,0,1,0,1,1,0.25,0.25,1.5,100,-10,100,1,5,250,40,5,250,50,1,6,11,0,0.06,4,0.05,50,8,4,2,2,100,144,5,5,300,1.05,1.05,6.0,2.0,10,6,6,-1,
17,P017,1,ft_jnd,FrameTimeStutter,353,1.53111,3.4432,1365.57,1252.62,39.000,-2.000,1365.57,1252.62,2.5129,10.7390,0.0000,4.8809,0.0000,-3.4201,Left,0,0,0,0,86.667,0,0.000,ft_jnd,FrameTimeStutter,1,0,1,0,1,1,0.25,0.25,1.5,100,-10,100,1,5,250,40,5,250,50,1,6,11,0,0.06,4,0.05,50,8,4,2,2,100,144,5,5,300,1.05,1.05,6.0,2.0,10,6,6,-1,
17,P017,1,ft_jnd,FrameTimeStutter,354,1.53540,4.2858,1365.57,1252.62,0.000,0.000,1365.57,1252.62,2.5129,10.7390,0.0000,4.8809,0.0000,-2.3679,Left,0,0,0,0,86.667,0,0.000,ft_jnd,FrameTimeStutter,1,0,1,0,1,1,0.25,0.25,1.5,100,-10,100,1,5,250,40,5,250,50,1,6,11,0,0.06,4,0.05,50,8,4,2,2,100,144,5,5,300,1.05,1.05,6.0,2.0,10,6,6,-1,
17,P017,1,ft_jnd,FrameTimeStutter,355,1.53883,3.4288,1424.59,1251.15,40.000,-1.000,1424.59,1251.15,3.5920,10.7121,0.0000,4.8809,0.0000,-2.3679,Left,0,0,0,0,86.667,0,0.000,ft_jnd,FrameTimeStutter,1,0,1,0,1,1,0.25,0.25,1.5,100,-10,100,1,5,250,40,5,250,50,1,6,11,0,0.06,4,0.05,50,8,4,2,2,100,144,5,5,300,1.05,1.05,6.0,2.0,10,6,6,-1,
17,P017,1,ft_jnd,FrameTimeStutter,356,1.54329,4.4614,1424.59,1251.15,0.000,0.000,1424.59,1251.15,3.5920,10.7121,0.0000,4.8809,0.0000,-1.2888,Left,0,0,0,0,86.667,0,0.000,ft_jnd,FrameTimeStutter,1,0,1,0,1,1,0.25,0.25,1.5,100,-10,100,1,5,250,40,5,250,50,1,6,11,0,0.06,4,0.05,50,8,4,2,2,100,144,5,5,300,1.05,1.05,6.0,2.0,10,6,6,-1,
17,P017,1,ft_jnd,FrameTimeStutter,357,1.54750,4.2164,1479.18,1249.67,37.000,-1.000,1479.18,1249.67,4.5902,10.6851,0.0000,4.8809,0.0000,-1.2888,Left,0,0,0,0,86.667,0,0.000,ft_jnd,FrameTimeStutter,1,0,1,0,1,1,0.25,0.25,1.5,100,-10,100,1,5,250,40,5,250,50,1,6,11,0,0.06,4,0.05,50,8,4,2,2,100,144,5,5,300,1.05,1.05,6.0,2.0,10,6,6,-1,
17,P017,1,ft_jnd,FrameTimeStutter,358,1.55098,3.4751,1479.18,1249.67,0.000,0.000,1479.18,1249.67,4.5902,10.6851,0.0000,4.8809,0.0000,-0.2906,Left,0,0,0,0,86.667,0,0.000,ft_jnd,FrameTimeStutter,1,0,1,0,1,1,0.25,0.25,1.5,100,-10,100,1,5,250,40,5,250,50,1,6,11,0,0.06,4,0.05,50,8,4,2,2,100,144,5,5,300,1.05,1.05,6.0,2.0,10,6,6,-1,
17,P017,1,ft_jnd,FrameTimeStutter,359,1.55551,4.5331,1529.34,1248.20,34.000,-1.000,1529.34,1248.20,5.5075,10.6581,0.0000,4.8809,0.0000,-0.2906,Left,0,0,0,0,86.667,0,0.000,ft_jnd,FrameTimeStutter,1,0,1,0,1,1,0.25,0.25,1.5,100,-10,100,1,5,250,40,5,250,50,1,6,11,0,0.06,4,0.05,50,8,4,2,2,100,144,5,5,300,1.05,1.05,6.0,2.0,10,6,6,-1,
17,P017,1,ft_jnd,FrameTimeStutter,360,1.55859,3.0779,1529.34,1248.20,0.000,0.000,1529.34,1248.20,5.5075,10.6581,0.0000,4.8809,0.0000,0.6266,Right,0,0,0,0,86.667,1,86.667,ft_jnd,FrameTimeStutter,1,0,1,0,1,1,0.25,0.25,1.5,100,-10,100,1,5,250,40,5,250,50,1,6,11,0,0.06,4,0.05,50,8,4,2,2,100,144,5,5,300,1.05,1.05,6.0,2.0,10,6,6,-1,
17,P017,1,ft_jnd,FrameTimeStutter,361,1.64878,90.1881,1935.08,1218.69,275.000,-20.000,1935.08,1218.69,12.9265,10.1185,0.0000,4.8809,0.0000,0.6266,Right,0,0,0,0,86.667,0,0.000,ft_jnd,FrameTimeStutter,1,0,1,0,1,1,0.25,0.25,1.5,100,-10,100,1,5,250,40,5,250,50,1,6,11,0,0.06,4,0.05,50,8,4,2,2,100,144,5,5,300,1.05,1.05,6.0,2.0,10,6,6,-1,
17,P017,1,ft_jnd,FrameTimeStutter,362,1.65167,2.8953,1935.08,1218.69,0.000,0.000,1935.08,1218.69,12.9265,10.1185,0.0000,4.8809,0.0000,8.0457,Right,0,0,0,0,86.667,0,0.000,ft_jnd,FrameTimeStutter,1,0,1,0,1,1,0.25,0.25,1.5,100,-10,100,1,5,250,40,5,250,50,1,6,11,0,0.06,4,0.05,50,8,4,2,2,100,144,5,5,300,1.05,1.05,6.0,2.0,10,6,6,-1,
17,P017,1,ft_jnd,FrameTimeStutter,363,1.65612,4.4448,1935.08,1218.69,0.000,0.000,1935.08,1218.69,12.9265,10.1185,0.0000,4.8809,0.0000,8.0457,Right,0,0,0,0,86.667,0,0.000,ft_jnd,FrameTimeStutter,1,0,1,0,1,1,0.25,0.25,1.5,100,-10,100,1,5,250,40,5,250,50,1,6,11,0,0.06,4,0.05,50,8,4,2,2,100,144,5,5,300,1.05,1.05,6.0,2.0,10,6,6,-1,
17,P017,1,ft_jnd,FrameTimeStutter,364,1.66011,3.9913,1963.12,1215.74,19.000,-2.000,1963.12,1215.74,13.4391,10.0646,0.0000,4.8809,0.0000,8.0457,Right,0,0,0,0,86.667,0,0.000,ft_jnd,FrameTimeStutter,1,0,1,0,1,1,0.25,0.25,1.5,100,-10,100,1,5,250,40,5,250,50,1,6,11,0,0.06,4,0.05,50,8,4,2,2,100,144,5,5,300,1.05,1.05,6.0,2.0,10,6,6,-1,
17,P017,1,ft_jnd,FrameTimeStutter,365,1.66372,3.6132,1963.12,1215.74,0.000,0.000,1963.12,1215.74,13.4391,10.0646,0.0000,4.8809,0.0000,8.5582,Right,0,0,0,0,86.667,0,0.000,ft_jnd,FrameTimeStutter,1,0,1,0,1,1,0.25,0.25,1.5,100,-10,100,1,5,250,40,5,250,50,1,6,11,0,0.06,4,0.05,50,8,4,2,2,100,144,5,5,300,1.05,1.05,6.0,2.0,10,6,6,-1,
17,P017,1,ft_jnd,FrameTimeStutter,366,1.66772,3.9968,1991.15,1214.26,19.000,-1.000,1991.15,1214.26,13.9517,10.0376,0.0000,4.8809,0.0000,8.5582,Right,0,0,0,0,86.667,0,0.000,ft_jnd,FrameTimeStutter,1,0,1,0,1,1,0.25,0.25,1.5,100,-10,100,1,5,250,40,5,250,50,1,6,11,0,0.06,4,0.05,50,8,4,2,2,100,144,5,5,300,1.05,1.05,6.0,2.0,10,6,6,-1,
17,P017,1,ft_jnd,FrameTimeStutter,367,1.67171,3.9907,1991.15,1214.26,0.000,0.000,1991.15,1214.26,13.9517,10.0376,0.0000,4.8809,0.0000,9.0708,Right,0,0,0,0,86.667,0,0.000,ft_jnd,FrameTimeStutter,1,0,1,0,1,1,0.25,0.25,1.5,100,-10,100,1,5,250,40,5,250,50,1,6,11,0,0.06,4,0.05,50,8,4,2,2,100,144,5,5,300,1.05,1.05,6.0,2.0,10,6,6,-1,
17,P017,1,ft_jnd,FrameTimeStutter,368,1.67536,3.6538,2017.71,1211.31,18.000,-2.000,2017.71,1211.31,14.4373,9.9836,0.0000,4.8809,0.0000,9.0708,Right,0,0,0,0,86.667,0,0.000,ft_jnd,FrameTimeStutter,1,0,1,0,1,1,0.25,0.25,1.5,100,-10,100,1,5,250,40,5,250,50,1,6,11,0,0.06,4,0.05,50,8,4,2,2,100,144,5,5,300,1.05,1.05,6.0,2.0,10,6,6,-1,
17,P017,1,ft_jnd,FrameTimeStutter,369,1.67843,3.0648,2017.71,1211.31,0.000,0.000,2017.71,1211.31,14.4373,9.9836,0.0000,4.8809,0.0000,9.5564,Right,0,0,0,0,86.667,0,0.000,ft_jnd,FrameTimeStutter,1,0,1,0,1,1,0.25,0.25,1.5,100,-10,100,1,5,250,40,5,250,50,1,6,11,0,0.06,4,0.05,50,8,4,2,2,100,144,5,5,300,1.05,1.05,6.0,2.0,10,6,6,-1,
17,P017,1,ft_jnd,FrameTimeStutter,370,1.68159,3.1632,2048.69,1209.84,21.000,-1.000,2048.69,1209.84,15.0038,9.9567,0.0000,4.8809,0.0000,9.5564,Right,0,0,0,0,86.667,0,0.000,ft_jnd,FrameTimeStutter,1,0,1,0,1,1,0.25,0.25,1.5,100,-10,100,1,5,250,40,5,250,50,1,6,11,0,0.06,4,0.05,50,8,4,2,2,100,144,5,5,300,1.05,1.05,6.0,2.0,10,6,6,-1,
17,P017,1,ft_jnd,FrameTimeStutter,371,1.68480,3.2114,2048.69,1209.84,0.000,0.000,2048.69,1209.84,15.0038,9.9567,0.0000,4.8809,0.0000,10.1230,Right,0,0,0,0,86.667,0,0.000,ft_jnd,FrameTimeStutter,1,0,1,0,1,1,0.25,0.25,1.5,100,-10,100,1,5,250,40,5,250,50,1,6,11,0,0.06,4,0.05,50,8,4,2,2,100,144,5,5,300,1.05,1.05,6.0,2.0,10,6,6,-1,
17,P017,1,ft_jnd,FrameTimeStutter,372,1.68823,3.4256,2048.69,1209.84,0.000,0.000,2048.69,1209.84,15.0038,9.9567,0.0000,4.8809,0.0000,10.1230,Right,0,0,0,0,86.667,0,0.000,ft_jnd,FrameTimeStutter,1,0,1,0,1,1,0.25,0.25,1.5,100,-10,100,1,5,250,40,5,250,50,1,6,11,0,0.06,4,0.05,50,8,4,2,2,100,144,5,5,300,1.05,1.05,6.0,2.0,10,6,6,-1,
17,P017,1,ft_jnd,FrameTimeStutter,373,1.69260,4.3691,2076.72,1208.36,19.000,-1.000,2076.72,1208.36,15.5164,9.9297,0.0000,4.8809,0.0000,10.1230,Right,0,0,0,0,86.667,0,0.000,ft_jnd,FrameTimeStutter,1,0,1,0,1,1,0.25,0.25,1.5,100,-10,100,1,5,250,40,5,250,50,1,6,11,0,0.06,4,0.05,50,8,4,2,2,100,144,5,5,300,1.05,1.05,6.0,2.0,10,6,6,-1,
17,P017,1,ft_jnd,FrameTimeStutter,374,1.69710,4.5061,2076.72,1208.36,0.000,0.000,2076.72,1208.36,15.5164,9.9297,0.0000,4.8809,0.0000,10.6356,Right,0,0,0,0,86.667,0,0.000,ft_jnd,FrameTimeStutter,1,0,1,0,1,1,0.25,0.25,1.5,100,-10,100,1,5,250,40,5,250,50,1,6,11,0,0.06,4,0.05,50,8,4,2,2,100,144,5,5,300,1.05,1.05,6.0,2.0,10,6,6,-1,
17,P017,1,ft_jnd,FrameTimeStutter,375,1.70146,4.3585,2106.23,1206.89,20.000,-1.000,2106.23,1206.89,16.0560,9.9027,0.0000,4.8809,0.0000,10.6356,Right,0,0,0,0,86.667,0,0.000,ft_jnd,FrameTimeStutter,1,0,1,0,1,1,0.25,0.25,1.5,100,-10,100,1,5,250,40,5,250,50,1,6,11,0,0.06,4,0.05,50,8,4,2,2,100,144,5,5,300,1.05,1.05,6.0,2.0,10,6,6,-1,
17,P017,1,ft_jnd,FrameTimeStutter,376,1.70545,3.9873,2135.74,1205.41,20.000,-1.000,2135.74,1205.41,16.5956,9.8757,0.0000,4.8809,0.0000,11.1751,Right,0,0,0,0,86.667,0,0.000,ft_jnd,FrameTimeStutter,1,0,1,0,1,1,0.25,0.25,1.5,100,-10,100,1,5,250,40,5,250,50,1,6,11,0,0.06,4,0.05,50,8,4,2,2,100,144,5,5,300,1.05,1.05,6.0,2.0,10,6,6,-1,
17,P017,1,ft_jnd,FrameTimeStutter,377,1.70999,4.5374,2135.74,1205.41,0.000,0.000,2135.74,1205.41,16.5956,9.8757,0.0000,4.8809,0.0000,11.7147,Right,0,0,0,0,86.667,0,0.000,ft_jnd,FrameTimeStutter,1,0,1,0,1,1,0.25,0.25,1.5,100,-10,100,1,5,250,40,5,250,50,1,6,11,0,0.06,4,0.05,50,8,4,2,2,100,144,5,5,300,1.05,1.05,6.0,2.0,10,6,6,-1,
17,P017,1,ft_jnd,FrameTimeStutter,378,1.71342,3.4281,2166.72,1205.41,21.000,0.000,2166.72,1205.41,17.1621,9.8757,0.0000,4.8809,0.0000,11.7147,Right,0,0,0,0,86.667,0,0.000,ft_jnd,FrameTimeStutter,1,0,1,0,1,1,0.25,0.25,1.5,100,-10,100,1,5,250,40,5,250,50,1,6,11,0,0.06,4,0.05,50,8,4,2,2,100,144,5,5,300,1.05,1.05,6.0,2.0,10,6,6,-1,
17,P017,1,ft_jnd,FrameTimeStutter,379,1.71647,3.0579,2166.72,1205.41,0.000,0.000,2166.72,1205.41,17.1621,9.8757,0.0000,4.8809,0.0000,12.2812,Right,0,0,0,0,86.667,0,0.000,ft_jnd,FrameTimeStutter,1,0,1,0,1,1,0.25,0.25,1.5,100,-10,100,1,5,250,40,5,250,50,1,6,11,0,0.06,4,0.05,50,8,4,2,2,100,144,5,5,300,1.05,1.05,6.0,2.0,10,6,6,-1,
17,P017,1,ft_jnd,FrameTimeStutter,380,1.72062,4.1431,2166.72,1205.41,0.000,0.000,2166.72,1205.41,17.1621,9.8757,0.0000,4.8809,0.0000,12.2812,Right,0,0,0,0,86.667,0,0.000,ft_jnd,FrameTimeStutter,1,0,1,0,1,1,0.25,0.25,1.5,100,-10,100,1,5,250,40,5,250,50,1,6,11,0,0.06,4,0.05,50,8,4,2,2,100,144,5,5,300,1.05,1.05,6.0,2.0,10,6,6,-1,
17,P017,1,ft_jnd,FrameTimeStutter,381,1.72460,3.9823,2196.23,1203.93,20.000,-1.000,2196.23,1203.93,17.7017,9.8488,0.0000,4.8809,0.0000,12.2812,Right,0,0,0,0,86.667,0,0.000,ft_jnd,FrameTimeStutter,1,0,1,0,1,1,0.25,0.25,1.5,100,-10,100,1,5,250,40,5,250,50,1,6,11,0,0.06,4,0.05,50,8,4,2,2,100,144,5,5,300,1.05,1.05,6.0,2.0,10,6,6,-1,
17,P017,1,ft_jnd,FrameTimeStutter,382,1.72917,4.5669,2196.23,1203.93,0.000,0.000,2196.23,1203.93,17.7017,9.8488,0.0000,4.8809,0.0000,12.8208,Right,0,0,0,0,86.667,0,0.000,ft_jnd,FrameTimeStutter,1,0,1,0,1,1,0.25,0.25,1.5,100,-10,100,1,5,250,40,5,250,50,1,6,11,0,0.06,4,0.05,50,8,4,2,2,100,144,5,5,300,1.05,1.05,6.0,2.0,10,6,6,-1,
17,P017,1,ft_jnd,FrameTimeStutter,383,1.73375,4.5855,2231.64,1202.46,24.000,-1.000,2231.64,1202.46,18.3491,9.8218,0.0000,4.8809,0.0000,12.8208,Right,0,0,0,0,86.667,0,0.000,ft_jnd,FrameTimeStutter,1,0,1,0,1,1,0.25,0.25,1.5,100,-10,100,1,5,250,40,5,250,50,1,6,11,0,0.06,4,0.05,50,8,4,2,2,100,144,5,5,300,1.05,1.05,6.0,2.0,10,6,6,-1,
17,P017,1,ft_jnd,FrameTimeStutter,384,1.73822,4.4653,2231.64,1202.46,24.000,-1.000,2231.64,1202.46,18.3491,9.8218,0.0000,4.8809,0.0000,13.4683,Right,0,0,0,0,86.667,0,0.000,ft_jnd,FrameTimeStutter,1,0,1,0,1,1,0.25,0.25,1.5,100,-10,100,1,5,250,40,5,250,50,1,6,11,0,0.06,4,0.05,50,8,4,2,2,100,144,5,5,300,1.05,1.05,6.0,2.0,10,6,6,-1,
17,P017,1,ft_jnd,FrameTimeStutter,385,1.74228,4.0642,2267.05,1200.98,0.000,0.000,2267.05,1200.98,18.9966,9.7948,0.0000,4.8809,0.0000,13.4683,Right,0,0,0,0,86.667,0,0.000,ft_jnd,FrameTimeStutter,1,0,1,0,1,1,0.25,0.25,1.5,100,-10,100,1,5,250,40,5,250,50,1,6,11,0,0.06,4,0.05,50,8,4,2,2,100,144,5,5,300,1.05,1.05,6.0,2.0,10,6,6,-1,
17,P017,1,ft_jnd,FrameTimeStutter,386,1.74692,4.6355,2298.03,1200.98,21.000,0.000,2298.03,1200.98,19.5632,9.7948,0.0000,4.8809,0.0000,14.1158,Right,0,0,0,0,86.667,0,0.000,ft_jnd,FrameTimeStutter,1,0,1,0,1,1,0.25,0.25,1.5,100,-10,100,1,5,250,40,5,250,50,1,6,11,0,0.06,4,0.05,50,8,4,2,2,100,144,5,5,300,1.05,1.05,6.0,2.0,10,6,6,-1,
17,P017,1,ft_jnd,FrameTimeStutter,387,1.75036,3.4434,2298.03,1200.98,0.000,0.000,2298.03,1200.98,19.5632,9.7948,0.0000,4.8809,0.0000,14.6823,Right,0,0,0,0,86.667,0,0.000,ft_jnd,FrameTimeStutter,1,0,1,0,1,1,0.25,0.25,1.5,100,-10,100,1,5,250,40,5,250,50,1,6,11,0,0.06,4,0.05,50,8,4,2,2,100,144,5,5,300,1.05,1.05,6.0,2.0,10,6,6,-1,
17,P017,1,ft_jnd,FrameTimeStutter,388,1.75405,3.6942,2331.97,1199.51,23.000,-1.000,2331.97,1199.51,20.1837,9.7678,0.0000,4.8809,0.0000,14.6823,Right,0,0,0,0,86.667,0,0.000,ft_jnd,FrameTimeStutter,1,0,1,0,1,1,0.25,0.25,1.5,100,-10,100,1,5,250,40,5,250,50,1,6,11,0,0.06,4,0.05,50,8,4,2,2,100,144,5,5,300,1.05,1.05,6.0,2.0,10,6,6,-1,
17,P017,1,ft_jnd,FrameTimeStutter,389,1.75777,3.7135,2331.97,1199.51,0.000,0.000,2331.97,1199.51,20.1837,9.7678,0.0000,4.8809,0.0000,15.3028,Right,0,0,0,0,86.667,0,0.000,ft_jnd,FrameTimeStutter,1,0,1,0,1,1,0.25,0.25,1.5,100,-10,100,1,5,250,40,5,250,50,1,6,11,0,0.06,4,0.05,50,8,4,2,2,100,144,5,5,300,1.05,1.05,6.0,2.0,10,6,6,-1,
17,P017,1,ft_jnd,FrameTimeStutter,390,1.76215,4.3836,2361.48,1198.03,20.000,-1.000,2361.48,1198.03,20.7232,9.7409,0.0000,4.8809,0.0000,15.3028,Right,0,0,0,0,86.667,0,0.000,ft_jnd,FrameTimeStutter,1,0,1,0,1,1,0.25,0.25,1.5,100,-10,100,1,5,250,40,5,250,50,1,6,11,0,0.06,4,0.05,50,8,4,2,2,100,144,5,5,300,1.05,1.05,6.0,2.0,10,6,6,-1,
17,P017,1,ft_jnd,FrameTimeStutter,391,1.76638,4.2277,2361.48,1198.03,0.000,0.000,2361.48,1198.03,20.7232,9.7409,0.0000,4.8809,0.0000,15.8424,Right,0,0,0,0,86.667,0,0.000,ft_jnd,FrameTimeStutter,1,0,1,0,1,1,0.25,0.25,1.5,100,-10,100,1,5,250,40,5,250,50,1,6,11,0,0.06,4,0.05,50,8,4,2,2,100,144,5,5,300,1.05,1.05,6.0,2.0,10,6,6,-1,
17,P017,1,ft_jnd,FrameTimeStutter,392,1.77077,4.3902,2390.98,1198.03,20.000,0.000,2390.98,1198.03,21.2628,9.7409,0.0000,4.8809,0.0000,15.8424,Right,0,0,0,0,86.667,0,0.000,ft_jnd,FrameTimeStutter,1,0,1,0,1,1,0.25,0.25,1.5,100,-10,100,1,5,250,40,5,250,50,1,6,11,0,0.06,4,0.05,50,8,4,2,2,100,144,5,5,300,1.05,1.05,6.0,2.0,10,6,6,-1,
17,P017,1,ft_jnd,FrameTimeStutter,393,1.77513,4.3632,2390.98,1198.03,0.000,0.000,2390.98,1198.03,21.2628,9.7409,0.0000,4.8809,0.0000,16.3819,Right,0,0,0,0,86.667,0,0.000,ft_jnd,FrameTimeStutter,1,0,1,0,1,1,0.25,0.25,1.5,100,-10,100,1,5,250,40,5,250,50,1,6,11,0,0.06,4,0.05,50,8,4,2,2,100,144,5,5,300,1.05,1.05,6.0,2.0,10,6,6,-1,
17,P017,1,ft_jnd,FrameTimeStutter,394,1.77922,4.0875,2414.59,1198.03,16.000,0.000,2414.59,1198.03,21.6944,9.7408,0.0000,4.8809,0.0000,16.3819,Right,0,0,0,0,86.667,0,0.000,ft_jnd,FrameTimeStutter,1,0,1,0,1,1,0.25,0.25,1.5,100,-10,100,1,5,250,40,5,250,50,1,6,11,0,0.06,4,0.05,50,8,4,2,2,100,144,5,5,300,1.05,1.05,6.0,2.0,10,6,6,-1,
17,P017,1,ft_jnd,FrameTimeStutter,395,1.78260,3.3815,2414.59,1198.03,0.000,0.000,2414.59,1198.03,21.6944,9.7408,0.0000,4.8809,0.0000,16.8136,Right,0,0,0,0,86.667,0,0.000,ft_jnd,FrameTimeStutter,1,0,1,0,1,1,0.25,0.25,1.5,100,-10,100,1,5,250,40,5,250,50,1,6,11,0,0.06,4,0.05,50,8,4,2,2,100,144,5,5,300,1.05,1.05,6.0,2.0,10,6,6,-1,
17,P017,1,ft_jnd,FrameTimeStutter,396,1.78589,3.2924,2441.15,1196.56,18.000,-1.000,2441.15,1196.56,22.1801,9.7139,0.0000,4.8809,0.0000,16.8136,Right,0,0,0,0,86.667,0,0.000,ft_jnd,FrameTimeStutter,1,0,1,0,1,1,0.25,0.25,1.5,100,-10,100,1,5,250,40,5,250,50,1,6,11,0,0.06,4,0.05,50,8,4,2,2,100,144,5,5,300,1.05,1.05,6.0,2.0,10,6,6,-1,
17,P017,1,ft_jnd,FrameTimeStutter,397,1.78934,3.4456,2441.15,1196.56,0.000,0.000,2441.15,1196.56,22.1801,9.7139,0.0000,4.8809,0.0000,17.2992,Right,0,0,0,0,86.667,0,0.000,ft_jnd,FrameTimeStutter,1,0,1,0,1,1,0.25,0.25,1.5,100,-10,100,1,5,250,40,5,250,50,1,6,11,0,0.06,4,0.05,50,8,4,2,2,100,144,5,5,300,1.05,1.05,6.0,2.0,10,6,6,-1,
17,P017,1,ft_jnd,FrameTimeStutter,398,1.79277,3.4338,2463.28,1196.56,15.000,0.000,2463.28,1196.56,22.4689,9.7139,0.0000,4.8809,0.0000,17.2992,Right,0,0,0,0,86.667,0,0.000,ft_jnd,FrameTimeStutter,1,0,1,0,1,1,0.25,0.25,1.5,100,-10,100,1,5,250,40,5,250,50,1,6,11,0,0.06,4,0.05,50,8,4,2,2,100,144,5,5,300,1.05,1.05,6.0,2.0,10,6,6,-1,
17,P017,1,ft_jnd,FrameTimeStutter,399,1.79696,4.1886,2463.28,1196.56,0.000,0.000,2463.28,1196.56,22.4689,9.7139,0.0000,4.8809,0.0000,17.5881,Right,0,0,0,0,86.667,0,0.000,ft_jnd,FrameTimeStutter,1,0,1,0,1,1,0.25,0.25,1.5,100,-10,100,1,5,250,40,5,250,50,1,6,11,0,0.06,4,0.05,50,8,4,2,2,100,144,5,5,300,1.05,1.05,6.0,2.0,10,6,6,-1,
17,P017,1,ft_jnd,FrameTimeStutter,400,1.80133,4.3708,2463.28,1196.56,0.000,0.000,2463.28,1196.56,22.4689,9.7139,0.0000,4.8809,0.0000,17.5881,Right,0,0,0,0,86.667,0,0.000,ft_jnd,FrameTimeStutter,1,0,1,0,1,1,0.25,0.25,1.5,100,-10,100,1,5,250,40,5,250,50,1,6,11,0,0.06,4,0.05,50,8,4,2,2,100,144,5,5,300,1.05,1.05,6.0,2.0,10,6,6,-1,
17,P017,1,ft_jnd,FrameTimeStutter,401,1.80472,3.3884,2485.41,1196.56,15.000,0.000,2485.41,1196.56,22.4689,9.7139,0.0000,4.8809,0.0000,17.5881,Right,0,0,0,0,86.667,0,0.000,ft_jnd,FrameTimeStutter,1,0,1,0,1,1,0.25,0.25,1.5,100,-10,100,1,5,250,40,5,250,50,1,6,11,0,0.06,4,0.05,50,8,4,2,2,100,144,5,5,300,1.05,1.05,6.0,2.0,10,6,6,-1,
17,P017,1,ft_jnd,FrameTimeStutter,402,1.80874,4.0225,2485.41,1196.56,0.000,0.000,2485.41,1196.56,22.4689,9.7139,0.0000,4.8809,0.0000,17.5881,Right,0,0,0,0,86.667,0,0.000,ft_jnd,FrameTimeStutter,1,0,1,0,1,1,0.25,0.25,1.5,100,-10,100,1,5,250,40,5,250,50,1,6,11,0,0.06,4,0.05,50,8,4,2,2,100,144,5,5,300,1.05,1.05,6.0,2.0,10,6,6,-1,
17,P017,1,ft_jnd,FrameTimeStutter,403,1.81216,3.4158,2507.54,1196.56,15.000,0.000,2507.54,1196.56,22.4689,9.7139,0.0000,4.8809,0.0000,17.5881,Right,0,0,0,0,86.667,0,0.000,ft_jnd,FrameTimeStutter,1,0,1,0,1,1,0.25,0.25,1.5,100,-10,100,1,5,250,40,5,250,50,1,6,11,0,0.06,4,0.05,50,8,4,2,2,100,144,5,5,300,1.05,1.05,6.0,2.0,10,6,6,-1,
17,P017,1,ft_jnd,FrameTimeStutter,404,1.81672,4.5666,2507.54,1196.56,0.000,0.000,2507.54,1196.56,22.4689,9.7139,0.0000,4.8809,0.0000,17.5881,Right,0,0,0,0,86.667,0,0.000,ft_jnd,FrameTimeStutter,1,0,1,0,1,1,0.25,0.25,1.5,100,-10,100,1,5,250,40,5,250,50,1,6,11,0,0.06,4,0.05,50,8,4,2,2,100,144,5,5,300,1.05,1.05,6.0,2.0,10,6,6,-1,
17,P017,1,ft_jnd,FrameTimeStutter,405,1.81971,2.9872,2534.10,1195.08,18.000,-1.000,2534.10,1195.08,22.4689,9.6869,0.0000,4.8809,0.0000,17.5881,Right,0,0,0,0,86.667,0,0.000,ft_jnd,FrameTimeStutter,1,0,1,0,1,1,0.25,0.25,1.5,100,-10,100,1,5,250,40,5,250,50,1,6,11,0,0.06,4,0.05,50,8,4,2,2,100,144,5,5,300,1.05,1.05,6.0,2.0,10,6,6,-1,
17,P017,1,ft_jnd,FrameTimeStutter,406,1.82358,3.8688,2534.10,1195.08,0.000,0.000,2534.10,1195.08,22.4689,9.6869,0.0000,4.8809,0.0000,17.5881,Right,0,0,0,0,86.667,0,0.000,ft_jnd,FrameTimeStutter,1,0,1,0,1,1,0.25,0.25,1.5,100,-10,100,1,5,250,40,5,250,50,1,6,11,0,0.06,4,0.05,50,8,4,2,2,100,144,5,5,300,1.05,1.05,6.0,2.0,10,6,6,-1,
17,P017,1,ft_jnd,FrameTimeStutter,407,1.82688,3.2968,2559.18,1195.08,18.000,0.000,2559.18,1195.08,22.4689,9.6869,0.0000,4.8809,0.0000,17.5881,Right,0,0,0,0,86.667,0,0.000,ft_jnd,FrameTimeStutter,1,0,1,0,1,1,0.25,0.25,1.5,100,-10,100,1,5,250,40,5,250,50,1,6,11,0,0.06,4,0.05,50,8,4,2,2,100,144,5,5,300,1.05,1.05,6.0,2.0,10,6,6,-1,
17,P017,1,ft_jnd,FrameTimeStutter,408,1.83030,3.4233,2559.18,1195.08,0.000,0.000,2559.18,1195.08,22.4689,9.6869,0.0000,4.8809,0.0000,17.5881,Right,0,0,0,0,86.667,0,0.000,ft_jnd,FrameTimeStutter,1,0,1,0,1,1,0.25,0.25,1.5,100,-10,100,1,5,250,40,5,250,50,1,6,11,0,0.06,4,0.05,50,8,4,2,2,100,144,5,5,300,1.05,1.05,6.0,2.0,10,6,6,-1,
17,P017,1,ft_jnd,FrameTimeStutter,409,1.83489,4.5846,2559.18,1195.08,18.000,0.000,2559.18,1195.08,22.4689,9.6869,0.0000,4.8809,0.0000,17.5881,Right,0,0,0,0,86.667,0,0.000,ft_jnd,FrameTimeStutter,1,0,1,0,1,1,0.25,0.25,1.5,100,-10,100,1,5,250,40,5,250,50,1,6,11,0,0.06,4,0.05,50,8,4,2,2,100,144,5,5,300,1.05,1.05,6.0,2.0,10,6,6,-1,
17,P017,1,ft_jnd,FrameTimeStutter,410,1.83848,3.5946,2559.18,1195.08,0.000,0.000,2559.18,1195.08,22.4689,9.6869,0.0000,4.8809,0.0000,17.5881,Right,0,0,0,0,86.667,0,0.000,ft_jnd,FrameTimeStutter,1,0,1,0,1,1,0.25,0.25,1.5,100,-10,100,1,5,250,40,5,250,50,1,6,11,0,0.06,4,0.05,50,8,4,2,2,100,144,5,5,300,1.05,1.05,6.0,2.0,10,6,6,-1,
17,P017,1,ft_jnd,FrameTimeStutter,411,1.84322,4.7422,2559.18,1193.61,19.000,-1.000,2559.18,1193.61,22.4689,9.6599,0.0000,4.8809,0.0000,17.5881,Right,0,0,0,0,86.667,0,0.000,ft_jnd,FrameTimeStutter,1,0,1,0,1,1,0.25,0.25,1.5,100,-10,100,1,5,250,40,5,250,50,1,6,11,0,0.06,4,0.05,50,8,4,2,2,100,144,5,5,300,1.05,1.05,6.0,2.0,10,6,6,-1,
17,P017,1,ft_jnd,FrameTimeStutter,412,1.84778,4.5569,2559.18,1193.61,0.000,0.000,2559.18,1193.61,22.4689,9.6599,0.0000,4.8809,0.0000,17.5881,Right,0,0,0,0,86.667,0,0.000,ft_jnd,FrameTimeStutter,1,0,1,0,1,1,0.25,0.25,1.5,100,-10,100,1,5,250,40,5,250,50,1,6,11,0,0.06,4,0.05,50,8,4,2,2,100,144,5,5,300,1.05,1.05,6.0,2.0,10,6,6,-1,
17,P017,1,ft_jnd,FrameTimeStutter,413,1.85176,3.9771,2559.18,1193.61,17.000,0.000,2559.18,1193.61,22.4689,9.6599,0.0000,4.8809,0.0000,17.5881,Right,0,0,0,0,86.667,0,0.000,ft_jnd,FrameTimeStutter,1,0,1,0,1,1,0.25,0.25,1.5,100,-10,100,1,5,250,40,5,250,50,1,6,11,0,0.06,4,0.05,50,8,4,2,2,100,144,5,5,300,1.05,1.05,6.0,2.0,10,6,6,-1,
17,P017,1,ft_jnd,FrameTimeStutter,414,1.85610,4.3404,2559.18,1193.61,0.000,0.000,2559.18,1193.61,22.4689,9.6599,0.0000,4.8809,0.0000,17.5881,Right,0,0,0,0,86.667,0,0.000,ft_jnd,FrameTimeStutter,1,0,1,0,1,1,0.25,0.25,1.5,100,-10,100,1,5,250,40,5,250,50,1,6,11,0,0.06,4,0.05,50,8,4,2,2,100,144,5,5,300,1.05,1.05,6.0,2.0,10,6,6,-1,
17,P017,1,ft_jnd,FrameTimeStutter,415,1.86049,4.3881,2559.18,1193.61,18.000,0.000,2559.18,1193.61,22.4689,9.6599,0.0000,4.8809,0.0000,17.5881,Right,0,0,0,0,86.667,0,0.000,ft_jnd,FrameTimeStutter,1,0,1,0,1,1,0.25,0.25,1.5,100,-10,100,1,5,250,40,5,250,50,1,6,11,0,0.06,4,0.05,50,8,4,2,2,100,144,5,5,300,1.05,1.05,6.0,2.0,10,6,6,-1,
17,P017,1,ft_jnd,FrameTimeStutter,416,1.86489,4.4063,2559.18,1193.61,0.000,0.000,2559.18,1193.61,22.4689,9.6599,0.0000,4.8809,0.0000,17.5881,Right,0,0,0,0,86.667,0,0.000,ft_jnd,FrameTimeStutter,1,0,1,0,1,1,0.25,0.25,1.5,100,-10,100,1,5,250,40,5,250,50,1,6,11,0,0.06,4,0.05,50,8,4,2,2,100,144,5,5,300,1.05,1.05,6.0,2.0,10,6,6,-1,
17,P017,1,ft_jnd,FrameTimeStutter,417,1.86787,2.9809,2559.18,1193.61,19.000,0.000,2559.18,1193.61,22.4689,9.6599,0.0000,4.8809,0.0000,17.5881,Right,0,0,0,0,86.667,0,0.000,ft_jnd,FrameTimeStutter,1,0,1,0,1,1,0.25,0.25,1.5,100,-10,100,1,5,250,40,5,250,50,1,6,11,0,0.06,4,0.05,50,8,4,2,2,100,144,5,5,300,1.05,1.05,6.0,2.0,10,6,6,-1,
17,P017,1,ft_jnd,FrameTimeStutter,418,1.87186,3.9882,2559.18,1193.61,0.000,0.000,2559.18,1193.61,22.4689,9.6599,0.0000,4.8809,0.0000,17.5881,Right,0,0,0,0,86.667,0,0.000,ft_jnd,FrameTimeStutter,1,0,1,0,1,1,0.25,0.25,1.5,100,-10,100,1,5,250,40,5,250,50,1,6,11,0,0.06,4,0.05,50,8,4,2,2,100,144,5,5,300,1.05,1.05,6.0,2.0,10,6,6,-1,
17,P017,1,ft_jnd,FrameTimeStutter,419,1.87486,2.9998,2559.18,1193.61,16.000,0.000,2559.18,1193.61,22.4689,9.6599,0.0000,4.8809,0.0000,17.5881,Right,0,0,0,0,86.667,0,0.000,ft_jnd,FrameTimeStutter,1,0,1,0,1,1,0.25,0.25,1.5,100,-10,100,1,5,250,40,5,250,50,1,6,11,0,0.06,4,0.05,50,8,4,2,2,100,144,5,5,300,1.05,1.05,6.0,2.0,10,6,6,-1,
17,P017,1,ft_jnd,FrameTimeStutter,420,1.87866,3.8044,2559.18,1193.61,0.000,0.000,2559.18,1193.61,22.4689,9.6599,0.0000,4.8809,0.0000,17.5881,Right,0,0,0,0,86.667,0,0.000,ft_jnd,FrameTimeStutter,1,0,1,0,1,1,0.25,0.25,1.5,100,-10,100,1,5,250,40,5,250,50,1,6,11,0,0.06,4,0.05,50,8,4,2,2,100,144,5,5,300,1.05,1.05,6.0,2.0,10,6,6,-1,
17,P017,1,ft_jnd,FrameTimeStutter,421,1.88276,4.1000,2559.18,1193.61,13.000,0.000,2559.18,1193.61,22.4689,9.6599,0.0000,4.8809,0.0000,17.5881,Right,0,0,0,0,86.667,0,0.000,ft_jnd,FrameTimeStutter,1,0,1,0,1,1,0.25,0.25,1.5,100,-10,100,1,5,250,40,5,250,50,1,6,11,0,0.06,4,0.05,50,8,4,2,2,100,144,5,5,300,1.05,1.05,6.0,2.0,10,6,6,-1,
17,P017,1,ft_jnd,FrameTimeStutter,422,1.88718,4.4123,2559.18,1193.61,0.000,0.000,2559.18,1193.61,22.4689,9.6599,0.0000,4.8809,0.0000,17.5881,Right,0,0,0,0,86.667,0,0.000,ft_jnd,FrameTimeStutter,1,0,1,0,1,1,0.25,0.25,1.5,100,-10,100,1,5,250,40,5,250,50,1,6,11,0,0.06,4,0.05,50,8,4,2,2,100,144,5,5,300,1.05,1.05,6.0,2.0,10,6,6,-1,
17,P017,1,ft_jnd,FrameTimeStutter,423,1.89154,4.3658,2559.18,1193.61,13.000,0.000,2559.18,1193.61,22.4689,9.6599,0.0000,4.8809,0.0000,17.5881,Right,0,0,0,0,86.667,0,0.000,ft_jnd,FrameTimeStutter,1,0,1,0,1,1,0.25,0.25,1.5,100,-10,100,1,5,250,40,5,250,50,1,6,11,0,0.06,4,0.05,50,8,4,2,2,100,144,5,5,300,1.05,1.05,6.0,2.0,10,6,6,-1,
17,P017,1,ft_jnd,FrameTimeStutter,424,1.89613,4.5829,2559.18,1193.61,0.000,0.000,2559.18,1193.61,22.4689,9.6599,0.0000,4.8809,0.0000,17.5881,Right,0,0,0,0,86.667,0,0.000,ft_jnd,FrameTimeStutter,1,0,1,0,1,1,0.25,0.25,1.5,100,-10,100,1,5,250,40,5,250,50,1,6,11,0,0.06,4,0.05,50,8,4,2,2,100,144,5,5,300,1.05,1.05,6.0,2.0,10,6,6,-1,
17,P017,1,ft_jnd,FrameTimeStutter,425,1.90015,4.0235,2559.18,1193.61,12.000,0.000,2559.18,1193.61,22.4689,9.6599,0.0000,4.8809,0.0000,17.5881,Right,0,0,0,0,86.667,0,0.000,ft_jnd,FrameTimeStutter,1,0,1,0,1,1,0.25,0.25,1.5,100,-10,100,1,5,250,40,5,250,50,1,6,11,0,0.06,4,0.05,50,8,4,2,2,100,144,5,5,300,1.05,1.05,6.0,2.0,10,6,6,-1,
17,P017,1,ft_jnd,FrameTimeStutter,426,1.90357,3.4167,2559.18,1193.61,0.000,0.000,2559.18,1193.61,22.4689,9.6599,0.0000,4.8809,0.0000,17.5881,Right,0,0,0,0,86.667,0,0.000,ft_jnd,FrameTimeStutter,1,0,1,0,1,1,0.25,0.25,1.5,100,-10,100,1,5,250,40,5,250,50,1,6,11,0,0.06,4,0.05,50,8,4,2,2,100,144,5,5,300,1.05,1.05,6.0,2.0,10,6,6,-1,
17,P017,1,ft_jnd,FrameTimeStutter,427,1.90685,3.2883,2559.18,1193.61,13.000,0.000,2559.18,1193.61,22.4689,9.6599,0.0000,4.8809,0.0000,17.5881,Right,0,0,0,0,86.667,0,0.000,ft_jnd,FrameTimeStutter,1,0,1,0,1,1,0.25,0.25,1.5,100,-10,100,1,5,250,40,5,250,50,1,6,11,0,0.06,4,0.05,50,8,4,2,2,100,144,5,5,300,1.05,1.05,6.0,2.0,10,6,6,-1,
17,P017,1,ft_jnd,FrameTimeStutter,428,1.91011,3.2551,2559.18,1193.61,0.000,0.000,2559.18,1193.61,22.4689,9.6599,0.0000,4.8809,0.0000,17.5881,Right,0,0,0,0,86.667,0,0.000,ft_jnd,FrameTimeStutter,1,0,1,0,1,1,0.25,0.25,1.5,100,-10,100,1,5,250,40,5,250,50,1,6,11,0,0.06,4,0.05,50,8,4,2,2,100,144,5,5,300,1.05,1.05,6.0,2.0,10,6,6,-1,
17,P017,1,ft_jnd,FrameTimeStutter,429,1.91362,3.5090,2559.18,1193.61,11.000,0.000,2559.18,1193.61,22.4689,9.6599,0.0000,4.8809,0.0000,17.5881,Right,0,0,0,0,86.667,0,0.000,ft_jnd,FrameTimeStutter,1,0,1,0,1,1,0.25,0.25,1.5,100,-10,100,1,5,250,40,5,250,50,1,6,11,0,0.06,4,0.05,50,8,4,2,2,100,144,5,5,300,1.05,1.05,6.0,2.0,10,6,6,-1,
17,P017,1,ft_jnd,FrameTimeStutter,430,1.91669,3.0696,2559.18,1193.61,0.000,0.000,2559.18,1193.61,22.4689,9.6599,0.0000,4.8809,0.0000,17.5881,Right,0,0,0,0,86.667,0,0.000,ft_jnd,FrameTimeStutter,1,0,1,0,1,1,0.25,0.25,1.5,100,-10,100,1,5,250,40,5,250,50,1,6,11,0,0.06,4,0.05,50,8,4,2,2,100,144,5,5,300,1.05,1.05,6.0,2.0,10,6,6,-1,
17,P017,1,ft_jnd,FrameTimeStutter,431,1.92188,5.1961,2559.18,1193.61,0.000,0.000,2559.18,1193.61,22.4689,9.6599,0.0000,4.8809,0.0000,17.5881,Right,0,0,0,0,86.667,0,0.000,ft_jnd,FrameTimeStutter,1,0,1,0,1,1,0.25,0.25,1.5,100,-10,100,1,5,250,40,5,250,50,1,6,11,0,0.06,4,0.05,50,8,4,2,2,100,144,5,5,300,1.05,1.05,6.0,2.0,10,6,6,-1,
17,P017,1,ft_jnd,FrameTimeStutter,432,1.92635,4.4638,2559.18,1193.61,11.000,0.000,2559.18,1193.61,22.4689,9.6599,0.0000,4.8809,0.0000,17.5881,Right,0,0,0,0,86.667,0,0.000,ft_jnd,FrameTimeStutter,1,0,1,0,1,1,0.25,0.25,1.5,100,-10,100,1,5,250,40,5,250,50,1,6,11,0,0.06,4,0.05,50,8,4,2,2,100,144,5,5,300,1.05,1.05,6.0,2.0,10,6,6,-1,
17,P017,1,ft_jnd,FrameTimeStutter,433,1.93037,4.0187,2559.18,1192.13,10.000,-1.000,2559.18,1192.13,22.4689,9.6329,0.0000,4.8809,0.0000,17.5881,Right,0,0,0,0,86.667,0,0.000,ft_jnd,FrameTimeStutter,1,0,1,0,1,1,0.25,0.25,1.5,100,-10,100,1,5,250,40,5,250,50,1,6,11,0,0.06,4,0.05,50,8,4,2,2,100,144,5,5,300,1.05,1.05,6.0,2.0,10,6,6,-1,
17,P017,1,ft_jnd,FrameTimeStutter,434,1.93385,3.4874,2559.18,1192.13,0.000,0.000,2559.18,1192.13,22.4689,9.6329,0.0000,4.8809,0.0000,17.5881,Right,0,0,0,0,86.667,0,0.000,ft_jnd,FrameTimeStutter,1,0,1,0,1,1,0.25,0.25,1.5,100,-10,100,1,5,250,40,5,250,50,1,6,11,0,0.06,4,0.05,50,8,4,2,2,100,144,5,5,300,1.05,1.05,6.0,2.0,10,6,6,-1,
17,P017,1,ft_jnd,FrameTimeStutter,435,1.93715,3.2971,2559.18,1192.13,8.000,0.000,2559.18,1192.13,22.4689,9.6329,0.0000,4.8809,0.0000,17.5881,Right,0,0,0,0,86.667,0,0.000,ft_jnd,FrameTimeStutter,1,0,1,0,1,1,0.25,0.25,1.5,100,-10,100,1,5,250,40,5,250,50,1,6,11,0,0.06,4,0.05,50,8,4,2,2,100,144,5,5,300,1.05,1.05,6.0,2.0,10,6,6,-1,
17,P017,1,ft_jnd,FrameTimeStutter,436,1.94135,4.1969,2559.18,1192.13,0.000,0.000,2559.18,1192.13,22.4689,9.6329,0.0000,4.8809,0.0000,17.5881,Right,0,0,0,0,86.667,0,0.000,ft_jnd,FrameTimeStutter,1,0,1,0,1,1,0.25,0.25,1.5,100,-10,100,1,5,250,40,5,250,50,1,6,11,0,0.06,4,0.05,50,8,4,2,2,100,144,5,5,300,1.05,1.05,6.0,2.0,10,6,6,-1,
17,P017,1,ft_jnd,FrameTimeStutter,437,1.94477,3.4236,2559.18,1192.13,8.000,0.000,2559.18,1192.13,22.4689,9.6329,0.0000,4.8809,0.0000,17.5881,Right,0,0,0,0,86.667,0,0.000,ft_jnd,FrameTimeStutter,1,0,1,0,1,1,0.25,0.25,1.5,100,-10,100,1,5,250,40,5,250,50,1,6,11,0,0.06,4,0.05,50,8,4,2,2,100,144,5,5,300,1.05,1.05,6.0,2.0,10,6,6,-1,
17,P017,1,ft_jnd,FrameTimeStutter,438,1.94829,3.5235,2559.18,1192.13,0.000,0.000,2559.18,1192.13,22.4689,9.6329,0.0000,4.8809,0.0000,17.5881,Right,0,0,0,0,86.667,0,0.000,ft_jnd,FrameTimeStutter,1,0,1,0,1,1,0.25,0.25,1.5,100,-10,100,1,5,250,40,5,250,50,1,6,11,0,0.06,4,0.05,50,8,4,2,2,100,144,5,5,300,1.05,1.05,6.0,2.0,10,6,6,-1,
17,P017,1,ft_jnd,FrameTimeStutter,439,1.95312,4.8226,2559.18,1192.13,0.000,0.000,2559.18,1192.13,22.4689,9.6329,0.0000,4.8809,0.0000,17.5881,Right,0,0,0,0,86.667,0,0.000,ft_jnd,FrameTimeStutter,1,0,1,0,1,1,0.25,0.25,1.5,100,-10,100,1,5,250,40,5,250,50,1,6,11,0,0.06,4,0.05,50,8,4,2,2,100,144,5,5,300,1.05,1.05,6.0,2.0,10,6,6,-1,
17,P017,1,ft_jnd,FrameTimeStutter,440,1.95659,3.4737,2559.18,1192.13,6.000,0.000,2559.18,1192.13,22.4689,9.6329,0.0000,4.8809,0.0000,17.5881,Right,0,0,0,0,86.667,0,0.000,ft_jnd,FrameTimeStutter,1,0,1,0,1,1,0.25,0.25,1.5,100,-10,100,1,5,250,40,5,250,50,1,6,11,0,0.06,4,0.05,50,8,4,2,2,100,144,5,5,300,1.05,1.05,6.0,2.0,10,6,6,-1,
17,P017,1,ft_jnd,FrameTimeStutter,441,1.96072,4.1261,2559.18,1192.13,0.000,0.000,2559.18,1192.13,22.4689,9.6329,0.0000,4.8809,0.0000,17.5881,Right,0,0,0,0,86.667,0,0.000,ft_jnd,FrameTimeStutter,1,0,1,0,1,1,0.25,0.25,1.5,100,-10,100,1,5,250,40,5,250,50,1,6,11,0,0.06,4,0.05,50,8,4,2,2,100,144,5,5,300,1.05,1.05,6.0,2.0,10,6,6,-1,
17,P017,1,ft_jnd,FrameTimeStutter,442,1.96542,4.7015,2559.18,1192.13,4.000,0.000,2559.18,1192.13,22.4689,9.6329,0.0000,4.8809,0.0000,17.5881,Right,0,0,0,0,86.667,0,0.000,ft_jnd,FrameTimeStutter,1,0,1,0,1,1,0.25,0.25,1.5,100,-10,100,1,5,250,40,5,250,50,1,6,11,0,0.06,4,0.05,50,8,4,2,2,100,144,5,5,300,1.05,1.05,6.0,2.0,10,6,6,-1,
17,P017,1,ft_jnd,FrameTimeStutter,443,1.96985,4.4307,2559.18,1192.13,3.000,0.000,2559.18,1192.13,22.4689,9.6329,0.0000,4.8809,0.0000,17.5881,Right,0,0,0,0,86.667,0,0.000,ft_jnd,FrameTimeStutter,1,0,1,0,1,1,0.25,0.25,1.5,100,-10,100,1,5,250,40,5,250,50,1,6,11,0,0.06,4,0.05,50,8,4,2,2,100,144,5,5,300,1.05,1.05,6.0,2.0,10,6,6,-1,
17,P017,1,ft_jnd,FrameTimeStutter,444,1.97427,4.4255,2559.18,1192.13,0.000,0.000,2559.18,1192.13,22.4689,9.6329,0.0000,4.8809,0.0000,17.5881,Right,0,0,0,0,86.667,0,0.000,ft_jnd,FrameTimeStutter,1,0,1,0,1,1,0.25,0.25,1.5,100,-10,100,1,5,250,40,5,250,50,1,6,11,0,0.06,4,0.05,50,8,4,2,2,100,144,5,5,300,1.05,1.05,6.0,2.0,10,6,6,-1,
17,P017,1,ft_jnd,FrameTimeStutter,445,1.97729,3.0185,2559.18,1192.13,2.000,0.000,2559.18,1192.13,22.4689,9.6329,0.0000,4.8809,0.0000,17.5881,Right,0,0,0,0,86.667,0,0.000,ft_jnd,FrameTimeStutter,1,0,1,0,1,1,0.25,0.25,1.5,100,-10,100,1,5,250,40,5,250,50,1,6,11,0,0.06,4,0.05,50,8,4,2,2,100,144,5,5,300,1.05,1.05,6.0,2.0,10,6,6,-1,
17,P017,1,ft_jnd,FrameTimeStutter,446,1.98152,4.2262,2559.18,1192.13,0.000,0.000,2559.18,1192.13,22.4689,9.6329,0.0000,4.8809,0.0000,17.5881,Right,0,0,0,0,86.667,0,0.000,ft_jnd,FrameTimeStutter,1,0,1,0,1,1,0.25,0.25,1.5,100,-10,100,1,5,250,40,5,250,50,1,6,11,0,0.06,4,0.05,50,8,4,2,2,100,144,5,5,300,1.05,1.05,6.0,2.0,10,6,6,-1,
17,P017,1,ft_jnd,FrameTimeStutter,447,1.98451,2.9890,2559.18,1192.13,1.000,0.000,2559.18,1192.13,22.4689,9.6329,0.0000,4.8809,0.0000,17.5881,Right,0,0,0,0,86.667,0,0.000,ft_jnd,FrameTimeStutter,1,0,1,0,1,1,0.25,0.25,1.5,100,-10,100,1,5,250,40,5,250,50,1,6,11,0,0.06,4,0.05,50,8,4,2,2,100,144,5,5,300,1.05,1.05,6.0,2.0,10,6,6,-1,
17,P017,1,ft_jnd,FrameTimeStutter,448,1.98863,4.1243,2559.18,1192.13,0.000,0.000,2559.18,1192.13,22.4689,9.6329,0.0000,4.8809,0.0000,17.5881,Right,0,0,0,0,86.667,0,0.000,ft_jnd,FrameTimeStutter,1,0,1,0,1,1,0.25,0.25,1.5,100,-10,100,1,5,250,40,5,250,50,1,6,11,0,0.06,4,0.05,50,8,4,2,2,100,144,5,5,300,1.05,1.05,6.0,2.0,10,6,6,-1,
17,P017,1,ft_jnd,FrameTimeStutter,449,1.99304,4.4074,2559.18,1192.13,0.000,0.000,2559.18,1192.13,22.4689,9.6329,0.0000,4.8809,0.0000,17.5881,Right,0,0,0,0,86.667,0,0.000,ft_jnd,FrameTimeStutter,1,0,1,0,1,1,0.25,0.25,1.5,100,-10,100,1,5,250,40,5,250,50,1,6,11,0,0.06,4,0.05,50,8,4,2,2,100,144,5,5,300,1.05,1.05,6.0,2.0,10,6,6,-1,
17,P017,1,ft_jnd,FrameTimeStutter,450,1.99709,4.0535,2559.18,1192.13,1.000,0.000,2559.18,1192.13,22.4689,9.6329,0.0000,4.8809,0.0000,17.5881,Right,0,0,0,0,86.667,0,0.000,ft_jnd,FrameTimeStutter,1,0,1,0,1,1,0.25,0.25,1.5,100,-10,100,1,5,250,40,5,250,50,1,6,11,0,0.06,4,0.05,50,8,4,2,2,100,144,5,5,300,1.05,1.05,6.0,2.0,10,6,6,-1,
17,P017,1,ft_jnd,FrameTimeStutter,451,2.00152,4.4302,2559.18,1192.13,0.000,0.000,2559.18,1192.13,22.4689,9.6329,0.0000,4.8809,0.0000,17.5881,Right,0,0,0,0,86.667,0,0.000,ft_jnd,FrameTimeStutter,1,0,1,0,1,1,0.25,0.25,1.5,100,-10,100,1,5,250,40,5,250,50,1,6,11,0,0.06,4,0.05,50,8,4,2,2,100,144,5,5,300,1.05,1.05,6.0,2.0,10,6,6,-1,
17,P017,1,ft_jnd,FrameTimeStutter,452,2.00593,4.4040,2559.18,1192.13,1.000,0.000,2559.18,1192.13,22.4689,9.6329,0.0000,4.8809,0.0000,17.5881,Right,0,0,0,0,86.667,0,0.000,ft_jnd,FrameTimeStutter,1,0,1,0,1,1,0.25,0.25,1.5,100,-10,100,1,5,250,40,5,250,50,1,6,11,0,0.06,4,0.05,50,8,4,2,2,100,144,5,5,300,1.05,1.05,6.0,2.0,10,6,6,-1,
17,P017,1,ft_jnd,FrameTimeStutter,453,2.01037,4.4445,2559.18,1192.13,1.000,0.000,2559.18,1192.13,22.4689,9.6329,0.0000,4.8809,0.0000,17.5881,Right,0,0,0,0,86.667,0,0.000,ft_jnd,FrameTimeStutter,1,0,1,0,1,1,0.25,0.25,1.5,100,-10,100,1,5,250,40,5,250,50,1,6,11,0,0.06,4,0.05,50,8,4,2,2,100,144,5,5,300,1.05,1.05,6.0,2.0,10,6,6,-1,
17,P017,1,ft_jnd,FrameTimeStutter,454,2.01338,3.0071,2559.18,1192.13,0.000,0.000,2559.18,1192.13,22.4689,9.6329,0.0000,4.8809,0.0000,17.5881,Right,0,0,0,0,86.667,0,0.000,ft_jnd,FrameTimeStutter,1,0,1,0,1,1,0.25,0.25,1.5,100,-10,100,1,5,250,40,5,250,50,1,6,11,0,0.06,4,0.05,50,8,4,2,2,100,144,5,5,300,1.05,1.05,6.0,2.0,10,6,6,-1,
17,P017,1,ft_jnd,FrameTimeStutter,455,2.01712,3.7404,2559.18,1192.13,0.000,0.000,2559.18,1192.13,22.4689,9.6329,0.0000,4.8809,0.0000,17.5881,Right,0,0,0,0,86.667,0,0.000,ft_jnd,FrameTimeStutter,1,0,1,0,1,1,0.25,0.25,1.5,100,-10,100,1,5,250,40,5,250,50,1,6,11,0,0.06,4,0.05,50,8,4,2,2,100,144,5,5,300,1.05,1.05,6.0,2.0,10,6,6,-1,
17,P017,1,ft_jnd,FrameTimeStutter,456,2.02010,2.9835,2559.18,1192.13,1.000,0.000,2559.18,1192.13,22.4689,9.6329,0.0000,4.8809,0.0000,17.5881,Right,0,0,0,0,86.667,0,0.000,ft_jnd,FrameTimeStutter,1,0,1,0,1,1,0.25,0.25,1.5,100,-10,100,1,5,250,40,5,250,50,1,6,11,0,0.06,4,0.05,50,8,4,2,2,100,144,5,5,300,1.05,1.05,6.0,2.0,10,6,6,-1,
17,P017,1,ft_jnd,FrameTimeStutter,457,2.02386,3.7551,2559.18,1192.13,0.000,0.000,2559.18,1192.13,22.4689,9.6329,0.0000,4.8809,0.0000,17.5881,Right,0,0,0,0,86.667,0,0.000,ft_jnd,FrameTimeStutter,1,0,1,0,1,1,0.25,0.25,1.5,100,-10,100,1,5,250,40,5,250,50,1,6,11,0,0.06,4,0.05,50,8,4,2,2,100,144,5,5,300,1.05,1.05,6.0,2.0,10,6,6,-1,
17,P017,1,ft_jnd,FrameTimeStutter,458,2.02795,4.0930,2559.18,1192.13,2.000,0.000,2559.18,1192.13,22.4689,9.6329,0.0000,4.8809,0.0000,17.5881,Right,0,0,0,0,86.667,0,0.000,ft_jnd,FrameTimeStutter,1,0,1,0,1,1,0.25,0.25,1.5,100,-10,100,1,5,250,40,5,250,50,1,6,11,0,0.06,4,0.05,50,8,4,2,2,100,144,5,5,300,1.05,1.05,6.0,2.0,10,6,6,-1,
17,P017,1,ft_jnd,FrameTimeStutter,459,2.03140,3.4445,2559.18,1192.13,0.000,0.000,2559.18,1192.13,22.4689,9.6329,0.0000,4.8809,0.0000,17.5881,Right,0,0,0,0,86.667,0,0.000,ft_jnd,FrameTimeStutter,1,0,1,0,1,1,0.25,0.25,1.5,100,-10,100,1,5,250,40,5,250,50,1,6,11,0,0.06,4,0.05,50,8,4,2,2,100,144,5,5,300,1.05,1.05,6.0,2.0,10,6,6,-1,
17,P017,1,ft_jnd,FrameTimeStutter,460,2.03584,4.4475,2559.18,1192.13,2.000,0.000,2559.18,1192.13,22.4689,9.6329,0.0000,4.8809,0.0000,17.5881,Right,0,0,0,0,86.667,0,0.000,ft_jnd,FrameTimeStutter,1,0,1,0,1,1,0.25,0.25,1.5,100,-10,100,1,5,250,40,5,250,50,1,6,11,0,0.06,4,0.05,50,8,4,2,2,100,144,5,5,300,1.05,1.05,6.0,2.0,10,6,6,-1,
17,P017,1,ft_jnd,FrameTimeStutter,461,2.03886,3.0167,2559.18,1192.13,0.000,0.000,2559.18,1192.13,22.4689,9.6329,0.0000,4.8809,0.0000,17.5881,Right,0,0,0,0,86.667,0,0.000,ft_jnd,FrameTimeStutter,1,0,1,0,1,1,0.25,0.25,1.5,100,-10,100,1,5,250,40,5,250,50,1,6,11,0,0.06,4,0.05,50,8,4,2,2,100,144,5,5,300,1.05,1.05,6.0,2.0,10,6,6,-1,
17,P017,1,ft_jnd,FrameTimeStutter,462,2.04357,4.7058,2559.18,1192.13,2.000,0.000,2559.18,1192.13,22.4689,9.6329,0.0000,4.8809,0.0000,17.5881,Right,0,0,0,0,86.667,0,0.000,ft_jnd,FrameTimeStutter,1,0,1,0,1,1,0.25,0.25,1.5,100,-10,100,1,5,250,40,5,250,50,1,6,11,0,0.06,4,0.05,50,8,4,2,2,100,144,5,5,300,1.05,1.05,6.0,2.0,10,6,6,-1,
17,P017,1,ft_jnd,FrameTimeStutter,463,2.04700,3.4305,2559.18,1192.13,0.000,0.000,2559.18,1192.13,22.4689,9.6329,0.0000,4.8809,0.0000,17.5881,Right,0,0,0,0,86.667,0,0.000,ft_jnd,FrameTimeStutter,1,0,1,0,1,1,0.25,0.25,1.5,100,-10,100,1,5,250,40,5,250,50,1,6,11,0,0.06,4,0.05,50,8,4,2,2,100,144,5,5,300,1.05,1.05,6.0,2.0,10,6,6,-1,
17,P017,1,ft_jnd,FrameTimeStutter,464,2.05024,3.2413,2559.18,1192.13,1.000,0.000,2559.18,1192.13,22.4689,9.6329,0.0000,4.8809,0.0000,17.5881,Right,0,0,0,0,86.667,0,0.000,ft_jnd,FrameTimeStutter,1,0,1,0,1,1,0.25,0.25,1.5,100,-10,100,1,5,250,40,5,250,50,1,6,11,0,0.06,4,0.05,50,8,4,2,2,100,144,5,5,300,1.05,1.05,6.0,2.0,10,6,6,-1,
17,P017,1,ft_jnd,FrameTimeStutter,465,2.05468,4.4430,2559.18,1192.13,0.000,0.000,2559.18,1192.13,22.4689,9.6329,0.0000,4.8809,0.0000,17.5881,Right,0,0,0,0,86.667,0,0.000,ft_jnd,FrameTimeStutter,1,0,1,0,1,1,0.25,0.25,1.5,100,-10,100,1,5,250,40,5,250,50,1,6,11,0,0.06,4,0.05,50,8,4,2,2,100,144,5,5,300,1.05,1.05,6.0,2.0,10,6,6,-1,
17,P017,1,ft_jnd,FrameTimeStutter,466,2.05798,3.3006,2559.18,1192.13,1.000,0.000,2559.18,1192.13,22.4689,9.6329,0.0000,4.8809,0.0000,17.5881,Right,0,0,0,0,86.667,0,0.000,ft_jnd,FrameTimeStutter,1,0,1,0,1,1,0.25,0.25,1.5,100,-10,100,1,5,250,40,5,250,50,1,6,11,0,0.06,4,0.05,50,8,4,2,2,100,144,5,5,300,1.05,1.05,6.0,2.0,10,6,6,-1,
17,P017,1,ft_jnd,FrameTimeStutter,467,2.06246,4.4824,2559.18,1192.13,0.000,0.000,2559.18,1192.13,22.4689,9.6329,0.0000,4.8809,0.0000,17.5881,Right,0,0,0,0,86.667,0,0.000,ft_jnd,FrameTimeStutter,1,0,1,0,1,1,0.25,0.25,1.5,100,-10,100,1,5,250,40,5,250,50,1,6,11,0,0.06,4,0.05,50,8,4,2,2,100,144,5,5,300,1.05,1.05,6.0,2.0,10,6,6,-1,
17,P017,1,ft_jnd,FrameTimeStutter,468,2.06694,4.4785,2559.18,1192.13,1.000,0.000,2559.18,1192.13,22.4689,9.6329,0.0000,4.8809,0.0000,17.5881,Right,0,0,0,0,86.667,0,0.000,ft_jnd,FrameTimeStutter,1,0,1,0,1,1,0.25,0.25,1.5,100,-10,100,1,5,250,40,5,250,50,1,6,11,0,0.06,4,0.05,50,8,4,2,2,100,144,5,5,300,1.05,1.05,6.0,2.0,10,6,6,-1,
17,P017,1,ft_jnd,FrameTimeStutter,469,2.07136,4.4183,2559.18,1192.13,0.000,0.000,2559.18,1192.13,22.4689,9.6329,0.0000,4.8809,0.0000,17.5881,Right,0,0,0,0,86.667,0,0.000,ft_jnd,FrameTimeStutter,1,0,1,0,1,1,0.25,0.25,1.5,100,-10,100,1,5,250,40,5,250,50,1,6,11,0,0.06,4,0.05,50,8,4,2,2,100,144,5,5,300,1.05,1.05,6.0,2.0,10,6,6,-1,
17,P017,1,ft_jnd,FrameTimeStutter,470,2.07536,3.9965,2559.18,1192.13,0.000,0.000,2559.18,1192.13,22.4689,9.6329,0.0000,4.8809,0.0000,17.5881,Right,0,0,0,0,86.667,0,0.000,ft_jnd,FrameTimeStutter,1,0,1,0,1,1,0.25,0.25,1.5,100,-10,100,1,5,250,40,5,250,50,1,6,11,0,0.06,4,0.05,50,8,4,2,2,100,144,5,5,300,1.05,1.05,6.0,2.0,10,6,6,-1,
17,P017,1,ft_jnd,FrameTimeStutter,471,2.07976,4.4072,2559.18,1192.13,0.000,0.000,2559.18,1192.13,22.4689,9.6329,0.0000,4.8809,0.0000,17.5881,Right,0,0,0,0,86.667,0,0.000,ft_jnd,FrameTimeStutter,1,0,1,0,1,1,0.25,0.25,1.5,100,-10,100,1,5,250,40,5,250,50,1,6,11,0,0.06,4,0.05,50,8,4,2,2,100,144,5,5,300,1.05,1.05,6.0,2.0,10,6,6,-1,
17,P017,1,ft_jnd,FrameTimeStutter,472,2.08419,4.4273,2559.18,1192.13,0.000,0.000,2559.18,1192.13,22.4689,9.6329,0.0000,4.8809,0.0000,17.5881,Right,0,0,0,0,86.667,0,0.000,ft_jnd,FrameTimeStutter,1,0,1,0,1,1,0.25,0.25,1.5,100,-10,100,1,5,250,40,5,250,50,1,6,11,0,0.06,4,0.05,50,8,4,2,2,100,144,5,5,300,1.05,1.05,6.0,2.0,10,6,6,-1,
17,P017,1,ft_jnd,FrameTimeStutter,473,2.08722,3.0309,2559.18,1192.13,0.000,0.000,2559.18,1192.13,22.4689,9.6329,0.0000,4.8809,0.0000,17.5881,Right,0,0,0,0,86.667,0,0.000,ft_jnd,FrameTimeStutter,1,0,1,0,1,1,0.25,0.25,1.5,100,-10,100,1,5,250,40,5,250,50,1,6,11,0,0.06,4,0.05,50,8,4,2,2,100,144,5,5,300,1.05,1.05,6.0,2.0,10,6,6,-1,
17,P017,1,ft_jnd,FrameTimeStutter,474,2.09127,4.0428,2559.18,1192.13,0.000,0.000,2559.18,1192.13,22.4689,9.6329,0.0000,4.8809,0.0000,17.5881,Right,0,0,0,0,86.667,0,0.000,ft_jnd,FrameTimeStutter,1,0,1,0,1,1,0.25,0.25,1.5,100,-10,100,1,5,250,40,5,250,50,1,6,11,0,0.06,4,0.05,50,8,4,2,2,100,144,5,5,300,1.05,1.05,6.0,2.0,10,6,6,-1,
17,P017,1,ft_jnd,FrameTimeStutter,475,2.09571,4.4433,2559.18,1192.13,0.000,0.000,2559.18,1192.13,22.4689,9.6329,0.0000,4.8809,0.0000,17.5881,Right,0,0,0,0,86.667,0,0.000,ft_jnd,FrameTimeStutter,1,0,1,0,1,1,0.25,0.25,1.5,100,-10,100,1,5,250,40,5,250,50,1,6,11,0,0.06,4,0.05,50,8,4,2,2,100,144,5,5,300,1.05,1.05,6.0,2.0,10,6,6,-1,
17,P017,1,ft_jnd,FrameTimeStutter,476,2.09989,4.1861,2559.18,1192.13,0.000,0.000,2559.18,1192.13,22.4689,9.6329,0.0000,4.8809,0.0000,17.5881,Right,0,0,0,0,86.667,0,0.000,ft_jnd,FrameTimeStutter,1,0,1,0,1,1,0.25,0.25,1.5,100,-10,100,1,5,250,40,5,250,50,1,6,11,0,0.06,4,0.05,50,8,4,2,2,100,144,5,5,300,1.05,1.05,6.0,2.0,10,6,6,-1,
17,P017,1,ft_jnd,FrameTimeStutter,477,2.10454,4.6453,2559.18,1192.13,0.000,0.000,2559.18,1192.13,22.4689,9.6329,0.0000,4.8809,0.0000,17.5881,Right,0,0,0,0,86.667,0,0.000,ft_jnd,FrameTimeStutter,1,0,1,0,1,1,0.25,0.25,1.5,100,-10,100,1,5,250,40,5,250,50,1,6,11,0,0.06,4,0.05,50,8,4,2,2,100,144,5,5,300,1.05,1.05,6.0,2.0,10,6,6,-1,
17,P017,1,ft_jnd,FrameTimeStutter,478,2.10897,4.4328,2559.18,1192.13,0.000,0.000,2559.18,1192.13,22.4689,9.6329,0.0000,4.8809,0.0000,17.5881,Right,0,0,0,0,86.667,0,0.000,ft_jnd,FrameTimeStutter,1,0,1,0,1,1,0.25,0.25,1.5,100,-10,100,1,5,250,40,5,250,50,1,6,11,0,0.06,4,0.05,50,8,4,2,2,100,144,5,5,300,1.05,1.05,6.0,2.0,10,6,6,-1,
17,P017,1,ft_jnd,FrameTimeStutter,479,2.11300,4.0236,2559.18,1192.13,0.000,0.000,2559.18,1192.13,22.4689,9.6329,0.0000,4.8809,0.0000,17.5881,Right,0,0,0,0,86.667,0,0.000,ft_jnd,FrameTimeStutter,1,0,1,0,1,1,0.25,0.25,1.5,100,-10,100,1,5,250,40,5,250,50,1,6,11,0,0.06,4,0.05,50,8,4,2,2,100,144,5,5,300,1.05,1.05,6.0,2.0,10,6,6,-1,
17,P017,1,ft_jnd,FrameTimeStutter,480,2.11645,3.4510,2559.18,1192.13,0.000,0.000,2559.18,1192.13,22.4689,9.6329,0.0000,4.8809,0.0000,17.5881,Right,0,0,0,0,86.667,0,0.000,ft_jnd,FrameTimeStutter,1,0,1,0,1,1,0.25,0.25,1.5,100,-10,100,1,5,250,40,5,250,50,1,6,11,0,0.06,4,0.05,50,8,4,2,2,100,144,5,5,300,1.05,1.05,6.0,2.0,10,6,6,-1,
17,P017,1,ft_jnd,FrameTimeStutter,481,2.12004,3.5919,2559.18,1192.13,0.000,0.000,2559.18,1192.13,22.4689,9.6329,0.0000,4.8809,0.0000,17.5881,Right,0,0,0,0,86.667,0,0.000,ft_jnd,FrameTimeStutter,1,0,1,0,1,1,0.25,0.25,1.5,100,-10,100,1,5,250,40,5,250,50,1,6,11,0,0.06,4,0.05,50,8,4,2,2,100,144,5,5,300,1.05,1.05,6.0,2.0,10,6,6,-1,
17,P017,1,ft_jnd,FrameTimeStutter,482,2.12308,3.0370,2559.18,1192.13,0.000,0.000,2559.18,1192.13,22.4689,9.6329,0.0000,4.8809,0.0000,17.5881,Right,0,0,0,0,86.667,0,0.000,ft_jnd,FrameTimeStutter,1,0,1,0,1,1,0.25,0.25,1.5,100,-10,100,1,5,250,40,5,250,50,1,6,11,0,0.06,4,0.05,50,8,4,2,2,100,144,5,5,300,1.05,1.05,6.0,2.0,10,6,6,-1,
17,P017,1,ft_jnd,FrameTimeStutter,483,2.12686,3.7801,2559.18,1192.13,0.000,0.000,2559.18,1192.13,22.4689,9.6329,0.0000,4.8809,0.0000,17.5881,Right,0,0,0,0,86.667,0,0.000,ft_jnd,FrameTimeStutter,1,0,1,0,1,1,0.25,0.25,1.5,100,-10,100,1,5,250,40,5,250,50,1,6,11,0,0.06,4,0.05,50,8,4,2,2,100,144,5,5,300,1.05,1.05,6.0,2.0,10,6,6,-1,
17,P017,1,ft_jnd,FrameTimeStutter,484,2.13085,3.9927,2559.18,1192.13,0.000,0.000,2559.18,1192.13,22.4689,9.6329,0.0000,4.8809,0.0000,17.5881,Right,0,0,0,0,86.667,0,0.000,ft_jnd,FrameTimeStutter,1,0,1,0,1,1,0.25,0.25,1.5,100,-10,100,1,5,250,40,5,250,50,1,6,11,0,0.06,4,0.05,50,8,4,2,2,100,144,5,5,300,1.05,1.05,6.0,2.0,10,6,6,-1,
17,P017,1,ft_jnd,FrameTimeStutter,485,2.13522,4.3747,2559.18,1192.13,0.000,0.000,2559.18,1192.13,22.4689,9.6329,0.0000,4.8809,0.0000,17.5881,Right,0,0,0,0,86.667,0,0.000,ft_jnd,FrameTimeStutter,1,0,1,0,1,1,0.25,0.25,1.5,100,-10,100,1,5,250,40,5,250,50,1,6,11,0,0.06,4,0.05,50,8,4,2,2,100,144,5,5,300,1.05,1.05,6.0,2.0,10,6,6,-1,
17,P017,1,ft_jnd,FrameTimeStutter,486,2.13959,4.3707,2559.18,1192.13,0.000,0.000,2559.18,1192.13,22.4689,9.6329,0.0000,4.8809,0.0000,17.5881,Right,0,0,0,0,86.667,0,0.000,ft_jnd,FrameTimeStutter,1,0,1,0,1,1,0.25,0.25,1.5,100,-10,100,1,5,250,40,5,250,50,1,6,11,0,0.06,4,0.05,50,8,4,2,2,100,144,5,5,300,1.05,1.05,6.0,2.0,10,6,6,-1,
17,P017,1,ft_jnd,FrameTimeStutter,487,2.14396,4.3695,2559.18,1192.13,0.000,0.000,2559.18,1192.13,22.4689,9.6329,0.0000,4.8809,0.0000,17.5881,Right,0,0,0,0,86.667,0,0.000,ft_jnd,FrameTimeStutter,1,0,1,0,1,1,0.25,0.25,1.5,100,-10,100,1,5,250,40,5,250,50,1,6,11,0,0.06,4,0.05,50,8,4,2,2,100,144,5,5,300,1.05,1.05,6.0,2.0,10,6,6,-1,
17,P017,1,ft_jnd,FrameTimeStutter,488,2.14798,4.0201,2559.18,1192.13,1.000,0.000,2559.18,1192.13,22.4689,9.6329,0.0000,4.8809,0.0000,17.5881,Right,0,0,0,0,86.667,0,0.000,ft_jnd,FrameTimeStutter,1,0,1,0,1,1,0.25,0.25,1.5,100,-10,100,1,5,250,40,5,250,50,1,6,11,0,0.06,4,0.05,50,8,4,2,2,100,144,5,5,300,1.05,1.05,6.0,2.0,10,6,6,-1,
17,P017,1,ft_jnd,FrameTimeStutter,489,2.15131,3.3281,2559.18,1192.13,0.000,0.000,2559.18,1192.13,22.4689,9.6329,0.0000,4.8809,0.0000,17.5881,Right,0,0,0,0,86.667,0,0.000,ft_jnd,FrameTimeStutter,1,0,1,0,1,1,0.25,0.25,1.5,100,-10,100,1,5,250,40,5,250,50,1,6,11,0,0.06,4,0.05,50,8,4,2,2,100,144,5,5,300,1.05,1.05,6.0,2.0,10,6,6,-1,
17,P017,1,ft_jnd,FrameTimeStutter,490,2.15464,3.3328,2559.18,1192.13,1.000,0.000,2559.18,1192.13,22.4689,9.6329,0.0000,4.8809,0.0000,17.5881,Right,0,0,0,0,86.667,0,0.000,ft_jnd,FrameTimeStutter,1,0,1,0,1,1,0.25,0.25,1.5,100,-10,100,1,5,250,40,5,250,50,1,6,11,0,0.06,4,0.05,50,8,4,2,2,100,144,5,5,300,1.05,1.05,6.0,2.0,10,6,6,-1,
17,P017,1,ft_jnd,FrameTimeStutter,491,2.15804,3.3973,2559.18,1192.13,0.000,0.000,2559.18,1192.13,22.4689,9.6329,0.0000,4.8809,0.0000,17.5881,Right,0,0,0,0,86.667,0,0.000,ft_jnd,FrameTimeStutter,1,0,1,0,1,1,0.25,0.25,1.5,100,-10,100,1,5,250,40,5,250,50,1,6,11,0,0.06,4,0.05,50,8,4,2,2,100,144,5,5,300,1.05,1.05,6.0,2.0,10,6,6,-1,
17,P017,1,ft_jnd,FrameTimeStutter,492,2.16129,3.2439,2559.18,1192.13,1.000,0.000,2559.18,1192.13,22.4689,9.6329,0.0000,4.8809,0.0000,17.5881,Right,0,0,0,0,86.667,0,0.000,ft_jnd,FrameTimeStutter,1,0,1,0,1,1,0.25,0.25,1.5,100,-10,100,1,5,250,40,5,250,50,1,6,11,0,0.06,4,0.05,50,8,4,2,2,100,144,5,5,300,1.05,1.05,6.0,2.0,10,6,6,-1,
17,P017,1,ft_jnd,FrameTimeStutter,493,2.16533,4.0447,2559.18,1192.13,0.000,0.000,2559.18,1192.13,22.4689,9.6329,0.0000,4.8809,0.0000,17.5881,Right,0,0,0,0,86.667,0,0.000,ft_jnd,FrameTimeStutter,1,0,1,0,1,1,0.25,0.25,1.5,100,-10,100,1,5,250,40,5,250,50,1,6,11,0,0.06,4,0.05,50,8,4,2,2,100,144,5,5,300,1.05,1.05,6.0,2.0,10,6,6,-1,
17,P017,1,ft_jnd,FrameTimeStutter,494,2.16967,4.3426,2559.18,1192.13,1.000,0.000,2559.18,1192.13,22.4689,9.6329,0.0000,4.8809,0.0000,17.5881,Right,0,0,0,0,86.667,0,0.000,ft_jnd,FrameTimeStutter,1,0,1,0,1,1,0.25,0.25,1.5,100,-10,100,1,5,250,40,5,250,50,1,6,11,0,0.06,4,0.05,50,8,4,2,2,100,144,5,5,300,1.05,1.05,6.0,2.0,10,6,6,-1,
17,P017,1,ft_jnd,FrameTimeStutter,495,2.17265,2.9761,2559.18,1192.13,0.000,0.000,2559.18,1192.13,22.4689,9.6329,0.0000,4.8809,0.0000,17.5881,Right,0,0,0,0,86.667,0,0.000,ft_jnd,FrameTimeStutter,1,0,1,0,1,1,0.25,0.25,1.5,100,-10,100,1,5,250,40,5,250,50,1,6,11,0,0.06,4,0.05,50,8,4,2,2,100,144,5,5,300,1.05,1.05,6.0,2.0,10,6,6,-1,
17,P017,1,ft_jnd,FrameTimeStutter,496,2.17726,4.6092,2559.18,1192.13,0.000,0.000,2559.18,1192.13,22.4689,9.6329,0.0000,4.8809,0.0000,17.5881,Right,0,0,0,0,86.667,0,0.000,ft_jnd,FrameTimeStutter,1,0,1,0,1,1,0.25,0.25,1.5,100,-10,100,1,5,250,40,5,250,50,1,6,11,0,0.06,4,0.05,50,8,4,2,2,100,144,5,5,300,1.05,1.05,6.0,2.0,10,6,6,-1,
17,P017,1,ft_jnd,FrameTimeStutter,497,2.18159,4.3264,2559.18,1192.13,0.000,0.000,2559.18,1192.13,22.4689,9.6329,0.0000,4.8809,0.0000,17.5881,Right,0,0,0,0,86.667,0,0.000,ft_jnd,FrameTimeStutter,1,0,1,0,1,1,0.25,0.25,1.5,100,-10,100,1,5,250,40,5,250,50,1,6,11,0,0.06,4,0.05,50,8,4,2,2,100,144,5,5,300,1.05,1.05,6.0,2.0,10,6,6,-1,
17,P017,1,ft_jnd,FrameTimeStutter,498,2.18591,4.3240,2559.18,1192.13,0.000,0.000,2559.18,1192.13,22.4689,9.6329,0.0000,4.8809,0.0000,17.5881,Right,0,0,0,0,86.667,0,0.000,ft_jnd,FrameTimeStutter,1,0,1,0,1,1,0.25,0.25,1.5,100,-10,100,1,5,250,40,5,250,50,1,6,11,0,0.06,4,0.05,50,8,4,2,2,100,144,5,5,300,1.05,1.05,6.0,2.0,10,6,6,-1,
17,P017,1,ft_jnd,FrameTimeStutter,499,2.18894,3.0258,2559.18,1192.13,0.000,0.000,2559.18,1192.13,22.4689,9.6329,0.0000,4.8809,0.0000,17.5881,Right,0,0,0,0,86.667,0,0.000,ft_jnd,FrameTimeStutter,1,0,1,0,1,1,0.25,0.25,1.5,100,-10,100,1,5,250,40,5,250,50,1,6,11,0,0.06,4,0.05,50,8,4,2,2,100,144,5,5,300,1.05,1.05,6.0,2.0,10,6,6,-1,
17,P017,1,ft_jnd,FrameTimeStutter,500,2.19286,3.9278,2559.18,1192.13,0.000,0.000,2559.18,1192.13,22.4689,9.6329,0.0000,4.8809,0.0000,17.5881,Right,0,0,0,0,86.667,0,0.000,ft_jnd,FrameTimeStutter,1,0,1,0,1,1,0.25,0.25,1.5,100,-10,100,1,5,250,40,5,250,50,1,6,11,0,0.06,4,0.05,50,8,4,2,2,100,144,5,5,300,1.05,1.05,6.0,2.0,10,6,6,-1,
17,P017,1,ft_jnd,FrameTimeStutter,501,2.19590,3.0341,2559.18,1192.13,0.000,0.000,2559.18,1192.13,22.4689,9.6329,0.0000,4.8809,0.0000,17.5881,Right,0,0,0,0,86.667,0,0.000,ft_jnd,FrameTimeStutter,1,0,1,0,1,1,0.25,0.25,1.5,100,-10,100,1,5,250,40,5,250,50,1,6,11,0,0.06,4,0.05,50,8,4,2,2,100,144,5,5,300,1.05,1.05,6.0,2.0,10,6,6,-1,
17,P017,1,ft_jnd,FrameTimeStutter,502,2.20006,4.1661,2559.18,1192.13,0.000,0.000,2559.18,1192.13,22.4689,9.6329,0.0000,4.8809,0.0000,17.5881,Right,0,0,0,0,86.667,0,0.000,ft_jnd,FrameTimeStutter,1,0,1,0,1,1,0.25,0.25,1.5,100,-10,100,1,5,250,40,5,250,50,1,6,11,0,0.06,4,0.05,50,8,4,2,2,100,144,5,5,300,1.05,1.05,6.0,2.0,10,6,6,-1,
17,P017,1,ft_jnd,FrameTimeStutter,503,2.20453,4.4653,2559.18,1192.13,0.000,0.000,2559.18,1192.13,22.4689,9.6329,0.0000,4.8809,0.0000,17.5881,Right,0,0,0,0,86.667,0,0.000,ft_jnd,FrameTimeStutter,1,0,1,0,1,1,0.25,0.25,1.5,100,-10,100,1,5,250,40,5,250,50,1,6,11,0,0.06,4,0.05,50,8,4,2,2,100,144,5,5,300,1.05,1.05,6.0,2.0,10,6,6,-1,
17,P017,1,ft_jnd,FrameTimeStutter,504,2.20845,3.9191,2559.18,1192.13,0.000,0.000,2559.18,1192.13,22.4689,9.6329,0.0000,4.8809,0.0000,17.5881,Right,0,0,0,0,86.667,0,0.000,ft_jnd,FrameTimeStutter,1,0,1,0,1,1,0.25,0.25,1.5,100,-10,100,1,5,250,40,5,250,50,1,6,11,0,0.06,4,0.05,50,8,4,2,2,100,144,5,5,300,1.05,1.05,6.0,2.0,10,6,6,-1,
17,P017,1,ft_jnd,FrameTimeStutter,505,2.21293,4.4849,2559.18,1192.13,0.000,0.000,2559.18,1192.13,22.4689,9.6329,0.0000,4.8809,0.0000,17.5881,Right,0,0,0,0,86.667,0,0.000,ft_jnd,FrameTimeStutter,1,0,1,0,1,1,0.25,0.25,1.5,100,-10,100,1,5,250,40,5,250,50,1,6,11,0,0.06,4,0.05,50,8,4,2,2,100,144,5,5,300,1.05,1.05,6.0,2.0,10,6,6,-1,
17,P017,1,ft_jnd,FrameTimeStutter,506,2.21730,4.3706,2559.18,1192.13,0.000,0.000,2559.18,1192.13,22.4689,9.6329,0.0000,4.8809,0.0000,17.5881,Right,0,0,0,0,86.667,0,0.000,ft_jnd,FrameTimeStutter,1,0,1,0,1,1,0.25,0.25,1.5,100,-10,100,1,5,250,40,5,250,50,1,6,11,0,0.06,4,0.05,50,8,4,2,2,100,144,5,5,300,1.05,1.05,6.0,2.0,10,6,6,-1,
17,P017,1,ft_jnd,FrameTimeStutter,507,2.22123,3.9269,2559.18,1192.13,0.000,0.000,2559.18,1192.13,22.4689,9.6329,0.0000,4.8809,0.0000,17.5881,Right,0,0,0,0,86.667,0,0.000,ft_jnd,FrameTimeStutter,1,0,1,0,1,1,0.25,0.25,1.5,100,-10,100,1,5,250,40,5,250,50,1,6,11,0,0.06,4,0.05,50,8,4,2,2,100,144,5,5,300,1.05,1.05,6.0,2.0,10,6,6,-1,
17,P017,1,ft_jnd,FrameTimeStutter,508,2.22552,4.2883,2559.18,1192.13,0.000,0.000,2559.18,1192.13,22.4689,9.6329,0.0000,4.8809,0.0000,17.5881,Right,0,0,0,0,86.667,0,0.000,ft_jnd,FrameTimeStutter,1,0,1,0,1,1,0.25,0.25,1.5,100,-10,100,1,5,250,40,5,250,50,1,6,11,0,0.06,4,0.05,50,8,4,2,2,100,144,5,5,300,1.05,1.05,6.0,2.0,10,6,6,-1,
17,P017,1,ft_jnd,FrameTimeStutter,509,2.22883,3.3158,2559.18,1192.13,0.000,0.000,2559.18,1192.13,22.4689,9.6329,0.0000,4.8809,0.0000,17.5881,Right,0,0,0,0,86.667,0,0.000,ft_jnd,FrameTimeStutter,1,0,1,0,1,1,0.25,0.25,1.5,100,-10,100,1,5,250,40,5,250,50,1,6,11,0,0.06,4,0.05,50,8,4,2,2,100,144,5,5,300,1.05,1.05,6.0,2.0,10,6,6,-1,
17,P017,1,ft_jnd,FrameTimeStutter,510,2.23178,2.9411,2559.18,1192.13,0.000,0.000,2559.18,1192.13,22.4689,9.6329,0.0000,4.8809,0.0000,17.5881,Right,0,0,0,0,86.667,0,0.000,ft_jnd,FrameTimeStutter,1,0,1,0,1,1,0.25,0.25,1.5,100,-10,100,1,5,250,40,5,250,50,1,6,11,0,0.06,4,0.05,50,8,4,2,2,100,144,5,5,300,1.05,1.05,6.0,2.0,10,6,6,-1,
17,P017,1,ft_jnd,FrameTimeStutter,511,2.23535,3.5750,2559.18,1192.13,0.000,0.000,2559.18,1192.13,22.4689,9.6329,0.0000,4.8809,0.0000,17.5881,Right,0,0,0,0,86.667,0,0.000,ft_jnd,FrameTimeStutter,1,0,1,0,1,1,0.25,0.25,1.5,100,-10,100,1,5,250,40,5,250,50,1,6,11,0,0.06,4,0.05,50,8,4,2,2,100,144,5,5,300,1.05,1.05,6.0,2.0,10,6,6,-1,
17,P017,1,ft_jnd,FrameTimeStutter,512,2.23823,2.8748,2559.18,1192.13,0.000,0.000,2559.18,1192.13,22.4689,9.6329,0.0000,4.8809,0.0000,17.5881,Right,0,0,0,0,86.667,0,0.000,ft_jnd,FrameTimeStutter,1,0,1,0,1,1,0.25,0.25,1.5,100,-10,100,1,5,250,40,5,250,50,1,6,11,0,0.06,4,0.05,50,8,4,2,2,100,144,5,5,300,1.05,1.05,6.0,2.0,10,6,6,-1,
17,P017,1,ft_jnd,FrameTimeStutter,513,2.24301,4.7822,2559.18,1192.13,0.000,0.000,2559.18,1192.13,22.4689,9.6329,0.0000,4.8809,0.0000,17.5881,Right,0,0,0,0,86.667,0,0.000,ft_jnd,FrameTimeStutter,1,0,1,0,1,1,0.25,0.25,1.5,100,-10,100,1,5,250,40,5,250,50,1,6,11,0,0.06,4,0.05,50,8,4,2,2,100,144,5,5,300,1.05,1.05,6.0,2.0,10,6,6,-1,
17,P017,1,ft_jnd,FrameTimeStutter,514,2.24725,4.2411,2559.18,1192.13,0.000,0.000,2559.18,1192.13,22.4689,9.6329,0.0000,4.8809,0.0000,17.5881,Right,0,0,0,0,86.667,0,0.000,ft_jnd,FrameTimeStutter,1,0,1,0,1,1,0.25,0.25,1.5,100,-10,100,1,5,250,40,5,250,50,1,6,11,0,0.06,4,0.05,50,8,4,2,2,100,144,5,5,300,1.05,1.05,6.0,2.0,10,6,6,-1,
17,P017,1,ft_jnd,FrameTimeStutter,515,2.25113,3.8814,2559.18,1192.13,0.000,0.000,2559.18,1192.13,22.4689,9.6329,0.0000,4.8809,0.0000,17.5881,Right,0,0,0,0,86.667,0,0.000,ft_jnd,FrameTimeStutter,1,0,1,0,1,1,0.25,0.25,1.5,100,-10,100,1,5,250,40,5,250,50,1,6,11,0,0.06,4,0.05,50,8,4,2,2,100,144,5,5,300,1.05,1.05,6.0,2.0,10,6,6,-1,
17,P017,1,ft_jnd,FrameTimeStutter,516,2.25445,3.3195,2559.18,1192.13,0.000,0.000,2559.18,1192.13,22.4689,9.6329,0.0000,4.8809,0.0000,17.5881,Right,0,0,0,0,86.667,0,0.000,ft_jnd,FrameTimeStutter,1,0,1,0,1,1,0.25,0.25,1.5,100,-10,100,1,5,250,40,5,250,50,1,6,11,0,0.06,4,0.05,50,8,4,2,2,100,144,5,5,300,1.05,1.05,6.0,2.0,10,6,6,-1,
17,P017,1,ft_jnd,FrameTimeStutter,517,2.25800,3.5464,2559.18,1192.13,0.000,0.000,2559.18,1192.13,22.4689,9.6329,0.0000,4.8809,0.0000,17.5881,Right,0,0,0,0,86.667,0,0.000,ft_jnd,FrameTimeStutter,1,0,1,0,1,1,0.25,0.25,1.5,100,-10,100,1,5,250,40,5,250,50,1,6,11,0,0.06,4,0.05,50,8,4,2,2,100,144,5,5,300,1.05,1.05,6.0,2.0,10,6,6,-1,
17,P017,1,ft_jnd,FrameTimeStutter,518,2.26245,4.4517,2559.18,1192.13,0.000,0.000,2559.18,1192.13,22.4689,9.6329,0.0000,4.8809,0.0000,17.5881,Right,0,0,0,0,86.667,0,0.000,ft_jnd,FrameTimeStutter,1,0,1,0,1,1,0.25,0.25,1.5,100,-10,100,1,5,250,40,5,250,50,1,6,11,0,0.06,4,0.05,50,8,4,2,2,100,144,5,5,300,1.05,1.05,6.0,2.0,10,6,6,-1,
17,P017,1,ft_jnd,FrameTimeStutter,519,2.26575,3.3042,2559.18,1192.13,0.000,0.000,2559.18,1192.13,22.4689,9.6329,0.0000,4.8809,0.0000,17.5881,Right,0,0,0,0,86.667,0,0.000,ft_jnd,FrameTimeStutter,1,0,1,0,1,1,0.25,0.25,1.5,100,-10,100,1,5,250,40,5,250,50,1,6,11,0,0.06,4,0.05,50,8,4,2,2,100,144,5,5,300,1.05,1.05,6.0,2.0,10,6,6,-1,
17,P017,1,ft_jnd,FrameTimeStutter,520,2.26863,2.8787,2559.18,1192.13,0.000,0.000,2559.18,1192.13,22.4689,9.6329,0.0000,4.8809,0.0000,17.5881,Right,0,0,0,0,86.667,0,0.000,ft_jnd,FrameTimeStutter,1,0,1,0,1,1,0.25,0.25,1.5,100,-10,100,1,5,250,40,5,250,50,1,6,11,0,0.06,4,0.05,50,8,4,2,2,100,144,5,5,300,1.05,1.05,6.0,2.0,10,6,6,-1,
17,P017,1,ft_jnd,FrameTimeStutter,521,2.27294,4.3083,2559.18,1192.13,0.000,0.000,2559.18,1192.13,22.4689,9.6329,0.0000,4.8809,0.0000,17.5881,Right,0,0,0,0,86.667,0,0.000,ft_jnd,FrameTimeStutter,1,0,1,0,1,1,0.25,0.25,1.5,100,-10,100,1,5,250,40,5,250,50,1,6,11,0,0.06,4,0.05,50,8,4,2,2,100,144,5,5,300,1.05,1.05,6.0,2.0,10,6,6,-1,
17,P017,1,ft_jnd,FrameTimeStutter,522,2.27715,4.2129,2559.18,1192.13,0.000,0.000,2559.18,1192.13,22.4689,9.6329,0.0000,4.8809,0.0000,17.5881,Right,0,0,0,0,86.667,0,0.000,ft_jnd,FrameTimeStutter,1,0,1,0,1,1,0.25,0.25,1.5,100,-10,100,1,5,250,40,5,250,50,1,6,11,0,0.06,4,0.05,50,8,4,2,2,100,144,5,5,300,1.05,1.05,6.0,2.0,10,6,6,-1,
17,P017,1,ft_jnd,FrameTimeStutter,523,2.28003,2.8802,2559.18,1192.13,0.000,0.000,2559.18,1192.13,22.4689,9.6329,0.0000,4.8809,0.0000,17.5881,Right,0,0,0,0,86.667,0,0.000,ft_jnd,FrameTimeStutter,1,0,1,0,1,1,0.25,0.25,1.5,100,-10,100,1,5,250,40,5,250,50,1,6,11,0,0.06,4,0.05,50,8,4,2,2,100,144,5,5,300,1.05,1.05,6.0,2.0,10,6,6,-1,
17,P017,1,ft_jnd,FrameTimeStutter,524,2.28378,3.7454,2559.18,1192.13,0.000,0.000,2559.18,1192.13,22.4689,9.6329,0.0000,4.8809,0.0000,17.5881,Right,0,0,0,0,86.667,0,0.000,ft_jnd,FrameTimeStutter,1,0,1,0,1,1,0.25,0.25,1.5,100,-10,100,1,5,250,40,5,250,50,1,6,11,0,0.06,4,0.05,50,8,4,2,2,100,144,5,5,300,1.05,1.05,6.0,2.0,10,6,6,-1,
17,P017,1,ft_jnd,FrameTimeStutter,525,2.28700,3.2272,2559.18,1192.13,0.000,0.000,2559.18,1192.13,22.4689,9.6329,0.0000,4.8809,0.0000,17.5881,Right,0,0,0,0,86.667,0,0.000,ft_jnd,FrameTimeStutter,1,0,1,0,1,1,0.25,0.25,1.5,100,-10,100,1,5,250,40,5,250,50,1,6,11,0,0.06,4,0.05,50,8,4,2,2,100,144,5,5,300,1.05,1.05,6.0,2.0,10,6,6,-1,
17,P017,1,ft_jnd,FrameTimeStutter,526,2.29109,4.0857,2559.18,1192.13,0.000,0.000,2559.18,1192.13,22.4689,9.6329,0.0000,4.8809,0.0000,17.5881,Right,0,0,0,0,86.667,0,0.000,ft_jnd,FrameTimeStutter,1,0,1,0,1,1,0.25,0.25,1.5,100,-10,100,1,5,250,40,5,250,50,1,6,11,0,0.06,4,0.05,50,8,4,2,2,100,144,5,5,300,1.05,1.05,6.0,2.0,10,6,6,-1,
17,P017,1,ft_jnd,FrameTimeStutter,527,2.29552,4.4305,2559.18,1192.13,0.000,0.000,2559.18,1192.13,22.4689,9.6329,0.0000,4.8809,0.0000,17.5881,Right,0,0,0,0,86.667,0,0.000,ft_jnd,FrameTimeStutter,1,0,1,0,1,1,0.25,0.25,1.5,100,-10,100,1,5,250,40,5,250,50,1,6,11,0,0.06,4,0.05,50,8,4,2,2,100,144,5,5,300,1.05,1.05,6.0,2.0,10,6,6,-1,
17,P017,1,ft_jnd,FrameTimeStutter,528,2.29949,3.9739,2559.18,1192.13,0.000,0.000,2559.18,1192.13,22.4689,9.6329,0.0000,4.8809,0.0000,17.5881,Right,0,0,0,0,86.667,0,0.000,ft_jnd,FrameTimeStutter,1,0,1,0,1,1,0.25,0.25,1.5,100,-10,100,1,5,250,40,5,250,50,1,6,11,0,0.06,4,0.05,50,8,4,2,2,100,144,5,5,300,1.05,1.05,6.0,2.0,10,6,6,-1,
17,P017,1,ft_jnd,FrameTimeStutter,529,2.30380,4.3044,2559.18,1192.13,0.000,0.000,2559.18,1192.13,22.4689,9.6329,0.0000,4.8809,0.0000,17.5881,Right,0,0,0,0,86.667,0,0.000,ft_jnd,FrameTimeStutter,1,0,1,0,1,1,0.25,0.25,1.5,100,-10,100,1,5,250,40,5,250,50,1,6,11,0,0.06,4,0.05,50,8,4,2,2,100,144,5,5,300,1.05,1.05,6.0,2.0,10,6,6,-1,
17,P017,1,ft_jnd,FrameTimeStutter,530,2.30808,4.2835,2559.18,1192.13,0.000,0.000,2559.18,1192.13,22.4689,9.6329,0.0000,4.8809,0.0000,17.5881,Right,0,0,0,0,86.667,0,0.000,ft_jnd,FrameTimeStutter,1,0,1,0,1,1,0.25,0.25,1.5,100,-10,100,1,5,250,40,5,250,50,1,6,11,0,0.06,4,0.05,50,8,4,2,2,100,144,5,5,300,1.05,1.05,6.0,2.0,10,6,6,-1,
17,P017,1,ft_jnd,FrameTimeStutter,531,2.31190,3.8225,2559.18,1192.13,0.000,0.000,2559.18,1192.13,22.4689,9.6329,0.0000,4.8809,0.0000,17.5881,Right,0,0,0,0,86.667,0,0.000,ft_jnd,FrameTimeStutter,1,0,1,0,1,1,0.25,0.25,1.5,100,-10,100,1,5,250,40,5,250,50,1,6,11,0,0.06,4,0.05,50,8,4,2,2,100,144,5,5,300,1.05,1.05,6.0,2.0,10,6,6,-1,
17,P017,1,ft_jnd,FrameTimeStutter,532,2.31519,3.2841,2559.18,1192.13,0.000,0.000,2559.18,1192.13,22.4689,9.6329,0.0000,4.8809,0.0000,17.5881,Right,0,0,0,0,86.667,0,0.000,ft_jnd,FrameTimeStutter,1,0,1,0,1,1,0.25,0.25,1.5,100,-10,100,1,5,250,40,5,250,50,1,6,11,0,0.06,4,0.05,50,8,4,2,2,100,144,5,5,300,1.05,1.05,6.0,2.0,10,6,6,-1,
17,P017,1,ft_jnd,FrameTimeStutter,533,2.31807,2.8848,2559.18,1192.13,0.000,0.000,2559.18,1192.13,22.4689,9.6329,0.0000,4.8809,0.0000,17.5881,Right,0,0,0,0,86.667,0,0.000,ft_jnd,FrameTimeStutter,1,0,1,0,1,1,0.25,0.25,1.5,100,-10,100,1,5,250,40,5,250,50,1,6,11,0,0.06,4,0.05,50,8,4,2,2,100,144,5,5,300,1.05,1.05,6.0,2.0,10,6,6,-1,
17,P017,1,ft_jnd,FrameTimeStutter,534,2.32205,3.9759,2559.18,1192.13,0.000,0.000,2559.18,1192.13,22.4689,9.6329,0.0000,4.8809,0.0000,17.5881,Right,0,0,0,0,86.667,0,0.000,ft_jnd,FrameTimeStutter,1,0,1,0,1,1,0.25,0.25,1.5,100,-10,100,1,5,250,40,5,250,50,1,6,11,0,0.06,4,0.05,50,8,4,2,2,100,144,5,5,300,1.05,1.05,6.0,2.0,10,6,6,-1,
17,P017,1,ft_jnd,FrameTimeStutter,535,2.32520,3.1498,2559.18,1192.13,0.000,0.000,2559.18,1192.13,22.4689,9.6329,0.0000,4.8809,0.0000,17.5881,Right,0,0,0,0,86.667,0,0.000,ft_jnd,FrameTimeStutter,1,0,1,0,1,1,0.25,0.25,1.5,100,-10,100,1,5,250,40,5,250,50,1,6,11,0,0.06,4,0.05,50,8,4,2,2,100,144,5,5,300,1.05,1.05,6.0,2.0,10,6,6,-1,
17,P017,1,ft_jnd,FrameTimeStutter,536,2.32830,3.0981,2559.18,1192.13,0.000,0.000,2559.18,1192.13,22.4689,9.6329,0.0000,4.8809,0.0000,17.5881,Right,0,0,0,0,86.667,0,0.000,ft_jnd,FrameTimeStutter,1,0,1,0,1,1,0.25,0.25,1.5,100,-10,100,1,5,250,40,5,250,50,1,6,11,0,0.06,4,0.05,50,8,4,2,2,100,144,5,5,300,1.05,1.05,6.0,2.0,10,6,6,-1,
17,P017,1,ft_jnd,FrameTimeStutter,537,2.33261,4.3098,2559.18,1192.13,0.000,0.000,2559.18,1192.13,22.4689,9.6329,0.0000,4.8809,0.0000,17.5881,Right,0,0,0,0,86.667,0,0.000,ft_jnd,FrameTimeStutter,1,0,1,0,1,1,0.25,0.25,1.5,100,-10,100,1,5,250,40,5,250,50,1,6,11,0,0.06,4,0.05,50,8,4,2,2,100,144,5,5,300,1.05,1.05,6.0,2.0,10,6,6,-1,
17,P017,1,ft_jnd,FrameTimeStutter,538,2.33557,2.9607,2559.18,1192.13,0.000,0.000,2559.18,1192.13,22.4689,9.6329,0.0000,4.8809,0.0000,17.5881,Right,0,0,0,0,86.667,0,0.000,ft_jnd,FrameTimeStutter,1,0,1,0,1,1,0.25,0.25,1.5,100,-10,100,1,5,250,40,5,250,50,1,6,11,0,0.06,4,0.05,50,8,4,2,2,100,144,5,5,300,1.05,1.05,6.0,2.0,10,6,6,-1,
17,P017,1,ft_jnd,FrameTimeStutter,539,2.34051,4.9458,2559.18,1192.13,0.000,0.000,2559.18,1192.13,22.4689,9.6329,0.0000,4.8809,0.0000,17.5881,Right,0,0,0,0,86.667,0,0.000,ft_jnd,FrameTimeStutter,1,0,1,0,1,1,0.25,0.25,1.5,100,-10,100,1,5,250,40,5,250,50,1,6,11,0,0.06,4,0.05,50,8,4,2,2,100,144,5,5,300,1.05,1.05,6.0,2.0,10,6,6,-1,
17,P017,1,ft_jnd,FrameTimeStutter,540,2.34483,4.3131,2559.18,1192.13,0.000,0.000,2559.18,1192.13,22.4689,9.6329,0.0000,4.8809,0.0000,17.5881,Right,0,0,0,0,86.667,0,0.000,ft_jnd,FrameTimeStutter,1,0,1,0,1,1,0.25,0.25,1.5,100,-10,100,1,5,250,40,5,250,50,1,6,11,0,0.06,4,0.05,50,8,4,2,2,100,144,5,5,300,1.05,1.05,6.0,2.0,10,6,6,-1,
17,P017,1,ft_jnd,FrameTimeStutter,541,2.34870,3.8780,2557.71,1192.13,-1.000,0.000,2557.71,1192.13,22.4419,9.6329,0.0000,4.8809,0.0000,17.5881,Right,0,0,0,0,86.667,0,0.000,ft_jnd,FrameTimeStutter,1,0,1,0,1,1,0.25,0.25,1.5,100,-10,100,1,5,250,40,5,250,50,1,6,11,0,0.06,4,0.05,50,8,4,2,2,100,144,5,5,300,1.05,1.05,6.0,2.0,10,6,6,-1,
17,P017,1,ft_jnd,FrameTimeStutter,542,2.35208,3.3724,2557.71,1192.13,0.000,0.000,2557.71,1192.13,22.4419,9.6329,0.0000,4.8809,0.0000,17.5611,Right,0,0,0,0,86.667,0,0.000,ft_jnd,FrameTimeStutter,1,0,1,0,1,1,0.25,0.25,1.5,100,-10,100,1,5,250,40,5,250,50,1,6,11,0,0.06,4,0.05,50,8,4,2,2,100,144,5,5,300,1.05,1.05,6.0,2.0,10,6,6,-1,
17,P017,1,ft_jnd,FrameTimeStutter,543,2.35559,3.5133,2556.23,1192.13,-1.000,0.000,2556.23,1192.13,22.4150,9.6329,0.0000,4.8809,0.0000,17.5611,Right,0,0,0,0,86.667,0,0.000,ft_jnd,FrameTimeStutter,1,0,1,0,1,1,0.25,0.25,1.5,100,-10,100,1,5,250,40,5,250,50,1,6,11,0,0.06,4,0.05,50,8,4,2,2,100,144,5,5,300,1.05,1.05,6.0,2.0,10,6,6,-1,
17,P017,1,ft_jnd,FrameTimeStutter,544,2.35867,3.0800,2556.23,1192.13,0.000,0.000,2556.23,1192.13,22.4150,9.6329,0.0000,4.8809,0.0000,17.5341,Right,0,0,0,0,86.667,0,0.000,ft_jnd,FrameTimeStutter,1,0,1,0,1,1,0.25,0.25,1.5,100,-10,100,1,5,250,40,5,250,50,1,6,11,0,0.06,4,0.05,50,8,4,2,2,100,144,5,5,300,1.05,1.05,6.0,2.0,10,6,6,-1,
17,P017,1,ft_jnd,FrameTimeStutter,545,2.36214,3.4671,2548.85,1192.13,-5.000,0.000,2548.85,1192.13,22.2801,9.6329,0.0000,4.8809,0.0000,17.5341,Right,0,0,0,0,86.667,0,0.000,ft_jnd,FrameTimeStutter,1,0,1,0,1,1,0.25,0.25,1.5,100,-10,100,1,5,250,40,5,250,50,1,6,11,0,0.06,4,0.05,50,8,4,2,2,100,144,5,5,300,1.05,1.05,6.0,2.0,10,6,6,-1,
17,P017,1,ft_jnd,FrameTimeStutter,546,2.36597,3.8293,2548.85,1192.13,0.000,0.000,2548.85,1192.13,22.2801,9.6329,0.0000,4.8809,0.0000,17.3992,Right,0,0,0,0,86.667,0,0.000,ft_jnd,FrameTimeStutter,1,0,1,0,1,1,0.25,0.25,1.5,100,-10,100,1,5,250,40,5,250,50,1,6,11,0,0.06,4,0.05,50,8,4,2,2,100,144,5,5,300,1.05,1.05,6.0,2.0,10,6,6,-1,
17,P017,1,ft_jnd,FrameTimeStutter,547,2.37023,4.2612,2540.00,1192.13,-6.000,0.000,2540.00,1192.13,22.1182,9.6329,0.0000,4.8809,0.0000,17.3992,Right,0,0,0,0,86.667,0,0.000,ft_jnd,FrameTimeStutter,1,0,1,0,1,1,0.25,0.25,1.5,100,-10,100,1,5,250,40,5,250,50,1,6,11,0,0.06,4,0.05,50,8,4,2,2,100,144,5,5,300,1.05,1.05,6.0,2.0,10,6,6,-1,
17,P017,1,ft_jnd,FrameTimeStutter,548,2.37443,4.2033,2540.00,1192.13,0.000,0.000,2540.00,1192.13,22.1182,9.6329,0.0000,4.8809,0.0000,17.2373,Right,0,0,0,0,86.667,0,0.000,ft_jnd,FrameTimeStutter,1,0,1,0,1,1,0.25,0.25,1.5,100,-10,100,1,5,250,40,5,250,50,1,6,11,0,0.06,4,0.05,50,8,4,2,2,100,144,5,5,300,1.05,1.05,6.0,2.0,10,6,6,-1,
17,P017,1,ft_jnd,FrameTimeStutter,549,2.37824,3.8044,2526.72,1193.61,-9.000,1.000,2526.72,1193.61,21.8754,9.6599,0.0000,4.8809,0.0000,17.2373,Right,0,0,0,0,86.667,0,0.000,ft_jnd,FrameTimeStutter,1,0,1,0,1,1,0.25,0.25,1.5,100,-10,100,1,5,250,40,5,250,50,1,6,11,0,0.06,4,0.05,50,8,4,2,2,100,144,5,5,300,1.05,1.05,6.0,2.0,10,6,6,-1,
17,P017,1,ft_jnd,FrameTimeStutter,550,2.38248,4.2463,2526.72,1193.61,0.000,0.000,2526.72,1193.61,21.8754,9.6599,0.0000,4.8809,0.0000,16.9945,Right,0,0,0,0,86.667,0,0.000,ft_jnd,FrameTimeStutter,1,0,1,0,1,1,0.25,0.25,1.5,100,-10,100,1,5,250,40,5,250,50,1,6,11,0,0.06,4,0.05,50,8,4,2,2,100,144,5,5,300,1.05,1.05,6.0,2.0,10,6,6,-1,
17,P017,1,ft_jnd,FrameTimeStutter,551,2.38573,3.2471,2510.49,1193.61,-11.000,0.000,2510.49,1193.61,21.5786,9.6599,0.0000,4.8809,0.0000,16.9945,Right,0,0,0,0,86.667,0,0.000,ft_jnd,FrameTimeStutter,1,0,1,0,1,1,0.25,0.25,1.5,100,-10,100,1,5,250,40,5,250,50,1,6,11,0,0.06,4,0.05,50,8,4,2,2,100,144,5,5,300,1.05,1.05,6.0,2.0,10,6,6,-1,
17,P017,1,ft_jnd,FrameTimeStutter,552,2.38898,3.2521,2510.49,1193.61,0.000,0.000,2510.49,1193.61,21.5786,9.6599,0.0000,4.8809,0.0000,16.6978,Right,0,0,0,0,86.667,0,0.000,ft_jnd,FrameTimeStutter,1,0,1,0,1,1,0.25,0.25,1.5,100,-10,100,1,5,250,40,5,250,50,1,6,11,0,0.06,4,0.05,50,8,4,2,2,100,144,5,5,300,1.05,1.05,6.0,2.0,10,6,6,-1,
17,P017,1,ft_jnd,FrameTimeStutter,553,2.39257,3.5885,2510.49,1193.61,0.000,0.000,2510.49,1193.61,21.5786,9.6599,0.0000,4.8809,0.0000,16.6978,Right,0,0,0,0,86.667,0,0.000,ft_jnd,FrameTimeStutter,1,0,1,0,1,1,0.25,0.25,1.5,100,-10,100,1,5,250,40,5,250,50,1,6,11,0,0.06,4,0.05,50,8,4,2,2,100,144,5,5,300,1.05,1.05,6.0,2.0,10,6,6,-1,
17,P017,1,ft_jnd,FrameTimeStutter,554,2.39644,3.8682,2491.31,1195.08,-13.000,1.000,2491.31,1195.08,21.2279,9.6869,0.0000,4.8809,0.0000,16.6978,Right,0,0,0,0,86.667,0,0.000,ft_jnd,FrameTimeStutter,1,0,1,0,1,1,0.25,0.25,1.5,100,-10,100,1,5,250,40,5,250,50,1,6,11,0,0.06,4,0.05,50,8,4,2,2,100,144,5,5,300,1.05,1.05,6.0,2.0,10,6,6,-1,
17,P017,1,ft_jnd,FrameTimeStutter,555,2.40038,3.9457,2491.31,1195.08,0.000,0.000,2491.31,1195.08,21.2279,9.6869,0.0000,4.8809,0.0000,16.3470,Right,0,0,0,0,86.667,0,0.000,ft_jnd,FrameTimeStutter,1,0,1,0,1,1,0.25,0.25,1.5,100,-10,100,1,5,250,40,5,250,50,1,6,11,0,0.06,4,0.05,50,8,4,2,2,100,144,5,5,300,1.05,1.05,6.0,2.0,10,6,6,-1,
17,P017,1,ft_jnd,FrameTimeStutter,556,2.40354,3.1523,2463.28,1195.08,-19.000,0.000,2463.28,1195.08,20.7153,9.6869,0.0000,4.8809,0.0000,16.3470,Right,0,0,0,0,86.667,0,0.000,ft_jnd,FrameTimeStutter,1,0,1,0,1,1,0.25,0.25,1.5,100,-10,100,1,5,250,40,5,250,50,1,6,11,0,0.06,4,0.05,50,8,4,2,2,100,144,5,5,300,1.05,1.05,6.0,2.0,10,6,6,-1,
17,P017,1,ft_jnd,FrameTimeStutter,557,2.40790,4.3689,2463.28,1195.08,0.000,0.000,2463.28,1195.08,20.7153,9.6869,0.0000,4.8809,0.0000,15.8345,Right,0,0,0,0,86.667,0,0.000,ft_jnd,FrameTimeStutter,1,0,1,0,1,1,0.25,0.25,1.5,100,-10,100,1,5,250,40,5,250,50,1,6,11,0,0.06,4,0.05,50,8,4,2,2,100,144,5,5,300,1.05,1.05,6.0,2.0,10,6,6,-1,
17,P017,1,ft_jnd,FrameTimeStutter,558,2.41218,4.2773,2435.25,1195.08,-19.000,0.000,2435.25,1195.08,20.2027,9.6869,0.0000,4.8809,0.0000,15.8345,Right,0,0,0,0,86.667,0,0.000,ft_jnd,FrameTimeStutter,1,0,1,0,1,1,0.25,0.25,1.5,100,-10,100,1,5,250,40,5,250,50,1,6,11,0,0.06,4,0.05,50,8,4,2,2,100,144,5,5,300,1.05,1.05,6.0,2.0,10,6,6,-1,
17,P017,1,ft_jnd,FrameTimeStutter,559,2.41510,2.9225,2435.25,1195.08,0.000,0.000,2435.25,1195.08,20.2027,9.6869,0.0000,4.8809,0.0000,15.3219,Right,0,0,0,0,86.667,0,0.000,ft_jnd,FrameTimeStutter,1,0,1,0,1,1,0.25,0.25,1.5,100,-10,100,1,5,250,40,5,250,50,1,6,11,0,0.06,4,0.05,50,8,4,2,2,100,144,5,5,300,1.05,1.05,6.0,2.0,10,6,6,-1,
17,P017,1,ft_jnd,FrameTimeStutter,560,2.41989,4.7830,2395.41,1198.03,-27.000,2.000,2395.41,1198.03,19.4743,9.7408,0.0000,4.8809,0.0000,15.3219,Right,0,0,0,0,86.667,0,0.000,ft_jnd,FrameTimeStutter,1,0,1,0,1,1,0.25,0.25,1.5,100,-10,100,1,5,250,40,5,250,50,1,6,11,0,0.06,4,0.05,50,8,4,2,2,100,144,5,5,300,1.05,1.05,6.0,2.0,10,6,6,-1,
17,P017,1,ft_jnd,FrameTimeStutter,561,2.42418,4.2925,2395.41,1198.03,0.000,0.000,2395.41,1198.03,19.4743,9.7408,0.0000,4.8809,0.0000,14.5935,Right,0,0,0,0,86.667,0,0.000,ft_jnd,FrameTimeStutter,1,0,1,0,1,1,0.25,0.25,1.5,100,-10,100,1,5,250,40,5,250,50,1,6,11,0,0.06,4,0.05,50,8,4,2,2,100,144,5,5,300,1.05,1.05,6.0,2.0,10,6,6,-1,
17,P017,1,ft_jnd,FrameTimeStutter,562,2.42801,3.8303,2351.15,1199.51,-30.000,1.000,2351.15,1199.51,18.6650,9.7678,0.0000,4.8809,0.0000,14.5935,Right,0,0,0,0,86.667,0,0.000,ft_jnd,FrameTimeStutter,1,0,1,0,1,1,0.25,0.25,1.5,100,-10,100,1,5,250,40,5,250,50,1,6,11,0,0.06,4,0.05,50,8,4,2,2,100,144,5,5,300,1.05,1.05,6.0,2.0,10,6,6,-1,
17,P017,1,ft_jnd,FrameTimeStutter,563,2.43127,3.2644,2351.15,1199.51,0.000,0.000,2351.15,1199.51,18.6650,9.7678,0.0000,4.8809,0.0000,13.7841,Right,0,0,0,0,86.667,0,0.000,ft_jnd,FrameTimeStutter,1,0,1,0,1,1,0.25,0.25,1.5,100,-10,100,1,5,250,40,5,250,50,1,6,11,0,0.06,4,0.05,50,8,4,2,2,100,144,5,5,300,1.05,1.05,6.0,2.0,10,6,6,-1,
17,P017,1,ft_jnd,FrameTimeStutter,564,2.43500,3.7239,2295.08,1203.93,-38.000,3.000,2295.08,1203.93,17.6398,9.8487,0.0000,4.8809,0.0000,13.7841,Right,0,0,0,0,86.667,0,0.000,ft_jnd,FrameTimeStutter,1,0,1,0,1,1,0.25,0.25,1.5,100,-10,100,1,5,250,40,5,250,50,1,6,11,0,0.06,4,0.05,50,8,4,2,2,100,144,5,5,300,1.05,1.05,6.0,2.0,10,6,6,-1,
17,P017,1,ft_jnd,FrameTimeStutter,565,2.43886,3.8610,2295.08,1203.93,0.000,0.000,2295.08,1203.93,17.6398,9.8487,0.0000,4.8809,0.0000,12.7589,Right,0,0,0,0,86.667,0,0.000,ft_jnd,FrameTimeStutter,1,0,1,0,1,1,0.25,0.25,1.5,100,-10,100,1,5,250,40,5,250,50,1,6,11,0,0.06,4,0.05,50,8,4,2,2,100,144,5,5,300,1.05,1.05,6.0,2.0,10,6,6,-1,
17,P017,1,ft_jnd,FrameTimeStutter,566,2.44213,3.2719,2239.02,1209.84,-38.000,4.000,2239.02,1209.84,16.6146,9.9567,0.0000,4.8809,0.0000,12.7589,Right,0,0,0,0,86.667,0,0.000,ft_jnd,FrameTimeStutter,1,0,1,0,1,1,0.25,0.25,1.5,100,-10,100,1,5,250,40,5,250,50,1,6,11,0,0.06,4,0.05,50,8,4,2,2,100,144,5,5,300,1.05,1.05,6.0,2.0,10,6,6,-1,
17,P017,1,ft_jnd,FrameTimeStutter,567,2.44638,4.2470,2239.02,1209.84,0.000,0.000,2239.02,1209.84,16.6146,9.9567,0.0000,4.8809,0.0000,11.7338,Right,0,0,0,0,86.667,0,0.000,ft_jnd,FrameTimeStutter,1,0,1,0,1,1,0.25,0.25,1.5,100,-10,100,1,5,250,40,5,250,50,1,6,11,0,0.06,4,0.05,50,8,4,2,2,100,144,5,5,300,1.05,1.05,6.0,2.0,10,6,6,-1,
17,P017,1,ft_jnd,FrameTimeStutter,568,2.45031,3.9325,2169.67,1214.26,-47.000,3.000,2169.67,1214.26,15.3467,10.0376,0.0000,4.8809,0.0000,11.7338,Right,0,0,0,0,86.667,0,0.000,ft_jnd,FrameTimeStutter,1,0,1,0,1,1,0.25,0.25,1.5,100,-10,100,1,5,250,40,5,250,50,1,6,11,0,0.06,4,0.05,50,8,4,2,2,100,144,5,5,300,1.05,1.05,6.0,2.0,10,6,6,-1,
17,P017,1,ft_jnd,FrameTimeStutter,569,2.45361,3.3002,2169.67,1214.26,0.000,0.000,2169.67,1214.26,15.3467,10.0376,0.0000,4.8809,0.0000,10.4658,Right,0,0,0,0,86.667,0,0.000,ft_jnd,FrameTimeStutter,1,0,1,0,1,1,0.25,0.25,1.5,100,-10,100,1,5,250,40,5,250,50,1,6,11,0,0.06,4,0.05,50,8,4,2,2,100,144,5,5,300,1.05,1.05,6.0,2.0,10,6,6,-1,
17,P017,1,ft_jnd,FrameTimeStutter,570,2.45682,3.2045,2088.53,1223.12,-55.000,6.000,2088.53,1223.12,13.8628,10.1995,0.0000,4.8809,0.0000,10.4658,Right,0,0,0,0,86.667,0,0.000,ft_jnd,FrameTimeStutter,1,0,1,0,1,1,0.25,0.25,1.5,100,-10,100,1,5,250,40,5,250,50,1,6,11,0,0.06,4,0.05,50,8,4,2,2,100,144,5,5,300,1.05,1.05,6.0,2.0,10,6,6,-1,
17,P017,1,ft_jnd,FrameTimeStutter,571,2.46025,3.4345,2088.53,1223.12,0.000,0.000,2088.53,1223.12,13.8628,10.1995,0.0000,4.8809,0.0000,8.9820,Right,0,0,0,0,86.667,0,0.000,ft_jnd,FrameTimeStutter,1,0,1,0,1,1,0.25,0.25,1.5,100,-10,100,1,5,250,40,5,250,50,1,6,11,0,0.06,4,0.05,50,8,4,2,2,100,144,5,5,300,1.05,1.05,6.0,2.0,10,6,6,-1,
17,P017,1,ft_jnd,FrameTimeStutter,572,2.46347,3.2197,2088.53,1223.12,0.000,0.000,2088.53,1223.12,13.8628,10.1995,0.0000,4.8809,0.0000,8.9820,Right,0,0,0,0,86.667,0,0.000,ft_jnd,FrameTimeStutter,1,0,1,0,1,1,0.25,0.25,1.5,100,-10,100,1,5,250,40,5,250,50,1,6,11,0,0.06,4,0.05,50,8,4,2,2,100,144,5,5,300,1.05,1.05,6.0,2.0,10,6,6,-1,
17,P017,1,ft_jnd,FrameTimeStutter,573,2.46783,4.3638,2004.43,1229.02,-57.000,4.000,2004.43,1229.02,12.3251,10.3074,0.0000,4.8809,0.0000,8.9820,Right,0,0,0,0,86.667,0,0.000,ft_jnd,FrameTimeStutter,1,0,1,0,1,1,0.25,0.25,1.5,100,-10,100,1,5,250,40,5,250,50,1,6,11,0,0.06,4,0.05,50,8,4,2,2,100,144,5,5,300,1.05,1.05,6.0,2.0,10,6,6,-1,
17,P017,1,ft_jnd,FrameTimeStutter,574,2.47213,4.2988,2004.43,1229.02,0.000,0.000,2004.43,1229.02,12.3251,10.3074,0.0000,4.8809,0.0000,7.4442,Right,0,0,0,0,86.667,0,0.000,ft_jnd,FrameTimeStutter,1,0,1,0,1,1,0.25,0.25,1.5,100,-10,100,1,5,250,40,5,250,50,1,6,11,0,0.06,4,0.05,50,8,4,2,2,100,144,5,5,300,1.05,1.05,6.0,2.0,10,6,6,-1,
17,P017,1,ft_jnd,FrameTimeStutter,575,2.47611,3.9819,1915.90,1236.39,-60.000,5.000,1915.90,1236.39,10.7064,10.4423,0.0000,4.8809,0.0000,7.4442,Right,0,0,0,0,86.667,0,0.000,ft_jnd,FrameTimeStutter,1,0,1,0,1,1,0.25,0.25,1.5,100,-10,100,1,5,250,40,5,250,50,1,6,11,0,0.06,4,0.05,50,8,4,2,2,100,144,5,5,300,1.05,1.05,6.0,2.0,10,6,6,-1,
17,P017,1,ft_jnd,FrameTimeStutter,576,2.48052,4.4026,1915.90,1236.39,0.000,0.000,1915.90,1236.39,10.7064,10.4423,0.0000,4.8809,0.0000,5.8255,Right,0,0,0,0,86.667,0,0.000,ft_jnd,FrameTimeStutter,1,0,1,0,1,1,0.25,0.25,1.5,100,-10,100,1,5,250,40,5,250,50,1,6,11,0,0.06,4,0.05,50,8,4,2,2,100,144,5,5,300,1.05,1.05,6.0,2.0,10,6,6,-1,
17,P017,1,ft_jnd,FrameTimeStutter,577,2.48387,3.3569,1830.33,1242.30,-58.000,4.000,1830.33,1242.30,9.1417,10.5502,0.0000,4.8809,0.0000,5.8255,Right,0,0,0,0,86.667,0,0.000,ft_jnd,FrameTimeStutter,1,0,1,0,1,1,0.25,0.25,1.5,100,-10,100,1,5,250,40,5,250,50,1,6,11,0,0.06,4,0.05,50,8,4,2,2,100,144,5,5,300,1.05,1.05,6.0,2.0,10,6,6,-1,
17,P017,1,ft_jnd,FrameTimeStutter,578,2.48679,2.9133,1830.33,1242.30,0.000,0.000,1830.33,1242.30,9.1417,10.5502,0.0000,4.8809,0.0000,4.2608,Right,0,0,0,0,86.667,0,0.000,ft_jnd,FrameTimeStutter,1,0,1,0,1,1,0.25,0.25,1.5,100,-10,100,1,5,250,40,5,250,50,1,6,11,0,0.06,4,0.05,50,8,4,2,2,100,144,5,5,300,1.05,1.05,6.0,2.0,10,6,6,-1,
17,P017,1,ft_jnd,FrameTimeStutter,579,2.49076,3.9717,1738.85,1248.20,-62.000,4.000,1738.85,1248.20,7.4690,10.6581,0.0000,4.8809,0.0000,4.2608,Right,0,0,0,0,86.667,0,0.000,ft_jnd,FrameTimeStutter,1,0,1,0,1,1,0.25,0.25,1.5,100,-10,100,1,5,250,40,5,250,50,1,6,11,0,0.06,4,0.05,50,8,4,2,2,100,144,5,5,300,1.05,1.05,6.0,2.0,10,6,6,-1,
17,P017,1,ft_jnd,FrameTimeStutter,580,2.49364,2.8856,1738.85,1248.20,0.000,0.000,1738.85,1248.20,7.4690,10.6581,0.0000,4.8809,0.0000,2.5881,Right,0,0,0,0,86.667,0,0.000,ft_jnd,FrameTimeStutter,1,0,1,0,1,1,0.25,0.25,1.5,100,-10,100,1,5,250,40,5,250,50,1,6,11,0,0.06,4,0.05,50,8,4,2,2,100,144,5,5,300,1.05,1.05,6.0,2.0,10,6,6,-1,
17,P017,1,ft_jnd,FrameTimeStutter,581,2.49743,3.7862,1657.71,1251.15,-55.000,2.000,1657.71,1251.15,5.9852,10.7120,0.0000,4.8809,0.0000,2.5881,Right,0,0,0,0,86.667,0,0.000,ft_jnd,FrameTimeStutter,1,0,1,0,1,1,0.25,0.25,1.5,100,-10,100,1,5,250,40,5,250,50,1,6,11,0,0.06,4,0.05,50,8,4,2,2,100,144,5,5,300,1.05,1.05,6.0,2.0,10,6,6,-1,
17,P017,1,ft_jnd,FrameTimeStutter,582,2.50169,4.2639,1657.71,1251.15,0.000,0.000,1657.71,1251.15,5.9852,10.7120,0.0000,4.8809,0.0000,1.1043,Right,0,0,0,0,86.667,0,0.000,ft_jnd,FrameTimeStutter,1,0,1,0,1,1,0.25,0.25,1.5,100,-10,100,1,5,250,40,5,250,50,1,6,11,0,0.06,4,0.05,50,8,4,2,2,100,144,5,5,300,1.05,1.05,6.0,2.0,10,6,6,-1,
17,P017,1,ft_jnd,FrameTimeStutter,583,2.50558,3.8893,1563.28,1254.10,-64.000,2.000,1563.28,1254.10,4.2586,10.7660,0.0000,4.8809,0.0000,1.1043,Right,0,0,0,0,86.667,0,0.000,ft_jnd,FrameTimeStutter,1,0,1,0,1,1,0.25,0.25,1.5,100,-10,100,1,5,250,40,5,250,50,1,6,11,0,0.06,4,0.05,50,8,4,2,2,100,144,5,5,300,1.05,1.05,6.0,2.0,10,6,6,-1,
17,P017,1,ft_jnd,FrameTimeStutter,584,2.50988,4.2987,1563.28,1254.10,0.000,0.000,1563.28,1254.10,4.2586,10.7660,0.0000,4.8809,0.0000,-0.6223,Left,0,0,0,0,86.667,1,86.667,ft_jnd,FrameTimeStutter,1,0,1,0,1,1,0.25,0.25,1.5,100,-10,100,1,5,250,40,5,250,50,1,6,11,0,0.06,4,0.05,50,8,4,2,2,100,144,5,5,300,1.05,1.05,6.0,2.0,10,6,6,-1,
17,P017,1,ft_jnd,FrameTimeStutter,585,2.60060,90.7160,747.38,1229.02,-591.000,-19.000,747.38,1229.02,-10.6604,10.3073,0.0000,4.8809,0.0000,-0.6223,Left,0,0,0,0,86.667,0,0.000,ft_jnd,FrameTimeStutter,1,0,1,0,1,1,0.25,0.25,1.5,100,-10,100,1,5,250,40,5,250,50,1,6,11,0,0.06,4,0.05,50,8,4,2,2,100,144,5,5,300,1.05,1.05,6.0,2.0,10,6,6,-1,
17,P017,1,ft_jnd,FrameTimeStutter,586,2.60396,3.3656,691.31,1226.07,0.000,0.000,691.31,1226.07,-11.6856,10.2534,0.0000,4.8809,0.0000,-15.5412,Left,0,0,0,0,86.667,0,0.000,ft_jnd,FrameTimeStutter,1,0,1,0,1,1,0.25,0.25,1.5,100,-10,100,1,5,250,40,5,250,50,1,6,11,0,0.06,4,0.05,50,8,4,2,2,100,144,5,5,300,1.05,1.05,6.0,2.0,10,6,6,-1,
17,P017,1,ft_jnd,FrameTimeStutter,587,2.60789,3.9230,691.31,1226.07,0.000,0.000,691.31,1226.07,-11.6856,10.2534,0.0000,4.8809,0.0000,-16.5664,Left,0,0,0,0,86.667,0,0.000,ft_jnd,FrameTimeStutter,1,0,1,0,1,1,0.25,0.25,1.5,100,-10,100,1,5,250,40,5,250,50,1,6,11,0,0.06,4,0.05,50,8,4,2,2,100,144,5,5,300,1.05,1.05,6.0,2.0,10,6,6,-1,
17,P017,1,ft_jnd,FrameTimeStutter,588,2.61180,3.9152,636.72,1221.64,-37.000,-3.000,636.72,1221.64,-12.6838,10.1725,0.0000,4.8809,0.0000,-16.5664,Left,0,0,0,0,86.667,0,0.000,ft_jnd,FrameTimeStutter,1,0,1,0,1,1,0.25,0.25,1.5,100,-10,100,1,5,250,40,5,250,50,1,6,11,0,0.06,4,0.05,50,8,4,2,2,100,144,5,5,300,1.05,1.05,6.0,2.0,10,6,6,-1,
17,P017,1,ft_jnd,FrameTimeStutter,589,2.61533,3.5251,636.72,1221.64,0.000,0.000,636.72,1221.64,-12.6838,10.1725,0.0000,4.8809,0.0000,-17.5646,Left,0,0,0,0,86.667,0,0.000,ft_jnd,FrameTimeStutter,1,0,1,0,1,1,0.25,0.25,1.5,100,-10,100,1,5,250,40,5,250,50,1,6,11,0,0.06,4,0.05,50,8,4,2,2,100,144,5,5,300,1.05,1.05,6.0,2.0,10,6,6,-1,
17,P017,1,ft_jnd,FrameTimeStutter,590,2.61922,3.8884,590.98,1218.69,-31.000,-2.000,590.98,1218.69,-13.5201,10.1185,0.0000,4.8809,0.0000,-17.5646,Left,0,0,0,0,86.667,0,0.000,ft_jnd,FrameTimeStutter,1,0,1,0,1,1,0.25,0.25,1.5,100,-10,100,1,5,250,40,5,250,50,1,6,11,0,0.06,4,0.05,50,8,4,2,2,100,144,5,5,300,1.05,1.05,6.0,2.0,10,6,6,-1,
17,P017,1,ft_jnd,FrameTimeStutter,591,2.62213,2.9127,590.98,1218.69,0.000,0.000,590.98,1218.69,-13.5201,10.1185,0.0000,4.8809,0.0000,-18.4009,Left,0,0,0,0,86.667,0,0.000,ft_jnd,FrameTimeStutter,1,0,1,0,1,1,0.25,0.25,1.5,100,-10,100,1,5,250,40,5,250,50,1,6,11,0,0.06,4,0.05,50,8,4,2,2,100,144,5,5,300,1.05,1.05,6.0,2.0,10,6,6,-1,
17,P017,1,ft_jnd,FrameTimeStutter,592,2.62525,3.1175,545.25,1215.74,-31.000,-2.000,545.25,1215.74,-14.3564,10.0645,0.0000,4.8809,0.0000,-18.4009,Left,0,0,0,0,86.667,0,0.000,ft_jnd,FrameTimeStutter,1,0,1,0,1,1,0.25,0.25,1.5,100,-10,100,1,5,250,40,5,250,50,1,6,11,0,0.06,4,0.05,50,8,4,2,2,100,144,5,5,300,1.05,1.05,6.0,2.0,10,6,6,-1,
17,P017,1,ft_jnd,FrameTimeStutter,593,2.62859,3.3422,545.25,1215.74,0.000,0.000,545.25,1215.74,-14.3564,10.0645,0.0000,4.8809,0.0000,-19.2373,Left,0,0,0,0,86.667,0,0.000,ft_jnd,FrameTimeStutter,1,0,1,0,1,1,0.25,0.25,1.5,100,-10,100,1,5,250,40,5,250,50,1,6,11,0,0.06,4,0.05,50,8,4,2,2,100,144,5,5,300,1.05,1.05,6.0,2.0,10,6,6,-1,
17,P017,1,ft_jnd,FrameTimeStutter,594,2.63270,4.1108,503.93,1212.79,-28.000,-2.000,503.93,1212.79,-15.1118,10.0106,0.0000,4.8809,0.0000,-19.2373,Left,0,0,0,0,86.667,0,0.000,ft_jnd,FrameTimeStutter,1,0,1,0,1,1,0.25,0.25,1.5,100,-10,100,1,5,250,40,5,250,50,1,6,11,0,0.06,4,0.05,50,8,4,2,2,100,144,5,5,300,1.05,1.05,6.0,2.0,10,6,6,-1,
17,P017,1,ft_jnd,FrameTimeStutter,595,2.63729,4.5911,503.93,1212.79,0.000,0.000,503.93,1212.79,-15.1118,10.0106,0.0000,4.8809,0.0000,-19.9927,Left,0,0,0,0,86.667,0,0.000,ft_jnd,FrameTimeStutter,1,0,1,0,1,1,0.25,0.25,1.5,100,-10,100,1,5,250,40,5,250,50,1,6,11,0,0.06,4,0.05,50,8,4,2,2,100,144,5,5,300,1.05,1.05,6.0,2.0,10,6,6,-1,
17,P017,1,ft_jnd,FrameTimeStutter,596,2.64152,4.2303,503.93,1212.79,-24.000,-1.000,503.93,1212.79,-15.1118,10.0106,0.0000,4.8809,0.0000,-19.9927,Left,0,0,0,0,86.667,0,0.000,ft_jnd,FrameTimeStutter,1,0,1,0,1,1,0.25,0.25,1.5,100,-10,100,1,5,250,40,5,250,50,1,6,11,0,0.06,4,0.05,50,8,4,2,2,100,144,5,5,300,1.05,1.05,6.0,2.0,10,6,6,-1,
17,P017,1,ft_jnd,FrameTimeStutter,597,2.64532,3.7960,468.52,1211.31,0.000,0.000,468.52,1211.31,-15.7593,9.9836,0.0000,4.8809,0.0000,-19.9927,Left,0,0,0,0,86.667,0,0.000,ft_jnd,FrameTimeStutter,1,0,1,0,1,1,0.25,0.25,1.5,100,-10,100,1,5,250,40,5,250,50,1,6,11,0,0.06,4,0.05,50,8,4,2,2,100,144,5,5,300,1.05,1.05,6.0,2.0,10,6,6,-1,
17,P017,1,ft_jnd,FrameTimeStutter,598,2.64956,4.2389,437.54,1208.36,-21.000,-2.000,437.54,1208.36,-16.3258,9.9297,0.0000,4.8809,0.0000,-20.6401,Left,0,0,0,0,86.667,0,0.000,ft_jnd,FrameTimeStutter,1,0,1,0,1,1,0.25,0.25,1.5,100,-10,100,1,5,250,40,5,250,50,1,6,11,0,0.06,4,0.05,50,8,4,2,2,100,144,5,5,300,1.05,1.05,6.0,2.0,10,6,6,-1,
17,P017,1,ft_jnd,FrameTimeStutter,599,2.65281,3.2552,437.54,1208.36,0.000,0.000,437.54,1208.36,-16.3258,9.9297,0.0000,4.8809,0.0000,-21.2067,Left,0,0,0,0,86.667,0,0.000,ft_jnd,FrameTimeStutter,1,0,1,0,1,1,0.25,0.25,1.5,100,-10,100,1,5,250,40,5,250,50,1,6,11,0,0.06,4,0.05,50,8,4,2,2,100,144,5,5,300,1.05,1.05,6.0,2.0,10,6,6,-1,
17,P017,1,ft_jnd,FrameTimeStutter,600,2.65673,3.9228,437.54,1208.36,0.000,0.000,437.54,1208.36,-16.3258,9.9297,0.0000,4.8809,0.0000,-21.2067,Left,0,0,0,0,86.667,0,0.000,ft_jnd,FrameTimeStutter,1,0,1,0,1,1,0.25,0.25,1.5,100,-10,100,1,5,250,40,5,250,50,1,6,11,0,0.06,4,0.05,50,8,4,2,2,100,144,5,5,300,1.05,1.05,6.0,2.0,10,6,6,-1,
17,P017,1,ft_jnd,FrameTimeStutter,601,2.66003,3.2931,406.56,1206.89,-21.000,-1.000,406.56,1206.89,-16.8924,9.9027,0.0000,4.8809,0.0000,-21.2067,Left,0,0,0,0,86.667,0,0.000,ft_jnd,FrameTimeStutter,1,0,1,0,1,1,0.25,0.25,1.5,100,-10,100,1,5,250,40,5,250,50,1,6,11,0,0.06,4,0.05,50,8,4,2,2,100,144,5,5,300,1.05,1.05,6.0,2.0,10,6,6,-1,
17,P017,1,ft_jnd,FrameTimeStutter,602,2.66320,3.1742,406.56,1206.89,0.000,0.000,406.56,1206.89,-16.8924,9.9027,0.0000,4.8809,0.0000,-21.7732,Left,0,0,0,0,86.667,0,0.000,ft_jnd,FrameTimeStutter,1,0,1,0,1,1,0.25,0.25,1.5,100,-10,100,1,5,250,40,5,250,50,1,6,11,0,0.06,4,0.05,50,8,4,2,2,100,144,5,5,300,1.05,1.05,6.0,2.0,10,6,6,-1,
17,P017,1,ft_jnd,FrameTimeStutter,603,2.66717,3.9739,378.52,1205.41,-19.000,-1.000,378.52,1205.41,-17.4049,9.8757,0.0000,4.8809,0.0000,-21.7732,Left,0,0,0,0,86.667,0,0.000,ft_jnd,FrameTimeStutter,1,0,1,0,1,1,0.25,0.25,1.5,100,-10,100,1,5,250,40,5,250,50,1,6,11,0,0.06,4,0.05,50,8,4,2,2,100,144,5,5,300,1.05,1.05,6.0,2.0,10,6,6,-1,
17,P017,1,ft_jnd,FrameTimeStutter,604,2.67038,3.2070,378.52,1205.41,0.000,0.000,378.52,1205.41,-17.4049,9.8757,0.0000,4.8809,0.0000,-22.2858,Left,0,0,0,0,86.667,0,0.000,ft_jnd,FrameTimeStutter,1,0,1,0,1,1,0.25,0.25,1.5,100,-10,100,1,5,250,40,5,250,50,1,6,11,0,0.06,4,0.05,50,8,4,2,2,100,144,5,5,300,1.05,1.05,6.0,2.0,10,6,6,-1,
17,P017,1,ft_jnd,FrameTimeStutter,605,2.67368,3.2944,353.44,1202.46,-17.000,-2.000,353.44,1202.46,-17.8636,9.8217,0.0000,4.8809,0.0000,-22.2858,Left,0,0,0,0,86.667,0,0.000,ft_jnd,FrameTimeStutter,1,0,1,0,1,1,0.25,0.25,1.5,100,-10,100,1,5,250,40,5,250,50,1,6,11,0,0.06,4,0.05,50,8,4,2,2,100,144,5,5,300,1.05,1.05,6.0,2.0,10,6,6,-1,
17,P017,1,ft_jnd,FrameTimeStutter,606,2.67800,4.3261,353.44,1202.46,0.000,0.000,353.44,1202.46,-17.8636,9.8217,0.0000,4.8809,0.0000,-22.7444,Left,0,0,0,0,86.667,0,0.000,ft_jnd,FrameTimeStutter,1,0,1,0,1,1,0.25,0.25,1.5,100,-10,100,1,5,250,40,5,250,50,1,6,11,0,0.06,4,0.05,50,8,4,2,2,100,144,5,5,300,1.05,1.05,6.0,2.0,10,6,6,-1,
17,P017,1,ft_jnd,FrameTimeStutter,607,2.68173,3.7240,328.36,1202.46,-17.000,0.000,328.36,1202.46,-18.3222,9.8217,0.0000,4.8809,0.0000,-22.7444,Left,0,0,0,0,86.667,0,0.000,ft_jnd,FrameTimeStutter,1,0,1,0,1,1,0.25,0.25,1.5,100,-10,100,1,5,250,40,5,250,50,1,6,11,0,0.06,4,0.05,50,8,4,2,2,100,144,5,5,300,1.05,1.05,6.0,2.0,10,6,6,-1,
17,P017,1,ft_jnd,FrameTimeStutter,608,2.68598,4.2545,328.36,1202.46,0.000,0.000,328.36,1202.46,-18.3222,9.8217,0.0000,4.8809,0.0000,-23.2031,Left,0,0,0,0,86.667,0,0.000,ft_jnd,FrameTimeStutter,1,0,1,0,1,1,0.25,0.25,1.5,100,-10,100,1,5,250,40,5,250,50,1,6,11,0,0.06,4,0.05,50,8,4,2,2,100,144,5,5,300,1.05,1.05,6.0,2.0,10,6,6,-1,
17,P017,1,ft_jnd,FrameTimeStutter,609,2.69030,4.3244,303.28,1199.51,-17.000,-2.000,303.28,1199.51,-18.7808,9.7678,0.0000,4.8809,0.0000,-23.2031,Left,0,0,0,0,86.667,0,0.000,ft_jnd,FrameTimeStutter,1,0,1,0,1,1,0.25,0.25,1.5,100,-10,100,1,5,250,40,5,250,50,1,6,11,0,0.06,4,0.05,50,8,4,2,2,100,144,5,5,300,1.05,1.05,6.0,2.0,10,6,6,-1,
17,P017,1,ft_jnd,FrameTimeStutter,610,2.69421,3.9063,303.28,1199.51,0.000,0.000,303.28,1199.51,-18.7808,9.7678,0.0000,4.8809,0.0000,-23.6617,Left,0,0,0,0,86.667,0,0.000,ft_jnd,FrameTimeStutter,1,0,1,0,1,1,0.25,0.25,1.5,100,-10,100,1,5,250,40,5,250,50,1,6,11,0,0.06,4,0.05,50,8,4,2,2,100,144,5,5,300,1.05,1.05,6.0,2.0,10,6,6,-1,
17,P017,1,ft_jnd,FrameTimeStutter,611,2.69756,3.3504,279.67,1198.03,-16.000,-1.000,279.67,1198.03,-19.2125,9.7408,0.0000,4.8809,0.0000,-23.6617,Left,0,0,0,0,86.667,0,0.000,ft_jnd,FrameTimeStutter,1,0,1,0,1,1,0.25,0.25,1.5,100,-10,100,1,5,250,40,5,250,50,1,6,11,0,0.06,4,0.05,50,8,4,2,2,100,144,5,5,300,1.05,1.05,6.0,2.0,10,6,6,-1,
17,P017,1,ft_jnd,FrameTimeStutter,612,2.70087,3.3057,279.67,1198.03,0.000,0.000,279.67,1198.03,-19.2125,9.7408,0.0000,4.8809,0.0000,-24.0933,Left,0,0,0,0,86.667,0,0.000,ft_jnd,FrameTimeStutter,1,0,1,0,1,1,0.25,0.25,1.5,100,-10,100,1,5,250,40,5,250,50,1,6,11,0,0.06,4,0.05,50,8,4,2,2,100,144,5,5,300,1.05,1.05,6.0,2.0,10,6,6,-1,
17,P017,1,ft_jnd,FrameTimeStutter,613,2.70387,3.0021,279.67,1198.03,0.000,0.000,279.67,1198.03,-19.2125,9.7408,0.0000,4.8809,0.0000,-24.0933,Left,0,0,0,0,86.667,0,0.000,ft_jnd,FrameTimeStutter,1,0,1,0,1,1,0.25,0.25,1.5,100,-10,100,1,5,250,40,5,250,50,1,6,11,0,0.06,4,0.05,50,8,4,2,2,100,144,5,5,300,1.05,1.05,6.0,2.0,10,6,6,-1,
17,P017,1,ft_jnd,FrameTimeStutter,614,2.70759,3.7247,259.02,1198.03,-14.000,0.000,259.02,1198.03,-19.5902,9.7408,0.0000,4.8809,0.0000,-24.0933,Left,0,0,0,0,86.667,0,0.000,ft_jnd,FrameTimeStutter,1,0,1,0,1,1,0.25,0.25,1.5,100,-10,100,1,5,250,40,5,250,50,1,6,11,0,0.06,4,0.05,50,8,4,2,2,100,144,5,5,300,1.05,1.05,6.0,2.0,10,6,6,-1,
17,P017,1,ft_jnd,FrameTimeStutter,615,2.71164,4.0483,259.02,1198.03,0.000,0.000,259.02,1198.03,-19.5902,9.7408,0.0000,4.8809,0.0000,-24.4710,Left,0,0,0,0,86.667,0,0.000,ft_jnd,FrameTimeStutter,1,0,1,0,1,1,0.25,0.25,1.5,100,-10,100,1,5,250,40,5,250,50,1,6,11,0,0.06,4,0.05,50,8,4,2,2,100,144,5,5,300,1.05,1.05,6.0,2.0,10,6,6,-1,
17,P017,1,ft_jnd,FrameTimeStutter,616,2.71594,4.3019,233.93,1196.56,-17.000,-1.000,233.93,1196.56,-20.0488,9.7138,0.0000,4.8809,0.0000,-24.4710,Left,0,0,0,0,86.667,0,0.000,ft_jnd,FrameTimeStutter,1,0,1,0,1,1,0.25,0.25,1.5,100,-10,100,1,5,250,40,5,250,50,1,6,11,0,0.06,4,0.05,50,8,4,2,2,100,144,5,5,300,1.05,1.05,6.0,2.0,10,6,6,-1,
17,P017,1,ft_jnd,FrameTimeStutter,617,2.72036,4.4183,233.93,1196.56,0.000,0.000,233.93,1196.56,-20.0488,9.7138,0.0000,4.8809,0.0000,-24.9297,Left,0,0,0,0,86.667,0,0.000,ft_jnd,FrameTimeStutter,1,0,1,0,1,1,0.25,0.25,1.5,100,-10,100,1,5,250,40,5,250,50,1,6,11,0,0.06,4,0.05,50,8,4,2,2,100,144,5,5,300,1.05,1.05,6.0,2.0,10,6,6,-1,
17,P017,1,ft_jnd,FrameTimeStutter,618,2.72424,3.8791,211.80,1195.08,-15.000,-1.000,211.80,1195.08,-20.4535,9.6868,0.0000,4.8809,0.0000,-24.9297,Left,0,0,0,0,86.667,0,0.000,ft_jnd,FrameTimeStutter,1,0,1,0,1,1,0.25,0.25,1.5,100,-10,100,1,5,250,40,5,250,50,1,6,11,0,0.06,4,0.05,50,8,4,2,2,100,144,5,5,300,1.05,1.05,6.0,2.0,10,6,6,-1,
17,P017,1,ft_jnd,FrameTimeStutter,619,2.72757,3.3247,211.80,1195.08,0.000,0.000,211.80,1195.08,-20.4535,9.6868,0.0000,4.8809,0.0000,-25.3343,Left,0,0,0,0,86.667,0,0.000,ft_jnd,FrameTimeStutter,1,0,1,0,1,1,0.25,0.25,1.5,100,-10,100,1,5,250,40,5,250,50,1,6,11,0,0.06,4,0.05,50,8,4,2,2,100,144,5,5,300,1.05,1.05,6.0,2.0,10,6,6,-1,
17,P017,1,ft_jnd,FrameTimeStutter,620,2.73078,3.2170,194.10,1193.61,-12.000,-1.000,194.10,1193.61,-20.7772,9.6599,0.0000,4.8809,0.0000,-25.3343,Left,0,0,0,0,86.667,0,0.000,ft_jnd,FrameTimeStutter,1,0,1,0,1,1,0.25,0.25,1.5,100,-10,100,1,5,250,40,5,250,50,1,6,11,0,0.06,4,0.05,50,8,4,2,2,100,144,5,5,300,1.05,1.05,6.0,2.0,10,6,6,-1,
17,P017,1,ft_jnd,FrameTimeStutter,621,2.73386,3.0753,194.10,1193.61,0.000,0.000,194.10,1193.61,-20.7772,9.6599,0.0000,4.8809,0.0000,-25.6581,Left,0,0,0,0,86.667,0,0.000,ft_jnd,FrameTimeStutter,1,0,1,0,1,1,0.25,0.25,1.5,100,-10,100,1,5,250,40,5,250,50,1,6,11,0,0.06,4,0.05,50,8,4,2,2,100,144,5,5,300,1.05,1.05,6.0,2.0,10,6,6,-1,
17,P017,1,ft_jnd,FrameTimeStutter,622,2.73720,3.3382,194.10,1193.61,-11.000,-2.000,194.10,1193.61,-20.7772,9.6599,0.0000,4.8809,0.0000,-25.6581,Left,0,0,0,0,86.667,0,0.000,ft_jnd,FrameTimeStutter,1,0,1,0,1,1,0.25,0.25,1.5,100,-10,100,1,5,250,40,5,250,50,1,6,11,0,0.06,4,0.05,50,8,4,2,2,100,144,5,5,300,1.05,1.05,6.0,2.0,10,6,6,-1,
17,P017,1,ft_jnd,FrameTimeStutter,623,2.74136,4.1610,177.87,1190.66,0.000,0.000,177.87,1190.66,-21.0740,9.6059,0.0000,4.8809,0.0000,-25.6581,Left,0,0,0,0,86.667,0,0.000,ft_jnd,FrameTimeStutter,1,0,1,0,1,1,0.25,0.25,1.5,100,-10,100,1,5,250,40,5,250,50,1,6,11,0,0.06,4,0.05,50,8,4,2,2,100,144,5,5,300,1.05,1.05,6.0,2.0,10,6,6,-1,
17,P017,1,ft_jnd,FrameTimeStutter,624,2.74559,4.2350,164.59,1190.66,-9.000,0.000,164.59,1190.66,-21.3168,9.6059,0.0000,4.8809,0.0000,-25.9548,Left,0,0,0,0,86.667,0,0.000,ft_jnd,FrameTimeStutter,1,0,1,0,1,1,0.25,0.25,1.5,100,-10,100,1,5,250,40,5,250,50,1,6,11,0,0.06,4,0.05,50,8,4,2,2,100,144,5,5,300,1.05,1.05,6.0,2.0,10,6,6,-1,
17,P017,1,ft_jnd,FrameTimeStutter,625,2.74992,4.3270,164.59,1190.66,0.000,0.000,164.59,1190.66,-21.3168,9.6059,0.0000,4.8809,0.0000,-26.1976,Left,0,0,0,0,86.667,0,0.000,ft_jnd,FrameTimeStutter,1,0,1,0,1,1,0.25,0.25,1.5,100,-10,100,1,5,250,40,5,250,50,1,6,11,0,0.06,4,0.05,50,8,4,2,2,100,144,5,5,300,1.05,1.05,6.0,2.0,10,6,6,-1,
17,P017,1,ft_jnd,FrameTimeStutter,626,2.75380,3.8833,155.74,1189.18,-6.000,-1.000,155.74,1189.18,-21.4786,9.5789,0.0000,4.8809,0.0000,-26.1976,Left,0,0,0,0,86.667,0,0.000,ft_jnd,FrameTimeStutter,1,0,1,0,1,1,0.25,0.25,1.5,100,-10,100,1,5,250,40,5,250,50,1,6,11,0,0.06,4,0.05,50,8,4,2,2,100,144,5,5,300,1.05,1.05,6.0,2.0,10,6,6,-1,
17,P017,1,ft_jnd,FrameTimeStutter,627,2.75730,3.4988,155.74,1189.18,0.000,0.000,155.74,1189.18,-21.4786,9.5789,0.0000,4.8809,0.0000,-26.3595,Left,0,0,0,0,86.667,0,0.000,ft_jnd,FrameTimeStutter,1,0,1,0,1,1,0.25,0.25,1.5,100,-10,100,1,5,250,40,5,250,50,1,6,11,0,0.06,4,0.05,50,8,4,2,2,100,144,5,5,300,1.05,1.05,6.0,2.0,10,6,6,-1,
17,P017,1,ft_jnd,FrameTimeStutter,628,2.76141,4.1112,155.74,1189.18,0.000,0.000,155.74,1189.18,-21.4786,9.5789,0.0000,4.8809,0.0000,-26.3595,Left,0,0,0,0,86.667,0,0.000,ft_jnd,FrameTimeStutter,1,0,1,0,1,1,0.25,0.25,1.5,100,-10,100,1,5,250,40,5,250,50,1,6,11,0,0.06,4,0.05,50,8,4,2,2,100,144,5,5,300,1.05,1.05,6.0,2.0,10,6,6,-1,
17,P017,1,ft_jnd,FrameTimeStutter,629,2.76476,3.3473,149.84,1189.18,-4.000,0.000,149.84,1189.18,-21.5866,9.5789,0.0000,4.8809,0.0000,-26.3595,Left,0,0,0,0,86.667,0,0.000,ft_jnd,FrameTimeStutter,1,0,1,0,1,1,0.25,0.25,1.5,100,-10,100,1,5,250,40,5,250,50,1,6,11,0,0.06,4,0.05,50,8,4,2,2,100,144,5,5,300,1.05,1.05,6.0,2.0,10,6,6,-1,
17,P017,1,ft_jnd,FrameTimeStutter,630,2.76812,3.3587,149.84,1189.18,0.000,0.000,149.84,1189.18,-21.5866,9.5789,0.0000,4.8809,0.0000,-26.4674,Left,0,0,0,0,86.667,0,0.000,ft_jnd,FrameTimeStutter,1,0,1,0,1,1,0.25,0.25,1.5,100,-10,100,1,5,250,40,5,250,50,1,6,11,0,0.06,4,0.05,50,8,4,2,2,100,144,5,5,300,1.05,1.05,6.0,2.0,10,6,6,-1,
17,P017,1,ft_jnd,FrameTimeStutter,631,2.77240,4.2843,148.36,1189.18,-1.000,0.000,148.36,1189.18,-21.6135,9.5789,0.0000,4.8809,0.0000,-26.4674,Left,0,0,0,0,86.667,0,0.000,ft_jnd,FrameTimeStutter,1,0,1,0,1,1,0.25,0.25,1.5,100,-10,100,1,5,250,40,5,250,50,1,6,11,0,0.06,4,0.05,50,8,4,2,2,100,144,5,5,300,1.05,1.05,6.0,2.0,10,6,6,-1,
17,P017,1,ft_jnd,FrameTimeStutter,632,2.77676,4.3534,148.36,1189.18,0.000,0.000,148.36,1189.18,-21.6135,9.5789,0.0000,4.8809,0.0000,-26.4944,Left,0,0,0,0,86.667,0,0.000,ft_jnd,FrameTimeStutter,1,0,1,0,1,1,0.25,0.25,1.5,100,-10,100,1,5,250,40,5,250,50,1,6,11,0,0.06,4,0.05,50,8,4,2,2,100,144,5,5,300,1.05,1.05,6.0,2.0,10,6,6,-1,
17,P017,1,ft_jnd,FrameTimeStutter,633,2.78000,3.2474,148.36,1189.18,0.000,0.000,148.36,1189.18,-21.6135,9.5789,0.0000,4.8809,0.0000,-26.4944,Left,0,0,0,0,86.667,0,0.000,ft_jnd,FrameTimeStutter,1,0,1,0,1,1,0.25,0.25,1.5,100,-10,100,1,5,250,40,5,250,50,1,6,11,0,0.06,4,0.05,50,8,4,2,2,100,144,5,5,300,1.05,1.05,6.0,2.0,10,6,6,-1,
17,P017,1,ft_jnd,FrameTimeStutter,634,2.78423,4.2210,148.36,1189.18,0.000,0.000,148.36,1189.18,-21.6135,9.5789,0.0000,4.8809,0.0000,-26.4944,Left,0,0,0,0,86.667,0,0.000,ft_jnd,FrameTimeStutter,1,0,1,0,1,1,0.25,0.25,1.5,100,-10,100,1,5,250,40,5,250,50,1,6,11,0,0.06,4,0.05,50,8,4,2,2,100,144,5,5,300,1.05,1.05,6.0,2.0,10,6,6,-1,
17,P017,1,ft_jnd,FrameTimeStutter,635,2.78758,3.3579,148.36,1189.18,0.000,0.000,148.36,1189.18,-21.6135,9.5789,0.0000,4.8809,0.0000,-26.4944,Left,0,0,0,0,86.667,0,0.000,ft_jnd,FrameTimeStutter,1,0,1,0,1,1,0.25,0.25,1.5,100,-10,100,1,5,250,40,5,250,50,1,6,11,0,0.06,4,0.05,50,8,4,2,2,100,144,5,5,300,1.05,1.05,6.0,2.0,10,6,6,-1,
17,P017,1,ft_jnd,FrameTimeStutter,636,2.79092,3.3359,148.36,1189.18,0.000,0.000,148.36,1189.18,-21.6135,9.5789,0.0000,4.8809,0.0000,-26.4944,Left,0,0,0,0,86.667,0,0.000,ft_jnd,FrameTimeStutter,1,0,1,0,1,1,0.25,0.25,1.5,100,-10,100,1,5,250,40,5,250,50,1,6,11,0,0.06,4,0.05,50,8,4,2,2,100,144,5,5,300,1.05,1.05,6.0,2.0,10,6,6,-1,
17,P017,1,ft_jnd,FrameTimeStutter,637,2.79530,4.3790,148.36,1189.18,0.000,0.000,148.36,1189.18,-21.6135,9.5789,0.0000,4.8809,0.0000,-26.4944,Left,0,0,0,0,86.667,0,0.000,ft_jnd,FrameTimeStutter,1,0,1,0,1,1,0.25,0.25,1.5,100,-10,100,1,5,250,40,5,250,50,1,6,11,0,0.06,4,0.05,50,8,4,2,2,100,144,5,5,300,1.05,1.05,6.0,2.0,10,6,6,-1,
17,P017,1,ft_jnd,FrameTimeStutter,638,2.79876,3.4574,148.36,1189.18,0.000,0.000,148.36,1189.18,-21.6135,9.5789,0.0000,4.8809,0.0000,-26.4944,Left,0,0,0,0,86.667,0,0.000,ft_jnd,FrameTimeStutter,1,0,1,0,1,1,0.25,0.25,1.5,100,-10,100,1,5,250,40,5,250,50,1,6,11,0,0.06,4,0.05,50,8,4,2,2,100,144,5,5,300,1.05,1.05,6.0,2.0,10,6,6,-1,
17,P017,1,ft_jnd,FrameTimeStutter,639,2.80268,3.9193,148.36,1189.18,0.000,0.000,148.36,1189.18,-21.6135,9.5789,0.0000,4.8809,0.0000,-26.4944,Left,0,0,0,0,86.667,0,0.000,ft_jnd,FrameTimeStutter,1,0,1,0,1,1,0.25,0.25,1.5,100,-10,100,1,5,250,40,5,250,50,1,6,11,0,0.06,4,0.05,50,8,4,2,2,100,144,5,5,300,1.05,1.05,6.0,2.0,10,6,6,-1,
17,P017,1,ft_jnd,FrameTimeStutter,640,2.80702,4.3444,148.36,1189.18,0.000,0.000,148.36,1189.18,-21.6135,9.5789,0.0000,4.8809,0.0000,-26.4944,Left,0,0,0,0,86.667,0,0.000,ft_jnd,FrameTimeStutter,1,0,1,0,1,1,0.25,0.25,1.5,100,-10,100,1,5,250,40,5,250,50,1,6,11,0,0.06,4,0.05,50,8,4,2,2,100,144,5,5,300,1.05,1.05,6.0,2.0,10,6,6,-1,
17,P017,1,ft_jnd,FrameTimeStutter,641,2.81136,4.3363,148.36,1189.18,0.000,0.000,148.36,1189.18,-21.6135,9.5789,0.0000,4.8809,0.0000,-26.4944,Left,0,0,0,0,86.667,0,0.000,ft_jnd,FrameTimeStutter,1,0,1,0,1,1,0.25,0.25,1.5,100,-10,100,1,5,250,40,5,250,50,1,6,11,0,0.06,4,0.05,50,8,4,2,2,100,144,5,5,300,1.05,1.05,6.0,2.0,10,6,6,-1,
17,P017,1,ft_jnd,FrameTimeStutter,642,2.81427,2.9133,148.36,1189.18,0.000,0.000,148.36,1189.18,-21.6135,9.5789,0.0000,4.8809,0.0000,-26.4944,Left,0,0,0,0,86.667,0,0.000,ft_jnd,FrameTimeStutter,1,0,1,0,1,1,0.25,0.25,1.5,100,-10,100,1,5,250,40,5,250,50,1,6,11,0,0.06,4,0.05,50,8,4,2,2,100,144,5,5,300,1.05,1.05,6.0,2.0,10,6,6,-1,
17,P017,1,ft_jnd,FrameTimeStutter,643,2.81813,3.8619,148.36,1189.18,0.000,0.000,148.36,1189.18,-21.6135,9.5789,0.0000,4.8809,0.0000,-26.4944,Left,0,0,0,0,86.667,0,0.000,ft_jnd,FrameTimeStutter,1,0,1,0,1,1,0.25,0.25,1.5,100,-10,100,1,5,250,40,5,250,50,1,6,11,0,0.06,4,0.05,50,8,4,2,2,100,144,5,5,300,1.05,1.05,6.0,2.0,10,6,6,-1,
17,P017,1,ft_jnd,FrameTimeStutter,644,2.82107,2.9351,148.36,1189.18,0.000,0.000,148.36,1189.18,-21.6135,9.5789,0.0000,4.8809,0.0000,-26.4944,Left,0,0,0,0,86.667,0,0.000,ft_jnd,FrameTimeStutter,1,0,1,0,1,1,0.25,0.25,1.5,100,-10,100,1,5,250,40,5,250,50,1,6,11,0,0.06,4,0.05,50,8,4,2,2,100,144,5,5,300,1.05,1.05,6.0,2.0,10,6,6,-1,
17,P017,1,ft_jnd,FrameTimeStutter,645,2.82479,3.7283,148.36,1189.18,0.000,0.000,148.36,1189.18,-21.6135,9.5789,0.0000,4.8809,0.0000,-26.4944,Left,0,0,0,0,86.667,0,0.000,ft_jnd,FrameTimeStutter,1,0,1,0,1,1,0.25,0.25,1.5,100,-10,100,1,5,250,40,5,250,50,1,6,11,0,0.06,4,0.05,50,8,4,2,2,100,144,5,5,300,1.05,1.05,6.0,2.0,10,6,6,-1,
17,P017,1,ft_jnd,FrameTimeStutter,646,2.82913,4.3330,148.36,1189.18,0.000,0.000,148.36,1189.18,-21.6135,9.5789,0.0000,4.8809,0.0000,-26.4944,Left,0,0,0,0,86.667,0,0.000,ft_jnd,FrameTimeStutter,1,0,1,0,1,1,0.25,0.25,1.5,100,-10,100,1,5,250,40,5,250,50,1,6,11,0,0.06,4,0.05,50,8,4,2,2,100,144,5,5,300,1.05,1.05,6.0,2.0,10,6,6,-1,
17,P017,1,ft_jnd,FrameTimeStutter,647,2.83303,3.8988,148.36,1189.18,0.000,0.000,148.36,1189.18,-21.6135,9.5789,0.0000,4.8809,0.0000,-26.4944,Left,0,0,0,0,86.667,0,0.000,ft_jnd,FrameTimeStutter,1,0,1,0,1,1,0.25,0.25,1.5,100,-10,100,1,5,250,40,5,250,50,1,6,11,0,0.06,4,0.05,50,8,4,2,2,100,144,5,5,300,1.05,1.05,6.0,2.0,10,6,6,-1,
17,P017,1,ft_jnd,FrameTimeStutter,648,2.83739,4.3688,148.36,1189.18,0.000,0.000,148.36,1189.18,-21.6135,9.5789,0.0000,4.8809,0.0000,-26.4944,Left,0,0,0,0,86.667,0,0.000,ft_jnd,FrameTimeStutter,1,0,1,0,1,1,0.25,0.25,1.5,100,-10,100,1,5,250,40,5,250,50,1,6,11,0,0.06,4,0.05,50,8,4,2,2,100,144,5,5,300,1.05,1.05,6.0,2.0,10,6,6,-1,
17,P017,1,ft_jnd,FrameTimeStutter,649,2.84177,4.3743,148.36,1189.18,0.000,0.000,148.36,1189.18,-21.6135,9.5789,0.0000,4.8809,0.0000,-26.4944,Left,0,0,0,0,86.667,0,0.000,ft_jnd,FrameTimeStutter,1,0,1,0,1,1,0.25,0.25,1.5,100,-10,100,1,5,250,40,5,250,50,1,6,11,0,0.06,4,0.05,50,8,4,2,2,100,144,5,5,300,1.05,1.05,6.0,2.0,10,6,6,-1,
17,P017,1,ft_jnd,FrameTimeStutter,650,2.84465,2.8773,148.36,1189.18,0.000,0.000,148.36,1189.18,-21.6135,9.5789,0.0000,4.8809,0.0000,-26.4944,Left,0,0,0,0,86.667,0,0.000,ft_jnd,FrameTimeStutter,1,0,1,0,1,1,0.25,0.25,1.5,100,-10,100,1,5,250,40,5,250,50,1,6,11,0,0.06,4,0.05,50,8,4,2,2,100,144,5,5,300,1.05,1.05,6.0,2.0,10,6,6,-1,
17,P017,1,ft_jnd,FrameTimeStutter,651,2.84846,3.8133,148.36,1189.18,0.000,0.000,148.36,1189.18,-21.6135,9.5789,0.0000,4.8809,0.0000,-26.4944,Left,0,0,0,0,86.667,0,0.000,ft_jnd,FrameTimeStutter,1,0,1,0,1,1,0.25,0.25,1.5,100,-10,100,1,5,250,40,5,250,50,1,6,11,0,0.06,4,0.05,50,8,4,2,2,100,144,5,5,300,1.05,1.05,6.0,2.0,10,6,6,-1,
17,P017,1,ft_jnd,FrameTimeStutter,652,2.85303,4.5724,148.36,1189.18,0.000,0.000,148.36,1189.18,-21.6135,9.5789,0.0000,4.8809,0.0000,-26.4944,Left,0,0,0,0,86.667,0,0.000,ft_jnd,FrameTimeStutter,1,0,1,0,1,1,0.25,0.25,1.5,100,-10,100,1,5,250,40,5,250,50,1,6,11,0,0.06,4,0.05,50,8,4,2,2,100,144,5,5,300,1.05,1.05,6.0,2.0,10,6,6,-1,
17,P017,1,ft_jnd,FrameTimeStutter,653,2.85703,3.9997,148.36,1189.18,0.000,0.000,148.36,1189.18,-21.6135,9.5789,0.0000,4.8809,0.0000,-26.4944,Left,0,0,0,0,86.667,0,0.000,ft_jnd,FrameTimeStutter,1,0,1,0,1,1,0.25,0.25,1.5,100,-10,100,1,5,250,40,5,250,50,1,6,11,0,0.06,4,0.05,50,8,4,2,2,100,144,5,5,300,1.05,1.05,6.0,2.0,10,6,6,-1,
17,P017,1,ft_jnd,FrameTimeStutter,654,2.86040,3.3646,148.36,1189.18,0.000,0.000,148.36,1189.18,-21.6135,9.5789,0.0000,4.8809,0.0000,-26.4944,Left,0,0,0,0,86.667,0,0.000,ft_jnd,FrameTimeStutter,1,0,1,0,1,1,0.25,0.25,1.5,100,-10,100,1,5,250,40,5,250,50,1,6,11,0,0.06,4,0.05,50,8,4,2,2,100,144,5,5,300,1.05,1.05,6.0,2.0,10,6,6,-1,
17,P017,1,ft_jnd,FrameTimeStutter,655,2.86469,4.2971,148.36,1189.18,0.000,0.000,148.36,1189.18,-21.6135,9.5789,0.0000,4.8809,0.0000,-26.4944,Left,0,0,0,0,86.667,0,0.000,ft_jnd,FrameTimeStutter,1,0,1,0,1,1,0.25,0.25,1.5,100,-10,100,1,5,250,40,5,250,50,1,6,11,0,0.06,4,0.05,50,8,4,2,2,100,144,5,5,300,1.05,1.05,6.0,2.0,10,6,6,-1,
17,P017,1,ft_jnd,FrameTimeStutter,656,2.86764,2.9466,148.36,1189.18,0.000,0.000,148.36,1189.18,-21.6135,9.5789,0.0000,4.8809,0.0000,-26.4944,Left,0,0,0,0,86.667,0,0.000,ft_jnd,FrameTimeStutter,1,0,1,0,1,1,0.25,0.25,1.5,100,-10,100,1,5,250,40,5,250,50,1,6,11,0,0.06,4,0.05,50,8,4,2,2,100,144,5,5,300,1.05,1.05,6.0,2.0,10,6,6,-1,
17,P017,1,ft_jnd,FrameTimeStutter,657,2.87249,4.8470,148.36,1189.18,0.000,0.000,148.36,1189.18,-21.6135,9.5789,0.0000,4.8809,0.0000,-26.4944,Left,0,0,0,0,86.667,0,0.000,ft_jnd,FrameTimeStutter,1,0,1,0,1,1,0.25,0.25,1.5,100,-10,100,1,5,250,40,5,250,50,1,6,11,0,0.06,4,0.05,50,8,4,2,2,100,144,5,5,300,1.05,1.05,6.0,2.0,10,6,6,-1,
17,P017,1,ft_jnd,FrameTimeStutter,658,2.87573,3.2418,149.84,1189.18,1.000,0.000,149.84,1189.18,-21.5866,9.5789,0.0000,4.8809,0.0000,-26.4944,Left,0,0,0,0,86.667,0,0.000,ft_jnd,FrameTimeStutter,1,0,1,0,1,1,0.25,0.25,1.5,100,-10,100,1,5,250,40,5,250,50,1,6,11,0,0.06,4,0.05,50,8,4,2,2,100,144,5,5,300,1.05,1.05,6.0,2.0,10,6,6,-1,
17,P017,1,ft_jnd,FrameTimeStutter,659,2.87914,3.4133,149.84,1189.18,0.000,0.000,149.84,1189.18,-21.5866,9.5789,0.0000,4.8809,0.0000,-26.4674,Left,0,0,0,0,86.667,0,0.000,ft_jnd,FrameTimeStutter,1,0,1,0,1,1,0.25,0.25,1.5,100,-10,100,1,5,250,40,5,250,50,1,6,11,0,0.06,4,0.05,50,8,4,2,2,100,144,5,5,300,1.05,1.05,6.0,2.0,10,6,6,-1,
17,P017,1,ft_jnd,FrameTimeStutter,660,2.88454,5.4005,151.31,1189.18,1.000,0.000,151.31,1189.18,-21.5596,9.5789,0.0000,4.8809,0.0000,-26.4674,Left,0,0,0,0,86.667,0,0.000,ft_jnd,FrameTimeStutter,1,0,1,0,1,1,0.25,0.25,1.5,100,-10,100,1,5,250,40,5,250,50,1,6,11,0,0.06,4,0.05,50,8,4,2,2,100,144,5,5,300,1.05,1.05,6.0,2.0,10,6,6,-1,
17,P017,1,ft_jnd,FrameTimeStutter,661,2.88859,4.0492,151.31,1189.18,0.000,0.000,151.31,1189.18,-21.5596,9.5789,0.0000,4.8809,0.0000,-26.4404,Left,0,0,0,0,86.667,0,0.000,ft_jnd,FrameTimeStutter,1,0,1,0,1,1,0.25,0.25,1.5,100,-10,100,1,5,250,40,5,250,50,1,6,11,0,0.06,4,0.05,50,8,4,2,2,100,144,5,5,300,1.05,1.05,6.0,2.0,10,6,6,-1,
17,P017,1,ft_jnd,FrameTimeStutter,662,2.89301,4.4225,157.21,1189.18,4.000,0.000,157.21,1189.18,-21.4517,9.5789,0.0000,4.8809,0.0000,-26.4404,Left,0,0,0,0,86.667,0,0.000,ft_jnd,FrameTimeStutter,1,0,1,0,1,1,0.25,0.25,1.5,100,-10,100,1,5,250,40,5,250,50,1,6,11,0,0.06,4,0.05,50,8,4,2,2,100,144,5,5,300,1.05,1.05,6.0,2.0,10,6,6,-1,
17,P017,1,ft_jnd,FrameTimeStutter,663,2.89748,4.4611,170.49,1189.18,9.000,0.000,170.49,1189.18,-21.2089,9.5789,0.0000,4.8809,0.0000,-26.3325,Left,0,0,0,0,86.667,0,0.000,ft_jnd,FrameTimeStutter,1,0,1,0,1,1,0.25,0.25,1.5,100,-10,100,1,5,250,40,5,250,50,1,6,11,0,0.06,4,0.05,50,8,4,2,2,100,144,5,5,300,1.05,1.05,6.0,2.0,10,6,6,-1,
17,P017,1,ft_jnd,FrameTimeStutter,664,2.90180,4.3244,170.49,1189.18,0.000,0.000,170.49,1189.18,-21.2089,9.5789,0.0000,4.8809,0.0000,-26.0897,Left,0,0,0,0,86.667,0,0.000,ft_jnd,FrameTimeStutter,1,0,1,0,1,1,0.25,0.25,1.5,100,-10,100,1,5,250,40,5,250,50,1,6,11,0,0.06,4,0.05,50,8,4,2,2,100,144,5,5,300,1.05,1.05,6.0,2.0,10,6,6,-1,
17,P017,1,ft_jnd,FrameTimeStutter,665,2.90583,4.0340,186.72,1189.18,11.000,0.000,186.72,1189.18,-20.9121,9.5789,0.0000,4.8809,0.0000,-26.0897,Left,0,0,0,0,86.667,0,0.000,ft_jnd,FrameTimeStutter,1,0,1,0,1,1,0.25,0.25,1.5,100,-10,100,1,5,250,40,5,250,50,1,6,11,0,0.06,4,0.05,50,8,4,2,2,100,144,5,5,300,1.05,1.05,6.0,2.0,10,6,6,-1,
17,P017,1,ft_jnd,FrameTimeStutter,666,2.90919,3.3549,186.72,1189.18,0.000,0.000,186.72,1189.18,-20.9121,9.5789,0.0000,4.8809,0.0000,-25.7930,Left,0,0,0,0,86.667,0,0.000,ft_jnd,FrameTimeStutter,1,0,1,0,1,1,0.25,0.25,1.5,100,-10,100,1,5,250,40,5,250,50,1,6,11,0,0.06,4,0.05,50,8,4,2,2,100,144,5,5,300,1.05,1.05,6.0,2.0,10,6,6,-1,
17,P017,1,ft_jnd,FrameTimeStutter,667,2.91214,2.9473,186.72,1189.18,16.000,-1.000,186.72,1189.18,-20.9121,9.5789,0.0000,4.8809,0.0000,-25.7930,Left,0,0,0,0,86.667,0,0.000,ft_jnd,FrameTimeStutter,1,0,1,0,1,1,0.25,0.25,1.5,100,-10,100,1,5,250,40,5,250,50,1,6,11,0,0.06,4,0.05,50,8,4,2,2,100,144,5,5,300,1.05,1.05,6.0,2.0,10,6,6,-1,
17,P017,1,ft_jnd,FrameTimeStutter,668,2.91581,3.6744,210.33,1187.71,0.000,0.000,210.33,1187.71,-20.4805,9.5520,0.0000,4.8809,0.0000,-25.7930,Left,0,0,0,0,86.667,0,0.000,ft_jnd,FrameTimeStutter,1,0,1,0,1,1,0.25,0.25,1.5,100,-10,100,1,5,250,40,5,250,50,1,6,11,0,0.06,4,0.05,50,8,4,2,2,100,144,5,5,300,1.05,1.05,6.0,2.0,10,6,6,-1,
17,P017,1,ft_jnd,FrameTimeStutter,669,2.91898,3.1666,210.33,1187.71,0.000,0.000,210.33,1187.71,-20.4805,9.5520,0.0000,4.8809,0.0000,-25.3613,Left,0,0,0,0,86.667,0,0.000,ft_jnd,FrameTimeStutter,1,0,1,0,1,1,0.25,0.25,1.5,100,-10,100,1,5,250,40,5,250,50,1,6,11,0,0.06,4,0.05,50,8,4,2,2,100,144,5,5,300,1.05,1.05,6.0,2.0,10,6,6,-1,
17,P017,1,ft_jnd,FrameTimeStutter,670,2.92212,3.1463,239.84,1186.23,20.000,-1.000,239.84,1186.23,-19.9409,9.5250,0.0000,4.8809,0.0000,-25.3613,Left,0,0,0,0,86.667,0,0.000,ft_jnd,FrameTimeStutter,1,0,1,0,1,1,0.25,0.25,1.5,100,-10,100,1,5,250,40,5,250,50,1,6,11,0,0.06,4,0.05,50,8,4,2,2,100,144,5,5,300,1.05,1.05,6.0,2.0,10,6,6,-1,
17,P017,1,ft_jnd,FrameTimeStutter,671,2.92555,3.4227,239.84,1186.23,0.000,0.000,239.84,1186.23,-19.9409,9.5250,0.0000,4.8809,0.0000,-24.8217,Left,0,0,0,0,86.667,0,0.000,ft_jnd,FrameTimeStutter,1,0,1,0,1,1,0.25,0.25,1.5,100,-10,100,1,5,250,40,5,250,50,1,6,11,0,0.06,4,0.05,50,8,4,2,2,100,144,5,5,300,1.05,1.05,6.0,2.0,10,6,6,-1,
17,P017,1,ft_jnd,FrameTimeStutter,672,2.92883,3.2833,276.72,1184.75,25.000,-1.000,276.72,1184.75,-19.2664,9.4980,0.0000,4.8809,0.0000,-24.8217,Left,0,0,0,0,86.667,0,0.000,ft_jnd,FrameTimeStutter,1,0,1,0,1,1,0.25,0.25,1.5,100,-10,100,1,5,250,40,5,250,50,1,6,11,0,0.06,4,0.05,50,8,4,2,2,100,144,5,5,300,1.05,1.05,6.0,2.0,10,6,6,-1,
17,P017,1,ft_jnd,FrameTimeStutter,673,2.93321,4.3767,276.72,1184.75,0.000,0.000,276.72,1184.75,-19.2664,9.4980,0.0000,4.8809,0.0000,-24.1473,Left,0,0,0,0,86.667,0,0.000,ft_jnd,FrameTimeStutter,1,0,1,0,1,1,0.25,0.25,1.5,100,-10,100,1,5,250,40,5,250,50,1,6,11,0,0.06,4,0.05,50,8,4,2,2,100,144,5,5,300,1.05,1.05,6.0,2.0,10,6,6,-1,
17,P017,1,ft_jnd,FrameTimeStutter,674,2.93708,3.8772,276.72,1184.75,0.000,0.000,276.72,1184.75,-19.2664,9.4980,0.0000,4.8809,0.0000,-24.1473,Left,0,0,0,0,86.667,0,0.000,ft_jnd,FrameTimeStutter,1,0,1,0,1,1,0.25,0.25,1.5,100,-10,100,1,5,250,40,5,250,50,1,6,11,0,0.06,4,0.05,50,8,4,2,2,100,144,5,5,300,1.05,1.05,6.0,2.0,10,6,6,-1,
17,P017,1,ft_jnd,FrameTimeStutter,675,2.94139,4.3081,325.41,1183.28,33.000,-1.000,325.41,1183.28,-18.3761,9.4710,0.0000,4.8809,0.0000,-24.1473,Left,0,0,0,0,86.667,0,0.000,ft_jnd,FrameTimeStutter,1,0,1,0,1,1,0.25,0.25,1.5,100,-10,100,1,5,250,40,5,250,50,1,6,11,0,0.06,4,0.05,50,8,4,2,2,100,144,5,5,300,1.05,1.05,6.0,2.0,10,6,6,-1,
17,P017,1,ft_jnd,FrameTimeStutter,676,2.94567,4.2778,381.48,1181.80,38.000,-1.000,381.48,1181.80,-17.3510,9.4440,0.0000,4.8809,0.0000,-23.2570,Left,0,0,0,0,86.667,0,0.000,ft_jnd,FrameTimeStutter,1,0,1,0,1,1,0.25,0.25,1.5,100,-10,100,1,5,250,40,5,250,50,1,6,11,0,0.06,4,0.05,50,8,4,2,2,100,144,5,5,300,1.05,1.05,6.0,2.0,10,6,6,-1,
17,P017,1,ft_jnd,FrameTimeStutter,677,2.94861,2.9452,381.48,1181.80,0.000,0.000,381.48,1181.80,-17.3510,9.4440,0.0000,4.8809,0.0000,-22.2318,Left,0,0,0,0,86.667,0,0.000,ft_jnd,FrameTimeStutter,1,0,1,0,1,1,0.25,0.25,1.5,100,-10,100,1,5,250,40,5,250,50,1,6,11,0,0.06,4,0.05,50,8,4,2,2,100,144,5,5,300,1.05,1.05,6.0,2.0,10,6,6,-1,
17,P017,1,ft_jnd,FrameTimeStutter,678,2.95350,4.8837,381.48,1181.80,0.000,0.000,381.48,1181.80,-17.3510,9.4440,0.0000,4.8809,0.0000,-22.2318,Left,0,0,0,0,86.667,0,0.000,ft_jnd,FrameTimeStutter,1,0,1,0,1,1,0.25,0.25,1.5,100,-10,100,1,5,250,40,5,250,50,1,6,11,0,0.06,4,0.05,50,8,4,2,2,100,144,5,5,300,1.05,1.05,6.0,2.0,10,6,6,-1,
17,P017,1,ft_jnd,FrameTimeStutter,679,2.95704,3.5470,440.49,1181.80,40.000,0.000,440.49,1181.80,-16.2718,9.4440,0.0000,4.8809,0.0000,-22.2318,Left,0,0,0,0,86.667,0,0.000,ft_jnd,FrameTimeStutter,1,0,1,0,1,1,0.25,0.25,1.5,100,-10,100,1,5,250,40,5,250,50,1,6,11,0,0.06,4,0.05,50,8,4,2,2,100,144,5,5,300,1.05,1.05,6.0,2.0,10,6,6,-1,
17,P017,1,ft_jnd,FrameTimeStutter,680,2.95993,2.8864,440.49,1181.80,45.000,0.000,440.49,1181.80,-16.2718,9.4440,0.0000,4.8809,0.0000,-21.1527,Left,0,0,0,0,86.667,0,0.000,ft_jnd,FrameTimeStutter,1,0,1,0,1,1,0.25,0.25,1.5,100,-10,100,1,5,250,40,5,250,50,1,6,11,0,0.06,4,0.05,50,8,4,2,2,100,144,5,5,300,1.05,1.05,6.0,2.0,10,6,6,-1,
17,P017,1,ft_jnd,FrameTimeStutter,681,2.96395,4.0213,506.89,1181.80,0.000,0.000,506.89,1181.80,-15.0578,9.4440,0.0000,4.8809,0.0000,-21.1527,Left,0,0,0,0,86.667,0,0.000,ft_jnd,FrameTimeStutter,1,0,1,0,1,1,0.25,0.25,1.5,100,-10,100,1,5,250,40,5,250,50,1,6,11,0,0.06,4,0.05,50,8,4,2,2,100,144,5,5,300,1.05,1.05,6.0,2.0,10,6,6,-1,
17,P017,1,ft_jnd,FrameTimeStutter,682,2.96824,4.2922,506.89,1181.80,0.000,0.000,506.89,1181.80,-15.0578,9.4440,0.0000,4.8809,0.0000,-19.9387,Left,0,0,0,0,86.667,0,0.000,ft_jnd,FrameTimeStutter,1,0,1,0,1,1,0.25,0.25,1.5,100,-10,100,1,5,250,40,5,250,50,1,6,11,0,0.06,4,0.05,50,8,4,2,2,100,144,5,5,300,1.05,1.05,6.0,2.0,10,6,6,-1,
17,P017,1,ft_jnd,FrameTimeStutter,683,2.97213,3.8807,585.08,1181.80,53.000,0.000,585.08,1181.80,-13.6280,9.4440,0.0000,4.8809,0.0000,-19.9387,Left,0,0,0,0,86.667,0,0.000,ft_jnd,FrameTimeStutter,1,0,1,0,1,1,0.25,0.25,1.5,100,-10,100,1,5,250,40,5,250,50,1,6,11,0,0.06,4,0.05,50,8,4,2,2,100,144,5,5,300,1.05,1.05,6.0,2.0,10,6,6,-1,
17,P017,1,ft_jnd,FrameTimeStutter,684,2.97641,4.2867,585.08,1181.80,0.000,0.000,585.08,1181.80,-13.6280,9.4440,0.0000,4.8809,0.0000,-18.5088,Left,0,0,0,0,86.667,0,0.000,ft_jnd,FrameTimeStutter,1,0,1,0,1,1,0.25,0.25,1.5,100,-10,100,1,5,250,40,5,250,50,1,6,11,0,0.06,4,0.05,50,8,4,2,2,100,144,5,5,300,1.05,1.05,6.0,2.0,10,6,6,-1,
17,P017,1,ft_jnd,FrameTimeStutter,685,2.98071,4.3000,670.66,1181.80,58.000,0.000,670.66,1181.80,-12.0632,9.4440,0.0000,4.8809,0.0000,-18.5088,Left,0,0,0,0,86.667,0,0.000,ft_jnd,FrameTimeStutter,1,0,1,0,1,1,0.25,0.25,1.5,100,-10,100,1,5,250,40,5,250,50,1,6,11,0,0.06,4,0.05,50,8,4,2,2,100,144,5,5,300,1.05,1.05,6.0,2.0,10,6,6,-1,
17,P017,1,ft_jnd,FrameTimeStutter,686,2.98476,4.0488,670.66,1181.80,0.000,0.000,670.66,1181.80,-12.0632,9.4440,0.0000,4.8809,0.0000,-16.9441,Left,0,0,0,0,86.667,0,0.000,ft_jnd,FrameTimeStutter,1,0,1,0,1,1,0.25,0.25,1.5,100,-10,100,1,5,250,40,5,250,50,1,6,11,0,0.06,4,0.05,50,8,4,2,2,100,144,5,5,300,1.05,1.05,6.0,2.0,10,6,6,-1,
17,P017,1,ft_jnd,FrameTimeStutter,687,2.98871,3.9468,748.85,1181.80,53.000,0.000,748.85,1181.80,-10.6334,9.4440,0.0000,4.8809,0.0000,-16.9441,Left,0,0,0,0,86.667,0,0.000,ft_jnd,FrameTimeStutter,1,0,1,0,1,1,0.25,0.25,1.5,100,-10,100,1,5,250,40,5,250,50,1,6,11,0,0.06,4,0.05,50,8,4,2,2,100,144,5,5,300,1.05,1.05,6.0,2.0,10,6,6,-1,
17,P017,1,ft_jnd,FrameTimeStutter,688,2.99144,2.7327,748.85,1181.80,0.000,0.000,748.85,1181.80,-10.6334,9.4440,0.0000,4.8809,0.0000,-15.5143,Left,0,0,0,0,86.667,0,0.000,ft_jnd,FrameTimeStutter,1,0,1,0,1,1,0.25,0.25,1.5,100,-10,100,1,5,250,40,5,250,50,1,6,11,0,0.06,4,0.05,50,8,4,2,2,100,144,5,5,300,1.05,1.05,6.0,2.0,10,6,6,-1,
17,P017,1,ft_jnd,FrameTimeStutter,689,2.99519,3.7499,843.28,1181.80,64.000,0.000,843.28,1181.80,-8.9068,9.4440,0.0000,4.8809,0.0000,-15.5143,Left,0,0,0,0,86.667,0,0.000,ft_jnd,FrameTimeStutter,1,0,1,0,1,1,0.25,0.25,1.5,100,-10,100,1,5,250,40,5,250,50,1,6,11,0,0.06,4,0.05,50,8,4,2,2,100,144,5,5,300,1.05,1.05,6.0,2.0,10,6,6,-1,
17,P017,1,ft_jnd,FrameTimeStutter,690,2.99955,4.3581,843.28,1181.80,0.000,0.000,843.28,1181.80,-8.9068,9.4440,0.0000,4.8809,0.0000,-13.7877,Left,0,0,0,0,86.667,0,0.000,ft_jnd,FrameTimeStutter,1,0,1,0,1,1,0.25,0.25,1.5,100,-10,100,1,5,250,40,5,250,50,1,6,11,0,0.06,4,0.05,50,8,4,2,2,100,144,5,5,300,1.05,1.05,6.0,2.0,10,6,6,-1,
17,P017,1,ft_jnd,FrameTimeStutter,691,3.00353,3.9787,931.80,1181.80,60.000,0.000,931.80,1181.80,-7.2881,9.4440,0.0000,4.8809,0.0000,-13.7877,Left,0,0,0,0,86.667,0,0.000,ft_jnd,FrameTimeStutter,1,0,1,0,1,1,0.25,0.25,1.5,100,-10,100,1,5,250,40,5,250,50,1,6,11,0,0.06,4,0.05,50,8,4,2,2,100,144,5,5,300,1.05,1.05,6.0,2.0,10,6,6,-1,
17,P017,1,ft_jnd,FrameTimeStutter,692,3.00794,4.4128,931.80,1181.80,0.000,0.000,931.80,1181.80,-7.2881,9.4440,0.0000,4.8809,0.0000,-12.1690,Left,0,0,0,0,86.667,0,0.000,ft_jnd,FrameTimeStutter,1,0,1,0,1,1,0.25,0.25,1.5,100,-10,100,1,5,250,40,5,250,50,1,6,11,0,0.06,4,0.05,50,8,4,2,2,100,144,5,5,300,1.05,1.05,6.0,2.0,10,6,6,-1,
17,P017,1,ft_jnd,FrameTimeStutter,693,3.01228,4.3429,1017.38,1183.28,58.000,1.000,1017.38,1183.28,-5.7234,9.4710,0.0000,4.8809,0.0000,-12.1690,Left,0,0,0,0,86.667,0,0.000,ft_jnd,FrameTimeStutter,1,0,1,0,1,1,0.25,0.25,1.5,100,-10,100,1,5,250,40,5,250,50,1,6,11,0,0.06,4,0.05,50,8,4,2,2,100,144,5,5,300,1.05,1.05,6.0,2.0,10,6,6,-1,
17,P017,1,ft_jnd,FrameTimeStutter,694,3.01664,4.3613,1017.38,1183.28,0.000,0.000,1017.38,1183.28,-5.7234,9.4710,0.0000,4.8809,0.0000,-10.6042,Left,0,0,0,0,86.667,0,0.000,ft_jnd,FrameTimeStutter,1,0,1,0,1,1,0.25,0.25,1.5,100,-10,100,1,5,250,40,5,250,50,1,6,11,0,0.06,4,0.05,50,8,4,2,2,100,144,5,5,300,1.05,1.05,6.0,2.0,10,6,6,-1,
17,P017,1,ft_jnd,FrameTimeStutter,695,3.01996,3.3157,1111.80,1183.28,64.000,0.000,1111.80,1183.28,-3.9967,9.4710,0.0000,4.8809,0.0000,-10.6042,Left,0,0,0,0,86.667,0,0.000,ft_jnd,FrameTimeStutter,1,0,1,0,1,1,0.25,0.25,1.5,100,-10,100,1,5,250,40,5,250,50,1,6,11,0,0.06,4,0.05,50,8,4,2,2,100,144,5,5,300,1.05,1.05,6.0,2.0,10,6,6,-1,
17,P017,1,ft_jnd,FrameTimeStutter,696,3.02359,3.6292,1111.80,1183.28,0.000,0.000,1111.80,1183.28,-3.9967,9.4710,0.0000,4.8809,0.0000,-8.8776,Left,0,0,0,0,86.667,0,0.000,ft_jnd,FrameTimeStutter,1,0,1,0,1,1,0.25,0.25,1.5,100,-10,100,1,5,250,40,5,250,50,1,6,11,0,0.06,4,0.05,50,8,4,2,2,100,144,5,5,300,1.05,1.05,6.0,2.0,10,6,6,-1,
17,P017,1,ft_jnd,FrameTimeStutter,697,3.02768,4.0860,1206.23,1183.28,64.000,0.000,1206.23,1183.28,-2.2701,9.4710,0.0000,4.8809,0.0000,-8.8776,Left,0,0,0,0,86.667,0,0.000,ft_jnd,FrameTimeStutter,1,0,1,0,1,1,0.25,0.25,1.5,100,-10,100,1,5,250,40,5,250,50,1,6,11,0,0.06,4,0.05,50,8,4,2,2,100,144,5,5,300,1.05,1.05,6.0,2.0,10,6,6,-1,
17,P017,1,ft_jnd,FrameTimeStutter,698,3.03207,4.3934,1206.23,1183.28,0.000,0.000,1206.23,1183.28,-2.2701,9.4710,0.0000,4.8809,0.0000,-7.1510,Left,0,0,0,0,86.667,0,0.000,ft_jnd,FrameTimeStutter,1,0,1,0,1,1,0.25,0.25,1.5,100,-10,100,1,5,250,40,5,250,50,1,6,11,0,0.06,4,0.05,50,8,4,2,2,100,144,5,5,300,1.05,1.05,6.0,2.0,10,6,6,-1,
17,P017,1,ft_jnd,FrameTimeStutter,699,3.03646,4.3877,1293.28,1183.28,59.000,0.000,1293.28,1183.28,-0.6784,9.4710,0.0000,4.8809,0.0000,-7.1510,Left,0,0,0,0,86.667,0,0.000,ft_jnd,FrameTimeStutter,1,0,1,0,1,1,0.25,0.25,1.5,100,-10,100,1,5,250,40,5,250,50,1,6,11,0,0.06,4,0.05,50,8,4,2,2,100,144,5,5,300,1.05,1.05,6.0,2.0,10,6,6,-1,
17,P017,1,ft_jnd,FrameTimeStutter,700,3.04081,4.3582,1293.28,1183.28,0.000,0.000,1293.28,1183.28,-0.6784,9.4710,0.0000,4.8809,0.0000,-5.5593,Left,0,0,0,0,86.667,0,0.000,ft_jnd,FrameTimeStutter,1,0,1,0,1,1,0.25,0.25,1.5,100,-10,100,1,5,250,40,5,250,50,1,6,11,0,0.06,4,0.05,50,8,4,2,2,100,144,5,5,300,1.05,1.05,6.0,2.0,10,6,6,-1,
17,P017,1,ft_jnd,FrameTimeStutter,701,3.04491,4.0944,1380.33,1183.28,59.000,0.000,1380.33,1183.28,0.9133,9.4710,0.0000,4.8809,0.0000,-5.5593,Left,0,0,0,0,86.667,0,0.000,ft_jnd,FrameTimeStutter,1,0,1,0,1,1,0.25,0.25,1.5,100,-10,100,1,5,250,40,5,250,50,1,6,11,0,0.06,4,0.05,50,8,4,2,2,100,144,5,5,300,1.05,1.05,6.0,2.0,10,6,6,-1,
17,P017,1,ft_jnd,FrameTimeStutter,702,3.04829,3.3845,1380.33,1183.28,0.000,0.000,1380.33,1183.28,0.9133,9.4710,0.0000,4.8809,0.0000,-3.9676,Left,0,0,0,0,86.667,0,0.000,ft_jnd,FrameTimeStutter,1,0,1,0,1,1,0.25,0.25,1.5,100,-10,100,1,5,250,40,5,250,50,1,6,11,0,0.06,4,0.05,50,8,4,2,2,100,144,5,5,300,1.05,1.05,6.0,2.0,10,6,6,-1,
17,P017,1,ft_jnd,FrameTimeStutter,703,3.05221,3.9201,1465.90,1183.28,58.000,0.000,1465.90,1183.28,2.4780,9.4710,0.0000,4.8809,0.0000,-3.9676,Left,0,0,0,0,86.667,0,0.000,ft_jnd,FrameTimeStutter,1,0,1,0,1,1,0.25,0.25,1.5,100,-10,100,1,5,250,40,5,250,50,1,6,11,0,0.06,4,0.05,50,8,4,2,2,100,144,5,5,300,1.05,1.05,6.0,2.0,10,6,6,-1,
17,P017,1,ft_jnd,FrameTimeStutter,704,3.05525,3.0379,1465.90,1183.28,0.000,0.000,1465.90,1183.28,2.4780,9.4710,0.0000,4.8809,0.0000,-2.4028,Left,0,0,0,0,86.667,0,0.000,ft_jnd,FrameTimeStutter,1,0,1,0,1,1,0.25,0.25,1.5,100,-10,100,1,5,250,40,5,250,50,1,6,11,0,0.06,4,0.05,50,8,4,2,2,100,144,5,5,300,1.05,1.05,6.0,2.0,10,6,6,-1,
17,P017,1,ft_jnd,FrameTimeStutter,705,3.05860,3.3502,1544.10,1181.80,53.000,-1.000,1544.10,1181.80,3.9079,9.4440,0.0000,4.8809,0.0000,-2.4028,Left,0,0,0,0,86.667,0,0.000,ft_jnd,FrameTimeStutter,1,0,1,0,1,1,0.25,0.25,1.5,100,-10,100,1,5,250,40,5,250,50,1,6,11,0,0.06,4,0.05,50,8,4,2,2,100,144,5,5,300,1.05,1.05,6.0,2.0,10,6,6,-1,
17,P017,1,ft_jnd,FrameTimeStutter,706,3.06300,4.3977,1544.10,1181.80,0.000,0.000,1544.10,1181.80,3.9079,9.4440,0.0000,4.8809,0.0000,-0.9730,Left,0,0,0,0,86.667,0,0.000,ft_jnd,FrameTimeStutter,1,0,1,0,1,1,0.25,0.25,1.5,100,-10,100,1,5,250,40,5,250,50,1,6,11,0,0.06,4,0.05,50,8,4,2,2,100,144,5,5,300,1.05,1.05,6.0,2.0,10,6,6,-1,
17,P017,1,ft_jnd,FrameTimeStutter,707,3.06736,4.3568,1617.87,1181.80,50.000,0.000,1617.87,1181.80,5.2568,9.4440,0.0000,4.8809,0.0000,-0.9730,Left,0,0,0,0,86.667,0,0.000,ft_jnd,FrameTimeStutter,1,0,1,0,1,1,0.25,0.25,1.5,100,-10,100,1,5,250,40,5,250,50,1,6,11,0,0.06,4,0.05,50,8,4,2,2,100,144,5,5,300,1.05,1.05,6.0,2.0,10,6,6,-1,
17,P017,1,ft_jnd,FrameTimeStutter,708,3.07170,4.3416,1617.87,1181.80,0.000,0.000,1617.87,1181.80,5.2568,9.4440,0.0000,4.8809,0.0000,0.3759,Right,0,0,0,0,86.667,1,86.667,ft_jnd,FrameTimeStutter,1,0,1,0,1,1,0.25,0.25,1.5,100,-10,100,1,5,250,40,5,250,50,1,6,11,0,0.06,4,0.05,50,8,4,2,2,100,144,5,5,300,1.05,1.05,6.0,2.0,10,6,6,-1,
17,P017,1,ft_jnd,FrameTimeStutter,709,3.16221,90.5085,2143.12,1172.95,356.000,-6.000,2143.12,1172.95,14.8610,9.2822,0.0000,4.8809,0.0000,0.3759,Right,0,0,0,0,86.667,0,0.000,ft_jnd,FrameTimeStutter,1,0,1,0,1,1,0.25,0.25,1.5,100,-10,100,1,5,250,40,5,250,50,1,6,11,0,0.06,4,0.05,50,8,4,2,2,100,144,5,5,300,1.05,1.05,6.0,2.0,10,6,6,-1,
17,P017,1,ft_jnd,FrameTimeStutter,710,3.16609,3.8817,2143.12,1172.95,0.000,0.000,2143.12,1172.95,14.8610,9.2822,0.0000,4.8809,0.0000,9.9802,Right,0,0,0,0,86.667,0,0.000,ft_jnd,FrameTimeStutter,1,0,1,0,1,1,0.25,0.25,1.5,100,-10,100,1,5,250,40,5,250,50,1,6,11,0,0.06,4,0.05,50,8,4,2,2,100,144,5,5,300,1.05,1.05,6.0,2.0,10,6,6,-1,
17,P017,1,ft_jnd,FrameTimeStutter,711,3.17013,4.0441,2169.67,1172.95,18.000,0.000,2169.67,1172.95,15.3466,9.2822,0.0000,4.8809,0.0000,9.9802,Right,0,0,0,0,86.667,0,0.000,ft_jnd,FrameTimeStutter,1,0,1,0,1,1,0.25,0.25,1.5,100,-10,100,1,5,250,40,5,250,50,1,6,11,0,0.06,4,0.05,50,8,4,2,2,100,144,5,5,300,1.05,1.05,6.0,2.0,10,6,6,-1,
17,P017,1,ft_jnd,FrameTimeStutter,712,3.17415,4.0205,2169.67,1172.95,0.000,0.000,2169.67,1172.95,15.3466,9.2822,0.0000,4.8809,0.0000,10.4658,Right,0,0,0,0,86.667,0,0.000,ft_jnd,FrameTimeStutter,1,0,1,0,1,1,0.25,0.25,1.5,100,-10,100,1,5,250,40,5,250,50,1,6,11,0,0.06,4,0.05,50,8,4,2,2,100,144,5,5,300,1.05,1.05,6.0,2.0,10,6,6,-1,
17,P017,1,ft_jnd,FrameTimeStutter,713,3.17774,3.5926,2191.80,1171.48,15.000,-1.000,2191.80,1171.48,15.7513,9.2552,0.0000,4.8809,0.0000,10.4658,Right,0,0,0,0,86.667,0,0.000,ft_jnd,FrameTimeStutter,1,0,1,0,1,1,0.25,0.25,1.5,100,-10,100,1,5,250,40,5,250,50,1,6,11,0,0.06,4,0.05,50,8,4,2,2,100,144,5,5,300,1.05,1.05,6.0,2.0,10,6,6,-1,
17,P017,1,ft_jnd,FrameTimeStutter,714,3.18186,4.1099,2191.80,1171.48,0.000,0.000,2191.80,1171.48,15.7513,9.2552,0.0000,4.8809,0.0000,10.8705,Right,0,0,0,0,86.667,0,0.000,ft_jnd,FrameTimeStutter,1,0,1,0,1,1,0.25,0.25,1.5,100,-10,100,1,5,250,40,5,250,50,1,6,11,0,0.06,4,0.05,50,8,4,2,2,100,144,5,5,300,1.05,1.05,6.0,2.0,10,6,6,-1,
17,P017,1,ft_jnd,FrameTimeStutter,715,3.18585,3.9907,2210.98,1171.48,13.000,0.000,2210.98,1171.48,16.1020,9.2552,0.0000,4.8809,0.0000,10.8705,Right,0,0,0,0,86.667,0,0.000,ft_jnd,FrameTimeStutter,1,0,1,0,1,1,0.25,0.25,1.5,100,-10,100,1,5,250,40,5,250,50,1,6,11,0,0.06,4,0.05,50,8,4,2,2,100,144,5,5,300,1.05,1.05,6.0,2.0,10,6,6,-1,
17,P017,1,ft_jnd,FrameTimeStutter,716,3.18865,2.8044,2210.98,1171.48,0.000,0.000,2210.98,1171.48,16.1020,9.2552,0.0000,4.8809,0.0000,11.2212,Right,0,0,0,0,86.667,0,0.000,ft_jnd,FrameTimeStutter,1,0,1,0,1,1,0.25,0.25,1.5,100,-10,100,1,5,250,40,5,250,50,1,6,11,0,0.06,4,0.05,50,8,4,2,2,100,144,5,5,300,1.05,1.05,6.0,2.0,10,6,6,-1,
17,P017,1,ft_jnd,FrameTimeStutter,717,3.19259,3.9351,2210.98,1171.48,0.000,0.000,2210.98,1171.48,16.1020,9.2552,0.0000,4.8809,0.0000,11.2212,Right,0,0,0,0,86.667,0,0.000,ft_jnd,FrameTimeStutter,1,0,1,0,1,1,0.25,0.25,1.5,100,-10,100,1,5,250,40,5,250,50,1,6,11,0,0.06,4,0.05,50,8,4,2,2,100,144,5,5,300,1.05,1.05,6.0,2.0,10,6,6,-1,
17,P017,1,ft_jnd,FrameTimeStutter,718,3.19621,3.6248,2228.69,1171.48,12.000,0.000,2228.69,1171.48,16.4258,9.2552,0.0000,4.8809,0.0000,11.2212,Right,0,0,0,0,86.667,0,0.000,ft_jnd,FrameTimeStutter,1,0,1,0,1,1,0.25,0.25,1.5,100,-10,100,1,5,250,40,5,250,50,1,6,11,0,0.06,4,0.05,50,8,4,2,2,100,144,5,5,300,1.05,1.05,6.0,2.0,10,6,6,-1,
17,P017,1,ft_jnd,FrameTimeStutter,719,3.19978,3.5732,2228.69,1171.48,0.000,0.000,2228.69,1171.48,16.4258,9.2552,0.0000,4.8809,0.0000,11.5449,Right,0,0,0,0,86.667,0,0.000,ft_jnd,FrameTimeStutter,1,0,1,0,1,1,0.25,0.25,1.5,100,-10,100,1,5,250,40,5,250,50,1,6,11,0,0.06,4,0.05,50,8,4,2,2,100,144,5,5,300,1.05,1.05,6.0,2.0,10,6,6,-1,
17,P017,1,ft_jnd,FrameTimeStutter,720,3.20352,3.7389,2244.92,1171.48,11.000,0.000,2244.92,1171.48,16.7225,9.2552,0.0000,4.8809,0.0000,11.5449,Right,0,0,0,0,86.667,0,0.000,ft_jnd,FrameTimeStutter,1,0,1,0,1,1,0.25,0.25,1.5,100,-10,100,1,5,250,40,5,250,50,1,6,11,0,0.06,4,0.05,50,8,4,2,2,100,144,5,5,300,1.05,1.05,6.0,2.0,10,6,6,-1,
17,P017,1,ft_jnd,FrameTimeStutter,721,3.20777,4.2442,2244.92,1171.48,0.000,0.000,2244.92,1171.48,16.7225,9.2552,0.0000,4.8809,0.0000,11.8417,Right,0,0,0,0,86.667,0,0.000,ft_jnd,FrameTimeStutter,1,0,1,0,1,1,0.25,0.25,1.5,100,-10,100,1,5,250,40,5,250,50,1,6,11,0,0.06,4,0.05,50,8,4,2,2,100,144,5,5,300,1.05,1.05,6.0,2.0,10,6,6,-1,
17,P017,1,ft_jnd,FrameTimeStutter,722,3.21235,4.5786,2259.67,1170.00,10.000,-1.000,2259.67,1170.00,16.9923,9.2282,0.0000,4.8809,0.0000,11.8417,Right,0,0,0,0,86.667,0,0.000,ft_jnd,FrameTimeStutter,1,0,1,0,1,1,0.25,0.25,1.5,100,-10,100,1,5,250,40,5,250,50,1,6,11,0,0.06,4,0.05,50,8,4,2,2,100,144,5,5,300,1.05,1.05,6.0,2.0,10,6,6,-1,
17,P017,1,ft_jnd,FrameTimeStutter,723,3.21682,4.4791,2259.67,1170.00,0.000,0.000,2259.67,1170.00,16.9923,9.2282,0.0000,4.8809,0.0000,12.1115,Right,0,0,0,0,86.667,0,0.000,ft_jnd,FrameTimeStutter,1,0,1,0,1,1,0.25,0.25,1.5,100,-10,100,1,5,250,40,5,250,50,1,6,11,0,0.06,4,0.05,50,8,4,2,2,100,144,5,5,300,1.05,1.05,6.0,2.0,10,6,6,-1,
17,P017,1,ft_jnd,FrameTimeStutter,724,3.22090,4.0791,2272.95,1170.00,9.000,0.000,2272.95,1170.00,17.2351,9.2282,0.0000,4.8809,0.0000,12.1115,Right,0,0,0,0,86.667,0,0.000,ft_jnd,FrameTimeStutter,1,0,1,0,1,1,0.25,0.25,1.5,100,-10,100,1,5,250,40,5,250,50,1,6,11,0,0.06,4,0.05,50,8,4,2,2,100,144,5,5,300,1.05,1.05,6.0,2.0,10,6,6,-1,
17,P017,1,ft_jnd,FrameTimeStutter,725,3.22446,3.5556,2284.75,1170.00,8.000,0.000,2284.75,1170.00,17.4509,9.2282,0.0000,4.8809,0.0000,12.3543,Right,0,0,0,0,86.667,0,0.000,ft_jnd,FrameTimeStutter,1,0,1,0,1,1,0.25,0.25,1.5,100,-10,100,1,5,250,40,5,250,50,1,6,11,0,0.06,4,0.05,50,8,4,2,2,100,144,5,5,300,1.05,1.05,6.0,2.0,10,6,6,-1,
17,P017,1,ft_jnd,FrameTimeStutter,726,3.22806,3.6045,2284.75,1170.00,0.000,0.000,2284.75,1170.00,17.4509,9.2282,0.0000,4.8809,0.0000,12.5701,Right,0,0,0,0,86.667,0,0.000,ft_jnd,FrameTimeStutter,1,0,1,0,1,1,0.25,0.25,1.5,100,-10,100,1,5,250,40,5,250,50,1,6,11,0,0.06,4,0.05,50,8,4,2,2,100,144,5,5,300,1.05,1.05,6.0,2.0,10,6,6,-1,
17,P017,1,ft_jnd,FrameTimeStutter,727,3.23128,3.2186,2284.75,1170.00,0.000,0.000,2284.75,1170.00,17.4509,9.2282,0.0000,4.8809,0.0000,12.5701,Right,0,0,0,0,86.667,0,0.000,ft_jnd,FrameTimeStutter,1,0,1,0,1,1,0.25,0.25,1.5,100,-10,100,1,5,250,40,5,250,50,1,6,11,0,0.06,4,0.05,50,8,4,2,2,100,144,5,5,300,1.05,1.05,6.0,2.0,10,6,6,-1,
17,P017,1,ft_jnd,FrameTimeStutter,728,3.23587,4.5847,2295.08,1170.00,7.000,0.000,2295.08,1170.00,17.6398,9.2282,0.0000,4.8809,0.0000,12.5701,Right,0,0,0,0,86.667,0,0.000,ft_jnd,FrameTimeStutter,1,0,1,0,1,1,0.25,0.25,1.5,100,-10,100,1,5,250,40,5,250,50,1,6,11,0,0.06,4,0.05,50,8,4,2,2,100,144,5,5,300,1.05,1.05,6.0,2.0,10,6,6,-1,
17,P017,1,ft_jnd,FrameTimeStutter,729,3.23991,4.0486,2295.08,1170.00,0.000,0.000,2295.08,1170.00,17.6398,9.2282,0.0000,4.8809,0.0000,12.7589,Right,0,0,0,0,86.667,0,0.000,ft_jnd,FrameTimeStutter,1,0,1,0,1,1,0.25,0.25,1.5,100,-10,100,1,5,250,40,5,250,50,1,6,11,0,0.06,4,0.05,50,8,4,2,2,100,144,5,5,300,1.05,1.05,6.0,2.0,10,6,6,-1,
17,P017,1,ft_jnd,FrameTimeStutter,730,3.24439,4.4729,2305.41,1170.00,7.000,0.000,2305.41,1170.00,17.8286,9.2282,0.0000,4.8809,0.0000,12.7589,Right,0,0,0,0,86.667,0,0.000,ft_jnd,FrameTimeStutter,1,0,1,0,1,1,0.25,0.25,1.5,100,-10,100,1,5,250,40,5,250,50,1,6,11,0,0.06,4,0.05,50,8,4,2,2,100,144,5,5,300,1.05,1.05,6.0,2.0,10,6,6,-1,
17,P017,1,ft_jnd,FrameTimeStutter,731,3.24880,4.4122,2305.41,1170.00,0.000,0.000,2305.41,1170.00,17.8286,9.2282,0.0000,4.8809,0.0000,12.9478,Right,0,0,0,0,86.667,0,0.000,ft_jnd,FrameTimeStutter,1,0,1,0,1,1,0.25,0.25,1.5,100,-10,100,1,5,250,40,5,250,50,1,6,11,0,0.06,4,0.05,50,8,4,2,2,100,144,5,5,300,1.05,1.05,6.0,2.0,10,6,6,-1,
17,P017,1,ft_jnd,FrameTimeStutter,732,3.25225,3.4542,2318.69,1170.00,9.000,0.000,2318.69,1170.00,18.0714,9.2282,0.0000,4.8809,0.0000,12.9478,Right,0,0,0,0,86.667,0,0.000,ft_jnd,FrameTimeStutter,1,0,1,0,1,1,0.25,0.25,1.5,100,-10,100,1,5,250,40,5,250,50,1,6,11,0,0.06,4,0.05,50,8,4,2,2,100,144,5,5,300,1.05,1.05,6.0,2.0,10,6,6,-1,
17,P017,1,ft_jnd,FrameTimeStutter,733,3.25562,3.3646,2318.69,1170.00,0.000,0.000,2318.69,1170.00,18.0714,9.2282,0.0000,4.8809,0.0000,13.1906,Right,0,0,0,0,86.667,0,0.000,ft_jnd,FrameTimeStutter,1,0,1,0,1,1,0.25,0.25,1.5,100,-10,100,1,5,250,40,5,250,50,1,6,11,0,0.06,4,0.05,50,8,4,2,2,100,144,5,5,300,1.05,1.05,6.0,2.0,10,6,6,-1,
17,P017,1,ft_jnd,FrameTimeStutter,734,3.25920,3.5830,2336.39,1168.53,12.000,-1.000,2336.39,1168.53,18.3952,9.2012,0.0000,4.8809,0.0000,13.1906,Right,0,0,0,0,86.667,0,0.000,ft_jnd,FrameTimeStutter,1,0,1,0,1,1,0.25,0.25,1.5,100,-10,100,1,5,250,40,5,250,50,1,6,11,0,0.06,4,0.05,50,8,4,2,2,100,144,5,5,300,1.05,1.05,6.0,2.0,10,6,6,-1,
17,P017,1,ft_jnd,FrameTimeStutter,735,3.26219,2.9842,2336.39,1168.53,0.000,0.000,2336.39,1168.53,18.3952,9.2012,0.0000,4.8809,0.0000,13.5143,Right,0,0,0,0,86.667,0,0.000,ft_jnd,FrameTimeStutter,1,0,1,0,1,1,0.25,0.25,1.5,100,-10,100,1,5,250,40,5,250,50,1,6,11,0,0.06,4,0.05,50,8,4,2,2,100,144,5,5,300,1.05,1.05,6.0,2.0,10,6,6,-1,
17,P017,1,ft_jnd,FrameTimeStutter,736,3.26694,4.7500,2355.57,1168.53,13.000,0.000,2355.57,1168.53,18.7459,9.2012,0.0000,4.8809,0.0000,13.5143,Right,0,0,0,0,86.667,0,0.000,ft_jnd,FrameTimeStutter,1,0,1,0,1,1,0.25,0.25,1.5,100,-10,100,1,5,250,40,5,250,50,1,6,11,0,0.06,4,0.05,50,8,4,2,2,100,144,5,5,300,1.05,1.05,6.0,2.0,10,6,6,-1,
17,P017,1,ft_jnd,FrameTimeStutter,737,3.27133,4.3892,2355.57,1168.53,0.000,0.000,2355.57,1168.53,18.7459,9.2012,0.0000,4.8809,0.0000,13.8650,Right,0,0,0,0,86.667,0,0.000,ft_jnd,FrameTimeStutter,1,0,1,0,1,1,0.25,0.25,1.5,100,-10,100,1,5,250,40,5,250,50,1,6,11,0,0.06,4,0.05,50,8,4,2,2,100,144,5,5,300,1.05,1.05,6.0,2.0,10,6,6,-1,
17,P017,1,ft_jnd,FrameTimeStutter,738,3.27428,2.9588,2377.71,1167.05,15.000,-1.000,2377.71,1167.05,19.1506,9.1742,0.0000,4.8809,0.0000,13.8650,Right,0,0,0,0,86.667,0,0.000,ft_jnd,FrameTimeStutter,1,0,1,0,1,1,0.25,0.25,1.5,100,-10,100,1,5,250,40,5,250,50,1,6,11,0,0.06,4,0.05,50,8,4,2,2,100,144,5,5,300,1.05,1.05,6.0,2.0,10,6,6,-1,
17,P017,1,ft_jnd,FrameTimeStutter,739,3.27894,4.6550,2377.71,1167.05,0.000,0.000,2377.71,1167.05,19.1506,9.1742,0.0000,4.8809,0.0000,14.2697,Right,0,0,0,0,86.667,0,0.000,ft_jnd,FrameTimeStutter,1,0,1,0,1,1,0.25,0.25,1.5,100,-10,100,1,5,250,40,5,250,50,1,6,11,0,0.06,4,0.05,50,8,4,2,2,100,144,5,5,300,1.05,1.05,6.0,2.0,10,6,6,-1,
17,P017,1,ft_jnd,FrameTimeStutter,740,3.28223,3.2860,2402.79,1165.57,17.000,-1.000,2402.79,1165.57,19.6092,9.1473,0.0000,4.8809,0.0000,14.2697,Right,0,0,0,0,86.667,0,0.000,ft_jnd,FrameTimeStutter,1,0,1,0,1,1,0.25,0.25,1.5,100,-10,100,1,5,250,40,5,250,50,1,6,11,0,0.06,4,0.05,50,8,4,2,2,100,144,5,5,300,1.05,1.05,6.0,2.0,10,6,6,-1,
17,P017,1,ft_jnd,FrameTimeStutter,741,3.28539,3.1688,2402.79,1165.57,0.000,0.000,2402.79,1165.57,19.6092,9.1473,0.0000,4.8809,0.0000,14.7283,Right,0,0,0,0,86.667,0,0.000,ft_jnd,FrameTimeStutter,1,0,1,0,1,1,0.25,0.25,1.5,100,-10,100,1,5,250,40,5,250,50,1,6,11,0,0.06,4,0.05,50,8,4,2,2,100,144,5,5,300,1.05,1.05,6.0,2.0,10,6,6,-1,
17,P017,1,ft_jnd,FrameTimeStutter,742,3.29025,4.8561,2427.87,1165.57,17.000,0.000,2427.87,1165.57,20.0678,9.1473,0.0000,4.8809,0.0000,14.7283,Right,0,0,0,0,86.667,0,0.000,ft_jnd,FrameTimeStutter,1,0,1,0,1,1,0.25,0.25,1.5,100,-10,100,1,5,250,40,5,250,50,1,6,11,0,0.06,4,0.05,50,8,4,2,2,100,144,5,5,300,1.05,1.05,6.0,2.0,10,6,6,-1,
17,P017,1,ft_jnd,FrameTimeStutter,743,3.29422,3.9671,2427.87,1165.57,0.000,0.000,2427.87,1165.57,20.0678,9.1473,0.0000,4.8809,0.0000,15.1870,Right,0,0,0,0,86.667,0,0.000,ft_jnd,FrameTimeStutter,1,0,1,0,1,1,0.25,0.25,1.5,100,-10,100,1,5,250,40,5,250,50,1,6,11,0,0.06,4,0.05,50,8,4,2,2,100,144,5,5,300,1.05,1.05,6.0,2.0,10,6,6,-1,
17,P017,1,ft_jnd,FrameTimeStutter,744,3.29866,4.4425,2454.43,1165.57,18.000,0.000,2454.43,1165.57,20.5534,9.1473,0.0000,4.8809,0.0000,15.1870,Right,0,0,0,0,86.667,0,0.000,ft_jnd,FrameTimeStutter,1,0,1,0,1,1,0.25,0.25,1.5,100,-10,100,1,5,250,40,5,250,50,1,6,11,0,0.06,4,0.05,50,8,4,2,2,100,144,5,5,300,1.05,1.05,6.0,2.0,10,6,6,-1,
17,P017,1,ft_jnd,FrameTimeStutter,745,3.30296,4.2958,2454.43,1165.57,0.000,0.000,2454.43,1165.57,20.5534,9.1473,0.0000,4.8809,0.0000,15.6726,Right,0,0,0,0,86.667,0,0.000,ft_jnd,FrameTimeStutter,1,0,1,0,1,1,0.25,0.25,1.5,100,-10,100,1,5,250,40,5,250,50,1,6,11,0,0.06,4,0.05,50,8,4,2,2,100,144,5,5,300,1.05,1.05,6.0,2.0,10,6,6,-1,
17,P017,1,ft_jnd,FrameTimeStutter,746,3.30591,2.9588,2478.03,1164.10,16.000,-1.000,2478.03,1164.10,20.9851,9.1203,0.0000,4.8809,0.0000,15.6726,Right,0,0,0,0,86.667,0,0.000,ft_jnd,FrameTimeStutter,1,0,1,0,1,1,0.25,0.25,1.5,100,-10,100,1,5,250,40,5,250,50,1,6,11,0,0.06,4,0.05,50,8,4,2,2,100,144,5,5,300,1.05,1.05,6.0,2.0,10,6,6,-1,
17,P017,1,ft_jnd,FrameTimeStutter,747,3.30978,3.8656,2478.03,1164.10,0.000,0.000,2478.03,1164.10,20.9851,9.1203,0.0000,4.8809,0.0000,16.1042,Right,0,0,0,0,86.667,0,0.000,ft_jnd,FrameTimeStutter,1,0,1,0,1,1,0.25,0.25,1.5,100,-10,100,1,5,250,40,5,250,50,1,6,11,0,0.06,4,0.05,50,8,4,2,2,100,144,5,5,300,1.05,1.05,6.0,2.0,10,6,6,-1,
17,P017,1,ft_jnd,FrameTimeStutter,748,3.31308,3.3019,2501.64,1164.10,16.000,0.000,2501.64,1164.10,21.4168,9.1203,0.0000,4.8809,0.0000,16.1042,Right,0,0,0,0,86.667,0,0.000,ft_jnd,FrameTimeStutter,1,0,1,0,1,1,0.25,0.25,1.5,100,-10,100,1,5,250,40,5,250,50,1,6,11,0,0.06,4,0.05,50,8,4,2,2,100,144,5,5,300,1.05,1.05,6.0,2.0,10,6,6,-1,
17,P017,1,ft_jnd,FrameTimeStutter,749,3.31619,3.1104,2501.64,1164.10,0.000,0.000,2501.64,1164.10,21.4168,9.1203,0.0000,4.8809,0.0000,16.5359,Right,0,0,0,0,86.667,0,0.000,ft_jnd,FrameTimeStutter,1,0,1,0,1,1,0.25,0.25,1.5,100,-10,100,1,5,250,40,5,250,50,1,6,11,0,0.06,4,0.05,50,8,4,2,2,100,144,5,5,300,1.05,1.05,6.0,2.0,10,6,6,-1,
17,P017,1,ft_jnd,FrameTimeStutter,750,3.32115,4.9611,2501.64,1164.10,0.000,0.000,2501.64,1164.10,21.4168,9.1203,0.0000,4.8809,0.0000,16.5359,Right,0,0,0,0,86.667,0,0.000,ft_jnd,FrameTimeStutter,1,0,1,0,1,1,0.25,0.25,1.5,100,-10,100,1,5,250,40,5,250,50,1,6,11,0,0.06,4,0.05,50,8,4,2,2,100,144,5,5,300,1.05,1.05,6.0,2.0,10,6,6,-1,
17,P017,1,ft_jnd,FrameTimeStutter,751,3.32511,3.9519,2523.77,1164.10,15.000,0.000,2523.77,1164.10,21.8214,9.1203,0.0000,4.8809,0.0000,16.5359,Right,0,0,0,0,86.667,0,0.000,ft_jnd,FrameTimeStutter,1,0,1,0,1,1,0.25,0.25,1.5,100,-10,100,1,5,250,40,5,250,50,1,6,11,0,0.06,4,0.05,50,8,4,2,2,100,144,5,5,300,1.05,1.05,6.0,2.0,10,6,6,-1,
17,P017,1,ft_jnd,FrameTimeStutter,752,3.32947,4.3617,2523.77,1164.10,0.000,0.000,2523.77,1164.10,21.8214,9.1203,0.0000,4.8809,0.0000,16.9406,Right,0,0,0,0,86.667,0,0.000,ft_jnd,FrameTimeStutter,1,0,1,0,1,1,0.25,0.25,1.5,100,-10,100,1,5,250,40,5,250,50,1,6,11,0,0.06,4,0.05,50,8,4,2,2,100,144,5,5,300,1.05,1.05,6.0,2.0,10,6,6,-1,
17,P017,1,ft_jnd,FrameTimeStutter,753,3.33383,4.3617,2542.95,1164.10,13.000,0.000,2542.95,1164.10,22.1721,9.1203,0.0000,4.8809,0.0000,16.9406,Right,0,0,0,0,86.667,0,0.000,ft_jnd,FrameTimeStutter,1,0,1,0,1,1,0.25,0.25,1.5,100,-10,100,1,5,250,40,5,250,50,1,6,11,0,0.06,4,0.05,50,8,4,2,2,100,144,5,5,300,1.05,1.05,6.0,2.0,10,6,6,-1,
17,P017,1,ft_jnd,FrameTimeStutter,754,3.33725,3.4165,2557.71,1164.10,10.000,0.000,2557.71,1164.10,22.4419,9.1203,0.0000,4.8809,0.0000,17.2913,Right,0,0,0,0,86.667,0,0.000,ft_jnd,FrameTimeStutter,1,0,1,0,1,1,0.25,0.25,1.5,100,-10,100,1,5,250,40,5,250,50,1,6,11,0,0.06,4,0.05,50,8,4,2,2,100,144,5,5,300,1.05,1.05,6.0,2.0,10,6,6,-1,
17,P017,1,ft_jnd,FrameTimeStutter,755,3.34110,3.8572,2557.71,1164.10,0.000,0.000,2557.71,1164.10,22.4419,9.1203,0.0000,4.8809,0.0000,17.5611,Right,0,0,0,0,86.667,0,0.000,ft_jnd,FrameTimeStutter,1,0,1,0,1,1,0.25,0.25,1.5,100,-10,100,1,5,250,40,5,250,50,1,6,11,0,0.06,4,0.05,50,8,4,2,2,100,144,5,5,300,1.05,1.05,6.0,2.0,10,6,6,-1,
17,P017,1,ft_jnd,FrameTimeStutter,756,3.34443,3.3273,2557.71,1164.10,0.000,0.000,2557.71,1164.10,22.4419,9.1203,0.0000,4.8809,0.0000,17.5611,Right,0,0,0,0,86.667,0,0.000,ft_jnd,FrameTimeStutter,1,0,1,0,1,1,0.25,0.25,1.5,100,-10,100,1,5,250,40,5,250,50,1,6,11,0,0.06,4,0.05,50,8,4,2,2,100,144,5,5,300,1.05,1.05,6.0,2.0,10,6,6,-1,
17,P017,1,ft_jnd,FrameTimeStutter,757,3.34796,3.5306,2559.18,1164.10,6.000,0.000,2559.18,1164.10,22.4689,9.1203,0.0000,4.8809,0.0000,17.5611,Right,0,0,0,0,86.667,0,0.000,ft_jnd,FrameTimeStutter,1,0,1,0,1,1,0.25,0.25,1.5,100,-10,100,1,5,250,40,5,250,50,1,6,11,0,0.06,4,0.05,50,8,4,2,2,100,144,5,5,300,1.05,1.05,6.0,2.0,10,6,6,-1,
17,P017,1,ft_jnd,FrameTimeStutter,758,3.35271,4.7505,2559.18,1164.10,0.000,0.000,2559.18,1164.10,22.4689,9.1203,0.0000,4.8809,0.0000,17.5880,Right,0,0,0,0,86.667,0,0.000,ft_jnd,FrameTimeStutter,1,0,1,0,1,1,0.25,0.25,1.5,100,-10,100,1,5,250,40,5,250,50,1,6,11,0,0.06,4,0.05,50,8,4,2,2,100,144,5,5,300,1.05,1.05,6.0,2.0,10,6,6,-1,
17,P017,1,ft_jnd,FrameTimeStutter,759,3.35719,4.4745,2559.18,1164.10,4.000,0.000,2559.18,1164.10,22.4689,9.1203,0.0000,4.8809,0.0000,17.5880,Right,0,0,0,0,86.667,0,0.000,ft_jnd,FrameTimeStutter,1,0,1,0,1,1,0.25,0.25,1.5,100,-10,100,1,5,250,40,5,250,50,1,6,11,0,0.06,4,0.05,50,8,4,2,2,100,144,5,5,300,1.05,1.05,6.0,2.0,10,6,6,-1,
17,P017,1,ft_jnd,FrameTimeStutter,760,3.36127,4.0877,2559.18,1164.10,0.000,0.000,2559.18,1164.10,22.4689,9.1203,0.0000,4.8809,0.0000,17.5880,Right,0,0,0,0,86.667,0,0.000,ft_jnd,FrameTimeStutter,1,0,1,0,1,1,0.25,0.25,1.5,100,-10,100,1,5,250,40,5,250,50,1,6,11,0,0.06,4,0.05,50,8,4,2,2,100,144,5,5,300,1.05,1.05,6.0,2.0,10,6,6,-1,
17,P017,1,ft_jnd,FrameTimeStutter,761,3.36462,3.3466,2559.18,1164.10,0.000,0.000,2559.18,1164.10,22.4689,9.1203,0.0000,4.8809,0.0000,17.5880,Right,0,0,0,0,86.667,0,0.000,ft_jnd,FrameTimeStutter,1,0,1,0,1,1,0.25,0.25,1.5,100,-10,100,1,5,250,40,5,250,50,1,6,11,0,0.06,4,0.05,50,8,4,2,2,100,144,5,5,300,1.05,1.05,6.0,2.0,10,6,6,-1,
17,P017,1,ft_jnd,FrameTimeStutter,762,3.36829,3.6696,2559.18,1164.10,0.000,0.000,2559.18,1164.10,22.4689,9.1203,0.0000,4.8809,0.0000,17.5880,Right,0,0,0,0,86.667,0,0.000,ft_jnd,FrameTimeStutter,1,0,1,0,1,1,0.25,0.25,1.5,100,-10,100,1,5,250,40,5,250,50,1,6,11,0,0.06,4,0.05,50,8,4,2,2,100,144,5,5,300,1.05,1.05,6.0,2.0,10,6,6,-1,
17,P017,1,ft_jnd,FrameTimeStutter,763,3.37224,3.9509,2559.18,1164.10,0.000,0.000,2559.18,1164.10,22.4689,9.1203,0.0000,4.8809,0.0000,17.5880,Right,0,0,0,0,86.667,0,0.000,ft_jnd,FrameTimeStutter,1,0,1,0,1,1,0.25,0.25,1.5,100,-10,100,1,5,250,40,5,250,50,1,6,11,0,0.06,4,0.05,50,8,4,2,2,100,144,5,5,300,1.05,1.05,6.0,2.0,10,6,6,-1,
17,P017,1,ft_jnd,FrameTimeStutter,764,3.37559,3.3458,2559.18,1164.10,0.000,0.000,2559.18,1164.10,22.4689,9.1203,0.0000,4.8809,0.0000,17.5880,Right,0,0,0,0,86.667,0,0.000,ft_jnd,FrameTimeStutter,1,0,1,0,1,1,0.25,0.25,1.5,100,-10,100,1,5,250,40,5,250,50,1,6,11,0,0.06,4,0.05,50,8,4,2,2,100,144,5,5,300,1.05,1.05,6.0,2.0,10,6,6,-1,
17,P017,1,ft_jnd,FrameTimeStutter,765,3.37992,4.3298,2559.18,1164.10,0.000,0.000,2559.18,1164.10,22.4689,9.1203,0.0000,4.8809,0.0000,17.5880,Right,0,0,0,0,86.667,0,0.000,ft_jnd,FrameTimeStutter,1,0,1,0,1,1,0.25,0.25,1.5,100,-10,100,1,5,250,40,5,250,50,1,6,11,0,0.06,4,0.05,50,8,4,2,2,100,144,5,5,300,1.05,1.05,6.0,2.0,10,6,6,-1,
17,P017,1,ft_jnd,FrameTimeStutter,766,3.38382,3.9021,2559.18,1164.10,0.000,0.000,2559.18,1164.10,22.4689,9.1203,0.0000,4.8809,0.0000,17.5880,Right,0,0,0,0,86.667,0,0.000,ft_jnd,FrameTimeStutter,1,0,1,0,1,1,0.25,0.25,1.5,100,-10,100,1,5,250,40,5,250,50,1,6,11,0,0.06,4,0.05,50,8,4,2,2,100,144,5,5,300,1.05,1.05,6.0,2.0,10,6,6,-1,
17,P017,1,ft_jnd,FrameTimeStutter,767,3.38829,4.4762,2559.18,1164.10,0.000,0.000,2559.18,1164.10,22.4689,9.1203,0.0000,4.8809,0.0000,17.5880,Right,0,0,0,0,86.667,0,0.000,ft_jnd,FrameTimeStutter,1,0,1,0,1,1,0.25,0.25,1.5,100,-10,100,1,5,250,40,5,250,50,1,6,11,0,0.06,4,0.05,50,8,4,2,2,100,144,5,5,300,1.05,1.05,6.0,2.0,10,6,6,-1,
17,P017,1,ft_jnd,FrameTimeStutter,768,3.39152,3.2266,2559.18,1164.10,0.000,0.000,2559.18,1164.10,22.4689,9.1203,0.0000,4.8809,0.0000,17.5880,Right,0,0,0,0,86.667,0,0.000,ft_jnd,FrameTimeStutter,1,0,1,0,1,1,0.25,0.25,1.5,100,-10,100,1,5,250,40,5,250,50,1,6,11,0,0.06,4,0.05,50,8,4,2,2,100,144,5,5,300,1.05,1.05,6.0,2.0,10,6,6,-1,
17,P017,1,ft_jnd,FrameTimeStutter,769,3.39474,3.2214,2559.18,1164.10,0.000,0.000,2559.18,1164.10,22.4689,9.1203,0.0000,4.8809,0.0000,17.5880,Right,0,0,0,0,86.667,0,0.000,ft_jnd,FrameTimeStutter,1,0,1,0,1,1,0.25,0.25,1.5,100,-10,100,1,5,250,40,5,250,50,1,6,11,0,0.06,4,0.05,50,8,4,2,2,100,144,5,5,300,1.05,1.05,6.0,2.0,10,6,6,-1,
17,P017,1,ft_jnd,FrameTimeStutter,770,3.39797,3.2233,2559.18,1164.10,0.000,0.000,2559.18,1164.10,22.4689,9.1203,0.0000,4.8809,0.0000,17.5880,Right,0,0,0,0,86.667,0,0.000,ft_jnd,FrameTimeStutter,1,0,1,0,1,1,0.25,0.25,1.5,100,-10,100,1,5,250,40,5,250,50,1,6,11,0,0.06,4,0.05,50,8,4,2,2,100,144,5,5,300,1.05,1.05,6.0,2.0,10,6,6,-1,
17,P017,1,ft_jnd,FrameTimeStutter,771,3.40234,4.3750,2559.18,1164.10,0.000,0.000,2559.18,1164.10,22.4689,9.1203,0.0000,4.8809,0.0000,17.5880,Right,0,0,0,0,86.667,0,0.000,ft_jnd,FrameTimeStutter,1,0,1,0,1,1,0.25,0.25,1.5,100,-10,100,1,5,250,40,5,250,50,1,6,11,0,0.06,4,0.05,50,8,4,2,2,100,144,5,5,300,1.05,1.05,6.0,2.0,10,6,6,-1,
17,P017,1,ft_jnd,FrameTimeStutter,772,3.40667,4.3295,2559.18,1164.10,0.000,0.000,2559.18,1164.10,22.4689,9.1203,0.0000,4.8809,0.0000,17.5880,Right,0,0,0,0,86.667,0,0.000,ft_jnd,FrameTimeStutter,1,0,1,0,1,1,0.25,0.25,1.5,100,-10,100,1,5,250,40,5,250,50,1,6,11,0,0.06,4,0.05,50,8,4,2,2,100,144,5,5,300,1.05,1.05,6.0,2.0,10,6,6,-1,
17,P017,1,ft_jnd,FrameTimeStutter,773,3.41103,4.3620,2559.18,1164.10,0.000,0.000,2559.18,1164.10,22.4689,9.1203,0.0000,4.8809,0.0000,17.5880,Right,0,0,0,0,86.667,0,0.000,ft_jnd,FrameTimeStutter,1,0,1,0,1,1,0.25,0.25,1.5,100,-10,100,1,5,250,40,5,250,50,1,6,11,0,0.06,4,0.05,50,8,4,2,2,100,144,5,5,300,1.05,1.05,6.0,2.0,10,6,6,-1,
17,P017,1,ft_jnd,FrameTimeStutter,774,3.41497,3.9409,2559.18,1164.10,0.000,0.000,2559.18,1164.10,22.4689,9.1203,0.0000,4.8809,0.0000,17.5880,Right,0,0,0,0,86.667,0,0.000,ft_jnd,FrameTimeStutter,1,0,1,0,1,1,0.25,0.25,1.5,100,-10,100,1,5,250,40,5,250,50,1,6,11,0,0.06,4,0.05,50,8,4,2,2,100,144,5,5,300,1.05,1.05,6.0,2.0,10,6,6,-1,
17,P017,1,ft_jnd,FrameTimeStutter,775,3.41937,4.3963,2557.71,1164.10,-1.000,0.000,2557.71,1164.10,22.4419,9.1203,0.0000,4.8809,0.0000,17.5880,Right,0,0,0,0,86.667,0,0.000,ft_jnd,FrameTimeStutter,1,0,1,0,1,1,0.25,0.25,1.5,100,-10,100,1,5,250,40,5,250,50,1,6,11,0,0.06,4,0.05,50,8,4,2,2,100,144,5,5,300,1.05,1.05,6.0,2.0,10,6,6,-1,
17,P017,1,ft_jnd,FrameTimeStutter,776,3.42275,3.3845,2557.71,1164.10,0.000,0.000,2557.71,1164.10,22.4419,9.1203,0.0000,4.8809,0.0000,17.5611,Right,0,0,0,0,86.667,0,0.000,ft_jnd,FrameTimeStutter,1,0,1,0,1,1,0.25,0.25,1.5,100,-10,100,1,5,250,40,5,250,50,1,6,11,0,0.06,4,0.05,50,8,4,2,2,100,144,5,5,300,1.05,1.05,6.0,2.0,10,6,6,-1,
17,P017,1,ft_jnd,FrameTimeStutter,777,3.42604,3.2882,2556.23,1164.10,-1.000,0.000,2556.23,1164.10,22.4149,9.1203,0.0000,4.8809,0.0000,17.5611,Right,0,0,0,0,86.667,0,0.000,ft_jnd,FrameTimeStutter,1,0,1,0,1,1,0.25,0.25,1.5,100,-10,100,1,5,250,40,5,250,50,1,6,11,0,0.06,4,0.05,50,8,4,2,2,100,144,5,5,300,1.05,1.05,6.0,2.0,10,6,6,-1,
17,P017,1,ft_jnd,FrameTimeStutter,778,3.42964,3.5957,2556.23,1164.10,0.000,0.000,2556.23,1164.10,22.4149,9.1203,0.0000,4.8809,0.0000,17.5341,Right,0,0,0,0,86.667,0,0.000,ft_jnd,FrameTimeStutter,1,0,1,0,1,1,0.25,0.25,1.5,100,-10,100,1,5,250,40,5,250,50,1,6,11,0,0.06,4,0.05,50,8,4,2,2,100,144,5,5,300,1.05,1.05,6.0,2.0,10,6,6,-1,
17,P017,1,ft_jnd,FrameTimeStutter,779,3.43417,4.5375,2550.33,1165.57,-4.000,1.000,2550.33,1165.57,22.3070,9.1473,0.0000,4.8809,0.0000,17.5341,Right,0,0,0,0,86.667,0,0.000,ft_jnd,FrameTimeStutter,1,0,1,0,1,1,0.25,0.25,1.5,100,-10,100,1,5,250,40,5,250,50,1,6,11,0,0.06,4,0.05,50,8,4,2,2,100,144,5,5,300,1.05,1.05,6.0,2.0,10,6,6,-1,
17,P017,1,ft_jnd,FrameTimeStutter,780,3.43857,4.3994,2550.33,1165.57,0.000,0.000,2550.33,1165.57,22.3070,9.1473,0.0000,4.8809,0.0000,17.4262,Right,0,0,0,0,86.667,0,0.000,ft_jnd,FrameTimeStutter,1,0,1,0,1,1,0.25,0.25,1.5,100,-10,100,1,5,250,40,5,250,50,1,6,11,0,0.06,4,0.05,50,8,4,2,2,100,144,5,5,300,1.05,1.05,6.0,2.0,10,6,6,-1,
17,P017,1,ft_jnd,FrameTimeStutter,781,3.44306,4.4817,2542.95,1167.05,-5.000,1.000,2542.95,1167.05,22.1721,9.1742,0.0000,4.8809,0.0000,17.4262,Right,0,0,0,0,86.667,0,0.000,ft_jnd,FrameTimeStutter,1,0,1,0,1,1,0.25,0.25,1.5,100,-10,100,1,5,250,40,5,250,50,1,6,11,0,0.06,4,0.05,50,8,4,2,2,100,144,5,5,300,1.05,1.05,6.0,2.0,10,6,6,-1,
17,P017,1,ft_jnd,FrameTimeStutter,782,3.44750,4.4413,2542.95,1167.05,0.000,0.000,2542.95,1167.05,22.1721,9.1742,0.0000,4.8809,0.0000,17.2913,Right,0,0,0,0,86.667,0,0.000,ft_jnd,FrameTimeStutter,1,0,1,0,1,1,0.25,0.25,1.5,100,-10,100,1,5,250,40,5,250,50,1,6,11,0,0.06,4,0.05,50,8,4,2,2,100,144,5,5,300,1.05,1.05,6.0,2.0,10,6,6,-1,
17,P017,1,ft_jnd,FrameTimeStutter,783,3.45044,2.9379,2528.20,1168.53,-10.000,1.000,2528.20,1168.53,21.9024,9.2012,0.0000,4.8809,0.0000,17.2913,Right,0,0,0,0,86.667,0,0.000,ft_jnd,FrameTimeStutter,1,0,1,0,1,1,0.25,0.25,1.5,100,-10,100,1,5,250,40,5,250,50,1,6,11,0,0.06,4,0.05,50,8,4,2,2,100,144,5,5,300,1.05,1.05,6.0,2.0,10,6,6,-1,
17,P017,1,ft_jnd,FrameTimeStutter,784,3.45528,4.8473,2528.20,1168.53,0.000,0.000,2528.20,1168.53,21.9024,9.2012,0.0000,4.8809,0.0000,17.0215,Right,0,0,0,0,86.667,0,0.000,ft_jnd,FrameTimeStutter,1,0,1,0,1,1,0.25,0.25,1.5,100,-10,100,1,5,250,40,5,250,50,1,6,11,0,0.06,4,0.05,50,8,4,2,2,100,144,5,5,300,1.05,1.05,6.0,2.0,10,6,6,-1,
17,P017,1,ft_jnd,FrameTimeStutter,785,3.45855,3.2695,2511.97,1171.48,-11.000,2.000,2511.97,1171.48,21.6056,9.2552,0.0000,4.8809,0.0000,17.0215,Right,0,0,0,0,86.667,0,0.000,ft_jnd,FrameTimeStutter,1,0,1,0,1,1,0.25,0.25,1.5,100,-10,100,1,5,250,40,5,250,50,1,6,11,0,0.06,4,0.05,50,8,4,2,2,100,144,5,5,300,1.05,1.05,6.0,2.0,10,6,6,-1,
17,P017,1,ft_jnd,FrameTimeStutter,786,3.46180,3.2506,2511.97,1171.48,0.000,0.000,2511.97,1171.48,21.6056,9.2552,0.0000,4.8809,0.0000,16.7247,Right,0,0,0,0,86.667,0,0.000,ft_jnd,FrameTimeStutter,1,0,1,0,1,1,0.25,0.25,1.5,100,-10,100,1,5,250,40,5,250,50,1,6,11,0,0.06,4,0.05,50,8,4,2,2,100,144,5,5,300,1.05,1.05,6.0,2.0,10,6,6,-1,
17,P017,1,ft_jnd,FrameTimeStutter,787,3.46641,4.6036,2486.89,1172.95,-17.000,1.000,2486.89,1172.95,21.1470,9.2821,0.0000,4.8809,0.0000,16.7247,Right,0,0,0,0,86.667,0,0.000,ft_jnd,FrameTimeStutter,1,0,1,0,1,1,0.25,0.25,1.5,100,-10,100,1,5,250,40,5,250,50,1,6,11,0,0.06,4,0.05,50,8,4,2,2,100,144,5,5,300,1.05,1.05,6.0,2.0,10,6,6,-1,
17,P017,1,ft_jnd,FrameTimeStutter,788,3.47036,3.9568,2486.89,1172.95,0.000,0.000,2486.89,1172.95,21.1470,9.2821,0.0000,4.8809,0.0000,16.2661,Right,0,0,0,0,86.667,0,0.000,ft_jnd,FrameTimeStutter,1,0,1,0,1,1,0.25,0.25,1.5,100,-10,100,1,5,250,40,5,250,50,1,6,11,0,0.06,4,0.05,50,8,4,2,2,100,144,5,5,300,1.05,1.05,6.0,2.0,10,6,6,-1,
17,P017,1,ft_jnd,FrameTimeStutter,789,3.47473,4.3696,2455.90,1175.90,-21.000,2.000,2455.90,1175.90,20.5804,9.3361,0.0000,4.8809,0.0000,16.2661,Right,0,0,0,0,86.667,0,0.000,ft_jnd,FrameTimeStutter,1,0,1,0,1,1,0.25,0.25,1.5,100,-10,100,1,5,250,40,5,250,50,1,6,11,0,0.06,4,0.05,50,8,4,2,2,100,144,5,5,300,1.05,1.05,6.0,2.0,10,6,6,-1,
17,P017,1,ft_jnd,FrameTimeStutter,790,3.47909,4.3548,2455.90,1175.90,0.000,0.000,2455.90,1175.90,20.5804,9.3361,0.0000,4.8809,0.0000,15.6996,Right,0,0,0,0,86.667,0,0.000,ft_jnd,FrameTimeStutter,1,0,1,0,1,1,0.25,0.25,1.5,100,-10,100,1,5,250,40,5,250,50,1,6,11,0,0.06,4,0.05,50,8,4,2,2,100,144,5,5,300,1.05,1.05,6.0,2.0,10,6,6,-1,
17,P017,1,ft_jnd,FrameTimeStutter,791,3.48230,3.2075,2423.44,1178.85,-22.000,2.000,2423.44,1178.85,19.9869,9.3901,0.0000,4.8809,0.0000,15.6996,Right,0,0,0,0,86.667,0,0.000,ft_jnd,FrameTimeStutter,1,0,1,0,1,1,0.25,0.25,1.5,100,-10,100,1,5,250,40,5,250,50,1,6,11,0,0.06,4,0.05,50,8,4,2,2,100,144,5,5,300,1.05,1.05,6.0,2.0,10,6,6,-1,
17,P017,1,ft_jnd,FrameTimeStutter,792,3.48654,4.2420,2423.44,1178.85,0.000,0.000,2423.44,1178.85,19.9869,9.3901,0.0000,4.8809,0.0000,15.1060,Right,0,0,0,0,86.667,0,0.000,ft_jnd,FrameTimeStutter,1,0,1,0,1,1,0.25,0.25,1.5,100,-10,100,1,5,250,40,5,250,50,1,6,11,0,0.06,4,0.05,50,8,4,2,2,100,144,5,5,300,1.05,1.05,6.0,2.0,10,6,6,-1,
17,P017,1,ft_jnd,FrameTimeStutter,793,3.48993,3.3911,2385.08,1180.33,-26.000,1.000,2385.08,1180.33,19.2855,9.4170,0.0000,4.8809,0.0000,15.1060,Right,0,0,0,0,86.667,0,0.000,ft_jnd,FrameTimeStutter,1,0,1,0,1,1,0.25,0.25,1.5,100,-10,100,1,5,250,40,5,250,50,1,6,11,0,0.06,4,0.05,50,8,4,2,2,100,144,5,5,300,1.05,1.05,6.0,2.0,10,6,6,-1,
17,P017,1,ft_jnd,FrameTimeStutter,794,3.49312,3.1881,2385.08,1180.33,0.000,0.000,2385.08,1180.33,19.2855,9.4170,0.0000,4.8809,0.0000,14.4046,Right,0,0,0,0,86.667,0,0.000,ft_jnd,FrameTimeStutter,1,0,1,0,1,1,0.25,0.25,1.5,100,-10,100,1,5,250,40,5,250,50,1,6,11,0,0.06,4,0.05,50,8,4,2,2,100,144,5,5,300,1.05,1.05,6.0,2.0,10,6,6,-1,
17,P017,1,ft_jnd,FrameTimeStutter,795,3.49776,4.6436,2385.08,1180.33,0.000,0.000,2385.08,1180.33,19.2855,9.4170,0.0000,4.8809,0.0000,14.4046,Right,0,0,0,0,86.667,0,0.000,ft_jnd,FrameTimeStutter,1,0,1,0,1,1,0.25,0.25,1.5,100,-10,100,1,5,250,40,5,250,50,1,6,11,0,0.06,4,0.05,50,8,4,2,2,100,144,5,5,300,1.05,1.05,6.0,2.0,10,6,6,-1,
17,P017,1,ft_jnd,FrameTimeStutter,796,3.50113,3.3653,2340.82,1183.28,-30.000,2.000,2340.82,1183.28,18.4761,9.4710,0.0000,4.8809,0.0000,14.4046,Right,0,0,0,0,86.667,0,0.000,ft_jnd,FrameTimeStutter,1,0,1,0,1,1,0.25,0.25,1.5,100,-10,100,1,5,250,40,5,250,50,1,6,11,0,0.06,4,0.05,50,8,4,2,2,100,144,5,5,300,1.05,1.05,6.0,2.0,10,6,6,-1,
17,P017,1,ft_jnd,FrameTimeStutter,797,3.50527,4.1436,2293.61,1186.23,-32.000,2.000,2293.61,1186.23,17.6128,9.5249,0.0000,4.8809,0.0000,13.5953,Right,0,0,0,0,86.667,0,0.000,ft_jnd,FrameTimeStutter,1,0,1,0,1,1,0.25,0.25,1.5,100,-10,100,1,5,250,40,5,250,50,1,6,11,0,0.06,4,0.05,50,8,4,2,2,100,144,5,5,300,1.05,1.05,6.0,2.0,10,6,6,-1,
17,P017,1,ft_jnd,FrameTimeStutter,798,3.50963,4.3577,2293.61,1186.23,0.000,0.000,2293.61,1186.23,17.6128,9.5249,0.0000,4.8809,0.0000,12.7320,Right,0,0,0,0,86.667,0,0.000,ft_jnd,FrameTimeStutter,1,0,1,0,1,1,0.25,0.25,1.5,100,-10,100,1,5,250,40,5,250,50,1,6,11,0,0.06,4,0.05,50,8,4,2,2,100,144,5,5,300,1.05,1.05,6.0,2.0,10,6,6,-1,
17,P017,1,ft_jnd,FrameTimeStutter,799,3.51295,3.3250,2244.92,1189.18,-33.000,2.000,2244.92,1189.18,16.7225,9.5789,0.0000,4.8809,0.0000,12.7320,Right,0,0,0,0,86.667,0,0.000,ft_jnd,FrameTimeStutter,1,0,1,0,1,1,0.25,0.25,1.5,100,-10,100,1,5,250,40,5,250,50,1,6,11,0,0.06,4,0.05,50,8,4,2,2,100,144,5,5,300,1.05,1.05,6.0,2.0,10,6,6,-1,
17,P017,1,ft_jnd,FrameTimeStutter,800,3.51709,4.1434,2244.92,1189.18,0.000,0.000,2244.92,1189.18,16.7225,9.5789,0.0000,4.8809,0.0000,11.8417,Right,0,0,0,0,86.667,0,0.000,ft_jnd,FrameTimeStutter,1,0,1,0,1,1,0.25,0.25,1.5,100,-10,100,1,5,250,40,5,250,50,1,6,11,0,0.06,4,0.05,50,8,4,2,2,100,144,5,5,300,1.05,1.05,6.0,2.0,10,6,6,-1,
17,P017,1,ft_jnd,FrameTimeStutter,801,3.52047,3.3755,2244.92,1189.18,-32.000,3.000,2244.92,1189.18,16.7225,9.5789,0.0000,4.8809,0.0000,11.8417,Right,0,0,0,0,86.667,0,0.000,ft_jnd,FrameTimeStutter,1,0,1,0,1,1,0.25,0.25,1.5,100,-10,100,1,5,250,40,5,250,50,1,6,11,0,0.06,4,0.05,50,8,4,2,2,100,144,5,5,300,1.05,1.05,6.0,2.0,10,6,6,-1,
17,P017,1,ft_jnd,FrameTimeStutter,802,3.52372,3.2535,2197.71,1193.61,0.000,0.000,2197.71,1193.61,15.8592,9.6598,0.0000,4.8809,0.0000,11.8417,Right,0,0,0,0,86.667,0,0.000,ft_jnd,FrameTimeStutter,1,0,1,0,1,1,0.25,0.25,1.5,100,-10,100,1,5,250,40,5,250,50,1,6,11,0,0.06,4,0.05,50,8,4,2,2,100,144,5,5,300,1.05,1.05,6.0,2.0,10,6,6,-1,
17,P017,1,ft_jnd,FrameTimeStutter,803,3.52842,4.6967,2197.71,1193.61,0.000,0.000,2197.71,1193.61,15.8592,9.6598,0.0000,4.8809,0.0000,10.9784,Right,0,0,0,0,86.667,0,0.000,ft_jnd,FrameTimeStutter,1,0,1,0,1,1,0.25,0.25,1.5,100,-10,100,1,5,250,40,5,250,50,1,6,11,0,0.06,4,0.05,50,8,4,2,2,100,144,5,5,300,1.05,1.05,6.0,2.0,10,6,6,-1,
17,P017,1,ft_jnd,FrameTimeStutter,804,3.53181,3.3942,2144.59,1198.03,-36.000,3.000,2144.59,1198.03,14.8880,9.7408,0.0000,4.8809,0.0000,10.9784,Right,0,0,0,0,86.667,0,0.000,ft_jnd,FrameTimeStutter,1,0,1,0,1,1,0.25,0.25,1.5,100,-10,100,1,5,250,40,5,250,50,1,6,11,0,0.06,4,0.05,50,8,4,2,2,100,144,5,5,300,1.05,1.05,6.0,2.0,10,6,6,-1,
17,P017,1,ft_jnd,FrameTimeStutter,805,3.53586,4.0492,2144.59,1198.03,0.000,0.000,2144.59,1198.03,14.8880,9.7408,0.0000,4.8809,0.0000,10.0071,Right,0,0,0,0,86.667,0,0.000,ft_jnd,FrameTimeStutter,1,0,1,0,1,1,0.25,0.25,1.5,100,-10,100,1,5,250,40,5,250,50,1,6,11,0,0.06,4,0.05,50,8,4,2,2,100,144,5,5,300,1.05,1.05,6.0,2.0,10,6,6,-1,
17,P017,1,ft_jnd,FrameTimeStutter,806,3.54022,4.3578,2090.00,1200.98,-37.000,2.000,2090.00,1200.98,13.8898,9.7947,0.0000,4.8809,0.0000,10.0071,Right,0,0,0,0,86.667,0,0.000,ft_jnd,FrameTimeStutter,1,0,1,0,1,1,0.25,0.25,1.5,100,-10,100,1,5,250,40,5,250,50,1,6,11,0,0.06,4,0.05,50,8,4,2,2,100,144,5,5,300,1.05,1.05,6.0,2.0,10,6,6,-1,
17,P017,1,ft_jnd,FrameTimeStutter,807,3.54457,4.3473,2090.00,1200.98,0.000,0.000,2090.00,1200.98,13.8898,9.7947,0.0000,4.8809,0.0000,9.0089,Right,0,0,0,0,86.667,0,0.000,ft_jnd,FrameTimeStutter,1,0,1,0,1,1,0.25,0.25,1.5,100,-10,100,1,5,250,40,5,250,50,1,6,11,0,0.06,4,0.05,50,8,4,2,2,100,144,5,5,300,1.05,1.05,6.0,2.0,10,6,6,-1,
17,P017,1,ft_jnd,FrameTimeStutter,808,3.54768,3.1103,2038.36,1203.93,-35.000,2.000,2038.36,1203.93,12.9456,9.8487,0.0000,4.8809,0.0000,9.0089,Right,0,0,0,0,86.667,0,0.000,ft_jnd,FrameTimeStutter,1,0,1,0,1,1,0.25,0.25,1.5,100,-10,100,1,5,250,40,5,250,50,1,6,11,0,0.06,4,0.05,50,8,4,2,2,100,144,5,5,300,1.05,1.05,6.0,2.0,10,6,6,-1,
17,P017,1,ft_jnd,FrameTimeStutter,809,3.55215,4.4670,2038.36,1203.93,0.000,0.000,2038.36,1203.93,12.9456,9.8487,0.0000,4.8809,0.0000,8.0647,Right,0,0,0,0,86.667,0,0.000,ft_jnd,FrameTimeStutter,1,0,1,0,1,1,0.25,0.25,1.5,100,-10,100,1,5,250,40,5,250,50,1,6,11,0,0.06,4,0.05,50,8,4,2,2,100,144,5,5,300,1.05,1.05,6.0,2.0,10,6,6,-1,
17,P017,1,ft_jnd,FrameTimeStutter,810,3.55535,3.2012,1983.77,1206.89,-37.000,2.000,1983.77,1206.89,11.9474,9.9026,0.0000,4.8809,0.0000,8.0647,Right,0,0,0,0,86.667,0,0.000,ft_jnd,FrameTimeStutter,1,0,1,0,1,1,0.25,0.25,1.5,100,-10,100,1,5,250,40,5,250,50,1,6,11,0,0.06,4,0.05,50,8,4,2,2,100,144,5,5,300,1.05,1.05,6.0,2.0,10,6,6,-1,
17,P017,1,ft_jnd,FrameTimeStutter,811,3.55852,3.1709,1983.77,1206.89,0.000,0.000,1983.77,1206.89,11.9474,9.9026,0.0000,4.8809,0.0000,7.0665,Right,0,0,0,0,86.667,0,0.000,ft_jnd,FrameTimeStutter,1,0,1,0,1,1,0.25,0.25,1.5,100,-10,100,1,5,250,40,5,250,50,1,6,11,0,0.06,4,0.05,50,8,4,2,2,100,144,5,5,300,1.05,1.05,6.0,2.0,10,6,6,-1,
17,P017,1,ft_jnd,FrameTimeStutter,812,3.56289,4.3721,1921.80,1208.36,-42.000,1.000,1921.80,1208.36,10.8143,9.9296,0.0000,4.8809,0.0000,7.0665,Right,0,0,0,0,86.667,0,0.000,ft_jnd,FrameTimeStutter,1,0,1,0,1,1,0.25,0.25,1.5,100,-10,100,1,5,250,40,5,250,50,1,6,11,0,0.06,4,0.05,50,8,4,2,2,100,144,5,5,300,1.05,1.05,6.0,2.0,10,6,6,-1,
17,P017,1,ft_jnd,FrameTimeStutter,813,3.56587,2.9828,1921.80,1208.36,0.000,0.000,1921.80,1208.36,10.8143,9.9296,0.0000,4.8809,0.0000,5.9334,Right,0,0,0,0,86.667,0,0.000,ft_jnd,FrameTimeStutter,1,0,1,0,1,1,0.25,0.25,1.5,100,-10,100,1,5,250,40,5,250,50,1,6,11,0,0.06,4,0.05,50,8,4,2,2,100,144,5,5,300,1.05,1.05,6.0,2.0,10,6,6,-1,
17,P017,1,ft_jnd,FrameTimeStutter,814,3.57084,4.9664,1865.74,1211.31,-38.000,2.000,1865.74,1211.31,9.7891,9.9836,0.0000,4.8809,0.0000,5.9334,Right,0,0,0,0,86.667,0,0.000,ft_jnd,FrameTimeStutter,1,0,1,0,1,1,0.25,0.25,1.5,100,-10,100,1,5,250,40,5,250,50,1,6,11,0,0.06,4,0.05,50,8,4,2,2,100,144,5,5,300,1.05,1.05,6.0,2.0,10,6,6,-1,
17,P017,1,ft_jnd,FrameTimeStutter,815,3.57524,4.3965,1865.74,1211.31,0.000,0.000,1865.74,1211.31,9.7891,9.9836,0.0000,4.8809,0.0000,4.9083,Right,0,0,0,0,86.667,0,0.000,ft_jnd,FrameTimeStutter,1,0,1,0,1,1,0.25,0.25,1.5,100,-10,100,1,5,250,40,5,250,50,1,6,11,0,0.06,4,0.05,50,8,4,2,2,100,144,5,5,300,1.05,1.05,6.0,2.0,10,6,6,-1,
17,P017,1,ft_jnd,FrameTimeStutter,816,3.57915,3.9151,1806.72,1212.79,-40.000,1.000,1806.72,1212.79,8.7100,10.0105,0.0000,4.8809,0.0000,4.9083,Right,0,0,0,0,86.667,0,0.000,ft_jnd,FrameTimeStutter,1,0,1,0,1,1,0.25,0.25,1.5,100,-10,100,1,5,250,40,5,250,50,1,6,11,0,0.06,4,0.05,50,8,4,2,2,100,144,5,5,300,1.05,1.05,6.0,2.0,10,6,6,-1,
17,P017,1,ft_jnd,FrameTimeStutter,817,3.58254,3.3847,1806.72,1212.79,0.000,0.000,1806.72,1212.79,8.7100,10.0105,0.0000,4.8809,0.0000,3.8291,Right,0,0,0,0,86.667,0,0.000,ft_jnd,FrameTimeStutter,1,0,1,0,1,1,0.25,0.25,1.5,100,-10,100,1,5,250,40,5,250,50,1,6,11,0,0.06,4,0.05,50,8,4,2,2,100,144,5,5,300,1.05,1.05,6.0,2.0,10,6,6,-1,
17,P017,1,ft_jnd,FrameTimeStutter,818,3.58630,3.7670,1749.18,1215.74,-39.000,2.000,1749.18,1215.74,7.6578,10.0645,0.0000,4.8809,0.0000,3.8291,Right,0,0,0,0,86.667,0,0.000,ft_jnd,FrameTimeStutter,1,0,1,0,1,1,0.25,0.25,1.5,100,-10,100,1,5,250,40,5,250,50,1,6,11,0,0.06,4,0.05,50,8,4,2,2,100,144,5,5,300,1.05,1.05,6.0,2.0,10,6,6,-1,
17,P017,1,ft_jnd,FrameTimeStutter,819,3.59035,4.0502,1749.18,1215.74,0.000,0.000,1749.18,1215.74,7.6578,10.0645,0.0000,4.8809,0.0000,2.7770,Right,0,0,0,0,86.667,0,0.000,ft_jnd,FrameTimeStutter,1,0,1,0,1,1,0.25,0.25,1.5,100,-10,100,1,5,250,40,5,250,50,1,6,11,0,0.06,4,0.05,50,8,4,2,2,100,144,5,5,300,1.05,1.05,6.0,2.0,10,6,6,-1,
17,P017,1,ft_jnd,FrameTimeStutter,820,3.59371,3.3518,1691.64,1218.69,-39.000,2.000,1691.64,1218.69,6.6057,10.1184,0.0000,4.8809,0.0000,2.7770,Right,0,0,0,0,86.667,0,0.000,ft_jnd,FrameTimeStutter,1,0,1,0,1,1,0.25,0.25,1.5,100,-10,100,1,5,250,40,5,250,50,1,6,11,0,0.06,4,0.05,50,8,4,2,2,100,144,5,5,300,1.05,1.05,6.0,2.0,10,6,6,-1,
17,P017,1,ft_jnd,FrameTimeStutter,821,3.59766,3.9554,1691.64,1218.69,0.000,0.000,1691.64,1218.69,6.6057,10.1184,0.0000,4.8809,0.0000,1.7248,Right,0,0,0,0,86.667,0,0.000,ft_jnd,FrameTimeStutter,1,0,1,0,1,1,0.25,0.25,1.5,100,-10,100,1,5,250,40,5,250,50,1,6,11,0,0.06,4,0.05,50,8,4,2,2,100,144,5,5,300,1.05,1.05,6.0,2.0,10,6,6,-1,
17,P017,1,ft_jnd,FrameTimeStutter,822,3.60200,4.3381,1628.20,1221.64,-43.000,2.000,1628.20,1221.64,5.4456,10.1724,0.0000,4.8809,0.0000,1.7248,Right,0,0,0,0,86.667,0,0.000,ft_jnd,FrameTimeStutter,1,0,1,0,1,1,0.25,0.25,1.5,100,-10,100,1,5,250,40,5,250,50,1,6,11,0,0.06,4,0.05,50,8,4,2,2,100,144,5,5,300,1.05,1.05,6.0,2.0,10,6,6,-1,
17,P017,1,ft_jnd,FrameTimeStutter,823,3.60535,3.3493,1628.20,1221.64,0.000,0.000,1628.20,1221.64,5.4456,10.1724,0.0000,4.8809,0.0000,0.5648,Right,0,0,0,0,86.667,0,0.000,ft_jnd,FrameTimeStutter,1,0,1,0,1,1,0.25,0.25,1.5,100,-10,100,1,5,250,40,5,250,50,1,6,11,0,0.06,4,0.05,50,8,4,2,2,100,144,5,5,300,1.05,1.05,6.0,2.0,10,6,6,-1,
17,P017,1,ft_jnd,FrameTimeStutter,824,3.60838,3.0360,1628.20,1221.64,-40.000,1.000,1628.20,1221.64,5.4456,10.1724,0.0000,4.8809,0.0000,0.5648,Right,0,0,0,0,86.667,0,0.000,ft_jnd,FrameTimeStutter,1,0,1,0,1,1,0.25,0.25,1.5,100,-10,100,1,5,250,40,5,250,50,1,6,11,0,0.06,4,0.05,50,8,4,2,2,100,144,5,5,300,1.05,1.05,6.0,2.0,10,6,6,-1,
17,P017,1,ft_jnd,FrameTimeStutter,825,3.61203,3.6482,1569.18,1223.12,0.000,0.000,1569.18,1223.12,4.3665,10.1994,0.0000,4.8809,0.0000,0.5648,Right,0,0,0,0,86.667,0,0.000,ft_jnd,FrameTimeStutter,1,0,1,0,1,1,0.25,0.25,1.5,100,-10,100,1,5,250,40,5,250,50,1,6,11,0,0.06,4,0.05,50,8,4,2,2,100,144,5,5,300,1.05,1.05,6.0,2.0,10,6,6,-1,
17,P017,1,ft_jnd,FrameTimeStutter,826,3.61522,3.1848,1569.18,1223.12,0.000,0.000,1569.18,1223.12,4.3665,10.1994,0.0000,4.8809,0.0000,-0.5144,Left,0,0,0,0,86.667,1,86.667,ft_jnd,FrameTimeStutter,1,0,1,0,1,1,0.25,0.25,1.5,100,-10,100,1,5,250,40,5,250,50,1,6,11,0,0.06,4,0.05,50,8,4,2,2,100,144,5,5,300,1.05,1.05,6.0,2.0,10,6,6,-1,
17,P017,1,ft_jnd,FrameTimeStutter,827,3.70612,90.9018,905.25,1224.59,-450.000,1.000,905.25,1224.59,-7.7737,10.2264,0.0000,4.8809,0.0000,-0.5144,Left,0,0,0,0,86.667,0,0.000,ft_jnd,FrameTimeStutter,1,0,1,0,1,1,0.25,0.25,1.5,100,-10,100,1,5,250,40,5,250,50,1,6,11,0,0.06,4,0.05,50,8,4,2,2,100,144,5,5,300,1.05,1.05,6.0,2.0,10,6,6,-1,
17,P017,1,ft_jnd,FrameTimeStutter,828,3.70962,3.4981,905.25,1224.59,0.000,0.000,905.25,1224.59,-7.7737,10.2264,0.0000,4.8809,0.0000,-12.6546,Left,0,0,0,0,86.667,0,0.000,ft_jnd,FrameTimeStutter,1,0,1,0,1,1,0.25,0.25,1.5,100,-10,100,1,5,250,40,5,250,50,1,6,11,0,0.06,4,0.05,50,8,4,2,2,100,144,5,5,300,1.05,1.05,6.0,2.0,10,6,6,-1,
17,P017,1,ft_jnd,FrameTimeStutter,829,3.71360,3.9815,850.66,1224.59,-37.000,0.000,850.66,1224.59,-8.7719,10.2263,0.0000,4.8809,0.0000,-12.6546,Left,0,0,0,0,86.667,0,0.000,ft_jnd,FrameTimeStutter,1,0,1,0,1,1,0.25,0.25,1.5,100,-10,100,1,5,250,40,5,250,50,1,6,11,0,0.06,4,0.05,50,8,4,2,2,100,144,5,5,300,1.05,1.05,6.0,2.0,10,6,6,-1,
17,P017,1,ft_jnd,FrameTimeStutter,830,3.71755,3.9528,850.66,1224.59,0.000,0.000,850.66,1224.59,-8.7719,10.2263,0.0000,4.8809,0.0000,-13.6528,Left,0,0,0,0,86.667,0,0.000,ft_jnd,FrameTimeStutter,1,0,1,0,1,1,0.25,0.25,1.5,100,-10,100,1,5,250,40,5,250,50,1,6,11,0,0.06,4,0.05,50,8,4,2,2,100,144,5,5,300,1.05,1.05,6.0,2.0,10,6,6,-1,
17,P017,1,ft_jnd,FrameTimeStutter,831,3.72156,4.0086,800.49,1224.59,-34.000,0.000,800.49,1224.59,-9.6892,10.2263,0.0000,4.8809,0.0000,-13.6528,Left,0,0,0,0,86.667,0,0.000,ft_jnd,FrameTimeStutter,1,0,1,0,1,1,0.25,0.25,1.5,100,-10,100,1,5,250,40,5,250,50,1,6,11,0,0.06,4,0.05,50,8,4,2,2,100,144,5,5,300,1.05,1.05,6.0,2.0,10,6,6,-1,
17,P017,1,ft_jnd,FrameTimeStutter,832,3.72553,3.9752,800.49,1224.59,0.000,0.000,800.49,1224.59,-9.6892,10.2263,0.0000,4.8809,0.0000,-14.5700,Left,0,0,0,0,86.667,0,0.000,ft_jnd,FrameTimeStutter,1,0,1,0,1,1,0.25,0.25,1.5,100,-10,100,1,5,250,40,5,250,50,1,6,11,0,0.06,4,0.05,50,8,4,2,2,100,144,5,5,300,1.05,1.05,6.0,2.0,10,6,6,-1,
17,P017,1,ft_jnd,FrameTimeStutter,833,3.72914,3.6054,750.33,1224.59,-34.000,0.000,750.33,1224.59,-10.6064,10.2263,0.0000,4.8809,0.0000,-14.5700,Left,0,0,0,0,86.667,0,0.000,ft_jnd,FrameTimeStutter,1,0,1,0,1,1,0.25,0.25,1.5,100,-10,100,1,5,250,40,5,250,50,1,6,11,0,0.06,4,0.05,50,8,4,2,2,100,144,5,5,300,1.05,1.05,6.0,2.0,10,6,6,-1,
17,P017,1,ft_jnd,FrameTimeStutter,834,3.73230,3.1587,750.33,1224.59,0.000,0.000,750.33,1224.59,-10.6064,10.2263,0.0000,4.8809,0.0000,-15.4873,Left,0,0,0,0,86.667,0,0.000,ft_jnd,FrameTimeStutter,1,0,1,0,1,1,0.25,0.25,1.5,100,-10,100,1,5,250,40,5,250,50,1,6,11,0,0.06,4,0.05,50,8,4,2,2,100,144,5,5,300,1.05,1.05,6.0,2.0,10,6,6,-1,
17,P017,1,ft_jnd,FrameTimeStutter,835,3.73551,3.2103,750.33,1224.59,0.000,0.000,750.33,1224.59,-10.6064,10.2263,0.0000,4.8809,0.0000,-15.4873,Left,0,0,0,0,86.667,0,0.000,ft_jnd,FrameTimeStutter,1,0,1,0,1,1,0.25,0.25,1.5,100,-10,100,1,5,250,40,5,250,50,1,6,11,0,0.06,4,0.05,50,8,4,2,2,100,144,5,5,300,1.05,1.05,6.0,2.0,10,6,6,-1,
17,P017,1,ft_jnd,FrameTimeStutter,836,3.73905,3.5446,704.59,1224.59,-31.000,0.000,704.59,1224.59,-11.4428,10.2263,0.0000,4.8809,0.0000,-15.4873,Left,0,0,0,0,86.667,0,0.000,ft_jnd,FrameTimeStutter,1,0,1,0,1,1,0.25,0.25,1.5,100,-10,100,1,5,250,40,5,250,50,1,6,11,0,0.06,4,0.05,50,8,4,2,2,100,144,5,5,300,1.05,1.05,6.0,2.0,10,6,6,-1,
17,P017,1,ft_jnd,FrameTimeStutter,837,3.74279,3.7371,704.59,1224.59,0.000,0.000,704.59,1224.59,-11.4428,10.2263,0.0000,4.8809,0.0000,-16.3236,Left,0,0,0,0,86.667,0,0.000,ft_jnd,FrameTimeStutter,1,0,1,0,1,1,0.25,0.25,1.5,100,-10,100,1,5,250,40,5,250,50,1,6,11,0,0.06,4,0.05,50,8,4,2,2,100,144,5,5,300,1.05,1.05,6.0,2.0,10,6,6,-1,
17,P017,1,ft_jnd,FrameTimeStutter,838,3.74686,4.0712,663.28,1224.59,-28.000,0.000,663.28,1224.59,-12.1982,10.2263,0.0000,4.8809,0.0000,-16.3236,Left,0,0,0,0,86.667,0,0.000,ft_jnd,FrameTimeStutter,1,0,1,0,1,1,0.25,0.25,1.5,100,-10,100,1,5,250,40,5,250,50,1,6,11,0,0.06,4,0.05,50,8,4,2,2,100,144,5,5,300,1.05,1.05,6.0,2.0,10,6,6,-1,
17,P017,1,ft_jnd,FrameTimeStutter,839,3.75126,4.4005,663.28,1224.59,0.000,0.000,663.28,1224.59,-12.1982,10.2263,0.0000,4.8809,0.0000,-17.0790,Left,0,0,0,0,86.667,0,0.000,ft_jnd,FrameTimeStutter,1,0,1,0,1,1,0.25,0.25,1.5,100,-10,100,1,5,250,40,5,250,50,1,6,11,0,0.06,4,0.05,50,8,4,2,2,100,144,5,5,300,1.05,1.05,6.0,2.0,10,6,6,-1,
17,P017,1,ft_jnd,FrameTimeStutter,840,3.75539,4.1283,623.44,1224.59,-27.000,0.000,623.44,1224.59,-12.9266,10.2263,0.0000,4.8809,0.0000,-17.0790,Left,0,0,0,0,86.667,0,0.000,ft_jnd,FrameTimeStutter,1,0,1,0,1,1,0.25,0.25,1.5,100,-10,100,1,5,250,40,5,250,50,1,6,11,0,0.06,4,0.05,50,8,4,2,2,100,144,5,5,300,1.05,1.05,6.0,2.0,10,6,6,-1,
17,P017,1,ft_jnd,FrameTimeStutter,841,3.75981,4.4169,623.44,1224.59,0.000,0.000,623.44,1224.59,-12.9266,10.2263,0.0000,4.8809,0.0000,-17.8074,Left,0,0,0,0,86.667,0,0.000,ft_jnd,FrameTimeStutter,1,0,1,0,1,1,0.25,0.25,1.5,100,-10,100,1,5,250,40,5,250,50,1,6,11,0,0.06,4,0.05,50,8,4,2,2,100,144,5,5,300,1.05,1.05,6.0,2.0,10,6,6,-1,
17,P017,1,ft_jnd,FrameTimeStutter,842,3.76322,3.4077,579.18,1224.59,-30.000,0.000,579.18,1224.59,-13.7359,10.2263,0.0000,4.8809,0.0000,-17.8074,Left,0,0,0,0,86.667,0,0.000,ft_jnd,FrameTimeStutter,1,0,1,0,1,1,0.25,0.25,1.5,100,-10,100,1,5,250,40,5,250,50,1,6,11,0,0.06,4,0.05,50,8,4,2,2,100,144,5,5,300,1.05,1.05,6.0,2.0,10,6,6,-1,
17,P017,1,ft_jnd,FrameTimeStutter,843,3.76621,2.9962,579.18,1224.59,0.000,0.000,579.18,1224.59,-13.7359,10.2263,0.0000,4.8809,0.0000,-18.6168,Left,0,0,0,0,86.667,0,0.000,ft_jnd,FrameTimeStutter,1,0,1,0,1,1,0.25,0.25,1.5,100,-10,100,1,5,250,40,5,250,50,1,6,11,0,0.06,4,0.05,50,8,4,2,2,100,144,5,5,300,1.05,1.05,6.0,2.0,10,6,6,-1,
17,P017,1,ft_jnd,FrameTimeStutter,844,3.77015,3.9337,543.77,1224.59,-24.000,0.000,543.77,1224.59,-14.3834,10.2263,0.0000,4.8809,0.0000,-18.6168,Left,0,0,0,0,86.667,0,0.000,ft_jnd,FrameTimeStutter,1,0,1,0,1,1,0.25,0.25,1.5,100,-10,100,1,5,250,40,5,250,50,1,6,11,0,0.06,4,0.05,50,8,4,2,2,100,144,5,5,300,1.05,1.05,6.0,2.0,10,6,6,-1,
17,P017,1,ft_jnd,FrameTimeStutter,845,3.77364,3.4934,543.77,1224.59,0.000,0.000,543.77,1224.59,-14.3834,10.2263,0.0000,4.8809,0.0000,-19.2643,Left,0,0,0,0,86.667,0,0.000,ft_jnd,FrameTimeStutter,1,0,1,0,1,1,0.25,0.25,1.5,100,-10,100,1,5,250,40,5,250,50,1,6,11,0,0.06,4,0.05,50,8,4,2,2,100,144,5,5,300,1.05,1.05,6.0,2.0,10,6,6,-1,
17,P017,1,ft_jnd,FrameTimeStutter,846,3.77689,3.2539,503.93,1224.59,-27.000,0.000,503.93,1224.59,-15.1118,10.2263,0.0000,4.8809,0.0000,-19.2643,Left,0,0,0,0,86.667,0,0.000,ft_jnd,FrameTimeStutter,1,0,1,0,1,1,0.25,0.25,1.5,100,-10,100,1,5,250,40,5,250,50,1,6,11,0,0.06,4,0.05,50,8,4,2,2,100,144,5,5,300,1.05,1.05,6.0,2.0,10,6,6,-1,
17,P017,1,ft_jnd,FrameTimeStutter,847,3.78140,4.5093,503.93,1224.59,0.000,0.000,503.93,1224.59,-15.1118,10.2263,0.0000,4.8809,0.0000,-19.9927,Left,0,0,0,0,86.667,0,0.000,ft_jnd,FrameTimeStutter,1,0,1,0,1,1,0.25,0.25,1.5,100,-10,100,1,5,250,40,5,250,50,1,6,11,0,0.06,4,0.05,50,8,4,2,2,100,144,5,5,300,1.05,1.05,6.0,2.0,10,6,6,-1,
17,P017,1,ft_jnd,FrameTimeStutter,848,3.78606,4.6608,468.52,1224.59,-24.000,0.000,468.52,1224.59,-15.7593,10.2263,0.0000,4.8809,0.0000,-19.9927,Left,0,0,0,0,86.667,0,0.000,ft_jnd,FrameTimeStutter,1,0,1,0,1,1,0.25,0.25,1.5,100,-10,100,1,5,250,40,5,250,50,1,6,11,0,0.06,4,0.05,50,8,4,2,2,100,144,5,5,300,1.05,1.05,6.0,2.0,10,6,6,-1,
17,P017,1,ft_jnd,FrameTimeStutter,849,3.79021,4.1475,468.52,1224.59,0.000,0.000,468.52,1224.59,-15.7593,10.2263,0.0000,4.8809,0.0000,-20.6401,Left,0,0,0,0,86.667,0,0.000,ft_jnd,FrameTimeStutter,1,0,1,0,1,1,0.25,0.25,1.5,100,-10,100,1,5,250,40,5,250,50,1,6,11,0,0.06,4,0.05,50,8,4,2,2,100,144,5,5,300,1.05,1.05,6.0,2.0,10,6,6,-1,
17,P017,1,ft_jnd,FrameTimeStutter,850,3.79465,4.4360,437.54,1226.07,-21.000,1.000,437.54,1226.07,-16.3258,10.2533,0.0000,4.8809,0.0000,-20.6401,Left,0,0,0,0,86.667,0,0.000,ft_jnd,FrameTimeStutter,1,0,1,0,1,1,0.25,0.25,1.5,100,-10,100,1,5,250,40,5,250,50,1,6,11,0,0.06,4,0.05,50,8,4,2,2,100,144,5,5,300,1.05,1.05,6.0,2.0,10,6,6,-1,
17,P017,1,ft_jnd,FrameTimeStutter,851,3.79913,4.4816,437.54,1226.07,0.000,0.000,437.54,1226.07,-16.3258,10.2533,0.0000,4.8809,0.0000,-21.2067,Left,0,0,0,0,86.667,0,0.000,ft_jnd,FrameTimeStutter,1,0,1,0,1,1,0.25,0.25,1.5,100,-10,100,1,5,250,40,5,250,50,1,6,11,0,0.06,4,0.05,50,8,4,2,2,100,144,5,5,300,1.05,1.05,6.0,2.0,10,6,6,-1,
17,P017,1,ft_jnd,FrameTimeStutter,852,3.80371,4.5791,410.98,1226.07,-18.000,0.000,410.98,1226.07,-16.8114,10.2533,0.0000,4.8809,0.0000,-21.2067,Left,0,0,0,0,86.667,0,0.000,ft_jnd,FrameTimeStutter,1,0,1,0,1,1,0.25,0.25,1.5,100,-10,100,1,5,250,40,5,250,50,1,6,11,0,0.06,4,0.05,50,8,4,2,2,100,144,5,5,300,1.05,1.05,6.0,2.0,10,6,6,-1,
17,P017,1,ft_jnd,FrameTimeStutter,853,3.80673,3.0255,410.98,1226.07,0.000,0.000,410.98,1226.07,-16.8114,10.2533,0.0000,4.8809,0.0000,-21.6923,Left,0,0,0,0,86.667,0,0.000,ft_jnd,FrameTimeStutter,1,0,1,0,1,1,0.25,0.25,1.5,100,-10,100,1,5,250,40,5,250,50,1,6,11,0,0.06,4,0.05,50,8,4,2,2,100,144,5,5,300,1.05,1.05,6.0,2.0,10,6,6,-1,
17,P017,1,ft_jnd,FrameTimeStutter,854,3.81019,3.4583,387.38,1226.07,-16.000,0.000,387.38,1226.07,-17.2431,10.2533,0.0000,4.8809,0.0000,-21.6923,Left,0,0,0,0,86.667,0,0.000,ft_jnd,FrameTimeStutter,1,0,1,0,1,1,0.25,0.25,1.5,100,-10,100,1,5,250,40,5,250,50,1,6,11,0,0.06,4,0.05,50,8,4,2,2,100,144,5,5,300,1.05,1.05,6.0,2.0,10,6,6,-1,
17,P017,1,ft_jnd,FrameTimeStutter,855,3.81366,3.4676,387.38,1226.07,0.000,0.000,387.38,1226.07,-17.2431,10.2533,0.0000,4.8809,0.0000,-22.1239,Left,0,0,0,0,86.667,0,0.000,ft_jnd,FrameTimeStutter,1,0,1,0,1,1,0.25,0.25,1.5,100,-10,100,1,5,250,40,5,250,50,1,6,11,0,0.06,4,0.05,50,8,4,2,2,100,144,5,5,300,1.05,1.05,6.0,2.0,10,6,6,-1,
17,P017,1,ft_jnd,FrameTimeStutter,856,3.81721,3.5519,366.72,1227.54,-14.000,1.000,366.72,1227.54,-17.6208,10.2803,0.0000,4.8809,0.0000,-22.1239,Left,0,0,0,0,86.667,0,0.000,ft_jnd,FrameTimeStutter,1,0,1,0,1,1,0.25,0.25,1.5,100,-10,100,1,5,250,40,5,250,50,1,6,11,0,0.06,4,0.05,50,8,4,2,2,100,144,5,5,300,1.05,1.05,6.0,2.0,10,6,6,-1,
17,P017,1,ft_jnd,FrameTimeStutter,857,3.82148,4.2692,366.72,1227.54,0.000,0.000,366.72,1227.54,-17.6208,10.2803,0.0000,4.8809,0.0000,-22.5016,Left,0,0,0,0,86.667,0,0.000,ft_jnd,FrameTimeStutter,1,0,1,0,1,1,0.25,0.25,1.5,100,-10,100,1,5,250,40,5,250,50,1,6,11,0,0.06,4,0.05,50,8,4,2,2,100,144,5,5,300,1.05,1.05,6.0,2.0,10,6,6,-1,
17,P017,1,ft_jnd,FrameTimeStutter,858,3.82605,4.5669,351.97,1227.54,-10.000,0.000,351.97,1227.54,-17.8906,10.2803,0.0000,4.8809,0.0000,-22.5016,Left,0,0,0,0,86.667,0,0.000,ft_jnd,FrameTimeStutter,1,0,1,0,1,1,0.25,0.25,1.5,100,-10,100,1,5,250,40,5,250,50,1,6,11,0,0.06,4,0.05,50,8,4,2,2,100,144,5,5,300,1.05,1.05,6.0,2.0,10,6,6,-1,
17,P017,1,ft_jnd,FrameTimeStutter,859,3.82949,3.4441,351.97,1227.54,0.000,0.000,351.97,1227.54,-17.8906,10.2803,0.0000,4.8809,0.0000,-22.7714,Left,0,0,0,0,86.667,0,0.000,ft_jnd,FrameTimeStutter,1,0,1,0,1,1,0.25,0.25,1.5,100,-10,100,1,5,250,40,5,250,50,1,6,11,0,0.06,4,0.05,50,8,4,2,2,100,144,5,5,300,1.05,1.05,6.0,2.0,10,6,6,-1,
17,P017,1,ft_jnd,FrameTimeStutter,860,3.83411,4.6196,340.16,1229.02,-8.000,1.000,340.16,1229.02,-18.1064,10.3073,0.0000,4.8809,0.0000,-22.7714,Left,0,0,0,0,86.667,0,0.000,ft_jnd,FrameTimeStutter,1,0,1,0,1,1,0.25,0.25,1.5,100,-10,100,1,5,250,40,5,250,50,1,6,11,0,0.06,4,0.05,50,8,4,2,2,100,144,5,5,300,1.05,1.05,6.0,2.0,10,6,6,-1,
17,P017,1,ft_jnd,FrameTimeStutter,861,3.83855,4.4412,340.16,1229.02,0.000,0.000,340.16,1229.02,-18.1064,10.3073,0.0000,4.8809,0.0000,-22.9873,Left,0,0,0,0,86.667,0,0.000,ft_jnd,FrameTimeStutter,1,0,1,0,1,1,0.25,0.25,1.5,100,-10,100,1,5,250,40,5,250,50,1,6,11,0,0.06,4,0.05,50,8,4,2,2,100,144,5,5,300,1.05,1.05,6.0,2.0,10,6,6,-1,
17,P017,1,ft_jnd,FrameTimeStutter,862,3.84298,4.4298,331.31,1229.02,-6.000,0.000,331.31,1229.02,-18.2683,10.3073,0.0000,4.8809,0.0000,-22.9873,Left,0,0,0,0,86.667,0,0.000,ft_jnd,FrameTimeStutter,1,0,1,0,1,1,0.25,0.25,1.5,100,-10,100,1,5,250,40,5,250,50,1,6,11,0,0.06,4,0.05,50,8,4,2,2,100,144,5,5,300,1.05,1.05,6.0,2.0,10,6,6,-1,
17,P017,1,ft_jnd,FrameTimeStutter,863,3.84747,4.4884,331.31,1229.02,0.000,0.000,331.31,1229.02,-18.2683,10.3073,0.0000,4.8809,0.0000,-23.1491,Left,0,0,0,0,86.667,0,0.000,ft_jnd,FrameTimeStutter,1,0,1,0,1,1,0.25,0.25,1.5,100,-10,100,1,5,250,40,5,250,50,1,6,11,0,0.06,4,0.05,50,8,4,2,2,100,144,5,5,300,1.05,1.05,6.0,2.0,10,6,6,-1,
17,P017,1,ft_jnd,FrameTimeStutter,864,3.85144,3.9674,322.46,1229.02,-6.000,0.000,322.46,1229.02,-18.4301,10.3073,0.0000,4.8809,0.0000,-23.1491,Left,0,0,0,0,86.667,0,0.000,ft_jnd,FrameTimeStutter,1,0,1,0,1,1,0.25,0.25,1.5,100,-10,100,1,5,250,40,5,250,50,1,6,11,0,0.06,4,0.05,50,8,4,2,2,100,144,5,5,300,1.05,1.05,6.0,2.0,10,6,6,-1,
17,P017,1,ft_jnd,FrameTimeStutter,865,3.85579,4.3512,322.46,1229.02,0.000,0.000,322.46,1229.02,-18.4301,10.3073,0.0000,4.8809,0.0000,-23.3110,Left,0,0,0,0,86.667,0,0.000,ft_jnd,FrameTimeStutter,1,0,1,0,1,1,0.25,0.25,1.5,100,-10,100,1,5,250,40,5,250,50,1,6,11,0,0.06,4,0.05,50,8,4,2,2,100,144,5,5,300,1.05,1.05,6.0,2.0,10,6,6,-1,
17,P017,1,ft_jnd,FrameTimeStutter,866,3.85920,3.4094,316.56,1229.02,-4.000,0.000,316.56,1229.02,-18.5380,10.3073,0.0000,4.8809,0.0000,-23.3110,Left,0,0,0,0,86.667,0,0.000,ft_jnd,FrameTimeStutter,1,0,1,0,1,1,0.25,0.25,1.5,100,-10,100,1,5,250,40,5,250,50,1,6,11,0,0.06,4,0.05,50,8,4,2,2,100,144,5,5,300,1.05,1.05,6.0,2.0,10,6,6,-1,
17,P017,1,ft_jnd,FrameTimeStutter,867,3.86222,3.0237,316.56,1229.02,0.000,0.000,316.56,1229.02,-18.5380,10.3073,0.0000,4.8809,0.0000,-23.4189,Left,0,0,0,0,86.667,0,0.000,ft_jnd,FrameTimeStutter,1,0,1,0,1,1,0.25,0.25,1.5,100,-10,100,1,5,250,40,5,250,50,1,6,11,0,0.06,4,0.05,50,8,4,2,2,100,144,5,5,300,1.05,1.05,6.0,2.0,10,6,6,-1,
17,P017,1,ft_jnd,FrameTimeStutter,868,3.86640,4.1773,310.66,1229.02,-4.000,0.000,310.66,1229.02,-18.6460,10.3073,0.0000,4.8809,0.0000,-23.4189,Left,0,0,0,0,86.667,0,0.000,ft_jnd,FrameTimeStutter,1,0,1,0,1,1,0.25,0.25,1.5,100,-10,100,1,5,250,40,5,250,50,1,6,11,0,0.06,4,0.05,50,8,4,2,2,100,144,5,5,300,1.05,1.05,6.0,2.0,10,6,6,-1,
17,P017,1,ft_jnd,FrameTimeStutter,869,3.86944,3.0384,310.66,1229.02,0.000,0.000,310.66,1229.02,-18.6460,10.3073,0.0000,4.8809,0.0000,-23.5268,Left,0,0,0,0,86.667,0,0.000,ft_jnd,FrameTimeStutter,1,0,1,0,1,1,0.25,0.25,1.5,100,-10,100,1,5,250,40,5,250,50,1,6,11,0,0.06,4,0.05,50,8,4,2,2,100,144,5,5,300,1.05,1.05,6.0,2.0,10,6,6,-1,
17,P017,1,ft_jnd,FrameTimeStutter,870,3.87313,3.6961,304.75,1229.02,-4.000,0.000,304.75,1229.02,-18.7539,10.3073,0.0000,4.8809,0.0000,-23.5268,Left,0,0,0,0,86.667,0,0.000,ft_jnd,FrameTimeStutter,1,0,1,0,1,1,0.25,0.25,1.5,100,-10,100,1,5,250,40,5,250,50,1,6,11,0,0.06,4,0.05,50,8,4,2,2,100,144,5,5,300,1.05,1.05,6.0,2.0,10,6,6,-1,
17,P017,1,ft_jnd,FrameTimeStutter,871,3.87756,4.4226,304.75,1229.02,0.000,0.000,304.75,1229.02,-18.7539,10.3073,0.0000,4.8809,0.0000,-23.6347,Left,0,0,0,0,86.667,0,0.000,ft_jnd,FrameTimeStutter,1,0,1,0,1,1,0.25,0.25,1.5,100,-10,100,1,5,250,40,5,250,50,1,6,11,0,0.06,4,0.05,50,8,4,2,2,100,144,5,5,300,1.05,1.05,6.0,2.0,10,6,6,-1,
17,P017,1,ft_jnd,FrameTimeStutter,872,3.88057,3.0138,300.33,1229.02,-3.000,0.000,300.33,1229.02,-18.8348,10.3073,0.0000,4.8809,0.0000,-23.6347,Left,0,0,0,0,86.667,0,0.000,ft_jnd,FrameTimeStutter,1,0,1,0,1,1,0.25,0.25,1.5,100,-10,100,1,5,250,40,5,250,50,1,6,11,0,0.06,4,0.05,50,8,4,2,2,100,144,5,5,300,1.05,1.05,6.0,2.0,10,6,6,-1,
17,P017,1,ft_jnd,FrameTimeStutter,873,3.88559,5.0182,300.33,1229.02,0.000,0.000,300.33,1229.02,-18.8348,10.3073,0.0000,4.8809,0.0000,-23.7157,Left,0,0,0,0,86.667,0,0.000,ft_jnd,FrameTimeStutter,1,0,1,0,1,1,0.25,0.25,1.5,100,-10,100,1,5,250,40,5,250,50,1,6,11,0,0.06,4,0.05,50,8,4,2,2,100,144,5,5,300,1.05,1.05,6.0,2.0,10,6,6,-1,
17,P017,1,ft_jnd,FrameTimeStutter,874,3.89011,4.5215,297.38,1230.49,-2.000,1.000,297.38,1230.49,-18.8888,10.3342,0.0000,4.8809,0.0000,-23.7157,Left,0,0,0,0,86.667,0,0.000,ft_jnd,FrameTimeStutter,1,0,1,0,1,1,0.25,0.25,1.5,100,-10,100,1,5,250,40,5,250,50,1,6,11,0,0.06,4,0.05,50,8,4,2,2,100,144,5,5,300,1.05,1.05,6.0,2.0,10,6,6,-1,
17,P017,1,ft_jnd,FrameTimeStutter,875,3.89422,4.1081,297.38,1230.49,0.000,0.000,297.38,1230.49,-18.8888,10.3342,0.0000,4.8809,0.0000,-23.7696,Left,0,0,0,0,86.667,0,0.000,ft_jnd,FrameTimeStutter,1,0,1,0,1,1,0.25,0.25,1.5,100,-10,100,1,5,250,40,5,250,50,1,6,11,0,0.06,4,0.05,50,8,4,2,2,100,144,5,5,300,1.05,1.05,6.0,2.0,10,6,6,-1,
17,P017,1,ft_jnd,FrameTimeStutter,876,3.89872,4.5057,295.90,1230.49,-1.000,0.000,295.90,1230.49,-18.9157,10.3342,0.0000,4.8809,0.0000,-23.7696,Left,0,0,0,0,86.667,0,0.000,ft_jnd,FrameTimeStutter,1,0,1,0,1,1,0.25,0.25,1.5,100,-10,100,1,5,250,40,5,250,50,1,6,11,0,0.06,4,0.05,50,8,4,2,2,100,144,5,5,300,1.05,1.05,6.0,2.0,10,6,6,-1,
17,P017,1,ft_jnd,FrameTimeStutter,877,3.90209,3.3677,295.90,1230.49,0.000,0.000,295.90,1230.49,-18.9157,10.3342,0.0000,4.8809,0.0000,-23.7966,Left,0,0,0,0,86.667,0,0.000,ft_jnd,FrameTimeStutter,1,0,1,0,1,1,0.25,0.25,1.5,100,-10,100,1,5,250,40,5,250,50,1,6,11,0,0.06,4,0.05,50,8,4,2,2,100,144,5,5,300,1.05,1.05,6.0,2.0,10,6,6,-1,
17,P017,1,ft_jnd,FrameTimeStutter,878,3.90620,4.1097,295.90,1230.49,0.000,0.000,295.90,1230.49,-18.9157,10.3342,0.0000,4.8809,0.0000,-23.7966,Left,0,0,0,0,86.667,0,0.000,ft_jnd,FrameTimeStutter,1,0,1,0,1,1,0.25,0.25,1.5,100,-10,100,1,5,250,40,5,250,50,1,6,11,0,0.06,4,0.05,50,8,4,2,2,100,144,5,5,300,1.05,1.05,6.0,2.0,10,6,6,-1,
17,P017,1,ft_jnd,FrameTimeStutter,879,3.90961,3.4058,295.90,1230.49,0.000,0.000,295.90,1230.49,-18.9157,10.3342,0.0000,4.8809,0.0000,-23.7966,Left,0,0,0,0,86.667,0,0.000,ft_jnd,FrameTimeStutter,1,0,1,0,1,1,0.25,0.25,1.5,100,-10,100,1,5,250,40,5,250,50,1,6,11,0,0.06,4,0.05,50,8,4,2,2,100,144,5,5,300,1.05,1.05,6.0,2.0,10,6,6,-1,
17,P017,1,ft_jnd,FrameTimeStutter,880,3.91290,3.2952,295.90,1230.49,0.000,0.000,295.90,1230.49,-18.9157,10.3342,0.0000,4.8809,0.0000,-23.7966,Left,0,0,0,0,86.667,0,0.000,ft_jnd,FrameTimeStutter,1,0,1,0,1,1,0.25,0.25,1.5,100,-10,100,1,5,250,40,5,250,50,1,6,11,0,0.06,4,0.05,50,8,4,2,2,100,144,5,5,300,1.05,1.05,6.0,2.0,10,6,6,-1,
17,P017,1,ft_jnd,FrameTimeStutter,881,3.91604,3.1425,295.90,1230.49,0.000,0.000,295.90,1230.49,-18.9157,10.3342,0.0000,4.8809,0.0000,-23.7966,Left,0,0,0,0,86.667,0,0.000,ft_jnd,FrameTimeStutter,1,0,1,0,1,1,0.25,0.25,1.5,100,-10,100,1,5,250,40,5,250,50,1,6,11,0,0.06,4,0.05,50,8,4,2,2,100,144,5,5,300,1.05,1.05,6.0,2.0,10,6,6,-1,
17,P017,1,ft_jnd,FrameTimeStutter,882,3.91954,3.4941,295.90,1230.49,0.000,0.000,295.90,1230.49,-18.9157,10.3342,0.0000,4.8809,0.0000,-23.7966,Left,0,0,0,0,86.667,0,0.000,ft_jnd,FrameTimeStutter,1,0,1,0,1,1,0.25,0.25,1.5,100,-10,100,1,5,250,40,5,250,50,1,6,11,0,0.06,4,0.05,50,8,4,2,2,100,144,5,5,300,1.05,1.05,6.0,2.0,10,6,6,-1,
17,P017,1,ft_jnd,FrameTimeStutter,883,3.92379,4.2545,295.90,1230.49,0.000,0.000,295.90,1230.49,-18.9157,10.3342,0.0000,4.8809,0.0000,-23.7966,Left,0,0,0,0,86.667,0,0.000,ft_jnd,FrameTimeStutter,1,0,1,0,1,1,0.25,0.25,1.5,100,-10,100,1,5,250,40,5,250,50,1,6,11,0,0.06,4,0.05,50,8,4,2,2,100,144,5,5,300,1.05,1.05,6.0,2.0,10,6,6,-1,
17,P017,1,ft_jnd,FrameTimeStutter,884,3.92815,4.3592,295.90,1230.49,0.000,0.000,295.90,1230.49,-18.9157,10.3342,0.0000,4.8809,0.0000,-23.7966,Left,0,0,0,0,86.667,0,0.000,ft_jnd,FrameTimeStutter,1,0,1,0,1,1,0.25,0.25,1.5,100,-10,100,1,5,250,40,5,250,50,1,6,11,0,0.06,4,0.05,50,8,4,2,2,100,144,5,5,300,1.05,1.05,6.0,2.0,10,6,6,-1,
17,P017,1,ft_jnd,FrameTimeStutter,885,3.93253,4.3787,295.90,1230.49,0.000,0.000,295.90,1230.49,-18.9157,10.3342,0.0000,4.8809,0.0000,-23.7966,Left,0,0,0,0,86.667,0,0.000,ft_jnd,FrameTimeStutter,1,0,1,0,1,1,0.25,0.25,1.5,100,-10,100,1,5,250,40,5,250,50,1,6,11,0,0.06,4,0.05,50,8,4,2,2,100,144,5,5,300,1.05,1.05,6.0,2.0,10,6,6,-1,
17,P017,1,ft_jnd,FrameTimeStutter,886,3.93647,3.9354,295.90,1230.49,0.000,0.000,295.90,1230.49,-18.9157,10.3342,0.0000,4.8809,0.0000,-23.7966,Left,0,0,0,0,86.667,0,0.000,ft_jnd,FrameTimeStutter,1,0,1,0,1,1,0.25,0.25,1.5,100,-10,100,1,5,250,40,5,250,50,1,6,11,0,0.06,4,0.05,50,8,4,2,2,100,144,5,5,300,1.05,1.05,6.0,2.0,10,6,6,-1,
17,P017,1,ft_jnd,FrameTimeStutter,887,3.93985,3.3880,295.90,1230.49,0.000,0.000,295.90,1230.49,-18.9157,10.3342,0.0000,4.8809,0.0000,-23.7966,Left,0,0,0,0,86.667,0,0.000,ft_jnd,FrameTimeStutter,1,0,1,0,1,1,0.25,0.25,1.5,100,-10,100,1,5,250,40,5,250,50,1,6,11,0,0.06,4,0.05,50,8,4,2,2,100,144,5,5,300,1.05,1.05,6.0,2.0,10,6,6,-1,
17,P017,1,ft_jnd,FrameTimeStutter,888,3.94325,3.3990,295.90,1230.49,0.000,0.000,295.90,1230.49,-18.9157,10.3342,0.0000,4.8809,0.0000,-23.7966,Left,0,0,0,0,86.667,0,0.000,ft_jnd,FrameTimeStutter,1,0,1,0,1,1,0.25,0.25,1.5,100,-10,100,1,5,250,40,5,250,50,1,6,11,0,0.06,4,0.05,50,8,4,2,2,100,144,5,5,300,1.05,1.05,6.0,2.0,10,6,6,-1,
17,P017,1,ft_jnd,FrameTimeStutter,889,3.94638,3.1300,295.90,1230.49,0.000,0.000,295.90,1230.49,-18.9157,10.3342,0.0000,4.8809,0.0000,-23.7966,Left,0,0,0,0,86.667,0,0.000,ft_jnd,FrameTimeStutter,1,0,1,0,1,1,0.25,0.25,1.5,100,-10,100,1,5,250,40,5,250,50,1,6,11,0,0.06,4,0.05,50,8,4,2,2,100,144,5,5,300,1.05,1.05,6.0,2.0,10,6,6,-1,
17,P017,1,ft_jnd,FrameTimeStutter,890,3.94975,3.3699,295.90,1230.49,0.000,0.000,295.90,1230.49,-18.9157,10.3342,0.0000,4.8809,0.0000,-23.7966,Left,0,0,0,0,86.667,0,0.000,ft_jnd,FrameTimeStutter,1,0,1,0,1,1,0.25,0.25,1.5,100,-10,100,1,5,250,40,5,250,50,1,6,11,0,0.06,4,0.05,50,8,4,2,2,100,144,5,5,300,1.05,1.05,6.0,2.0,10,6,6,-1,
17,P017,1,ft_jnd,FrameTimeStutter,891,3.95399,4.2392,295.90,1230.49,0.000,0.000,295.90,1230.49,-18.9157,10.3342,0.0000,4.8809,0.0000,-23.7966,Left,0,0,0,0,86.667,0,0.000,ft_jnd,FrameTimeStutter,1,0,1,0,1,1,0.25,0.25,1.5,100,-10,100,1,5,250,40,5,250,50,1,6,11,0,0.06,4,0.05,50,8,4,2,2,100,144,5,5,300,1.05,1.05,6.0,2.0,10,6,6,-1,
17,P017,1,ft_jnd,FrameTimeStutter,892,3.95836,4.3653,295.90,1230.49,0.000,0.000,295.90,1230.49,-18.9157,10.3342,0.0000,4.8809,0.0000,-23.7966,Left,0,0,0,0,86.667,0,0.000,ft_jnd,FrameTimeStutter,1,0,1,0,1,1,0.25,0.25,1.5,100,-10,100,1,5,250,40,5,250,50,1,6,11,0,0.06,4,0.05,50,8,4,2,2,100,144,5,5,300,1.05,1.05,6.0,2.0,10,6,6,-1,
17,P017,1,ft_jnd,FrameTimeStutter,893,3.96272,4.3605,295.90,1230.49,0.000,0.000,295.90,1230.49,-18.9157,10.3342,0.0000,4.8809,0.0000,-23.7966,Left,0,0,0,0,86.667,0,0.000,ft_jnd,FrameTimeStutter,1,0,1,0,1,1,0.25,0.25,1.5,100,-10,100,1,5,250,40,5,250,50,1,6,11,0,0.06,4,0.05,50,8,4,2,2,100,144,5,5,300,1.05,1.05,6.0,2.0,10,6,6,-1,
17,P017,1,ft_jnd,FrameTimeStutter,894,3.96671,3.9902,295.90,1230.49,0.000,0.000,295.90,1230.49,-18.9157,10.3342,0.0000,4.8809,0.0000,-23.7966,Left,0,0,0,0,86.667,0,0.000,ft_jnd,FrameTimeStutter,1,0,1,0,1,1,0.25,0.25,1.5,100,-10,100,1,5,250,40,5,250,50,1,6,11,0,0.06,4,0.05,50,8,4,2,2,100,144,5,5,300,1.05,1.05,6.0,2.0,10,6,6,-1,
17,P017,1,ft_jnd,FrameTimeStutter,895,3.97008,3.3708,295.90,1230.49,0.000,0.000,295.90,1230.49,-18.9157,10.3342,0.0000,4.8809,0.0000,-23.7966,Left,0,0,0,0,86.667,0,0.000,ft_jnd,FrameTimeStutter,1,0,1,0,1,1,0.25,0.25,1.5,100,-10,100,1,5,250,40,5,250,50,1,6,11,0,0.06,4,0.05,50,8,4,2,2,100,144,5,5,300,1.05,1.05,6.0,2.0,10,6,6,-1,
17,P017,1,ft_jnd,FrameTimeStutter,896,3.97380,3.7205,295.90,1230.49,0.000,0.000,295.90,1230.49,-18.9157,10.3342,0.0000,4.8809,0.0000,-23.7966,Left,0,0,0,0,86.667,0,0.000,ft_jnd,FrameTimeStutter,1,0,1,0,1,1,0.25,0.25,1.5,100,-10,100,1,5,250,40,5,250,50,1,6,11,0,0.06,4,0.05,50,8,4,2,2,100,144,5,5,300,1.05,1.05,6.0,2.0,10,6,6,-1,
17,P017,1,ft_jnd,FrameTimeStutter,897,3.97718,3.3773,295.90,1230.49,0.000,0.000,295.90,1230.49,-18.9157,10.3342,0.0000,4.8809,0.0000,-23.7966,Left,0,0,0,0,86.667,0,0.000,ft_jnd,FrameTimeStutter,1,0,1,0,1,1,0.25,0.25,1.5,100,-10,100,1,5,250,40,5,250,50,1,6,11,0,0.06,4,0.05,50,8,4,2,2,100,144,5,5,300,1.05,1.05,6.0,2.0,10,6,6,-1,
17,P017,1,ft_jnd,FrameTimeStutter,898,3.98056,3.3855,295.90,1230.49,0.000,0.000,295.90,1230.49,-18.9157,10.3342,0.0000,4.8809,0.0000,-23.7966,Left,0,0,0,0,86.667,0,0.000,ft_jnd,FrameTimeStutter,1,0,1,0,1,1,0.25,0.25,1.5,100,-10,100,1,5,250,40,5,250,50,1,6,11,0,0.06,4,0.05,50,8,4,2,2,100,144,5,5,300,1.05,1.05,6.0,2.0,10,6,6,-1,
17,P017,1,ft_jnd,FrameTimeStutter,899,3.98467,4.1099,295.90,1230.49,0.000,0.000,295.90,1230.49,-18.9157,10.3342,0.0000,4.8809,0.0000,-23.7966,Left,0,0,0,0,86.667,0,0.000,ft_jnd,FrameTimeStutter,1,0,1,0,1,1,0.25,0.25,1.5,100,-10,100,1,5,250,40,5,250,50,1,6,11,0,0.06,4,0.05,50,8,4,2,2,100,144,5,5,300,1.05,1.05,6.0,2.0,10,6,6,-1,
17,P017,1,ft_jnd,FrameTimeStutter,900,3.98903,4.3612,295.90,1230.49,0.000,0.000,295.90,1230.49,-18.9157,10.3342,0.0000,4.8809,0.0000,-23.7966,Left,0,0,0,0,86.667,0,0.000,ft_jnd,FrameTimeStutter,1,0,1,0,1,1,0.25,0.25,1.5,100,-10,100,1,5,250,40,5,250,50,1,6,11,0,0.06,4,0.05,50,8,4,2,2,100,144,5,5,300,1.05,1.05,6.0,2.0,10,6,6,-1,
17,P017,1,ft_jnd,FrameTimeStutter,901,3.99337,4.3384,295.90,1230.49,0.000,0.000,295.90,1230.49,-18.9157,10.3342,0.0000,4.8809,0.0000,-23.7966,Left,0,0,0,0,86.667,0,0.000,ft_jnd,FrameTimeStutter,1,0,1,0,1,1,0.25,0.25,1.5,100,-10,100,1,5,250,40,5,250,50,1,6,11,0,0.06,4,0.05,50,8,4,2,2,100,144,5,5,300,1.05,1.05,6.0,2.0,10,6,6,-1,
17,P017,1,ft_jnd,FrameTimeStutter,902,3.99633,2.9611,295.90,1230.49,0.000,0.000,295.90,1230.49,-18.9157,10.3342,0.0000,4.8809,0.0000,-23.7966,Left,0,0,0,0,86.667,0,0.000,ft_jnd,FrameTimeStutter,1,0,1,0,1,1,0.25,0.25,1.5,100,-10,100,1,5,250,40,5,250,50,1,6,11,0,0.06,4,0.05,50,8,4,2,2,100,144,5,5,300,1.05,1.05,6.0,2.0,10,6,6,-1,
17,P017,1,ft_jnd,FrameTimeStutter,903,4.00012,3.7842,295.90,1230.49,0.000,0.000,295.90,1230.49,-18.9157,10.3342,0.0000,4.8809,0.0000,-23.7966,Left,0,0,0,0,86.667,0,0.000,ft_jnd,FrameTimeStutter,1,0,1,0,1,1,0.25,0.25,1.5,100,-10,100,1,5,250,40,5,250,50,1,6,11,0,0.06,4,0.05,50,8,4,2,2,100,144,5,5,300,1.05,1.05,6.0,2.0,10,6,6,-1,
17,P017,1,ft_jnd,FrameTimeStutter,904,4.00308,2.9663,295.90,1230.49,0.000,0.000,295.90,1230.49,-18.9157,10.3342,0.0000,4.8809,0.0000,-23.7966,Left,0,0,0,0,86.667,0,0.000,ft_jnd,FrameTimeStutter,1,0,1,0,1,1,0.25,0.25,1.5,100,-10,100,1,5,250,40,5,250,50,1,6,11,0,0.06,4,0.05,50,8,4,2,2,100,144,5,5,300,1.05,1.05,6.0,2.0,10,6,6,-1,
17,P017,1,ft_jnd,FrameTimeStutter,905,4.00683,3.7505,295.90,1230.49,0.000,0.000,295.90,1230.49,-18.9157,10.3342,0.0000,4.8809,0.0000,-23.7966,Left,0,0,0,0,86.667,0,0.000,ft_jnd,FrameTimeStutter,1,0,1,0,1,1,0.25,0.25,1.5,100,-10,100,1,5,250,40,5,250,50,1,6,11,0,0.06,4,0.05,50,8,4,2,2,100,144,5,5,300,1.05,1.05,6.0,2.0,10,6,6,-1,
17,P017,1,ft_jnd,FrameTimeStutter,906,4.01122,4.3835,295.90,1230.49,0.000,0.000,295.90,1230.49,-18.9157,10.3342,0.0000,4.8809,0.0000,-23.7966,Left,0,0,0,0,86.667,0,0.000,ft_jnd,FrameTimeStutter,1,0,1,0,1,1,0.25,0.25,1.5,100,-10,100,1,5,250,40,5,250,50,1,6,11,0,0.06,4,0.05,50,8,4,2,2,100,144,5,5,300,1.05,1.05,6.0,2.0,10,6,6,-1,
17,P017,1,ft_jnd,FrameTimeStutter,907,4.01517,3.9534,295.90,1230.49,0.000,0.000,295.90,1230.49,-18.9157,10.3342,0.0000,4.8809,0.0000,-23.7966,Left,0,0,0,0,86.667,0,0.000,ft_jnd,FrameTimeStutter,1,0,1,0,1,1,0.25,0.25,1.5,100,-10,100,1,5,250,40,5,250,50,1,6,11,0,0.06,4,0.05,50,8,4,2,2,100,144,5,5,300,1.05,1.05,6.0,2.0,10,6,6,-1,
17,P017,1,ft_jnd,FrameTimeStutter,908,4.01956,4.3874,295.90,1230.49,0.000,0.000,295.90,1230.49,-18.9157,10.3342,0.0000,4.8809,0.0000,-23.7966,Left,0,0,0,0,86.667,0,0.000,ft_jnd,FrameTimeStutter,1,0,1,0,1,1,0.25,0.25,1.5,100,-10,100,1,5,250,40,5,250,50,1,6,11,0,0.06,4,0.05,50,8,4,2,2,100,144,5,5,300,1.05,1.05,6.0,2.0,10,6,6,-1,
17,P017,1,ft_jnd,FrameTimeStutter,909,4.02393,4.3738,295.90,1230.49,0.000,0.000,295.90,1230.49,-18.9157,10.3342,0.0000,4.8809,0.0000,-23.7966,Left,0,0,0,0,86.667,0,0.000,ft_jnd,FrameTimeStutter,1,0,1,0,1,1,0.25,0.25,1.5,100,-10,100,1,5,250,40,5,250,50,1,6,11,0,0.06,4,0.05,50,8,4,2,2,100,144,5,5,300,1.05,1.05,6.0,2.0,10,6,6,-1,
17,P017,1,ft_jnd,FrameTimeStutter,910,4.02833,4.3977,295.90,1230.49,0.000,0.000,295.90,1230.49,-18.9157,10.3342,0.0000,4.8809,0.0000,-23.7966,Left,0,0,0,0,86.667,0,0.000,ft_jnd,FrameTimeStutter,1,0,1,0,1,1,0.25,0.25,1.5,100,-10,100,1,5,250,40,5,250,50,1,6,11,0,0.06,4,0.05,50,8,4,2,2,100,144,5,5,300,1.05,1.05,6.0,2.0,10,6,6,-1,
17,P017,1,ft_jnd,FrameTimeStutter,911,4.03144,3.1152,295.90,1230.49,0.000,0.000,295.90,1230.49,-18.9157,10.3342,0.0000,4.8809,0.0000,-23.7966,Left,0,0,0,0,86.667,0,0.000,ft_jnd,FrameTimeStutter,1,0,1,0,1,1,0.25,0.25,1.5,100,-10,100,1,5,250,40,5,250,50,1,6,11,0,0.06,4,0.05,50,8,4,2,2,100,144,5,5,300,1.05,1.05,6.0,2.0,10,6,6,-1,
17,P017,1,ft_jnd,FrameTimeStutter,912,4.03660,5.1530,295.90,1230.49,0.000,0.000,295.90,1230.49,-18.9157,10.3342,0.0000,4.8809,0.0000,-23.7966,Left,0,0,0,0,86.667,0,0.000,ft_jnd,FrameTimeStutter,1,0,1,0,1,1,0.25,0.25,1.5,100,-10,100,1,5,250,40,5,250,50,1,6,11,0,0.06,4,0.05,50,8,4,2,2,100,144,5,5,300,1.05,1.05,6.0,2.0,10,6,6,-1,
17,P017,1,ft_jnd,FrameTimeStutter,913,4.04107,4.4705,295.90,1230.49,0.000,0.000,295.90,1230.49,-18.9157,10.3342,0.0000,4.8809,0.0000,-23.7966,Left,0,0,0,0,86.667,0,0.000,ft_jnd,FrameTimeStutter,1,0,1,0,1,1,0.25,0.25,1.5,100,-10,100,1,5,250,40,5,250,50,1,6,11,0,0.06,4,0.05,50,8,4,2,2,100,144,5,5,300,1.05,1.05,6.0,2.0,10,6,6,-1,
17,P017,1,ft_jnd,FrameTimeStutter,914,4.04548,4.4164,295.90,1230.49,0.000,0.000,295.90,1230.49,-18.9157,10.3342,0.0000,4.8809,0.0000,-23.7966,Left,0,0,0,0,86.667,0,0.000,ft_jnd,FrameTimeStutter,1,0,1,0,1,1,0.25,0.25,1.5,100,-10,100,1,5,250,40,5,250,50,1,6,11,0,0.06,4,0.05,50,8,4,2,2,100,144,5,5,300,1.05,1.05,6.0,2.0,10,6,6,-1,
17,P017,1,ft_jnd,FrameTimeStutter,915,4.04937,3.8883,295.90,1230.49,0.000,0.000,295.90,1230.49,-18.9157,10.3342,0.0000,4.8809,0.0000,-23.7966,Left,0,0,0,0,86.667,0,0.000,ft_jnd,FrameTimeStutter,1,0,1,0,1,1,0.25,0.25,1.5,100,-10,100,1,5,250,40,5,250,50,1,6,11,0,0.06,4,0.05,50,8,4,2,2,100,144,5,5,300,1.05,1.05,6.0,2.0,10,6,6,-1,
17,P017,1,ft_jnd,FrameTimeStutter,916,4.05371,4.3377,295.90,1230.49,0.000,0.000,295.90,1230.49,-18.9157,10.3342,0.0000,4.8809,0.0000,-23.7966,Left,0,0,0,0,86.667,0,0.000,ft_jnd,FrameTimeStutter,1,0,1,0,1,1,0.25,0.25,1.5,100,-10,100,1,5,250,40,5,250,50,1,6,11,0,0.06,4,0.05,50,8,4,2,2,100,144,5,5,300,1.05,1.05,6.0,2.0,10,6,6,-1,
17,P017,1,ft_jnd,FrameTimeStutter,917,4.05820,4.4919,297.38,1230.49,1.000,0.000,297.38,1230.49,-18.8888,10.3342,0.0000,4.8809,0.0000,-23.7966,Left,0,0,0,0,86.667,0,0.000,ft_jnd,FrameTimeStutter,1,0,1,0,1,1,0.25,0.25,1.5,100,-10,100,1,5,250,40,5,250,50,1,6,11,0,0.06,4,0.05,50,8,4,2,2,100,144,5,5,300,1.05,1.05,6.0,2.0,10,6,6,-1,
17,P017,1,ft_jnd,FrameTimeStutter,918,4.06188,3.6801,297.38,1230.49,0.000,0.000,297.38,1230.49,-18.8888,10.3342,0.0000,4.8809,0.0000,-23.7696,Left,0,0,0,0,86.667,0,0.000,ft_jnd,FrameTimeStutter,1,0,1,0,1,1,0.25,0.25,1.5,100,-10,100,1,5,250,40,5,250,50,1,6,11,0,0.06,4,0.05,50,8,4,2,2,100,144,5,5,300,1.05,1.05,6.0,2.0,10,6,6,-1,
17,P017,1,ft_jnd,FrameTimeStutter,919,4.06522,3.3331,298.85,1230.49,1.000,0.000,298.85,1230.49,-18.8618,10.3342,0.0000,4.8809,0.0000,-23.7696,Left,0,0,0,0,86.667,0,0.000,ft_jnd,FrameTimeStutter,1,0,1,0,1,1,0.25,0.25,1.5,100,-10,100,1,5,250,40,5,250,50,1,6,11,0,0.06,4,0.05,50,8,4,2,2,100,144,5,5,300,1.05,1.05,6.0,2.0,10,6,6,-1,
17,P017,1,ft_jnd,FrameTimeStutter,920,4.06942,4.2009,298.85,1230.49,0.000,0.000,298.85,1230.49,-18.8618,10.3342,0.0000,4.8809,0.0000,-23.7426,Left,0,0,0,0,86.667,0,0.000,ft_jnd,FrameTimeStutter,1,0,1,0,1,1,0.25,0.25,1.5,100,-10,100,1,5,250,40,5,250,50,1,6,11,0,0.06,4,0.05,50,8,4,2,2,100,144,5,5,300,1.05,1.05,6.0,2.0,10,6,6,-1,
17,P017,1,ft_jnd,FrameTimeStutter,921,4.07391,4.4948,301.80,1230.49,2.000,0.000,301.80,1230.49,-18.8078,10.3342,0.0000,4.8809,0.0000,-23.7426,Left,0,0,0,0,86.667,0,0.000,ft_jnd,FrameTimeStutter,1,0,1,0,1,1,0.25,0.25,1.5,100,-10,100,1,5,250,40,5,250,50,1,6,11,0,0.06,4,0.05,50,8,4,2,2,100,144,5,5,300,1.05,1.05,6.0,2.0,10,6,6,-1,
17,P017,1,ft_jnd,FrameTimeStutter,922,4.07849,4.5803,301.80,1230.49,0.000,0.000,301.80,1230.49,-18.8078,10.3342,0.0000,4.8809,0.0000,-23.6887,Left,0,0,0,0,86.667,0,0.000,ft_jnd,FrameTimeStutter,1,0,1,0,1,1,0.25,0.25,1.5,100,-10,100,1,5,250,40,5,250,50,1,6,11,0,0.06,4,0.05,50,8,4,2,2,100,144,5,5,300,1.05,1.05,6.0,2.0,10,6,6,-1,
17,P017,1,ft_jnd,FrameTimeStutter,923,4.08258,4.0859,309.18,1230.49,5.000,0.000,309.18,1230.49,-18.6729,10.3342,0.0000,4.8809,0.0000,-23.6887,Left,0,0,0,0,86.667,0,0.000,ft_jnd,FrameTimeStutter,1,0,1,0,1,1,0.25,0.25,1.5,100,-10,100,1,5,250,40,5,250,50,1,6,11,0,0.06,4,0.05,50,8,4,2,2,100,144,5,5,300,1.05,1.05,6.0,2.0,10,6,6,-1,
17,P017,1,ft_jnd,FrameTimeStutter,924,4.08601,3.4360,309.18,1230.49,0.000,0.000,309.18,1230.49,-18.6729,10.3342,0.0000,4.8809,0.0000,-23.5538,Left,0,0,0,0,86.667,0,0.000,ft_jnd,FrameTimeStutter,1,0,1,0,1,1,0.25,0.25,1.5,100,-10,100,1,5,250,40,5,250,50,1,6,11,0,0.06,4,0.05,50,8,4,2,2,100,144,5,5,300,1.05,1.05,6.0,2.0,10,6,6,-1,
17,P017,1,ft_jnd,FrameTimeStutter,925,4.09058,4.5665,322.46,1231.97,9.000,1.000,322.46,1231.97,-18.4301,10.3612,0.0000,4.8809,0.0000,-23.5538,Left,0,0,0,0,86.667,0,0.000,ft_jnd,FrameTimeStutter,1,0,1,0,1,1,0.25,0.25,1.5,100,-10,100,1,5,250,40,5,250,50,1,6,11,0,0.06,4,0.05,50,8,4,2,2,100,144,5,5,300,1.05,1.05,6.0,2.0,10,6,6,-1,
17,P017,1,ft_jnd,FrameTimeStutter,926,4.09356,2.9804,322.46,1231.97,0.000,0.000,322.46,1231.97,-18.4301,10.3612,0.0000,4.8809,0.0000,-23.3110,Left,0,0,0,0,86.667,0,0.000,ft_jnd,FrameTimeStutter,1,0,1,0,1,1,0.25,0.25,1.5,100,-10,100,1,5,250,40,5,250,50,1,6,11,0,0.06,4,0.05,50,8,4,2,2,100,144,5,5,300,1.05,1.05,6.0,2.0,10,6,6,-1,
17,P017,1,ft_jnd,FrameTimeStutter,927,4.09856,5.0009,343.11,1231.97,14.000,0.000,343.11,1231.97,-18.0524,10.3612,0.0000,4.8809,0.0000,-23.3110,Left,0,0,0,0,86.667,0,0.000,ft_jnd,FrameTimeStutter,1,0,1,0,1,1,0.25,0.25,1.5,100,-10,100,1,5,250,40,5,250,50,1,6,11,0,0.06,4,0.05,50,8,4,2,2,100,144,5,5,300,1.05,1.05,6.0,2.0,10,6,6,-1,
17,P017,1,ft_jnd,FrameTimeStutter,928,4.10296,4.3994,343.11,1231.97,0.000,0.000,343.11,1231.97,-18.0524,10.3612,0.0000,4.8809,0.0000,-22.9333,Left,0,0,0,0,86.667,0,0.000,ft_jnd,FrameTimeStutter,1,0,1,0,1,1,0.25,0.25,1.5,100,-10,100,1,5,250,40,5,250,50,1,6,11,0,0.06,4,0.05,50,8,4,2,2,100,144,5,5,300,1.05,1.05,6.0,2.0,10,6,6,-1,
17,P017,1,ft_jnd,FrameTimeStutter,929,4.10733,4.3730,366.72,1231.97,16.000,0.000,366.72,1231.97,-17.6208,10.3612,0.0000,4.8809,0.0000,-22.9333,Left,0,0,0,0,86.667,0,0.000,ft_jnd,FrameTimeStutter,1,0,1,0,1,1,0.25,0.25,1.5,100,-10,100,1,5,250,40,5,250,50,1,6,11,0,0.06,4,0.05,50,8,4,2,2,100,144,5,5,300,1.05,1.05,6.0,2.0,10,6,6,-1,
17,P017,1,ft_jnd,FrameTimeStutter,930,4.11128,3.9487,366.72,1231.97,0.000,0.000,366.72,1231.97,-17.6208,10.3612,0.0000,4.8809,0.0000,-22.5016,Left,0,0,0,0,86.667,0,0.000,ft_jnd,FrameTimeStutter,1,0,1,0,1,1,0.25,0.25,1.5,100,-10,100,1,5,250,40,5,250,50,1,6,11,0,0.06,4,0.05,50,8,4,2,2,100,144,5,5,300,1.05,1.05,6.0,2.0,10,6,6,-1,
17,P017,1,ft_jnd,FrameTimeStutter,931,4.11570,4.4191,393.28,1233.44,18.000,1.000,393.28,1233.44,-17.1352,10.3882,0.0000,4.8809,0.0000,-22.5016,Left,0,0,0,0,86.667,0,0.000,ft_jnd,FrameTimeStutter,1,0,1,0,1,1,0.25,0.25,1.5,100,-10,100,1,5,250,40,5,250,50,1,6,11,0,0.06,4,0.05,50,8,4,2,2,100,144,5,5,300,1.05,1.05,6.0,2.0,10,6,6,-1,
17,P017,1,ft_jnd,FrameTimeStutter,932,4.12007,4.3730,393.28,1233.44,0.000,0.000,393.28,1233.44,-17.1352,10.3882,0.0000,4.8809,0.0000,-22.0160,Left,0,0,0,0,86.667,0,0.000,ft_jnd,FrameTimeStutter,1,0,1,0,1,1,0.25,0.25,1.5,100,-10,100,1,5,250,40,5,250,50,1,6,11,0,0.06,4,0.05,50,8,4,2,2,100,144,5,5,300,1.05,1.05,6.0,2.0,10,6,6,-1,
17,P017,1,ft_jnd,FrameTimeStutter,933,4.12358,3.5057,424.26,1233.44,21.000,0.000,424.26,1233.44,-16.5686,10.3882,0.0000,4.8809,0.0000,-22.0160,Left,0,0,0,0,86.667,0,0.000,ft_jnd,FrameTimeStutter,1,0,1,0,1,1,0.25,0.25,1.5,100,-10,100,1,5,250,40,5,250,50,1,6,11,0,0.06,4,0.05,50,8,4,2,2,100,144,5,5,300,1.05,1.05,6.0,2.0,10,6,6,-1,
17,P017,1,ft_jnd,FrameTimeStutter,934,4.12765,4.0692,424.26,1233.44,0.000,0.000,424.26,1233.44,-16.5686,10.3882,0.0000,4.8809,0.0000,-21.4495,Left,0,0,0,0,86.667,0,0.000,ft_jnd,FrameTimeStutter,1,0,1,0,1,1,0.25,0.25,1.5,100,-10,100,1,5,250,40,5,250,50,1,6,11,0,0.06,4,0.05,50,8,4,2,2,100,144,5,5,300,1.05,1.05,6.0,2.0,10,6,6,-1,
17,P017,1,ft_jnd,FrameTimeStutter,935,4.13214,4.4874,464.10,1233.44,27.000,0.000,464.10,1233.44,-15.8402,10.3882,0.0000,4.8809,0.0000,-21.4495,Left,0,0,0,0,86.667,0,0.000,ft_jnd,FrameTimeStutter,1,0,1,0,1,1,0.25,0.25,1.5,100,-10,100,1,5,250,40,5,250,50,1,6,11,0,0.06,4,0.05,50,8,4,2,2,100,144,5,5,300,1.05,1.05,6.0,2.0,10,6,6,-1,
17,P017,1,ft_jnd,FrameTimeStutter,936,4.13610,3.9679,464.10,1233.44,0.000,0.000,464.10,1233.44,-15.8402,10.3882,0.0000,4.8809,0.0000,-20.7211,Left,0,0,0,0,86.667,0,0.000,ft_jnd,FrameTimeStutter,1,0,1,0,1,1,0.25,0.25,1.5,100,-10,100,1,5,250,40,5,250,50,1,6,11,0,0.06,4,0.05,50,8,4,2,2,100,144,5,5,300,1.05,1.05,6.0,2.0,10,6,6,-1,
17,P017,1,ft_jnd,FrameTimeStutter,937,4.14055,4.4425,502.46,1233.44,26.000,0.000,502.46,1233.44,-15.1388,10.3882,0.0000,4.8809,0.0000,-20.7211,Left,0,0,0,0,86.667,0,0.000,ft_jnd,FrameTimeStutter,1,0,1,0,1,1,0.25,0.25,1.5,100,-10,100,1,5,250,40,5,250,50,1,6,11,0,0.06,4,0.05,50,8,4,2,2,100,144,5,5,300,1.05,1.05,6.0,2.0,10,6,6,-1,
17,P017,1,ft_jnd,FrameTimeStutter,938,4.14496,4.4121,502.46,1233.44,0.000,0.000,502.46,1233.44,-15.1388,10.3882,0.0000,4.8809,0.0000,-20.0196,Left,0,0,0,0,86.667,0,0.000,ft_jnd,FrameTimeStutter,1,0,1,0,1,1,0.25,0.25,1.5,100,-10,100,1,5,250,40,5,250,50,1,6,11,0,0.06,4,0.05,50,8,4,2,2,100,144,5,5,300,1.05,1.05,6.0,2.0,10,6,6,-1,
17,P017,1,ft_jnd,FrameTimeStutter,939,4.14908,4.1193,549.67,1233.44,32.000,0.000,549.67,1233.44,-14.2755,10.3882,0.0000,4.8809,0.0000,-20.0196,Left,0,0,0,0,86.667,0,0.000,ft_jnd,FrameTimeStutter,1,0,1,0,1,1,0.25,0.25,1.5,100,-10,100,1,5,250,40,5,250,50,1,6,11,0,0.06,4,0.05,50,8,4,2,2,100,144,5,5,300,1.05,1.05,6.0,2.0,10,6,6,-1,
17,P017,1,ft_jnd,FrameTimeStutter,940,4.15245,3.3696,549.67,1233.44,0.000,0.000,549.67,1233.44,-14.2755,10.3882,0.0000,4.8809,0.0000,-19.1563,Left,0,0,0,0,86.667,0,0.000,ft_jnd,FrameTimeStutter,1,0,1,0,1,1,0.25,0.25,1.5,100,-10,100,1,5,250,40,5,250,50,1,6,11,0,0.06,4,0.05,50,8,4,2,2,100,144,5,5,300,1.05,1.05,6.0,2.0,10,6,6,-1,
17,P017,1,ft_jnd,FrameTimeStutter,941,4.15587,3.4201,602.79,1233.44,36.000,0.000,602.79,1233.44,-13.3043,10.3882,0.0000,4.8809,0.0000,-19.1563,Left,0,0,0,0,86.667,0,0.000,ft_jnd,FrameTimeStutter,1,0,1,0,1,1,0.25,0.25,1.5,100,-10,100,1,5,250,40,5,250,50,1,6,11,0,0.06,4,0.05,50,8,4,2,2,100,144,5,5,300,1.05,1.05,6.0,2.0,10,6,6,-1,
17,P017,1,ft_jnd,FrameTimeStutter,942,4.15931,3.4410,602.79,1233.44,0.000,0.000,602.79,1233.44,-13.3043,10.3882,0.0000,4.8809,0.0000,-18.1851,Left,0,0,0,0,86.667,0,0.000,ft_jnd,FrameTimeStutter,1,0,1,0,1,1,0.25,0.25,1.5,100,-10,100,1,5,250,40,5,250,50,1,6,11,0,0.06,4,0.05,50,8,4,2,2,100,144,5,5,300,1.05,1.05,6.0,2.0,10,6,6,-1,
17,P017,1,ft_jnd,FrameTimeStutter,943,4.16270,3.3923,658.85,1231.97,38.000,-1.000,658.85,1231.97,-12.2791,10.3612,0.0000,4.8809,0.0000,-18.1851,Left,0,0,0,0,86.667,0,0.000,ft_jnd,FrameTimeStutter,1,0,1,0,1,1,0.25,0.25,1.5,100,-10,100,1,5,250,40,5,250,50,1,6,11,0,0.06,4,0.05,50,8,4,2,2,100,144,5,5,300,1.05,1.05,6.0,2.0,10,6,6,-1,
17,P017,1,ft_jnd,FrameTimeStutter,944,4.16570,2.9981,658.85,1231.97,0.000,0.000,658.85,1231.97,-12.2791,10.3612,0.0000,4.8809,0.0000,-17.1599,Left,0,0,0,0,86.667,0,0.000,ft_jnd,FrameTimeStutter,1,0,1,0,1,1,0.25,0.25,1.5,100,-10,100,1,5,250,40,5,250,50,1,6,11,0,0.06,4,0.05,50,8,4,2,2,100,144,5,5,300,1.05,1.05,6.0,2.0,10,6,6,-1,
17,P017,1,ft_jnd,FrameTimeStutter,945,4.17062,4.9159,714.92,1230.49,38.000,-1.000,714.92,1230.49,-11.2539,10.3342,0.0000,4.8809,0.0000,-17.1599,Left,0,0,0,0,86.667,0,0.000,ft_jnd,FrameTimeStutter,1,0,1,0,1,1,0.25,0.25,1.5,100,-10,100,1,5,250,40,5,250,50,1,6,11,0,0.06,4,0.05,50,8,4,2,2,100,144,5,5,300,1.05,1.05,6.0,2.0,10,6,6,-1,
17,P017,1,ft_jnd,FrameTimeStutter,946,4.17503,4.4189,714.92,1230.49,0.000,0.000,714.92,1230.49,-11.2539,10.3342,0.0000,4.8809,0.0000,-16.1348,Left,0,0,0,0,86.667,0,0.000,ft_jnd,FrameTimeStutter,1,0,1,0,1,1,0.25,0.25,1.5,100,-10,100,1,5,250,40,5,250,50,1,6,11,0,0.06,4,0.05,50,8,4,2,2,100,144,5,5,300,1.05,1.05,6.0,2.0,10,6,6,-1,
17,P017,1,ft_jnd,FrameTimeStutter,947,4.17806,3.0260,770.98,1229.02,38.000,-1.000,770.98,1229.02,-10.2287,10.3072,0.0000,4.8809,0.0000,-16.1348,Left,0,0,0,0,86.667,0,0.000,ft_jnd,FrameTimeStutter,1,0,1,0,1,1,0.25,0.25,1.5,100,-10,100,1,5,250,40,5,250,50,1,6,11,0,0.06,4,0.05,50,8,4,2,2,100,144,5,5,300,1.05,1.05,6.0,2.0,10,6,6,-1,
17,P017,1,ft_jnd,FrameTimeStutter,948,4.18287,4.8081,770.98,1229.02,0.000,0.000,770.98,1229.02,-10.2287,10.3072,0.0000,4.8809,0.0000,-15.1096,Left,0,0,0,0,86.667,0,0.000,ft_jnd,FrameTimeStutter,1,0,1,0,1,1,0.25,0.25,1.5,100,-10,100,1,5,250,40,5,250,50,1,6,11,0,0.06,4,0.05,50,8,4,2,2,100,144,5,5,300,1.05,1.05,6.0,2.0,10,6,6,-1,
17,P017,1,ft_jnd,FrameTimeStutter,949,4.18644,3.5723,844.75,1226.07,50.000,-2.000,844.75,1226.07,-8.8798,10.2533,0.0000,4.8809,0.0000,-15.1096,Left,0,0,0,0,86.667,0,0.000,ft_jnd,FrameTimeStutter,1,0,1,0,1,1,0.25,0.25,1.5,100,-10,100,1,5,250,40,5,250,50,1,6,11,0,0.06,4,0.05,50,8,4,2,2,100,144,5,5,300,1.05,1.05,6.0,2.0,10,6,6,-1,
17,P017,1,ft_jnd,FrameTimeStutter,950,4.18972,3.2812,844.75,1226.07,0.000,0.000,844.75,1226.07,-8.8798,10.2533,0.0000,4.8809,0.0000,-13.7607,Left,0,0,0,0,86.667,0,0.000,ft_jnd,FrameTimeStutter,1,0,1,0,1,1,0.25,0.25,1.5,100,-10,100,1,5,250,40,5,250,50,1,6,11,0,0.06,4,0.05,50,8,4,2,2,100,144,5,5,300,1.05,1.05,6.0,2.0,10,6,6,-1,
17,P017,1,ft_jnd,FrameTimeStutter,951,4.19426,4.5358,912.62,1224.59,46.000,-1.000,912.62,1224.59,-7.6388,10.2263,0.0000,4.8809,0.0000,-13.7607,Left,0,0,0,0,86.667,0,0.000,ft_jnd,FrameTimeStutter,1,0,1,0,1,1,0.25,0.25,1.5,100,-10,100,1,5,250,40,5,250,50,1,6,11,0,0.06,4,0.05,50,8,4,2,2,100,144,5,5,300,1.05,1.05,6.0,2.0,10,6,6,-1,
17,P017,1,ft_jnd,FrameTimeStutter,952,4.19751,3.2495,912.62,1224.59,0.000,0.000,912.62,1224.59,-7.6388,10.2263,0.0000,4.8809,0.0000,-12.5197,Left,0,0,0,0,86.667,0,0.000,ft_jnd,FrameTimeStutter,1,0,1,0,1,1,0.25,0.25,1.5,100,-10,100,1,5,250,40,5,250,50,1,6,11,0,0.06,4,0.05,50,8,4,2,2,100,144,5,5,300,1.05,1.05,6.0,2.0,10,6,6,-1,
17,P017,1,ft_jnd,FrameTimeStutter,953,4.20186,4.3567,995.25,1221.64,56.000,-2.000,995.25,1221.64,-6.1280,10.1724,0.0000,4.8809,0.0000,-12.5197,Left,0,0,0,0,86.667,0,0.000,ft_jnd,FrameTimeStutter,1,0,1,0,1,1,0.25,0.25,1.5,100,-10,100,1,5,250,40,5,250,50,1,6,11,0,0.06,4,0.05,50,8,4,2,2,100,144,5,5,300,1.05,1.05,6.0,2.0,10,6,6,-1,
17,P017,1,ft_jnd,FrameTimeStutter,954,4.20622,4.3516,995.25,1221.64,0.000,0.000,995.25,1221.64,-6.1280,10.1724,0.0000,4.8809,0.0000,-11.0089,Left,0,0,0,0,86.667,0,0.000,ft_jnd,FrameTimeStutter,1,0,1,0,1,1,0.25,0.25,1.5,100,-10,100,1,5,250,40,5,250,50,1,6,11,0,0.06,4,0.05,50,8,4,2,2,100,144,5,5,300,1.05,1.05,6.0,2.0,10,6,6,-1,
17,P017,1,ft_jnd,FrameTimeStutter,955,4.20952,3.3048,1074.92,1218.69,54.000,-2.000,1074.92,1218.69,-4.6712,10.1184,0.0000,4.8809,0.0000,-11.0089,Left,0,0,0,0,86.667,0,0.000,ft_jnd,FrameTimeStutter,1,0,1,0,1,1,0.25,0.25,1.5,100,-10,100,1,5,250,40,5,250,50,1,6,11,0,0.06,4,0.05,50,8,4,2,2,100,144,5,5,300,1.05,1.05,6.0,2.0,10,6,6,-1,
17,P017,1,ft_jnd,FrameTimeStutter,956,4.21380,4.2818,1074.92,1218.69,0.000,0.000,1074.92,1218.69,-4.6712,10.1184,0.0000,4.8809,0.0000,-9.5521,Left,0,0,0,0,86.667,0,0.000,ft_jnd,FrameTimeStutter,1,0,1,0,1,1,0.25,0.25,1.5,100,-10,100,1,5,250,40,5,250,50,1,6,11,0,0.06,4,0.05,50,8,4,2,2,100,144,5,5,300,1.05,1.05,6.0,2.0,10,6,6,-1,
17,P017,1,ft_jnd,FrameTimeStutter,957,4.21735,3.5471,1157.54,1214.26,56.000,-3.000,1157.54,1214.26,-3.1604,10.0375,0.0000,4.8809,0.0000,-9.5521,Left,0,0,0,0,86.667,0,0.000,ft_jnd,FrameTimeStutter,1,0,1,0,1,1,0.25,0.25,1.5,100,-10,100,1,5,250,40,5,250,50,1,6,11,0,0.06,4,0.05,50,8,4,2,2,100,144,5,5,300,1.05,1.05,6.0,2.0,10,6,6,-1,
17,P017,1,ft_jnd,FrameTimeStutter,958,4.22042,3.0705,1157.54,1214.26,0.000,0.000,1157.54,1214.26,-3.1604,10.0375,0.0000,4.8809,0.0000,-8.0413,Left,0,0,0,0,86.667,0,0.000,ft_jnd,FrameTimeStutter,1,0,1,0,1,1,0.25,0.25,1.5,100,-10,100,1,5,250,40,5,250,50,1,6,11,0,0.06,4,0.05,50,8,4,2,2,100,144,5,5,300,1.05,1.05,6.0,2.0,10,6,6,-1,
17,P017,1,ft_jnd,FrameTimeStutter,959,4.22546,5.0426,1157.54,1214.26,0.000,0.000,1157.54,1214.26,-3.1604,10.0375,0.0000,4.8809,0.0000,-8.0413,Left,0,0,0,0,86.667,0,0.000,ft_jnd,FrameTimeStutter,1,0,1,0,1,1,0.25,0.25,1.5,100,-10,100,1,5,250,40,5,250,50,1,6,11,0,0.06,4,0.05,50,8,4,2,2,100,144,5,5,300,1.05,1.05,6.0,2.0,10,6,6,-1,
17,P017,1,ft_jnd,FrameTimeStutter,960,4.22987,4.4115,1240.16,1209.84,56.000,-3.000,1240.16,1209.84,-1.6496,9.9565,0.0000,4.8809,0.0000,-8.0413,Left,0,0,0,0,86.667,0,0.000,ft_jnd,FrameTimeStutter,1,0,1,0,1,1,0.25,0.25,1.5,100,-10,100,1,5,250,40,5,250,50,1,6,11,0,0.06,4,0.05,50,8,4,2,2,100,144,5,5,300,1.05,1.05,6.0,2.0,10,6,6,-1,
17,P017,1,ft_jnd,FrameTimeStutter,961,4.23387,3.9943,1328.69,1206.89,60.000,-2.000,1328.69,1206.89,-0.0310,9.9026,0.0000,4.8809,0.0000,-6.5305,Left,0,0,0,0,86.667,0,0.000,ft_jnd,FrameTimeStutter,1,0,1,0,1,1,0.25,0.25,1.5,100,-10,100,1,5,250,40,5,250,50,1,6,11,0,0.06,4,0.05,50,8,4,2,2,100,144,5,5,300,1.05,1.05,6.0,2.0,10,6,6,-1,
17,P017,1,ft_jnd,FrameTimeStutter,962,4.23827,4.3996,1328.69,1206.89,0.000,0.000,1328.69,1206.89,-0.0310,9.9026,0.0000,4.8809,0.0000,-4.9118,Left,0,0,0,0,86.667,0,0.000,ft_jnd,FrameTimeStutter,1,0,1,0,1,1,0.25,0.25,1.5,100,-10,100,1,5,250,40,5,250,50,1,6,11,0,0.06,4,0.05,50,8,4,2,2,100,144,5,5,300,1.05,1.05,6.0,2.0,10,6,6,-1,
17,P017,1,ft_jnd,FrameTimeStutter,963,4.24167,3.4032,1403.93,1205.41,51.000,-1.000,1403.93,1205.41,1.3449,9.8756,0.0000,4.8809,0.0000,-4.9118,Left,0,0,0,0,86.667,0,0.000,ft_jnd,FrameTimeStutter,1,0,1,0,1,1,0.25,0.25,1.5,100,-10,100,1,5,250,40,5,250,50,1,6,11,0,0.06,4,0.05,50,8,4,2,2,100,144,5,5,300,1.05,1.05,6.0,2.0,10,6,6,-1,
17,P017,1,ft_jnd,FrameTimeStutter,964,4.24582,4.1500,1403.93,1205.41,0.000,0.000,1403.93,1205.41,1.3449,9.8756,0.0000,4.8809,0.0000,-3.5359,Left,0,0,0,0,86.667,0,0.000,ft_jnd,FrameTimeStutter,1,0,1,0,1,1,0.25,0.25,1.5,100,-10,100,1,5,250,40,5,250,50,1,6,11,0,0.06,4,0.05,50,8,4,2,2,100,144,5,5,300,1.05,1.05,6.0,2.0,10,6,6,-1,
17,P017,1,ft_jnd,FrameTimeStutter,965,4.24939,3.5658,1482.13,1203.93,53.000,-1.000,1482.13,1203.93,2.7748,9.8486,0.0000,4.8809,0.0000,-3.5359,Left,0,0,0,0,86.667,0,0.000,ft_jnd,FrameTimeStutter,1,0,1,0,1,1,0.25,0.25,1.5,100,-10,100,1,5,250,40,5,250,50,1,6,11,0,0.06,4,0.05,50,8,4,2,2,100,144,5,5,300,1.05,1.05,6.0,2.0,10,6,6,-1,
17,P017,1,ft_jnd,FrameTimeStutter,966,4.25317,3.7814,1482.13,1203.93,0.000,0.000,1482.13,1203.93,2.7748,9.8486,0.0000,4.8809,0.0000,-2.1061,Left,0,0,0,0,86.667,0,0.000,ft_jnd,FrameTimeStutter,1,0,1,0,1,1,0.25,0.25,1.5,100,-10,100,1,5,250,40,5,250,50,1,6,11,0,0.06,4,0.05,50,8,4,2,2,100,144,5,5,300,1.05,1.05,6.0,2.0,10,6,6,-1,
17,P017,1,ft_jnd,FrameTimeStutter,967,4.25611,2.9372,1482.13,1203.93,0.000,0.000,1482.13,1203.93,2.7748,9.8486,0.0000,4.8809,0.0000,-2.1061,Left,0,0,0,0,86.667,0,0.000,ft_jnd,FrameTimeStutter,1,0,1,0,1,1,0.25,0.25,1.5,100,-10,100,1,5,250,40,5,250,50,1,6,11,0,0.06,4,0.05,50,8,4,2,2,100,144,5,5,300,1.05,1.05,6.0,2.0,10,6,6,-1,
17,P017,1,ft_jnd,FrameTimeStutter,968,4.25991,3.8038,1554.43,1202.46,49.000,-1.000,1554.43,1202.46,4.0967,9.8216,0.0000,4.8809,0.0000,-2.1061,Left,0,0,0,0,86.667,0,0.000,ft_jnd,FrameTimeStutter,1,0,1,0,1,1,0.25,0.25,1.5,100,-10,100,1,5,250,40,5,250,50,1,6,11,0,0.06,4,0.05,50,8,4,2,2,100,144,5,5,300,1.05,1.05,6.0,2.0,10,6,6,-1,
17,P017,1,ft_jnd,FrameTimeStutter,969,4.26393,4.0207,1554.43,1202.46,0.000,0.000,1554.43,1202.46,4.0967,9.8216,0.0000,4.8809,0.0000,-0.7841,Left,0,0,0,0,86.667,0,0.000,ft_jnd,FrameTimeStutter,1,0,1,0,1,1,0.25,0.25,1.5,100,-10,100,1,5,250,40,5,250,50,1,6,11,0,0.06,4,0.05,50,8,4,2,2,100,144,5,5,300,1.05,1.05,6.0,2.0,10,6,6,-1,
17,P017,1,ft_jnd,FrameTimeStutter,970,4.26728,3.3483,1620.82,1202.46,45.000,0.000,1620.82,1202.46,5.3107,9.8216,0.0000,4.8809,0.0000,-0.7841,Left,0,0,0,0,86.667,0,0.000,ft_jnd,FrameTimeStutter,1,0,1,0,1,1,0.25,0.25,1.5,100,-10,100,1,5,250,40,5,250,50,1,6,11,0,0.06,4,0.05,50,8,4,2,2,100,144,5,5,300,1.05,1.05,6.0,2.0,10,6,6,-1,
17,P017,1,ft_jnd,FrameTimeStutter,971,4.27180,4.5234,1620.82,1202.46,0.000,0.000,1620.82,1202.46,5.3107,9.8216,0.0000,4.8809,0.0000,0.4299,Right,0,0,0,0,86.667,1,86.667,ft_jnd,FrameTimeStutter,1,0,1,0,1,1,0.25,0.25,1.5,100,-10,100,1,5,250,40,5,250,50,1,6,11,0,0.06,4,0.05,50,8,4,2,2,100,144,5,5,300,1.05,1.05,6.0,2.0,10,6,6,-1,
17,P017,1,ft_jnd,FrameTimeStutter,972,4.36213,90.3337,1867.21,1202.46,167.000,0.000,1867.21,1202.46,9.8161,9.8216,0.0000,4.8809,0.0000,0.4299,Right,0,0,0,0,86.667,0,0.000,ft_jnd,FrameTimeStutter,1,0,1,0,1,1,0.25,0.25,1.5,100,-10,100,1,5,250,40,5,250,50,1,6,11,0,0.06,4,0.05,50,8,4,2,2,100,144,5,5,300,1.05,1.05,6.0,2.0,10,6,6,-1,
17,P017,1,ft_jnd,FrameTimeStutter,973,4.36591,3.7734,1867.21,1202.46,0.000,0.000,1867.21,1202.46,9.8161,9.8216,0.0000,4.8809,0.0000,4.9352,Right,0,0,0,0,86.667,0,0.000,ft_jnd,FrameTimeStutter,1,0,1,0,1,1,0.25,0.25,1.5,100,-10,100,1,5,250,40,5,250,50,1,6,11,0,0.06,4,0.05,50,8,4,2,2,100,144,5,5,300,1.05,1.05,6.0,2.0,10,6,6,-1,
17,P017,1,ft_jnd,FrameTimeStutter,974,4.36991,3.9999,1867.21,1202.46,0.000,0.000,1867.21,1202.46,9.8161,9.8216,0.0000,4.8809,0.0000,4.9352,Right,0,0,0,0,86.667,0,0.000,ft_jnd,FrameTimeStutter,1,0,1,0,1,1,0.25,0.25,1.5,100,-10,100,1,5,250,40,5,250,50,1,6,11,0,0.06,4,0.05,50,8,4,2,2,100,144,5,5,300,1.05,1.05,6.0,2.0,10,6,6,-1,
17,P017,1,ft_jnd,FrameTimeStutter,975,4.37377,3.8594,1867.21,1202.46,0.000,0.000,1867.21,1202.46,9.8161,9.8216,0.0000,4.8809,0.0000,4.9352,Right,0,0,0,0,86.667,0,0.000,ft_jnd,FrameTimeStutter,1,0,1,0,1,1,0.25,0.25,1.5,100,-10,100,1,5,250,40,5,250,50,1,6,11,0,0.06,4,0.05,50,8,4,2,2,100,144,5,5,300,1.05,1.05,6.0,2.0,10,6,6,-1,
17,P017,1,ft_jnd,FrameTimeStutter,976,4.37765,3.8775,1867.21,1202.46,0.000,0.000,1867.21,1202.46,9.8161,9.8216,0.0000,4.8809,0.0000,4.9352,Right,0,0,0,0,86.667,0,0.000,ft_jnd,FrameTimeStutter,1,0,1,0,1,1,0.25,0.25,1.5,100,-10,100,1,5,250,40,5,250,50,1,6,11,0,0.06,4,0.05,50,8,4,2,2,100,144,5,5,300,1.05,1.05,6.0,2.0,10,6,6,-1,
17,P017,1,ft_jnd,FrameTimeStutter,977,4.38165,4.0039,1867.21,1202.46,0.000,0.000,1867.21,1202.46,9.8161,9.8216,0.0000,4.8809,0.0000,4.9352,Right,0,0,0,0,86.667,0,0.000,ft_jnd,FrameTimeStutter,1,0,1,0,1,1,0.25,0.25,1.5,100,-10,100,1,5,250,40,5,250,50,1,6,11,0,0.06,4,0.05,50,8,4,2,2,100,144,5,5,300,1.05,1.05,6.0,2.0,10,6,6,-1,
17,P017,1,ft_jnd,FrameTimeStutter,978,4.38529,3.6404,1867.21,1202.46,0.000,0.000,1867.21,1202.46,9.8161,9.8216,0.0000,4.8809,0.0000,4.9352,Right,0,0,0,0,86.667,0,0.000,ft_jnd,FrameTimeStutter,1,0,1,0,1,1,0.25,0.25,1.5,100,-10,100,1,5,250,40,5,250,50,1,6,11,0,0.06,4,0.05,50,8,4,2,2,100,144,5,5,300,1.05,1.05,6.0,2.0,10,6,6,-1,
17,P017,1,ft_jnd,FrameTimeStutter,979,4.38944,4.1492,1867.21,1202.46,0.000,0.000,1867.21,1202.46,9.8161,9.8216,0.0000,4.8809,0.0000,4.9352,Right,0,0,0,0,86.667,0,0.000,ft_jnd,FrameTimeStutter,1,0,1,0,1,1,0.25,0.25,1.5,100,-10,100,1,5,250,40,5,250,50,1,6,11,0,0.06,4,0.05,50,8,4,2,2,100,144,5,5,300,1.05,1.05,6.0,2.0,10,6,6,-1,
17,P017,1,ft_jnd,FrameTimeStutter,980,4.39360,4.1607,1867.21,1202.46,0.000,0.000,1867.21,1202.46,9.8161,9.8216,0.0000,4.8809,0.0000,4.9352,Right,0,0,0,0,86.667,0,0.000,ft_jnd,FrameTimeStutter,1,0,1,0,1,1,0.25,0.25,1.5,100,-10,100,1,5,250,40,5,250,50,1,6,11,0,0.06,4,0.05,50,8,4,2,2,100,144,5,5,300,1.05,1.05,6.0,2.0,10,6,6,-1,
17,P017,1,ft_jnd,FrameTimeStutter,981,4.39758,3.9857,1867.21,1202.46,0.000,0.000,1867.21,1202.46,9.8161,9.8216,0.0000,4.8809,0.0000,4.9352,Right,0,0,0,0,86.667,0,0.000,ft_jnd,FrameTimeStutter,1,0,1,0,1,1,0.25,0.25,1.5,100,-10,100,1,5,250,40,5,250,50,1,6,11,0,0.06,4,0.05,50,8,4,2,2,100,144,5,5,300,1.05,1.05,6.0,2.0,10,6,6,-1,
17,P017,1,ft_jnd,FrameTimeStutter,982,4.40083,3.2422,1867.21,1202.46,0.000,0.000,1867.21,1202.46,9.8161,9.8216,0.0000,4.8809,0.0000,4.9352,Right,0,0,0,0,86.667,0,0.000,ft_jnd,FrameTimeStutter,1,0,1,0,1,1,0.25,0.25,1.5,100,-10,100,1,5,250,40,5,250,50,1,6,11,0,0.06,4,0.05,50,8,4,2,2,100,144,5,5,300,1.05,1.05,6.0,2.0,10,6,6,-1,
17,P017,1,ft_jnd,FrameTimeStutter,983,4.40394,3.1179,1867.21,1202.46,0.000,0.000,1867.21,1202.46,9.8161,9.8216,0.0000,4.8809,0.0000,4.9352,Right,0,0,0,0,86.667,0,0.000,ft_jnd,FrameTimeStutter,1,0,1,0,1,1,0.25,0.25,1.5,100,-10,100,1,5,250,40,5,250,50,1,6,11,0,0.06,4,0.05,50,8,4,2,2,100,144,5,5,300,1.05,1.05,6.0,2.0,10,6,6,-1,
17,P017,1,ft_jnd,FrameTimeStutter,984,4.40840,4.4525,1867.21,1202.46,0.000,0.000,1867.21,1202.46,9.8161,9.8216,0.0000,4.8809,0.0000,4.9352,Right,0,0,0,0,86.667,0,0.000,ft_jnd,FrameTimeStutter,1,0,1,0,1,1,0.25,0.25,1.5,100,-10,100,1,5,250,40,5,250,50,1,6,11,0,0.06,4,0.05,50,8,4,2,2,100,144,5,5,300,1.05,1.05,6.0,2.0,10,6,6,-1,
17,P017,1,ft_jnd,FrameTimeStutter,985,4.41292,4.5273,1867.21,1202.46,0.000,0.000,1867.21,1202.46,9.8161,9.8216,0.0000,4.8809,0.0000,4.9352,Right,0,0,0,0,86.667,0,0.000,ft_jnd,FrameTimeStutter,1,0,1,0,1,1,0.25,0.25,1.5,100,-10,100,1,5,250,40,5,250,50,1,6,11,0,0.06,4,0.05,50,8,4,2,2,100,144,5,5,300,1.05,1.05,6.0,2.0,10,6,6,-1,
17,P017,1,ft_jnd,FrameTimeStutter,986,4.41745,4.5223,1867.21,1202.46,0.000,0.000,1867.21,1202.46,9.8161,9.8216,0.0000,4.8809,0.0000,4.9352,Right,0,0,0,0,86.667,0,0.000,ft_jnd,FrameTimeStutter,1,0,1,0,1,1,0.25,0.25,1.5,100,-10,100,1,5,250,40,5,250,50,1,6,11,0,0.06,4,0.05,50,8,4,2,2,100,144,5,5,300,1.05,1.05,6.0,2.0,10,6,6,-1,
17,P017,1,ft_jnd,FrameTimeStutter,987,4.42153,4.0870,1867.21,1202.46,0.000,0.000,1867.21,1202.46,9.8161,9.8216,0.0000,4.8809,0.0000,4.9352,Right,0,0,0,0,86.667,0,0.000,ft_jnd,FrameTimeStutter,1,0,1,0,1,1,0.25,0.25,1.5,100,-10,100,1,5,250,40,5,250,50,1,6,11,0,0.06,4,0.05,50,8,4,2,2,100,144,5,5,300,1.05,1.05,6.0,2.0,10,6,6,-1,
17,P017,1,ft_jnd,FrameTimeStutter,988,4.42503,3.4908,1867.21,1202.46,0.000,0.000,1867.21,1202.46,9.8161,9.8216,0.0000,4.8809,0.0000,4.9352,Right,0,0,0,0,86.667,0,0.000,ft_jnd,FrameTimeStutter,1,0,1,0,1,1,0.25,0.25,1.5,100,-10,100,1,5,250,40,5,250,50,1,6,11,0,0.06,4,0.05,50,8,4,2,2,100,144,5,5,300,1.05,1.05,6.0,2.0,10,6,6,-1,
17,P017,1,ft_jnd,FrameTimeStutter,989,4.42953,4.5054,1867.21,1202.46,0.000,0.000,1867.21,1202.46,9.8161,9.8216,0.0000,4.8809,0.0000,4.9352,Right,0,0,0,0,86.667,0,0.000,ft_jnd,FrameTimeStutter,1,0,1,0,1,1,0.25,0.25,1.5,100,-10,100,1,5,250,40,5,250,50,1,6,11,0,0.06,4,0.05,50,8,4,2,2,100,144,5,5,300,1.05,1.05,6.0,2.0,10,6,6,-1,
17,P017,1,ft_jnd,FrameTimeStutter,990,4.43265,3.1224,1867.21,1202.46,0.000,0.000,1867.21,1202.46,9.8161,9.8216,0.0000,4.8809,0.0000,4.9352,Right,0,0,0,0,86.667,0,0.000,ft_jnd,FrameTimeStutter,1,0,1,0,1,1,0.25,0.25,1.5,100,-10,100,1,5,250,40,5,250,50,1,6,11,0,0.06,4,0.05,50,8,4,2,2,100,144,5,5,300,1.05,1.05,6.0,2.0,10,6,6,-1,
17,P017,1,ft_jnd,FrameTimeStutter,991,4.43638,3.7237,1867.21,1202.46,0.000,0.000,1867.21,1202.46,9.8161,9.8216,0.0000,4.8809,0.0000,4.9352,Right,0,0,0,0,86.667,0,0.000,ft_jnd,FrameTimeStutter,1,0,1,0,1,1,0.25,0.25,1.5,100,-10,100,1,5,250,40,5,250,50,1,6,11,0,0.06,4,0.05,50,8,4,2,2,100,144,5,5,300,1.05,1.05,6.0,2.0,10,6,6,-1,
17,P017,1,ft_jnd,FrameTimeStutter,992,4.44011,3.7378,1867.21,1202.46,0.000,0.000,1867.21,1202.46,9.8161,9.8216,0.0000,4.8809,0.0000,4.9352,Right,0,0,0,0,86.667,0,0.000,ft_jnd,FrameTimeStutter,1,0,1,0,1,1,0.25,0.25,1.5,100,-10,100,1,5,250,40,5,250,50,1,6,11,0,0.06,4,0.05,50,8,4,2,2,100,144,5,5,300,1.05,1.05,6.0,2.0,10,6,6,-1,
17,P017,1,ft_jnd,FrameTimeStutter,993,4.44317,3.0544,1867.21,1202.46,0.000,0.000,1867.21,1202.46,9.8161,9.8216,0.0000,4.8809,0.0000,4.9352,Right,0,0,0,0,86.667,0,0.000,ft_jnd,FrameTimeStutter,1,0,1,0,1,1,0.25,0.25,1.5,100,-10,100,1,5,250,40,5,250,50,1,6,11,0,0.06,4,0.05,50,8,4,2,2,100,144,5,5,300,1.05,1.05,6.0,2.0,10,6,6,-1,
17,P017,1,ft_jnd,FrameTimeStutter,994,4.44788,4.7094,1867.21,1202.46,0.000,0.000,1867.21,1202.46,9.8161,9.8216,0.0000,4.8809,0.0000,4.9352,Right,0,0,0,0,86.667,0,0.000,ft_jnd,FrameTimeStutter,1,0,1,0,1,1,0.25,0.25,1.5,100,-10,100,1,5,250,40,5,250,50,1,6,11,0,0.06,4,0.05,50,8,4,2,2,100,144,5,5,300,1.05,1.05,6.0,2.0,10,6,6,-1,
17,P017,1,ft_jnd,FrameTimeStutter,995,4.45189,4.0107,1867.21,1202.46,0.000,0.000,1867.21,1202.46,9.8161,9.8216,0.0000,4.8809,0.0000,4.9352,Right,0,0,0,0,86.667,0,0.000,ft_jnd,FrameTimeStutter,1,0,1,0,1,1,0.25,0.25,1.5,100,-10,100,1,5,250,40,5,250,50,1,6,11,0,0.06,4,0.05,50,8,4,2,2,100,144,5,5,300,1.05,1.05,6.0,2.0,10,6,6,-1,
17,P017,1,ft_jnd,FrameTimeStutter,996,4.45653,4.6385,1867.21,1202.46,0.000,0.000,1867.21,1202.46,9.8161,9.8216,0.0000,4.8809,0.0000,4.9352,Right,0,0,0,0,86.667,0,0.000,ft_jnd,FrameTimeStutter,1,0,1,0,1,1,0.25,0.25,1.5,100,-10,100,1,5,250,40,5,250,50,1,6,11,0,0.06,4,0.05,50,8,4,2,2,100,144,5,5,300,1.05,1.05,6.0,2.0,10,6,6,-1,
17,P017,1,ft_jnd,FrameTimeStutter,997,4.46104,4.5148,1865.74,1202.46,-1.000,0.000,1865.74,1202.46,9.7891,9.8216,0.0000,4.8809,0.0000,4.9352,Right,0,0,0,0,86.667,0,0.000,ft_jnd,FrameTimeStutter,1,0,1,0,1,1,0.25,0.25,1.5,100,-10,100,1,5,250,40,5,250,50,1,6,11,0,0.06,4,0.05,50,8,4,2,2,100,144,5,5,300,1.05,1.05,6.0,2.0,10,6,6,-1,
17,P017,1,ft_jnd,FrameTimeStutter,998,4.46442,3.3737,1865.74,1202.46,0.000,0.000,1865.74,1202.46,9.7891,9.8216,0.0000,4.8809,0.0000,4.9083,Right,0,0,0,0,86.667,0,0.000,ft_jnd,FrameTimeStutter,1,0,1,0,1,1,0.25,0.25,1.5,100,-10,100,1,5,250,40,5,250,50,1,6,11,0,0.06,4,0.05,50,8,4,2,2,100,144,5,5,300,1.05,1.05,6.0,2.0,10,6,6,-1,
17,P017,1,ft_jnd,FrameTimeStutter,999,4.46876,4.3483,1864.26,1202.46,-1.000,0.000,1864.26,1202.46,9.7621,9.8216,0.0000,4.8809,0.0000,4.9083,Right,0,0,0,0,86.667,0,0.000,ft_jnd,FrameTimeStutter,1,0,1,0,1,1,0.25,0.25,1.5,100,-10,100,1,5,250,40,5,250,50,1,6,11,0,0.06,4,0.05,50,8,4,2,2,100,144,5,5,300,1.05,1.05,6.0,2.0,10,6,6,-1,
17,P017,1,ft_jnd,FrameTimeStutter,1000,4.47219,3.4228,1864.26,1202.46,0.000,0.000,1864.26,1202.46,9.7621,9.8216,0.0000,4.8809,0.0000,4.8813,Right,0,0,0,0,86.667,0,0.000,ft_jnd,FrameTimeStutter,1,0,1,0,1,1,0.25,0.25,1.5,100,-10,100,1,5,250,40,5,250,50,1,6,11,0,0.06,4,0.05,50,8,4,2,2,100,144,5,5,300,1.05,1.05,6.0,2.0,10,6,6,-1,
17,P017,1,ft_jnd,FrameTimeStutter,1001,4.47534,3.1496,1859.84,1202.46,-3.000,0.000,1859.84,1202.46,9.6812,9.8216,0.0000,4.8809,0.0000,4.8813,Right,0,0,0,0,86.667,0,0.000,ft_jnd,FrameTimeStutter,1,0,1,0,1,1,0.25,0.25,1.5,100,-10,100,1,5,250,40,5,250,50,1,6,11,0,0.06,4,0.05,50,8,4,2,2,100,144,5,5,300,1.05,1.05,6.0,2.0,10,6,6,-1,
17,P017,1,ft_jnd,FrameTimeStutter,1002,4.47987,4.5281,1859.84,1202.46,0.000,0.000,1859.84,1202.46,9.6812,9.8216,0.0000,4.8809,0.0000,4.8003,Right,0,0,0,0,86.667,0,0.000,ft_jnd,FrameTimeStutter,1,0,1,0,1,1,0.25,0.25,1.5,100,-10,100,1,5,250,40,5,250,50,1,6,11,0,0.06,4,0.05,50,8,4,2,2,100,144,5,5,300,1.05,1.05,6.0,2.0,10,6,6,-1,
17,P017,1,ft_jnd,FrameTimeStutter,1003,4.48427,4.4055,1853.93,1203.93,-4.000,1.000,1853.93,1203.93,9.5733,9.8486,0.0000,4.8809,0.0000,4.8003,Right,0,0,0,0,86.667,0,0.000,ft_jnd,FrameTimeStutter,1,0,1,0,1,1,0.25,0.25,1.5,100,-10,100,1,5,250,40,5,250,50,1,6,11,0,0.06,4,0.05,50,8,4,2,2,100,144,5,5,300,1.05,1.05,6.0,2.0,10,6,6,-1,
17,P017,1,ft_jnd,FrameTimeStutter,1004,4.48734,3.0722,1853.93,1203.93,0.000,0.000,1853.93,1203.93,9.5733,9.8486,0.0000,4.8809,0.0000,4.6924,Right,0,0,0,0,86.667,0,0.000,ft_jnd,FrameTimeStutter,1,0,1,0,1,1,0.25,0.25,1.5,100,-10,100,1,5,250,40,5,250,50,1,6,11,0,0.06,4,0.05,50,8,4,2,2,100,144,5,5,300,1.05,1.05,6.0,2.0,10,6,6,-1,
17,P017,1,ft_jnd,FrameTimeStutter,1005,4.49209,4.7479,1845.08,1205.41,-6.000,1.000,1845.08,1205.41,9.4114,9.8756,0.0000,4.8809,0.0000,4.6924,Right,0,0,0,0,86.667,0,0.000,ft_jnd,FrameTimeStutter,1,0,1,0,1,1,0.25,0.25,1.5,100,-10,100,1,5,250,40,5,250,50,1,6,11,0,0.06,4,0.05,50,8,4,2,2,100,144,5,5,300,1.05,1.05,6.0,2.0,10,6,6,-1,
17,P017,1,ft_jnd,FrameTimeStutter,1006,4.49554,3.4524,1845.08,1205.41,0.000,0.000,1845.08,1205.41,9.4114,9.8756,0.0000,4.8809,0.0000,4.5306,Right,0,0,0,0,86.667,0,0.000,ft_jnd,FrameTimeStutter,1,0,1,0,1,1,0.25,0.25,1.5,100,-10,100,1,5,250,40,5,250,50,1,6,11,0,0.06,4,0.05,50,8,4,2,2,100,144,5,5,300,1.05,1.05,6.0,2.0,10,6,6,-1,
17,P017,1,ft_jnd,FrameTimeStutter,1007,4.49906,3.5201,1833.28,1208.36,-8.000,2.000,1833.28,1208.36,9.1956,9.9295,0.0000,4.8809,0.0000,4.5306,Right,0,0,0,0,86.667,0,0.000,ft_jnd,FrameTimeStutter,1,0,1,0,1,1,0.25,0.25,1.5,100,-10,100,1,5,250,40,5,250,50,1,6,11,0,0.06,4,0.05,50,8,4,2,2,100,144,5,5,300,1.05,1.05,6.0,2.0,10,6,6,-1,
17,P017,1,ft_jnd,FrameTimeStutter,1008,4.50353,4.4636,1833.28,1208.36,0.000,0.000,1833.28,1208.36,9.1956,9.9295,0.0000,4.8809,0.0000,4.3147,Right,0,0,0,0,86.667,0,0.000,ft_jnd,FrameTimeStutter,1,0,1,0,1,1,0.25,0.25,1.5,100,-10,100,1,5,250,40,5,250,50,1,6,11,0,0.06,4,0.05,50,8,4,2,2,100,144,5,5,300,1.05,1.05,6.0,2.0,10,6,6,-1,
17,P017,1,ft_jnd,FrameTimeStutter,1009,4.50801,4.4880,1822.95,1209.84,-7.000,1.000,1822.95,1209.84,9.0067,9.9565,0.0000,4.8809,0.0000,4.3147,Right,0,0,0,0,86.667,0,0.000,ft_jnd,FrameTimeStutter,1,0,1,0,1,1,0.25,0.25,1.5,100,-10,100,1,5,250,40,5,250,50,1,6,11,0,0.06,4,0.05,50,8,4,2,2,100,144,5,5,300,1.05,1.05,6.0,2.0,10,6,6,-1,
17,P017,1,ft_jnd,FrameTimeStutter,1010,4.51207,4.0576,1822.95,1209.84,0.000,0.000,1822.95,1209.84,9.0067,9.9565,0.0000,4.8809,0.0000,4.1259,Right,0,0,0,0,86.667,0,0.000,ft_jnd,FrameTimeStutter,1,0,1,0,1,1,0.25,0.25,1.5,100,-10,100,1,5,250,40,5,250,50,1,6,11,0,0.06,4,0.05,50,8,4,2,2,100,144,5,5,300,1.05,1.05,6.0,2.0,10,6,6,-1,
17,P017,1,ft_jnd,FrameTimeStutter,1011,4.51666,4.5844,1809.67,1212.79,-9.000,2.000,1809.67,1212.79,8.7639,10.0105,0.0000,4.8809,0.0000,4.1259,Right,0,0,0,0,86.667,0,0.000,ft_jnd,FrameTimeStutter,1,0,1,0,1,1,0.25,0.25,1.5,100,-10,100,1,5,250,40,5,250,50,1,6,11,0,0.06,4,0.05,50,8,4,2,2,100,144,5,5,300,1.05,1.05,6.0,2.0,10,6,6,-1,
17,P017,1,ft_jnd,FrameTimeStutter,1012,4.52008,3.4257,1809.67,1212.79,0.000,0.000,1809.67,1212.79,8.7639,10.0105,0.0000,4.8809,0.0000,3.8831,Right,0,0,0,0,86.667,0,0.000,ft_jnd,FrameTimeStutter,1,0,1,0,1,1,0.25,0.25,1.5,100,-10,100,1,5,250,40,5,250,50,1,6,11,0,0.06,4,0.05,50,8,4,2,2,100,144,5,5,300,1.05,1.05,6.0,2.0,10,6,6,-1,
17,P017,1,ft_jnd,FrameTimeStutter,1013,4.52448,4.3957,1797.87,1214.26,-8.000,1.000,1797.87,1214.26,8.5481,10.0374,0.0000,4.8809,0.0000,3.8831,Right,0,0,0,0,86.667,0,0.000,ft_jnd,FrameTimeStutter,1,0,1,0,1,1,0.25,0.25,1.5,100,-10,100,1,5,250,40,5,250,50,1,6,11,0,0.06,4,0.05,50,8,4,2,2,100,144,5,5,300,1.05,1.05,6.0,2.0,10,6,6,-1,
17,P017,1,ft_jnd,FrameTimeStutter,1014,4.52793,3.4510,1797.87,1214.26,0.000,0.000,1797.87,1214.26,8.5481,10.0374,0.0000,4.8809,0.0000,3.6672,Right,0,0,0,0,86.667,0,0.000,ft_jnd,FrameTimeStutter,1,0,1,0,1,1,0.25,0.25,1.5,100,-10,100,1,5,250,40,5,250,50,1,6,11,0,0.06,4,0.05,50,8,4,2,2,100,144,5,5,300,1.05,1.05,6.0,2.0,10,6,6,-1,
17,P017,1,ft_jnd,FrameTimeStutter,1015,4.53267,4.7437,1783.12,1217.21,-10.000,2.000,1783.12,1217.21,8.2783,10.0914,0.0000,4.8809,0.0000,3.6672,Right,0,0,0,0,86.667,0,0.000,ft_jnd,FrameTimeStutter,1,0,1,0,1,1,0.25,0.25,1.5,100,-10,100,1,5,250,40,5,250,50,1,6,11,0,0.06,4,0.05,50,8,4,2,2,100,144,5,5,300,1.05,1.05,6.0,2.0,10,6,6,-1,
17,P017,1,ft_jnd,FrameTimeStutter,1016,4.53571,3.0349,1783.12,1217.21,0.000,0.000,1783.12,1217.21,8.2783,10.0914,0.0000,4.8809,0.0000,3.3975,Right,0,0,0,0,86.667,0,0.000,ft_jnd,FrameTimeStutter,1,0,1,0,1,1,0.25,0.25,1.5,100,-10,100,1,5,250,40,5,250,50,1,6,11,0,0.06,4,0.05,50,8,4,2,2,100,144,5,5,300,1.05,1.05,6.0,2.0,10,6,6,-1,
17,P017,1,ft_jnd,FrameTimeStutter,1017,4.54062,4.9077,1769.84,1220.16,-9.000,2.000,1769.84,1220.16,8.0355,10.1454,0.0000,4.8809,0.0000,3.3975,Right,0,0,0,0,86.667,0,0.000,ft_jnd,FrameTimeStutter,1,0,1,0,1,1,0.25,0.25,1.5,100,-10,100,1,5,250,40,5,250,50,1,6,11,0,0.06,4,0.05,50,8,4,2,2,100,144,5,5,300,1.05,1.05,6.0,2.0,10,6,6,-1,
17,P017,1,ft_jnd,FrameTimeStutter,1018,4.54508,4.4599,1769.84,1220.16,0.000,0.000,1769.84,1220.16,8.0355,10.1454,0.0000,4.8809,0.0000,3.1547,Right,0,0,0,0,86.667,0,0.000,ft_jnd,FrameTimeStutter,1,0,1,0,1,1,0.25,0.25,1.5,100,-10,100,1,5,250,40,5,250,50,1,6,11,0,0.06,4,0.05,50,8,4,2,2,100,144,5,5,300,1.05,1.05,6.0,2.0,10,6,6,-1,
17,P017,1,ft_jnd,FrameTimeStutter,1019,4.54844,3.3599,1755.08,1223.12,-10.000,2.000,1755.08,1223.12,7.7657,10.1993,0.0000,4.8809,0.0000,3.1547,Right,0,0,0,0,86.667,0,0.000,ft_jnd,FrameTimeStutter,1,0,1,0,1,1,0.25,0.25,1.5,100,-10,100,1,5,250,40,5,250,50,1,6,11,0,0.06,4,0.05,50,8,4,2,2,100,144,5,5,300,1.05,1.05,6.0,2.0,10,6,6,-1,
17,P017,1,ft_jnd,FrameTimeStutter,1020,4.55300,4.5654,1755.08,1223.12,0.000,0.000,1755.08,1223.12,7.7657,10.1993,0.0000,4.8809,0.0000,2.8849,Right,0,0,0,0,86.667,0,0.000,ft_jnd,FrameTimeStutter,1,0,1,0,1,1,0.25,0.25,1.5,100,-10,100,1,5,250,40,5,250,50,1,6,11,0,0.06,4,0.05,50,8,4,2,2,100,144,5,5,300,1.05,1.05,6.0,2.0,10,6,6,-1,
17,P017,1,ft_jnd,FrameTimeStutter,1021,4.55645,3.4483,1740.33,1226.07,-10.000,2.000,1740.33,1226.07,7.4960,10.2533,0.0000,4.8809,0.0000,2.8849,Right,0,0,0,0,86.667,0,0.000,ft_jnd,FrameTimeStutter,1,0,1,0,1,1,0.25,0.25,1.5,100,-10,100,1,5,250,40,5,250,50,1,6,11,0,0.06,4,0.05,50,8,4,2,2,100,144,5,5,300,1.05,1.05,6.0,2.0,10,6,6,-1,
17,P017,1,ft_jnd,FrameTimeStutter,1022,4.55959,3.1369,1740.33,1226.07,0.000,0.000,1740.33,1226.07,7.4960,10.2533,0.0000,4.8809,0.0000,2.6151,Right,0,0,0,0,86.667,0,0.000,ft_jnd,FrameTimeStutter,1,0,1,0,1,1,0.25,0.25,1.5,100,-10,100,1,5,250,40,5,250,50,1,6,11,0,0.06,4,0.05,50,8,4,2,2,100,144,5,5,300,1.05,1.05,6.0,2.0,10,6,6,-1,
17,P017,1,ft_jnd,FrameTimeStutter,1023,4.56447,4.8887,1724.10,1227.54,-11.000,1.000,1724.10,1227.54,7.1992,10.2802,0.0000,4.8809,0.0000,2.6151,Right,0,0,0,0,86.667,0,0.000,ft_jnd,FrameTimeStutter,1,0,1,0,1,1,0.25,0.25,1.5,100,-10,100,1,5,250,40,5,250,50,1,6,11,0,0.06,4,0.05,50,8,4,2,2,100,144,5,5,300,1.05,1.05,6.0,2.0,10,6,6,-1,
17,P017,1,ft_jnd,FrameTimeStutter,1024,4.56777,3.2948,1724.10,1227.54,0.000,0.000,1724.10,1227.54,7.1992,10.2802,0.0000,4.8809,0.0000,2.3183,Right,0,0,0,0,86.667,0,0.000,ft_jnd,FrameTimeStutter,1,0,1,0,1,1,0.25,0.25,1.5,100,-10,100,1,5,250,40,5,250,50,1,6,11,0,0.06,4,0.05,50,8,4,2,2,100,144,5,5,300,1.05,1.05,6.0,2.0,10,6,6,-1,
17,P017,1,ft_jnd,FrameTimeStutter,1025,4.57102,3.2554,1707.87,1230.49,-11.000,2.000,1707.87,1230.49,6.9024,10.3342,0.0000,4.8809,0.0000,2.3183,Right,0,0,0,0,86.667,0,0.000,ft_jnd,FrameTimeStutter,1,0,1,0,1,1,0.25,0.25,1.5,100,-10,100,1,5,250,40,5,250,50,1,6,11,0,0.06,4,0.05,50,8,4,2,2,100,144,5,5,300,1.05,1.05,6.0,2.0,10,6,6,-1,
17,P017,1,ft_jnd,FrameTimeStutter,1026,4.57540,4.3775,1707.87,1230.49,0.000,0.000,1707.87,1230.49,6.9024,10.3342,0.0000,4.8809,0.0000,2.0216,Right,0,0,0,0,86.667,0,0.000,ft_jnd,FrameTimeStutter,1,0,1,0,1,1,0.25,0.25,1.5,100,-10,100,1,5,250,40,5,250,50,1,6,11,0,0.06,4,0.05,50,8,4,2,2,100,144,5,5,300,1.05,1.05,6.0,2.0,10,6,6,-1,
17,P017,1,ft_jnd,FrameTimeStutter,1027,4.57847,3.0722,1691.64,1234.92,-11.000,3.000,1691.64,1234.92,6.6057,10.4151,0.0000,4.8809,0.0000,2.0216,Right,0,0,0,0,86.667,0,0.000,ft_jnd,FrameTimeStutter,1,0,1,0,1,1,0.25,0.25,1.5,100,-10,100,1,5,250,40,5,250,50,1,6,11,0,0.06,4,0.05,50,8,4,2,2,100,144,5,5,300,1.05,1.05,6.0,2.0,10,6,6,-1,
17,P017,1,ft_jnd,FrameTimeStutter,1028,4.58343,4.9522,1691.64,1234.92,0.000,0.000,1691.64,1234.92,6.6057,10.4151,0.0000,4.8809,0.0000,1.7248,Right,0,0,0,0,86.667,0,0.000,ft_jnd,FrameTimeStutter,1,0,1,0,1,1,0.25,0.25,1.5,100,-10,100,1,5,250,40,5,250,50,1,6,11,0,0.06,4,0.05,50,8,4,2,2,100,144,5,5,300,1.05,1.05,6.0,2.0,10,6,6,-1,
17,P017,1,ft_jnd,FrameTimeStutter,1029,4.58783,4.4039,1673.93,1237.87,-12.000,2.000,1673.93,1237.87,6.2819,10.4691,0.0000,4.8809,0.0000,1.7248,Right,0,0,0,0,86.667,0,0.000,ft_jnd,FrameTimeStutter,1,0,1,0,1,1,0.25,0.25,1.5,100,-10,100,1,5,250,40,5,250,50,1,6,11,0,0.06,4,0.05,50,8,4,2,2,100,144,5,5,300,1.05,1.05,6.0,2.0,10,6,6,-1,
17,P017,1,ft_jnd,FrameTimeStutter,1030,4.59086,3.0266,1673.93,1237.87,0.000,0.000,1673.93,1237.87,6.2819,10.4691,0.0000,4.8809,0.0000,1.4011,Right,0,0,0,0,86.667,0,0.000,ft_jnd,FrameTimeStutter,1,0,1,0,1,1,0.25,0.25,1.5,100,-10,100,1,5,250,40,5,250,50,1,6,11,0,0.06,4,0.05,50,8,4,2,2,100,144,5,5,300,1.05,1.05,6.0,2.0,10,6,6,-1,
17,P017,1,ft_jnd,FrameTimeStutter,1031,4.59575,4.8881,1656.23,1242.30,-12.000,3.000,1656.23,1242.30,5.9582,10.5500,0.0000,4.8809,0.0000,1.4011,Right,0,0,0,0,86.667,0,0.000,ft_jnd,FrameTimeStutter,1,0,1,0,1,1,0.25,0.25,1.5,100,-10,100,1,5,250,40,5,250,50,1,6,11,0,0.06,4,0.05,50,8,4,2,2,100,144,5,5,300,1.05,1.05,6.0,2.0,10,6,6,-1,
17,P017,1,ft_jnd,FrameTimeStutter,1032,4.60021,4.4619,1656.23,1242.30,0.000,0.000,1656.23,1242.30,5.9582,10.5500,0.0000,4.8809,0.0000,1.0773,Right,0,0,0,0,86.667,0,0.000,ft_jnd,FrameTimeStutter,1,0,1,0,1,1,0.25,0.25,1.5,100,-10,100,1,5,250,40,5,250,50,1,6,11,0,0.06,4,0.05,50,8,4,2,2,100,144,5,5,300,1.05,1.05,6.0,2.0,10,6,6,-1,
17,P017,1,ft_jnd,FrameTimeStutter,1033,4.60466,4.4526,1638.53,1245.25,-12.000,2.000,1638.53,1245.25,5.6345,10.6040,0.0000,4.8809,0.0000,1.0773,Right,0,0,0,0,86.667,0,0.000,ft_jnd,FrameTimeStutter,1,0,1,0,1,1,0.25,0.25,1.5,100,-10,100,1,5,250,40,5,250,50,1,6,11,0,0.06,4,0.05,50,8,4,2,2,100,144,5,5,300,1.05,1.05,6.0,2.0,10,6,6,-1,
17,P017,1,ft_jnd,FrameTimeStutter,1034,4.60868,4.0243,1638.53,1245.25,0.000,0.000,1638.53,1245.25,5.6345,10.6040,0.0000,4.8809,0.0000,0.7536,Right,0,0,0,0,86.667,0,0.000,ft_jnd,FrameTimeStutter,1,0,1,0,1,1,0.25,0.25,1.5,100,-10,100,1,5,250,40,5,250,50,1,6,11,0,0.06,4,0.05,50,8,4,2,2,100,144,5,5,300,1.05,1.05,6.0,2.0,10,6,6,-1,
17,P017,1,ft_jnd,FrameTimeStutter,1035,4.61310,4.4147,1619.34,1249.67,-13.000,3.000,1619.34,1249.67,5.2837,10.6849,0.0000,4.8809,0.0000,0.7536,Right,0,0,0,0,86.667,0,0.000,ft_jnd,FrameTimeStutter,1,0,1,0,1,1,0.25,0.25,1.5,100,-10,100,1,5,250,40,5,250,50,1,6,11,0,0.06,4,0.05,50,8,4,2,2,100,144,5,5,300,1.05,1.05,6.0,2.0,10,6,6,-1,
17,P017,1,ft_jnd,FrameTimeStutter,1036,4.61753,4.4290,1619.34,1249.67,0.000,0.000,1619.34,1249.67,5.2837,10.6849,0.0000,4.8809,0.0000,0.4029,Right,0,0,0,0,86.667,0,0.000,ft_jnd,FrameTimeStutter,1,0,1,0,1,1,0.25,0.25,1.5,100,-10,100,1,5,250,40,5,250,50,1,6,11,0,0.06,4,0.05,50,8,4,2,2,100,144,5,5,300,1.05,1.05,6.0,2.0,10,6,6,-1,
17,P017,1,ft_jnd,FrameTimeStutter,1037,4.62149,3.9641,1600.16,1252.62,-13.000,2.000,1600.16,1252.62,4.9330,10.7389,0.0000,4.8809,0.0000,0.4029,Right,0,0,0,0,86.667,0,0.000,ft_jnd,FrameTimeStutter,1,0,1,0,1,1,0.25,0.25,1.5,100,-10,100,1,5,250,40,5,250,50,1,6,11,0,0.06,4,0.05,50,8,4,2,2,100,144,5,5,300,1.05,1.05,6.0,2.0,10,6,6,-1,
17,P017,1,ft_jnd,FrameTimeStutter,1038,4.62469,3.2016,1582.46,1255.57,-12.000,2.000,1582.46,1255.57,4.6093,10.7928,0.0000,4.8809,0.0000,0.0522,Right,0,0,0,0,86.667,0,0.000,ft_jnd,FrameTimeStutter,1,0,1,0,1,1,0.25,0.25,1.5,100,-10,100,1,5,250,40,5,250,50,1,6,11,0,0.06,4,0.05,50,8,4,2,2,100,144,5,5,300,1.05,1.05,6.0,2.0,10,6,6,-1,
17,P017,1,ft_jnd,FrameTimeStutter,1039,4.62951,4.8178,1582.46,1255.57,0.000,0.000,1582.46,1255.57,4.6093,10.7928,0.0000,4.8809,0.0000,-0.2716,Left,0,0,0,0,86.667,1,86.667,ft_jnd,FrameTimeStutter,1,0,1,0,1,1,0.25,0.25,1.5,100,-10,100,1,5,250,40,5,250,50,1,6,11,0,0.06,4,0.05,50,8,4,2,2,100,144,5,5,300,1.05,1.05,6.0,2.0,10,6,6,-1,
17,P017,1,ft_jnd,FrameTimeStutter,1040,4.71995,90.4404,1476.23,1271.80,-72.000,11.000,1476.23,1271.80,2.6669,11.0896,0.0000,4.8809,0.0000,-0.2716,Left,0,0,0,0,86.667,0,0.000,ft_jnd,FrameTimeStutter,1,0,1,0,1,1,0.25,0.25,1.5,100,-10,100,1,5,250,40,5,250,50,1,6,11,0,0.06,4,0.05,50,8,4,2,2,100,144,5,5,300,1.05,1.05,6.0,2.0,10,6,6,-1,
17,P017,1,ft_jnd,FrameTimeStutter,1041,4.72361,3.6566,1474.75,1271.80,-1.000,0.000,1474.75,1271.80,2.6399,11.0896,0.0000,4.8809,0.0000,-2.2140,Left,0,0,0,0,86.667,0,0.000,ft_jnd,FrameTimeStutter,1,0,1,0,1,1,0.25,0.25,1.5,100,-10,100,1,5,250,40,5,250,50,1,6,11,0,0.06,4,0.05,50,8,4,2,2,100,144,5,5,300,1.05,1.05,6.0,2.0,10,6,6,-1,
17,P017,1,ft_jnd,FrameTimeStutter,1042,4.72768,4.0746,1474.75,1271.80,0.000,0.000,1474.75,1271.80,2.6399,11.0896,0.0000,4.8809,0.0000,-2.2410,Left,0,0,0,0,86.667,0,0.000,ft_jnd,FrameTimeStutter,1,0,1,0,1,1,0.25,0.25,1.5,100,-10,100,1,5,250,40,5,250,50,1,6,11,0,0.06,4,0.05,50,8,4,2,2,100,144,5,5,300,1.05,1.05,6.0,2.0,10,6,6,-1,
17,P017,1,ft_jnd,FrameTimeStutter,1043,4.73138,3.7010,1474.75,1271.80,0.000,0.000,1474.75,1271.80,2.6399,11.0896,0.0000,4.8809,0.0000,-2.2410,Left,0,0,0,0,86.667,0,0.000,ft_jnd,FrameTimeStutter,1,0,1,0,1,1,0.25,0.25,1.5,100,-10,100,1,5,250,40,5,250,50,1,6,11,0,0.06,4,0.05,50,8,4,2,2,100,144,5,5,300,1.05,1.05,6.0,2.0,10,6,6,-1,
17,P017,1,ft_jnd,FrameTimeStutter,1044,4.73545,4.0704,1474.75,1271.80,0.000,0.000,1474.75,1271.80,2.6399,11.0896,0.0000,4.8809,0.0000,-2.2410,Left,0,0,0,0,86.667,0,0.000,ft_jnd,FrameTimeStutter,1,0,1,0,1,1,0.25,0.25,1.5,100,-10,100,1,5,250,40,5,250,50,1,6,11,0,0.06,4,0.05,50,8,4,2,2,100,144,5,5,300,1.05,1.05,6.0,2.0,10,6,6,-1,
17,P017,1,ft_jnd,FrameTimeStutter,1045,4.73951,4.0536,1473.28,1271.80,-1.000,0.000,1473.28,1271.80,2.6129,11.0896,0.0000,4.8809,0.0000,-2.2410,Left,0,0,0,0,86.667,0,0.000,ft_jnd,FrameTimeStutter,1,0,1,0,1,1,0.25,0.25,1.5,100,-10,100,1,5,250,40,5,250,50,1,6,11,0,0.06,4,0.05,50,8,4,2,2,100,144,5,5,300,1.05,1.05,6.0,2.0,10,6,6,-1,
17,P017,1,ft_jnd,FrameTimeStutter,1046,4.74357,4.0627,1473.28,1271.80,0.000,0.000,1473.28,1271.80,2.6129,11.0896,0.0000,4.8809,0.0000,-2.2680,Left,0,0,0,0,86.667,0,0.000,ft_jnd,FrameTimeStutter,1,0,1,0,1,1,0.25,0.25,1.5,100,-10,100,1,5,250,40,5,250,50,1,6,11,0,0.06,4,0.05,50,8,4,2,2,100,144,5,5,300,1.05,1.05,6.0,2.0,10,6,6,-1,
17,P017,1,ft_jnd,FrameTimeStutter,1047,4.74706,3.4916,1473.28,1273.28,0.000,1.000,1473.28,1273.28,2.6129,11.1165,0.0000,4.8809,0.0000,-2.2680,Left,0,0,0,0,86.667,0,0.000,ft_jnd,FrameTimeStutter,1,0,1,0,1,1,0.25,0.25,1.5,100,-10,100,1,5,250,40,5,250,50,1,6,11,0,0.06,4,0.05,50,8,4,2,2,100,144,5,5,300,1.05,1.05,6.0,2.0,10,6,6,-1,
17,P017,1,ft_jnd,FrameTimeStutter,1048,4.75067,3.6099,1473.28,1273.28,0.000,0.000,1473.28,1273.28,2.6129,11.1165,0.0000,4.8809,0.0000,-2.2680,Left,0,0,0,0,86.667,0,0.000,ft_jnd,FrameTimeStutter,1,0,1,0,1,1,0.25,0.25,1.5,100,-10,100,1,5,250,40,5,250,50,1,6,11,0,0.06,4,0.05,50,8,4,2,2,100,144,5,5,300,1.05,1.05,6.0,2.0,10,6,6,-1,
17,P017,1,ft_jnd,FrameTimeStutter,1049,4.75479,4.1178,1473.28,1273.28,0.000,0.000,1473.28,1273.28,2.6129,11.1165,0.0000,4.8809,0.0000,-2.2680,Left,0,0,0,0,86.667,0,0.000,ft_jnd,FrameTimeStutter,1,0,1,0,1,1,0.25,0.25,1.5,100,-10,100,1,5,250,40,5,250,50,1,6,11,0,0.06,4,0.05,50,8,4,2,2,100,144,5,5,300,1.05,1.05,6.0,2.0,10,6,6,-1,
17,P017,1,ft_jnd,FrameTimeStutter,1050,4.75910,4.3064,1473.28,1273.28,0.000,0.000,1473.28,1273.28,2.6129,11.1165,0.0000,4.8809,0.0000,-2.2680,Left,0,0,0,0,86.667,0,0.000,ft_jnd,FrameTimeStutter,1,0,1,0,1,1,0.25,0.25,1.5,100,-10,100,1,5,250,40,5,250,50,1,6,11,0,0.06,4,0.05,50,8,4,2,2,100,144,5,5,300,1.05,1.05,6.0,2.0,10,6,6,-1,
17,P017,1,ft_jnd,FrameTimeStutter,1051,4.76339,4.2979,1473.28,1273.28,0.000,0.000,1473.28,1273.28,2.6129,11.1165,0.0000,4.8809,0.0000,-2.2680,Left,0,0,0,0,86.667,0,0.000,ft_jnd,FrameTimeStutter,1,0,1,0,1,1,0.25,0.25,1.5,100,-10,100,1,5,250,40,5,250,50,1,6,11,0,0.06,4,0.05,50,8,4,2,2,100,144,5,5,300,1.05,1.05,6.0,2.0,10,6,6,-1,
17,P017,1,ft_jnd,FrameTimeStutter,1052,4.76776,4.3614,1473.28,1273.28,0.000,0.000,1473.28,1273.28,2.6129,11.1165,0.0000,4.8809,0.0000,-2.2680,Left,0,0,0,0,86.667,0,0.000,ft_jnd,FrameTimeStutter,1,0,1,0,1,1,0.25,0.25,1.5,100,-10,100,1,5,250,40,5,250,50,1,6,11,0,0.06,4,0.05,50,8,4,2,2,100,144,5,5,300,1.05,1.05,6.0,2.0,10,6,6,-1,
17,P017,1,ft_jnd,FrameTimeStutter,1053,4.77198,4.2236,1473.28,1273.28,0.000,0.000,1473.28,1273.28,2.6129,11.1165,0.0000,4.8809,0.0000,-2.2680,Left,0,0,0,0,86.667,0,0.000,ft_jnd,FrameTimeStutter,1,0,1,0,1,1,0.25,0.25,1.5,100,-10,100,1,5,250,40,5,250,50,1,6,11,0,0.06,4,0.05,50,8,4,2,2,100,144,5,5,300,1.05,1.05,6.0,2.0,10,6,6,-1,
17,P017,1,ft_jnd,FrameTimeStutter,1054,4.77643,4.4539,1473.28,1273.28,0.000,0.000,1473.28,1273.28,2.6129,11.1165,0.0000,4.8809,0.0000,-2.2680,Left,0,0,0,0,86.667,0,0.000,ft_jnd,FrameTimeStutter,1,0,1,0,1,1,0.25,0.25,1.5,100,-10,100,1,5,250,40,5,250,50,1,6,11,0,0.06,4,0.05,50,8,4,2,2,100,144,5,5,300,1.05,1.05,6.0,2.0,10,6,6,-1,
17,P017,1,ft_jnd,FrameTimeStutter,1055,4.77993,3.4928,1471.80,1273.28,-1.000,0.000,1471.80,1273.28,2.5859,11.1165,0.0000,4.8809,0.0000,-2.2680,Left,0,0,0,0,86.667,0,0.000,ft_jnd,FrameTimeStutter,1,0,1,0,1,1,0.25,0.25,1.5,100,-10,100,1,5,250,40,5,250,50,1,6,11,0,0.06,4,0.05,50,8,4,2,2,100,144,5,5,300,1.05,1.05,6.0,2.0,10,6,6,-1,
17,P017,1,ft_jnd,FrameTimeStutter,1056,4.78301,3.0851,1471.80,1273.28,0.000,0.000,1471.80,1273.28,2.5859,11.1165,0.0000,4.8809,0.0000,-2.2949,Left,0,0,0,0,86.667,0,0.000,ft_jnd,FrameTimeStutter,1,0,1,0,1,1,0.25,0.25,1.5,100,-10,100,1,5,250,40,5,250,50,1,6,11,0,0.06,4,0.05,50,8,4,2,2,100,144,5,5,300,1.05,1.05,6.0,2.0,10,6,6,-1,
17,P017,1,ft_jnd,FrameTimeStutter,1057,4.78679,3.7766,1470.33,1273.28,-1.000,0.000,1470.33,1273.28,2.5589,11.1165,0.0000,4.8809,0.0000,-2.2949,Left,0,0,0,0,86.667,0,0.000,ft_jnd,FrameTimeStutter,1,0,1,0,1,1,0.25,0.25,1.5,100,-10,100,1,5,250,40,5,250,50,1,6,11,0,0.06,4,0.05,50,8,4,2,2,100,144,5,5,300,1.05,1.05,6.0,2.0,10,6,6,-1,
17,P017,1,ft_jnd,FrameTimeStutter,1058,4.78987,3.0781,1470.33,1273.28,0.000,0.000,1470.33,1273.28,2.5589,11.1165,0.0000,4.8809,0.0000,-2.3219,Left,0,0,0,0,86.667,0,0.000,ft_jnd,FrameTimeStutter,1,0,1,0,1,1,0.25,0.25,1.5,100,-10,100,1,5,250,40,5,250,50,1,6,11,0,0.06,4,0.05,50,8,4,2,2,100,144,5,5,300,1.05,1.05,6.0,2.0,10,6,6,-1,
17,P017,1,ft_jnd,FrameTimeStutter,1059,4.79383,3.9653,1468.85,1273.28,-1.000,0.000,1468.85,1273.28,2.5320,11.1165,0.0000,4.8809,0.0000,-2.3219,Left,0,0,0,0,86.667,0,0.000,ft_jnd,FrameTimeStutter,1,0,1,0,1,1,0.25,0.25,1.5,100,-10,100,1,5,250,40,5,250,50,1,6,11,0,0.06,4,0.05,50,8,4,2,2,100,144,5,5,300,1.05,1.05,6.0,2.0,10,6,6,-1,
17,P017,1,ft_jnd,FrameTimeStutter,1060,4.79875,4.9187,1468.85,1273.28,0.000,0.000,1468.85,1273.28,2.5320,11.1165,0.0000,4.8809,0.0000,-2.3489,Left,0,0,0,0,86.667,0,0.000,ft_jnd,FrameTimeStutter,1,0,1,0,1,1,0.25,0.25,1.5,100,-10,100,1,5,250,40,5,250,50,1,6,11,0,0.06,4,0.05,50,8,4,2,2,100,144,5,5,300,1.05,1.05,6.0,2.0,10,6,6,-1,
17,P017,1,ft_jnd,FrameTimeStutter,1061,4.80290,4.1477,1465.90,1273.28,-2.000,0.000,1465.90,1273.28,2.4780,11.1165,0.0000,4.8809,0.0000,-2.3489,Left,0,0,0,0,86.667,0,0.000,ft_jnd,FrameTimeStutter,1,0,1,0,1,1,0.25,0.25,1.5,100,-10,100,1,5,250,40,5,250,50,1,6,11,0,0.06,4,0.05,50,8,4,2,2,100,144,5,5,300,1.05,1.05,6.0,2.0,10,6,6,-1,
17,P017,1,ft_jnd,FrameTimeStutter,1062,4.80749,4.5970,1465.90,1273.28,0.000,0.000,1465.90,1273.28,2.4780,11.1165,0.0000,4.8809,0.0000,-2.4029,Left,0,0,0,0,86.667,0,0.000,ft_jnd,FrameTimeStutter,1,0,1,0,1,1,0.25,0.25,1.5,100,-10,100,1,5,250,40,5,250,50,1,6,11,0,0.06,4,0.05,50,8,4,2,2,100,144,5,5,300,1.05,1.05,6.0,2.0,10,6,6,-1,
17,P017,1,ft_jnd,FrameTimeStutter,1063,4.81187,4.3735,1464.43,1273.28,-1.000,0.000,1464.43,1273.28,2.4510,11.1165,0.0000,4.8809,0.0000,-2.4029,Left,0,0,0,0,86.667,0,0.000,ft_jnd,FrameTimeStutter,1,0,1,0,1,1,0.25,0.25,1.5,100,-10,100,1,5,250,40,5,250,50,1,6,11,0,0.06,4,0.05,50,8,4,2,2,100,144,5,5,300,1.05,1.05,6.0,2.0,10,6,6,-1,
17,P017,1,ft_jnd,FrameTimeStutter,1064,4.81488,3.0168,1464.43,1273.28,0.000,0.000,1464.43,1273.28,2.4510,11.1165,0.0000,4.8809,0.0000,-2.4298,Left,0,0,0,0,86.667,0,0.000,ft_jnd,FrameTimeStutter,1,0,1,0,1,1,0.25,0.25,1.5,100,-10,100,1,5,250,40,5,250,50,1,6,11,0,0.06,4,0.05,50,8,4,2,2,100,144,5,5,300,1.05,1.05,6.0,2.0,10,6,6,-1,
17,P017,1,ft_jnd,FrameTimeStutter,1065,4.81984,4.9594,1462.95,1273.28,-1.000,0.000,1462.95,1273.28,2.4240,11.1165,0.0000,4.8809,0.0000,-2.4298,Left,0,0,0,0,86.667,0,0.000,ft_jnd,FrameTimeStutter,1,0,1,0,1,1,0.25,0.25,1.5,100,-10,100,1,5,250,40,5,250,50,1,6,11,0,0.06,4,0.05,50,8,4,2,2,100,144,5,5,300,1.05,1.05,6.0,2.0,10,6,6,-1,
17,P017,1,ft_jnd,FrameTimeStutter,1066,4.82327,3.4280,1462.95,1273.28,0.000,0.000,1462.95,1273.28,2.4240,11.1165,0.0000,4.8809,0.0000,-2.4568,Left,0,0,0,0,86.667,0,0.000,ft_jnd,FrameTimeStutter,1,0,1,0,1,1,0.25,0.25,1.5,100,-10,100,1,5,250,40,5,250,50,1,6,11,0,0.06,4,0.05,50,8,4,2,2,100,144,5,5,300,1.05,1.05,6.0,2.0,10,6,6,-1,
17,P017,1,ft_jnd,FrameTimeStutter,1067,4.82690,3.6234,1462.95,1273.28,0.000,0.000,1462.95,1273.28,2.4240,11.1165,0.0000,4.8809,0.0000,-2.4568,Left,0,0,0,0,86.667,0,0.000,ft_jnd,FrameTimeStutter,1,0,1,0,1,1,0.25,0.25,1.5,100,-10,100,1,5,250,40,5,250,50,1,6,11,0,0.06,4,0.05,50,8,4,2,2,100,144,5,5,300,1.05,1.05,6.0,2.0,10,6,6,-1,
17,P017,1,ft_jnd,FrameTimeStutter,1068,4.83128,4.3840,1462.95,1273.28,0.000,0.000,1462.95,1273.28,2.4240,11.1165,0.0000,4.8809,0.0000,-2.4568,Left,0,0,0,0,86.667,0,0.000,ft_jnd,FrameTimeStutter,1,0,1,0,1,1,0.25,0.25,1.5,100,-10,100,1,5,250,40,5,250,50,1,6,11,0,0.06,4,0.05,50,8,4,2,2,100,144,5,5,300,1.05,1.05,6.0,2.0,10,6,6,-1,
17,P017,1,ft_jnd,FrameTimeStutter,1069,4.83567,4.3922,1462.95,1273.28,0.000,0.000,1462.95,1273.28,2.4240,11.1165,0.0000,4.8809,0.0000,-2.4568,Left,0,0,0,0,86.667,0,0.000,ft_jnd,FrameTimeStutter,1,0,1,0,1,1,0.25,0.25,1.5,100,-10,100,1,5,250,40,5,250,50,1,6,11,0,0.06,4,0.05,50,8,4,2,2,100,144,5,5,300,1.05,1.05,6.0,2.0,10,6,6,-1,
17,P017,1,ft_jnd,FrameTimeStutter,1070,4.83962,3.9525,1462.95,1273.28,0.000,0.000,1462.95,1273.28,2.4240,11.1165,0.0000,4.8809,0.0000,-2.4568,Left,0,0,0,0,86.667,0,0.000,ft_jnd,FrameTimeStutter,1,0,1,0,1,1,0.25,0.25,1.5,100,-10,100,1,5,250,40,5,250,50,1,6,11,0,0.06,4,0.05,50,8,4,2,2,100,144,5,5,300,1.05,1.05,6.0,2.0,10,6,6,-1,
17,P017,1,ft_jnd,FrameTimeStutter,1071,4.84396,4.3338,1462.95,1273.28,0.000,0.000,1462.95,1273.28,2.4240,11.1165,0.0000,4.8809,0.0000,-2.4568,Left,0,0,0,0,86.667,0,0.000,ft_jnd,FrameTimeStutter,1,0,1,0,1,1,0.25,0.25,1.5,100,-10,100,1,5,250,40,5,250,50,1,6,11,0,0.06,4,0.05,50,8,4,2,2,100,144,5,5,300,1.05,1.05,6.0,2.0,10,6,6,-1,
17,P017,1,ft_jnd,FrameTimeStutter,1072,4.84833,4.3763,1462.95,1273.28,0.000,0.000,1462.95,1273.28,2.4240,11.1165,0.0000,4.8809,0.0000,-2.4568,Left,0,0,0,0,86.667,0,0.000,ft_jnd,FrameTimeStutter,1,0,1,0,1,1,0.25,0.25,1.5,100,-10,100,1,5,250,40,5,250,50,1,6,11,0,0.06,4,0.05,50,8,4,2,2,100,144,5,5,300,1.05,1.05,6.0,2.0,10,6,6,-1,
17,P017,1,ft_jnd,FrameTimeStutter,1073,4.85132,2.9833,1462.95,1273.28,0.000,0.000,1462.95,1273.28,2.4240,11.1165,0.0000,4.8809,0.0000,-2.4568,Left,0,0,0,0,86.667,0,0.000,ft_jnd,FrameTimeStutter,1,0,1,0,1,1,0.25,0.25,1.5,100,-10,100,1,5,250,40,5,250,50,1,6,11,0,0.06,4,0.05,50,8,4,2,2,100,144,5,5,300,1.05,1.05,6.0,2.0,10,6,6,-1,
17,P017,1,ft_jnd,FrameTimeStutter,1074,4.85489,3.5740,1462.95,1273.28,0.000,0.000,1462.95,1273.28,2.4240,11.1165,0.0000,4.8809,0.0000,-2.4568,Left,0,0,0,0,86.667,0,0.000,ft_jnd,FrameTimeStutter,1,0,1,0,1,1,0.25,0.25,1.5,100,-10,100,1,5,250,40,5,250,50,1,6,11,0,0.06,4,0.05,50,8,4,2,2,100,144,5,5,300,1.05,1.05,6.0,2.0,10,6,6,-1,
17,P017,1,ft_jnd,FrameTimeStutter,1075,4.85790,3.0107,1461.48,1273.28,-1.000,0.000,1461.48,1273.28,2.3971,11.1165,0.0000,4.8809,0.0000,-2.4568,Left,0,0,0,0,86.667,0,0.000,ft_jnd,FrameTimeStutter,1,0,1,0,1,1,0.25,0.25,1.5,100,-10,100,1,5,250,40,5,250,50,1,6,11,0,0.06,4,0.05,50,8,4,2,2,100,144,5,5,300,1.05,1.05,6.0,2.0,10,6,6,-1,
17,P017,1,ft_jnd,FrameTimeStutter,1076,4.86144,3.5354,1461.48,1273.28,0.000,0.000,1461.48,1273.28,2.3971,11.1165,0.0000,4.8809,0.0000,-2.4838,Left,0,0,0,0,86.667,0,0.000,ft_jnd,FrameTimeStutter,1,0,1,0,1,1,0.25,0.25,1.5,100,-10,100,1,5,250,40,5,250,50,1,6,11,0,0.06,4,0.05,50,8,4,2,2,100,144,5,5,300,1.05,1.05,6.0,2.0,10,6,6,-1,
17,P017,1,ft_jnd,FrameTimeStutter,1077,4.86573,4.2916,1460.00,1273.28,-1.000,0.000,1460.00,1273.28,2.3701,11.1165,0.0000,4.8809,0.0000,-2.4838,Left,0,0,0,0,86.667,0,0.000,ft_jnd,FrameTimeStutter,1,0,1,0,1,1,0.25,0.25,1.5,100,-10,100,1,5,250,40,5,250,50,1,6,11,0,0.06,4,0.05,50,8,4,2,2,100,144,5,5,300,1.05,1.05,6.0,2.0,10,6,6,-1,
17,P017,1,ft_jnd,FrameTimeStutter,1078,4.86971,3.9777,1460.00,1273.28,0.000,0.000,1460.00,1273.28,2.3701,11.1165,0.0000,4.8809,0.0000,-2.5108,Left,0,0,0,0,86.667,0,0.000,ft_jnd,FrameTimeStutter,1,0,1,0,1,1,0.25,0.25,1.5,100,-10,100,1,5,250,40,5,250,50,1,6,11,0,0.06,4,0.05,50,8,4,2,2,100,144,5,5,300,1.05,1.05,6.0,2.0,10,6,6,-1,
17,P017,1,ft_jnd,FrameTimeStutter,1079,4.87410,4.3965,1460.00,1273.28,0.000,0.000,1460.00,1273.28,2.3701,11.1165,0.0000,4.8809,0.0000,-2.5108,Left,0,0,0,0,86.667,0,0.000,ft_jnd,FrameTimeStutter,1,0,1,0,1,1,0.25,0.25,1.5,100,-10,100,1,5,250,40,5,250,50,1,6,11,0,0.06,4,0.05,50,8,4,2,2,100,144,5,5,300,1.05,1.05,6.0,2.0,10,6,6,-1,
17,P017,1,ft_jnd,FrameTimeStutter,1080,4.87847,4.3632,1460.00,1273.28,0.000,0.000,1460.00,1273.28,2.3701,11.1165,0.0000,4.8809,0.0000,-2.5108,Left,0,0,0,0,86.667,0,0.000,ft_jnd,FrameTimeStutter,1,0,1,0,1,1,0.25,0.25,1.5,100,-10,100,1,5,250,40,5,250,50,1,6,11,0,0.06,4,0.05,50,8,4,2,2,100,144,5,5,300,1.05,1.05,6.0,2.0,10,6,6,-1,
17,P017,1,ft_jnd,FrameTimeStutter,1081,4.88287,4.4009,1460.00,1273.28,0.000,0.000,1460.00,1273.28,2.3701,11.1165,0.0000,4.8809,0.0000,-2.5108,Left,0,0,0,0,86.667,0,0.000,ft_jnd,FrameTimeStutter,1,0,1,0,1,1,0.25,0.25,1.5,100,-10,100,1,5,250,40,5,250,50,1,6,11,0,0.06,4,0.05,50,8,4,2,2,100,144,5,5,300,1.05,1.05,6.0,2.0,10,6,6,-1,
17,P017,1,ft_jnd,FrameTimeStutter,1082,4.88584,2.9729,1460.00,1273.28,0.000,0.000,1460.00,1273.28,2.3701,11.1165,0.0000,4.8809,0.0000,-2.5108,Left,0,0,0,0,86.667,0,0.000,ft_jnd,FrameTimeStutter,1,0,1,0,1,1,0.25,0.25,1.5,100,-10,100,1,5,250,40,5,250,50,1,6,11,0,0.06,4,0.05,50,8,4,2,2,100,144,5,5,300,1.05,1.05,6.0,2.0,10,6,6,-1,
17,P017,1,ft_jnd,FrameTimeStutter,1083,4.88993,4.0936,1460.00,1273.28,0.000,0.000,1460.00,1273.28,2.3701,11.1165,0.0000,4.8809,0.0000,-2.5108,Left,0,0,0,0,86.667,0,0.000,ft_jnd,FrameTimeStutter,1,0,1,0,1,1,0.25,0.25,1.5,100,-10,100,1,5,250,40,5,250,50,1,6,11,0,0.06,4,0.05,50,8,4,2,2,100,144,5,5,300,1.05,1.05,6.0,2.0,10,6,6,-1,
17,P017,1,ft_jnd,FrameTimeStutter,1084,4.89404,4.1061,1460.00,1273.28,0.000,0.000,1460.00,1273.28,2.3701,11.1165,0.0000,4.8809,0.0000,-2.5108,Left,0,0,0,0,86.667,0,0.000,ft_jnd,FrameTimeStutter,1,0,1,0,1,1,0.25,0.25,1.5,100,-10,100,1,5,250,40,5,250,50,1,6,11,0,0.06,4,0.05,50,8,4,2,2,100,144,5,5,300,1.05,1.05,6.0,2.0,10,6,6,-1,
17,P017,1,ft_jnd,FrameTimeStutter,1085,4.89844,4.3983,1460.00,1273.28,0.000,0.000,1460.00,1273.28,2.3701,11.1165,0.0000,4.8809,0.0000,-2.5108,Left,0,0,0,0,86.667,0,0.000,ft_jnd,FrameTimeStutter,1,0,1,0,1,1,0.25,0.25,1.5,100,-10,100,1,5,250,40,5,250,50,1,6,11,0,0.06,4,0.05,50,8,4,2,2,100,144,5,5,300,1.05,1.05,6.0,2.0,10,6,6,-1,
17,P017,1,ft_jnd,FrameTimeStutter,1086,4.90289,4.4528,1460.00,1273.28,0.000,0.000,1460.00,1273.28,2.3701,11.1165,0.0000,4.8809,0.0000,-2.5108,Left,0,0,0,0,86.667,0,0.000,ft_jnd,FrameTimeStutter,1,0,1,0,1,1,0.25,0.25,1.5,100,-10,100,1,5,250,40,5,250,50,1,6,11,0,0.06,4,0.05,50,8,4,2,2,100,144,5,5,300,1.05,1.05,6.0,2.0,10,6,6,-1,
17,P017,1,ft_jnd,FrameTimeStutter,1087,4.90726,4.3697,1460.00,1273.28,0.000,0.000,1460.00,1273.28,2.3701,11.1165,0.0000,4.8809,0.0000,-2.5108,Left,0,0,0,0,86.667,0,0.000,ft_jnd,FrameTimeStutter,1,0,1,0,1,1,0.25,0.25,1.5,100,-10,100,1,5,250,40,5,250,50,1,6,11,0,0.06,4,0.05,50,8,4,2,2,100,144,5,5,300,1.05,1.05,6.0,2.0,10,6,6,-1,
17,P017,1,ft_jnd,FrameTimeStutter,1088,4.91142,4.1576,1460.00,1273.28,0.000,0.000,1460.00,1273.28,2.3701,11.1165,0.0000,4.8809,0.0000,-2.5108,Left,0,0,0,0,86.667,0,0.000,ft_jnd,FrameTimeStutter,1,0,1,0,1,1,0.25,0.25,1.5,100,-10,100,1,5,250,40,5,250,50,1,6,11,0,0.06,4,0.05,50,8,4,2,2,100,144,5,5,300,1.05,1.05,6.0,2.0,10,6,6,-1,
17,P017,1,ft_jnd,FrameTimeStutter,1089,4.91485,3.4320,1460.00,1273.28,0.000,0.000,1460.00,1273.28,2.3701,11.1165,0.0000,4.8809,0.0000,-2.5108,Left,0,0,0,0,86.667,0,0.000,ft_jnd,FrameTimeStutter,1,0,1,0,1,1,0.25,0.25,1.5,100,-10,100,1,5,250,40,5,250,50,1,6,11,0,0.06,4,0.05,50,8,4,2,2,100,144,5,5,300,1.05,1.05,6.0,2.0,10,6,6,-1,
17,P017,1,ft_jnd,FrameTimeStutter,1090,4.91814,3.2904,1460.00,1273.28,0.000,0.000,1460.00,1273.28,2.3701,11.1165,0.0000,4.8809,0.0000,-2.5108,Left,0,0,0,0,86.667,0,0.000,ft_jnd,FrameTimeStutter,1,0,1,0,1,1,0.25,0.25,1.5,100,-10,100,1,5,250,40,5,250,50,1,6,11,0,0.06,4,0.05,50,8,4,2,2,100,144,5,5,300,1.05,1.05,6.0,2.0,10,6,6,-1,
17,P017,1,ft_jnd,FrameTimeStutter,1091,4.92174,3.6017,1460.00,1273.28,0.000,0.000,1460.00,1273.28,2.3701,11.1165,0.0000,4.8809,0.0000,-2.5108,Left,0,0,0,0,86.667,0,0.000,ft_jnd,FrameTimeStutter,1,0,1,0,1,1,0.25,0.25,1.5,100,-10,100,1,5,250,40,5,250,50,1,6,11,0,0.06,4,0.05,50,8,4,2,2,100,144,5,5,300,1.05,1.05,6.0,2.0,10,6,6,-1,
17,P017,1,ft_jnd,FrameTimeStutter,1092,4.92497,3.2274,1460.00,1273.28,0.000,0.000,1460.00,1273.28,2.3701,11.1165,0.0000,4.8809,0.0000,-2.5108,Left,0,0,0,0,86.667,0,0.000,ft_jnd,FrameTimeStutter,1,0,1,0,1,1,0.25,0.25,1.5,100,-10,100,1,5,250,40,5,250,50,1,6,11,0,0.06,4,0.05,50,8,4,2,2,100,144,5,5,300,1.05,1.05,6.0,2.0,10,6,6,-1,
17,P017,1,ft_jnd,FrameTimeStutter,1093,4.92941,4.4359,1460.00,1273.28,0.000,0.000,1460.00,1273.28,2.3701,11.1165,0.0000,4.8809,0.0000,-2.5108,Left,0,0,0,0,86.667,0,0.000,ft_jnd,FrameTimeStutter,1,0,1,0,1,1,0.25,0.25,1.5,100,-10,100,1,5,250,40,5,250,50,1,6,11,0,0.06,4,0.05,50,8,4,2,2,100,144,5,5,300,1.05,1.05,6.0,2.0,10,6,6,-1,
17,P017,1,ft_jnd,FrameTimeStutter,1094,4.93387,4.4643,1460.00,1273.28,0.000,0.000,1460.00,1273.28,2.3701,11.1165,0.0000,4.8809,0.0000,-2.5108,Left,0,0,0,0,86.667,0,0.000,ft_jnd,FrameTimeStutter,1,0,1,0,1,1,0.25,0.25,1.5,100,-10,100,1,5,250,40,5,250,50,1,6,11,0,0.06,4,0.05,50,8,4,2,2,100,144,5,5,300,1.05,1.05,6.0,2.0,10,6,6,-1,
17,P017,1,ft_jnd,FrameTimeStutter,1095,4.93827,4.3955,1460.00,1273.28,0.000,0.000,1460.00,1273.28,2.3701,11.1165,0.0000,4.8809,0.0000,-2.5108,Left,0,0,0,0,86.667,0,0.000,ft_jnd,FrameTimeStutter,1,0,1,0,1,1,0.25,0.25,1.5,100,-10,100,1,5,250,40,5,250,50,1,6,11,0,0.06,4,0.05,50,8,4,2,2,100,144,5,5,300,1.05,1.05,6.0,2.0,10,6,6,-1,
17,P017,1,ft_jnd,FrameTimeStutter,1096,4.94228,4.0182,1460.00,1273.28,0.000,0.000,1460.00,1273.28,2.3701,11.1165,0.0000,4.8809,0.0000,-2.5108,Left,0,0,0,0,86.667,0,0.000,ft_jnd,FrameTimeStutter,1,0,1,0,1,1,0.25,0.25,1.5,100,-10,100,1,5,250,40,5,250,50,1,6,11,0,0.06,4,0.05,50,8,4,2,2,100,144,5,5,300,1.05,1.05,6.0,2.0,10,6,6,-1,
17,P017,1,ft_jnd,FrameTimeStutter,1097,4.94672,4.4387,1460.00,1273.28,0.000,0.000,1460.00,1273.28,2.3701,11.1165,0.0000,4.8809,0.0000,-2.5108,Left,0,0,0,0,86.667,0,0.000,ft_jnd,FrameTimeStutter,1,0,1,0,1,1,0.25,0.25,1.5,100,-10,100,1,5,250,40,5,250,50,1,6,11,0,0.06,4,0.05,50,8,4,2,2,100,144,5,5,300,1.05,1.05,6.0,2.0,10,6,6,-1,
17,P017,1,ft_jnd,FrameTimeStutter,1098,4.95016,3.4387,1460.00,1273.28,0.000,0.000,1460.00,1273.28,2.3701,11.1165,0.0000,4.8809,0.0000,-2.5108,Left,0,0,0,0,86.667,0,0.000,ft_jnd,FrameTimeStutter,1,0,1,0,1,1,0.25,0.25,1.5,100,-10,100,1,5,250,40,5,250,50,1,6,11,0,0.06,4,0.05,50,8,4,2,2,100,144,5,5,300,1.05,1.05,6.0,2.0,10,6,6,-1,
17,P017,1,ft_jnd,FrameTimeStutter,1099,4.95319,3.0242,1460.00,1273.28,0.000,0.000,1460.00,1273.28,2.3701,11.1165,0.0000,4.8809,0.0000,-2.5108,Left,0,0,0,0,86.667,0,0.000,ft_jnd,FrameTimeStutter,1,0,1,0,1,1,0.25,0.25,1.5,100,-10,100,1,5,250,40,5,250,50,1,6,11,0,0.06,4,0.05,50,8,4,2,2,100,144,5,5,300,1.05,1.05,6.0,2.0,10,6,6,-1,
17,P017,1,ft_jnd,FrameTimeStutter,1100,4.95676,3.5730,1460.00,1273.28,0.000,0.000,1460.00,1273.28,2.3701,11.1165,0.0000,4.8809,0.0000,-2.5108,Left,0,0,0,0,86.667,0,0.000,ft_jnd,FrameTimeStutter,1,0,1,0,1,1,0.25,0.25,1.5,100,-10,100,1,5,250,40,5,250,50,1,6,11,0,0.06,4,0.05,50,8,4,2,2,100,144,5,5,300,1.05,1.05,6.0,2.0,10,6,6,-1,
17,P017,1,ft_jnd,FrameTimeStutter,1101,4.95980,3.0449,1460.00,1273.28,0.000,0.000,1460.00,1273.28,2.3701,11.1165,0.0000,4.8809,0.0000,-2.5108,Left,0,0,0,0,86.667,0,0.000,ft_jnd,FrameTimeStutter,1,0,1,0,1,1,0.25,0.25,1.5,100,-10,100,1,5,250,40,5,250,50,1,6,11,0,0.06,4,0.05,50,8,4,2,2,100,144,5,5,300,1.05,1.05,6.0,2.0,10,6,6,-1,
17,P017,1,ft_jnd,FrameTimeStutter,1102,4.96340,3.5949,1460.00,1273.28,0.000,0.000,1460.00,1273.28,2.3701,11.1165,0.0000,4.8809,0.0000,-2.5108,Left,0,0,0,0,86.667,0,0.000,ft_jnd,FrameTimeStutter,1,0,1,0,1,1,0.25,0.25,1.5,100,-10,100,1,5,250,40,5,250,50,1,6,11,0,0.06,4,0.05,50,8,4,2,2,100,144,5,5,300,1.05,1.05,6.0,2.0,10,6,6,-1,
17,P017,1,ft_jnd,FrameTimeStutter,1103,4.96799,4.5871,1460.00,1273.28,0.000,0.000,1460.00,1273.28,2.3701,11.1165,0.0000,4.8809,0.0000,-2.5108,Left,0,0,0,0,86.667,0,0.000,ft_jnd,FrameTimeStutter,1,0,1,0,1,1,0.25,0.25,1.5,100,-10,100,1,5,250,40,5,250,50,1,6,11,0,0.06,4,0.05,50,8,4,2,2,100,144,5,5,300,1.05,1.05,6.0,2.0,10,6,6,-1,
17,P017,1,ft_jnd,FrameTimeStutter,1104,4.97099,3.0086,1460.00,1273.28,0.000,0.000,1460.00,1273.28,2.3701,11.1165,0.0000,4.8809,0.0000,-2.5108,Left,0,0,0,0,86.667,0,0.000,ft_jnd,FrameTimeStutter,1,0,1,0,1,1,0.25,0.25,1.5,100,-10,100,1,5,250,40,5,250,50,1,6,11,0,0.06,4,0.05,50,8,4,2,2,100,144,5,5,300,1.05,1.05,6.0,2.0,10,6,6,-1,
17,P017,1,ft_jnd,FrameTimeStutter,1105,4.97567,4.6775,1460.00,1273.28,0.000,0.000,1460.00,1273.28,2.3701,11.1165,0.0000,4.8809,0.0000,-2.5108,Left,0,0,0,0,86.667,0,0.000,ft_jnd,FrameTimeStutter,1,0,1,0,1,1,0.25,0.25,1.5,100,-10,100,1,5,250,40,5,250,50,1,6,11,0,0.06,4,0.05,50,8,4,2,2,100,144,5,5,300,1.05,1.05,6.0,2.0,10,6,6,-1,
17,P017,1,ft_jnd,FrameTimeStutter,1106,4.97982,4.1463,1460.00,1273.28,0.000,0.000,1460.00,1273.28,2.3701,11.1165,0.0000,4.8809,0.0000,-2.5108,Left,0,0,0,0,86.667,0,0.000,ft_jnd,FrameTimeStutter,1,0,1,0,1,1,0.25,0.25,1.5,100,-10,100,1,5,250,40,5,250,50,1,6,11,0,0.06,4,0.05,50,8,4,2,2,100,144,5,5,300,1.05,1.05,6.0,2.0,10,6,6,-1,
17,P017,1,ft_jnd,FrameTimeStutter,1107,4.98325,3.4329,1460.00,1273.28,0.000,0.000,1460.00,1273.28,2.3701,11.1165,0.0000,4.8809,0.0000,-2.5108,Left,0,0,0,0,86.667,0,0.000,ft_jnd,FrameTimeStutter,1,0,1,0,1,1,0.25,0.25,1.5,100,-10,100,1,5,250,40,5,250,50,1,6,11,0,0.06,4,0.05,50,8,4,2,2,100,144,5,5,300,1.05,1.05,6.0,2.0,10,6,6,-1,
17,P017,1,ft_jnd,FrameTimeStutter,1108,4.98772,4.4694,1460.00,1273.28,0.000,0.000,1460.00,1273.28,2.3701,11.1165,0.0000,4.8809,0.0000,-2.5108,Left,0,0,0,0,86.667,0,0.000,ft_jnd,FrameTimeStutter,1,0,1,0,1,1,0.25,0.25,1.5,100,-10,100,1,5,250,40,5,250,50,1,6,11,0,0.06,4,0.05,50,8,4,2,2,100,144,5,5,300,1.05,1.05,6.0,2.0,10,6,6,-1,
17,P017,1,ft_jnd,FrameTimeStutter,1109,4.99073,3.0077,1460.00,1273.28,0.000,0.000,1460.00,1273.28,2.3701,11.1165,0.0000,4.8809,0.0000,-2.5108,Left,0,0,0,0,86.667,0,0.000,ft_jnd,FrameTimeStutter,1,0,1,0,1,1,0.25,0.25,1.5,100,-10,100,1,5,250,40,5,250,50,1,6,11,0,0.06,4,0.05,50,8,4,2,2,100,144,5,5,300,1.05,1.05,6.0,2.0,10,6,6,-1,
17,P017,1,ft_jnd,FrameTimeStutter,1110,4.99549,4.7577,1460.00,1273.28,0.000,0.000,1460.00,1273.28,2.3701,11.1165,0.0000,4.8809,0.0000,-2.5108,Left,0,0,0,0,86.667,0,0.000,ft_jnd,FrameTimeStutter,1,0,1,0,1,1,0.25,0.25,1.5,100,-10,100,1,5,250,40,5,250,50,1,6,11,0,0.06,4,0.05,50,8,4,2,2,100,144,5,5,300,1.05,1.05,6.0,2.0,10,6,6,-1,
17,P017,1,ft_jnd,FrameTimeStutter,1111,4.99890,3.4122,1460.00,1273.28,0.000,0.000,1460.00,1273.28,2.3701,11.1165,0.0000,4.8809,0.0000,-2.5108,Left,0,0,0,0,86.667,0,0.000,ft_jnd,FrameTimeStutter,1,0,1,0,1,1,0.25,0.25,1.5,100,-10,100,1,5,250,40,5,250,50,1,6,11,0,0.06,4,0.05,50,8,4,2,2,100,144,5,5,300,1.05,1.05,6.0,2.0,10,6,6,-1,
17,P017,1,ft_jnd,FrameTimeStutter,1112,5.00296,4.0629,1460.00,1273.28,0.000,0.000,1460.00,1273.28,2.3701,11.1165,0.0000,4.8809,0.0000,-2.5108,Left,0,0,0,0,86.667,0,0.000,ft_jnd,FrameTimeStutter,1,0,1,0,1,1,0.25,0.25,1.5,100,-10,100,1,5,250,40,5,250,50,1,6,11,0,0.06,4,0.05,50,8,4,2,2,100,144,5,5,300,1.05,1.05,6.0,2.0,10,6,6,-1,
17,P017,1,ft_jnd,FrameTimeStutter,1113,5.00646,3.4958,1460.00,1273.28,0.000,0.000,1460.00,1273.28,2.3701,11.1165,0.0000,4.8809,0.0000,-2.5108,Left,0,0,0,0,86.667,0,0.000,ft_jnd,FrameTimeStutter,1,0,1,0,1,1,0.25,0.25,1.5,100,-10,100,1,5,250,40,5,250,50,1,6,11,0,0.06,4,0.05,50,8,4,2,2,100,144,5,5,300,1.05,1.05,6.0,2.0,10,6,6,-1,
17,P017,1,ft_jnd,FrameTimeStutter,1114,5.01083,4.3786,1460.00,1273.28,0.000,0.000,1460.00,1273.28,2.3701,11.1165,0.0000,4.8809,0.0000,-2.5108,Left,0,0,0,0,86.667,0,0.000,ft_jnd,FrameTimeStutter,1,0,1,0,1,1,0.25,0.25,1.5,100,-10,100,1,5,250,40,5,250,50,1,6,11,0,0.06,4,0.05,50,8,4,2,2,100,144,5,5,300,1.05,1.05,6.0,2.0,10,6,6,-1,
17,P017,1,ft_jnd,FrameTimeStutter,1115,5.01496,4.1232,1460.00,1273.28,0.000,0.000,1460.00,1273.28,2.3701,11.1165,0.0000,4.8809,0.0000,-2.5108,Left,0,0,0,0,86.667,0,0.000,ft_jnd,FrameTimeStutter,1,0,1,0,1,1,0.25,0.25,1.5,100,-10,100,1,5,250,40,5,250,50,1,6,11,0,0.06,4,0.05,50,8,4,2,2,100,144,5,5,300,1.05,1.05,6.0,2.0,10,6,6,-1,
17,P017,1,ft_jnd,FrameTimeStutter,1116,5.01841,3.4557,1460.00,1273.28,0.000,0.000,1460.00,1273.28,2.3701,11.1165,0.0000,4.8809,0.0000,-2.5108,Left,0,0,0,0,86.667,0,0.000,ft_jnd,FrameTimeStutter,1,0,1,0,1,1,0.25,0.25,1.5,100,-10,100,1,5,250,40,5,250,50,1,6,11,0,0.06,4,0.05,50,8,4,2,2,100,144,5,5,300,1.05,1.05,6.0,2.0,10,6,6,-1,
17,P017,1,ft_jnd,FrameTimeStutter,1117,5.02168,3.2687,1460.00,1273.28,0.000,0.000,1460.00,1273.28,2.3701,11.1165,0.0000,4.8809,0.0000,-2.5108,Left,0,0,0,0,86.667,0,0.000,ft_jnd,FrameTimeStutter,1,0,1,0,1,1,0.25,0.25,1.5,100,-10,100,1,5,250,40,5,250,50,1,6,11,0,0.06,4,0.05,50,8,4,2,2,100,144,5,5,300,1.05,1.05,6.0,2.0,10,6,6,-1,
17,P017,1,ft_jnd,FrameTimeStutter,1118,5.02500,3.3176,1460.00,1273.28,0.000,0.000,1460.00,1273.28,2.3701,11.1165,0.0000,4.8809,0.0000,-2.5108,Left,0,0,0,0,86.667,0,0.000,ft_jnd,FrameTimeStutter,1,0,1,0,1,1,0.25,0.25,1.5,100,-10,100,1,5,250,40,5,250,50,1,6,11,0,0.06,4,0.05,50,8,4,2,2,100,144,5,5,300,1.05,1.05,6.0,2.0,10,6,6,-1,
17,P017,1,ft_jnd,FrameTimeStutter,1119,5.02886,3.8619,1460.00,1273.28,0.000,0.000,1460.00,1273.28,2.3701,11.1165,0.0000,4.8809,0.0000,-2.5108,Left,0,0,0,0,86.667,0,0.000,ft_jnd,FrameTimeStutter,1,0,1,0,1,1,0.25,0.25,1.5,100,-10,100,1,5,250,40,5,250,50,1,6,11,0,0.06,4,0.05,50,8,4,2,2,100,144,5,5,300,1.05,1.05,6.0,2.0,10,6,6,-1,
17,P017,1,ft_jnd,FrameTimeStutter,1120,5.03286,4.0030,1460.00,1273.28,0.000,0.000,1460.00,1273.28,2.3701,11.1165,0.0000,4.8809,0.0000,-2.5108,Left,0,0,0,0,86.667,0,0.000,ft_jnd,FrameTimeStutter,1,0,1,0,1,1,0.25,0.25,1.5,100,-10,100,1,5,250,40,5,250,50,1,6,11,0,0.06,4,0.05,50,8,4,2,2,100,144,5,5,300,1.05,1.05,6.0,2.0,10,6,6,-1,
17,P017,1,ft_jnd,FrameTimeStutter,1121,5.03726,4.3903,1460.00,1273.28,0.000,0.000,1460.00,1273.28,2.3701,11.1165,0.0000,4.8809,0.0000,-2.5108,Left,0,0,0,0,86.667,0,0.000,ft_jnd,FrameTimeStutter,1,0,1,0,1,1,0.25,0.25,1.5,100,-10,100,1,5,250,40,5,250,50,1,6,11,0,0.06,4,0.05,50,8,4,2,2,100,144,5,5,300,1.05,1.05,6.0,2.0,10,6,6,-1,
17,P017,1,ft_jnd,FrameTimeStutter,1122,5.04168,4.4217,1460.00,1273.28,0.000,0.000,1460.00,1273.28,2.3701,11.1165,0.0000,4.8809,0.0000,-2.5108,Left,0,0,0,0,86.667,0,0.000,ft_jnd,FrameTimeStutter,1,0,1,0,1,1,0.25,0.25,1.5,100,-10,100,1,5,250,40,5,250,50,1,6,11,0,0.06,4,0.05,50,8,4,2,2,100,144,5,5,300,1.05,1.05,6.0,2.0,10,6,6,-1,
17,P017,1,ft_jnd,FrameTimeStutter,1123,5.04568,4.0034,1460.00,1273.28,0.000,0.000,1460.00,1273.28,2.3701,11.1165,0.0000,4.8809,0.0000,-2.5108,Left,0,0,0,0,86.667,0,0.000,ft_jnd,FrameTimeStutter,1,0,1,0,1,1,0.25,0.25,1.5,100,-10,100,1,5,250,40,5,250,50,1,6,11,0,0.06,4,0.05,50,8,4,2,2,100,144,5,5,300,1.05,1.05,6.0,2.0,10,6,6,-1,
17,P017,1,ft_jnd,FrameTimeStutter,1124,5.05012,4.4354,1460.00,1273.28,0.000,0.000,1460.00,1273.28,2.3701,11.1165,0.0000,4.8809,0.0000,-2.5108,Left,0,0,0,0,86.667,0,0.000,ft_jnd,FrameTimeStutter,1,0,1,0,1,1,0.25,0.25,1.5,100,-10,100,1,5,250,40,5,250,50,1,6,11,0,0.06,4,0.05,50,8,4,2,2,100,144,5,5,300,1.05,1.05,6.0,2.0,10,6,6,-1,
17,P017,1,ft_jnd,FrameTimeStutter,1125,5.05355,3.4386,1460.00,1273.28,0.000,0.000,1460.00,1273.28,2.3701,11.1165,0.0000,4.8809,0.0000,-2.5108,Left,0,0,0,0,86.667,0,0.000,ft_jnd,FrameTimeStutter,1,0,1,0,1,1,0.25,0.25,1.5,100,-10,100,1,5,250,40,5,250,50,1,6,11,0,0.06,4,0.05,50,8,4,2,2,100,144,5,5,300,1.05,1.05,6.0,2.0,10,6,6,-1,
17,P017,1,ft_jnd,FrameTimeStutter,1126,5.05659,3.0367,1460.00,1273.28,0.000,0.000,1460.00,1273.28,2.3701,11.1165,0.0000,4.8809,0.0000,-2.5108,Left,0,0,0,0,86.667,0,0.000,ft_jnd,FrameTimeStutter,1,0,1,0,1,1,0.25,0.25,1.5,100,-10,100,1,5,250,40,5,250,50,1,6,11,0,0.06,4,0.05,50,8,4,2,2,100,144,5,5,300,1.05,1.05,6.0,2.0,10,6,6,-1,
17,P017,1,ft_jnd,FrameTimeStutter,1127,5.06073,4.1358,1460.00,1273.28,0.000,0.000,1460.00,1273.28,2.3701,11.1165,0.0000,4.8809,0.0000,-2.5108,Left,0,0,0,0,86.667,0,0.000,ft_jnd,FrameTimeStutter,1,0,1,0,1,1,0.25,0.25,1.5,100,-10,100,1,5,250,40,5,250,50,1,6,11,0,0.06,4,0.05,50,8,4,2,2,100,144,5,5,300,1.05,1.05,6.0,2.0,10,6,6,-1,
17,P017,1,ft_jnd,FrameTimeStutter,1128,5.06515,4.4235,1460.00,1273.28,0.000,0.000,1460.00,1273.28,2.3701,11.1165,0.0000,4.8809,0.0000,-2.5108,Left,0,0,0,0,86.667,0,0.000,ft_jnd,FrameTimeStutter,1,0,1,0,1,1,0.25,0.25,1.5,100,-10,100,1,5,250,40,5,250,50,1,6,11,0,0.06,4,0.05,50,8,4,2,2,100,144,5,5,300,1.05,1.05,6.0,2.0,10,6,6,-1,
17,P017,1,ft_jnd,FrameTimeStutter,1129,5.06918,4.0328,1460.00,1273.28,0.000,0.000,1460.00,1273.28,2.3701,11.1165,0.0000,4.8809,0.0000,-2.5108,Left,0,0,0,0,86.667,0,0.000,ft_jnd,FrameTimeStutter,1,0,1,0,1,1,0.25,0.25,1.5,100,-10,100,1,5,250,40,5,250,50,1,6,11,0,0.06,4,0.05,50,8,4,2,2,100,144,5,5,300,1.05,1.05,6.0,2.0,10,6,6,-1,
17,P017,1,ft_jnd,FrameTimeStutter,1130,5.07379,4.6098,1460.00,1273.28,0.000,0.000,1460.00,1273.28,2.3701,11.1165,0.0000,4.8809,0.0000,-2.5108,Left,0,0,0,0,86.667,0,0.000,ft_jnd,FrameTimeStutter,1,0,1,0,1,1,0.25,0.25,1.5,100,-10,100,1,5,250,40,5,250,50,1,6,11,0,0.06,4,0.05,50,8,4,2,2,100,144,5,5,300,1.05,1.05,6.0,2.0,10,6,6,-1,
17,P017,1,ft_jnd,FrameTimeStutter,1131,5.07821,4.4204,1460.00,1273.28,0.000,0.000,1460.00,1273.28,2.3701,11.1165,0.0000,4.8809,0.0000,-2.5108,Left,0,0,0,0,86.667,0,0.000,ft_jnd,FrameTimeStutter,1,0,1,0,1,1,0.25,0.25,1.5,100,-10,100,1,5,250,40,5,250,50,1,6,11,0,0.06,4,0.05,50,8,4,2,2,100,144,5,5,300,1.05,1.05,6.0,2.0,10,6,6,-1,
17,P017,1,ft_jnd,FrameTimeStutter,1132,5.08220,3.9820,1460.00,1273.28,0.000,0.000,1460.00,1273.28,2.3701,11.1165,0.0000,4.8809,0.0000,-2.5108,Left,0,0,0,0,86.667,0,0.000,ft_jnd,FrameTimeStutter,1,0,1,0,1,1,0.25,0.25,1.5,100,-10,100,1,5,250,40,5,250,50,1,6,11,0,0.06,4,0.05,50,8,4,2,2,100,144,5,5,300,1.05,1.05,6.0,2.0,10,6,6,-1,
17,P017,1,ft_jnd,FrameTimeStutter,1133,5.08567,3.4781,1460.00,1273.28,0.000,0.000,1460.00,1273.28,2.3701,11.1165,0.0000,4.8809,0.0000,-2.5108,Left,0,0,0,0,86.667,0,0.000,ft_jnd,FrameTimeStutter,1,0,1,0,1,1,0.25,0.25,1.5,100,-10,100,1,5,250,40,5,250,50,1,6,11,0,0.06,4,0.05,50,8,4,2,2,100,144,5,5,300,1.05,1.05,6.0,2.0,10,6,6,-1,
17,P017,1,ft_jnd,FrameTimeStutter,1134,5.08910,3.4222,1460.00,1273.28,0.000,0.000,1460.00,1273.28,2.3701,11.1165,0.0000,4.8809,0.0000,-2.5108,Left,0,0,0,0,86.667,0,0.000,ft_jnd,FrameTimeStutter,1,0,1,0,1,1,0.25,0.25,1.5,100,-10,100,1,5,250,40,5,250,50,1,6,11,0,0.06,4,0.05,50,8,4,2,2,100,144,5,5,300,1.05,1.05,6.0,2.0,10,6,6,-1,
17,P017,1,ft_jnd,FrameTimeStutter,1135,5.09274,3.6470,1460.00,1273.28,0.000,0.000,1460.00,1273.28,2.3701,11.1165,0.0000,4.8809,0.0000,-2.5108,Left,0,0,0,0,86.667,0,0.000,ft_jnd,FrameTimeStutter,1,0,1,0,1,1,0.25,0.25,1.5,100,-10,100,1,5,250,40,5,250,50,1,6,11,0,0.06,4,0.05,50,8,4,2,2,100,144,5,5,300,1.05,1.05,6.0,2.0,10,6,6,-1,
17,P017,1,ft_jnd,FrameTimeStutter,1136,5.09729,4.5510,1460.00,1273.28,0.000,0.000,1460.00,1273.28,2.3701,11.1165,0.0000,4.8809,0.0000,-2.5108,Left,0,0,0,0,86.667,0,0.000,ft_jnd,FrameTimeStutter,1,0,1,0,1,1,0.25,0.25,1.5,100,-10,100,1,5,250,40,5,250,50,1,6,11,0,0.06,4,0.05,50,8,4,2,2,100,144,5,5,300,1.05,1.05,6.0,2.0,10,6,6,-1,
17,P017,1,ft_jnd,FrameTimeStutter,1137,5.10175,4.4525,1460.00,1273.28,0.000,0.000,1460.00,1273.28,2.3701,11.1165,0.0000,4.8809,0.0000,-2.5108,Left,1,1,0,0,143.205,0,0.000,ft_jnd,FrameTimeStutter,1,0,1,0,1,1,0.25,0.25,1.5,100,-10,100,1,5,250,40,5,250,50,1,6,11,0,0.06,4,0.05,50,8,4,2,2,100,144,5,5,300,1.05,1.05,6.0,2.0,10,6,6,-1,
17,P017,1,ft_jnd,FrameTimeStutter,1138,5.13414,32.3958,1460.00,1273.28,0.000,0.000,1460.00,1273.28,2.3701,11.1165,0.0000,4.8809,0.0000,-2.5108,Left,1,0,0,0,143.205,0,0.000,ft_jnd,FrameTimeStutter,1,0,1,0,1,1,0.25,0.25,1.5,100,-10,100,1,5,250,40,5,250,50,1,6,11,0,0.06,4,0.05,50,8,4,2,2,100,144,5,5,300,1.05,1.05,6.0,2.0,10,6,6,-1,
17,P017,1,ft_jnd,FrameTimeStutter,1139,5.14458,10.4391,1460.00,1273.28,0.000,0.000,1460.00,1273.28,2.3701,11.1165,0.0000,4.8809,0.0000,-2.5108,Left,1,0,0,0,143.205,0,0.000,ft_jnd,FrameTimeStutter,1,0,1,0,1,1,0.25,0.25,1.5,100,-10,100,1,5,250,40,5,250,50,1,6,11,0,0.06,4,0.05,50,8,4,2,2,100,144,5,5,300,1.05,1.05,6.0,2.0,10,6,6,-1,
17,P017,1,ft_jnd,FrameTimeStutter,1140,5.15338,8.7950,1460.00,1273.28,0.000,0.000,1460.00,1273.28,2.3701,11.1165,0.0000,4.8809,0.0000,-2.5108,Left,1,0,0,0,143.205,0,0.000,ft_jnd,FrameTimeStutter,1,0,1,0,1,1,0.25,0.25,1.5,100,-10,100,1,5,250,40,5,250,50,1,6,11,0,0.06,4,0.05,50,8,4,2,2,100,144,5,5,300,1.05,1.05,6.0,2.0,10,6,6,-1,
17,P017,1,ft_jnd,FrameTimeStutter,1141,5.16253,9.1549,1460.00,1273.28,0.000,0.000,1460.00,1273.28,2.3701,11.1165,0.0000,4.8809,0.0000,-2.5108,Left,1,0,0,0,143.205,0,0.000,ft_jnd,FrameTimeStutter,1,0,1,0,1,1,0.25,0.25,1.5,100,-10,100,1,5,250,40,5,250,50,1,6,11,0,0.06,4,0.05,50,8,4,2,2,100,144,5,5,300,1.05,1.05,6.0,2.0,10,6,6,-1,
17,P017,1,ft_jnd,FrameTimeStutter,1142,5.17135,8.8160,1460.00,1273.28,0.000,0.000,1460.00,1273.28,2.3701,11.1165,0.0000,4.8809,0.0000,-2.5108,Left,1,0,0,0,143.205,0,0.000,ft_jnd,FrameTimeStutter,1,0,1,0,1,1,0.25,0.25,1.5,100,-10,100,1,5,250,40,5,250,50,1,6,11,0,0.06,4,0.05,50,8,4,2,2,100,144,5,5,300,1.05,1.05,6.0,2.0,10,6,6,-1,
17,P017,1,ft_jnd,FrameTimeStutter,1143,5.18091,9.5596,1460.00,1273.28,0.000,0.000,1460.00,1273.28,2.3701,11.1165,0.0000,4.8809,0.0000,-2.5108,Left,1,0,0,0,143.205,0,0.000,ft_jnd,FrameTimeStutter,1,0,1,0,1,1,0.25,0.25,1.5,100,-10,100,1,5,250,40,5,250,50,1,6,11,0,0.06,4,0.05,50,8,4,2,2,100,144,5,5,300,1.05,1.05,6.0,2.0,10,6,6,-1,
17,P017,1,ft_jnd,FrameTimeStutter,1144,5.19224,11.3379,1460.00,1273.28,0.000,0.000,1460.00,1273.28,2.3701,11.1165,0.0000,4.8809,0.0000,-2.5108,Left,1,0,0,0,143.205,0,0.000,ft_jnd,FrameTimeStutter,1,0,1,0,1,1,0.25,0.25,1.5,100,-10,100,1,5,250,40,5,250,50,1,6,11,0,0.06,4,0.05,50,8,4,2,2,100,144,5,5,300,1.05,1.05,6.0,2.0,10,6,6,-1,
17,P017,1,ft_jnd,FrameTimeStutter,1145,5.20191,9.6637,1460.00,1273.28,0.000,0.000,1460.00,1273.28,2.3701,11.1165,0.0000,4.8809,0.0000,-2.5108,Left,1,0,0,0,143.205,0,0.000,ft_jnd,FrameTimeStutter,1,0,1,0,1,1,0.25,0.25,1.5,100,-10,100,1,5,250,40,5,250,50,1,6,11,0,0.06,4,0.05,50,8,4,2,2,100,144,5,5,300,1.05,1.05,6.0,2.0,10,6,6,-1,
17,P017,1,ft_jnd,FrameTimeStutter,1146,5.21153,9.6252,1460.00,1273.28,0.000,0.000,1460.00,1273.28,2.3701,11.1165,0.0000,4.8809,0.0000,-2.5108,Left,0,0,0,0,143.205,0,0.000,ft_jnd,FrameTimeStutter,1,0,1,0,1,1,0.25,0.25,1.5,100,-10,100,1,5,250,40,5,250,50,1,6,11,0,0.06,4,0.05,50,8,4,2,2,100,144,5,5,300,1.05,1.05,6.0,2.0,10,6,6,-1,
17,P017,1,ft_jnd,FrameTimeStutter,1147,5.22007,8.5347,1460.00,1273.28,0.000,0.000,1460.00,1273.28,2.3701,11.1165,0.0000,4.8809,0.0000,-2.5108,Left,0,0,0,0,143.205,0,0.000,ft_jnd,FrameTimeStutter,1,0,1,0,1,1,0.25,0.25,1.5,100,-10,100,1,5,250,40,5,250,50,1,6,11,0,0.06,4,0.05,50,8,4,2,2,100,144,5,5,300,1.05,1.05,6.0,2.0,10,6,6,-1,
17,P017,1,ft_jnd,FrameTimeStutter,1148,5.22847,8.4031,1460.00,1273.28,0.000,0.000,1460.00,1273.28,2.3701,11.1165,0.0000,4.8809,0.0000,-2.5108,Left,0,0,0,0,143.205,0,0.000,ft_jnd,FrameTimeStutter,1,0,1,0,1,1,0.25,0.25,1.5,100,-10,100,1,5,250,40,5,250,50,1,6,11,0,0.06,4,0.05,50,8,4,2,2,100,144,5,5,300,1.05,1.05,6.0,2.0,10,6,6,-1,
17,P017,1,ft_jnd,FrameTimeStutter,1149,5.23685,8.3797,1460.00,1273.28,0.000,0.000,1460.00,1273.28,2.3701,11.1165,0.0000,4.8809,0.0000,-2.5108,Left,0,0,0,0,143.205,0,0.000,ft_jnd,FrameTimeStutter,1,0,1,0,1,1,0.25,0.25,1.5,100,-10,100,1,5,250,40,5,250,50,1,6,11,0,0.06,4,0.05,50,8,4,2,2,100,144,5,5,300,1.05,1.05,6.0,2.0,10,6,6,-1,
17,P017,1,ft_jnd,FrameTimeStutter,1150,5.24607,9.2205,1460.00,1273.28,0.000,0.000,1460.00,1273.28,2.3701,11.1165,0.0000,4.8809,0.0000,-2.5108,Left,0,0,0,0,143.205,0,0.000,ft_jnd,FrameTimeStutter,1,0,1,0,1,1,0.25,0.25,1.5,100,-10,100,1,5,250,40,5,250,50,1,6,11,0,0.06,4,0.05,50,8,4,2,2,100,144,5,5,300,1.05,1.05,6.0,2.0,10,6,6,-1,
17,P017,1,ft_jnd,FrameTimeStutter,1151,5.25452,8.4507,1460.00,1273.28,0.000,0.000,1460.00,1273.28,2.3701,11.1165,0.0000,4.8809,0.0000,-2.5108,Left,0,0,0,0,143.205,0,0.000,ft_jnd,FrameTimeStutter,1,0,1,0,1,1,0.25,0.25,1.5,100,-10,100,1,5,250,40,5,250,50,1,6,11,0,0.06,4,0.05,50,8,4,2,2,100,144,5,5,300,1.05,1.05,6.0,2.0,10,6,6,-1,
17,P017,1,ft_jnd,FrameTimeStutter,1152,5.26310,8.5746,1460.00,1273.28,0.000,0.000,1460.00,1273.28,2.3701,11.1165,0.0000,4.8809,0.0000,-2.5108,Left,0,0,0,0,143.205,0,0.000,ft_jnd,FrameTimeStutter,1,0,1,0,1,1,0.25,0.25,1.5,100,-10,100,1,5,250,40,5,250,50,1,6,11,0,0.06,4,0.05,50,8,4,2,2,100,144,5,5,300,1.05,1.05,6.0,2.0,10,6,6,-1,
17,P017,1,ft_jnd,FrameTimeStutter,1153,5.27627,13.1728,1460.00,1273.28,0.000,0.000,1460.00,1273.28,2.3701,11.1165,0.0000,4.8809,0.0000,-2.5108,Left,0,0,0,0,143.205,0,0.000,ft_jnd,FrameTimeStutter,1,0,1,0,1,1,0.25,0.25,1.5,100,-10,100,1,5,250,40,5,250,50,1,6,11,0,0.06,4,0.05,50,8,4,2,2,100,144,5,5,300,1.05,1.05,6.0,2.0,10,6,6,-1,
17,P017,1,ft_jnd,FrameTimeStutter,1154,5.28456,8.2888,1460.00,1273.28,0.000,0.000,1460.00,1273.28,2.3701,11.1165,0.0000,4.8809,0.0000,-2.5108,Left,0,0,0,0,143.205,0,0.000,ft_jnd,FrameTimeStutter,1,0,1,0,1,1,0.25,0.25,1.5,100,-10,100,1,5,250,40,5,250,50,1,6,11,0,0.06,4,0.05,50,8,4,2,2,100,144,5,5,300,1.05,1.05,6.0,2.0,10,6,6,-1,
17,P017,1,ft_jnd,FrameTimeStutter,1155,5.29318,8.6189,1460.00,1273.28,0.000,0.000,1460.00,1273.28,2.3701,11.1165,0.0000,4.8809,0.0000,-2.5108,Left,0,0,0,0,143.205,0,0.000,ft_jnd,FrameTimeStutter,1,0,1,0,1,1,0.25,0.25,1.5,100,-10,100,1,5,250,40,5,250,50,1,6,11,0,0.06,4,0.05,50,8,4,2,2,100,144,5,5,300,1.05,1.05,6.0,2.0,10,6,6,-1,
17,P017,1,ft_jnd,FrameTimeStutter,1156,5.30145,8.2771,1460.00,1273.28,0.000,0.000,1460.00,1273.28,2.3701,11.1165,0.0000,4.8809,0.0000,-2.5108,Left,0,0,0,0,143.205,0,0.000,ft_jnd,FrameTimeStutter,1,0,1,0,1,1,0.25,0.25,1.5,100,-10,100,1,5,250,40,5,250,50,1,6,11,0,0.06,4,0.05,50,8,4,2,2,100,144,5,5,300,1.05,1.05,6.0,2.0,10,6,6,-1,
17,P017,1,ft_jnd,FrameTimeStutter,1157,5.31037,8.9116,1460.00,1273.28,0.000,0.000,1460.00,1273.28,2.3701,11.1165,0.0000,4.8809,0.0000,-2.5108,Left,0,0,0,0,143.205,0,0.000,ft_jnd,FrameTimeStutter,1,0,1,0,1,1,0.25,0.25,1.5,100,-10,100,1,5,250,40,5,250,50,1,6,11,0,0.06,4,0.05,50,8,4,2,2,100,144,5,5,300,1.05,1.05,6.0,2.0,10,6,6,-1,
17,P017,1,ft_jnd,FrameTimeStutter,1158,5.32344,13.0757,1460.00,1273.28,0.000,0.000,1460.00,1273.28,2.3701,11.1165,0.0000,4.8809,0.0000,-2.5108,Left,0,0,0,0,143.205,0,0.000,ft_jnd,FrameTimeStutter,1,0,1,0,1,1,0.25,0.25,1.5,100,-10,100,1,5,250,40,5,250,50,1,6,11,0,0.06,4,0.05,50,8,4,2,2,100,144,5,5,300,1.05,1.05,6.0,2.0,10,6,6,-1,
17,P017,1,ft_jnd,FrameTimeStutter,1159,5.33553,12.0897,1460.00,1273.28,0.000,0.000,1460.00,1273.28,2.3701,11.1165,0.0000,4.8809,0.0000,-2.5108,Left,0,0,0,0,143.205,0,0.000,ft_jnd,FrameTimeStutter,1,0,1,0,1,1,0.25,0.25,1.5,100,-10,100,1,5,250,40,5,250,50,1,6,11,0,0.06,4,0.05,50,8,4,2,2,100,144,5,5,300,1.05,1.05,6.0,2.0,10,6,6,-1,
17,P017,1,ft_jnd,FrameTimeStutter,1160,5.34825,12.7165,1460.00,1273.28,0.000,0.000,1460.00,1273.28,2.3701,11.1165,0.0000,4.8809,0.0000,-2.5108,Left,0,0,0,0,143.205,0,0.000,ft_jnd,FrameTimeStutter,1,0,1,0,1,1,0.25,0.25,1.5,100,-10,100,1,5,250,40,5,250,50,1,6,11,0,0.06,4,0.05,50,8,4,2,2,100,144,5,5,300,1.05,1.05,6.0,2.0,10,6,6,-1,
17,P017,1,ft_jnd,FrameTimeStutter,1161,5.36140,13.1518,1460.00,1273.28,0.000,0.000,1460.00,1273.28,2.3701,11.1165,0.0000,4.8809,0.0000,-2.5108,Left,0,0,0,0,143.205,0,0.000,ft_jnd,FrameTimeStutter,1,0,1,0,1,1,0.25,0.25,1.5,100,-10,100,1,5,250,40,5,250,50,1,6,11,0,0.06,4,0.05,50,8,4,2,2,100,144,5,5,300,1.05,1.05,6.0,2.0,10,6,6,-1,
17,P017,1,ft_jnd,FrameTimeStutter,1162,5.37344,12.0396,1460.00,1273.28,0.000,0.000,1460.00,1273.28,2.3701,11.1165,0.0000,4.8809,0.0000,-2.5108,Left,0,0,0,0,143.205,0,0.000,ft_jnd,FrameTimeStutter,1,0,1,0,1,1,0.25,0.25,1.5,100,-10,100,1,5,250,40,5,250,50,1,6,11,0,0.06,4,0.05,50,8,4,2,2,100,144,5,5,300,1.05,1.05,6.0,2.0,10,6,6,-1,
17,P017,1,ft_jnd,FrameTimeStutter,1163,5.38617,12.7322,1460.00,1273.28,0.000,0.000,1460.00,1273.28,2.3701,11.1165,0.0000,4.8809,0.0000,-2.5108,Left,0,0,0,0,143.205,0,0.000,ft_jnd,FrameTimeStutter,1,0,1,0,1,1,0.25,0.25,1.5,100,-10,100,1,5,250,40,5,250,50,1,6,11,0,0.06,4,0.05,50,8,4,2,2,100,144,5,5,300,1.05,1.05,6.0,2.0,10,6,6,-1,
17,P017,1,ft_jnd,FrameTimeStutter,1164,5.39732,11.1482,1460.00,1273.28,0.000,0.000,1460.00,1273.28,2.3701,11.1165,0.0000,4.8809,0.0000,-2.5108,Left,0,0,0,0,143.205,0,0.000,ft_jnd,FrameTimeStutter,1,0,1,0,1,1,0.25,0.25,1.5,100,-10,100,1,5,250,40,5,250,50,1,6,11,0,0.06,4,0.05,50,8,4,2,2,100,144,5,5,300,1.05,1.05,6.0,2.0,10,6,6,-1,
17,P017,1,ft_jnd,FrameTimeStutter,1165,5.40761,10.2943,1460.00,1273.28,0.000,0.000,1460.00,1273.28,2.3701,11.1165,0.0000,4.8809,0.0000,-2.5108,Left,0,0,0,0,143.205,0,0.000,ft_jnd,FrameTimeStutter,1,0,1,0,1,1,0.25,0.25,1.5,100,-10,100,1,5,250,40,5,250,50,1,6,11,0,0.06,4,0.05,50,8,4,2,2,100,144,5,5,300,1.05,1.05,6.0,2.0,10,6,6,-1,
17,P017,1,ft_jnd,FrameTimeStutter,1166,5.41875,11.1349,1460.00,1273.28,0.000,0.000,1460.00,1273.28,2.3701,11.1165,0.0000,4.8809,0.0000,-2.5108,Left,0,0,0,0,143.205,0,0.000,ft_jnd,FrameTimeStutter,1,0,1,0,1,1,0.25,0.25,1.5,100,-10,100,1,5,250,40,5,250,50,1,6,11,0,0.06,4,0.05,50,8,4,2,2,100,144,5,5,300,1.05,1.05,6.0,2.0,10,6,6,-1,
17,P017,1,ft_jnd,FrameTimeStutter,1167,5.42735,8.5964,1460.00,1273.28,0.000,0.000,1460.00,1273.28,2.3701,11.1165,0.0000,4.8809,0.0000,-2.5108,Left,0,0,0,0,143.205,0,0.000,ft_jnd,FrameTimeStutter,1,0,1,0,1,1,0.25,0.25,1.5,100,-10,100,1,5,250,40,5,250,50,1,6,11,0,0.06,4,0.05,50,8,4,2,2,100,144,5,5,300,1.05,1.05,6.0,2.0,10,6,6,-1,
17,P017,1,ft_jnd,FrameTimeStutter,1168,5.43625,8.9081,1460.00,1273.28,0.000,0.000,1460.00,1273.28,2.3701,11.1165,0.0000,4.8809,0.0000,-2.5108,Left,0,0,0,0,143.205,0,0.000,ft_jnd,FrameTimeStutter,1,0,1,0,1,1,0.25,0.25,1.5,100,-10,100,1,5,250,40,5,250,50,1,6,11,0,0.06,4,0.05,50,8,4,2,2,100,144,5,5,300,1.05,1.05,6.0,2.0,10,6,6,-1,
17,P017,1,ft_jnd,FrameTimeStutter,1169,5.44458,8.3302,1460.00,1273.28,0.000,0.000,1460.00,1273.28,2.3701,11.1165,0.0000,4.8809,0.0000,-2.5108,Left,0,0,0,0,143.205,0,0.000,ft_jnd,FrameTimeStutter,1,0,1,0,1,1,0.25,0.25,1.5,100,-10,100,1,5,250,40,5,250,50,1,6,11,0,0.06,4,0.05,50,8,4,2,2,100,144,5,5,300,1.05,1.05,6.0,2.0,10,6,6,-1,
17,P017,1,ft_jnd,FrameTimeStutter,1170,5.45362,9.0347,1460.00,1273.28,0.000,0.000,1460.00,1273.28,2.3701,11.1165,0.0000,4.8809,0.0000,-2.5108,Left,0,0,0,0,143.205,0,0.000,ft_jnd,FrameTimeStutter,1,0,1,0,1,1,0.25,0.25,1.5,100,-10,100,1,5,250,40,5,250,50,1,6,11,0,0.06,4,0.05,50,8,4,2,2,100,144,5,5,300,1.05,1.05,6.0,2.0,10,6,6,-1,
17,P017,1,ft_jnd,FrameTimeStutter,1171,5.46201,8.3950,1460.00,1273.28,0.000,0.000,1460.00,1273.28,2.3701,11.1165,0.0000,4.8809,0.0000,-2.5108,Left,0,0,0,0,143.205,0,0.000,ft_jnd,FrameTimeStutter,1,0,1,0,1,1,0.25,0.25,1.5,100,-10,100,1,5,250,40,5,250,50,1,6,11,0,0.06,4,0.05,50,8,4,2,2,100,144,5,5,300,1.05,1.05,6.0,2.0,10,6,6,-1,
17,P017,1,ft_jnd,FrameTimeStutter,1172,5.47091,8.8929,1460.00,1273.28,0.000,0.000,1460.00,1273.28,2.3701,11.1165,0.0000,4.8809,0.0000,-2.5108,Left,0,0,0,0,143.205,0,0.000,ft_jnd,FrameTimeStutter,1,0,1,0,1,1,0.25,0.25,1.5,100,-10,100,1,5,250,40,5,250,50,1,6,11,0,0.06,4,0.05,50,8,4,2,2,100,144,5,5,300,1.05,1.05,6.0,2.0,10,6,6,-1,
17,P017,1,ft_jnd,FrameTimeStutter,1173,5.47967,8.7658,1460.00,1273.28,0.000,0.000,1460.00,1273.28,2.3701,11.1165,0.0000,4.8809,0.0000,-2.5108,Left,0,0,0,0,143.205,0,0.000,ft_jnd,FrameTimeStutter,1,0,1,0,1,1,0.25,0.25,1.5,100,-10,100,1,5,250,40,5,250,50,1,6,11,0,0.06,4,0.05,50,8,4,2,2,100,144,5,5,300,1.05,1.05,6.0,2.0,10,6,6,-1,
17,P017,1,ft_jnd,FrameTimeStutter,1174,5.48849,8.8162,1460.00,1273.28,0.000,0.000,1460.00,1273.28,2.3701,11.1165,0.0000,4.8809,0.0000,-2.5108,Left,0,0,0,0,143.205,0,0.000,ft_jnd,FrameTimeStutter,1,0,1,0,1,1,0.25,0.25,1.5,100,-10,100,1,5,250,40,5,250,50,1,6,11,0,0.06,4,0.05,50,8,4,2,2,100,144,5,5,300,1.05,1.05,6.0,2.0,10,6,6,-1,
17,P017,1,ft_jnd,FrameTimeStutter,1175,5.49736,8.8743,1460.00,1273.28,0.000,0.000,1460.00,1273.28,2.3701,11.1165,0.0000,4.8809,0.0000,-2.5108,Left,0,0,0,0,143.205,0,0.000,ft_jnd,FrameTimeStutter,1,0,1,0,1,1,0.25,0.25,1.5,100,-10,100,1,5,250,40,5,250,50,1,6,11,0,0.06,4,0.05,50,8,4,2,2,100,144,5,5,300,1.05,1.05,6.0,2.0,10,6,6,-1,
17,P017,1,ft_jnd,FrameTimeStutter,1176,5.50625,8.8875,1460.00,1273.28,0.000,0.000,1460.00,1273.28,2.3701,11.1165,0.0000,4.8809,0.0000,-2.5108,Left,0,0,0,0,143.205,0,0.000,ft_jnd,FrameTimeStutter,1,0,1,0,1,1,0.25,0.25,1.5,100,-10,100,1,5,250,40,5,250,50,1,6,11,0,0.06,4,0.05,50,8,4,2,2,100,144,5,5,300,1.05,1.05,6.0,2.0,10,6,6,-1,
17,P017,1,ft_jnd,FrameTimeStutter,1177,5.51514,8.8918,1460.00,1273.28,0.000,0.000,1460.00,1273.28,2.3701,11.1165,0.0000,4.8809,0.0000,-2.5108,Left,0,0,0,0,143.205,0,0.000,ft_jnd,FrameTimeStutter,1,0,1,0,1,1,0.25,0.25,1.5,100,-10,100,1,5,250,40,5,250,50,1,6,11,0,0.06,4,0.05,50,8,4,2,2,100,144,5,5,300,1.05,1.05,6.0,2.0,10,6,6,-1,
17,P017,1,ft_jnd,FrameTimeStutter,1178,5.52390,8.7633,1460.00,1273.28,0.000,0.000,1460.00,1273.28,2.3701,11.1165,0.0000,4.8809,0.0000,-2.5108,Left,0,0,0,0,143.205,0,0.000,ft_jnd,FrameTimeStutter,1,0,1,0,1,1,0.25,0.25,1.5,100,-10,100,1,5,250,40,5,250,50,1,6,11,0,0.06,4,0.05,50,8,4,2,2,100,144,5,5,300,1.05,1.05,6.0,2.0,10,6,6,-1,
17,P017,1,ft_jnd,FrameTimeStutter,1179,5.53261,8.7056,1460.00,1273.28,0.000,0.000,1460.00,1273.28,2.3701,11.1165,0.0000,4.8809,0.0000,-2.5108,Left,0,0,0,0,143.205,0,0.000,ft_jnd,FrameTimeStutter,1,0,1,0,1,1,0.25,0.25,1.5,100,-10,100,1,5,250,40,5,250,50,1,6,11,0,0.06,4,0.05,50,8,4,2,2,100,144,5,5,300,1.05,1.05,6.0,2.0,10,6,6,-1,
17,P017,1,ft_jnd,FrameTimeStutter,1180,5.54146,8.8520,1460.00,1273.28,0.000,0.000,1460.00,1273.28,2.3701,11.1165,0.0000,4.8809,0.0000,-2.5108,Left,0,0,0,0,143.205,0,0.000,ft_jnd,FrameTimeStutter,1,0,1,0,1,1,0.25,0.25,1.5,100,-10,100,1,5,250,40,5,250,50,1,6,11,0,0.06,4,0.05,50,8,4,2,2,100,144,5,5,300,1.05,1.05,6.0,2.0,10,6,6,-1,
17,P017,1,ft_jnd,FrameTimeStutter,1181,5.54960,8.1359,1460.00,1273.28,0.000,0.000,1460.00,1273.28,2.3701,11.1165,0.0000,4.8809,0.0000,-2.5108,Left,0,0,0,0,143.205,0,0.000,ft_jnd,FrameTimeStutter,1,0,1,0,1,1,0.25,0.25,1.5,100,-10,100,1,5,250,40,5,250,50,1,6,11,0,0.06,4,0.05,50,8,4,2,2,100,144,5,5,300,1.05,1.05,6.0,2.0,10,6,6,-1,
17,P017,1,ft_jnd,FrameTimeStutter,1182,5.55867,9.0733,1460.00,1273.28,0.000,0.000,1460.00,1273.28,2.3701,11.1165,0.0000,4.8809,0.0000,-2.5108,Left,0,0,0,0,143.205,0,0.000,ft_jnd,FrameTimeStutter,1,0,1,0,1,1,0.25,0.25,1.5,100,-10,100,1,5,250,40,5,250,50,1,6,11,0,0.06,4,0.05,50,8,4,2,2,100,144,5,5,300,1.05,1.05,6.0,2.0,10,6,6,-1,
17,P017,1,ft_jnd,FrameTimeStutter,1183,5.56688,8.2060,1460.00,1273.28,0.000,0.000,1460.00,1273.28,2.3701,11.1165,0.0000,4.8809,0.0000,-2.5108,Left,0,0,0,0,143.205,0,0.000,ft_jnd,FrameTimeStutter,1,0,1,0,1,1,0.25,0.25,1.5,100,-10,100,1,5,250,40,5,250,50,1,6,11,0,0.06,4,0.05,50,8,4,2,2,100,144,5,5,300,1.05,1.05,6.0,2.0,10,6,6,-1,
17,P017,1,ft_jnd,FrameTimeStutter,1184,5.57551,8.6345,1460.00,1273.28,0.000,0.000,1460.00,1273.28,2.3701,11.1165,0.0000,4.8809,0.0000,-2.5108,Left,0,0,0,0,143.205,0,0.000,ft_jnd,FrameTimeStutter,1,0,1,0,1,1,0.25,0.25,1.5,100,-10,100,1,5,250,40,5,250,50,1,6,11,0,0.06,4,0.05,50,8,4,2,2,100,144,5,5,300,1.05,1.05,6.0,2.0,10,6,6,-1,
17,P017,1,ft_jnd,FrameTimeStutter,1185,5.58351,7.9964,1460.00,1273.28,0.000,0.000,1460.00,1273.28,2.3701,11.1165,0.0000,4.8809,0.0000,-2.5108,Left,0,0,0,0,143.205,0,0.000,ft_jnd,FrameTimeStutter,1,0,1,0,1,1,0.25,0.25,1.5,100,-10,100,1,5,250,40,5,250,50,1,6,11,0,0.06,4,0.05,50,8,4,2,2,100,144,5,5,300,1.05,1.05,6.0,2.0,10,6,6,-1,
17,P017,1,ft_jnd,FrameTimeStutter,1186,5.59250,8.9882,1460.00,1273.28,0.000,0.000,1460.00,1273.28,2.3701,11.1165,0.0000,4.8809,0.0000,-2.5108,Left,0,0,0,0,143.205,0,0.000,ft_jnd,FrameTimeStutter,1,0,1,0,1,1,0.25,0.25,1.5,100,-10,100,1,5,250,40,5,250,50,1,6,11,0,0.06,4,0.05,50,8,4,2,2,100,144,5,5,300,1.05,1.05,6.0,2.0,10,6,6,-1,
17,P017,1,ft_jnd,FrameTimeStutter,1187,5.60056,8.0651,1460.00,1273.28,0.000,0.000,1460.00,1273.28,2.3701,11.1165,0.0000,4.8809,0.0000,-2.5108,Left,0,0,0,0,143.205,0,0.000,ft_jnd,FrameTimeStutter,1,0,1,0,1,1,0.25,0.25,1.5,100,-10,100,1,5,250,40,5,250,50,1,6,11,0,0.06,4,0.05,50,8,4,2,2,100,144,5,5,300,1.05,1.05,6.0,2.0,10,6,6,-1,
17,P017,1,ft_jnd,FrameTimeStutter,1188,5.60948,8.9154,1460.00,1273.28,0.000,0.000,1460.00,1273.28,2.3701,11.1165,0.0000,4.8809,0.0000,-2.5108,Left,0,0,0,0,143.205,0,0.000,ft_jnd,FrameTimeStutter,1,0,1,0,1,1,0.25,0.25,1.5,100,-10,100,1,5,250,40,5,250,50,1,6,11,0,0.06,4,0.05,50,8,4,2,2,100,144,5,5,300,1.05,1.05,6.0,2.0,10,6,6,-1,
17,P017,1,ft_jnd,FrameTimeStutter,1189,5.61814,8.6669,1460.00,1273.28,0.000,0.000,1460.00,1273.28,2.3701,11.1165,0.0000,4.8809,0.0000,-2.5108,Left,0,0,0,0,143.205,0,0.000,ft_jnd,FrameTimeStutter,1,0,1,0,1,1,0.25,0.25,1.5,100,-10,100,1,5,250,40,5,250,50,1,6,11,0,0.06,4,0.05,50,8,4,2,2,100,144,5,5,300,1.05,1.05,6.0,2.0,10,6,6,-1,
17,P017,1,ft_jnd,FrameTimeStutter,1190,5.62650,8.3508,1460.00,1273.28,0.000,0.000,1460.00,1273.28,2.3701,11.1165,0.0000,4.8809,0.0000,-2.5108,Left,0,0,0,0,143.205,0,0.000,ft_jnd,FrameTimeStutter,1,0,1,0,1,1,0.25,0.25,1.5,100,-10,100,1,5,250,40,5,250,50,1,6,11,0,0.06,4,0.05,50,8,4,2,2,100,144,5,5,300,1.05,1.05,6.0,2.0,10,6,6,-1,
17,P017,1,ft_jnd,FrameTimeStutter,1191,5.63499,8.4905,1460.00,1273.28,0.000,0.000,1460.00,1273.28,2.3701,11.1165,0.0000,4.8809,0.0000,-2.5108,Left,0,0,0,0,143.205,0,0.000,ft_jnd,FrameTimeStutter,1,0,1,0,1,1,0.25,0.25,1.5,100,-10,100,1,5,250,40,5,250,50,1,6,11,0,0.06,4,0.05,50,8,4,2,2,100,144,5,5,300,1.05,1.05,6.0,2.0,10,6,6,-1,
17,P017,1,ft_jnd,FrameTimeStutter,1192,5.64336,8.3774,1460.00,1273.28,0.000,0.000,1460.00,1273.28,2.3701,11.1165,0.0000,4.8809,0.0000,-2.5108,Left,0,0,0,0,143.205,0,0.000,ft_jnd,FrameTimeStutter,1,0,1,0,1,1,0.25,0.25,1.5,100,-10,100,1,5,250,40,5,250,50,1,6,11,0,0.06,4,0.05,50,8,4,2,2,100,144,5,5,300,1.05,1.05,6.0,2.0,10,6,6,-1,
17,P017,1,ft_jnd,FrameTimeStutter,1193,5.64785,4.4860,1460.00,1273.28,0.000,0.000,1460.00,1273.28,2.3701,11.1165,0.0000,4.8809,0.0000,-2.5108,Left,0,0,0,0,143.205,0,0.000,ft_jnd,FrameTimeStutter,1,0,1,0,1,1,0.25,0.25,1.5,100,-10,100,1,5,250,40,5,250,50,1,6,11,0,0.06,4,0.05,50,8,4,2,2,100,144,5,5,300,1.05,1.05,6.0,2.0,10,6,6,-1,
17,P017,1,ft_jnd,FrameTimeStutter,1194,5.65668,8.8318,1460.00,1273.28,0.000,0.000,1460.00,1273.28,2.3701,11.1165,0.0000,4.8809,0.0000,-2.5108,Left,0,0,0,0,143.205,0,0.000,ft_jnd,FrameTimeStutter,1,0,1,0,1,1,0.25,0.25,1.5,100,-10,100,1,5,250,40,5,250,50,1,6,11,0,0.06,4,0.05,50,8,4,2,2,100,144,5,5,300,1.05,1.05,6.0,2.0,10,6,6,-1,
17,P017,1,ft_jnd,FrameTimeStutter,1195,5.66532,8.6394,1460.00,1273.28,0.000,0.000,1460.00,1273.28,2.3701,11.1165,0.0000,4.8809,0.0000,-2.5108,Left,0,0,0,0,143.205,0,0.000,ft_jnd,FrameTimeStutter,1,0,1,0,1,1,0.25,0.25,1.5,100,-10,100,1,5,250,40,5,250,50,1,6,11,0,0.06,4,0.05,50,8,4,2,2,100,144,5,5,300,1.05,1.05,6.0,2.0,10,6,6,-1,
17,P017,1,ft_jnd,FrameTimeStutter,1196,5.67371,8.3919,1460.00,1273.28,0.000,0.000,1460.00,1273.28,2.3701,11.1165,0.0000,4.8809,0.0000,-2.5108,Left,0,0,0,0,143.205,0,0.000,ft_jnd,FrameTimeStutter,1,0,1,0,1,1,0.25,0.25,1.5,100,-10,100,1,5,250,40,5,250,50,1,6,11,0,0.06,4,0.05,50,8,4,2,2,100,144,5,5,300,1.05,1.05,6.0,2.0,10,6,6,-1,
17,P017,1,ft_jnd,FrameTimeStutter,1197,5.68218,8.4672,1460.00,1273.28,0.000,0.000,1460.00,1273.28,2.3701,11.1165,0.0000,4.8809,0.0000,-2.5108,Left,0,0,0,0,143.205,0,0.000,ft_jnd,FrameTimeStutter,1,0,1,0,1,1,0.25,0.25,1.5,100,-10,100,1,5,250,40,5,250,50,1,6,11,0,0.06,4,0.05,50,8,4,2,2,100,144,5,5,300,1.05,1.05,6.0,2.0,10,6,6,-1,
17,P017,1,ft_jnd,FrameTimeStutter,1198,5.69114,8.9590,1460.00,1273.28,0.000,0.000,1460.00,1273.28,2.3701,11.1165,0.0000,4.8809,0.0000,-2.5108,Left,0,0,0,0,143.205,0,0.000,ft_jnd,FrameTimeStutter,1,0,1,0,1,1,0.25,0.25,1.5,100,-10,100,1,5,250,40,5,250,50,1,6,11,0,0.06,4,0.05,50,8,4,2,2,100,144,5,5,300,1.05,1.05,6.0,2.0,10,6,6,-1,
17,P017,1,ft_jnd,FrameTimeStutter,1199,5.69566,4.5230,1460.00,1273.28,0.000,0.000,1460.00,1273.28,2.3701,11.1165,0.0000,4.8809,0.0000,-2.5108,Left,0,0,0,0,143.205,0,0.000,ft_jnd,FrameTimeStutter,1,0,1,0,1,1,0.25,0.25,1.5,100,-10,100,1,5,250,40,5,250,50,1,6,11,0,0.06,4,0.05,50,8,4,2,2,100,144,5,5,300,1.05,1.05,6.0,2.0,10,6,6,-1,
17,P017,1,ft_jnd,FrameTimeStutter,1200,5.70417,8.5120,1460.00,1273.28,0.000,0.000,1460.00,1273.28,2.3701,11.1165,0.0000,4.8809,0.0000,-2.5108,Left,0,0,0,0,143.205,0,0.000,ft_jnd,FrameTimeStutter,1,0,1,0,1,1,0.25,0.25,1.5,100,-10,100,1,5,250,40,5,250,50,1,6,11,0,0.06,4,0.05,50,8,4,2,2,100,144,5,5,300,1.05,1.05,6.0,2.0,10,6,6,-1,
17,P017,1,ft_jnd,FrameTimeStutter,1201,5.71276,8.5872,1460.00,1273.28,0.000,0.000,1460.00,1273.28,2.3701,11.1165,0.0000,4.8809,0.0000,-2.5108,Left,0,0,0,0,143.205,0,0.000,ft_jnd,FrameTimeStutter,1,0,1,0,1,1,0.25,0.25,1.5,100,-10,100,1,5,250,40,5,250,50,1,6,11,0,0.06,4,0.05,50,8,4,2,2,100,144,5,5,300,1.05,1.05,6.0,2.0,10,6,6,-1,
17,P017,1,ft_jnd,FrameTimeStutter,1202,5.72102,8.2645,1460.00,1273.28,0.000,0.000,1460.00,1273.28,2.3701,11.1165,0.0000,4.8809,0.0000,-2.5108,Left,0,0,0,0,143.205,0,0.000,ft_jnd,FrameTimeStutter,1,0,1,0,1,1,0.25,0.25,1.5,100,-10,100,1,5,250,40,5,250,50,1,6,11,0,0.06,4,0.05,50,8,4,2,2,100,144,5,5,300,1.05,1.05,6.0,2.0,10,6,6,-1,
17,P017,1,ft_jnd,FrameTimeStutter,1203,5.72962,8.5966,1460.00,1273.28,0.000,0.000,1460.00,1273.28,2.3701,11.1165,0.0000,4.8809,0.0000,-2.5108,Left,0,0,0,0,143.205,0,0.000,ft_jnd,FrameTimeStutter,1,0,1,0,1,1,0.25,0.25,1.5,100,-10,100,1,5,250,40,5,250,50,1,6,11,0,0.06,4,0.05,50,8,4,2,2,100,144,5,5,300,1.05,1.05,6.0,2.0,10,6,6,-1,
17,P017,1,ft_jnd,FrameTimeStutter,1204,5.73790,8.2825,1460.00,1273.28,0.000,0.000,1460.00,1273.28,2.3701,11.1165,0.0000,4.8809,0.0000,-2.5108,Left,0,0,0,0,143.205,0,0.000,ft_jnd,FrameTimeStutter,1,0,1,0,1,1,0.25,0.25,1.5,100,-10,100,1,5,250,40,5,250,50,1,6,11,0,0.06,4,0.05,50,8,4,2,2,100,144,5,5,300,1.05,1.05,6.0,2.0,10,6,6,-1,
17,P017,1,ft_jnd,FrameTimeStutter,1205,5.74624,8.3340,1460.00,1273.28,0.000,0.000,1460.00,1273.28,2.3701,11.1165,0.0000,4.8809,0.0000,-2.5108,Left,0,0,0,0,143.205,0,0.000,ft_jnd,FrameTimeStutter,1,0,1,0,1,1,0.25,0.25,1.5,100,-10,100,1,5,250,40,5,250,50,1,6,11,0,0.06,4,0.05,50,8,4,2,2,100,144,5,5,300,1.05,1.05,6.0,2.0,10,6,6,-1,
17,P017,1,ft_jnd,FrameTimeStutter,1206,5.75556,9.3213,1460.00,1273.28,0.000,0.000,1460.00,1273.28,2.3701,11.1165,0.0000,4.8809,0.0000,-2.5108,Left,0,0,0,0,143.205,0,0.000,ft_jnd,FrameTimeStutter,1,0,1,0,1,1,0.25,0.25,1.5,100,-10,100,1,5,250,40,5,250,50,1,6,11,0,0.06,4,0.05,50,8,4,2,2,100,144,5,5,300,1.05,1.05,6.0,2.0,10,6,6,-1,
17,P017,1,ft_jnd,FrameTimeStutter,1207,5.76388,8.3208,1460.00,1273.28,0.000,0.000,1460.00,1273.28,2.3701,11.1165,0.0000,4.8809,0.0000,-2.5108,Left,0,0,0,0,143.205,0,0.000,ft_jnd,FrameTimeStutter,1,0,1,0,1,1,0.25,0.25,1.5,100,-10,100,1,5,250,40,5,250,50,1,6,11,0,0.06,4,0.05,50,8,4,2,2,100,144,5,5,300,1.05,1.05,6.0,2.0,10,6,6,-1,
17,P017,1,ft_jnd,FrameTimeStutter,1208,5.77247,8.5934,1460.00,1273.28,0.000,0.000,1460.00,1273.28,2.3701,11.1165,0.0000,4.8809,0.0000,-2.5108,Left,0,0,0,0,143.205,0,0.000,ft_jnd,FrameTimeStutter,1,0,1,0,1,1,0.25,0.25,1.5,100,-10,100,1,5,250,40,5,250,50,1,6,11,0,0.06,4,0.05,50,8,4,2,2,100,144,5,5,300,1.05,1.05,6.0,2.0,10,6,6,-1,
17,P017,1,ft_jnd,FrameTimeStutter,1209,5.78072,8.2471,1460.00,1273.28,0.000,0.000,1460.00,1273.28,2.3701,11.1165,0.0000,4.8809,0.0000,-2.5108,Left,0,0,0,0,143.205,0,0.000,ft_jnd,FrameTimeStutter,1,0,1,0,1,1,0.25,0.25,1.5,100,-10,100,1,5,250,40,5,250,50,1,6,11,0,0.06,4,0.05,50,8,4,2,2,100,144,5,5,300,1.05,1.05,6.0,2.0,10,6,6,-1,
17,P017,1,ft_jnd,FrameTimeStutter,1210,5.78961,8.8875,1460.00,1273.28,0.000,0.000,1460.00,1273.28,2.3701,11.1165,0.0000,4.8809,0.0000,-2.5108,Left,0,0,0,0,143.205,0,0.000,ft_jnd,FrameTimeStutter,1,0,1,0,1,1,0.25,0.25,1.5,100,-10,100,1,5,250,40,5,250,50,1,6,11,0,0.06,4,0.05,50,8,4,2,2,100,144,5,5,300,1.05,1.05,6.0,2.0,10,6,6,-1,
17,P017,1,ft_jnd,FrameTimeStutter,1211,5.79777,8.1601,1460.00,1273.28,0.000,0.000,1460.00,1273.28,2.3701,11.1165,0.0000,4.8809,0.0000,-2.5108,Left,0,0,0,0,143.205,0,0.000,ft_jnd,FrameTimeStutter,1,0,1,0,1,1,0.25,0.25,1.5,100,-10,100,1,5,250,40,5,250,50,1,6,11,0,0.06,4,0.05,50,8,4,2,2,100,144,5,5,300,1.05,1.05,6.0,2.0,10,6,6,-1,
17,P017,1,ft_jnd,FrameTimeStutter,1212,5.80202,4.2538,1460.00,1273.28,0.000,0.000,1460.00,1273.28,2.3701,11.1165,0.0000,4.8809,0.0000,-2.5108,Left,0,0,0,0,143.205,0,0.000,ft_jnd,FrameTimeStutter,1,0,1,0,1,1,0.25,0.25,1.5,100,-10,100,1,5,250,40,5,250,50,1,6,11,0,0.06,4,0.05,50,8,4,2,2,100,144,5,5,300,1.05,1.05,6.0,2.0,10,6,6,-1,
17,P017,1,ft_jnd,FrameTimeStutter,1213,5.81032,8.2980,1460.00,1273.28,0.000,0.000,1460.00,1273.28,2.3701,11.1165,0.0000,4.8809,0.0000,-2.5108,Left,0,0,0,0,143.205,0,0.000,ft_jnd,FrameTimeStutter,1,0,1,0,1,1,0.25,0.25,1.5,100,-10,100,1,5,250,40,5,250,50,1,6,11,0,0.06,4,0.05,50,8,4,2,2,100,144,5,5,300,1.05,1.05,6.0,2.0,10,6,6,-1,
17,P017,1,ft_jnd,FrameTimeStutter,1214,5.81906,8.7414,1460.00,1273.28,0.000,0.000,1460.00,1273.28,2.3701,11.1165,0.0000,4.8809,0.0000,-2.5108,Left,0,0,0,0,143.205,0,0.000,ft_jnd,FrameTimeStutter,1,0,1,0,1,1,0.25,0.25,1.5,100,-10,100,1,5,250,40,5,250,50,1,6,11,0,0.06,4,0.05,50,8,4,2,2,100,144,5,5,300,1.05,1.05,6.0,2.0,10,6,6,-1,
17,P017,1,ft_jnd,FrameTimeStutter,1215,5.82723,8.1655,1460.00,1273.28,0.000,0.000,1460.00,1273.28,2.3701,11.1165,0.0000,4.8809,0.0000,-2.5108,Left,0,0,0,0,143.205,0,0.000,ft_jnd,FrameTimeStutter,1,0,1,0,1,1,0.25,0.25,1.5,100,-10,100,1,5,250,40,5,250,50,1,6,11,0,0.06,4,0.05,50,8,4,2,2,100,144,5,5,300,1.05,1.05,6.0,2.0,10,6,6,-1,
17,P017,1,ft_jnd,FrameTimeStutter,1216,5.83592,8.6933,1460.00,1273.28,0.000,0.000,1460.00,1273.28,2.3701,11.1165,0.0000,4.8809,0.0000,-2.5108,Left,0,0,0,0,143.205,0,0.000,ft_jnd,FrameTimeStutter,1,0,1,0,1,1,0.25,0.25,1.5,100,-10,100,1,5,250,40,5,250,50,1,6,11,0,0.06,4,0.05,50,8,4,2,2,100,144,5,5,300,1.05,1.05,6.0,2.0,10,6,6,-1,
17,P017,1,ft_jnd,FrameTimeStutter,1217,5.84402,8.1022,1460.00,1273.28,0.000,0.000,1460.00,1273.28,2.3701,11.1165,0.0000,4.8809,0.0000,-2.5108,Left,0,0,0,0,143.205,0,0.000,ft_jnd,FrameTimeStutter,1,0,1,0,1,1,0.25,0.25,1.5,100,-10,100,1,5,250,40,5,250,50,1,6,11,0,0.06,4,0.05,50,8,4,2,2,100,144,5,5,300,1.05,1.05,6.0,2.0,10,6,6,-1,
17,P017,1,ft_jnd,FrameTimeStutter,1218,5.85237,8.3499,1460.00,1273.28,0.000,0.000,1460.00,1273.28,2.3701,11.1165,0.0000,4.8809,0.0000,-2.5108,Left,0,0,0,0,143.205,0,0.000,ft_jnd,FrameTimeStutter,1,0,1,0,1,1,0.25,0.25,1.5,100,-10,100,1,5,250,40,5,250,50,1,6,11,0,0.06,4,0.05,50,8,4,2,2,100,144,5,5,300,1.05,1.05,6.0,2.0,10,6,6,-1,
17,P017,1,ft_jnd,FrameTimeStutter,1219,5.86024,7.8720,1460.00,1273.28,0.000,0.000,1460.00,1273.28,2.3701,11.1165,0.0000,4.8809,0.0000,-2.5108,Left,0,0,0,0,143.205,0,0.000,ft_jnd,FrameTimeStutter,1,0,1,0,1,1,0.25,0.25,1.5,100,-10,100,1,5,250,40,5,250,50,1,6,11,0,0.06,4,0.05,50,8,4,2,2,100,144,5,5,300,1.05,1.05,6.0,2.0,10,6,6,-1,
17,P017,1,ft_jnd,FrameTimeStutter,1220,5.86883,8.5825,1460.00,1273.28,0.000,0.000,1460.00,1273.28,2.3701,11.1165,0.0000,4.8809,0.0000,-2.5108,Left,0,0,0,0,143.205,0,0.000,ft_jnd,FrameTimeStutter,1,0,1,0,1,1,0.25,0.25,1.5,100,-10,100,1,5,250,40,5,250,50,1,6,11,0,0.06,4,0.05,50,8,4,2,2,100,144,5,5,300,1.05,1.05,6.0,2.0,10,6,6,-1,
17,P017,1,ft_jnd,FrameTimeStutter,1221,5.87693,8.0989,1460.00,1273.28,0.000,0.000,1460.00,1273.28,2.3701,11.1165,0.0000,4.8809,0.0000,-2.5108,Left,0,0,0,0,143.205,0,0.000,ft_jnd,FrameTimeStutter,1,0,1,0,1,1,0.25,0.25,1.5,100,-10,100,1,5,250,40,5,250,50,1,6,11,0,0.06,4,0.05,50,8,4,2,2,100,144,5,5,300,1.05,1.05,6.0,2.0,10,6,6,-1,
17,P017,1,ft_jnd,FrameTimeStutter,1222,5.88556,8.6366,1460.00,1273.28,0.000,0.000,1460.00,1273.28,2.3701,11.1165,0.0000,4.8809,0.0000,-2.5108,Left,0,0,0,0,143.205,0,0.000,ft_jnd,FrameTimeStutter,1,0,1,0,1,1,0.25,0.25,1.5,100,-10,100,1,5,250,40,5,250,50,1,6,11,0,0.06,4,0.05,50,8,4,2,2,100,144,5,5,300,1.05,1.05,6.0,2.0,10,6,6,-1,
17,P017,1,ft_jnd,FrameTimeStutter,1223,5.89364,8.0773,1460.00,1273.28,0.000,0.000,1460.00,1273.28,2.3701,11.1165,0.0000,4.8809,0.0000,-2.5108,Left,0,0,0,0,143.205,0,0.000,ft_jnd,FrameTimeStutter,1,0,1,0,1,1,0.25,0.25,1.5,100,-10,100,1,5,250,40,5,250,50,1,6,11,0,0.06,4,0.05,50,8,4,2,2,100,144,5,5,300,1.05,1.05,6.0,2.0,10,6,6,-1,
17,P017,1,ft_jnd,FrameTimeStutter,1224,5.90254,8.9054,1460.00,1273.28,0.000,0.000,1460.00,1273.28,2.3701,11.1165,0.0000,4.8809,0.0000,-2.5108,Left,0,0,0,0,143.205,0,0.000,ft_jnd,FrameTimeStutter,1,0,1,0,1,1,0.25,0.25,1.5,100,-10,100,1,5,250,40,5,250,50,1,6,11,0,0.06,4,0.05,50,8,4,2,2,100,144,5,5,300,1.05,1.05,6.0,2.0,10,6,6,-1,
17,P017,1,ft_jnd,FrameTimeStutter,1225,5.91080,8.2594,1460.00,1273.28,0.000,0.000,1460.00,1273.28,2.3701,11.1165,0.0000,4.8809,0.0000,-2.5108,Left,0,0,0,0,143.205,0,0.000,ft_jnd,FrameTimeStutter,1,0,1,0,1,1,0.25,0.25,1.5,100,-10,100,1,5,250,40,5,250,50,1,6,11,0,0.06,4,0.05,50,8,4,2,2,100,144,5,5,300,1.05,1.05,6.0,2.0,10,6,6,-1,
17,P017,1,ft_jnd,FrameTimeStutter,1226,5.91532,4.5112,1460.00,1273.28,0.000,0.000,1460.00,1273.28,2.3701,11.1165,0.0000,4.8809,0.0000,-2.5108,Left,0,0,0,0,143.205,0,0.000,ft_jnd,FrameTimeStutter,1,0,1,0,1,1,0.25,0.25,1.5,100,-10,100,1,5,250,40,5,250,50,1,6,11,0,0.06,4,0.05,50,8,4,2,2,100,144,5,5,300,1.05,1.05,6.0,2.0,10,6,6,-1,
17,P017,1,ft_jnd,FrameTimeStutter,1227,5.92341,8.0903,1460.00,1273.28,0.000,0.000,1460.00,1273.28,2.3701,11.1165,0.0000,4.8809,0.0000,-2.5108,Left,0,0,0,0,143.205,0,0.000,ft_jnd,FrameTimeStutter,1,0,1,0,1,1,0.25,0.25,1.5,100,-10,100,1,5,250,40,5,250,50,1,6,11,0,0.06,4,0.05,50,8,4,2,2,100,144,5,5,300,1.05,1.05,6.0,2.0,10,6,6,-1,
17,P017,1,ft_jnd,FrameTimeStutter,1228,5.93214,8.7382,1460.00,1273.28,0.000,0.000,1460.00,1273.28,2.3701,11.1165,0.0000,4.8809,0.0000,-2.5108,Left,0,0,0,0,143.205,0,0.000,ft_jnd,FrameTimeStutter,1,0,1,0,1,1,0.25,0.25,1.5,100,-10,100,1,5,250,40,5,250,50,1,6,11,0,0.06,4,0.05,50,8,4,2,2,100,144,5,5,300,1.05,1.05,6.0,2.0,10,6,6,-1,
17,P017,1,ft_jnd,FrameTimeStutter,1229,5.94027,8.1224,1460.00,1273.28,0.000,0.000,1460.00,1273.28,2.3701,11.1165,0.0000,4.8809,0.0000,-2.5108,Left,0,0,0,0,143.205,0,0.000,ft_jnd,FrameTimeStutter,1,0,1,0,1,1,0.25,0.25,1.5,100,-10,100,1,5,250,40,5,250,50,1,6,11,0,0.06,4,0.05,50,8,4,2,2,100,144,5,5,300,1.05,1.05,6.0,2.0,10,6,6,-1,
17,P017,1,ft_jnd,FrameTimeStutter,1230,5.94921,8.9466,1460.00,1273.28,0.000,0.000,1460.00,1273.28,2.3701,11.1165,0.0000,4.8809,0.0000,-2.5108,Left,0,0,0,0,143.205,0,0.000,ft_jnd,FrameTimeStutter,1,0,1,0,1,1,0.25,0.25,1.5,100,-10,100,1,5,250,40,5,250,50,1,6,11,0,0.06,4,0.05,50,8,4,2,2,100,144,5,5,300,1.05,1.05,6.0,2.0,10,6,6,-1,
17,P017,1,ft_jnd,FrameTimeStutter,1231,5.95789,8.6724,1460.00,1273.28,0.000,0.000,1460.00,1273.28,2.3701,11.1165,0.0000,4.8809,0.0000,-2.5108,Left,0,0,0,0,143.205,0,0.000,ft_jnd,FrameTimeStutter,1,0,1,0,1,1,0.25,0.25,1.5,100,-10,100,1,5,250,40,5,250,50,1,6,11,0,0.06,4,0.05,50,8,4,2,2,100,144,5,5,300,1.05,1.05,6.0,2.0,10,6,6,-1,
17,P017,1,ft_jnd,FrameTimeStutter,1232,5.96606,8.1712,1460.00,1273.28,0.000,0.000,1460.00,1273.28,2.3701,11.1165,0.0000,4.8809,0.0000,-2.5108,Left,0,0,0,0,143.205,0,0.000,ft_jnd,FrameTimeStutter,1,0,1,0,1,1,0.25,0.25,1.5,100,-10,100,1,5,250,40,5,250,50,1,6,11,0,0.06,4,0.05,50,8,4,2,2,100,144,5,5,300,1.05,1.05,6.0,2.0,10,6,6,-1,
17,P017,1,ft_jnd,FrameTimeStutter,1233,5.97490,8.8451,1460.00,1273.28,0.000,0.000,1460.00,1273.28,2.3701,11.1165,0.0000,4.8809,0.0000,-2.5108,Left,0,0,0,0,143.205,0,0.000,ft_jnd,FrameTimeStutter,1,0,1,0,1,1,0.25,0.25,1.5,100,-10,100,1,5,250,40,5,250,50,1,6,11,0,0.06,4,0.05,50,8,4,2,2,100,144,5,5,300,1.05,1.05,6.0,2.0,10,6,6,-1,
17,P017,1,ft_jnd,FrameTimeStutter,1234,5.97966,4.7545,1460.00,1273.28,0.000,0.000,1460.00,1273.28,2.3701,11.1165,0.0000,4.8809,0.0000,-2.5108,Left,0,0,0,0,143.205,0,0.000,ft_jnd,FrameTimeStutter,1,0,1,0,1,1,0.25,0.25,1.5,100,-10,100,1,5,250,40,5,250,50,1,6,11,0,0.06,4,0.05,50,8,4,2,2,100,144,5,5,300,1.05,1.05,6.0,2.0,10,6,6,-1,
17,P017,1,ft_jnd,FrameTimeStutter,1235,5.98806,8.3996,1460.00,1273.28,0.000,0.000,1460.00,1273.28,2.3701,11.1165,0.0000,4.8809,0.0000,-2.5108,Left,0,0,0,0,143.205,0,0.000,ft_jnd,FrameTimeStutter,1,0,1,0,1,1,0.25,0.25,1.5,100,-10,100,1,5,250,40,5,250,50,1,6,11,0,0.06,4,0.05,50,8,4,2,2,100,144,5,5,300,1.05,1.05,6.0,2.0,10,6,6,-1,
17,P017,1,ft_jnd,FrameTimeStutter,1236,5.99771,9.6519,1460.00,1273.28,0.000,0.000,1460.00,1273.28,2.3701,11.1165,0.0000,4.8809,0.0000,-2.5108,Left,0,0,0,0,143.205,0,0.000,ft_jnd,FrameTimeStutter,1,0,1,0,1,1,0.25,0.25,1.5,100,-10,100,1,5,250,40,5,250,50,1,6,11,0,0.06,4,0.05,50,8,4,2,2,100,144,5,5,300,1.05,1.05,6.0,2.0,10,6,6,-1,
17,P017,1,ft_jnd,FrameTimeStutter,1237,6.00703,9.3236,1460.00,1273.28,0.000,0.000,1460.00,1273.28,2.3701,11.1165,0.0000,4.8809,0.0000,-2.5108,Left,0,0,0,0,143.205,0,0.000,ft_jnd,FrameTimeStutter,1,0,1,0,1,1,0.25,0.25,1.5,100,-10,100,1,5,250,40,5,250,50,1,6,11,0,0.06,4,0.05,50,8,4,2,2,100,144,5,5,300,1.05,1.05,6.0,2.0,10,6,6,-1,
17,P017,1,ft_jnd,FrameTimeStutter,1238,6.01555,8.5175,1460.00,1273.28,0.000,0.000,1460.00,1273.28,2.3701,11.1165,0.0000,4.8809,0.0000,-2.5108,Left,0,0,0,0,143.205,0,0.000,ft_jnd,FrameTimeStutter,1,0,1,0,1,1,0.25,0.25,1.5,100,-10,100,1,5,250,40,5,250,50,1,6,11,0,0.06,4,0.05,50,8,4,2,2,100,144,5,5,300,1.05,1.05,6.0,2.0,10,6,6,-1,
17,P017,1,ft_jnd,FrameTimeStutter,1239,6.01997,4.4186,1460.00,1273.28,0.000,0.000,1460.00,1273.28,2.3701,11.1165,0.0000,4.8809,0.0000,-2.5108,Left,0,0,0,0,143.205,0,0.000,ft_jnd,FrameTimeStutter,1,0,1,0,1,1,0.25,0.25,1.5,100,-10,100,1,5,250,40,5,250,50,1,6,11,0,0.06,4,0.05,50,8,4,2,2,100,144,5,5,300,1.05,1.05,6.0,2.0,10,6,6,-1,
17,P017,1,ft_jnd,FrameTimeStutter,1240,6.02854,8.5687,1460.00,1273.28,0.000,0.000,1460.00,1273.28,2.3701,11.1165,0.0000,4.8809,0.0000,-2.5108,Left,0,0,0,0,143.205,0,0.000,ft_jnd,FrameTimeStutter,1,0,1,0,1,1,0.25,0.25,1.5,100,-10,100,1,5,250,40,5,250,50,1,6,11,0,0.06,4,0.05,50,8,4,2,2,100,144,5,5,300,1.05,1.05,6.0,2.0,10,6,6,-1,
17,P017,1,ft_jnd,FrameTimeStutter,1241,6.03259,4.0516,1460.00,1273.28,0.000,0.000,1460.00,1273.28,2.3701,11.1165,0.0000,4.8809,0.0000,-2.5108,Left,0,0,0,0,143.205,0,0.000,ft_jnd,FrameTimeStutter,1,0,1,0,1,1,0.25,0.25,1.5,100,-10,100,1,5,250,40,5,250,50,1,6,11,0,0.06,4,0.05,50,8,4,2,2,100,144,5,5,300,1.05,1.05,6.0,2.0,10,6,6,-1,
17,P017,1,ft_jnd,FrameTimeStutter,1242,6.03646,3.8678,1460.00,1273.28,0.000,0.000,1460.00,1273.28,2.3701,11.1165,0.0000,4.8809,0.0000,-2.5108,Left,0,0,0,0,143.205,0,0.000,ft_jnd,FrameTimeStutter,1,0,1,0,1,1,0.25,0.25,1.5,100,-10,100,1,5,250,40,5,250,50,1,6,11,0,0.06,4,0.05,50,8,4,2,2,100,144,5,5,300,1.05,1.05,6.0,2.0,10,6,6,-1,
17,P017,1,ft_jnd,FrameTimeStutter,1243,6.04480,8.3456,1460.00,1273.28,0.000,0.000,1460.00,1273.28,2.3701,11.1165,0.0000,4.8809,0.0000,-2.5108,Left,0,0,0,0,143.205,0,0.000,ft_jnd,FrameTimeStutter,1,0,1,0,1,1,0.25,0.25,1.5,100,-10,100,1,5,250,40,5,250,50,1,6,11,0,0.06,4,0.05,50,8,4,2,2,100,144,5,5,300,1.05,1.05,6.0,2.0,10,6,6,-1,
17,P017,1,ft_jnd,FrameTimeStutter,1244,6.04912,4.3197,1460.00,1273.28,0.000,0.000,1460.00,1273.28,2.3701,11.1165,0.0000,4.8809,0.0000,-2.5108,Left,0,0,0,0,143.205,0,0.000,ft_jnd,FrameTimeStutter,1,0,1,0,1,1,0.25,0.25,1.5,100,-10,100,1,5,250,40,5,250,50,1,6,11,0,0.06,4,0.05,50,8,4,2,2,100,144,5,5,300,1.05,1.05,6.0,2.0,10,6,6,-1,
17,P017,1,ft_jnd,FrameTimeStutter,1245,6.05799,8.8646,1460.00,1273.28,0.000,0.000,1460.00,1273.28,2.3701,11.1165,0.0000,4.8809,0.0000,-2.5108,Left,0,0,0,0,143.205,0,0.000,ft_jnd,FrameTimeStutter,1,0,1,0,1,1,0.25,0.25,1.5,100,-10,100,1,5,250,40,5,250,50,1,6,11,0,0.06,4,0.05,50,8,4,2,2,100,144,5,5,300,1.05,1.05,6.0,2.0,10,6,6,-1,
17,P017,1,ft_jnd,FrameTimeStutter,1246,6.06608,8.0947,1460.00,1273.28,0.000,0.000,1460.00,1273.28,2.3701,11.1165,0.0000,4.8809,0.0000,-2.5108,Left,0,0,0,0,143.205,0,0.000,ft_jnd,FrameTimeStutter,1,0,1,0,1,1,0.25,0.25,1.5,100,-10,100,1,5,250,40,5,250,50,1,6,11,0,0.06,4,0.05,50,8,4,2,2,100,144,5,5,300,1.05,1.05,6.0,2.0,10,6,6,-1,
17,P017,1,ft_jnd,FrameTimeStutter,1247,6.07492,8.8426,1460.00,1273.28,0.000,0.000,1460.00,1273.28,2.3701,11.1165,0.0000,4.8809,0.0000,-2.5108,Left,0,0,0,0,143.205,0,0.000,ft_jnd,FrameTimeStutter,1,0,1,0,1,1,0.25,0.25,1.5,100,-10,100,1,5,250,40,5,250,50,1,6,11,0,0.06,4,0.05,50,8,4,2,2,100,144,5,5,300,1.05,1.05,6.0,2.0,10,6,6,-1,
17,P017,1,ft_jnd,FrameTimeStutter,1248,6.07946,4.5403,1460.00,1273.28,0.000,0.000,1460.00,1273.28,2.3701,11.1165,0.0000,4.8809,0.0000,-2.5108,Left,0,0,0,0,143.205,0,0.000,ft_jnd,FrameTimeStutter,1,0,1,0,1,1,0.25,0.25,1.5,100,-10,100,1,5,250,40,5,250,50,1,6,11,0,0.06,4,0.05,50,8,4,2,2,100,144,5,5,300,1.05,1.05,6.0,2.0,10,6,6,-1,
17,P017,1,ft_jnd,FrameTimeStutter,1249,6.08324,3.7791,1460.00,1273.28,0.000,0.000,1460.00,1273.28,2.3701,11.1165,0.0000,4.8809,0.0000,-2.5108,Left,0,0,0,0,143.205,0,0.000,ft_jnd,FrameTimeStutter,1,0,1,0,1,1,0.25,0.25,1.5,100,-10,100,1,5,250,40,5,250,50,1,6,11,0,0.06,4,0.05,50,8,4,2,2,100,144,5,5,300,1.05,1.05,6.0,2.0,10,6,6,-1,
17,P017,1,ft_jnd,FrameTimeStutter,1250,6.09186,8.6177,1460.00,1273.28,0.000,0.000,1460.00,1273.28,2.3701,11.1165,0.0000,4.8809,0.0000,-2.5108,Left,0,0,0,0,143.205,0,0.000,ft_jnd,FrameTimeStutter,1,0,1,0,1,1,0.25,0.25,1.5,100,-10,100,1,5,250,40,5,250,50,1,6,11,0,0.06,4,0.05,50,8,4,2,2,100,144,5,5,300,1.05,1.05,6.0,2.0,10,6,6,-1,
17,P017,1,ft_jnd,FrameTimeStutter,1251,6.09646,4.5989,1460.00,1273.28,0.000,0.000,1460.00,1273.28,2.3701,11.1165,0.0000,4.8809,0.0000,-2.5108,Left,0,0,0,0,143.205,0,0.000,ft_jnd,FrameTimeStutter,1,0,1,0,1,1,0.25,0.25,1.5,100,-10,100,1,5,250,40,5,250,50,1,6,11,0,0.06,4,0.05,50,8,4,2,2,100,144,5,5,300,1.05,1.05,6.0,2.0,10,6,6,-1,
17,P017,1,ft_jnd,FrameTimeStutter,1252,6.10509,8.6362,1460.00,1273.28,0.000,0.000,1460.00,1273.28,2.3701,11.1165,0.0000,4.8809,0.0000,-2.5108,Left,0,0,0,0,143.205,0,0.000,ft_jnd,FrameTimeStutter,1,0,1,0,1,1,0.25,0.25,1.5,100,-10,100,1,5,250,40,5,250,50,1,6,11,0,0.06,4,0.05,50,8,4,2,2,100,144,5,5,300,1.05,1.05,6.0,2.0,10,6,6,-1,
17,P017,1,ft_jnd,FrameTimeStutter,1253,6.11321,8.1141,1460.00,1273.28,0.000,0.000,1460.00,1273.28,2.3701,11.1165,0.0000,4.8809,0.0000,-2.5108,Left,0,0,0,0,143.205,0,0.000,ft_jnd,FrameTimeStutter,1,0,1,0,1,1,0.25,0.25,1.5,100,-10,100,1,5,250,40,5,250,50,1,6,11,0,0.06,4,0.05,50,8,4,2,2,100,144,5,5,300,1.05,1.05,6.0,2.0,10,6,6,-1,
17,P017,1,ft_jnd,FrameTimeStutter,1254,6.12193,8.7202,1460.00,1273.28,0.000,0.000,1460.00,1273.28,2.3701,11.1165,0.0000,4.8809,0.0000,-2.5108,Left,0,0,0,0,143.205,0,0.000,ft_jnd,FrameTimeStutter,1,0,1,0,1,1,0.25,0.25,1.5,100,-10,100,1,5,250,40,5,250,50,1,6,11,0,0.06,4,0.05,50,8,4,2,2,100,144,5,5,300,1.05,1.05,6.0,2.0,10,6,6,-1,
17,P017,1,ft_jnd,FrameTimeStutter,1255,6.13032,8.3927,1460.00,1273.28,0.000,0.000,1460.00,1273.28,2.3701,11.1165,0.0000,4.8809,0.0000,-2.5108,Left,0,0,0,0,143.205,0,0.000,ft_jnd,FrameTimeStutter,1,0,1,0,1,1,0.25,0.25,1.5,100,-10,100,1,5,250,40,5,250,50,1,6,11,0,0.06,4,0.05,50,8,4,2,2,100,144,5,5,300,1.05,1.05,6.0,2.0,10,6,6,-1,
17,P017,1,ft_jnd,FrameTimeStutter,1256,6.13480,4.4828,1460.00,1273.28,0.000,0.000,1460.00,1273.28,2.3701,11.1165,0.0000,4.8809,0.0000,-2.5108,Left,0,0,0,0,143.205,0,0.000,ft_jnd,FrameTimeStutter,1,0,1,0,1,1,0.25,0.25,1.5,100,-10,100,1,5,250,40,5,250,50,1,6,11,0,0.06,4,0.05,50,8,4,2,2,100,144,5,5,300,1.05,1.05,6.0,2.0,10,6,6,-1,
17,P017,1,ft_jnd,FrameTimeStutter,1257,6.14340,8.5988,1460.00,1273.28,0.000,0.000,1460.00,1273.28,2.3701,11.1165,0.0000,4.8809,0.0000,-2.5108,Left,0,0,0,0,143.205,0,0.000,ft_jnd,FrameTimeStutter,1,0,1,0,1,1,0.25,0.25,1.5,100,-10,100,1,5,250,40,5,250,50,1,6,11,0,0.06,4,0.05,50,8,4,2,2,100,144,5,5,300,1.05,1.05,6.0,2.0,10,6,6,-1,
17,P017,1,ft_jnd,FrameTimeStutter,1258,6.14731,3.9018,1460.00,1273.28,0.000,0.000,1460.00,1273.28,2.3701,11.1165,0.0000,4.8809,0.0000,-2.5108,Left,0,0,0,0,143.205,0,0.000,ft_jnd,FrameTimeStutter,1,0,1,0,1,1,0.25,0.25,1.5,100,-10,100,1,5,250,40,5,250,50,1,6,11,0,0.06,4,0.05,50,8,4,2,2,100,144,5,5,300,1.05,1.05,6.0,2.0,10,6,6,-1,
17,P017,1,ft_jnd,FrameTimeStutter,1259,6.15596,8.6499,1460.00,1273.28,0.000,0.000,1460.00,1273.28,2.3701,11.1165,0.0000,4.8809,0.0000,-2.5108,Left,0,0,0,0,143.205,0,0.000,ft_jnd,FrameTimeStutter,1,0,1,0,1,1,0.25,0.25,1.5,100,-10,100,1,5,250,40,5,250,50,1,6,11,0,0.06,4,0.05,50,8,4,2,2,100,144,5,5,300,1.05,1.05,6.0,2.0,10,6,6,-1,
17,P017,1,ft_jnd,FrameTimeStutter,1260,6.15985,3.8937,1460.00,1273.28,0.000,0.000,1460.00,1273.28,2.3701,11.1165,0.0000,4.8809,0.0000,-2.5108,Left,0,0,0,0,143.205,0,0.000,ft_jnd,FrameTimeStutter,1,0,1,0,1,1,0.25,0.25,1.5,100,-10,100,1,5,250,40,5,250,50,1,6,11,0,0.06,4,0.05,50,8,4,2,2,100,144,5,5,300,1.05,1.05,6.0,2.0,10,6,6,-1,
17,P017,1,ft_jnd,FrameTimeStutter,1261,6.16844,8.5916,1460.00,1273.28,0.000,0.000,1460.00,1273.28,2.3701,11.1165,0.0000,4.8809,0.0000,-2.5108,Left,0,0,0,0,143.205,0,0.000,ft_jnd,FrameTimeStutter,1,0,1,0,1,1,0.25,0.25,1.5,100,-10,100,1,5,250,40,5,250,50,1,6,11,0,0.06,4,0.05,50,8,4,2,2,100,144,5,5,300,1.05,1.05,6.0,2.0,10,6,6,-1,
17,P017,1,ft_jnd,FrameTimeStutter,1262,6.17235,3.9054,1460.00,1273.28,0.000,0.000,1460.00,1273.28,2.3701,11.1165,0.0000,4.8809,0.0000,-2.5108,Left,0,0,0,0,143.205,0,0.000,ft_jnd,FrameTimeStutter,1,0,1,0,1,1,0.25,0.25,1.5,100,-10,100,1,5,250,40,5,250,50,1,6,11,0,0.06,4,0.05,50,8,4,2,2,100,144,5,5,300,1.05,1.05,6.0,2.0,10,6,6,-1,
17,P017,1,ft_jnd,FrameTimeStutter,1263,6.18079,8.4449,1460.00,1273.28,0.000,0.000,1460.00,1273.28,2.3701,11.1165,0.0000,4.8809,0.0000,-2.5108,Left,0,0,0,0,143.205,0,0.000,ft_jnd,FrameTimeStutter,1,0,1,0,1,1,0.25,0.25,1.5,100,-10,100,1,5,250,40,5,250,50,1,6,11,0,0.06,4,0.05,50,8,4,2,2,100,144,5,5,300,1.05,1.05,6.0,2.0,10,6,6,-1,
17,P017,1,ft_jnd,FrameTimeStutter,1264,6.18467,3.8766,1460.00,1273.28,0.000,0.000,1460.00,1273.28,2.3701,11.1165,0.0000,4.8809,0.0000,-2.5108,Left,0,0,0,0,143.205,0,0.000,ft_jnd,FrameTimeStutter,1,0,1,0,1,1,0.25,0.25,1.5,100,-10,100,1,5,250,40,5,250,50,1,6,11,0,0.06,4,0.05,50,8,4,2,2,100,144,5,5,300,1.05,1.05,6.0,2.0,10,6,6,-1,
17,P017,1,ft_jnd,FrameTimeStutter,1265,6.18853,3.8639,1460.00,1273.28,0.000,0.000,1460.00,1273.28,2.3701,11.1165,0.0000,4.8809,0.0000,-2.5108,Left,0,0,0,0,143.205,0,0.000,ft_jnd,FrameTimeStutter,1,0,1,0,1,1,0.25,0.25,1.5,100,-10,100,1,5,250,40,5,250,50,1,6,11,0,0.06,4,0.05,50,8,4,2,2,100,144,5,5,300,1.05,1.05,6.0,2.0,10,6,6,-1,
17,P017,1,ft_jnd,FrameTimeStutter,1266,6.19209,3.5581,1460.00,1273.28,0.000,0.000,1460.00,1273.28,2.3701,11.1165,0.0000,4.8809,0.0000,-2.5108,Left,0,0,0,0,143.205,0,0.000,ft_jnd,FrameTimeStutter,1,0,1,0,1,1,0.25,0.25,1.5,100,-10,100,1,5,250,40,5,250,50,1,6,11,0,0.06,4,0.05,50,8,4,2,2,100,144,5,5,300,1.05,1.05,6.0,2.0,10,6,6,-1,
17,P017,1,ft_jnd,FrameTimeStutter,1267,6.19576,3.6650,1460.00,1273.28,0.000,0.000,1460.00,1273.28,2.3701,11.1165,0.0000,4.8809,0.0000,-2.5108,Left,0,0,0,0,143.205,0,0.000,ft_jnd,FrameTimeStutter,1,0,1,0,1,1,0.25,0.25,1.5,100,-10,100,1,5,250,40,5,250,50,1,6,11,0,0.06,4,0.05,50,8,4,2,2,100,144,5,5,300,1.05,1.05,6.0,2.0,10,6,6,-1,
17,P017,1,ft_jnd,FrameTimeStutter,1268,6.19963,3.8755,1460.00,1273.28,0.000,0.000,1460.00,1273.28,2.3701,11.1165,0.0000,4.8809,0.0000,-2.5108,Left,0,0,0,0,143.205,0,0.000,ft_jnd,FrameTimeStutter,1,0,1,0,1,1,0.25,0.25,1.5,100,-10,100,1,5,250,40,5,250,50,1,6,11,0,0.06,4,0.05,50,8,4,2,2,100,144,5,5,300,1.05,1.05,6.0,2.0,10,6,6,-1,
17,P017,1,ft_jnd,FrameTimeStutter,1269,6.20817,8.5406,1460.00,1273.28,0.000,0.000,1460.00,1273.28,2.3701,11.1165,0.0000,4.8809,0.0000,-2.5108,Left,0,0,0,0,143.205,0,0.000,ft_jnd,FrameTimeStutter,1,0,1,0,1,1,0.25,0.25,1.5,100,-10,100,1,5,250,40,5,250,50,1,6,11,0,0.06,4,0.05,50,8,4,2,2,100,144,5,5,300,1.05,1.05,6.0,2.0,10,6,6,-1,
17,P017,1,ft_jnd,FrameTimeStutter,1270,6.21264,4.4715,1460.00,1273.28,0.000,0.000,1460.00,1273.28,2.3701,11.1165,0.0000,4.8809,0.0000,-2.5108,Left,0,0,0,0,143.205,0,0.000,ft_jnd,FrameTimeStutter,1,0,1,0,1,1,0.25,0.25,1.5,100,-10,100,1,5,250,40,5,250,50,1,6,11,0,0.06,4,0.05,50,8,4,2,2,100,144,5,5,300,1.05,1.05,6.0,2.0,10,6,6,-1,
17,P017,1,ft_jnd,FrameTimeStutter,1271,6.22114,8.4928,1460.00,1273.28,0.000,0.000,1460.00,1273.28,2.3701,11.1165,0.0000,4.8809,0.0000,-2.5108,Left,0,0,0,0,143.205,0,0.000,ft_jnd,FrameTimeStutter,1,0,1,0,1,1,0.25,0.25,1.5,100,-10,100,1,5,250,40,5,250,50,1,6,11,0,0.06,4,0.05,50,8,4,2,2,100,144,5,5,300,1.05,1.05,6.0,2.0,10,6,6,-1,
17,P017,1,ft_jnd,FrameTimeStutter,1272,6.22536,4.2223,1460.00,1273.28,0.000,0.000,1460.00,1273.28,2.3701,11.1165,0.0000,4.8809,0.0000,-2.5108,Left,0,0,0,0,143.205,0,0.000,ft_jnd,FrameTimeStutter,1,0,1,0,1,1,0.25,0.25,1.5,100,-10,100,1,5,250,40,5,250,50,1,6,11,0,0.06,4,0.05,50,8,4,2,2,100,144,5,5,300,1.05,1.05,6.0,2.0,10,6,6,-1,
17,P017,1,ft_jnd,FrameTimeStutter,1273,6.23381,8.4490,1460.00,1273.28,0.000,0.000,1460.00,1273.28,2.3701,11.1165,0.0000,4.8809,0.0000,-2.5108,Left,0,0,0,0,143.205,0,0.000,ft_jnd,FrameTimeStutter,1,0,1,0,1,1,0.25,0.25,1.5,100,-10,100,1,5,250,40,5,250,50,1,6,11,0,0.06,4,0.05,50,8,4,2,2,100,144,5,5,300,1.05,1.05,6.0,2.0,10,6,6,-1,
17,P017,1,ft_jnd,FrameTimeStutter,1274,6.23764,3.8369,1460.00,1273.28,0.000,0.000,1460.00,1273.28,2.3701,11.1165,0.0000,4.8809,0.0000,-2.5108,Left,0,0,0,0,143.205,0,0.000,ft_jnd,FrameTimeStutter,1,0,1,0,1,1,0.25,0.25,1.5,100,-10,100,1,5,250,40,5,250,50,1,6,11,0,0.06,4,0.05,50,8,4,2,2,100,144,5,5,300,1.05,1.05,6.0,2.0,10,6,6,-1,
17,P017,1,ft_jnd,FrameTimeStutter,1275,6.24150,3.8562,1460.00,1273.28,0.000,0.000,1460.00,1273.28,2.3701,11.1165,0.0000,4.8809,0.0000,-2.5108,Left,0,0,0,0,143.205,0,0.000,ft_jnd,FrameTimeStutter,1,0,1,0,1,1,0.25,0.25,1.5,100,-10,100,1,5,250,40,5,250,50,1,6,11,0,0.06,4,0.05,50,8,4,2,2,100,144,5,5,300,1.05,1.05,6.0,2.0,10,6,6,-1,
17,P017,1,ft_jnd,FrameTimeStutter,1276,6.24492,3.4158,1460.00,1273.28,0.000,0.000,1460.00,1273.28,2.3701,11.1165,0.0000,4.8809,0.0000,-2.5108,Left,0,0,0,0,143.205,0,0.000,ft_jnd,FrameTimeStutter,1,0,1,0,1,1,0.25,0.25,1.5,100,-10,100,1,5,250,40,5,250,50,1,6,11,0,0.06,4,0.05,50,8,4,2,2,100,144,5,5,300,1.05,1.05,6.0,2.0,10,6,6,-1,
17,P017,1,ft_jnd,FrameTimeStutter,1277,6.24875,3.8345,1460.00,1273.28,0.000,0.000,1460.00,1273.28,2.3701,11.1165,0.0000,4.8809,0.0000,-2.5108,Left,0,0,0,0,143.205,0,0.000,ft_jnd,FrameTimeStutter,1,0,1,0,1,1,0.25,0.25,1.5,100,-10,100,1,5,250,40,5,250,50,1,6,11,0,0.06,4,0.05,50,8,4,2,2,100,144,5,5,300,1.05,1.05,6.0,2.0,10,6,6,-1,
17,P017,1,ft_jnd,FrameTimeStutter,1278,6.25231,3.5645,1460.00,1273.28,0.000,0.000,1460.00,1273.28,2.3701,11.1165,0.0000,4.8809,0.0000,-2.5108,Left,0,0,0,0,143.205,0,0.000,ft_jnd,FrameTimeStutter,1,0,1,0,1,1,0.25,0.25,1.5,100,-10,100,1,5,250,40,5,250,50,1,6,11,0,0.06,4,0.05,50,8,4,2,2,100,144,5,5,300,1.05,1.05,6.0,2.0,10,6,6,-1,
17,P017,1,ft_jnd,FrameTimeStutter,1279,6.27545,23.1328,1460.00,1273.28,0.000,0.000,1460.00,1273.28,2.3701,11.1165,0.0000,4.8809,0.0000,-2.5108,Left,0,0,0,0,143.205,0,0.000,ft_jnd,FrameTimeStutter,1,0,1,0,1,1,0.25,0.25,1.5,100,-10,100,1,5,250,40,5,250,50,1,6,11,0,0.06,4,0.05,50,8,4,2,2,100,144,5,5,300,1.05,1.05,6.0,2.0,10,6,6,-1,
17,P017,1,ft_jnd,FrameTimeStutter,1280,6.85505,579.6031,1704.92,1534.43,0.000,0.000,1704.92,1534.43,6.8485,15.8917,0.0000,4.8809,0.0000,-2.5108,Left,0,0,0,0,143.205,0,0.000,ft_jnd,FrameTimeStutter,1,0,1,0,1,1,0.25,0.25,1.5,100,-10,100,1,5,250,40,5,250,50,1,6,11,0,0.06,4,0.05,50,8,4,2,2,100,144,5,5,300,1.05,1.05,6.0,2.0,10,6,6,-1,
17,P017,1,ft_jnd,FrameTimeStutter,1281,6.86012,5.0746,1704.92,1534.43,0.000,0.000,1704.92,1534.43,6.8485,15.8917,0.0000,13.1996,0.0000,1.9676,Right,0,0,0,0,143.205,1,143.205,ft_jnd,FrameTimeStutter,1,0,1,0,1,1,0.25,0.25,1.5,100,-10,100,1,5,250,40,5,250,50,1,6,11,0,0.06,4,0.05,50,8,4,2,2,100,144,5,5,300,1.05,1.05,6.0,2.0,10,6,6,-1,
17,P017,1,ft_jnd,FrameTimeStutter,1282,7.02797,167.8473,0.00,0.00,0.000,0.000,0.00,0.00,-22.4689,2.0000,0.0000,13.1996,0.0000,-6.3512,Left,0,0,0,0,143.205,1,143.205,ft_jnd,FrameTimeStutter,1,0,1,0,1,1,0.25,0.25,1.5,100,-10,100,1,5,250,40,5,250,50,1,6,11,0,0.06,4,0.05,50,8,4,2,2,100,144,5,5,300,1.05,1.05,6.0,2.0,10,6,6,-1,
