sessionId,blockIndex,unityApplicationFps,testMode,closeRadius,weapon,phase,phaseStartIso,roundNumber,frameIndex,timeSinceStartSec,unscaledDeltaMs,mouseX,mouseY,mouseDeltaX,mouseDeltaY,ufoX,ufoY,towerX,side,leftButtonDown,leftButtonPressed,fireKeyDown,shotFired,shotHitX,stimulusMs,spikeFired,stutterMs,windowOpen,threshEstimateMs,sd,slopeEstimate,lapseEstimate,accuracy,score,cfg_weapon,cfg_unityApplicationFps,cfg_practiceStuttersMs,cfg_amSpikeDelayMinSec,cfg_amSpikeDelayMaxSec,cfg_amWindowMinSec,cfg_amWindowMaxSec,cfg_hitPoints,cfg_missPoints,cfg_stimMinMs,cfg_stimMaxMs,cfg_stimCount,cfg_threshMinMs,cfg_threshMaxMs,cfg_threshCount,cfg_slopeMin,cfg_slopeMax,cfg_slopeCount,cfg_lapseMin,cfg_lapseMax,cfg_lapseCount,cfg_guessRate,cfg_maxTrials,cfg_minTrials,cfg_stopSD
32,1,60,FrameTimeStutter,6.000,antimatter,practice,2026-08-31T11:40:47.1189419-04:00,0,0,0.00000,16.6809,2522.41,1353.42,-1.000,0.000,3.6241,10.1733,0.0333,Right,0,0,0,0,0.0000,450.000,0,0.000,0,127.500,71.914,4.500,0.0300,0.0000,0.00,antimatter,60,450;300;200;100;50,2,8,2.5,3.5,100,-10,5,250,40,5,250,60,1,8,11,0,0.06,4,0.5,50,8,5
32,1,60,FrameTimeStutter,6.000,antimatter,practice,2026-08-31T11:40:47.1189419-04:00,0,1,0.01697,16.9666,2522.41,1353.42,0.000,0.000,3.6241,10.1733,0.0333,Right,0,0,0,0,0.0000,450.000,0,0.000,0,127.500,71.914,4.500,0.0300,0.0000,0.00,antimatter,60,450;300;200;100;50,2,8,2.5,3.5,100,-10,5,250,40,5,250,60,1,8,11,0,0.06,4,0.5,50,8,5
32,1,60,FrameTimeStutter,6.000,antimatter,practice,2026-08-31T11:40:47.1189419-04:00,0,2,0.03372,16.7576,2522.41,1353.42,0.000,0.000,3.6241,10.1733,0.0333,Right,0,0,0,0,0.0000,450.000,0,0.000,0,127.500,71.914,4.500,0.0300,0.0000,0.00,antimatter,60,450;300;200;100;50,2,8,2.5,3.5,100,-10,5,250,40,5,250,60,1,8,11,0,0.06,4,0.5,50,8,5
32,1,60,FrameTimeStutter,6.000,antimatter,practice,2026-08-31T11:40:47.1189419-04:00,0,3,0.05018,16.4566,2522.41,1353.42,0.000,0.000,3.6241,10.1733,0.0333,Right,0,0,0,0,0.0000,450.000,0,0.000,0,127.500,71.914,4.500,0.0300,0.0000,0.00,antimatter,60,450;300;200;100;50,2,8,2.5,3.5,100,-10,5,250,40,5,250,60,1,8,11,0,0.06,4,0.5,50,8,5
32,1,60,FrameTimeStutter,6.000,antimatter,practice,2026-08-31T11:40:47.1189419-04:00,0,4,0.06709,16.9121,2522.41,1353.42,0.000,0.000,3.6241,10.1733,0.0333,Right,0,0,0,0,0.0000,450.000,0,0.000,0,127.500,71.914,4.500,0.0300,0.0000,0.00,antimatter,60,450;300;200;100;50,2,8,2.5,3.5,100,-10,5,250,40,5,250,60,1,8,11,0,0.06,4,0.5,50,8,5
32,1,60,FrameTimeStutter,6.000,antimatter,practice,2026-08-31T11:40:47.1189419-04:00,0,5,0.08343,16.3412,2522.41,1353.42,0.000,0.000,3.6241,10.1733,0.0333,Right,0,0,0,0,0.0000,450.000,0,0.000,0,127.500,71.914,4.500,0.0300,0.0000,0.00,antimatter,60,450;300;200;100;50,2,8,2.5,3.5,100,-10,5,250,40,5,250,60,1,8,11,0,0.06,4,0.5,50,8,5
32,1,60,FrameTimeStutter,6.000,antimatter,practice,2026-08-31T11:40:47.1189419-04:00,0,6,0.10101,17.5732,2522.41,1353.42,0.000,0.000,3.6241,10.1733,0.0333,Right,0,0,0,0,0.0000,450.000,0,0.000,0,127.500,71.914,4.500,0.0300,0.0000,0.00,antimatter,60,450;300;200;100;50,2,8,2.5,3.5,100,-10,5,250,40,5,250,60,1,8,11,0,0.06,4,0.5,50,8,5
32,1,60,FrameTimeStutter,6.000,antimatter,practice,2026-08-31T11:40:47.1189419-04:00,0,7,0.11667,15.6593,2522.41,1353.42,0.000,0.000,3.6241,10.1733,0.0333,Right,0,0,0,0,0.0000,450.000,0,0.000,0,127.500,71.914,4.500,0.0300,0.0000,0.00,antimatter,60,450;300;200;100;50,2,8,2.5,3.5,100,-10,5,250,40,5,250,60,1,8,11,0,0.06,4,0.5,50,8,5
32,1,60,FrameTimeStutter,6.000,antimatter,practice,2026-08-31T11:40:47.1189419-04:00,0,8,0.13393,17.2586,2522.41,1353.42,0.000,0.000,3.6241,10.1733,0.0333,Right,0,0,0,0,0.0000,450.000,0,0.000,0,127.500,71.914,4.500,0.0300,0.0000,0.00,antimatter,60,450;300;200;100;50,2,8,2.5,3.5,100,-10,5,250,40,5,250,60,1,8,11,0,0.06,4,0.5,50,8,5
32,1,60,FrameTimeStutter,6.000,antimatter,practice,2026-08-31T11:40:47.1189419-04:00,0,9,0.14999,16.0687,2522.41,1353.42,0.000,0.000,3.6241,10.1733,0.0333,Right,0,0,0,0,0.0000,450.000,0,0.000,0,127.500,71.914,4.500,0.0300,0.0000,0.00,antimatter,60,450;300;200;100;50,2,8,2.5,3.5,100,-10,5,250,40,5,250,60,1,8,11,0,0.06,4,0.5,50,8,5
32,1,60,FrameTimeStutter,6.000,antimatter,practice,2026-08-31T11:40:47.1189419-04:00,0,10,0.16660,16.6069,2522.41,1353.42,0.000,0.000,3.6241,10.1733,0.0333,Right,0,0,0,0,0.0000,450.000,0,0.000,0,127.500,71.914,4.500,0.0300,0.0000,0.00,antimatter,60,450;300;200;100;50,2,8,2.5,3.5,100,-10,5,250,40,5,250,60,1,8,11,0,0.06,4,0.5,50,8,5
32,1,60,FrameTimeStutter,6.000,antimatter,practice,2026-08-31T11:40:47.1189419-04:00,0,11,0.18391,17.3073,2522.41,1353.42,0.000,0.000,3.6241,10.1733,0.0333,Right,0,0,0,0,0.0000,450.000,0,0.000,0,127.500,71.914,4.500,0.0300,0.0000,0.00,antimatter,60,450;300;200;100;50,2,8,2.5,3.5,100,-10,5,250,40,5,250,60,1,8,11,0,0.06,4,0.5,50,8,5
32,1,60,FrameTimeStutter,6.000,antimatter,practice,2026-08-31T11:40:47.1189419-04:00,0,12,0.19998,16.0670,2522.41,1353.42,0.000,0.000,3.6241,10.1733,0.0333,Right,0,0,0,0,0.0000,450.000,0,0.000,0,127.500,71.914,4.500,0.0300,0.0000,0.00,antimatter,60,450;300;200;100;50,2,8,2.5,3.5,100,-10,5,250,40,5,250,60,1,8,11,0,0.06,4,0.5,50,8,5
32,1,60,FrameTimeStutter,6.000,antimatter,practice,2026-08-31T11:40:47.1189419-04:00,0,13,0.21730,17.3273,2522.41,1353.42,0.000,0.000,3.6241,10.1733,0.0333,Right,0,0,0,0,0.0000,450.000,0,0.000,0,127.500,71.914,4.500,0.0300,0.0000,0.00,antimatter,60,450;300;200;100;50,2,8,2.5,3.5,100,-10,5,250,40,5,250,60,1,8,11,0,0.06,4,0.5,50,8,5
32,1,60,FrameTimeStutter,6.000,antimatter,practice,2026-08-31T11:40:47.1189419-04:00,0,14,0.23350,16.1993,2522.41,1353.42,0.000,0.000,3.6241,10.1733,0.0333,Right,0,0,0,0,0.0000,450.000,0,0.000,0,127.500,71.914,4.500,0.0300,0.0000,0.00,antimatter,60,450;300;200;100;50,2,8,2.5,3.5,100,-10,5,250,40,5,250,60,1,8,11,0,0.06,4,0.5,50,8,5
32,1,60,FrameTimeStutter,6.000,antimatter,practice,2026-08-31T11:40:47.1189419-04:00,0,15,0.25048,16.9801,2522.41,1353.42,0.000,0.000,3.6241,10.1733,0.0333,Right,0,0,0,0,0.0000,450.000,0,0.000,0,127.500,71.914,4.500,0.0300,0.0000,0.00,antimatter,60,450;300;200;100;50,2,8,2.5,3.5,100,-10,5,250,40,5,250,60,1,8,11,0,0.06,4,0.5,50,8,5
32,1,60,FrameTimeStutter,6.000,antimatter,practice,2026-08-31T11:40:47.1189419-04:00,0,16,0.26686,16.3825,2522.41,1353.42,0.000,0.000,3.6241,10.1733,0.0333,Right,0,0,0,0,0.0000,450.000,0,0.000,0,127.500,71.914,4.500,0.0300,0.0000,0.00,antimatter,60,450;300;200;100;50,2,8,2.5,3.5,100,-10,5,250,40,5,250,60,1,8,11,0,0.06,4,0.5,50,8,5
32,1,60,FrameTimeStutter,6.000,antimatter,practice,2026-08-31T11:40:47.1189419-04:00,0,17,0.28387,17.0095,2522.41,1353.42,0.000,0.000,3.6241,10.1733,0.0333,Right,0,0,0,0,0.0000,450.000,0,0.000,0,127.500,71.914,4.500,0.0300,0.0000,0.00,antimatter,60,450;300;200;100;50,2,8,2.5,3.5,100,-10,5,250,40,5,250,60,1,8,11,0,0.06,4,0.5,50,8,5
32,1,60,FrameTimeStutter,6.000,antimatter,practice,2026-08-31T11:40:47.1189419-04:00,0,18,0.30033,16.4588,2522.41,1353.42,0.000,0.000,3.6241,10.1733,0.0333,Right,0,0,0,0,0.0000,450.000,0,0.000,0,127.500,71.914,4.500,0.0300,0.0000,0.00,antimatter,60,450;300;200;100;50,2,8,2.5,3.5,100,-10,5,250,40,5,250,60,1,8,11,0,0.06,4,0.5,50,8,5
32,1,60,FrameTimeStutter,6.000,antimatter,practice,2026-08-31T11:40:47.1189419-04:00,0,19,0.31685,16.5128,2522.41,1353.42,0.000,0.000,3.6241,10.1733,0.0333,Right,0,0,0,0,0.0000,450.000,0,0.000,0,127.500,71.914,4.500,0.0300,0.0000,0.00,antimatter,60,450;300;200;100;50,2,8,2.5,3.5,100,-10,5,250,40,5,250,60,1,8,11,0,0.06,4,0.5,50,8,5
32,1,60,FrameTimeStutter,6.000,antimatter,practice,2026-08-31T11:40:47.1189419-04:00,0,20,0.33411,17.2650,2522.41,1353.42,0.000,0.000,3.6241,10.1733,0.0333,Right,0,0,0,0,0.0000,450.000,0,0.000,0,127.500,71.914,4.500,0.0300,0.0000,0.00,antimatter,60,450;300;200;100;50,2,8,2.5,3.5,100,-10,5,250,40,5,250,60,1,8,11,0,0.06,4,0.5,50,8,5
32,1,60,FrameTimeStutter,6.000,antimatter,practice,2026-08-31T11:40:47.1189419-04:00,0,21,0.34981,15.7001,2522.41,1353.42,0.000,0.000,3.6241,10.1733,0.0333,Right,0,0,0,0,0.0000,450.000,0,0.000,0,127.500,71.914,4.500,0.0300,0.0000,0.00,antimatter,60,450;300;200;100;50,2,8,2.5,3.5,100,-10,5,250,40,5,250,60,1,8,11,0,0.06,4,0.5,50,8,5
32,1,60,FrameTimeStutter,6.000,antimatter,practice,2026-08-31T11:40:47.1189419-04:00,0,22,0.36651,16.6964,2522.41,1353.42,0.000,0.000,3.6241,10.1733,0.0333,Right,0,0,0,0,0.0000,450.000,0,0.000,0,127.500,71.914,4.500,0.0300,0.0000,0.00,antimatter,60,450;300;200;100;50,2,8,2.5,3.5,100,-10,5,250,40,5,250,60,1,8,11,0,0.06,4,0.5,50,8,5
32,1,60,FrameTimeStutter,6.000,antimatter,practice,2026-08-31T11:40:47.1189419-04:00,0,23,0.38363,17.1224,2522.41,1353.42,0.000,0.000,3.6241,10.1733,0.0333,Right,0,0,0,0,0.0000,450.000,0,0.000,0,127.500,71.914,4.500,0.0300,0.0000,0.00,antimatter,60,450;300;200;100;50,2,8,2.5,3.5,100,-10,5,250,40,5,250,60,1,8,11,0,0.06,4,0.5,50,8,5
32,1,60,FrameTimeStutter,6.000,antimatter,practice,2026-08-31T11:40:47.1189419-04:00,0,24,0.40020,16.5719,2522.41,1353.42,0.000,0.000,3.6241,10.1733,0.0333,Right,0,0,0,0,0.0000,450.000,0,0.000,0,127.500,71.914,4.500,0.0300,0.0000,0.00,antimatter,60,450;300;200;100;50,2,8,2.5,3.5,100,-10,5,250,40,5,250,60,1,8,11,0,0.06,4,0.5,50,8,5
32,1,60,FrameTimeStutter,6.000,antimatter,practice,2026-08-31T11:40:47.1189419-04:00,0,25,0.41684,16.6389,2519.90,1353.42,-2.000,0.000,3.5876,10.1733,0.0333,Right,0,0,0,0,0.0000,450.000,0,0.000,0,127.500,71.914,4.500,0.0300,0.0000,0.00,antimatter,60,450;300;200;100;50,2,8,2.5,3.5,100,-10,5,250,40,5,250,60,1,8,11,0,0.06,4,0.5,50,8,5
32,1,60,FrameTimeStutter,6.000,antimatter,practice,2026-08-31T11:40:47.1189419-04:00,0,26,0.43361,16.7698,2512.38,1353.42,-6.000,0.000,3.4778,10.1733,0.0333,Right,0,0,0,0,0.0000,450.000,0,0.000,0,127.500,71.914,4.500,0.0300,0.0000,0.00,antimatter,60,450;300;200;100;50,2,8,2.5,3.5,100,-10,5,250,40,5,250,60,1,8,11,0,0.06,4,0.5,50,8,5
32,1,60,FrameTimeStutter,6.000,antimatter,practice,2026-08-31T11:40:47.1189419-04:00,0,27,0.45010,16.4911,2501.11,1352.17,-9.000,-1.000,3.3133,10.1550,0.0333,Right,0,0,0,0,0.0000,450.000,0,0.000,0,127.500,71.914,4.500,0.0300,0.0000,0.00,antimatter,60,450;300;200;100;50,2,8,2.5,3.5,100,-10,5,250,40,5,250,60,1,8,11,0,0.06,4,0.5,50,8,5
32,1,60,FrameTimeStutter,6.000,antimatter,practice,2026-08-31T11:40:47.1189419-04:00,0,28,0.46669,16.5840,2492.34,1352.17,-7.000,0.000,3.1853,10.1550,0.0333,Right,0,0,0,0,0.0000,450.000,0,0.000,0,127.500,71.914,4.500,0.0300,0.0000,0.00,antimatter,60,450;300;200;100;50,2,8,2.5,3.5,100,-10,5,250,40,5,250,60,1,8,11,0,0.06,4,0.5,50,8,5
32,1,60,FrameTimeStutter,6.000,antimatter,practice,2026-08-31T11:40:47.1189419-04:00,0,29,0.48354,16.8530,2486.07,1352.17,-5.000,0.000,3.0939,10.1550,0.0333,Right,0,0,0,0,0.0000,450.000,0,0.000,0,127.500,71.914,4.500,0.0300,0.0000,0.00,antimatter,60,450;300;200;100;50,2,8,2.5,3.5,100,-10,5,250,40,5,250,60,1,8,11,0,0.06,4,0.5,50,8,5
32,1,60,FrameTimeStutter,6.000,antimatter,practice,2026-08-31T11:40:47.1189419-04:00,0,30,0.50059,17.0552,2486.07,1352.17,0.000,0.000,3.0939,10.1550,0.0333,Right,0,0,0,0,0.0000,450.000,0,0.000,0,127.500,71.914,4.500,0.0300,0.0000,0.00,antimatter,60,450;300;200;100;50,2,8,2.5,3.5,100,-10,5,250,40,5,250,60,1,8,11,0,0.06,4,0.5,50,8,5
32,1,60,FrameTimeStutter,6.000,antimatter,practice,2026-08-31T11:40:47.1189419-04:00,0,31,0.51708,16.4909,2486.07,1352.17,0.000,0.000,3.0939,10.1550,0.0333,Right,0,0,0,0,0.0000,450.000,0,0.000,0,127.500,71.914,4.500,0.0300,0.0000,0.00,antimatter,60,450;300;200;100;50,2,8,2.5,3.5,100,-10,5,250,40,5,250,60,1,8,11,0,0.06,4,0.5,50,8,5
32,1,60,FrameTimeStutter,6.000,antimatter,practice,2026-08-31T11:40:47.1189419-04:00,0,32,0.53320,16.1145,2486.07,1352.17,0.000,0.000,3.0939,10.1550,0.0333,Right,0,0,0,0,0.0000,450.000,0,0.000,0,127.500,71.914,4.500,0.0300,0.0000,0.00,antimatter,60,450;300;200;100;50,2,8,2.5,3.5,100,-10,5,250,40,5,250,60,1,8,11,0,0.06,4,0.5,50,8,5
32,1,60,FrameTimeStutter,6.000,antimatter,practice,2026-08-31T11:40:47.1189419-04:00,0,33,0.55034,17.1418,2486.07,1352.17,0.000,0.000,3.0939,10.1550,0.0333,Right,0,0,0,0,0.0000,450.000,0,0.000,0,127.500,71.914,4.500,0.0300,0.0000,0.00,antimatter,60,450;300;200;100;50,2,8,2.5,3.5,100,-10,5,250,40,5,250,60,1,8,11,0,0.06,4,0.5,50,8,5
32,1,60,FrameTimeStutter,6.000,antimatter,practice,2026-08-31T11:40:47.1189419-04:00,0,34,0.56725,16.9063,2486.07,1352.17,0.000,0.000,3.0939,10.1550,0.0333,Right,0,0,0,0,0.0000,450.000,0,0.000,0,127.500,71.914,4.500,0.0300,0.0000,0.00,antimatter,60,450;300;200;100;50,2,8,2.5,3.5,100,-10,5,250,40,5,250,60,1,8,11,0,0.06,4,0.5,50,8,5
32,1,60,FrameTimeStutter,6.000,antimatter,practice,2026-08-31T11:40:47.1189419-04:00,0,35,0.58381,16.5594,2486.07,1352.17,0.000,0.000,3.0939,10.1550,0.0333,Right,0,0,0,0,0.0000,450.000,0,0.000,0,127.500,71.914,4.500,0.0300,0.0000,0.00,antimatter,60,450;300;200;100;50,2,8,2.5,3.5,100,-10,5,250,40,5,250,60,1,8,11,0,0.06,4,0.5,50,8,5
32,1,60,FrameTimeStutter,6.000,antimatter,practice,2026-08-31T11:40:47.1189419-04:00,0,36,0.60063,16.8207,2482.31,1349.66,-3.000,-2.000,3.0390,10.1184,0.0333,Right,0,0,0,0,0.0000,450.000,0,0.000,0,127.500,71.914,4.500,0.0300,0.0000,0.00,antimatter,60,450;300;200;100;50,2,8,2.5,3.5,100,-10,5,250,40,5,250,60,1,8,11,0,0.06,4,0.5,50,8,5
32,1,60,FrameTimeStutter,6.000,antimatter,practice,2026-08-31T11:40:47.1189419-04:00,0,37,0.61649,15.8674,2473.54,1343.40,-7.000,-5.000,2.9110,10.0270,0.0333,Right,0,0,0,0,0.0000,450.000,0,0.000,0,127.500,71.914,4.500,0.0300,0.0000,0.00,antimatter,60,450;300;200;100;50,2,8,2.5,3.5,100,-10,5,250,40,5,250,60,1,8,11,0,0.06,4,0.5,50,8,5
32,1,60,FrameTimeStutter,6.000,antimatter,practice,2026-08-31T11:40:47.1189419-04:00,0,38,0.63348,16.9827,2466.02,1337.13,-6.000,-5.000,2.8013,9.9356,0.0333,Right,0,0,0,0,0.0000,450.000,0,0.000,0,127.500,71.914,4.500,0.0300,0.0000,0.00,antimatter,60,450;300;200;100;50,2,8,2.5,3.5,100,-10,5,250,40,5,250,60,1,8,11,0,0.06,4,0.5,50,8,5
32,1,60,FrameTimeStutter,6.000,antimatter,practice,2026-08-31T11:40:47.1189419-04:00,0,39,0.64983,16.3567,2461.01,1334.63,-4.000,-2.000,2.7282,9.8990,0.0333,Right,0,0,0,0,0.0000,450.000,0,0.000,0,127.500,71.914,4.500,0.0300,0.0000,0.00,antimatter,60,450;300;200;100;50,2,8,2.5,3.5,100,-10,5,250,40,5,250,60,1,8,11,0,0.06,4,0.5,50,8,5
32,1,60,FrameTimeStutter,6.000,antimatter,practice,2026-08-31T11:40:47.1189419-04:00,0,40,0.66653,16.7012,2459.76,1333.37,-1.000,-1.000,2.7099,9.8807,0.0333,Right,0,0,0,0,0.0000,450.000,0,0.000,0,127.500,71.914,4.500,0.0300,0.0000,0.00,antimatter,60,450;300;200;100;50,2,8,2.5,3.5,100,-10,5,250,40,5,250,60,1,8,11,0,0.06,4,0.5,50,8,5
32,1,60,FrameTimeStutter,6.000,antimatter,practice,2026-08-31T11:40:47.1189419-04:00,0,41,0.68363,17.0918,2456.00,1329.61,-3.000,-3.000,2.6550,9.8259,0.0333,Right,0,0,0,0,0.0000,450.000,0,0.000,0,127.500,71.914,4.500,0.0300,0.0000,0.00,antimatter,60,450;300;200;100;50,2,8,2.5,3.5,100,-10,5,250,40,5,250,60,1,8,11,0,0.06,4,0.5,50,8,5
32,1,60,FrameTimeStutter,6.000,antimatter,practice,2026-08-31T11:40:47.1189419-04:00,0,42,0.70026,16.6347,2449.73,1325.85,-5.000,-3.000,2.5636,9.7710,0.0333,Right,0,0,0,0,0.0000,450.000,0,0.000,0,127.500,71.914,4.500,0.0300,0.0000,0.00,antimatter,60,450;300;200;100;50,2,8,2.5,3.5,100,-10,5,250,40,5,250,60,1,8,11,0,0.06,4,0.5,50,8,5
32,1,60,FrameTimeStutter,6.000,antimatter,practice,2026-08-31T11:40:47.1189419-04:00,0,43,0.71697,16.7090,2443.47,1322.10,-5.000,-3.000,2.4722,9.7161,0.0333,Right,0,0,0,0,0.0000,450.000,0,0.000,0,127.500,71.914,4.500,0.0300,0.0000,0.00,antimatter,60,450;300;200;100;50,2,8,2.5,3.5,100,-10,5,250,40,5,250,60,1,8,11,0,0.06,4,0.5,50,8,5
32,1,60,FrameTimeStutter,6.000,antimatter,practice,2026-08-31T11:40:47.1189419-04:00,0,44,0.73334,16.3653,2439.71,1318.34,-3.000,-3.000,2.4173,9.6613,0.0333,Right,0,0,0,0,0.0000,450.000,0,0.000,0,127.500,71.914,4.500,0.0300,0.0000,0.00,antimatter,60,450;300;200;100;50,2,8,2.5,3.5,100,-10,5,250,40,5,250,60,1,8,11,0,0.06,4,0.5,50,8,5
32,1,60,FrameTimeStutter,6.000,antimatter,practice,2026-08-31T11:40:47.1189419-04:00,0,45,0.75012,16.7828,2435.95,1315.83,-3.000,-2.000,2.3624,9.6247,0.0333,Right,0,0,0,0,0.0000,450.000,0,0.000,0,127.500,71.914,4.500,0.0300,0.0000,0.00,antimatter,60,450;300;200;100;50,2,8,2.5,3.5,100,-10,5,250,40,5,250,60,1,8,11,0,0.06,4,0.5,50,8,5
32,1,60,FrameTimeStutter,6.000,antimatter,practice,2026-08-31T11:40:47.1189419-04:00,0,46,0.76708,16.9648,2432.19,1314.58,-3.000,-1.000,2.3076,9.6064,0.0333,Right,0,0,0,0,0.0000,450.000,0,0.000,0,127.500,71.914,4.500,0.0300,0.0000,0.00,antimatter,60,450;300;200;100;50,2,8,2.5,3.5,100,-10,5,250,40,5,250,60,1,8,11,0,0.06,4,0.5,50,8,5
32,1,60,FrameTimeStutter,6.000,antimatter,practice,2026-08-31T11:40:47.1189419-04:00,0,47,0.78329,16.2063,2428.43,1312.07,-3.000,-2.000,2.2527,9.5698,0.0333,Right,0,0,0,0,0.0000,450.000,0,0.000,0,127.500,71.914,4.500,0.0300,0.0000,0.00,antimatter,60,450;300;200;100;50,2,8,2.5,3.5,100,-10,5,250,40,5,250,60,1,8,11,0,0.06,4,0.5,50,8,5
32,1,60,FrameTimeStutter,6.000,antimatter,practice,2026-08-31T11:40:47.1189419-04:00,0,48,0.80022,16.9305,2424.67,1310.82,-3.000,-1.000,2.1979,9.5515,0.0333,Right,0,0,0,0,0.0000,450.000,0,0.000,0,127.500,71.914,4.500,0.0300,0.0000,0.00,antimatter,60,450;300;200;100;50,2,8,2.5,3.5,100,-10,5,250,40,5,250,60,1,8,11,0,0.06,4,0.5,50,8,5
32,1,60,FrameTimeStutter,6.000,antimatter,practice,2026-08-31T11:40:47.1189419-04:00,0,49,0.81672,16.4989,2423.42,1310.82,-1.000,0.000,2.1796,9.5515,0.0333,Right,0,0,0,0,0.0000,450.000,0,0.000,0,127.500,71.914,4.500,0.0300,0.0000,0.00,antimatter,60,450;300;200;100;50,2,8,2.5,3.5,100,-10,5,250,40,5,250,60,1,8,11,0,0.06,4,0.5,50,8,5
32,1,60,FrameTimeStutter,6.000,antimatter,practice,2026-08-31T11:40:47.1189419-04:00,0,50,0.83347,16.7530,2423.42,1310.82,0.000,0.000,2.1796,9.5515,0.0333,Right,0,0,0,0,0.0000,450.000,0,0.000,0,127.500,71.914,4.500,0.0300,0.0000,0.00,antimatter,60,450;300;200;100;50,2,8,2.5,3.5,100,-10,5,250,40,5,250,60,1,8,11,0,0.06,4,0.5,50,8,5
32,1,60,FrameTimeStutter,6.000,antimatter,practice,2026-08-31T11:40:47.1189419-04:00,0,51,0.85065,17.1753,2423.42,1310.82,0.000,0.000,2.1796,9.5515,0.0333,Right,0,0,0,0,0.0000,450.000,0,0.000,0,127.500,71.914,4.500,0.0300,0.0000,0.00,antimatter,60,450;300;200;100;50,2,8,2.5,3.5,100,-10,5,250,40,5,250,60,1,8,11,0,0.06,4,0.5,50,8,5
32,1,60,FrameTimeStutter,6.000,antimatter,practice,2026-08-31T11:40:47.1189419-04:00,0,52,0.86651,15.8623,2422.16,1308.31,-1.000,-2.000,2.1613,9.5150,0.0333,Right,0,0,0,0,0.0000,450.000,0,0.000,0,127.500,71.914,4.500,0.0300,0.0000,0.00,antimatter,60,450;300;200;100;50,2,8,2.5,3.5,100,-10,5,250,40,5,250,60,1,8,11,0,0.06,4,0.5,50,8,5
32,1,60,FrameTimeStutter,6.000,antimatter,practice,2026-08-31T11:40:47.1189419-04:00,0,53,0.88339,16.8853,2414.65,1304.55,-6.000,-3.000,2.0516,9.4601,0.0333,Right,0,0,0,0,0.0000,450.000,0,0.000,0,127.500,71.914,4.500,0.0300,0.0000,0.00,antimatter,60,450;300;200;100;50,2,8,2.5,3.5,100,-10,5,250,40,5,250,60,1,8,11,0,0.06,4,0.5,50,8,5
32,1,60,FrameTimeStutter,6.000,antimatter,practice,2026-08-31T11:40:47.1189419-04:00,0,54,0.90054,17.1463,2409.63,1302.05,-4.000,-2.000,1.9784,9.4235,0.0333,Right,0,0,0,0,0.0000,450.000,0,0.000,0,127.500,71.914,4.500,0.0300,0.0000,0.00,antimatter,60,450;300;200;100;50,2,8,2.5,3.5,100,-10,5,250,40,5,250,60,1,8,11,0,0.06,4,0.5,50,8,5
32,1,60,FrameTimeStutter,6.000,antimatter,practice,2026-08-31T11:40:47.1189419-04:00,0,55,0.91708,16.5367,2407.13,1299.54,-2.000,-2.000,1.9419,9.3870,0.0333,Right,0,0,0,0,0.0000,450.000,0,0.000,0,127.500,71.914,4.500,0.0300,0.0000,0.00,antimatter,60,450;300;200;100;50,2,8,2.5,3.5,100,-10,5,250,40,5,250,60,1,8,11,0,0.06,4,0.5,50,8,5
32,1,60,FrameTimeStutter,6.000,antimatter,practice,2026-08-31T11:40:47.1189419-04:00,0,56,0.93345,16.3759,2404.62,1298.29,-2.000,-1.000,1.9053,9.3687,0.0333,Right,0,0,0,0,0.0000,450.000,0,0.000,0,127.500,71.914,4.500,0.0300,0.0000,0.00,antimatter,60,450;300;200;100;50,2,8,2.5,3.5,100,-10,5,250,40,5,250,60,1,8,11,0,0.06,4,0.5,50,8,5
32,1,60,FrameTimeStutter,6.000,antimatter,practice,2026-08-31T11:40:47.1189419-04:00,0,57,0.95019,16.7332,2403.37,1297.03,-1.000,-1.000,1.8870,9.3504,0.0333,Right,0,0,0,0,0.0000,450.000,0,0.000,0,127.500,71.914,4.500,0.0300,0.0000,0.00,antimatter,60,450;300;200;100;50,2,8,2.5,3.5,100,-10,5,250,40,5,250,60,1,8,11,0,0.06,4,0.5,50,8,5
32,1,60,FrameTimeStutter,6.000,antimatter,practice,2026-08-31T11:40:47.1189419-04:00,0,58,0.96670,16.5088,2402.12,1295.78,-1.000,-1.000,1.8687,9.3321,0.0333,Right,0,0,0,0,0.0000,450.000,0,0.000,0,127.500,71.914,4.500,0.0300,0.0000,0.00,antimatter,60,450;300;200;100;50,2,8,2.5,3.5,100,-10,5,250,40,5,250,60,1,8,11,0,0.06,4,0.5,50,8,5
32,1,60,FrameTimeStutter,6.000,antimatter,practice,2026-08-31T11:40:47.1189419-04:00,0,59,0.98389,17.1900,2400.86,1295.78,-1.000,0.000,1.8504,9.3321,0.0333,Right,0,0,0,0,0.0000,450.000,0,0.000,0,127.500,71.914,4.500,0.0300,0.0000,0.00,antimatter,60,450;300;200;100;50,2,8,2.5,3.5,100,-10,5,250,40,5,250,60,1,8,11,0,0.06,4,0.5,50,8,5
32,1,60,FrameTimeStutter,6.000,antimatter,practice,2026-08-31T11:40:47.1189419-04:00,0,60,1.00031,16.4251,2400.86,1295.78,0.000,0.000,1.8504,9.3321,0.0333,Right,0,0,0,0,0.0000,450.000,0,0.000,0,127.500,71.914,4.500,0.0300,0.0000,0.00,antimatter,60,450;300;200;100;50,2,8,2.5,3.5,100,-10,5,250,40,5,250,60,1,8,11,0,0.06,4,0.5,50,8,5
32,1,60,FrameTimeStutter,6.000,antimatter,practice,2026-08-31T11:40:47.1189419-04:00,0,61,1.01669,16.3798,2400.86,1295.78,0.000,0.000,1.8504,9.3321,0.0333,Right,0,0,0,0,0.0000,450.000,0,0.000,0,127.500,71.914,4.500,0.0300,0.0000,0.00,antimatter,60,450;300;200;100;50,2,8,2.5,3.5,100,-10,5,250,40,5,250,60,1,8,11,0,0.06,4,0.5,50,8,5
32,1,60,FrameTimeStutter,6.000,antimatter,practice,2026-08-31T11:40:47.1189419-04:00,0,62,1.03318,16.4914,2399.61,1295.78,-1.000,0.000,1.8322,9.3321,0.0333,Right,0,0,0,0,0.0000,450.000,0,0.000,0,127.500,71.914,4.500,0.0300,0.0000,0.00,antimatter,60,450;300;200;100;50,2,8,2.5,3.5,100,-10,5,250,40,5,250,60,1,8,11,0,0.06,4,0.5,50,8,5
32,1,60,FrameTimeStutter,6.000,antimatter,practice,2026-08-31T11:40:47.1189419-04:00,0,63,1.05017,16.9865,2398.36,1294.53,-1.000,-1.000,1.8139,9.3138,0.0333,Right,0,0,0,0,0.0000,450.000,0,0.000,0,127.500,71.914,4.500,0.0300,0.0000,0.00,antimatter,60,450;300;200;100;50,2,8,2.5,3.5,100,-10,5,250,40,5,250,60,1,8,11,0,0.06,4,0.5,50,8,5
32,1,60,FrameTimeStutter,6.000,antimatter,practice,2026-08-31T11:40:47.1189419-04:00,0,64,1.06665,16.4838,2397.10,1294.53,-1.000,0.000,1.7956,9.3138,0.0333,Right,0,0,0,0,0.0000,450.000,0,0.000,0,127.500,71.914,4.500,0.0300,0.0000,0.00,antimatter,60,450;300;200;100;50,2,8,2.5,3.5,100,-10,5,250,40,5,250,60,1,8,11,0,0.06,4,0.5,50,8,5
32,1,60,FrameTimeStutter,6.000,antimatter,practice,2026-08-31T11:40:47.1189419-04:00,0,65,1.08422,17.5694,2393.34,1293.28,-3.000,-1.000,1.7407,9.2955,0.0333,Right,0,0,0,0,0.0000,450.000,0,0.000,0,127.500,71.914,4.500,0.0300,0.0000,0.00,antimatter,60,450;300;200;100;50,2,8,2.5,3.5,100,-10,5,250,40,5,250,60,1,8,11,0,0.06,4,0.5,50,8,5
32,1,60,FrameTimeStutter,6.000,antimatter,practice,2026-08-31T11:40:47.1189419-04:00,0,66,1.10078,16.5572,2387.08,1293.28,-5.000,0.000,1.6493,9.2955,0.0333,Right,0,0,0,0,0.0000,450.000,0,0.000,0,127.500,71.914,4.500,0.0300,0.0000,0.00,antimatter,60,450;300;200;100;50,2,8,2.5,3.5,100,-10,5,250,40,5,250,60,1,8,11,0,0.06,4,0.5,50,8,5
32,1,60,FrameTimeStutter,6.000,antimatter,practice,2026-08-31T11:40:47.1189419-04:00,0,67,1.11684,16.0572,2380.81,1292.02,-5.000,-1.000,1.5579,9.2772,0.0333,Right,0,0,0,0,0.0000,450.000,0,0.000,0,127.500,71.914,4.500,0.0300,0.0000,0.00,antimatter,60,450;300;200;100;50,2,8,2.5,3.5,100,-10,5,250,40,5,250,60,1,8,11,0,0.06,4,0.5,50,8,5
32,1,60,FrameTimeStutter,6.000,antimatter,practice,2026-08-31T11:40:47.1189419-04:00,0,68,1.13345,16.6186,2372.04,1292.02,-7.000,0.000,1.4299,9.2772,0.0333,Right,0,0,0,0,0.0000,450.000,0,0.000,0,127.500,71.914,4.500,0.0300,0.0000,0.00,antimatter,60,450;300;200;100;50,2,8,2.5,3.5,100,-10,5,250,40,5,250,60,1,8,11,0,0.06,4,0.5,50,8,5
32,1,60,FrameTimeStutter,6.000,antimatter,practice,2026-08-31T11:40:47.1189419-04:00,0,69,1.15009,16.6374,2362.02,1290.77,-8.000,-1.000,1.2836,9.2590,0.0333,Right,0,0,0,0,0.0000,450.000,0,0.000,0,127.500,71.914,4.500,0.0300,0.0000,0.00,antimatter,60,450;300;200;100;50,2,8,2.5,3.5,100,-10,5,250,40,5,250,60,1,8,11,0,0.06,4,0.5,50,8,5
32,1,60,FrameTimeStutter,6.000,antimatter,practice,2026-08-31T11:40:47.1189419-04:00,0,70,1.16687,16.7765,2354.50,1290.77,-6.000,0.000,1.1739,9.2590,0.0333,Right,0,0,0,0,0.0000,450.000,0,0.000,0,127.500,71.914,4.500,0.0300,0.0000,0.00,antimatter,60,450;300;200;100;50,2,8,2.5,3.5,100,-10,5,250,40,5,250,60,1,8,11,0,0.06,4,0.5,50,8,5
32,1,60,FrameTimeStutter,6.000,antimatter,practice,2026-08-31T11:40:47.1189419-04:00,0,71,1.18379,16.9257,2346.98,1290.77,-6.000,0.000,1.0642,9.2589,0.0333,Right,0,0,0,0,0.0000,450.000,0,0.000,0,127.500,71.914,4.500,0.0300,0.0000,0.00,antimatter,60,450;300;200;100;50,2,8,2.5,3.5,100,-10,5,250,40,5,250,60,1,8,11,0,0.06,4,0.5,50,8,5
32,1,60,FrameTimeStutter,6.000,antimatter,practice,2026-08-31T11:40:47.1189419-04:00,0,72,1.19989,16.0998,2343.22,1290.77,-3.000,0.000,1.0093,9.2589,0.0333,Right,0,0,0,0,0.0000,450.000,0,0.000,0,127.500,71.914,4.500,0.0300,0.0000,0.00,antimatter,60,450;300;200;100;50,2,8,2.5,3.5,100,-10,5,250,40,5,250,60,1,8,11,0,0.06,4,0.5,50,8,5
32,1,60,FrameTimeStutter,6.000,antimatter,practice,2026-08-31T11:40:47.1189419-04:00,0,73,1.21681,16.9137,2339.46,1290.77,-3.000,0.000,0.9545,9.2589,0.0333,Right,0,0,0,0,0.0000,450.000,0,0.000,0,127.500,71.914,4.500,0.0300,0.0000,0.00,antimatter,60,450;300;200;100;50,2,8,2.5,3.5,100,-10,5,250,40,5,250,60,1,8,11,0,0.06,4,0.5,50,8,5
32,1,60,FrameTimeStutter,6.000,antimatter,practice,2026-08-31T11:40:47.1189419-04:00,0,74,1.23394,17.1337,2335.70,1290.77,-3.000,0.000,0.8996,9.2589,0.0333,Right,0,0,0,0,0.0000,450.000,0,0.000,0,127.500,71.914,4.500,0.0300,0.0000,0.00,antimatter,60,450;300;200;100;50,2,8,2.5,3.5,100,-10,5,250,40,5,250,60,1,8,11,0,0.06,4,0.5,50,8,5
32,1,60,FrameTimeStutter,6.000,antimatter,practice,2026-08-31T11:40:47.1189419-04:00,0,75,1.24992,15.9789,2329.44,1290.77,-5.000,0.000,0.8082,9.2589,0.0333,Right,0,0,0,0,0.0000,450.000,0,0.000,0,127.500,71.914,4.500,0.0300,0.0000,0.00,antimatter,60,450;300;200;100;50,2,8,2.5,3.5,100,-10,5,250,40,5,250,60,1,8,11,0,0.06,4,0.5,50,8,5
32,1,60,FrameTimeStutter,6.000,antimatter,practice,2026-08-31T11:40:47.1189419-04:00,0,76,1.26649,16.5727,2320.67,1290.77,-7.000,0.000,0.6802,9.2589,0.0333,Right,0,0,0,0,0.0000,450.000,0,0.000,0,127.500,71.914,4.500,0.0300,0.0000,0.00,antimatter,60,450;300;200;100;50,2,8,2.5,3.5,100,-10,5,250,40,5,250,60,1,8,11,0,0.06,4,0.5,50,8,5
32,1,60,FrameTimeStutter,6.000,antimatter,practice,2026-08-31T11:40:47.1189419-04:00,0,77,1.28396,17.4680,2310.64,1290.77,-8.000,0.000,0.5339,9.2589,0.0333,Right,0,0,0,0,0.0000,450.000,0,0.000,0,127.500,71.914,4.500,0.0300,0.0000,0.00,antimatter,60,450;300;200;100;50,2,8,2.5,3.5,100,-10,5,250,40,5,250,60,1,8,11,0,0.06,4,0.5,50,8,5
32,1,60,FrameTimeStutter,6.000,antimatter,practice,2026-08-31T11:40:47.1189419-04:00,0,78,1.30037,16.4121,2305.63,1290.77,-4.000,0.000,0.4608,9.2589,0.0333,Right,0,0,0,0,0.0000,450.000,0,0.000,0,127.500,71.914,4.500,0.0300,0.0000,0.00,antimatter,60,450;300;200;100;50,2,8,2.5,3.5,100,-10,5,250,40,5,250,60,1,8,11,0,0.06,4,0.5,50,8,5
32,1,60,FrameTimeStutter,6.000,antimatter,practice,2026-08-31T11:40:47.1189419-04:00,0,79,1.31649,16.1192,2295.60,1289.52,-8.000,-1.000,0.3145,9.2407,0.0333,Right,0,0,0,0,0.0000,450.000,0,0.000,0,127.500,71.914,4.500,0.0300,0.0000,0.00,antimatter,60,450;300;200;100;50,2,8,2.5,3.5,100,-10,5,250,40,5,250,60,1,8,11,0,0.06,4,0.5,50,8,5
32,1,60,FrameTimeStutter,6.000,antimatter,practice,2026-08-31T11:40:47.1189419-04:00,0,80,1.33338,16.8868,2275.56,1288.26,-16.000,-1.000,0.0219,9.2224,0.0333,Right,0,0,0,0,0.0000,450.000,0,0.000,0,127.500,71.914,4.500,0.0300,0.0000,0.00,antimatter,60,450;300;200;100;50,2,8,2.5,3.5,100,-10,5,250,40,5,250,60,1,8,11,0,0.06,4,0.5,50,8,5
32,1,60,FrameTimeStutter,6.000,antimatter,practice,2026-08-31T11:40:47.1189419-04:00,0,81,1.35012,16.7411,2245.48,1287.01,-24.000,-1.000,-0.4169,9.2041,0.0333,Right,0,0,0,0,0.0000,450.000,0,0.000,0,127.500,71.914,4.500,0.0300,0.0000,0.00,antimatter,60,450;300;200;100;50,2,8,2.5,3.5,100,-10,5,250,40,5,250,60,1,8,11,0,0.06,4,0.5,50,8,5
32,1,60,FrameTimeStutter,6.000,antimatter,practice,2026-08-31T11:40:47.1189419-04:00,0,82,1.36708,16.9577,2210.40,1285.76,-28.000,-1.000,-0.9289,9.1858,0.0333,Left,0,0,0,0,0.0000,450.000,0,0.000,0,127.500,71.914,4.500,0.0300,0.0000,0.00,antimatter,60,450;300;200;100;50,2,8,2.5,3.5,100,-10,5,250,40,5,250,60,1,8,11,0,0.06,4,0.5,50,8,5
32,1,60,FrameTimeStutter,6.000,antimatter,practice,2026-08-31T11:40:47.1189419-04:00,0,83,1.38341,16.3284,2177.82,1285.76,-26.000,0.000,-1.4043,9.1858,0.0333,Left,0,0,0,0,0.0000,450.000,0,0.000,0,127.500,71.914,4.500,0.0300,0.0000,0.00,antimatter,60,450;300;200;100;50,2,8,2.5,3.5,100,-10,5,250,40,5,250,60,1,8,11,0,0.06,4,0.5,50,8,5
32,1,60,FrameTimeStutter,6.000,antimatter,practice,2026-08-31T11:40:47.1189419-04:00,0,84,1.39991,16.5080,2155.26,1285.76,-18.000,0.000,-1.7335,9.1858,0.0333,Left,0,0,0,0,0.0000,450.000,0,0.000,0,127.500,71.914,4.500,0.0300,0.0000,0.00,antimatter,60,450;300;200;100;50,2,8,2.5,3.5,100,-10,5,250,40,5,250,60,1,8,11,0,0.06,4,0.5,50,8,5
32,1,60,FrameTimeStutter,6.000,antimatter,practice,2026-08-31T11:40:47.1189419-04:00,0,85,1.41721,17.2948,2145.24,1285.76,-8.000,0.000,-1.8798,9.1858,0.0333,Left,0,0,0,0,0.0000,450.000,0,0.000,0,127.500,71.914,4.500,0.0300,0.0000,0.00,antimatter,60,450;300;200;100;50,2,8,2.5,3.5,100,-10,5,250,40,5,250,60,1,8,11,0,0.06,4,0.5,50,8,5
32,1,60,FrameTimeStutter,6.000,antimatter,practice,2026-08-31T11:40:47.1189419-04:00,0,86,1.43372,16.5115,2143.98,1285.76,-1.000,0.000,-1.8981,9.1858,0.0333,Left,0,0,0,0,0.0000,450.000,0,0.000,0,127.500,71.914,4.500,0.0300,0.0000,0.00,antimatter,60,450;300;200;100;50,2,8,2.5,3.5,100,-10,5,250,40,5,250,60,1,8,11,0,0.06,4,0.5,50,8,5
32,1,60,FrameTimeStutter,6.000,antimatter,practice,2026-08-31T11:40:47.1189419-04:00,0,87,1.44985,16.1318,2142.73,1285.76,-1.000,0.000,-1.9163,9.1858,0.0333,Left,0,0,0,0,0.0000,450.000,0,0.000,0,127.500,71.914,4.500,0.0300,0.0000,0.00,antimatter,60,450;300;200;100;50,2,8,2.5,3.5,100,-10,5,250,40,5,250,60,1,8,11,0,0.06,4,0.5,50,8,5
32,1,60,FrameTimeStutter,6.000,antimatter,practice,2026-08-31T11:40:47.1189419-04:00,0,88,1.46657,16.7164,2142.73,1285.76,0.000,0.000,-1.9163,9.1858,0.0333,Left,0,0,0,0,0.0000,450.000,0,0.000,0,127.500,71.914,4.500,0.0300,0.0000,0.00,antimatter,60,450;300;200;100;50,2,8,2.5,3.5,100,-10,5,250,40,5,250,60,1,8,11,0,0.06,4,0.5,50,8,5
32,1,60,FrameTimeStutter,6.000,antimatter,practice,2026-08-31T11:40:47.1189419-04:00,0,89,1.48346,16.8865,2142.73,1285.76,0.000,0.000,-1.9163,9.1858,0.0333,Left,0,0,0,0,0.0000,450.000,0,0.000,0,127.500,71.914,4.500,0.0300,0.0000,0.00,antimatter,60,450;300;200;100;50,2,8,2.5,3.5,100,-10,5,250,40,5,250,60,1,8,11,0,0.06,4,0.5,50,8,5
32,1,60,FrameTimeStutter,6.000,antimatter,practice,2026-08-31T11:40:47.1189419-04:00,0,90,1.50053,17.0706,2141.48,1285.76,-1.000,0.000,-1.9346,9.1858,0.0333,Left,0,0,0,0,0.0000,450.000,0,0.000,0,127.500,71.914,4.500,0.0300,0.0000,0.00,antimatter,60,450;300;200;100;50,2,8,2.5,3.5,100,-10,5,250,40,5,250,60,1,8,11,0,0.06,4,0.5,50,8,5
32,1,60,FrameTimeStutter,6.000,antimatter,practice,2026-08-31T11:40:47.1189419-04:00,0,91,1.51647,15.9468,2138.97,1285.76,-2.000,0.000,-1.9712,9.1858,0.0333,Left,0,0,0,0,0.0000,450.000,0,0.000,0,127.500,71.914,4.500,0.0300,0.0000,0.00,antimatter,60,450;300;200;100;50,2,8,2.5,3.5,100,-10,5,250,40,5,250,60,1,8,11,0,0.06,4,0.5,50,8,5
32,1,60,FrameTimeStutter,6.000,antimatter,practice,2026-08-31T11:40:47.1189419-04:00,0,92,1.53356,17.0904,2137.72,1285.76,-1.000,0.000,-1.9895,9.1858,0.0333,Left,0,0,0,0,0.0000,450.000,0,0.000,0,127.500,71.914,4.500,0.0300,0.0000,0.00,antimatter,60,450;300;200;100;50,2,8,2.5,3.5,100,-10,5,250,40,5,250,60,1,8,11,0,0.06,4,0.5,50,8,5
32,1,60,FrameTimeStutter,6.000,antimatter,practice,2026-08-31T11:40:47.1189419-04:00,0,93,1.55055,16.9869,2137.72,1285.76,0.000,0.000,-1.9895,9.1858,0.0333,Left,0,0,0,0,0.0000,450.000,0,0.000,0,127.500,71.914,4.500,0.0300,0.0000,0.00,antimatter,60,450;300;200;100;50,2,8,2.5,3.5,100,-10,5,250,40,5,250,60,1,8,11,0,0.06,4,0.5,50,8,5
32,1,60,FrameTimeStutter,6.000,antimatter,practice,2026-08-31T11:40:47.1189419-04:00,0,94,1.56673,16.1795,2137.72,1285.76,0.000,0.000,-1.9895,9.1858,0.0333,Left,0,0,0,0,0.0000,450.000,0,0.000,0,127.500,71.914,4.500,0.0300,0.0000,0.00,antimatter,60,450;300;200;100;50,2,8,2.5,3.5,100,-10,5,250,40,5,250,60,1,8,11,0,0.06,4,0.5,50,8,5
32,1,60,FrameTimeStutter,6.000,antimatter,practice,2026-08-31T11:40:47.1189419-04:00,0,95,1.58357,16.8450,2137.72,1285.76,0.000,0.000,-1.9895,9.1858,0.0333,Left,0,0,0,0,0.0000,450.000,0,0.000,0,127.500,71.914,4.500,0.0300,0.0000,0.00,antimatter,60,450;300;200;100;50,2,8,2.5,3.5,100,-10,5,250,40,5,250,60,1,8,11,0,0.06,4,0.5,50,8,5
32,1,60,FrameTimeStutter,6.000,antimatter,practice,2026-08-31T11:40:47.1189419-04:00,0,96,1.60053,16.9595,2137.72,1285.76,0.000,0.000,-1.9895,9.1858,0.0333,Left,0,0,0,0,0.0000,450.000,0,0.000,0,127.500,71.914,4.500,0.0300,0.0000,0.00,antimatter,60,450;300;200;100;50,2,8,2.5,3.5,100,-10,5,250,40,5,250,60,1,8,11,0,0.06,4,0.5,50,8,5
32,1,60,FrameTimeStutter,6.000,antimatter,practice,2026-08-31T11:40:47.1189419-04:00,0,97,1.61730,16.7621,2137.72,1285.76,0.000,0.000,-1.9895,9.1858,0.0333,Left,0,0,0,0,0.0000,450.000,0,0.000,0,127.500,71.914,4.500,0.0300,0.0000,0.00,antimatter,60,450;300;200;100;50,2,8,2.5,3.5,100,-10,5,250,40,5,250,60,1,8,11,0,0.06,4,0.5,50,8,5
32,1,60,FrameTimeStutter,6.000,antimatter,practice,2026-08-31T11:40:47.1189419-04:00,0,98,1.63398,16.6826,2137.72,1285.76,0.000,0.000,-1.9895,9.1858,0.0333,Left,0,0,0,0,0.0000,450.000,0,0.000,0,127.500,71.914,4.500,0.0300,0.0000,0.00,antimatter,60,450;300;200;100;50,2,8,2.5,3.5,100,-10,5,250,40,5,250,60,1,8,11,0,0.06,4,0.5,50,8,5
32,1,60,FrameTimeStutter,6.000,antimatter,practice,2026-08-31T11:40:47.1189419-04:00,0,99,1.64992,15.9388,2137.72,1285.76,0.000,0.000,-1.9895,9.1858,0.0333,Left,0,0,0,0,0.0000,450.000,0,0.000,0,127.500,71.914,4.500,0.0300,0.0000,0.00,antimatter,60,450;300;200;100;50,2,8,2.5,3.5,100,-10,5,250,40,5,250,60,1,8,11,0,0.06,4,0.5,50,8,5
32,1,60,FrameTimeStutter,6.000,antimatter,practice,2026-08-31T11:40:47.1189419-04:00,0,100,1.66671,16.7930,2137.72,1285.76,0.000,0.000,-1.9895,9.1858,0.0333,Left,0,0,0,0,0.0000,450.000,0,0.000,0,127.500,71.914,4.500,0.0300,0.0000,0.00,antimatter,60,450;300;200;100;50,2,8,2.5,3.5,100,-10,5,250,40,5,250,60,1,8,11,0,0.06,4,0.5,50,8,5
32,1,60,FrameTimeStutter,6.000,antimatter,practice,2026-08-31T11:40:47.1189419-04:00,0,101,1.68372,17.0085,2137.72,1285.76,0.000,0.000,-1.9895,9.1858,0.0333,Left,0,0,0,0,0.0000,450.000,0,0.000,0,127.500,71.914,4.500,0.0300,0.0000,0.00,antimatter,60,450;300;200;100;50,2,8,2.5,3.5,100,-10,5,250,40,5,250,60,1,8,11,0,0.06,4,0.5,50,8,5
32,1,60,FrameTimeStutter,6.000,antimatter,practice,2026-08-31T11:40:47.1189419-04:00,0,102,1.70052,16.7969,2137.72,1285.76,0.000,0.000,-1.9895,9.1858,0.0333,Left,0,0,0,0,0.0000,450.000,0,0.000,0,127.500,71.914,4.500,0.0300,0.0000,0.00,antimatter,60,450;300;200;100;50,2,8,2.5,3.5,100,-10,5,250,40,5,250,60,1,8,11,0,0.06,4,0.5,50,8,5
32,1,60,FrameTimeStutter,6.000,antimatter,practice,2026-08-31T11:40:47.1189419-04:00,0,103,1.71729,16.7694,2137.72,1285.76,0.000,0.000,-1.9895,9.1858,0.0333,Left,0,0,0,0,0.0000,450.000,0,0.000,0,127.500,71.914,4.500,0.0300,0.0000,0.00,antimatter,60,450;300;200;100;50,2,8,2.5,3.5,100,-10,5,250,40,5,250,60,1,8,11,0,0.06,4,0.5,50,8,5
32,1,60,FrameTimeStutter,6.000,antimatter,practice,2026-08-31T11:40:47.1189419-04:00,0,104,1.73398,16.6939,2137.72,1285.76,0.000,0.000,-1.9895,9.1858,0.0333,Left,0,0,0,0,0.0000,450.000,0,0.000,0,127.500,71.914,4.500,0.0300,0.0000,0.00,antimatter,60,450;300;200;100;50,2,8,2.5,3.5,100,-10,5,250,40,5,250,60,1,8,11,0,0.06,4,0.5,50,8,5
32,1,60,FrameTimeStutter,6.000,antimatter,practice,2026-08-31T11:40:47.1189419-04:00,0,105,1.75007,16.0898,2137.72,1285.76,0.000,0.000,-1.9895,9.1858,0.0333,Left,0,0,0,0,0.0000,450.000,0,0.000,0,127.500,71.914,4.500,0.0300,0.0000,0.00,antimatter,60,450;300;200;100;50,2,8,2.5,3.5,100,-10,5,250,40,5,250,60,1,8,11,0,0.06,4,0.5,50,8,5
32,1,60,FrameTimeStutter,6.000,antimatter,practice,2026-08-31T11:40:47.1189419-04:00,0,106,1.76713,17.0588,2137.72,1285.76,0.000,0.000,-1.9895,9.1858,0.0333,Left,0,0,0,0,0.0000,450.000,0,0.000,0,127.500,71.914,4.500,0.0300,0.0000,0.00,antimatter,60,450;300;200;100;50,2,8,2.5,3.5,100,-10,5,250,40,5,250,60,1,8,11,0,0.06,4,0.5,50,8,5
32,1,60,FrameTimeStutter,6.000,antimatter,practice,2026-08-31T11:40:47.1189419-04:00,0,107,1.78390,16.7727,2137.72,1285.76,0.000,0.000,-1.9895,9.1858,0.0333,Left,0,0,0,0,0.0000,450.000,0,0.000,0,127.500,71.914,4.500,0.0300,0.0000,0.00,antimatter,60,450;300;200;100;50,2,8,2.5,3.5,100,-10,5,250,40,5,250,60,1,8,11,0,0.06,4,0.5,50,8,5
32,1,60,FrameTimeStutter,6.000,antimatter,practice,2026-08-31T11:40:47.1189419-04:00,0,108,1.80005,16.1478,2137.72,1285.76,0.000,0.000,-1.9895,9.1858,0.0333,Left,0,0,0,0,0.0000,450.000,0,0.000,0,127.500,71.914,4.500,0.0300,0.0000,0.00,antimatter,60,450;300;200;100;50,2,8,2.5,3.5,100,-10,5,250,40,5,250,60,1,8,11,0,0.06,4,0.5,50,8,5
32,1,60,FrameTimeStutter,6.000,antimatter,practice,2026-08-31T11:40:47.1189419-04:00,0,109,1.81698,16.9266,2137.72,1285.76,0.000,0.000,-1.9895,9.1858,0.0333,Left,0,0,0,0,0.0000,450.000,0,0.000,0,127.500,71.914,4.500,0.0300,0.0000,0.00,antimatter,60,450;300;200;100;50,2,8,2.5,3.5,100,-10,5,250,40,5,250,60,1,8,11,0,0.06,4,0.5,50,8,5
32,1,60,FrameTimeStutter,6.000,antimatter,practice,2026-08-31T11:40:47.1189419-04:00,0,110,1.83350,16.5204,2137.72,1285.76,0.000,0.000,-1.9895,9.1858,0.0333,Left,0,0,0,0,0.0000,450.000,0,0.000,0,127.500,71.914,4.500,0.0300,0.0000,0.00,antimatter,60,450;300;200;100;50,2,8,2.5,3.5,100,-10,5,250,40,5,250,60,1,8,11,0,0.06,4,0.5,50,8,5
32,1,60,FrameTimeStutter,6.000,antimatter,practice,2026-08-31T11:40:47.1189419-04:00,0,111,1.85066,17.1608,2137.72,1285.76,0.000,0.000,-1.9895,9.1858,0.0333,Left,0,0,0,0,0.0000,450.000,0,0.000,0,127.500,71.914,4.500,0.0300,0.0000,0.00,antimatter,60,450;300;200;100;50,2,8,2.5,3.5,100,-10,5,250,40,5,250,60,1,8,11,0,0.06,4,0.5,50,8,5
32,1,60,FrameTimeStutter,6.000,antimatter,practice,2026-08-31T11:40:47.1189419-04:00,0,112,1.86657,15.9165,2137.72,1285.76,0.000,0.000,-1.9895,9.1858,0.0333,Left,0,0,0,0,0.0000,450.000,0,0.000,0,127.500,71.914,4.500,0.0300,0.0000,0.00,antimatter,60,450;300;200;100;50,2,8,2.5,3.5,100,-10,5,250,40,5,250,60,1,8,11,0,0.06,4,0.5,50,8,5
32,1,60,FrameTimeStutter,6.000,antimatter,practice,2026-08-31T11:40:47.1189419-04:00,0,113,1.88346,16.8830,2137.72,1285.76,0.000,0.000,-1.9895,9.1858,0.0333,Left,0,0,0,0,0.0000,450.000,0,0.000,0,127.500,71.914,4.500,0.0300,0.0000,0.00,antimatter,60,450;300;200;100;50,2,8,2.5,3.5,100,-10,5,250,40,5,250,60,1,8,11,0,0.06,4,0.5,50,8,5
32,1,60,FrameTimeStutter,6.000,antimatter,practice,2026-08-31T11:40:47.1189419-04:00,0,114,1.90013,16.6762,2137.72,1285.76,0.000,0.000,-1.9895,9.1858,0.0333,Left,0,0,0,0,0.0000,450.000,0,0.000,0,127.500,71.914,4.500,0.0300,0.0000,0.00,antimatter,60,450;300;200;100;50,2,8,2.5,3.5,100,-10,5,250,40,5,250,60,1,8,11,0,0.06,4,0.5,50,8,5
32,1,60,FrameTimeStutter,6.000,antimatter,practice,2026-08-31T11:40:47.1189419-04:00,0,115,1.91679,16.6551,2137.72,1285.76,0.000,0.000,-1.9895,9.1858,0.0333,Left,0,0,0,0,0.0000,450.000,0,0.000,0,127.500,71.914,4.500,0.0300,0.0000,0.00,antimatter,60,450;300;200;100;50,2,8,2.5,3.5,100,-10,5,250,40,5,250,60,1,8,11,0,0.06,4,0.5,50,8,5
32,1,60,FrameTimeStutter,6.000,antimatter,practice,2026-08-31T11:40:47.1189419-04:00,0,116,1.93343,16.6423,2137.72,1285.76,0.000,0.000,-1.9895,9.1858,0.0333,Left,0,0,0,0,0.0000,450.000,0,0.000,0,127.500,71.914,4.500,0.0300,0.0000,0.00,antimatter,60,450;300;200;100;50,2,8,2.5,3.5,100,-10,5,250,40,5,250,60,1,8,11,0,0.06,4,0.5,50,8,5
32,1,60,FrameTimeStutter,6.000,antimatter,practice,2026-08-31T11:40:47.1189419-04:00,0,117,1.95026,16.8316,2137.72,1285.76,0.000,0.000,-1.9895,9.1858,0.0333,Left,0,0,0,0,0.0000,450.000,0,0.000,0,127.500,71.914,4.500,0.0300,0.0000,0.00,antimatter,60,450;300;200;100;50,2,8,2.5,3.5,100,-10,5,250,40,5,250,60,1,8,11,0,0.06,4,0.5,50,8,5
32,1,60,FrameTimeStutter,6.000,antimatter,practice,2026-08-31T11:40:47.1189419-04:00,0,118,1.96674,16.4829,2137.72,1285.76,0.000,0.000,-1.9895,9.1858,0.0333,Left,0,0,0,0,0.0000,450.000,0,0.000,0,127.500,71.914,4.500,0.0300,0.0000,0.00,antimatter,60,450;300;200;100;50,2,8,2.5,3.5,100,-10,5,250,40,5,250,60,1,8,11,0,0.06,4,0.5,50,8,5
32,1,60,FrameTimeStutter,6.000,antimatter,practice,2026-08-31T11:40:47.1189419-04:00,0,119,1.98391,17.1683,2137.72,1285.76,0.000,0.000,-1.9895,9.1858,0.0333,Left,0,0,0,0,0.0000,450.000,0,0.000,0,127.500,71.914,4.500,0.0300,0.0000,0.00,antimatter,60,450;300;200;100;50,2,8,2.5,3.5,100,-10,5,250,40,5,250,60,1,8,11,0,0.06,4,0.5,50,8,5
32,1,60,FrameTimeStutter,6.000,antimatter,practice,2026-08-31T11:40:47.1189419-04:00,0,120,2.00085,16.9349,2137.72,1285.76,0.000,0.000,-1.9895,9.1858,0.0333,Left,0,0,0,0,0.0000,450.000,0,0.000,0,127.500,71.914,4.500,0.0300,0.0000,0.00,antimatter,60,450;300;200;100;50,2,8,2.5,3.5,100,-10,5,250,40,5,250,60,1,8,11,0,0.06,4,0.5,50,8,5
32,1,60,FrameTimeStutter,6.000,antimatter,practice,2026-08-31T11:40:47.1189419-04:00,0,121,2.01721,16.3640,2137.72,1285.76,0.000,0.000,-1.9895,9.1858,0.0333,Left,0,0,0,0,0.0000,450.000,0,0.000,0,127.500,71.914,4.500,0.0300,0.0000,0.00,antimatter,60,450;300;200;100;50,2,8,2.5,3.5,100,-10,5,250,40,5,250,60,1,8,11,0,0.06,4,0.5,50,8,5
32,1,60,FrameTimeStutter,6.000,antimatter,practice,2026-08-31T11:40:47.1189419-04:00,0,122,2.03328,16.0651,2137.72,1285.76,0.000,0.000,-1.9895,9.1858,0.0333,Left,0,0,0,0,0.0000,450.000,0,0.000,0,127.500,71.914,4.500,0.0300,0.0000,0.00,antimatter,60,450;300;200;100;50,2,8,2.5,3.5,100,-10,5,250,40,5,250,60,1,8,11,0,0.06,4,0.5,50,8,5
32,1,60,FrameTimeStutter,6.000,antimatter,practice,2026-08-31T11:40:47.1189419-04:00,0,123,2.05029,17.0153,2137.72,1285.76,0.000,0.000,-1.9895,9.1858,0.0333,Left,0,0,0,0,0.0000,450.000,0,0.000,0,127.500,71.914,4.500,0.0300,0.0000,0.00,antimatter,60,450;300;200;100;50,2,8,2.5,3.5,100,-10,5,250,40,5,250,60,1,8,11,0,0.06,4,0.5,50,8,5
32,1,60,FrameTimeStutter,6.000,antimatter,practice,2026-08-31T11:40:47.1189419-04:00,0,124,2.06659,16.2996,2137.72,1285.76,0.000,0.000,-1.9895,9.1858,0.0333,Left,0,0,0,0,0.0000,450.000,0,0.000,0,127.500,71.914,4.500,0.0300,0.0000,0.00,antimatter,60,450;300;200;100;50,2,8,2.5,3.5,100,-10,5,250,40,5,250,60,1,8,11,0,0.06,4,0.5,50,8,5
32,1,60,FrameTimeStutter,6.000,antimatter,practice,2026-08-31T11:40:47.1189419-04:00,0,125,2.08388,17.2902,2137.72,1285.76,0.000,0.000,-1.9895,9.1858,0.0333,Left,0,0,0,0,0.0000,450.000,0,0.000,0,127.500,71.914,4.500,0.0300,0.0000,0.00,antimatter,60,450;300;200;100;50,2,8,2.5,3.5,100,-10,5,250,40,5,250,60,1,8,11,0,0.06,4,0.5,50,8,5
32,1,60,FrameTimeStutter,6.000,antimatter,practice,2026-08-31T11:40:47.1189419-04:00,0,126,2.10067,16.7928,2137.72,1285.76,0.000,0.000,-1.9895,9.1858,0.0333,Left,0,0,0,0,0.0000,450.000,0,0.000,0,127.500,71.914,4.500,0.0300,0.0000,0.00,antimatter,60,450;300;200;100;50,2,8,2.5,3.5,100,-10,5,250,40,5,250,60,1,8,11,0,0.06,4,0.5,50,8,5
32,1,60,FrameTimeStutter,6.000,antimatter,practice,2026-08-31T11:40:47.1189419-04:00,0,127,2.11671,16.0401,2137.72,1285.76,0.000,0.000,-1.9895,9.1858,0.0333,Left,0,0,0,0,0.0000,450.000,0,0.000,0,127.500,71.914,4.500,0.0300,0.0000,0.00,antimatter,60,450;300;200;100;50,2,8,2.5,3.5,100,-10,5,250,40,5,250,60,1,8,11,0,0.06,4,0.5,50,8,5
32,1,60,FrameTimeStutter,6.000,antimatter,practice,2026-08-31T11:40:47.1189419-04:00,0,128,2.13335,16.6312,2137.72,1285.76,0.000,0.000,-1.9895,9.1858,0.0333,Left,0,0,0,0,0.0000,450.000,0,0.000,0,127.500,71.914,4.500,0.0300,0.0000,0.00,antimatter,60,450;300;200;100;50,2,8,2.5,3.5,100,-10,5,250,40,5,250,60,1,8,11,0,0.06,4,0.5,50,8,5
32,1,60,FrameTimeStutter,6.000,antimatter,practice,2026-08-31T11:40:47.1189419-04:00,0,129,2.15026,16.9106,2137.72,1285.76,0.000,0.000,-1.9895,9.1858,0.0333,Left,0,0,0,0,0.0000,450.000,0,0.000,0,127.500,71.914,4.500,0.0300,0.0000,0.00,antimatter,60,450;300;200;100;50,2,8,2.5,3.5,100,-10,5,250,40,5,250,60,1,8,11,0,0.06,4,0.5,50,8,5
32,1,60,FrameTimeStutter,6.000,antimatter,practice,2026-08-31T11:40:47.1189419-04:00,0,130,2.16705,16.7969,2137.72,1285.76,0.000,0.000,-1.9895,9.1858,0.0333,Left,0,0,0,0,0.0000,450.000,0,0.000,0,127.500,71.914,4.500,0.0300,0.0000,0.00,antimatter,60,450;300;200;100;50,2,8,2.5,3.5,100,-10,5,250,40,5,250,60,1,8,11,0,0.06,4,0.5,50,8,5
32,1,60,FrameTimeStutter,6.000,antimatter,practice,2026-08-31T11:40:47.1189419-04:00,0,131,2.18318,16.1262,2137.72,1285.76,0.000,0.000,-1.9895,9.1858,0.0333,Left,0,0,0,0,0.0000,450.000,0,0.000,0,127.500,71.914,4.500,0.0300,0.0000,0.00,antimatter,60,450;300;200;100;50,2,8,2.5,3.5,100,-10,5,250,40,5,250,60,1,8,11,0,0.06,4,0.5,50,8,5
32,1,60,FrameTimeStutter,6.000,antimatter,practice,2026-08-31T11:40:47.1189419-04:00,0,132,2.20001,16.8264,2137.72,1285.76,0.000,0.000,-1.9895,9.1858,0.0333,Left,0,0,0,0,0.0000,450.000,0,0.000,0,127.500,71.914,4.500,0.0300,0.0000,0.00,antimatter,60,450;300;200;100;50,2,8,2.5,3.5,100,-10,5,250,40,5,250,60,1,8,11,0,0.06,4,0.5,50,8,5
32,1,60,FrameTimeStutter,6.000,antimatter,practice,2026-08-31T11:40:47.1189419-04:00,0,133,2.21680,16.7894,2137.72,1285.76,0.000,0.000,-1.9895,9.1858,0.0333,Left,0,0,0,0,0.0000,450.000,0,0.000,0,127.500,71.914,4.500,0.0300,0.0000,0.00,antimatter,60,450;300;200;100;50,2,8,2.5,3.5,100,-10,5,250,40,5,250,60,1,8,11,0,0.06,4,0.5,50,8,5
32,1,60,FrameTimeStutter,6.000,antimatter,practice,2026-08-31T11:40:47.1189419-04:00,0,134,2.23339,16.5967,2137.72,1285.76,0.000,0.000,-1.9895,9.1858,0.0333,Left,0,0,0,0,0.0000,450.000,0,0.000,0,127.500,71.914,4.500,0.0300,0.0000,0.00,antimatter,60,450;300;200;100;50,2,8,2.5,3.5,100,-10,5,250,40,5,250,60,1,8,11,0,0.06,4,0.5,50,8,5
32,1,60,FrameTimeStutter,6.000,antimatter,practice,2026-08-31T11:40:47.1189419-04:00,0,135,2.25031,16.9209,2137.72,1285.76,0.000,0.000,-1.9895,9.1858,0.0333,Left,0,0,0,0,0.0000,450.000,0,0.000,0,127.500,71.914,4.500,0.0300,0.0000,0.00,antimatter,60,450;300;200;100;50,2,8,2.5,3.5,100,-10,5,250,40,5,250,60,1,8,11,0,0.06,4,0.5,50,8,5
32,1,60,FrameTimeStutter,6.000,antimatter,practice,2026-08-31T11:40:47.1189419-04:00,0,136,2.26714,16.8234,2137.72,1285.76,0.000,0.000,-1.9895,9.1858,0.0333,Left,0,0,0,0,0.0000,450.000,0,0.000,0,127.500,71.914,4.500,0.0300,0.0000,0.00,antimatter,60,450;300;200;100;50,2,8,2.5,3.5,100,-10,5,250,40,5,250,60,1,8,11,0,0.06,4,0.5,50,8,5
32,1,60,FrameTimeStutter,6.000,antimatter,practice,2026-08-31T11:40:47.1189419-04:00,0,137,2.28320,16.0651,2137.72,1285.76,0.000,0.000,-1.9895,9.1858,0.0333,Left,0,0,0,0,0.0000,450.000,0,0.000,0,127.500,71.914,4.500,0.0300,0.0000,0.00,antimatter,60,450;300;200;100;50,2,8,2.5,3.5,100,-10,5,250,40,5,250,60,1,8,11,0,0.06,4,0.5,50,8,5
32,1,60,FrameTimeStutter,6.000,antimatter,practice,2026-08-31T11:40:47.1189419-04:00,0,138,2.30054,17.3349,2137.72,1285.76,0.000,0.000,-1.9895,9.1858,0.0333,Left,0,0,0,0,0.0000,450.000,0,0.000,0,127.500,71.914,4.500,0.0300,0.0000,0.00,antimatter,60,450;300;200;100;50,2,8,2.5,3.5,100,-10,5,250,40,5,250,60,1,8,11,0,0.06,4,0.5,50,8,5
32,1,60,FrameTimeStutter,6.000,antimatter,practice,2026-08-31T11:40:47.1189419-04:00,0,139,2.31671,16.1703,2137.72,1285.76,0.000,0.000,-1.9895,9.1858,0.0333,Left,0,0,0,0,0.0000,450.000,0,0.000,0,127.500,71.914,4.500,0.0300,0.0000,0.00,antimatter,60,450;300;200;100;50,2,8,2.5,3.5,100,-10,5,250,40,5,250,60,1,8,11,0,0.06,4,0.5,50,8,5
32,1,60,FrameTimeStutter,6.000,antimatter,practice,2026-08-31T11:40:47.1189419-04:00,0,140,2.33360,16.8940,2137.72,1285.76,0.000,0.000,-1.9895,9.1858,0.0333,Left,0,0,0,0,0.0000,450.000,0,0.000,0,127.500,71.914,4.500,0.0300,0.0000,0.00,antimatter,60,450;300;200;100;50,2,8,2.5,3.5,100,-10,5,250,40,5,250,60,1,8,11,0,0.06,4,0.5,50,8,5
32,1,60,FrameTimeStutter,6.000,antimatter,practice,2026-08-31T11:40:47.1189419-04:00,0,141,2.35049,16.8878,2137.72,1285.76,0.000,0.000,-1.9895,9.1858,0.0333,Left,0,0,0,0,0.0000,450.000,0,0.000,0,127.500,71.914,4.500,0.0300,0.0000,0.00,antimatter,60,450;300;200;100;50,2,8,2.5,3.5,100,-10,5,250,40,5,250,60,1,8,11,0,0.06,4,0.5,50,8,5
32,1,60,FrameTimeStutter,6.000,antimatter,practice,2026-08-31T11:40:47.1189419-04:00,0,142,2.36656,16.0728,2137.72,1285.76,0.000,0.000,-1.9895,9.1858,0.0333,Left,0,0,0,0,0.0000,450.000,0,0.000,0,127.500,71.914,4.500,0.0300,0.0000,0.00,antimatter,60,450;300;200;100;50,2,8,2.5,3.5,100,-10,5,250,40,5,250,60,1,8,11,0,0.06,4,0.5,50,8,5
32,1,60,FrameTimeStutter,6.000,antimatter,practice,2026-08-31T11:40:47.1189419-04:00,0,143,2.38384,17.2786,2137.72,1285.76,0.000,0.000,-1.9895,9.1858,0.0333,Left,0,0,0,0,0.0000,450.000,0,0.000,0,127.500,71.914,4.500,0.0300,0.0000,0.00,antimatter,60,450;300;200;100;50,2,8,2.5,3.5,100,-10,5,250,40,5,250,60,1,8,11,0,0.06,4,0.5,50,8,5
32,1,60,FrameTimeStutter,6.000,antimatter,practice,2026-08-31T11:40:47.1189419-04:00,0,144,2.40005,16.2094,2137.72,1285.76,0.000,0.000,-1.9895,9.1858,0.0333,Left,0,0,0,0,0.0000,450.000,0,0.000,0,127.500,71.914,4.500,0.0300,0.0000,0.00,antimatter,60,450;300;200;100;50,2,8,2.5,3.5,100,-10,5,250,40,5,250,60,1,8,11,0,0.06,4,0.5,50,8,5
32,1,60,FrameTimeStutter,6.000,antimatter,practice,2026-08-31T11:40:47.1189419-04:00,0,145,2.41687,16.8231,2137.72,1285.76,0.000,0.000,-1.9895,9.1858,0.0333,Left,0,0,0,0,0.0000,450.000,0,0.000,0,127.500,71.914,4.500,0.0300,0.0000,0.00,antimatter,60,450;300;200;100;50,2,8,2.5,3.5,100,-10,5,250,40,5,250,60,1,8,11,0,0.06,4,0.5,50,8,5
32,1,60,FrameTimeStutter,6.000,antimatter,practice,2026-08-31T11:40:47.1189419-04:00,0,146,2.43359,16.7166,2137.72,1285.76,0.000,0.000,-1.9895,9.1858,0.0333,Left,0,0,0,0,0.0000,450.000,0,0.000,0,127.500,71.914,4.500,0.0300,0.0000,0.00,antimatter,60,450;300;200;100;50,2,8,2.5,3.5,100,-10,5,250,40,5,250,60,1,8,11,0,0.06,4,0.5,50,8,5
32,1,60,FrameTimeStutter,6.000,antimatter,practice,2026-08-31T11:40:47.1189419-04:00,0,147,2.45067,17.0843,2137.72,1285.76,0.000,0.000,-1.9895,9.1858,0.0333,Left,0,0,0,0,0.0000,450.000,0,0.000,0,127.500,71.914,4.500,0.0300,0.0000,0.00,antimatter,60,450;300;200;100;50,2,8,2.5,3.5,100,-10,5,250,40,5,250,60,1,8,11,0,0.06,4,0.5,50,8,5
32,1,60,FrameTimeStutter,6.000,antimatter,practice,2026-08-31T11:40:47.1189419-04:00,0,148,2.46673,16.0531,2137.72,1285.76,0.000,0.000,-1.9895,9.1858,0.0333,Left,0,0,0,0,0.0000,450.000,0,0.000,0,127.500,71.914,4.500,0.0300,0.0000,0.00,antimatter,60,450;300;200;100;50,2,8,2.5,3.5,100,-10,5,250,40,5,250,60,1,8,11,0,0.06,4,0.5,50,8,5
32,1,60,FrameTimeStutter,6.000,antimatter,practice,2026-08-31T11:40:47.1189419-04:00,0,149,2.48353,16.8064,2137.72,1285.76,0.000,0.000,-1.9895,9.1858,0.0333,Left,0,0,0,0,0.0000,450.000,0,0.000,0,127.500,71.914,4.500,0.0300,0.0000,0.00,antimatter,60,450;300;200;100;50,2,8,2.5,3.5,100,-10,5,250,40,5,250,60,1,8,11,0,0.06,4,0.5,50,8,5
32,1,60,FrameTimeStutter,6.000,antimatter,practice,2026-08-31T11:40:47.1189419-04:00,0,150,2.50056,17.0277,2137.72,1285.76,0.000,0.000,-1.9895,9.1858,0.0333,Left,0,0,0,0,0.0000,450.000,0,0.000,0,127.500,71.914,4.500,0.0300,0.0000,0.00,antimatter,60,450;300;200;100;50,2,8,2.5,3.5,100,-10,5,250,40,5,250,60,1,8,11,0,0.06,4,0.5,50,8,5
32,1,60,FrameTimeStutter,6.000,antimatter,practice,2026-08-31T11:40:47.1189419-04:00,0,151,2.51743,16.8719,2137.72,1285.76,0.000,0.000,-1.9895,9.1858,0.0333,Left,0,0,0,0,0.0000,450.000,0,0.000,0,127.500,71.914,4.500,0.0300,0.0000,0.00,antimatter,60,450;300;200;100;50,2,8,2.5,3.5,100,-10,5,250,40,5,250,60,1,8,11,0,0.06,4,0.5,50,8,5
32,1,60,FrameTimeStutter,6.000,antimatter,practice,2026-08-31T11:40:47.1189419-04:00,0,152,2.53337,15.9419,2137.72,1285.76,0.000,0.000,-1.9895,9.1858,0.0333,Left,0,0,0,0,0.0000,450.000,0,0.000,0,127.500,71.914,4.500,0.0300,0.0000,0.00,antimatter,60,450;300;200;100;50,2,8,2.5,3.5,100,-10,5,250,40,5,250,60,1,8,11,0,0.06,4,0.5,50,8,5
32,1,60,FrameTimeStutter,6.000,antimatter,practice,2026-08-31T11:40:47.1189419-04:00,0,153,2.55005,16.6745,2137.72,1285.76,0.000,0.000,-1.9895,9.1858,0.0333,Left,0,0,0,0,0.0000,450.000,0,0.000,0,127.500,71.914,4.500,0.0300,0.0000,0.00,antimatter,60,450;300;200;100;50,2,8,2.5,3.5,100,-10,5,250,40,5,250,60,1,8,11,0,0.06,4,0.5,50,8,5
32,1,60,FrameTimeStutter,6.000,antimatter,practice,2026-08-31T11:40:47.1189419-04:00,0,154,2.56688,16.8348,2137.72,1285.76,0.000,0.000,-1.9895,9.1858,0.0333,Left,0,0,0,0,0.0000,450.000,0,0.000,0,127.500,71.914,4.500,0.0300,0.0000,0.00,antimatter,60,450;300;200;100;50,2,8,2.5,3.5,100,-10,5,250,40,5,250,60,1,8,11,0,0.06,4,0.5,50,8,5
32,1,60,FrameTimeStutter,6.000,antimatter,practice,2026-08-31T11:40:47.1189419-04:00,0,155,2.58360,16.7146,2137.72,1285.76,0.000,0.000,-1.9895,9.1858,0.0333,Left,0,0,0,0,0.0000,450.000,0,0.000,0,127.500,71.914,4.500,0.0300,0.0000,0.00,antimatter,60,450;300;200;100;50,2,8,2.5,3.5,100,-10,5,250,40,5,250,60,1,8,11,0,0.06,4,0.5,50,8,5
32,1,60,FrameTimeStutter,6.000,antimatter,practice,2026-08-31T11:40:47.1189419-04:00,0,156,2.60055,16.9474,2137.72,1285.76,0.000,0.000,-1.9895,9.1858,0.0333,Left,0,0,0,0,0.0000,450.000,0,0.000,0,127.500,71.914,4.500,0.0300,0.0000,0.00,antimatter,60,450;300;200;100;50,2,8,2.5,3.5,100,-10,5,250,40,5,250,60,1,8,11,0,0.06,4,0.5,50,8,5
32,1,60,FrameTimeStutter,6.000,antimatter,practice,2026-08-31T11:40:47.1189419-04:00,0,157,2.61686,16.3104,2137.72,1285.76,0.000,0.000,-1.9895,9.1858,0.0333,Left,0,0,0,0,0.0000,450.000,0,0.000,0,127.500,71.914,4.500,0.0300,0.0000,0.00,antimatter,60,450;300;200;100;50,2,8,2.5,3.5,100,-10,5,250,40,5,250,60,1,8,11,0,0.06,4,0.5,50,8,5
32,1,60,FrameTimeStutter,6.000,antimatter,practice,2026-08-31T11:40:47.1189419-04:00,0,158,2.63360,16.7481,2137.72,1285.76,0.000,0.000,-1.9895,9.1858,0.0333,Left,0,0,0,0,0.0000,450.000,0,0.000,0,127.500,71.914,4.500,0.0300,0.0000,0.00,antimatter,60,450;300;200;100;50,2,8,2.5,3.5,100,-10,5,250,40,5,250,60,1,8,11,0,0.06,4,0.5,50,8,5
32,1,60,FrameTimeStutter,6.000,antimatter,practice,2026-08-31T11:40:47.1189419-04:00,0,159,2.65007,16.4679,2137.72,1285.76,0.000,0.000,-1.9895,9.1858,0.0333,Left,0,0,0,0,0.0000,450.000,0,0.000,0,127.500,71.914,4.500,0.0300,0.0000,0.00,antimatter,60,450;300;200;100;50,2,8,2.5,3.5,100,-10,5,250,40,5,250,60,1,8,11,0,0.06,4,0.5,50,8,5
32,1,60,FrameTimeStutter,6.000,antimatter,practice,2026-08-31T11:40:47.1189419-04:00,0,160,2.66715,17.0787,2137.72,1285.76,0.000,0.000,-1.9895,9.1858,0.0333,Left,0,0,0,0,0.0000,450.000,0,0.000,0,127.500,71.914,4.500,0.0300,0.0000,0.00,antimatter,60,450;300;200;100;50,2,8,2.5,3.5,100,-10,5,250,40,5,250,60,1,8,11,0,0.06,4,0.5,50,8,5
32,1,60,FrameTimeStutter,6.000,antimatter,practice,2026-08-31T11:40:47.1189419-04:00,0,161,2.68325,16.1029,2137.72,1285.76,0.000,0.000,-1.9895,9.1858,0.0333,Left,0,0,0,0,0.0000,450.000,0,0.000,0,127.500,71.914,4.500,0.0300,0.0000,0.00,antimatter,60,450;300;200;100;50,2,8,2.5,3.5,100,-10,5,250,40,5,250,60,1,8,11,0,0.06,4,0.5,50,8,5
32,1,60,FrameTimeStutter,6.000,antimatter,practice,2026-08-31T11:40:47.1189419-04:00,0,162,2.69992,16.6696,2137.72,1285.76,0.000,0.000,-1.9895,9.1858,0.0333,Left,0,0,0,0,0.0000,450.000,0,0.000,0,127.500,71.914,4.500,0.0300,0.0000,0.00,antimatter,60,450;300;200;100;50,2,8,2.5,3.5,100,-10,5,250,40,5,250,60,1,8,11,0,0.06,4,0.5,50,8,5
32,1,60,FrameTimeStutter,6.000,antimatter,practice,2026-08-31T11:40:47.1189419-04:00,0,163,2.71649,16.5629,2137.72,1285.76,0.000,0.000,-1.9895,9.1858,0.0333,Left,0,0,0,0,0.0000,450.000,0,0.000,0,127.500,71.914,4.500,0.0300,0.0000,0.00,antimatter,60,450;300;200;100;50,2,8,2.5,3.5,100,-10,5,250,40,5,250,60,1,8,11,0,0.06,4,0.5,50,8,5
32,1,60,FrameTimeStutter,6.000,antimatter,practice,2026-08-31T11:40:47.1189419-04:00,0,164,2.73388,17.3939,2137.72,1285.76,0.000,0.000,-1.9895,9.1858,0.0333,Left,0,0,0,0,0.0000,450.000,0,0.000,0,127.500,71.914,4.500,0.0300,0.0000,0.00,antimatter,60,450;300;200;100;50,2,8,2.5,3.5,100,-10,5,250,40,5,250,60,1,8,11,0,0.06,4,0.5,50,8,5
32,1,60,FrameTimeStutter,6.000,antimatter,practice,2026-08-31T11:40:47.1189419-04:00,0,165,2.74994,16.0580,2137.72,1285.76,0.000,0.000,-1.9895,9.1858,0.0333,Left,0,0,0,0,0.0000,450.000,0,0.000,0,127.500,71.914,4.500,0.0300,0.0000,0.00,antimatter,60,450;300;200;100;50,2,8,2.5,3.5,100,-10,5,250,40,5,250,60,1,8,11,0,0.06,4,0.5,50,8,5
32,1,60,FrameTimeStutter,6.000,antimatter,practice,2026-08-31T11:40:47.1189419-04:00,0,166,2.76684,16.8992,2137.72,1285.76,0.000,0.000,-1.9895,9.1858,0.0333,Left,0,0,0,0,0.0000,450.000,0,0.000,0,127.500,71.914,4.500,0.0300,0.0000,0.00,antimatter,60,450;300;200;100;50,2,8,2.5,3.5,100,-10,5,250,40,5,250,60,1,8,11,0,0.06,4,0.5,50,8,5
32,1,60,FrameTimeStutter,6.000,antimatter,practice,2026-08-31T11:40:47.1189419-04:00,0,167,2.78390,17.0619,2137.72,1285.76,0.000,0.000,-1.9895,9.1858,0.0333,Left,0,0,0,0,0.0000,450.000,0,0.000,0,127.500,71.914,4.500,0.0300,0.0000,0.00,antimatter,60,450;300;200;100;50,2,8,2.5,3.5,100,-10,5,250,40,5,250,60,1,8,11,0,0.06,4,0.5,50,8,5
32,1,60,FrameTimeStutter,6.000,antimatter,practice,2026-08-31T11:40:47.1189419-04:00,0,168,2.79987,15.9680,2137.72,1285.76,0.000,0.000,-1.9895,9.1858,0.0333,Left,0,0,0,0,0.0000,450.000,0,0.000,0,127.500,71.914,4.500,0.0300,0.0000,0.00,antimatter,60,450;300;200;100;50,2,8,2.5,3.5,100,-10,5,250,40,5,250,60,1,8,11,0,0.06,4,0.5,50,8,5
32,1,60,FrameTimeStutter,6.000,antimatter,practice,2026-08-31T11:40:47.1189419-04:00,0,169,2.81688,17.0159,2137.72,1285.76,0.000,0.000,-1.9895,9.1858,0.0333,Left,0,0,0,0,0.0000,450.000,0,0.000,0,127.500,71.914,4.500,0.0300,0.0000,0.00,antimatter,60,450;300;200;100;50,2,8,2.5,3.5,100,-10,5,250,40,5,250,60,1,8,11,0,0.06,4,0.5,50,8,5
32,1,60,FrameTimeStutter,6.000,antimatter,practice,2026-08-31T11:40:47.1189419-04:00,0,170,2.83368,16.7996,2137.72,1285.76,0.000,0.000,-1.9895,9.1858,0.0333,Left,0,0,0,0,0.0000,450.000,0,0.000,0,127.500,71.914,4.500,0.0300,0.0000,0.00,antimatter,60,450;300;200;100;50,2,8,2.5,3.5,100,-10,5,250,40,5,250,60,1,8,11,0,0.06,4,0.5,50,8,5
32,1,60,FrameTimeStutter,6.000,antimatter,practice,2026-08-31T11:40:47.1189419-04:00,0,171,2.85045,16.7675,2137.72,1285.76,0.000,0.000,-1.9895,9.1858,0.0333,Left,0,0,0,0,0.0000,450.000,0,0.000,0,127.500,71.914,4.500,0.0300,0.0000,0.00,antimatter,60,450;300;200;100;50,2,8,2.5,3.5,100,-10,5,250,40,5,250,60,1,8,11,0,0.06,4,0.5,50,8,5
32,1,60,FrameTimeStutter,6.000,antimatter,practice,2026-08-31T11:40:47.1189419-04:00,0,172,2.86732,16.8741,2137.72,1285.76,0.000,0.000,-1.9895,9.1858,0.0333,Left,0,0,0,0,0.0000,450.000,0,0.000,0,127.500,71.914,4.500,0.0300,0.0000,0.00,antimatter,60,450;300;200;100;50,2,8,2.5,3.5,100,-10,5,250,40,5,250,60,1,8,11,0,0.06,4,0.5,50,8,5
32,1,60,FrameTimeStutter,6.000,antimatter,practice,2026-08-31T11:40:47.1189419-04:00,0,173,2.88387,16.5474,2137.72,1285.76,0.000,0.000,-1.9895,9.1858,0.0333,Left,0,0,0,0,0.0000,450.000,0,0.000,0,127.500,71.914,4.500,0.0300,0.0000,0.00,antimatter,60,450;300;200;100;50,2,8,2.5,3.5,100,-10,5,250,40,5,250,60,1,8,11,0,0.06,4,0.5,50,8,5
32,1,60,FrameTimeStutter,6.000,antimatter,practice,2026-08-31T11:40:47.1189419-04:00,0,174,2.89988,16.0053,2137.72,1285.76,0.000,0.000,-1.9895,9.1858,0.0333,Left,0,0,0,0,0.0000,450.000,0,0.000,0,127.500,71.914,4.500,0.0300,0.0000,0.00,antimatter,60,450;300;200;100;50,2,8,2.5,3.5,100,-10,5,250,40,5,250,60,1,8,11,0,0.06,4,0.5,50,8,5
32,1,60,FrameTimeStutter,6.000,antimatter,practice,2026-08-31T11:40:47.1189419-04:00,0,175,2.91695,17.0755,2137.72,1285.76,0.000,0.000,-1.9895,9.1858,0.0333,Left,0,0,0,0,0.0000,450.000,0,0.000,0,127.500,71.914,4.500,0.0300,0.0000,0.00,antimatter,60,450;300;200;100;50,2,8,2.5,3.5,100,-10,5,250,40,5,250,60,1,8,11,0,0.06,4,0.5,50,8,5
32,1,60,FrameTimeStutter,6.000,antimatter,practice,2026-08-31T11:40:47.1189419-04:00,0,176,2.93364,16.6855,2137.72,1285.76,0.000,0.000,-1.9895,9.1858,0.0333,Left,0,0,0,0,0.0000,450.000,0,0.000,0,127.500,71.914,4.500,0.0300,0.0000,0.00,antimatter,60,450;300;200;100;50,2,8,2.5,3.5,100,-10,5,250,40,5,250,60,1,8,11,0,0.06,4,0.5,50,8,5
32,1,60,FrameTimeStutter,6.000,antimatter,practice,2026-08-31T11:40:47.1189419-04:00,0,177,2.95034,16.7000,2137.72,1285.76,0.000,0.000,-1.9895,9.1858,0.0333,Left,0,0,0,0,0.0000,450.000,0,0.000,0,127.500,71.914,4.500,0.0300,0.0000,0.00,antimatter,60,450;300;200;100;50,2,8,2.5,3.5,100,-10,5,250,40,5,250,60,1,8,11,0,0.06,4,0.5,50,8,5
32,1,60,FrameTimeStutter,6.000,antimatter,practice,2026-08-31T11:40:47.1189419-04:00,0,178,2.96704,16.7003,2137.72,1285.76,0.000,0.000,-1.9895,9.1858,0.0333,Left,0,0,0,0,0.0000,450.000,0,0.000,0,127.500,71.914,4.500,0.0300,0.0000,0.00,antimatter,60,450;300;200;100;50,2,8,2.5,3.5,100,-10,5,250,40,5,250,60,1,8,11,0,0.06,4,0.5,50,8,5
32,1,60,FrameTimeStutter,6.000,antimatter,practice,2026-08-31T11:40:47.1189419-04:00,0,179,2.98361,16.5742,2137.72,1285.76,0.000,0.000,-1.9895,9.1858,0.0333,Left,0,0,0,0,0.0000,450.000,0,0.000,0,127.500,71.914,4.500,0.0300,0.0000,0.00,antimatter,60,450;300;200;100;50,2,8,2.5,3.5,100,-10,5,250,40,5,250,60,1,8,11,0,0.06,4,0.5,50,8,5
32,1,60,FrameTimeStutter,6.000,antimatter,practice,2026-08-31T11:40:47.1189419-04:00,0,180,3.00030,16.6880,2137.72,1285.76,0.000,0.000,-1.9895,9.1858,0.0333,Left,0,0,0,0,0.0000,450.000,0,0.000,0,127.500,71.914,4.500,0.0300,0.0000,0.00,antimatter,60,450;300;200;100;50,2,8,2.5,3.5,100,-10,5,250,40,5,250,60,1,8,11,0,0.06,4,0.5,50,8,5
32,1,60,FrameTimeStutter,6.000,antimatter,practice,2026-08-31T11:40:47.1189419-04:00,0,181,3.01726,16.9550,2137.72,1285.76,0.000,0.000,-1.9895,9.1858,0.0333,Left,0,0,0,0,0.0000,450.000,0,0.000,0,127.500,71.914,4.500,0.0300,0.0000,0.00,antimatter,60,450;300;200;100;50,2,8,2.5,3.5,100,-10,5,250,40,5,250,60,1,8,11,0,0.06,4,0.5,50,8,5
32,1,60,FrameTimeStutter,6.000,antimatter,practice,2026-08-31T11:40:47.1189419-04:00,0,182,3.03331,16.0586,2137.72,1285.76,0.000,0.000,-1.9895,9.1858,0.0333,Left,0,0,0,0,0.0000,450.000,0,0.000,0,127.500,71.914,4.500,0.0300,0.0000,0.00,antimatter,60,450;300;200;100;50,2,8,2.5,3.5,100,-10,5,250,40,5,250,60,1,8,11,0,0.06,4,0.5,50,8,5
32,1,60,FrameTimeStutter,6.000,antimatter,practice,2026-08-31T11:40:47.1189419-04:00,0,183,3.05001,16.7013,2137.72,1285.76,0.000,0.000,-1.9895,9.1858,0.0333,Left,0,0,0,0,0.0000,450.000,0,0.000,0,127.500,71.914,4.500,0.0300,0.0000,0.00,antimatter,60,450;300;200;100;50,2,8,2.5,3.5,100,-10,5,250,40,5,250,60,1,8,11,0,0.06,4,0.5,50,8,5
32,1,60,FrameTimeStutter,6.000,antimatter,practice,2026-08-31T11:40:47.1189419-04:00,0,184,3.06678,16.7611,2137.72,1285.76,0.000,0.000,-1.9895,9.1858,0.0333,Left,0,0,0,0,0.0000,450.000,0,0.000,0,127.500,71.914,4.500,0.0300,0.0000,0.00,antimatter,60,450;300;200;100;50,2,8,2.5,3.5,100,-10,5,250,40,5,250,60,1,8,11,0,0.06,4,0.5,50,8,5
32,1,60,FrameTimeStutter,6.000,antimatter,practice,2026-08-31T11:40:47.1189419-04:00,0,185,3.08392,17.1405,2137.72,1285.76,0.000,0.000,-1.9895,9.1858,0.0333,Left,0,0,0,0,0.0000,450.000,0,0.000,0,127.500,71.914,4.500,0.0300,0.0000,0.00,antimatter,60,450;300;200;100;50,2,8,2.5,3.5,100,-10,5,250,40,5,250,60,1,8,11,0,0.06,4,0.5,50,8,5
32,1,60,FrameTimeStutter,6.000,antimatter,practice,2026-08-31T11:40:47.1189419-04:00,0,186,3.10062,16.7077,2137.72,1285.76,0.000,0.000,-1.9895,9.1858,0.0333,Left,0,0,0,0,0.0000,450.000,0,0.000,0,127.500,71.914,4.500,0.0300,0.0000,0.00,antimatter,60,450;300;200;100;50,2,8,2.5,3.5,100,-10,5,250,40,5,250,60,1,8,11,0,0.06,4,0.5,50,8,5
32,1,60,FrameTimeStutter,6.000,antimatter,practice,2026-08-31T11:40:47.1189419-04:00,0,187,3.11675,16.1273,2137.72,1285.76,0.000,0.000,-1.9895,9.1858,0.0333,Left,0,0,0,0,0.0000,450.000,0,0.000,0,127.500,71.914,4.500,0.0300,0.0000,0.00,antimatter,60,450;300;200;100;50,2,8,2.5,3.5,100,-10,5,250,40,5,250,60,1,8,11,0,0.06,4,0.5,50,8,5
32,1,60,FrameTimeStutter,6.000,antimatter,practice,2026-08-31T11:40:47.1189419-04:00,0,188,3.13337,16.6175,2137.72,1285.76,0.000,0.000,-1.9895,9.1858,0.0333,Left,0,0,0,0,0.0000,450.000,0,0.000,0,127.500,71.914,4.500,0.0300,0.0000,0.00,antimatter,60,450;300;200;100;50,2,8,2.5,3.5,100,-10,5,250,40,5,250,60,1,8,11,0,0.06,4,0.5,50,8,5
32,1,60,FrameTimeStutter,6.000,antimatter,practice,2026-08-31T11:40:47.1189419-04:00,0,189,3.15041,17.0388,2137.72,1285.76,0.000,0.000,-1.9895,9.1858,0.0333,Left,0,0,0,0,0.0000,450.000,0,0.000,0,127.500,71.914,4.500,0.0300,0.0000,0.00,antimatter,60,450;300;200;100;50,2,8,2.5,3.5,100,-10,5,250,40,5,250,60,1,8,11,0,0.06,4,0.5,50,8,5
32,1,60,FrameTimeStutter,6.000,antimatter,practice,2026-08-31T11:40:47.1189419-04:00,0,190,3.16713,16.7268,2137.72,1285.76,0.000,0.000,-1.9895,9.1858,0.0333,Left,0,0,0,0,0.0000,450.000,0,0.000,0,127.500,71.914,4.500,0.0300,0.0000,0.00,antimatter,60,450;300;200;100;50,2,8,2.5,3.5,100,-10,5,250,40,5,250,60,1,8,11,0,0.06,4,0.5,50,8,5
32,1,60,FrameTimeStutter,6.000,antimatter,practice,2026-08-31T11:40:47.1189419-04:00,0,191,3.18383,16.6994,2137.72,1285.76,0.000,0.000,-1.9895,9.1858,0.0333,Left,0,0,0,0,0.0000,450.000,0,0.000,0,127.500,71.914,4.500,0.0300,0.0000,0.00,antimatter,60,450;300;200;100;50,2,8,2.5,3.5,100,-10,5,250,40,5,250,60,1,8,11,0,0.06,4,0.5,50,8,5
32,1,60,FrameTimeStutter,6.000,antimatter,practice,2026-08-31T11:40:47.1189419-04:00,0,192,3.19999,16.1506,2137.72,1285.76,0.000,0.000,-1.9895,9.1858,0.0333,Left,0,0,0,0,0.0000,450.000,0,0.000,0,127.500,71.914,4.500,0.0300,0.0000,0.00,antimatter,60,450;300;200;100;50,2,8,2.5,3.5,100,-10,5,250,40,5,250,60,1,8,11,0,0.06,4,0.5,50,8,5
32,1,60,FrameTimeStutter,6.000,antimatter,practice,2026-08-31T11:40:47.1189419-04:00,0,193,3.21662,16.6300,2137.72,1285.76,0.000,0.000,-1.9895,9.1858,0.0333,Left,0,0,0,0,0.0000,450.000,0,0.000,0,127.500,71.914,4.500,0.0300,0.0000,0.00,antimatter,60,450;300;200;100;50,2,8,2.5,3.5,100,-10,5,250,40,5,250,60,1,8,11,0,0.06,4,0.5,50,8,5
32,1,60,FrameTimeStutter,6.000,antimatter,practice,2026-08-31T11:40:47.1189419-04:00,0,194,3.23329,16.6728,2137.72,1285.76,0.000,0.000,-1.9895,9.1858,0.0333,Left,0,0,0,0,0.0000,450.000,0,0.000,0,127.500,71.914,4.500,0.0300,0.0000,0.00,antimatter,60,450;300;200;100;50,2,8,2.5,3.5,100,-10,5,250,40,5,250,60,1,8,11,0,0.06,4,0.5,50,8,5
32,1,60,FrameTimeStutter,6.000,antimatter,practice,2026-08-31T11:40:47.1189419-04:00,0,195,3.25046,17.1701,2137.72,1285.76,0.000,0.000,-1.9895,9.1858,0.0333,Left,0,0,0,0,0.0000,450.000,0,0.000,0,127.500,71.914,4.500,0.0300,0.0000,0.00,antimatter,60,450;300;200;100;50,2,8,2.5,3.5,100,-10,5,250,40,5,250,60,1,8,11,0,0.06,4,0.5,50,8,5
32,1,60,FrameTimeStutter,6.000,antimatter,practice,2026-08-31T11:40:47.1189419-04:00,0,196,3.26738,16.9196,2137.72,1285.76,0.000,0.000,-1.9895,9.1858,0.0333,Left,0,0,0,0,0.0000,450.000,0,0.000,0,127.500,71.914,4.500,0.0300,0.0000,0.00,antimatter,60,450;300;200;100;50,2,8,2.5,3.5,100,-10,5,250,40,5,250,60,1,8,11,0,0.06,4,0.5,50,8,5
32,1,60,FrameTimeStutter,6.000,antimatter,practice,2026-08-31T11:40:47.1189419-04:00,0,197,3.28316,15.7848,2137.72,1285.76,0.000,0.000,-1.9895,9.1858,0.0333,Left,0,0,0,0,0.0000,450.000,0,0.000,0,127.500,71.914,4.500,0.0300,0.0000,0.00,antimatter,60,450;300;200;100;50,2,8,2.5,3.5,100,-10,5,250,40,5,250,60,1,8,11,0,0.06,4,0.5,50,8,5
32,1,60,FrameTimeStutter,6.000,antimatter,practice,2026-08-31T11:40:47.1189419-04:00,0,198,3.29991,16.7524,2137.72,1285.76,0.000,0.000,-1.9895,9.1858,0.0333,Left,0,0,0,0,0.0000,450.000,0,0.000,0,127.500,71.914,4.500,0.0300,0.0000,0.00,antimatter,60,450;300;200;100;50,2,8,2.5,3.5,100,-10,5,250,40,5,250,60,1,8,11,0,0.06,4,0.5,50,8,5
32,1,60,FrameTimeStutter,6.000,antimatter,practice,2026-08-31T11:40:47.1189419-04:00,0,199,3.31691,16.9962,2137.72,1285.76,0.000,0.000,-1.9895,9.1858,0.0333,Left,0,0,0,0,0.0000,450.000,0,0.000,0,127.500,71.914,4.500,0.0300,0.0000,0.00,antimatter,60,450;300;200;100;50,2,8,2.5,3.5,100,-10,5,250,40,5,250,60,1,8,11,0,0.06,4,0.5,50,8,5
32,1,60,FrameTimeStutter,6.000,antimatter,practice,2026-08-31T11:40:47.1189419-04:00,0,200,3.33400,17.0905,2137.72,1285.76,0.000,0.000,-1.9895,9.1858,0.0333,Left,0,0,0,0,0.0000,450.000,0,0.000,0,127.500,71.914,4.500,0.0300,0.0000,0.00,antimatter,60,450;300;200;100;50,2,8,2.5,3.5,100,-10,5,250,40,5,250,60,1,8,11,0,0.06,4,0.5,50,8,5
32,1,60,FrameTimeStutter,6.000,antimatter,practice,2026-08-31T11:40:47.1189419-04:00,0,201,3.35004,16.0419,2137.72,1285.76,0.000,0.000,-1.9895,9.1858,0.0333,Left,0,0,0,0,0.0000,450.000,0,0.000,0,127.500,71.914,4.500,0.0300,0.0000,0.00,antimatter,60,450;300;200;100;50,2,8,2.5,3.5,100,-10,5,250,40,5,250,60,1,8,11,0,0.06,4,0.5,50,8,5
32,1,60,FrameTimeStutter,6.000,antimatter,practice,2026-08-31T11:40:47.1189419-04:00,0,202,3.36684,16.7968,2137.72,1285.76,0.000,0.000,-1.9895,9.1858,0.0333,Left,0,0,0,0,0.0000,450.000,0,0.000,0,127.500,71.914,4.500,0.0300,0.0000,0.00,antimatter,60,450;300;200;100;50,2,8,2.5,3.5,100,-10,5,250,40,5,250,60,1,8,11,0,0.06,4,0.5,50,8,5
32,1,60,FrameTimeStutter,6.000,antimatter,practice,2026-08-31T11:40:47.1189419-04:00,0,203,3.38356,16.7168,2137.72,1285.76,0.000,0.000,-1.9895,9.1858,0.0333,Left,0,0,0,0,0.0000,450.000,0,0.000,0,127.500,71.914,4.500,0.0300,0.0000,0.00,antimatter,60,450;300;200;100;50,2,8,2.5,3.5,100,-10,5,250,40,5,250,60,1,8,11,0,0.06,4,0.5,50,8,5
32,1,60,FrameTimeStutter,6.000,antimatter,practice,2026-08-31T11:40:47.1189419-04:00,0,204,3.40089,17.3321,2137.72,1285.76,0.000,0.000,-1.9895,9.1858,0.0333,Left,0,0,0,0,0.0000,450.000,0,0.000,0,127.500,71.914,4.500,0.0300,0.0000,0.00,antimatter,60,450;300;200;100;50,2,8,2.5,3.5,100,-10,5,250,40,5,250,60,1,8,11,0,0.06,4,0.5,50,8,5
32,1,60,FrameTimeStutter,6.000,antimatter,practice,2026-08-31T11:40:47.1189419-04:00,0,205,3.41710,16.2143,2137.72,1285.76,0.000,0.000,-1.9895,9.1858,0.0333,Left,0,0,0,0,0.0000,450.000,0,0.000,0,127.500,71.914,4.500,0.0300,0.0000,0.00,antimatter,60,450;300;200;100;50,2,8,2.5,3.5,100,-10,5,250,40,5,250,60,1,8,11,0,0.06,4,0.5,50,8,5
32,1,60,FrameTimeStutter,6.000,antimatter,practice,2026-08-31T11:40:47.1189419-04:00,0,206,3.43370,16.5996,2137.72,1285.76,0.000,0.000,-1.9895,9.1858,0.0333,Left,0,0,0,0,0.0000,450.000,0,0.000,0,127.500,71.914,4.500,0.0300,0.0000,0.00,antimatter,60,450;300;200;100;50,2,8,2.5,3.5,100,-10,5,250,40,5,250,60,1,8,11,0,0.06,4,0.5,50,8,5
32,1,60,FrameTimeStutter,6.000,antimatter,practice,2026-08-31T11:40:47.1189419-04:00,0,207,3.45005,16.3447,2138.97,1285.76,1.000,0.000,-1.9712,9.1858,0.0333,Left,0,0,0,0,0.0000,450.000,0,0.000,0,127.500,71.914,4.500,0.0300,0.0000,0.00,antimatter,60,450;300;200;100;50,2,8,2.5,3.5,100,-10,5,250,40,5,250,60,1,8,11,0,0.06,4,0.5,50,8,5
32,1,60,FrameTimeStutter,6.000,antimatter,practice,2026-08-31T11:40:47.1189419-04:00,0,208,3.46714,17.0921,2142.73,1285.76,10.000,0.000,-1.7883,9.1858,0.0333,Left,0,0,0,0,0.0000,450.000,0,0.000,0,127.500,71.914,4.500,0.0300,0.0000,0.00,antimatter,60,450;300;200;100;50,2,8,2.5,3.5,100,-10,5,250,40,5,250,60,1,8,11,0,0.06,4,0.5,50,8,5
32,1,60,FrameTimeStutter,6.000,antimatter,practice,2026-08-31T11:40:47.1189419-04:00,0,209,3.48347,16.3347,2171.55,1285.76,16.000,0.000,-1.4958,9.1858,0.0333,Left,0,0,0,0,0.0000,450.000,0,0.000,0,127.500,71.914,4.500,0.0300,0.0000,0.00,antimatter,60,450;300;200;100;50,2,8,2.5,3.5,100,-10,5,250,40,5,250,60,1,8,11,0,0.06,4,0.5,50,8,5
32,1,60,FrameTimeStutter,6.000,antimatter,practice,2026-08-31T11:40:47.1189419-04:00,0,210,3.50042,16.9419,2191.60,1284.50,16.000,-1.000,-1.2032,9.1675,0.0333,Left,0,0,0,0,0.0000,450.000,0,0.000,0,127.500,71.914,4.500,0.0300,0.0000,0.00,antimatter,60,450;300;200;100;50,2,8,2.5,3.5,100,-10,5,250,40,5,250,60,1,8,11,0,0.06,4,0.5,50,8,5
32,1,60,FrameTimeStutter,6.000,antimatter,practice,2026-08-31T11:40:47.1189419-04:00,0,211,3.51677,16.3579,2207.89,1283.25,13.000,-1.000,-0.9655,9.1492,0.0333,Left,0,0,0,0,0.0000,450.000,0,0.000,0,127.500,71.914,4.500,0.0300,0.0000,0.00,antimatter,60,450;300;200;100;50,2,8,2.5,3.5,100,-10,5,250,40,5,250,60,1,8,11,0,0.06,4,0.5,50,8,5
32,1,60,FrameTimeStutter,6.000,antimatter,practice,2026-08-31T11:40:47.1189419-04:00,0,212,3.53331,16.5384,2219.17,1282.00,9.000,-1.000,-0.8009,9.1309,0.0333,Left,0,0,0,0,0.0000,450.000,0,0.000,0,127.500,71.914,4.500,0.0300,0.0000,0.00,antimatter,60,450;300;200;100;50,2,8,2.5,3.5,100,-10,5,250,40,5,250,60,1,8,11,0,0.06,4,0.5,50,8,5
32,1,60,FrameTimeStutter,6.000,antimatter,practice,2026-08-31T11:40:47.1189419-04:00,0,213,3.55015,16.8377,2229.19,1282.00,8.000,0.000,-0.6547,9.1309,0.0333,Left,0,0,0,0,0.0000,450.000,0,0.000,0,127.500,71.914,4.500,0.0300,0.0000,0.00,antimatter,60,450;300;200;100;50,2,8,2.5,3.5,100,-10,5,250,40,5,250,60,1,8,11,0,0.06,4,0.5,50,8,5
32,1,60,FrameTimeStutter,6.000,antimatter,practice,2026-08-31T11:40:47.1189419-04:00,0,214,3.56677,16.6208,2237.96,1282.00,7.000,0.000,-0.5267,9.1309,0.0333,Left,0,0,0,0,0.0000,450.000,0,0.000,0,127.500,71.914,4.500,0.0300,0.0000,0.00,antimatter,60,450;300;200;100;50,2,8,2.5,3.5,100,-10,5,250,40,5,250,60,1,8,11,0,0.06,4,0.5,50,8,5
32,1,60,FrameTimeStutter,6.000,antimatter,practice,2026-08-31T11:40:47.1189419-04:00,0,215,3.58322,16.4472,2247.99,1283.25,8.000,1.000,-0.3804,9.1492,0.0333,Left,0,0,0,0,0.0000,450.000,0,0.000,0,127.500,71.914,4.500,0.0300,0.0000,0.00,antimatter,60,450;300;200;100;50,2,8,2.5,3.5,100,-10,5,250,40,5,250,60,1,8,11,0,0.06,4,0.5,50,8,5
32,1,60,FrameTimeStutter,6.000,antimatter,practice,2026-08-31T11:40:47.1189419-04:00,0,216,3.60046,17.2406,2260.52,1285.76,10.000,2.000,-0.1975,9.1858,0.0333,Left,0,0,0,0,0.0000,450.000,0,0.000,0,127.500,71.914,4.500,0.0300,0.0000,0.00,antimatter,60,450;300;200;100;50,2,8,2.5,3.5,100,-10,5,250,40,5,250,60,1,8,11,0,0.06,4,0.5,50,8,5
32,1,60,FrameTimeStutter,6.000,antimatter,practice,2026-08-31T11:40:47.1189419-04:00,0,217,3.61731,16.8509,2270.54,1287.01,8.000,1.000,-0.0513,9.2041,0.0333,Left,0,0,0,0,0.0000,450.000,0,0.000,0,127.500,71.914,4.500,0.0300,0.0000,0.00,antimatter,60,450;300;200;100;50,2,8,2.5,3.5,100,-10,5,250,40,5,250,60,1,8,11,0,0.06,4,0.5,50,8,5
32,1,60,FrameTimeStutter,6.000,antimatter,practice,2026-08-31T11:40:47.1189419-04:00,0,218,3.63383,16.5176,2276.81,1288.26,5.000,1.000,0.0402,9.2223,0.0333,Left,0,0,0,0,0.0000,450.000,0,0.000,0,127.500,71.914,4.500,0.0300,0.0000,0.00,antimatter,60,450;300;200;100;50,2,8,2.5,3.5,100,-10,5,250,40,5,250,60,1,8,11,0,0.06,4,0.5,50,8,5
32,1,60,FrameTimeStutter,6.000,antimatter,practice,2026-08-31T11:40:47.1189419-04:00,0,219,3.65016,16.3362,2280.57,1289.52,3.000,1.000,0.0950,9.2406,0.0333,Left,0,0,0,0,0.0000,450.000,0,0.000,0,127.500,71.914,4.500,0.0300,0.0000,0.00,antimatter,60,450;300;200;100;50,2,8,2.5,3.5,100,-10,5,250,40,5,250,60,1,8,11,0,0.06,4,0.5,50,8,5
32,1,60,FrameTimeStutter,6.000,antimatter,practice,2026-08-31T11:40:47.1189419-04:00,0,220,3.66722,17.0563,2283.07,1289.52,2.000,0.000,0.1316,9.2406,0.0333,Left,0,0,0,0,0.0000,450.000,0,0.000,0,127.500,71.914,4.500,0.0300,0.0000,0.00,antimatter,60,450;300;200;100;50,2,8,2.5,3.5,100,-10,5,250,40,5,250,60,1,8,11,0,0.06,4,0.5,50,8,5
32,1,60,FrameTimeStutter,6.000,antimatter,practice,2026-08-31T11:40:47.1189419-04:00,0,221,3.68336,16.1423,2283.07,1289.52,0.000,0.000,0.1316,9.2406,0.0333,Left,0,0,0,0,0.0000,450.000,0,0.000,0,127.500,71.914,4.500,0.0300,0.0000,0.00,antimatter,60,450;300;200;100;50,2,8,2.5,3.5,100,-10,5,250,40,5,250,60,1,8,11,0,0.06,4,0.5,50,8,5
32,1,60,FrameTimeStutter,6.000,antimatter,practice,2026-08-31T11:40:47.1189419-04:00,0,222,3.70016,16.7967,2283.07,1289.52,0.000,0.000,0.1316,9.2406,0.0333,Left,0,0,0,0,0.0000,450.000,0,0.000,0,127.500,71.914,4.500,0.0300,0.0000,0.00,antimatter,60,450;300;200;100;50,2,8,2.5,3.5,100,-10,5,250,40,5,250,60,1,8,11,0,0.06,4,0.5,50,8,5
32,1,60,FrameTimeStutter,6.000,antimatter,practice,2026-08-31T11:40:47.1189419-04:00,0,223,3.71687,16.7129,2283.07,1289.52,0.000,0.000,0.1316,9.2406,0.0333,Left,0,0,0,0,0.0000,450.000,0,0.000,0,127.500,71.914,4.500,0.0300,0.0000,0.00,antimatter,60,450;300;200;100;50,2,8,2.5,3.5,100,-10,5,250,40,5,250,60,1,8,11,0,0.06,4,0.5,50,8,5
32,1,60,FrameTimeStutter,6.000,antimatter,practice,2026-08-31T11:40:47.1189419-04:00,0,224,3.73360,16.7291,2283.07,1289.52,0.000,0.000,0.1316,9.2406,0.0333,Left,0,0,0,0,0.0000,450.000,0,0.000,0,127.500,71.914,4.500,0.0300,0.0000,0.00,antimatter,60,450;300;200;100;50,2,8,2.5,3.5,100,-10,5,250,40,5,250,60,1,8,11,0,0.06,4,0.5,50,8,5
32,1,60,FrameTimeStutter,6.000,antimatter,practice,2026-08-31T11:40:47.1189419-04:00,0,225,3.75031,16.7066,2283.07,1289.52,0.000,0.000,0.1316,9.2406,0.0333,Left,0,0,0,0,0.0000,450.000,0,0.000,0,127.500,71.914,4.500,0.0300,0.0000,0.00,antimatter,60,450;300;200;100;50,2,8,2.5,3.5,100,-10,5,250,40,5,250,60,1,8,11,0,0.06,4,0.5,50,8,5
32,1,60,FrameTimeStutter,6.000,antimatter,practice,2026-08-31T11:40:47.1189419-04:00,0,226,3.76692,16.6150,2283.07,1289.52,0.000,0.000,0.1316,9.2406,0.0333,Left,0,0,0,0,0.0000,450.000,0,0.000,0,127.500,71.914,4.500,0.0300,0.0000,0.00,antimatter,60,450;300;200;100;50,2,8,2.5,3.5,100,-10,5,250,40,5,250,60,1,8,11,0,0.06,4,0.5,50,8,5
32,1,60,FrameTimeStutter,6.000,antimatter,practice,2026-08-31T11:40:47.1189419-04:00,0,227,3.78373,16.8104,2283.07,1289.52,0.000,0.000,0.1316,9.2406,0.0333,Left,0,0,0,0,0.0000,450.000,0,0.000,0,127.500,71.914,4.500,0.0300,0.0000,0.00,antimatter,60,450;300;200;100;50,2,8,2.5,3.5,100,-10,5,250,40,5,250,60,1,8,11,0,0.06,4,0.5,50,8,5
32,1,60,FrameTimeStutter,6.000,antimatter,practice,2026-08-31T11:40:47.1189419-04:00,0,228,3.79990,16.1694,2283.07,1289.52,0.000,0.000,0.1316,9.2406,0.0333,Left,0,0,0,0,0.0000,450.000,0,0.000,0,127.500,71.914,4.500,0.0300,0.0000,0.00,antimatter,60,450;300;200;100;50,2,8,2.5,3.5,100,-10,5,250,40,5,250,60,1,8,11,0,0.06,4,0.5,50,8,5
32,1,60,FrameTimeStutter,6.000,antimatter,practice,2026-08-31T11:40:47.1189419-04:00,0,229,3.81683,16.9275,2283.07,1289.52,0.000,0.000,0.1316,9.2406,0.0333,Left,0,0,0,0,0.0000,450.000,0,0.000,0,127.500,71.914,4.500,0.0300,0.0000,0.00,antimatter,60,450;300;200;100;50,2,8,2.5,3.5,100,-10,5,250,40,5,250,60,1,8,11,0,0.06,4,0.5,50,8,5
32,1,60,FrameTimeStutter,6.000,antimatter,practice,2026-08-31T11:40:47.1189419-04:00,0,230,3.83342,16.5935,2283.07,1289.52,0.000,0.000,0.1316,9.2406,0.0333,Left,0,0,0,0,0.0000,450.000,0,0.000,0,127.500,71.914,4.500,0.0300,0.0000,0.00,antimatter,60,450;300;200;100;50,2,8,2.5,3.5,100,-10,5,250,40,5,250,60,1,8,11,0,0.06,4,0.5,50,8,5
32,1,60,FrameTimeStutter,6.000,antimatter,practice,2026-08-31T11:40:47.1189419-04:00,0,231,3.85063,17.2068,2283.07,1289.52,0.000,0.000,0.1316,9.2406,0.0333,Left,0,0,0,0,0.0000,450.000,0,0.000,0,127.500,71.914,4.500,0.0300,0.0000,0.00,antimatter,60,450;300;200;100;50,2,8,2.5,3.5,100,-10,5,250,40,5,250,60,1,8,11,0,0.06,4,0.5,50,8,5
32,1,60,FrameTimeStutter,6.000,antimatter,practice,2026-08-31T11:40:47.1189419-04:00,0,232,3.86689,16.2628,2283.07,1289.52,0.000,0.000,0.1316,9.2406,0.0333,Left,0,0,0,0,0.0000,450.000,0,0.000,0,127.500,71.914,4.500,0.0300,0.0000,0.00,antimatter,60,450;300;200;100;50,2,8,2.5,3.5,100,-10,5,250,40,5,250,60,1,8,11,0,0.06,4,0.5,50,8,5
32,1,60,FrameTimeStutter,6.000,antimatter,practice,2026-08-31T11:40:47.1189419-04:00,0,233,3.88344,16.5475,2283.07,1289.52,0.000,0.000,0.1316,9.2406,0.0333,Left,0,0,0,0,0.0000,450.000,0,0.000,0,127.500,71.914,4.500,0.0300,0.0000,0.00,antimatter,60,450;300;200;100;50,2,8,2.5,3.5,100,-10,5,250,40,5,250,60,1,8,11,0,0.06,4,0.5,50,8,5
32,1,60,FrameTimeStutter,6.000,antimatter,practice,2026-08-31T11:40:47.1189419-04:00,0,234,3.90048,17.0414,2283.07,1289.52,0.000,0.000,0.1316,9.2406,0.0333,Left,0,0,0,0,0.0000,450.000,0,0.000,0,127.500,71.914,4.500,0.0300,0.0000,0.00,antimatter,60,450;300;200;100;50,2,8,2.5,3.5,100,-10,5,250,40,5,250,60,1,8,11,0,0.06,4,0.5,50,8,5
32,1,60,FrameTimeStutter,6.000,antimatter,practice,2026-08-31T11:40:47.1189419-04:00,0,235,3.91727,16.7863,2283.07,1289.52,0.000,0.000,0.1316,9.2406,0.0333,Left,0,0,0,0,0.0000,450.000,0,0.000,0,127.500,71.914,4.500,0.0300,0.0000,0.00,antimatter,60,450;300;200;100;50,2,8,2.5,3.5,100,-10,5,250,40,5,250,60,1,8,11,0,0.06,4,0.5,50,8,5
32,1,60,FrameTimeStutter,6.000,antimatter,practice,2026-08-31T11:40:47.1189419-04:00,0,236,3.93343,16.1673,2283.07,1289.52,0.000,0.000,0.1316,9.2406,0.0333,Left,0,0,0,0,0.0000,450.000,0,0.000,0,127.500,71.914,4.500,0.0300,0.0000,0.00,antimatter,60,450;300;200;100;50,2,8,2.5,3.5,100,-10,5,250,40,5,250,60,1,8,11,0,0.06,4,0.5,50,8,5
32,1,60,FrameTimeStutter,6.000,antimatter,practice,2026-08-31T11:40:47.1189419-04:00,0,237,3.95053,17.0994,2283.07,1289.52,0.000,0.000,0.1316,9.2406,0.0333,Left,0,0,0,0,0.0000,450.000,0,0.000,0,127.500,71.914,4.500,0.0300,0.0000,0.00,antimatter,60,450;300;200;100;50,2,8,2.5,3.5,100,-10,5,250,40,5,250,60,1,8,11,0,0.06,4,0.5,50,8,5
32,1,60,FrameTimeStutter,6.000,antimatter,practice,2026-08-31T11:40:47.1189419-04:00,0,238,3.96669,16.1600,2283.07,1289.52,0.000,0.000,0.1316,9.2406,0.0333,Left,0,0,0,0,0.0000,450.000,0,0.000,0,127.500,71.914,4.500,0.0300,0.0000,0.00,antimatter,60,450;300;200;100;50,2,8,2.5,3.5,100,-10,5,250,40,5,250,60,1,8,11,0,0.06,4,0.5,50,8,5
32,1,60,FrameTimeStutter,6.000,antimatter,practice,2026-08-31T11:40:47.1189419-04:00,0,239,3.98346,16.7606,2283.07,1289.52,0.000,0.000,0.1316,9.2406,0.0333,Left,0,0,0,0,0.0000,450.000,0,0.000,0,127.500,71.914,4.500,0.0300,0.0000,0.00,antimatter,60,450;300;200;100;50,2,8,2.5,3.5,100,-10,5,250,40,5,250,60,1,8,11,0,0.06,4,0.5,50,8,5
32,1,60,FrameTimeStutter,6.000,antimatter,practice,2026-08-31T11:40:47.1189419-04:00,0,240,4.00036,16.9075,2283.07,1289.52,0.000,0.000,0.1316,9.2406,0.0333,Left,0,0,0,0,0.0000,450.000,0,0.000,0,127.500,71.914,4.500,0.0300,0.0000,0.00,antimatter,60,450;300;200;100;50,2,8,2.5,3.5,100,-10,5,250,40,5,250,60,1,8,11,0,0.06,4,0.5,50,8,5
32,1,60,FrameTimeStutter,6.000,antimatter,practice,2026-08-31T11:40:47.1189419-04:00,0,241,4.01707,16.7056,2283.07,1289.52,0.000,0.000,0.1316,9.2406,0.0333,Left,0,0,0,0,0.0000,450.000,0,0.000,0,127.500,71.914,4.500,0.0300,0.0000,0.00,antimatter,60,450;300;200;100;50,2,8,2.5,3.5,100,-10,5,250,40,5,250,60,1,8,11,0,0.06,4,0.5,50,8,5
32,1,60,FrameTimeStutter,6.000,antimatter,practice,2026-08-31T11:40:47.1189419-04:00,0,242,4.03397,16.9013,2283.07,1289.52,0.000,0.000,0.1316,9.2406,0.0333,Left,0,0,0,0,0.0000,450.000,0,0.000,0,127.500,71.914,4.500,0.0300,0.0000,0.00,antimatter,60,450;300;200;100;50,2,8,2.5,3.5,100,-10,5,250,40,5,250,60,1,8,11,0,0.06,4,0.5,50,8,5
32,1,60,FrameTimeStutter,6.000,antimatter,practice,2026-08-31T11:40:47.1189419-04:00,0,243,4.05064,16.6713,2283.07,1289.52,0.000,0.000,0.1316,9.2406,0.0333,Left,0,0,0,0,0.0000,450.000,0,0.000,0,127.500,71.914,4.500,0.0300,0.0000,0.00,antimatter,60,450;300;200;100;50,2,8,2.5,3.5,100,-10,5,250,40,5,250,60,1,8,11,0,0.06,4,0.5,50,8,5
32,1,60,FrameTimeStutter,6.000,antimatter,practice,2026-08-31T11:40:47.1189419-04:00,0,244,4.06671,16.0655,2283.07,1289.52,0.000,0.000,0.1316,9.2406,0.0333,Left,0,0,0,0,0.0000,450.000,0,0.000,0,127.500,71.914,4.500,0.0300,0.0000,0.00,antimatter,60,450;300;200;100;50,2,8,2.5,3.5,100,-10,5,250,40,5,250,60,1,8,11,0,0.06,4,0.5,50,8,5
32,1,60,FrameTimeStutter,6.000,antimatter,practice,2026-08-31T11:40:47.1189419-04:00,0,245,4.08368,16.9701,2283.07,1289.52,0.000,0.000,0.1316,9.2406,0.0333,Left,0,0,0,0,0.0000,450.000,0,0.000,0,127.500,71.914,4.500,0.0300,0.0000,0.00,antimatter,60,450;300;200;100;50,2,8,2.5,3.5,100,-10,5,250,40,5,250,60,1,8,11,0,0.06,4,0.5,50,8,5
32,1,60,FrameTimeStutter,6.000,antimatter,practice,2026-08-31T11:40:47.1189419-04:00,0,246,4.10053,16.8567,2283.07,1289.52,0.000,0.000,0.1316,9.2406,0.0333,Left,0,0,0,0,0.0000,450.000,0,0.000,0,127.500,71.914,4.500,0.0300,0.0000,0.00,antimatter,60,450;300;200;100;50,2,8,2.5,3.5,100,-10,5,250,40,5,250,60,1,8,11,0,0.06,4,0.5,50,8,5
32,1,60,FrameTimeStutter,6.000,antimatter,practice,2026-08-31T11:40:47.1189419-04:00,0,247,4.11650,15.9714,2283.07,1289.52,0.000,0.000,0.1316,9.2406,0.0333,Left,0,0,0,0,0.0000,450.000,0,0.000,0,127.500,71.914,4.500,0.0300,0.0000,0.00,antimatter,60,450;300;200;100;50,2,8,2.5,3.5,100,-10,5,250,40,5,250,60,1,8,11,0,0.06,4,0.5,50,8,5
32,1,60,FrameTimeStutter,6.000,antimatter,practice,2026-08-31T11:40:47.1189419-04:00,0,248,4.13350,16.9949,2283.07,1289.52,0.000,0.000,0.1316,9.2406,0.0333,Left,0,0,0,0,0.0000,450.000,0,0.000,0,127.500,71.914,4.500,0.0300,0.0000,0.00,antimatter,60,450;300;200;100;50,2,8,2.5,3.5,100,-10,5,250,40,5,250,60,1,8,11,0,0.06,4,0.5,50,8,5
32,1,60,FrameTimeStutter,6.000,antimatter,practice,2026-08-31T11:40:47.1189419-04:00,0,249,4.15034,16.8374,2283.07,1289.52,0.000,0.000,0.1316,9.2406,0.0333,Left,0,0,0,0,0.0000,450.000,0,0.000,0,127.500,71.914,4.500,0.0300,0.0000,0.00,antimatter,60,450;300;200;100;50,2,8,2.5,3.5,100,-10,5,250,40,5,250,60,1,8,11,0,0.06,4,0.5,50,8,5
32,1,60,FrameTimeStutter,6.000,antimatter,practice,2026-08-31T11:40:47.1189419-04:00,0,250,4.16726,16.9240,2283.07,1289.52,0.000,0.000,0.1316,9.2406,0.0333,Left,0,0,0,0,0.0000,450.000,0,0.000,0,127.500,71.914,4.500,0.0300,0.0000,0.00,antimatter,60,450;300;200;100;50,2,8,2.5,3.5,100,-10,5,250,40,5,250,60,1,8,11,0,0.06,4,0.5,50,8,5
32,1,60,FrameTimeStutter,6.000,antimatter,practice,2026-08-31T11:40:47.1189419-04:00,0,251,4.18356,16.3007,2283.07,1289.52,0.000,0.000,0.1316,9.2406,0.0333,Left,0,0,0,0,0.0000,450.000,0,0.000,0,127.500,71.914,4.500,0.0300,0.0000,0.00,antimatter,60,450;300;200;100;50,2,8,2.5,3.5,100,-10,5,250,40,5,250,60,1,8,11,0,0.06,4,0.5,50,8,5
32,1,60,FrameTimeStutter,6.000,antimatter,practice,2026-08-31T11:40:47.1189419-04:00,0,252,4.20034,16.7743,2283.07,1289.52,0.000,0.000,0.1316,9.2406,0.0333,Left,0,0,0,0,0.0000,450.000,0,0.000,0,127.500,71.914,4.500,0.0300,0.0000,0.00,antimatter,60,450;300;200;100;50,2,8,2.5,3.5,100,-10,5,250,40,5,250,60,1,8,11,0,0.06,4,0.5,50,8,5
32,1,60,FrameTimeStutter,6.000,antimatter,practice,2026-08-31T11:40:47.1189419-04:00,0,253,4.21712,16.7813,2283.07,1289.52,0.000,0.000,0.1316,9.2406,0.0333,Left,0,0,0,0,0.0000,450.000,0,0.000,0,127.500,71.914,4.500,0.0300,0.0000,0.00,antimatter,60,450;300;200;100;50,2,8,2.5,3.5,100,-10,5,250,40,5,250,60,1,8,11,0,0.06,4,0.5,50,8,5
32,1,60,FrameTimeStutter,6.000,antimatter,practice,2026-08-31T11:40:47.1189419-04:00,0,254,4.23344,16.3210,2283.07,1289.52,0.000,0.000,0.1316,9.2406,0.0333,Left,0,0,0,0,0.0000,450.000,0,0.000,0,127.500,71.914,4.500,0.0300,0.0000,0.00,antimatter,60,450;300;200;100;50,2,8,2.5,3.5,100,-10,5,250,40,5,250,60,1,8,11,0,0.06,4,0.5,50,8,5
32,1,60,FrameTimeStutter,6.000,antimatter,practice,2026-08-31T11:40:47.1189419-04:00,0,255,4.25062,17.1808,2283.07,1289.52,0.000,0.000,0.1316,9.2406,0.0333,Left,0,0,0,0,0.0000,450.000,0,0.000,0,127.500,71.914,4.500,0.0300,0.0000,0.00,antimatter,60,450;300;200;100;50,2,8,2.5,3.5,100,-10,5,250,40,5,250,60,1,8,11,0,0.06,4,0.5,50,8,5
32,1,60,FrameTimeStutter,6.000,antimatter,practice,2026-08-31T11:40:47.1189419-04:00,0,256,4.26669,16.0720,2283.07,1289.52,0.000,0.000,0.1316,9.2406,0.0333,Left,0,0,0,0,0.0000,450.000,0,0.000,0,127.500,71.914,4.500,0.0300,0.0000,0.00,antimatter,60,450;300;200;100;50,2,8,2.5,3.5,100,-10,5,250,40,5,250,60,1,8,11,0,0.06,4,0.5,50,8,5
32,1,60,FrameTimeStutter,6.000,antimatter,practice,2026-08-31T11:40:47.1189419-04:00,0,257,4.28387,17.1795,2283.07,1289.52,0.000,0.000,0.1316,9.2406,0.0333,Left,0,0,0,0,0.0000,450.000,0,0.000,0,127.500,71.914,4.500,0.0300,0.0000,0.00,antimatter,60,450;300;200;100;50,2,8,2.5,3.5,100,-10,5,250,40,5,250,60,1,8,11,0,0.06,4,0.5,50,8,5
32,1,60,FrameTimeStutter,6.000,antimatter,practice,2026-08-31T11:40:47.1189419-04:00,0,258,4.30000,16.1276,2283.07,1289.52,0.000,0.000,0.1316,9.2406,0.0333,Left,0,0,0,0,0.0000,450.000,0,0.000,0,127.500,71.914,4.500,0.0300,0.0000,0.00,antimatter,60,450;300;200;100;50,2,8,2.5,3.5,100,-10,5,250,40,5,250,60,1,8,11,0,0.06,4,0.5,50,8,5
32,1,60,FrameTimeStutter,6.000,antimatter,practice,2026-08-31T11:40:47.1189419-04:00,0,259,4.31721,17.2141,2283.07,1289.52,0.000,0.000,0.1316,9.2406,0.0333,Left,0,0,0,0,0.0000,450.000,0,0.000,0,127.500,71.914,4.500,0.0300,0.0000,0.00,antimatter,60,450;300;200;100;50,2,8,2.5,3.5,100,-10,5,250,40,5,250,60,1,8,11,0,0.06,4,0.5,50,8,5
32,1,60,FrameTimeStutter,6.000,antimatter,practice,2026-08-31T11:40:47.1189419-04:00,0,260,4.33312,15.9128,2283.07,1289.52,0.000,0.000,0.1316,9.2406,0.0333,Left,0,0,0,0,0.0000,450.000,0,0.000,0,127.500,71.914,4.500,0.0300,0.0000,0.00,antimatter,60,450;300;200;100;50,2,8,2.5,3.5,100,-10,5,250,40,5,250,60,1,8,11,0,0.06,4,0.5,50,8,5
32,1,60,FrameTimeStutter,6.000,antimatter,practice,2026-08-31T11:40:47.1189419-04:00,0,261,4.34986,16.7361,2283.07,1289.52,0.000,0.000,0.1316,9.2406,0.0333,Left,0,0,0,0,0.0000,450.000,0,0.000,0,127.500,71.914,4.500,0.0300,0.0000,0.00,antimatter,60,450;300;200;100;50,2,8,2.5,3.5,100,-10,5,250,40,5,250,60,1,8,11,0,0.06,4,0.5,50,8,5
32,1,60,FrameTimeStutter,6.000,antimatter,practice,2026-08-31T11:40:47.1189419-04:00,0,262,4.36673,16.8680,2283.07,1289.52,0.000,0.000,0.1316,9.2406,0.0333,Left,0,0,0,0,0.0000,450.000,0,0.000,0,127.500,71.914,4.500,0.0300,0.0000,0.00,antimatter,60,450;300;200;100;50,2,8,2.5,3.5,100,-10,5,250,40,5,250,60,1,8,11,0,0.06,4,0.5,50,8,5
32,1,60,FrameTimeStutter,6.000,antimatter,practice,2026-08-31T11:40:47.1189419-04:00,0,263,4.38346,16.7270,2283.07,1289.52,0.000,0.000,0.1316,9.2406,0.0333,Left,0,0,0,0,0.0000,450.000,0,0.000,0,127.500,71.914,4.500,0.0300,0.0000,0.00,antimatter,60,450;300;200;100;50,2,8,2.5,3.5,100,-10,5,250,40,5,250,60,1,8,11,0,0.06,4,0.5,50,8,5
32,1,60,FrameTimeStutter,6.000,antimatter,practice,2026-08-31T11:40:47.1189419-04:00,0,264,4.40042,16.9619,2283.07,1289.52,0.000,0.000,0.1316,9.2406,0.0333,Left,0,0,0,0,0.0000,450.000,0,0.000,0,127.500,71.914,4.500,0.0300,0.0000,0.00,antimatter,60,450;300;200;100;50,2,8,2.5,3.5,100,-10,5,250,40,5,250,60,1,8,11,0,0.06,4,0.5,50,8,5
32,1,60,FrameTimeStutter,6.000,antimatter,practice,2026-08-31T11:40:47.1189419-04:00,0,265,4.41667,16.2558,2283.07,1289.52,0.000,0.000,0.1316,9.2406,0.0333,Left,0,0,0,0,0.0000,450.000,0,0.000,0,127.500,71.914,4.500,0.0300,0.0000,0.00,antimatter,60,450;300;200;100;50,2,8,2.5,3.5,100,-10,5,250,40,5,250,60,1,8,11,0,0.06,4,0.5,50,8,5
32,1,60,FrameTimeStutter,6.000,antimatter,practice,2026-08-31T11:40:47.1189419-04:00,0,266,4.43338,16.7106,2283.07,1289.52,0.000,0.000,0.1316,9.2406,0.0333,Left,0,0,0,0,0.0000,450.000,0,0.000,0,127.500,71.914,4.500,0.0300,0.0000,0.00,antimatter,60,450;300;200;100;50,2,8,2.5,3.5,100,-10,5,250,40,5,250,60,1,8,11,0,0.06,4,0.5,50,8,5
32,1,60,FrameTimeStutter,6.000,antimatter,practice,2026-08-31T11:40:47.1189419-04:00,0,267,4.45035,16.9652,2283.07,1289.52,0.000,0.000,0.1316,9.2406,0.0333,Left,0,0,0,0,0.0000,450.000,0,0.000,0,127.500,71.914,4.500,0.0300,0.0000,0.00,antimatter,60,450;300;200;100;50,2,8,2.5,3.5,100,-10,5,250,40,5,250,60,1,8,11,0,0.06,4,0.5,50,8,5
32,1,60,FrameTimeStutter,6.000,antimatter,practice,2026-08-31T11:40:47.1189419-04:00,0,268,4.46705,16.6991,2283.07,1289.52,0.000,0.000,0.1316,9.2406,0.0333,Left,0,0,0,0,0.0000,450.000,0,0.000,0,127.500,71.914,4.500,0.0300,0.0000,0.00,antimatter,60,450;300;200;100;50,2,8,2.5,3.5,100,-10,5,250,40,5,250,60,1,8,11,0,0.06,4,0.5,50,8,5
32,1,60,FrameTimeStutter,6.000,antimatter,practice,2026-08-31T11:40:47.1189419-04:00,0,269,4.48382,16.7706,2283.07,1289.52,0.000,0.000,0.1316,9.2406,0.0333,Left,0,0,0,0,0.0000,450.000,0,0.000,0,127.500,71.914,4.500,0.0300,0.0000,0.00,antimatter,60,450;300;200;100;50,2,8,2.5,3.5,100,-10,5,250,40,5,250,60,1,8,11,0,0.06,4,0.5,50,8,5
32,1,60,FrameTimeStutter,6.000,antimatter,practice,2026-08-31T11:40:47.1189419-04:00,0,270,4.50067,16.8543,2283.07,1289.52,0.000,0.000,0.1316,9.2406,0.0333,Left,0,0,0,0,0.0000,450.000,0,0.000,0,127.500,71.914,4.500,0.0300,0.0000,0.00,antimatter,60,450;300;200;100;50,2,8,2.5,3.5,100,-10,5,250,40,5,250,60,1,8,11,0,0.06,4,0.5,50,8,5
32,1,60,FrameTimeStutter,6.000,antimatter,practice,2026-08-31T11:40:47.1189419-04:00,0,271,4.51709,16.4206,2283.07,1289.52,0.000,0.000,0.1316,9.2406,0.0333,Left,0,0,0,0,0.0000,450.000,0,0.000,0,127.500,71.914,4.500,0.0300,0.0000,0.00,antimatter,60,450;300;200;100;50,2,8,2.5,3.5,100,-10,5,250,40,5,250,60,1,8,11,0,0.06,4,0.5,50,8,5
32,1,60,FrameTimeStutter,6.000,antimatter,practice,2026-08-31T11:40:47.1189419-04:00,0,272,4.53324,16.1502,2283.07,1289.52,0.000,0.000,0.1316,9.2406,0.0333,Left,0,0,0,0,0.0000,450.000,0,0.000,0,127.500,71.914,4.500,0.0300,0.0000,0.00,antimatter,60,450;300;200;100;50,2,8,2.5,3.5,100,-10,5,250,40,5,250,60,1,8,11,0,0.06,4,0.5,50,8,5
32,1,60,FrameTimeStutter,6.000,antimatter,practice,2026-08-31T11:40:47.1189419-04:00,0,273,4.55053,17.2845,2283.07,1289.52,0.000,0.000,0.1316,9.2406,0.0333,Left,0,0,0,0,0.0000,450.000,0,0.000,0,127.500,71.914,4.500,0.0300,0.0000,0.00,antimatter,60,450;300;200;100;50,2,8,2.5,3.5,100,-10,5,250,40,5,250,60,1,8,11,0,0.06,4,0.5,50,8,5
32,1,60,FrameTimeStutter,6.000,antimatter,practice,2026-08-31T11:40:47.1189419-04:00,0,274,4.56735,16.8184,2283.07,1289.52,0.000,0.000,0.1316,9.2406,0.0333,Left,0,0,0,0,0.0000,450.000,0,0.000,0,127.500,71.914,4.500,0.0300,0.0000,0.00,antimatter,60,450;300;200;100;50,2,8,2.5,3.5,100,-10,5,250,40,5,250,60,1,8,11,0,0.06,4,0.5,50,8,5
32,1,60,FrameTimeStutter,6.000,antimatter,practice,2026-08-31T11:40:47.1189419-04:00,0,275,4.58377,16.4240,2283.07,1289.52,0.000,0.000,0.1316,9.2406,0.0333,Left,0,0,0,0,0.0000,450.000,0,0.000,0,127.500,71.914,4.500,0.0300,0.0000,0.00,antimatter,60,450;300;200;100;50,2,8,2.5,3.5,100,-10,5,250,40,5,250,60,1,8,11,0,0.06,4,0.5,50,8,5
32,1,60,FrameTimeStutter,6.000,antimatter,practice,2026-08-31T11:40:47.1189419-04:00,0,276,4.60003,16.2571,2283.07,1289.52,0.000,0.000,0.1316,9.2406,0.0333,Left,0,0,0,0,0.0000,450.000,0,0.000,0,127.500,71.914,4.500,0.0300,0.0000,0.00,antimatter,60,450;300;200;100;50,2,8,2.5,3.5,100,-10,5,250,40,5,250,60,1,8,11,0,0.06,4,0.5,50,8,5
32,1,60,FrameTimeStutter,6.000,antimatter,practice,2026-08-31T11:40:47.1189419-04:00,0,277,4.61715,17.1165,2283.07,1289.52,0.000,0.000,0.1316,9.2406,0.0333,Left,0,0,0,0,0.0000,450.000,0,0.000,0,127.500,71.914,4.500,0.0300,0.0000,0.00,antimatter,60,450;300;200;100;50,2,8,2.5,3.5,100,-10,5,250,40,5,250,60,1,8,11,0,0.06,4,0.5,50,8,5
32,1,60,FrameTimeStutter,6.000,antimatter,practice,2026-08-31T11:40:47.1189419-04:00,0,278,4.63333,16.1887,2283.07,1289.52,0.000,0.000,0.1316,9.2406,0.0333,Left,0,0,0,0,0.0000,450.000,0,0.000,0,127.500,71.914,4.500,0.0300,0.0000,0.00,antimatter,60,450;300;200;100;50,2,8,2.5,3.5,100,-10,5,250,40,5,250,60,1,8,11,0,0.06,4,0.5,50,8,5
32,1,60,FrameTimeStutter,6.000,antimatter,practice,2026-08-31T11:40:47.1189419-04:00,0,279,4.65060,17.2696,2283.07,1289.52,0.000,0.000,0.1316,9.2406,0.0333,Left,0,0,0,0,0.0000,450.000,0,0.000,0,127.500,71.914,4.500,0.0300,0.0000,0.00,antimatter,60,450;300;200;100;50,2,8,2.5,3.5,100,-10,5,250,40,5,250,60,1,8,11,0,0.06,4,0.5,50,8,5
32,1,60,FrameTimeStutter,6.000,antimatter,practice,2026-08-31T11:40:47.1189419-04:00,0,280,4.66689,16.2883,2283.07,1289.52,0.000,0.000,0.1316,9.2406,0.0333,Left,0,0,0,0,0.0000,450.000,0,0.000,0,127.500,71.914,4.500,0.0300,0.0000,0.00,antimatter,60,450;300;200;100;50,2,8,2.5,3.5,100,-10,5,250,40,5,250,60,1,8,11,0,0.06,4,0.5,50,8,5
32,1,60,FrameTimeStutter,6.000,antimatter,practice,2026-08-31T11:40:47.1189419-04:00,0,281,4.68389,17.0035,2283.07,1289.52,0.000,0.000,0.1316,9.2406,0.0333,Left,0,0,0,0,0.0000,450.000,0,0.000,0,127.500,71.914,4.500,0.0300,0.0000,0.00,antimatter,60,450;300;200;100;50,2,8,2.5,3.5,100,-10,5,250,40,5,250,60,1,8,11,0,0.06,4,0.5,50,8,5
32,1,60,FrameTimeStutter,6.000,antimatter,practice,2026-08-31T11:40:47.1189419-04:00,0,282,4.70067,16.7727,2283.07,1289.52,0.000,0.000,0.1316,9.2406,0.0333,Left,0,0,0,0,0.0000,450.000,0,0.000,0,127.500,71.914,4.500,0.0300,0.0000,0.00,antimatter,60,450;300;200;100;50,2,8,2.5,3.5,100,-10,5,250,40,5,250,60,1,8,11,0,0.06,4,0.5,50,8,5
32,1,60,FrameTimeStutter,6.000,antimatter,practice,2026-08-31T11:40:47.1189419-04:00,0,283,4.71681,16.1385,2283.07,1289.52,0.000,0.000,0.1316,9.2406,0.0333,Left,0,0,0,0,0.0000,450.000,0,0.000,0,127.500,71.914,4.500,0.0300,0.0000,0.00,antimatter,60,450;300;200;100;50,2,8,2.5,3.5,100,-10,5,250,40,5,250,60,1,8,11,0,0.06,4,0.5,50,8,5
32,1,60,FrameTimeStutter,6.000,antimatter,practice,2026-08-31T11:40:47.1189419-04:00,0,284,4.73360,16.7916,2283.07,1289.52,0.000,0.000,0.1316,9.2406,0.0333,Left,0,0,0,0,0.0000,450.000,0,0.000,0,127.500,71.914,4.500,0.0300,0.0000,0.00,antimatter,60,450;300;200;100;50,2,8,2.5,3.5,100,-10,5,250,40,5,250,60,1,8,11,0,0.06,4,0.5,50,8,5
32,1,60,FrameTimeStutter,6.000,antimatter,practice,2026-08-31T11:40:47.1189419-04:00,0,285,4.75049,16.8881,2283.07,1289.52,0.000,0.000,0.1316,9.2406,0.0333,Left,0,0,0,0,0.0000,450.000,0,0.000,0,127.500,71.914,4.500,0.0300,0.0000,0.00,antimatter,60,450;300;200;100;50,2,8,2.5,3.5,100,-10,5,250,40,5,250,60,1,8,11,0,0.06,4,0.5,50,8,5
32,1,60,FrameTimeStutter,6.000,antimatter,practice,2026-08-31T11:40:47.1189419-04:00,0,286,4.76693,16.4418,2283.07,1289.52,0.000,0.000,0.1316,9.2406,0.0333,Left,0,0,0,0,0.0000,450.000,0,0.000,0,127.500,71.914,4.500,0.0300,0.0000,0.00,antimatter,60,450;300;200;100;50,2,8,2.5,3.5,100,-10,5,250,40,5,250,60,1,8,11,0,0.06,4,0.5,50,8,5
32,1,60,FrameTimeStutter,6.000,antimatter,practice,2026-08-31T11:40:47.1189419-04:00,0,287,4.78371,16.7837,2283.07,1289.52,0.000,0.000,0.1316,9.2406,0.0333,Left,0,0,0,0,0.0000,450.000,0,0.000,0,127.500,71.914,4.500,0.0300,0.0000,0.00,antimatter,60,450;300;200;100;50,2,8,2.5,3.5,100,-10,5,250,40,5,250,60,1,8,11,0,0.06,4,0.5,50,8,5
32,1,60,FrameTimeStutter,6.000,antimatter,practice,2026-08-31T11:40:47.1189419-04:00,0,288,4.79998,16.2708,2283.07,1289.52,0.000,0.000,0.1316,9.2406,0.0333,Left,0,0,0,0,0.0000,450.000,0,0.000,0,127.500,71.914,4.500,0.0300,0.0000,0.00,antimatter,60,450;300;200;100;50,2,8,2.5,3.5,100,-10,5,250,40,5,250,60,1,8,11,0,0.06,4,0.5,50,8,5
32,1,60,FrameTimeStutter,6.000,antimatter,practice,2026-08-31T11:40:47.1189419-04:00,0,289,4.81680,16.8176,2283.07,1289.52,0.000,0.000,0.1316,9.2406,0.0333,Left,0,0,0,0,0.0000,450.000,0,0.000,0,127.500,71.914,4.500,0.0300,0.0000,0.00,antimatter,60,450;300;200;100;50,2,8,2.5,3.5,100,-10,5,250,40,5,250,60,1,8,11,0,0.06,4,0.5,50,8,5
32,1,60,FrameTimeStutter,6.000,antimatter,practice,2026-08-31T11:40:47.1189419-04:00,0,290,4.83318,16.3832,2283.07,1289.52,0.000,0.000,0.1316,9.2406,0.0333,Left,0,0,0,0,0.0000,450.000,0,0.000,0,127.500,71.914,4.500,0.0300,0.0000,0.00,antimatter,60,450;300;200;100;50,2,8,2.5,3.5,100,-10,5,250,40,5,250,60,1,8,11,0,0.06,4,0.5,50,8,5
32,1,60,FrameTimeStutter,6.000,antimatter,practice,2026-08-31T11:40:47.1189419-04:00,0,291,4.85029,17.1035,2283.07,1289.52,0.000,0.000,0.1316,9.2406,0.0333,Left,0,0,0,0,0.0000,450.000,0,0.000,0,127.500,71.914,4.500,0.0300,0.0000,0.00,antimatter,60,450;300;200;100;50,2,8,2.5,3.5,100,-10,5,250,40,5,250,60,1,8,11,0,0.06,4,0.5,50,8,5
32,1,60,FrameTimeStutter,6.000,antimatter,practice,2026-08-31T11:40:47.1189419-04:00,0,292,4.86723,16.9446,2283.07,1289.52,0.000,0.000,0.1316,9.2406,0.0333,Left,0,0,0,0,0.0000,450.000,0,0.000,0,127.500,71.914,4.500,0.0300,0.0000,0.00,antimatter,60,450;300;200;100;50,2,8,2.5,3.5,100,-10,5,250,40,5,250,60,1,8,11,0,0.06,4,0.5,50,8,5
32,1,60,FrameTimeStutter,6.000,antimatter,practice,2026-08-31T11:40:47.1189419-04:00,0,293,4.88342,16.1909,2283.07,1289.52,0.000,0.000,0.1316,9.2406,0.0333,Left,0,0,0,0,0.0000,450.000,0,0.000,0,127.500,71.914,4.500,0.0300,0.0000,0.00,antimatter,60,450;300;200;100;50,2,8,2.5,3.5,100,-10,5,250,40,5,250,60,1,8,11,0,0.06,4,0.5,50,8,5
32,1,60,FrameTimeStutter,6.000,antimatter,practice,2026-08-31T11:40:47.1189419-04:00,0,294,4.90028,16.8537,2283.07,1289.52,0.000,0.000,0.1316,9.2406,0.0333,Left,0,0,0,0,0.0000,450.000,0,0.000,0,127.500,71.914,4.500,0.0300,0.0000,0.00,antimatter,60,450;300;200;100;50,2,8,2.5,3.5,100,-10,5,250,40,5,250,60,1,8,11,0,0.06,4,0.5,50,8,5
32,1,60,FrameTimeStutter,6.000,antimatter,practice,2026-08-31T11:40:47.1189419-04:00,0,295,4.91711,16.8330,2283.07,1289.52,0.000,0.000,0.1316,9.2406,0.0333,Left,0,0,0,0,0.0000,450.000,0,0.000,0,127.500,71.914,4.500,0.0300,0.0000,0.00,antimatter,60,450;300;200;100;50,2,8,2.5,3.5,100,-10,5,250,40,5,250,60,1,8,11,0,0.06,4,0.5,50,8,5
32,1,60,FrameTimeStutter,6.000,antimatter,practice,2026-08-31T11:40:47.1189419-04:00,0,296,4.94675,29.6420,0.00,0.00,0.000,0.000,0.1316,9.2406,0.0333,Left,0,0,0,0,0.0000,450.000,0,0.000,0,127.500,71.914,4.500,0.0300,0.0000,0.00,antimatter,60,450;300;200;100;50,2,8,2.5,3.5,100,-10,5,250,40,5,250,60,1,8,11,0,0.06,4,0.5,50,8,5
32,1,60,FrameTimeStutter,6.000,antimatter,practice,2026-08-31T11:40:47.1189419-04:00,0,297,7.89418,2947.4330,22.56,1563.94,0.000,0.000,0.1316,9.2406,0.0333,Left,0,0,0,0,0.0000,450.000,1,450.013,0,127.500,71.914,4.500,0.0300,0.0000,0.00,antimatter,60,450;300;200;100;50,2,8,2.5,3.5,100,-10,5,250,40,5,250,60,1,8,11,0,0.06,4,0.5,50,8,5
32,1,60,FrameTimeStutter,6.000,antimatter,practice,2026-08-31T11:40:47.1189419-04:00,0,298,8.35107,456.8843,22.56,1563.94,0.000,0.000,0.1316,9.2406,0.0333,Left,0,0,0,0,0.0000,450.000,0,0.000,1,127.500,71.914,4.500,0.0300,0.0000,0.00,antimatter,60,450;300;200;100;50,2,8,2.5,3.5,100,-10,5,250,40,5,250,60,1,8,11,0,0.06,4,0.5,50,8,5
32,1,60,FrameTimeStutter,6.000,antimatter,practice,2026-08-31T11:40:47.1189419-04:00,1,299,13.52337,5172.2990,2635.18,-77.57,0.000,0.000,0.1316,9.2406,0.0333,Left,0,0,0,1,0.1316,300.000,0,0.000,0,127.500,71.914,4.500,0.0300,0.0000,-10.00,antimatter,60,450;300;200;100;50,2,8,2.5,3.5,100,-10,5,250,40,5,250,60,1,8,11,0,0.06,4,0.5,50,8,5
32,1,60,FrameTimeStutter,6.000,antimatter,practice,2026-08-31T11:40:47.1189419-04:00,1,300,13.54758,24.2179,2635.18,-78.83,-1.000,-1.000,0.1133,9.2223,0.0333,Left,0,0,0,0,0.0000,300.000,0,0.000,0,127.500,71.914,4.500,0.0300,0.0000,-10.00,antimatter,60,450;300;200;100;50,2,8,2.5,3.5,100,-10,5,250,40,5,250,60,1,8,11,0,0.06,4,0.5,50,8,5
32,1,60,FrameTimeStutter,6.000,antimatter,practice,2026-08-31T11:40:47.1189419-04:00,1,301,13.56446,16.8770,2632.68,-80.08,-1.000,-1.000,0.0950,9.2041,0.0333,Left,0,0,0,0,0.0000,300.000,0,0.000,0,127.500,71.914,4.500,0.0300,0.0000,-10.00,antimatter,60,450;300;200;100;50,2,8,2.5,3.5,100,-10,5,250,40,5,250,60,1,8,11,0,0.06,4,0.5,50,8,5
32,1,60,FrameTimeStutter,6.000,antimatter,practice,2026-08-31T11:40:47.1189419-04:00,1,302,13.57296,8.4949,2632.68,-80.08,0.000,0.000,0.0950,9.2041,0.0333,Left,0,0,0,0,0.0000,300.000,0,0.000,0,127.500,71.914,4.500,0.0300,0.0000,-10.00,antimatter,60,450;300;200;100;50,2,8,2.5,3.5,100,-10,5,250,40,5,250,60,1,8,11,0,0.06,4,0.5,50,8,5
32,1,60,FrameTimeStutter,6.000,antimatter,practice,2026-08-31T11:40:47.1189419-04:00,1,303,13.58868,15.7264,2632.68,-81.33,0.000,-1.000,0.0950,9.1858,0.0333,Left,0,0,0,0,0.0000,300.000,0,0.000,0,127.500,71.914,4.500,0.0300,0.0000,-10.00,antimatter,60,450;300;200;100;50,2,8,2.5,3.5,100,-10,5,250,40,5,250,60,1,8,11,0,0.06,4,0.5,50,8,5
32,1,60,FrameTimeStutter,6.000,antimatter,practice,2026-08-31T11:40:47.1189419-04:00,1,304,13.60744,18.7580,2631.43,-81.33,-1.000,0.000,0.0767,9.1858,0.0333,Left,0,0,0,0,0.0000,300.000,0,0.000,0,127.500,71.914,4.500,0.0300,0.0000,-10.00,antimatter,60,450;300;200;100;50,2,8,2.5,3.5,100,-10,5,250,40,5,250,60,1,8,11,0,0.06,4,0.5,50,8,5
32,1,60,FrameTimeStutter,6.000,antimatter,practice,2026-08-31T11:40:47.1189419-04:00,1,305,13.62216,14.7152,2631.43,-81.33,0.000,0.000,0.0767,9.1858,0.0333,Left,0,0,0,0,0.0000,300.000,0,0.000,0,127.500,71.914,4.500,0.0300,0.0000,-10.00,antimatter,60,450;300;200;100;50,2,8,2.5,3.5,100,-10,5,250,40,5,250,60,1,8,11,0,0.06,4,0.5,50,8,5
32,1,60,FrameTimeStutter,6.000,antimatter,practice,2026-08-31T11:40:47.1189419-04:00,1,306,13.63913,16.9734,2631.43,-81.33,0.000,0.000,0.0767,9.1858,0.0333,Left,0,0,0,0,0.0000,300.000,0,0.000,0,127.500,71.914,4.500,0.0300,0.0000,-10.00,antimatter,60,450;300;200;100;50,2,8,2.5,3.5,100,-10,5,250,40,5,250,60,1,8,11,0,0.06,4,0.5,50,8,5
32,1,60,FrameTimeStutter,6.000,antimatter,practice,2026-08-31T11:40:47.1189419-04:00,1,307,13.65528,16.1490,2631.43,-81.33,0.000,0.000,0.0767,9.1858,0.0333,Left,0,0,0,0,0.0000,300.000,0,0.000,0,127.500,71.914,4.500,0.0300,0.0000,-10.00,antimatter,60,450;300;200;100;50,2,8,2.5,3.5,100,-10,5,250,40,5,250,60,1,8,11,0,0.06,4,0.5,50,8,5
32,1,60,FrameTimeStutter,6.000,antimatter,practice,2026-08-31T11:40:47.1189419-04:00,1,308,13.67272,17.4435,2631.43,-81.33,0.000,0.000,0.0767,9.1858,0.0333,Left,0,0,0,0,0.0000,300.000,0,0.000,0,127.500,71.914,4.500,0.0300,0.0000,-10.00,antimatter,60,450;300;200;100;50,2,8,2.5,3.5,100,-10,5,250,40,5,250,60,1,8,11,0,0.06,4,0.5,50,8,5
32,1,60,FrameTimeStutter,6.000,antimatter,practice,2026-08-31T11:40:47.1189419-04:00,1,309,13.68877,16.0515,2631.43,-81.33,0.000,0.000,0.0767,9.1858,0.0333,Left,0,0,0,0,0.0000,300.000,0,0.000,0,127.500,71.914,4.500,0.0300,0.0000,-10.00,antimatter,60,450;300;200;100;50,2,8,2.5,3.5,100,-10,5,250,40,5,250,60,1,8,11,0,0.06,4,0.5,50,8,5
32,1,60,FrameTimeStutter,6.000,antimatter,practice,2026-08-31T11:40:47.1189419-04:00,1,310,13.71187,23.1007,2631.43,-81.33,0.000,0.000,0.0767,9.1858,0.0333,Left,0,0,0,0,0.0000,300.000,0,0.000,0,127.500,71.914,4.500,0.0300,0.0000,-10.00,antimatter,60,450;300;200;100;50,2,8,2.5,3.5,100,-10,5,250,40,5,250,60,1,8,11,0,0.06,4,0.5,50,8,5
32,1,60,FrameTimeStutter,6.000,antimatter,practice,2026-08-31T11:40:47.1189419-04:00,1,311,13.73466,22.7827,2631.43,-81.33,0.000,0.000,0.0767,9.1858,0.0333,Left,0,0,0,0,0.0000,300.000,0,0.000,0,127.500,71.914,4.500,0.0300,0.0000,-10.00,antimatter,60,450;300;200;100;50,2,8,2.5,3.5,100,-10,5,250,40,5,250,60,1,8,11,0,0.06,4,0.5,50,8,5
32,1,60,FrameTimeStutter,6.000,antimatter,practice,2026-08-31T11:40:47.1189419-04:00,1,312,13.74089,6.2336,2631.43,-81.33,0.000,0.000,0.0767,9.1858,0.0333,Left,0,0,0,0,0.0000,300.000,0,0.000,0,127.500,71.914,4.500,0.0300,0.0000,-10.00,antimatter,60,450;300;200;100;50,2,8,2.5,3.5,100,-10,5,250,40,5,250,60,1,8,11,0,0.06,4,0.5,50,8,5
32,1,60,FrameTimeStutter,6.000,antimatter,practice,2026-08-31T11:40:47.1189419-04:00,1,313,13.75531,14.4176,2631.43,-81.33,0.000,0.000,0.0767,9.1858,0.0333,Left,0,0,0,0,0.0000,300.000,0,0.000,0,127.500,71.914,4.500,0.0300,0.0000,-10.00,antimatter,60,450;300;200;100;50,2,8,2.5,3.5,100,-10,5,250,40,5,250,60,1,8,11,0,0.06,4,0.5,50,8,5
32,1,60,FrameTimeStutter,6.000,antimatter,practice,2026-08-31T11:40:47.1189419-04:00,1,314,13.77267,17.3640,2631.43,-81.33,0.000,0.000,0.0767,9.1858,0.0333,Left,0,0,0,0,0.0000,300.000,0,0.000,0,127.500,71.914,4.500,0.0300,0.0000,-10.00,antimatter,60,450;300;200;100;50,2,8,2.5,3.5,100,-10,5,250,40,5,250,60,1,8,11,0,0.06,4,0.5,50,8,5
32,1,60,FrameTimeStutter,6.000,antimatter,practice,2026-08-31T11:40:47.1189419-04:00,1,315,13.79397,21.2945,22.56,1563.94,0.000,0.000,0.0767,9.1858,0.0333,Left,0,0,0,0,0.0000,300.000,0,0.000,0,127.500,71.914,4.500,0.0300,0.0000,-10.00,antimatter,60,450;300;200;100;50,2,8,2.5,3.5,100,-10,5,250,40,5,250,60,1,8,11,0,0.06,4,0.5,50,8,5
32,1,60,FrameTimeStutter,6.000,antimatter,practice,2026-08-31T11:40:47.1189419-04:00,1,316,58.93360,45139.6300,1640.26,1532.61,0.000,0.000,0.0767,9.1858,0.0333,Left,0,0,0,0,0.0000,300.000,0,0.000,0,127.500,71.914,4.500,0.0300,0.0000,-10.00,antimatter,60,450;300;200;100;50,2,8,2.5,3.5,100,-10,5,250,40,5,250,60,1,8,11,0,0.06,4,0.5,50,8,5
32,1,60,FrameTimeStutter,6.000,antimatter,practice,2026-08-31T11:40:47.1189419-04:00,1,317,58.94304,9.4486,1640.26,1532.61,0.000,0.000,0.0767,9.1858,0.0333,Left,0,0,0,0,0.0000,300.000,0,0.000,0,127.500,71.914,4.500,0.0300,0.0000,-10.00,antimatter,60,450;300;200;100;50,2,8,2.5,3.5,100,-10,5,250,40,5,250,60,1,8,11,0,0.06,4,0.5,50,8,5
32,1,60,FrameTimeStutter,6.000,antimatter,practice,2026-08-31T11:40:47.1189419-04:00,1,318,58.94822,5.1748,1640.26,1532.61,0.000,0.000,0.1076,9.1858,0.0333,Left,0,0,0,0,0.0000,300.000,0,0.000,0,127.500,71.914,4.500,0.0300,0.0000,-10.00,antimatter,60,450;300;200;100;50,2,8,2.5,3.5,100,-10,5,250,40,5,250,60,1,8,11,0,0.06,4,0.5,50,8,5
32,1,60,FrameTimeStutter,6.000,antimatter,practice,2026-08-31T11:40:47.1189419-04:00,1,319,58.95141,3.1955,1640.26,1532.61,0.000,0.000,0.1263,9.1858,0.0333,Left,0,0,0,0,0.0000,300.000,0,0.000,0,127.500,71.914,4.500,0.0300,0.0000,-10.00,antimatter,60,450;300;200;100;50,2,8,2.5,3.5,100,-10,5,250,40,5,250,60,1,8,11,0,0.06,4,0.5,50,8,5
32,1,60,FrameTimeStutter,6.000,antimatter,practice,2026-08-31T11:40:47.1189419-04:00,1,320,58.95561,4.1935,1640.26,1532.61,0.000,0.000,0.1506,9.1858,0.0333,Left,0,0,0,0,0.0000,300.000,0,0.000,0,127.500,71.914,4.500,0.0300,0.0000,-10.00,antimatter,60,450;300;200;100;50,2,8,2.5,3.5,100,-10,5,250,40,5,250,60,1,8,11,0,0.06,4,0.5,50,8,5
32,1,60,FrameTimeStutter,6.000,antimatter,practice,2026-08-31T11:40:47.1189419-04:00,1,321,58.97076,15.1545,1640.26,1532.61,0.000,0.000,0.2352,9.1858,0.0333,Left,0,0,0,0,0.0000,300.000,0,0.000,0,127.500,71.914,4.500,0.0300,0.0000,-10.00,antimatter,60,450;300;200;100;50,2,8,2.5,3.5,100,-10,5,250,40,5,250,60,1,8,11,0,0.06,4,0.5,50,8,5
32,1,60,FrameTimeStutter,6.000,antimatter,practice,2026-08-31T11:40:47.1189419-04:00,1,322,58.98712,16.3544,1640.26,1532.61,0.000,0.000,0.3210,9.1858,0.0333,Left,0,0,0,0,0.0000,300.000,0,0.000,0,127.500,71.914,4.500,0.0300,0.0000,-10.00,antimatter,60,450;300;200;100;50,2,8,2.5,3.5,100,-10,5,250,40,5,250,60,1,8,11,0,0.06,4,0.5,50,8,5
32,1,60,FrameTimeStutter,6.000,antimatter,practice,2026-08-31T11:40:47.1189419-04:00,1,323,59.00418,17.0584,1640.26,1532.61,0.000,0.000,0.4047,9.1858,0.0333,Right,0,0,0,0,0.0000,300.000,0,0.000,0,127.500,71.914,4.500,0.0300,0.0000,-10.00,antimatter,60,450;300;200;100;50,2,8,2.5,3.5,100,-10,5,250,40,5,250,60,1,8,11,0,0.06,4,0.5,50,8,5
